# script=01_synergy_timecourse.py variant=ts_gsr regions=115 region_selection=all excluded_regions=20 atoms=rtr,rtx,rty,rts,xtr,xtx,xty,xts,ytr,ytx,yty,yts,str,stx,sty,sts tau=1 redundancy=MMI fit_mode=global window_trs=na placebo_fit_trs=na seed=20261120 git=nogit
subject,condition,bin,rtr,rtx,rty,rts,xtr,xtx,xty,xts,ytr,ytx,yty,yts,str,stx,sty,sts
0,DMT,0,0.013615,0.011461,0.012919,0.422776,0.012919,0.437281,-0.012919,-0.413125,0.011461,-0.011461,0.420713,-0.412822,0.420033,-0.410032,-0.410944,0.862606
0,DMT,1,0.008680,0.005757,0.009598,0.421555,0.009598,0.423966,-0.009598,-0.415180,0.005757,-0.005757,0.402847,-0.416275,0.422348,-0.416935,-0.416428,0.863655
0,DMT,2,0.015517,0.006646,0.009730,0.434522,0.009730,0.489219,-0.009730,-0.428368,0.006646,-0.006646,0.446595,-0.429598,0.433350,-0.428949,-0.427807,0.880325
0,DMT,3,0.022900,0.006634,0.006086,0.464141,0.006086,0.509700,-0.006086,-0.463203,0.006634,-0.006634,0.490921,-0.464100,0.462310,-0.462522,-0.461775,0.949103
0,DMT,4,0.018966,0.010991,0.007093,0.478767,0.007093,0.485444,-0.007093,-0.474332,0.010991,-0.010991,0.471230,-0.473468,0.477300,-0.472376,-0.473572,0.975656
0,DMT,5,0.032005,0.016335,0.024391,0.422001,0.024391,0.488656,-0.024391,-0.404631,0.016335,-0.016335,0.439990,-0.404602,0.420778,-0.402282,-0.404563,0.861261
0,DMT,6,0.023843,0.019009,0.022121,0.433319,0.022121,0.447783,-0.022121,-0.417706,0.019009,-0.019009,0.448772,-0.417503,0.429538,-0.413394,-0.413881,0.882743
0,DMT,7,0.019242,0.022113,0.017604,0.496510,0.017604,0.494665,-0.017604,-0.480896,0.022113,-0.022113,0.486120,-0.479821,0.494530,-0.477342,-0.479602,1.010160
0,DMT,8,0.009745,0.008427,0.005135,0.442365,0.005135,0.447411,-0.005135,-0.438155,0.008427,-0.008427,0.432177,-0.436135,0.442218,-0.436256,-0.437887,0.899987
0,DMT,9,0.005906,0.006821,0.004359,0.403088,0.004359,0.431599,-0.004359,-0.398685,0.006821,-0.006821,0.428612,-0.398407,0.403085,-0.398548,-0.398856,0.816323
0,DMT,10,0.007487,0.005809,0.006465,0.376854,0.006465,0.399762,-0.006465,-0.373687,0.005809,-0.005809,0.398009,-0.373731,0.375818,-0.373044,-0.372732,0.765790
0,DMT,11,0.008709,0.003525,0.006258,0.430623,0.006258,0.445945,-0.006258,-0.427362,0.003525,-0.003525,0.447341,-0.426930,0.429494,-0.426181,-0.426083,0.870673
0,DMT,12,0.006893,0.002976,0.002816,0.441011,0.002816,0.449229,-0.002816,-0.440132,0.002976,-0.002976,0.443683,-0.440103,0.443325,-0.442411,-0.442228,0.891695
0,DMT,13,0.007255,0.005597,0.002554,0.434569,0.002554,0.447346,-0.002554,-0.432618,0.005597,-0.005597,0.440391,-0.432659,0.434006,-0.432044,-0.432506,0.877616
0,DMT,14,0.008969,0.005409,0.002362,0.430158,0.002362,0.450952,-0.002362,-0.428886,0.005409,-0.005409,0.451381,-0.428981,0.431061,-0.429939,-0.429722,0.872521
0,DMT,15,0.008814,0.005392,0.004952,0.412742,0.004952,0.444882,-0.004952,-0.408828,0.005392,-0.005392,0.437835,-0.408277,0.412365,-0.407751,-0.408662,0.831816
0,DMT,16,0.009154,0.004557,0.004581,0.403451,0.004581,0.442644,-0.004581,-0.400018,0.004557,-0.004557,0.415669,-0.400806,0.403547,-0.400629,-0.400261,0.814198
0,DMT,17,0.006255,0.007194,0.005165,0.397222,0.005165,0.417509,-0.005165,-0.392607,0.007194,-0.007194,0.406401,-0.392118,0.397453,-0.392388,-0.392976,0.803060
0,DMT,18,0.008635,0.008393,0.005639,0.411124,0.005639,0.440208,-0.005639,-0.406341,0.008393,-0.008393,0.434240,-0.405199,0.409524,-0.403590,-0.404842,0.833677
0,DMT,19,0.011119,0.003239,0.004781,0.471339,0.004781,0.483248,-0.004781,-0.469113,0.003239,-0.003239,0.484173,-0.470126,0.471801,-0.470560,-0.469564,0.955042
0,DMT,20,0.014350,0.002826,0.003882,0.444255,0.003882,0.450933,-0.003882,-0.443822,0.002826,-0.002826,0.472146,-0.444213,0.445127,-0.445139,-0.444751,0.905451
0,DMT,21,0.011024,0.005113,0.004658,0.425508,0.004658,0.448787,-0.004658,-0.423315,0.005113,-0.005113,0.449440,-0.423283,0.426055,-0.423978,-0.423799,0.864385
0,DMT,22,0.025038,0.010940,0.007285,0.438934,0.007285,0.494280,-0.007285,-0.436309,0.010940,-0.010940,0.506864,-0.434662,0.439766,-0.435633,-0.436859,0.904119
0,DMT,23,0.010383,0.006081,0.005237,0.399127,0.005237,0.424166,-0.005237,-0.394580,0.006081,-0.006081,0.415898,-0.394581,0.398283,-0.393553,-0.394191,0.805323
0,DMT,24,0.014685,0.008635,0.003885,0.409425,0.003885,0.449205,-0.003885,-0.406552,0.008635,-0.008635,0.424435,-0.405901,0.409256,-0.405810,-0.406085,0.833085
0,DMT,25,0.010712,0.004277,0.004049,0.421366,0.004049,0.445738,-0.004049,-0.418613,0.004277,-0.004277,0.449004,-0.418726,0.421200,-0.418600,-0.418459,0.853778
0,DMT,26,0.011173,0.005158,0.003791,0.440347,0.003791,0.459975,-0.003791,-0.437460,0.005158,-0.005158,0.452274,-0.437252,0.440631,-0.437294,-0.437957,0.890669
0,DMT,27,0.008905,0.002940,0.003632,0.389299,0.003632,0.400110,-0.003632,-0.386757,0.002940,-0.002940,0.401614,-0.387341,0.390007,-0.387888,-0.387333,0.788342
0,PCB,0,0.010339,0.003630,0.002144,0.428470,0.002144,0.469663,-0.002144,-0.426445,0.003630,-0.003630,0.452395,-0.426584,0.428216,-0.425895,-0.426654,0.867813
0,PCB,1,0.014478,0.004527,0.005697,0.441688,0.005697,0.472258,-0.005697,-0.440242,0.004527,-0.004527,0.451901,-0.439984,0.442526,-0.440952,-0.441331,0.903108
0,PCB,2,0.010716,0.010548,0.008808,0.374919,0.008808,0.386448,-0.008808,-0.365631,0.010548,-0.010548,0.396367,-0.365339,0.375279,-0.364947,-0.366214,0.766225
0,PCB,3,0.012534,0.007570,0.006419,0.431234,0.006419,0.472964,-0.006419,-0.426446,0.007570,-0.007570,0.458566,-0.426353,0.431271,-0.426288,-0.426421,0.880251
0,PCB,4,0.010981,0.013252,0.013347,0.401205,0.013347,0.395687,-0.013347,-0.389572,0.013252,-0.013252,0.416044,-0.388752,0.400516,-0.388074,-0.388941,0.827053
0,PCB,5,0.008771,0.003845,0.004718,0.431873,0.004718,0.486508,-0.004718,-0.428285,0.003845,-0.003845,0.453872,-0.428718,0.431765,-0.428615,-0.428551,0.873379
0,PCB,6,0.008687,0.004372,0.008945,0.444260,0.008945,0.461056,-0.008945,-0.439572,0.004372,-0.004372,0.462145,-0.439982,0.443172,-0.438829,-0.438803,0.898688
0,PCB,7,0.014552,0.006241,0.005567,0.437528,0.005567,0.472876,-0.005567,-0.435699,0.006241,-0.006241,0.452516,-0.434654,0.438179,-0.435094,-0.436281,0.892302
0,PCB,8,0.014289,0.005202,0.003029,0.464103,0.003029,0.514811,-0.003029,-0.462338,0.005202,-0.005202,0.488950,-0.461994,0.463763,-0.461388,-0.462422,0.940053
0,PCB,9,0.011092,0.007880,0.007914,0.385095,0.007914,0.422495,-0.007914,-0.378874,0.007880,-0.007880,0.430564,-0.379240,0.384285,-0.378607,-0.378237,0.789338
0,PCB,10,0.012441,0.009071,0.009298,0.454665,0.009298,0.480779,-0.009298,-0.446608,0.009071,-0.009071,0.452113,-0.447551,0.453905,-0.446767,-0.446352,0.925426
0,PCB,11,0.010501,0.006055,0.004147,0.409939,0.004147,0.448817,-0.004147,-0.407051,0.006055,-0.006055,0.426298,-0.406784,0.411210,-0.407721,-0.407800,0.834034
0,PCB,12,0.013363,0.002773,0.006262,0.430808,0.006262,0.465216,-0.006262,-0.429953,0.002773,-0.002773,0.489145,-0.430731,0.431333,-0.432775,-0.430713,0.880311
0,PCB,13,0.016958,0.006396,0.006883,0.395685,0.006883,0.435711,-0.006883,-0.392478,0.006396,-0.006396,0.419159,-0.391496,0.395128,-0.390653,-0.391984,0.819767
0,PCB,14,0.018091,0.007350,0.010717,0.448552,0.010717,0.493632,-0.010717,-0.441705,0.007350,-0.007350,0.475659,-0.443083,0.449158,-0.443642,-0.442709,0.910952
0,PCB,15,0.013774,0.004189,0.003216,0.462832,0.003216,0.524998,-0.003216,-0.461512,0.004189,-0.004189,0.485737,-0.462333,0.462549,-0.461820,-0.461555,0.935480
0,PCB,16,0.010527,0.005920,0.012849,0.448895,0.012849,0.471889,-0.012849,-0.439786,0.005920,-0.005920,0.453106,-0.440279,0.446961,-0.438811,-0.437625,0.904276
0,PCB,17,0.014775,0.007555,0.008256,0.428283,0.008256,0.459870,-0.008256,-0.420564,0.007555,-0.007555,0.429785,-0.421369,0.429164,-0.422101,-0.422123,0.868494
0,PCB,18,0.002107,0.003225,0.002950,0.415742,0.002950,0.446649,-0.002950,-0.410574,0.003225,-0.003225,0.442197,-0.411279,0.415507,-0.410832,-0.410926,0.834826
0,PCB,19,0.010707,0.004230,0.003775,0.457608,0.003775,0.489356,-0.003775,-0.455457,0.004230,-0.004230,0.478655,-0.455943,0.456860,-0.454949,-0.455739,0.927202
0,PCB,20,0.014254,0.001378,0.007142,0.488742,0.007142,0.536403,-0.007142,-0.487305,0.001378,-0.001378,0.517588,-0.487332,0.488520,-0.487059,-0.486375,0.989030
0,PCB,21,0.015361,0.002191,0.006849,0.523041,0.006849,0.575798,-0.006849,-0.520626,0.002191,-0.002191,0.543217,-0.522063,0.524103,-0.523052,-0.521967,1.062063
0,PCB,22,0.005873,0.002854,0.004443,0.464820,0.004443,0.509862,-0.004443,-0.459808,0.002854,-0.002854,0.484908,-0.459843,0.464419,-0.459176,-0.460140,0.935406
0,PCB,23,0.017147,0.006264,0.005241,0.475247,0.005241,0.528504,-0.005241,-0.472325,0.006264,-0.006264,0.503683,-0.472538,0.474850,-0.472188,-0.472151,0.969081
0,PCB,24,0.021882,0.004201,0.006848,0.501387,0.006848,0.581494,-0.006848,-0.499626,0.004201,-0.004201,0.556420,-0.501425,0.500624,-0.500624,-0.498945,1.015978
0,PCB,25,0.021367,0.005848,0.009055,0.502527,0.009055,0.592254,-0.009055,-0.500720,0.005848,-0.005848,0.528820,-0.500663,0.502910,-0.500685,-0.501988,1.027321
0,PCB,26,0.014667,0.035379,0.042764,0.311074,0.042764,0.261605,-0.042764,-0.273774,0.035379,-0.035379,0.295136,-0.272632,0.309578,-0.272093,-0.271865,0.661256
0,PCB,27,0.013503,0.008455,0.014500,0.371646,0.014500,0.369744,-0.014500,-0.360921,0.008455,-0.008455,0.390451,-0.361526,0.369887,-0.359841,-0.358425,0.766751
1,DMT,0,0.019122,0.006336,0.007059,0.502673,0.007059,0.521490,-0.007059,-0.500050,0.006336,-0.006336,0.505912,-0.499333,0.502021,-0.499599,-0.498562,1.022495
1,DMT,1,0.012469,0.015863,0.014436,0.438633,0.014436,0.411947,-0.014436,-0.424896,0.015863,-0.015863,0.445471,-0.425081,0.437553,-0.423431,-0.425246,0.894093
1,DMT,2,0.008133,0.005323,0.008078,0.412292,0.008078,0.427186,-0.008078,-0.407467,0.005323,-0.005323,0.423599,-0.407765,0.413005,-0.408228,-0.407669,0.843207
1,DMT,3,0.006184,0.003243,0.004446,0.424056,0.004446,0.471625,-0.004446,-0.422245,0.003243,-0.003243,0.440040,-0.423005,0.424139,-0.422779,-0.422468,0.863437
1,DMT,4,0.015163,0.010574,0.008168,0.383465,0.008168,0.406058,-0.008168,-0.376771,0.010574,-0.010574,0.394989,-0.376728,0.383257,-0.376619,-0.376604,0.786609
1,DMT,5,0.015542,0.002747,0.005112,0.472589,0.005112,0.532011,-0.005112,-0.471890,0.002747,-0.002747,0.491297,-0.472387,0.472235,-0.471847,-0.471513,0.959499
1,DMT,6,0.010149,0.011644,0.008623,0.392563,0.008623,0.427208,-0.008623,-0.382475,0.011644,-0.011644,0.401497,-0.383358,0.392291,-0.383555,-0.382783,0.797105
1,DMT,7,0.009489,0.003156,0.000584,0.446433,0.000584,0.474930,-0.000584,-0.445535,0.003156,-0.003156,0.452075,-0.445927,0.447651,-0.446965,-0.446628,0.902280
1,DMT,8,0.011741,0.002527,0.004718,0.468611,0.004718,0.492164,-0.004718,-0.466808,0.002527,-0.002527,0.472868,-0.468112,0.470728,-0.469545,-0.468418,0.952849
1,DMT,9,0.004583,0.004539,0.004206,0.388914,0.004206,0.407198,-0.004206,-0.384459,0.004539,-0.004539,0.402808,-0.384858,0.388093,-0.384053,-0.383940,0.784697
1,DMT,10,0.008278,0.004237,0.006520,0.395900,0.006520,0.419508,-0.006520,-0.392940,0.004237,-0.004237,0.408801,-0.393278,0.395537,-0.393228,-0.392488,0.806256
1,DMT,11,0.008551,0.003902,0.008021,0.370795,0.008021,0.402219,-0.008021,-0.366354,0.003902,-0.003902,0.385407,-0.366143,0.370263,-0.365734,-0.366379,0.757546
1,DMT,12,0.012386,0.005542,0.005555,0.429581,0.005555,0.475122,-0.005555,-0.426975,0.005542,-0.005542,0.443683,-0.427149,0.429473,-0.426780,-0.426989,0.870297
1,DMT,13,0.008142,0.005254,0.001478,0.414736,0.001478,0.440608,-0.001478,-0.413494,0.005254,-0.005254,0.435499,-0.412994,0.412941,-0.411756,-0.411905,0.844312
1,DMT,14,0.007027,0.005572,0.002704,0.424884,0.002704,0.438898,-0.002704,-0.422504,0.005572,-0.005572,0.445269,-0.421951,0.424613,-0.421647,-0.421908,0.859503
1,DMT,15,0.009753,0.006549,0.006837,0.363058,0.006837,0.404105,-0.006837,-0.357878,0.006549,-0.006549,0.384383,-0.358062,0.363633,-0.358532,-0.358347,0.745301
1,DMT,16,0.012414,0.010449,0.012546,0.355809,0.012546,0.380767,-0.012546,-0.347805,0.010449,-0.010449,0.366020,-0.347458,0.356799,-0.348248,-0.349112,0.741927
1,DMT,17,0.012968,0.004829,0.006860,0.391063,0.006860,0.435560,-0.006860,-0.387246,0.004829,-0.004829,0.415410,-0.386814,0.393706,-0.388888,-0.389861,0.798080
1,DMT,18,0.016683,0.007348,0.012056,0.460311,0.012056,0.518752,-0.012056,-0.453670,0.007348,-0.007348,0.491199,-0.454777,0.462050,-0.456189,-0.455359,0.935721
1,DMT,19,0.025426,0.006439,0.013677,0.449684,0.013677,0.469525,-0.013677,-0.444935,0.006439,-0.006439,0.466150,-0.445615,0.450526,-0.446527,-0.446052,0.927850
1,DMT,20,0.012198,0.003799,0.005559,0.432871,0.005559,0.444980,-0.005559,-0.429855,0.003799,-0.003799,0.435025,-0.430065,0.433053,-0.429680,-0.430106,0.879647
1,DMT,21,0.010424,0.004732,0.004601,0.449064,0.004601,0.495402,-0.004601,-0.445127,0.004732,-0.004732,0.448527,-0.446022,0.447017,-0.443723,-0.443577,0.906038
1,DMT,22,0.010561,0.008500,0.012175,0.427339,0.012175,0.488681,-0.012175,-0.417258,0.008500,-0.008500,0.430030,-0.419713,0.426865,-0.417844,-0.417814,0.863148
1,DMT,23,0.009996,0.003733,0.008407,0.489774,0.008407,0.523043,-0.008407,-0.485939,0.003733,-0.003733,0.519418,-0.485818,0.490407,-0.486438,-0.486005,0.990781
1,DMT,24,0.019153,0.004862,0.012866,0.474696,0.012866,0.540758,-0.012866,-0.467657,0.004862,-0.004862,0.492233,-0.468341,0.474502,-0.467859,-0.467836,0.960903
1,DMT,25,0.021157,0.010618,0.010694,0.434525,0.010694,0.449677,-0.010694,-0.428010,0.010618,-0.010618,0.444603,-0.427060,0.433929,-0.426803,-0.427994,0.894935
1,DMT,26,0.032037,0.006962,0.010381,0.577279,0.010381,0.625908,-0.010381,-0.574653,0.006962,-0.006962,0.571794,-0.575738,0.578387,-0.576708,-0.576276,1.172950
1,DMT,27,0.011846,0.009383,0.009102,0.410555,0.009102,0.440772,-0.009102,-0.403205,0.009383,-0.009383,0.406536,-0.403581,0.412248,-0.404690,-0.404760,0.836268
1,PCB,0,0.020236,0.013630,0.014430,0.480682,0.014430,0.486995,-0.014430,-0.468123,0.013630,-0.013630,0.489966,-0.469462,0.480767,-0.469830,-0.468678,0.977734
1,PCB,1,0.017857,0.010694,0.011432,0.390361,0.011432,0.402902,-0.011432,-0.381669,0.010694,-0.010694,0.404286,-0.380757,0.390649,-0.381110,-0.381958,0.807767
1,PCB,2,0.010173,0.017014,0.019970,0.360658,0.019970,0.365924,-0.019970,-0.342413,0.017014,-0.017014,0.366367,-0.342446,0.361130,-0.342885,-0.343802,0.752411
1,PCB,3,0.019656,0.011684,0.014128,0.443371,0.014128,0.475192,-0.014128,-0.433189,0.011684,-0.011684,0.478861,-0.434722,0.445183,-0.437111,-0.435529,0.922615
1,PCB,4,0.021146,0.019073,0.012453,0.376036,0.012453,0.407395,-0.012453,-0.360644,0.019073,-0.019073,0.415595,-0.360992,0.375485,-0.360728,-0.361717,0.790812
1,PCB,5,0.015175,0.022754,0.021391,0.367220,0.021391,0.392345,-0.021391,-0.343993,0.022754,-0.022754,0.387159,-0.343984,0.364988,-0.341025,-0.342685,0.767869
1,PCB,6,0.017672,0.009098,0.013063,0.451602,0.013063,0.483039,-0.013063,-0.442571,0.009098,-0.009098,0.463706,-0.443454,0.451712,-0.443366,-0.442577,0.922667
1,PCB,7,0.009198,0.007436,0.009241,0.438274,0.009241,0.451168,-0.009241,-0.431113,0.007436,-0.007436,0.455201,-0.431757,0.438961,-0.432292,-0.431770,0.888951
1,PCB,8,0.012687,0.008530,0.007345,0.437229,0.007345,0.447656,-0.007345,-0.431145,0.008530,-0.008530,0.445096,-0.431597,0.437155,-0.432024,-0.431695,0.890372
1,PCB,9,0.011036,0.008643,0.013956,0.393026,0.013956,0.409667,-0.013956,-0.383893,0.008643,-0.008643,0.378931,-0.384576,0.393397,-0.384722,-0.385692,0.813770
1,PCB,10,0.017281,0.003617,0.005897,0.488834,0.005897,0.525455,-0.005897,-0.488232,0.003617,-0.003617,0.513215,-0.487753,0.489825,-0.488781,-0.488850,1.001446
1,PCB,11,0.028535,0.012719,0.015115,0.507375,0.015115,0.550728,-0.015115,-0.501335,0.012719,-0.012719,0.528042,-0.500908,0.508385,-0.502867,-0.502898,1.042300
1,PCB,12,0.021107,0.015256,0.013110,0.462588,0.013110,0.486264,-0.013110,-0.449905,0.015256,-0.015256,0.470393,-0.450384,0.462391,-0.450388,-0.450027,0.941739
1,PCB,13,0.012050,0.006821,0.010462,0.449982,0.010462,0.476087,-0.010462,-0.441843,0.006821,-0.006821,0.458599,-0.442107,0.449534,-0.441155,-0.441934,0.912824
1,PCB,14,0.014994,0.007159,0.009832,0.451651,0.009832,0.462247,-0.009832,-0.445821,0.007159,-0.007159,0.459730,-0.446226,0.451446,-0.445768,-0.445559,0.919566
1,PCB,15,0.016995,0.005365,0.005215,0.468460,0.005215,0.494595,-0.005215,-0.468432,0.005365,-0.005365,0.496696,-0.467607,0.468670,-0.467681,-0.468430,0.965971
1,PCB,16,0.015073,0.008427,0.008721,0.435876,0.008721,0.466236,-0.008721,-0.428912,0.008427,-0.008427,0.420015,-0.429484,0.436321,-0.428617,-0.429835,0.887841
1,PCB,17,0.013798,0.002461,0.002982,0.505980,0.002982,0.567165,-0.002982,-0.504763,0.002461,-0.002461,0.537773,-0.505106,0.505727,-0.504782,-0.504753,1.025539
1,PCB,18,0.011282,0.004792,0.002883,0.437976,0.002883,0.459836,-0.002883,-0.437839,0.004792,-0.004792,0.424573,-0.436055,0.436697,-0.434202,-0.436029,0.903671
1,PCB,19,0.015539,0.000857,-0.003342,0.488004,-0.003342,0.481220,0.003342,-0.495627,0.000857,-0.000857,0.500925,-0.494590,0.488117,-0.494709,-0.495084,1.004368
1,PCB,20,0.006667,0.008494,0.004249,0.452504,0.004249,0.474310,-0.004249,-0.444261,0.008494,-0.008494,0.456052,-0.443143,0.450816,-0.441474,-0.443340,0.910007
1,PCB,21,0.010109,0.004047,0.005908,0.466704,0.005908,0.526537,-0.005908,-0.462050,0.004047,-0.004047,0.477219,-0.462888,0.466828,-0.462481,-0.463034,0.949019
1,PCB,22,0.023873,0.004862,0.000287,0.465203,0.000287,0.509146,-0.000287,-0.466153,0.004862,-0.004862,0.483831,-0.469845,0.463916,-0.468039,-0.465536,0.956216
1,PCB,23,0.013305,0.007724,0.008535,0.474810,0.008535,0.504843,-0.008535,-0.469202,0.007724,-0.007724,0.472147,-0.471438,0.475472,-0.471284,-0.470318,0.970574
1,PCB,24,0.011636,0.007196,0.010662,0.449743,0.010662,0.499421,-0.010662,-0.439051,0.007196,-0.007196,0.485304,-0.441151,0.451808,-0.442883,-0.441327,0.916067
1,PCB,25,0.006804,0.006055,0.006609,0.409533,0.006609,0.435401,-0.006609,-0.403095,0.006055,-0.006055,0.433111,-0.402331,0.410015,-0.402935,-0.402968,0.826381
1,PCB,26,0.010840,0.015258,0.021612,0.465271,0.021612,0.432825,-0.021612,-0.444460,0.015258,-0.015258,0.474949,-0.445562,0.465276,-0.446183,-0.444211,0.946327
1,PCB,27,0.006380,0.003010,0.003869,0.439857,0.003869,0.475564,-0.003869,-0.438549,0.003010,-0.003010,0.440595,-0.437435,0.441535,-0.439209,-0.440396,0.895087
2,DMT,0,0.015834,0.008862,0.005422,0.483290,0.005422,0.494001,-0.005422,-0.479716,0.008862,-0.008862,0.506089,-0.479466,0.485045,-0.481109,-0.480673,0.983985
2,DMT,1,0.024006,0.010777,0.008587,0.479246,0.008587,0.543407,-0.008587,-0.472797,0.010777,-0.010777,0.505130,-0.474660,0.479271,-0.475188,-0.473775,0.975007
2,DMT,2,0.012084,0.004508,0.003171,0.443882,0.003171,0.481042,-0.003171,-0.440999,0.004508,-0.004508,0.487154,-0.442621,0.442591,-0.441529,-0.439979,0.909810
2,DMT,3,0.004030,0.005146,0.003830,0.471540,0.003830,0.505292,-0.003830,-0.467812,0.005146,-0.005146,0.491321,-0.467173,0.472057,-0.467374,-0.468292,0.949897
2,DMT,4,0.019152,0.006374,0.006308,0.474373,0.006308,0.515140,-0.006308,-0.470578,0.006374,-0.006374,0.482934,-0.470331,0.474495,-0.470800,-0.471146,0.961426
2,DMT,5,0.012026,0.002958,0.003222,0.484078,0.003222,0.579026,-0.003222,-0.480657,0.002958,-0.002958,0.511704,-0.481542,0.482287,-0.479765,-0.479629,0.974233
2,DMT,6,0.018050,0.006780,0.006660,0.479116,0.006660,0.535457,-0.006660,-0.474918,0.006780,-0.006780,0.534402,-0.475068,0.480676,-0.477207,-0.476811,0.969819
2,DMT,7,0.010025,0.007997,0.009498,0.444675,0.009498,0.448566,-0.009498,-0.438483,0.007997,-0.007997,0.481599,-0.438287,0.445433,-0.439439,-0.439580,0.909533
2,DMT,8,0.003887,0.002285,0.004575,0.426003,0.004575,0.435401,-0.004575,-0.423104,0.002285,-0.002285,0.429769,-0.422975,0.425359,-0.422048,-0.422471,0.856623
2,DMT,9,0.009004,0.005860,0.003908,0.373311,0.003908,0.387164,-0.003908,-0.371990,0.005860,-0.005860,0.389044,-0.371597,0.373997,-0.372453,-0.372552,0.769955
2,DMT,10,0.004187,0.004979,0.006524,0.329599,0.006524,0.328501,-0.006524,-0.325671,0.004979,-0.004979,0.338343,-0.324643,0.329069,-0.324448,-0.325624,0.677561
2,DMT,11,0.008540,0.007161,0.003450,0.379687,0.003450,0.377836,-0.003450,-0.375880,0.007161,-0.007161,0.399314,-0.376157,0.379144,-0.375897,-0.375355,0.776059
2,DMT,12,0.008446,0.006012,0.003382,0.422309,0.003382,0.461183,-0.003382,-0.419167,0.006012,-0.006012,0.433555,-0.418931,0.421760,-0.417992,-0.418852,0.852841
2,DMT,13,0.011202,0.007489,0.003683,0.381363,0.003683,0.417259,-0.003683,-0.377461,0.007489,-0.007489,0.392007,-0.377718,0.380363,-0.376751,-0.376973,0.777649
2,DMT,14,0.011566,0.006912,0.005332,0.447196,0.005332,0.476696,-0.005332,-0.443251,0.006912,-0.006912,0.463655,-0.444031,0.446357,-0.443455,-0.442528,0.906916
2,DMT,15,0.009029,0.003681,0.005269,0.403168,0.005269,0.434540,-0.005269,-0.398984,0.003681,-0.003681,0.424291,-0.400657,0.402662,-0.400196,-0.398711,0.814703
2,DMT,16,0.011879,0.007221,0.009695,0.434847,0.009695,0.455897,-0.009695,-0.429065,0.007221,-0.007221,0.443531,-0.428802,0.435781,-0.429374,-0.430014,0.886567
2,DMT,17,0.021414,0.004781,0.008616,0.457825,0.008616,0.524511,-0.008616,-0.455276,0.004781,-0.004781,0.466234,-0.454996,0.456319,-0.452956,-0.454310,0.932430
2,DMT,18,0.008195,0.007996,0.005714,0.400398,0.005714,0.417189,-0.005714,-0.395344,0.007996,-0.007996,0.411317,-0.395621,0.400869,-0.395758,-0.396099,0.814171
2,DMT,19,0.026284,0.013806,0.006617,0.439732,0.006617,0.450133,-0.006617,-0.435028,0.013806,-0.013806,0.455967,-0.433558,0.438810,-0.432927,-0.433490,0.912931
2,DMT,20,0.005159,0.004267,0.004755,0.428614,0.004755,0.463867,-0.004755,-0.425349,0.004267,-0.004267,0.424129,-0.425365,0.428535,-0.425025,-0.425528,0.864367
2,DMT,21,0.005546,0.005989,0.005715,0.397834,0.005715,0.393551,-0.005715,-0.393544,0.005989,-0.005989,0.401554,-0.393460,0.396859,-0.392406,-0.392418,0.805699
2,DMT,22,0.008069,0.003627,0.002428,0.429651,0.002428,0.458008,-0.002428,-0.427864,0.003627,-0.003627,0.429648,-0.427045,0.429148,-0.426272,-0.427497,0.870630
2,DMT,23,0.007463,0.002679,0.002634,0.444770,0.002634,0.461061,-0.002634,-0.443064,0.002679,-0.002679,0.461320,-0.442927,0.444413,-0.442532,-0.442675,0.893822
2,DMT,24,0.009604,0.007073,0.008317,0.432043,0.008317,0.430066,-0.008317,-0.427812,0.007073,-0.007073,0.440232,-0.427331,0.430861,-0.426192,-0.426733,0.879529
2,DMT,25,0.010364,0.003036,0.006820,0.441687,0.006820,0.478611,-0.006820,-0.438485,0.003036,-0.003036,0.453344,-0.438834,0.440690,-0.438364,-0.437555,0.895973
2,DMT,26,0.005518,0.004856,0.008173,0.433048,0.008173,0.443681,-0.008173,-0.426930,0.004856,-0.004856,0.427969,-0.427470,0.433592,-0.428271,-0.427405,0.875355
2,DMT,27,0.008897,0.003438,0.006131,0.394035,0.006131,0.411769,-0.006131,-0.390353,0.003438,-0.003438,0.397977,-0.391813,0.394430,-0.392293,-0.391040,0.803229
2,PCB,0,0.031439,0.017853,0.017106,0.396328,0.017106,0.389487,-0.017106,-0.387374,0.017853,-0.017853,0.407782,-0.387000,0.396065,-0.387340,-0.387161,0.851223
2,PCB,1,0.014387,0.003765,0.007328,0.421652,0.007328,0.447139,-0.007328,-0.419136,0.003765,-0.003765,0.426291,-0.419974,0.422043,-0.419388,-0.420148,0.870331
2,PCB,2,0.009437,0.011572,0.002624,0.422423,0.002624,0.441972,-0.002624,-0.417767,0.011572,-0.011572,0.444660,-0.416836,0.420694,-0.415325,-0.416985,0.857092
2,PCB,3,0.022558,0.001553,0.007542,0.425204,0.007542,0.460208,-0.007542,-0.423470,0.001553,-0.001553,0.441175,-0.424071,0.424283,-0.422927,-0.422416,0.882994
2,PCB,4,0.039807,0.006909,0.009485,0.476824,0.009485,0.549372,-0.009485,-0.473854,0.006909,-0.006909,0.519363,-0.473429,0.474893,-0.471954,-0.473289,0.980394
2,PCB,5,0.020759,0.010819,0.002113,0.437937,0.002113,0.480168,-0.002113,-0.436860,0.010819,-0.010819,0.456901,-0.435288,0.436710,-0.434931,-0.436183,0.905144
2,PCB,6,0.023169,0.010400,0.002099,0.454730,0.002099,0.478441,-0.002099,-0.452514,0.010400,-0.010400,0.462471,-0.451470,0.452553,-0.449920,-0.450510,0.942661
2,PCB,7,0.022608,0.011804,0.004176,0.465075,0.004176,0.502987,-0.004176,-0.461978,0.011804,-0.011804,0.468902,-0.461969,0.464181,-0.460996,-0.461846,0.950559
2,PCB,8,0.020694,0.004993,0.011479,0.405326,0.011479,0.436140,-0.011479,-0.401547,0.004993,-0.004993,0.416645,-0.402166,0.405137,-0.402093,-0.401140,0.837518
2,PCB,9,0.021931,0.009023,0.010592,0.404853,0.010592,0.432056,-0.010592,-0.398973,0.009023,-0.009023,0.427423,-0.399819,0.404493,-0.399076,-0.398736,0.832937
2,PCB,10,0.022424,0.009055,0.004648,0.453045,0.004648,0.503338,-0.004648,-0.448346,0.009055,-0.009055,0.477883,-0.448330,0.452808,-0.448173,-0.448610,0.923291
2,PCB,11,0.031159,0.009217,0.004049,0.460895,0.004049,0.490278,-0.004049,-0.457896,0.009217,-0.009217,0.483482,-0.457641,0.460842,-0.457349,-0.458186,0.942976
2,PCB,12,0.016656,0.005839,0.004210,0.477076,0.004210,0.508559,-0.004210,-0.475006,0.005839,-0.005839,0.508599,-0.474757,0.477494,-0.475394,-0.474863,0.968456
2,PCB,13,0.005244,0.002503,0.002549,0.453529,0.002549,0.495318,-0.002549,-0.450237,0.002503,-0.002503,0.469517,-0.450300,0.452190,-0.449058,-0.449300,0.912116
2,PCB,14,0.004412,-0.002173,0.007112,0.442282,0.007112,0.480316,-0.007112,-0.438234,-0.002173,0.002173,0.465925,-0.441102,0.441577,-0.440183,-0.438467,0.902577
2,PCB,15,0.035050,0.008015,0.006672,0.502659,0.006672,0.551763,-0.006672,-0.499499,0.008015,-0.008015,0.536034,-0.499249,0.502751,-0.499047,-0.499400,1.024651
2,PCB,16,0.020377,0.003186,0.006770,0.518825,0.006770,0.536952,-0.006770,-0.516162,0.003186,-0.003186,0.540207,-0.515858,0.519300,-0.516522,-0.516178,1.047461
2,PCB,17,0.024415,0.009902,0.009185,0.460543,0.009185,0.496724,-0.009185,-0.455729,0.009902,-0.009902,0.492299,-0.455575,0.460828,-0.455872,-0.456229,0.947477
2,PCB,18,0.017718,0.010655,0.005148,0.457187,0.005148,0.483957,-0.005148,-0.453081,0.010655,-0.010655,0.475400,-0.453200,0.457672,-0.453511,-0.453992,0.934473
2,PCB,19,0.015480,0.006868,0.007606,0.436560,0.007606,0.478888,-0.007606,-0.431266,0.006868,-0.006868,0.475263,-0.431708,0.437238,-0.432391,-0.431953,0.899033
2,PCB,20,0.019963,0.004888,0.011303,0.439219,0.011303,0.462335,-0.011303,-0.435598,0.004888,-0.004888,0.447693,-0.434973,0.442189,-0.437832,-0.437875,0.914009
2,PCB,21,0.022687,0.007980,0.005974,0.472613,0.005974,0.520060,-0.005974,-0.469890,0.007980,-0.007980,0.507923,-0.469999,0.471861,-0.469131,-0.469388,0.966456
2,PCB,22,0.022337,0.006637,0.007049,0.423846,0.007049,0.482195,-0.007049,-0.418119,0.006637,-0.006637,0.445019,-0.419180,0.424006,-0.418895,-0.419255,0.877053
2,PCB,23,0.013209,0.000286,0.006171,0.442046,0.006171,0.469217,-0.006171,-0.439699,0.000286,-0.000286,0.450383,-0.439879,0.441825,-0.439581,-0.439661,0.912113
2,PCB,24,0.025409,0.008897,0.006944,0.430787,0.006944,0.441679,-0.006944,-0.428046,0.008897,-0.008897,0.458920,-0.427856,0.430628,-0.428380,-0.427606,0.905704
2,PCB,25,0.016863,0.006329,0.004290,0.483770,0.004290,0.549569,-0.004290,-0.481280,0.006329,-0.006329,0.511101,-0.481054,0.483612,-0.480855,-0.481239,0.972019
2,PCB,26,0.012347,0.004425,0.004499,0.467526,0.004499,0.517953,-0.004499,-0.463960,0.004425,-0.004425,0.482047,-0.464488,0.467075,-0.464022,-0.464122,0.942672
2,PCB,27,0.032941,0.014037,0.008893,0.341683,0.008893,0.356153,-0.008893,-0.338349,0.014037,-0.014037,0.338154,-0.337714,0.342719,-0.338226,-0.338784,0.738301
3,DMT,0,0.011248,0.006932,0.006886,0.489078,0.006886,0.521724,-0.006886,-0.482797,0.006932,-0.006932,0.500199,-0.483016,0.488926,-0.482679,-0.483545,0.987431
3,DMT,1,0.011682,0.005069,0.002530,0.427807,0.002530,0.447968,-0.002530,-0.425976,0.005069,-0.005069,0.468969,-0.424777,0.427403,-0.424657,-0.425297,0.872453
3,DMT,2,0.015252,0.008049,0.006167,0.490643,0.006167,0.523617,-0.006167,-0.485788,0.008049,-0.008049,0.524784,-0.485522,0.490147,-0.484817,-0.485383,0.991396
3,DMT,3,0.014536,0.002890,0.002924,0.493200,0.002924,0.525862,-0.002924,-0.490923,0.002890,-0.002890,0.534212,-0.491113,0.493860,-0.491743,-0.491600,0.994224
3,DMT,4,0.016375,0.005283,0.006082,0.434345,0.006082,0.482947,-0.006082,-0.428719,0.005283,-0.005283,0.474534,-0.429347,0.433781,-0.428639,-0.428837,0.886024
3,DMT,5,0.014671,0.006777,0.008072,0.422283,0.008072,0.492962,-0.008072,-0.416902,0.006777,-0.006777,0.467440,-0.417038,0.421925,-0.416743,-0.417116,0.861190
3,DMT,6,0.012665,0.003997,0.001824,0.544718,0.001824,0.586460,-0.001824,-0.543487,0.003997,-0.003997,0.592844,-0.543327,0.545020,-0.543632,-0.543875,1.097190
3,DMT,7,0.007982,0.004067,0.001687,0.526524,0.001687,0.562625,-0.001687,-0.524888,0.004067,-0.004067,0.544899,-0.525265,0.526373,-0.524906,-0.524826,1.060280
3,DMT,8,0.011302,0.003992,0.005673,0.495343,0.005673,0.510510,-0.005673,-0.492930,0.003992,-0.003992,0.519368,-0.492572,0.495281,-0.492413,-0.492632,1.004138
3,DMT,9,0.006496,0.004212,0.003702,0.431142,0.003702,0.458735,-0.003702,-0.429161,0.004212,-0.004212,0.451011,-0.428446,0.430322,-0.427827,-0.428502,0.874045
3,DMT,10,0.007655,0.004574,0.003130,0.449141,0.003130,0.475993,-0.003130,-0.446987,0.004574,-0.004574,0.471311,-0.446101,0.447860,-0.444908,-0.445556,0.905780
3,DMT,11,0.006542,0.003304,0.005177,0.437531,0.005177,0.485053,-0.005177,-0.434172,0.003304,-0.003304,0.464896,-0.435011,0.437377,-0.434771,-0.434169,0.883356
3,DMT,12,0.010002,0.008145,0.004070,0.445616,0.004070,0.475503,-0.004070,-0.442033,0.008145,-0.008145,0.465636,-0.442040,0.445242,-0.441570,-0.441741,0.901574
3,DMT,13,0.010484,0.004232,0.002838,0.444454,0.002838,0.490585,-0.002838,-0.442416,0.004232,-0.004232,0.483539,-0.441976,0.443904,-0.441429,-0.442232,0.897446
3,DMT,14,0.005883,0.002930,0.002059,0.468792,0.002059,0.523070,-0.002059,-0.466891,0.002930,-0.002930,0.490858,-0.466951,0.468365,-0.466502,-0.466781,0.942063
3,DMT,15,0.007561,0.002650,0.002219,0.483191,0.002219,0.532946,-0.002219,-0.482062,0.002650,-0.002650,0.494525,-0.481798,0.483355,-0.481423,-0.482223,0.974182
3,DMT,16,0.006984,0.003158,0.002458,0.494011,0.002458,0.544037,-0.002458,-0.492497,0.003158,-0.003158,0.527947,-0.491790,0.492854,-0.490798,-0.491550,0.992692
3,DMT,17,0.005219,0.001869,0.003720,0.430478,0.003720,0.481808,-0.003720,-0.428673,0.001869,-0.001869,0.451569,-0.428775,0.430341,-0.428549,-0.428425,0.868085
3,DMT,18,0.006246,0.000213,0.004964,0.449636,0.004964,0.480070,-0.004964,-0.447992,0.000213,-0.000213,0.468915,-0.448548,0.449876,-0.448320,-0.448091,0.906486
3,DMT,19,0.011653,0.003718,0.006486,0.472780,0.006486,0.542314,-0.006486,-0.467304,0.003718,-0.003718,0.517481,-0.468342,0.474016,-0.469296,-0.469162,0.953926
3,DMT,20,0.005954,0.002387,0.004299,0.453421,0.004299,0.490477,-0.004299,-0.449920,0.002387,-0.002387,0.463062,-0.450815,0.454079,-0.451268,-0.450983,0.913007
3,DMT,21,0.009532,0.010392,0.011316,0.439123,0.011316,0.469017,-0.011316,-0.427600,0.010392,-0.010392,0.449328,-0.428302,0.439247,-0.428062,-0.428293,0.887038
3,DMT,22,0.005733,0.007260,0.005964,0.412504,0.005964,0.434495,-0.005964,-0.404230,0.007260,-0.007260,0.447657,-0.404624,0.412598,-0.404744,-0.404436,0.831010
3,DMT,23,0.015284,0.006895,0.006309,0.437624,0.006309,0.488385,-0.006309,-0.432804,0.006895,-0.006895,0.448932,-0.432043,0.437667,-0.431961,-0.433150,0.889607
3,DMT,24,0.006336,0.004754,0.003330,0.451964,0.003330,0.468197,-0.003330,-0.447109,0.004754,-0.004754,0.457244,-0.447931,0.452138,-0.447865,-0.447327,0.911534
3,DMT,25,0.017404,0.009914,0.006821,0.457940,0.006821,0.520409,-0.006821,-0.451773,0.009914,-0.009914,0.520677,-0.451396,0.459019,-0.452462,-0.453242,0.933558
3,DMT,26,0.009753,0.003772,0.005137,0.478293,0.005137,0.519319,-0.005137,-0.474150,0.003772,-0.003772,0.528946,-0.474204,0.479305,-0.475153,-0.474899,0.964530
3,DMT,27,0.008203,0.004668,0.005291,0.408381,0.005291,0.432617,-0.005291,-0.405749,0.004668,-0.004668,0.431934,-0.405525,0.409342,-0.406522,-0.406268,0.827010
3,PCB,0,0.008172,0.004466,0.003733,0.495152,0.003733,0.495792,-0.003733,-0.492674,0.004466,-0.004466,0.520233,-0.492029,0.495532,-0.492311,-0.492445,1.002100
3,PCB,1,0.010668,0.003407,0.006454,0.485366,0.006454,0.517201,-0.006454,-0.482317,0.003407,-0.003407,0.506498,-0.481932,0.484753,-0.481723,-0.482234,0.977590
3,PCB,2,0.009892,0.002421,0.006004,0.457300,0.006004,0.501413,-0.006004,-0.454613,0.002421,-0.002421,0.512248,-0.454629,0.458042,-0.455546,-0.455032,0.923616
3,PCB,3,0.001144,0.004651,0.003593,0.483774,0.003593,0.479779,-0.003593,-0.480386,0.004651,-0.004651,0.479339,-0.480210,0.484158,-0.481093,-0.480803,0.971634
3,PCB,4,0.010085,0.003898,0.008028,0.429119,0.008028,0.460746,-0.008028,-0.424650,0.003898,-0.003898,0.447056,-0.425122,0.428931,-0.424996,-0.424417,0.877447
3,PCB,5,0.023392,0.008032,0.006743,0.507702,0.006743,0.541957,-0.006743,-0.503690,0.008032,-0.008032,0.536720,-0.503577,0.508787,-0.504769,-0.504914,1.029913
3,PCB,6,0.011275,0.004375,0.004834,0.452664,0.004834,0.470378,-0.004834,-0.449207,0.004375,-0.004375,0.480316,-0.449093,0.453473,-0.450085,-0.449657,0.916505
3,PCB,7,0.003223,0.003167,0.004590,0.437118,0.004590,0.467838,-0.004590,-0.433466,0.003167,-0.003167,0.473000,-0.433617,0.436693,-0.433279,-0.432995,0.878331
3,PCB,8,0.006442,0.003220,0.002746,0.448056,0.002746,0.504988,-0.002746,-0.445849,0.003220,-0.003220,0.482310,-0.446400,0.447739,-0.445898,-0.445855,0.903462
3,PCB,9,0.006984,0.004685,0.002338,0.452380,0.002338,0.503200,-0.002338,-0.449592,0.004685,-0.004685,0.500918,-0.449932,0.452182,-0.449579,-0.449180,0.915188
3,PCB,10,0.012327,0.005159,0.004341,0.461756,0.004341,0.516321,-0.004341,-0.457995,0.005159,-0.005159,0.513089,-0.457855,0.462002,-0.457755,-0.458620,0.935094
3,PCB,11,0.013293,0.005449,0.003888,0.463395,0.003888,0.499255,-0.003888,-0.460838,0.005449,-0.005449,0.498206,-0.460905,0.462972,-0.460436,-0.460511,0.938259
3,PCB,12,0.010758,0.002820,0.004020,0.482853,0.004020,0.530533,-0.004020,-0.480826,0.002820,-0.002820,0.522847,-0.480917,0.483109,-0.481201,-0.481167,0.974386
3,PCB,13,0.016946,0.004768,0.003900,0.524795,0.003900,0.597854,-0.003900,-0.521311,0.004768,-0.004768,0.604089,-0.521192,0.525134,-0.521483,-0.521579,1.054823
3,PCB,14,0.021096,0.005304,0.002196,0.536043,0.002196,0.609242,-0.002196,-0.534762,0.005304,-0.005304,0.615589,-0.533736,0.536752,-0.534071,-0.535679,1.088442
3,PCB,15,0.021941,0.007916,0.005322,0.506443,0.005322,0.618216,-0.005322,-0.502055,0.007916,-0.007916,0.571991,-0.502140,0.506769,-0.502017,-0.503007,1.024493
3,PCB,16,0.008023,0.003553,0.003847,0.448281,0.003847,0.474269,-0.003847,-0.445401,0.003553,-0.003553,0.459166,-0.445067,0.448191,-0.445768,-0.445720,0.905280
3,PCB,17,0.009034,0.004139,0.004199,0.430499,0.004199,0.469669,-0.004199,-0.426957,0.004139,-0.004139,0.448679,-0.427198,0.431222,-0.427864,-0.427991,0.871450
3,PCB,18,0.007856,0.008348,0.006331,0.377795,0.006331,0.404686,-0.006331,-0.371644,0.008348,-0.008348,0.407394,-0.371539,0.379573,-0.372891,-0.373461,0.776047
3,PCB,19,0.022316,0.007548,0.004496,0.492189,0.004496,0.571059,-0.004496,-0.488587,0.007548,-0.007548,0.573613,-0.488419,0.492276,-0.488285,-0.488507,0.995425
3,PCB,20,0.020939,0.007790,0.005634,0.492163,0.005634,0.520404,-0.005634,-0.488771,0.007790,-0.007790,0.485954,-0.488671,0.490760,-0.487104,-0.487378,0.997598
3,PCB,21,0.013619,0.003834,0.003292,0.498203,0.003292,0.552744,-0.003292,-0.496375,0.003834,-0.003834,0.549046,-0.496095,0.498424,-0.496195,-0.496388,1.005231
3,PCB,22,0.006567,0.002987,0.002240,0.469607,0.002240,0.484666,-0.002240,-0.467872,0.002987,-0.002987,0.491143,-0.467838,0.469556,-0.467730,-0.467770,0.945354
3,PCB,23,0.009426,0.006388,0.006554,0.444583,0.006554,0.493765,-0.006554,-0.438703,0.006388,-0.006388,0.460232,-0.438978,0.444833,-0.438759,-0.439673,0.895276
3,PCB,24,0.008079,0.003435,0.001915,0.485395,0.001915,0.535978,-0.001915,-0.482957,0.003435,-0.003435,0.524933,-0.483046,0.485452,-0.482970,-0.482887,0.975764
3,PCB,25,0.019238,0.004171,0.003992,0.542609,0.003992,0.560446,-0.003992,-0.541054,0.004171,-0.004171,0.584239,-0.541514,0.542339,-0.541125,-0.540779,1.102936
3,PCB,26,0.013405,0.007215,0.004546,0.475421,0.004546,0.514465,-0.004546,-0.471799,0.007215,-0.007215,0.512297,-0.470615,0.474250,-0.469736,-0.470588,0.962675
3,PCB,27,0.007919,0.005384,0.000943,0.437248,0.000943,0.465393,-0.000943,-0.435844,0.005384,-0.005384,0.453392,-0.435338,0.437100,-0.435329,-0.435950,0.887995
4,DMT,0,0.013787,0.007039,0.005508,0.543136,0.005508,0.577162,-0.005508,-0.539807,0.007039,-0.007039,0.571792,-0.539620,0.543947,-0.540058,-0.540914,1.096626
4,DMT,1,0.010192,0.004454,0.004067,0.459017,0.004067,0.506607,-0.004067,-0.456095,0.004454,-0.004454,0.469942,-0.455677,0.459217,-0.456014,-0.456887,0.933200
4,DMT,2,0.011580,0.004443,0.005845,0.428570,0.005845,0.459804,-0.005845,-0.425538,0.004443,-0.004443,0.450067,-0.425067,0.427651,-0.423825,-0.424827,0.866311
4,DMT,3,0.016015,0.005787,0.009765,0.456122,0.009765,0.486059,-0.009765,-0.449156,0.005787,-0.005787,0.485778,-0.449276,0.454436,-0.448414,-0.447434,0.922337
4,DMT,4,0.009882,0.003762,0.004936,0.446457,0.004936,0.453539,-0.004936,-0.443173,0.003762,-0.003762,0.470660,-0.444436,0.448537,-0.445918,-0.444944,0.910668
4,DMT,5,0.010005,0.003809,0.000626,0.486459,0.000626,0.527987,-0.000626,-0.485698,0.003809,-0.003809,0.524705,-0.485667,0.487383,-0.486340,-0.486495,0.979407
4,DMT,6,0.007219,0.006027,0.005523,0.483252,0.005523,0.503353,-0.005523,-0.478968,0.006027,-0.006027,0.493738,-0.479464,0.483342,-0.479362,-0.479245,0.969668
4,DMT,7,0.010991,0.009538,0.004307,0.461974,0.004307,0.465511,-0.004307,-0.456437,0.009538,-0.009538,0.480307,-0.458506,0.461576,-0.457008,-0.457195,0.936773
4,DMT,8,0.004141,0.003069,0.000227,0.477152,0.000227,0.512680,-0.000227,-0.476027,0.003069,-0.003069,0.488729,-0.475408,0.476740,-0.475237,-0.475504,0.959284
4,DMT,9,0.004194,0.002614,0.004599,0.416066,0.004599,0.430128,-0.004599,-0.415068,0.002614,-0.002614,0.443390,-0.415128,0.415311,-0.414335,-0.414060,0.837512
4,DMT,10,0.007737,0.003613,0.004389,0.403836,0.004389,0.440826,-0.004389,-0.401229,0.003613,-0.003613,0.423794,-0.400287,0.403336,-0.399708,-0.401060,0.818136
4,DMT,11,0.019189,0.011021,0.008731,0.395781,0.008731,0.389386,-0.008731,-0.390474,0.011021,-0.011021,0.408282,-0.390688,0.396066,-0.390360,-0.391060,0.820601
4,DMT,12,0.016535,0.023593,0.015836,0.277094,0.015836,0.302744,-0.015836,-0.260630,0.023593,-0.023593,0.273141,-0.261880,0.278464,-0.262919,-0.262979,0.602324
4,DMT,13,0.017857,0.004644,0.006485,0.447385,0.006485,0.491301,-0.006485,-0.445523,0.004644,-0.004644,0.489464,-0.445591,0.446562,-0.444892,-0.444486,0.909709
4,DMT,14,0.014365,0.003564,0.002859,0.456350,0.002859,0.494658,-0.002859,-0.454664,0.003564,-0.003564,0.486186,-0.454275,0.456556,-0.454429,-0.455153,0.925253
4,DMT,15,0.011298,0.012085,0.012466,0.408498,0.012466,0.437464,-0.012466,-0.398633,0.012085,-0.012085,0.411510,-0.397841,0.408970,-0.398775,-0.399064,0.841230
4,DMT,16,0.015670,0.005906,0.008201,0.436863,0.008201,0.472389,-0.008201,-0.432427,0.005906,-0.005906,0.440992,-0.431997,0.436254,-0.431766,-0.432118,0.898554
4,DMT,17,0.007727,0.002298,0.007388,0.418128,0.007388,0.436790,-0.007388,-0.414719,0.002298,-0.002298,0.425855,-0.413918,0.417543,-0.413795,-0.414226,0.850828
4,DMT,18,0.011607,0.005031,0.003966,0.445247,0.003966,0.469587,-0.003966,-0.442616,0.005031,-0.005031,0.481658,-0.442146,0.445407,-0.442162,-0.442498,0.907171
4,DMT,19,0.025786,0.007739,0.009246,0.506920,0.009246,0.553602,-0.009246,-0.503175,0.007739,-0.007739,0.553579,-0.503246,0.506872,-0.503620,-0.503105,1.030879
4,DMT,20,0.010718,0.004198,0.003597,0.476161,0.003597,0.499085,-0.003597,-0.473833,0.004198,-0.004198,0.512696,-0.474382,0.476658,-0.474603,-0.474164,0.966164
4,DMT,21,0.018072,0.005799,0.005710,0.495442,0.005710,0.548212,-0.005710,-0.492051,0.005799,-0.005799,0.533205,-0.491457,0.495633,-0.491799,-0.492277,1.003502
4,DMT,22,0.017217,0.004787,0.005976,0.454608,0.005976,0.465640,-0.005976,-0.452462,0.004787,-0.004787,0.464345,-0.452029,0.453516,-0.451086,-0.451067,0.932337
4,DMT,23,0.011304,0.004269,0.013858,0.435744,0.013858,0.464191,-0.013858,-0.427149,0.004269,-0.004269,0.495245,-0.427217,0.434494,-0.426396,-0.425769,0.889178
4,DMT,24,0.008312,0.006253,0.006097,0.491230,0.006097,0.507314,-0.006097,-0.486017,0.006253,-0.006253,0.542279,-0.484714,0.493016,-0.486549,-0.487225,0.988012
4,DMT,25,0.021730,0.012967,0.011474,0.369664,0.011474,0.431791,-0.011474,-0.359212,0.012967,-0.012967,0.428681,-0.358049,0.368598,-0.357484,-0.358415,0.758151
4,DMT,26,0.011404,0.004682,0.001935,0.432159,0.001935,0.451094,-0.001935,-0.427622,0.004682,-0.004682,0.447047,-0.427494,0.432127,-0.427253,-0.427447,0.872316
4,DMT,27,0.007647,0.003023,0.000952,0.472351,0.000952,0.537268,-0.000952,-0.471160,0.003023,-0.003023,0.502231,-0.471645,0.472374,-0.470983,-0.471815,0.956660
4,PCB,0,0.016169,0.009501,0.009646,0.402255,0.009646,0.417139,-0.009646,-0.396074,0.009501,-0.009501,0.425607,-0.394848,0.402052,-0.395173,-0.396221,0.834947
4,PCB,1,0.018908,0.003151,0.005785,0.461050,0.005785,0.498594,-0.005785,-0.459519,0.003151,-0.003151,0.480269,-0.459759,0.460256,-0.458795,-0.458714,0.938788
4,PCB,2,0.021670,0.005514,0.003819,0.473915,0.003819,0.515244,-0.003819,-0.472290,0.005514,-0.005514,0.515248,-0.472442,0.474154,-0.472818,-0.472731,0.963976
4,PCB,3,0.024501,0.008503,0.007815,0.473865,0.007815,0.518947,-0.007815,-0.470022,0.008503,-0.008503,0.506508,-0.470041,0.473573,-0.469815,-0.469975,0.966469
4,PCB,4,0.024916,0.004585,0.007791,0.501601,0.007791,0.555959,-0.007791,-0.499334,0.004585,-0.004585,0.561154,-0.500284,0.501054,-0.499900,-0.498772,1.016044
4,PCB,5,0.021830,0.005278,0.001715,0.445908,0.001715,0.502640,-0.001715,-0.445671,0.005278,-0.005278,0.495765,-0.444229,0.445330,-0.444529,-0.445579,0.917610
4,PCB,6,0.029434,0.013908,0.016285,0.442499,0.016285,0.456546,-0.016285,-0.434668,0.013908,-0.013908,0.438896,-0.435263,0.442921,-0.435542,-0.435165,0.925889
4,PCB,7,0.022713,0.007590,0.006747,0.470724,0.006747,0.520524,-0.006747,-0.466487,0.007590,-0.007590,0.498230,-0.467334,0.470173,-0.467465,-0.467304,0.959483
4,PCB,8,0.016557,0.012789,0.005471,0.401659,0.005471,0.430362,-0.005471,-0.396290,0.012789,-0.012789,0.408018,-0.395010,0.400842,-0.394058,-0.395663,0.825355
4,PCB,9,0.013097,0.011591,0.012541,0.362155,0.012541,0.384573,-0.012541,-0.350984,0.011591,-0.011591,0.358565,-0.352123,0.363047,-0.351983,-0.352477,0.744393
4,PCB,10,0.009509,0.010250,0.006044,0.422696,0.006044,0.432374,-0.006044,-0.418665,0.010250,-0.010250,0.414275,-0.417038,0.422177,-0.416221,-0.417850,0.860336
4,PCB,11,0.014946,0.010757,0.011873,0.418748,0.011873,0.424464,-0.011873,-0.410540,0.010757,-0.010757,0.426327,-0.410439,0.416936,-0.408864,-0.409103,0.857974
4,PCB,12,0.016325,0.010690,0.010186,0.469286,0.010186,0.481907,-0.010186,-0.462504,0.010690,-0.010690,0.462367,-0.462752,0.469844,-0.462393,-0.462845,0.959368
4,PCB,13,0.014769,0.003280,0.008018,0.444585,0.008018,0.468636,-0.008018,-0.441078,0.003280,-0.003280,0.460609,-0.441310,0.443497,-0.440910,-0.440510,0.903503
4,PCB,14,0.023843,0.006216,0.008059,0.436547,0.008059,0.483146,-0.008059,-0.434046,0.006216,-0.006216,0.470831,-0.433554,0.435443,-0.432573,-0.433209,0.895817
4,PCB,15,0.019250,0.002725,0.003392,0.506282,0.003392,0.547078,-0.003392,-0.505535,0.002725,-0.002725,0.535432,-0.506217,0.506346,-0.506018,-0.506341,1.023825
4,PCB,16,0.013355,0.005493,0.006123,0.481963,0.006123,0.559666,-0.006123,-0.477320,0.005493,-0.005493,0.516515,-0.477505,0.482068,-0.477967,-0.477885,0.974939
4,PCB,17,0.016672,0.010619,0.010118,0.421768,0.010118,0.451804,-0.010118,-0.414232,0.010619,-0.010619,0.436505,-0.414561,0.422049,-0.414135,-0.415054,0.864706
4,PCB,18,0.025868,0.008072,0.008951,0.461010,0.008951,0.540924,-0.008951,-0.457151,0.008072,-0.008072,0.492419,-0.456169,0.461817,-0.456437,-0.458196,0.945172
4,PCB,19,0.017848,0.004256,0.004346,0.436052,0.004346,0.481527,-0.004346,-0.434164,0.004256,-0.004256,0.459865,-0.433804,0.436743,-0.434175,-0.435293,0.893953
4,PCB,20,0.012849,0.002210,-0.000422,0.499606,-0.000422,0.554961,0.000422,-0.499144,0.002210,-0.002210,0.530360,-0.499468,0.500119,-0.499501,-0.499464,1.010679
4,PCB,21,0.011054,0.010689,0.013733,0.467362,0.013733,0.484961,-0.013733,-0.456103,0.010689,-0.010689,0.496567,-0.458109,0.466253,-0.457040,-0.455677,0.951046
4,PCB,22,0.011973,0.004188,0.005388,0.494855,0.005388,0.517581,-0.005388,-0.493339,0.004188,-0.004188,0.518799,-0.492734,0.495050,-0.492598,-0.492992,1.004889
4,PCB,23,0.009107,0.004654,0.005075,0.405995,0.005075,0.468666,-0.005075,-0.403356,0.004654,-0.004654,0.437269,-0.403164,0.407421,-0.404343,-0.404362,0.827325
4,PCB,24,0.004389,0.005054,0.007814,0.414289,0.007814,0.483445,-0.007814,-0.407646,0.005054,-0.005054,0.418723,-0.409430,0.412218,-0.407013,-0.406507,0.839016
4,PCB,25,0.003141,-0.000843,0.001381,0.509166,0.001381,0.561122,-0.001381,-0.508411,-0.000843,0.000843,0.516379,-0.509000,0.508230,-0.507490,-0.507759,1.027124
4,PCB,26,-0.003432,0.001377,0.004711,0.454165,0.004711,0.500055,-0.004711,-0.450606,0.001377,-0.001377,0.480192,-0.450510,0.453654,-0.450776,-0.449328,0.906846
4,PCB,27,0.000659,0.004511,0.007022,0.382358,0.007022,0.372881,-0.007022,-0.377079,0.004511,-0.004511,0.414196,-0.377105,0.382881,-0.376846,-0.377657,0.775694
5,DMT,0,0.004334,0.005745,0.002480,0.461367,0.002480,0.488732,-0.002480,-0.459266,0.005745,-0.005745,0.484263,-0.458373,0.463085,-0.460072,-0.461123,0.933419
5,DMT,1,0.011267,0.006967,0.005869,0.460143,0.005869,0.517962,-0.005869,-0.454104,0.006967,-0.006967,0.496512,-0.454590,0.460923,-0.455227,-0.454837,0.928709
5,DMT,2,0.021191,0.009028,0.007904,0.463195,0.007904,0.540287,-0.007904,-0.457649,0.009028,-0.009028,0.471617,-0.458189,0.462410,-0.456472,-0.457349,0.934535
5,DMT,3,0.037248,0.012473,0.013524,0.462806,0.013524,0.533792,-0.013524,-0.456270,0.012473,-0.012473,0.506023,-0.455798,0.463926,-0.457056,-0.457780,0.956245
5,DMT,4,0.020397,0.007217,0.008941,0.425963,0.008941,0.466726,-0.008941,-0.420151,0.007217,-0.007217,0.447469,-0.420915,0.426710,-0.421292,-0.420950,0.869794
5,DMT,5,0.009861,0.009563,0.007965,0.424739,0.007965,0.450132,-0.007965,-0.416407,0.009563,-0.009563,0.457473,-0.416604,0.423980,-0.416316,-0.416037,0.862528
5,DMT,6,0.028232,0.012721,0.018520,0.430736,0.018520,0.499664,-0.018520,-0.420116,0.012721,-0.012721,0.451511,-0.421505,0.431016,-0.421703,-0.420451,0.885660
5,DMT,7,0.010714,0.004845,0.004165,0.501669,0.004165,0.558625,-0.004165,-0.498765,0.004845,-0.004845,0.532666,-0.499586,0.502168,-0.499447,-0.499706,1.013107
5,DMT,8,0.017788,0.003788,0.004495,0.555172,0.004495,0.605450,-0.004495,-0.553020,0.003788,-0.003788,0.566092,-0.554370,0.554806,-0.553752,-0.552904,1.116420
5,DMT,9,0.006961,0.002590,0.003032,0.442195,0.003032,0.481151,-0.003032,-0.440687,0.002590,-0.002590,0.476709,-0.440640,0.442811,-0.441147,-0.441412,0.891028
5,DMT,10,0.004406,0.003159,0.005676,0.452964,0.005676,0.480843,-0.005676,-0.449341,0.003159,-0.003159,0.461660,-0.448658,0.452477,-0.448458,-0.448689,0.912363
5,DMT,11,0.003146,0.005253,0.003586,0.411958,0.003586,0.443946,-0.003586,-0.405984,0.005253,-0.005253,0.414848,-0.405648,0.411407,-0.404881,-0.406267,0.831711
5,DMT,12,0.003548,0.004137,0.003751,0.424139,0.003751,0.460368,-0.003751,-0.419191,0.004137,-0.004137,0.414669,-0.419725,0.422729,-0.418372,-0.418124,0.853025
5,DMT,13,0.005740,0.003270,0.003348,0.413049,0.003348,0.449764,-0.003348,-0.409500,0.003270,-0.003270,0.431875,-0.410207,0.411448,-0.408179,-0.408438,0.831634
5,DMT,14,0.011576,0.004664,0.003783,0.455961,0.003783,0.501960,-0.003783,-0.453706,0.004664,-0.004664,0.477835,-0.453952,0.455705,-0.453309,-0.453564,0.919745
5,DMT,15,0.006167,0.003475,0.002444,0.454884,0.002444,0.492147,-0.002444,-0.452906,0.003475,-0.003475,0.478457,-0.452250,0.453176,-0.450932,-0.451292,0.913128
5,DMT,16,0.008106,0.002454,0.005916,0.474081,0.005916,0.502104,-0.005916,-0.471189,0.002454,-0.002454,0.490181,-0.471706,0.474282,-0.471841,-0.470937,0.959215
5,DMT,17,0.006674,0.001433,0.005405,0.426959,0.005405,0.453574,-0.005405,-0.424436,0.001433,-0.001433,0.451568,-0.424899,0.426636,-0.424840,-0.424385,0.860558
5,DMT,18,0.008041,0.003874,0.003531,0.453463,0.003531,0.485730,-0.003531,-0.451168,0.003874,-0.003874,0.490619,-0.450896,0.452790,-0.450427,-0.450407,0.911956
5,DMT,19,0.002901,0.003954,0.003821,0.452601,0.003821,0.473610,-0.003821,-0.448514,0.003954,-0.003954,0.469378,-0.448381,0.451904,-0.447871,-0.448103,0.906840
5,DMT,20,0.007465,0.002958,0.003956,0.480801,0.003956,0.481072,-0.003956,-0.478775,0.002958,-0.002958,0.515011,-0.478749,0.480916,-0.479239,-0.478447,0.968939
5,DMT,21,0.010248,0.000483,0.007852,0.452892,0.007852,0.463769,-0.007852,-0.451215,0.000483,-0.000483,0.480885,-0.451058,0.452688,-0.451493,-0.451062,0.920057
5,DMT,22,0.005620,0.005341,0.008137,0.402770,0.008137,0.391758,-0.008137,-0.396786,0.005341,-0.005341,0.417703,-0.396593,0.401779,-0.395778,-0.396045,0.817141
5,DMT,23,0.008585,0.008945,0.008120,0.378477,0.008120,0.370411,-0.008120,-0.372604,0.008945,-0.008945,0.380009,-0.372365,0.380244,-0.373644,-0.374309,0.774963
5,DMT,24,0.008153,0.004396,0.006608,0.439945,0.006608,0.439649,-0.006608,-0.434965,0.004396,-0.004396,0.451734,-0.434769,0.441097,-0.435685,-0.435822,0.891446
5,DMT,25,0.009424,0.003974,0.003918,0.481760,0.003918,0.516847,-0.003918,-0.478757,0.003974,-0.003974,0.508220,-0.478927,0.481429,-0.478732,-0.478604,0.968750
5,DMT,26,0.007166,0.004096,0.001488,0.457777,0.001488,0.473872,-0.001488,-0.456654,0.004096,-0.004096,0.468597,-0.455672,0.458586,-0.456140,-0.457314,0.926791
5,DMT,27,0.009905,0.003789,0.002206,0.449776,0.002206,0.479119,-0.002206,-0.448983,0.003789,-0.003789,0.460632,-0.448927,0.450537,-0.449644,-0.449613,0.911600
5,PCB,0,0.006096,0.002586,0.002241,0.461887,0.002241,0.487804,-0.002241,-0.459354,0.002586,-0.002586,0.475962,-0.460295,0.461396,-0.459731,-0.459048,0.936939
5,PCB,1,0.009012,0.004531,0.005063,0.407159,0.005063,0.424995,-0.005063,-0.402832,0.004531,-0.004531,0.450733,-0.403464,0.408520,-0.404252,-0.403995,0.828651
5,PCB,2,0.012555,0.003405,0.004713,0.444457,0.004713,0.502417,-0.004713,-0.440951,0.003405,-0.003405,0.496064,-0.441568,0.443779,-0.440953,-0.440384,0.895425
5,PCB,3,0.008344,0.003087,0.005710,0.434902,0.005710,0.485969,-0.005710,-0.430451,0.003087,-0.003087,0.464395,-0.430733,0.434759,-0.430742,-0.430901,0.874957
5,PCB,4,0.003611,0.004310,0.005410,0.444652,0.005410,0.453648,-0.005410,-0.440126,0.004310,-0.004310,0.476620,-0.440846,0.444836,-0.440850,-0.440448,0.892318
5,PCB,5,0.006282,0.001981,0.002802,0.449088,0.002802,0.483127,-0.002802,-0.447167,0.001981,-0.001981,0.470948,-0.447212,0.448473,-0.446816,-0.446534,0.902966
5,PCB,6,0.006898,0.003479,0.003211,0.450857,0.003211,0.484698,-0.003211,-0.447483,0.003479,-0.003479,0.471447,-0.447547,0.450053,-0.446990,-0.446956,0.910314
5,PCB,7,0.020833,0.007462,0.007674,0.459888,0.007674,0.505620,-0.007674,-0.455610,0.007462,-0.007462,0.501761,-0.454935,0.459549,-0.454663,-0.454989,0.932802
5,PCB,8,0.012157,0.006969,0.005986,0.449621,0.005986,0.466053,-0.005986,-0.445301,0.006969,-0.006969,0.463099,-0.446131,0.450717,-0.446546,-0.446187,0.912654
5,PCB,9,0.012659,0.003163,0.003691,0.527070,0.003691,0.611069,-0.003691,-0.525690,0.003163,-0.003163,0.573793,-0.526029,0.527546,-0.526448,-0.526329,1.060884
5,PCB,10,0.021963,0.007107,0.002978,0.482329,0.002978,0.542476,-0.002978,-0.481012,0.007107,-0.007107,0.544789,-0.480586,0.483078,-0.481371,-0.481486,0.975846
5,PCB,11,0.016403,0.009669,0.005377,0.485146,0.005377,0.525262,-0.005377,-0.480834,0.009669,-0.009669,0.532114,-0.479787,0.486190,-0.480608,-0.481801,0.980482
5,PCB,12,0.024520,0.019863,0.012738,0.325897,0.012738,0.313931,-0.012738,-0.315465,0.019863,-0.019863,0.343417,-0.315807,0.326228,-0.316612,-0.317150,0.712419
5,PCB,13,0.013941,0.007159,0.006563,0.415660,0.006563,0.428636,-0.006563,-0.409702,0.007159,-0.007159,0.408756,-0.410618,0.415225,-0.410320,-0.409668,0.849075
5,PCB,14,0.004698,0.006137,0.004704,0.439066,0.004704,0.475270,-0.004704,-0.436215,0.006137,-0.006137,0.448674,-0.435635,0.439720,-0.436008,-0.436686,0.891501
5,PCB,15,0.007546,0.004806,0.002682,0.484676,0.002682,0.515032,-0.002682,-0.482830,0.004806,-0.004806,0.490606,-0.482464,0.485302,-0.482211,-0.483543,0.980141
5,PCB,16,0.009770,0.005801,0.007717,0.430281,0.007717,0.464704,-0.007717,-0.425755,0.005801,-0.005801,0.465365,-0.426097,0.431780,-0.427432,-0.426859,0.872299
5,PCB,17,0.019334,0.006856,0.006746,0.487981,0.006746,0.555110,-0.006746,-0.483994,0.006856,-0.006856,0.530946,-0.483993,0.488254,-0.483875,-0.484477,0.985190
5,PCB,18,0.013527,0.001652,0.004567,0.474627,0.004567,0.513375,-0.004567,-0.472890,0.001652,-0.001652,0.532704,-0.472963,0.475402,-0.473966,-0.473567,0.957976
5,PCB,19,0.015401,0.003245,0.007327,0.444043,0.007327,0.482326,-0.007327,-0.440113,0.003245,-0.003245,0.489883,-0.439958,0.442874,-0.438954,-0.438949,0.900539
5,PCB,20,0.006610,0.003492,0.000514,0.471943,0.000514,0.511104,-0.000514,-0.470624,0.003492,-0.003492,0.477541,-0.471271,0.471373,-0.470291,-0.470347,0.950779
5,PCB,21,0.005935,0.001864,0.002590,0.486010,0.002590,0.531420,-0.002590,-0.483822,0.001864,-0.001864,0.496952,-0.484313,0.485976,-0.484577,-0.483988,0.976490
5,PCB,22,0.004348,0.001447,0.003441,0.467601,0.003441,0.529183,-0.003441,-0.464577,0.001447,-0.001447,0.490107,-0.465348,0.467075,-0.464456,-0.464343,0.936760
5,PCB,23,0.003375,0.002668,0.002805,0.461285,0.002805,0.500287,-0.002805,-0.459033,0.002668,-0.002668,0.481522,-0.458986,0.461162,-0.458901,-0.459066,0.925871
5,PCB,24,0.003112,0.004076,0.003731,0.450556,0.003731,0.480791,-0.003731,-0.447287,0.004076,-0.004076,0.463472,-0.447154,0.449938,-0.446370,-0.446815,0.904241
5,PCB,25,0.005499,0.004184,0.005345,0.459824,0.005345,0.496917,-0.005345,-0.455579,0.004184,-0.004184,0.475936,-0.455520,0.459190,-0.455051,-0.455228,0.923703
5,PCB,26,0.010552,0.001430,0.004615,0.441338,0.004615,0.482793,-0.004615,-0.439462,0.001430,-0.001430,0.495610,-0.439663,0.440288,-0.438902,-0.438533,0.888692
5,PCB,27,0.014256,0.005828,0.005480,0.411232,0.005480,0.465440,-0.005480,-0.408247,0.005828,-0.005828,0.440311,-0.408033,0.411747,-0.408206,-0.409112,0.830906
6,DMT,0,0.009550,0.004620,0.002978,0.507527,0.002978,0.521423,-0.002978,-0.504597,0.004620,-0.004620,0.544011,-0.504412,0.507705,-0.504732,-0.505074,1.025546
6,DMT,1,0.018975,0.011432,0.008272,0.417571,0.008272,0.461330,-0.008272,-0.411676,0.011432,-0.011432,0.449000,-0.411794,0.420856,-0.413907,-0.413750,0.857666
6,DMT,2,0.026872,0.004438,0.005114,0.508024,0.005114,0.572690,-0.005114,-0.504068,0.004438,-0.004438,0.568325,-0.504198,0.508381,-0.504667,-0.504738,1.030598
6,DMT,3,0.029658,0.011079,0.004994,0.451354,0.004994,0.455816,-0.004994,-0.445867,0.011079,-0.011079,0.458812,-0.445483,0.450997,-0.444991,-0.446039,0.938365
6,DMT,4,0.043664,0.014557,0.016411,0.536086,0.016411,0.588791,-0.016411,-0.526795,0.014557,-0.014557,0.600653,-0.527750,0.540926,-0.531846,-0.530157,1.103425
6,DMT,5,0.064144,0.006671,0.020015,0.520136,0.020015,0.603986,-0.020015,-0.513228,0.006671,-0.006671,0.604295,-0.517187,0.524458,-0.521001,-0.517648,1.077209
6,DMT,6,0.023856,0.018761,0.008913,0.367431,0.008913,0.378198,-0.008913,-0.359123,0.018761,-0.018761,0.371728,-0.359520,0.366703,-0.358763,-0.358946,0.769351
6,DMT,7,0.013164,0.005753,0.003174,0.483585,0.003174,0.574223,-0.003174,-0.478451,0.005753,-0.005753,0.514495,-0.479964,0.486094,-0.482144,-0.480957,0.983089
6,DMT,8,0.005610,0.004963,0.003105,0.433770,0.003105,0.483682,-0.003105,-0.430468,0.004963,-0.004963,0.455147,-0.429681,0.434602,-0.430558,-0.431900,0.881297
6,DMT,9,0.011605,0.005335,0.005070,0.429071,0.005070,0.444514,-0.005070,-0.425918,0.005335,-0.005335,0.443839,-0.426158,0.429009,-0.426081,-0.426044,0.871131
6,DMT,10,0.009480,0.003145,0.005669,0.405640,0.005669,0.418339,-0.005669,-0.403369,0.003145,-0.003145,0.424581,-0.404562,0.405164,-0.404300,-0.403190,0.827287
6,DMT,11,0.010174,0.004350,0.006047,0.407505,0.006047,0.420697,-0.006047,-0.404888,0.004350,-0.004350,0.428537,-0.404588,0.407721,-0.404646,-0.404856,0.827268
6,DMT,12,0.011237,0.004806,0.003101,0.413840,0.003101,0.442601,-0.003101,-0.411929,0.004806,-0.004806,0.434741,-0.411746,0.413093,-0.411336,-0.411410,0.835920
6,DMT,13,0.008495,0.002170,0.002005,0.436819,0.002005,0.470903,-0.002005,-0.435990,0.002170,-0.002170,0.464159,-0.435504,0.436113,-0.434900,-0.435195,0.879640
6,DMT,14,0.008766,0.001741,0.004296,0.447589,0.004296,0.478771,-0.004296,-0.445927,0.001741,-0.001741,0.475440,-0.446447,0.447649,-0.446522,-0.445900,0.902349
6,DMT,15,0.009856,-0.000719,0.003854,0.412348,0.003854,0.435416,-0.003854,-0.410843,-0.000719,0.000719,0.438812,-0.411445,0.412188,-0.411199,-0.410326,0.832214
6,DMT,16,0.012721,0.005629,0.005239,0.432280,0.005239,0.473615,-0.005239,-0.429703,0.005629,-0.005629,0.436713,-0.429618,0.433670,-0.430666,-0.430914,0.874935
6,DMT,17,0.012094,0.003850,0.002015,0.449206,0.002015,0.465423,-0.002015,-0.448733,0.003850,-0.003850,0.471559,-0.447745,0.449635,-0.448394,-0.449174,0.909852
6,DMT,18,0.021053,0.004656,0.004899,0.463884,0.004899,0.486571,-0.004899,-0.461570,0.004656,-0.004656,0.492061,-0.461057,0.465492,-0.462597,-0.463113,0.938321
6,DMT,19,0.005564,0.003865,0.004090,0.427454,0.004090,0.444906,-0.004090,-0.425225,0.003865,-0.003865,0.436867,-0.425043,0.425838,-0.423783,-0.423886,0.860619
6,DMT,20,0.007890,0.003484,0.003094,0.450979,0.003094,0.474684,-0.003094,-0.448132,0.003484,-0.003484,0.457150,-0.448644,0.449884,-0.447495,-0.447624,0.906927
6,DMT,21,0.015353,0.005819,0.005825,0.437861,0.005825,0.493309,-0.005825,-0.433423,0.005819,-0.005819,0.448132,-0.434133,0.438575,-0.434882,-0.434777,0.887427
6,DMT,22,0.010345,0.005206,0.006531,0.402866,0.006531,0.429394,-0.006531,-0.397360,0.005206,-0.005206,0.419335,-0.397919,0.400979,-0.395817,-0.395686,0.816425
6,DMT,23,0.011013,0.004578,0.011760,0.376727,0.011760,0.388881,-0.011760,-0.370723,0.004578,-0.004578,0.376989,-0.372180,0.374350,-0.370163,-0.368554,0.774376
6,DMT,24,0.016876,0.010713,0.010708,0.350143,0.010708,0.348100,-0.010708,-0.343855,0.010713,-0.010713,0.344484,-0.343658,0.349030,-0.342881,-0.343142,0.735632
6,DMT,25,0.008633,0.008004,0.010773,0.407493,0.010773,0.435264,-0.010773,-0.401206,0.008004,-0.008004,0.410513,-0.401586,0.407389,-0.400819,-0.400879,0.828937
6,DMT,26,0.022400,0.009474,0.009535,0.433046,0.009535,0.437838,-0.009535,-0.429134,0.009474,-0.009474,0.446661,-0.428390,0.432216,-0.427444,-0.427928,0.894952
6,DMT,27,0.012175,0.008375,0.006023,0.374623,0.006023,0.388243,-0.006023,-0.372534,0.008375,-0.008375,0.389787,-0.371774,0.373302,-0.370879,-0.371848,0.768253
6,PCB,0,0.013270,0.004572,0.004177,0.444012,0.004177,0.462842,-0.004177,-0.441940,0.004574,-0.004574,0.452778,-0.442109,0.444453,-0.442688,-0.443023,0.903941
6,PCB,1,0.018524,0.000476,0.011559,0.415937,0.011559,0.445648,-0.011559,-0.412695,0.000492,-0.000492,0.428739,-0.413249,0.416394,-0.413852,-0.413822,0.853475
6,PCB,2,0.018728,0.006636,0.005863,0.479094,0.005863,0.513864,-0.005863,-0.475984,0.006653,-0.006653,0.500185,-0.476088,0.480030,-0.476351,-0.476470,0.979686
6,PCB,3,0.026461,0.010610,0.007977,0.455678,0.007977,0.476296,-0.007977,-0.451041,0.010600,-0.010600,0.507450,-0.450589,0.453837,-0.450490,-0.449805,0.945154
6,PCB,4,0.019631,0.007922,0.008683,0.500095,0.008683,0.490605,-0.008683,-0.496111,0.007908,-0.007908,0.504777,-0.496083,0.500127,-0.496765,-0.496605,1.023401
6,PCB,5,0.038040,0.013118,0.017251,0.429534,0.017251,0.464395,-0.017251,-0.422408,0.013150,-0.013150,0.475209,-0.421684,0.428364,-0.421393,-0.421468,0.902901
6,PCB,6,0.030053,0.009292,0.013367,0.404360,0.013367,0.407483,-0.013367,-0.397454,0.009259,-0.009259,0.413680,-0.397332,0.403933,-0.396558,-0.396604,0.844793
6,PCB,7,0.025319,0.004639,0.011297,0.510465,0.011297,0.534684,-0.011297,-0.508414,0.004638,-0.004638,0.511381,-0.508717,0.510998,-0.509942,-0.509471,1.048589
6,PCB,8,0.013988,0.007686,0.008066,0.407967,0.008066,0.418741,-0.008066,-0.404375,0.007668,-0.007668,0.431758,-0.403821,0.408477,-0.404252,-0.405652,0.840938
6,PCB,9,0.016248,0.007978,0.007180,0.394973,0.007180,0.404220,-0.007180,-0.389338,0.007974,-0.007974,0.415997,-0.389651,0.395387,-0.390467,-0.389631,0.813026
6,PCB,10,0.015861,0.004325,0.008338,0.419479,0.008338,0.423439,-0.008338,-0.415275,0.004329,-0.004329,0.436453,-0.415947,0.419742,-0.416143,-0.415769,0.861156
6,PCB,11,0.026653,0.011792,0.013686,0.365244,0.013686,0.364712,-0.013686,-0.355541,0.011825,-0.011825,0.372999,-0.357245,0.364552,-0.356510,-0.354559,0.782219
6,PCB,12,0.023334,0.008664,0.007453,0.431406,0.007453,0.457493,-0.007453,-0.428951,0.008674,-0.008674,0.451712,-0.427900,0.431568,-0.428667,-0.429151,0.901731
6,PCB,13,0.021524,0.005892,0.004828,0.450423,0.004828,0.447283,-0.004828,-0.449093,0.005931,-0.005931,0.478090,-0.448321,0.449221,-0.447413,-0.447746,0.927102
6,PCB,14,0.020447,0.004577,0.002696,0.470733,0.002696,0.488429,-0.002696,-0.470177,0.004592,-0.004592,0.495687,-0.470099,0.471029,-0.470333,-0.470546,0.967652
6,PCB,15,0.026300,0.011249,0.015737,0.412331,0.015737,0.415480,-0.015737,-0.405893,0.011234,-0.011234,0.452623,-0.405458,0.412954,-0.406834,-0.406348,0.866229
6,PCB,16,0.016925,0.011718,0.009818,0.365674,0.009818,0.380673,-0.009818,-0.358929,0.011699,-0.011699,0.386759,-0.358534,0.365709,-0.358631,-0.358895,0.762946
6,PCB,17,0.017240,0.013781,0.013009,0.382984,0.013009,0.398796,-0.013009,-0.374345,0.013785,-0.013785,0.387923,-0.374734,0.383311,-0.374744,-0.374708,0.793657
6,PCB,18,0.033433,0.003947,0.011845,0.508971,0.011845,0.529395,-0.011845,-0.505736,0.003976,-0.003976,0.528854,-0.506768,0.506577,-0.504807,-0.503601,1.035364
6,PCB,19,0.022817,0.007829,0.006101,0.470734,0.006101,0.514285,-0.006101,-0.467724,0.007832,-0.007832,0.478433,-0.467778,0.471505,-0.468422,-0.468845,0.964317
6,PCB,20,0.022820,0.008827,0.007589,0.412620,0.007589,0.415138,-0.007589,-0.411607,0.008773,-0.008773,0.406435,-0.411493,0.413532,-0.412585,-0.412715,0.864726
6,PCB,21,-0.002394,0.001955,0.007993,0.425270,0.007993,0.439265,-0.007993,-0.419188,0.001942,-0.001942,0.413724,-0.419118,0.423143,-0.416708,-0.417289,0.845064
6,PCB,22,0.008037,0.011640,0.005614,0.363475,0.005614,0.395145,-0.005614,-0.351757,0.011616,-0.011616,0.414652,-0.352749,0.363631,-0.353786,-0.351568,0.742507
6,PCB,23,0.002390,0.005681,0.008612,0.433414,0.008612,0.484185,-0.008612,-0.424428,0.005652,-0.005652,0.446907,-0.425401,0.434012,-0.424559,-0.424797,0.867006
6,PCB,24,0.008103,0.008210,0.005732,0.455065,0.005732,0.483979,-0.005732,-0.450306,0.008220,-0.008220,0.512202,-0.449928,0.455252,-0.450827,-0.450923,0.928162
6,PCB,25,0.012800,0.009149,0.013515,0.338427,0.013515,0.338168,-0.013515,-0.329666,0.009114,-0.009114,0.350453,-0.330072,0.337344,-0.329351,-0.328815,0.710098
6,PCB,26,0.018689,0.017348,0.012806,0.407201,0.012806,0.420932,-0.012806,-0.397643,0.017378,-0.017378,0.411300,-0.396298,0.406143,-0.395793,-0.397012,0.842965
6,PCB,27,0.013479,0.008850,0.008676,0.371399,0.008676,0.387780,-0.008676,-0.366842,0.008850,-0.008850,0.374049,-0.366337,0.372248,-0.366648,-0.367959,0.767746
7,DMT,0,0.008206,0.002209,0.003409,0.495475,0.003409,0.525575,-0.003409,-0.493419,0.002209,-0.002209,0.503814,-0.493656,0.496177,-0.494122,-0.494596,1.002597
7,DMT,1,0.008167,0.000625,0.002769,0.436401,0.002769,0.444400,-0.002769,-0.436354,0.000625,-0.000625,0.448326,-0.436542,0.436138,-0.436594,-0.435904,0.880488
7,DMT,2,0.015241,-0.000704,0.001218,0.491499,0.001218,0.529396,-0.001218,-0.495061,-0.000704,0.000704,0.528807,-0.495358,0.490692,-0.494514,-0.493576,1.002197
7,DMT,3,0.017998,0.003245,0.004066,0.525430,0.004066,0.566407,-0.004066,-0.525109,0.003245,-0.003245,0.570061,-0.525893,0.525413,-0.525525,-0.524975,1.065835
7,DMT,4,0.010154,0.007155,0.008454,0.459699,0.008454,0.485599,-0.008454,-0.453674,0.007155,-0.007155,0.490921,-0.453372,0.459095,-0.451885,-0.453541,0.935864
7,DMT,5,0.013975,0.023715,0.019489,0.415745,0.019489,0.420797,-0.019489,-0.395948,0.023715,-0.023715,0.463943,-0.397257,0.413192,-0.396851,-0.392713,0.850803
7,DMT,6,0.028276,0.012061,0.010510,0.575179,0.010510,0.630893,-0.010510,-0.569922,0.012061,-0.012061,0.619771,-0.569764,0.575244,-0.568591,-0.569838,1.164662
7,DMT,7,0.042796,0.010184,0.013325,0.589897,0.013325,0.727778,-0.013325,-0.586754,0.010184,-0.010184,0.667492,-0.586932,0.592081,-0.588150,-0.589497,1.196256
7,DMT,8,0.004196,0.010881,0.007692,0.405430,0.007692,0.378690,-0.007692,-0.397822,0.010881,-0.010881,0.420759,-0.396721,0.403608,-0.395963,-0.395803,0.820924
7,DMT,9,0.007486,0.003208,0.005482,0.415342,0.005482,0.433487,-0.005482,-0.413151,0.003208,-0.003208,0.438568,-0.413519,0.415335,-0.413731,-0.412849,0.838955
7,DMT,10,0.010742,0.004342,0.004448,0.418380,0.004448,0.438831,-0.004448,-0.415649,0.004342,-0.004342,0.431564,-0.415721,0.418223,-0.415440,-0.415419,0.849559
7,DMT,11,0.007154,0.003438,0.004308,0.445581,0.004308,0.467940,-0.004308,-0.442699,0.003438,-0.003438,0.460631,-0.443194,0.445890,-0.443517,-0.442913,0.900967
7,DMT,12,0.008386,0.007094,0.007928,0.398883,0.007928,0.429919,-0.007928,-0.391077,0.007094,-0.007094,0.406623,-0.390592,0.398151,-0.390043,-0.390684,0.810779
7,DMT,13,0.008471,0.007965,0.006036,0.445559,0.006036,0.475378,-0.006036,-0.438815,0.007965,-0.007965,0.445824,-0.438423,0.445201,-0.437781,-0.438851,0.897981
7,DMT,14,0.004196,0.013095,0.008154,0.358774,0.008154,0.368792,-0.008154,-0.349728,0.013095,-0.013095,0.375361,-0.348229,0.359062,-0.348557,-0.349733,0.728764
7,DMT,15,0.007111,0.016144,0.013125,0.341280,0.013125,0.370398,-0.013125,-0.324810,0.016144,-0.016144,0.352669,-0.326115,0.340070,-0.324798,-0.324637,0.702137
7,DMT,16,0.004997,0.010818,0.013082,0.355907,0.013082,0.377645,-0.013082,-0.343524,0.010818,-0.010818,0.365028,-0.343416,0.354923,-0.342355,-0.342245,0.719933
7,DMT,17,0.008380,0.010752,0.009498,0.403897,0.009498,0.394403,-0.009498,-0.393220,0.010752,-0.010752,0.413610,-0.393260,0.404440,-0.393560,-0.394219,0.818739
7,DMT,18,0.005086,0.014354,0.013585,0.313144,0.013585,0.302438,-0.013585,-0.295594,0.014354,-0.014354,0.317647,-0.296895,0.314129,-0.297396,-0.296734,0.650319
7,DMT,19,0.011749,0.004071,0.007223,0.441562,0.007223,0.472527,-0.007223,-0.437172,0.004071,-0.004071,0.459817,-0.437301,0.441084,-0.436702,-0.436907,0.897941
7,DMT,20,0.005849,0.003905,0.006448,0.421460,0.006448,0.445779,-0.006448,-0.417306,0.003905,-0.003905,0.422019,-0.417218,0.422335,-0.417364,-0.418424,0.856534
7,DMT,21,0.024532,0.007496,0.001209,0.426234,0.001209,0.482943,-0.001209,-0.427239,0.007496,-0.007496,0.443143,-0.426482,0.426684,-0.426869,-0.428326,0.885846
7,DMT,22,0.010972,0.003757,0.008154,0.424880,0.008154,0.442657,-0.008154,-0.421723,0.003757,-0.003757,0.445321,-0.422273,0.424742,-0.422218,-0.421499,0.861142
7,DMT,23,0.013924,0.005073,0.004783,0.463419,0.004783,0.512327,-0.004783,-0.461372,0.005073,-0.005073,0.482506,-0.462894,0.464154,-0.462804,-0.462607,0.953660
7,DMT,24,0.014038,0.005474,0.004131,0.478721,0.004131,0.519725,-0.004131,-0.476304,0.005474,-0.005474,0.492335,-0.476502,0.479733,-0.477521,-0.477814,0.972832
7,DMT,25,0.012998,0.006150,0.006184,0.390271,0.006184,0.443226,-0.006184,-0.383971,0.006150,-0.006150,0.410875,-0.385253,0.390368,-0.385588,-0.385153,0.807983
7,DMT,26,0.018936,0.002263,0.005261,0.451330,0.005261,0.504309,-0.005261,-0.450616,0.002263,-0.002263,0.458043,-0.452085,0.451913,-0.452378,-0.450961,0.923383
7,DMT,27,0.007637,0.002405,0.005472,0.372032,0.005472,0.390784,-0.005472,-0.369597,0.002405,-0.002405,0.365459,-0.370357,0.372966,-0.371240,-0.370951,0.755360
7,PCB,0,0.013392,0.007681,0.007700,0.451318,0.007700,0.457112,-0.007700,-0.445871,0.007674,-0.007674,0.480979,-0.445982,0.451800,-0.446192,-0.446083,0.922769
7,PCB,1,0.013198,0.004982,0.005476,0.474525,0.005476,0.510256,-0.005476,-0.472496,0.005011,-0.005011,0.511949,-0.471666,0.474138,-0.471246,-0.471872,0.963215
7,PCB,2,0.022286,0.008916,0.008738,0.465746,0.008738,0.498016,-0.008738,-0.460779,0.008928,-0.008928,0.493787,-0.459715,0.464834,-0.458601,-0.459658,0.957633
7,PCB,3,0.014165,0.019266,0.025723,0.298201,0.025723,0.275620,-0.025723,-0.278334,0.019304,-0.019304,0.291633,-0.281407,0.295297,-0.279041,-0.276578,0.648785
7,PCB,4,0.006782,0.009113,0.008255,0.439371,0.008255,0.483392,-0.008255,-0.431841,0.009127,-0.009127,0.447291,-0.432651,0.438678,-0.431530,-0.431279,0.902573
7,PCB,5,0.012021,0.011275,0.009100,0.434175,0.009100,0.457121,-0.009100,-0.426604,0.011288,-0.011288,0.444271,-0.426729,0.434901,-0.426897,-0.427408,0.891508
7,PCB,6,0.024508,0.006446,0.007490,0.548285,0.007490,0.598767,-0.007490,-0.546132,0.006446,-0.006446,0.571280,-0.545338,0.547426,-0.544580,-0.544988,1.112414
7,PCB,7,0.011936,0.005050,0.008028,0.477437,0.008028,0.505381,-0.008028,-0.474132,0.005086,-0.005086,0.486011,-0.474573,0.477928,-0.474420,-0.474816,0.968680
7,PCB,8,0.010364,0.005649,0.006517,0.440029,0.006517,0.478409,-0.006517,-0.435307,0.005691,-0.005691,0.473124,-0.435860,0.440377,-0.436547,-0.435602,0.896080
7,PCB,9,0.008701,0.005049,0.002636,0.453534,0.002636,0.477416,-0.002636,-0.451777,0.005071,-0.005071,0.479653,-0.451749,0.453694,-0.451921,-0.451922,0.918780
7,PCB,10,0.019317,0.003297,0.004691,0.542069,0.004691,0.597999,-0.004691,-0.540904,0.003306,-0.003306,0.580532,-0.540845,0.542347,-0.541821,-0.540965,1.098185
7,PCB,11,0.011195,0.004465,0.008429,0.475561,0.008429,0.508750,-0.008429,-0.472064,0.004438,-0.004438,0.490011,-0.472228,0.475520,-0.472101,-0.472247,0.965543
7,PCB,12,0.019380,0.014929,0.016659,0.388510,0.016659,0.492388,-0.016659,-0.373518,0.014929,-0.014929,0.413930,-0.375382,0.387511,-0.373090,-0.374234,0.805780
7,PCB,13,0.012748,0.008215,0.010204,0.390398,0.010204,0.468070,-0.010204,-0.383181,0.008145,-0.008145,0.396659,-0.384289,0.390808,-0.383966,-0.384740,0.805166
7,PCB,14,0.016720,0.001429,0.008750,0.463536,0.008750,0.493552,-0.008750,-0.460278,0.001394,-0.001394,0.507970,-0.461861,0.464265,-0.463029,-0.461179,0.946330
7,PCB,15,0.018829,0.007030,0.006370,0.549107,0.006370,0.555040,-0.006370,-0.545538,0.007023,-0.007023,0.583691,-0.545528,0.549098,-0.545950,-0.545379,1.111341
7,PCB,16,0.013197,0.003363,0.005809,0.550834,0.005809,0.584580,-0.005809,-0.547668,0.003338,-0.003338,0.579034,-0.548552,0.550299,-0.548061,-0.547461,1.112563
7,PCB,17,0.019725,0.007460,0.002736,0.580927,0.002736,0.630233,-0.002736,-0.577131,0.007441,-0.007441,0.605749,-0.576800,0.582059,-0.576469,-0.577814,1.180756
7,PCB,18,0.032905,0.006640,0.009687,0.576542,0.009687,0.629115,-0.009687,-0.573239,0.006632,-0.006632,0.608404,-0.573427,0.576337,-0.573107,-0.572092,1.169550
7,PCB,19,0.022208,0.004500,0.011081,0.526569,0.011081,0.522960,-0.011081,-0.521893,0.004501,-0.004501,0.552397,-0.522497,0.526243,-0.523339,-0.522390,1.070219
7,PCB,20,0.024745,0.003183,0.005358,0.482608,0.005358,0.591237,-0.005358,-0.481282,0.003189,-0.003189,0.533195,-0.481845,0.482673,-0.480886,-0.480678,0.981973
7,PCB,21,0.024405,0.004284,0.007110,0.542797,0.007110,0.635889,-0.007110,-0.539756,0.004295,-0.004295,0.596363,-0.539981,0.541317,-0.539329,-0.539394,1.099263
7,PCB,22,0.023154,0.005959,0.003221,0.564916,0.003221,0.675065,-0.003221,-0.562632,0.005941,-0.005941,0.622707,-0.562944,0.565856,-0.564057,-0.563341,1.142794
7,PCB,23,0.011822,0.001870,0.002823,0.498335,0.002823,0.596415,-0.002823,-0.496807,0.001864,-0.001864,0.485776,-0.498815,0.499623,-0.498345,-0.498663,1.011257
7,PCB,24,0.015996,0.001640,0.004198,0.530734,0.004198,0.607975,-0.004198,-0.528544,0.001651,-0.001651,0.549440,-0.529532,0.531422,-0.529955,-0.529279,1.069815
7,PCB,25,0.022385,0.006413,0.004736,0.577182,0.004736,0.642925,-0.004736,-0.572764,0.006432,-0.006432,0.653526,-0.570301,0.577962,-0.570833,-0.572743,1.164489
7,PCB,26,0.013224,0.002969,0.000605,0.523428,0.000605,0.570280,-0.000605,-0.524964,0.002932,-0.002932,0.519731,-0.524092,0.524578,-0.524907,-0.526826,1.066351
7,PCB,27,0.014218,0.004225,0.005659,0.491398,0.005659,0.519227,-0.005659,-0.489955,0.004214,-0.004214,0.513898,-0.490411,0.492239,-0.490911,-0.490657,0.998127
8,DMT,0,0.016484,0.005272,0.008843,0.501432,0.008843,0.498562,-0.008843,-0.497624,0.005272,-0.005272,0.516855,-0.497530,0.501249,-0.497642,-0.497477,1.024318
8,DMT,1,0.003615,0.004575,0.011059,0.395453,0.011059,0.378280,-0.011059,-0.389928,0.004575,-0.004575,0.401022,-0.391054,0.395591,-0.391074,-0.390300,0.806901
8,DMT,2,0.024520,0.005462,0.009971,0.546931,0.009971,0.633674,-0.009971,-0.542265,0.005462,-0.005462,0.577060,-0.543517,0.546995,-0.542794,-0.542062,1.109052
8,DMT,3,0.015725,0.008225,0.004307,0.471120,0.004307,0.468024,-0.004307,-0.469379,0.008225,-0.008225,0.490931,-0.469169,0.469953,-0.468014,-0.468599,0.970054
8,DMT,4,0.029724,0.008827,0.014233,0.507246,0.014233,0.543013,-0.014233,-0.501032,0.008827,-0.008827,0.502768,-0.501327,0.506655,-0.500852,-0.500612,1.038791
8,DMT,5,0.040543,0.018349,0.009967,0.461237,0.009967,0.508435,-0.009967,-0.456168,0.018349,-0.018349,0.491908,-0.453157,0.460350,-0.452450,-0.455508,0.954312
8,DMT,6,0.058667,0.007285,0.021356,0.566054,0.021356,0.717150,-0.021356,-0.559182,0.007285,-0.007285,0.631358,-0.562260,0.567689,-0.563633,-0.560254,1.167926
8,DMT,7,0.035812,0.021170,0.018603,0.432519,0.018603,0.532470,-0.018603,-0.420817,0.021170,-0.021170,0.426171,-0.423111,0.435182,-0.424022,-0.422999,0.907748
8,DMT,8,0.008519,0.010389,0.007280,0.395707,0.007280,0.406395,-0.007280,-0.388884,0.010389,-0.010389,0.431294,-0.389238,0.396671,-0.390532,-0.390754,0.810599
8,DMT,9,0.004016,0.004670,0.001801,0.445533,0.001801,0.441456,-0.001801,-0.442189,0.004670,-0.004670,0.452781,-0.442301,0.445755,-0.442488,-0.442403,0.894184
8,DMT,10,0.008185,0.004608,0.003366,0.426087,0.003366,0.437661,-0.003366,-0.423365,0.004608,-0.004608,0.442453,-0.423316,0.426654,-0.423879,-0.423654,0.863254
8,DMT,11,0.016758,0.003866,0.006585,0.444031,0.006585,0.487983,-0.006585,-0.441490,0.003866,-0.003866,0.468641,-0.441488,0.445398,-0.442773,-0.442392,0.899600
8,DMT,12,0.011000,0.004312,0.006189,0.409842,0.006189,0.443827,-0.006189,-0.407074,0.004312,-0.004312,0.427206,-0.407370,0.409641,-0.407059,-0.407186,0.830654
8,DMT,13,0.006850,0.003356,0.005929,0.431782,0.005929,0.455569,-0.005929,-0.428989,0.003356,-0.003356,0.457727,-0.429216,0.432782,-0.430035,-0.429953,0.878256
8,DMT,14,0.010922,0.002671,0.004145,0.439728,0.004145,0.474295,-0.004145,-0.438171,0.002671,-0.002671,0.453607,-0.438122,0.441007,-0.438997,-0.439034,0.894110
8,DMT,15,0.009106,0.005363,0.007450,0.443680,0.007450,0.476164,-0.007450,-0.439291,0.005363,-0.005363,0.456022,-0.439952,0.443665,-0.439612,-0.439678,0.899352
8,DMT,16,0.008577,0.004167,0.003752,0.425936,0.003752,0.468594,-0.003752,-0.423376,0.004167,-0.004167,0.432697,-0.423613,0.426862,-0.424362,-0.424232,0.865611
8,DMT,17,0.011431,0.002903,0.006760,0.438979,0.006760,0.474641,-0.006760,-0.436011,0.002903,-0.002903,0.454863,-0.436377,0.438750,-0.436062,-0.435916,0.889627
8,DMT,18,0.011993,0.002259,0.007563,0.460643,0.007563,0.484074,-0.007563,-0.457980,0.002259,-0.002259,0.473419,-0.458966,0.461229,-0.459490,-0.458336,0.934535
8,DMT,19,0.012461,0.002991,0.006059,0.412378,0.006059,0.410858,-0.006059,-0.410469,0.002991,-0.002991,0.424591,-0.410162,0.412137,-0.409921,-0.410105,0.843342
8,DMT,20,0.012861,0.001756,0.003784,0.463107,0.003784,0.502468,-0.003784,-0.462406,0.001756,-0.001756,0.475406,-0.462287,0.463973,-0.463055,-0.463278,0.937502
8,DMT,21,0.013764,0.004560,0.005946,0.463786,0.005946,0.487939,-0.005946,-0.461366,0.004560,-0.004560,0.487892,-0.461857,0.464513,-0.462682,-0.461959,0.937695
8,DMT,22,0.014244,0.003643,0.001950,0.439918,0.001950,0.470313,-0.001950,-0.439684,0.003643,-0.003643,0.448735,-0.439308,0.439765,-0.439078,-0.439290,0.894084
8,DMT,23,0.009291,0.004960,0.002218,0.420917,0.002218,0.456485,-0.002218,-0.419497,0.004960,-0.004960,0.437299,-0.419376,0.419806,-0.418106,-0.419028,0.855050
8,DMT,24,0.012581,0.001572,0.004742,0.458081,0.004742,0.485443,-0.004742,-0.456387,0.001572,-0.001572,0.466303,-0.456415,0.457192,-0.455775,-0.455360,0.926627
8,DMT,25,0.007220,0.006513,0.007043,0.367508,0.007043,0.373408,-0.007043,-0.361952,0.006513,-0.006513,0.392849,-0.361267,0.366915,-0.360870,-0.361902,0.750054
8,DMT,26,0.011786,0.009694,0.006005,0.418884,0.006005,0.434517,-0.006005,-0.412751,0.009694,-0.009694,0.417885,-0.412169,0.418990,-0.411829,-0.411964,0.853676
8,DMT,27,0.017763,0.006344,0.004364,0.407414,0.004364,0.442872,-0.004364,-0.405332,0.006344,-0.006344,0.399243,-0.405896,0.406814,-0.405138,-0.405562,0.834687
8,PCB,0,0.013999,0.009573,0.006359,0.466878,0.006359,0.497644,-0.006359,-0.460264,0.009573,-0.009573,0.459637,-0.460262,0.468201,-0.460972,-0.462169,0.958980
8,PCB,1,0.003159,0.006627,0.008738,0.425023,0.008738,0.438891,-0.008738,-0.418573,0.006627,-0.006627,0.436209,-0.418890,0.424008,-0.417935,-0.417533,0.860768
8,PCB,2,0.005801,0.004052,0.005584,0.426711,0.005584,0.463737,-0.005584,-0.422551,0.004052,-0.004052,0.452660,-0.423270,0.427452,-0.424003,-0.423411,0.864705
8,PCB,3,0.010916,0.004218,0.001557,0.497586,0.001557,0.519871,-0.001557,-0.496177,0.004218,-0.004218,0.515003,-0.496155,0.496903,-0.495302,-0.495754,1.005888
8,PCB,4,0.014302,0.005081,0.004093,0.409436,0.004093,0.422035,-0.004093,-0.406992,0.005081,-0.005081,0.455164,-0.407882,0.410822,-0.409488,-0.408924,0.840826
8,PCB,5,0.011205,0.005060,0.005010,0.422928,0.005010,0.442908,-0.005010,-0.419966,0.005060,-0.005060,0.452270,-0.420930,0.423803,-0.421677,-0.420519,0.868937
8,PCB,6,0.030986,0.007366,0.010132,0.535910,0.010132,0.586020,-0.010132,-0.531968,0.007366,-0.007366,0.587174,-0.531829,0.536254,-0.532166,-0.531600,1.086620
8,PCB,7,0.015130,0.008613,0.004983,0.426144,0.004983,0.422048,-0.004983,-0.421449,0.008613,-0.008613,0.465111,-0.420174,0.424849,-0.418767,-0.420105,0.869314
8,PCB,8,0.009499,0.005441,0.004760,0.473794,0.004760,0.498474,-0.004760,-0.470124,0.005441,-0.005441,0.492084,-0.469632,0.472692,-0.468570,-0.468888,0.954318
8,PCB,9,0.011939,0.006944,0.004653,0.434448,0.004653,0.465404,-0.004653,-0.430585,0.006944,-0.006944,0.443165,-0.430726,0.434065,-0.429958,-0.430847,0.881726
8,PCB,10,0.013619,0.006475,0.002780,0.445141,0.002780,0.482696,-0.002780,-0.444028,0.006475,-0.006475,0.464279,-0.443235,0.445859,-0.444435,-0.445080,0.910395
8,PCB,11,0.013149,0.005929,0.006503,0.451614,0.006503,0.496069,-0.006503,-0.447442,0.005929,-0.005929,0.476587,-0.447479,0.453131,-0.448675,-0.448817,0.918229
8,PCB,12,0.009379,0.002821,0.003217,0.454005,0.003217,0.498016,-0.003217,-0.453361,0.002821,-0.002821,0.489208,-0.453061,0.454295,-0.453648,-0.453815,0.920750
8,PCB,13,0.009910,0.008830,0.007102,0.424949,0.007102,0.473444,-0.007102,-0.419629,0.008830,-0.008830,0.430635,-0.420011,0.423831,-0.418921,-0.418822,0.862628
8,PCB,14,0.015540,0.005721,0.005928,0.442432,0.005928,0.484587,-0.005928,-0.439647,0.005721,-0.005721,0.449344,-0.439859,0.442398,-0.440245,-0.440040,0.905595
8,PCB,15,0.011894,0.004875,0.002479,0.502313,0.002479,0.551177,-0.002479,-0.499899,0.004875,-0.004875,0.528477,-0.500164,0.502824,-0.500203,-0.500866,1.016276
8,PCB,16,0.009898,0.006574,0.004570,0.510672,0.004570,0.559867,-0.004570,-0.506391,0.006574,-0.006574,0.532301,-0.506629,0.510686,-0.506560,-0.506898,1.027780
8,PCB,17,0.016675,0.004972,0.005462,0.513511,0.005462,0.550430,-0.005462,-0.511761,0.004972,-0.004972,0.557897,-0.511214,0.512869,-0.510966,-0.511278,1.034285
8,PCB,18,0.016773,0.004322,0.004844,0.523517,0.004844,0.579254,-0.004844,-0.521652,0.004322,-0.004322,0.528408,-0.521619,0.522651,-0.520887,-0.520736,1.056005
8,PCB,19,0.022757,0.007234,0.005627,0.487061,0.005627,0.546437,-0.005627,-0.484478,0.007234,-0.007234,0.516185,-0.484873,0.486172,-0.483648,-0.483121,0.990847
8,PCB,20,0.011419,0.021892,0.019870,0.291593,0.019870,0.236160,-0.019870,-0.271750,0.021892,-0.021892,0.304763,-0.275048,0.289592,-0.273459,-0.270787,0.626763
8,PCB,21,0.016130,0.006853,0.007257,0.450172,0.007257,0.476895,-0.007257,-0.446389,0.006853,-0.006853,0.477583,-0.446097,0.449064,-0.445326,-0.445167,0.916963
8,PCB,22,0.014422,0.003406,0.001570,0.445048,0.001570,0.503037,-0.001570,-0.442860,0.003406,-0.003406,0.441187,-0.443052,0.444358,-0.442067,-0.443228,0.904533
8,PCB,23,0.007787,0.001677,0.007266,0.451559,0.007266,0.478375,-0.007266,-0.448681,0.001677,-0.001677,0.455767,-0.449079,0.452216,-0.449491,-0.448538,0.915538
8,PCB,24,0.029021,0.006045,0.009731,0.538466,0.009731,0.599460,-0.009731,-0.534029,0.006045,-0.006045,0.560543,-0.534822,0.539358,-0.535485,-0.534965,1.087659
8,PCB,25,0.016878,0.009540,0.005999,0.519952,0.005999,0.580883,-0.005999,-0.516194,0.009540,-0.009540,0.534069,-0.514413,0.517431,-0.511778,-0.513379,1.048994
8,PCB,26,0.016078,0.004573,0.002207,0.528262,0.002207,0.590792,-0.002207,-0.526734,0.004573,-0.004573,0.526014,-0.527831,0.527447,-0.527003,-0.526080,1.073520
8,PCB,27,0.022734,0.005797,0.005575,0.477594,0.005575,0.510010,-0.005575,-0.476502,0.005797,-0.005797,0.492531,-0.477054,0.476885,-0.476535,-0.476405,0.975590
9,DMT,0,0.022246,0.006175,0.005331,0.424165,0.005331,0.453706,-0.005331,-0.423375,0.006175,-0.006175,0.449072,-0.423368,0.424126,-0.423325,-0.423612,0.881502
9,DMT,1,0.021751,0.013917,0.007477,0.434538,0.007477,0.483991,-0.007477,-0.426505,0.013917,-0.013917,0.447165,-0.426687,0.434260,-0.426552,-0.426936,0.885755
9,DMT,2,0.017069,0.017737,0.006822,0.395098,0.006822,0.454440,-0.006822,-0.385309,0.017737,-0.017737,0.398771,-0.384626,0.393789,-0.381724,-0.383933,0.815122
9,DMT,3,0.028016,0.000157,0.002365,0.530316,0.002365,0.647066,-0.002365,-0.532092,0.000157,-0.000157,0.559179,-0.531708,0.529617,-0.530093,-0.531086,1.077444
9,DMT,4,0.003691,0.018209,0.018625,0.382528,0.018625,0.398481,-0.018625,-0.364402,0.018209,-0.018209,0.385225,-0.366757,0.382748,-0.365229,-0.364823,0.781858
9,DMT,5,0.015061,0.008291,0.008174,0.434917,0.008174,0.460752,-0.008174,-0.430663,0.008291,-0.008291,0.425650,-0.431807,0.434727,-0.431202,-0.431619,0.916231
9,DMT,6,0.000666,0.003324,0.006085,0.585875,0.006085,0.663061,-0.006085,-0.580460,0.003324,-0.003324,0.579852,-0.581738,0.586476,-0.582115,-0.581803,1.176265
9,DMT,7,0.001444,0.009889,0.010566,0.420961,0.010566,0.478527,-0.010566,-0.409309,0.009889,-0.009889,0.436935,-0.410867,0.420896,-0.411196,-0.409914,0.861582
9,DMT,8,0.039449,0.025095,0.019781,0.366068,0.019781,0.426163,-0.019781,-0.352312,0.025095,-0.025095,0.375592,-0.352413,0.365783,-0.351811,-0.353830,0.799724
9,DMT,9,0.015759,0.005305,0.008897,0.372040,0.008897,0.387955,-0.008897,-0.366959,0.005305,-0.005305,0.389863,-0.367314,0.371951,-0.366874,-0.366791,0.784328
9,DMT,10,0.012685,0.003270,-0.000019,0.405727,-0.000019,0.437998,0.000019,-0.406412,0.003270,-0.003270,0.418284,-0.406256,0.405553,-0.406119,-0.406114,0.827239
9,DMT,11,0.014907,0.007514,0.006259,0.390543,0.006259,0.401676,-0.006259,-0.386816,0.007514,-0.007514,0.409393,-0.386789,0.390346,-0.386581,-0.386582,0.806160
9,DMT,12,0.012526,0.005191,0.005537,0.413434,0.005537,0.427788,-0.005537,-0.410578,0.005191,-0.005191,0.422716,-0.410955,0.413392,-0.410789,-0.410592,0.852795
9,DMT,13,0.012593,0.008766,0.007351,0.437996,0.007351,0.458302,-0.007351,-0.432148,0.008766,-0.008766,0.444753,-0.432107,0.438211,-0.432369,-0.432512,0.888718
9,DMT,14,0.019313,0.008536,0.004361,0.438265,0.004361,0.444425,-0.004361,-0.435196,0.008536,-0.008536,0.449570,-0.435624,0.438325,-0.435662,-0.435014,0.895527
9,DMT,15,0.011419,0.018168,0.020328,0.265841,0.020328,0.307935,-0.020328,-0.247043,0.018168,-0.018168,0.259145,-0.250183,0.266142,-0.248424,-0.248074,0.575288
9,DMT,16,0.027034,0.013386,0.013209,0.348395,0.013209,0.390598,-0.013209,-0.339709,0.013386,-0.013386,0.362940,-0.340770,0.347794,-0.339682,-0.338892,0.736286
9,DMT,17,0.014653,0.004287,0.005869,0.430461,0.005869,0.458961,-0.005869,-0.429752,0.004287,-0.004287,0.435701,-0.430545,0.430915,-0.430878,-0.430061,0.883051
9,DMT,18,0.016031,0.009409,0.014700,0.389715,0.014700,0.416398,-0.014700,-0.380407,0.009409,-0.009409,0.390504,-0.382009,0.389905,-0.381136,-0.380362,0.815921
9,DMT,19,0.014403,0.008109,0.008043,0.430539,0.008043,0.444302,-0.008043,-0.425304,0.008109,-0.008109,0.445268,-0.425130,0.431930,-0.426644,-0.426758,0.879238
9,DMT,20,0.016115,0.006457,0.006777,0.444324,0.006777,0.454879,-0.006777,-0.440529,0.006457,-0.006457,0.461795,-0.440638,0.445551,-0.441657,-0.441357,0.905570
9,DMT,21,0.023471,0.016754,0.013957,0.422706,0.013957,0.433620,-0.013957,-0.412388,0.016754,-0.016754,0.428235,-0.411500,0.421829,-0.410445,-0.411266,0.868810
9,DMT,22,0.032654,0.013330,0.005425,0.464406,0.005425,0.502119,-0.005425,-0.461246,0.013330,-0.013330,0.466389,-0.459692,0.466047,-0.461173,-0.463112,0.949110
9,DMT,23,0.018517,0.003676,0.000691,0.497849,0.000691,0.507981,-0.000691,-0.496719,0.003676,-0.003676,0.511949,-0.495671,0.498503,-0.497665,-0.497625,1.004715
9,DMT,24,0.016130,0.006869,0.006536,0.452994,0.006536,0.496634,-0.006536,-0.450250,0.006869,-0.006869,0.462883,-0.450430,0.452346,-0.449242,-0.449604,0.929025
9,DMT,25,0.025634,0.003635,0.008219,0.514514,0.008219,0.545556,-0.008219,-0.512919,0.003635,-0.003635,0.529806,-0.512765,0.513789,-0.512255,-0.511841,1.050755
9,DMT,26,0.030691,0.008292,0.009709,0.550911,0.009709,0.574180,-0.009709,-0.548278,0.008292,-0.008292,0.559002,-0.547943,0.552626,-0.549632,-0.550472,1.121376
9,DMT,27,0.020232,0.002113,0.011832,0.488393,0.011832,0.468394,-0.011832,-0.486502,0.002113,-0.002113,0.503013,-0.485703,0.488849,-0.486517,-0.486325,0.991036
9,PCB,0,0.014082,0.006899,0.001827,0.422435,0.001827,0.434731,-0.001827,-0.423941,0.006899,-0.006899,0.432871,-0.425212,0.422345,-0.425139,-0.423887,0.872208
9,PCB,1,0.016578,0.009519,0.002334,0.426265,0.002334,0.440521,-0.002334,-0.425973,0.009519,-0.009519,0.455973,-0.425680,0.426480,-0.426049,-0.425981,0.881504
9,PCB,2,0.018064,0.011768,0.010335,0.362816,0.010335,0.383877,-0.010335,-0.354746,0.011768,-0.011768,0.382258,-0.355483,0.362836,-0.356110,-0.355927,0.765512
9,PCB,3,0.026753,0.005979,-0.000889,0.403711,-0.000889,0.443624,0.000889,-0.408628,0.005979,-0.005979,0.425591,-0.410501,0.404349,-0.411594,-0.410482,0.864557
9,PCB,4,0.036177,0.013738,0.008313,0.537928,0.008313,0.575979,-0.008313,-0.533662,0.013738,-0.013738,0.575236,-0.530792,0.537425,-0.530888,-0.533451,1.098040
9,PCB,5,0.020237,0.009823,0.011629,0.468635,0.011629,0.481129,-0.011629,-0.461131,0.009823,-0.009823,0.477137,-0.459954,0.468698,-0.459769,-0.460662,0.957941
9,PCB,6,0.017960,0.007050,0.009035,0.446124,0.009035,0.483630,-0.009035,-0.440807,0.007050,-0.007050,0.466476,-0.439837,0.446463,-0.440630,-0.440977,0.913200
9,PCB,7,0.012467,0.015415,0.011221,0.377491,0.011221,0.422570,-0.011221,-0.365932,0.015415,-0.015415,0.382774,-0.365961,0.375623,-0.363750,-0.365171,0.784198
9,PCB,8,0.009947,0.009105,0.002159,0.404512,0.002159,0.438293,-0.002159,-0.399104,0.009105,-0.009105,0.418928,-0.401074,0.404268,-0.400729,-0.399604,0.825018
9,PCB,9,0.022486,0.021531,0.007789,0.419478,0.007789,0.435609,-0.007789,-0.410698,0.021531,-0.021531,0.407815,-0.409868,0.420812,-0.411381,-0.412034,0.874482
9,PCB,10,0.020785,0.008664,0.004731,0.492561,0.004731,0.529899,-0.004731,-0.491283,0.008664,-0.008664,0.506337,-0.490186,0.492939,-0.489774,-0.491172,1.004181
9,PCB,11,0.015742,0.006462,0.008738,0.478620,0.008738,0.516808,-0.008738,-0.472554,0.006462,-0.006462,0.495470,-0.472691,0.479059,-0.472704,-0.473013,0.969929
9,PCB,12,0.014327,0.008782,0.006936,0.421322,0.006936,0.486268,-0.006936,-0.412882,0.008782,-0.008782,0.429521,-0.413754,0.421070,-0.413154,-0.414027,0.857078
9,PCB,13,0.016260,0.006499,0.006443,0.457605,0.006443,0.484384,-0.006443,-0.454915,0.006499,-0.006499,0.477150,-0.456144,0.457187,-0.454623,-0.455024,0.937952
9,PCB,14,0.015321,0.003291,0.005561,0.424348,0.005561,0.436053,-0.005561,-0.424385,0.003291,-0.003291,0.429386,-0.423424,0.423400,-0.422693,-0.422940,0.875090
9,PCB,15,0.010597,0.004929,0.003731,0.435169,0.003731,0.470575,-0.003731,-0.433720,0.004929,-0.004929,0.441255,-0.434009,0.434479,-0.433391,-0.433221,0.885207
9,PCB,16,0.018390,0.003737,0.007059,0.492993,0.007059,0.566994,-0.007059,-0.488788,0.003737,-0.003737,0.514842,-0.489031,0.492037,-0.487810,-0.488277,0.995464
9,PCB,17,0.011080,0.010913,0.003973,0.409853,0.003973,0.445553,-0.003973,-0.405335,0.010913,-0.010913,0.433919,-0.405393,0.409057,-0.404415,-0.404430,0.837817
9,PCB,18,0.008507,0.025185,0.014199,0.343468,0.014199,0.318944,-0.014199,-0.323189,0.025185,-0.025185,0.339974,-0.324592,0.342076,-0.323187,-0.322659,0.727228
9,PCB,19,0.022714,0.026235,0.019582,0.373177,0.019582,0.382482,-0.019582,-0.354000,0.026235,-0.026235,0.386526,-0.353344,0.373001,-0.353795,-0.353515,0.785895
9,PCB,20,0.009610,0.011120,0.006185,0.424280,0.006185,0.476405,-0.006185,-0.414500,0.011120,-0.011120,0.426846,-0.415027,0.422032,-0.411688,-0.412871,0.860222
9,PCB,21,0.020145,0.009420,0.011598,0.499519,0.011598,0.521163,-0.011598,-0.491740,0.009420,-0.009420,0.522914,-0.490872,0.498141,-0.489958,-0.489290,1.012476
9,PCB,22,0.010742,0.006081,0.004962,0.450976,0.004962,0.500466,-0.004962,-0.446310,0.006081,-0.006081,0.452144,-0.446672,0.450705,-0.445814,-0.447205,0.915916
9,PCB,23,0.011304,0.000942,0.003323,0.486820,0.003323,0.566059,-0.003323,-0.486090,0.000942,-0.000942,0.511720,-0.486373,0.487543,-0.486888,-0.486766,0.985610
9,PCB,24,0.003862,0.013045,0.014261,0.426951,0.014261,0.448361,-0.014261,-0.412125,0.013045,-0.013045,0.438472,-0.413592,0.428285,-0.414287,-0.413426,0.873295
9,PCB,25,0.012915,0.020817,0.023259,0.417663,0.023259,0.431798,-0.023259,-0.394076,0.020817,-0.020817,0.430452,-0.394828,0.421076,-0.397302,-0.397584,0.866151
9,PCB,26,0.025256,0.003223,0.003466,0.503154,0.003466,0.649731,-0.003466,-0.503400,0.003223,-0.003223,0.583205,-0.504622,0.505286,-0.505888,-0.504792,1.029671
9,PCB,27,0.010100,0.003829,0.003051,0.455059,0.003051,0.527932,-0.003051,-0.453099,0.003829,-0.003829,0.488984,-0.452801,0.454897,-0.452804,-0.452280,0.916227
10,DMT,0,0.012073,0.010591,0.008302,0.420746,0.008302,0.459533,-0.008302,-0.413952,0.010591,-0.010591,0.411352,-0.413494,0.418732,-0.411039,-0.412103,0.860234
10,DMT,1,0.009283,0.005618,0.000964,0.442387,0.000964,0.503905,-0.000964,-0.439704,0.005618,-0.005618,0.452785,-0.440373,0.442807,-0.440482,-0.440567,0.896253
10,DMT,2,0.010560,0.005267,0.006203,0.496404,0.006203,0.502784,-0.006203,-0.494123,0.005267,-0.005267,0.481651,-0.494178,0.498152,-0.495551,-0.496004,1.010028
10,DMT,3,0.004555,0.004028,0.003660,0.421119,0.003660,0.446967,-0.003660,-0.417672,0.004028,-0.004028,0.428848,-0.418488,0.421831,-0.418861,-0.418532,0.850367
10,DMT,4,0.014087,0.005863,0.007584,0.405048,0.007584,0.424264,-0.007584,-0.401866,0.005863,-0.005863,0.421198,-0.400654,0.404594,-0.400184,-0.401034,0.825594
10,DMT,5,0.006290,0.012787,0.006000,0.358769,0.006000,0.366850,-0.006000,-0.351964,0.012787,-0.012787,0.357403,-0.351781,0.359711,-0.353084,-0.353228,0.740054
10,DMT,6,0.007490,0.005488,0.004407,0.452577,0.004407,0.460448,-0.004407,-0.447400,0.005488,-0.005488,0.469297,-0.447007,0.453234,-0.447727,-0.447773,0.913605
10,DMT,7,0.020857,0.015528,0.016309,0.417316,0.016309,0.404692,-0.016309,-0.404981,0.015528,-0.015528,0.487349,-0.404734,0.417944,-0.406273,-0.404678,0.869125
10,DMT,8,0.008738,0.009586,0.009201,0.377077,0.009201,0.389160,-0.009201,-0.369726,0.009586,-0.009586,0.423376,-0.369069,0.377611,-0.369173,-0.370174,0.773910
10,DMT,9,0.007475,0.006243,0.006229,0.377532,0.006229,0.395354,-0.006229,-0.371656,0.006243,-0.006243,0.400159,-0.370398,0.375380,-0.366914,-0.369563,0.761854
10,DMT,10,0.006118,0.002964,0.003074,0.412761,0.003074,0.413544,-0.003074,-0.411055,0.002964,-0.002964,0.436662,-0.409491,0.411695,-0.409219,-0.409715,0.834015
10,DMT,11,0.007423,0.001219,0.006223,0.425481,0.006223,0.473756,-0.006223,-0.423456,0.001219,-0.001219,0.442580,-0.425282,0.427452,-0.427111,-0.425415,0.866070
10,DMT,12,0.004875,0.002630,0.002837,0.419444,0.002837,0.451724,-0.002837,-0.416926,0.002630,-0.002630,0.433391,-0.417232,0.419381,-0.417302,-0.416870,0.842737
10,DMT,13,0.006685,0.004307,0.003656,0.425212,0.003656,0.454530,-0.003656,-0.422666,0.004307,-0.004307,0.434299,-0.422608,0.424983,-0.422207,-0.422520,0.857257
10,DMT,14,0.012727,0.003541,0.005835,0.428873,0.005835,0.471131,-0.005835,-0.426689,0.003541,-0.003541,0.439527,-0.426393,0.429465,-0.426273,-0.427259,0.869761
10,DMT,15,0.007169,0.003960,0.002436,0.441088,0.002436,0.474984,-0.002436,-0.438517,0.003960,-0.003960,0.444570,-0.437919,0.441195,-0.437735,-0.438354,0.888541
10,DMT,16,0.019004,0.004856,0.005621,0.452903,0.005621,0.499858,-0.005621,-0.451094,0.004856,-0.004856,0.456501,-0.451272,0.453708,-0.451927,-0.452054,0.918916
10,DMT,17,0.007353,0.005373,0.005867,0.416203,0.005867,0.433830,-0.005867,-0.411476,0.005373,-0.005373,0.430999,-0.411417,0.415798,-0.411113,-0.411069,0.838282
10,DMT,18,0.006863,0.006299,0.006100,0.382006,0.006100,0.413150,-0.006100,-0.377921,0.006299,-0.006299,0.395051,-0.377232,0.381857,-0.376768,-0.377691,0.775548
10,DMT,19,0.013989,0.004400,0.002280,0.421119,0.002280,0.464233,-0.002280,-0.420541,0.004400,-0.004400,0.450219,-0.419922,0.421382,-0.420293,-0.421038,0.855198
10,DMT,20,0.017839,0.007075,0.004509,0.412074,0.004509,0.477603,-0.004509,-0.408123,0.007075,-0.007075,0.431915,-0.408491,0.412230,-0.408576,-0.409045,0.845359
10,DMT,21,0.004800,0.004260,0.003121,0.380773,0.003121,0.416071,-0.003121,-0.377884,0.004260,-0.004260,0.404527,-0.378549,0.380796,-0.378271,-0.378079,0.776479
10,DMT,22,0.012900,0.007467,0.006322,0.417584,0.006322,0.463539,-0.006322,-0.412788,0.007467,-0.007467,0.436980,-0.413062,0.417177,-0.412446,-0.412543,0.852288
10,DMT,23,0.024096,0.011978,0.007909,0.470010,0.007909,0.516402,-0.007909,-0.466568,0.011978,-0.011978,0.513562,-0.465141,0.468695,-0.463221,-0.464975,0.959545
10,DMT,24,0.020627,0.003405,0.003907,0.476250,0.003907,0.533048,-0.003907,-0.475229,0.003405,-0.003405,0.530039,-0.475384,0.475314,-0.475091,-0.474553,0.964274
10,DMT,25,0.039993,0.012450,0.014851,0.452858,0.014851,0.490835,-0.014851,-0.448964,0.012450,-0.012450,0.470920,-0.449583,0.452127,-0.447438,-0.447480,0.944556
10,DMT,26,0.013288,0.004614,0.002655,0.460195,0.002655,0.505132,-0.002655,-0.459159,0.004614,-0.004614,0.471044,-0.458546,0.459592,-0.459173,-0.459017,0.935373
10,DMT,27,0.010133,0.007028,0.004056,0.390465,0.004056,0.426426,-0.004056,-0.387967,0.007028,-0.007028,0.412585,-0.388145,0.389698,-0.387631,-0.387634,0.793941
10,PCB,0,0.011416,0.005591,0.010799,0.386602,0.010799,0.406516,-0.010799,-0.381036,0.005591,-0.005591,0.385711,-0.382117,0.386713,-0.382083,-0.381517,0.797416
10,PCB,1,0.011723,0.002094,0.001594,0.368940,0.001594,0.402987,-0.001594,-0.369167,0.002094,-0.002094,0.373904,-0.369014,0.367399,-0.366661,-0.367706,0.760483
10,PCB,2,0.012210,0.006504,0.005067,0.445068,0.005067,0.450143,-0.005067,-0.443365,0.006504,-0.006504,0.466768,-0.441569,0.442167,-0.438309,-0.439928,0.904199
10,PCB,3,0.012957,0.017585,0.017212,0.382085,0.017212,0.399671,-0.017212,-0.366793,0.017585,-0.017585,0.394407,-0.366257,0.379003,-0.363386,-0.365392,0.788022
10,PCB,4,0.011674,0.016247,0.008298,0.381565,0.008298,0.403689,-0.008298,-0.373341,0.016247,-0.016247,0.399227,-0.371137,0.381556,-0.371320,-0.373193,0.782020
10,PCB,5,0.010889,0.000507,0.008568,0.407818,0.008568,0.448450,-0.008568,-0.405078,0.000507,-0.000507,0.439136,-0.406025,0.408657,-0.405755,-0.406211,0.840519
10,PCB,6,0.017642,0.010577,0.008495,0.454175,0.008495,0.477803,-0.008495,-0.448538,0.010577,-0.010577,0.483199,-0.448646,0.453634,-0.447801,-0.448238,0.928414
10,PCB,7,0.019872,0.012696,0.013082,0.437844,0.013082,0.468324,-0.013082,-0.427277,0.012696,-0.012696,0.438228,-0.428606,0.436453,-0.427160,-0.427451,0.901131
10,PCB,8,0.017738,0.007164,0.005824,0.368335,0.005824,0.368283,-0.005824,-0.367299,0.007164,-0.007164,0.371009,-0.366506,0.368291,-0.366505,-0.366237,0.766497
10,PCB,9,0.024498,0.009288,0.008348,0.409374,0.008348,0.444748,-0.008348,-0.407165,0.009288,-0.009288,0.433067,-0.406621,0.409587,-0.406980,-0.407440,0.848741
10,PCB,10,0.031260,0.011726,0.010120,0.451672,0.010120,0.494507,-0.010120,-0.447424,0.011726,-0.011726,0.488091,-0.446948,0.453098,-0.447891,-0.448857,0.929112
10,PCB,11,0.023508,0.005060,0.006356,0.437806,0.006356,0.458687,-0.006356,-0.438077,0.005060,-0.005060,0.440107,-0.437579,0.438882,-0.438782,-0.439288,0.903255
10,PCB,12,0.015662,0.012135,0.005854,0.426100,0.005854,0.444942,-0.005854,-0.418818,0.012135,-0.012135,0.435494,-0.419573,0.427335,-0.421246,-0.420489,0.872457
10,PCB,13,0.013060,0.004155,0.007055,0.428610,0.007055,0.477158,-0.007055,-0.423674,0.004155,-0.004155,0.447821,-0.425452,0.428184,-0.424075,-0.424647,0.874267
10,PCB,14,0.014929,0.011251,0.013983,0.414386,0.013983,0.430931,-0.013983,-0.403682,0.011251,-0.011251,0.415898,-0.405667,0.413088,-0.404138,-0.403070,0.848938
10,PCB,15,0.007380,0.009301,0.007174,0.381220,0.007174,0.411053,-0.007174,-0.374678,0.009301,-0.009301,0.378494,-0.375491,0.382278,-0.376334,-0.374879,0.786194
10,PCB,16,0.022722,0.007326,0.003164,0.444263,0.003164,0.495544,-0.003164,-0.442340,0.007326,-0.007326,0.478022,-0.442877,0.443442,-0.442095,-0.442240,0.906876
10,PCB,17,0.021604,0.009191,0.011274,0.406946,0.011274,0.449810,-0.011274,-0.399902,0.009191,-0.009191,0.418038,-0.400013,0.405895,-0.398738,-0.399686,0.836436
10,PCB,18,0.006327,0.008363,0.008503,0.449573,0.008503,0.466236,-0.008503,-0.441459,0.008363,-0.008363,0.446044,-0.442355,0.449735,-0.442017,-0.442321,0.908143
10,PCB,19,0.004732,0.001626,0.003079,0.467853,0.003079,0.526354,-0.003079,-0.464945,0.001626,-0.001626,0.487011,-0.465122,0.467348,-0.464423,-0.464510,0.940381
10,PCB,20,0.030731,0.011303,0.009851,0.474119,0.009851,0.524255,-0.009851,-0.468643,0.011303,-0.011303,0.516039,-0.467694,0.472574,-0.466541,-0.467884,0.969859
10,PCB,21,0.011960,0.008913,0.008955,0.444449,0.008955,0.468038,-0.008955,-0.436300,0.008913,-0.008913,0.452610,-0.437086,0.443255,-0.435803,-0.435361,0.894040
10,PCB,22,0.016174,0.014322,0.013586,0.407255,0.013586,0.461456,-0.013586,-0.395582,0.014322,-0.014322,0.405551,-0.395828,0.406407,-0.395164,-0.395545,0.829370
10,PCB,23,0.013285,0.005889,0.003598,0.462999,0.003598,0.487844,-0.003598,-0.460714,0.005889,-0.005889,0.497229,-0.460874,0.463784,-0.461218,-0.461309,0.942943
10,PCB,24,0.012531,0.013132,0.005243,0.436403,0.005243,0.500727,-0.005243,-0.430530,0.013132,-0.013132,0.461285,-0.430357,0.437919,-0.431322,-0.432255,0.891464
10,PCB,25,0.008255,0.003868,0.001134,0.470491,0.001134,0.532551,-0.001134,-0.468986,0.003868,-0.003868,0.493777,-0.469296,0.472055,-0.470663,-0.470953,0.954807
10,PCB,26,0.007875,0.012151,0.007161,0.482675,0.007161,0.499924,-0.007161,-0.473860,0.012151,-0.012151,0.473766,-0.474056,0.481391,-0.473357,-0.473351,0.979379
10,PCB,27,0.014019,0.004143,0.003998,0.408916,0.003998,0.463600,-0.003998,-0.407892,0.004143,-0.004143,0.421719,-0.406896,0.408316,-0.406713,-0.407386,0.839204
11,DMT,0,0.004428,0.014388,0.011818,0.318386,0.011818,0.360772,-0.011818,-0.304272,0.014388,-0.014388,0.346257,-0.303184,0.317974,-0.302941,-0.304833,0.657422
11,DMT,1,0.014824,0.008120,0.003838,0.449584,0.003838,0.527517,-0.003838,-0.445184,0.008120,-0.008120,0.508358,-0.445304,0.450962,-0.446578,-0.447658,0.925847
11,DMT,2,0.027081,0.008484,0.009294,0.454950,0.009294,0.522820,-0.009294,-0.449875,0.008484,-0.008484,0.492697,-0.449859,0.454683,-0.449765,-0.449931,0.928468
11,DMT,3,0.012933,0.007156,0.006476,0.487432,0.006476,0.525334,-0.006476,-0.481820,0.007156,-0.007156,0.504763,-0.483428,0.487859,-0.483439,-0.482801,0.989565
11,DMT,4,0.028134,0.007977,0.006797,0.505454,0.006797,0.565441,-0.006797,-0.502504,0.007977,-0.007977,0.541489,-0.502511,0.505210,-0.502408,-0.501823,1.032959
11,DMT,5,0.009377,0.005011,0.005196,0.485409,0.005196,0.513489,-0.005196,-0.482371,0.005011,-0.005011,0.507421,-0.482308,0.486105,-0.483052,-0.482946,0.983650
11,DMT,6,0.030501,0.011290,0.008009,0.461980,0.008009,0.531867,-0.008009,-0.457178,0.011290,-0.011290,0.514592,-0.456494,0.461292,-0.455388,-0.455963,0.944207
11,DMT,7,0.019339,0.011278,0.010613,0.457269,0.010613,0.519488,-0.010613,-0.448771,0.011278,-0.011278,0.499438,-0.449724,0.456662,-0.449188,-0.448172,0.929482
11,DMT,8,0.009104,0.001904,0.003182,0.455076,0.003182,0.498298,-0.003182,-0.452831,0.001904,-0.001904,0.473736,-0.453238,0.455743,-0.453804,-0.453341,0.918170
11,DMT,9,0.008813,0.002584,0.004508,0.390481,0.004508,0.428922,-0.004508,-0.387783,0.002584,-0.002584,0.416297,-0.388483,0.391235,-0.388971,-0.389045,0.790526
11,DMT,10,0.007282,0.005693,0.002613,0.428219,0.002613,0.458003,-0.002613,-0.426346,0.005693,-0.005693,0.448492,-0.425768,0.428191,-0.425337,-0.426519,0.863243
11,DMT,11,0.009424,0.001605,0.001711,0.438827,0.001711,0.474508,-0.001711,-0.438854,0.001605,-0.001605,0.445860,-0.438322,0.438097,-0.438057,-0.438332,0.888350
11,DMT,12,0.014071,0.007781,0.007126,0.418894,0.007126,0.422376,-0.007126,-0.415058,0.007781,-0.007781,0.415741,-0.415179,0.418898,-0.414881,-0.415300,0.858664
11,DMT,13,0.006204,0.005053,0.001896,0.418965,0.001896,0.412277,-0.001896,-0.417071,0.005053,-0.005053,0.405993,-0.417870,0.419792,-0.418893,-0.418300,0.854105
11,DMT,14,0.007921,0.001840,0.005542,0.395850,0.005542,0.416069,-0.005542,-0.392580,0.001840,-0.001840,0.424110,-0.392259,0.396184,-0.392747,-0.392572,0.800114
11,DMT,15,0.011585,0.001135,0.002674,0.423075,0.002674,0.459526,-0.002674,-0.423126,0.001135,-0.001135,0.442457,-0.423054,0.422342,-0.422176,-0.422499,0.858984
11,DMT,16,0.014802,0.007769,0.004204,0.445733,0.004204,0.493905,-0.004204,-0.442749,0.007769,-0.007769,0.474347,-0.441886,0.445060,-0.441158,-0.442300,0.902993
11,DMT,17,0.012569,0.005776,0.003007,0.468272,0.003007,0.513319,-0.003007,-0.466037,0.005776,-0.005776,0.481692,-0.465359,0.467960,-0.464249,-0.465631,0.945889
11,DMT,18,0.026227,0.010793,0.006474,0.473168,0.006474,0.548862,-0.006474,-0.468785,0.010793,-0.010793,0.519520,-0.467216,0.470260,-0.464650,-0.466695,0.957455
11,DMT,19,0.015627,0.022562,0.012911,0.398712,0.012911,0.380612,-0.012911,-0.388651,0.022562,-0.022562,0.394617,-0.386809,0.397798,-0.386468,-0.387473,0.828205
11,DMT,20,0.006369,0.011409,0.008959,0.376839,0.008959,0.387844,-0.008959,-0.368104,0.011409,-0.011409,0.383477,-0.367350,0.375681,-0.365713,-0.366847,0.768327
11,DMT,21,0.015727,0.009775,0.007419,0.423311,0.007419,0.508220,-0.007419,-0.418222,0.009775,-0.009775,0.463896,-0.417477,0.423307,-0.417325,-0.419094,0.866619
11,DMT,22,0.016015,0.006126,0.005183,0.461971,0.005183,0.511335,-0.005183,-0.458435,0.006126,-0.006126,0.487080,-0.459220,0.461171,-0.458331,-0.457894,0.938085
11,DMT,23,0.013567,0.005101,0.002564,0.478269,0.002564,0.520599,-0.002564,-0.476449,0.005101,-0.005101,0.506076,-0.476864,0.477623,-0.476274,-0.476105,0.968146
11,DMT,24,0.006693,0.005159,0.005495,0.416591,0.005495,0.408356,-0.005495,-0.413432,0.005159,-0.005159,0.428158,-0.413093,0.416556,-0.413452,-0.413037,0.848363
11,DMT,25,0.006722,0.004702,0.004101,0.461213,0.004101,0.474488,-0.004101,-0.457620,0.004702,-0.004702,0.488407,-0.457410,0.461855,-0.457891,-0.458337,0.931904
11,DMT,26,0.018872,0.006916,0.007484,0.499333,0.007484,0.527020,-0.007484,-0.494059,0.006916,-0.006916,0.529130,-0.494694,0.497930,-0.493114,-0.492889,1.011626
11,DMT,27,0.008067,0.004268,0.002334,0.424989,0.002334,0.452601,-0.002334,-0.422853,0.004268,-0.004268,0.443835,-0.422524,0.425809,-0.423454,-0.423765,0.858612
11,PCB,0,0.009849,0.005647,0.003865,0.477540,0.003865,0.497514,-0.003865,-0.474760,0.005647,-0.005647,0.483468,-0.474079,0.477605,-0.474335,-0.474588,0.965337
11,PCB,1,0.014282,0.003350,0.005552,0.443801,0.005552,0.477915,-0.005552,-0.442444,0.003350,-0.003350,0.467142,-0.442314,0.443873,-0.442790,-0.442170,0.905321
11,PCB,2,0.008818,0.005867,0.006285,0.429330,0.006285,0.438621,-0.006285,-0.424061,0.005867,-0.005867,0.444252,-0.425798,0.429657,-0.426019,-0.424592,0.873962
11,PCB,3,0.012704,0.007631,0.005610,0.445607,0.005610,0.493306,-0.005610,-0.441232,0.007631,-0.007631,0.463249,-0.441417,0.446928,-0.442401,-0.442815,0.905902
11,PCB,4,0.019415,0.005486,0.004089,0.468532,0.004089,0.553595,-0.004089,-0.467510,0.005486,-0.005486,0.530048,-0.467674,0.468418,-0.466792,-0.467493,0.952095
11,PCB,5,0.018597,0.007081,0.006535,0.442346,0.006535,0.509890,-0.006535,-0.437372,0.007081,-0.007081,0.509614,-0.436600,0.442467,-0.436902,-0.437346,0.901898
11,PCB,6,0.013623,0.003235,0.002745,0.496853,0.002745,0.577451,-0.002745,-0.495996,0.003235,-0.003235,0.524850,-0.495773,0.497815,-0.496473,-0.496967,1.010558
11,PCB,7,0.011241,0.009908,0.011969,0.422511,0.011969,0.460538,-0.011969,-0.413493,0.009908,-0.009908,0.445833,-0.412232,0.424778,-0.414501,-0.415625,0.865222
11,PCB,8,0.016300,0.005164,0.006906,0.440272,0.006906,0.471382,-0.006906,-0.436731,0.005164,-0.005164,0.478657,-0.437750,0.441644,-0.438922,-0.438313,0.897305
11,PCB,9,0.018195,0.006781,0.004876,0.463884,0.004876,0.492460,-0.004876,-0.461846,0.006781,-0.006781,0.498388,-0.461883,0.464374,-0.462209,-0.462606,0.946860
11,PCB,10,0.006224,0.004995,0.005082,0.462473,0.005082,0.481740,-0.005082,-0.458960,0.004995,-0.004995,0.478746,-0.458124,0.462075,-0.457939,-0.458211,0.933875
11,PCB,11,0.013911,0.018786,0.012033,0.445007,0.012033,0.448875,-0.012033,-0.432391,0.018786,-0.018786,0.450973,-0.431955,0.444342,-0.431796,-0.431518,0.917314
11,PCB,12,0.009309,0.004626,0.004198,0.469286,0.004198,0.483587,-0.004198,-0.466662,0.004626,-0.004626,0.486110,-0.466473,0.468934,-0.465955,-0.466330,0.949888
11,PCB,13,0.011212,0.004417,0.001612,0.433220,0.001612,0.469503,-0.001612,-0.431391,0.004417,-0.004417,0.465958,-0.430703,0.432239,-0.429605,-0.430371,0.874867
11,PCB,14,0.012052,0.003295,0.006993,0.472268,0.006993,0.540857,-0.006993,-0.467616,0.003295,-0.003295,0.498153,-0.469041,0.473909,-0.469848,-0.469570,0.958381
11,PCB,15,0.016003,0.010506,0.010009,0.479804,0.010009,0.530835,-0.010009,-0.469787,0.010506,-0.010506,0.497242,-0.470834,0.479814,-0.470520,-0.470003,0.972502
11,PCB,16,0.019045,0.009541,0.008275,0.497066,0.008275,0.562038,-0.008275,-0.490599,0.009541,-0.009541,0.509437,-0.490587,0.496170,-0.489286,-0.489697,1.003892
11,PCB,17,0.007165,0.008314,0.010109,0.432882,0.010109,0.444143,-0.010109,-0.425840,0.008314,-0.008314,0.446000,-0.424690,0.433728,-0.425899,-0.426939,0.881837
11,PCB,18,0.012548,0.013890,0.007884,0.391323,0.007884,0.390983,-0.007884,-0.383811,0.013890,-0.013890,0.395590,-0.382940,0.391301,-0.383421,-0.382994,0.805233
11,PCB,19,0.006681,0.008166,0.008107,0.449834,0.008107,0.481298,-0.008107,-0.441748,0.008166,-0.008166,0.460621,-0.442723,0.449881,-0.442243,-0.442074,0.917612
11,PCB,20,0.008264,0.004894,0.005600,0.470006,0.005600,0.502326,-0.005600,-0.465631,0.004894,-0.004894,0.481433,-0.465626,0.470485,-0.465858,-0.466092,0.949154
11,PCB,21,0.022785,0.013482,0.011811,0.459938,0.011811,0.521767,-0.011811,-0.450676,0.013482,-0.013482,0.497328,-0.448893,0.460599,-0.448680,-0.450852,0.938222
11,PCB,22,0.018870,0.006066,0.003739,0.473222,0.003739,0.513923,-0.003739,-0.473599,0.006066,-0.006066,0.490988,-0.472219,0.473900,-0.471951,-0.474387,0.975167
11,PCB,23,0.025793,0.013236,0.011792,0.447096,0.011792,0.505152,-0.011792,-0.441559,0.013236,-0.013236,0.485929,-0.439540,0.447701,-0.439819,-0.441395,0.924577
11,PCB,24,0.013579,0.005009,0.004290,0.479055,0.004290,0.528416,-0.004290,-0.477052,0.005009,-0.005009,0.512903,-0.476512,0.478572,-0.476178,-0.476569,0.971384
11,PCB,25,0.018653,0.007087,0.008751,0.476609,0.008751,0.548487,-0.008751,-0.470129,0.007087,-0.007087,0.502023,-0.471488,0.477909,-0.471872,-0.471438,0.967321
11,PCB,26,0.010213,0.007245,0.009409,0.430806,0.009409,0.436589,-0.009409,-0.424561,0.007245,-0.007245,0.465756,-0.425437,0.430944,-0.425894,-0.424772,0.872386
11,PCB,27,0.011658,0.013162,0.007839,0.406986,0.007839,0.444934,-0.007839,-0.399360,0.013162,-0.013162,0.404432,-0.400900,0.408661,-0.401700,-0.401338,0.830896
12,DMT,0,0.017071,0.004479,0.005373,0.481994,0.005373,0.518703,-0.005373,-0.481035,0.004479,-0.004479,0.520918,-0.480387,0.481870,-0.480750,-0.480810,0.976588
12,DMT,1,0.010793,0.004536,0.012443,0.405813,0.012443,0.423082,-0.012443,-0.399072,0.004536,-0.004536,0.396658,-0.398658,0.406753,-0.399886,-0.400040,0.834674
12,DMT,2,0.019506,0.014901,0.005707,0.369067,0.005707,0.416425,-0.005707,-0.363602,0.014901,-0.014901,0.378929,-0.360506,0.369208,-0.360372,-0.364631,0.765695
12,DMT,3,0.003975,0.004475,0.001801,0.462835,0.001801,0.490036,-0.001801,-0.460494,0.004475,-0.004475,0.490106,-0.459807,0.462949,-0.460287,-0.460366,0.927631
12,DMT,4,0.010253,0.005402,0.003480,0.445779,0.003480,0.477861,-0.003480,-0.442661,0.005402,-0.005402,0.462705,-0.442288,0.446220,-0.442416,-0.443337,0.902536
12,DMT,5,0.008457,0.012180,0.011377,0.409356,0.011377,0.401317,-0.011377,-0.399022,0.012180,-0.012180,0.406020,-0.398085,0.408840,-0.397992,-0.398154,0.826951
12,DMT,6,0.011475,0.004177,0.002865,0.478559,0.002865,0.541991,-0.002865,-0.476902,0.004177,-0.004177,0.484915,-0.477106,0.478535,-0.476512,-0.477390,0.968349
12,DMT,7,0.020919,0.005822,0.007273,0.440620,0.007273,0.500616,-0.007273,-0.436432,0.005822,-0.005822,0.521486,-0.437209,0.441124,-0.437676,-0.437527,0.902449
12,DMT,8,0.025009,0.020791,0.009808,0.381692,0.009808,0.355944,-0.009808,-0.374177,0.020791,-0.020791,0.391798,-0.375217,0.382494,-0.376381,-0.374297,0.825836
12,DMT,9,0.009384,0.005624,0.005970,0.394174,0.005970,0.426186,-0.005970,-0.389551,0.005624,-0.005624,0.419498,-0.389852,0.395387,-0.390608,-0.390789,0.804700
12,DMT,10,0.005233,0.003176,0.003236,0.437271,0.003236,0.460198,-0.003236,-0.435685,0.003176,-0.003176,0.442361,-0.435965,0.437513,-0.435823,-0.436028,0.883625
12,DMT,11,0.008888,0.012577,0.005545,0.388613,0.005545,0.373181,-0.005545,-0.382192,0.012577,-0.012577,0.417778,-0.381904,0.387628,-0.380826,-0.380316,0.797665
12,DMT,12,0.006514,0.002664,0.006366,0.379836,0.006366,0.383735,-0.006366,-0.377101,0.002664,-0.002664,0.411432,-0.375775,0.380334,-0.376407,-0.376836,0.774758
12,DMT,13,0.006925,0.003608,0.003156,0.437596,0.003156,0.454978,-0.003156,-0.435169,0.003608,-0.003608,0.466068,-0.435162,0.437366,-0.434790,-0.434880,0.883999
12,DMT,14,0.005165,0.004633,0.001944,0.431711,0.001944,0.441859,-0.001944,-0.429562,0.004633,-0.004633,0.446970,-0.429328,0.431362,-0.428922,-0.429146,0.869024
12,DMT,15,0.006823,0.003634,0.002587,0.432654,0.002587,0.456355,-0.002587,-0.430814,0.003634,-0.003634,0.440976,-0.430844,0.432301,-0.430423,-0.430716,0.871320
12,DMT,16,0.006353,0.005108,0.004175,0.410292,0.004175,0.426305,-0.004175,-0.407014,0.005108,-0.005108,0.422181,-0.406891,0.409463,-0.405915,-0.406339,0.828306
12,DMT,17,0.004164,0.003195,0.002274,0.422350,0.002274,0.450907,-0.002274,-0.419554,0.003195,-0.003195,0.441888,-0.419698,0.421995,-0.419215,-0.419261,0.850072
12,DMT,18,0.005216,0.004231,0.003790,0.419952,0.003790,0.428552,-0.003790,-0.416744,0.004231,-0.004231,0.438703,-0.416792,0.420355,-0.416841,-0.417180,0.846091
12,DMT,19,0.007765,0.006285,0.003197,0.403520,0.003197,0.403712,-0.003197,-0.400483,0.006285,-0.006285,0.420038,-0.400212,0.404394,-0.401025,-0.401130,0.819117
12,DMT,20,0.011832,0.006937,0.001264,0.449162,0.001264,0.484782,-0.001264,-0.446988,0.006937,-0.006937,0.450021,-0.446743,0.448822,-0.446355,-0.446729,0.908680
12,DMT,21,0.008226,0.003408,0.004089,0.466932,0.004089,0.500045,-0.004089,-0.464237,0.003408,-0.003408,0.479923,-0.464425,0.467072,-0.464438,-0.464456,0.939568
12,DMT,22,0.008428,0.003384,0.004642,0.429662,0.004642,0.456657,-0.004642,-0.426509,0.003384,-0.003384,0.451711,-0.426847,0.429314,-0.426658,-0.426531,0.867458
12,DMT,23,0.010284,0.006753,0.007305,0.480466,0.007305,0.500162,-0.007305,-0.474386,0.006753,-0.006753,0.492153,-0.474977,0.479547,-0.473882,-0.473750,0.968268
12,DMT,24,0.008538,0.002080,0.005058,0.442149,0.005058,0.481724,-0.005058,-0.440074,0.002080,-0.002080,0.467690,-0.439958,0.441390,-0.439279,-0.439639,0.891660
12,DMT,25,0.007183,0.007187,0.007802,0.390465,0.007802,0.399793,-0.007802,-0.384074,0.007187,-0.007187,0.408542,-0.384437,0.390979,-0.385118,-0.384459,0.796891
12,DMT,26,0.011621,0.003660,0.005048,0.442751,0.005048,0.486851,-0.005048,-0.439871,0.003660,-0.003660,0.474830,-0.440598,0.441521,-0.439433,-0.439327,0.895263
12,DMT,27,0.018528,0.008714,0.010240,0.446148,0.010240,0.464208,-0.010240,-0.441096,0.008714,-0.008714,0.457910,-0.441725,0.446651,-0.442100,-0.441856,0.913587
12,PCB,0,0.010540,-0.000047,0.004648,0.473036,0.004648,0.488133,-0.004648,-0.473201,-0.000047,0.000047,0.474079,-0.473578,0.473374,-0.473723,-0.473325,0.962740
12,PCB,1,0.015316,0.004609,0.005927,0.446947,0.005927,0.503557,-0.005927,-0.444038,0.004609,-0.004609,0.479188,-0.444797,0.446585,-0.444150,-0.444071,0.911835
12,PCB,2,0.014033,0.002441,0.007364,0.446991,0.007364,0.469534,-0.007364,-0.444341,0.002441,-0.002441,0.454813,-0.444491,0.446535,-0.444349,-0.444598,0.911411
12,PCB,3,0.014368,-0.001348,0.005054,0.480085,0.005054,0.513730,-0.005054,-0.479706,-0.001348,0.001348,0.494413,-0.481529,0.479822,-0.480934,-0.479454,0.977683
12,PCB,4,0.025845,0.007559,0.005689,0.477420,0.005689,0.556070,-0.005689,-0.474209,0.007559,-0.007559,0.519946,-0.474554,0.477221,-0.474772,-0.474501,0.966061
12,PCB,5,0.010809,0.002931,0.006506,0.421759,0.006506,0.454117,-0.006506,-0.419601,0.002931,-0.002931,0.422123,-0.420458,0.421568,-0.419987,-0.419440,0.856585
12,PCB,6,0.021474,0.003322,0.007503,0.446859,0.007503,0.500612,-0.007503,-0.445606,0.003322,-0.003322,0.473856,-0.445781,0.447497,-0.446356,-0.446341,0.913981
12,PCB,7,0.011636,0.004394,0.006490,0.420934,0.006490,0.457480,-0.006490,-0.416466,0.004394,-0.004394,0.448073,-0.417619,0.421294,-0.417670,-0.417120,0.861238
12,PCB,8,0.009896,0.009450,0.007355,0.405385,0.007355,0.409182,-0.007355,-0.400797,0.009450,-0.009450,0.409646,-0.399991,0.404394,-0.398910,-0.399255,0.826258
12,PCB,9,0.011109,0.004429,0.004827,0.437892,0.004827,0.463133,-0.004827,-0.435033,0.004429,-0.004429,0.452912,-0.434950,0.437739,-0.434565,-0.435024,0.887773
12,PCB,10,0.009773,0.004951,0.004061,0.446473,0.004061,0.457587,-0.004061,-0.443601,0.004951,-0.004951,0.480022,-0.443459,0.445754,-0.443028,-0.442872,0.904341
12,PCB,11,0.010615,0.007268,0.009383,0.470421,0.009383,0.474196,-0.009383,-0.465739,0.007268,-0.007268,0.491693,-0.465435,0.468926,-0.464077,-0.463898,0.955643
12,PCB,12,0.010594,0.005268,0.006025,0.448711,0.006025,0.469440,-0.006025,-0.445206,0.005268,-0.005268,0.466776,-0.445639,0.446887,-0.443837,-0.443600,0.908877
12,PCB,13,0.013386,0.014586,0.005653,0.415381,0.005653,0.460852,-0.005653,-0.408703,0.014586,-0.014586,0.452283,-0.407816,0.415388,-0.407634,-0.408656,0.851541
12,PCB,14,0.009131,0.006253,0.004653,0.445715,0.004653,0.474103,-0.004653,-0.442791,0.006253,-0.006253,0.472522,-0.443233,0.445783,-0.443081,-0.443134,0.899658
12,PCB,15,0.022226,0.017171,0.021036,0.397856,0.021036,0.422396,-0.021036,-0.382922,0.017171,-0.017171,0.391133,-0.382972,0.397911,-0.383663,-0.383988,0.826982
12,PCB,16,0.022368,0.004930,0.010589,0.410451,0.010589,0.432970,-0.010589,-0.407180,0.004930,-0.004930,0.451338,-0.406622,0.408726,-0.405395,-0.405504,0.845561
12,PCB,17,0.023396,0.005894,0.010349,0.452928,0.010349,0.479755,-0.010349,-0.449605,0.005894,-0.005894,0.489710,-0.450311,0.453890,-0.451505,-0.450683,0.927012
12,PCB,18,0.018163,0.003096,0.004866,0.430660,0.004866,0.453600,-0.004866,-0.430727,0.003096,-0.003096,0.451645,-0.430254,0.429994,-0.429583,-0.429976,0.884297
12,PCB,19,0.013736,0.009713,0.010750,0.423026,0.010750,0.469756,-0.010750,-0.414753,0.009713,-0.009713,0.452609,-0.415373,0.423486,-0.415337,-0.415986,0.868380
12,PCB,20,0.028683,0.008802,0.012790,0.467384,0.012790,0.536012,-0.012790,-0.459486,0.008802,-0.008802,0.524326,-0.459648,0.468099,-0.461071,-0.460446,0.955190
12,PCB,21,0.016025,0.014188,0.013346,0.432392,0.013346,0.478245,-0.013346,-0.422484,0.014188,-0.014188,0.454635,-0.422421,0.434182,-0.423923,-0.424360,0.887850
12,PCB,22,0.010787,0.000809,0.003699,0.489488,0.003699,0.507667,-0.003699,-0.488212,0.000809,-0.000809,0.526067,-0.488133,0.490298,-0.488921,-0.488947,0.988199
12,PCB,23,0.020240,0.021824,0.015146,0.423473,0.015146,0.438674,-0.015146,-0.411789,0.021824,-0.021824,0.468311,-0.409486,0.424918,-0.411636,-0.413259,0.863977
12,PCB,24,0.017813,0.008196,0.003901,0.510217,0.003901,0.550788,-0.003901,-0.507247,0.008196,-0.008196,0.564605,-0.505794,0.512626,-0.508560,-0.509408,1.032741
12,PCB,25,0.019914,0.009071,0.006810,0.485506,0.006810,0.515109,-0.006810,-0.480771,0.009071,-0.009071,0.541848,-0.480250,0.486451,-0.481706,-0.481367,0.988211
12,PCB,26,0.060297,0.029045,0.025733,0.395284,0.025733,0.421153,-0.025733,-0.374444,0.029045,-0.029045,0.421056,-0.370959,0.396216,-0.371682,-0.377022,0.886148
12,PCB,27,0.018098,0.006151,0.007082,0.423862,0.007082,0.457739,-0.007082,-0.420389,0.006151,-0.006151,0.442122,-0.421048,0.423833,-0.421006,-0.420373,0.864800
13,DMT,0,0.006433,0.007620,0.008610,0.426468,0.008610,0.460469,-0.008610,-0.417944,0.007620,-0.007620,0.446401,-0.420607,0.427174,-0.421371,-0.418465,0.865438
13,DMT,1,0.004969,0.007229,0.006915,0.387448,0.006915,0.401364,-0.006915,-0.381078,0.007229,-0.007229,0.398064,-0.382121,0.387023,-0.381382,-0.381167,0.785021
13,DMT,2,0.011804,0.011295,0.006829,0.441672,0.006829,0.442051,-0.006829,-0.436568,0.011295,-0.011295,0.444289,-0.436120,0.438113,-0.431896,-0.432833,0.899476
13,DMT,3,0.012756,0.010331,0.002163,0.428686,0.002163,0.440060,-0.002163,-0.424593,0.010331,-0.010331,0.429456,-0.424276,0.429090,-0.425204,-0.424987,0.874087
13,DMT,4,0.006446,0.007274,0.005611,0.368617,0.005611,0.361269,-0.005611,-0.362969,0.007274,-0.007274,0.369236,-0.362289,0.367524,-0.361920,-0.361085,0.752483
13,DMT,5,0.008891,0.004559,0.007054,0.343885,0.007054,0.381429,-0.007054,-0.338936,0.004559,-0.004559,0.362107,-0.338480,0.343573,-0.337925,-0.338803,0.703915
13,DMT,6,0.013825,0.018682,0.015518,0.250191,0.015518,0.255929,-0.015518,-0.235400,0.018682,-0.018682,0.251541,-0.235426,0.251975,-0.236845,-0.238304,0.543294
13,DMT,7,0.018649,0.011454,0.019191,0.310699,0.019191,0.364327,-0.019191,-0.300802,0.011454,-0.011454,0.338667,-0.297908,0.312280,-0.299597,-0.302664,0.654926
13,DMT,8,0.009971,0.006258,0.007763,0.374958,0.007763,0.404018,-0.007763,-0.370864,0.006258,-0.006258,0.377921,-0.370781,0.374340,-0.369251,-0.371215,0.767432
13,DMT,9,0.011107,0.004978,0.005390,0.411201,0.005390,0.437866,-0.005390,-0.408761,0.004978,-0.004978,0.426148,-0.408978,0.411104,-0.408855,-0.408784,0.836024
13,DMT,10,0.008300,0.004815,0.005932,0.393501,0.005932,0.401989,-0.005932,-0.389612,0.004815,-0.004815,0.413707,-0.390488,0.392991,-0.390600,-0.389107,0.795380
13,DMT,11,0.010096,0.005628,0.004929,0.426329,0.004929,0.442340,-0.004929,-0.423258,0.005628,-0.005628,0.437773,-0.423650,0.425142,-0.422358,-0.422188,0.860727
13,DMT,12,0.009472,0.004760,0.003600,0.406348,0.003600,0.412693,-0.003600,-0.405015,0.004760,-0.004760,0.428687,-0.404453,0.405689,-0.404032,-0.404177,0.822060
13,DMT,13,0.011082,0.005838,0.001366,0.387118,0.001366,0.409372,-0.001366,-0.388176,0.005838,-0.005838,0.409499,-0.387021,0.386171,-0.385974,-0.386927,0.792950
13,DMT,14,0.013155,0.004880,0.004430,0.405898,0.004430,0.432953,-0.004430,-0.405246,0.004880,-0.004880,0.431271,-0.404908,0.406387,-0.405499,-0.405763,0.829388
13,DMT,15,0.009263,0.006566,0.004000,0.419759,0.004000,0.446126,-0.004000,-0.417067,0.006566,-0.006566,0.431637,-0.416724,0.420024,-0.416810,-0.417609,0.850494
13,DMT,16,0.007726,0.006818,0.005898,0.373250,0.005898,0.392049,-0.005898,-0.369876,0.006818,-0.006818,0.377262,-0.369999,0.372790,-0.369679,-0.370010,0.766302
13,DMT,17,0.006400,0.002374,0.008240,0.383323,0.008240,0.408448,-0.008240,-0.380770,0.002374,-0.002374,0.400614,-0.380594,0.382719,-0.379867,-0.379911,0.776219
13,DMT,18,0.004947,0.007639,0.006910,0.407909,0.006910,0.429559,-0.006910,-0.402598,0.007639,-0.007639,0.413125,-0.402690,0.407427,-0.402547,-0.402791,0.827878
13,DMT,19,0.008269,0.012678,0.012343,0.346706,0.012343,0.372631,-0.012343,-0.337613,0.012678,-0.012678,0.369199,-0.337060,0.345799,-0.336930,-0.337318,0.706698
13,DMT,20,0.013170,0.021549,0.011900,0.367130,0.011900,0.370547,-0.011900,-0.356047,0.021549,-0.021549,0.389606,-0.353240,0.368478,-0.354652,-0.357486,0.752188
13,DMT,21,0.014041,0.014552,0.007590,0.402333,0.007590,0.440674,-0.007590,-0.398560,0.014552,-0.014552,0.423934,-0.397483,0.405953,-0.400332,-0.402531,0.836283
13,DMT,22,0.014222,0.006848,0.005836,0.454578,0.005836,0.491095,-0.005836,-0.448757,0.006848,-0.006848,0.490737,-0.450042,0.455186,-0.450967,-0.449702,0.924100
13,DMT,23,0.047288,0.021797,0.021112,0.503752,0.021112,0.542635,-0.021112,-0.489039,0.021797,-0.021797,0.535048,-0.489446,0.505686,-0.492372,-0.491225,1.040280
13,DMT,24,0.012922,0.005857,0.006934,0.447869,0.006934,0.452773,-0.006934,-0.441723,0.005857,-0.005857,0.467568,-0.442986,0.445817,-0.442057,-0.440283,0.908958
13,DMT,25,0.054092,0.021003,0.013067,0.514412,0.013067,0.603479,-0.013067,-0.506128,0.021003,-0.021003,0.593024,-0.504657,0.512421,-0.502986,-0.504630,1.050959
13,DMT,26,0.019600,0.009592,0.007340,0.484389,0.007340,0.509473,-0.007340,-0.480599,0.009592,-0.009592,0.528867,-0.479843,0.486277,-0.481829,-0.482864,0.994762
13,DMT,27,0.014763,0.007690,0.002430,0.423945,0.002430,0.441307,-0.002430,-0.421871,0.007690,-0.007690,0.441288,-0.423011,0.423425,-0.422529,-0.421210,0.862310
13,PCB,0,0.003736,0.001228,0.001050,0.449200,0.001050,0.466020,-0.001050,-0.448261,0.001228,-0.001228,0.458753,-0.448491,0.450249,-0.449288,-0.449231,0.903560
13,PCB,1,0.010022,0.006591,0.003098,0.397720,0.003098,0.443625,-0.003098,-0.394103,0.006591,-0.006591,0.408336,-0.394563,0.397334,-0.393934,-0.394072,0.807827
13,PCB,2,0.005804,0.002034,0.001365,0.439346,0.001365,0.477372,-0.001365,-0.438370,0.002034,-0.002034,0.452690,-0.438560,0.439593,-0.438579,-0.438807,0.888641
13,PCB,3,0.012534,0.008198,0.008552,0.395156,0.008552,0.435228,-0.008552,-0.388293,0.008198,-0.008198,0.427447,-0.388762,0.394860,-0.387845,-0.388644,0.804563
13,PCB,4,0.009394,0.006131,0.006433,0.423058,0.006433,0.455430,-0.006433,-0.418120,0.006131,-0.006131,0.445991,-0.417755,0.422173,-0.417245,-0.417379,0.854240
13,PCB,5,0.008433,0.005524,0.006889,0.451851,0.006889,0.474605,-0.006889,-0.447874,0.005524,-0.005524,0.470816,-0.447424,0.451857,-0.446976,-0.447822,0.913105
13,PCB,6,0.005735,0.004484,0.005610,0.421810,0.005610,0.427495,-0.005610,-0.417789,0.004484,-0.004484,0.428478,-0.418216,0.422563,-0.419172,-0.418655,0.850784
13,PCB,7,0.010210,0.010096,0.008498,0.379723,0.008498,0.392604,-0.008498,-0.371008,0.010096,-0.010096,0.382365,-0.371527,0.379676,-0.371259,-0.371170,0.779060
13,PCB,8,0.006070,0.007556,0.005145,0.396331,0.005145,0.418255,-0.005145,-0.391229,0.007556,-0.007556,0.400191,-0.391019,0.396854,-0.391622,-0.391866,0.803963
13,PCB,9,0.008544,0.007019,0.003351,0.406346,0.003351,0.431547,-0.003351,-0.403094,0.007019,-0.007019,0.429611,-0.403121,0.406270,-0.402979,-0.403185,0.824230
13,PCB,10,0.008367,0.004301,0.007164,0.396820,0.007164,0.423975,-0.007164,-0.392040,0.004301,-0.004301,0.410273,-0.392609,0.397238,-0.392881,-0.392519,0.806237
13,PCB,11,0.008937,0.003132,0.002531,0.444163,0.002531,0.474564,-0.002531,-0.442716,0.003132,-0.003132,0.460745,-0.442818,0.443923,-0.442550,-0.442783,0.896722
13,PCB,12,0.007372,0.005669,0.004546,0.420961,0.004546,0.433117,-0.004546,-0.417689,0.005669,-0.005669,0.444456,-0.416956,0.420459,-0.416806,-0.416719,0.852170
13,PCB,13,0.011843,0.005789,0.007939,0.405791,0.007939,0.447258,-0.007939,-0.401009,0.005789,-0.005789,0.431078,-0.401152,0.405728,-0.400786,-0.400678,0.827293
13,PCB,14,0.011286,0.008683,0.005700,0.429382,0.005700,0.463448,-0.005700,-0.423793,0.008683,-0.008683,0.448355,-0.423924,0.430901,-0.425251,-0.425261,0.870203
13,PCB,15,0.008557,0.004497,0.003032,0.439404,0.003032,0.462495,-0.003032,-0.436772,0.004497,-0.004497,0.448155,-0.436368,0.438253,-0.435188,-0.436205,0.885849
13,PCB,16,0.008572,0.004357,0.001419,0.429007,0.001419,0.467158,-0.001419,-0.427042,0.004357,-0.004357,0.440052,-0.426986,0.429293,-0.427159,-0.427455,0.865808
13,PCB,17,0.011847,0.004631,0.005182,0.447177,0.005182,0.484768,-0.005182,-0.444804,0.004631,-0.004631,0.465687,-0.444570,0.447957,-0.445541,-0.445337,0.910931
13,PCB,18,0.009157,0.003269,0.005547,0.443385,0.005547,0.448386,-0.005547,-0.441465,0.003269,-0.003269,0.464119,-0.441301,0.442413,-0.440640,-0.440483,0.900980
13,PCB,19,0.012410,0.003899,0.003244,0.465867,0.003244,0.514989,-0.003244,-0.463528,0.003899,-0.003899,0.487676,-0.464380,0.465505,-0.464167,-0.463885,0.942789
13,PCB,20,0.010235,0.006024,0.009197,0.406737,0.009197,0.428779,-0.009197,-0.401125,0.006024,-0.006024,0.417628,-0.401848,0.406859,-0.402088,-0.401054,0.830726
13,PCB,21,0.006055,0.004251,0.004590,0.417630,0.004590,0.439865,-0.004590,-0.414100,0.004251,-0.004251,0.423452,-0.415139,0.418559,-0.415831,-0.414867,0.843846
13,PCB,22,0.013486,0.006815,0.005956,0.432455,0.005956,0.444345,-0.005956,-0.427982,0.006815,-0.006815,0.444329,-0.428438,0.432397,-0.428205,-0.427869,0.884799
13,PCB,23,0.015611,0.012168,0.010636,0.456923,0.010636,0.476646,-0.010636,-0.448112,0.012168,-0.012168,0.469769,-0.447843,0.455563,-0.446569,-0.446942,0.931786
13,PCB,24,0.008014,0.005384,0.006642,0.421126,0.006642,0.435820,-0.006642,-0.415946,0.005384,-0.005384,0.421488,-0.416088,0.421463,-0.416368,-0.416435,0.849381
13,PCB,25,0.020023,0.006996,0.008796,0.472938,0.008796,0.510444,-0.008796,-0.469272,0.006996,-0.006996,0.540958,-0.469285,0.474319,-0.470876,-0.470337,0.965904
13,PCB,26,0.010219,0.005910,0.001305,0.459844,0.001305,0.486828,-0.001305,-0.457968,0.005910,-0.005910,0.459615,-0.458137,0.458608,-0.457125,-0.457172,0.928310
13,PCB,27,0.011724,0.002088,0.006407,0.373436,0.006407,0.359485,-0.006407,-0.372717,0.002088,-0.002088,0.393800,-0.373535,0.373194,-0.373639,-0.371644,0.774761
