# script=01_synergy_timecourse.py variant=ts_demean regions=115 region_selection=all excluded_regions=20 atoms=rtr,rtx,rty,rts,xtr,xtx,xty,xts,ytr,ytx,yty,yts,str,stx,sty,sts tau=1 redundancy=MMI fit_mode=global window_trs=na placebo_fit_trs=na seed=20261120 git=nogit
subject,condition,bin,rtr,rtx,rty,rts,xtr,xtx,xty,xts,ytr,ytx,yty,yts,str,stx,sty,sts
0,DMT,0,0.016202,0.035337,0.029964,0.319933,0.029964,0.320571,-0.029964,-0.297780,0.035302,-0.035324,0.317727,-0.303195,0.321618,-0.306985,-0.303660,0.723704
0,DMT,1,0.027011,0.003562,0.015332,0.360260,0.015332,0.373951,-0.015332,-0.357936,0.003598,-0.003577,0.367402,-0.357431,0.361238,-0.357250,-0.358147,0.780517
0,DMT,2,0.058506,0.015461,0.022180,0.368271,0.022180,0.394993,-0.022180,-0.362499,0.015453,-0.015499,0.357461,-0.362040,0.367559,-0.361545,-0.362652,0.835663
0,DMT,3,0.034514,0.005467,0.013683,0.402206,0.013683,0.435790,-0.013683,-0.400004,0.005472,-0.005490,0.416885,-0.399657,0.401635,-0.397696,-0.398260,0.869054
0,DMT,4,0.009260,0.018331,0.005149,0.409922,0.005149,0.411823,-0.005149,-0.404971,0.018274,-0.018160,0.399347,-0.404308,0.411974,-0.407308,-0.407568,0.872110
0,DMT,5,0.068764,0.026073,0.013326,0.376541,0.013326,0.518393,-0.013326,-0.360014,0.026021,-0.025830,0.361378,-0.368766,0.379603,-0.371070,-0.369514,0.840580
0,DMT,6,0.059441,0.025601,0.028144,0.386148,0.028144,0.475053,-0.028144,-0.371762,0.025492,-0.025113,0.381209,-0.372110,0.381778,-0.368104,-0.370794,0.836634
0,DMT,7,0.081930,0.019888,0.034122,0.314895,0.034122,0.321319,-0.034122,-0.307260,0.019624,-0.019299,0.339020,-0.301927,0.312951,-0.301167,-0.305854,0.775230
0,DMT,8,0.007926,0.018393,0.003670,0.409800,0.003670,0.437138,-0.003670,-0.400817,0.018362,-0.018374,0.422912,-0.402901,0.410653,-0.405300,-0.403595,0.833653
0,DMT,9,0.029345,0.012867,0.012265,0.370956,0.012265,0.395598,-0.012265,-0.366511,0.012893,-0.012949,0.394556,-0.366431,0.369935,-0.365760,-0.365769,0.785817
0,DMT,10,0.034820,0.010407,0.007873,0.366042,0.007873,0.408707,-0.007873,-0.362188,0.010392,-0.010460,0.380980,-0.363388,0.364331,-0.362536,-0.361852,0.764450
0,DMT,11,0.030625,-0.000913,0.005849,0.438885,0.005849,0.474125,-0.005849,-0.440174,-0.000906,0.000856,0.448561,-0.439085,0.437360,-0.436399,-0.437371,0.891034
0,DMT,12,0.044366,0.016462,0.009397,0.340613,0.009397,0.370983,-0.009397,-0.335550,0.016438,-0.016466,0.329085,-0.338803,0.341849,-0.339665,-0.338015,0.772258
0,DMT,13,0.047296,0.014463,0.010819,0.387649,0.010819,0.395570,-0.010819,-0.384639,0.014486,-0.014532,0.395684,-0.384807,0.386302,-0.384081,-0.383958,0.834178
0,DMT,14,0.045970,0.010779,0.015137,0.359090,0.015137,0.360384,-0.015137,-0.355320,0.010773,-0.010775,0.374896,-0.355506,0.357929,-0.355400,-0.354469,0.798206
0,DMT,15,0.040012,0.015843,0.005840,0.341519,0.005840,0.360833,-0.005840,-0.338266,0.015846,-0.015885,0.347968,-0.338345,0.341948,-0.338033,-0.338580,0.762787
0,DMT,16,0.028302,0.010430,0.011543,0.340582,0.011543,0.378541,-0.011543,-0.335371,0.010410,-0.010422,0.363167,-0.336239,0.342089,-0.338564,-0.338932,0.737362
0,DMT,17,0.048920,0.016501,0.018499,0.292403,0.018499,0.314170,-0.018499,-0.284508,0.016471,-0.016521,0.303420,-0.285962,0.293261,-0.288502,-0.287912,0.688829
0,DMT,18,0.042891,0.017849,0.008463,0.414082,0.008463,0.429282,-0.008463,-0.409664,0.017869,-0.017906,0.439612,-0.409752,0.411325,-0.409157,-0.408601,0.862413
0,DMT,19,0.036819,0.001562,0.013086,0.406525,0.013086,0.426683,-0.013086,-0.404861,0.001598,-0.001654,0.433675,-0.404139,0.407001,-0.405210,-0.405808,0.870388
0,DMT,20,0.028335,0.001574,0.005672,0.401609,0.005672,0.421994,-0.005672,-0.399684,0.001591,-0.001707,0.424951,-0.400412,0.402072,-0.401476,-0.400933,0.845292
0,DMT,21,0.052121,0.009971,0.005066,0.372600,0.005066,0.397884,-0.005066,-0.372645,0.010001,-0.010096,0.383163,-0.373600,0.372579,-0.373705,-0.372784,0.823301
0,DMT,22,0.043867,0.008512,0.012055,0.350143,0.012055,0.371571,-0.012055,-0.347253,0.008523,-0.008534,0.379374,-0.347635,0.351155,-0.349776,-0.349360,0.820242
0,DMT,23,0.042047,0.010996,0.013061,0.336603,0.013061,0.345825,-0.013061,-0.333383,0.011006,-0.011022,0.346511,-0.332738,0.336769,-0.333155,-0.333870,0.748281
0,DMT,24,0.033480,0.021754,0.000756,0.346672,0.000756,0.360537,-0.000756,-0.340748,0.021762,-0.021754,0.370211,-0.343999,0.348878,-0.346403,-0.344059,0.764571
0,DMT,25,0.028740,0.009267,0.010600,0.368794,0.010600,0.385297,-0.010600,-0.365519,0.009273,-0.009296,0.389152,-0.365619,0.368879,-0.366071,-0.365866,0.795506
0,DMT,26,0.026353,0.004122,0.013701,0.365471,0.013701,0.380258,-0.013701,-0.362286,0.004162,-0.004182,0.374583,-0.361628,0.366225,-0.362687,-0.363167,0.799259
0,DMT,27,0.041728,-0.000800,0.016181,0.338762,0.016181,0.350371,-0.016181,-0.340331,-0.000742,0.000664,0.359537,-0.336974,0.337795,-0.336143,-0.338927,0.744022
0,PCB,0,0.038663,0.006591,-0.004272,0.360193,-0.004275,0.380709,0.004275,-0.369226,0.006591,-0.006591,0.399401,-0.367631,0.361880,-0.368619,-0.368525,0.800128
0,PCB,1,0.031231,0.003664,0.007255,0.419723,0.007257,0.451631,-0.007257,-0.420650,0.003664,-0.003664,0.439010,-0.420864,0.420762,-0.421882,-0.421926,0.881269
0,PCB,2,0.034258,0.018659,0.011889,0.332593,0.011902,0.351771,-0.011902,-0.324303,0.018659,-0.018659,0.339285,-0.324158,0.330534,-0.321199,-0.322171,0.727129
0,PCB,3,0.022139,0.003896,0.001159,0.406322,0.001174,0.447930,-0.001174,-0.405588,0.003896,-0.003896,0.434174,-0.405793,0.406170,-0.405330,-0.405237,0.846879
0,PCB,4,0.018110,0.011289,0.010506,0.379656,0.010538,0.371354,-0.010538,-0.369096,0.011289,-0.011289,0.387862,-0.367075,0.378791,-0.365816,-0.367808,0.792443
0,PCB,5,0.024901,0.007905,0.012474,0.361007,0.012457,0.394250,-0.012457,-0.356229,0.007905,-0.007905,0.367086,-0.353310,0.360976,-0.353922,-0.356391,0.781751
0,PCB,6,0.021350,0.005769,0.008900,0.430488,0.008903,0.459216,-0.008903,-0.427253,0.005769,-0.005769,0.449842,-0.428114,0.430285,-0.427736,-0.427587,0.885540
0,PCB,7,0.034799,-0.001262,0.002486,0.392017,0.002484,0.420491,-0.002484,-0.398021,-0.001262,0.001262,0.418408,-0.396029,0.389800,-0.392758,-0.394072,0.839119
0,PCB,8,0.032579,0.008492,0.016495,0.407639,0.016496,0.436105,-0.016496,-0.401746,0.008492,-0.008492,0.433587,-0.402659,0.408067,-0.402821,-0.401882,0.871154
0,PCB,9,0.015598,0.006642,0.008495,0.378988,0.008498,0.422192,-0.008498,-0.377519,0.006642,-0.006642,0.408891,-0.376189,0.377508,-0.375138,-0.375962,0.790240
0,PCB,10,0.012983,0.007275,0.011745,0.433445,0.011747,0.447127,-0.011747,-0.423837,0.007275,-0.007275,0.422507,-0.423595,0.433699,-0.424671,-0.425364,0.891986
0,PCB,11,0.013584,0.015015,0.014554,0.369739,0.014556,0.388466,-0.014556,-0.357760,0.015015,-0.015015,0.386032,-0.359121,0.370820,-0.357980,-0.360321,0.766215
0,PCB,12,0.030112,0.021813,0.038727,0.322537,0.038697,0.325267,-0.038697,-0.292748,0.021813,-0.021813,0.347056,-0.289783,0.321700,-0.291351,-0.293208,0.701182
0,PCB,13,0.013919,0.007853,0.018743,0.325093,0.018669,0.340887,-0.018669,-0.308327,0.007853,-0.007853,0.348586,-0.307306,0.324757,-0.306344,-0.310129,0.687524
0,PCB,14,0.029565,0.016871,0.034247,0.317056,0.034199,0.314210,-0.034199,-0.292276,0.016871,-0.016871,0.318313,-0.290626,0.318060,-0.293181,-0.293425,0.705857
0,PCB,15,0.021439,0.016492,0.017234,0.413186,0.017228,0.442694,-0.017228,-0.399717,0.016492,-0.016492,0.410768,-0.398623,0.412777,-0.398331,-0.399743,0.861839
0,PCB,16,0.015154,0.007263,0.004355,0.452287,0.004363,0.489111,-0.004363,-0.448730,0.007263,-0.007263,0.460078,-0.451646,0.450114,-0.448656,-0.447289,0.912644
0,PCB,17,0.030101,0.011311,0.015197,0.427915,0.015212,0.470204,-0.015212,-0.421345,0.011311,-0.011311,0.428019,-0.421840,0.428534,-0.422745,-0.423488,0.882497
0,PCB,18,0.008881,0.016269,0.031448,0.361594,0.031455,0.358701,-0.031455,-0.336855,0.016269,-0.016269,0.347714,-0.337818,0.362561,-0.339365,-0.338809,0.749964
0,PCB,19,0.020392,0.011520,0.009681,0.428372,0.009672,0.448677,-0.009672,-0.419343,0.011520,-0.011520,0.437528,-0.421238,0.426330,-0.417777,-0.418412,0.883275
0,PCB,20,0.026908,0.001773,0.000669,0.439636,0.000718,0.466385,-0.000718,-0.446957,0.001773,-0.001773,0.480599,-0.446386,0.440385,-0.449687,-0.447423,0.934310
0,PCB,21,0.029623,0.016866,0.007684,0.444727,0.007622,0.496087,-0.007622,-0.436208,0.016866,-0.016866,0.482507,-0.439158,0.447560,-0.441676,-0.440601,0.942425
0,PCB,22,0.024328,0.008789,0.003572,0.442310,0.003631,0.503406,-0.003631,-0.440784,0.008789,-0.008789,0.464177,-0.440995,0.439287,-0.438881,-0.438521,0.911280
0,PCB,23,0.027024,0.006039,0.004661,0.461005,0.004643,0.501384,-0.004643,-0.462067,0.006039,-0.006039,0.472798,-0.464837,0.459593,-0.462402,-0.460960,0.969360
0,PCB,24,0.041795,-0.000225,0.008553,0.503104,0.008543,0.555620,-0.008543,-0.501503,-0.000225,0.000225,0.532601,-0.504362,0.504073,-0.505668,-0.503735,1.047426
0,PCB,25,0.035920,0.044480,0.030751,0.352830,0.030645,0.383242,-0.030645,-0.324730,0.044480,-0.044480,0.369005,-0.325697,0.354644,-0.329064,-0.330803,0.812001
0,PCB,26,0.020551,0.029974,0.032056,0.318100,0.032008,0.310270,-0.032008,-0.292315,0.029974,-0.029974,0.299251,-0.292350,0.317380,-0.289648,-0.289012,0.675753
0,PCB,27,0.019155,0.009161,0.010800,0.350082,0.010806,0.330637,-0.010806,-0.344262,0.009161,-0.009161,0.368980,-0.344846,0.349653,-0.346823,-0.344344,0.735780
1,DMT,0,0.026652,0.005950,0.005027,0.514074,0.005027,0.549813,-0.005027,-0.515548,0.005950,-0.005950,0.513357,-0.512919,0.513615,-0.512979,-0.513523,1.050928
1,DMT,1,0.008364,0.009723,0.013236,0.433019,0.013236,0.446300,-0.013236,-0.424495,0.009723,-0.009723,0.446608,-0.423498,0.433628,-0.422652,-0.425568,0.878205
1,DMT,2,0.008198,0.003048,0.006029,0.401250,0.006029,0.449024,-0.006029,-0.398635,0.003048,-0.003048,0.415522,-0.398561,0.403439,-0.400698,-0.400611,0.821905
1,DMT,3,0.013813,0.001714,0.009471,0.380015,0.009471,0.431432,-0.009471,-0.378000,0.001714,-0.001714,0.408365,-0.379695,0.380771,-0.379558,-0.378389,0.800307
1,DMT,4,0.015451,0.009335,0.007868,0.406850,0.007868,0.431058,-0.007868,-0.402349,0.009335,-0.009335,0.416337,-0.401893,0.405791,-0.401305,-0.401718,0.831742
1,DMT,5,0.013836,0.004661,0.003377,0.452059,0.003377,0.506823,-0.003377,-0.450002,0.004661,-0.004661,0.473720,-0.450857,0.452533,-0.451055,-0.450009,0.923569
1,DMT,6,0.027786,0.017179,0.015995,0.350364,0.015995,0.392938,-0.015995,-0.340265,0.017179,-0.017179,0.365085,-0.341564,0.349547,-0.341237,-0.340712,0.754191
1,DMT,7,0.011453,0.008909,0.000683,0.408455,0.000683,0.433398,-0.000683,-0.402513,0.008909,-0.008909,0.419686,-0.405032,0.410417,-0.408092,-0.405809,0.839433
1,DMT,8,0.019593,0.004952,0.002949,0.434273,0.002949,0.490679,-0.002949,-0.432017,0.004952,-0.004952,0.453801,-0.433300,0.434732,-0.433226,-0.432947,0.898537
1,DMT,9,0.009435,0.006806,0.004652,0.356407,0.004652,0.401291,-0.004652,-0.351391,0.006806,-0.006806,0.380189,-0.351817,0.355874,-0.351388,-0.351251,0.731995
1,DMT,10,0.009918,0.004805,0.005606,0.379497,0.005606,0.429836,-0.005606,-0.376515,0.004805,-0.004805,0.395666,-0.377076,0.380422,-0.378313,-0.377782,0.778022
1,DMT,11,0.011090,0.005384,0.005459,0.353521,0.005459,0.413102,-0.005459,-0.347550,0.005384,-0.005384,0.371079,-0.348804,0.353877,-0.349116,-0.349221,0.724661
1,DMT,12,0.012257,0.001885,0.006285,0.430885,0.006285,0.471706,-0.006285,-0.430012,0.001885,-0.001885,0.445579,-0.429052,0.431254,-0.429092,-0.430104,0.873565
1,DMT,13,0.011498,0.007442,0.002433,0.418113,0.002433,0.462015,-0.002433,-0.414921,0.007442,-0.007442,0.431996,-0.415025,0.417708,-0.414899,-0.414812,0.851136
1,DMT,14,0.011784,0.006756,0.003940,0.432934,0.003940,0.432720,-0.003940,-0.429367,0.006756,-0.006756,0.440894,-0.430291,0.432718,-0.429709,-0.428830,0.883664
1,DMT,15,0.014534,0.006021,0.008153,0.350853,0.008153,0.397167,-0.008153,-0.345808,0.006021,-0.006021,0.361849,-0.346295,0.352068,-0.347601,-0.347489,0.728606
1,DMT,16,0.010612,0.011420,0.016034,0.338030,0.016034,0.344679,-0.016034,-0.323932,0.011420,-0.011420,0.329951,-0.327404,0.341169,-0.330709,-0.328454,0.707849
1,DMT,17,0.015857,0.002355,0.005098,0.400464,0.005098,0.457471,-0.005098,-0.398749,0.002355,-0.002355,0.410273,-0.397969,0.400385,-0.396687,-0.398242,0.814703
1,DMT,18,0.017824,0.003286,0.009757,0.421105,0.009757,0.494950,-0.009757,-0.416287,0.003286,-0.003286,0.444944,-0.417446,0.422965,-0.419287,-0.418008,0.871857
1,DMT,19,0.073639,0.027136,0.000577,0.419124,0.000577,0.403409,-0.000577,-0.415499,0.027136,-0.027136,0.416883,-0.418479,0.418764,-0.418617,-0.416452,0.927406
1,DMT,20,0.013243,0.002445,0.005248,0.429348,0.005248,0.453712,-0.005248,-0.428221,0.002445,-0.002445,0.430452,-0.427401,0.432125,-0.429471,-0.430023,0.874805
1,DMT,21,0.016080,0.003158,0.003973,0.449155,0.003973,0.529430,-0.003973,-0.445679,0.003158,-0.003158,0.461826,-0.446040,0.447052,-0.443726,-0.444476,0.905335
1,DMT,22,0.016436,0.004816,0.008896,0.402724,0.008896,0.485503,-0.008896,-0.397676,0.004816,-0.004816,0.424676,-0.396750,0.403013,-0.396039,-0.397921,0.823686
1,DMT,23,0.011537,0.000651,0.005790,0.482699,0.005790,0.530102,-0.005790,-0.479183,0.000651,-0.000651,0.503803,-0.480759,0.483971,-0.482127,-0.480283,0.983059
1,DMT,24,0.021938,0.003328,0.009496,0.448731,0.009496,0.507723,-0.009496,-0.443510,0.003328,-0.003328,0.470365,-0.444222,0.447918,-0.442708,-0.443274,0.923076
1,DMT,25,0.021291,0.013483,0.008750,0.376122,0.008750,0.352366,-0.008750,-0.369775,0.013483,-0.013483,0.393119,-0.371780,0.374571,-0.369988,-0.369687,0.804070
1,DMT,26,0.036938,0.011535,0.012049,0.503310,0.012049,0.616581,-0.012049,-0.492252,0.011535,-0.011535,0.544084,-0.495377,0.506701,-0.499212,-0.496632,1.039699
1,DMT,27,0.010027,0.008231,0.006951,0.388722,0.006951,0.425510,-0.006951,-0.378319,0.008231,-0.008231,0.387347,-0.381719,0.392125,-0.385123,-0.382867,0.793111
1,PCB,0,0.017700,0.010077,0.013952,0.487260,0.013910,0.483528,-0.013952,-0.478308,0.010077,-0.010077,0.493762,-0.478453,0.486054,-0.476857,-0.477147,0.990635
1,PCB,1,0.016254,0.009071,0.012391,0.395016,0.012386,0.389684,-0.012391,-0.390363,0.009071,-0.009071,0.417697,-0.386964,0.394157,-0.386569,-0.388800,0.819010
1,PCB,2,0.014368,0.012580,0.014836,0.406492,0.014843,0.444710,-0.014836,-0.399675,0.012580,-0.012580,0.411157,-0.396345,0.405577,-0.394859,-0.398721,0.832366
1,PCB,3,0.015649,0.008746,0.013628,0.440023,0.013583,0.484397,-0.013628,-0.433451,0.008746,-0.008746,0.467461,-0.434107,0.441787,-0.435103,-0.434661,0.916835
1,PCB,4,0.016870,0.012356,0.011912,0.405598,0.011910,0.449530,-0.011912,-0.396598,0.012356,-0.012356,0.437706,-0.396667,0.405560,-0.395961,-0.396801,0.832149
1,PCB,5,0.013294,0.018762,0.024967,0.339240,0.024922,0.336468,-0.024967,-0.321342,0.018762,-0.018762,0.354521,-0.316482,0.337840,-0.314830,-0.319616,0.730326
1,PCB,6,0.019962,0.010972,0.011805,0.429798,0.011799,0.457654,-0.011805,-0.421421,0.010972,-0.010972,0.438746,-0.422084,0.429631,-0.421549,-0.421330,0.893138
1,PCB,7,0.029090,0.010074,0.008673,0.424232,0.008668,0.451952,-0.008673,-0.421175,0.010074,-0.010074,0.436811,-0.420988,0.422508,-0.419364,-0.419805,0.887311
1,PCB,8,0.021873,0.008367,0.007390,0.418279,0.007385,0.443108,-0.007390,-0.414853,0.008367,-0.008367,0.429577,-0.415280,0.418666,-0.415753,-0.415686,0.870837
1,PCB,9,0.015613,0.004653,0.010778,0.388743,0.010766,0.420814,-0.010778,-0.382698,0.004653,-0.004653,0.389857,-0.383507,0.390359,-0.385498,-0.385634,0.808699
1,PCB,10,0.018602,0.006013,0.009187,0.438144,0.009188,0.459404,-0.009187,-0.432520,0.006013,-0.006013,0.465279,-0.431705,0.440267,-0.434019,-0.435469,0.915474
1,PCB,11,0.038278,0.010687,0.016788,0.477472,0.016775,0.568875,-0.016788,-0.462901,0.010687,-0.010687,0.507710,-0.466380,0.481951,-0.471525,-0.468618,0.986243
1,PCB,12,0.022481,0.013377,0.014666,0.432000,0.014660,0.454904,-0.014666,-0.418348,0.013377,-0.013377,0.435649,-0.419215,0.433637,-0.420650,-0.420786,0.887084
1,PCB,13,0.019482,0.014172,0.014581,0.386988,0.014564,0.401228,-0.014581,-0.374867,0.014172,-0.014172,0.408877,-0.373303,0.387332,-0.373770,-0.374606,0.817653
1,PCB,14,0.020428,0.014905,0.015717,0.397241,0.015716,0.426464,-0.015717,-0.383997,0.014905,-0.014905,0.428262,-0.385130,0.397329,-0.384100,-0.383796,0.820444
1,PCB,15,0.028812,0.003912,0.006620,0.475491,0.006630,0.505427,-0.006620,-0.473018,0.003912,-0.003912,0.490960,-0.474422,0.475628,-0.475181,-0.473434,0.987314
1,PCB,16,0.024865,0.009003,0.007562,0.401824,0.007604,0.476213,-0.007562,-0.393928,0.009003,-0.009003,0.416553,-0.396440,0.401897,-0.396200,-0.396288,0.828509
1,PCB,17,0.016580,0.007378,0.005784,0.478168,0.005767,0.492567,-0.005784,-0.472721,0.007378,-0.007378,0.505059,-0.474741,0.479825,-0.476562,-0.475106,0.993172
1,PCB,18,0.044345,0.010236,-0.007204,0.330199,-0.007162,0.314891,0.007204,-0.323783,0.010236,-0.010236,0.293980,-0.331825,0.332343,-0.333468,-0.329169,0.757617
1,PCB,19,0.019795,0.002071,0.002859,0.504877,0.002845,0.498898,-0.002859,-0.513682,0.002071,-0.002071,0.497697,-0.510050,0.502349,-0.508284,-0.509331,1.040500
1,PCB,20,0.009181,0.002897,0.011440,0.420164,0.011440,0.449691,-0.011440,-0.417845,0.002897,-0.002897,0.428502,-0.414917,0.420235,-0.415396,-0.418454,0.872224
1,PCB,21,0.017873,0.007267,0.008146,0.476108,0.008146,0.544485,-0.008146,-0.472640,0.007267,-0.007267,0.480616,-0.472990,0.475494,-0.471384,-0.472382,0.975213
1,PCB,22,0.024594,0.015635,0.008680,0.458390,0.008707,0.491142,-0.008680,-0.446523,0.015635,-0.015635,0.463125,-0.450867,0.459684,-0.451558,-0.449280,0.939054
1,PCB,23,0.017399,0.009729,0.011813,0.419301,0.011840,0.475237,-0.011813,-0.411730,0.009729,-0.009729,0.424943,-0.412361,0.419952,-0.411471,-0.412402,0.877908
1,PCB,24,0.018016,0.009604,0.016368,0.415936,0.016365,0.469698,-0.016368,-0.403563,0.009604,-0.009604,0.453070,-0.403539,0.417008,-0.404726,-0.404554,0.864991
1,PCB,25,0.012020,0.006958,0.012008,0.410861,0.012033,0.459965,-0.012008,-0.399853,0.006958,-0.006958,0.431594,-0.401374,0.411049,-0.399903,-0.401062,0.828738
1,PCB,26,0.012959,0.009945,0.015213,0.467378,0.015246,0.444314,-0.015213,-0.453595,0.009945,-0.009945,0.469598,-0.454314,0.469320,-0.455742,-0.454620,0.953675
1,PCB,27,0.008542,-0.001005,-0.002298,0.444296,-0.002266,0.447449,0.002298,-0.444489,-0.001005,0.001005,0.443382,-0.443315,0.443217,-0.442548,-0.443226,0.900303
2,DMT,0,0.013347,0.012721,0.003461,0.456180,0.003461,0.481852,-0.003461,-0.450496,0.012721,-0.012721,0.467456,-0.453216,0.456638,-0.453867,-0.450941,0.934045
2,DMT,1,0.054179,0.026017,0.012846,0.379322,0.012846,0.440772,-0.012846,-0.370630,0.026017,-0.026017,0.426796,-0.378236,0.377203,-0.376489,-0.369700,0.863719
2,DMT,2,0.027028,0.009978,0.003843,0.405568,0.003843,0.443211,-0.003843,-0.406982,0.009978,-0.009978,0.465192,-0.407332,0.402380,-0.403905,-0.403157,0.865728
2,DMT,3,0.013757,0.011465,0.007694,0.437805,0.007694,0.471296,-0.007694,-0.434278,0.011465,-0.011465,0.462359,-0.432648,0.438514,-0.433829,-0.435593,0.906800
2,DMT,4,0.011986,0.001899,0.007439,0.448874,0.007439,0.480274,-0.007439,-0.442975,0.001899,-0.001899,0.451431,-0.443705,0.448048,-0.443199,-0.442424,0.906912
2,DMT,5,0.018498,0.003344,0.003868,0.465812,0.003868,0.557329,-0.003868,-0.462927,0.003344,-0.003344,0.469887,-0.464330,0.467585,-0.466886,-0.467812,0.958411
2,DMT,6,0.016615,0.006902,0.005081,0.455616,0.005081,0.510875,-0.005081,-0.451679,0.006902,-0.006902,0.541381,-0.452543,0.454102,-0.451586,-0.449215,0.921712
2,DMT,7,0.011693,-0.005797,0.001327,0.462340,0.001327,0.458054,-0.001327,-0.467557,-0.005797,0.005797,0.489064,-0.466114,0.459282,-0.462168,-0.462167,0.935098
2,DMT,8,0.021302,0.018903,0.003680,0.345285,0.003680,0.320383,-0.003680,-0.336100,0.018903,-0.018903,0.379741,-0.339083,0.344326,-0.339230,-0.335589,0.743559
2,DMT,9,0.020359,0.023980,0.012079,0.254317,0.012079,0.267111,-0.012079,-0.239446,0.023980,-0.023980,0.297766,-0.242082,0.255732,-0.245122,-0.242877,0.582466
2,DMT,10,0.005116,0.029659,0.021962,0.111048,0.021962,0.140095,-0.021962,-0.082573,0.029659,-0.029659,0.143704,-0.085807,0.113565,-0.090130,-0.085763,0.302516
2,DMT,11,0.024372,0.029070,0.027779,0.169499,0.027779,0.189170,-0.027779,-0.147155,0.029070,-0.029070,0.193448,-0.146726,0.174567,-0.153861,-0.154886,0.455467
2,DMT,12,0.018901,0.022706,0.019755,0.293312,0.019755,0.335374,-0.019755,-0.276758,0.022706,-0.022706,0.297287,-0.278893,0.294433,-0.280197,-0.279938,0.655219
2,DMT,13,0.024165,0.028967,0.011859,0.303715,0.011859,0.295669,-0.011859,-0.284796,0.028967,-0.028967,0.290576,-0.289879,0.305086,-0.292130,-0.287740,0.668418
2,DMT,14,0.013384,0.010087,0.006042,0.401011,0.006042,0.414554,-0.006042,-0.394429,0.010087,-0.010087,0.411399,-0.396242,0.400829,-0.396639,-0.393813,0.832304
2,DMT,15,0.005695,0.007047,0.011420,0.372578,0.011420,0.387611,-0.011420,-0.364424,0.007047,-0.007047,0.365059,-0.364222,0.372984,-0.364630,-0.364710,0.762027
2,DMT,16,0.015303,0.000062,0.014925,0.386170,0.014925,0.401887,-0.014925,-0.383401,0.000062,-0.000062,0.388766,-0.379774,0.390130,-0.384341,-0.387891,0.814463
2,DMT,17,0.013196,0.006085,0.003193,0.453478,0.003193,0.491654,-0.003193,-0.449819,0.006085,-0.006085,0.459994,-0.450585,0.452409,-0.449223,-0.449477,0.918174
2,DMT,18,0.010125,0.001309,0.004867,0.399727,0.004867,0.429659,-0.004867,-0.402110,0.001309,-0.001309,0.421321,-0.398700,0.398875,-0.397662,-0.400954,0.811463
2,DMT,19,0.017676,0.003372,0.007053,0.432702,0.007053,0.441767,-0.007053,-0.428681,0.003372,-0.003372,0.448316,-0.428542,0.435642,-0.432830,-0.433142,0.891882
2,DMT,20,0.006651,0.005615,0.003218,0.399562,0.003218,0.432636,-0.003218,-0.395659,0.005615,-0.005615,0.410737,-0.396289,0.400690,-0.397091,-0.397364,0.812002
2,DMT,21,0.006676,0.006441,0.005723,0.394691,0.005723,0.408251,-0.005723,-0.391619,0.006441,-0.006441,0.401029,-0.391486,0.395840,-0.393314,-0.394010,0.798356
2,DMT,22,0.009463,0.005957,0.001955,0.426607,0.001955,0.449590,-0.001955,-0.423965,0.005957,-0.005957,0.427926,-0.424406,0.424797,-0.422052,-0.422185,0.859358
2,DMT,23,0.011724,0.005274,0.006800,0.388060,0.006800,0.408444,-0.006800,-0.385315,0.005274,-0.005274,0.408984,-0.385469,0.387312,-0.384687,-0.384590,0.804756
2,DMT,24,0.008735,0.004218,0.005172,0.417950,0.005172,0.428824,-0.005172,-0.414938,0.004218,-0.004218,0.425296,-0.415201,0.417712,-0.414774,-0.413713,0.846698
2,DMT,25,0.007908,0.001959,0.006059,0.432757,0.006059,0.470967,-0.006059,-0.431223,0.001959,-0.001959,0.443236,-0.431519,0.430312,-0.429023,-0.429789,0.876177
2,DMT,26,0.010348,-0.000237,0.004456,0.442969,0.004456,0.456118,-0.004456,-0.444514,-0.000237,0.000237,0.450060,-0.441783,0.441376,-0.439831,-0.441595,0.891637
2,DMT,27,0.008356,0.002093,0.003164,0.401935,0.003164,0.412315,-0.003164,-0.400665,0.002093,-0.002093,0.406003,-0.401985,0.401972,-0.401552,-0.400736,0.807559
2,PCB,0,0.034989,0.010233,0.021737,0.368892,0.021737,0.327458,-0.021737,-0.362401,0.010233,-0.010233,0.385326,-0.360012,0.365958,-0.358434,-0.358818,0.796947
2,PCB,1,0.011961,0.005246,0.012670,0.389460,0.012670,0.399752,-0.012670,-0.382982,0.005246,-0.005246,0.395274,-0.385108,0.388894,-0.384116,-0.383622,0.810758
2,PCB,2,0.013903,0.015929,0.006191,0.398530,0.006191,0.408336,-0.006191,-0.391691,0.015929,-0.015929,0.423481,-0.390064,0.393580,-0.386224,-0.388203,0.815945
2,PCB,3,0.029507,0.004281,0.007685,0.443954,0.007685,0.483506,-0.007685,-0.440769,0.004281,-0.004281,0.450749,-0.441521,0.443307,-0.440493,-0.439878,0.914626
2,PCB,4,0.045099,0.004238,0.010216,0.468037,0.010216,0.523220,-0.010216,-0.469042,0.004238,-0.004238,0.511603,-0.466012,0.467368,-0.465743,-0.468992,0.981084
2,PCB,5,0.025928,0.007556,-0.001639,0.446517,-0.001639,0.504110,0.001639,-0.449947,0.007556,-0.007556,0.461665,-0.445227,0.446303,-0.445299,-0.449903,0.920404
2,PCB,6,0.023830,0.009389,0.001351,0.485181,0.001351,0.513342,-0.001351,-0.484646,0.009389,-0.009389,0.484159,-0.483283,0.484516,-0.482576,-0.483419,0.991993
2,PCB,7,0.036205,0.009317,0.006814,0.516838,0.006814,0.561506,-0.006814,-0.514753,0.009317,-0.009317,0.500265,-0.515393,0.514862,-0.513033,-0.513739,1.058354
2,PCB,8,0.013945,0.005703,0.006972,0.383452,0.006972,0.416276,-0.006972,-0.378580,0.005703,-0.005703,0.405107,-0.380582,0.385785,-0.383105,-0.381877,0.797636
2,PCB,9,0.022643,0.014182,0.007204,0.346340,0.007204,0.370967,-0.007204,-0.338332,0.014182,-0.014182,0.367153,-0.337929,0.348254,-0.339064,-0.340819,0.742292
2,PCB,10,0.026367,0.008458,0.009536,0.425686,0.009536,0.485746,-0.009536,-0.417982,0.008458,-0.008458,0.454631,-0.419588,0.426462,-0.420660,-0.419656,0.879572
2,PCB,11,0.024658,0.008309,0.000537,0.448614,0.000537,0.475203,-0.000537,-0.446946,0.008309,-0.008309,0.473302,-0.446486,0.448695,-0.446123,-0.446622,0.918059
2,PCB,12,0.018385,0.008431,0.011918,0.409520,0.011918,0.435503,-0.011918,-0.401307,0.008431,-0.008431,0.434710,-0.404444,0.409636,-0.404711,-0.401759,0.855196
2,PCB,13,0.015540,0.009203,0.009786,0.386824,0.009786,0.391496,-0.009786,-0.376413,0.009203,-0.009203,0.395605,-0.381640,0.384134,-0.379496,-0.375030,0.813443
2,PCB,14,0.012560,0.000022,0.009430,0.419707,0.009430,0.442927,-0.009430,-0.417180,0.000022,-0.000022,0.441058,-0.420732,0.418637,-0.418707,-0.414667,0.881878
2,PCB,15,0.039126,0.008037,0.005918,0.419343,0.005918,0.425964,-0.005918,-0.414583,0.008037,-0.008037,0.463355,-0.415787,0.420463,-0.416708,-0.415223,0.895415
2,PCB,16,0.023164,0.002773,0.006780,0.504256,0.006780,0.518001,-0.006780,-0.502406,0.002773,-0.002773,0.523702,-0.501212,0.505807,-0.502506,-0.503067,1.030454
2,PCB,17,0.025179,0.005691,0.002158,0.471042,0.002158,0.535672,-0.002158,-0.468204,0.005691,-0.005691,0.510766,-0.469416,0.469654,-0.467948,-0.467293,0.958439
2,PCB,18,0.026780,0.007582,0.003267,0.458376,0.003267,0.493448,-0.003267,-0.456143,0.007582,-0.007582,0.468731,-0.456692,0.458522,-0.456565,-0.456577,0.942734
2,PCB,19,0.018844,0.010424,0.011064,0.363290,0.011064,0.415604,-0.011064,-0.352604,0.010424,-0.010424,0.399382,-0.355408,0.362165,-0.354061,-0.351820,0.769493
2,PCB,20,0.020125,0.008848,0.012704,0.444311,0.012704,0.477063,-0.012704,-0.438243,0.008848,-0.008848,0.456617,-0.438392,0.446168,-0.440653,-0.439877,0.917910
2,PCB,21,0.044159,0.003378,0.007480,0.492799,0.007480,0.565736,-0.007480,-0.492195,0.003378,-0.003378,0.521916,-0.490626,0.492661,-0.490064,-0.492187,1.012775
2,PCB,22,0.015021,0.005008,0.006379,0.445727,0.006379,0.509517,-0.006379,-0.441394,0.005008,-0.005008,0.463741,-0.442395,0.444387,-0.441107,-0.441160,0.905792
2,PCB,23,0.015928,0.000064,0.007662,0.460376,0.007662,0.512226,-0.007662,-0.458338,0.000064,-0.000064,0.470111,-0.459680,0.459516,-0.458228,-0.457455,0.937820
2,PCB,24,0.032929,0.005048,0.004564,0.439125,0.004564,0.471665,-0.004564,-0.437279,0.005048,-0.005048,0.466249,-0.437190,0.439868,-0.438291,-0.437968,0.913250
2,PCB,25,0.018196,0.005546,0.003973,0.490098,0.003973,0.530994,-0.003973,-0.486845,0.005546,-0.005546,0.506031,-0.487120,0.489044,-0.486483,-0.486378,0.988636
2,PCB,26,0.020522,0.000273,0.004115,0.483752,0.004115,0.542611,-0.004115,-0.482527,0.000273,-0.000273,0.493398,-0.482471,0.483094,-0.481701,-0.482034,0.978418
2,PCB,27,0.043689,0.008192,0.001436,0.358898,0.001436,0.386969,-0.001436,-0.362245,0.008192,-0.008192,0.380664,-0.358183,0.358113,-0.356712,-0.360958,0.770997
3,DMT,0,0.034826,0.027751,0.020626,0.439710,0.020626,0.500660,-0.020626,-0.419744,0.027751,-0.027751,0.418383,-0.427677,0.439408,-0.424257,-0.419892,0.941003
3,DMT,1,0.014444,0.004882,0.004127,0.405103,0.004127,0.449098,-0.004127,-0.400566,0.004882,-0.004882,0.436771,-0.400388,0.403904,-0.399599,-0.400121,0.831129
3,DMT,2,0.018735,0.011252,0.007745,0.488136,0.007745,0.523270,-0.007745,-0.479580,0.011252,-0.011252,0.510650,-0.481595,0.486548,-0.479627,-0.478132,0.992608
3,DMT,3,0.012292,0.002893,0.004971,0.482268,0.004971,0.507368,-0.004971,-0.479296,0.002893,-0.002893,0.539258,-0.479798,0.482357,-0.480106,-0.479325,0.971710
3,DMT,4,0.016245,0.007191,0.008583,0.415795,0.008583,0.456102,-0.008583,-0.409740,0.007191,-0.007191,0.454198,-0.410845,0.414571,-0.409324,-0.408830,0.855784
3,DMT,5,0.014557,0.012581,0.010939,0.396638,0.010939,0.457059,-0.010939,-0.385818,0.012581,-0.012581,0.431007,-0.387716,0.397052,-0.388554,-0.387663,0.819522
3,DMT,6,0.027460,0.022294,0.011770,0.437081,0.011770,0.435356,-0.011770,-0.425221,0.022294,-0.022294,0.445612,-0.429642,0.436187,-0.428919,-0.424355,0.952596
3,DMT,7,0.014150,0.009631,0.006246,0.487853,0.006246,0.513477,-0.006246,-0.481182,0.009631,-0.009631,0.500541,-0.482903,0.487107,-0.482697,-0.482988,1.002076
3,DMT,8,0.011326,0.005580,0.005981,0.414713,0.005981,0.460726,-0.005981,-0.410127,0.005580,-0.005580,0.453511,-0.409229,0.418048,-0.413563,-0.412533,0.863353
3,DMT,9,0.013438,0.010707,0.006978,0.416355,0.006978,0.433698,-0.006978,-0.409335,0.010707,-0.010707,0.429241,-0.411305,0.415664,-0.410896,-0.409357,0.853747
3,DMT,10,0.010196,0.005542,0.000904,0.408055,0.000904,0.457479,-0.000904,-0.405124,0.005542,-0.005542,0.438253,-0.404512,0.408702,-0.405568,-0.405379,0.834156
3,DMT,11,0.014264,0.002381,0.002495,0.400077,0.002495,0.460014,-0.002495,-0.400215,0.002381,-0.002381,0.423673,-0.400742,0.398973,-0.399230,-0.398896,0.831326
3,DMT,12,0.011672,0.012493,0.009378,0.361583,0.009378,0.381353,-0.009378,-0.351122,0.012493,-0.012493,0.367860,-0.352617,0.359534,-0.350772,-0.349836,0.760603
3,DMT,13,0.020892,0.012189,0.009492,0.336068,0.009492,0.366168,-0.009492,-0.327723,0.012189,-0.012189,0.368243,-0.330261,0.337139,-0.331664,-0.329907,0.737598
3,DMT,14,0.011661,0.009938,0.006730,0.431681,0.006730,0.474482,-0.006730,-0.424572,0.009938,-0.009938,0.454845,-0.425859,0.430425,-0.424538,-0.424500,0.883005
3,DMT,15,0.015294,0.009547,0.007775,0.399006,0.007775,0.432417,-0.007775,-0.393435,0.009547,-0.009547,0.418939,-0.393282,0.399197,-0.394059,-0.394247,0.840401
3,DMT,16,0.016041,0.008093,0.009648,0.433824,0.009648,0.490247,-0.009648,-0.427304,0.008093,-0.008093,0.456378,-0.425731,0.433527,-0.425409,-0.427343,0.901163
3,DMT,17,0.012167,0.003014,0.002476,0.420692,0.002476,0.488667,-0.002476,-0.419200,0.003014,-0.003014,0.435087,-0.419472,0.420571,-0.418928,-0.419513,0.856442
3,DMT,18,0.006363,-0.000526,0.008168,0.421468,0.008168,0.461309,-0.008168,-0.419928,-0.000526,0.000526,0.447542,-0.419085,0.422333,-0.420206,-0.421232,0.860228
3,DMT,19,0.008489,0.003507,0.007586,0.463324,0.007586,0.517055,-0.007586,-0.457896,0.003507,-0.003507,0.504408,-0.457891,0.464772,-0.458661,-0.459381,0.935840
3,DMT,20,0.009585,0.001214,0.003039,0.440796,0.003039,0.472728,-0.003039,-0.440770,0.001214,-0.001214,0.444198,-0.441036,0.441486,-0.441313,-0.441747,0.898574
3,DMT,21,0.008558,0.003080,0.007890,0.420007,0.007890,0.449273,-0.007890,-0.412784,0.003080,-0.003080,0.452534,-0.412741,0.420216,-0.413422,-0.414294,0.846962
3,DMT,22,0.017418,0.007259,0.013997,0.424134,0.013997,0.436132,-0.013997,-0.417506,0.007259,-0.007259,0.440545,-0.416090,0.424346,-0.416235,-0.417803,0.867110
3,DMT,23,0.016271,0.004088,0.006068,0.370563,0.006068,0.421692,-0.006068,-0.369156,0.004088,-0.004088,0.379297,-0.369724,0.370863,-0.368997,-0.369182,0.786139
3,DMT,24,0.011488,0.009810,0.007681,0.394069,0.007681,0.434147,-0.007681,-0.387319,0.009810,-0.009810,0.418430,-0.388671,0.393222,-0.386793,-0.386741,0.811968
3,DMT,25,0.011821,0.007050,0.010853,0.440830,0.010853,0.475677,-0.010853,-0.431809,0.007050,-0.007050,0.489398,-0.432975,0.440369,-0.431583,-0.431180,0.901123
3,DMT,26,0.006719,0.002161,0.000861,0.485350,0.000861,0.513107,-0.000861,-0.482480,0.002161,-0.002161,0.518685,-0.483071,0.485770,-0.483371,-0.482346,0.971661
3,DMT,27,0.010556,0.004308,0.003976,0.364112,0.003976,0.382224,-0.003976,-0.361531,0.004308,-0.004308,0.385101,-0.359644,0.367229,-0.363875,-0.364500,0.757883
3,PCB,0,0.049940,0.016318,0.013372,0.501117,0.013372,0.487096,-0.013372,-0.498390,0.016318,-0.016318,0.502902,-0.497487,0.500578,-0.495992,-0.495633,1.066036
3,PCB,1,0.024017,0.012141,0.009348,0.445474,0.009348,0.431345,-0.009348,-0.438637,0.012141,-0.012141,0.463577,-0.439259,0.445259,-0.440075,-0.438256,0.937045
3,PCB,2,0.016204,0.008870,0.003687,0.420227,0.003687,0.478009,-0.003687,-0.415845,0.008870,-0.008870,0.476152,-0.418198,0.419194,-0.416901,-0.414610,0.866924
3,PCB,3,0.025754,0.012393,0.008594,0.467206,0.008594,0.445557,-0.008594,-0.462630,0.012393,-0.012393,0.490419,-0.463598,0.465286,-0.461800,-0.459597,0.969430
3,PCB,4,0.022547,0.029570,0.032023,0.310657,0.032023,0.330882,-0.032023,-0.287124,0.029570,-0.029570,0.334169,-0.286425,0.308739,-0.286430,-0.286439,0.694184
3,PCB,5,0.030042,0.006888,0.002339,0.509914,0.002339,0.559757,-0.002339,-0.511762,0.006888,-0.006888,0.577922,-0.512109,0.510673,-0.511648,-0.511544,1.042046
3,PCB,6,0.017949,0.007495,0.010959,0.407070,0.010959,0.444661,-0.010959,-0.400905,0.007495,-0.007495,0.442042,-0.402453,0.404991,-0.400491,-0.398629,0.843745
3,PCB,7,0.019951,0.011777,0.009893,0.353512,0.009893,0.391912,-0.009893,-0.347628,0.011777,-0.011777,0.384137,-0.348266,0.353465,-0.348745,-0.349460,0.763000
3,PCB,8,0.020045,0.014951,0.013944,0.321454,0.013944,0.350223,-0.013944,-0.311866,0.014951,-0.014951,0.348877,-0.311282,0.322257,-0.312990,-0.312576,0.725523
3,PCB,9,0.005052,0.007093,0.008932,0.423342,0.008932,0.451478,-0.008932,-0.416279,0.007093,-0.007093,0.458157,-0.415871,0.424123,-0.417276,-0.417298,0.866832
3,PCB,10,0.014419,0.006789,0.002799,0.437938,0.002799,0.483187,-0.002799,-0.434276,0.006789,-0.006789,0.479758,-0.434904,0.437033,-0.433165,-0.432998,0.900609
3,PCB,11,0.015214,0.008276,0.001649,0.413062,0.001649,0.438536,-0.001649,-0.409632,0.008276,-0.008276,0.442174,-0.411217,0.412754,-0.410705,-0.408594,0.862103
3,PCB,12,0.018624,0.010329,0.004372,0.424541,0.004372,0.445878,-0.004372,-0.418932,0.010329,-0.010329,0.441304,-0.420830,0.424469,-0.420369,-0.418484,0.899818
3,PCB,13,0.013645,0.004743,0.004375,0.509862,0.004375,0.571750,-0.004375,-0.505890,0.004743,-0.004743,0.568903,-0.506509,0.509882,-0.506159,-0.505731,1.032270
3,PCB,14,0.014395,0.001060,0.002440,0.538428,0.002440,0.592783,-0.002440,-0.537445,0.001060,-0.001060,0.581120,-0.537399,0.536693,-0.534272,-0.535006,1.089548
3,PCB,15,0.015081,0.004874,0.002199,0.500498,0.002199,0.577105,-0.002199,-0.498234,0.004874,-0.004874,0.559819,-0.497603,0.500721,-0.497598,-0.498945,1.017016
3,PCB,16,0.006697,0.004505,0.006819,0.440663,0.006819,0.455943,-0.006819,-0.436300,0.004505,-0.004505,0.450847,-0.434843,0.440455,-0.434727,-0.436171,0.886196
3,PCB,17,0.009709,0.002094,0.003884,0.437720,0.003884,0.471873,-0.003884,-0.436094,0.002094,-0.002094,0.455134,-0.435665,0.438248,-0.436325,-0.436492,0.882054
3,PCB,18,0.014245,0.000071,0.001074,0.367566,0.001074,0.418331,-0.001074,-0.369814,0.000071,-0.000071,0.425884,-0.369587,0.366103,-0.368472,-0.368748,0.759018
3,PCB,19,0.015686,0.008604,0.009756,0.459111,0.009756,0.525765,-0.009756,-0.452405,0.008604,-0.008604,0.528405,-0.450900,0.458974,-0.452040,-0.453187,0.937859
3,PCB,20,0.027244,-0.001752,0.000704,0.487404,0.000704,0.526358,-0.000704,-0.491262,-0.001752,0.001752,0.533625,-0.490272,0.487897,-0.490723,-0.492125,0.994112
3,PCB,21,0.009990,0.002394,0.001409,0.455435,0.001409,0.506781,-0.001409,-0.453566,0.002394,-0.002394,0.519678,-0.452777,0.455353,-0.453320,-0.453587,0.927644
3,PCB,22,0.012029,0.003455,0.008033,0.409849,0.008033,0.433946,-0.008033,-0.407880,0.003455,-0.003455,0.455156,-0.405911,0.412353,-0.408846,-0.409938,0.853480
3,PCB,23,0.010311,0.004236,0.003248,0.452961,0.003248,0.504508,-0.003248,-0.450959,0.004236,-0.004236,0.480288,-0.451460,0.452411,-0.450449,-0.450737,0.907480
3,PCB,24,0.011652,0.007057,0.003560,0.463045,0.003560,0.506708,-0.003560,-0.459551,0.007057,-0.007057,0.490921,-0.459912,0.462458,-0.458642,-0.458352,0.944432
3,PCB,25,0.024635,0.003291,0.004901,0.471676,0.004901,0.496153,-0.004901,-0.471644,0.003291,-0.003291,0.497162,-0.471552,0.472460,-0.472353,-0.473152,0.998839
3,PCB,26,0.013039,0.006305,0.010317,0.410877,0.010317,0.447974,-0.010317,-0.405132,0.006305,-0.006305,0.465148,-0.403048,0.412080,-0.404855,-0.406689,0.857020
3,PCB,27,0.009426,0.004298,0.001398,0.454822,0.001398,0.472587,-0.001398,-0.452622,0.004298,-0.004298,0.449963,-0.453083,0.453559,-0.452049,-0.452188,0.918389
4,DMT,0,0.016475,0.008737,0.004274,0.492042,0.004274,0.533557,-0.004274,-0.487170,0.008737,-0.008737,0.524916,-0.487707,0.493198,-0.488681,-0.489446,1.015612
4,DMT,1,0.014874,0.008882,0.007051,0.425700,0.007051,0.459815,-0.007051,-0.419063,0.008882,-0.008882,0.421737,-0.418817,0.426001,-0.419486,-0.420814,0.882123
4,DMT,2,0.016048,0.006384,0.011373,0.393679,0.011373,0.416679,-0.011373,-0.391490,0.006384,-0.006384,0.424290,-0.389763,0.393830,-0.390004,-0.391449,0.819166
4,DMT,3,0.012629,0.000572,0.006963,0.442844,0.006963,0.479100,-0.006963,-0.440188,0.000572,-0.000572,0.475714,-0.439347,0.442205,-0.438739,-0.438529,0.892252
4,DMT,4,0.015512,0.002405,0.004537,0.437691,0.004537,0.464039,-0.004537,-0.437260,0.002405,-0.002405,0.450053,-0.438525,0.440214,-0.440562,-0.439712,0.900242
4,DMT,5,0.009434,0.006144,0.000103,0.440190,0.000103,0.484717,-0.000103,-0.437201,0.006144,-0.006144,0.479314,-0.438012,0.442478,-0.440379,-0.440405,0.898363
4,DMT,6,0.007747,0.007214,0.003634,0.454688,0.003634,0.488028,-0.003634,-0.449271,0.007214,-0.007214,0.473912,-0.449755,0.454770,-0.449252,-0.449808,0.914257
4,DMT,7,0.017351,0.006011,0.004654,0.508493,0.004654,0.511413,-0.004654,-0.510794,0.006011,-0.006011,0.511337,-0.508788,0.507647,-0.507539,-0.509246,1.027017
4,DMT,8,0.024891,0.006636,0.004548,0.531389,0.004548,0.561743,-0.004548,-0.536777,0.006636,-0.006636,0.543885,-0.533602,0.529992,-0.531309,-0.534895,1.083749
4,DMT,9,0.011009,0.002634,0.005712,0.391000,0.005712,0.407719,-0.005712,-0.392466,0.002634,-0.002634,0.401754,-0.390986,0.389064,-0.388115,-0.388865,0.807332
4,DMT,10,0.013828,0.014682,0.003100,0.358993,0.003100,0.392925,-0.003100,-0.349331,0.014682,-0.014682,0.375689,-0.353025,0.357574,-0.351987,-0.350125,0.745743
4,DMT,11,0.016710,0.016417,0.005083,0.271301,0.005083,0.298037,-0.005083,-0.259583,0.016417,-0.016417,0.313762,-0.265924,0.272601,-0.267907,-0.265445,0.606512
4,DMT,12,0.039202,0.048046,0.014686,0.223134,0.014686,0.276949,-0.014686,-0.206253,0.048046,-0.048046,0.228774,-0.210060,0.226729,-0.214563,-0.210505,0.552262
4,DMT,13,0.017586,0.004759,0.005516,0.444176,0.005516,0.487912,-0.005516,-0.441800,0.004759,-0.004759,0.472878,-0.442681,0.442647,-0.441136,-0.439753,0.902842
4,DMT,14,0.013177,0.007198,0.006648,0.430415,0.006648,0.463523,-0.006648,-0.424443,0.007198,-0.007198,0.455397,-0.424256,0.431060,-0.424527,-0.425352,0.880953
4,DMT,15,0.013748,0.005999,0.008245,0.374758,0.008245,0.404474,-0.008245,-0.372517,0.005999,-0.005999,0.398102,-0.371044,0.375802,-0.371614,-0.372896,0.789261
4,DMT,16,0.013443,0.005415,0.005894,0.421086,0.005894,0.456575,-0.005894,-0.417535,0.005415,-0.005415,0.439312,-0.417316,0.420834,-0.417318,-0.417297,0.863770
4,DMT,17,0.010383,0.007191,0.007839,0.395558,0.007839,0.415007,-0.007839,-0.387170,0.007191,-0.007191,0.405139,-0.389116,0.393611,-0.387046,-0.384762,0.806610
4,DMT,18,0.011752,0.000080,0.002284,0.432148,0.002284,0.468225,-0.002284,-0.431721,0.000080,-0.000080,0.463327,-0.431695,0.431399,-0.430723,-0.431051,0.878205
4,DMT,19,0.025715,0.018489,0.020082,0.427145,0.020082,0.469294,-0.020082,-0.408334,0.018489,-0.018489,0.441581,-0.408370,0.427182,-0.408815,-0.409678,0.891143
4,DMT,20,0.014153,0.008072,0.005643,0.464446,0.005643,0.478654,-0.005643,-0.460725,0.008072,-0.008072,0.487836,-0.461454,0.465102,-0.461472,-0.460596,0.946809
4,DMT,21,0.017800,0.005603,0.004197,0.491286,0.004197,0.541225,-0.004197,-0.489338,0.005603,-0.005603,0.517036,-0.488177,0.490983,-0.488032,-0.489263,0.996714
4,DMT,22,0.013067,0.002500,0.003540,0.450823,0.003540,0.470038,-0.003540,-0.449537,0.002500,-0.002500,0.459885,-0.448877,0.450652,-0.448412,-0.448523,0.912286
4,DMT,23,0.011999,0.003996,0.008159,0.434006,0.008159,0.451732,-0.008159,-0.428255,0.003996,-0.003996,0.471597,-0.426897,0.434081,-0.427930,-0.428078,0.882591
4,DMT,24,0.005898,0.006820,0.003748,0.459424,0.003748,0.483972,-0.003748,-0.451896,0.006820,-0.006820,0.493059,-0.452087,0.459960,-0.452666,-0.452452,0.925268
4,DMT,25,0.019912,0.029497,0.031437,0.191880,0.031437,0.238867,-0.031437,-0.151022,0.029497,-0.029497,0.247688,-0.154623,0.191068,-0.155000,-0.152734,0.439687
4,DMT,26,0.014440,0.022962,0.021566,0.288827,0.021566,0.318761,-0.021566,-0.260371,0.022962,-0.022962,0.300420,-0.262707,0.288650,-0.263249,-0.262688,0.619998
4,DMT,27,0.009083,0.003432,0.001870,0.440469,0.001870,0.504913,-0.001870,-0.437607,0.003432,-0.003432,0.467866,-0.438379,0.440062,-0.437600,-0.438463,0.897845
4,PCB,0,0.014308,0.004802,0.004803,0.425600,0.004803,0.442846,-0.004803,-0.424900,0.004802,-0.004802,0.449075,-0.422351,0.424869,-0.421471,-0.424464,0.866577
4,PCB,1,0.017627,0.002282,0.005480,0.455463,0.005480,0.490640,-0.005480,-0.454323,0.002282,-0.002282,0.482182,-0.453620,0.456566,-0.454537,-0.455159,0.929058
4,PCB,2,0.015952,0.004976,0.003294,0.455547,0.003294,0.504539,-0.003294,-0.454549,0.004976,-0.004976,0.490883,-0.455249,0.456533,-0.456292,-0.456159,0.929205
4,PCB,3,0.018645,0.007476,0.004082,0.466738,0.004082,0.497750,-0.004082,-0.464861,0.007476,-0.007476,0.487122,-0.464143,0.468406,-0.465993,-0.467129,0.955410
4,PCB,4,0.023048,0.012950,0.008597,0.483737,0.008597,0.541662,-0.008597,-0.480560,0.012950,-0.012950,0.509786,-0.480870,0.483708,-0.480566,-0.481646,0.995683
4,PCB,5,0.017619,0.007316,0.004746,0.407850,0.004746,0.465836,-0.004746,-0.406814,0.007316,-0.007316,0.448275,-0.402296,0.410906,-0.406081,-0.411126,0.853393
4,PCB,6,0.023897,0.010606,0.012400,0.460358,0.012400,0.462616,-0.012400,-0.454180,0.010606,-0.010606,0.458919,-0.456509,0.458789,-0.453821,-0.453423,0.944563
4,PCB,7,0.032593,0.017708,0.011392,0.389557,0.011392,0.412134,-0.011392,-0.379058,0.017708,-0.017708,0.392026,-0.376927,0.390481,-0.378613,-0.381026,0.857387
4,PCB,8,0.016055,0.010709,0.005675,0.331201,0.005675,0.370225,-0.005675,-0.325905,0.010709,-0.010709,0.361370,-0.325025,0.332592,-0.326257,-0.327621,0.710295
4,PCB,9,0.012953,0.004769,0.010229,0.364668,0.010229,0.371745,-0.010229,-0.362397,0.004769,-0.004769,0.366410,-0.357597,0.365608,-0.357402,-0.363439,0.758070
4,PCB,10,0.010848,0.009581,0.004253,0.422412,0.004253,0.433005,-0.004253,-0.420863,0.009581,-0.009581,0.440020,-0.417808,0.421771,-0.417428,-0.419214,0.855921
4,PCB,11,0.016796,0.013262,0.012826,0.389391,0.012826,0.378947,-0.012826,-0.380347,0.013262,-0.013262,0.410327,-0.380484,0.385688,-0.377258,-0.378443,0.802962
4,PCB,12,0.017225,0.028894,0.016481,0.339640,0.016481,0.335835,-0.016481,-0.317709,0.028894,-0.028894,0.355423,-0.315549,0.345987,-0.322052,-0.322191,0.737886
4,PCB,13,0.018093,0.006487,0.005747,0.429206,0.005747,0.450385,-0.005747,-0.424741,0.006487,-0.006487,0.452910,-0.427605,0.427000,-0.426873,-0.422409,0.880623
4,PCB,14,0.022667,0.008870,0.008488,0.419814,0.008488,0.442543,-0.008488,-0.414291,0.008870,-0.008870,0.432406,-0.415560,0.418907,-0.414841,-0.414527,0.866327
4,PCB,15,0.017199,0.004053,0.003878,0.472318,0.003878,0.505808,-0.003878,-0.469264,0.004053,-0.004053,0.512381,-0.471447,0.472038,-0.471225,-0.467813,0.963038
4,PCB,16,0.015187,0.003766,0.003260,0.444436,0.003260,0.504117,-0.003260,-0.439340,0.003766,-0.003766,0.482148,-0.440616,0.441444,-0.437619,-0.436736,0.911502
4,PCB,17,0.013969,0.016824,0.008821,0.386341,0.008821,0.409168,-0.008821,-0.373410,0.016824,-0.016824,0.405780,-0.374053,0.389048,-0.377129,-0.377278,0.793457
4,PCB,18,0.021724,0.007448,0.007372,0.415692,0.007372,0.483830,-0.007372,-0.408619,0.007448,-0.007448,0.487727,-0.409246,0.415207,-0.409390,-0.408425,0.856722
4,PCB,19,0.017692,0.003969,-0.000653,0.409969,-0.000653,0.446974,0.000653,-0.409587,0.003969,-0.003969,0.446416,-0.412151,0.409650,-0.411317,-0.409408,0.850863
4,PCB,20,0.010997,0.005172,0.002923,0.454508,0.002923,0.495584,-0.002923,-0.449497,0.005172,-0.005172,0.488001,-0.450913,0.454104,-0.450146,-0.449073,0.927555
4,PCB,21,0.013517,0.010288,0.013787,0.444023,0.013787,0.459583,-0.013787,-0.431266,0.010288,-0.010288,0.472797,-0.434230,0.443912,-0.433916,-0.431737,0.903893
4,PCB,22,0.013896,0.006238,0.008367,0.431485,0.008367,0.445370,-0.008367,-0.422020,0.006238,-0.006238,0.479313,-0.423891,0.426642,-0.419614,-0.418241,0.880876
4,PCB,23,0.023566,0.015070,0.004506,0.406129,0.004506,0.454002,-0.004506,-0.399805,0.015070,-0.015070,0.385337,-0.402371,0.402473,-0.399309,-0.394714,0.859976
4,PCB,24,0.009392,0.009345,0.010219,0.374227,0.010219,0.353208,-0.010219,-0.361220,0.009345,-0.009345,0.337419,-0.362794,0.371622,-0.357761,-0.356973,0.794557
4,PCB,25,0.003908,0.002226,0.007461,0.442085,0.007461,0.472472,-0.007461,-0.430153,0.002226,-0.002226,0.437461,-0.435422,0.441366,-0.433463,-0.431096,0.910078
4,PCB,26,0.003356,0.009290,0.010613,0.354368,0.010613,0.402904,-0.010613,-0.340873,0.009290,-0.009290,0.369379,-0.340495,0.352982,-0.339368,-0.337904,0.737302
4,PCB,27,0.005104,0.013854,0.006613,0.329660,0.006613,0.349134,-0.006613,-0.314680,0.013854,-0.013854,0.351674,-0.318593,0.332243,-0.321116,-0.319134,0.678694
5,DMT,0,0.006284,0.005049,0.006819,0.439682,0.006819,0.465920,-0.006819,-0.435476,0.005049,-0.005049,0.463767,-0.434714,0.439738,-0.434834,-0.435908,0.894119
5,DMT,1,0.009091,0.014628,0.011268,0.443074,0.011268,0.488065,-0.011268,-0.429060,0.014628,-0.014628,0.466992,-0.429971,0.444271,-0.431930,-0.431569,0.898500
5,DMT,2,0.018728,0.012963,0.011797,0.440107,0.011797,0.509862,-0.011797,-0.426682,0.012963,-0.012963,0.455595,-0.429169,0.441703,-0.429408,-0.429265,0.892027
5,DMT,3,0.025849,0.010255,0.010529,0.436577,0.010529,0.528797,-0.010529,-0.424556,0.010255,-0.010255,0.470747,-0.425232,0.438911,-0.426879,-0.428133,0.897600
5,DMT,4,0.025685,0.017787,0.014418,0.382070,0.014418,0.437684,-0.014418,-0.365998,0.017787,-0.017787,0.397517,-0.371118,0.383762,-0.373252,-0.370860,0.810829
5,DMT,5,0.005993,0.013433,0.010662,0.387962,0.010662,0.395851,-0.010662,-0.373256,0.013433,-0.013433,0.400957,-0.375474,0.387313,-0.375645,-0.373538,0.799101
5,DMT,6,0.031293,0.024677,0.028840,0.391993,0.028840,0.485353,-0.028840,-0.367389,0.024677,-0.024677,0.396998,-0.371647,0.391892,-0.370909,-0.369707,0.821556
5,DMT,7,0.021426,0.015846,0.010856,0.393362,0.010856,0.445484,-0.010856,-0.381250,0.015846,-0.015846,0.408614,-0.382640,0.394392,-0.383143,-0.383274,0.840233
5,DMT,8,0.047999,0.002380,0.002595,0.530132,0.002595,0.738574,-0.002595,-0.529965,0.002380,-0.002380,0.584666,-0.532240,0.531211,-0.532453,-0.533465,1.084005
5,DMT,9,0.011018,0.003178,0.004943,0.397542,0.004943,0.455708,-0.004943,-0.394318,0.003178,-0.003178,0.430279,-0.396168,0.398783,-0.397857,-0.396668,0.822510
5,DMT,10,0.019226,0.000709,0.005338,0.447841,0.005338,0.481484,-0.005338,-0.447412,0.000709,-0.000709,0.479139,-0.446545,0.447233,-0.446102,-0.446126,0.916168
5,DMT,11,0.026227,0.016231,0.010200,0.361007,0.010200,0.420095,-0.010200,-0.350673,0.016231,-0.016231,0.393250,-0.353172,0.358927,-0.350737,-0.349631,0.769030
5,DMT,12,0.008613,0.003055,0.005769,0.431109,0.005769,0.473969,-0.005769,-0.429710,0.003055,-0.003055,0.427766,-0.428602,0.430893,-0.428465,-0.429704,0.869362
5,DMT,13,0.010306,0.008914,0.006014,0.378472,0.006014,0.419371,-0.006014,-0.370243,0.008914,-0.008914,0.391304,-0.371444,0.377598,-0.370527,-0.370565,0.774487
5,DMT,14,0.010065,0.002014,0.001624,0.445576,0.001624,0.506477,-0.001624,-0.444175,0.002014,-0.002014,0.470582,-0.443970,0.443937,-0.441940,-0.442556,0.896952
5,DMT,15,0.010805,0.005384,0.002071,0.456753,0.002071,0.503019,-0.002071,-0.454842,0.005384,-0.005384,0.470277,-0.454372,0.454840,-0.452384,-0.452995,0.920832
5,DMT,16,0.009518,0.001582,0.001808,0.470044,0.001808,0.489992,-0.001808,-0.470477,0.001582,-0.001582,0.490703,-0.470955,0.471104,-0.471507,-0.469957,0.954608
5,DMT,17,0.016939,0.009432,0.007959,0.354800,0.007959,0.368448,-0.007959,-0.346935,0.009432,-0.009432,0.390639,-0.349413,0.356722,-0.352352,-0.351048,0.758548
5,DMT,18,0.009843,0.004125,0.002858,0.427971,0.002858,0.468669,-0.002858,-0.425578,0.004125,-0.004125,0.467606,-0.425969,0.427724,-0.426234,-0.425115,0.873308
5,DMT,19,0.008103,0.004661,0.006813,0.435152,0.006813,0.462663,-0.006813,-0.431433,0.004661,-0.004661,0.452597,-0.431202,0.433479,-0.429660,-0.429310,0.882033
5,DMT,20,0.018953,0.001811,0.003976,0.491411,0.003976,0.502178,-0.003976,-0.491425,0.001811,-0.001811,0.516795,-0.492529,0.491722,-0.493076,-0.491392,1.002399
5,DMT,21,0.024751,0.016353,0.016646,0.452437,0.016646,0.449547,-0.016646,-0.440351,0.016353,-0.016353,0.467152,-0.440740,0.451526,-0.441106,-0.440344,0.932479
5,DMT,22,0.009865,-0.001826,0.004740,0.414969,0.004740,0.423991,-0.004740,-0.417230,-0.001826,0.001826,0.432689,-0.415353,0.413830,-0.414058,-0.415054,0.843349
5,DMT,23,0.014515,-0.000299,0.001398,0.416586,0.001398,0.433981,-0.001398,-0.420478,-0.000299,0.000299,0.419501,-0.418245,0.414731,-0.415587,-0.417181,0.844308
5,DMT,24,0.020323,0.004190,0.007698,0.433256,0.007698,0.427075,-0.007698,-0.433883,0.004190,-0.004190,0.439589,-0.432329,0.433329,-0.432255,-0.432732,0.903755
5,DMT,25,0.012310,0.010087,0.008635,0.437347,0.008635,0.435690,-0.008635,-0.429294,0.010087,-0.010087,0.451145,-0.430657,0.438144,-0.432233,-0.430888,0.904485
5,DMT,26,0.015204,0.005993,0.001629,0.428510,0.001629,0.446734,-0.001629,-0.428769,0.005993,-0.005993,0.441051,-0.428218,0.428082,-0.427823,-0.427916,0.889591
5,DMT,27,0.014742,0.003111,0.000852,0.454304,0.000852,0.505954,-0.000852,-0.454959,0.003111,-0.003111,0.476629,-0.455795,0.454179,-0.455561,-0.454777,0.918836
5,PCB,0,0.006281,0.003949,0.008825,0.393167,0.008825,0.397032,-0.008825,-0.387493,0.003949,-0.003949,0.421573,-0.387048,0.392061,-0.386540,-0.386368,0.816685
5,PCB,1,0.008145,0.006340,0.006403,0.384488,0.006403,0.405028,-0.006403,-0.377610,0.006340,-0.006340,0.421682,-0.377470,0.386206,-0.378656,-0.379514,0.783004
5,PCB,2,0.012598,0.007069,0.011444,0.377425,0.011444,0.419437,-0.011444,-0.367845,0.007069,-0.007069,0.416123,-0.367021,0.377479,-0.366513,-0.367975,0.776945
5,PCB,3,0.007537,0.003625,0.008044,0.347914,0.008044,0.398373,-0.008044,-0.340370,0.003625,-0.003625,0.398216,-0.340736,0.347843,-0.341200,-0.340690,0.720918
5,PCB,4,0.005865,0.004033,0.004346,0.451387,0.004346,0.467822,-0.004346,-0.447950,0.004033,-0.004033,0.477994,-0.448173,0.451807,-0.448883,-0.448660,0.908018
5,PCB,5,0.006390,0.002430,0.003736,0.434897,0.003736,0.481105,-0.003736,-0.433593,0.002430,-0.002430,0.461519,-0.432399,0.435145,-0.432403,-0.433821,0.875643
5,PCB,6,0.010507,0.006000,0.004541,0.431812,0.004541,0.461569,-0.004541,-0.428700,0.006000,-0.006000,0.455671,-0.428267,0.431715,-0.428455,-0.428711,0.883688
5,PCB,7,0.018844,0.002542,0.005035,0.468735,0.005035,0.514957,-0.005035,-0.468253,0.002542,-0.002542,0.490701,-0.466269,0.468951,-0.466347,-0.467868,0.951491
5,PCB,8,0.015685,0.009972,0.006346,0.425076,0.006346,0.434911,-0.006346,-0.418128,0.009972,-0.009972,0.459251,-0.418922,0.427348,-0.421048,-0.420562,0.872979
5,PCB,9,0.011501,0.002068,0.002841,0.502622,0.002841,0.568702,-0.002841,-0.501372,0.002068,-0.002068,0.553173,-0.501433,0.502868,-0.501307,-0.501415,1.014301
5,PCB,10,0.019357,0.008567,0.003697,0.464193,0.003697,0.516301,-0.003697,-0.461988,0.008567,-0.008567,0.524123,-0.461078,0.465383,-0.462063,-0.462633,0.942539
5,PCB,11,0.014623,0.007722,0.004083,0.479017,0.004083,0.513312,-0.004083,-0.474363,0.007722,-0.007722,0.519126,-0.473851,0.480810,-0.475999,-0.476566,0.968449
5,PCB,12,0.023405,0.016551,0.008758,0.340650,0.008758,0.310019,-0.008758,-0.331148,0.016551,-0.016551,0.347037,-0.333776,0.339307,-0.332097,-0.330362,0.728354
5,PCB,13,0.013243,0.006733,0.007265,0.425323,0.007265,0.441158,-0.007265,-0.420377,0.006733,-0.006733,0.419815,-0.420022,0.425826,-0.420410,-0.421712,0.863319
5,PCB,14,0.006089,0.006281,0.005470,0.431574,0.005470,0.466831,-0.005470,-0.428420,0.006281,-0.006281,0.450701,-0.428764,0.431364,-0.428445,-0.428252,0.877248
5,PCB,15,0.005828,0.006049,0.002667,0.471459,0.002667,0.499975,-0.002667,-0.468354,0.006049,-0.006049,0.480078,-0.468198,0.472301,-0.468187,-0.469687,0.953196
5,PCB,16,0.013172,0.006036,0.007265,0.399613,0.007265,0.433901,-0.007265,-0.394931,0.006036,-0.006036,0.438102,-0.396840,0.398025,-0.395152,-0.392592,0.821580
5,PCB,17,0.015771,0.003663,0.004019,0.476457,0.004019,0.535563,-0.004019,-0.474218,0.003663,-0.003663,0.530141,-0.474739,0.475156,-0.473132,-0.473102,0.959420
5,PCB,18,0.014986,0.005889,0.006950,0.392897,0.006950,0.422124,-0.006950,-0.388759,0.005889,-0.005889,0.479855,-0.387738,0.394375,-0.389396,-0.390302,0.812988
5,PCB,19,0.018448,0.004418,0.010634,0.432614,0.010634,0.472010,-0.010634,-0.428138,0.004418,-0.004418,0.478812,-0.427619,0.430792,-0.426081,-0.426046,0.882813
5,PCB,20,0.007123,0.002386,0.001003,0.443350,0.001003,0.486524,-0.001003,-0.443297,0.002386,-0.002386,0.472676,-0.443457,0.443191,-0.442968,-0.443416,0.898450
5,PCB,21,0.007031,0.002134,0.003159,0.479013,0.003159,0.517820,-0.003159,-0.476561,0.002134,-0.002134,0.478653,-0.477489,0.478584,-0.477194,-0.476214,0.965399
5,PCB,22,0.005815,0.001735,0.004758,0.445982,0.004758,0.491850,-0.004758,-0.441811,0.001735,-0.001735,0.469480,-0.442086,0.447130,-0.443410,-0.443598,0.902290
5,PCB,23,0.005036,0.003764,0.002998,0.433805,0.002998,0.463889,-0.002998,-0.430908,0.003764,-0.003764,0.460730,-0.430440,0.434290,-0.431233,-0.431443,0.879331
5,PCB,24,0.008636,0.006375,0.005519,0.442182,0.005519,0.459571,-0.005519,-0.438401,0.006375,-0.006375,0.443567,-0.437308,0.442583,-0.437821,-0.438907,0.899049
5,PCB,25,0.009593,0.008070,0.004852,0.411219,0.004852,0.436818,-0.004852,-0.406000,0.008070,-0.008070,0.429765,-0.404728,0.413691,-0.407463,-0.408834,0.845298
5,PCB,26,0.009251,0.003153,0.005180,0.409404,0.005180,0.458317,-0.005180,-0.406658,0.003153,-0.003153,0.472780,-0.407071,0.408323,-0.406353,-0.405574,0.829287
5,PCB,27,0.013258,0.004374,0.004192,0.409348,0.004192,0.455067,-0.004192,-0.407122,0.004374,-0.004374,0.441720,-0.405976,0.410237,-0.406684,-0.408271,0.826217
6,DMT,0,0.016793,0.001506,-0.003292,0.486078,-0.003292,0.486544,0.003292,-0.487499,0.001506,-0.001506,0.511585,-0.487819,0.486567,-0.490187,-0.487904,1.004054
6,DMT,1,0.053223,0.003362,0.007073,0.429732,0.007073,0.559023,-0.007073,-0.427970,0.003362,-0.003362,0.472247,-0.427963,0.432249,-0.428784,-0.430074,0.879808
6,DMT,2,0.038619,-0.000897,0.002787,0.496969,0.002787,0.569758,-0.002787,-0.499007,-0.000897,0.000897,0.550535,-0.497854,0.498433,-0.498210,-0.498091,1.018581
6,DMT,3,0.016114,0.005700,0.003075,0.455237,0.003075,0.496083,-0.003075,-0.453007,0.005700,-0.005700,0.478233,-0.450434,0.454744,-0.449885,-0.452557,0.928926
6,DMT,4,0.056879,0.012767,-0.000543,0.479719,-0.000543,0.610362,0.000543,-0.477979,0.012767,-0.012767,0.546272,-0.476225,0.482211,-0.477758,-0.479798,1.015398
6,DMT,5,0.061141,0.000958,0.007737,0.525692,0.007737,0.713967,-0.007737,-0.521275,0.000958,-0.000958,0.599828,-0.520043,0.525032,-0.519423,-0.520640,1.062348
6,DMT,6,0.032769,0.012288,0.001707,0.414488,0.001707,0.485612,-0.001707,-0.411532,0.012288,-0.012288,0.426231,-0.410063,0.414513,-0.409947,-0.411416,0.842209
6,DMT,7,0.025037,0.002562,0.001037,0.466003,0.001037,0.581441,-0.001037,-0.463138,0.002562,-0.002562,0.496217,-0.465822,0.466369,-0.465091,-0.463749,0.956842
6,DMT,8,0.052027,0.016341,0.003148,0.428756,0.003148,0.487554,-0.003148,-0.425779,0.016341,-0.016341,0.438573,-0.428309,0.427265,-0.430282,-0.428404,0.917050
6,DMT,9,0.031037,0.007194,0.004484,0.429717,0.004484,0.497219,-0.004484,-0.427717,0.007194,-0.007194,0.449448,-0.428525,0.429696,-0.427957,-0.428297,0.882078
6,DMT,10,0.024951,0.003650,0.006914,0.419438,0.006914,0.469651,-0.006914,-0.417846,0.003650,-0.003650,0.435618,-0.418642,0.419496,-0.418620,-0.418469,0.854269
6,DMT,11,0.025997,0.008776,0.011196,0.407690,0.011196,0.453577,-0.011196,-0.402549,0.008776,-0.008776,0.430061,-0.402010,0.408361,-0.401759,-0.402659,0.833874
6,DMT,12,0.018494,0.004615,0.003473,0.417163,0.003473,0.432330,-0.003473,-0.415236,0.004615,-0.004615,0.426936,-0.415069,0.416310,-0.413964,-0.414441,0.852619
6,DMT,13,0.013420,0.003977,0.004621,0.427832,0.004621,0.464648,-0.004621,-0.425051,0.003977,-0.003977,0.446727,-0.425103,0.427318,-0.424344,-0.424553,0.870638
6,DMT,14,0.039310,0.008392,0.009440,0.414248,0.009440,0.451691,-0.009440,-0.410610,0.008392,-0.008392,0.428723,-0.412922,0.413577,-0.412554,-0.410736,0.876289
6,DMT,15,0.012232,0.002575,0.009315,0.405218,0.009315,0.425162,-0.009315,-0.402541,0.002575,-0.002575,0.422097,-0.400573,0.404101,-0.399025,-0.400804,0.825675
6,DMT,16,0.037843,0.019726,0.005474,0.403436,0.005474,0.430313,-0.005474,-0.400599,0.019726,-0.019726,0.403470,-0.398026,0.403700,-0.397084,-0.400509,0.860754
6,DMT,17,0.046118,0.013757,0.006782,0.406735,0.006782,0.406351,-0.006782,-0.404943,0.013757,-0.013757,0.425625,-0.407521,0.407663,-0.409802,-0.407014,0.882527
6,DMT,18,0.032145,0.006862,0.011493,0.418321,0.011493,0.443202,-0.011493,-0.411965,0.006862,-0.006862,0.435834,-0.411287,0.416477,-0.409335,-0.409968,0.875158
6,DMT,19,0.022166,0.021695,0.012438,0.348202,0.012438,0.353679,-0.012438,-0.335803,0.021695,-0.021695,0.341403,-0.339105,0.348559,-0.341108,-0.338882,0.760865
6,DMT,20,0.012523,0.009766,0.008557,0.403886,0.008557,0.434304,-0.008557,-0.396321,0.009766,-0.009766,0.401605,-0.399109,0.405857,-0.400705,-0.399387,0.841737
6,DMT,21,0.028186,0.007043,0.015757,0.435133,0.015757,0.469946,-0.015757,-0.430388,0.007043,-0.007043,0.435782,-0.431353,0.433795,-0.430136,-0.430968,0.908021
6,DMT,22,0.041467,0.034111,0.026942,0.348160,0.026942,0.348788,-0.026942,-0.331161,0.034111,-0.034111,0.344637,-0.333883,0.346132,-0.331525,-0.330777,0.773149
6,DMT,23,0.047774,0.029314,0.036346,0.290121,0.036346,0.344655,-0.036346,-0.272449,0.029314,-0.029314,0.284699,-0.271364,0.289772,-0.267385,-0.270855,0.675310
6,DMT,24,0.014813,0.011117,0.009912,0.292063,0.009912,0.359734,-0.009912,-0.283506,0.011117,-0.011117,0.316822,-0.284281,0.293117,-0.283685,-0.283445,0.632723
6,DMT,25,0.015896,0.023103,0.027868,0.342881,0.027868,0.326869,-0.027868,-0.326945,0.023103,-0.023103,0.348676,-0.327548,0.344210,-0.327150,-0.328554,0.741842
6,DMT,26,0.019936,0.013399,0.016550,0.396038,0.016550,0.414901,-0.016550,-0.389265,0.013399,-0.013399,0.407421,-0.385773,0.395253,-0.382360,-0.387289,0.838284
6,DMT,27,0.029860,0.015078,0.006463,0.295229,0.006463,0.309124,-0.006463,-0.289999,0.015078,-0.015078,0.295793,-0.288169,0.292765,-0.286313,-0.288494,0.667970
6,PCB,0,0.029450,0.012225,0.005939,0.396262,0.005935,0.418521,-0.005943,-0.393472,0.012225,-0.012225,0.398988,-0.395601,0.395214,-0.394937,-0.393421,0.842815
6,PCB,1,0.019904,0.002741,0.012248,0.371941,0.012228,0.383700,-0.012175,-0.370120,0.002741,-0.002741,0.385722,-0.369572,0.373516,-0.370881,-0.371948,0.786898
6,PCB,2,0.026064,0.005702,0.005967,0.462358,0.005971,0.492517,-0.005938,-0.460818,0.005702,-0.005702,0.480045,-0.461150,0.463141,-0.462288,-0.461330,0.960039
6,PCB,3,0.026859,0.008906,0.004392,0.461680,0.004389,0.485700,-0.004410,-0.459187,0.008906,-0.008906,0.511154,-0.458323,0.461827,-0.459863,-0.459807,0.952147
6,PCB,4,0.036246,0.003792,0.012146,0.515815,0.012145,0.529343,-0.012137,-0.513358,0.003792,-0.003792,0.515093,-0.513822,0.513995,-0.511799,-0.512219,1.062279
6,PCB,5,0.029202,0.014487,0.011442,0.423401,0.011454,0.435388,-0.011443,-0.417123,0.014487,-0.014487,0.474620,-0.411984,0.424352,-0.415270,-0.417458,0.880506
6,PCB,6,0.026442,0.016164,0.020284,0.298867,0.020316,0.307489,-0.020333,-0.284884,0.016164,-0.016164,0.326147,-0.286297,0.300300,-0.288535,-0.288100,0.663007
6,PCB,7,0.021947,-0.000609,0.012249,0.415293,0.012240,0.445475,-0.012209,-0.415234,-0.000609,0.000609,0.440529,-0.412637,0.416824,-0.414440,-0.415958,0.885873
6,PCB,8,0.025659,0.005303,0.005781,0.428762,0.005795,0.451565,-0.005789,-0.426618,0.005303,-0.005303,0.431720,-0.427128,0.427944,-0.426426,-0.426341,0.886871
6,PCB,9,0.017326,0.006821,0.007636,0.379004,0.007635,0.373004,-0.007642,-0.374617,0.006821,-0.006821,0.405206,-0.374879,0.380056,-0.376372,-0.374772,0.789901
6,PCB,10,0.019485,0.007024,0.005914,0.383623,0.005909,0.396999,-0.005904,-0.379767,0.007024,-0.007024,0.412625,-0.380618,0.384136,-0.380974,-0.380466,0.802802
6,PCB,11,0.022601,0.009564,0.008723,0.373383,0.008731,0.372560,-0.008794,-0.365833,0.009564,-0.009564,0.378585,-0.366747,0.372616,-0.366249,-0.365032,0.782156
6,PCB,12,0.021133,0.005055,0.005563,0.431575,0.005573,0.463513,-0.005595,-0.430976,0.005055,-0.005055,0.455840,-0.431256,0.430134,-0.429914,-0.429607,0.892817
6,PCB,13,0.025090,0.009310,0.008065,0.406453,0.008064,0.399869,-0.008063,-0.406231,0.009310,-0.009310,0.441784,-0.404676,0.407801,-0.407787,-0.407826,0.870334
6,PCB,14,0.023806,0.005547,0.003767,0.442366,0.003770,0.465236,-0.003764,-0.441469,0.005547,-0.005547,0.474114,-0.441414,0.442629,-0.441499,-0.442674,0.920924
6,PCB,15,0.032790,0.013468,0.011582,0.385529,0.011583,0.397747,-0.011540,-0.377002,0.013468,-0.013468,0.425188,-0.375266,0.387351,-0.378402,-0.378759,0.813561
6,PCB,16,0.017576,0.022024,0.014727,0.315352,0.014722,0.324733,-0.014729,-0.298370,0.022024,-0.022024,0.344333,-0.299299,0.316419,-0.300867,-0.299770,0.671646
6,PCB,17,0.021853,0.035323,0.020932,0.288019,0.020930,0.280523,-0.020888,-0.264384,0.035323,-0.035323,0.303735,-0.265583,0.288862,-0.267589,-0.266584,0.639631
6,PCB,18,0.041836,0.000921,0.012263,0.447319,0.012270,0.501254,-0.012231,-0.444446,0.000921,-0.000921,0.487772,-0.447072,0.447429,-0.447556,-0.445274,0.941368
6,PCB,19,0.029311,0.006104,0.002001,0.450359,0.002005,0.505856,-0.002030,-0.451709,0.006104,-0.006104,0.471040,-0.452941,0.449679,-0.451642,-0.451513,0.937885
6,PCB,20,0.026679,0.006566,0.008089,0.428832,0.008075,0.433383,-0.008050,-0.427344,0.006566,-0.006566,0.431857,-0.428051,0.427811,-0.427972,-0.427018,0.884304
6,PCB,21,0.009024,0.022726,0.013160,0.412030,0.013166,0.433564,-0.013194,-0.398451,0.022726,-0.022726,0.393509,-0.398763,0.407669,-0.393790,-0.394774,0.830746
6,PCB,22,0.002780,0.019167,0.013065,0.364401,0.013081,0.364331,-0.013014,-0.346964,0.019167,-0.019167,0.375791,-0.348722,0.359713,-0.344418,-0.342248,0.738627
6,PCB,23,-0.010533,0.004500,0.006790,0.409810,0.006791,0.454877,-0.006840,-0.401995,0.004500,-0.004500,0.425761,-0.400902,0.409364,-0.400082,-0.401768,0.817297
6,PCB,24,0.015981,0.012165,0.009118,0.431384,0.009131,0.451846,-0.009125,-0.422111,0.012165,-0.012165,0.459215,-0.422370,0.429616,-0.420338,-0.421262,0.894902
6,PCB,25,0.016360,0.009931,0.020264,0.322430,0.020275,0.316198,-0.020300,-0.311902,0.009931,-0.009931,0.314706,-0.310066,0.321911,-0.309805,-0.311275,0.692421
6,PCB,26,0.027860,0.021290,0.009402,0.386720,0.009398,0.393537,-0.009403,-0.377317,0.021290,-0.021290,0.379106,-0.374027,0.386282,-0.373008,-0.377551,0.815877
6,PCB,27,0.018527,0.017951,0.014250,0.316293,0.014252,0.328038,-0.014270,-0.304307,0.017951,-0.017951,0.328030,-0.303424,0.318140,-0.305654,-0.306687,0.681209
7,DMT,0,0.014983,0.009924,0.002756,0.469959,0.002721,0.497086,-0.002694,-0.464779,0.009924,-0.009924,0.478792,-0.467702,0.469911,-0.467142,-0.466078,0.966507
7,DMT,1,0.012735,0.001633,0.006491,0.422722,0.006491,0.436130,-0.006490,-0.422211,0.001633,-0.001633,0.438223,-0.421035,0.422486,-0.421563,-0.420923,0.859543
7,DMT,2,0.031909,0.001155,0.005829,0.421165,0.005897,0.455250,-0.005934,-0.426722,0.001155,-0.001155,0.439656,-0.427747,0.420130,-0.426924,-0.425694,0.922575
7,DMT,3,0.023832,-0.003905,0.003939,0.503134,0.003828,0.545380,-0.003765,-0.508640,-0.003905,0.003905,0.536006,-0.509479,0.504758,-0.509637,-0.507750,1.045037
7,DMT,4,0.027576,-0.003582,0.004244,0.461149,0.004152,0.516681,-0.004130,-0.467437,-0.003582,0.003582,0.492620,-0.461729,0.458065,-0.458794,-0.462201,0.944852
7,DMT,5,0.025021,0.037951,0.023934,0.452971,0.023715,0.444851,-0.023693,-0.428563,0.037951,-0.037951,0.448933,-0.426454,0.446117,-0.420627,-0.421213,0.910672
7,DMT,6,0.038000,0.004835,0.006593,0.534044,0.006550,0.644264,-0.006599,-0.530217,0.004835,-0.004835,0.594999,-0.531025,0.537567,-0.533340,-0.534555,1.093663
7,DMT,7,0.054206,-0.002279,0.005904,0.598403,0.005857,0.795963,-0.005798,-0.602514,-0.002279,0.002279,0.689852,-0.603650,0.598903,-0.604012,-0.606266,1.219425
7,DMT,8,0.029095,0.004403,0.000986,0.435738,0.001062,0.501646,-0.001076,-0.438257,0.004403,-0.004403,0.467781,-0.436704,0.434003,-0.435354,-0.437456,0.877710
7,DMT,9,0.017725,0.017806,0.012845,0.381849,0.012901,0.378898,-0.012909,-0.370923,0.017806,-0.017806,0.384997,-0.371028,0.380587,-0.369649,-0.369646,0.800454
7,DMT,10,0.019430,0.008242,0.006116,0.427212,0.006184,0.444406,-0.006212,-0.424735,0.008242,-0.008242,0.437030,-0.424449,0.426190,-0.422924,-0.424473,0.873716
7,DMT,11,0.016599,0.007508,0.006760,0.419375,0.006774,0.443720,-0.006801,-0.414681,0.007508,-0.007508,0.428978,-0.413949,0.418763,-0.413843,-0.413064,0.864261
7,DMT,12,0.013879,0.007771,0.007848,0.390414,0.007898,0.436489,-0.007932,-0.385881,0.007771,-0.007771,0.396999,-0.386145,0.388941,-0.384804,-0.385274,0.802530
7,DMT,13,0.014699,0.025255,0.007674,0.362260,0.007632,0.377276,-0.007622,-0.347498,0.025255,-0.025255,0.353870,-0.351518,0.363840,-0.352954,-0.351576,0.778593
7,DMT,14,0.015725,0.050712,0.024483,0.227042,0.024403,0.179444,-0.024314,-0.193604,0.050712,-0.050712,0.210579,-0.200417,0.229487,-0.203085,-0.198636,0.546125
7,DMT,15,0.011320,0.011724,0.014364,0.344181,0.014393,0.379560,-0.014420,-0.332112,0.011724,-0.011724,0.350307,-0.331774,0.343721,-0.331811,-0.332521,0.708027
7,DMT,16,0.023093,0.032546,0.022512,0.306465,0.022570,0.317221,-0.022601,-0.279865,0.032546,-0.032546,0.296473,-0.281363,0.306145,-0.282290,-0.282629,0.658365
7,DMT,17,0.050181,0.041842,0.021378,0.289330,0.021386,0.305974,-0.021410,-0.264843,0.041842,-0.041842,0.280533,-0.271603,0.290988,-0.273827,-0.273206,0.689073
7,DMT,18,0.004823,0.030805,0.015845,0.298804,0.015803,0.290249,-0.015761,-0.272973,0.030805,-0.030805,0.296132,-0.273104,0.301434,-0.276120,-0.275628,0.615255
7,DMT,19,0.014627,0.020707,0.011220,0.384369,0.011181,0.384688,-0.011165,-0.368009,0.020707,-0.020707,0.400083,-0.371730,0.388458,-0.376177,-0.374078,0.810245
7,DMT,20,0.017667,0.012099,0.009684,0.310405,0.009673,0.339595,-0.009703,-0.302420,0.012099,-0.012099,0.319763,-0.303855,0.312636,-0.307174,-0.305554,0.691708
7,DMT,21,0.021915,0.009862,0.008022,0.384803,0.008104,0.393276,-0.008091,-0.377604,0.009862,-0.009862,0.392416,-0.376692,0.382297,-0.374273,-0.376064,0.810743
7,DMT,22,0.025055,0.009872,0.011343,0.390085,0.011315,0.403750,-0.011279,-0.385215,0.009872,-0.009872,0.417455,-0.386810,0.389864,-0.388124,-0.385622,0.821101
7,DMT,23,0.012272,0.009065,0.000834,0.430520,0.000823,0.454646,-0.000817,-0.422165,0.009065,-0.009065,0.436616,-0.424334,0.430200,-0.423725,-0.422767,0.894944
7,DMT,24,0.020837,0.013991,0.012606,0.401699,0.012630,0.413603,-0.012623,-0.388849,0.013991,-0.013991,0.399184,-0.391131,0.401617,-0.391158,-0.391918,0.856410
7,DMT,25,0.012346,0.002494,0.001865,0.393953,0.001862,0.441072,-0.001855,-0.393048,0.002494,-0.002494,0.412105,-0.394422,0.395087,-0.396502,-0.395098,0.818760
7,DMT,26,0.019980,0.005884,0.006914,0.423261,0.006884,0.489000,-0.006882,-0.417960,0.005884,-0.005884,0.431584,-0.419761,0.424830,-0.421236,-0.421420,0.876076
7,DMT,27,0.012806,0.004599,0.006267,0.390282,0.006257,0.412317,-0.006265,-0.387853,0.004599,-0.004599,0.391462,-0.385321,0.390233,-0.385495,-0.388045,0.780953
7,PCB,0,0.012454,0.013121,0.009889,0.331235,0.009889,0.334570,-0.009889,-0.324173,0.013117,-0.013124,0.399952,-0.323370,0.332470,-0.327235,-0.327011,0.727691
7,PCB,1,0.027208,0.008376,0.010343,0.368207,0.010343,0.373989,-0.010343,-0.366187,0.008371,-0.008406,0.419707,-0.365557,0.368480,-0.368105,-0.366656,0.821856
7,PCB,2,0.026722,0.004710,0.004698,0.503010,0.004698,0.522148,-0.004698,-0.500280,0.004701,-0.004704,0.522796,-0.500716,0.501636,-0.499935,-0.498961,1.018523
7,PCB,3,0.011923,0.010629,0.024267,0.347330,0.024267,0.335839,-0.024267,-0.337371,0.010643,-0.010663,0.353817,-0.338126,0.345439,-0.337539,-0.335779,0.712237
7,PCB,4,0.014612,0.005908,0.007438,0.444683,0.007438,0.493128,-0.007438,-0.440896,0.005917,-0.005907,0.451322,-0.441063,0.445067,-0.440861,-0.440468,0.912550
7,PCB,5,0.017851,0.007991,0.004463,0.446215,0.004463,0.466115,-0.004463,-0.442291,0.007988,-0.007995,0.453735,-0.443960,0.446745,-0.444471,-0.443208,0.914816
7,PCB,6,0.029509,0.003031,0.005579,0.523595,0.005579,0.592876,-0.005579,-0.523265,0.003020,-0.003022,0.547199,-0.522347,0.523331,-0.520326,-0.522355,1.077907
7,PCB,7,0.043764,0.007411,0.024806,0.462032,0.024806,0.503831,-0.024806,-0.456589,0.007425,-0.007456,0.477548,-0.454314,0.461392,-0.454041,-0.456081,0.974313
7,PCB,8,0.017777,0.008601,0.010245,0.401589,0.010245,0.442302,-0.010245,-0.396274,0.008602,-0.008630,0.439907,-0.395915,0.401987,-0.396360,-0.396194,0.839248
7,PCB,9,0.014911,0.006897,0.010016,0.407825,0.010016,0.444316,-0.010016,-0.404819,0.006889,-0.006912,0.430472,-0.403637,0.407201,-0.402801,-0.403969,0.850441
7,PCB,10,0.025846,0.009471,0.010313,0.483179,0.010313,0.510381,-0.010313,-0.477763,0.009476,-0.009467,0.519729,-0.476691,0.485130,-0.478532,-0.480232,1.011268
7,PCB,11,0.028747,0.012310,0.014941,0.425091,0.014941,0.456996,-0.014941,-0.417510,0.012323,-0.012280,0.426383,-0.416550,0.426511,-0.418936,-0.418980,0.903859
7,PCB,12,0.044749,0.016694,0.024080,0.339196,0.024080,0.492242,-0.024080,-0.322378,0.016695,-0.016677,0.372632,-0.321039,0.336876,-0.317710,-0.324066,0.743132
7,PCB,13,0.041565,0.030069,0.046538,0.136125,0.046538,0.217234,-0.046538,-0.111093,0.030070,-0.029985,0.124681,-0.102753,0.134696,-0.100178,-0.111530,0.438746
7,PCB,14,0.023066,0.012965,0.017865,0.388534,0.017865,0.437177,-0.017865,-0.376076,0.012957,-0.012931,0.430995,-0.376149,0.390808,-0.378395,-0.379507,0.829701
7,PCB,15,0.026750,0.004545,0.004926,0.527814,0.004926,0.547316,-0.004926,-0.526644,0.004535,-0.004535,0.570819,-0.525076,0.527295,-0.524890,-0.525360,1.076871
7,PCB,16,0.015795,0.005889,0.008715,0.541551,0.008715,0.561021,-0.008715,-0.536994,0.005893,-0.005872,0.560617,-0.536122,0.540057,-0.535514,-0.535712,1.099044
7,PCB,17,0.005542,0.003257,-0.001390,0.583235,-0.001390,0.604703,0.001390,-0.581625,0.003252,-0.003247,0.593712,-0.580632,0.584379,-0.581539,-0.582670,1.174179
7,PCB,18,0.039553,0.000928,0.016356,0.523672,0.016356,0.579419,-0.016356,-0.521561,0.000912,-0.000925,0.562534,-0.520769,0.524321,-0.519479,-0.521821,1.103833
7,PCB,19,0.046286,0.006435,-0.000982,0.441858,-0.000982,0.466180,0.000982,-0.443186,0.006433,-0.006408,0.497980,-0.442956,0.442350,-0.447298,-0.444272,0.958194
7,PCB,20,0.038654,0.016048,0.026427,0.377109,0.026427,0.415390,-0.026427,-0.364283,0.016058,-0.016019,0.394498,-0.359758,0.374955,-0.357085,-0.363422,0.848931
7,PCB,21,0.030875,0.002252,0.006989,0.436758,0.006989,0.472074,-0.006989,-0.433925,0.002241,-0.002265,0.479913,-0.432616,0.435811,-0.431950,-0.433781,0.965205
7,PCB,22,0.026132,0.002251,0.001273,0.585061,0.001273,0.663523,-0.001273,-0.584056,0.002258,-0.002238,0.609762,-0.583507,0.584248,-0.582735,-0.582994,1.192179
7,PCB,23,0.029248,0.003602,0.007184,0.430686,0.007184,0.508825,-0.007184,-0.432358,0.003609,-0.003613,0.425047,-0.430540,0.430690,-0.429221,-0.431498,0.930439
7,PCB,24,0.017703,0.000393,0.004060,0.514875,0.004060,0.559908,-0.004060,-0.514610,0.000388,-0.000400,0.534296,-0.515929,0.516540,-0.514111,-0.516000,1.053674
7,PCB,25,0.006682,0.000120,-0.000631,0.613157,-0.000631,0.681950,0.000631,-0.610465,0.000118,-0.000127,0.674552,-0.611449,0.612639,-0.611495,-0.610401,1.208249
7,PCB,26,0.045516,0.005202,0.005804,0.558867,0.005804,0.617620,-0.005804,-0.559523,0.005199,-0.005157,0.530584,-0.564944,0.557279,-0.561689,-0.558365,1.155930
7,PCB,27,0.021771,0.009483,0.004637,0.462572,0.004637,0.483523,-0.004637,-0.458709,0.009468,-0.009477,0.480893,-0.459510,0.462992,-0.459789,-0.459825,0.962709
8,DMT,0,0.071114,0.032814,0.004431,0.448984,0.004431,0.473365,-0.004431,-0.445140,0.032814,-0.032814,0.425081,-0.445306,0.453316,-0.451435,-0.451174,0.996984
8,DMT,1,0.037254,0.011735,0.004318,0.401048,0.004318,0.400119,-0.004318,-0.398720,0.011735,-0.011735,0.402947,-0.399411,0.397309,-0.394594,-0.393261,0.812299
8,DMT,2,0.045228,0.013481,-0.000953,0.439024,-0.000953,0.486206,0.000953,-0.430098,0.013481,-0.013481,0.449851,-0.436908,0.445621,-0.444785,-0.439693,0.997039
8,DMT,3,0.037252,0.006017,0.005105,0.436527,0.005105,0.450691,-0.005105,-0.437203,0.006017,-0.006017,0.459080,-0.436660,0.434513,-0.434441,-0.433521,0.923938
8,DMT,4,0.062110,-0.016946,0.011337,0.402811,0.011337,0.421496,-0.011337,-0.409621,-0.016946,0.016946,0.455463,-0.406159,0.396885,-0.401523,-0.402953,0.922676
8,DMT,5,0.065404,0.032393,0.007208,0.380531,0.007208,0.411721,-0.007208,-0.367644,0.032393,-0.032393,0.382579,-0.374503,0.385338,-0.379587,-0.376800,0.886234
8,DMT,6,-0.004641,-0.007196,0.005290,0.542021,0.005290,0.602181,-0.005290,-0.525623,-0.007196,0.007196,0.581710,-0.537976,0.554009,-0.551168,-0.540327,1.147773
8,DMT,7,0.039603,-0.001792,0.019301,0.458637,0.019301,0.498805,-0.019301,-0.453333,-0.001792,0.001792,0.438645,-0.454238,0.466110,-0.462051,-0.464587,0.951740
8,DMT,8,0.043853,0.009506,-0.002736,0.344490,-0.002736,0.367876,0.002736,-0.344686,0.009506,-0.009506,0.338950,-0.347411,0.348649,-0.351492,-0.348807,0.762022
8,DMT,9,0.057543,0.028980,0.003983,0.304491,0.003983,0.291192,-0.003983,-0.296372,0.028980,-0.028980,0.312245,-0.301583,0.303603,-0.299926,-0.295049,0.735812
8,DMT,10,0.104734,0.027765,0.013494,0.296492,0.013494,0.280479,-0.013494,-0.295701,0.027765,-0.027765,0.323767,-0.295037,0.292728,-0.290787,-0.289348,0.747254
8,DMT,11,0.070177,0.014799,0.002644,0.379007,0.002644,0.389658,-0.002644,-0.380129,0.014799,-0.014799,0.407668,-0.379039,0.375138,-0.374975,-0.373615,0.848174
8,DMT,12,0.057594,0.013561,0.011185,0.354651,0.011185,0.367318,-0.011185,-0.352680,0.013561,-0.013561,0.375084,-0.352354,0.351866,-0.349376,-0.350061,0.782956
8,DMT,13,0.062859,0.010431,0.010014,0.331805,0.010014,0.342738,-0.010014,-0.330196,0.010431,-0.010431,0.346516,-0.331934,0.334396,-0.335128,-0.333731,0.780487
8,DMT,14,0.064141,0.018018,0.019626,0.340926,0.019626,0.343558,-0.019626,-0.336652,0.018018,-0.018018,0.353753,-0.336190,0.341572,-0.336826,-0.337688,0.797384
8,DMT,15,0.078696,0.028306,0.011578,0.352726,0.011578,0.364502,-0.011578,-0.348232,0.028306,-0.028306,0.369759,-0.348545,0.349436,-0.345037,-0.342975,0.812177
8,DMT,16,0.053496,0.018401,0.011469,0.347857,0.011469,0.363145,-0.011469,-0.343936,0.018401,-0.018401,0.371652,-0.343171,0.349326,-0.346179,-0.346768,0.784223
8,DMT,17,0.070027,0.016223,0.018653,0.344476,0.018653,0.350989,-0.018653,-0.339293,0.016223,-0.016223,0.343967,-0.340065,0.344057,-0.339748,-0.339318,0.796207
8,DMT,18,0.037530,0.034256,0.017623,0.369363,0.017623,0.365231,-0.017623,-0.356984,0.034256,-0.034256,0.375188,-0.358321,0.368811,-0.357289,-0.354320,0.823799
8,DMT,19,0.089041,0.035060,0.017387,0.368888,0.017387,0.369813,-0.017387,-0.364536,0.035060,-0.035060,0.383542,-0.360734,0.363083,-0.353947,-0.357264,0.803810
8,DMT,20,0.133598,0.060477,0.017546,0.323174,0.017546,0.336295,-0.017546,-0.310760,0.060477,-0.060477,0.336640,-0.310868,0.319094,-0.308295,-0.306662,0.805424
8,DMT,21,0.079687,0.023435,0.032698,0.262314,0.032698,0.270637,-0.032698,-0.252098,0.023435,-0.023435,0.277922,-0.253710,0.261199,-0.252750,-0.251746,0.705350
8,DMT,22,0.090725,0.042581,0.025683,0.212795,0.025683,0.216250,-0.025683,-0.200342,0.042581,-0.042581,0.192082,-0.203842,0.212515,-0.201334,-0.197671,0.640458
8,DMT,23,0.052420,0.057782,0.010870,0.183096,0.010870,0.185659,-0.010870,-0.163219,0.057782,-0.057782,0.199297,-0.171766,0.181468,-0.168823,-0.166897,0.565395
8,DMT,24,0.101737,0.150897,0.039339,-0.150621,0.039339,-0.213116,-0.039339,0.197479,0.150897,-0.150897,-0.177810,0.187384,-0.154137,0.194364,0.214779,0.189776
8,DMT,25,0.088365,0.092687,0.054854,0.133292,0.054854,0.113473,-0.054854,-0.100080,0.092687,-0.092687,0.126006,-0.102099,0.131632,-0.103803,-0.102013,0.505502
8,DMT,26,0.119219,0.020313,0.001164,0.468962,0.001164,0.493856,-0.001164,-0.476155,0.020313,-0.020313,0.466373,-0.470894,0.467674,-0.469526,-0.475624,0.979207
8,DMT,27,0.042628,0.005441,0.031353,0.098208,0.031353,0.095918,-0.031353,-0.087038,0.005441,-0.005441,0.086892,-0.093533,0.108750,-0.106806,-0.104411,0.467776
8,PCB,0,0.025321,0.010172,0.005755,0.406871,0.005755,0.394490,-0.005755,-0.401992,0.010172,-0.010172,0.421317,-0.400595,0.409773,-0.406245,-0.406282,0.890159
8,PCB,1,0.010112,0.015155,0.015920,0.368678,0.015920,0.368244,-0.015920,-0.358763,0.015155,-0.015155,0.369703,-0.358214,0.367879,-0.356824,-0.357528,0.785341
8,PCB,2,0.020800,0.001607,0.007932,0.425590,0.007932,0.455810,-0.007932,-0.424849,0.001607,-0.001607,0.432761,-0.424360,0.427242,-0.425968,-0.426247,0.874443
8,PCB,3,0.033632,0.016672,0.002233,0.365385,0.002233,0.385031,-0.002233,-0.362159,0.016672,-0.016672,0.385648,-0.362979,0.365286,-0.363922,-0.364421,0.831754
8,PCB,4,0.028349,0.032811,0.016373,0.279212,0.016373,0.268753,-0.016373,-0.265224,0.032811,-0.032811,0.296121,-0.266417,0.277991,-0.265582,-0.264426,0.670353
8,PCB,5,0.019479,-0.000117,0.012335,0.369563,0.012335,0.369634,-0.012335,-0.367586,-0.000117,0.000117,0.402508,-0.362892,0.370843,-0.365975,-0.368476,0.789463
8,PCB,6,0.029697,0.014106,0.028332,0.440425,0.028332,0.453521,-0.028332,-0.428339,0.014106,-0.014106,0.454040,-0.421804,0.440580,-0.422611,-0.428357,0.960502
8,PCB,7,0.109525,0.021540,0.067322,0.272716,0.067322,0.275385,-0.067322,-0.259439,0.021540,-0.021540,0.248832,-0.249358,0.274278,-0.252977,-0.262610,0.736487
8,PCB,8,0.053084,0.013240,0.004294,0.420677,0.004294,0.445834,-0.004294,-0.423137,0.013240,-0.013240,0.447542,-0.425549,0.420595,-0.425367,-0.422922,0.921954
8,PCB,9,0.025137,0.011749,0.010499,0.409588,0.010499,0.429122,-0.010499,-0.405400,0.011749,-0.011749,0.425144,-0.405179,0.409587,-0.404309,-0.405071,0.855342
8,PCB,10,0.036412,0.024469,0.011833,0.276385,0.011833,0.303590,-0.011833,-0.267429,0.024469,-0.024469,0.304879,-0.266243,0.277701,-0.269295,-0.269428,0.676574
8,PCB,11,0.037189,0.036056,0.026189,0.168087,0.026189,0.174193,-0.026189,-0.151710,0.036056,-0.036056,0.169129,-0.149937,0.171495,-0.153936,-0.155954,0.543090
8,PCB,12,0.025294,-0.000907,0.002778,0.449650,0.002778,0.475543,-0.002778,-0.450905,-0.000907,0.000907,0.485120,-0.450640,0.447982,-0.448666,-0.448636,0.922975
8,PCB,13,0.038614,0.005248,0.011094,0.476961,0.011094,0.499716,-0.011094,-0.475016,0.005248,-0.005248,0.476665,-0.474835,0.477899,-0.475867,-0.477461,0.968603
8,PCB,14,0.037892,0.022619,0.001031,0.424065,0.001031,0.445311,-0.001031,-0.419580,0.022619,-0.022619,0.412867,-0.423562,0.421410,-0.420259,-0.416856,0.900180
8,PCB,15,0.030139,0.018871,0.017220,0.407788,0.017220,0.405743,-0.017220,-0.397334,0.018871,-0.018871,0.446341,-0.393865,0.408716,-0.399022,-0.397385,0.896072
8,PCB,16,0.058235,0.015245,0.014945,0.460020,0.014945,0.470900,-0.014945,-0.455891,0.015245,-0.015245,0.479688,-0.459294,0.456381,-0.449818,-0.451177,0.999306
8,PCB,17,0.050973,0.012226,0.018617,0.436813,0.018617,0.451218,-0.018617,-0.429164,0.012226,-0.012226,0.490300,-0.427009,0.438646,-0.432155,-0.431995,0.949447
8,PCB,18,0.041171,0.004827,0.016744,0.467851,0.016744,0.492732,-0.016744,-0.466181,0.004827,-0.004827,0.498889,-0.464791,0.467110,-0.463774,-0.465246,0.996435
8,PCB,19,0.051940,0.013556,0.024614,0.411057,0.024614,0.433304,-0.024614,-0.402813,0.013556,-0.013556,0.452641,-0.400127,0.412441,-0.403031,-0.404741,0.910659
8,PCB,20,0.008245,0.011898,0.017111,0.378785,0.017111,0.346622,-0.017111,-0.366747,0.011898,-0.011898,0.396469,-0.368825,0.384170,-0.376988,-0.372845,0.738351
8,PCB,21,0.042610,0.017077,0.019560,0.368032,0.019560,0.376883,-0.019560,-0.360870,0.017077,-0.017077,0.388349,-0.362462,0.366574,-0.360136,-0.358178,0.828201
8,PCB,22,0.011412,0.007934,0.018297,0.413587,0.018297,0.451620,-0.018297,-0.404063,0.007934,-0.007934,0.401790,-0.403351,0.414215,-0.404064,-0.406218,0.848824
8,PCB,23,0.014031,0.014273,0.023361,0.413837,0.023361,0.404537,-0.023361,-0.402243,0.014273,-0.014273,0.417893,-0.402090,0.415106,-0.403339,-0.403608,0.855209
8,PCB,24,0.031534,-0.006011,0.014394,0.522466,0.014394,0.560717,-0.014394,-0.522166,-0.006011,0.006011,0.505143,-0.520313,0.518950,-0.514611,-0.518486,1.079975
8,PCB,25,0.015659,0.006148,0.006454,0.485924,0.006454,0.522461,-0.006454,-0.481342,0.006148,-0.006148,0.493025,-0.480200,0.482513,-0.476264,-0.477177,0.999315
8,PCB,26,0.019814,0.012386,-0.000460,0.516219,-0.000460,0.555348,0.000460,-0.514030,0.012386,-0.012386,0.511616,-0.517429,0.511340,-0.509548,-0.508101,1.058546
8,PCB,27,0.015739,0.000804,0.003004,0.460622,0.003004,0.459462,-0.003004,-0.460456,0.000804,-0.000804,0.474760,-0.459566,0.459809,-0.459519,-0.459771,0.951308
9,DMT,0,0.040141,0.009310,0.013388,0.387406,0.013388,0.441307,-0.013388,-0.385322,0.009310,-0.009310,0.400380,-0.383574,0.386127,-0.382273,-0.384600,0.835697
9,DMT,1,0.020941,0.020865,0.016863,0.380521,0.016863,0.430116,-0.016863,-0.365673,0.020865,-0.020865,0.381062,-0.366476,0.380394,-0.367417,-0.368397,0.796940
9,DMT,2,0.031756,0.010985,0.022174,0.314447,0.022174,0.380181,-0.022174,-0.308297,0.010985,-0.010985,0.306943,-0.302104,0.308702,-0.294338,-0.302212,0.708609
9,DMT,3,0.013133,0.001656,0.001968,0.475472,0.001968,0.541762,-0.001968,-0.473448,0.001656,-0.001656,0.489228,-0.473524,0.476651,-0.475380,-0.476109,0.998279
9,DMT,4,0.026901,0.010470,0.015064,0.416382,0.015064,0.494886,-0.015064,-0.411907,0.010470,-0.010470,0.424742,-0.410201,0.414235,-0.406856,-0.409273,0.839054
9,DMT,5,0.026594,0.011130,0.006516,0.403551,0.006516,0.460599,-0.006516,-0.400756,0.011130,-0.011130,0.397680,-0.400862,0.401566,-0.399110,-0.400352,0.859207
9,DMT,6,0.010097,0.007145,-0.003326,0.493755,-0.003326,0.559691,0.003326,-0.485881,0.007145,-0.007145,0.493659,-0.492053,0.496507,-0.495237,-0.490033,1.036533
9,DMT,7,0.027259,0.013798,0.013984,0.441691,0.013984,0.570859,-0.013984,-0.436839,0.013798,-0.013798,0.453464,-0.433225,0.438207,-0.429990,-0.433354,0.892457
9,DMT,8,0.046193,0.009309,0.018459,0.442570,0.018459,0.422973,-0.018459,-0.443321,0.009309,-0.009309,0.448355,-0.438120,0.438072,-0.432301,-0.437187,0.923294
9,DMT,9,0.033737,-0.003472,0.020129,0.379691,0.020129,0.385373,-0.020129,-0.384114,-0.003472,0.003472,0.383960,-0.375838,0.376423,-0.371702,-0.376911,0.810995
9,DMT,10,0.025530,0.007738,0.004354,0.377840,0.004354,0.414303,-0.004354,-0.377397,0.007738,-0.007738,0.388557,-0.376798,0.376742,-0.375453,-0.375914,0.792385
9,DMT,11,0.027870,0.017168,0.006885,0.355784,0.006885,0.382702,-0.006885,-0.350016,0.017168,-0.017168,0.370769,-0.350721,0.357123,-0.352691,-0.351526,0.761633
9,DMT,12,0.020109,0.016085,0.002562,0.377275,0.002562,0.376789,-0.002562,-0.371075,0.016085,-0.016085,0.383116,-0.374025,0.379239,-0.376338,-0.373704,0.797244
9,DMT,13,0.026915,0.025577,0.006668,0.325261,0.006668,0.341033,-0.006668,-0.312757,0.025577,-0.025577,0.340204,-0.319761,0.329711,-0.325486,-0.320168,0.737301
9,DMT,14,0.032812,0.022761,-0.001215,0.322709,-0.001215,0.336444,0.001215,-0.312733,0.022761,-0.022761,0.330944,-0.321400,0.327001,-0.326312,-0.319558,0.743112
9,DMT,15,0.016992,0.013439,0.012327,0.273915,0.012327,0.353774,-0.012327,-0.263795,0.013439,-0.013439,0.265807,-0.268954,0.275352,-0.269939,-0.268681,0.589354
9,DMT,16,0.019613,0.009598,0.010860,0.365867,0.010860,0.376480,-0.010860,-0.361869,0.009598,-0.009598,0.369497,-0.359685,0.363771,-0.357168,-0.358391,0.759293
9,DMT,17,0.041740,0.016452,0.014294,0.330943,0.014294,0.356372,-0.014294,-0.324962,0.016452,-0.016452,0.333139,-0.324349,0.330851,-0.325259,-0.326197,0.759480
9,DMT,18,0.032645,0.014595,0.014885,0.309115,0.014885,0.351801,-0.014885,-0.300462,0.014595,-0.014595,0.312022,-0.304152,0.313949,-0.309099,-0.306834,0.716204
9,DMT,19,0.026780,0.008637,0.004448,0.399604,0.004448,0.408130,-0.004448,-0.396988,0.008637,-0.008637,0.403382,-0.397826,0.402110,-0.400395,-0.399464,0.845459
9,DMT,20,0.026024,0.009579,0.007430,0.377182,0.007430,0.366097,-0.007430,-0.372664,0.009579,-0.009579,0.395108,-0.373169,0.377827,-0.374163,-0.373040,0.814908
9,DMT,21,0.057212,0.057518,0.026984,0.056352,0.026984,-0.059436,-0.026984,-0.028125,0.057518,-0.057518,0.082696,-0.038524,0.068325,-0.054010,-0.046333,0.403676
9,DMT,22,0.039284,0.019614,0.010989,0.329824,0.010989,0.354570,-0.010989,-0.321431,0.019614,-0.019614,0.349255,-0.323903,0.334118,-0.328849,-0.326605,0.765628
9,DMT,23,0.029814,0.016729,0.008858,0.416000,0.008858,0.444473,-0.008858,-0.408575,0.016729,-0.016729,0.435246,-0.409055,0.416709,-0.409998,-0.410756,0.887916
9,DMT,24,0.041467,0.019143,0.020516,0.377837,0.020516,0.421946,-0.020516,-0.369850,0.019143,-0.019143,0.372076,-0.368785,0.378023,-0.370459,-0.372415,0.846720
9,DMT,25,0.038459,0.016158,0.017770,0.385634,0.017770,0.424747,-0.017770,-0.377494,0.016158,-0.016158,0.397362,-0.377347,0.386281,-0.378878,-0.381213,0.877693
9,DMT,26,0.051310,0.014517,0.009606,0.417086,0.009606,0.475880,-0.009606,-0.410341,0.014517,-0.014517,0.433860,-0.411276,0.415769,-0.410250,-0.411316,0.932257
9,DMT,27,0.084000,0.037544,0.025762,0.361499,0.025762,0.364290,-0.025762,-0.349077,0.037544,-0.037544,0.358583,-0.350850,0.362635,-0.354817,-0.354550,0.855828
9,PCB,0,0.034766,0.011941,0.004292,0.412548,0.004296,0.419943,-0.004082,-0.414019,0.011981,-0.011903,0.435617,-0.415989,0.408813,-0.413322,-0.410086,0.862373
9,PCB,1,0.027670,0.063024,0.014993,0.170891,0.015014,0.162234,-0.014652,-0.139149,0.063078,-0.062934,0.179575,-0.150243,0.180773,-0.163319,-0.155992,0.517027
9,PCB,2,0.034840,0.010498,0.017791,0.285650,0.017792,0.331927,-0.017553,-0.279620,0.010495,-0.010381,0.321087,-0.278283,0.285141,-0.279871,-0.281392,0.655789
9,PCB,3,0.021650,0.019220,-0.000582,0.327456,-0.000582,0.393323,0.000521,-0.322793,0.019247,-0.019244,0.365461,-0.329150,0.329901,-0.330716,-0.326332,0.728652
9,PCB,4,0.036666,0.015985,0.020735,0.395051,0.020724,0.426376,-0.020771,-0.380039,0.015969,-0.016018,0.470012,-0.375937,0.397046,-0.382705,-0.385422,0.870850
9,PCB,5,0.029294,0.015571,0.016523,0.390388,0.016568,0.396513,-0.016508,-0.376687,0.015586,-0.015579,0.420374,-0.374749,0.392486,-0.379342,-0.379384,0.831546
9,PCB,6,0.018145,0.010449,0.007159,0.417273,0.007157,0.445594,-0.007126,-0.411004,0.010482,-0.010467,0.437008,-0.409436,0.418717,-0.411755,-0.412634,0.861141
9,PCB,7,0.045111,0.006561,0.005804,0.356086,0.005761,0.348963,-0.005659,-0.359348,0.006577,-0.006528,0.355295,-0.361128,0.353639,-0.357127,-0.356137,0.793790
9,PCB,8,0.040396,0.011602,0.021441,0.302285,0.021492,0.348775,-0.021349,-0.294419,0.011611,-0.011579,0.330212,-0.295244,0.304525,-0.299295,-0.299952,0.699239
9,PCB,9,0.025426,0.023445,-0.002229,0.364590,-0.002280,0.399432,0.002297,-0.355901,0.023368,-0.023429,0.386185,-0.364271,0.364477,-0.360839,-0.357040,0.785750
9,PCB,10,0.030359,0.024858,0.018308,0.373042,0.018396,0.397787,-0.018132,-0.355523,0.024972,-0.024897,0.390150,-0.355502,0.378230,-0.365203,-0.363414,0.826969
9,PCB,11,0.027212,0.009118,0.013974,0.369962,0.014013,0.423688,-0.014108,-0.363019,0.009183,-0.009209,0.395502,-0.362336,0.372504,-0.366001,-0.367523,0.815287
9,PCB,12,0.026728,0.013630,0.017071,0.382642,0.017074,0.421458,-0.017118,-0.372530,0.013621,-0.013666,0.412887,-0.373847,0.381058,-0.372504,-0.372086,0.801074
9,PCB,13,0.070316,0.032083,0.020571,0.292048,0.020489,0.319438,-0.020363,-0.282190,0.031989,-0.031971,0.332495,-0.283738,0.294559,-0.293140,-0.293387,0.743417
9,PCB,14,0.025506,0.020906,0.008741,0.375744,0.008764,0.358798,-0.008756,-0.368897,0.020973,-0.021024,0.382920,-0.371833,0.378881,-0.376241,-0.372907,0.814069
9,PCB,15,0.034922,0.020798,0.028822,0.343674,0.028798,0.334261,-0.028724,-0.328285,0.020805,-0.020841,0.336907,-0.327517,0.343562,-0.328450,-0.329095,0.764964
9,PCB,16,0.020408,0.011642,0.006078,0.454350,0.006077,0.529739,-0.006164,-0.446422,0.011634,-0.011726,0.476016,-0.448406,0.454285,-0.449343,-0.448131,0.932874
9,PCB,17,0.028234,0.015658,0.017261,0.384930,0.017295,0.425733,-0.017368,-0.377543,0.015655,-0.015651,0.402843,-0.377471,0.382330,-0.375349,-0.376783,0.808798
9,PCB,18,0.036186,-0.000005,0.010969,0.311434,0.011035,0.315771,-0.010700,-0.316907,-0.000005,0.000136,0.345062,-0.310404,0.309955,-0.309995,-0.312475,0.702895
9,PCB,19,0.023396,-0.002343,0.016492,0.347648,0.016520,0.413439,-0.016130,-0.343764,-0.002421,0.002491,0.380320,-0.335694,0.348417,-0.339072,-0.344431,0.739072
9,PCB,20,0.020278,0.006161,0.010635,0.404812,0.010567,0.450381,-0.010492,-0.398092,0.006123,-0.006174,0.398469,-0.396619,0.403009,-0.393656,-0.397359,0.837332
9,PCB,21,0.032013,0.013762,0.007706,0.429147,0.007767,0.470599,-0.007724,-0.423028,0.013784,-0.013784,0.471229,-0.420743,0.429676,-0.422224,-0.422014,0.908883
9,PCB,22,0.024918,0.017651,0.016171,0.359678,0.016199,0.399388,-0.016042,-0.347956,0.017639,-0.017599,0.388870,-0.350023,0.359089,-0.351202,-0.349989,0.781458
9,PCB,23,0.012857,0.018127,0.017542,0.336346,0.017485,0.379084,-0.017396,-0.321400,0.018091,-0.018042,0.365096,-0.323040,0.339893,-0.328332,-0.326443,0.766000
9,PCB,24,0.025881,0.028091,0.028889,0.309741,0.028865,0.348126,-0.028562,-0.288892,0.028132,-0.027997,0.292469,-0.283677,0.309710,-0.285831,-0.288966,0.714325
9,PCB,25,0.013655,0.016315,0.026045,0.329445,0.026053,0.370423,-0.025533,-0.306865,0.016293,-0.016153,0.347696,-0.300663,0.330615,-0.305907,-0.311268,0.721718
9,PCB,26,0.039745,0.010932,0.006084,0.501580,0.006076,0.571583,-0.006153,-0.499587,0.010941,-0.010972,0.524698,-0.503109,0.497916,-0.499191,-0.500175,1.069593
9,PCB,27,0.029484,0.015057,0.010809,0.392539,0.010818,0.443162,-0.010808,-0.389260,0.015083,-0.015060,0.416421,-0.390366,0.391336,-0.387486,-0.384768,0.842347
10,DMT,0,0.016971,0.014689,0.007217,0.393021,0.007217,0.444775,-0.007217,-0.385539,0.014689,-0.014689,0.360262,-0.385827,0.392401,-0.384125,-0.385768,0.813422
10,DMT,1,0.009819,0.010528,0.004017,0.419196,0.004017,0.474171,-0.004017,-0.412879,0.010528,-0.010528,0.418264,-0.413133,0.419772,-0.412896,-0.413753,0.854913
10,DMT,2,0.009027,0.003692,0.004667,0.484448,0.004667,0.491298,-0.004667,-0.482890,0.003692,-0.003692,0.470961,-0.482798,0.485652,-0.483210,-0.484204,0.981384
10,DMT,3,0.008833,0.002497,0.002366,0.411812,0.002366,0.441451,-0.002366,-0.410808,0.002497,-0.002497,0.422683,-0.410937,0.412817,-0.411676,-0.411400,0.837127
10,DMT,4,0.011568,0.005867,0.004892,0.403290,0.004892,0.420372,-0.004892,-0.399928,0.005867,-0.005867,0.413040,-0.400131,0.403310,-0.400257,-0.399909,0.819489
10,DMT,5,0.004902,0.009772,0.003611,0.364112,0.003611,0.352721,-0.003611,-0.359061,0.009772,-0.009772,0.365724,-0.360353,0.363927,-0.359994,-0.358757,0.741102
10,DMT,6,0.006213,0.001739,0.002865,0.429268,0.002865,0.442808,-0.002865,-0.428113,0.001739,-0.001739,0.460066,-0.426764,0.429088,-0.426059,-0.427138,0.868634
10,DMT,7,0.019316,0.039920,0.029863,0.209086,0.029863,0.222729,-0.029863,-0.173747,0.039920,-0.039920,0.284740,-0.169658,0.213907,-0.177441,-0.181482,0.507890
10,DMT,8,0.017346,0.034167,0.022730,0.245837,0.022730,0.271149,-0.022730,-0.218048,0.034167,-0.034167,0.298703,-0.213031,0.243731,-0.210826,-0.217827,0.543113
10,DMT,9,0.003697,0.005841,0.010872,0.365534,0.010872,0.401235,-0.010872,-0.360179,0.005841,-0.005841,0.389688,-0.355540,0.363235,-0.351804,-0.357585,0.733668
10,DMT,10,0.009145,0.006540,0.007752,0.381572,0.007752,0.377257,-0.007752,-0.378419,0.006540,-0.006540,0.393939,-0.373600,0.380763,-0.373522,-0.377560,0.785343
10,DMT,11,0.011897,0.004572,0.001823,0.415819,0.001823,0.480234,-0.001823,-0.414465,0.004572,-0.004572,0.435056,-0.417552,0.417066,-0.418749,-0.416359,0.849851
10,DMT,12,0.010093,0.003169,0.004797,0.387689,0.004797,0.427400,-0.004797,-0.384591,0.003169,-0.003169,0.398340,-0.385353,0.388109,-0.386223,-0.385419,0.794384
10,DMT,13,0.008796,0.006566,0.004767,0.404451,0.004767,0.427479,-0.004767,-0.401784,0.006566,-0.006566,0.411408,-0.401119,0.403998,-0.400491,-0.401336,0.824716
10,DMT,14,0.012949,0.004819,0.005217,0.429458,0.005217,0.477085,-0.005217,-0.427382,0.004819,-0.004819,0.438612,-0.427086,0.428646,-0.425581,-0.426622,0.868823
10,DMT,15,0.007588,0.003694,0.001299,0.433908,0.001299,0.465161,-0.001299,-0.432088,0.003694,-0.003694,0.445490,-0.431672,0.433763,-0.431118,-0.431767,0.872518
10,DMT,16,0.022050,0.012026,0.009564,0.381400,0.009564,0.428909,-0.009564,-0.372668,0.012026,-0.012026,0.392759,-0.375077,0.385388,-0.379641,-0.379209,0.806625
10,DMT,17,0.009703,0.013043,0.010927,0.352247,0.010927,0.344898,-0.010927,-0.337730,0.013043,-0.013043,0.373607,-0.338218,0.353709,-0.340465,-0.340020,0.724965
10,DMT,18,0.014305,0.004978,0.008404,0.324552,0.008404,0.359512,-0.008404,-0.321449,0.004978,-0.004978,0.358603,-0.320228,0.326922,-0.323068,-0.324016,0.692307
10,DMT,19,0.013925,0.004925,0.001092,0.415914,0.001092,0.459740,-0.001092,-0.415837,0.004925,-0.004925,0.437034,-0.415419,0.413816,-0.412942,-0.413854,0.844637
10,DMT,20,0.028335,0.013091,0.009765,0.347490,0.009765,0.390533,-0.009765,-0.342690,0.013091,-0.013091,0.387128,-0.343245,0.347791,-0.344086,-0.344441,0.766816
10,DMT,21,0.009294,0.003802,0.002527,0.360989,0.002527,0.403811,-0.002527,-0.360696,0.003802,-0.003802,0.404133,-0.361026,0.360830,-0.360963,-0.360564,0.747836
10,DMT,22,0.011104,0.006613,0.006846,0.427295,0.006846,0.469268,-0.006846,-0.421652,0.006613,-0.006613,0.452633,-0.421649,0.428489,-0.422783,-0.423419,0.866231
10,DMT,23,0.017520,0.009698,0.001826,0.468900,0.001826,0.536366,-0.001826,-0.465397,0.009698,-0.009698,0.507269,-0.465148,0.468215,-0.463419,-0.465353,0.945088
10,DMT,24,0.019990,0.011239,0.005867,0.449600,0.005867,0.507547,-0.005867,-0.439705,0.011239,-0.011239,0.472892,-0.442810,0.450607,-0.444924,-0.442624,0.919379
10,DMT,25,0.033057,0.010896,0.009255,0.474266,0.009255,0.527455,-0.009255,-0.470432,0.010896,-0.010896,0.489129,-0.472434,0.472514,-0.469297,-0.469114,0.975154
10,DMT,26,0.011443,0.000431,0.001632,0.447497,0.001632,0.507504,-0.001632,-0.450305,0.000431,-0.000431,0.463369,-0.448183,0.446270,-0.448309,-0.448574,0.909085
10,DMT,27,0.019518,0.005043,0.013870,0.386922,0.013870,0.425154,-0.013870,-0.384055,0.005043,-0.005043,0.386534,-0.381749,0.383929,-0.378595,-0.382095,0.805001
10,PCB,0,0.022378,0.013046,0.006973,0.316492,0.006973,0.373827,-0.006973,-0.312411,0.013046,-0.013046,0.332132,-0.311775,0.315739,-0.312532,-0.312719,0.682412
10,PCB,1,0.014783,0.014752,0.009194,0.246941,0.009194,0.303699,-0.009194,-0.234083,0.014752,-0.014752,0.268810,-0.237073,0.245318,-0.234319,-0.234254,0.542610
10,PCB,2,0.015201,0.008796,0.007154,0.392724,0.007154,0.387298,-0.007154,-0.387285,0.008796,-0.008796,0.425252,-0.384954,0.390690,-0.382286,-0.384150,0.818710
10,PCB,3,0.015069,0.006355,0.008788,0.404456,0.008788,0.442707,-0.008788,-0.398335,0.006355,-0.006355,0.405111,-0.394974,0.402499,-0.391387,-0.396954,0.833802
10,PCB,4,0.012072,0.012840,0.004481,0.394464,0.004481,0.431411,-0.004481,-0.390011,0.012840,-0.012840,0.394875,-0.386958,0.393117,-0.386010,-0.388676,0.806467
10,PCB,5,0.007422,0.005177,0.007267,0.413254,0.007267,0.451252,-0.007267,-0.406630,0.005177,-0.005177,0.409371,-0.407970,0.414673,-0.408504,-0.409144,0.847835
10,PCB,6,0.022051,0.007751,0.005456,0.439644,0.005456,0.491145,-0.005456,-0.437297,0.007751,-0.007751,0.473704,-0.436793,0.440368,-0.437630,-0.438944,0.911986
10,PCB,7,0.019759,0.015335,0.010225,0.417723,0.010225,0.433787,-0.010225,-0.406729,0.015335,-0.015335,0.415913,-0.409578,0.416783,-0.407872,-0.407215,0.869494
10,PCB,8,0.020646,0.007636,0.006029,0.392148,0.006029,0.424873,-0.006029,-0.391844,0.007636,-0.007636,0.398373,-0.390655,0.392746,-0.391266,-0.391614,0.806572
10,PCB,9,0.019835,0.006515,0.003049,0.420607,0.003049,0.459599,-0.003049,-0.420225,0.006515,-0.006515,0.442812,-0.419370,0.420669,-0.419474,-0.420177,0.863571
10,PCB,10,0.026471,0.006700,0.006728,0.466544,0.006728,0.500019,-0.006728,-0.462631,0.006700,-0.006700,0.492114,-0.463342,0.466544,-0.462613,-0.462827,0.952797
10,PCB,11,0.020026,0.005036,0.007220,0.447504,0.007220,0.483134,-0.007220,-0.445413,0.005036,-0.005036,0.455138,-0.446563,0.448048,-0.447221,-0.446389,0.913335
10,PCB,12,0.017639,0.009192,0.002909,0.446962,0.002909,0.485564,-0.002909,-0.442555,0.009192,-0.009192,0.447238,-0.443057,0.447649,-0.443532,-0.443859,0.910190
10,PCB,13,0.016380,0.003590,0.004489,0.436690,0.004489,0.500182,-0.004489,-0.433971,0.003590,-0.003590,0.458529,-0.436036,0.437013,-0.435903,-0.434962,0.891040
10,PCB,14,0.015962,0.007910,0.012775,0.411650,0.012775,0.431903,-0.012775,-0.404633,0.007910,-0.007910,0.415559,-0.405184,0.411862,-0.404533,-0.405225,0.845881
10,PCB,15,0.009898,0.006855,0.007979,0.391414,0.007979,0.435573,-0.007979,-0.386566,0.006855,-0.006855,0.401384,-0.386878,0.393759,-0.388639,-0.388440,0.803144
10,PCB,16,0.020707,0.003526,0.006939,0.453171,0.006939,0.513415,-0.006939,-0.450888,0.003526,-0.003526,0.484699,-0.451593,0.453829,-0.452105,-0.451512,0.922169
10,PCB,17,0.022408,0.008464,0.006446,0.393131,0.006446,0.444026,-0.006446,-0.389694,0.008464,-0.008464,0.417210,-0.386589,0.391984,-0.385555,-0.389838,0.816305
10,PCB,18,0.008008,0.006135,0.007510,0.442433,0.007510,0.467975,-0.007510,-0.436726,0.006135,-0.006135,0.449095,-0.436642,0.441938,-0.435911,-0.437026,0.899629
10,PCB,19,0.011262,0.005322,0.010166,0.458472,0.010166,0.484392,-0.010166,-0.454226,0.005322,-0.005322,0.454985,-0.454694,0.456654,-0.453530,-0.452969,0.938551
10,PCB,20,0.033462,0.011049,0.012366,0.517572,0.012366,0.585490,-0.012366,-0.512003,0.011049,-0.011049,0.521760,-0.511751,0.516010,-0.509769,-0.511100,1.054340
10,PCB,21,0.014848,0.010115,0.009355,0.456045,0.009355,0.458536,-0.009355,-0.449724,0.010115,-0.010115,0.458418,-0.450029,0.455684,-0.450102,-0.450227,0.924697
10,PCB,22,0.026400,0.017668,0.010712,0.439998,0.010712,0.537302,-0.010712,-0.427875,0.017668,-0.017668,0.444084,-0.427704,0.436433,-0.424582,-0.425906,0.887635
10,PCB,23,0.018468,0.009520,0.005870,0.462792,0.005870,0.518285,-0.005870,-0.458975,0.009520,-0.009520,0.490600,-0.458358,0.462466,-0.457303,-0.458735,0.944885
10,PCB,24,0.020372,0.011123,0.006958,0.461082,0.006958,0.550101,-0.006958,-0.453537,0.011123,-0.011123,0.478258,-0.455198,0.459927,-0.453663,-0.453597,0.931935
10,PCB,25,0.007700,0.003311,0.000731,0.470352,0.000731,0.534689,-0.000731,-0.468164,0.003311,-0.003311,0.483570,-0.468920,0.470844,-0.469399,-0.468009,0.952495
10,PCB,26,0.019921,0.010139,0.009406,0.474569,0.009406,0.528470,-0.009406,-0.465993,0.010139,-0.010139,0.477300,-0.467104,0.475387,-0.467731,-0.467454,0.973771
10,PCB,27,0.011095,0.004751,0.009830,0.371032,0.009830,0.383430,-0.009830,-0.365383,0.004751,-0.004751,0.367263,-0.365641,0.372267,-0.368122,-0.366614,0.771549
11,DMT,0,-0.004705,-0.002096,0.005371,0.442645,0.005389,0.459928,-0.005406,-0.444059,-0.002145,0.002145,0.450869,-0.440945,0.440670,-0.439012,-0.440174,0.825416
11,DMT,1,0.032779,-0.012314,0.001166,0.446833,0.001151,0.497615,-0.001136,-0.453108,-0.012332,0.012332,0.484167,-0.451067,0.445511,-0.449609,-0.449993,0.945588
11,DMT,2,0.042483,-0.028570,0.021489,0.423009,0.021480,0.464480,-0.021453,-0.428292,-0.028516,0.028516,0.451738,-0.425044,0.422093,-0.425649,-0.428029,0.916788
11,DMT,3,0.072774,0.012850,0.026584,0.382799,0.026582,0.391144,-0.026570,-0.377787,0.012859,-0.012859,0.389069,-0.376177,0.382168,-0.376149,-0.379819,0.888234
11,DMT,4,0.002252,0.022188,0.062372,0.226277,0.062343,0.235335,-0.062330,-0.199385,0.022156,-0.022156,0.217555,-0.199840,0.228017,-0.210206,-0.210468,0.667733
11,DMT,5,0.046816,0.018138,0.026595,0.379773,0.026606,0.422206,-0.026606,-0.369230,0.018131,-0.018131,0.385816,-0.370613,0.377685,-0.370560,-0.370300,0.853804
11,DMT,6,0.037984,0.021763,0.025347,0.395581,0.025348,0.433048,-0.025344,-0.380752,0.021771,-0.021771,0.412021,-0.382968,0.394346,-0.380711,-0.382421,0.879380
11,DMT,7,0.056935,0.031009,0.062899,0.265810,0.062884,0.299321,-0.062891,-0.244654,0.031009,-0.031009,0.262991,-0.243854,0.263020,-0.242675,-0.245133,0.715123
11,DMT,8,0.209530,0.032582,0.037288,0.407893,0.037227,0.475169,-0.037299,-0.408643,0.032587,-0.032587,0.428055,-0.406219,0.399878,-0.398138,-0.399907,0.944426
11,DMT,9,0.091509,0.007681,0.017655,0.370661,0.017645,0.400385,-0.017634,-0.373145,0.007706,-0.007706,0.388833,-0.371449,0.367673,-0.367141,-0.367884,0.803143
11,DMT,10,0.030258,0.022439,0.012817,0.370670,0.012812,0.379029,-0.012825,-0.364253,0.022465,-0.022465,0.391002,-0.364154,0.371301,-0.364906,-0.364521,0.798223
11,DMT,11,0.087763,0.054922,0.016403,0.314920,0.016409,0.316335,-0.016377,-0.301572,0.054923,-0.054923,0.321639,-0.303537,0.313173,-0.302824,-0.300522,0.754093
11,DMT,12,0.076890,0.100059,0.038310,0.045373,0.038324,0.013021,-0.038309,-0.005791,0.099965,-0.099965,0.023557,-0.017987,0.052962,-0.026705,-0.017836,0.410872
11,DMT,13,0.134129,0.060700,0.004240,0.193149,0.004262,0.205812,-0.004227,-0.181625,0.060681,-0.060681,0.217661,-0.188262,0.194282,-0.193808,-0.186968,0.609925
11,DMT,14,0.037788,0.004292,0.012402,0.308354,0.012447,0.326386,-0.012403,-0.307344,0.004312,-0.004312,0.337544,-0.307125,0.309577,-0.306733,-0.307124,0.708374
11,DMT,15,0.092289,0.044393,0.009204,0.246545,0.009239,0.244659,-0.009174,-0.237437,0.044403,-0.044403,0.277434,-0.239920,0.249419,-0.243893,-0.239830,0.672988
11,DMT,16,0.062392,0.033200,0.022586,0.355831,0.022598,0.364099,-0.022606,-0.346666,0.033254,-0.033254,0.361281,-0.345498,0.355889,-0.344862,-0.345309,0.824808
11,DMT,17,0.045406,0.014969,0.017052,0.348429,0.017046,0.363435,-0.017032,-0.343906,0.014980,-0.014980,0.360972,-0.342453,0.348070,-0.341296,-0.343486,0.810170
11,DMT,18,0.045531,0.123784,0.060930,-0.001385,0.060906,-0.031093,-0.060900,0.057623,0.123753,-0.123753,-0.040029,0.051128,0.004395,0.038301,0.042288,0.386716
11,DMT,19,0.061662,0.022124,-0.013428,0.306640,-0.013369,0.315821,0.013421,-0.305649,0.022115,-0.022115,0.332999,-0.310770,0.309617,-0.314015,-0.310584,0.725555
11,DMT,20,0.037950,0.079044,0.017425,0.217993,0.017384,0.198582,-0.017416,-0.192886,0.079014,-0.079014,0.205885,-0.197798,0.221605,-0.199891,-0.195558,0.580253
11,DMT,21,0.033668,0.013165,0.017947,0.389014,0.017964,0.404396,-0.017932,-0.383604,0.013178,-0.013178,0.409908,-0.381096,0.388089,-0.381659,-0.383265,0.851192
11,DMT,22,0.073440,0.008228,0.004588,0.370732,0.004580,0.394144,-0.004548,-0.373310,0.008238,-0.008238,0.399743,-0.372424,0.371577,-0.373901,-0.374737,0.861434
11,DMT,23,0.143895,0.026445,0.032527,0.304299,0.032540,0.335083,-0.032516,-0.298770,0.026408,-0.026408,0.323246,-0.296915,0.302121,-0.298655,-0.300121,0.814073
11,DMT,24,0.072280,0.003793,0.009211,0.395765,0.009229,0.409057,-0.009248,-0.400844,0.003802,-0.003802,0.407480,-0.398299,0.394102,-0.396100,-0.398119,0.843383
11,DMT,25,0.082012,0.027907,0.004891,0.403761,0.004880,0.427639,-0.004905,-0.399679,0.027937,-0.027937,0.415189,-0.400385,0.401796,-0.399156,-0.399151,0.890996
11,DMT,26,0.027700,0.012624,0.000642,0.451931,0.000605,0.483541,-0.000647,-0.449584,0.012657,-0.012657,0.482157,-0.449638,0.451646,-0.448859,-0.450289,0.954832
11,DMT,27,0.101622,0.035365,0.020723,0.402135,0.020692,0.413081,-0.020725,-0.395545,0.035333,-0.035333,0.383112,-0.394009,0.398414,-0.391322,-0.394427,0.883843
11,PCB,0,0.061884,-0.000155,0.015594,0.339471,0.015594,0.348116,-0.015594,-0.344044,-0.000169,0.000135,0.368701,-0.338793,0.339103,-0.339007,-0.344253,0.808048
11,PCB,1,0.030441,-0.000299,0.011924,0.373836,0.011924,0.394946,-0.011924,-0.373996,-0.000304,0.000262,0.403186,-0.371797,0.374800,-0.372740,-0.374021,0.813960
11,PCB,2,0.015642,0.019100,0.010424,0.358775,0.010424,0.368844,-0.010424,-0.350568,0.019067,-0.019122,0.385097,-0.353044,0.358761,-0.353478,-0.350408,0.763737
11,PCB,3,0.022107,0.010505,0.012362,0.378764,0.012362,0.419750,-0.012362,-0.374275,0.010491,-0.010515,0.406255,-0.374298,0.380724,-0.377530,-0.378238,0.813728
11,PCB,4,0.057171,0.010743,0.005118,0.308915,0.005118,0.328487,-0.005118,-0.308820,0.010689,-0.010742,0.360901,-0.310323,0.307293,-0.310329,-0.306217,0.784352
11,PCB,5,0.018977,0.023447,0.014278,0.335696,0.014278,0.364086,-0.014278,-0.322426,0.023502,-0.023424,0.373401,-0.326349,0.335508,-0.326566,-0.320859,0.766518
11,PCB,6,0.079549,0.039713,0.020058,0.189048,0.020058,0.221924,-0.020058,-0.170866,0.039926,-0.039664,0.232636,-0.176658,0.189085,-0.180465,-0.177844,0.633511
11,PCB,7,0.082965,0.112234,0.066401,-0.082886,0.066401,-0.062038,-0.066401,0.125829,0.112560,-0.112104,-0.041287,0.121845,-0.082931,0.120425,0.133484,0.211504
11,PCB,8,0.087477,0.056181,0.022302,0.124683,0.022302,0.120902,-0.022302,-0.101775,0.056088,-0.056182,0.145316,-0.106576,0.132006,-0.121749,-0.114231,0.533677
11,PCB,9,0.022792,0.012827,0.006484,0.386257,0.006484,0.406616,-0.006484,-0.379720,0.012822,-0.012848,0.431690,-0.381063,0.386154,-0.382091,-0.379938,0.826062
11,PCB,10,0.027346,-0.001217,0.003995,0.358931,0.003995,0.384589,-0.003995,-0.359280,-0.001201,0.001202,0.398343,-0.358099,0.359657,-0.360950,-0.361259,0.788731
11,PCB,11,0.014419,0.014181,0.002384,0.392393,0.002384,0.408049,-0.002384,-0.385564,0.014161,-0.014217,0.428085,-0.389670,0.389628,-0.386694,-0.382955,0.831159
11,PCB,12,0.022780,0.012059,0.006904,0.331880,0.006904,0.346178,-0.006904,-0.328442,0.012047,-0.012049,0.370444,-0.330596,0.331551,-0.329114,-0.325996,0.763640
11,PCB,13,0.019215,0.011392,0.002347,0.368059,0.002347,0.382781,-0.002347,-0.364198,0.011386,-0.011399,0.400352,-0.367128,0.367181,-0.365670,-0.361386,0.789560
11,PCB,14,0.032231,0.015132,0.002135,0.424957,0.002135,0.461120,-0.002135,-0.418446,0.015160,-0.015163,0.446356,-0.421604,0.426844,-0.423575,-0.421919,0.896417
11,PCB,15,0.079698,0.053102,0.015570,0.284180,0.015570,0.309521,-0.015570,-0.264242,0.053076,-0.053102,0.311658,-0.273086,0.284664,-0.275577,-0.268131,0.739530
11,PCB,16,0.043114,0.033115,0.005062,0.275973,0.005062,0.301945,-0.005062,-0.265839,0.033105,-0.033140,0.297099,-0.271271,0.276441,-0.271303,-0.263071,0.732551
11,PCB,17,0.044063,0.033224,0.011526,0.362915,0.011526,0.375745,-0.011526,-0.353552,0.033205,-0.033229,0.366609,-0.356498,0.362511,-0.356485,-0.353571,0.805931
11,PCB,18,0.024834,0.005767,0.007860,0.391938,0.007860,0.408658,-0.007860,-0.392262,0.005664,-0.005784,0.408467,-0.390154,0.392463,-0.390594,-0.392862,0.799684
11,PCB,19,0.022978,0.019708,0.007902,0.398216,0.007902,0.412788,-0.007902,-0.390160,0.019638,-0.019732,0.401218,-0.393111,0.398528,-0.393007,-0.391092,0.847825
11,PCB,20,0.041170,0.013033,0.017034,0.376004,0.017034,0.400288,-0.017034,-0.372299,0.013035,-0.013078,0.386588,-0.371899,0.373782,-0.367721,-0.368729,0.834026
11,PCB,21,0.056149,-0.010912,0.014978,0.440443,0.014978,0.475613,-0.014978,-0.446488,-0.010911,0.010935,0.471636,-0.441485,0.441421,-0.441929,-0.446056,0.945461
11,PCB,22,0.038340,0.002518,0.006379,0.376769,0.006379,0.407388,-0.006379,-0.378962,0.002557,-0.002499,0.436804,-0.376756,0.376274,-0.374946,-0.374898,0.831733
11,PCB,23,0.036219,0.025944,0.013486,0.376131,0.013486,0.395953,-0.013486,-0.362057,0.025915,-0.025918,0.409290,-0.367607,0.373992,-0.364206,-0.357546,0.827387
11,PCB,24,0.041301,0.018537,0.020923,0.318685,0.020923,0.318810,-0.020923,-0.307899,0.018514,-0.018540,0.333112,-0.310795,0.318748,-0.310498,-0.307227,0.777560
11,PCB,25,0.107539,0.034805,0.023452,0.307539,0.023452,0.361753,-0.023452,-0.302633,0.034996,-0.034701,0.319306,-0.302006,0.311642,-0.306006,-0.310603,0.818634
11,PCB,26,0.015717,0.008056,0.006278,0.398303,0.006278,0.419719,-0.006278,-0.392585,0.008015,-0.008048,0.447803,-0.393324,0.400003,-0.395734,-0.393860,0.812132
11,PCB,27,0.152329,0.023500,0.020795,0.311681,0.020795,0.321941,-0.020795,-0.313649,0.023479,-0.023567,0.297963,-0.309340,0.313319,-0.307232,-0.312401,0.809446
12,DMT,0,0.013573,0.015597,0.016698,0.367119,0.016665,0.392821,-0.016974,-0.353871,0.015504,-0.015942,0.408247,-0.353180,0.368408,-0.356344,-0.355235,0.793750
12,DMT,1,0.019550,0.011175,0.017391,0.351986,0.017495,0.362802,-0.017165,-0.349093,0.010999,-0.011170,0.361642,-0.348193,0.348882,-0.340892,-0.341642,0.743466
12,DMT,2,0.016477,-0.002694,0.028705,0.341594,0.028637,0.373924,-0.028785,-0.340681,-0.002810,0.002506,0.340572,-0.332191,0.337414,-0.326086,-0.337060,0.715441
12,DMT,3,0.013785,0.020101,0.007953,0.368619,0.007722,0.386891,-0.008208,-0.358355,0.020024,-0.020470,0.387316,-0.358152,0.370237,-0.362127,-0.361081,0.788500
12,DMT,4,0.014424,0.010936,0.009364,0.371152,0.009343,0.399283,-0.009703,-0.364823,0.010991,-0.011424,0.400071,-0.365121,0.372448,-0.366585,-0.367190,0.784242
12,DMT,5,0.009044,0.000517,0.013173,0.376736,0.013131,0.403400,-0.013546,-0.376740,0.000275,-0.000749,0.385712,-0.371290,0.373075,-0.363980,-0.369773,0.759009
12,DMT,6,-0.000028,0.003813,0.015686,0.393454,0.015464,0.429879,-0.015952,-0.381783,0.003680,-0.003934,0.414538,-0.379289,0.396302,-0.383412,-0.386824,0.815061
12,DMT,7,0.022858,0.017263,0.012918,0.398628,0.012753,0.434129,-0.013412,-0.386264,0.017023,-0.017282,0.433026,-0.382172,0.401635,-0.392094,-0.394573,0.850600
12,DMT,8,0.025188,-0.000400,0.002433,0.452280,0.001782,0.481469,-0.003484,-0.452358,-0.000683,-0.000025,0.460608,-0.456566,0.454767,-0.459783,-0.460681,0.892566
12,DMT,9,0.038920,0.023718,0.030758,0.267738,0.030696,0.286268,-0.030650,-0.251990,0.023994,-0.023440,0.283973,-0.253262,0.270496,-0.260616,-0.260577,0.641673
12,DMT,10,0.041011,0.038486,0.037723,0.227329,0.037986,0.240759,-0.037298,-0.205723,0.038936,-0.038437,0.252246,-0.205171,0.225656,-0.205452,-0.205615,0.589187
12,DMT,11,0.058030,0.141472,0.077950,0.110910,0.078826,0.033479,-0.075771,-0.019126,0.142458,-0.138966,0.081118,-0.028670,0.104808,-0.019694,-0.008132,0.390757
12,DMT,12,0.065253,0.147851,0.100474,-0.108676,0.101201,-0.120547,-0.097214,0.210826,0.148519,-0.145001,-0.110707,0.203927,-0.107783,0.200702,0.207194,0.074231
12,DMT,13,0.028917,0.046442,0.034419,0.202683,0.034696,0.217519,-0.033841,-0.172155,0.046582,-0.045889,0.227504,-0.173475,0.202674,-0.174010,-0.173600,0.545082
12,DMT,14,0.020891,0.019648,0.020259,0.315121,0.020267,0.325614,-0.020411,-0.304399,0.019635,-0.019605,0.330648,-0.302830,0.315365,-0.302902,-0.303815,0.700860
12,DMT,15,0.025773,0.016945,0.024401,0.322404,0.024251,0.335498,-0.024440,-0.312126,0.016812,-0.017038,0.329915,-0.309552,0.323406,-0.311898,-0.314292,0.717764
12,DMT,16,0.021956,0.020977,0.013437,0.334401,0.013443,0.349282,-0.013827,-0.324551,0.020930,-0.021118,0.348634,-0.326128,0.334424,-0.325326,-0.324807,0.717458
12,DMT,17,0.027144,0.035862,0.018547,0.255262,0.018535,0.267014,-0.018397,-0.237460,0.035765,-0.035748,0.254636,-0.241274,0.257470,-0.243758,-0.241373,0.627734
12,DMT,18,0.030076,0.024560,0.013073,0.307626,0.013309,0.324728,-0.013223,-0.299997,0.024772,-0.024919,0.324492,-0.301509,0.305531,-0.299382,-0.297131,0.694574
12,DMT,19,0.040521,0.028410,0.019886,0.285424,0.019858,0.280396,-0.019621,-0.281198,0.028290,-0.028218,0.295960,-0.281318,0.286053,-0.280403,-0.278839,0.681881
12,DMT,20,0.049789,0.014412,0.013228,0.351705,0.013044,0.381882,-0.013246,-0.357120,0.014280,-0.014512,0.359200,-0.359133,0.350453,-0.355086,-0.353832,0.801119
12,DMT,21,0.021587,0.017548,0.031069,0.332974,0.031064,0.348187,-0.031325,-0.318821,0.017486,-0.017609,0.346853,-0.315965,0.334177,-0.318011,-0.320433,0.746596
12,DMT,22,0.024952,0.041251,0.041729,0.219181,0.041808,0.206821,-0.041553,-0.189237,0.041207,-0.040950,0.221651,-0.187822,0.222603,-0.194803,-0.193988,0.572793
12,DMT,23,0.084597,0.049140,0.057931,0.141709,0.058159,0.137308,-0.056853,-0.122775,0.049198,-0.047793,0.163779,-0.124233,0.143620,-0.128241,-0.125330,0.571709
12,DMT,24,0.028788,0.043752,0.035427,0.219977,0.035567,0.196483,-0.034869,-0.196511,0.044076,-0.043242,0.225432,-0.194700,0.221327,-0.197982,-0.196511,0.597901
12,DMT,25,0.056692,0.024537,0.030865,0.221244,0.030753,0.219747,-0.030579,-0.216381,0.024442,-0.024521,0.227528,-0.212887,0.224772,-0.221380,-0.222989,0.608267
12,DMT,26,0.047362,0.024167,0.013262,0.288703,0.013330,0.323855,-0.013421,-0.283903,0.023990,-0.024284,0.316806,-0.288355,0.289813,-0.287617,-0.285101,0.716423
12,DMT,27,0.016093,0.011801,0.017757,0.366829,0.017796,0.377934,-0.018056,-0.355756,0.011803,-0.011793,0.375445,-0.353533,0.372503,-0.362215,-0.364492,0.779292
12,PCB,0,0.021635,0.005569,0.013879,0.442002,0.013879,0.461395,-0.013879,-0.437911,0.005569,-0.005569,0.452334,-0.439156,0.441307,-0.438765,-0.437355,0.918260
12,PCB,1,0.028189,0.008381,0.016228,0.380196,0.016228,0.440723,-0.016228,-0.374669,0.008381,-0.008381,0.409806,-0.370575,0.382173,-0.374154,-0.378122,0.825252
12,PCB,2,0.015579,0.014059,0.015061,0.400971,0.015061,0.418737,-0.015061,-0.392220,0.014059,-0.014059,0.414488,-0.389875,0.401798,-0.392261,-0.394187,0.834395
12,PCB,3,0.013484,0.001330,0.008576,0.451739,0.008576,0.485971,-0.008576,-0.451773,0.001330,-0.001330,0.469830,-0.450386,0.452499,-0.451761,-0.452132,0.932196
12,PCB,4,0.030566,0.019088,0.013369,0.418957,0.013369,0.447524,-0.013369,-0.406704,0.019088,-0.019088,0.453703,-0.403757,0.421464,-0.407726,-0.409983,0.890788
12,PCB,5,0.016342,0.014074,0.017223,0.356687,0.017223,0.372864,-0.017223,-0.338760,0.014074,-0.014074,0.339027,-0.339958,0.359512,-0.341628,-0.343157,0.746991
12,PCB,6,0.014908,0.001984,0.002941,0.434340,0.002941,0.492414,-0.002941,-0.433091,0.001984,-0.001984,0.468317,-0.433925,0.434954,-0.435389,-0.433815,0.881766
12,PCB,7,0.043245,0.018011,0.034214,0.367825,0.034214,0.373294,-0.034214,-0.352951,0.018011,-0.018011,0.351835,-0.345116,0.369568,-0.348270,-0.356860,0.824910
12,PCB,8,0.034756,0.031440,0.030426,0.321845,0.030426,0.325097,-0.030426,-0.295400,0.031440,-0.031440,0.293921,-0.298475,0.325272,-0.304225,-0.302737,0.730546
12,PCB,9,0.024271,0.008730,0.012386,0.416014,0.012386,0.451798,-0.012386,-0.407318,0.008730,-0.008730,0.422672,-0.407547,0.416472,-0.408023,-0.408889,0.858021
12,PCB,10,0.017920,0.009229,0.011146,0.393034,0.011146,0.391920,-0.011146,-0.385393,0.009229,-0.009229,0.408156,-0.382828,0.395189,-0.386166,-0.387534,0.825775
12,PCB,11,0.022295,0.023077,0.026095,0.382249,0.026095,0.377900,-0.026095,-0.358371,0.023077,-0.023077,0.381527,-0.356447,0.385556,-0.360713,-0.361801,0.816013
12,PCB,12,0.013560,0.008235,0.009579,0.419692,0.009579,0.448966,-0.009579,-0.414054,0.008235,-0.008235,0.437934,-0.414489,0.419528,-0.414879,-0.414734,0.858748
12,PCB,13,0.020577,0.007558,0.010195,0.407963,0.010195,0.456708,-0.010195,-0.404211,0.007558,-0.007558,0.429621,-0.404387,0.407501,-0.404316,-0.403931,0.843064
12,PCB,14,0.009843,0.009798,0.010235,0.405570,0.010235,0.424672,-0.010235,-0.398327,0.009798,-0.009798,0.426519,-0.397769,0.405523,-0.397619,-0.398667,0.832540
12,PCB,15,0.018249,0.011037,0.010556,0.424577,0.010556,0.431893,-0.010556,-0.413543,0.011037,-0.011037,0.415652,-0.412883,0.424188,-0.412876,-0.413783,0.864847
12,PCB,16,0.082575,0.036650,0.029526,0.152121,0.029526,0.168182,-0.029526,-0.141900,0.036650,-0.036650,0.205716,-0.146936,0.157708,-0.157510,-0.150308,0.557929
12,PCB,17,0.018353,0.003889,0.003513,0.442956,0.003513,0.489748,-0.003513,-0.441367,0.003889,-0.003889,0.478473,-0.441021,0.443370,-0.441647,-0.441659,0.902859
12,PCB,18,0.018222,-0.001823,0.005084,0.416155,0.005084,0.445400,-0.005084,-0.421226,-0.001823,0.001823,0.434790,-0.418380,0.417026,-0.419555,-0.421040,0.867379
12,PCB,19,0.017943,-0.000039,0.007936,0.445997,0.007936,0.476576,-0.007936,-0.446917,-0.000039,0.000039,0.478477,-0.445805,0.445763,-0.445157,-0.446953,0.911590
12,PCB,20,0.023035,-0.002119,0.006910,0.447179,0.006910,0.524409,-0.006910,-0.447997,-0.002119,0.002119,0.509122,-0.445022,0.448251,-0.447344,-0.448959,0.920177
12,PCB,21,0.032884,0.010848,0.019322,0.428026,0.019322,0.491218,-0.019322,-0.419645,0.010848,-0.010848,0.450063,-0.417199,0.424529,-0.413020,-0.415459,0.883294
12,PCB,22,0.058169,0.013786,0.003539,0.399370,0.003539,0.424635,-0.003539,-0.406274,0.013786,-0.013786,0.434206,-0.409881,0.396226,-0.408752,-0.403981,0.908271
12,PCB,23,0.019849,0.024089,0.011704,0.323730,0.011704,0.315708,-0.011704,-0.304155,0.024089,-0.024089,0.361386,-0.301803,0.330069,-0.309939,-0.312137,0.701353
12,PCB,24,0.028206,0.015049,0.006769,0.460569,0.006769,0.504129,-0.006769,-0.446081,0.015049,-0.015049,0.502374,-0.449393,0.462756,-0.453699,-0.451544,0.954400
12,PCB,25,0.030794,0.011327,0.004477,0.429550,0.004477,0.459859,-0.004477,-0.426060,0.011327,-0.011327,0.478610,-0.424778,0.434047,-0.430282,-0.429532,0.916186
12,PCB,26,0.043475,0.060252,0.069895,0.331365,0.069895,0.339569,-0.069895,-0.229920,0.060252,-0.060252,0.284079,-0.238578,0.342967,-0.251832,-0.250388,0.668468
12,PCB,27,0.019084,0.012417,0.012935,0.429474,0.012935,0.466806,-0.012935,-0.416672,0.012417,-0.012417,0.438657,-0.420319,0.428705,-0.419362,-0.417266,0.865773
13,DMT,0,0.009064,0.009274,0.003337,0.439616,0.003332,0.468176,-0.003336,-0.434934,0.009301,-0.009366,0.461676,-0.439517,0.440115,-0.439224,-0.434392,0.892583
13,DMT,1,0.003644,0.005353,0.002133,0.385634,0.002135,0.388042,-0.002189,-0.380508,0.005313,-0.005321,0.396546,-0.381858,0.385283,-0.381576,-0.379821,0.773141
13,DMT,2,0.008122,0.007348,0.003736,0.440696,0.003749,0.431647,-0.003823,-0.437670,0.007283,-0.007345,0.447101,-0.437261,0.438394,-0.433937,-0.433991,0.886055
13,DMT,3,0.015973,0.005887,0.003086,0.430917,0.003081,0.441221,-0.003071,-0.429096,0.005902,-0.005966,0.436379,-0.428693,0.431115,-0.429478,-0.428701,0.879650
13,DMT,4,0.027834,0.008748,0.014559,0.206587,0.014555,0.171792,-0.014461,-0.203244,0.008812,-0.008420,0.251262,-0.203926,0.206532,-0.206676,-0.202419,0.531817
13,DMT,5,0.009206,0.014593,0.017417,0.158985,0.017423,0.204927,-0.017370,-0.142641,0.014624,-0.014293,0.207606,-0.141371,0.157313,-0.140372,-0.142834,0.392499
13,DMT,6,0.019284,0.022489,0.030884,0.119504,0.030902,0.193318,-0.030777,-0.097122,0.022544,-0.022216,0.105508,-0.095670,0.118837,-0.093760,-0.098835,0.334126
13,DMT,7,0.014962,0.015857,0.023212,0.239321,0.023231,0.302330,-0.023200,-0.225947,0.015881,-0.015591,0.279985,-0.224283,0.239336,-0.222689,-0.226192,0.544696
13,DMT,8,0.019362,0.013795,0.017098,0.279114,0.017118,0.354134,-0.017053,-0.266527,0.013835,-0.013689,0.271417,-0.267518,0.278204,-0.264597,-0.266822,0.622066
13,DMT,9,0.012709,0.006335,0.004531,0.387521,0.004530,0.414226,-0.004548,-0.384281,0.006305,-0.006409,0.414497,-0.385164,0.387999,-0.385798,-0.385141,0.798651
13,DMT,10,0.010418,0.006034,0.005772,0.384185,0.005771,0.401638,-0.005782,-0.380158,0.006022,-0.006105,0.400810,-0.381097,0.383439,-0.380688,-0.379609,0.780066
13,DMT,11,0.011680,0.005525,0.005267,0.396294,0.005261,0.418945,-0.005278,-0.392773,0.005496,-0.005520,0.419175,-0.393200,0.395731,-0.392616,-0.392275,0.808323
13,DMT,12,0.010414,0.004314,0.004371,0.386697,0.004381,0.402984,-0.004413,-0.384720,0.004280,-0.004319,0.409822,-0.384702,0.385871,-0.383956,-0.383651,0.787566
13,DMT,13,0.014660,0.007468,0.004229,0.370603,0.004233,0.411842,-0.004239,-0.369515,0.007462,-0.007478,0.382389,-0.368850,0.369414,-0.367008,-0.367755,0.765804
13,DMT,14,0.014213,0.005498,0.006305,0.381160,0.006304,0.417728,-0.006304,-0.379852,0.005501,-0.005510,0.409118,-0.378609,0.381305,-0.378655,-0.380023,0.787376
13,DMT,15,0.011207,0.009059,0.003480,0.407107,0.003486,0.433181,-0.003481,-0.404718,0.009061,-0.009053,0.420525,-0.403142,0.406773,-0.402683,-0.404612,0.827630
13,DMT,16,0.010932,0.009624,0.009304,0.341468,0.009315,0.365983,-0.009260,-0.336403,0.009683,-0.009574,0.355486,-0.337017,0.341351,-0.337770,-0.337843,0.713001
13,DMT,17,0.007284,0.003488,0.009916,0.362816,0.009917,0.392449,-0.009894,-0.359169,0.003522,-0.003498,0.393978,-0.356808,0.361561,-0.355529,-0.357729,0.737199
13,DMT,18,0.007103,0.006538,0.005957,0.391848,0.005956,0.421917,-0.005958,-0.387404,0.006530,-0.006575,0.409136,-0.386835,0.392590,-0.388192,-0.388567,0.796870
13,DMT,19,0.010544,0.011245,0.008776,0.342784,0.008779,0.368497,-0.008779,-0.335555,0.011238,-0.011325,0.375608,-0.334490,0.341984,-0.334302,-0.335540,0.695345
13,DMT,20,0.019028,0.021880,0.012106,0.371208,0.012114,0.374809,-0.012083,-0.363142,0.021886,-0.021954,0.385890,-0.357543,0.370157,-0.355704,-0.361194,0.759599
13,DMT,21,0.013877,0.013321,0.005781,0.404396,0.005773,0.455116,-0.005822,-0.401223,0.013274,-0.013306,0.427446,-0.402027,0.406554,-0.404155,-0.404200,0.831726
13,DMT,22,0.015884,0.011665,0.004549,0.408240,0.004551,0.426456,-0.004537,-0.401579,0.011675,-0.011751,0.447507,-0.403762,0.408850,-0.406266,-0.403809,0.848032
13,DMT,23,0.049574,0.018540,0.012901,0.516504,0.012930,0.608737,-0.012864,-0.505220,0.018608,-0.018460,0.540452,-0.503300,0.514823,-0.501517,-0.505562,1.054583
13,DMT,24,0.012878,0.008321,0.006015,0.423156,0.006004,0.425606,-0.006011,-0.419253,0.008369,-0.008290,0.454360,-0.421423,0.421311,-0.421076,-0.418130,0.866483
13,DMT,25,0.046187,0.020928,0.006896,0.504173,0.006884,0.607682,-0.007031,-0.495990,0.020866,-0.021085,0.572371,-0.495608,0.500612,-0.491547,-0.494820,1.025366
13,DMT,26,0.017400,0.009013,0.006422,0.495994,0.006396,0.526833,-0.006413,-0.492628,0.009030,-0.009029,0.531152,-0.492417,0.496544,-0.492489,-0.493244,1.003680
13,DMT,27,0.011416,0.005461,0.003141,0.406792,0.003152,0.425697,-0.003202,-0.405259,0.005431,-0.005534,0.422805,-0.405117,0.405949,-0.403976,-0.404441,0.824974
13,PCB,0,0.009502,0.001446,0.002577,0.445376,0.002577,0.466031,-0.002577,-0.444571,0.001446,-0.001446,0.457013,-0.445543,0.446164,-0.445893,-0.445364,0.904027
13,PCB,1,0.015235,0.004456,0.004809,0.389893,0.004809,0.428921,-0.004809,-0.388085,0.004456,-0.004456,0.399425,-0.388978,0.390413,-0.389173,-0.388278,0.806366
13,PCB,2,0.017071,0.011719,0.006548,0.390236,0.006548,0.416636,-0.006548,-0.385142,0.011719,-0.011719,0.396444,-0.386770,0.391256,-0.387973,-0.386917,0.820342
13,PCB,3,0.008042,0.009092,0.008086,0.397173,0.008086,0.429077,-0.008086,-0.390327,0.009092,-0.009092,0.418984,-0.391004,0.397611,-0.391501,-0.390928,0.809930
13,PCB,4,0.014048,0.009540,0.008892,0.423004,0.008892,0.448257,-0.008892,-0.417480,0.009540,-0.009540,0.447619,-0.417431,0.421652,-0.416474,-0.415939,0.862922
13,PCB,5,0.009683,0.004744,0.006324,0.461989,0.006324,0.475686,-0.006324,-0.458355,0.004744,-0.004744,0.473424,-0.458643,0.462345,-0.458396,-0.458281,0.934957
13,PCB,6,0.011089,0.008260,0.010284,0.408261,0.010284,0.419015,-0.010284,-0.401577,0.008260,-0.008260,0.416631,-0.402479,0.406000,-0.401232,-0.400073,0.831056
13,PCB,7,0.038590,0.024289,0.026912,0.241798,0.026912,0.252734,-0.026912,-0.225657,0.024289,-0.024289,0.225012,-0.226345,0.238441,-0.222717,-0.224683,0.582541
13,PCB,8,0.014792,0.005363,0.006989,0.373905,0.006989,0.393526,-0.006989,-0.371919,0.005363,-0.005363,0.381346,-0.371721,0.373751,-0.371248,-0.371491,0.780504
13,PCB,9,0.013786,0.007337,0.005109,0.413047,0.005109,0.446678,-0.005109,-0.409332,0.007337,-0.007337,0.435755,-0.409709,0.412982,-0.409406,-0.409273,0.838688
13,PCB,10,0.019477,0.007776,0.011266,0.371144,0.011266,0.410223,-0.011266,-0.366074,0.007776,-0.007776,0.389824,-0.368371,0.372502,-0.370088,-0.367853,0.776848
13,PCB,11,0.022056,0.009367,0.008056,0.436221,0.008056,0.477560,-0.008056,-0.431319,0.009367,-0.009367,0.439221,-0.431381,0.435452,-0.430645,-0.430856,0.894863
13,PCB,12,0.014926,0.006897,0.006431,0.442216,0.006431,0.475385,-0.006431,-0.438808,0.006897,-0.006897,0.457650,-0.438266,0.442659,-0.438500,-0.438728,0.895181
13,PCB,13,0.018114,0.003201,0.009105,0.430411,0.009105,0.476408,-0.009105,-0.426126,0.003201,-0.003201,0.447225,-0.426000,0.430091,-0.425228,-0.426222,0.874847
13,PCB,14,0.042449,0.012556,0.011343,0.465866,0.011343,0.534087,-0.011343,-0.459512,0.012556,-0.012556,0.486132,-0.459594,0.464812,-0.458173,-0.459089,0.949760
13,PCB,15,0.027486,0.018259,0.010000,0.396203,0.010000,0.436554,-0.010000,-0.389326,0.018259,-0.018259,0.396126,-0.389184,0.394816,-0.388307,-0.389017,0.832672
13,PCB,16,0.029077,0.009151,0.009667,0.377448,0.009667,0.447747,-0.009667,-0.372085,0.009151,-0.009151,0.395292,-0.372826,0.378974,-0.374333,-0.374679,0.792624
13,PCB,17,0.024376,0.008067,0.003739,0.423468,0.003739,0.508781,-0.003739,-0.422154,0.008067,-0.008067,0.455187,-0.421496,0.422988,-0.421480,-0.422316,0.875543
13,PCB,18,0.010080,0.007842,0.004013,0.444707,0.004013,0.470338,-0.004013,-0.441673,0.007842,-0.007842,0.472510,-0.440855,0.443651,-0.440244,-0.440995,0.901864
13,PCB,19,0.015694,0.007240,0.007712,0.411948,0.007712,0.475243,-0.007712,-0.406211,0.007240,-0.007240,0.468152,-0.407294,0.411810,-0.407546,-0.407043,0.852934
13,PCB,20,0.025905,0.019941,0.012098,0.406351,0.012098,0.448991,-0.012098,-0.397398,0.019941,-0.019941,0.431512,-0.397096,0.405857,-0.397029,-0.397052,0.840151
13,PCB,21,0.027116,0.011926,0.006944,0.486594,0.006944,0.508957,-0.006944,-0.483932,0.011926,-0.011926,0.499136,-0.483740,0.486477,-0.482934,-0.482893,0.977296
13,PCB,22,0.026962,0.004576,0.004695,0.478998,0.004695,0.509643,-0.004695,-0.477698,0.004576,-0.004576,0.488583,-0.477916,0.479909,-0.477551,-0.477791,0.978206
13,PCB,23,0.033555,0.014598,0.021024,0.450959,0.021024,0.487558,-0.021024,-0.444815,0.014598,-0.014598,0.479680,-0.444518,0.451764,-0.444474,-0.444165,0.949661
13,PCB,24,0.021380,0.006245,0.005482,0.406869,0.005482,0.430819,-0.005482,-0.402879,0.006245,-0.006245,0.416645,-0.401422,0.406022,-0.399888,-0.401918,0.832696
13,PCB,25,0.011281,0.000782,0.000329,0.502885,0.000329,0.527521,-0.000329,-0.502717,0.000782,-0.000782,0.548072,-0.503445,0.502842,-0.504093,-0.502394,1.022822
13,PCB,26,0.020051,0.001659,0.002994,0.474077,0.002994,0.524047,-0.002994,-0.472930,0.001659,-0.001659,0.485351,-0.473711,0.473514,-0.473100,-0.472522,0.959951
13,PCB,27,0.009646,-0.005345,0.002200,0.400710,0.002200,0.386960,-0.002200,-0.402579,-0.005345,0.005345,0.415569,-0.402818,0.402668,-0.404523,-0.403429,0.818483
