variant,subject,run,fit,n,N,k,share,share_equals_regenerated,share_committed,k_committed,k_committed_residual,dk_committed,pattern,ambiguous,k_amb,k_decided,committed_in_bracket,rev_changed,rev_changed_outside,max_absD_pattern,min_absD_off,off_small,pattern_not_small,exact_zero,child_k,child_k_amb,child_dk,child_mi_changed,child_masks_identical,child_atoms_maxdiff
ts_gsr,1,DMT,window 1,59,386745,108346,0.2801484182083802,True,0.2801820320883269,108359,0.0e+00,13,2425,169,67,108279,True,80,0,9.99e-16,6.15e-07,0,0,629,108335,56,-11,True,True,1.1e-16
ts_gsr,1,DMT,window 2,59,386745,115228,0.2979430891155671,True,0.2979379177494214,115226,1.5e-11,-2,2542,174,64,115164,True,78,0,1.11e-15,4.52e-07,0,0,736,115223,59,-5,True,True,1.1e-16
ts_gsr,1,DMT,window 3,59,386745,119592,0.3092270100453787,True,0.30922959572845155,119593,0.0e+00,1,2348,133,52,119540,True,55,0,9.99e-16,1.42e-06,0,0,577,119599,59,7,True,True,1.1e-16
ts_gsr,1,DMT,window 4,59,386745,125133,0.3235542799519063,True,0.3235646226841976,125137,0.0e+00,4,2615,159,63,125070,True,61,0,9.99e-16,1.20e-06,0,0,695,125136,66,3,True,True,6.9e-17
ts_gsr,1,DMT,window 5,59,386745,110498,0.28571280818110123,True,0.28571797954724687,110500,1.5e-11,2,2253,259,94,110404,True,102,0,1.33e-15,4.57e-07,0,0,538,110510,106,12,True,True,1.1e-16
ts_gsr,1,DMT,window 6,59,386745,104195,0.26941524777308046,True,0.26941266209000764,104194,0.0e+00,-1,2532,206,75,104120,True,96,0,1.22e-15,6.95e-08,0,0,584,104211,91,16,True,True,1.1e-16
ts_gsr,1,DMT,window 7,59,386745,105739,0.27340754243752347,True,0.27340495675445065,105738,1.5e-11,-1,2138,133,57,105682,True,60,0,1.67e-15,2.17e-07,0,0,528,105731,49,-8,True,True,4.9e-17
ts_gsr,1,DMT,window 8,59,386745,99840,0.2581545979909243,True,0.25814425525863294,99836,0.0e+00,-4,2170,171,78,99762,True,74,0,1.33e-15,3.79e-07,0,0,541,99829,67,-11,True,True,6.2e-17
ts_gsr,1,DMT,window 9,59,386745,100699,0.2603756997504816,True,0.2603731140674087,100698,1.5e-11,-1,2333,205,90,100609,True,86,0,1.33e-15,1.22e-07,0,0,578,100679,70,-20,True,True,1.1e-16
ts_gsr,1,DMT,window 10,59,386745,108595,0.2807922532935138,True,0.2808000103427323,108598,0.0e+00,3,2389,144,53,108542,True,70,0,1.17e-15,8.00e-07,0,0,580,108593,51,-2,True,True,3.5e-17
ts_gsr,1,DMT,window 11,59,386745,111950,0.28946722000284425,True,0.28946463431977143,111949,0.0e+00,-1,2343,225,88,111862,True,91,0,2.00e-15,3.18e-07,0,0,580,111945,83,-5,True,True,5.6e-17
ts_gsr,1,DMT,window 12,59,386745,119615,0.30928648075605375,True,0.3092994091714178,119620,2.9e-11,5,3013,251,109,119506,True,94,0,2.22e-15,1.09e-06,0,0,798,119597,91,-18,True,True,1.1e-16
ts_gsr,1,DMT,window 13,59,386745,108217,0.27981486509198567,True,0.2798174507750585,108218,0.0e+00,1,2334,185,65,108152,True,73,0,1.11e-15,2.50e-07,0,0,587,108223,71,6,True,True,5.6e-17
ts_gsr,1,DMT,window 14,59,386745,108892,0.28156020116614305,True,0.2815369300184876,108883,0.0e+00,-9,2159,194,81,108811,True,74,0,1.78e-15,2.72e-07,0,0,548,108891,80,-1,True,True,1.1e-16
ts_gsr,1,DMT,global,839,5499645,1698639,0.3088633902733722,True,0.30885902635533746,1698615,0.0e+00,-24,12038,791,297,1698342,True,298,0,3.11e-15,4.05e-09,0,0,2568,1698645,303,6,True,True,2.2e-16
ts_gsr,1,PCB,window 1,59,386745,103141,0.2666899378143221,True,0.26667959508203076,103137,1.5e-11,-4,2102,198,68,103073,True,90,0,1.11e-15,3.58e-07,0,0,547,103143,70,2,True,True,1.1e-16
ts_gsr,1,PCB,window 2,59,386745,107655,0.27836171120505754,True,0.2783565398389119,107653,1.5e-11,-2,2367,185,74,107581,True,78,0,1.89e-15,4.13e-07,0,0,575,107661,80,6,True,True,2.2e-16
ts_gsr,1,PCB,window 3,59,386745,103538,0.26771645399423394,True,0.267700939895797,103532,1.5e-11,-6,2078,137,48,103490,True,49,0,1.44e-15,5.52e-07,0,0,520,103543,53,5,True,True,1.1e-16
ts_gsr,1,PCB,window 4,59,386745,108280,0.2799777631255737,True,0.27998034880864653,108281,0.0e+00,1,2279,152,65,108215,True,56,0,1.55e-15,1.30e-07,0,0,583,108267,52,-13,True,True,1.1e-16
ts_gsr,1,PCB,window 5,59,386745,121345,0.3137597124720423,True,0.3137545411058966,121343,1.5e-11,-2,2452,214,67,121278,True,75,0,1.78e-15,1.06e-06,0,0,618,121356,78,11,True,True,1.1e-16
ts_gsr,1,PCB,window 6,59,386745,104502,0.27020905247643795,True,0.2702193952087293,104506,1.5e-11,4,2295,159,51,104451,True,61,0,1.11e-15,6.32e-07,0,0,599,104521,70,19,True,True,1.1e-16
ts_gsr,1,PCB,window 7,59,386745,114306,0.29555908932242175,True,0.2955668463716402,114309,0.0e+00,3,2261,138,61,114245,True,53,0,1.33e-15,4.66e-07,0,0,598,114309,64,3,True,True,1.1e-16
ts_gsr,1,PCB,window 8,59,386745,118123,0.3054286416113977,True,0.30543639866061617,118126,0.0e+00,3,2475,195,74,118049,True,79,0,1.55e-15,2.24e-08,0,0,634,118116,67,-7,True,True,1.1e-16
ts_gsr,1,PCB,window 9,59,386745,110076,0.2846216499243688,True,0.28461130719207745,110072,1.5e-11,-4,2117,182,70,110006,True,87,0,9.99e-16,4.73e-07,0,0,544,110085,79,9,True,True,4.2e-17
ts_gsr,1,PCB,window 10,59,386745,103254,0.2669821200015514,True,0.26698729136769705,103256,0.0e+00,2,2091,177,72,103182,True,57,0,1.11e-15,3.71e-07,0,0,508,103255,73,1,True,True,1.1e-16
ts_gsr,1,PCB,window 11,59,386745,117441,0.3036652057557305,True,0.30365227734036637,117436,1.5e-11,-5,1949,168,69,117372,True,72,0,1.78e-15,2.61e-07,0,0,465,117426,54,-15,True,True,1.1e-16
ts_gsr,1,PCB,window 12,59,386745,110762,0.28639542851232724,True,0.28639801419540006,110763,0.0e+00,1,2082,225,88,110674,True,79,0,1.11e-15,5.70e-08,0,0,520,110761,87,-1,True,True,1.1e-16
ts_gsr,1,PCB,window 13,59,386745,127480,0.32962287812382834,True,0.3296513206376295,127491,1.5e-11,11,2229,240,89,127391,True,109,0,1.44e-15,5.45e-07,0,0,528,127470,79,-10,True,True,1.1e-16
ts_gsr,1,PCB,window 14,59,386745,112723,0.29146595301813855,True,0.29148663848272116,112731,0.0e+00,8,2275,191,83,112640,True,93,0,1.11e-15,3.33e-07,0,0,594,112730,90,7,True,True,1.1e-16
ts_gsr,1,PCB,global,839,5499645,1636634,0.29758902620078204,True,0.2975846622827473,1636610,0.0e+00,-24,10505,723,293,1636341,True,272,0,1.55e-15,4.58e-09,0,0,2199,1636605,264,-29,True,True,2.8e-17
ts_gsr,2,DMT,window 1,59,386745,114202,0.29529017828284787,True,0.29528759259977505,114201,0.0e+00,-1,2106,116,49,114153,True,43,0,1.11e-15,2.15e-07,0,0,495,114197,44,-5,True,True,2.2e-16
ts_gsr,2,DMT,window 2,59,386745,103216,0.266883864044784,True,0.2668605928971286,103207,0.0e+00,-9,1997,217,86,103130,True,85,0,1.33e-15,1.07e-07,0,0,483,103222,92,6,True,True,1.1e-16
ts_gsr,2,DMT,window 3,59,386745,107024,0.27673014518610456,True,0.27673014518610456,107024,1.5e-11,0,2213,208,78,106946,True,82,0,1.11e-15,1.94e-06,0,0,562,107019,73,-5,True,True,1.1e-16
ts_gsr,2,DMT,window 4,59,386745,105139,0.27185613259382796,True,0.2718302757630997,105129,0.0e+00,-10,2340,260,100,105039,True,98,0,1.78e-15,6.52e-07,0,0,529,105147,108,8,True,True,2.2e-16
ts_gsr,2,DMT,window 5,59,386745,111024,0.2870728774774076,True,0.28707804884355326,111026,0.0e+00,2,2662,277,106,110918,True,90,0,1.55e-15,9.44e-07,0,0,665,111027,109,3,True,True,1.1e-16
ts_gsr,2,DMT,window 6,59,386745,95824,0.24777049477045598,True,0.24774205225665488,95813,1.5e-11,-11,2353,227,97,95727,True,94,0,1.11e-15,1.19e-06,0,0,606,95825,98,1,True,True,1.1e-16
ts_gsr,2,DMT,window 7,59,386745,107772,0.2786642361245782,True,0.278666821807651,107773,1.5e-11,1,2235,167,65,107707,True,74,0,1.17e-15,3.38e-07,0,0,592,107776,69,4,True,True,2.2e-16
ts_gsr,2,DMT,window 8,59,386745,100295,0.25933108378905995,True,0.2593440122044241,100300,0.0e+00,5,2228,170,55,100240,True,66,0,1.11e-15,6.10e-07,0,0,589,100301,61,6,True,True,4.9e-17
ts_gsr,2,DMT,window 9,59,386745,107760,0.2786332079277043,True,0.2786306222446314,107759,1.5e-11,-1,2344,154,60,107700,True,56,0,1.55e-15,2.37e-07,0,0,590,107757,57,-3,True,True,1.1e-16
ts_gsr,2,DMT,window 10,59,386745,128229,0.3315595547453748,True,0.33155696906230203,128228,0.0e+00,-1,2422,117,55,128174,True,46,0,1.71e-15,1.48e-07,0,0,662,128229,55,0,True,True,1.1e-16
ts_gsr,2,DMT,window 11,59,386745,107789,0.2787081927368163,True,0.27867975022301517,107778,0.0e+00,-11,2178,198,85,107704,True,83,0,1.11e-15,3.10e-07,0,0,530,107770,66,-19,True,True,1.1e-16
ts_gsr,2,DMT,window 12,59,386745,109799,0.283905415713196,True,0.28390541571319605,109799,0.0e+00,0,2215,106,46,109753,True,49,0,1.78e-15,3.35e-07,0,0,560,109791,38,-8,True,True,2.2e-16
ts_gsr,2,DMT,window 13,59,386745,117156,0.30292828607997513,True,0.30292828607997513,117156,1.5e-11,0,2120,115,41,117115,True,52,0,1.33e-15,3.53e-07,0,0,577,117160,45,4,True,True,1.1e-16
ts_gsr,2,DMT,window 14,59,386745,121816,0.31497756919934317,True,0.314951712368615,121806,1.5e-11,-10,2180,182,91,121725,True,85,0,1.55e-15,4.75e-08,0,0,591,121802,77,-14,True,True,5.6e-17
ts_gsr,2,DMT,global,839,5499645,1620886,0.29472556865034016,True,0.2947208410724692,1620860,0.0e+00,-26,11428,637,261,1620625,True,249,0,2.11e-15,4.43e-08,0,0,2404,1620872,247,-14,True,True,1.1e-16
ts_gsr,2,PCB,window 1,59,386745,117177,0.3029825854245045,True,0.30298517110757733,117178,0.0e+00,1,2227,162,57,117120,True,61,0,1.33e-15,6.12e-07,0,0,570,117173,53,-4,True,True,1.1e-16
ts_gsr,2,PCB,window 2,59,386745,111597,0.28855447387813676,True,0.28853378841355415,111589,0.0e+00,-8,2398,224,92,111505,True,90,0,1.17e-15,5.57e-07,0,0,667,111590,85,-7,True,True,2.2e-16
ts_gsr,2,PCB,window 3,59,386745,112946,0.2920425603433787,True,0.29205290307567,112950,0.0e+00,4,2421,233,93,112853,True,90,0,1.33e-15,2.86e-07,0,0,654,112936,83,-10,True,True,1.1e-16
ts_gsr,2,PCB,window 4,59,386745,116474,0.301164850224308,True,0.30115192180894385,116469,1.5e-11,-5,2556,272,106,116368,True,124,0,1.33e-15,1.24e-07,0,0,678,116477,109,3,True,True,1.1e-16
ts_gsr,2,PCB,window 5,59,386745,105849,0.27369196757553427,True,0.273681624843243,105845,1.5e-11,-4,2383,145,63,105786,True,49,0,1.44e-15,1.58e-07,0,0,624,105843,57,-6,True,True,1.1e-16
ts_gsr,2,PCB,window 6,59,386745,131998,0.3413049942468552,True,0.34131792266221933,132003,2.9e-11,5,2396,137,45,131953,True,38,0,1.67e-15,3.44e-07,0,0,583,132002,49,4,True,True,2.2e-16
ts_gsr,2,PCB,window 7,59,386745,118945,0.3075540730972605,True,0.30755407309726046,118945,0.0e+00,0,2194,121,46,118899,True,49,0,9.99e-16,9.08e-07,0,0,604,118950,51,5,True,True,4.4e-16
ts_gsr,2,PCB,window 8,59,386745,109468,0.2830495546160907,True,0.28305472598223635,109470,0.0e+00,2,1977,166,61,109407,True,74,0,8.88e-16,8.06e-07,0,0,507,109470,63,2,True,True,2.2e-16
ts_gsr,2,PCB,window 9,59,386745,115314,0.2981654578598301,True,0.2981654578598301,115314,0.0e+00,0,2154,143,61,115253,True,60,0,1.78e-15,5.86e-07,0,0,534,115298,45,-16,True,True,2.2e-16
ts_gsr,2,PCB,window 10,59,386745,108068,0.27942959831413466,True,0.27942959831413466,108068,1.5e-11,0,2122,222,95,107973,True,91,0,1.22e-15,5.41e-07,0,0,557,108055,82,-13,True,True,6.9e-17
ts_gsr,2,PCB,window 11,59,386745,110711,0.28626355867561315,True,0.2862816584571229,110718,1.5e-11,7,1940,264,86,110625,True,105,0,1.78e-15,1.09e-06,0,0,478,110732,107,21,True,True,2.2e-16
ts_gsr,2,PCB,window 12,59,386745,117041,0.3026309325266002,True,0.3026283468435274,117040,0.0e+00,-1,2184,123,52,116989,True,44,0,1.33e-15,1.67e-07,0,0,531,117034,45,-7,True,True,1.1e-16
ts_gsr,2,PCB,window 13,59,386745,104989,0.2714682801329041,True,0.2714734514990497,104991,1.5e-11,2,2061,183,65,104924,True,77,0,9.99e-16,1.14e-07,0,0,474,104998,74,9,True,True,2.2e-16
ts_gsr,2,PCB,window 14,59,386745,106310,0.2748839674721069,True,0.27489172452132543,106313,0.0e+00,3,2114,132,42,106268,True,52,0,9.99e-16,5.76e-08,0,0,540,106318,50,8,True,True,1.1e-16
ts_gsr,2,PCB,global,839,5499645,1608508,0.2924748779239387,True,0.29247324145467574,1608499,2.3e-10,-9,10083,855,328,1608180,True,336,0,2.22e-15,2.16e-08,0,0,2195,1608503,323,-5,True,True,6.9e-17
ts_gsr,3,DMT,window 1,59,386745,124229,0.32121682245407185,True,0.32123492223558153,124236,1.5e-11,7,2254,132,44,124185,True,44,0,1.78e-15,3.00e-07,0,0,621,124231,46,2,True,True,4.2e-17
ts_gsr,3,DMT,window 2,59,386745,109715,0.2836882183350787,True,0.2836908040181515,109716,0.0e+00,1,2167,241,85,109630,True,81,0,1.33e-15,4.38e-07,0,0,506,109715,85,0,True,True,2.2e-16
ts_gsr,3,DMT,window 3,59,386745,114799,0.2968338310773248,True,0.2968364167603977,114800,0.0e+00,1,2220,163,65,114734,True,78,0,1.11e-15,1.31e-06,0,0,532,114804,70,5,True,True,2.2e-16
ts_gsr,3,DMT,window 4,59,386745,117630,0.3041538998564946,True,0.30415907122264024,117632,0.0e+00,2,2358,221,87,117543,True,93,0,2.66e-15,2.75e-07,0,0,597,117624,81,-6,True,True,2.2e-16
ts_gsr,3,DMT,window 5,59,386745,100209,0.25910871504479693,True,0.25911647209401545,100212,0.0e+00,3,2559,250,106,100103,True,117,0,1.44e-15,9.76e-07,0,0,660,100204,101,-5,True,True,1.1e-16
ts_gsr,3,DMT,window 6,59,386745,89584,0.2316358323960232,True,0.2316254896637319,89580,1.5e-11,-4,2184,169,69,89515,True,55,0,9.44e-16,1.92e-08,0,0,589,89578,63,-6,True,True,3.1e-17
ts_gsr,3,DMT,window 7,59,386745,104055,0.26905325214288484,True,0.2690610091921033,104058,1.5e-11,3,2252,171,68,103987,True,72,0,1.33e-15,5.77e-07,0,0,519,104047,60,-8,True,True,1.1e-16
ts_gsr,3,DMT,window 8,59,386745,111168,0.2874452158398945,True,0.2874271160583847,111161,0.0e+00,-7,2112,136,61,111107,True,53,0,1.11e-15,7.73e-07,0,0,572,111159,52,-9,True,True,1.1e-16
ts_gsr,3,DMT,window 9,59,386745,117184,0.30300068520601425,True,0.302990342473723,117180,1.5e-11,-4,2175,110,43,117141,True,49,0,1.11e-15,1.08e-07,0,0,582,117183,42,-1,True,True,8.3e-17
ts_gsr,3,DMT,window 10,59,386745,120091,0.3105172658987188,True,0.31051209453257306,120089,2.9e-11,-2,2722,270,115,119976,True,99,0,1.89e-15,1.72e-07,0,0,625,120082,106,-9,True,True,2.2e-16
ts_gsr,3,DMT,window 11,59,386745,103573,0.2678069529017828,True,0.26781212426792844,103575,1.5e-11,2,2398,231,95,103478,True,85,0,1.11e-15,2.27e-07,0,0,580,103560,82,-13,True,True,1.1e-16
ts_gsr,3,DMT,window 12,59,386745,100236,0.25917852848776324,True,0.2591811141708361,100237,1.5e-11,1,2062,174,65,100171,True,59,0,1.55e-15,5.83e-07,0,0,483,100247,76,11,True,True,1.1e-16
ts_gsr,3,DMT,window 13,59,386745,106321,0.27491240998590805,True,0.27491499566898087,106322,0.0e+00,1,2138,183,73,106248,True,77,0,1.78e-15,1.48e-07,0,0,588,106323,75,2,True,True,4.9e-17
ts_gsr,3,DMT,window 14,59,386745,104281,0.26963761651734347,True,0.2696246881019793,104276,1.5e-11,-5,2164,177,61,104220,True,76,0,1.33e-15,8.35e-07,0,0,536,104282,62,1,True,True,1.1e-16
ts_gsr,3,DMT,global,839,5499645,1600701,0.29105533175323134,True,0.29105460443355885,1600697,2.3e-10,-4,11077,887,346,1600355,True,353,0,2.22e-15,1.79e-08,0,0,2232,1600657,302,-44,True,True,1.1e-16
ts_gsr,3,PCB,window 1,59,386745,114646,0.2964382215671825,True,0.2964382215671825,114646,0.0e+00,0,1960,129,48,114598,True,44,0,1.78e-15,9.20e-08,0,0,540,114658,60,12,True,True,5.6e-17
ts_gsr,3,PCB,window 2,59,386745,109020,0.2818911685994648,True,0.28188599723331914,109018,1.5e-11,-2,2073,125,50,108970,True,51,0,2.00e-15,1.14e-07,0,0,557,109020,50,0,True,True,8.3e-17
ts_gsr,3,PCB,window 3,59,386745,127648,0.3300572728800631,True,0.33006244424620873,127650,0.0e+00,2,1977,99,46,127602,True,46,0,1.33e-15,2.30e-07,0,0,501,127636,34,-12,True,True,1.1e-16
ts_gsr,3,PCB,window 4,59,386745,119339,0.30857283222795384,True,0.30861678884019184,119356,1.5e-11,17,2257,181,73,119266,True,74,0,1.33e-15,3.24e-07,0,0,547,119334,68,-5,True,True,4.9e-17
ts_gsr,3,PCB,window 5,59,386745,118074,0.30530194314082926,True,0.30529418609161074,118071,0.0e+00,-3,2525,145,67,118007,True,61,0,1.11e-15,3.28e-07,0,0,666,118067,60,-7,True,True,1.1e-16
ts_gsr,3,PCB,window 6,59,386745,126358,0.32672174171611784,True,0.32670881330075374,126353,0.0e+00,-5,2317,183,71,126287,True,76,0,1.33e-15,6.68e-07,0,0,619,126356,69,-2,True,True,1.1e-16
ts_gsr,3,PCB,window 7,59,386745,114085,0.2949876533633273,True,0.29497989631410876,114082,1.5e-11,-3,2176,215,91,113994,True,85,0,1.22e-15,3.14e-07,0,0,549,114078,84,-7,True,True,4.9e-17
ts_gsr,3,PCB,window 8,59,386745,120324,0.31111973005468724,True,0.31109904459010457,120316,1.5e-11,-8,2187,172,77,120247,True,79,0,1.33e-15,6.60e-07,0,0,550,120314,67,-10,True,True,5.6e-17
ts_gsr,3,PCB,window 9,59,386745,121276,0.31358130034001735,True,0.3135890573892358,121279,0.0e+00,3,2299,136,56,121220,True,64,0,1.22e-15,1.55e-06,0,0,529,121266,46,-10,True,True,1.1e-16
ts_gsr,3,PCB,window 10,59,386745,113360,0.29311303313552856,True,0.29311303313552856,113360,1.5e-11,0,2127,156,67,113293,True,57,0,1.11e-15,1.50e-07,0,0,546,113356,63,-4,True,True,3.3e-16
ts_gsr,3,PCB,window 11,59,386745,116272,0.3006425422435972,True,0.30066064202510695,116279,1.5e-11,7,1999,207,73,116199,True,81,0,1.78e-15,4.90e-07,0,0,499,116275,76,3,True,True,1.2e-16
ts_gsr,3,PCB,window 12,59,386745,110891,0.28672898162872174,True,0.2867444957271587,110897,0.0e+00,6,2138,205,67,110824,True,67,0,1.11e-15,5.87e-07,0,0,530,110900,76,9,True,True,1.1e-16
ts_gsr,3,PCB,window 13,59,386745,118670,0.3068430102522334,True,0.30683783888608773,118668,0.0e+00,-2,1951,195,69,118601,True,79,0,8.88e-16,1.05e-06,0,0,522,118669,68,-1,True,True,1.1e-16
ts_gsr,3,PCB,window 14,58,380190,118880,0.3126857623819669,True,0.31268839264578235,118881,0.0e+00,1,2204,157,63,118817,True,62,0,1.33e-15,1.17e-08,0,0,544,118883,66,3,True,True,3.3e-16
ts_gsr,3,PCB,global,838,5493090,1743723,0.3174393647291415,True,0.31743390332217386,1743693,0.0e+00,-30,10015,549,235,1743488,True,237,0,2.00e-15,1.06e-08,0,0,2203,1743719,231,-4,True,True,2.2e-16
ts_gsr,4,DMT,window 1,59,386745,113889,0.2944808594810534,True,0.29448861653027186,113892,1.5e-11,3,2304,157,61,113828,True,69,0,1.33e-15,5.10e-07,0,0,560,113897,69,8,True,True,2.2e-16
ts_gsr,4,DMT,window 2,59,386745,117100,0.30278348782789694,True,0.30279641624326104,117105,1.5e-11,5,2164,178,62,117038,True,70,0,1.33e-15,2.95e-07,0,0,536,117111,73,11,True,True,2.2e-16
ts_gsr,4,DMT,window 3,59,386745,119629,0.3093226803190733,True,0.3093278516852189,119631,0.0e+00,2,2421,183,70,119559,True,69,0,9.99e-16,4.22e-07,0,0,567,119614,55,-15,True,True,8.3e-17
ts_gsr,4,DMT,window 4,59,386745,119204,0.3082237650131223,True,0.3082263506961952,119205,1.5e-11,1,1846,123,51,119153,True,43,0,1.22e-15,3.41e-08,0,0,449,119197,44,-7,True,True,1.1e-16
ts_gsr,4,DMT,window 5,59,386745,111537,0.2883993328937672,True,0.2883889901614759,111533,0.0e+00,-4,2257,230,95,111442,True,88,0,1.33e-15,2.21e-07,0,0,586,111523,81,-14,True,True,2.2e-16
ts_gsr,4,DMT,window 6,59,386745,103325,0.267165703499722,True,0.26715536076743074,103321,0.0e+00,-4,2174,200,75,103250,True,71,0,1.11e-15,5.02e-07,0,0,492,103330,80,5,True,True,1.1e-16
ts_gsr,4,DMT,window 7,59,386745,115578,0.2988480781910561,True,0.298835149775692,115573,0.0e+00,-5,2487,205,77,115501,True,81,0,1.33e-15,4.10e-06,0,0,601,115581,80,3,True,True,1.1e-16
ts_gsr,4,DMT,window 8,59,386745,112762,0.29156679465797875,True,0.2915642089749059,112761,1.5e-11,-1,2095,178,72,112690,True,62,0,1.22e-15,6.91e-07,0,0,510,112765,75,3,True,True,2.2e-16
ts_gsr,4,DMT,window 9,59,386745,113568,0.2936508552146763,True,0.29365602658082196,113570,1.5e-11,2,2137,143,53,113515,True,63,0,1.78e-15,1.56e-07,0,0,482,113569,54,1,True,True,2.2e-16
ts_gsr,4,DMT,window 10,59,386745,114491,0.29603744069089455,True,0.29605036910625865,114496,0.0e+00,5,2270,186,62,114429,True,73,0,1.55e-15,1.85e-06,0,0,551,114484,55,-7,True,True,2.2e-16
ts_gsr,4,DMT,window 11,59,386745,109623,0.2834503354923787,True,0.28342447866165044,109613,0.0e+00,-10,2105,184,76,109547,True,72,0,1.33e-15,4.38e-07,0,0,518,109616,69,-7,True,True,2.2e-16
ts_gsr,4,DMT,window 12,59,386745,108559,0.2806991687028921,True,0.2807224398505475,108568,0.0e+00,9,2471,238,92,108467,True,85,0,1.11e-15,1.54e-07,0,0,623,108554,87,-5,True,True,1.1e-16
ts_gsr,4,DMT,window 13,59,386745,116384,0.30093213874775365,True,0.30091662464931673,116378,0.0e+00,-6,2405,270,84,116300,True,115,0,1.33e-15,5.38e-07,0,0,585,116402,102,18,True,True,2.2e-16
ts_gsr,4,DMT,window 14,59,386745,113328,0.29303029127719815,True,0.29305097674178077,113336,0.0e+00,8,2056,186,69,113259,True,74,0,1.33e-15,1.41e-07,0,0,490,113322,63,-6,True,True,1.1e-16
ts_gsr,4,DMT,global,839,5499645,1609977,0.2927419860736466,True,0.29274216790356467,1609978,0.0e+00,1,10166,1001,370,1609607,True,394,0,1.89e-15,3.54e-08,0,0,1907,1609963,356,-14,True,True,1.1e-16
ts_gsr,4,PCB,window 1,59,386745,113251,0.2928311936805906,True,0.2928130938990808,113244,0.0e+00,-7,2142,186,91,113160,True,77,0,1.33e-15,8.45e-07,0,0,553,113227,67,-24,True,True,2.2e-16
ts_gsr,4,PCB,window 2,59,386745,106782,0.2761044098824807,True,0.27612250966399043,106789,1.5e-11,7,2067,194,70,106712,True,64,0,1.11e-15,2.15e-07,0,0,523,106781,69,-1,True,True,3.3e-16
ts_gsr,4,PCB,window 3,59,386745,123029,0.3181140027666809,True,0.31812175981589935,123032,0.0e+00,3,2513,197,67,122962,True,70,0,1.28e-15,5.81e-09,0,0,621,123038,76,9,True,True,1.1e-16
ts_gsr,4,PCB,window 4,59,386745,109385,0.28283494292104616,True,0.2828401142871918,109387,0.0e+00,2,2208,230,86,109299,True,90,0,1.33e-15,5.34e-08,0,0,550,109394,95,9,True,True,1.1e-16
ts_gsr,4,PCB,window 5,59,386745,112776,0.2916029942209984,True,0.29159006580563424,112771,1.5e-11,-5,2348,204,82,112694,True,94,0,1.11e-15,1.80e-07,0,0,564,112765,71,-11,True,True,4.2e-17
ts_gsr,4,PCB,window 6,59,386745,115525,0.29871103698819634,True,0.298700694255905,115521,1.5e-11,-4,2120,221,77,115448,True,92,0,1.33e-15,2.06e-07,0,0,509,115531,83,6,True,True,5.9e-17
ts_gsr,4,PCB,window 7,59,386745,124025,0.32068934310721536,True,0.3206919287902881,124026,1.5e-11,1,2231,294,109,123916,True,110,0,1.33e-15,4.22e-07,0,0,513,124036,120,11,True,True,1.1e-16
ts_gsr,4,PCB,window 8,59,386745,129147,0.33393321180622887,True,0.3339125263416463,129139,0.0e+00,-8,1954,186,78,129069,True,69,0,8.88e-16,2.98e-07,0,0,473,129129,60,-18,True,True,3.3e-16
ts_gsr,4,PCB,window 9,59,386745,112057,0.2897438880916366,True,0.2897516451408551,112060,1.5e-11,3,2406,277,106,111951,True,97,0,1.11e-15,8.43e-08,0,0,568,112065,114,8,True,True,4.9e-17
ts_gsr,4,PCB,window 10,59,386745,115171,0.29779570518041604,True,0.29778019108197906,115165,1.5e-11,-6,2152,168,74,115097,True,62,0,9.99e-16,3.80e-07,0,0,553,115159,62,-12,True,True,1.1e-16
ts_gsr,4,PCB,window 11,59,386745,127877,0.3306493943037402,True,0.330651979986813,127878,0.0e+00,1,2005,192,66,127811,True,80,0,1.33e-15,2.15e-07,0,0,437,127891,80,14,True,True,1.1e-16
ts_gsr,4,PCB,window 12,59,386745,108329,0.28010446159614216,True,0.28010446159614216,108329,0.0e+00,0,1857,182,74,108255,True,75,0,1.33e-15,2.96e-07,0,0,435,108325,70,-4,True,True,1.1e-16
ts_gsr,4,PCB,window 13,59,386745,117725,0.30439953974841305,True,0.30441505384684997,117731,1.5e-11,6,1770,159,56,117669,True,55,0,1.22e-15,8.16e-08,0,0,400,117730,61,5,True,True,3.3e-16
ts_gsr,4,PCB,window 14,59,386745,116285,0.300676156123544,True,0.3006839131727624,116288,1.5e-11,3,1711,193,81,116204,True,86,0,2.66e-15,8.63e-07,0,0,385,116282,78,-3,True,True,4.2e-17
ts_gsr,4,PCB,global,839,5499645,1674071,0.30439619284517455,True,0.3043871013492689,1674021,2.3e-10,-50,10455,1056,415,1673656,True,413,0,2.14e-15,1.46e-08,0,0,1922,1674067,411,-4,True,True,2.2e-16
ts_gsr,5,DMT,window 1,59,386745,118709,0.30694385189207357,True,0.30695160894129203,118712,1.5e-11,3,2072,153,59,118650,True,57,0,1.33e-15,5.17e-07,0,0,443,118723,73,14,True,True,2.2e-16
ts_gsr,5,DMT,window 2,59,386745,115363,0.2982921563303986,True,0.2982637138165975,115352,0.0e+00,-11,2510,197,78,115285,True,77,0,1.78e-15,2.11e-06,0,0,592,115359,74,-4,True,True,1.1e-16
ts_gsr,5,DMT,window 3,59,386745,110132,0.284766448176447,True,0.2847690338595198,110133,1.5e-11,1,1951,209,63,110069,True,70,0,1.67e-15,4.96e-07,0,0,491,110141,72,9,True,True,5.6e-17
ts_gsr,5,DMT,window 4,59,386745,113486,0.29343882920270464,True,0.2934284864704133,113482,0.0e+00,-4,2308,247,98,113388,True,99,0,1.78e-15,1.02e-07,0,0,574,113477,89,-9,True,True,6.6e-17
ts_gsr,5,DMT,window 5,59,386745,107107,0.2769447568811491,True,0.27694217119807624,107106,0.0e+00,-1,2222,268,104,107003,True,112,0,1.33e-15,3.40e-07,0,0,551,107110,107,3,True,True,3.3e-16
ts_gsr,5,DMT,window 6,59,386745,96999,0.2508086723810262,True,0.25081642943024474,97002,0.0e+00,3,2427,285,107,96892,True,111,0,1.33e-15,6.14e-07,0,0,608,96992,100,-7,True,True,1.1e-16
ts_gsr,5,DMT,window 7,59,386745,113873,0.29443948855188823,True,0.29445241696725233,113878,0.0e+00,5,2461,160,51,113822,True,63,0,1.22e-15,9.66e-07,0,0,688,113881,59,8,True,True,4.2e-17
ts_gsr,5,DMT,window 8,59,386745,110588,0.2859455196576555,True,0.28593517692536424,110584,0.0e+00,-4,2060,211,93,110495,True,96,0,1.11e-15,1.45e-07,0,0,499,110584,89,-4,True,True,5.6e-16
ts_gsr,5,DMT,window 9,59,386745,105866,0.2737359241877723,True,0.27372299577240816,105861,0.0e+00,-5,2193,278,106,105760,True,106,0,1.11e-15,1.31e-07,0,0,545,105873,113,7,True,True,3.5e-17
ts_gsr,5,DMT,window 10,59,386745,119410,0.3087564157261244,True,0.3087615870922701,119412,0.0e+00,2,2103,128,52,119358,True,51,0,1.33e-15,1.38e-06,0,0,509,119403,45,-7,True,True,4.9e-17
ts_gsr,5,DMT,window 11,59,386745,122633,0.31709007226984187,True,0.31709007226984187,122633,0.0e+00,0,2229,160,60,122573,True,76,0,1.44e-15,1.08e-06,0,0,497,122631,58,-2,True,True,3.3e-16
ts_gsr,5,DMT,window 12,59,386745,113202,0.2927044952100221,True,0.2927122522592406,113205,0.0e+00,3,2293,284,110,113092,True,107,0,1.55e-15,7.55e-07,0,0,569,113209,117,7,True,True,2.2e-16
ts_gsr,5,DMT,window 13,59,386745,115574,0.2988377354587648,True,0.2988248070434007,115569,0.0e+00,-5,2374,153,60,115514,True,64,0,1.78e-15,3.73e-08,0,0,586,115568,54,-6,True,True,2.2e-16
ts_gsr,5,DMT,window 14,59,386745,112794,0.2916495365163092,True,0.29167022198089176,112802,1.5e-11,8,2155,189,57,112737,True,55,0,1.78e-15,8.84e-07,0,0,557,112797,60,3,True,True,1.1e-16
ts_gsr,5,DMT,global,839,5499645,1610491,0.2928354466515566,True,0.2928369012909015,1610499,0.0e+00,8,10330,646,242,1610249,True,249,0,1.44e-15,2.78e-09,0,0,2072,1610481,232,-10,True,True,1.1e-16
ts_gsr,5,PCB,window 1,59,386745,113341,0.29306390515714487,True,0.2930587337909992,113339,0.0e+00,-2,1943,161,64,113277,True,62,0,1.33e-15,3.96e-08,0,0,487,113338,61,-3,True,True,3.8e-17
ts_gsr,5,PCB,window 2,59,386745,122028,0.31552573401078227,True,0.31551797696156386,122025,1.5e-11,-3,2176,180,75,121953,True,71,0,8.88e-16,6.11e-07,0,0,544,122023,70,-5,True,True,2.2e-16
ts_gsr,5,PCB,window 3,59,386745,134218,0.34704521066852834,True,0.34703486793623706,134214,0.0e+00,-4,2285,167,62,134156,True,70,0,1.11e-15,3.32e-07,0,0,531,134207,51,-11,True,True,3.3e-16
ts_gsr,5,PCB,window 4,59,386745,126135,0.32614513439087767,True,0.3261451343908777,126135,0.0e+00,0,2213,134,53,126082,True,57,0,1.33e-15,1.03e-06,0,0,559,126132,50,-3,True,True,3.3e-16
ts_gsr,5,PCB,window 5,59,386745,106407,0.275134778730171,True,0.2751399500963167,106409,0.0e+00,2,2688,149,61,106346,True,61,0,1.67e-15,3.95e-07,0,0,724,106410,64,3,True,True,3.9e-17
ts_gsr,5,PCB,window 6,59,386745,111876,0.28927587945545513,True,0.2892732937723823,111875,0.0e+00,-1,2262,191,79,111797,True,73,0,1.33e-15,1.07e-06,0,0,579,111871,74,-5,True,True,1.1e-16
ts_gsr,5,PCB,window 7,59,386745,118634,0.30674992566161163,True,0.30673958292932035,118630,0.0e+00,-4,1992,127,48,118586,True,44,0,8.88e-16,5.24e-07,0,0,556,118640,54,6,True,True,2.2e-16
ts_gsr,5,PCB,window 8,59,386745,123642,0.31969902649032306,True,0.3196964408072503,123641,1.5e-11,-1,2285,207,76,123566,True,85,0,1.33e-15,1.29e-07,0,0,594,123645,79,3,True,True,4.4e-16
ts_gsr,5,PCB,window 9,59,386745,119426,0.3087977866552897,True,0.3087977866552897,119426,0.0e+00,0,2120,190,73,119353,True,81,0,1.33e-15,3.50e-07,0,0,469,119420,67,-6,True,True,2.2e-16
ts_gsr,5,PCB,window 10,59,386745,121271,0.3135683719246532,True,0.31357095760772596,121272,2.9e-11,1,2194,168,70,121201,True,63,0,1.11e-15,3.02e-07,0,0,559,121285,84,14,True,True,1.1e-16
ts_gsr,5,PCB,window 11,59,386745,109830,0.28398557188845364,True,0.28398815757152646,109831,0.0e+00,1,2116,228,81,109749,True,101,0,1.33e-15,1.06e-06,0,0,498,109835,86,5,True,True,1.1e-16
ts_gsr,5,PCB,window 12,59,386745,112999,0.29217960154623845,True,0.29217701586316563,112998,0.0e+00,-1,1885,149,58,112941,True,54,0,8.88e-16,1.55e-07,0,0,459,113008,67,9,True,True,5.6e-17
ts_gsr,5,PCB,window 13,59,386745,104946,0.2713570957607726,True,0.27134675302848127,104942,1.5e-11,-4,2035,201,81,104865,True,71,0,1.33e-15,1.02e-06,0,0,473,104937,72,-9,True,True,2.2e-16
ts_gsr,5,PCB,window 14,59,386745,109287,0.28258154597990925,True,0.2825944743952734,109292,1.5e-11,5,2095,186,57,109230,True,70,0,1.33e-15,7.26e-08,0,0,472,109291,61,4,True,True,2.2e-16
ts_gsr,5,PCB,global,839,5499645,1710416,0.31100480121898777,True,0.31101207441571227,1710456,0.0e+00,40,9002,470,172,1710244,True,180,0,2.00e-15,1.27e-08,0,0,1984,1710425,181,9,True,True,1.1e-16
ts_gsr,6,DMT,window 1,59,386745,107290,0.27741793688347616,True,0.27743603666498595,107297,1.5e-11,7,1834,162,48,107242,True,61,0,1.78e-15,1.91e-07,0,0,467,107298,56,8,True,True,6.9e-17
ts_gsr,6,DMT,window 2,59,386745,134724,0.3483535663033782,True,0.3483483949372325,134722,0.0e+00,-2,2367,205,63,134661,True,80,0,1.78e-15,1.26e-06,0,0,542,134740,79,16,True,True,1.1e-16
ts_gsr,6,DMT,window 3,59,386745,111405,0.2880580227281542,True,0.28806060841122705,111406,0.0e+00,1,2680,217,75,111330,True,87,0,1.33e-15,4.24e-07,0,0,688,111405,75,0,True,True,2.2e-16
ts_gsr,6,DMT,window 4,59,386745,124374,0.32159174649963146,True,0.3216279460626511,124388,0.0e+00,14,2241,192,70,124304,True,69,0,1.11e-15,1.07e-07,0,0,569,124376,72,2,True,True,1.1e-16
ts_gsr,6,DMT,window 5,59,386745,129827,0.3356914762957504,True,0.335699233344969,129830,2.9e-11,3,2498,180,67,129760,True,69,0,1.78e-15,1.02e-06,0,0,584,129828,68,1,True,True,2.2e-16
ts_gsr,6,DMT,window 6,59,386745,103275,0.26703641934608074,True,0.26703900502915356,103276,0.0e+00,1,2417,196,82,103193,True,78,0,1.33e-15,8.38e-07,0,0,557,103294,101,19,True,True,1.1e-16
ts_gsr,6,DMT,window 7,59,386745,97292,0.25156627752136423,True,0.2515766202536555,97296,0.0e+00,4,2154,213,70,97222,True,83,0,1.11e-15,9.08e-07,0,0,511,97301,79,9,True,True,1.1e-16
ts_gsr,6,DMT,window 8,59,386745,113214,0.292735523406896,True,0.29277430865298837,113229,1.5e-11,15,2277,232,78,113136,True,105,0,1.55e-15,2.03e-07,0,0,558,113227,91,13,True,True,3.3e-16
ts_gsr,6,DMT,window 9,59,386745,108393,0.280269945312803,True,0.28028545941123995,108399,0.0e+00,6,2426,256,100,108293,True,102,0,1.33e-15,2.60e-07,0,0,612,108402,109,9,True,True,2.2e-16
ts_gsr,6,DMT,window 10,59,386745,104951,0.2713700241761367,True,0.2713726098592096,104952,1.5e-11,1,2280,217,90,104861,True,93,0,9.99e-16,4.59e-07,0,0,536,104953,92,2,True,True,5.6e-17
ts_gsr,6,DMT,window 11,59,386745,109282,0.2825686175645451,True,0.2825789602968364,109286,1.5e-11,4,2263,165,67,109215,True,73,0,1.17e-15,1.16e-06,0,0,558,109281,66,-1,True,True,1.1e-16
ts_gsr,6,DMT,window 12,59,386745,95387,0.2466405512676311,True,0.2466457226337768,95389,0.0e+00,2,2533,206,65,95322,True,76,0,1.22e-15,2.12e-07,0,0,614,95389,67,2,True,True,1.1e-16
ts_gsr,6,DMT,window 13,59,386745,107897,0.27898744650868146,True,0.2789926178748271,107899,0.0e+00,2,2164,195,63,107834,True,71,0,1.22e-15,1.26e-07,0,0,555,107913,79,16,True,True,2.2e-16
ts_gsr,6,DMT,window 14,59,386745,109537,0.2832279667481157,True,0.28320469560046024,109528,0.0e+00,-9,2407,153,63,109474,True,59,0,1.33e-15,3.62e-06,0,0,603,109542,68,5,True,True,1.1e-16
ts_gsr,6,DMT,global,839,5499645,1622871,0.29508650103779427,True,0.29508922848656594,1622886,0.0e+00,15,12004,1105,428,1622443,True,426,0,2.00e-15,9.24e-09,0,0,2401,1622873,430,2,True,True,1.1e-16
ts_gsr,6,PCB,window 1,59,386745,107807,0.2787547350321271,True,0.27874956366598147,107805,0.0e+00,-2,1830,205,85,107722,True,91,0,1.33e-15,5.54e-07,0,0,443,107803,81,-4,True,True,2.4e-17
ts_gsr,6,PCB,window 2,59,386745,115217,0.29791464660176603,True,0.2979120609186932,115216,0.0e+00,-1,2145,182,79,115138,True,64,0,1.11e-15,9.94e-07,0,0,515,115216,78,-1,True,True,2.2e-16
ts_gsr,6,PCB,window 3,59,386745,104913,0.2712717682193693,True,0.27126142548707805,104909,0.0e+00,-4,2187,242,89,104824,True,97,0,1.33e-15,8.07e-07,0,0,545,104923,99,10,True,True,1.1e-16
ts_gsr,6,PCB,window 4,59,386745,116523,0.30129154869487645,True,0.3012941343779493,116524,1.5e-11,1,2255,180,62,116461,True,66,0,1.22e-15,2.37e-07,0,0,555,116529,68,6,True,True,1.1e-16
ts_gsr,6,PCB,window 5,59,386745,116399,0.30097092399384606,True,0.30095540989540914,116393,1.5e-11,-6,2021,168,65,116334,True,73,0,1.33e-15,1.24e-06,0,0,517,116404,70,5,True,True,1.1e-16
ts_gsr,6,PCB,window 6,59,386745,131464,0.33992423948596623,True,0.33993716790133033,131469,0.0e+00,5,2709,218,75,131389,True,86,0,1.39e-15,2.43e-07,0,0,682,131481,92,17,True,True,3.3e-16
ts_gsr,6,PCB,window 7,59,386745,122431,0.316567764289131,True,0.31657293565527667,122433,2.9e-11,2,1917,121,39,122392,True,51,0,1.33e-15,2.78e-07,0,0,589,122437,45,6,True,True,2.2e-16
ts_gsr,6,PCB,window 8,59,386745,107573,0.27814968519308586,True,0.2781419281438674,107570,0.0e+00,-3,2277,202,79,107494,True,82,0,1.33e-15,5.37e-07,0,0,574,107575,81,2,True,True,1.1e-16
ts_gsr,6,PCB,window 9,59,386745,118006,0.30512611669187706,True,0.30512353100880424,118005,0.0e+00,-1,2305,148,52,117954,True,56,0,2.00e-15,4.77e-07,0,0,590,118008,54,2,True,True,5.6e-17
ts_gsr,6,PCB,window 10,59,386745,117370,0.30348162225755987,True,0.3035048934052153,117379,1.5e-11,9,2033,188,76,117294,True,76,0,1.22e-15,2.03e-07,0,0,503,117369,75,-1,True,True,4.9e-17
ts_gsr,6,PCB,window 11,59,386745,109137,0.28219369351898543,True,0.2822169646666408,109146,0.0e+00,9,2317,240,82,109055,True,83,0,1.22e-15,4.42e-07,0,0,558,109132,77,-5,True,True,1.1e-16
ts_gsr,6,PCB,window 12,59,386745,112226,0.29018086853094416,True,0.290183454214017,112227,0.0e+00,1,2374,283,111,112115,True,127,0,1.05e-15,1.04e-06,0,0,536,112224,109,-2,True,True,1.1e-16
ts_gsr,6,PCB,window 13,59,386745,107346,0.27756273513555446,True,0.2775704921847729,107349,0.0e+00,3,2049,228,87,107259,True,90,0,8.88e-16,9.21e-07,0,0,462,107350,91,4,True,True,3.5e-17
ts_gsr,6,PCB,window 14,59,386745,118389,0.3061164333087693,True,0.306121604674915,118391,0.0e+00,2,2405,164,67,118322,True,73,0,1.44e-15,2.14e-07,0,0,579,118382,60,-7,True,True,1.1e-16
ts_gsr,6,PCB,global,839,5499645,1648463,0.2997398923021395,True,0.2997428015808293,1648479,2.3e-10,16,10416,1141,437,1648026,True,461,0,2.33e-15,1.34e-08,0,0,2054,1648476,450,13,True,True,2.2e-16
ts_gsr,7,DMT,window 1,59,386745,114460,0.2959572845156369,True,0.2959908983955837,114473,1.5e-11,13,2062,191,70,114390,True,70,0,8.88e-16,9.01e-07,0,0,547,114457,67,-3,True,True,1.1e-16
ts_gsr,7,DMT,window 2,59,386745,125433,0.3243299848737541,True,0.324329984873754,125433,1.5e-11,0,2038,197,78,125355,True,87,0,1.55e-15,6.08e-07,0,0,559,125434,79,1,True,True,2.2e-16
ts_gsr,7,DMT,window 3,59,386745,144119,0.3726460587725763,True,0.3726486444556491,144120,0.0e+00,1,2691,160,62,144057,True,85,0,1.33e-15,9.58e-08,0,0,738,144113,56,-6,True,True,3.3e-16
ts_gsr,7,DMT,window 4,59,386745,116346,0.30083388279098633,True,0.3008261257417678,116343,0.0e+00,-3,2227,201,71,116275,True,67,0,1.22e-15,3.89e-07,0,0,579,116363,88,17,True,True,3.3e-16
ts_gsr,7,DMT,window 5,59,386745,113332,0.29304063400948943,True,0.2930432196925623,113333,1.5e-11,1,2056,246,95,113237,True,94,0,2.22e-15,3.29e-08,0,0,503,113327,90,-5,True,True,1.1e-16
ts_gsr,7,DMT,window 6,59,386745,97940,0.2532418001525553,True,0.2532495572017738,97943,0.0e+00,3,2582,253,115,97825,True,120,0,1.33e-15,5.34e-07,0,0,622,97928,103,-12,True,True,1.1e-16
ts_gsr,7,DMT,window 7,59,386745,108254,0.2799105353656802,True,0.2799053639995346,108252,0.0e+00,-2,2549,218,82,108172,True,90,0,1.55e-15,1.46e-06,0,0,594,108254,82,0,True,True,1.1e-16
ts_gsr,7,DMT,window 8,59,386745,106810,0.2761768090085198,True,0.27616129491008284,106804,1.5e-11,-6,2545,185,74,106736,True,72,0,9.99e-16,8.31e-07,0,0,616,106816,80,6,True,True,8.3e-17
ts_gsr,7,DMT,window 9,59,386745,112461,0.2907885040530582,True,0.29079367541920387,112463,0.0e+00,2,2325,188,80,112381,True,77,0,1.33e-15,5.18e-07,0,0,564,112448,67,-13,True,True,2.2e-16
ts_gsr,7,DMT,window 10,59,386745,111602,0.28856740229350086,True,0.288580330708865,111607,0.0e+00,5,2489,214,74,111528,True,75,0,1.22e-15,4.90e-07,0,0,630,111605,77,3,True,True,1.1e-16
ts_gsr,7,DMT,window 11,59,386745,112628,0.2912203131262201,True,0.2912280701754386,112631,0.0e+00,3,2256,185,72,112556,True,80,0,1.11e-15,8.04e-07,0,0,569,112623,67,-5,True,True,1.1e-16
ts_gsr,7,DMT,window 12,59,386745,101998,0.26373450206208227,True,0.26372933069593657,101996,1.5e-11,-2,2256,200,80,101918,True,86,0,2.22e-15,1.07e-06,0,0,569,101983,65,-15,True,True,2.2e-16
ts_gsr,7,DMT,window 13,59,386745,106324,0.2749201670351265,True,0.2749175813520537,106323,0.0e+00,-1,2662,258,100,106224,True,98,0,1.78e-15,8.98e-07,0,0,687,106308,84,-16,True,True,3.3e-16
ts_gsr,7,DMT,window 14,59,386745,116224,0.3005184294561015,True,0.30051325808995594,116222,1.5e-11,-2,2462,98,36,116188,True,44,0,1.11e-15,3.07e-07,0,0,608,116227,39,3,True,True,1.1e-16
ts_gsr,7,DMT,global,839,5499645,1717885,0.312362888877373,True,0.31235688849007526,1717852,0.0e+00,-33,11990,793,315,1717570,True,340,0,2.22e-15,1.37e-08,0,0,2542,1717873,303,-12,True,True,1.1e-16
ts_gsr,7,PCB,window 1,59,386745,111571,0.2884872461182433,True,0.2884975888505346,111575,1.5e-11,4,2046,121,51,111520,True,53,0,1.28e-15,1.49e-07,0,0,523,111565,45,-6,True,True,1.1e-16
ts_gsr,7,PCB,window 2,59,386745,123369,0.31899313501144166,True,0.31899572069451443,123370,1.5e-11,1,1892,158,55,123314,True,62,0,1.55e-15,6.87e-08,0,0,511,123367,53,-2,True,True,2.2e-16
ts_gsr,7,PCB,window 3,59,386745,122106,0.3157274172904627,True,0.3157325886566084,122108,1.5e-11,2,2123,135,59,122047,True,72,0,1.33e-15,1.86e-08,0,0,573,122092,45,-14,True,True,6.9e-17
ts_gsr,7,PCB,window 4,59,386745,120786,0.3123143156343327,True,0.31232207268355117,120789,0.0e+00,3,2364,163,64,120722,True,60,0,1.33e-15,6.96e-07,0,0,621,120795,73,9,True,True,1.1e-16
ts_gsr,7,PCB,window 5,59,386745,110613,0.2860101617344762,True,0.2860075760514034,110612,1.5e-11,-1,2197,138,52,110561,True,52,0,1.78e-15,8.50e-07,0,0,603,110617,56,4,True,True,1.2e-16
ts_gsr,7,PCB,window 6,59,386745,110169,0.28486211845014153,True,0.28486211845014153,110169,1.5e-11,0,1977,147,60,110109,True,59,0,1.78e-15,5.47e-07,0,0,541,110166,57,-3,True,True,1.1e-16
ts_gsr,7,PCB,window 7,59,386745,120917,0.3126530401168729,True,0.31265821148301853,120919,0.0e+00,2,2174,166,68,120849,True,75,0,1.11e-15,4.48e-07,0,0,543,120909,60,-8,True,True,1.1e-16
ts_gsr,7,PCB,window 8,59,386745,114536,0.29615379642917167,True,0.2961667248445358,114541,0.0e+00,5,1925,169,62,114474,True,74,0,1.33e-15,5.77e-07,0,0,534,114550,76,14,True,True,1.1e-16
ts_gsr,7,PCB,window 9,59,386745,109447,0.28299525527156133,True,0.2829926695884885,109446,1.5e-11,-1,2516,167,72,109375,True,71,0,1.33e-15,8.05e-07,0,0,658,109446,71,-1,True,True,4.2e-17
ts_gsr,7,PCB,window 10,59,386745,136503,0.35295349648993524,True,0.35297418195451774,136511,2.9e-11,8,2338,172,48,136455,True,64,0,1.33e-15,1.07e-07,0,0,601,136511,56,8,True,True,2.2e-16
ts_gsr,7,PCB,window 11,59,386745,109198,0.2823514201864277,True,0.2823359060879908,109192,0.0e+00,-6,2269,234,94,109104,True,96,0,1.33e-15,1.42e-07,0,0,596,109197,93,-1,True,True,1.1e-16
ts_gsr,7,PCB,window 12,59,386745,105478,0.2727326791555159,True,0.27274560757088007,105483,1.5e-11,5,2385,161,64,105414,True,58,0,1.33e-15,8.32e-07,0,0,576,105474,60,-4,True,True,2.2e-16
ts_gsr,7,PCB,window 13,59,386745,114575,0.29625463806901187,True,0.2962417096536477,114570,1.5e-11,-5,2238,160,58,114517,True,60,0,1.78e-15,6.00e-07,0,0,597,114583,66,8,True,True,2.2e-16
ts_gsr,7,PCB,window 14,59,386745,117247,0.3031635832396023,True,0.30314548345809256,117240,0.0e+00,-7,2336,124,48,117199,True,41,0,2.22e-15,1.84e-07,0,0,628,117242,43,-5,True,True,6.9e-17
ts_gsr,7,PCB,global,839,5499645,1714323,0.3117152107090549,True,0.31171648351848164,1714330,0.0e+00,7,10674,836,340,1713983,True,341,0,2.89e-15,1.20e-08,0,0,2483,1714302,319,-21,True,True,1.1e-16
ts_gsr,8,DMT,window 1,59,386745,106339,0.27495895228121886,True,0.2749744663796558,106345,2.9e-11,6,2144,180,69,106270,True,72,0,1.33e-15,1.39e-06,0,0,515,106334,64,-5,True,True,2.2e-16
ts_gsr,8,DMT,window 2,59,386745,119268,0.3083892487297832,True,0.30839700577900164,119271,1.5e-11,3,2398,179,64,119204,True,76,0,1.33e-15,5.23e-07,0,0,568,119273,69,5,True,True,8.3e-17
ts_gsr,8,DMT,window 3,59,386745,118490,0.30637758729912473,True,0.30637758729912473,118490,0.0e+00,0,2232,209,78,118412,True,93,0,1.33e-15,4.15e-07,0,0,528,118489,77,-1,True,True,2.2e-16
ts_gsr,8,DMT,window 4,59,386745,135273,0.34977310631035957,True,0.34977310631035957,135273,0.0e+00,0,1974,139,60,135213,True,50,0,8.88e-16,7.91e-07,0,0,518,135268,55,-5,True,True,2.2e-16
ts_gsr,8,DMT,window 5,59,386745,105202,0.272019030627416,True,0.2720164449443431,105201,1.5e-11,-1,2351,162,65,105137,True,66,0,9.99e-16,4.58e-07,0,0,584,105203,66,1,True,True,1.1e-16
ts_gsr,8,DMT,window 6,59,386745,102805,0.26582114830185266,True,0.265815976935707,102803,1.5e-11,-2,2240,209,83,102722,True,81,0,1.33e-15,8.33e-07,0,0,567,102822,100,17,True,True,9.7e-17
ts_gsr,8,DMT,window 7,59,386745,101231,0.2617512831452249,True,0.26173835472986073,101226,1.5e-11,-5,2242,188,70,101161,True,85,0,1.55e-15,3.57e-07,0,0,573,101232,71,1,True,True,1.1e-16
ts_gsr,8,DMT,window 8,59,386745,95186,0.24612082896999316,True,0.24611824328692034,95185,0.0e+00,-1,2374,204,88,95098,True,72,0,1.33e-15,1.10e-07,0,0,556,95172,74,-14,True,True,1.4e-17
ts_gsr,8,DMT,window 9,59,386745,103451,0.2674914995668981,True,0.26749667093304375,103453,0.0e+00,2,2624,285,99,103352,True,95,0,1.22e-15,4.54e-08,0,0,640,103466,114,15,True,True,1.1e-16
ts_gsr,8,DMT,window 10,59,386745,98788,0.25543445939831155,True,0.2554111882506561,98779,0.0e+00,-9,2543,200,82,98706,True,81,0,1.55e-15,4.72e-07,0,0,638,98789,83,1,True,True,1.1e-16
ts_gsr,8,DMT,window 11,59,386745,109277,0.282555689149181,True,0.28256086051532664,109279,0.0e+00,2,2334,282,108,109169,True,109,0,1.33e-15,4.27e-07,0,0,582,109291,122,14,True,True,2.2e-16
ts_gsr,8,DMT,window 12,59,386745,115142,0.2977207203713041,True,0.2977103776390128,115138,1.5e-11,-4,2420,353,138,115004,True,131,0,1.55e-15,2.58e-07,0,0,638,115134,130,-8,True,True,4.2e-17
ts_gsr,8,DMT,window 13,59,386745,117733,0.3044202252129956,True,0.30444349636065104,117742,1.5e-11,9,2322,258,96,117637,True,101,0,1.55e-15,1.30e-06,0,0,560,117738,101,5,True,True,6.9e-17
ts_gsr,8,DMT,window 14,59,386745,110450,0.2855886953936056,True,0.28558352402745996,110448,0.0e+00,-2,2008,169,72,110378,True,62,0,9.99e-16,5.04e-08,0,0,522,110441,63,-9,True,True,1.1e-16
ts_gsr,8,DMT,global,839,5499645,1624729,0.295424341025648,True,0.2954292504334371,1624756,2.3e-10,27,11200,1035,349,1624380,True,390,0,2.66e-15,3.01e-08,0,0,2340,1624757,377,28,True,True,4.2e-17
ts_gsr,8,PCB,window 1,59,386745,119188,0.30818239408395715,True,0.3081901511331756,119191,0.0e+00,3,2135,164,63,119125,True,62,0,1.55e-15,4.81e-07,0,0,531,119207,82,19,True,True,2.2e-16
ts_gsr,8,PCB,window 2,59,386745,123991,0.32060142988273926,True,0.32058591578430223,123985,2.9e-11,-6,2434,227,94,123897,True,102,0,1.33e-15,3.70e-07,0,0,647,124002,105,11,True,True,1.1e-16
ts_gsr,8,PCB,window 3,59,386745,108400,0.2802880450943128,True,0.28026735962973015,108392,1.5e-11,-8,2466,384,155,108245,True,176,0,1.33e-15,4.18e-07,0,0,626,108408,163,8,True,True,1.1e-16
ts_gsr,8,PCB,window 4,59,386745,134129,0.34681508487504686,True,0.34681249919197404,134128,0.0e+00,-1,2535,151,60,134069,True,59,0,1.55e-15,2.87e-07,0,0,630,134133,64,4,True,True,1.1e-16
ts_gsr,8,PCB,window 5,59,386745,104677,0.27066154701418244,True,0.2706641326972553,104678,0.0e+00,1,2369,310,121,104556,True,120,0,1.33e-15,2.93e-07,0,0,588,104680,124,3,True,True,2.2e-16
ts_gsr,8,PCB,window 6,59,386745,128443,0.3321128909229596,True,0.33211547660603236,128444,1.5e-11,1,2413,159,66,128377,True,70,0,1.44e-15,5.27e-07,0,0,601,128442,65,-1,True,True,1.1e-16
ts_gsr,8,PCB,window 7,59,386745,117472,0.3037453619309881,True,0.3037401905648424,117470,1.5e-11,-2,2391,167,62,117410,True,70,0,1.11e-15,5.58e-07,0,0,570,117490,80,18,True,True,2.2e-16
ts_gsr,8,PCB,window 8,59,386745,128695,0.3327644830573116,True,0.33276706874038453,128696,1.5e-11,1,2415,175,61,128634,True,60,0,1.33e-15,1.10e-06,0,0,570,128708,74,13,True,True,1.1e-16
ts_gsr,8,PCB,window 9,59,386745,126297,0.32656401504867544,True,0.3265614293656027,126296,0.0e+00,-1,1783,142,62,126235,True,53,0,1.55e-15,3.46e-07,0,0,455,126291,56,-6,True,True,7.6e-17
ts_gsr,8,PCB,window 10,59,386745,146026,0.3775769563924549,True,0.3775691993432365,146023,0.0e+00,-3,2326,155,52,145974,True,64,0,1.33e-15,3.64e-07,0,0,617,146041,67,15,True,True,2.2e-16
ts_gsr,8,PCB,window 11,59,386745,133867,0.34613763590996655,True,0.34614280727611213,133869,0.0e+00,2,2310,186,73,133794,True,67,0,1.33e-15,3.21e-07,0,0,630,133857,63,-10,True,True,6.9e-17
ts_gsr,8,PCB,window 12,59,386745,124957,0.32309919973108897,True,0.3231017854141618,124958,0.0e+00,1,1980,156,52,124905,True,44,0,9.99e-16,1.39e-07,0,0,486,124964,59,7,True,True,2.2e-16
ts_gsr,8,PCB,window 13,59,386745,127642,0.3300417587816261,True,0.33005468719699027,127647,0.0e+00,5,1926,161,58,127584,True,56,0,1.33e-15,1.65e-06,0,0,474,127647,63,5,True,True,2.2e-16
ts_gsr,8,PCB,window 14,59,386745,120900,0.31260908350463484,True,0.31259874077234356,120896,1.5e-11,-4,2077,215,83,120817,True,86,0,1.11e-15,4.31e-07,0,0,483,120896,79,-4,True,True,2.2e-16
ts_gsr,8,PCB,global,839,5499645,1792483,0.3259270371087588,True,0.325932128346466,1792511,0.0e+00,28,10696,1042,372,1792111,True,413,0,3.22e-15,4.25e-08,0,0,2101,1792502,391,19,True,True,1.1e-16
ts_gsr,9,DMT,window 1,59,386745,110223,0.28500174533607414,True,0.28499140260378286,110219,0.0e+00,-4,1938,124,46,110177,True,55,0,1.22e-15,5.44e-08,0,0,485,110220,43,-3,True,True,4.9e-17
ts_gsr,9,DMT,window 2,59,386745,124977,0.3231509133925455,True,0.32315867044176394,124980,0.0e+00,3,2265,179,73,124904,True,77,0,1.11e-15,1.25e-08,0,0,551,124968,64,-9,True,True,1.1e-16
ts_gsr,9,DMT,window 3,59,386745,128312,0.33177416644041935,True,0.3317689950742737,128310,1.5e-11,-2,2214,145,66,128246,True,68,0,1.67e-15,1.80e-06,0,0,581,128302,56,-10,True,True,1.1e-16
ts_gsr,9,DMT,window 4,59,386745,134538,0.3478726292518326,True,0.3478778006179783,134540,2.9e-11,2,2294,169,72,134466,True,81,0,1.11e-15,7.51e-07,0,0,602,134530,64,-8,True,True,2.2e-16
ts_gsr,9,DMT,window 5,59,386745,111398,0.28803992294664443,True,0.2880295802143531,111394,1.5e-11,-4,2170,183,77,111321,True,74,0,1.78e-15,9.06e-07,0,0,518,111386,65,-12,True,True,1.1e-16
ts_gsr,9,DMT,window 6,59,386745,111988,0.28956547595961163,True,0.2895732330088301,111991,1.5e-11,3,2676,292,114,111874,True,104,0,1.11e-15,6.66e-07,0,0,684,111988,114,0,True,True,1.1e-16
ts_gsr,9,DMT,window 7,59,386745,106600,0.27563381556322636,True,0.2756467439785905,106605,1.5e-11,5,2591,307,125,106475,True,125,0,1.55e-15,7.91e-07,0,0,596,106593,118,-7,True,True,1.1e-16
ts_gsr,9,DMT,window 8,59,386745,105756,0.27345149904976146,True,0.27346701314819843,105762,0.0e+00,6,2230,282,103,105653,True,106,0,1.11e-15,4.39e-08,0,0,534,105765,112,9,True,True,1.1e-16
ts_gsr,9,DMT,window 9,59,386745,106439,0.27521752058850146,True,0.2752226919546471,106441,0.0e+00,2,2234,229,86,106353,True,86,0,1.11e-15,2.27e-08,0,0,521,106447,94,8,True,True,1.1e-16
ts_gsr,9,DMT,window 10,59,386745,107033,0.27675341633375994,True,0.2767663447491241,107038,0.0e+00,5,2068,165,64,106969,True,64,0,1.55e-15,3.87e-07,0,0,527,107039,70,6,True,True,2.2e-16
ts_gsr,9,DMT,window 11,59,386745,113950,0.29463858614849575,True,0.29463600046542293,113949,1.5e-11,-1,2311,152,62,113888,True,55,0,1.33e-15,1.45e-06,0,0,616,113950,62,0,True,True,1.1e-16
ts_gsr,9,DMT,window 12,59,386745,103165,0.26675199420806994,True,0.2667416514757786,103161,0.0e+00,-4,2041,182,67,103098,True,72,0,1.33e-15,2.31e-07,0,0,543,103166,68,1,True,True,2.2e-16
ts_gsr,9,DMT,window 13,59,386745,103946,0.26877141268794685,True,0.26878175542023813,103950,0.0e+00,4,2298,149,56,103890,True,63,0,1.11e-15,8.54e-07,0,0,568,103957,67,11,True,True,1.1e-16
ts_gsr,9,DMT,window 14,59,386745,113997,0.29476011325291857,True,0.294739427788336,113989,1.5e-11,-8,2210,173,67,113930,True,74,0,8.88e-16,2.68e-07,0,0,558,113986,56,-11,True,True,1.1e-16
ts_gsr,9,DMT,global,839,5499645,1748355,0.3179032464822729,True,0.3179039738019454,1748359,0.0e+00,4,11017,860,329,1748026,True,344,0,2.66e-15,6.24e-09,0,0,2438,1748349,323,-6,True,True,2.2e-16
ts_gsr,9,PCB,window 1,59,386745,112448,0.29075489017311146,True,0.29076006153925715,112450,1.5e-11,2,2310,201,82,112366,True,76,0,1.11e-15,4.03e-08,0,0,539,112446,80,-2,True,True,1.1e-16
ts_gsr,9,PCB,window 2,59,386745,106870,0.27633194999288935,True,0.27633194999288935,106870,1.5e-11,0,2054,235,89,106781,True,93,0,1.22e-15,1.18e-07,0,0,463,106867,86,-3,True,True,2.2e-16
ts_gsr,9,PCB,window 3,59,386745,112131,0.2899352286390257,True,0.2899559141036083,112139,0.0e+00,8,2231,186,56,112075,True,82,0,1.33e-15,9.49e-08,0,0,540,112146,71,15,True,True,1.1e-16
ts_gsr,9,PCB,window 4,59,386745,131367,0.3396734282279021,True,0.3396579141294651,131361,2.9e-11,-6,2683,201,89,131278,True,72,0,1.33e-15,5.17e-07,0,0,666,131355,77,-12,True,True,2.2e-16
ts_gsr,9,PCB,window 5,59,386745,106902,0.2764146918512198,True,0.27642244890043827,106905,0.0e+00,3,2499,145,58,106844,True,75,0,1.22e-15,7.11e-07,0,0,632,106909,65,7,True,True,7.6e-17
ts_gsr,9,PCB,window 6,59,386745,115178,0.29781380496192583,True,0.29781639064499865,115179,0.0e+00,1,2139,116,49,115129,True,45,0,8.88e-16,1.00e-06,0,0,511,115171,42,-7,True,True,1.1e-16
ts_gsr,9,PCB,window 7,59,386745,105755,0.27344891336668864,True,0.2734670131481984,105762,1.5e-11,7,2328,171,76,105679,True,68,0,1.11e-15,1.07e-06,0,0,598,105738,59,-17,True,True,6.2e-17
ts_gsr,9,PCB,window 8,59,386745,109919,0.2842156976819351,True,0.28420794063271665,109916,0.0e+00,-3,2224,192,78,109841,True,82,0,1.11e-15,8.28e-08,0,0,557,109914,73,-5,True,True,3.5e-17
ts_gsr,9,PCB,window 9,59,386745,126839,0.32796545527414706,True,0.3279680409572199,126840,0.0e+00,1,2030,159,56,126783,True,58,0,1.33e-15,5.62e-08,0,0,480,126854,71,15,True,True,1.1e-16
ts_gsr,9,PCB,window 10,59,386745,120884,0.3125677125754696,True,0.3125702982585425,120885,1.5e-11,1,2056,133,47,120837,True,46,0,1.33e-15,2.64e-07,0,0,508,120883,46,-1,True,True,2.2e-16
ts_gsr,9,PCB,window 11,59,386745,113440,0.29331988778135465,True,0.29332247346442747,113441,0.0e+00,1,2568,181,68,113372,True,71,0,1.11e-15,2.18e-07,0,0,648,113445,73,5,True,True,1.1e-16
ts_gsr,9,PCB,window 12,59,386745,104207,0.26944627596995435,True,0.2694540330191728,104210,1.5e-11,3,2269,143,47,104160,True,59,0,1.22e-15,9.63e-07,0,0,592,104215,55,8,True,True,1.1e-16
ts_gsr,9,PCB,window 13,59,386745,127693,0.33017362861834026,True,0.33015294315375765,127685,0.0e+00,-8,2163,151,64,127629,True,70,0,1.55e-15,1.31e-07,0,0,541,127692,63,-1,True,True,4.2e-17
ts_gsr,9,PCB,window 14,59,386745,127534,0.32976250500976095,True,0.3297702620589794,127537,0.0e+00,3,1672,138,47,127487,True,63,0,1.11e-15,2.89e-07,0,0,408,127541,54,7,True,True,3.3e-16
ts_gsr,9,PCB,global,839,5499645,1695051,0.3082109845271831,True,0.30821262099644614,1695060,0.0e+00,9,10588,791,287,1694764,True,322,0,2.55e-15,4.32e-09,0,0,2100,1695038,274,-13,True,True,1.1e-16
ts_gsr,10,DMT,window 1,59,386745,127363,0.32932035320430775,True,0.32932811025352615,127366,2.9e-11,3,2221,157,63,127300,True,65,0,1.78e-15,3.16e-07,0,0,556,127352,52,-11,True,True,2.2e-16
ts_gsr,10,DMT,window 2,59,386745,123353,0.31895176408227643,True,0.318944007033058,123350,0.0e+00,-3,2270,185,78,123275,True,69,0,9.99e-16,3.08e-07,0,0,577,123352,77,-1,True,True,1.1e-16
ts_gsr,10,DMT,window 3,59,386745,100757,0.26052566936870547,True,0.26052566936870547,100757,0.0e+00,0,2181,217,97,100660,True,94,0,1.33e-15,6.22e-07,0,0,542,100750,90,-7,True,True,4.2e-17
ts_gsr,10,DMT,window 4,59,386745,119287,0.30843837670816693,True,0.30843837670816693,119287,1.5e-11,0,2030,165,54,119233,True,68,0,1.33e-15,8.12e-07,0,0,466,119311,78,24,True,True,1.2e-16
ts_gsr,10,DMT,window 5,59,386745,118978,0.30763940063866374,True,0.3076264722232996,118973,0.0e+00,-5,2066,156,58,118920,True,65,0,1.44e-15,1.26e-06,0,0,613,118981,61,3,True,True,1.1e-16
ts_gsr,10,DMT,window 6,59,386745,102526,0.26509974272453424,True,0.26510232840760706,102527,1.5e-11,1,2515,195,78,102448,True,88,0,1.33e-15,2.48e-07,0,0,652,102529,81,3,True,True,6.9e-17
ts_gsr,10,DMT,window 7,59,386745,101310,0.2619555521079781,True,0.2619555521079781,101310,0.0e+00,0,2360,240,91,101219,True,101,0,1.44e-15,2.30e-07,0,0,640,101312,93,2,True,True,1.1e-16
ts_gsr,10,DMT,window 8,59,386745,104713,0.2707546316048042,True,0.2707546316048042,104713,1.5e-11,0,2645,142,60,104653,True,57,0,1.55e-15,6.19e-07,0,0,708,104707,54,-6,True,True,1.7e-16
ts_gsr,10,DMT,window 9,59,386745,116048,0.30006334923528427,True,0.30007369196757555,116052,0.0e+00,4,2682,224,84,115964,True,88,0,1.17e-15,8.96e-07,0,0,715,116054,90,6,True,True,1.1e-16
ts_gsr,10,DMT,window 10,59,386745,112790,0.2916391937840179,True,0.2916314367347994,112787,0.0e+00,-3,2314,117,35,112755,True,49,0,8.88e-16,2.55e-07,0,0,605,112797,42,7,True,True,1.1e-16
ts_gsr,10,DMT,window 11,59,386745,115022,0.297410438402565,True,0.29740526703641934,115020,0.0e+00,-2,2446,209,83,114939,True,87,0,1.33e-15,7.75e-08,0,0,594,115022,83,0,True,True,2.2e-16
ts_gsr,10,DMT,window 12,59,386745,132383,0.34230048222989307,True,0.3423082392791115,132386,0.0e+00,3,2646,255,98,132285,True,101,0,1.11e-15,5.69e-07,0,0,648,132377,92,-6,True,True,1.1e-16
ts_gsr,10,DMT,window 13,59,386745,119599,0.3092451098268885,True,0.3092425241438157,119598,0.0e+00,-1,2351,197,72,119527,True,71,0,1.33e-15,1.66e-07,0,0,596,119615,88,16,True,True,2.2e-16
ts_gsr,10,DMT,window 14,59,386745,134309,0.34728050782815545,True,0.3472779221450827,134308,0.0e+00,-1,2436,144,61,134248,True,53,0,1.11e-15,1.42e-07,0,0,636,134303,55,-6,True,True,1.1e-16
ts_gsr,10,DMT,global,839,5499645,1739265,0.3162504125266267,True,0.3162505943565449,1739266,4.7e-10,1,11529,573,231,1739034,True,251,0,2.11e-15,5.58e-09,0,0,2582,1739272,238,7,True,True,2.2e-16
ts_gsr,10,PCB,window 1,59,386745,109954,0.28430619658948403,True,0.2843139536387025,109957,0.0e+00,3,2611,142,54,109900,True,53,0,1.33e-15,9.44e-07,0,0,699,109967,67,13,True,True,1.1e-16
ts_gsr,10,PCB,window 2,59,386745,111325,0.28785116808232813,True,0.2878615108146194,111329,1.5e-11,4,2349,146,58,111267,True,51,0,1.11e-15,2.02e-07,0,0,614,111325,58,0,True,True,1.1e-16
ts_gsr,10,PCB,window 3,59,386745,131689,0.340506018177352,True,0.3405111895434977,131691,0.0e+00,2,2253,113,44,131645,True,57,0,1.22e-15,1.38e-06,0,0,602,131681,36,-8,True,True,2.2e-16
ts_gsr,10,PCB,window 4,59,386745,107020,0.2767198024538132,True,0.27670945972152194,107016,0.0e+00,-4,2258,123,52,106968,True,47,0,9.99e-16,9.31e-07,0,0,581,107022,54,2,True,True,4.5e-17
ts_gsr,10,PCB,window 5,59,386745,113127,0.2925105689795602,True,0.29248471214883187,113117,1.5e-11,-10,2509,254,116,113011,True,110,0,1.22e-15,4.54e-07,0,0,635,113113,102,-14,True,True,1.1e-16
ts_gsr,10,PCB,window 6,59,386745,122548,0.3168702892086517,True,0.31686770352557886,122547,0.0e+00,-1,2101,133,66,122482,True,51,0,1.33e-15,2.26e-08,0,0,526,122544,62,-4,True,True,4.4e-16
ts_gsr,10,PCB,window 7,59,386745,110138,0.28478196227488395,True,0.28478713364102964,110140,1.5e-11,2,2070,233,96,110042,True,88,0,1.55e-15,6.19e-07,0,0,496,110138,96,0,True,True,2.2e-16
ts_gsr,10,PCB,window 8,59,386745,110462,0.2856197235904795,True,0.28560420949204257,110456,0.0e+00,-6,2153,218,96,110366,True,95,0,1.55e-15,1.15e-06,0,0,519,110457,91,-5,True,True,4.2e-17
ts_gsr,10,PCB,window 9,59,386745,112164,0.290020556180429,True,0.29001538481428335,112162,1.5e-11,-2,2078,109,43,112121,True,37,0,1.33e-15,1.70e-07,0,0,496,112167,46,3,True,True,1.1e-16
ts_gsr,10,PCB,window 10,59,386745,111538,0.28840191857684006,True,0.28839674721069436,111536,1.5e-11,-2,2420,152,61,111477,True,54,0,1.33e-15,2.10e-06,0,0,637,111546,69,8,True,True,2.2e-16
ts_gsr,10,PCB,window 11,59,386745,119598,0.3092425241438157,True,0.30922959572845155,119593,0.0e+00,-5,2123,180,73,119525,True,74,0,1.22e-15,1.86e-06,0,0,519,119594,69,-4,True,True,2.2e-16
ts_gsr,10,PCB,window 12,59,386745,113397,0.2932087034092231,True,0.29321128909229593,113398,1.5e-11,1,2041,261,99,113298,True,101,0,1.33e-15,1.44e-06,0,0,472,113380,82,-17,True,True,1.1e-16
ts_gsr,10,PCB,window 13,59,386745,112376,0.29056872099186803,True,0.29055837825957676,112372,1.5e-11,-4,2061,203,78,112298,True,74,0,1.33e-15,8.65e-07,0,0,505,112378,80,2,True,True,1.1e-16
ts_gsr,10,PCB,window 14,59,386745,130725,0.338013419695148,True,0.3380056626459295,130722,1.5e-11,-3,1987,177,80,130645,True,77,0,1.33e-15,1.58e-06,0,0,480,130723,78,-2,True,True,1.4e-16
ts_gsr,10,PCB,global,839,5499645,1677399,0.3050013228126543,True,0.3049998681733094,1677391,0.0e+00,-8,9527,617,243,1677156,True,246,0,2.00e-15,1.58e-08,0,0,2077,1677396,240,-3,True,True,3.5e-17
ts_gsr,11,DMT,window 1,59,386745,109859,0.2840605566975656,True,0.2840683137467841,109862,1.5e-11,3,2078,156,61,109798,True,54,0,8.88e-16,3.19e-07,0,0,511,109848,50,-11,True,True,1.1e-16
ts_gsr,11,DMT,window 2,59,386745,106184,0.27455817140493094,True,0.27455558572185806,106183,0.0e+00,-1,2007,122,60,106124,True,57,0,1.22e-15,1.02e-07,0,0,484,106182,58,-2,True,True,1.1e-16
ts_gsr,11,DMT,window 3,59,386745,101122,0.2614694436902869,True,0.26144617254263147,101113,1.5e-11,-9,2286,170,77,101045,True,67,0,9.99e-16,8.82e-08,0,0,582,101113,68,-9,True,True,1.1e-16
ts_gsr,11,DMT,window 4,59,386745,110958,0.2869022223946011,True,0.2869125651268924,110962,0.0e+00,4,2193,215,76,110882,True,91,0,1.11e-15,8.97e-07,0,0,587,110978,96,20,True,True,6.2e-17
ts_gsr,11,DMT,window 5,59,386745,102525,0.2650971570414614,True,0.2650997427245343,102526,1.5e-11,1,2594,221,86,102439,True,97,0,1.33e-15,4.42e-08,0,0,637,102528,89,3,True,True,2.2e-16
ts_gsr,11,DMT,window 6,59,386745,107140,0.27703008442255234,True,0.27701457032411536,107134,0.0e+00,-6,2146,178,71,107069,True,76,0,1.11e-15,1.14e-07,0,0,520,107134,65,-6,True,True,1.1e-16
ts_gsr,11,DMT,window 7,59,386745,96219,0.24879183958422216,True,0.248794425267295,96220,0.0e+00,1,2176,179,66,96153,True,64,0,1.33e-15,6.48e-07,0,0,506,96228,75,9,True,True,1.1e-16
ts_gsr,11,DMT,window 8,59,386745,109678,0.2835925480613841,True,0.28359513374445694,109679,0.0e+00,1,2439,203,71,109607,True,79,0,1.33e-15,7.47e-07,0,0,577,109685,78,7,True,True,1.1e-16
ts_gsr,11,DMT,window 9,59,386745,118234,0.3057156524324814,True,0.3057415092632096,118244,1.5e-11,10,2872,264,88,118146,True,100,0,1.17e-15,1.77e-07,0,0,708,118247,101,13,True,True,1.1e-16
ts_gsr,11,DMT,window 10,59,386745,107360,0.277598934698574,True,0.27760410606471964,107362,0.0e+00,2,2504,193,65,107295,True,71,0,1.11e-15,4.13e-07,0,0,595,107377,82,17,True,True,2.2e-16
ts_gsr,11,DMT,window 11,59,386745,107873,0.2789253901149336,True,0.2789409042133706,107879,1.5e-11,6,2366,274,105,107768,True,122,0,1.11e-15,6.41e-07,0,0,568,107877,109,4,True,True,1.1e-16
ts_gsr,11,DMT,window 12,59,386745,116150,0.30032708890871246,True,0.3003322602748581,116152,0.0e+00,2,2237,167,60,116090,True,54,0,2.44e-15,9.79e-08,0,0,620,116159,69,9,True,True,1.1e-16
ts_gsr,11,DMT,window 13,59,386745,129042,0.33366171508358217,True,0.33367981486509196,129049,1.5e-11,7,2047,164,63,128979,True,52,0,1.33e-15,1.91e-07,0,0,530,129051,72,9,True,True,1.1e-16
ts_gsr,11,DMT,window 14,59,386745,121921,0.31524906592199,True,0.31524648023891716,121920,1.5e-11,-1,2096,159,67,121854,True,58,0,1.33e-15,1.81e-07,0,0,542,121920,66,-1,True,True,2.2e-16
ts_gsr,11,DMT,global,839,5499645,1630080,0.2963973129174701,True,0.2964011313457505,1630101,2.3e-10,21,11707,1419,503,1629577,True,576,0,1.55e-15,3.25e-08,0,0,2333,1630100,523,20,True,True,2.2e-16
ts_gsr,11,PCB,window 1,59,386745,94889,0.24535288109736392,True,0.2453554667804367,94890,0.0e+00,1,2120,153,61,94828,True,63,0,1.22e-15,7.60e-08,0,0,519,94890,62,1,True,True,1.1e-16
ts_gsr,11,PCB,window 2,59,386745,108657,0.28095256564402904,True,0.2809758367916844,108666,1.5e-11,9,2419,199,83,108574,True,83,0,1.83e-15,2.82e-07,0,0,657,108653,79,-4,True,True,1.1e-16
ts_gsr,11,PCB,window 3,59,386745,106294,0.2748425965429417,True,0.2748374251767961,106292,1.5e-11,-2,2355,252,116,106178,True,100,0,1.33e-15,4.46e-07,0,0,510,106295,117,1,True,True,2.2e-16
ts_gsr,11,PCB,window 4,59,386745,113125,0.29250539761341454,True,0.2924950548811232,113121,0.0e+00,-4,2146,210,82,113043,True,74,0,1.33e-15,6.48e-07,0,0,564,113116,73,-9,True,True,1.1e-16
ts_gsr,11,PCB,window 5,59,386745,124830,0.3227708179808401,True,0.3227837463962042,124835,0.0e+00,5,2392,168,74,124756,True,76,0,1.33e-15,1.86e-08,0,0,713,124829,73,-1,True,True,5.6e-17
ts_gsr,11,PCB,window 6,59,386745,133030,0.34397341917801133,True,0.34397859054415697,133032,0.0e+00,2,2896,111,48,132982,True,60,0,1.67e-15,4.79e-07,0,0,785,133026,44,-4,True,True,2.2e-16
ts_gsr,11,PCB,window 7,59,386745,114672,0.29650544932707595,True,0.29650286364400313,114671,1.5e-11,-1,2264,199,90,114582,True,74,0,1.33e-15,9.28e-07,0,0,534,114655,73,-17,True,True,1.1e-16
ts_gsr,11,PCB,window 8,59,386745,102240,0.2643602373657061,True,0.264347308950342,102235,0.0e+00,-5,2304,158,64,102176,True,56,0,1.55e-15,1.77e-06,0,0,567,102236,60,-4,True,True,1.1e-16
ts_gsr,11,PCB,window 9,59,386745,123211,0.3185845970859352,True,0.3185845970859351,123211,2.9e-11,0,2637,234,94,123117,True,99,0,1.33e-15,3.41e-07,0,0,652,123196,79,-15,True,True,2.2e-16
ts_gsr,11,PCB,window 10,59,386745,110324,0.28526289932642956,True,0.28527841342486654,110330,1.5e-11,6,2051,186,70,110254,True,68,0,1.11e-15,5.14e-07,0,0,526,110333,79,9,True,True,1.1e-16
ts_gsr,11,PCB,window 11,59,386745,119106,0.3079703680719854,True,0.30797295375505823,119107,0.0e+00,1,2569,129,45,119061,True,53,0,1.55e-15,4.06e-07,0,0,665,119118,57,12,True,True,2.2e-16
ts_gsr,11,PCB,window 12,59,386745,115118,0.29765866397755625,True,0.2976638353437019,115120,1.5e-11,2,2105,190,77,115041,True,75,0,1.11e-15,2.53e-07,0,0,529,115120,79,2,True,True,2.2e-16
ts_gsr,11,PCB,window 13,59,386745,115168,0.2977879481311976,True,0.2977853624481247,115167,1.5e-11,-1,2172,148,58,115110,True,59,0,1.33e-15,6.92e-07,0,0,523,115165,55,-3,True,True,2.2e-16
ts_gsr,11,PCB,window 14,59,386745,109443,0.28298491253927005,True,0.28297456980697877,109439,0.0e+00,-4,1885,142,65,109378,True,59,0,1.22e-15,1.83e-06,0,0,481,109439,61,-4,True,True,1.1e-16
ts_gsr,11,PCB,global,839,5499645,1668059,0.3033030313774798,True,0.30330121307829866,1668049,2.3e-10,-10,10487,495,192,1667867,True,211,0,2.22e-15,3.07e-08,0,0,2352,1668067,200,8,True,True,1.1e-16
ts_gsr,12,DMT,window 1,59,386745,107666,0.27839015371885867,True,0.27840049645114995,107670,1.5e-11,4,2205,202,65,107601,True,74,0,1.11e-15,2.87e-08,0,0,522,107676,75,10,True,True,2.2e-16
ts_gsr,12,DMT,window 2,59,386745,120011,0.3103104112528927,True,0.3103052398867471,120009,0.0e+00,-2,2057,201,82,119929,True,78,0,1.33e-15,2.28e-07,0,0,502,119995,66,-16,True,True,2.2e-16
ts_gsr,12,DMT,window 3,59,386745,124177,0.3210823669342849,True,0.32109270966657616,124181,0.0e+00,4,2340,129,45,124132,True,54,0,1.11e-15,9.23e-08,0,0,609,124184,52,7,True,True,1.1e-16
ts_gsr,12,DMT,window 4,59,386745,124879,0.3228975164514085,True,0.3228923450852629,124877,1.5e-11,-2,2616,155,68,124811,True,57,0,1.33e-15,2.24e-07,0,0,679,124871,60,-8,True,True,1.1e-16
ts_gsr,12,DMT,window 5,59,386745,108187,0.2797372945998009,True,0.27972436618443675,108182,1.5e-11,-5,2413,303,115,108072,True,132,0,1.22e-15,3.74e-07,0,0,598,108195,123,8,True,True,1.1e-16
ts_gsr,12,DMT,window 6,59,386745,102518,0.2650790572599516,True,0.26508422862609726,102520,1.5e-11,2,2310,155,52,102466,True,66,0,9.99e-16,2.20e-07,0,0,569,102523,57,5,True,True,1.1e-16
ts_gsr,12,DMT,window 7,59,386745,106181,0.2745504143557124,True,0.2745633427710766,106186,1.5e-11,5,2449,158,62,106119,True,61,0,1.11e-15,5.46e-07,0,0,599,106182,63,1,True,True,1.1e-16
ts_gsr,12,DMT,window 8,59,386745,102532,0.2651152568229712,True,0.26512042818911685,102534,0.0e+00,2,2575,243,98,102434,True,100,0,1.33e-15,2.45e-07,0,0,610,102520,86,-12,True,True,4.2e-17
ts_gsr,12,DMT,window 9,59,386745,117608,0.3040970148288924,True,0.3040970148288924,117608,1.5e-11,0,2241,179,59,117549,True,64,0,1.17e-15,5.06e-07,0,0,545,117625,76,17,True,True,1.1e-16
ts_gsr,12,DMT,window 10,59,386745,125309,0.32400936017272364,True,0.3240119458557964,125310,1.5e-11,1,2469,123,52,125257,True,45,0,8.88e-16,6.87e-07,0,0,682,125302,45,-7,True,True,1.1e-16
ts_gsr,12,DMT,window 11,59,386745,111249,0.2876546561687934,True,0.2876624132180119,111252,1.5e-11,3,2300,169,67,111182,True,73,0,1.33e-15,4.58e-07,0,0,579,111244,62,-5,True,True,1.1e-16
ts_gsr,12,DMT,window 12,59,386745,118374,0.306077648062677,True,0.30606989101345844,118371,1.5e-11,-3,1849,149,62,118312,True,74,0,1.33e-15,5.04e-07,0,0,441,118363,51,-11,True,True,1.1e-16
ts_gsr,12,DMT,window 13,59,386745,105800,0.27356526910496576,True,0.273562683421893,105799,0.0e+00,-1,2017,251,108,105692,True,110,0,1.22e-15,1.67e-07,0,0,472,105798,106,-2,True,True,1.1e-16
ts_gsr,12,DMT,window 14,59,386745,115780,0.2993703861717669,True,0.2993522863902572,115773,1.5e-11,-7,2236,174,69,115711,True,69,0,1.33e-15,9.50e-07,0,0,561,115785,74,5,True,True,3.3e-16
ts_gsr,12,DMT,global,839,5499645,1683993,0.3062003092926907,True,0.30620176393203563,1684001,0.0e+00,8,11046,697,246,1683747,True,277,0,1.67e-15,4.05e-09,0,0,2250,1683991,244,-2,True,True,2.2e-16
ts_gsr,12,PCB,window 1,59,386745,112922,0.2919805039496309,True,0.2919727469004124,112919,0.0e+00,-3,2030,148,51,112871,True,57,0,1.78e-15,3.56e-07,0,0,485,112928,57,6,True,True,1.1e-16
ts_gsr,12,PCB,window 2,59,386745,110096,0.2846733635858253,True,0.28467853495197093,110098,0.0e+00,2,2124,175,65,110031,True,74,0,1.33e-15,1.46e-08,0,0,546,110115,84,19,True,True,6.9e-17
ts_gsr,12,PCB,window 3,59,386745,126160,0.32620977646769833,True,0.3262020194184799,126157,1.5e-11,-3,2317,218,91,126069,True,84,0,1.11e-15,9.90e-08,0,0,557,126152,83,-8,True,True,6.2e-17
ts_gsr,12,PCB,window 4,59,386745,115322,0.29818614332441273,True,0.2981835576413399,115321,0.0e+00,-1,2121,125,65,115257,True,45,0,1.55e-15,2.88e-07,0,0,543,115307,50,-15,True,True,1.1e-16
ts_gsr,12,PCB,window 5,59,386745,125771,0.3252039457523691,True,0.3252065314354419,125772,1.5e-11,1,2601,214,84,125687,True,93,0,1.33e-15,1.01e-07,0,0,627,125777,90,6,True,True,3.3e-16
ts_gsr,12,PCB,window 6,59,386745,115003,0.2973613104241813,True,0.29735872474110847,115002,0.0e+00,-1,2325,197,78,114925,True,72,0,1.11e-15,2.81e-07,0,0,596,115011,86,8,True,True,1.1e-16
ts_gsr,12,PCB,window 7,59,386745,105410,0.27255685270656377,True,0.27253616724198115,105402,0.0e+00,-8,2198,224,88,105322,True,92,0,1.39e-15,4.02e-07,0,0,549,105406,84,-4,True,True,2.2e-16
ts_gsr,12,PCB,window 8,59,386745,123752,0.31998345162833386,True,0.31998345162833386,123752,1.5e-11,0,2009,146,63,123689,True,56,0,1.11e-15,1.20e-06,0,0,517,123752,63,0,True,True,3.3e-16
ts_gsr,12,PCB,window 9,59,386745,123034,0.31812693118204505,True,0.31812693118204505,123034,1.5e-11,0,2263,138,65,122969,True,67,0,1.33e-15,6.57e-07,0,0,543,123021,52,-13,True,True,1.1e-16
ts_gsr,12,PCB,window 10,59,386745,107999,0.27925118618210965,True,0.27925894323132816,108002,1.5e-11,3,2250,254,112,107887,True,102,0,1.33e-15,1.07e-06,0,0,549,107987,100,-12,True,True,1.1e-16
ts_gsr,12,PCB,window 11,59,386745,115496,0.2986360521790844,True,0.2986541519605942,115503,0.0e+00,7,2093,267,104,115392,True,109,0,1.17e-15,1.78e-07,0,0,491,115474,82,-22,True,True,1.1e-16
ts_gsr,12,PCB,window 12,59,386745,122919,0.31782957762867,True,0.31781664921330594,122914,0.0e+00,-5,1910,155,55,122864,True,62,0,1.33e-15,5.12e-07,0,0,471,122925,61,6,True,True,1.1e-16
ts_gsr,12,PCB,window 13,59,386745,117537,0.3039134313307218,True,0.3039005029153577,117532,1.5e-11,-5,2099,167,68,117469,True,69,0,1.33e-15,3.54e-07,0,0,497,117538,69,1,True,True,5.6e-17
ts_gsr,12,PCB,window 14,59,386745,110819,0.2865428124474783,True,0.28654798381362395,110821,0.0e+00,2,2091,191,78,110741,True,70,0,1.33e-15,3.86e-07,0,0,504,110812,71,-7,True,True,2.2e-16
ts_gsr,12,PCB,global,839,5499645,1655600,0.3010376124277112,True,0.3010396125568105,1655611,0.0e+00,11,10556,736,302,1655298,True,311,0,1.89e-15,2.71e-09,0,0,2081,1655561,263,-39,True,True,2.2e-16
ts_gsr,13,DMT,window 1,59,386745,117742,0.30444349636065104,True,0.30445125340986956,117745,0.0e+00,3,2424,149,56,117686,True,54,0,1.44e-15,3.40e-07,0,0,572,117746,60,4,True,True,1.1e-16
ts_gsr,13,DMT,window 2,59,386745,103824,0.2684559593530621,True,0.26844561662077077,103820,1.5e-11,-4,2221,155,60,103764,True,66,0,1.55e-15,4.78e-07,0,0,578,103829,65,5,True,True,1.1e-16
ts_gsr,13,DMT,window 3,59,386745,110414,0.28549561080298386,True,0.2855007821691295,110416,1.5e-11,2,2500,173,69,110345,True,76,0,1.33e-15,4.52e-07,0,0,652,110408,63,-6,True,True,2.2e-16
ts_gsr,13,DMT,window 4,59,386745,121103,0.31313397716841845,True,0.31314173421763697,121106,1.5e-11,3,2500,221,79,121024,True,90,0,1.33e-15,7.59e-07,0,0,598,121105,81,2,True,True,3.3e-16
ts_gsr,13,DMT,window 5,59,386745,120248,0.3109232181411524,True,0.31092580382422524,120249,1.5e-11,1,1971,163,56,120192,True,66,0,1.78e-15,1.55e-06,0,0,525,120255,63,7,True,True,1.1e-16
ts_gsr,13,DMT,window 6,59,386745,114126,0.2950936663693131,True,0.2951065947846772,114131,1.5e-11,5,1991,183,67,114059,True,66,0,1.33e-15,2.90e-07,0,0,564,114140,81,14,True,True,5.6e-17
ts_gsr,13,DMT,window 7,59,386745,105552,0.27292401970290503,True,0.27292919106905067,105554,0.0e+00,2,2222,180,72,105480,True,71,0,1.33e-15,1.06e-07,0,0,523,105547,67,-5,True,True,1.1e-16
ts_gsr,13,DMT,window 8,59,386745,102472,0.2649601158386017,True,0.2649652872047473,102474,0.0e+00,2,2358,244,97,102375,True,84,0,1.78e-15,3.45e-07,0,0,562,102479,104,7,True,True,1.1e-16
ts_gsr,13,DMT,window 9,59,386745,98455,0.2545734269350606,True,0.2545553271535508,98448,0.0e+00,-7,2303,231,101,98354,True,107,0,1.33e-15,1.33e-08,0,0,538,98454,100,-1,True,True,1.4e-17
ts_gsr,13,DMT,window 10,59,386745,99271,0.2566833443224864,True,0.25666265885790374,99263,1.5e-11,-8,2620,211,83,99188,True,88,0,1.55e-15,5.25e-08,0,0,657,99269,81,-2,True,True,1.1e-16
ts_gsr,13,DMT,window 11,59,386745,111984,0.2895551332273203,True,0.2895758186919029,111992,1.5e-11,8,2306,165,59,111925,True,64,0,1.11e-15,1.38e-06,0,0,577,111986,61,2,True,True,1.1e-16
ts_gsr,13,DMT,window 12,59,386745,110081,0.2846345783397329,True,0.28462940697358724,110079,0.0e+00,-2,1978,160,56,110025,True,67,0,1.33e-15,7.91e-08,0,0,511,110080,55,-1,True,True,4.9e-17
ts_gsr,13,DMT,window 13,59,386745,105719,0.27335582877606696,True,0.2733584144591398,105720,1.5e-11,1,2157,163,67,105652,True,68,0,1.11e-15,8.39e-07,0,0,535,105716,64,-3,True,True,2.2e-16
ts_gsr,13,DMT,window 14,59,386745,122379,0.31643330876934417,True,0.31644623718470827,122384,0.0e+00,5,2041,175,57,122322,True,71,0,9.99e-16,6.75e-07,0,0,494,122392,70,13,True,True,2.2e-16
ts_gsr,13,DMT,global,839,5499645,1617811,0.294166441652143,True,0.2941662598222249,1617810,0.0e+00,-1,9045,769,299,1617512,True,336,0,1.94e-15,1.22e-09,0,0,1871,1617808,296,-3,True,True,3.5e-17
ts_gsr,13,PCB,window 1,59,386745,112395,0.2906178489702517,True,0.2906075062379604,112391,1.5e-11,-4,1950,160,65,112330,True,65,0,1.33e-15,2.32e-07,0,0,458,112394,64,-1,True,True,1.1e-16
ts_gsr,13,PCB,window 2,59,386745,116956,0.30241114946541,True,0.30241373514848285,116957,0.0e+00,1,2029,170,70,116886,True,70,0,1.78e-15,2.60e-08,0,0,492,116948,62,-8,True,True,1.1e-16
ts_gsr,13,PCB,window 3,59,386745,122936,0.3178735342409081,True,0.31789939107163634,122946,0.0e+00,10,2758,196,70,122866,True,88,0,1.33e-15,5.86e-08,0,0,713,122945,79,9,True,True,2.2e-16
ts_gsr,13,PCB,window 4,59,386745,114802,0.2968415881265433,True,0.29683900244347056,114801,1.5e-11,-1,2073,167,65,114737,True,62,0,1.11e-15,8.74e-07,0,0,526,114808,71,6,True,True,1.1e-16
ts_gsr,13,PCB,window 5,59,386745,101335,0.26202019418479877,True,0.262046051015527,101345,0.0e+00,10,2325,182,67,101268,True,59,0,1.33e-15,4.02e-07,0,0,553,101349,81,14,True,True,3.5e-17
ts_gsr,13,PCB,window 6,59,386745,110049,0.2845518364814025,True,0.2845570078475481,110051,0.0e+00,2,2109,163,63,109986,True,75,0,1.33e-15,3.27e-08,0,0,540,110045,59,-4,True,True,2.2e-16
ts_gsr,13,PCB,window 7,59,386745,107569,0.2781393424607946,True,0.2781341710946489,107567,1.5e-11,-2,2205,230,88,107481,True,89,0,2.00e-15,1.26e-07,0,0,623,107573,92,4,True,True,2.2e-16
ts_gsr,13,PCB,window 8,59,386745,115666,0.2990756183014648,True,0.29907820398453766,115667,1.5e-11,1,2209,158,68,115598,True,72,0,1.33e-15,8.04e-08,0,0,548,115661,63,-5,True,True,2.2e-16
ts_gsr,13,PCB,window 9,59,386745,119592,0.3092270100453787,True,0.3092218386792331,119590,0.0e+00,-2,2600,188,62,119530,True,73,0,9.99e-16,1.65e-06,0,0,698,119599,69,7,True,True,2.2e-16
ts_gsr,13,PCB,window 10,59,386745,110650,0.28610583200817075,True,0.2860980749589523,110647,0.0e+00,-3,2264,139,65,110585,True,61,0,1.33e-15,7.32e-07,0,0,570,110637,52,-13,True,True,1.1e-16
ts_gsr,13,PCB,window 11,59,386745,121077,0.31306674940852497,True,0.3130564066762337,121073,0.0e+00,-4,2254,133,54,121023,True,49,0,1.33e-15,5.48e-07,0,0,622,121077,54,0,True,True,3.3e-16
ts_gsr,13,PCB,window 12,59,386745,114732,0.2966605903114455,True,0.296652833262227,114729,1.5e-11,-3,2284,165,65,114667,True,74,0,1.33e-15,7.69e-07,0,0,569,114729,62,-3,True,True,1.1e-16
ts_gsr,13,PCB,window 13,59,386745,127119,0.32868944653453824,True,0.32867910380224696,127115,0.0e+00,-4,2460,188,83,127036,True,66,0,2.22e-15,2.55e-07,0,0,608,127111,75,-8,True,True,5.6e-17
ts_gsr,13,PCB,window 14,59,386745,129331,0.33440897749162884,True,0.33439863475933757,129327,0.0e+00,-4,1511,89,41,129290,True,41,0,1.78e-15,1.99e-07,0,0,425,129328,38,-3,True,True,6.9e-17
ts_gsr,13,PCB,global,839,5499645,1738072,0.316033489434318,True,0.3160325802847274,1738067,2.3e-10,-5,11821,797,320,1737752,True,342,0,2.89e-15,1.17e-08,0,0,2646,1738057,305,-15,True,True,2.2e-16
ts_gsr,14,DMT,window 1,59,386745,104811,0.27100802854594114,True,0.27102354264437806,104817,1.5e-11,6,2090,192,64,104747,True,71,0,1.67e-15,5.20e-07,0,0,539,104828,81,17,True,True,2.2e-16
ts_gsr,14,DMT,window 2,59,386745,110837,0.2865893547427892,True,0.28659969747508046,110841,0.0e+00,4,2634,183,72,110765,True,65,0,1.55e-15,5.00e-07,0,0,674,110835,70,-2,True,True,1.1e-16
ts_gsr,14,DMT,window 3,59,386745,95230,0.24623459902519745,True,0.24624494175748873,95234,1.5e-11,4,2331,174,69,95161,True,70,0,1.11e-15,6.30e-08,0,0,573,95229,68,-1,True,True,5.6e-17
ts_gsr,14,DMT,window 4,59,386745,97357,0.25173434692109786,True,0.25172141850573376,97352,0.0e+00,-5,2944,223,92,97265,True,82,0,9.99e-16,1.15e-06,0,0,787,97356,91,-1,True,True,1.1e-16
ts_gsr,14,DMT,window 5,59,386745,124107,0.32090136911918704,True,0.3208884407038229,124102,1.5e-11,-5,3071,321,131,123976,True,128,0,1.78e-15,3.26e-07,0,0,799,124085,109,-22,True,True,1.1e-16
ts_gsr,14,DMT,window 6,59,386745,104390,0.2699194559722815,True,0.26990652755691735,104385,0.0e+00,-5,2554,206,78,104312,True,90,0,1.33e-15,3.88e-08,0,0,596,104382,70,-8,True,True,2.2e-16
ts_gsr,14,DMT,window 7,59,386745,101131,0.26149271483794234,True,0.2615004718871608,101134,0.0e+00,3,2315,170,69,101062,True,67,0,1.22e-15,9.44e-07,0,0,623,101137,75,6,True,True,1.1e-16
ts_gsr,14,DMT,window 8,59,386745,109481,0.2830831684960375,True,0.2830883398621831,109483,1.5e-11,2,3022,206,68,109413,True,80,0,1.11e-15,6.41e-08,0,0,811,109495,82,14,True,True,1.1e-16
ts_gsr,14,DMT,window 9,59,386745,98776,0.25540343120143766,True,0.25541118825065606,98779,1.5e-11,3,2341,168,57,98719,True,67,0,1.33e-15,1.33e-06,0,0,597,98776,57,0,True,True,1.1e-16
ts_gsr,14,DMT,window 10,59,386745,101705,0.2629768969217443,True,0.262966554189453,101701,1.5e-11,-4,2804,244,103,101602,True,101,0,1.17e-15,4.18e-07,0,0,684,101696,94,-9,True,True,3.3e-16
ts_gsr,14,DMT,window 11,59,386745,114130,0.2951040091016044,True,0.2951091804677501,114132,1.5e-11,2,2462,176,69,114061,True,79,0,1.78e-15,1.04e-06,0,0,600,114133,72,3,True,True,3.3e-16
ts_gsr,14,DMT,window 12,59,386745,119040,0.3077997129891789,True,0.30780747003839737,119043,1.5e-11,3,2283,237,90,118950,True,94,0,1.33e-15,3.84e-07,0,0,595,119042,92,2,True,True,1.1e-16
ts_gsr,14,DMT,window 13,59,386745,140033,0.36208095773701016,True,0.36207320068779175,140030,2.9e-11,-3,2676,160,57,139976,True,70,0,1.11e-15,3.16e-07,0,0,738,140035,59,2,True,True,2.2e-16
ts_gsr,14,DMT,window 14,59,386745,123373,0.31900347774373294,True,0.3189983063775873,123371,0.0e+00,-2,2285,156,68,123305,True,55,0,1.33e-15,1.76e-07,0,0,535,123365,60,-8,True,True,1.1e-16
ts_gsr,14,DMT,global,839,5499645,1682322,0.3058964714995241,True,0.3059082904442014,1682387,2.3e-10,65,15016,1328,507,1681815,True,520,0,3.11e-15,2.10e-09,0,0,3265,1682288,473,-34,True,True,4.2e-17
ts_gsr,14,PCB,window 1,59,386745,104695,0.27070808930949336,True,0.27070550362642054,104694,1.5e-11,-1,2434,221,91,104604,True,88,0,1.22e-15,1.58e-07,0,0,599,104682,78,-13,True,True,1.1e-16
ts_gsr,14,PCB,window 2,59,386745,106069,0.2742608178515559,True,0.27426598921770157,106071,1.5e-11,2,2198,145,47,106022,True,61,0,1.33e-15,1.06e-07,0,0,543,106079,57,10,True,True,1.1e-16
ts_gsr,14,PCB,window 3,59,386745,109006,0.2818549690364452,True,0.28184979767029955,109004,0.0e+00,-2,2473,184,64,108942,True,70,0,1.33e-15,3.86e-07,0,0,565,109019,77,13,True,True,2.2e-16
ts_gsr,14,PCB,window 4,59,386745,99960,0.25846487995966333,True,0.25847005132580897,99962,1.5e-11,2,2280,277,114,99846,True,117,0,1.11e-15,1.69e-07,0,0,571,99959,113,-1,True,True,2.1e-17
ts_gsr,14,PCB,window 5,59,386745,98519,0.2547389106517214,True,0.25475442475015836,98525,0.0e+00,6,2302,289,103,98416,True,117,0,1.78e-15,4.14e-08,0,0,560,98521,105,2,True,True,1.1e-16
ts_gsr,14,PCB,window 6,59,386745,101181,0.2616219989915836,True,0.2616142419423651,101178,1.5e-11,-3,2165,216,92,101089,True,94,0,1.78e-15,2.15e-07,0,0,542,101167,78,-14,True,True,2.8e-17
ts_gsr,14,PCB,window 7,59,386745,109025,0.2819040970148289,True,0.28191185406404734,109028,1.5e-11,3,2244,176,64,108961,True,64,0,1.33e-15,3.25e-07,0,0,538,109023,62,-2,True,True,1.1e-16
ts_gsr,14,PCB,window 8,59,386745,111566,0.2884743177028791,True,0.2884872461182433,111571,0.0e+00,5,2152,131,48,111518,True,47,0,1.33e-15,6.42e-07,0,0,576,111566,48,0,True,True,5.6e-17
ts_gsr,14,PCB,window 9,59,386745,107167,0.2770998978655186,True,0.2770895551332273,107163,0.0e+00,-4,2458,208,81,107086,True,84,0,9.99e-16,3.37e-08,0,0,568,107171,85,4,True,True,1.1e-16
ts_gsr,14,PCB,window 10,59,386745,107943,0.2791063879300314,True,0.27911155929617704,107945,1.5e-11,2,2123,158,64,107879,True,59,0,9.99e-16,2.00e-06,0,0,494,107946,67,3,True,True,1.1e-16
ts_gsr,14,PCB,window 11,59,386745,106327,0.27492792408434497,True,0.27492016703512645,106324,1.5e-11,-3,2091,226,86,106241,True,82,0,1.67e-15,4.94e-07,0,0,527,106332,91,5,True,True,2.2e-16
ts_gsr,14,PCB,window 12,59,386745,110493,0.28569987976573713,True,0.28571797954724687,110500,1.5e-11,7,2018,168,62,110431,True,73,0,8.88e-16,3.84e-07,0,0,517,110504,73,11,True,True,1.1e-16
ts_gsr,14,PCB,window 13,59,386745,109809,0.2839312725439243,True,0.28392610117777867,109807,1.5e-11,-2,2472,197,72,109737,True,73,0,1.33e-15,2.77e-08,0,0,601,109823,86,14,True,True,1.1e-16
ts_gsr,14,PCB,window 14,59,386745,108225,0.2798355505565683,True,0.27984330760578674,108228,1.5e-11,3,2063,150,49,108176,True,51,0,1.11e-15,1.61e-07,0,0,518,108229,53,4,True,True,2.2e-16
ts_gsr,14,PCB,global,839,5499645,1576336,0.28662504579841064,True,0.2866223183496389,1576321,0.0e+00,-15,9857,508,195,1576141,True,196,0,1.55e-15,2.50e-09,0,0,1978,1576335,194,-1,True,True,1.1e-16
ts_demean,1,DMT,window 1,59,386745,103011,0.26635379901485473,True,0.26636155606407325,103014,1.5e-11,3,2062,189,74,102937,True,73,0,1.33e-15,4.23e-07,0,0,555,103014,77,3,True,True,5.6e-17
ts_demean,1,DMT,window 2,59,386745,120415,0.31135502721431435,True,0.3113627842635328,120418,0.0e+00,3,2243,163,63,120352,True,67,0,1.33e-15,8.25e-07,0,0,646,120407,55,-8,True,True,1.1e-16
ts_demean,1,DMT,window 3,59,386745,119342,0.30858058927717225,True,0.3085754179110266,119340,1.5e-11,-2,2033,146,69,119273,True,58,0,8.88e-16,1.46e-08,0,0,569,119330,57,-12,True,True,5.6e-17
ts_demean,1,DMT,window 4,59,386745,137812,0.35633815563226406,True,0.35634591268148263,137815,0.0e+00,3,2407,150,52,137760,True,58,0,1.67e-15,1.75e-07,0,0,702,137818,58,6,True,True,2.2e-16
ts_demean,1,DMT,window 5,59,386745,125748,0.3251444750416942,True,0.3251393036755485,125746,0.0e+00,-2,2649,228,89,125659,True,90,0,1.22e-15,3.95e-07,0,0,656,125765,106,17,True,True,2.2e-16
ts_demean,1,DMT,window 6,59,386745,127847,0.33057182381155537,True,0.33058216654384665,127851,2.9e-11,4,3226,168,72,127775,True,76,0,1.33e-15,3.37e-07,0,0,821,127840,65,-7,True,True,1.1e-16
ts_demean,1,DMT,window 7,59,386745,136499,0.35294315375764396,True,0.352971596271445,136510,0.0e+00,11,1900,74,28,136471,True,28,0,1.11e-15,8.51e-07,0,0,576,136491,20,-8,True,True,1.1e-16
ts_demean,1,DMT,window 8,59,386745,114544,0.29617448189375434,True,0.2961770675768271,114545,0.0e+00,1,1961,102,40,114504,True,34,0,1.33e-15,3.63e-07,0,0,623,114544,40,0,True,True,2.2e-16
ts_demean,1,DMT,window 9,59,386745,114664,0.2964847638624934,True,0.2964951065947847,114668,0.0e+00,4,2114,125,48,114616,True,56,0,8.88e-16,8.66e-07,0,0,597,114669,53,5,True,True,1.1e-16
ts_demean,1,DMT,window 10,59,386745,137965,0.35673376514240657,True,0.3567285937762608,137963,0.0e+00,-2,2193,93,40,137925,True,39,0,1.55e-15,1.05e-06,0,0,599,137965,40,0,True,True,1.1e-16
ts_demean,1,DMT,window 11,59,386745,125317,0.3240300456373062,True,0.3240352170034519,125319,0.0e+00,2,2095,168,63,125254,True,62,0,1.33e-15,5.71e-07,0,0,580,125308,54,-9,True,True,2.2e-16
ts_demean,1,DMT,window 12,59,386745,114970,0.29727598288277807,True,0.2972733971997052,114969,1.5e-11,-1,2567,190,79,114891,True,72,0,1.22e-15,3.36e-07,0,0,727,114963,72,-7,True,True,1.1e-16
ts_demean,1,DMT,window 13,59,386745,110186,0.2849060750623796,True,0.2849060750623796,110186,1.5e-11,0,2188,132,58,110128,True,55,0,1.33e-15,1.59e-07,0,0,639,110179,51,-7,True,True,1.1e-16
ts_demean,1,DMT,window 14,59,386745,120573,0.3117635651398208,True,0.3117713221890393,120576,0.0e+00,3,2133,125,50,120523,True,50,0,9.99e-16,2.41e-06,0,0,607,120574,51,1,True,True,1.1e-16
ts_demean,1,DMT,global,839,5499645,1891795,0.3439849299363868,True,0.3439802023585159,1891769,2.3e-10,-26,6848,1335,527,1891268,True,508,0,2.66e-15,2.64e-08,0,0,1973,1891796,528,1,True,True,2.2e-16
ts_demean,1,PCB,window 1,59,386745,110173,0.2848724611824328,True,0.28486728981628723,110171,0.0e+00,-2,2139,179,81,110092,True,61,0,1.55e-15,7.54e-07,0,0,641,110159,67,-14,True,True,1.1e-16
ts_demean,1,PCB,window 2,59,386745,107963,0.2791581015914879,True,0.2791632729576336,107965,0.0e+00,2,1899,176,70,107893,True,74,0,8.88e-16,1.28e-06,0,0,514,107965,72,2,True,True,1.1e-16
ts_demean,1,PCB,window 3,59,386745,101509,0.26247010303947044,True,0.2624804457717618,101513,0.0e+00,4,1997,245,84,101425,True,97,0,1.11e-15,4.00e-07,0,0,532,101509,84,0,True,True,1.1e-16
ts_demean,1,PCB,window 4,59,386745,112794,0.29164953651630915,True,0.291652122199382,112795,0.0e+00,1,1928,256,101,112693,True,113,0,1.22e-15,3.95e-08,0,0,536,112802,109,8,True,True,3.3e-16
ts_demean,1,PCB,window 5,59,386745,119382,0.3086840166000853,True,0.3086788452339397,119380,0.0e+00,-2,2064,218,88,119294,True,103,0,1.67e-15,2.26e-07,0,0,525,119383,89,1,True,True,1.1e-16
ts_demean,1,PCB,window 6,59,386745,103482,0.2675716557421557,True,0.26757165574215563,103482,1.5e-11,0,2206,181,65,103417,True,68,0,1.11e-15,3.46e-07,0,0,514,103480,63,-2,True,True,2.2e-16
ts_demean,1,PCB,window 7,59,386745,105899,0.27382125172917554,True,0.2738160803630299,105897,0.0e+00,-2,2837,152,69,105830,True,71,0,1.33e-15,1.83e-07,0,0,762,105889,59,-10,True,True,5.6e-17
ts_demean,1,PCB,window 8,59,386745,107372,0.2776299628954479,True,0.27763771994466635,107375,1.5e-11,3,2214,253,99,107273,True,110,0,8.88e-16,5.14e-07,0,0,579,107368,95,-4,True,True,1.1e-16
ts_demean,1,PCB,window 9,59,386745,123457,0.31922067512185026,True,0.3192180894387775,123456,0.0e+00,-1,2371,152,64,123393,True,58,0,1.55e-15,2.41e-07,0,0,631,123455,62,-2,True,True,2.2e-16
ts_demean,1,PCB,window 10,59,386745,103522,0.2676750830650687,True,0.26766991169892307,103520,0.0e+00,-2,2053,121,44,103478,True,37,0,1.55e-15,3.56e-07,0,0,565,103528,50,6,True,True,1.1e-16
ts_demean,1,PCB,window 11,59,386745,112468,0.29080660383456797,True,0.29080660383456797,112468,1.5e-11,0,1914,169,69,112399,True,73,0,1.11e-15,2.41e-08,0,0,451,112463,64,-5,True,True,1.1e-16
ts_demean,1,PCB,window 12,59,386745,115078,0.29755523665464323,True,0.2975423082392791,115073,1.5e-11,-5,1957,179,75,115003,True,70,0,1.33e-15,1.30e-07,0,0,525,115075,72,-3,True,True,1.1e-16
ts_demean,1,PCB,window 13,59,386745,119136,0.3080479385641701,True,0.3080401815149517,119133,0.0e+00,-3,2030,185,71,119065,True,76,0,1.11e-15,4.45e-07,0,0,580,119129,64,-7,True,True,2.2e-16
ts_demean,1,PCB,window 14,59,386745,113588,0.29370256887613283,True,0.29369481182691437,113585,0.0e+00,-3,2163,207,85,113503,True,85,0,8.88e-16,6.04e-09,0,0,570,113586,83,-2,True,True,4.2e-17
ts_demean,1,PCB,global,839,5499645,1605318,0.29189484048515857,True,0.2918970224441759,1605330,0.0e+00,12,9479,1527,584,1604734,True,625,0,1.78e-15,2.53e-10,0,0,2298,1605324,590,6,True,True,1.1e-16
ts_demean,2,DMT,window 1,59,386745,121467,0.31407516580692707,True,0.31407775148999983,121468,1.5e-11,1,2463,127,45,121422,True,48,0,1.11e-15,3.74e-07,0,0,669,121463,41,-4,True,True,2.2e-16
ts_demean,2,DMT,window 2,59,386745,101119,0.2614616866410684,True,0.2614435868595586,101112,1.5e-11,-7,2059,283,112,101007,True,109,0,1.67e-15,1.47e-07,0,0,526,101118,111,-1,True,True,3.3e-16
ts_demean,2,DMT,window 3,59,386745,107636,0.27831258322667385,True,0.27830482617745544,107633,0.0e+00,-3,2152,221,88,107548,True,97,0,1.33e-15,1.31e-07,0,0,520,107645,97,9,True,True,1.1e-16
ts_demean,2,DMT,window 4,59,386745,111198,0.2875227863320793,True,0.2875357147474434,111203,1.5e-11,5,2068,178,73,111125,True,83,0,1.44e-15,4.31e-07,0,0,559,111210,85,12,True,True,2.2e-16
ts_demean,2,DMT,window 5,59,386745,113304,0.29296823488345036,True,0.29298116329881446,113309,0.0e+00,5,2359,173,63,113241,True,75,0,2.00e-15,4.97e-07,0,0,616,113309,68,5,True,True,8.3e-17
ts_demean,2,DMT,window 6,59,386745,94700,0.24486418699659981,True,0.2448512585812357,94695,0.0e+00,-5,2299,238,106,94594,True,94,0,1.33e-15,6.85e-08,0,0,559,94692,98,-8,True,True,3.5e-17
ts_demean,2,DMT,window 7,59,386745,109330,0.28269273035204073,True,0.2827056587674049,109335,0.0e+00,5,2345,172,69,109261,True,78,0,1.33e-15,3.06e-07,0,0,582,109324,63,-6,True,True,1.1e-16
ts_demean,2,DMT,window 8,59,386745,101310,0.2619555521079781,True,0.2619658948402694,101314,1.5e-11,4,2286,172,78,101232,True,81,0,1.33e-15,3.31e-07,0,0,539,101300,68,-10,True,True,2.2e-16
ts_demean,2,DMT,window 9,59,386745,107049,0.27679478726292517,True,0.27679220157985235,107048,0.0e+00,-1,2474,203,74,106975,True,70,0,1.55e-15,3.09e-07,0,0,630,107052,77,3,True,True,1.0e-16
ts_demean,2,DMT,window 10,59,386745,125137,0.3235646226841976,True,0.32354910858576064,125131,0.0e+00,-6,2151,137,64,125073,True,61,0,1.44e-15,2.99e-07,0,0,583,125123,50,-14,True,True,2.2e-16
ts_demean,2,DMT,window 11,59,386745,108605,0.28081811012424207,True,0.2808000103427323,108598,0.0e+00,-7,2256,232,98,108507,True,111,0,1.22e-15,3.81e-07,0,0,525,108598,91,-7,True,True,1.1e-16
ts_demean,2,DMT,window 12,59,386745,110505,0.285730907962611,True,0.2857515934271936,110513,1.5e-11,8,2127,184,62,110443,True,77,0,1.55e-15,2.28e-07,0,0,541,110514,71,9,True,True,1.1e-16
ts_demean,2,DMT,window 13,59,386745,110966,0.2869229078591837,True,0.28691773649303803,110964,0.0e+00,-2,2230,282,110,110856,True,112,0,1.11e-15,8.40e-07,0,0,574,110967,111,1,True,True,2.2e-16
ts_demean,2,DMT,window 14,59,386745,115032,0.29743629523329324,True,0.29743888091636606,115033,1.5e-11,1,1991,179,76,114956,True,81,0,1.22e-15,2.12e-07,0,0,478,115029,73,-3,True,True,1.1e-16
ts_demean,2,DMT,global,839,5499645,1573222,0.2860588274334071,True,0.2860537361956999,1573194,0.0e+00,-28,10100,1390,547,1572675,True,588,0,1.55e-15,1.07e-08,0,0,2139,1573201,526,-21,True,True,3.8e-17
ts_demean,2,PCB,window 1,59,386745,111364,0.28795200972216833,True,0.28795976677138685,111367,0.0e+00,3,2063,147,54,111310,True,54,0,1.33e-15,1.00e-06,0,0,538,111366,56,2,True,True,1.1e-16
ts_demean,2,PCB,window 2,59,386745,116407,0.3009916094584287,True,0.30098902377535586,116406,0.0e+00,-1,2236,189,78,116329,True,65,0,1.33e-15,1.53e-06,0,0,589,116402,73,-5,True,True,1.1e-16
ts_demean,2,PCB,window 3,59,386745,110734,0.2863230293862881,True,0.2863333721185794,110738,1.5e-11,4,2328,243,79,110655,True,94,0,8.88e-16,1.72e-08,0,0,567,110737,82,3,True,True,1.1e-16
ts_demean,2,PCB,window 4,59,386745,121772,0.3148637991441389,True,0.31487931324257584,121778,0.0e+00,6,2653,441,159,121613,True,178,0,9.99e-16,3.82e-07,0,0,701,121789,176,17,True,True,9.7e-17
ts_demean,2,PCB,window 5,59,386745,112138,0.2899533284205355,True,0.28996108546975397,112141,0.0e+00,3,2411,286,114,112024,True,125,0,2.22e-15,1.00e-06,0,0,676,112167,143,29,True,True,2.2e-16
ts_demean,2,PCB,window 6,59,386745,121545,0.3142768490866074,True,0.3142742634035346,121544,1.5e-11,-1,2294,209,81,121464,True,90,0,9.99e-16,5.82e-07,0,0,556,121551,87,6,True,True,4.4e-16
ts_demean,2,PCB,window 7,59,386745,117171,0.30296707132606754,True,0.30295414291070344,117166,0.0e+00,-5,2615,142,59,117112,True,60,0,1.33e-15,6.74e-07,0,0,705,117173,61,2,True,True,1.1e-16
ts_demean,2,PCB,window 8,59,386745,113144,0.29255452559179823,True,0.2925648683240895,113148,0.0e+00,4,1985,135,50,113094,True,55,0,1.11e-15,1.26e-06,0,0,531,113144,50,0,True,True,1.1e-16
ts_demean,2,PCB,window 9,59,386745,112737,0.29150215258115814,True,0.29150215258115814,112737,0.0e+00,0,2077,173,72,112665,True,68,0,1.50e-15,8.04e-08,0,0,491,112730,65,-7,True,True,5.9e-17
ts_demean,2,PCB,window 10,59,386745,107247,0.2773067525113447,True,0.2772938240959806,107242,1.5e-11,-5,1943,107,48,107199,True,38,0,9.99e-16,1.90e-06,0,0,569,107241,42,-6,True,True,2.2e-16
ts_demean,2,PCB,window 11,59,386745,117476,0.30375570466327945,True,0.3037531189802066,117475,1.5e-11,-1,1814,176,61,117415,True,71,0,9.99e-16,4.19e-08,0,0,472,117477,62,1,True,True,2.2e-16
ts_demean,2,PCB,window 12,59,386745,114382,0.2957556012359565,True,0.29577887238361195,114391,0.0e+00,9,2041,121,41,114341,True,47,0,1.33e-15,2.90e-08,0,0,513,114388,47,6,True,True,4.9e-17
ts_demean,2,PCB,window 13,59,386745,104886,0.2712019547764031,True,0.2711890263610389,104881,0.0e+00,-5,1929,164,70,104816,True,63,0,1.55e-15,7.45e-08,0,0,483,104879,63,-7,True,True,2.2e-16
ts_demean,2,PCB,window 14,59,386745,105380,0.272479282214379,True,0.27246376811594203,105374,0.0e+00,-6,1932,132,55,105325,True,55,0,1.44e-15,9.92e-07,0,0,502,105377,52,-3,True,True,7.3e-17
ts_demean,2,PCB,global,839,5499645,1576027,0.28656886035371376,True,0.28656886035371376,1576027,2.3e-10,0,9949,1215,481,1575546,True,478,0,1.78e-15,6.25e-09,0,0,2162,1576010,464,-17,True,True,1.1e-16
ts_demean,3,DMT,window 1,59,386745,119611,0.3092761380237624,True,0.30929423780527215,119618,1.5e-11,7,1900,170,53,119558,True,68,0,1.33e-15,1.87e-07,0,0,530,119628,70,17,True,True,1.4e-16
ts_demean,3,DMT,window 2,59,386745,111109,0.2872926605385978,True,0.28727197507401514,111101,1.5e-11,-8,1897,173,67,111042,True,66,0,1.78e-15,2.06e-07,0,0,514,111120,78,11,True,True,1.1e-16
ts_demean,3,DMT,window 3,59,386745,111341,0.2878925390114933,True,0.2879080531099303,111347,1.5e-11,6,2285,261,99,111242,True,106,0,1.33e-15,9.26e-07,0,0,574,111343,101,2,True,True,1.1e-16
ts_demean,3,DMT,window 4,59,386745,112363,0.29053510711192126,True,0.29054803552728536,112368,1.5e-11,5,2164,195,70,112293,True,79,0,1.33e-15,1.82e-06,0,0,535,112378,85,15,True,True,9.0e-17
ts_demean,3,DMT,window 5,59,386745,110247,0.285063801729822,True,0.28505863036367635,110245,1.5e-11,-2,2781,220,83,110164,True,81,0,1.78e-15,9.87e-08,0,0,764,110254,90,7,True,True,1.1e-16
ts_demean,3,DMT,window 6,59,386745,91685,0.23706835253203012,True,0.23707610958124864,91688,0.0e+00,3,2266,145,59,91626,True,56,0,8.88e-16,1.04e-06,0,0,658,91699,73,14,True,True,1.7e-16
ts_demean,3,DMT,window 7,59,386745,108919,0.28163001460910936,True,0.2816145005106724,108913,1.5e-11,-6,2311,135,56,108863,True,42,0,1.78e-15,1.39e-06,0,0,629,108913,50,-6,True,True,5.6e-17
ts_demean,3,DMT,window 8,59,386745,106636,0.2757269001538481,True,0.27573724288613943,106640,0.0e+00,4,2195,191,75,106561,True,73,0,1.11e-15,2.32e-07,0,0,543,106627,66,-9,True,True,1.1e-16
ts_demean,3,DMT,window 9,59,386745,110825,0.2865583265459153,True,0.28656866927820657,110829,0.0e+00,4,2318,157,52,110773,True,62,0,1.44e-15,2.23e-08,0,0,601,110834,61,9,True,True,8.3e-17
ts_demean,3,DMT,window 10,59,386745,116892,0.30224566574874917,True,0.3022301516503122,116886,1.5e-11,-6,2478,222,96,116796,True,96,0,1.78e-15,5.90e-07,0,0,622,116893,97,1,True,True,9.7e-17
ts_demean,3,DMT,window 11,59,386745,100745,0.2604946411718315,True,0.2605075695871957,100750,1.5e-11,5,2413,237,89,100656,True,92,0,9.71e-16,1.77e-07,0,0,604,100742,86,-3,True,True,6.2e-17
ts_demean,3,DMT,window 12,59,386745,103207,0.2668605928971286,True,0.2668631785802014,103208,0.0e+00,1,2167,203,77,103130,True,76,0,1.11e-15,6.15e-08,0,0,545,103201,71,-6,True,True,1.1e-16
ts_demean,3,DMT,window 13,59,386745,104433,0.270030640344413,True,0.2700125405629032,104426,0.0e+00,-7,2253,209,80,104353,True,75,0,1.33e-15,2.56e-07,0,0,560,104438,85,5,True,True,1.1e-16
ts_demean,3,DMT,window 14,59,386745,108209,0.2797941796274031,True,0.27979935099354875,108211,1.5e-11,2,2088,210,86,108123,True,84,0,9.99e-16,1.62e-07,0,0,479,108207,84,-2,True,True,1.1e-16
ts_demean,3,DMT,global,839,5499645,1517088,0.27585198681005774,True,0.2758481683817774,1517067,2.3e-10,-21,9428,1823,699,1516389,True,748,0,1.94e-15,2.43e-08,0,0,2150,1517105,716,17,True,True,1.4e-17
ts_demean,3,PCB,window 1,59,386745,111291,0.2877632548578521,True,0.28777359759014337,111295,0.0e+00,4,1881,106,40,111251,True,45,0,1.33e-15,1.99e-07,0,0,505,111282,31,-9,True,True,2.2e-16
ts_demean,3,PCB,window 2,59,386745,110616,0.2860179187836947,True,0.2860101617344762,110613,0.0e+00,-3,2395,190,83,110533,True,79,0,8.88e-16,3.33e-07,0,0,617,110600,67,-16,True,True,1.1e-16
ts_demean,3,PCB,window 3,59,386745,127583,0.3298892034803294,True,0.3298995462126207,127587,1.5e-11,4,1877,113,38,127545,True,35,0,1.33e-15,4.85e-09,0,0,470,127584,39,1,True,True,4.5e-17
ts_demean,3,PCB,window 4,59,386745,126628,0.32741987614578083,True,0.3274147047796352,126626,1.5e-11,-2,2118,250,88,126540,True,94,0,1.33e-15,4.40e-07,0,0,522,126632,92,4,True,True,1.1e-16
ts_demean,3,PCB,window 5,59,386745,114974,0.29728632561506935,True,0.2973018397135063,114980,0.0e+00,6,2336,109,37,114937,True,49,0,1.33e-15,6.54e-07,0,0,619,114976,39,2,True,True,1.1e-16
ts_demean,3,PCB,window 6,59,386745,124056,0.32076949928247295,True,0.32076432791632725,124054,1.5e-11,-2,2196,164,65,123991,True,61,0,1.11e-15,5.58e-08,0,0,513,124049,58,-7,True,True,2.2e-16
ts_demean,3,PCB,window 7,59,386745,107725,0.2785427090201554,True,0.27853753765400974,107723,0.0e+00,-2,2413,208,76,107649,True,83,0,1.11e-15,4.04e-07,0,0,652,107740,91,15,True,True,6.9e-17
ts_demean,3,PCB,window 8,59,386745,113014,0.29221838679233086,True,0.2922132154261852,113012,0.0e+00,-2,2241,178,78,112936,True,63,0,1.33e-15,1.13e-08,0,0,589,113002,66,-12,True,True,3.5e-17
ts_demean,3,PCB,window 9,59,386745,123140,0.31840101358776457,True,0.31840359927083733,123141,1.5e-11,1,2027,153,56,123084,True,59,0,1.55e-15,1.46e-07,0,0,482,123140,56,0,True,True,5.6e-17
ts_demean,3,PCB,window 10,59,386745,117044,0.3026386895758187,True,0.30262576116045453,117039,1.5e-11,-5,2324,176,68,116976,True,69,0,1.44e-15,3.04e-07,0,0,590,117050,74,6,True,True,2.2e-16
ts_demean,3,PCB,window 11,59,386745,119230,0.3082909927730158,True,0.30827289299150606,119223,1.5e-11,-7,2149,226,92,119138,True,85,0,1.33e-15,1.03e-06,0,0,564,119218,80,-12,True,True,2.2e-16
ts_demean,3,PCB,window 12,59,386745,122333,0.3163143673479942,True,0.31629109620033874,122324,0.0e+00,-9,2614,260,110,122223,True,98,0,1.33e-15,9.41e-08,0,0,629,122331,108,-2,True,True,1.1e-16
ts_demean,3,PCB,window 13,59,386745,119802,0.3097700034906722,True,0.30978810327218187,119809,2.9e-11,7,2294,195,79,119723,True,77,0,1.33e-15,1.11e-06,0,0,582,119805,82,3,True,True,3.3e-16
ts_demean,3,PCB,window 14,58,380190,119225,0.3135932033983009,True,0.31358794287066993,119223,0.0e+00,-2,1901,109,37,119188,True,38,0,1.11e-15,2.58e-07,0,0,472,119230,42,5,True,True,1.1e-16
ts_demean,3,PCB,global,838,5493090,1720918,0.313287785199223,True,0.31328505449573923,1720903,2.3e-10,-15,11729,1060,438,1720480,True,434,0,1.33e-15,1.27e-08,0,0,2445,1720898,418,-20,True,True,4.4e-16
ts_demean,4,DMT,window 1,59,386745,114480,0.2960089981770934,True,0.2960089981770934,114480,0.0e+00,0,2071,108,45,114435,True,42,0,1.11e-15,1.08e-06,0,0,537,114476,41,-4,True,True,2.2e-16
ts_demean,4,DMT,window 2,59,386745,120608,0.3118540640473697,True,0.3118540640473697,120608,0.0e+00,0,1953,180,67,120541,True,84,0,1.33e-15,1.26e-08,0,0,477,120613,72,5,True,True,1.1e-16
ts_demean,4,DMT,window 3,59,386745,118578,0.3066051274095334,True,0.30659995604338774,118576,0.0e+00,-2,2029,149,64,118514,True,63,0,1.44e-15,4.39e-08,0,0,510,118578,64,0,True,True,2.2e-16
ts_demean,4,DMT,window 4,59,386745,115321,0.2981835576413399,True,0.2981939003736312,115325,0.0e+00,4,1769,178,59,115262,True,71,0,1.33e-15,1.15e-07,0,0,438,115325,63,4,True,True,3.3e-16
ts_demean,4,DMT,window 5,59,386745,110971,0.28693583627454783,True,0.2869229078591837,110966,1.5e-11,-5,2169,201,72,110899,True,74,0,1.33e-15,2.17e-07,0,0,578,110977,78,6,True,True,2.2e-16
ts_demean,4,DMT,window 6,59,386745,104349,0.2698134429662956,True,0.26983412843087823,104357,0.0e+00,8,2001,215,76,104273,True,80,0,1.33e-15,3.15e-07,0,0,493,104352,79,3,True,True,1.1e-16
ts_demean,4,DMT,window 7,59,386745,104038,0.2690092955306468,True,0.26902222394601094,104043,0.0e+00,5,2332,291,108,103930,True,118,0,9.99e-16,4.86e-07,0,0,604,104037,107,-1,True,True,1.1e-16
ts_demean,4,DMT,window 8,59,386745,105615,0.2730869177364931,True,0.2730817463703474,105613,0.0e+00,-2,2284,309,125,105490,True,128,0,1.11e-15,1.34e-07,0,0,564,105595,105,-20,True,True,1.1e-16
ts_demean,4,DMT,window 9,59,386745,111146,0.2873883308122923,True,0.28738833081229237,111146,1.5e-11,0,2046,197,65,111081,True,79,0,2.11e-15,5.31e-07,0,0,507,111146,65,0,True,True,2.2e-16
ts_demean,4,DMT,window 10,59,386745,112146,0.2899740138851181,True,0.28997659956819094,112147,0.0e+00,1,2429,216,81,112065,True,78,0,1.11e-15,5.33e-07,0,0,558,112146,81,0,True,True,2.2e-16
ts_demean,4,DMT,window 11,59,386745,107031,0.27674824496761435,True,0.2767430736014687,107029,1.5e-11,-2,2057,201,75,106956,True,78,0,1.78e-15,2.18e-07,0,0,500,107032,76,1,True,True,1.1e-16
ts_demean,4,DMT,window 12,59,386745,112623,0.291207384710856,True,0.29121772744314733,112627,1.5e-11,4,2216,215,76,112547,True,81,0,1.22e-15,5.52e-07,0,0,564,112632,85,9,True,True,2.2e-16
ts_demean,4,DMT,window 13,59,386745,115249,0.29799738846009644,True,0.29799221709395074,115247,1.5e-11,-2,2287,254,106,115143,True,106,0,2.00e-15,7.47e-07,0,0,526,115249,106,0,True,True,3.3e-16
ts_demean,4,DMT,window 14,59,386745,115656,0.29904976147073653,True,0.29904200442151807,115653,0.0e+00,-3,2196,176,73,115583,True,81,0,1.11e-15,1.74e-07,0,0,532,115648,65,-8,True,True,2.2e-16
ts_demean,4,DMT,global,839,5499645,1551841,0.2821711219542352,True,0.282172394763662,1551848,0.0e+00,7,9201,1737,655,1551186,True,697,0,1.67e-15,1.74e-08,0,0,1924,1551848,662,7,True,True,1.1e-16
ts_demean,4,PCB,window 1,59,386745,138492,0.3580964201217856,True,0.3581041771710041,138495,0.0e+00,3,2358,90,38,138454,True,35,0,1.55e-15,5.27e-07,0,0,692,138494,40,2,True,True,2.2e-16
ts_demean,4,PCB,window 2,59,386745,120133,0.31062586458777747,True,0.31061810753855895,120130,1.5e-11,-3,2026,199,84,120049,True,82,0,1.33e-15,1.15e-06,0,0,531,120118,69,-15,True,True,2.2e-16
ts_demean,4,PCB,window 3,59,386745,121278,0.313586471706163,True,0.31357871465694453,121275,1.5e-11,-3,2408,284,112,121166,True,106,0,1.78e-15,8.57e-07,0,0,600,121276,110,-2,True,True,2.2e-16
ts_demean,4,PCB,window 4,59,386745,111445,0.28816145005106725,True,0.28818213551564986,111453,0.0e+00,8,2125,250,94,111351,True,102,0,1.33e-15,3.28e-07,0,0,552,111445,94,0,True,True,1.1e-16
ts_demean,4,PCB,window 5,59,386745,105733,0.2733920283390865,True,0.2733894426560136,105732,1.5e-11,-1,2282,308,112,105621,True,105,0,1.11e-15,3.63e-07,0,0,631,105720,99,-13,True,True,1.1e-16
ts_demean,4,PCB,window 6,59,386745,105487,0.27275595030317135,True,0.2727740500846811,105494,1.5e-11,7,2234,273,121,105366,True,113,0,1.55e-15,4.97e-07,0,0,558,105482,116,-5,True,True,2.2e-16
ts_demean,4,PCB,window 7,59,386745,116100,0.3001978047550712,True,0.3001978047550712,116100,0.0e+00,0,1967,312,117,115983,True,116,0,1.33e-15,2.68e-08,0,0,483,116115,132,15,True,True,1.1e-16
ts_demean,4,PCB,window 8,59,386745,126491,0.32706563756480367,True,0.3270733946140222,126494,1.5e-11,3,1873,219,84,126407,True,92,0,1.33e-15,1.12e-07,0,0,481,126491,84,0,True,True,7.6e-17
ts_demean,4,PCB,window 9,59,386745,108967,0.281754127396605,True,0.28175412739660505,108967,1.5e-11,0,2477,307,117,108850,True,111,0,1.11e-15,1.63e-08,0,0,610,108970,120,3,True,True,1.1e-16
ts_demean,4,PCB,window 10,59,386745,112399,0.290628191702543,True,0.2906256060194702,112398,0.0e+00,-1,2356,178,61,112338,True,79,0,1.33e-15,3.45e-07,0,0,589,112399,61,0,True,True,2.2e-16
ts_demean,4,PCB,window 11,59,386745,123548,0.31945597228147743,True,0.31946372933069594,123551,0.0e+00,3,2045,209,86,123462,True,97,0,1.78e-15,2.46e-07,0,0,473,123554,92,6,True,True,1.1e-16
ts_demean,4,PCB,window 12,59,386745,106804,0.27616129491008284,True,0.27616129491008284,106804,1.5e-11,0,1965,172,73,106731,True,61,0,1.33e-15,2.92e-07,0,0,475,106797,66,-7,True,True,1.1e-16
ts_demean,4,PCB,window 13,59,386745,120246,0.3109180467750068,True,0.3109180467750068,120246,0.0e+00,0,1672,173,69,120177,True,65,0,1.11e-15,1.41e-07,0,0,422,120238,61,-8,True,True,3.3e-16
ts_demean,4,PCB,window 14,59,386745,112538,0.2909876016496658,True,0.2909979443819571,112542,0.0e+00,4,1754,172,58,112480,True,66,0,1.33e-15,5.14e-07,0,0,421,112547,67,9,True,True,1.1e-16
ts_demean,4,PCB,global,839,5499645,1618146,0.29422735467471084,True,0.29423535519110783,1618190,2.3e-10,44,8790,2296,863,1617283,True,890,0,1.83e-15,1.55e-08,0,0,1975,1618169,886,23,True,True,1.1e-16
ts_demean,5,DMT,window 1,59,386745,108675,0.28099910793933985,True,0.2809939365731942,108673,0.0e+00,-2,2003,188,77,108598,True,84,0,2.00e-15,4.79e-07,0,0,480,108666,68,-9,True,True,3.3e-16
ts_demean,5,DMT,window 2,59,386745,113664,0.2938990807896676,True,0.29390166647274046,113665,1.5e-11,1,2403,158,58,113606,True,68,0,1.55e-15,2.36e-07,0,0,599,113668,62,4,True,True,2.2e-16
ts_demean,5,DMT,window 3,59,386745,110179,0.28488797528086984,True,0.28489056096394266,110180,0.0e+00,1,2089,195,75,110104,True,74,0,1.11e-15,6.25e-08,0,0,492,110174,70,-5,True,True,1.1e-16
ts_demean,5,DMT,window 4,59,386745,114392,0.29578145806668477,True,0.29579180079897605,114396,1.5e-11,4,2582,324,128,114264,True,132,0,1.78e-15,4.96e-07,0,0,623,114391,127,-1,True,True,2.2e-16
ts_demean,5,DMT,window 5,59,386745,129273,0.33425900787340496,True,0.33424090809189516,129266,0.0e+00,-7,2717,177,70,129203,True,72,0,1.78e-15,5.88e-08,0,0,779,129265,62,-8,True,True,3.3e-16
ts_demean,5,DMT,window 6,59,386745,95603,0.24719905881136148,True,0.24720164449443432,95604,0.0e+00,1,2376,233,97,95506,True,93,0,1.11e-15,2.59e-07,0,0,618,95615,109,12,True,True,2.8e-17
ts_demean,5,DMT,window 7,59,386745,122421,0.31654190745840277,True,0.3165419074584028,122421,0.0e+00,0,2375,107,40,122381,True,46,0,1.78e-15,3.01e-07,0,0,664,122432,51,11,True,True,1.1e-16
ts_demean,5,DMT,window 8,59,386745,104767,0.2708942584907368,True,0.27090977258917376,104773,0.0e+00,6,2222,233,79,104688,True,97,0,1.11e-15,7.26e-07,0,0,538,104782,94,15,True,True,2.2e-16
ts_demean,5,DMT,window 9,59,386745,102349,0.2646420768206441,True,0.26461621998991586,102339,1.5e-11,-10,2291,288,118,102231,True,116,0,1.44e-15,2.53e-07,0,0,543,102353,122,4,True,True,1.1e-16
ts_demean,5,DMT,window 10,59,386745,114596,0.2963089374135412,True,0.2963063517304684,114595,1.5e-11,-1,2036,159,65,114531,True,72,0,1.78e-15,2.43e-07,0,0,518,114593,62,-3,True,True,1.1e-16
ts_demean,5,DMT,window 11,59,386745,124497,0.3219097855175891,True,0.3219175425668076,124500,0.0e+00,3,2173,173,64,124433,True,73,0,1.33e-15,1.47e-06,0,0,525,124504,71,7,True,True,2.2e-16
ts_demean,5,DMT,window 12,59,386745,112322,0.2904290941059354,True,0.2904265084228626,112321,0.0e+00,-1,2212,213,85,112237,True,83,0,9.99e-16,4.22e-08,0,0,542,112319,82,-3,True,True,1.1e-16
ts_demean,5,DMT,window 13,59,386745,109340,0.282718587182769,True,0.28271341581662335,109338,0.0e+00,-2,2262,214,98,109242,True,98,0,9.99e-16,1.43e-07,0,0,592,109324,82,-16,True,True,2.8e-17
ts_demean,5,DMT,window 14,59,386745,105529,0.27286454899223006,True,0.27286972035837564,105531,1.5e-11,2,2009,258,101,105428,True,100,0,1.78e-15,2.26e-07,0,0,486,105517,89,-12,True,True,6.9e-17
ts_demean,5,DMT,global,839,5499645,1580894,0.28745382656516916,True,0.287455099374596,1580901,0.0e+00,7,9738,1476,568,1580326,True,596,0,2.11e-15,5.34e-09,0,0,2102,1580912,586,18,True,True,3.3e-16
ts_demean,5,PCB,window 1,59,386745,108752,0.28119820553594743,True,0.28119044848672897,108749,0.0e+00,-3,1948,202,83,108669,True,83,0,9.99e-16,4.49e-07,0,0,512,108747,78,-5,True,True,1.1e-16
ts_demean,5,PCB,window 2,59,386745,119583,0.3092037388977233,True,0.3092114959469418,119586,1.5e-11,3,2197,151,57,119526,True,58,0,1.33e-15,6.00e-07,0,0,560,119590,64,7,True,True,2.2e-16
ts_demean,5,PCB,window 3,59,386745,131873,0.34098178386275196,True,0.3409791981796791,131872,0.0e+00,-1,2339,178,66,131807,True,69,0,1.89e-15,8.63e-07,0,0,575,131875,68,2,True,True,3.3e-16
ts_demean,5,PCB,window 4,59,386745,125583,0.3247178373346779,True,0.3247230087008235,125585,1.5e-11,2,2549,223,94,125489,True,85,0,1.55e-15,1.04e-06,0,0,697,125577,88,-6,True,True,1.1e-16
ts_demean,5,PCB,window 5,59,386745,101094,0.2613970445642478,True,0.26137635909966517,101086,0.0e+00,-8,2714,207,79,101015,True,81,0,1.55e-15,2.95e-07,0,0,681,101091,76,-3,True,True,1.1e-16
ts_demean,5,PCB,window 6,59,386745,111611,0.2885906734411563,True,0.28856740229350086,111602,1.5e-11,-9,2306,182,81,111530,True,76,0,1.33e-15,1.00e-06,0,0,637,111605,75,-6,True,True,1.1e-16
ts_demean,5,PCB,window 7,59,386745,114280,0.29549186156252827,True,0.29547893314716417,114275,0.0e+00,-5,2253,192,72,114208,True,87,0,1.11e-15,9.98e-07,0,0,539,114277,69,-3,True,True,1.1e-16
ts_demean,5,PCB,window 8,59,386745,121184,0.31334341749731737,True,0.313348588863463,121186,0.0e+00,2,2264,204,84,121100,True,77,0,1.22e-15,4.36e-07,0,0,582,121176,76,-8,True,True,1.1e-16
ts_demean,5,PCB,window 9,59,386745,111558,0.28845363223829656,True,0.28845363223829656,111558,0.0e+00,0,2313,202,75,111483,True,78,0,1.22e-15,2.38e-06,0,0,582,111556,73,-2,True,True,4.9e-17
ts_demean,5,PCB,window 10,59,386745,115560,0.29880153589574526,True,0.2987860217973083,115554,0.0e+00,-6,2420,181,65,115495,True,78,0,1.11e-15,4.83e-08,0,0,578,115562,67,2,True,True,3.3e-16
ts_demean,5,PCB,window 11,59,386745,108164,0.2796778238891259,True,0.2796855809383444,108167,0.0e+00,3,2243,196,84,108080,True,76,0,1.33e-15,9.98e-08,0,0,560,108160,80,-4,True,True,6.2e-17
ts_demean,5,PCB,window 12,59,386745,113052,0.2923166427490982,True,0.29231922843217106,113053,0.0e+00,1,1934,141,46,113006,True,55,0,1.78e-15,4.30e-07,0,0,507,113057,51,5,True,True,1.1e-16
ts_demean,5,PCB,window 13,59,386745,99507,0.2572935655276733,True,0.25729615121074606,99508,1.5e-11,1,2088,219,89,99418,True,80,0,9.99e-16,7.90e-07,0,0,510,99490,72,-17,True,True,1.1e-16
ts_demean,5,PCB,window 14,59,386745,100098,0.2588217042237133,True,0.2588010187591307,100090,0.0e+00,-8,2298,211,78,100020,True,88,0,9.99e-16,4.75e-07,0,0,567,100106,86,8,True,True,1.1e-16
ts_demean,5,PCB,global,839,5499645,1610151,0.2927736244793982,True,0.292773260819562,1610149,0.0e+00,-2,11699,2044,806,1609345,True,806,0,1.72e-15,6.85e-09,0,0,2420,1610141,796,-10,True,True,3.3e-16
ts_demean,6,DMT,window 1,59,386745,108262,0.27993122083026284,True,0.2799389778794813,108265,0.0e+00,3,1914,139,47,108215,True,57,0,1.11e-15,6.94e-08,0,0,478,108274,59,12,True,True,5.2e-17
ts_demean,6,DMT,window 2,59,386745,126150,0.3261839196369701,True,0.3261735769046788,126146,0.0e+00,-4,2348,197,79,126071,True,77,0,1.11e-15,4.77e-07,0,0,586,126151,80,1,True,True,1.1e-16
ts_demean,6,DMT,window 3,59,386745,107498,0.277955758962624,True,0.2779583446456968,107499,1.5e-11,1,2350,194,71,107427,True,75,0,1.78e-15,4.37e-07,0,0,615,107504,77,6,True,True,1.1e-16
ts_demean,6,DMT,window 4,59,386745,120515,0.3116135955215969,True,0.3116446237184708,120527,1.5e-11,12,2038,252,93,120422,True,108,0,1.78e-15,1.87e-06,0,0,520,120520,98,5,True,True,3.3e-16
ts_demean,6,DMT,window 5,59,386745,132416,0.34238580977129635,True,0.3423961525035876,132420,0.0e+00,4,2298,255,89,132327,True,100,0,1.67e-15,4.92e-07,0,0,538,132425,98,9,True,True,5.6e-16
ts_demean,6,DMT,window 6,59,386745,116179,0.30040207371782435,True,0.30040983076704286,116182,1.5e-11,3,2353,197,75,116104,True,83,0,1.78e-15,1.49e-07,0,0,611,116187,83,8,True,True,4.9e-17
ts_demean,6,DMT,window 7,59,386745,105028,0.2715691217727443,True,0.2715898072373269,105036,1.5e-11,8,2237,200,63,104965,True,67,0,1.11e-15,3.09e-07,0,0,536,105053,88,25,True,True,1.1e-16
ts_demean,6,DMT,window 8,59,386745,110905,0.2867651811917413,True,0.28678069529017824,110911,1.5e-11,6,2272,210,65,110840,True,85,0,1.11e-15,5.11e-09,0,0,524,110910,70,5,True,True,1.1e-16
ts_demean,6,DMT,window 9,59,386745,106237,0.2746952126077906,True,0.27468486987549934,106233,1.5e-11,-4,2235,262,102,106135,True,109,0,1.33e-15,4.51e-08,0,0,526,106247,112,10,True,True,1.1e-16
ts_demean,6,DMT,window 10,59,386745,103215,0.2668812783617112,True,0.2668761069955655,103213,1.5e-11,-2,2453,243,92,103123,True,85,0,8.88e-16,6.84e-07,0,0,594,103207,84,-8,True,True,1.1e-16
ts_demean,6,DMT,window 11,59,386745,122885,0.317741664404194,True,0.31771322189039286,122874,1.5e-11,-11,2101,164,63,122822,True,63,0,1.78e-15,4.52e-07,0,0,592,122889,67,4,True,True,1.1e-16
ts_demean,6,DMT,window 12,59,386745,100709,0.26040155658120984,True,0.26040414226428266,100710,0.0e+00,1,2625,241,103,100606,True,96,0,1.11e-15,1.82e-06,0,0,628,100702,96,-7,True,True,2.2e-16
ts_demean,6,DMT,window 13,59,386745,109756,0.2837942313410645,True,0.28380457407335585,109760,1.5e-11,4,2165,197,82,109674,True,81,0,1.33e-15,2.27e-07,0,0,588,109743,69,-13,True,True,1.1e-16
ts_demean,6,DMT,window 14,59,386745,110921,0.28680655212090655,True,0.28678845233939676,110914,0.0e+00,-7,2258,204,92,110829,True,80,0,1.22e-15,9.56e-07,0,0,536,110909,80,-12,True,True,2.8e-17
ts_demean,6,DMT,global,839,5499645,1605863,0.2919939377905301,True,0.2919913921716766,1605849,2.3e-10,-14,11392,2456,935,1604928,True,960,0,2.05e-15,9.09e-09,0,0,2403,1605890,962,27,True,True,3.3e-16
ts_demean,6,PCB,window 1,59,386745,101493,0.26242873211030526,True,0.2624183893780139,101489,0.0e+00,-4,2037,229,87,101406,True,96,0,1.22e-15,1.39e-07,0,0,504,101497,91,4,True,True,5.6e-17
ts_demean,6,PCB,window 2,59,386745,107208,0.2772059108715045,True,0.27720332518843166,107207,0.0e+00,-1,2140,242,93,107115,True,99,0,1.33e-15,8.28e-07,0,0,533,107217,102,9,True,True,2.2e-16
ts_demean,6,PCB,window 3,59,386745,105707,0.273324800579193,True,0.273324800579193,105707,0.0e+00,0,2246,231,98,105609,True,87,0,1.78e-15,1.79e-07,0,0,505,105701,92,-6,True,True,1.1e-16
ts_demean,6,PCB,window 4,59,386745,115373,0.2983180131611268,True,0.29833352725956375,115379,1.5e-11,6,2378,201,68,115305,True,76,0,1.17e-15,4.28e-08,0,0,584,115378,73,5,True,True,1.1e-16
ts_demean,6,PCB,window 5,59,386745,113314,0.29299409171417856,True,0.2929837489818873,113310,0.0e+00,-4,2071,186,80,113234,True,69,0,1.22e-15,8.14e-07,0,0,483,113316,82,2,True,True,2.2e-16
ts_demean,6,PCB,window 6,59,386745,127515,0.32971337703137726,True,0.3297211340805957,127518,0.0e+00,3,2514,181,66,127449,True,77,0,1.11e-15,1.32e-08,0,0,639,127522,73,7,True,True,3.3e-16
ts_demean,6,PCB,window 7,59,386745,118621,0.3067163117816649,True,0.30673182588010184,118627,1.5e-11,6,2017,133,42,118579,True,46,0,1.33e-15,9.42e-07,0,0,601,118627,48,6,True,True,1.1e-16
ts_demean,6,PCB,window 8,59,386745,110923,0.2868117234870522,True,0.2868091378039794,110922,0.0e+00,-1,2449,198,83,110840,True,86,0,1.44e-15,7.34e-07,0,0,553,110919,79,-4,True,True,2.2e-16
ts_demean,6,PCB,window 9,59,386745,114323,0.2956030459346598,True,0.29559270320236847,114319,0.0e+00,-4,2296,162,63,114260,True,65,0,1.55e-15,2.04e-08,0,0,555,114323,63,0,True,True,5.6e-17
ts_demean,6,PCB,window 10,59,386745,115175,0.2978060479127073,True,0.29779829086348886,115172,0.0e+00,-3,1898,131,54,115121,True,51,0,1.55e-15,3.85e-07,0,0,487,115182,61,7,True,True,1.1e-16
ts_demean,6,PCB,window 11,59,386745,106624,0.2756958719569742,True,0.2756984576400471,106625,1.5e-11,1,2358,215,65,106559,True,79,0,1.22e-15,7.54e-08,0,0,577,106623,64,-1,True,True,1.1e-16
ts_demean,6,PCB,window 12,59,386745,111364,0.2879520097221684,True,0.2879597667713868,111367,1.5e-11,3,2473,268,102,111262,True,103,0,1.11e-15,8.96e-09,0,0,576,111385,123,21,True,True,1.1e-16
ts_demean,6,PCB,window 13,59,386745,103687,0.268101720772085,True,0.26810689213823063,103689,0.0e+00,2,1946,151,63,103624,True,67,0,1.11e-15,3.04e-07,0,0,499,103685,61,-2,True,True,4.9e-17
ts_demean,6,PCB,window 14,59,386745,115956,0.29982546639258423,True,0.29982546639258423,115956,1.5e-11,0,2214,159,68,115888,True,50,0,1.11e-15,6.70e-07,0,0,507,115950,62,-6,True,True,2.2e-16
ts_demean,6,PCB,global,839,5499645,1588238,0.28878918548379034,True,0.28878973097354466,1588241,0.0e+00,3,10801,1624,583,1587655,True,642,0,1.89e-15,2.89e-08,0,0,2106,1588265,610,27,True,True,2.2e-16
ts_demean,7,DMT,window 1,59,386745,121172,0.3133123893004435,True,0.3133072179342977,121170,2.9e-11,-2,2369,275,111,121061,True,94,0,1.33e-15,1.98e-07,0,0,647,121170,109,-2,True,True,1.1e-16
ts_demean,7,DMT,window 2,59,386745,130964,0.3386313979495533,True,0.33862364090033487,130961,1.5e-11,-3,2101,259,101,130863,True,114,0,1.33e-15,5.64e-07,0,0,544,130966,103,2,True,True,5.6e-17
ts_demean,7,DMT,window 3,59,386745,146444,0.3786577719168962,True,0.37865260055075045,146442,2.9e-11,-2,2560,177,73,146371,True,74,0,1.11e-15,3.10e-07,0,0,660,146449,78,5,True,True,1.1e-16
ts_demean,7,DMT,window 4,59,386745,133382,0.344883579619646,True,0.34487582257042754,133379,0.0e+00,-3,2409,182,59,133323,True,68,0,1.33e-15,1.48e-07,0,0,614,133397,74,15,True,True,2.2e-16
ts_demean,7,DMT,window 5,59,386745,148786,0.38471344167345406,True,0.38472378440574545,148790,2.9e-11,4,2145,125,43,148743,True,51,0,1.33e-15,2.20e-06,0,0,579,148785,42,-1,True,True,1.1e-16
ts_demean,7,DMT,window 6,59,386745,114766,0.2967485035359216,True,0.2967821174158683,114779,1.5e-11,13,2484,193,69,114697,True,79,0,1.55e-15,3.98e-09,0,0,632,114770,73,4,True,True,3.3e-16
ts_demean,7,DMT,window 7,59,386745,112747,0.2915280094118864,True,0.29153059509495927,112748,1.5e-11,1,2491,229,90,112657,True,91,0,1.11e-15,3.19e-07,0,0,640,112735,78,-12,True,True,6.9e-17
ts_demean,7,DMT,window 8,59,386745,119128,0.30802725309958756,True,0.3080220817334419,119126,0.0e+00,-2,2215,151,63,119065,True,61,0,1.44e-15,2.27e-07,0,0,606,119118,53,-10,True,True,2.2e-16
ts_demean,7,DMT,window 9,59,386745,130626,0.3377574370709382,True,0.33775226570479255,130624,0.0e+00,-2,2064,104,46,130580,True,36,0,9.99e-16,1.41e-06,0,0,624,130623,43,-3,True,True,3.3e-16
ts_demean,7,DMT,window 10,59,386745,115721,0.2992178308704702,True,0.2992152451873974,115720,0.0e+00,-1,2130,203,81,115640,True,85,0,1.55e-15,3.72e-07,0,0,572,115723,83,2,True,True,2.2e-16
ts_demean,7,DMT,window 11,59,386745,118906,0.30745323145742026,True,0.3074584028235659,118908,0.0e+00,2,1964,136,53,118853,True,60,0,1.22e-15,3.04e-07,0,0,513,118911,58,5,True,True,8.3e-17
ts_demean,7,DMT,window 12,59,386745,148676,0.38442901653544326,True,0.38440574538778777,148667,2.9e-11,-9,3478,85,38,148638,True,47,0,1.33e-15,1.32e-06,0,0,1081,148665,27,-11,True,True,2.2e-16
ts_demean,7,DMT,window 13,59,386745,99009,0.25600589535740603,True,0.2559852098928234,99001,1.5e-11,-8,2476,249,95,98914,True,97,0,1.11e-15,6.23e-07,0,0,617,99013,99,4,True,True,2.2e-16
ts_demean,7,DMT,window 14,59,386745,113563,0.2936379267993122,True,0.2936379267993122,113563,0.0e+00,0,2268,162,61,113502,True,55,0,1.55e-15,1.85e-06,0,0,608,113566,64,3,True,True,1.1e-16
ts_demean,7,DMT,global,839,5499645,1824428,0.3317355938428753,True,0.33173995776091003,1824452,0.0e+00,24,10311,1555,563,1823865,True,591,0,2.66e-15,2.37e-08,0,0,2501,1824440,575,12,True,True,1.1e-16
ts_demean,7,PCB,window 1,59,386745,111857,0.28922675147707144,True,0.28922675147707144,111857,0.0e+00,0,2200,152,56,111801,True,58,0,1.22e-15,8.03e-08,0,0,621,111872,71,15,True,True,2.2e-16
ts_demean,7,PCB,window 2,59,386745,122523,0.316805647131831,True,0.3168004757656854,122521,1.5e-11,-2,1893,162,68,122455,True,66,0,1.44e-15,1.11e-06,0,0,519,122533,78,10,True,True,1.1e-16
ts_demean,7,PCB,window 3,59,386745,123395,0.3190603627713351,True,0.3190422629898253,123388,1.5e-11,-7,1964,127,56,123339,True,55,0,1.11e-15,1.34e-07,0,0,546,123384,45,-11,True,True,1.1e-16
ts_demean,7,PCB,window 4,59,386745,114847,0.2969579438648205,True,0.29697087228018465,114852,1.5e-11,5,2424,205,87,114760,True,83,0,1.78e-15,8.31e-08,0,0,647,114839,79,-8,True,True,4.2e-17
ts_demean,7,PCB,window 5,59,386745,115535,0.2987368938189246,True,0.2987343081358518,115534,0.0e+00,-1,2112,125,55,115480,True,47,0,1.78e-15,1.86e-07,0,0,577,115533,53,-2,True,True,2.2e-16
ts_demean,7,PCB,window 6,59,386745,108847,0.2814438454278659,True,0.28144384542786594,108847,1.5e-11,0,2207,177,70,108777,True,66,0,1.33e-15,9.53e-07,0,0,575,108837,60,-10,True,True,5.6e-17
ts_demean,7,PCB,window 7,59,386745,116539,0.3013329196240417,True,0.30132774825789604,116537,0.0e+00,-2,2221,179,71,116468,True,60,0,1.55e-15,1.57e-07,0,0,574,116532,64,-7,True,True,2.2e-16
ts_demean,7,PCB,window 8,59,386745,112196,0.2901032980387594,True,0.29011105508797785,112199,0.0e+00,3,2193,135,53,112143,True,59,0,1.22e-15,9.33e-07,0,0,634,112196,53,0,True,True,1.1e-16
ts_demean,7,PCB,window 9,59,386745,108502,0.280551784767741,True,0.2805647131831051,108507,1.5e-11,5,2437,250,82,108420,True,97,0,9.99e-16,1.37e-07,0,0,665,108514,94,12,True,True,1.1e-16
ts_demean,7,PCB,window 10,59,386745,131461,0.3399164824367477,True,0.33991389675367484,131460,2.9e-11,-1,2044,162,60,131401,True,54,0,1.78e-15,1.74e-07,0,0,565,131467,66,6,True,True,1.1e-16
ts_demean,7,PCB,window 11,59,386745,114109,0.2950497097570751,True,0.29504970975707506,114109,0.0e+00,0,2174,161,55,114054,True,63,0,8.88e-16,1.42e-07,0,0,594,114118,64,9,True,True,1.1e-16
ts_demean,7,PCB,window 12,59,386745,101499,0.2624442462087422,True,0.26245976030717916,101505,0.0e+00,6,2313,168,55,101444,True,65,0,9.99e-16,2.01e-07,0,0,578,101510,66,11,True,True,1.1e-16
ts_demean,7,PCB,window 13,59,386745,108661,0.2809629083763203,True,0.2809732511086116,108665,0.0e+00,4,1994,196,79,108582,True,74,0,1.44e-15,2.60e-07,0,0,522,108657,75,-4,True,True,4.4e-16
ts_demean,7,PCB,window 14,59,386745,118057,0.3052579865285912,True,0.30524505811322705,118052,0.0e+00,-5,2273,112,59,117998,True,56,0,1.33e-15,1.78e-07,0,0,600,118037,39,-20,True,True,1.1e-16
ts_demean,7,PCB,global,839,5499645,1678455,0.30519333520618147,True,0.30519442618569015,1678461,0.0e+00,6,10726,1044,400,1678055,True,429,0,2.66e-15,5.39e-09,0,0,2508,1678467,412,12,True,True,1.1e-16
ts_demean,8,DMT,window 1,59,386745,103666,0.26804742142755567,True,0.26803707869526433,103662,0.0e+00,-4,1944,123,50,103616,True,64,0,1.44e-15,4.92e-07,0,0,514,103669,53,3,True,True,2.2e-16
ts_demean,8,DMT,window 2,59,386745,108714,0.28109994957918005,True,0.2810896068468888,108710,0.0e+00,-4,2196,213,79,108635,True,87,0,1.55e-15,1.50e-06,0,0,564,108705,70,-9,True,True,1.1e-16
ts_demean,8,DMT,window 3,59,386745,123345,0.3189310786176938,True,0.3189181502023298,123340,2.9e-11,-5,2377,182,70,123275,True,71,0,1.33e-15,8.71e-08,0,0,568,123356,81,11,True,True,1.1e-16
ts_demean,8,DMT,window 4,59,386745,136781,0.3536723163841808,True,0.35366973070110796,136780,0.0e+00,-1,1885,135,58,136723,True,51,0,1.11e-15,1.84e-07,0,0,501,136777,54,-4,True,True,1.1e-16
ts_demean,8,DMT,window 5,59,386745,131899,0.34104901162264545,True,0.3410515973057182,131900,0.0e+00,1,2995,183,74,131825,True,61,0,1.33e-15,1.20e-06,0,0,830,131904,79,5,True,True,1.1e-16
ts_demean,8,DMT,window 6,59,386745,113962,0.2946696143453697,True,0.2946618572961512,113959,1.5e-11,-3,2185,160,57,113905,True,59,0,1.11e-15,8.42e-08,0,0,598,113966,61,4,True,True,1.1e-16
ts_demean,8,DMT,window 7,59,386745,100621,0.2601740164708012,True,0.2601714307877283,100620,1.5e-11,-1,2287,262,103,100518,True,103,0,1.33e-15,4.72e-07,0,0,520,100606,88,-15,True,True,2.2e-16
ts_demean,8,DMT,window 8,59,386745,97586,0.25232646834477496,True,0.25233163971092065,97588,1.5e-11,2,2249,219,90,97496,True,85,0,1.11e-15,4.25e-07,0,0,651,97586,90,0,True,True,5.6e-17
ts_demean,8,DMT,window 9,59,386745,129536,0.33493904252155815,True,0.3349416282046309,129537,1.5e-11,1,2739,136,55,129481,True,50,0,1.33e-15,2.22e-06,0,0,854,129533,52,-3,True,True,1.1e-16
ts_demean,8,DMT,window 10,59,386745,98854,0.25560511448111806,True,0.25560252879804524,98853,0.0e+00,-1,2425,204,69,98785,True,70,0,1.78e-15,4.45e-07,0,0,649,98873,88,19,True,True,6.9e-17
ts_demean,8,DMT,window 11,59,386745,98733,0.2552922468293061,True,0.2552819040970148,98729,1.5e-11,-4,2235,273,110,98623,True,114,0,1.33e-15,2.01e-06,0,0,541,98734,111,1,True,True,1.1e-16
ts_demean,8,DMT,window 12,59,386745,115814,0.29945829939624297,True,0.29943244256551477,115804,1.5e-11,-10,2441,308,124,115690,True,128,0,1.11e-15,3.70e-07,0,0,656,115792,102,-22,True,True,1.1e-16
ts_demean,8,DMT,window 13,59,386745,109431,0.28295388434239616,True,0.2829383702439592,109425,0.0e+00,-6,2333,266,107,109324,True,99,0,1.55e-15,2.58e-07,0,0,568,109431,107,0,True,True,1.1e-16
ts_demean,8,DMT,window 14,59,386745,114024,0.2948299266958849,True,0.2948299266958849,114024,1.5e-11,0,2325,208,86,113938,True,97,0,9.44e-16,1.10e-06,0,0,580,114011,73,-13,True,True,1.1e-16
ts_demean,8,DMT,global,839,5499645,1620057,0.29457483164822457,True,0.2945750134781427,1620058,0.0e+00,1,10149,1694,658,1619399,True,667,0,2.66e-15,3.84e-09,0,0,2388,1620020,621,-37,True,True,2.2e-16
ts_demean,8,PCB,window 1,59,386745,106244,0.2747133123893004,True,0.2747081410231548,106242,1.5e-11,-2,1986,213,79,106165,True,78,0,1.44e-15,4.64e-07,0,0,509,106241,76,-3,True,True,2.2e-16
ts_demean,8,PCB,window 2,59,386745,121057,0.3130150357470685,True,0.3130046930147772,121053,0.0e+00,-4,2460,202,76,120981,True,102,0,1.11e-15,8.38e-08,0,0,623,121066,85,9,True,True,2.2e-16
ts_demean,8,PCB,window 3,59,386745,108447,0.2804095721987356,True,0.28042508629717255,108453,0.0e+00,6,2206,316,115,108332,True,117,0,1.67e-15,1.09e-06,0,0,540,108459,127,12,True,True,4.9e-17
ts_demean,8,PCB,window 4,59,386745,132842,0.34348731076032013,True,0.34349765349261147,132846,2.9e-11,4,1860,137,57,132785,True,65,0,1.33e-15,2.82e-07,0,0,501,132850,65,8,True,True,1.1e-16
ts_demean,8,PCB,window 5,59,386745,102263,0.26441970807638104,True,0.2644119510271626,102260,0.0e+00,-3,2301,260,96,102167,True,90,0,1.33e-15,6.04e-08,0,0,554,102262,95,-1,True,True,1.1e-16
ts_demean,8,PCB,window 6,59,386745,120993,0.3128495520304076,True,0.31287023749499027,121001,1.5e-11,8,2131,203,75,120918,True,84,0,9.99e-16,5.52e-07,0,0,603,121006,88,13,True,True,6.9e-17
ts_demean,8,PCB,window 7,59,386745,125415,0.32428344257844316,True,0.3242886139445888,125417,0.0e+00,2,2336,155,63,125352,True,54,0,1.33e-15,1.31e-07,0,0,676,125412,60,-3,True,True,1.1e-16
ts_demean,8,PCB,window 8,59,386745,125853,0.32541597176434084,True,0.3254108003981952,125851,0.0e+00,-2,2477,175,71,125782,True,67,0,1.33e-15,3.83e-07,0,0,638,125861,79,8,True,True,1.1e-16
ts_demean,8,PCB,window 9,59,386745,120239,0.310899946993497,True,0.3108921899442785,120236,1.5e-11,-3,1749,158,62,120177,True,73,0,1.05e-15,6.61e-08,0,0,446,120239,62,0,True,True,1.1e-16
ts_demean,8,PCB,window 10,59,386745,140675,0.3637409662697643,True,0.3637538946851285,140680,0.0e+00,5,1981,194,74,140601,True,71,0,1.11e-15,2.47e-07,0,0,511,140679,78,4,True,True,1.1e-16
ts_demean,8,PCB,window 11,59,386745,120109,0.3105638081940296,True,0.31055863682788404,120107,1.5e-11,-2,2043,275,89,120020,True,112,0,1.11e-15,7.82e-07,0,0,508,120124,104,15,True,True,1.1e-16
ts_demean,8,PCB,window 12,59,386745,122300,0.3162290398065909,True,0.3162135257081539,122294,1.5e-11,-6,1847,157,60,122240,True,56,0,1.11e-15,1.24e-08,0,0,434,122300,60,0,True,True,3.3e-16
ts_demean,8,PCB,window 13,59,386745,127414,0.32945222304102184,True,0.329449637357949,127413,0.0e+00,-1,2018,146,62,127352,True,67,0,1.33e-15,6.53e-07,0,0,512,127407,55,-7,True,True,1.1e-16
ts_demean,8,PCB,window 14,59,386745,131337,0.3395958577357174,True,0.3395906863695716,131335,2.9e-11,-2,1759,129,51,131286,True,48,0,1.55e-15,8.13e-07,0,0,469,131337,51,0,True,True,1.1e-16
ts_demean,8,PCB,global,839,5499645,1709848,0.3109015218254996,True,0.31090715855296114,1709879,0.0e+00,31,9265,1917,746,1709102,True,791,0,2.66e-15,1.65e-08,0,0,1975,1709837,735,-11,True,True,1.1e-16
ts_demean,9,DMT,window 1,59,386745,134719,0.348340637888014,True,0.3483302951557227,134715,2.9e-11,-4,2102,124,57,134662,True,53,0,1.11e-15,4.23e-07,0,0,614,134710,48,-9,True,True,1.1e-16
ts_demean,9,DMT,window 2,59,386745,126428,0.3269027395312157,True,0.32687946838356025,126419,0.0e+00,-9,1954,120,52,126376,True,60,0,1.55e-15,1.12e-06,0,0,534,126417,41,-11,True,True,1.1e-16
ts_demean,9,DMT,window 3,59,386745,123052,0.31817347347735586,True,0.318170887794283,123051,2.9e-11,-1,1541,112,43,123009,True,41,0,1.55e-15,5.24e-08,0,0,447,123054,45,2,True,True,3.3e-16
ts_demean,9,DMT,window 4,59,386745,124976,0.32314832770947266,True,0.32316125612483676,124981,1.5e-11,5,2422,231,94,124882,True,94,0,9.99e-16,5.15e-07,0,0,648,124965,83,-11,True,True,2.2e-16
ts_demean,9,DMT,window 5,59,386745,140668,0.3637228664882545,True,0.3637073523898176,140662,0.0e+00,-6,2295,115,53,140615,True,54,0,1.78e-15,8.99e-07,0,0,685,140672,57,4,True,True,1.1e-16
ts_demean,9,DMT,window 6,59,386745,165779,0.4286519541299823,True,0.4286597111792008,165782,2.9e-11,3,2605,77,30,165749,True,28,0,1.11e-15,1.24e-06,0,0,822,165781,32,2,True,True,5.9e-17
ts_demean,9,DMT,window 7,59,386745,128917,0.33333850469947895,True,0.3333307476502605,128914,0.0e+00,-3,2327,133,50,128867,True,55,0,1.33e-15,1.23e-06,0,0,693,128926,59,9,True,True,2.2e-16
ts_demean,9,DMT,window 8,59,386745,135940,0.3514977569199343,True,0.3514951712368615,135939,0.0e+00,-1,2357,74,33,135907,True,29,0,1.11e-15,2.72e-07,0,0,780,135937,30,-3,True,True,1.1e-16
ts_demean,9,DMT,window 9,59,386745,147724,0.38196744625011303,True,0.38197003193318596,147725,0.0e+00,1,2846,127,49,147675,True,53,0,1.33e-15,3.01e-07,0,0,815,147730,55,6,True,True,2.2e-16
ts_demean,9,DMT,window 10,59,386745,158277,0.40925415971764345,True,0.4092438169853521,158273,0.0e+00,-4,3141,122,45,158232,True,48,0,1.11e-15,1.00e-06,0,0,897,158280,48,3,True,True,3.3e-16
ts_demean,9,DMT,window 11,59,386745,167909,0.4341594590751012,True,0.4341646304412468,167911,0.0e+00,2,2459,80,33,167876,True,28,0,1.33e-15,2.28e-07,0,0,834,167912,36,3,True,True,1.7e-16
ts_demean,9,DMT,window 12,59,386745,141248,0.36522256267049347,True,0.36522514835356634,141249,2.9e-11,1,2020,78,33,141215,True,29,0,1.33e-15,2.25e-07,0,0,624,141247,32,-1,True,True,1.1e-16
ts_demean,9,DMT,window 13,59,386745,147716,0.38194676078553047,True,0.3819519321516762,147718,2.9e-11,2,3093,68,25,147691,True,28,0,1.33e-15,6.30e-07,0,0,1118,147726,35,10,True,True,9.7e-17
ts_demean,9,DMT,window 14,59,386745,155722,0.40264773946657356,True,0.4026373967342823,155718,0.0e+00,-4,2467,57,28,155694,True,19,0,1.11e-15,6.92e-07,0,0,800,155716,22,-6,True,True,1.1e-16
ts_demean,9,DMT,global,839,5499645,2176041,0.39566935684030513,True,0.39567081147965005,2176049,0.0e+00,8,6198,67,22,2176019,True,24,0,1.78e-15,3.52e-08,0,0,1977,2176048,29,7,True,True,1.1e-16
ts_demean,9,PCB,window 1,59,386745,106555,0.2755174598249493,True,0.2755252168741677,106558,1.5e-11,3,2091,217,79,106476,True,100,0,1.11e-15,1.90e-07,0,0,552,106561,85,6,True,True,2.2e-16
ts_demean,9,PCB,window 2,59,386745,114677,0.2965183777424401,True,0.29653130615780426,114682,1.5e-11,5,1912,181,63,114614,True,68,0,1.33e-15,2.19e-07,0,0,517,114675,61,-2,True,True,1.1e-16
ts_demean,9,PCB,window 3,59,386745,104285,0.26964795924963475,True,0.26966605903114454,104292,0.0e+00,7,2105,257,91,104194,True,103,0,1.33e-15,8.10e-07,0,0,555,104299,105,14,True,True,1.1e-16
ts_demean,9,PCB,window 4,59,386745,114664,0.2964847638624934,True,0.2964873495455662,114665,0.0e+00,1,1830,184,73,114591,True,68,0,1.55e-15,2.65e-07,0,0,537,114665,74,1,True,True,1.1e-16
ts_demean,9,PCB,window 5,59,386745,174121,0.45022172232349483,True,0.45023465073885893,174126,0.0e+00,5,2665,37,13,174108,True,16,0,1.78e-15,2.99e-06,0,0,795,174123,15,2,True,True,1.1e-16
ts_demean,9,PCB,window 6,59,386745,92811,0.23997983167203193,True,0.2400031028196874,92820,0.0e+00,9,1905,282,109,92702,True,115,0,1.11e-15,4.88e-07,0,0,566,92813,111,2,True,True,1.1e-16
ts_demean,9,PCB,window 7,59,386745,125627,0.32483160738988215,True,0.3248341930729551,125628,1.5e-11,1,2405,162,66,125561,True,71,0,1.33e-15,4.12e-07,0,0,616,125635,74,8,True,True,2.2e-16
ts_demean,9,PCB,window 8,59,386745,122247,0.3160919986037311,True,0.31609716996987675,122249,1.5e-11,2,2150,155,75,122172,True,66,0,1.33e-15,9.73e-07,0,0,562,122235,63,-12,True,True,1.1e-16
ts_demean,9,PCB,window 9,59,386745,155470,0.40199614733222155,True,0.40200907574758565,155475,0.0e+00,5,2142,112,40,155430,True,42,0,1.33e-15,3.46e-10,0,0,615,155471,41,1,True,True,1.1e-16
ts_demean,9,PCB,window 10,59,386745,131076,0.33892099445370977,True,0.33890806603834567,131071,0.0e+00,-5,1727,122,48,131028,True,44,0,1.11e-15,2.33e-06,0,0,452,131071,43,-5,True,True,3.3e-16
ts_demean,9,PCB,window 11,59,386745,111738,0.28891905519140515,True,0.28891905519140515,111738,1.5e-11,0,2377,155,62,111676,True,63,0,2.22e-15,2.12e-08,0,0,675,111735,59,-3,True,True,2.2e-16
ts_demean,9,PCB,window 12,59,386745,104094,0.26915409378272503,True,0.2691411653673609,104089,1.5e-11,-5,2292,129,52,104042,True,45,0,1.05e-15,2.49e-06,0,0,603,104090,48,-4,True,True,2.2e-16
ts_demean,9,PCB,window 13,59,386745,119187,0.3081798084008843,True,0.30818497976702997,119189,0.0e+00,2,1981,125,52,119135,True,57,0,1.33e-15,1.48e-07,0,0,487,119183,48,-4,True,True,1.1e-16
ts_demean,9,PCB,window 14,59,386745,122969,0.31795886178231136,True,0.3179485190500201,122965,1.5e-11,-4,1843,132,62,122907,True,52,0,1.22e-15,8.19e-07,0,0,478,122960,53,-9,True,True,3.3e-16
ts_demean,9,PCB,global,839,5499645,1738923,0.3161882266946321,True,0.31618622656553286,1738912,0.0e+00,-11,7890,1336,533,1738390,True,535,0,1.44e-15,1.81e-08,0,0,2199,1738893,503,-30,True,True,2.2e-16
ts_demean,10,DMT,window 1,59,386745,123967,0.3205393734889914,True,0.3205548875874284,123973,0.0e+00,6,2371,130,45,123922,True,51,0,1.55e-15,4.61e-07,0,0,594,123969,47,2,True,True,1.4e-16
ts_demean,10,DMT,window 2,59,386745,112536,0.2909824302835201,True,0.29097984460044735,112535,1.5e-11,-1,2106,266,94,112442,True,107,0,1.33e-15,2.35e-07,0,0,564,112533,91,-3,True,True,1.1e-16
ts_demean,10,DMT,window 3,59,386745,116971,0.3024499347115024,True,0.3024576917607209,116974,0.0e+00,3,2383,157,55,116916,True,59,0,1.33e-15,2.94e-07,0,0,645,116977,61,6,True,True,2.2e-16
ts_demean,10,DMT,window 4,59,386745,115016,0.297394924304128,True,0.29738975293798237,115014,1.5e-11,-2,2044,171,70,114946,True,77,0,1.11e-15,1.90e-06,0,0,544,115018,72,2,True,True,2.2e-16
ts_demean,10,DMT,window 5,59,386745,136818,0.35376798665787534,True,0.35376798665787534,136818,0.0e+00,0,2467,132,53,136765,True,65,0,1.55e-15,6.79e-07,0,0,753,136805,40,-13,True,True,1.1e-16
ts_demean,10,DMT,window 6,59,386745,116305,0.30072786978500043,True,0.3007226984188548,116303,0.0e+00,-2,2577,136,53,116252,True,50,0,1.22e-15,7.23e-08,0,0,663,116304,52,-1,True,True,1.1e-16
ts_demean,10,DMT,window 7,59,386745,101604,0.2627157429313889,True,0.26271315724831606,101603,0.0e+00,-1,2310,138,61,101543,True,60,0,1.11e-15,5.18e-08,0,0,625,101595,52,-9,True,True,1.1e-16
ts_demean,10,DMT,window 8,59,386745,102928,0.2661391873198102,True,0.2661262589044461,102923,0.0e+00,-5,2610,135,53,102875,True,50,0,1.55e-15,1.20e-07,0,0,752,102927,52,-1,True,True,1.1e-16
ts_demean,10,DMT,window 9,59,386745,113700,0.2939921653802893,True,0.29399733674643497,113702,1.5e-11,2,2629,183,63,113637,True,55,0,1.33e-15,1.10e-07,0,0,763,113705,68,5,True,True,1.1e-16
ts_demean,10,DMT,window 10,59,386745,108273,0.2799596633440639,True,0.2799467349286998,108268,1.5e-11,-5,2022,237,91,108182,True,87,0,1.33e-15,8.36e-07,0,0,540,108276,94,3,True,True,1.1e-16
ts_demean,10,DMT,window 11,59,386745,114776,0.29677436036664984,True,0.296787288782014,114781,0.0e+00,5,1912,185,69,114707,True,82,0,1.11e-15,1.40e-06,0,0,559,114791,84,15,True,True,6.9e-17
ts_demean,10,DMT,window 12,59,386745,117751,0.3044667675083065,True,0.3044771102405978,117755,0.0e+00,4,2178,253,105,117646,True,88,0,1.22e-15,3.51e-07,0,0,597,117752,106,1,True,True,1.1e-16
ts_demean,10,DMT,window 13,59,386745,112602,0.2911530853663266,True,0.29113239990174405,112594,0.0e+00,-8,1844,180,91,112511,True,89,0,1.44e-15,1.96e-07,0,0,526,112587,76,-15,True,True,5.6e-17
ts_demean,10,DMT,window 14,59,386745,134219,0.34704779635160116,True,0.34702969657009136,134212,2.9e-11,-7,1557,151,63,134156,True,65,0,1.11e-15,5.52e-07,0,0,460,134216,60,-3,True,True,2.2e-16
ts_demean,10,DMT,global,839,5499645,1719847,0.3127196391767105,True,0.3127178208775293,1719837,2.3e-10,-10,8616,1859,726,1719121,True,761,0,3.11e-15,1.75e-08,0,0,2223,1719836,715,-11,True,True,1.1e-16
ts_demean,10,PCB,window 1,59,386745,109086,0.28206182368227123,True,0.2820566523161256,109084,1.5e-11,-2,2171,157,59,109027,True,64,0,1.33e-15,5.45e-07,0,0,598,109082,55,-4,True,True,5.6e-17
ts_demean,10,PCB,window 2,59,386745,106805,0.2761638805931557,True,0.2761664662762285,106806,1.5e-11,1,2018,179,67,106738,True,70,0,9.99e-16,9.26e-09,0,0,580,106809,71,4,True,True,1.1e-16
ts_demean,10,PCB,window 3,59,386745,128000,0.3309674333216977,True,0.3309622619555521,127998,0.0e+00,-2,2107,137,56,127944,True,63,0,1.78e-15,1.82e-07,0,0,528,127992,48,-8,True,True,1.1e-16
ts_demean,10,PCB,window 4,59,386745,110743,0.28634630053394355,True,0.28634371485087073,110742,0.0e+00,-1,1982,150,48,110695,True,56,0,9.44e-16,1.56e-06,0,0,529,110744,49,1,True,True,1.1e-16
ts_demean,10,PCB,window 5,59,386745,109287,0.28258154597990925,True,0.28259964576141905,109294,1.5e-11,7,2306,165,52,109235,True,61,0,1.55e-15,4.20e-07,0,0,627,109304,69,17,True,True,6.9e-17
ts_demean,10,PCB,window 6,59,386745,109036,0.28193253952862996,True,0.28194029657784847,109039,0.0e+00,3,1784,171,66,108970,True,68,0,1.33e-15,3.28e-08,0,0,450,109043,73,7,True,True,1.1e-16
ts_demean,10,PCB,window 7,59,386745,119295,0.3084590621727495,True,0.30847457627118646,119301,1.5e-11,6,1665,152,62,119233,True,61,0,1.78e-15,1.67e-06,0,0,473,119299,66,4,True,True,1.1e-16
ts_demean,10,PCB,window 8,59,386745,133580,0.3453955448680655,True,0.3453981305511384,133581,0.0e+00,1,2136,80,37,133543,True,35,0,1.78e-15,5.48e-07,0,0,634,133574,31,-6,True,True,5.9e-17
ts_demean,10,PCB,window 9,59,386745,120265,0.3109671747533905,True,0.31097751748568175,120269,1.5e-11,4,2205,112,48,120217,True,44,0,1.22e-15,1.96e-07,0,0,559,120259,42,-6,True,True,2.2e-16
ts_demean,10,PCB,window 10,59,386745,106713,0.27592599775045573,True,0.2759337547996742,106716,0.0e+00,3,1788,169,65,106648,True,63,0,9.99e-16,2.01e-07,0,0,468,106710,62,-3,True,True,1.1e-16
ts_demean,10,PCB,window 11,59,386745,120298,0.3110525022947937,True,0.31105767366093934,120300,1.5e-11,2,2042,153,66,120232,True,64,0,1.33e-15,1.67e-07,0,0,546,120291,59,-7,True,True,9.7e-17
ts_demean,10,PCB,window 12,59,386745,111562,0.28846397497058784,True,0.288476903385952,111567,0.0e+00,5,1752,186,73,111489,True,81,0,1.33e-15,6.81e-07,0,0,435,111569,80,7,True,True,1.1e-16
ts_demean,10,PCB,window 13,59,386745,103378,0.2673027447025818,True,0.26729757333643617,103376,0.0e+00,-2,1924,187,69,103309,True,73,0,1.33e-15,9.65e-07,0,0,501,103382,73,4,True,True,1.4e-16
ts_demean,10,PCB,window 14,59,386745,122116,0.315753274121191,True,0.3157506884381181,122115,1.5e-11,-1,1464,79,31,122085,True,24,0,8.88e-16,7.19e-08,0,0,376,122111,26,-5,True,True,1.4e-16
ts_demean,10,PCB,global,839,5499645,1636576,0.2975784800655315,True,0.2975821166638938,1636596,0.0e+00,20,7248,1282,474,1636102,True,537,0,1.78e-15,9.91e-09,0,0,1867,1636591,489,15,True,True,4.3e-17
ts_demean,11,DMT,window 1,59,386745,106284,0.27481673971221343,True,0.27481415402914067,106283,0.0e+00,-1,2063,143,53,106231,True,57,0,1.33e-15,3.04e-08,0,0,532,106286,55,2,True,True,2.2e-16
ts_demean,11,DMT,window 2,59,386745,107429,0.27777734683059896,True,0.2777540756829435,107420,0.0e+00,-9,1981,126,53,107376,True,55,0,1.33e-15,2.74e-08,0,0,499,107426,50,-3,True,True,1.1e-16
ts_demean,11,DMT,window 3,59,386745,99477,0.2572159950354885,True,0.2572108236693429,99475,1.5e-11,-2,2284,189,78,99399,True,65,0,1.33e-15,1.42e-07,0,0,581,99465,66,-12,True,True,2.2e-16
ts_demean,11,DMT,window 4,59,386745,104955,0.27138036690842804,True,0.2713519243946269,104944,1.5e-11,-11,2279,300,131,104824,True,132,0,1.11e-15,1.43e-07,0,0,568,104945,121,-10,True,True,1.0e-16
ts_demean,11,DMT,window 5,59,386745,106232,0.2746822841924265,True,0.2746667700939896,106226,0.0e+00,-6,2850,167,77,106155,True,84,0,1.33e-15,2.23e-07,0,0,708,106230,75,-2,True,True,6.9e-17
ts_demean,11,DMT,window 6,59,386745,109948,0.2842906824910471,True,0.28429068249104705,109948,1.5e-11,0,2385,180,71,109877,True,84,0,1.55e-15,3.57e-07,0,0,595,109942,65,-6,True,True,1.1e-16
ts_demean,11,DMT,window 7,59,386745,94575,0.24454097661249663,True,0.2445590763940064,94582,0.0e+00,7,2111,152,53,94522,True,59,0,1.33e-15,4.38e-07,0,0,542,94580,58,5,True,True,2.2e-16
ts_demean,11,DMT,window 8,59,386745,114610,0.2963451369765608,True,0.29632445151197817,114602,0.0e+00,-8,2409,218,83,114527,True,85,0,1.55e-15,2.18e-07,0,0,582,114603,76,-7,True,True,3.3e-16
ts_demean,11,DMT,window 9,59,386745,110013,0.28445875189078074,True,0.2844432377923438,110007,1.5e-11,-6,2750,220,84,109929,True,85,0,1.33e-15,1.15e-06,0,0,698,110031,102,18,True,True,1.1e-16
ts_demean,11,DMT,window 10,59,386745,103625,0.26794140842156977,True,0.2679465797877154,103627,0.0e+00,2,2280,295,100,103525,True,99,0,1.67e-15,3.38e-07,0,0,557,103632,107,7,True,True,1.1e-16
ts_demean,11,DMT,window 11,59,386745,107667,0.2783927394019315,True,0.27840825350036846,107673,0.0e+00,6,2147,268,113,107554,True,113,0,1.78e-15,6.58e-07,0,0,537,107660,106,-7,True,True,2.2e-16
ts_demean,11,DMT,window 12,59,386745,113926,0.29457652975474796,True,0.2945713583886023,113924,0.0e+00,-2,2260,209,79,113847,True,75,0,1.67e-15,1.20e-07,0,0,526,113938,91,12,True,True,2.2e-16
ts_demean,11,DMT,window 13,59,386745,122877,0.3177209789396113,True,0.3177235646226842,122878,0.0e+00,1,1925,134,52,122825,True,57,0,1.44e-15,2.41e-07,0,0,460,122880,55,3,True,True,2.2e-16
ts_demean,11,DMT,window 14,59,386745,118723,0.30698005145509316,True,0.3069697087228018,118719,1.5e-11,-4,1789,116,48,118675,True,54,0,1.11e-15,2.60e-07,0,0,464,118713,38,-10,True,True,1.1e-16
ts_demean,11,DMT,global,839,5499645,1591071,0.28930430964180415,True,0.28930303683237735,1591064,0.0e+00,-7,11720,1977,751,1590320,True,747,0,2.89e-15,4.05e-09,0,0,2462,1591084,764,13,True,True,1.1e-16
ts_demean,11,PCB,window 1,59,386745,108741,0.28116976302214636,True,0.2811335634591268,108727,0.0e+00,-14,2908,168,81,108660,True,69,0,1.33e-15,4.39e-07,0,0,742,108733,73,-8,True,True,2.2e-16
ts_demean,11,PCB,window 2,59,386745,101208,0.26169181243454986,True,0.2617099122160597,101215,1.5e-11,7,2287,276,88,101120,True,121,0,1.33e-15,3.25e-07,0,0,590,101218,98,10,True,True,1.1e-16
ts_demean,11,PCB,window 3,59,386745,105101,0.2717578766370606,True,0.2717501195878421,105098,0.0e+00,-3,2409,272,112,104989,True,118,0,1.78e-15,1.58e-07,0,0,572,105099,110,-2,True,True,1.1e-16
ts_demean,11,PCB,window 4,59,386745,112894,0.29190810482359175,True,0.29189776209130047,112890,0.0e+00,-4,2331,216,93,112801,True,88,0,1.33e-15,1.21e-07,0,0,566,112892,91,-2,True,True,2.2e-16
ts_demean,11,PCB,window 5,59,386745,122824,0.3175839377367516,True,0.31757876637060595,122822,0.0e+00,-2,2184,139,53,122771,True,55,0,1.42e-15,6.50e-08,0,0,641,122821,50,-3,True,True,1.1e-16
ts_demean,11,PCB,window 6,59,386745,130234,0.3367438493063905,True,0.33674126362331774,130233,1.5e-11,-1,2786,133,45,130189,True,52,0,1.11e-15,6.21e-07,0,0,783,130247,58,13,True,True,1.1e-16
ts_demean,11,PCB,window 7,59,386745,120877,0.3125496127939599,True,0.31252375596323156,120867,1.5e-11,-10,2355,179,85,120792,True,77,0,1.55e-15,2.95e-07,0,0,535,120866,74,-11,True,True,3.3e-16
ts_demean,11,PCB,window 8,59,386745,102324,0.26457743474382345,True,0.26456192064538653,102318,1.5e-11,-6,2264,221,83,102241,True,87,0,1.55e-15,9.00e-08,0,0,566,102325,84,1,True,True,4.9e-17
ts_demean,11,PCB,window 9,59,386745,120137,0.3106362073200688,True,0.3106387930031416,120138,0.0e+00,1,2590,245,91,120046,True,101,0,1.33e-15,1.03e-06,0,0,616,120143,97,6,True,True,1.1e-16
ts_demean,11,PCB,window 10,59,386745,113497,0.2934672717165057,True,0.2934646860334329,113496,0.0e+00,-1,2229,171,68,113429,True,70,0,1.67e-15,8.70e-07,0,0,537,113501,72,4,True,True,1.1e-16
ts_demean,11,PCB,window 11,59,386745,117779,0.3045391666343456,True,0.3045391666343456,117779,1.5e-11,0,2335,132,49,117730,True,43,0,1.33e-15,1.77e-07,0,0,595,117781,51,2,True,True,5.6e-17
ts_demean,11,PCB,window 12,59,386745,123272,0.3187423237533775,True,0.3187293953380135,123267,2.9e-11,-5,2239,172,75,123197,True,69,0,1.33e-15,6.28e-07,0,0,544,123276,79,4,True,True,6.9e-17
ts_demean,11,PCB,window 13,59,386745,114134,0.2951143518338957,True,0.29510142341853157,114129,0.0e+00,-5,2110,145,61,114073,True,56,0,1.33e-15,6.63e-07,0,0,526,114135,62,1,True,True,2.2e-16
ts_demean,11,PCB,window 14,59,386745,108410,0.280313901925041,True,0.2803087305588954,108408,0.0e+00,-2,1906,105,36,108374,True,40,0,1.33e-15,2.88e-07,0,0,493,108411,37,1,True,True,1.1e-16
ts_demean,11,PCB,global,839,5499645,1686455,0.3066479745510846,True,0.30665197480928313,1686477,0.0e+00,22,11535,581,210,1686245,True,220,0,2.22e-15,1.10e-08,0,0,2436,1686469,224,14,True,True,2.4e-17
ts_demean,12,DMT,window 1,59,386745,115461,0.2985455532715355,True,0.29854296758846266,115460,1.5e-11,-1,2272,159,66,115395,True,67,0,1.11e-15,2.44e-07,0,0,592,115467,72,6,True,True,1.1e-16
ts_demean,12,DMT,window 2,59,386745,135695,0.3508642645670919,True,0.35085392183480074,135691,0.0e+00,-4,2393,79,30,135665,True,31,0,1.11e-15,1.75e-07,0,0,685,135690,25,-5,True,True,6.9e-17
ts_demean,12,DMT,window 3,59,386745,127863,0.33061319474072065,True,0.3306106090576478,127862,1.5e-11,-1,1994,188,71,127792,True,73,0,1.11e-15,2.27e-07,0,0,581,127875,83,12,True,True,9.7e-17
ts_demean,12,DMT,window 4,59,386745,119444,0.3088443289506005,True,0.3088314005352364,119439,0.0e+00,-5,1842,139,52,119392,True,55,0,1.33e-15,9.38e-08,0,0,505,119450,58,6,True,True,1.1e-16
ts_demean,12,DMT,window 5,59,386745,222352,0.5749318026089543,True,0.5749266312428086,222350,2.9e-11,-2,3379,34,12,222340,True,20,0,1.78e-15,9.93e-07,0,0,1039,222351,11,-1,True,True,2.2e-16
ts_demean,12,DMT,window 6,59,386745,149787,0.3873017104293527,True,0.38729912474627987,149786,0.0e+00,-1,2959,52,17,149770,True,22,0,1.78e-15,3.98e-07,0,0,921,149781,11,-6,True,True,8.3e-17
ts_demean,12,DMT,window 7,59,386745,155238,0.4013962688593259,True,0.40140144022547153,155240,0.0e+00,2,2449,50,21,155217,True,23,0,1.33e-15,5.01e-06,0,0,861,155239,22,1,True,True,1.1e-16
ts_demean,12,DMT,window 8,59,386745,141594,0.36611720901369116,True,0.3661042805983271,141589,2.9e-11,-5,2377,84,37,141557,True,33,0,9.99e-16,2.97e-06,0,0,756,141591,34,-3,True,True,1.7e-16
ts_demean,12,DMT,window 9,59,386745,133973,0.34641171831568607,True,0.34641430399875883,133974,2.9e-11,1,1984,61,23,133950,True,26,0,1.33e-15,1.11e-06,0,0,582,133984,34,11,True,True,1.1e-16
ts_demean,12,DMT,window 10,59,386745,111916,0.28937930677836815,True,0.28936379267993123,111910,0.0e+00,-6,1644,280,116,111800,True,121,0,1.22e-15,9.28e-07,0,0,515,111919,119,3,True,True,1.7e-16
ts_demean,12,DMT,window 11,59,386745,122372,0.3164152089878343,True,0.3163996948893974,122366,0.0e+00,-6,2295,235,82,122290,True,81,0,8.88e-16,2.75e-07,0,0,682,122384,94,12,True,True,1.1e-16
ts_demean,12,DMT,window 12,59,386745,164169,0.4244890043827328,True,0.4244967614319513,164172,0.0e+00,3,1801,19,8,164161,True,6,0,8.88e-16,1.70e-07,0,0,626,164167,6,-2,True,True,2.2e-16
ts_demean,12,DMT,window 13,59,386745,164892,0.4263584532443858,True,0.42636103892745864,164893,0.0e+00,1,2799,27,11,164881,True,10,0,1.78e-15,2.03e-07,0,0,877,164899,18,7,True,True,1.1e-16
ts_demean,12,DMT,window 14,59,386745,155261,0.40145573957000086,True,0.40145573957000086,155261,2.9e-11,0,2207,55,23,155238,True,23,0,1.33e-15,1.51e-07,0,0,594,155257,19,-4,True,True,2.2e-16
ts_demean,12,DMT,global,839,5499645,2207070,0.40131135736943024,True,0.4013095390702491,2207060,0.0e+00,-10,8722,47,27,2207043,True,24,0,2.00e-15,4.42e-08,0,0,2859,2207071,28,1,True,True,2.2e-16
ts_demean,12,PCB,window 1,59,386745,114006,0.294783384400574,True,0.29480665554822943,114015,0.0e+00,9,1689,105,41,113965,True,40,0,1.33e-15,6.36e-07,0,0,476,114005,40,-1,True,True,6.9e-17
ts_demean,12,PCB,window 2,59,386745,109865,0.28407607079600256,True,0.28410451330980363,109876,0.0e+00,11,2105,150,55,109810,True,51,0,1.78e-15,7.13e-08,0,0,612,109862,52,-3,True,True,2.2e-16
ts_demean,12,PCB,window 3,59,386745,107882,0.27894866126258905,True,0.2789409042133706,107879,1.5e-11,-3,1940,316,133,107749,True,117,0,1.33e-15,1.54e-08,0,0,558,107871,122,-11,True,True,1.1e-16
ts_demean,12,PCB,window 4,59,386745,131767,0.34070770145703244,True,0.3407102871401052,131768,0.0e+00,1,1807,53,24,131743,True,24,0,1.44e-15,1.46e-06,0,0,610,131765,22,-2,True,True,3.3e-16
ts_demean,12,PCB,window 5,59,386745,135507,0.3503781561494007,True,0.3503859131986192,135510,0.0e+00,3,1755,105,39,135468,True,50,0,1.11e-15,5.17e-07,0,0,526,135515,47,8,True,True,1.1e-16
ts_demean,12,PCB,window 6,59,386745,110773,0.2864238710261283,True,0.2864316280753468,110776,1.5e-11,3,2262,362,126,110647,True,131,0,1.67e-15,2.59e-07,0,0,550,110787,140,14,True,True,2.2e-16
ts_demean,12,PCB,window 7,59,386745,99316,0.2567997000607636,True,0.25679194301154507,99313,0.0e+00,-3,2257,329,148,99168,True,132,0,1.33e-15,3.64e-07,0,0,576,99287,119,-29,True,True,3.5e-17
ts_demean,12,PCB,window 8,59,386745,131034,0.3388123957646511,True,0.33881756713079675,131036,1.5e-11,2,1672,93,31,131003,True,35,0,1.55e-15,5.15e-07,0,0,486,131041,38,7,True,True,1.1e-16
ts_demean,12,PCB,window 9,59,386745,110338,0.2852990988894491,True,0.2852887561571578,110334,0.0e+00,-4,1619,260,97,110241,True,93,0,1.11e-15,2.13e-07,0,0,445,110336,95,-2,True,True,2.2e-16
ts_demean,12,PCB,window 10,59,386745,130843,0.3383185302977414,True,0.3383030161993045,130837,1.5e-11,-6,2613,133,68,130775,True,60,0,1.33e-15,9.60e-07,0,0,714,130827,52,-16,True,True,1.1e-16
ts_demean,12,PCB,window 11,59,386745,135422,0.3501583730882106,True,0.35015578740513775,135421,0.0e+00,-1,2054,133,45,135377,True,59,0,1.44e-15,1.08e-07,0,0,549,135431,54,9,True,True,2.2e-16
ts_demean,12,PCB,window 12,59,386745,129890,0.33585437432933846,True,0.33584661728011994,129887,1.5e-11,-3,2239,122,54,129836,True,51,0,1.55e-15,3.57e-07,0,0,622,129885,49,-5,True,True,1.1e-16
ts_demean,12,PCB,window 13,59,386745,130093,0.336379267993122,True,0.33638443935926776,130095,1.5e-11,2,1727,125,42,130051,True,40,0,1.78e-15,1.15e-06,0,0,538,130105,54,12,True,True,3.3e-16
ts_demean,12,PCB,window 14,59,386745,154285,0.39893211289092295,True,0.39892435584170444,154282,2.9e-11,-3,1982,43,20,154265,True,11,0,1.78e-15,3.99e-07,0,0,579,154283,18,-2,True,True,2.2e-16
ts_demean,12,PCB,global,839,5499645,1833172,0.3333255146468545,True,0.33332842392554424,1833188,2.3e-10,16,5358,748,303,1832869,True,280,0,1.89e-15,1.12e-07,0,0,1670,1833168,299,-4,True,True,2.2e-16
ts_demean,13,DMT,window 1,59,386745,108959,0.2817334419320224,True,0.281738613298168,108961,1.5e-11,2,2168,127,52,108907,True,41,0,1.22e-15,2.48e-07,0,0,607,108954,47,-5,True,True,1.1e-16
ts_demean,13,DMT,window 2,59,386745,106625,0.2756984576400471,True,0.27569587195697426,106624,1.5e-11,-1,2165,143,50,106575,True,55,0,1.11e-15,1.70e-07,0,0,585,106635,60,10,True,True,4.2e-17
ts_demean,13,DMT,window 3,59,386745,111059,0.2871633763849565,True,0.2871530336526652,111055,0.0e+00,-4,2142,191,77,110982,True,73,0,9.99e-16,2.15e-06,0,0,541,111051,69,-8,True,True,2.2e-16
ts_demean,13,DMT,window 4,59,386745,119084,0.30791348304438326,True,0.3079083116782376,119082,1.5e-11,-2,2151,158,66,119018,True,72,0,1.44e-15,2.52e-07,0,0,565,119086,68,2,True,True,3.3e-16
ts_demean,13,DMT,window 5,59,386745,129941,0.33598624416605255,True,0.33596814438454276,129934,1.5e-11,-7,2095,125,50,129891,True,48,0,1.11e-15,7.45e-07,0,0,608,129945,54,4,True,True,2.2e-16
ts_demean,13,DMT,window 6,59,386745,133166,0.3443250720759157,True,0.3443069722944059,133159,0.0e+00,-7,2083,85,37,133129,True,36,0,1.33e-15,5.42e-07,0,0,669,133154,25,-12,True,True,1.1e-16
ts_demean,13,DMT,window 7,59,386745,145719,0.3767831516890975,True,0.376790908738316,145722,2.9e-11,3,2057,62,24,145695,True,33,0,1.33e-15,1.77e-07,0,0,671,145715,20,-4,True,True,1.7e-16
ts_demean,13,DMT,window 8,59,386745,96206,0.24875822570427544,True,0.24874788297198416,96202,1.5e-11,-4,2108,234,76,96130,True,82,0,9.99e-16,9.06e-07,0,0,548,96218,88,12,True,True,4.5e-17
ts_demean,13,DMT,window 9,59,386745,111077,0.28720991868026735,True,0.28722543277870427,111083,1.5e-11,6,2159,222,91,110986,True,97,0,9.44e-16,8.10e-07,0,0,552,111073,87,-4,True,True,2.2e-16
ts_demean,13,DMT,window 10,59,386745,125444,0.3243584273875551,True,0.3243635987537007,125446,2.9e-11,2,2240,92,32,125412,True,32,0,1.33e-15,2.14e-07,0,0,678,125450,38,6,True,True,5.6e-17
ts_demean,13,DMT,window 11,59,386745,126727,0.3276758587699906,True,0.32768361581920896,126730,2.9e-11,3,1968,135,46,126681,True,45,0,1.33e-15,1.99e-07,0,0,602,126735,54,8,True,True,1.1e-16
ts_demean,13,DMT,window 12,59,386745,135129,0.34940076794787256,True,0.3494007679478726,135129,0.0e+00,0,1326,62,21,135108,True,29,0,1.44e-15,1.28e-06,0,0,434,135133,25,4,True,True,1.1e-16
ts_demean,13,DMT,window 13,59,386745,108080,0.2794606265110085,True,0.27947096924329984,108084,0.0e+00,4,1477,128,44,108036,True,47,0,1.33e-15,1.60e-07,0,0,480,108083,47,3,True,True,2.2e-16
ts_demean,13,DMT,window 14,59,386745,108813,0.28135593220338984,True,0.2813662749356811,108817,0.0e+00,4,1970,204,85,108728,True,85,0,9.99e-16,3.55e-07,0,0,574,108801,73,-12,True,True,6.9e-17
ts_demean,13,DMT,global,839,5499645,1769206,0.321694582104845,True,0.3217000370023883,1769236,2.3e-10,30,4677,1034,399,1768807,True,434,0,2.66e-15,2.97e-08,0,0,1361,1769185,378,-21,True,True,5.6e-17
ts_demean,13,PCB,window 1,59,386745,124033,0.320710028571798,True,0.3207100285717979,124033,1.5e-11,0,1721,105,38,123995,True,48,0,1.22e-15,1.19e-07,0,0,460,124028,33,-5,True,True,2.2e-16
ts_demean,13,PCB,window 2,59,386745,113293,0.29293979236964923,True,0.2929346210035036,113291,0.0e+00,-2,1912,177,62,113231,True,75,0,1.11e-15,4.49e-07,0,0,462,113307,76,14,True,True,2.2e-16
ts_demean,13,PCB,window 3,59,386745,109295,0.28260223144449187,True,0.28261515985985597,109300,0.0e+00,5,2741,252,89,109206,True,99,0,1.33e-15,4.95e-07,0,0,715,109307,101,12,True,True,9.7e-17
ts_demean,13,PCB,window 4,59,386745,108596,0.28079483897658664,True,0.28079483897658664,108596,0.0e+00,0,2254,435,186,108410,True,174,0,1.78e-15,1.40e-06,0,0,575,108592,182,-4,True,True,1.1e-16
ts_demean,13,PCB,window 5,59,386745,140496,0.3632781289997285,True,0.36328330036587414,140498,0.0e+00,2,2724,118,47,140449,True,54,0,1.55e-15,1.22e-06,0,0,811,140497,48,1,True,True,2.2e-16
ts_demean,13,PCB,window 6,59,386745,110671,0.2861601313527001,True,0.28615495998655444,110669,0.0e+00,-2,2020,127,53,110618,True,49,0,9.99e-16,1.06e-06,0,0,573,110666,48,-5,True,True,1.1e-16
ts_demean,13,PCB,window 7,59,386745,107984,0.2792124009360173,True,0.2792098152529444,107983,1.5e-11,-1,2109,184,76,107908,True,61,0,1.78e-15,2.31e-07,0,0,552,107984,76,0,True,True,5.6e-17
ts_demean,13,PCB,window 8,59,386745,111528,0.2883760617461118,True,0.2883708903799661,111526,1.5e-11,-2,2069,161,64,111464,True,77,0,1.33e-15,3.18e-08,0,0,557,111529,65,1,True,True,2.2e-16
ts_demean,13,PCB,window 9,59,386745,119713,0.30953987769719066,True,0.3095450490633363,119715,0.0e+00,2,1450,137,49,119664,True,47,0,1.33e-15,1.54e-06,0,0,414,119719,55,6,True,True,1.1e-16
ts_demean,13,PCB,window 10,59,386745,109863,0.28407089942985686,True,0.2840708994298569,109863,1.5e-11,0,2154,170,65,109798,True,63,0,1.78e-15,8.71e-08,0,0,552,109863,65,0,True,True,1.1e-16
ts_demean,13,PCB,window 11,59,386745,119579,0.309193396165432,True,0.309193396165432,119579,0.0e+00,0,2465,146,58,119521,True,56,0,1.33e-15,7.60e-07,0,0,677,119572,51,-7,True,True,2.2e-16
ts_demean,13,PCB,window 12,59,386745,120028,0.3103543678651308,True,0.3103621249143493,120031,1.5e-11,3,1834,175,71,119957,True,68,0,1.33e-15,5.87e-07,0,0,511,120035,78,7,True,True,2.2e-16
ts_demean,13,PCB,window 13,59,386745,120367,0.3112309144268187,True,0.31122315737760026,120364,1.5e-11,-3,2479,257,95,120272,True,93,0,1.33e-15,3.10e-07,0,0,629,120378,106,11,True,True,6.9e-17
ts_demean,13,PCB,window 14,59,386745,128647,0.3326403702698161,True,0.33264295595288884,128648,0.0e+00,1,1736,117,55,128592,True,47,0,1.78e-15,9.99e-07,0,0,510,128635,43,-12,True,True,2.2e-16
ts_demean,13,PCB,global,839,5499645,1672969,0.30419581627541414,True,0.3042032713020568,1673010,2.3e-10,41,10782,1461,530,1672439,True,564,0,3.55e-15,8.07e-09,0,0,2668,1672991,552,22,True,True,1.1e-16
ts_demean,14,DMT,window 1,59,386745,105646,0.27316707391175066,True,0.2731696595948234,105647,1.5e-11,1,2195,212,81,105565,True,84,0,1.33e-15,1.59e-07,0,0,542,105649,84,3,True,True,1.1e-16
ts_demean,14,DMT,window 2,59,386745,108547,0.2806681405060182,True,0.2806526264075812,108541,0.0e+00,-6,2676,216,81,108466,True,81,0,1.78e-15,1.08e-06,0,0,677,108557,91,10,True,True,4.2e-17
ts_demean,14,DMT,window 3,59,386745,95762,0.2476101824199408,True,0.2476127681030136,95763,0.0e+00,1,2027,116,47,95715,True,51,0,1.11e-15,2.81e-07,0,0,514,95753,38,-9,True,True,5.6e-17
ts_demean,14,DMT,window 4,59,386745,94382,0.24404193977944125,True,0.24404452546251404,94383,1.5e-11,1,2779,194,70,94312,True,72,0,1.11e-15,1.06e-06,0,0,720,94375,63,-7,True,True,1.1e-16
ts_demean,14,DMT,window 5,59,386745,124348,0.3215245187397381,True,0.32151676169051957,124345,1.5e-11,-3,2290,172,66,124282,True,58,0,1.33e-15,2.12e-07,0,0,637,124338,56,-10,True,True,2.2e-16
ts_demean,14,DMT,window 6,59,386745,103501,0.2676207837205394,True,0.26763112645283066,103505,0.0e+00,4,2439,206,87,103414,True,81,0,1.03e-15,5.25e-07,0,0,587,103497,83,-4,True,True,1.1e-16
ts_demean,14,DMT,window 7,59,386745,103275,0.26703641934608074,True,0.26705451912759054,103282,0.0e+00,7,2525,190,69,103206,True,81,0,1.78e-15,7.27e-07,0,0,676,103277,71,2,True,True,1.1e-16
ts_demean,14,DMT,window 8,59,386745,107890,0.27896934672717166,True,0.278964175361026,107888,1.5e-11,-2,3055,222,83,107807,True,100,0,1.05e-15,2.27e-06,0,0,727,107885,78,-5,True,True,1.1e-16
ts_demean,14,DMT,window 9,59,386745,101606,0.2627209142975346,True,0.26273125702982586,101610,0.0e+00,4,2328,229,92,101514,True,92,0,1.33e-15,8.34e-07,0,0,572,101602,88,-4,True,True,4.2e-17
ts_demean,14,DMT,window 10,59,386745,98588,0.25491732278374635,True,0.2549121514176007,98586,1.5e-11,-2,2555,216,93,98495,True,91,0,1.67e-15,2.28e-07,0,0,622,98584,89,-4,True,True,1.1e-16
ts_demean,14,DMT,window 11,59,386745,118301,0.30588889319836066,True,0.3059069929798704,118308,2.9e-11,7,2460,190,70,118231,True,83,0,1.11e-15,1.00e-06,0,0,640,118308,77,7,True,True,1.1e-16
ts_demean,14,DMT,window 12,59,386745,119297,0.3084642335388951,True,0.3084771619542592,119302,1.5e-11,5,2296,207,69,119228,True,84,0,1.11e-15,5.91e-07,0,0,572,119311,83,14,True,True,1.1e-16
ts_demean,14,DMT,window 13,59,386745,139312,0.3602166802415028,True,0.36022443729072123,139315,2.9e-11,3,2512,167,59,139253,True,71,0,1.33e-15,4.42e-07,0,0,656,139333,80,21,True,True,4.2e-17
ts_demean,14,DMT,window 14,59,386745,122845,0.31763823708128097,True,0.3176356513982081,122844,1.5e-11,-1,2348,172,62,122783,True,76,0,1.33e-15,1.48e-06,0,0,585,122848,65,3,True,True,1.1e-16
ts_demean,14,DMT,global,839,5499645,1631868,0.296722424811056,True,0.2967184245528575,1631846,0.0e+00,-22,14568,2928,1160,1630708,True,1168,0,3.11e-15,3.85e-10,0,0,3146,1631848,1140,-20,True,True,2.2e-16
ts_demean,14,PCB,window 1,59,386745,101480,0.2623951182303585,True,0.26240028959650413,101482,1.5e-11,2,2206,154,65,101415,True,59,0,1.78e-15,3.15e-07,0,0,550,101488,73,8,True,True,1.1e-16
ts_demean,14,PCB,window 2,59,386745,104732,0.27080375958318786,True,0.2707960025339694,104729,0.0e+00,-3,1898,224,91,104641,True,84,0,1.22e-15,3.58e-07,0,0,462,104724,83,-8,True,True,6.9e-17
ts_demean,14,PCB,window 3,59,386745,114565,0.29622878123828367,True,0.2962287812382836,114565,0.0e+00,0,2523,162,56,114509,True,69,0,1.22e-15,1.39e-06,0,0,640,114576,67,11,True,True,1.1e-16
ts_demean,14,PCB,window 4,59,386745,109107,0.2821161230268006,True,0.28213939417445605,109116,0.0e+00,9,2291,366,137,108970,True,134,0,1.33e-15,1.35e-06,0,0,626,109113,143,6,True,True,2.8e-17
ts_demean,14,PCB,window 5,59,386745,103843,0.2685050873314458,True,0.2685361155283197,103855,0.0e+00,12,2532,472,192,103651,True,184,0,2.22e-15,8.59e-08,0,0,661,103834,183,-9,True,True,2.2e-16
ts_demean,14,PCB,window 6,59,386745,118787,0.307145535171754,True,0.3071532922209725,118790,0.0e+00,3,2816,157,62,118725,True,56,0,1.11e-15,4.62e-07,0,0,689,118797,72,10,True,True,1.1e-16
ts_demean,14,PCB,window 7,59,386745,116250,0.30058565721599506,True,0.3005934142652135,116253,0.0e+00,3,2430,191,73,116177,True,68,0,1.55e-15,1.00e-07,0,0,632,116244,67,-6,True,True,1.1e-16
ts_demean,14,PCB,window 8,59,386745,127395,0.32940309506263815,True,0.32939016664727405,127390,0.0e+00,-5,2426,97,40,127355,True,36,0,8.88e-16,5.03e-07,0,0,658,127390,35,-5,True,True,1.1e-16
ts_demean,14,PCB,window 9,59,386745,122210,0.3159963283300366,True,0.3160066710623279,122214,0.0e+00,4,2368,157,59,122151,True,65,0,1.55e-15,1.76e-07,0,0,628,122219,68,9,True,True,2.2e-16
ts_demean,14,PCB,window 10,59,386745,111408,0.2880657797773727,True,0.28808129387580966,111414,1.5e-11,6,2352,149,48,111360,True,54,0,1.55e-15,1.17e-07,0,0,552,111432,72,24,True,True,1.1e-16
ts_demean,14,PCB,window 11,59,386745,132651,0.3429934452934103,True,0.34299861665955605,132653,0.0e+00,2,2903,199,88,132563,True,87,0,1.11e-15,1.17e-06,0,0,723,132651,88,0,True,True,1.1e-16
ts_demean,14,PCB,window 12,59,386745,126046,0.3259150085973962,True,0.32593310837890593,126053,2.9e-11,7,2103,173,73,125973,True,79,0,1.55e-15,1.53e-06,0,0,531,126047,74,1,True,True,1.1e-16
ts_demean,14,PCB,window 13,59,386745,115239,0.2979715316293682,True,0.29796636026322254,115237,0.0e+00,-2,2620,244,98,115141,True,101,0,1.50e-15,3.58e-08,0,0,662,115231,90,-8,True,True,1.1e-16
ts_demean,14,PCB,window 14,59,386745,113433,0.29330178799984485,True,0.29332247346442747,113441,0.0e+00,8,2181,213,78,113355,True,69,0,1.33e-15,2.49e-06,0,0,536,113455,100,22,True,True,3.3e-16
ts_demean,14,PCB,global,839,5499645,1735917,0.3156416459607847,True,0.3156412823009485,1735915,0.0e+00,-2,11266,898,328,1735589,True,351,0,1.78e-15,3.38e-08,0,0,2539,1735931,342,14,True,True,2.2e-16
