# claims.csv: the claim-by-claim check of 29–30 September 2026, one row per claim (generated from the DATA of make_claims_check.py, text at d5a65bd); no text of any cited work: the passages are cut from the reader's own PDFs by make_claims_check.py. firsthand: own, part, second, code, na. claim_28sep: the claim's number in notes/review_2026-09-28/crosscheck_claims.csv.
claim,sentence,part,section,place,file,line,text,work,cited_as,pdf,verdict,verdict_meaning,firsthand,cited_for,difference,note,firsthand_note,evidence,claim_28sep
0,1,main text,Introduction,sentence,manuscript/draft_v2.md,25,"Integrated information decomposition (ΦID; Mediano et al., 2021, 2025) extends partial information decomposition (PID; Williams & Beer, 2010) to the time-delayed mutual information (TDMI) of two variables, splitting it into sixteen atoms that map each kind of past information (redundant, unique, synergistic) to each kind of future information.",Mediano 2021,Mediano et al. (2021),Mediano2021.pdf,S,completely supported,own,"ΦID as the extension of PID to the time-delayed mutual information of two variables, with sixteen atoms pairing each kind of past information with each kind of future information.",,,,Mediano2021.pdf p. 2; Mediano2021.pdf p. 3; Mediano2021.pdf p. 15; Mediano2021.pdf p. 17,C001
1,1,main text,Introduction,sentence,manuscript/draft_v2.md,25,"Integrated information decomposition (ΦID; Mediano et al., 2021, 2025) extends partial information decomposition (PID; Williams & Beer, 2010) to the time-delayed mutual information (TDMI) of two variables, splitting it into sixteen atoms that map each kind of past information (redundant, unique, synergistic) to each kind of future information.",Mediano 2025,Mediano et al. (2025),Mediano2025.pdf,S,completely supported,own,"The same definition of ΦID, in the journal version.",,,,Mediano2025.pdf p. 2; Mediano2025.pdf p. 3; Mediano2025.pdf p. 10; Mediano2025.pdf p. 11,C002
2,1,main text,Introduction,sentence,manuscript/draft_v2.md,25,"Integrated information decomposition (ΦID; Mediano et al., 2021, 2025) extends partial information decomposition (PID; Williams & Beer, 2010) to the time-delayed mutual information (TDMI) of two variables, splitting it into sixteen atoms that map each kind of past information (redundant, unique, synergistic) to each kind of future information.",Williams 2010,Williams & Beer (2010),Williams2010.pdf,S,completely supported,own,"Partial information decomposition (PID): splitting what several sources carry about a target into redundant, unique and synergistic parts.",,Williams and Beer write out 'partial information decomposition'; the short form PID is not used in their paper.,,Williams2010.pdf p. 1; Williams2010.pdf p. 2; Williams2010.pdf p. 3; Williams2010.pdf p. 4,C003
3,2,main text,Introduction,sentence,manuscript/draft_v2.md,25,"On resting-state blood-oxygen-level-dependent (BOLD) signals it separates redundancy-dominated sensory and motor cortex from a synergy-dominated association cortex, the 'synergistic core' (Luppi et al., 2022).",Luppi 2022,Luppi et al. (2022),Luppi2022.pdf,S,completely supported,own,"On resting-state BOLD, ΦID separates redundancy-dominated sensory and motor cortex from synergy-dominated association cortex, the 'synergistic core'.",,"The paper also places the salience network and insula on the redundancy side (p. 2), and describes the gradient as a difference in rank, not an absolute comparison of synergy with redundancy (p. 15).",,Luppi2022.pdf p. 1 (printed 771); Luppi2022.pdf p. 2 (printed 772); Luppi2022.pdf p. 4 (printed 774); Luppi2022.pdf p. 11 (printed 781); Luppi2022.pdf p. 15,C004
4,3,main text,Introduction,sentence,manuscript/draft_v2.md,25,"Regions where synergy predominates over redundancy, by rank, form a 'synergistic workspace' whose integrated information (ΦR) is reduced under propofol and in disorders of consciousness (Luppi et al., 2024); they call that synergy the persistent synergy but write it as the whole-minus-max synergy of their Eq. 5, in ΦID terms str + stx + sty + sts.",Luppi 2024,Luppi et al. (2024),Luppi2024.pdf,S,completely supported,own,The 'synergistic workspace': regions ranked higher for synergy than redundancy; its integrated information ΦR falls under propofol and in disorders of consciousness; the synergy is called persistent synergy (p. 6) but written as the whole-minus-max synergy of Eq. 5.,,"Reading Eq. 5 in ΦID atoms (str + stx + sty + sts) is our step; the paper writes the synergy formula, not the atoms.",,Luppi2024.pdf p. 20; Luppi2024.pdf p. 6; Luppi2024.pdf p. 21; Luppi2024.pdf p. 1; Luppi2024.pdf p. 10,C005
5,4,main text,Introduction,sentence,manuscript/draft_v2.md,25,"Of the nine studies read (S20 Table), seven state the minimum-mutual-information (MMI) redundancy function (Barrett, 2015; Mediano et al., 2021), six with a Gaussian estimator, and one uses the common-change-in-surprisal (CCS) function (Ince, 2017) on binarised signals in its primary analysis (Luppi et al., 2023); where the lag's value is stated it is one repetition time (TR; Luppi et al., 2023; Down et al., 2026), on BOLD series whose lag-1 autocorrelation is high because of haemodynamic smoothing and band-pass filtering.",Barrett 2015,Barrett (2015),barrett2015.pdf,S,completely supported,own,The minimum-mutual-information (MMI) redundancy function.,,,,barrett2015.pdf p. 2 (printed 052802-2); barrett2015.pdf p. 5 (printed 052802-5),C006
6,4,main text,Introduction,sentence,manuscript/draft_v2.md,25,"Of the nine studies read (S20 Table), seven state the minimum-mutual-information (MMI) redundancy function (Barrett, 2015; Mediano et al., 2021), six with a Gaussian estimator, and one uses the common-change-in-surprisal (CCS) function (Ince, 2017) on binarised signals in its primary analysis (Luppi et al., 2023); where the lag's value is stated it is one repetition time (TR; Luppi et al., 2023; Down et al., 2026), on BOLD series whose lag-1 autocorrelation is high because of haemodynamic smoothing and band-pass filtering.",Mediano 2021,Mediano et al. (2021),Mediano2021.pdf,S,completely supported,own,"MMI in its ΦID form (the double redundancy of their Appendix, Definition 2).",,"The single-target MMI is Barrett's (2015), which Mediano et al. cite; their own part is the ΦID extension.",,Mediano2021.pdf p. 10; Mediano2021.pdf p. 24 (printed 3),C007
7,4,main text,Introduction,sentence,manuscript/draft_v2.md,25,"Of the nine studies read (S20 Table), seven state the minimum-mutual-information (MMI) redundancy function (Barrett, 2015; Mediano et al., 2021), six with a Gaussian estimator, and one uses the common-change-in-surprisal (CCS) function (Ince, 2017) on binarised signals in its primary analysis (Luppi et al., 2023); where the lag's value is stated it is one repetition time (TR; Luppi et al., 2023; Down et al., 2026), on BOLD series whose lag-1 autocorrelation is high because of haemodynamic smoothing and band-pass filtering.",Ince 2017,Ince (2017),Ince2017.pdf,S,completely supported,own,The common-change-in-surprisal (CCS) redundancy function.,,Ince names the measure I_ccs; the letters CCS stand for his 'common change in surprisal'.,,Ince2017.pdf p. 1; Ince2017.pdf p. 11,C008
8,4,main text,Introduction,sentence,manuscript/draft_v2.md,25,"Of the nine studies read (S20 Table), seven state the minimum-mutual-information (MMI) redundancy function (Barrett, 2015; Mediano et al., 2021), six with a Gaussian estimator, and one uses the common-change-in-surprisal (CCS) function (Ince, 2017) on binarised signals in its primary analysis (Luppi et al., 2023); where the lag's value is stated it is one repetition time (TR; Luppi et al., 2023; Down et al., 2026), on BOLD series whose lag-1 autocorrelation is high because of haemodynamic smoothing and band-pass filtering.",Luppi 2023,Luppi et al. (2023),Luppi2023.pdf,Q,"supported, with a difference",own,"Luppi et al. (2023) use CCS on binarised signals in their primary analysis, and state their lag as one TR.","Their lag is one TR (2 s), but they also report a 4-TR time step, at which no significant difference was observed (p. 3), and they say their emergence-capacity results depend on the timescale (p. 8); the sentence gives only the one-TR lag (S20 Table gives both).",,,Luppi2023.pdf p. 12; Luppi2023.pdf p. 3; Luppi2023.pdf p. 8,C009
9,4,main text,Introduction,sentence,manuscript/draft_v2.md,25,"Of the nine studies read (S20 Table), seven state the minimum-mutual-information (MMI) redundancy function (Barrett, 2015; Mediano et al., 2021), six with a Gaussian estimator, and one uses the common-change-in-surprisal (CCS) function (Ince, 2017) on binarised signals in its primary analysis (Luppi et al., 2023); where the lag's value is stated it is one repetition time (TR; Luppi et al., 2023; Down et al., 2026), on BOLD series whose lag-1 autocorrelation is high because of haemodynamic smoothing and band-pass filtering.",Down 2026,Down et al. (2026),Down2026.pdf,S,completely supported,own,Down et al. state their lag as one TR (one time step).,,,,Down2026.pdf p. 5; Down2026.pdf p. 3,C010
10,5,main text,Introduction,sentence,manuscript/draft_v2.md,27,"Barrett (2015) exhibited positive net synergy — hence positive MMI synergy, since MMI redundancy is non-negative — in a dynamical Gaussian example in which a target's own immediate past is one of the sources (his Example 1); the net synergy vanishes when the infinite pasts are the sources, while the MMI synergy stays at ½ ln(1 + α²) (his Eqs. 73 and 79–82).",Barrett 2015,Barrett (2015),barrett2015.pdf,S,completely supported,own,Barrett's Example 1: positive net synergy when a target's own immediate past is a source (Eq. 73); zero net synergy with the infinite pasts (Eq. 79); the MMI synergy stays at ½ ln(1 + α²) (Eqs. 81–82; Eq. 80 is the one-lag redundancy).,,Barrett states the 'hence' step himself: net synergy is a lower bound on synergy because redundancy is non-negative (p. 3).,,barrett2015.pdf p. 7 (printed 052802-7); barrett2015.pdf p. 8 (printed 052802-8); barrett2015.pdf p. 3 (printed 052802-3),C011
11,6,main text,Introduction,sentence,manuscript/draft_v2.md,27,"MMI's aggregate synergy, the same four-atom sum, cannot tell a synergistic pair from two independent autocorrelated processes (Varley, 2024, Eqs. 4–6 and 12), and PID applied to time series rests on an assumption of independent, identically distributed samples that is often violated (Faes et al., 2025).",Varley 2024,Varley (2024),Varley2024.pdf,S,completely supported,own,MMI synergy cannot tell a synergistic pair from two independent autocorrelated processes (his Eqs. 4–6 and 12).,,Varley shows it with two example systems of binary variables (Eqs. 4–6) and in general with Eq. 12. Calling his synergy 'the same four-atom sum' (str + stx + sty + sts) is our identification.,,Varley2024.pdf p. 1; Varley2024.pdf p. 5; Varley2024.pdf p. 6; Varley2024.pdf p. 7; Varley2024.pdf p. 11; Varley2024.pdf p. 12,C012
12,6,main text,Introduction,sentence,manuscript/draft_v2.md,27,"MMI's aggregate synergy, the same four-atom sum, cannot tell a synergistic pair from two independent autocorrelated processes (Varley, 2024, Eqs. 4–6 and 12), and PID applied to time series rests on an assumption of independent, identically distributed samples that is often violated (Faes et al., 2025).",Faes 2025,Faes et al. (2025),Faes2025.pdf,S,completely supported,own,"PID on time series rests on an assumption of independent, identically distributed samples that is often violated.",,For 'often violated' they point to three applications as examples (their refs. 8–10); the judgement is their own.,,Faes2025.pdf p. 1,C013
13,7,main text,Introduction,sentence,manuscript/draft_v2.md,27,"Exact Gaussian decompositions exist for transfer entropy (Faes et al., 2017), for static systems (Barrett, 2015; Kay & Ince, 2018) and for single-target lagged PIDs of multivariate autoregressive processes with a target's own past among the sources (Barrett, 2015, Sec. V), Varley (2024) gave the aggregate identity, and the ΦID authors' worked example is a coupled autoregressive pair (Mediano et al., 2021, Fig. 5 and Appendix VI); what none of them gives is the sixteen atoms in closed form, and so which of them take their value from the self-information, how sts depends on a pair's lag-1 autocorrelation r₁ and lag-0 correlation q, where real region pairs sit on that dependence, whether CCS shares the property, and how much of an observed sts change the pairs' own autocorrelations carry.",Faes 2017,Faes et al. (2017),Faes2017.pdf,S,completely supported,own,Exact Gaussian decompositions of transfer entropy; and that they give none of the ΦID results listed.,,"Faes et al. call their results exact expressions obtained analytically from the model parameters (p. 1). The negative part holds: no ΦID atoms, no (r₁, q) dependence, no CCS, no region pairs.",,Faes2017.pdf p. 1; Faes2017.pdf p. 5; Faes2017.pdf p. 6; Faes2017.pdf p. 15; Faes2017.pdf p. 2,C014
14,7,main text,Introduction,sentence,manuscript/draft_v2.md,27,"Exact Gaussian decompositions exist for transfer entropy (Faes et al., 2017), for static systems (Barrett, 2015; Kay & Ince, 2018) and for single-target lagged PIDs of multivariate autoregressive processes with a target's own past among the sources (Barrett, 2015, Sec. V), Varley (2024) gave the aggregate identity, and the ΦID authors' worked example is a coupled autoregressive pair (Mediano et al., 2021, Fig. 5 and Appendix VI); what none of them gives is the sixteen atoms in closed form, and so which of them take their value from the self-information, how sts depends on a pair's lag-1 autocorrelation r₁ and lag-0 correlation q, where real region pairs sit on that dependence, whether CCS shares the property, and how much of an observed sts change the pairs' own autocorrelations carry.",Barrett 2015,Barrett (2015),barrett2015.pdf,S,completely supported,own,"Exact Gaussian PIDs for static systems, and in Sec. V for single-target lagged PIDs of autoregressive processes with the target's own past among the sources; and that he gives none of the ΦID results listed.",,,,barrett2015.pdf p. 1 (printed 052802-1); barrett2015.pdf p. 4 (printed 052802-4); barrett2015.pdf p. 6 (printed 052802-6); barrett2015.pdf p. 7 (printed 052802-7); barrett2015.pdf p. 12 (printed 052802-12),C015
15,7,main text,Introduction,sentence,manuscript/draft_v2.md,27,"Exact Gaussian decompositions exist for transfer entropy (Faes et al., 2017), for static systems (Barrett, 2015; Kay & Ince, 2018) and for single-target lagged PIDs of multivariate autoregressive processes with a target's own past among the sources (Barrett, 2015, Sec. V), Varley (2024) gave the aggregate identity, and the ΦID authors' worked example is a coupled autoregressive pair (Mediano et al., 2021, Fig. 5 and Appendix VI); what none of them gives is the sixteen atoms in closed form, and so which of them take their value from the self-information, how sts depends on a pair's lag-1 autocorrelation r₁ and lag-0 correlation q, where real region pairs sit on that dependence, whether CCS shares the property, and how much of an observed sts change the pairs' own autocorrelations carry.",Kay 2018,Kay & Ince (2018),Kay2018.pdf,S,completely supported,own,Exact Gaussian PIDs for static systems; and that they give none of the ΦID results listed.,,,,Kay2018.pdf p. 1; Kay2018.pdf p. 26; Kay2018.pdf p. 28,C016
16,7,main text,Introduction,sentence,manuscript/draft_v2.md,27,"Exact Gaussian decompositions exist for transfer entropy (Faes et al., 2017), for static systems (Barrett, 2015; Kay & Ince, 2018) and for single-target lagged PIDs of multivariate autoregressive processes with a target's own past among the sources (Barrett, 2015, Sec. V), Varley (2024) gave the aggregate identity, and the ΦID authors' worked example is a coupled autoregressive pair (Mediano et al., 2021, Fig. 5 and Appendix VI); what none of them gives is the sixteen atoms in closed form, and so which of them take their value from the self-information, how sts depends on a pair's lag-1 autocorrelation r₁ and lag-0 correlation q, where real region pairs sit on that dependence, whether CCS shares the property, and how much of an observed sts change the pairs' own autocorrelations carry.",Varley 2024,Varley (2024),Varley2024.pdf,Q,"supported, with a difference",own,The aggregate identity; and that he gives none of the atom-level results listed.,"His identity (Eqs. 11–12, p. 7) is for a disintegrated pair (the two processes independent, q = 0); for coupled pairs he gives only the general form and the change on disintegration. The Introduction says 'the aggregate identity' without this restriction; Results 1 states it ('which at q = 0 is his identity for a disintegrated pair').",,,Varley2024.pdf p. 5; Varley2024.pdf p. 7; Varley2024.pdf p. 8; Varley2024.pdf p. 12,C017
17,7,main text,Introduction,sentence,manuscript/draft_v2.md,27,"Exact Gaussian decompositions exist for transfer entropy (Faes et al., 2017), for static systems (Barrett, 2015; Kay & Ince, 2018) and for single-target lagged PIDs of multivariate autoregressive processes with a target's own past among the sources (Barrett, 2015, Sec. V), Varley (2024) gave the aggregate identity, and the ΦID authors' worked example is a coupled autoregressive pair (Mediano et al., 2021, Fig. 5 and Appendix VI); what none of them gives is the sixteen atoms in closed form, and so which of them take their value from the self-information, how sts depends on a pair's lag-1 autocorrelation r₁ and lag-0 correlation q, where real region pairs sit on that dependence, whether CCS shares the property, and how much of an observed sts change the pairs' own autocorrelations carry.",Mediano 2021,Mediano et al. (2021),Mediano2021.pdf,S,completely supported,own,"The ΦID authors' worked example is a coupled autoregressive pair (Fig. 5, Appendix VI); and that they give no closed form of the atoms.",,"Mediano et al. do write which atoms make up a variable's information about its own future (their Eq. 2, p. 6), but give no closed form for any of them, which is what the sentence says.",,Mediano2021.pdf p. 10; Mediano2021.pdf p. 11; Mediano2021.pdf p. 26 (printed 5); Mediano2021.pdf p. 6,C018
18,8,main text,Introduction,sentence,manuscript/draft_v2.md,29,"It was planned as a directional test of whether whole-brain synergy, measured as MMI-sts, is up-regulated under N,N-dimethyltryptamine (DMT), a drug that produces a state of intensified conscious content; the predicted increase was motivated by the synergistic-workspace account, in which loss of consciousness goes with reduced ΦR within the workspace (Luppi et al., 2024).",Luppi 2024,Luppi et al. (2024),Luppi2024.pdf,S,completely supported,own,The synergistic-workspace account: loss of consciousness goes with reduced ΦR within the workspace.,,"The account makes no prediction about psychedelics; the paper names them only as future research (p. 14), which fits our word 'motivated'.",,Luppi2024.pdf p. 1; Luppi2024.pdf p. 8; Luppi2024.pdf p. 10,C019
19,9,main text,Results / 1. The sixteen atoms in closed form,sentence,manuscript/draft_v2.md,49,"with TDMI depending on r₁ alone, and str + stx + sty + sts = S for every q: the whole-minus-max synergy (Luppi et al., 2024, Eq. 5) and Varley's (2024) aggregate synergy (his Eq. 3), which at q = 0 is his identity for a disintegrated pair (his Eq. 12).",Luppi 2024,Luppi et al. (2024),Luppi2024.pdf,S,completely supported,own,The whole-minus-max synergy of their Eq. 5.,,Reading it as str + stx + sty + sts is our step.,,Luppi2024.pdf p. 20,
20,9,main text,Results / 1. The sixteen atoms in closed form,sentence,manuscript/draft_v2.md,49,"with TDMI depending on r₁ alone, and str + stx + sty + sts = S for every q: the whole-minus-max synergy (Luppi et al., 2024, Eq. 5) and Varley's (2024) aggregate synergy (his Eq. 3), which at q = 0 is his identity for a disintegrated pair (his Eq. 12).",Varley 2024,Varley (2024),Varley2024.pdf,S,completely supported,own,Varley's aggregate MMI synergy (his Eq. 3) and his identity for a disintegrated pair (his Eq. 12).,,Matching Eq. 12 to q = 0 is our step: an independent pair has zero lag-0 correlation.,,Varley2024.pdf p. 4; Varley2024.pdf p. 5; Varley2024.pdf p. 6; Varley2024.pdf p. 7,C020
21,10,main text,Results / 1. The sixteen atoms in closed form,sentence,manuscript/draft_v2.md,49,"That MMI-ΦID can produce negative atoms is noted by its authors (Mediano et al., 2025, SI Appendix, Sec. III.A; Luppi et al., 2026).",Mediano 2025,Mediano et al. (2025),Mediano2025.pdf,S,completely supported,own,"The authors of MMI-ΦID note that it can produce negative atoms (SI Appendix, Sec. III.A).",,,,Mediano2025_SI.pdf p. 3,C021
22,10,main text,Results / 1. The sixteen atoms in closed form,sentence,manuscript/draft_v2.md,49,"That MMI-ΦID can produce negative atoms is noted by its authors (Mediano et al., 2025, SI Appendix, Sec. III.A; Luppi et al., 2026).",Luppi 2026,Luppi et al. (2026),Luppi2026.pdf,S,completely supported,own,"The same point, made by the ΦID authors in Luppi et al. (2026).",,Luppi et al. (2026) include the ΦID authors Mediano and Rosas (p. 1).,,Luppi2026.pdf p. 19 (printed 795),C022
23,11,main text,Results / 3. The regional map,sentence,manuscript/draft_v2.md,108,"In the literature the intrinsic timescale of BOLD lengthens from sensorimotor to association cortex (Raut et al., 2020; Ito et al., 2020; in macaque single units, from sensory to prefrontal cortex, Murray et al., 2014), but here the network means of regional r₁ differ little (somatomotor 0.849, default 0.848, visual 0.840, the lowest cortical network).",Raut 2020,Raut et al. (2020),Raut2020.pdf,S,completely supported,own,The intrinsic timescale of resting BOLD lengthens from sensorimotor to association cortex.,,,,Raut2020.pdf p. 1 (printed 20890); Raut2020.pdf p. 2 (printed 20891),C023
24,11,main text,Results / 3. The regional map,sentence,manuscript/draft_v2.md,108,"In the literature the intrinsic timescale of BOLD lengthens from sensorimotor to association cortex (Raut et al., 2020; Ito et al., 2020; in macaque single units, from sensory to prefrontal cortex, Murray et al., 2014), but here the network means of regional r₁ differ little (somatomotor 0.849, default 0.848, visual 0.840, the lowest cortical network).",Ito 2020,Ito et al. (2020),Ito2020.pdf,S,completely supported,own,"The same gradient, from unimodal to transmodal regions.",,"Ito et al. contrast unimodal (visual, auditory, somatomotor) with transmodal networks, which is the same division in other words.",,Ito2020.pdf p. 6; Ito2020.pdf p. 5; Ito2020.pdf p. 10,C024
25,11,main text,Results / 3. The regional map,sentence,manuscript/draft_v2.md,108,"In the literature the intrinsic timescale of BOLD lengthens from sensorimotor to association cortex (Raut et al., 2020; Ito et al., 2020; in macaque single units, from sensory to prefrontal cortex, Murray et al., 2014), but here the network means of regional r₁ differ little (somatomotor 0.849, default 0.848, visual 0.840, the lowest cortical network).",Murray 2014,Murray et al. (2014),Murray2014.pdf,S,completely supported,own,In macaque single units the intrinsic timescale lengthens from sensory to prefrontal cortex.,,,,Murray2014.pdf p. 1,C025
26,12,main text,Results / 4. What the pairs' own autocorrelations and lag-0 correlations carry,sentence,manuscript/draft_v2.md,116,"Shading is ± 1 within-subject SEM (Cousineau, 2005; Morey, 2008): each subject's values are centred on that subject's own mean before the SEM across subjects is taken, with Morey's correction, so the bands show the uncertainty of within-subject comparisons across windows and runs and not the between-subject spread of the level, which the paper does not test; the same band is drawn on the dashed lines of (a).",Cousineau 2005,Cousineau (2005),Cousineau2005.pdf,S,completely supported,own,Within-subject error bars: each subject's values are centred on that subject's own mean.,,"Cousineau also adds back the grand mean, which moves the curves but leaves the error bars unchanged.",,Cousineau2005.pdf p. 2 (printed 43); Cousineau2005.pdf p. 3 (printed 44),C026
27,12,main text,Results / 4. What the pairs' own autocorrelations and lag-0 correlations carry,sentence,manuscript/draft_v2.md,116,"Shading is ± 1 within-subject SEM (Cousineau, 2005; Morey, 2008): each subject's values are centred on that subject's own mean before the SEM across subjects is taken, with Morey's correction, so the bands show the uncertainty of within-subject comparisons across windows and runs and not the between-subject spread of the level, which the paper does not test; the same band is drawn on the dashed lines of (a).",Morey 2008,Morey (2008),Morey2008.pdf,S,completely supported,own,Morey's correction of Cousineau's intervals.,,"The correction multiplies the variances by M/(M − 1), M the number of within-subject conditions.",,Morey2008.pdf p. 2 (printed 62),C027
28,13,main text,Results / 7. Remedies,sentence,manuscript/draft_v2.md,152,"Prewhitening also has costs: on Human Connectome Project (HCP) fMRI a mutual-information test's false-positive rate rose from 42 % to over 88 % after AR(p) prewhitening (Cliff et al., 2021); making a BOLD series entirely uncorrelated may remove neuronal information carried by the haemodynamic response, a concern Honari et al. (2019) raise although their own simulation found no detrimental effect; and band-pass filtering itself reintroduces autocorrelation (Arbabshirani et al., 2014).",Cliff 2021,Cliff et al. (2021),Cliff2021.pdf,S,completely supported,own,On HCP fMRI a mutual-information test's false-positive rate rose from 42 % to over 88 % after AR(p) prewhitening.,,42 % is their 41.8 % rounded. They note that the over-88 % result is not shown in their figure.,,Cliff2021.pdf p. 15 (printed 013145-15); Cliff2021.pdf p. 16 (printed 013145-16),C028
29,13,main text,Results / 7. Remedies,sentence,manuscript/draft_v2.md,152,"Prewhitening also has costs: on Human Connectome Project (HCP) fMRI a mutual-information test's false-positive rate rose from 42 % to over 88 % after AR(p) prewhitening (Cliff et al., 2021); making a BOLD series entirely uncorrelated may remove neuronal information carried by the haemodynamic response, a concern Honari et al. (2019) raise although their own simulation found no detrimental effect; and band-pass filtering itself reintroduces autocorrelation (Arbabshirani et al., 2014).",Honari 2019,Honari et al. (2019),Honari2019.pdf,S,completely supported,own,"Honari et al. raise the concern that prewhitening may remove neuronal information in the haemodynamic response, yet their simulation found no detrimental effect.",,,,Honari2019.pdf p. 10 (printed 46); Honari2019.pdf p. 2 (printed 38); Honari2019.pdf p. 4 (printed 40); Honari2019.pdf p. 7 (printed 43),C029
30,13,main text,Results / 7. Remedies,sentence,manuscript/draft_v2.md,152,"Prewhitening also has costs: on Human Connectome Project (HCP) fMRI a mutual-information test's false-positive rate rose from 42 % to over 88 % after AR(p) prewhitening (Cliff et al., 2021); making a BOLD series entirely uncorrelated may remove neuronal information carried by the haemodynamic response, a concern Honari et al. (2019) raise although their own simulation found no detrimental effect; and band-pass filtering itself reintroduces autocorrelation (Arbabshirani et al., 2014).",Arbabshirani 2014,Arbabshirani et al. (2014),Arbabshirani2014.pdf,S,completely supported,own,Band-pass filtering brings autocorrelation back into prewhitened series.,,,,Arbabshirani2014.pdf p. 13; Arbabshirani2014.pdf p. 28,C030
31,14,main text,Results / 7. Remedies,sentence,manuscript/draft_v2.md,156,"Null-model normalisation of atoms is a direction the ΦID authors have named (Liardi et al., 2025, for PID on magnetoencephalography); on the family the dependence it addresses is r₁'s route into sts, since TDMI = 2S depends on r₁ alone.",Liardi 2025,Liardi et al. (2025),Liardi2025.pdf,S,completely supported,own,"The ΦID authors have named null-model normalisation of atoms, for PID on magnetoencephalography.",,"Liardi et al. share Mediano, Rosas, Carhart-Harris and Bor with the ΦID paper (p. 1). They do more than name it: they introduce the method (NuMIT) and apply it to PID atoms.",,Liardi2025.pdf p. 1; Liardi2025.pdf p. 9; Liardi2025.pdf p. 14; Liardi2025.pdf p. 24,C031
32,15,main text,Discussion / The literature,sentence,manuscript/draft_v2.md,170,"A contrast between states, between groups, or across a session is exposed wherever the compared conditions differ in r₁: BOLD lag-1 autocorrelation rises in propofol sedation and falls in deep anaesthesia and in disorders of consciousness (Huang et al., 2018); in these data it fell under DMT relative to placebo and rose within the placebo run; between-group designs are exposed to any group difference in r₁ from physiology, motion, age or scanner.",Huang 2018,Huang et al. (2018),Huang2018.pdf,S,completely supported,own,BOLD lag-1 autocorrelation rises in propofol sedation and falls in deep anaesthesia and in disorders of consciousness.,,In patients the lag-1 autocorrelation is lower than in controls but lies between wakefulness and deep anaesthesia (p. 8).,,Huang2018.pdf p. 1 (printed 2304); Huang2018.pdf p. 4 (printed 2307); Huang2018.pdf p. 8 (printed 2311); Huang2018.pdf p. 11 (printed 2314),C032
33,16,main text,Discussion / The literature,sentence,manuscript/draft_v2.md,170,"The applicability table (S20 Table) lists nine empirical studies (Down et al., 2026; Gatica et al., 2024; Luppi et al., 2022, 2023, 2024, 2026; Nago et al., 2026; Tarchi et al., 2026; Zhang et al., 2025), whose main texts were read in full.",Down 2026,Down et al. (2026),Down2026.pdf,S,completely supported,own,It is an empirical study (one of the nine in S20 Table).,,"'Whose main texts were read in full' describes our reading, not the paper.",,Down2026.pdf p. 1,C033
34,16,main text,Discussion / The literature,sentence,manuscript/draft_v2.md,170,"The applicability table (S20 Table) lists nine empirical studies (Down et al., 2026; Gatica et al., 2024; Luppi et al., 2022, 2023, 2024, 2026; Nago et al., 2026; Tarchi et al., 2026; Zhang et al., 2025), whose main texts were read in full.",Gatica 2024,Gatica et al. (2024),Gatica2024.pdf,S,completely supported,own,It is an empirical study (one of the nine in S20 Table).,,"'Whose main texts were read in full' describes our reading, not the paper.",,Gatica2024.pdf p. 4 (printed 1035),C034
35,16,main text,Discussion / The literature,sentence,manuscript/draft_v2.md,170,"The applicability table (S20 Table) lists nine empirical studies (Down et al., 2026; Gatica et al., 2024; Luppi et al., 2022, 2023, 2024, 2026; Nago et al., 2026; Tarchi et al., 2026; Zhang et al., 2025), whose main texts were read in full.",Luppi 2022,Luppi et al. (2022),Luppi2022.pdf,S,completely supported,own,It is an empirical study (one of the nine in S20 Table).,,"'Whose main texts were read in full' describes our reading, not the paper.",,Luppi2022.pdf p. 2 (printed 772),C035
36,16,main text,Discussion / The literature,sentence,manuscript/draft_v2.md,170,"The applicability table (S20 Table) lists nine empirical studies (Down et al., 2026; Gatica et al., 2024; Luppi et al., 2022, 2023, 2024, 2026; Nago et al., 2026; Tarchi et al., 2026; Zhang et al., 2025), whose main texts were read in full.",Luppi 2023,Luppi et al. (2023),Luppi2023.pdf,S,completely supported,own,It is an empirical study (one of the nine in S20 Table).,,"'Whose main texts were read in full' describes our reading, not the paper.",,Luppi2023.pdf p. 2,C036
37,16,main text,Discussion / The literature,sentence,manuscript/draft_v2.md,170,"The applicability table (S20 Table) lists nine empirical studies (Down et al., 2026; Gatica et al., 2024; Luppi et al., 2022, 2023, 2024, 2026; Nago et al., 2026; Tarchi et al., 2026; Zhang et al., 2025), whose main texts were read in full.",Luppi 2024,Luppi et al. (2024),Luppi2024.pdf,S,completely supported,own,It is an empirical study (one of the nine in S20 Table).,,"'Whose main texts were read in full' describes our reading, not the paper.",,Luppi2024.pdf p. 4; Luppi2024.pdf p. 18,C037
38,16,main text,Discussion / The literature,sentence,manuscript/draft_v2.md,170,"The applicability table (S20 Table) lists nine empirical studies (Down et al., 2026; Gatica et al., 2024; Luppi et al., 2022, 2023, 2024, 2026; Nago et al., 2026; Tarchi et al., 2026; Zhang et al., 2025), whose main texts were read in full.",Luppi 2026,Luppi et al. (2026),Luppi2026.pdf,S,completely supported,own,It is an empirical study (one of the nine in S20 Table).,,"'Whose main texts were read in full' describes our reading, not the paper.",,Luppi2026.pdf p. 3 (printed 779),C038
39,16,main text,Discussion / The literature,sentence,manuscript/draft_v2.md,170,"The applicability table (S20 Table) lists nine empirical studies (Down et al., 2026; Gatica et al., 2024; Luppi et al., 2022, 2023, 2024, 2026; Nago et al., 2026; Tarchi et al., 2026; Zhang et al., 2025), whose main texts were read in full.",Nago 2026,Nago et al. (2026),Nago2026.pdf,S,completely supported,own,It is an empirical study (one of the nine in S20 Table).,,"'Whose main texts were read in full' describes our reading, not the paper.",,Nago2026.pdf p. 1; Nago2026.pdf p. 3,C039
40,16,main text,Discussion / The literature,sentence,manuscript/draft_v2.md,170,"The applicability table (S20 Table) lists nine empirical studies (Down et al., 2026; Gatica et al., 2024; Luppi et al., 2022, 2023, 2024, 2026; Nago et al., 2026; Tarchi et al., 2026; Zhang et al., 2025), whose main texts were read in full.",Tarchi 2026,Tarchi et al. (2026),Tarchi2025.pdf,S,completely supported,own,It is an empirical study (one of the nine in S20 Table).,,"'Whose main texts were read in full' describes our reading, not the paper.",,Tarchi2025.pdf p. 1,C040
41,16,main text,Discussion / The literature,sentence,manuscript/draft_v2.md,170,"The applicability table (S20 Table) lists nine empirical studies (Down et al., 2026; Gatica et al., 2024; Luppi et al., 2022, 2023, 2024, 2026; Nago et al., 2026; Tarchi et al., 2026; Zhang et al., 2025), whose main texts were read in full.",Zhang 2025,Zhang et al. (2025),Zhang2025.pdf,S,completely supported,own,It is an empirical study (one of the nine in S20 Table).,,"'Whose main texts were read in full' describes our reading, not the paper.",,Zhang2025.pdf p. 1; Zhang2025.pdf p. 3,C041
42,17,main text,Discussion / The literature,sentence,manuscript/draft_v2.md,170,"For every study within the map's scope it gives the same conditional statement, the sign of r₁ change that would produce the reported effect on the map; the primary quantity of Luppi et al. (2023), CCS emergence capacity on binarised signals, is outside the scope (S3 Text evaluates it), and the main text of Tarchi et al. (2026) does not state its redundancy function.",Luppi 2023,Luppi et al. (2023),Luppi2023.pdf,S,completely supported,own,The primary quantity of Luppi et al. (2023) is CCS emergence capacity on binarised signals.,,,,Luppi2023.pdf p. 3; Luppi2023.pdf p. 12,C042
43,17,main text,Discussion / The literature,sentence,manuscript/draft_v2.md,170,"For every study within the map's scope it gives the same conditional statement, the sign of r₁ change that would produce the reported effect on the map; the primary quantity of Luppi et al. (2023), CCS emergence capacity on binarised signals, is outside the scope (S3 Text evaluates it), and the main text of Tarchi et al. (2026) does not state its redundancy function.",Tarchi 2026,Tarchi et al. (2026),Tarchi2025.pdf,S,completely supported,na,The main text of Tarchi et al. does not state its redundancy function.,,"This is a claim that something is absent: none of MMI, CCS, redundancy function or double redundancy appears in its ten pages.",,Tarchi2025.pdf p. 3,C043
44,18,main text,Discussion / The literature,sentence,manuscript/draft_v2.md,172,"The human (HCP) data of Luppi et al. (2022), at TR 0.72 s, fall outside the table's TR range; there the ideal-band-pass r₁ is 0.97 and ∂sts/∂r₁ = 32.8, but per unit of regional spectral difference the exposure is almost the same at every TR (S3 Text), so the derivative does not rank datasets and the exposure is not specific to TR 2 s data.",Luppi 2022,Luppi et al. (2022),Luppi2022.pdf,S,completely supported,own,The human data are HCP resting-state fMRI at TR 0.72 s.,,The r₁ of 0.97 and the derivative are our own computations.,,Luppi2022.pdf p. 13; Luppi2022.pdf p. 16,C044
r17212022,19,main text,Discussion / The literature,sentence,manuscript/draft_v2.md,172,"That study's phase-randomised surrogates, which on the family give the regional r₁ gradient up to noise, are the table's one test of the exposure: the surrogate gradient's correlations with the six macroscale maps of their Table 1 were small (|ρ| ≤ 0.26; one significant) against 0.22–0.54 for the observed gradient (S20 Table).",Luppi 2022,Luppi et al. (2022),Luppi2022.pdf,S,completely supported,own,"Their phase-randomised surrogate gradient correlated with the six macroscale maps of Table 1 at |ρ| ≤ 0.26, one significant, against 0.22–0.54 for the observed gradient.",,"That on our family the surrogate gives the regional r₁ gradient, and that it is the table's one test of the exposure, is our reading.",,Luppi2022.pdf p. 10 (printed 780); Luppi2022.pdf p. 18,
45,20,main text,Discussion / The literature,sentence,manuscript/draft_v2.md,172,"On the family a change in q moves synergy and redundancy oppositely by equal amounts and a change in r₁ moves mainly sts, so synergy and redundancy moving in opposite directions (Down et al., 2026; in part, in the regional classification of Tarchi et al., 2026) is the q signature or a mixture, not the r₁ signature.",Down 2026,Down et al. (2026),Down2026.pdf,S,completely supported,own,In Alzheimer's disease synergy falls while redundancy rises.,,This is Down et al.'s main contrast (AD against controls). Exceptions exist: redundancy falls in the somatomotor network (p. 12) and from controls to MCI (p. 13). Reading the pattern as the q signature is ours.,,Down2026.pdf p. 1; Down2026.pdf p. 17; Down2026.pdf p. 12,C045
46,20,main text,Discussion / The literature,sentence,manuscript/draft_v2.md,172,"On the family a change in q moves synergy and redundancy oppositely by equal amounts and a change in r₁ moves mainly sts, so synergy and redundancy moving in opposite directions (Down et al., 2026; in part, in the regional classification of Tarchi et al., 2026) is the q signature or a mixture, not the r₁ signature.",Tarchi 2026,Tarchi et al. (2026),Tarchi2025.pdf,S,completely supported,own,In Tarchi et al.'s region-wise classification synergy and redundancy partly move in opposite directions.,,"The directions come from the signs of a classifier's coefficients, not from group tests, and redundancy goes both ways; our 'in part' covers this.",,Tarchi2025.pdf p. 5; Tarchi2025.pdf p. 6,C046
47,21,main text,Discussion / The literature,sentence,manuscript/draft_v2.md,172,"And ΦR = rtr on the symmetric family falls with a fall in either factor, so the result for sts does not carry over to ΦR (Luppi et al., 2024, 2026).",Luppi 2024,Luppi et al. (2024),Luppi2024.pdf,S,completely supported,own,Luppi et al. (2024) report ΦR.,,'ΦR = rtr on the symmetric family' is our derivation.,,Luppi2024.pdf p. 20; Luppi2024.pdf p. 8,C047
48,21,main text,Discussion / The literature,sentence,manuscript/draft_v2.md,172,"And ΦR = rtr on the symmetric family falls with a fall in either factor, so the result for sts does not carry over to ΦR (Luppi et al., 2024, 2026).",Luppi 2026,Luppi et al. (2026),Luppi2026.pdf,S,completely supported,own,Luppi et al. (2026) report ΦR (their Eq. 9).,,'ΦR = rtr on the symmetric family' is our derivation.,,Luppi2026.pdf p. 20 (printed 796),C048
49,22,main text,Discussion / The literature,sentence,manuscript/draft_v2.md,172,Of the studies in the table only Luppi et al. (2022) addressed autocorrelation (in part); it is the subject of Varley (2024).,Luppi 2022,Luppi et al. (2022),Luppi2022.pdf,S,completely supported,own,"Luppi et al. (2022) addressed temporal autocorrelation, in part.",,"They did so with the third of their three surrogate tests (phase-randomised series that keep each region's autocorrelation, p. 18; Table 1, p. 10). 'Only' is our reading of the other studies in S20 Table; three of them (Luppi et al. 2023, 2024; Tarchi et al.) deconvolved the HRF, which the table does not count as addressing autocorrelation.",,Luppi2022.pdf p. 18; Luppi2022.pdf p. 10 (printed 780),C049
50,22,main text,Discussion / The literature,sentence,manuscript/draft_v2.md,172,Of the studies in the table only Luppi et al. (2022) addressed autocorrelation (in part); it is the subject of Varley (2024).,Varley 2024,Varley (2024),Varley2024.pdf,S,completely supported,own,Autocorrelation is the subject of Varley's note.,,,,Varley2024.pdf p. 1; Varley2024.pdf p. 12,C050
51,23,main text,Discussion / Recommendations,sentence,manuscript/draft_v2.md,176,"Report the mean lag-1 autocorrelation beside sts, per condition and subject, and its contrast beside the sts contrast, with the effective sample size computed from the auto- and cross-correlation functions (Afyouni et al., 2019).",Afyouni 2019,Afyouni et al. (2019),Afyouni2019.pdf,S,completely supported,own,An effective sample size computed from the auto- and cross-correlation functions.,,"This is their xDF method. The estimators they review, which use the autocorrelation alone, are the ones they show to be biased.",,Afyouni2019.pdf p. 1 (printed 609); Afyouni2019.pdf p. 2 (printed 610); Afyouni2019.pdf p. 4 (printed 612),C051
52,24,main text,Discussion / Limitations,sentence,manuscript/draft_v2.md,180,"On Gaussian systems every PID whose redundancy depends only on the source–target marginals reduces to MMI when the target is univariate (Barrett, 2015), which covers the lattice nodes with a single past or single future variable but not the joint-target nodes, whose target is bivariate, or the double redundancy, ΦID's own extension (Mediano et al., 2021); so ""MMI-specific"" is not a licensed phrase, and other Gaussian PIDs, such as CCS and the dependency-constraint PID, whose redundancy depends also on the source–source marginal (Kay & Ince, 2018), could share or not share the property.",Barrett 2015,Barrett (2015),barrett2015.pdf,S,completely supported,own,On Gaussian systems every PID whose redundancy depends only on the source–target marginals reduces to MMI when the target is univariate.,,,,barrett2015.pdf p. 2 (printed 052802-2); barrett2015.pdf p. 5 (printed 052802-5); barrett2015.pdf p. 6 (printed 052802-6); barrett2015.pdf p. 12 (printed 052802-12),C052
53,24,main text,Discussion / Limitations,sentence,manuscript/draft_v2.md,180,"On Gaussian systems every PID whose redundancy depends only on the source–target marginals reduces to MMI when the target is univariate (Barrett, 2015), which covers the lattice nodes with a single past or single future variable but not the joint-target nodes, whose target is bivariate, or the double redundancy, ΦID's own extension (Mediano et al., 2021); so ""MMI-specific"" is not a licensed phrase, and other Gaussian PIDs, such as CCS and the dependency-constraint PID, whose redundancy depends also on the source–source marginal (Kay & Ince, 2018), could share or not share the property.",Mediano 2021,Mediano et al. (2021),Mediano2021.pdf,S,completely supported,own,"The joint-target nodes are single-target PIDs whose target is the joint (bivariate) future or past (pp. 3, 23), and the double redundancy is ΦID's own extension of PID's redundancy function (p. 4).",,,,Mediano2021.pdf p. 3; Mediano2021.pdf p. 4; Mediano2021.pdf p. 16; Mediano2021.pdf p. 17; Mediano2021.pdf p. 23 (printed 2),C054
54,24,main text,Discussion / Limitations,sentence,manuscript/draft_v2.md,180,"On Gaussian systems every PID whose redundancy depends only on the source–target marginals reduces to MMI when the target is univariate (Barrett, 2015), which covers the lattice nodes with a single past or single future variable but not the joint-target nodes, whose target is bivariate, or the double redundancy, ΦID's own extension (Mediano et al., 2021); so ""MMI-specific"" is not a licensed phrase, and other Gaussian PIDs, such as CCS and the dependency-constraint PID, whose redundancy depends also on the source–source marginal (Kay & Ince, 2018), could share or not share the property.",Kay 2018,Kay & Ince (2018),Kay2018.pdf,S,completely supported,own,"CCS and the dependency-constraint PID depend also on the source–source marginal, so they are not MMI.",,"This is Kay and Ince's own point (pp. 3, 26). On 28 September this citation stood for Barrett's result, which Kay and Ince state only by citing Barrett; the revision moved it to this point.",,Kay2018.pdf p. 3; Kay2018.pdf p. 26,C053
55,25,main text,Materials and methods / Ethics statement,sentence,manuscript/draft_v2.md,188,"The original study was approved by the National Research Ethics Committee London – Brent and the Health Research Authority, with written informed consent from all participants (Timmermann et al., 2023; S1 Text) [TK: the REC reference number, and the basis on which the approval or the release covers secondary use, to be obtained from C.",Timmermann 2023,Timmermann et al. (2023),Timmerman2023.pdf,S,completely supported,own,"The original study was approved by the National Research Ethics Committee London – Brent and the Health Research Authority, with written informed consent from all participants.",,"No reference number and nothing on secondary use appear in the paper, which is why the [TK] item stays open.",,Timmerman2023.pdf p. 9 (printed 9 of 12),C055
56,26,main text,Materials and methods / Ethics statement,sentence,manuscript/draft_v2.md,188,"This is a secondary analysis of pseudonymised data released by the data authors (Singleton et al., 2025); the released ratings table carries subject codes, which this analysis does not use (S1 Text).",Singleton 2025,Singleton et al. (2025),Singleton2025.pdf,Q,"supported, with a difference",own,The data we analyse were released by the data authors.,"The release is stated (GitHub and Zenodo, p. 11), but the paper does not describe the released data as pseudonymised; that is a property of the released files, not something the paper says.",,,Singleton2025.pdf p. 11; Singleton2025.pdf p. 13,C056
57,27,main text,Materials and methods / Dataset,sentence,manuscript/draft_v2.md,192,"Data are the preprocessed regional time series released by Singleton et al. (2025), acquired by Timmermann et al. (2023): fourteen subjects (six of twenty excluded for head movement by Singleton et al., 2025), each with a DMT and a placebo run of 840 TRs at TR = 2 s, injection at TR 240 (S1 Text); with global signal regression (ts_gsr, primary) and without it (ts_demean, sensitivity), both band-passed to 0.01–0.08 Hz; Schaefer-100 parcels (Schaefer et al., 2018; Yeo et al., 2011) and 16 subcortical ones (Tian et al., 2020), one region, mean-filled for one subject, dropped for all: 115 regions and 6,555 pairs (COBIDAS checklist: S4 Text).",Singleton 2025,Singleton et al. (2025),Singleton2025.pdf,Q,"supported, with a difference",own,"Singleton et al. released the preprocessed regional time series, excluded six of twenty for head movement, and band-passed at 0.01–0.08 Hz, with 100 cortical and 16 subcortical regions.","Everything the paper states holds, but the paper does not say that the release contains both a GSR and a non-GSR version, or name ts_gsr and ts_demean; those come from the released files. The run length (840 TRs) and injection TR (240) are cited to our S1 Text, not to this paper.",,,Singleton2025.pdf p. 11; Singleton2025.pdf p. 8; Singleton2025.pdf p. 10; Singleton2025.pdf p. 9,C057
58,27,main text,Materials and methods / Dataset,sentence,manuscript/draft_v2.md,192,"Data are the preprocessed regional time series released by Singleton et al. (2025), acquired by Timmermann et al. (2023): fourteen subjects (six of twenty excluded for head movement by Singleton et al., 2025), each with a DMT and a placebo run of 840 TRs at TR = 2 s, injection at TR 240 (S1 Text); with global signal regression (ts_gsr, primary) and without it (ts_demean, sensitivity), both band-passed to 0.01–0.08 Hz; Schaefer-100 parcels (Schaefer et al., 2018; Yeo et al., 2011) and 16 subcortical ones (Tian et al., 2020), one region, mean-filled for one subject, dropped for all: 115 regions and 6,555 pairs (COBIDAS checklist: S4 Text).",Timmermann 2023,Timmermann et al. (2023),Timmerman2023.pdf,S,completely supported,own,"The data were acquired by Timmermann et al.: twenty subjects, a DMT and a placebo run each, TR 2 s, injection at the end of minute 8.",,"Subject selection, the GSR variant and the parcellation in the same sentence are Singleton et al.'s, not Timmermann et al.'s.",,Timmerman2023.pdf p. 1 (printed 1 of 12); Timmerman2023.pdf p. 9 (printed 9 of 12); Timmerman2023.pdf p. 10 (printed 10 of 12),C058
59,27,main text,Materials and methods / Dataset,sentence,manuscript/draft_v2.md,192,"Data are the preprocessed regional time series released by Singleton et al. (2025), acquired by Timmermann et al. (2023): fourteen subjects (six of twenty excluded for head movement by Singleton et al., 2025), each with a DMT and a placebo run of 840 TRs at TR = 2 s, injection at TR 240 (S1 Text); with global signal regression (ts_gsr, primary) and without it (ts_demean, sensitivity), both band-passed to 0.01–0.08 Hz; Schaefer-100 parcels (Schaefer et al., 2018; Yeo et al., 2011) and 16 subcortical ones (Tian et al., 2020), one region, mean-filled for one subject, dropped for all: 115 regions and 6,555 pairs (COBIDAS checklist: S4 Text).",Schaefer 2018,Schaefer et al. (2018),Schaefer2018.pdf,Q,"supported, with a difference",own,The Schaefer 100-parcel cortical parcellation.,"The paper describes the 400- to 1,000-parcel versions in its text; the 100-parcel version is part of the multiresolution set it releases (its abstract points to it), so the article supports it only indirectly.",,,Schaefer2018.pdf p. 1 (printed 3095); Schaefer2018.pdf p. 6 (printed 3100); Schaefer2018.pdf p. 9 (printed 3103),C059
60,27,main text,Materials and methods / Dataset,sentence,manuscript/draft_v2.md,192,"Data are the preprocessed regional time series released by Singleton et al. (2025), acquired by Timmermann et al. (2023): fourteen subjects (six of twenty excluded for head movement by Singleton et al., 2025), each with a DMT and a placebo run of 840 TRs at TR = 2 s, injection at TR 240 (S1 Text); with global signal regression (ts_gsr, primary) and without it (ts_demean, sensitivity), both band-passed to 0.01–0.08 Hz; Schaefer-100 parcels (Schaefer et al., 2018; Yeo et al., 2011) and 16 subcortical ones (Tian et al., 2020), one region, mean-filled for one subject, dropped for all: 115 regions and 6,555 pairs (COBIDAS checklist: S4 Text).",Yeo 2011,Yeo et al. (2011),Yeo2011.pdf,Q,"supported, with a difference",own,The seven-network labels the Schaefer parcels carry.,"Yeo et al. define the 7- and 17-network parcellation, not the 100 parcels; the citation fits the network labels (somatomotor, default, visual and so on), not the parcels themselves.",,,Yeo2011.pdf p. 2 (printed 1125); Yeo2011.pdf p. 4 (printed 1127),C060
61,27,main text,Materials and methods / Dataset,sentence,manuscript/draft_v2.md,192,"Data are the preprocessed regional time series released by Singleton et al. (2025), acquired by Timmermann et al. (2023): fourteen subjects (six of twenty excluded for head movement by Singleton et al., 2025), each with a DMT and a placebo run of 840 TRs at TR = 2 s, injection at TR 240 (S1 Text); with global signal regression (ts_gsr, primary) and without it (ts_demean, sensitivity), both band-passed to 0.01–0.08 Hz; Schaefer-100 parcels (Schaefer et al., 2018; Yeo et al., 2011) and 16 subcortical ones (Tian et al., 2020), one region, mean-filled for one subject, dropped for all: 115 regions and 6,555 pairs (COBIDAS checklist: S4 Text).",Tian 2020,Tian et al. (2020),Tian2020_NN.pdf,S,completely supported,own,The 16 subcortical parcels (Scale I: eight per hemisphere).,,"Shown from the Nature Neuroscience article, the version the reference cites. The authors' manuscript in your folder (Tian2020.pdf, p. 13) says the same.",,Tian2020_NN.pdf p. 3; Tian2020_NN.pdf p. 4,C061
62,28,main text,Materials and methods / Estimator,sentence,manuscript/draft_v2.md,196,"Atoms were computed with phyid (Imperial-MIND-lab, 2026; calc_PhiID, Gaussian, τ = 1) and averaged over pairs, in 14 non-overlapping, separately fitted 60-TR windows per run (W = 60; W = 30 as a second) or in one global fit per run, its local atoms averaged into 28 bins.",Imperial-MIND-lab 2026,"phyid (Imperial-MIND-lab, 2026)",,S,completely supported,code,"phyid's calc_PhiID, Gaussian kind, lag τ; it returns local (per-sample) atoms, which the global fit averages into bins.",,,,"phyid at 6c5f2e9, calculate.py lines 154; phyid at 6c5f2e9, calculate.py lines 184, 185, 189, 190, 191; phyid at 6c5f2e9, calculate.py lines 18, 21, 149, 150",C062
63,29,main text,Materials and methods / Estimator,sentence,manuscript/draft_v2.md,196,"For two series with these autocorrelations and zero true correlation, the effective sample size of their correlation, n / (1 + 2 Σ_k ρ_k²) (the global form of the estimator reviewed by Afyouni et al., 2019, their Eq. 8; Bartlett, 1935, gave the AR(1) case), is about 18 in a 60-TR window over six lags of the pooled placebo function (S3 Text).",Afyouni 2019,Afyouni et al. (2019),Afyouni2019.pdf,S,completely supported,second,n / (1 + 2 Σ ρ_k²) is the global form of the estimator Afyouni et al. review (their Eq. 8).,,"With ρ₀ = 1 and a symmetric autocorrelation function their Eq. 8 is this expression; like Eq. 7, of which it is the global form, it assumes the two series are uncorrelated (ρ = 0, p. 4), as in our sentence.","Not their own estimator, as our 'reviewed by' says: they present Eq. 8 (their G-Q47) as the global form of Quenouille's (1947) estimator (their Eq. 7), used in neuroimaging by Fox et al. (2005) and Van Dijk et al. (2010) (p. 4).",Afyouni2019.pdf p. 4 (printed 612); Afyouni2019.pdf p. 1 (printed 609),C063
64,29,main text,Materials and methods / Estimator,sentence,manuscript/draft_v2.md,196,"For two series with these autocorrelations and zero true correlation, the effective sample size of their correlation, n / (1 + 2 Σ_k ρ_k²) (the global form of the estimator reviewed by Afyouni et al., 2019, their Eq. 8; Bartlett, 1935, gave the AR(1) case), is about 18 in a 60-TR window over six lags of the pooled placebo function (S3 Text).",Bartlett 1935,Bartlett (1935),Barlett1935.pdf,S,completely supported,own,Bartlett gave the AR(1) case.,,Bartlett gives the variance of the correlation of two mutually uncorrelated series with serial correlation ρ^k; the effective sample size n(1 − ρ₁ρ₂)/(1 + ρ₁ρ₂) follows from it. He uses neither the term AR(1) nor effective sample size.,,Barlett1935.pdf p. 1 (printed 536); Barlett1935.pdf p. 2 (printed 537),C064
65,30,main text,Materials and methods / Redundancy functions,sentence,manuscript/draft_v2.md,200,"MMI takes each single-target redundancy as the smaller single-source mutual information (Barrett, 2015) and rtr as the smallest of the four (Mediano et al., 2021, Appendix, Definition 2).",Barrett 2015,Barrett (2015),barrett2015.pdf,Q,"supported, with a difference",own,Under MMI each single-target redundancy is the smaller single-source mutual information.,"Barrett defines this rule for a univariate target (p. 5) and says his common PID does not extend to a multivariate target (p. 6). Two of the six single-target redundancies of the ΦID lattice have the joint future or the joint past as target; for them the rule is the MMI-ΦID convention of Mediano et al., not Barrett's result. Our Limitations section says the same.",,,barrett2015.pdf p. 5 (printed 052802-5); barrett2015.pdf p. 12 (printed 052802-12),C065
66,30,main text,Materials and methods / Redundancy functions,sentence,manuscript/draft_v2.md,200,"MMI takes each single-target redundancy as the smaller single-source mutual information (Barrett, 2015) and rtr as the smallest of the four (Mediano et al., 2021, Appendix, Definition 2).",Mediano 2021,Mediano et al. (2021),Mediano2021.pdf,S,completely supported,own,"Under MMI the double redundancy rtr is the smallest of the four mutual informations (Appendix, Definition 2).",,,,Mediano2021.pdf p. 24 (printed 3),C066
67,31,main text,Materials and methods / Redundancy functions,sentence,manuscript/draft_v2.md,200,"CCS (Ince, 2017) is a single-target redundancy function; its ΦID extension (Mediano et al., 2021, Appendix, Definition 1; 2025, SI Appendix, Definition 2) takes the double redundancy as the pointwise double co-information at the samples whose marginal and full pointwise mutual informations share a sign; phyid applies a different fifth condition (S3 Text).",Ince 2017,Ince (2017),Ince2017.pdf,S,completely supported,own,CCS is a single-target redundancy function.,,,,Ince2017.pdf p. 1; Ince2017.pdf p. 12,C067
68,31,main text,Materials and methods / Redundancy functions,sentence,manuscript/draft_v2.md,200,"CCS (Ince, 2017) is a single-target redundancy function; its ΦID extension (Mediano et al., 2021, Appendix, Definition 1; 2025, SI Appendix, Definition 2) takes the double redundancy as the pointwise double co-information at the samples whose marginal and full pointwise mutual informations share a sign; phyid applies a different fifth condition (S3 Text).",Mediano 2021,Mediano et al. (2021),Mediano2021.pdf,S,completely supported,own,"The ΦID extension of CCS (Appendix, Definition 1): the double redundancy is the pointwise co-information summed over the samples where the marginal and full pointwise mutual informations share a sign.",,"Mediano et al. call the pointwise quantity the local multi-target co-information c(x; y) (Eq. 5); 'double co-information' is our name for it. Calling the full mutual information a 'fifth' condition, after four single-source ones, is our reading; the paper does not count them.",,Mediano2021.pdf p. 24 (printed 3),C068
x67,31,main text,Materials and methods / Redundancy functions,sentence,manuscript/draft_v2.md,200,"CCS (Ince, 2017) is a single-target redundancy function; its ΦID extension (Mediano et al., 2021, Appendix, Definition 1; 2025, SI Appendix, Definition 2) takes the double redundancy as the pointwise double co-information at the samples whose marginal and full pointwise mutual informations share a sign; phyid applies a different fifth condition (S3 Text).",Mediano 2025,Mediano et al. (2025),Mediano2025.pdf,S,completely supported,own,The ΦID extension of CCS in the journal SI Appendix (Definition 2): the same sign condition and sum.,,"The SI Appendix says it computes CCS on the system's own distribution p(x, y), which it calls the definition of the original preprint of Ince's paper, rather than on the maximum-entropy projection of the published version (p. 4). That account of the preprint is the SI's: Ince (2017, p. 13) says his earlier version used a maximum-entropy distribution too, and S20 Table (row 11) records the discrepancy. The SI calls the pointwise quantity the multi-target co-information.",,Mediano2025_SI.pdf p. 4,
69,32,main text,Materials and methods / The closed form,sentence,manuscript/draft_v2.md,208,"its block determinants and the Möbius inversion of Mediano et al. (2021), a linear system with no sign constraint, give the atoms of Results 1, checked to 4 × 10⁻¹⁵ (S3 Text).",Mediano 2021,Mediano et al. (2021),Mediano2021.pdf,Q,"supported, with a difference",own,"The Möbius inversion gives the atoms from the redundancies by linear equations, with no sign constraint.","They define the atoms by the equalities of Eqs. 8–9 (p. 16) and obtain them by a linear transformation (p. 17), but do not say that the atoms have no sign constraint or can be negative; that is our (mathematical) reading. The 2025 SI Appendix (Sec. III.A) does say that MMI can give negative atoms.",,,Mediano2021.pdf p. 16; Mediano2021.pdf p. 17; Mediano2021.pdf p. 24 (printed 3),C069
70,33,main text,Materials and methods / Regional maps,sentence,manuscript/draft_v2.md,212,"The correlations were spin-tested with 10,000 rotations of the 99 cortical parcels (Alexander-Bloch et al., 2018; rotations of Váša et al., 2018, released with the data; S5 Table), and the residual map's network structure with the same rotations, subcortex fixed (S3 Text).",Alexander-Bloch 2018,Alexander-Bloch et al. (2018),AlexanderBloch2018.pdf,S,completely supported,part,The spin test: random rotations of the spherical cortical surface as a null for the correspondence of two maps.,,"The PDF is the PubMed Central author manuscript, so the journal's page numbers are not on it.","Partly. They present the rotation null as their framework, give it a statistical foundation and call the procedure a spin test (pp. 1, 3–4, 14), but say their work builds on earlier implementations of spatial permutation by Vandekar et al. (2015) and Gordon et al. (2016) (p. 3); Váša et al. (2018, p. 5) also credit Alexander-Bloch and colleagues' 2013 papers.",AlexanderBloch2018.pdf p. 1; AlexanderBloch2018.pdf p. 3; AlexanderBloch2018.pdf p. 5; AlexanderBloch2018.pdf p. 14,C070
71,33,main text,Materials and methods / Regional maps,sentence,manuscript/draft_v2.md,212,"The correlations were spin-tested with 10,000 rotations of the 99 cortical parcels (Alexander-Bloch et al., 2018; rotations of Váša et al., 2018, released with the data; S5 Table), and the residual map's network structure with the same rotations, subcortex fixed (S3 Text).",Váša 2018,Váša et al. (2018),Vasa2018.pdf,Q,"supported, with a difference",own,"The rotations are Váša et al.'s parcel-level version of the spin test, with 10,000 rotations (p. 5), released with the data.","The rotation procedure is Váša et al.'s (p. 5; Supplementary Information, p. 7), applied there to their own 308-region parcellation; the 10,000 rotations of the Schaefer-100 parcels released with the data are not in the paper. That they were made with Váša et al.'s procedure is indicated by the data release, whose copy of Váša's function names his rotate_parcellation as the source of such permutations (line 2). 'Rotations by the method of Váša et al., 2018, released with the data' would be exact.",,The regional implementation is their own; they present it as the regional analogue of tests implemented before at the vertex level (Alexander-Bloch et al. 2013; Vandekar et al. 2015; p. 5).,"Vasa2018.pdf p. 5 (printed 285); Vasa2018_SI.pdf p. 7; the data release, fxns/SpinTests/perm_sphere_p_al857.m lines 1, 2; the data release's fxns/SpinTests/ folder (its files)",C071
72,34,main text,Materials and methods / Inference,sentence,manuscript/draft_v2.md,216,"A phase-randomised surrogate (Theiler et al., 1992), pre-specified as a second null, is reported as a check of stationarity; motion control residualised window means on framewise displacement. ΦR is TDMI − I(X;X′) − I(Y;Y′) + rtr.",Theiler 1992,Theiler et al. (1992),Theiler1992.pdf,S,completely supported,part,The phase-randomised surrogate.,,,"Partly. They describe the algorithm and use it within their method of surrogate data (Sec. 2.4.1, pp. 8–9, with fuller details in their ref. [19]), but name Osborne et al. (1986; their ref. [5]) as the first to suggest it in this setting, with independent proposals in their refs. [15] (Theiler's thesis) and [32] (p. 5).",Theiler1992.pdf p. 5 (printed 81); Theiler1992.pdf p. 8 (printed 84); Theiler1992.pdf p. 9 (printed 85),C072
73,35,main text,Materials and methods / Remedies,sentence,manuscript/draft_v2.md,228,"HRF deconvolution used rsHRF 1.7.0 (Wu et al., 2013, 2021; S2 Text).",Wu 2013,Wu et al. (2013),Wu2013.pdf,S,completely supported,own,Wu et al. (2013): the resting-state HRF deconvolution method that rsHRF implements.,,Wu et al. (2013) describe the method but do not name rsHRF or a version; Wu et al. (2021) say that rsHRF grew out of this 2013 code.,,Wu2013.pdf p. 1 (printed 365); Wu2013.pdf p. 2 (printed 366); Wu2013.pdf p. 8 (printed 372); Wu2013.pdf p. 9 (printed 373),C073
74,35,main text,Materials and methods / Remedies,sentence,manuscript/draft_v2.md,228,"HRF deconvolution used rsHRF 1.7.0 (Wu et al., 2013, 2021; S2 Text).",Wu 2021,Wu et al. (2021),Wu2021.pdf,S,completely supported,own,"rsHRF, the HRF deconvolution toolbox.",,"Version 1.7.0 is the Python package we ran (S2 Text); the paper gives the Matlab toolbox's version (2.4), not the Python one.",,Wu2021.pdf p. 1; Wu2021.pdf p. 2,C074
75,36,main text,Data and code availability,sentence,manuscript/draft_v2.md,246,"Time series, ratings, framewise displacement and the EEG regressor are from https://github.com/singlesp/DMT_NCT (Singleton et al., 2025; Zenodo 10.5281/zenodo.15177511; upstream commit 77af7aa), cloned into `external/DMT_NCT/` and not redistributed; the release's repository carries no licence of its own at that commit (its three licence files belong to bundled third-party plotting functions), and the data are used with the written agreement of the data collectors and the derivative authors.",Singleton 2025,Singleton et al. (2025),Singleton2025.pdf,Q,"supported, with a difference",own,"Singleton et al. released the time series, ratings, framewise displacement and the EEG regressor at the GitHub repository and on Zenodo.","The repository address and the Zenodo DOI match the paper, which lists the released data as regional time series, Lempel–Ziv complexity, the structural connectome, receptor densities and intensity ratings. Framewise displacement is not in its list (it is in the repository), and it does not say the released Lempel–Ziv series is HRF-convolved. The commit, the licence files and the agreement are about the repository and our use, not the paper.",,,Singleton2025.pdf p. 11; Singleton2025.pdf p. 13; Singleton2025.pdf p. 9; Singleton2025.pdf p. 2,C075
76,37,main text,Competing interests,sentence,manuscript/draft_v2.md,260,"V.S. is preparing an application for a PhD position in the Cognition and Consciousness Imaging Group, Division of Anaesthesia, University of Cambridge, whose members authored four of the studies this paper examines (Luppi et al., 2022, 2023, 2024, 2026); this work was produced in part as evidence of competence for that application, as the repository's public record states.",Luppi 2022,Luppi et al. (2022),Luppi2022.pdf,Q,"supported, with a difference",own,"Members of the Cognition and Consciousness Imaging Group, Division of Anaesthesia, Cambridge, authored this study.","The paper lists Luppi, Menon and Stamatakis at the Division of Anaesthesia, University of Cambridge, but does not name the Cognition and Consciousness Imaging Group; membership of the group is not shown by the paper itself.",,,Luppi2022.pdf p. 1 (printed 771),C076
77,37,main text,Competing interests,sentence,manuscript/draft_v2.md,260,"V.S. is preparing an application for a PhD position in the Cognition and Consciousness Imaging Group, Division of Anaesthesia, University of Cambridge, whose members authored four of the studies this paper examines (Luppi et al., 2022, 2023, 2024, 2026); this work was produced in part as evidence of competence for that application, as the repository's public record states.",Luppi 2023,Luppi et al. (2023),Luppi2023.pdf,Q,"supported, with a difference",own,"The same, for Luppi et al. (2023).","Luppi, Menon and Stamatakis are at the Division of Anaesthesia (affiliation a); the group is not named.",,,Luppi2023.pdf p. 1,
78,37,main text,Competing interests,sentence,manuscript/draft_v2.md,260,"V.S. is preparing an application for a PhD position in the Cognition and Consciousness Imaging Group, Division of Anaesthesia, University of Cambridge, whose members authored four of the studies this paper examines (Luppi et al., 2022, 2023, 2024, 2026); this work was produced in part as evidence of competence for that application, as the repository's public record states.",Luppi 2024,Luppi et al. (2024),Luppi2024.pdf,Q,"supported, with a difference",own,"The same, for Luppi et al. (2024).","Luppi, Menon and Stamatakis are at the Division of Anaesthesia (affiliation 2); the group is not named.",,,Luppi2024.pdf p. 1,C077
79,37,main text,Competing interests,sentence,manuscript/draft_v2.md,260,"V.S. is preparing an application for a PhD position in the Cognition and Consciousness Imaging Group, Division of Anaesthesia, University of Cambridge, whose members authored four of the studies this paper examines (Luppi et al., 2022, 2023, 2024, 2026); this work was produced in part as evidence of competence for that application, as the repository's public record states.",Luppi 2026,Luppi et al. (2026),Luppi2026.pdf,Q,"supported, with a difference",own,"The same, for Luppi et al. (2026).","Luppi, Menon and Stamatakis carry affiliation 1, the Division of Anaesthesia (p. 26); the group is not named.",,,Luppi2026.pdf p. 1 (printed 777); Luppi2026.pdf p. 26,
80,38,main text,Competing interests,sentence,manuscript/draft_v2.md,260,"C.T. is the first author of Timmermann et al. (2023), the source of the data, and a co-author of Singleton et al. (2025); S.P.S. is the first author of Singleton et al. (2025), the source of the released derivatives, and a co-author of Luppi et al. (2026), one of the studies this paper examines.",Timmermann 2023,Timmermann et al. (2023),Timmerman2023.pdf,S,completely supported,own,"C.T. (Christopher Timmermann) is the first author of Timmermann et al. (2023), the source of the data.",,,,Timmerman2023.pdf p. 1 (printed 1 of 12),C078
81,38,main text,Competing interests,sentence,manuscript/draft_v2.md,260,"C.T. is the first author of Timmermann et al. (2023), the source of the data, and a co-author of Singleton et al. (2025); S.P.S. is the first author of Singleton et al. (2025), the source of the released derivatives, and a co-author of Luppi et al. (2026), one of the studies this paper examines.",Singleton 2025,Singleton et al. (2025),Singleton2025.pdf,S,completely supported,own,"C.T. is a co-author and S.P.S. (S. Parker Singleton) the first author of Singleton et al. (2025), the source of the released derivatives.",,,,Singleton2025.pdf p. 1; Singleton2025.pdf p. 13; Singleton2025.pdf p. 11,C079
82,38,main text,Competing interests,sentence,manuscript/draft_v2.md,260,"C.T. is the first author of Timmermann et al. (2023), the source of the data, and a co-author of Singleton et al. (2025); S.P.S. is the first author of Singleton et al. (2025), the source of the released derivatives, and a co-author of Luppi et al. (2026), one of the studies this paper examines.",Luppi 2026,Luppi et al. (2026),Luppi2026.pdf,S,completely supported,own,S.P.S. (S. Parker Singleton) is a co-author of Luppi et al. (2026).,,,,Luppi2026.pdf p. 1 (printed 777),
83,39,S1 Text,S1 Text. The original pre-specified analysis and its results,sentence,manuscript/si/S1_Text.md,5,"This wording follows the approval statement of Timmermann et al. (2023), which names the committee but gives no reference number.",Timmermann 2023,Timmermann et al. (2023),Timmerman2023.pdf,S,completely supported,own,Timmermann et al.'s approval statement names the committee and gives no reference number.,,,,Timmerman2023.pdf p. 9 (printed 9 of 12),C080
84,40,S1 Text,S1 Text. The original pre-specified analysis and its results,sentence,manuscript/si/S1_Text.md,5,"The present work is a secondary analysis of pseudonymised, parcellated regional time series and per-TR framewise displacement released by the data authors (Singleton et al., 2025); no new data were collected and no participant was contacted.",Singleton 2025,Singleton et al. (2025),Singleton2025.pdf,Q,"supported, with a difference",own,The data authors released parcellated regional time series and per-TR framewise displacement.,"The paper states the release of the regional time series, but its list of released data does not include framewise displacement (it is in the repository), and it does not call the data pseudonymised.",,,Singleton2025.pdf p. 11; Singleton2025.pdf p. 8; Singleton2025.pdf p. 2,C081
85,41,S1 Text,S1 Text. The original pre-specified analysis and its results,sentence,manuscript/si/S1_Text.md,5,"Drug order was counterbalanced across the two testing days, two weeks apart, half the participants receiving placebo first (Timmermann et al., 2023); the analysed runs are the first, task-free session of each day.",Timmermann 2023,Timmermann et al. (2023),Timmerman2023.pdf,S,completely supported,own,"Drug order was counterbalanced across two testing days two weeks apart, half the participants receiving placebo first.",,The paper says the order was counter-balanced with half receiving placebo and half DMT; that this means placebo first on day one is spelled out by Singleton et al. (p. 8).,,Timmerman2023.pdf p. 9 (printed 9 of 12); Timmerman2023.pdf p. 2 (printed 2 of 12),C082
86,42,S1 Text,S1 Text. The original pre-specified analysis and its results,sentence,manuscript/si/S1_Text.md,5,"Region 20 (0-based; LH_DorsAttn_Post_6), constant across the DMT run of subject 8 and confirmed by the data authors as a mean-filled replacement, was dropped for all subjects and both conditions before any result was computed, leaving 115 regions and 6,555 pairs; one non-finite TR was dropped. ΦID atoms were computed with phyid (Imperial-MIND-lab, 2026, at the pinned commit), calc_PhiID(kind='gaussian', tau=1) with redundancy 'MMI' or 'CCS': a Gaussian model of (x_t, y_t, x_{t+1}, y_{t+1}), sixteen local atoms per time point, in nats; whole-brain values are means over the 6,555 pairs.",Imperial-MIND-lab 2026,"phyid (Imperial-MIND-lab, 2026)",,S,completely supported,code,"phyid at the pinned commit: calc_PhiID(kind='gaussian', tau=1), MMI or CCS, a Gaussian model of the four variables, sixteen local atoms per time point, in nats.",,"The natural logarithm in the local entropy (measures.py, line 28) is what makes the units nats; the solve of line 149 gives each of the sixteen atoms (utils.py, lines 4–8) sample by sample.",,"phyid at 6c5f2e9, calculate.py lines 154; phyid at 6c5f2e9, calculate.py lines 184, 185, 189, 190, 191; phyid at 6c5f2e9, calculate.py lines 18, 21, 149, 150; phyid at 6c5f2e9, utils.py lines 4, 5, 8; phyid at 6c5f2e9, measures.py lines 28; phyid at 6c5f2e9, measures.py lines 56, 75, 94, 106",C083
87,43,S1 Text,S1 Text. The original pre-specified analysis and its results,sentence,manuscript/si/S1_Text.md,5,"A phase-randomised surrogate of the TR-resolution whole-brain local series per subject and condition (1,000 surrogates; Theiler et al., 1992), re-averaged into the same windows, is reported in the tables as a stationarity check of the derived series and carries no inference; motion control regressed window-mean values on window-mean FD within each subject and condition and recomputed the DiD on the residuals.",Theiler 1992,Theiler et al. (1992),Theiler1992.pdf,S,completely supported,part,The phase-randomised surrogate.,,,"Partly. They describe the algorithm and use it within their method of surrogate data (Sec. 2.4.1, pp. 8–9, with fuller details in their ref. [19]), but name Osborne et al. (1986; their ref. [5]) as the first to suggest it in this setting, with independent proposals in their refs. [15] (Theiler's thesis) and [32] (p. 5).",Theiler1992.pdf p. 5 (printed 81); Theiler1992.pdf p. 8 (printed 84); Theiler1992.pdf p. 9 (printed 85),C084
88,44,S1 Text,S1 Text. The original pre-specified analysis and its results,sentence,manuscript/si/S1_Text.md,7,"**The hypothesis and the rule.** The study was pre-specified in a git-tracked record (`manuscript/analysis_record.md`) as a directional test of whether whole-brain synergy (the ΦID atom sts under the Gaussian MMI estimator at lag one TR) is up-regulated under N,N-dimethyltryptamine, motivated by the synergistic-workspace account, in which loss of consciousness goes with reduced integrated information (ΦR) within the workspace (Luppi et al., 2024); the predicted direction was an increase, and the hypothesis extrapolates from that account rather than being its prediction.",Luppi 2024,Luppi et al. (2024),Luppi2024.pdf,S,completely supported,own,"The synergistic-workspace account, in which loss of consciousness goes with reduced integrated information (ΦR) within the workspace; our hypothesis extrapolates from it.",,"The account names psychedelics only as future research (p. 14), so 'extrapolates from that account rather than being its prediction' is right.",,Luppi2024.pdf p. 1; Luppi2024.pdf p. 8; Luppi2024.pdf p. 14,C085
89,45,S1 Text,S1 Text. The original pre-specified analysis and its results,sentence,manuscript/si/S1_Text.md,11,"The ratings were collected in a later session of the same day than the analysed runs (Timmermann et al., 2023; Singleton et al., 2025), which is why they enter no result of the main text.",Timmermann 2023,Timmermann et al. (2023),Timmerman2023.pdf,S,completely supported,own,The ratings were collected in a later session of the same day.,,Leaving the ratings out of the main results is our choice; Timmermann et al. did use them.,,Timmerman2023.pdf p. 9 (printed 9 of 12),C086
90,45,S1 Text,S1 Text. The original pre-specified analysis and its results,sentence,manuscript/si/S1_Text.md,11,"The ratings were collected in a later session of the same day than the analysed runs (Timmermann et al., 2023; Singleton et al., 2025), which is why they enter no result of the main text.",Singleton 2025,Singleton et al. (2025),Singleton2025.pdf,S,completely supported,own,The ratings were collected in a later session of the same day.,,Singleton et al. add that this session came at least two hours after the first.,,Singleton2025.pdf p. 8; Singleton2025.pdf p. 2; Singleton2025.pdf p. 3,C087
91,46,S2 Text,"S2 Text. The ΦR exploration and HRF deconvolution, and why it was closed",sentence,manuscript/si/S2_Text.md,7,"**HRF deconvolution.** The regional series were deconvolved with rsHRF 1.7.0 (Wu et al., 2013, 2021) in a sandbox described in `notes/rev_deconv.py` (the deconvolved `.mat` merged under `notes/review_results/deconv/`, `scripts/01` rerun on it there; the resulting files carry `git=nogit`), and the pipeline was rerun unchanged.",Wu 2013,Wu et al. (2013),Wu2013.pdf,S,completely supported,own,Wu et al. (2013): the resting-state HRF deconvolution method that rsHRF implements.,,Wu et al. (2013) describe the method but do not name rsHRF or a version; Wu et al. (2021) say that rsHRF grew out of this 2013 code.,,Wu2013.pdf p. 1 (printed 365); Wu2013.pdf p. 2 (printed 366); Wu2013.pdf p. 8 (printed 372); Wu2013.pdf p. 9 (printed 373),C088
92,46,S2 Text,"S2 Text. The ΦR exploration and HRF deconvolution, and why it was closed",sentence,manuscript/si/S2_Text.md,7,"**HRF deconvolution.** The regional series were deconvolved with rsHRF 1.7.0 (Wu et al., 2013, 2021) in a sandbox described in `notes/rev_deconv.py` (the deconvolved `.mat` merged under `notes/review_results/deconv/`, `scripts/01` rerun on it there; the resulting files carry `git=nogit`), and the pipeline was rerun unchanged.",Wu 2021,Wu et al. (2021),Wu2021.pdf,S,completely supported,own,"rsHRF, the HRF deconvolution toolbox.",,Version 1.7.0 is the Python package we ran; the paper gives the Matlab toolbox's version (2.4).,,Wu2021.pdf p. 1; Wu2021.pdf p. 2,C089
93,47,S3 Text,S3 Text. The supporting analyses of the estimator account / 2. The CCS definition check,sentence,manuscript/si/S3_Text.md,104,"Under MMI each single-target redundancy is the smaller of the two single-source mutual informations (Barrett, 2015) and the double redundancy rtr is the smallest of the four single-source, single-target mutual informations (Mediano et al., 2021, Appendix, Definition 2).",Barrett 2015,Barrett (2015),barrett2015.pdf,Q,"supported, with a difference",own,Under MMI each single-target redundancy is the smaller of the two single-source mutual informations.,"Barrett defines this rule for a univariate target (p. 5) and says his common PID does not extend to a multivariate target (p. 6). Two of the six single-target redundancies of the ΦID lattice have the joint future or the joint past as target; for them the rule is the MMI-ΦID convention, not Barrett's result.",,,barrett2015.pdf p. 5 (printed 052802-5); barrett2015.pdf p. 12 (printed 052802-12),C090
94,47,S3 Text,S3 Text. The supporting analyses of the estimator account / 2. The CCS definition check,sentence,manuscript/si/S3_Text.md,104,"Under MMI each single-target redundancy is the smaller of the two single-source mutual informations (Barrett, 2015) and the double redundancy rtr is the smallest of the four single-source, single-target mutual informations (Mediano et al., 2021, Appendix, Definition 2).",Mediano 2021,Mediano et al. (2021),Mediano2021.pdf,S,completely supported,own,"Under MMI the double redundancy rtr is the smallest of the four mutual informations (Appendix, Definition 2).",,,,Mediano2021.pdf p. 24 (printed 3),C091
95,48,S3 Text,S3 Text. The supporting analyses of the estimator account / 2. The CCS definition check,sentence,manuscript/si/S3_Text.md,104,"Under CCS (Ince, 2017) a single-target redundancy is the local co-information at the samples where the constituent local mutual informations and the co-information share a sign, and zero elsewhere.",Ince 2017,Ince (2017),Ince2017.pdf,Q,"supported, with a difference",own,"Ince's CCS: the local co-information where the local mutual informations and the co-information share a sign, zero elsewhere.","The sign rule is Ince's (his Eq. 30), but he evaluates it under a maximum-entropy distribution built from the observed one (his Definition 2, p. 13), not at the observed samples as our sentence says. The last sentence of this section of S3 Text (on Ince's published construction) argues that for two Gaussian sources the two coincide.",,,Ince2017.pdf p. 12,C092
96,49,S3 Text,S3 Text. The supporting analyses of the estimator account / 2. The CCS definition check,sentence,manuscript/si/S3_Text.md,104,"The ΦID double redundancy under CCS is defined by Mediano et al. (2021, Appendix, Definition 1; 2025, SI Appendix, Definition 2) as the pointwise double co-information c(x; y), summed over the samples at which all marginal pointwise mutual informations and the pointwise full mutual information i(x; y) share a sign.",Mediano 2021,Mediano et al. (2021),Mediano2021.pdf,S,completely supported,own,"Mediano et al.'s CCS double redundancy: c(x; y) summed over the samples where all marginal pointwise mutual informations and the full one, i(x; y), share a sign.",,Mediano et al. call c(x; y) the local multi-target co-information; 'double co-information' is our name for it.,,Mediano2021.pdf p. 24 (printed 3),C093
x96,49,S3 Text,S3 Text. The supporting analyses of the estimator account / 2. The CCS definition check,sentence,manuscript/si/S3_Text.md,104,"The ΦID double redundancy under CCS is defined by Mediano et al. (2021, Appendix, Definition 1; 2025, SI Appendix, Definition 2) as the pointwise double co-information c(x; y), summed over the samples at which all marginal pointwise mutual informations and the pointwise full mutual information i(x; y) share a sign.",Mediano 2025,Mediano et al. (2025),Mediano2025.pdf,Q,"supported, with a difference",own,The journal SI Appendix (Definition 2) defines the CCS double redundancy in the same way.,"The SI Appendix writes the pointwise full mutual information as I(X; Y), not i(x; y) as the sentence does; a later sentence of this section (on the journal version) records the difference.",,,Mediano2025_SI.pdf p. 4,
97,50,S3 Text,S3 Text. The supporting analyses of the estimator account / 2. The CCS definition check,sentence,manuscript/si/S3_Text.md,104,"The double co-information is the signed sum, an inclusion–exclusion over the product lattice, of the pointwise redundancy function at its fifteen nodes other than the bottom node rtr: the local mutual information at the nine nodes whose past and future sets are each a single set, and the local single-target CCS redundancy (Ince, 2017) at the six nodes with two separate past or two separate future variables (Mediano et al., 2021, Appendix, Eq. 5; 2025, SI Appendix, Eq. 6). `phyid` implements a different mask: it keeps c at the samples where the four single-source, single-target local mutual informations and c itself share a sign, so its fifth sign condition is that of the double co-information rather than of the full mutual information.",Ince 2017,Ince (2017),Ince2017.pdf,S,completely supported,own,The local single-target CCS redundancy is Ince's.,,"Placing it at six nodes of the ΦID lattice is Mediano et al.'s construction, not Ince's.",,Ince2017.pdf p. 12,C094
98,50,S3 Text,S3 Text. The supporting analyses of the estimator account / 2. The CCS definition check,sentence,manuscript/si/S3_Text.md,104,"The double co-information is the signed sum, an inclusion–exclusion over the product lattice, of the pointwise redundancy function at its fifteen nodes other than the bottom node rtr: the local mutual information at the nine nodes whose past and future sets are each a single set, and the local single-target CCS redundancy (Ince, 2017) at the six nodes with two separate past or two separate future variables (Mediano et al., 2021, Appendix, Eq. 5; 2025, SI Appendix, Eq. 6). `phyid` implements a different mask: it keeps c at the samples where the four single-source, single-target local mutual informations and c itself share a sign, so its fifth sign condition is that of the double co-information rather than of the full mutual information.",Mediano 2021,Mediano et al. (2021),Mediano2021.pdf,S,completely supported,own,Mediano et al.'s double co-information: the signed sum over the lattice nodes above the bottom node of the pointwise redundancy function (pointwise mutual information or single-target CCS).,,"The split into nine mutual-information nodes and six single-target-redundancy nodes (three forward, three backward) is stated in their Appendix II (p. 23); it follows from their Axiom 1 (p. 16).",,Mediano2021.pdf p. 24 (printed 3); Mediano2021.pdf p. 23 (printed 2),C095
x98,50,S3 Text,S3 Text. The supporting analyses of the estimator account / 2. The CCS definition check,sentence,manuscript/si/S3_Text.md,104,"The double co-information is the signed sum, an inclusion–exclusion over the product lattice, of the pointwise redundancy function at its fifteen nodes other than the bottom node rtr: the local mutual information at the nine nodes whose past and future sets are each a single set, and the local single-target CCS redundancy (Ince, 2017) at the six nodes with two separate past or two separate future variables (Mediano et al., 2021, Appendix, Eq. 5; 2025, SI Appendix, Eq. 6). `phyid` implements a different mask: it keeps c at the samples where the four single-source, single-target local mutual informations and c itself share a sign, so its fifth sign condition is that of the double co-information rather than of the full mutual information.",Mediano 2025,Mediano et al. (2025),Mediano2025.pdf,S,completely supported,own,"The journal SI Appendix's double co-information (Eq. 6), the same as the preprint's Eq. 5.",,"The SI Appendix, too, calls it the local multi-target co-information.",,Mediano2025_SI.pdf p. 3; Mediano2025_SI.pdf p. 2,
99,51,S3 Text,S3 Text. The supporting analyses of the estimator account / 2. The CCS definition check,sentence,manuscript/si/S3_Text.md,104,"On the lattice c ≡ rtr − sts (deviation ≤ 3 × 10⁻¹⁵; the SI Appendix of Mediano et al., 2025, states the same identity, c(x; y) = i∂^{{1}{2}→{1}{2}}(x; y) − i∂^{{12}→{12}}(x; y)), so under either mask CCS-sts is 0 at the selected samples and −c elsewhere, and its whole-brain value is the average of that quantity over all samples.",Mediano 2025,Mediano et al. (2025),Mediano2025.pdf,S,completely supported,own,The SI Appendix states the identity c(x; y) = i∂^{{1}{2}→{1}{2}}(x; y) − i∂^{{12}→{12}}(x; y).,,,,Mediano2025_SI.pdf p. 3; Mediano2025_SI.pdf p. 4,C096
100,52,S3 Text,S3 Text. The supporting analyses of the estimator account / 2. The CCS definition check,sentence,manuscript/si/S3_Text.md,104,"The journal version (Mediano et al., 2025, SI Appendix, Definition 2) retains the definition's sign condition word for word, apart from writing the pointwise full mutual information I(X; Y) where the preprint has i(x; y): the samples ""for which all marginal pointwise mutual informations, as well as the pointwise full mutual information I(X; Y), have the same sign"" (checked 15 September 2026).",Mediano 2025,Mediano et al. (2025),Mediano2025.pdf,S,completely supported,own,"The journal version keeps the sign condition word for word, apart from writing I(X; Y) where the preprint has i(x; y).",,The first passage is the journal SI Appendix (Definition 2); the second is the 2021 preprint (Definition 1) with i(x; y).,,Mediano2025_SI.pdf p. 4; Mediano2021.pdf p. 24 (printed 3),C097
101,53,S3 Text,S3 Text. The supporting analyses of the estimator account / 2. The CCS definition check,sentence,manuscript/si/S3_Text.md,104,"CCS is computed here, as in `phyid`, with respect to the fitted Gaussian of the four-vector, p(x, y), which is what the SI Appendix of Mediano et al. (2025) states for their own results.",Mediano 2025,Mediano et al. (2025),Mediano2025.pdf,S,completely supported,own,"The SI Appendix states that, for the authors' own results, CCS is computed with respect to p(x, y), the distribution of the system.",,,,Mediano2025_SI.pdf p. 3; Mediano2025_SI.pdf p. 4,C098
102,54,S3 Text,S3 Text. The supporting analyses of the estimator account / 2. The CCS definition check,sentence,manuscript/si/S3_Text.md,104,"For two Gaussian sources this is also Ince's published construction: the constraints of his maximum-entropy distribution P̂ (Ince, 2017, Definition 2 — both source–target marginals and the joint source marginal) fix every entry of the covariance, so P̂ is the fitted Gaussian and no projection arises; the conditionally independent distribution of his earlier construction (Ince, 2017, Definition 3) would differ and is not used.",Ince 2017,Ince (2017),Ince2017.pdf,Q,"supported, with a difference",own,Ince's Definition 2 (the constraints of his maximum-entropy distribution) and Definition 3 (his earlier construction).,"Ince states the constraints and that Definition 3 comes from a previous version of his paper. He does not call that earlier distribution conditionally independent, or say that for Gaussian sources his distribution is the fitted Gaussian; both are our (standard) reasoning, and the sentence presents the second as ours.",,,Ince2017.pdf p. 12; Ince2017.pdf p. 13; Ince2017.pdf p. 18; Ince2017.pdf p. 31,C099
103,55,S3 Text,"S3 Text. The supporting analyses of the estimator account / 3. The closed form: checks, the coupled family, and the τ = 1 non-separability argument",sentence,manuscript/si/S3_Text.md,108,"The four mirror atoms are negative on the whole family; that MMI-ΦID can produce negative atoms is noted by its authors (Mediano et al., 2025, SI Appendix, Sec. III.A; Luppi et al., 2026), and under MMI the redundancy and synergy atoms are guaranteed non-negative while many of the others can occasionally take negative values (Down et al., 2026).",Mediano 2025,Mediano et al. (2025),Mediano2025.pdf,S,completely supported,own,"The authors of MMI-ΦID note that it can produce negative atoms (SI Appendix, Sec. III.A).",,,,Mediano2025_SI.pdf p. 3,C100
104,55,S3 Text,"S3 Text. The supporting analyses of the estimator account / 3. The closed form: checks, the coupled family, and the τ = 1 non-separability argument",sentence,manuscript/si/S3_Text.md,108,"The four mirror atoms are negative on the whole family; that MMI-ΦID can produce negative atoms is noted by its authors (Mediano et al., 2025, SI Appendix, Sec. III.A; Luppi et al., 2026), and under MMI the redundancy and synergy atoms are guaranteed non-negative while many of the others can occasionally take negative values (Down et al., 2026).",Luppi 2026,Luppi et al. (2026),Luppi2026.pdf,S,completely supported,own,"The same point, in Luppi et al. (2026).",,,,Luppi2026.pdf p. 19 (printed 795),C101
105,55,S3 Text,"S3 Text. The supporting analyses of the estimator account / 3. The closed form: checks, the coupled family, and the τ = 1 non-separability argument",sentence,manuscript/si/S3_Text.md,108,"The four mirror atoms are negative on the whole family; that MMI-ΦID can produce negative atoms is noted by its authors (Mediano et al., 2025, SI Appendix, Sec. III.A; Luppi et al., 2026), and under MMI the redundancy and synergy atoms are guaranteed non-negative while many of the others can occasionally take negative values (Down et al., 2026).",Down 2026,Down et al. (2026),Down2026.pdf,S,completely supported,own,"Under MMI the redundancy and synergy atoms are guaranteed non-negative, while many others can occasionally be negative.",,,,Down2026.pdf p. 7; Down2026.pdf p. 9,C102
106,56,S3 Text,"S3 Text. The supporting analyses of the estimator account / 3. The closed form: checks, the coupled family, and the τ = 1 non-separability argument",sentence,manuscript/si/S3_Text.md,120,"The ΦID authors' own worked example is a coupled AR pair (Mediano et al., 2021, Fig. 5 and Appendix VI), the symmetric coupled family of this section with self- and cross-coefficient 0.4 (their c is the innovation correlation, which they vary); the family with zero cross-coefficient is the diagonal family used here.",Mediano 2021,Mediano et al. (2021),Mediano2021.pdf,S,completely supported,own,"The ΦID authors' worked example: a symmetric coupled AR pair with coefficients 0.4, varying the innovation correlation c.",,,,Mediano2021.pdf p. 10; Mediano2021.pdf p. 11; Mediano2021.pdf p. 26 (printed 5),C103
107,57,S3 Text,"S3 Text. The supporting analyses of the estimator account / 4. The scope map, the overlay, the within-window regression and the regional maps",sentence,manuscript/si/S3_Text.md,126,"Across the 115 regions regional sts correlates with regional r₁ at Pearson +0.863 (Spearman +0.835); on the 99 cortical parcels Spearman +0.771, spin p < 0.0001 over 10,000 parcel rotations (the spin test of Alexander-Bloch et al., 2018, with the rotations of Váša et al., 2018, released with the data); per subject the correlation across regions is +0.756 [+0.715, +0.790] (a subject-bootstrap percentile interval; no per-subject vector of this correlation is saved), positive in 14 of 14.",Alexander-Bloch 2018,Alexander-Bloch et al. (2018),AlexanderBloch2018.pdf,S,completely supported,part,The spin test: random rotations of the spherical cortical surface as a null for the correspondence of two maps.,,"The PDF is the PubMed Central author manuscript, so the journal's page numbers are not on it.","Partly. They present the rotation null as their framework, give it a statistical foundation and call the procedure a spin test (pp. 1, 3–4, 14), but say their work builds on earlier implementations of spatial permutation by Vandekar et al. (2015) and Gordon et al. (2016) (p. 3); Váša et al. (2018, p. 5) also credit Alexander-Bloch and colleagues' 2013 papers.",AlexanderBloch2018.pdf p. 1; AlexanderBloch2018.pdf p. 3; AlexanderBloch2018.pdf p. 5; AlexanderBloch2018.pdf p. 14,C104
108,57,S3 Text,"S3 Text. The supporting analyses of the estimator account / 4. The scope map, the overlay, the within-window regression and the regional maps",sentence,manuscript/si/S3_Text.md,126,"Across the 115 regions regional sts correlates with regional r₁ at Pearson +0.863 (Spearman +0.835); on the 99 cortical parcels Spearman +0.771, spin p < 0.0001 over 10,000 parcel rotations (the spin test of Alexander-Bloch et al., 2018, with the rotations of Váša et al., 2018, released with the data); per subject the correlation across regions is +0.756 [+0.715, +0.790] (a subject-bootstrap percentile interval; no per-subject vector of this correlation is saved), positive in 14 of 14.",Váša 2018,Váša et al. (2018),Vasa2018.pdf,Q,"supported, with a difference",own,"The rotations are Váša et al.'s parcel-level version of the spin test, with 10,000 rotations (p. 5), released with the data.","The rotation procedure is Váša et al.'s (p. 5; Supplementary Information, p. 7), applied there to their own 308-region parcellation; the 10,000 rotations of the Schaefer-100 parcels released with the data are not in the paper. That they were made with Váša et al.'s procedure is indicated by the data release, whose copy of Váša's function names his rotate_parcellation as the source of such permutations (line 2). 'Rotations by the method of Váša et al., 2018, released with the data' would be exact.",,The regional implementation is their own; they present it as the regional analogue of tests implemented before at the vertex level (Alexander-Bloch et al. 2013; Vandekar et al. 2015; p. 5).,"Vasa2018.pdf p. 5 (printed 285); Vasa2018_SI.pdf p. 7; the data release, fxns/SpinTests/perm_sphere_p_al857.m lines 1, 2; the data release's fxns/SpinTests/ folder (its files)",C105
109,58,S3 Text,"S3 Text. The supporting analyses of the estimator account / 4. The scope map, the overlay, the within-window regression and the regional maps / Per-subject version (regional sts from results/regional_atoms_bins, placebo bins 1–8; regional r₁ recomputed as partB11, placebo windows 1–4)",sentence,manuscript/si/S3_Text.md,153,"The network structure of both maps was spin-tested afterwards (B22 (e); record, the B22 pre-run entry and outcome of 23 September 2026; `partB/aligned_directed_tables.md`): the eight-class one-way F (the seven Yeo networks and the subcortex) is 16.933 for the unpartialled map (spin p = 0.0564) and 8.146 for the residual map (spin p = 0.0009), over 10,000 rotations of the cortical values (the rotations of Váša et al., 2018, released with the data; region 20's missing value dropped wherever it lands; the 16 subcortical values fixed).",Váša 2018,Váša et al. (2018),Vasa2018.pdf,Q,"supported, with a difference",own,"The rotations are Váša et al.'s parcel-level version of the spin test, with 10,000 rotations (p. 5), released with the data.","The rotation procedure is Váša et al.'s (p. 5; Supplementary Information, p. 7), applied there to their own 308-region parcellation; the 10,000 rotations of the Schaefer-100 parcels released with the data are not in the paper. That they were made with Váša et al.'s procedure is indicated by the data release, whose copy of Váša's function names his rotate_parcellation as the source of such permutations (line 2). 'Rotations by the method of Váša et al., 2018, released with the data' would be exact.",The eight-class F statistic and the handling of region 20 are ours.,The regional implementation is their own; they present it as the regional analogue of tests implemented before at the vertex level (Alexander-Bloch et al. 2013; Vandekar et al. 2015; p. 5).,"Vasa2018.pdf p. 5 (printed 285); Vasa2018_SI.pdf p. 7; the data release, fxns/SpinTests/perm_sphere_p_al857.m lines 1, 2; the data release's fxns/SpinTests/ folder (its files)",C106
110,59,S3 Text,"S3 Text. The supporting analyses of the estimator account / 5. The DMT contrast: collinearity, leverage and the CCS contrast",sentence,manuscript/si/S3_Text.md,159,"The drift's source is not identified; lower arousal later in a session is one candidate, since BOLD lag-1 autocorrelation rises in propofol sedation (Huang et al., 2018).",Huang 2018,Huang et al. (2018),Huang2018.pdf,S,completely supported,own,BOLD lag-1 autocorrelation rises in propofol sedation.,,"That lower arousal later in a session might act the same way is our analogy; Huang et al. studied sedation, not drift within a session.",,Huang2018.pdf p. 1 (printed 2304); Huang2018.pdf p. 4 (printed 2307),C107
111,60,S3 Text,"S3 Text. The supporting analyses of the estimator account / 5. The DMT contrast: collinearity, leverage and the CCS contrast",sentence,manuscript/si/S3_Text.md,217,"It is not read as a DMT finding for two stated reasons and one rule; the definition is not among them, the journal's SI Appendix (Mediano et al., 2025, Definition 2) retaining Definition 1's sign condition unchanged but for the symbol of the full mutual information (section 2 of this text).",Mediano 2025,Mediano et al. (2025),Mediano2025.pdf,S,completely supported,own,"The journal SI Appendix (Definition 2) keeps the 2021 sign condition, changing only the symbol of the full mutual information.",,,,Mediano2025_SI.pdf p. 4; Mediano2021.pdf p. 24 (printed 3),C108
112,61,S3 Text,S3 Text. The supporting analyses of the estimator account / 10. The applicability table,sentence,manuscript/si/S3_Text.md,424,"Its Table A lists, for each of nine empirical fMRI ΦID studies (Down et al., 2026; Gatica et al., 2024; Luppi et al., 2022, 2023, 2024, 2026; Nago et al., 2026; Tarchi et al., 2026; Zhang et al., 2025) and for Varley (2024) and Mediano et al. (2025), the data (N, TR), parcellation, preprocessing (band, nuisance, HRF deconvolution), the quantity reported, the redundancy function, estimator and lag, whether temporal autocorrelation was addressed, the reported effect, and the scope-map reading — the sign of r₁ change that would produce the reported effect on the map, in the same conditional form for every study.",Down 2026,Down et al. (2026),Down2026.pdf,S,completely supported,own,It is an empirical fMRI ΦID study (a row of S20 Table A).,,,,Down2026.pdf p. 1; Down2026.pdf p. 7,C109
113,61,S3 Text,S3 Text. The supporting analyses of the estimator account / 10. The applicability table,sentence,manuscript/si/S3_Text.md,424,"Its Table A lists, for each of nine empirical fMRI ΦID studies (Down et al., 2026; Gatica et al., 2024; Luppi et al., 2022, 2023, 2024, 2026; Nago et al., 2026; Tarchi et al., 2026; Zhang et al., 2025) and for Varley (2024) and Mediano et al. (2025), the data (N, TR), parcellation, preprocessing (band, nuisance, HRF deconvolution), the quantity reported, the redundancy function, estimator and lag, whether temporal autocorrelation was addressed, the reported effect, and the scope-map reading — the sign of r₁ change that would produce the reported effect on the map, in the same conditional form for every study.",Gatica 2024,Gatica et al. (2024),Gatica2024.pdf,S,completely supported,own,It is an empirical fMRI ΦID study (a row of S20 Table A).,,,,Gatica2024.pdf p. 4 (printed 1035); Gatica2024.pdf p. 14 (printed 1045),C110
114,61,S3 Text,S3 Text. The supporting analyses of the estimator account / 10. The applicability table,sentence,manuscript/si/S3_Text.md,424,"Its Table A lists, for each of nine empirical fMRI ΦID studies (Down et al., 2026; Gatica et al., 2024; Luppi et al., 2022, 2023, 2024, 2026; Nago et al., 2026; Tarchi et al., 2026; Zhang et al., 2025) and for Varley (2024) and Mediano et al. (2025), the data (N, TR), parcellation, preprocessing (band, nuisance, HRF deconvolution), the quantity reported, the redundancy function, estimator and lag, whether temporal autocorrelation was addressed, the reported effect, and the scope-map reading — the sign of r₁ change that would produce the reported effect on the map, in the same conditional form for every study.",Luppi 2022,Luppi et al. (2022),Luppi2022.pdf,S,completely supported,own,It is an empirical fMRI ΦID study (a row of S20 Table A).,,,,Luppi2022.pdf p. 2 (printed 772),C111
115,61,S3 Text,S3 Text. The supporting analyses of the estimator account / 10. The applicability table,sentence,manuscript/si/S3_Text.md,424,"Its Table A lists, for each of nine empirical fMRI ΦID studies (Down et al., 2026; Gatica et al., 2024; Luppi et al., 2022, 2023, 2024, 2026; Nago et al., 2026; Tarchi et al., 2026; Zhang et al., 2025) and for Varley (2024) and Mediano et al. (2025), the data (N, TR), parcellation, preprocessing (band, nuisance, HRF deconvolution), the quantity reported, the redundancy function, estimator and lag, whether temporal autocorrelation was addressed, the reported effect, and the scope-map reading — the sign of r₁ change that would produce the reported effect on the map, in the same conditional form for every study.",Luppi 2023,Luppi et al. (2023),Luppi2023.pdf,S,completely supported,own,It is an empirical fMRI ΦID study (a row of S20 Table A).,,,,Luppi2023.pdf p. 2,C112
116,61,S3 Text,S3 Text. The supporting analyses of the estimator account / 10. The applicability table,sentence,manuscript/si/S3_Text.md,424,"Its Table A lists, for each of nine empirical fMRI ΦID studies (Down et al., 2026; Gatica et al., 2024; Luppi et al., 2022, 2023, 2024, 2026; Nago et al., 2026; Tarchi et al., 2026; Zhang et al., 2025) and for Varley (2024) and Mediano et al. (2025), the data (N, TR), parcellation, preprocessing (band, nuisance, HRF deconvolution), the quantity reported, the redundancy function, estimator and lag, whether temporal autocorrelation was addressed, the reported effect, and the scope-map reading — the sign of r₁ change that would produce the reported effect on the map, in the same conditional form for every study.",Luppi 2024,Luppi et al. (2024),Luppi2024.pdf,S,completely supported,own,It is an empirical fMRI ΦID study (a row of S20 Table A).,,,,Luppi2024.pdf p. 4; Luppi2024.pdf p. 18,C113
117,61,S3 Text,S3 Text. The supporting analyses of the estimator account / 10. The applicability table,sentence,manuscript/si/S3_Text.md,424,"Its Table A lists, for each of nine empirical fMRI ΦID studies (Down et al., 2026; Gatica et al., 2024; Luppi et al., 2022, 2023, 2024, 2026; Nago et al., 2026; Tarchi et al., 2026; Zhang et al., 2025) and for Varley (2024) and Mediano et al. (2025), the data (N, TR), parcellation, preprocessing (band, nuisance, HRF deconvolution), the quantity reported, the redundancy function, estimator and lag, whether temporal autocorrelation was addressed, the reported effect, and the scope-map reading — the sign of r₁ change that would produce the reported effect on the map, in the same conditional form for every study.",Luppi 2026,Luppi et al. (2026),Luppi2026.pdf,S,completely supported,own,It is an empirical fMRI ΦID study (a row of S20 Table A).,,,,Luppi2026.pdf p. 3 (printed 779),C114
118,61,S3 Text,S3 Text. The supporting analyses of the estimator account / 10. The applicability table,sentence,manuscript/si/S3_Text.md,424,"Its Table A lists, for each of nine empirical fMRI ΦID studies (Down et al., 2026; Gatica et al., 2024; Luppi et al., 2022, 2023, 2024, 2026; Nago et al., 2026; Tarchi et al., 2026; Zhang et al., 2025) and for Varley (2024) and Mediano et al. (2025), the data (N, TR), parcellation, preprocessing (band, nuisance, HRF deconvolution), the quantity reported, the redundancy function, estimator and lag, whether temporal autocorrelation was addressed, the reported effect, and the scope-map reading — the sign of r₁ change that would produce the reported effect on the map, in the same conditional form for every study.",Nago 2026,Nago et al. (2026),Nago2026.pdf,S,completely supported,own,It is an empirical fMRI ΦID study (a row of S20 Table A).,,,,Nago2026.pdf p. 3; Nago2026.pdf p. 1,C115
119,61,S3 Text,S3 Text. The supporting analyses of the estimator account / 10. The applicability table,sentence,manuscript/si/S3_Text.md,424,"Its Table A lists, for each of nine empirical fMRI ΦID studies (Down et al., 2026; Gatica et al., 2024; Luppi et al., 2022, 2023, 2024, 2026; Nago et al., 2026; Tarchi et al., 2026; Zhang et al., 2025) and for Varley (2024) and Mediano et al. (2025), the data (N, TR), parcellation, preprocessing (band, nuisance, HRF deconvolution), the quantity reported, the redundancy function, estimator and lag, whether temporal autocorrelation was addressed, the reported effect, and the scope-map reading — the sign of r₁ change that would produce the reported effect on the map, in the same conditional form for every study.",Tarchi 2026,Tarchi et al. (2026),Tarchi2025.pdf,S,completely supported,own,It is an empirical fMRI ΦID study (a row of S20 Table A).,,,,Tarchi2025.pdf p. 1,C116
120,61,S3 Text,S3 Text. The supporting analyses of the estimator account / 10. The applicability table,sentence,manuscript/si/S3_Text.md,424,"Its Table A lists, for each of nine empirical fMRI ΦID studies (Down et al., 2026; Gatica et al., 2024; Luppi et al., 2022, 2023, 2024, 2026; Nago et al., 2026; Tarchi et al., 2026; Zhang et al., 2025) and for Varley (2024) and Mediano et al. (2025), the data (N, TR), parcellation, preprocessing (band, nuisance, HRF deconvolution), the quantity reported, the redundancy function, estimator and lag, whether temporal autocorrelation was addressed, the reported effect, and the scope-map reading — the sign of r₁ change that would produce the reported effect on the map, in the same conditional form for every study.",Zhang 2025,Zhang et al. (2025),Zhang2025.pdf,S,completely supported,own,It is an empirical fMRI ΦID study (a row of S20 Table A).,,,,Zhang2025.pdf p. 1; Zhang2025.pdf p. 3,C117
121,61,S3 Text,S3 Text. The supporting analyses of the estimator account / 10. The applicability table,sentence,manuscript/si/S3_Text.md,424,"Its Table A lists, for each of nine empirical fMRI ΦID studies (Down et al., 2026; Gatica et al., 2024; Luppi et al., 2022, 2023, 2024, 2026; Nago et al., 2026; Tarchi et al., 2026; Zhang et al., 2025) and for Varley (2024) and Mediano et al. (2025), the data (N, TR), parcellation, preprocessing (band, nuisance, HRF deconvolution), the quantity reported, the redundancy function, estimator and lag, whether temporal autocorrelation was addressed, the reported effect, and the scope-map reading — the sign of r₁ change that would produce the reported effect on the map, in the same conditional form for every study.",Varley 2024,Varley (2024),Varley2024.pdf,X,no claim about the work's content,na,,The sentence only names Varley (2024) as a row of our table; it says nothing about the paper's content.,,,,C118
122,61,S3 Text,S3 Text. The supporting analyses of the estimator account / 10. The applicability table,sentence,manuscript/si/S3_Text.md,424,"Its Table A lists, for each of nine empirical fMRI ΦID studies (Down et al., 2026; Gatica et al., 2024; Luppi et al., 2022, 2023, 2024, 2026; Nago et al., 2026; Tarchi et al., 2026; Zhang et al., 2025) and for Varley (2024) and Mediano et al. (2025), the data (N, TR), parcellation, preprocessing (band, nuisance, HRF deconvolution), the quantity reported, the redundancy function, estimator and lag, whether temporal autocorrelation was addressed, the reported effect, and the scope-map reading — the sign of r₁ change that would produce the reported effect on the map, in the same conditional form for every study.",Mediano 2025,Mediano et al. (2025),Mediano2025.pdf,X,no claim about the work's content,na,,The sentence only names Mediano et al. (2025) as a row of our table.,,,,C119
123,62,S3 Text,S3 Text. The supporting analyses of the estimator account / 10. The applicability table,sentence,manuscript/si/S3_Text.md,424,"Its Table B gives the inputs: the atom signature of an r₁ change against a q change on the family (at (0.85, 0.25): ∂sts/∂r₁ +6.07 against ∂rtr/∂r₁ +0.06; ∂sts/∂q −0.19 against ∂rtr/∂q +0.19; at (0.97, 0.25), the point the 0.72 s band of Luppi et al. (2022) implies, the same closed form of the main text's Methods — ∂sts/∂a = 2a/(1 − a²) − aq²/(1 − a²q²) and ∂rtr/∂a = aq²/(1 − a²q²) — gives +32.8 against +0.06, of which the Discussion quotes the first; `partB/family_checks.log` holds them, the scope map's grid stopping at r₁ = 0.95); the r₁ of ideal band-passed white noise at each study's band and TR (0.008–0.09 Hz at TR 2 s → 0.78, at 1.838 s → 0.81, at 0.72 s → 0.97; 0.0025–0.05 Hz at TR 2 s → 0.93, 2.4 s → 0.90, 2.6 s → 0.89, 3 s → 0.85, 1.25 s → 0.97; 0.01–0.1 Hz at 2.0/1.0/1.2 s → 0.73/0.93/0.90; this dataset's 0.01–0.08 Hz at TR 2 s → 0.82 against a measured 0.866), which are lower bounds because real BOLD has its power at the low end of the band; the direction of the autocorrelation change in the conditions studied, from the sources read (Huang et al., 2018); and what HRF deconvolution does on this dataset (run-level r₁ 0.866 → 0.790 on ts_gsr, about 30 % of the sts level removed, the sts contrast unchanged, −0.0782 against −0.0809 at W = 60; S2 Text).",Luppi 2022,Luppi et al. (2022),Luppi2022.pdf,S,completely supported,own,Luppi et al. (2022) band-passed the human data at 0.008–0.09 Hz at TR 0.72 s.,,Only the band and TR are theirs; the r₁ values and derivatives in this sentence are our computations.,,Luppi2022.pdf p. 13; Luppi2022.pdf p. 14,C120
124,62,S3 Text,S3 Text. The supporting analyses of the estimator account / 10. The applicability table,sentence,manuscript/si/S3_Text.md,424,"Its Table B gives the inputs: the atom signature of an r₁ change against a q change on the family (at (0.85, 0.25): ∂sts/∂r₁ +6.07 against ∂rtr/∂r₁ +0.06; ∂sts/∂q −0.19 against ∂rtr/∂q +0.19; at (0.97, 0.25), the point the 0.72 s band of Luppi et al. (2022) implies, the same closed form of the main text's Methods — ∂sts/∂a = 2a/(1 − a²) − aq²/(1 − a²q²) and ∂rtr/∂a = aq²/(1 − a²q²) — gives +32.8 against +0.06, of which the Discussion quotes the first; `partB/family_checks.log` holds them, the scope map's grid stopping at r₁ = 0.95); the r₁ of ideal band-passed white noise at each study's band and TR (0.008–0.09 Hz at TR 2 s → 0.78, at 1.838 s → 0.81, at 0.72 s → 0.97; 0.0025–0.05 Hz at TR 2 s → 0.93, 2.4 s → 0.90, 2.6 s → 0.89, 3 s → 0.85, 1.25 s → 0.97; 0.01–0.1 Hz at 2.0/1.0/1.2 s → 0.73/0.93/0.90; this dataset's 0.01–0.08 Hz at TR 2 s → 0.82 against a measured 0.866), which are lower bounds because real BOLD has its power at the low end of the band; the direction of the autocorrelation change in the conditions studied, from the sources read (Huang et al., 2018); and what HRF deconvolution does on this dataset (run-level r₁ 0.866 → 0.790 on ts_gsr, about 30 % of the sts level removed, the sts contrast unchanged, −0.0782 against −0.0809 at W = 60; S2 Text).",Huang 2018,Huang et al. (2018),Huang2018.pdf,S,completely supported,own,"The direction of the autocorrelation change: up in propofol sedation, down in deep anaesthesia and in disorders of consciousness.",,,,Huang2018.pdf p. 1 (printed 2304); Huang2018.pdf p. 4 (printed 2307); Huang2018.pdf p. 11 (printed 2314),C121
125,63,S3 Text,S3 Text. The supporting analyses of the estimator account / 10. The applicability table,sentence,manuscript/si/S3_Text.md,426,"**Literature material moved from the main text on 23 September 2026.** Group differences in the synergy and redundancy atoms have been reported in Alzheimer's disease, schizophrenia and neurodevelopmental conditions (Down et al., 2026; Nago et al., 2026; Zhang et al., 2025).",Down 2026,Down et al. (2026),Down2026.pdf,S,completely supported,own,Group differences in the synergy and redundancy atoms in Alzheimer's disease.,,The bold lead-in is an editorial note of ours.,,Down2026.pdf p. 1; Down2026.pdf p. 12,C122
126,63,S3 Text,S3 Text. The supporting analyses of the estimator account / 10. The applicability table,sentence,manuscript/si/S3_Text.md,426,"**Literature material moved from the main text on 23 September 2026.** Group differences in the synergy and redundancy atoms have been reported in Alzheimer's disease, schizophrenia and neurodevelopmental conditions (Down et al., 2026; Nago et al., 2026; Zhang et al., 2025).",Nago 2026,Nago et al. (2026),Nago2026.pdf,S,completely supported,own,Group differences in the synergy and redundancy atoms in schizophrenia and neurodevelopmental conditions.,,Their differences are shifts of regional mean t-values; at the level of single connections few survive correction (p. 8).,,Nago2026.pdf p. 1; Nago2026.pdf p. 4,C123
127,63,S3 Text,S3 Text. The supporting analyses of the estimator account / 10. The applicability table,sentence,manuscript/si/S3_Text.md,426,"**Literature material moved from the main text on 23 September 2026.** Group differences in the synergy and redundancy atoms have been reported in Alzheimer's disease, schizophrenia and neurodevelopmental conditions (Down et al., 2026; Nago et al., 2026; Zhang et al., 2025).",Zhang 2025,Zhang et al. (2025),Zhang2025.pdf,Q,"supported, with a difference",own,Group differences in the synergy and redundancy atoms in Alzheimer's disease.,"Zhang et al. report differences in synergy only (network measures of the synergy atom, between adjacent stages); they report no redundancy result. Our sentence groups the three studies, and Down et al. cover redundancy.",,,Zhang2025.pdf p. 1; Zhang2025.pdf p. 5; Zhang2025.pdf p. 11; Zhang2025.pdf p. 16,C124
128,64,S3 Text,S3 Text. The supporting analyses of the estimator account / 10. The applicability table,sentence,manuscript/si/S3_Text.md,426,"Varley (2024) showed, for the aggregate forward synergy of a bivariate process (in ΦID terms str + stx + sty + sts), that for a pair ""disintegrated"" while keeping each process's autocorrelation the MMI synergy equals the self-information of the less self-predictive of the two (his Eq. 12), and on 1,000 region pairs of one human subject the synergy change on disintegration correlated with pairwise mutual information at r = 0.97.",Varley 2024,Varley (2024),Varley2024.pdf,S,completely supported,own,"For a pair disintegrated at fixed autocorrelation, MMI synergy equals the self-information of the less self-predictive process (his Eq. 12); on 1,000 region pairs of one subject the change correlated with pairwise mutual information at r = 0.97.",,'The less self-predictive of the two' is our wording of his definition of the most informative variable (p. 6). Reading his quantity as str + stx + sty + sts is our step.,,Varley2024.pdf p. 7; Varley2024.pdf p. 6; Varley2024.pdf p. 8; Varley2024.pdf p. 10,C125
129,65,S3 Text,S3 Text. The supporting analyses of the estimator account / 10. The applicability table,sentence,manuscript/si/S3_Text.md,426,"Faes et al. (2025) state the general problem — PID applied to time series rests on an implicit i.i.d. assumption that 'is typically not tested in practice and is often violated', temporal correlations have 'a profound impact' on the lag-zero decomposition, and lagged PIDs on ad hoc variables cover only 'specific portions of the system dynamics' — and propose a rate-based decomposition as the remedy (the quotations are from the arXiv version dated 7 October 2025).",Faes 2025,Faes et al. (2025),Faes2025.pdf,S,completely supported,own,Faes et al.'s statement of the problem (the three quotations) and their rate-based remedy.,,The three quotations match the paper. 'The lag-zero decomposition' is our close paraphrase of their 'information shared at lag zero'.,,Faes2025.pdf p. 1,C126
130,66,S3 Text,S3 Text. The supporting analyses of the estimator account / 10. The applicability table,sentence,manuscript/si/S3_Text.md,426,"The ΦID authors have proposed null-model normalisation of PID atoms, naming ΦID as a possible further generalisation (Liardi et al., 2025), and in one study used CCS redundancy (Luppi et al., 2023).",Liardi 2025,Liardi et al. (2025),Liardi2025.pdf,S,completely supported,own,The ΦID authors proposed null-model normalisation of PID atoms and named ΦID as a possible further generalisation.,,,,Liardi2025.pdf p. 1; Liardi2025.pdf p. 14; Liardi2025.pdf p. 24,C127
131,66,S3 Text,S3 Text. The supporting analyses of the estimator account / 10. The applicability table,sentence,manuscript/si/S3_Text.md,426,"The ΦID authors have proposed null-model normalisation of PID atoms, naming ΦID as a possible further generalisation (Liardi et al., 2025), and in one study used CCS redundancy (Luppi et al., 2023).",Luppi 2023,Luppi et al. (2023),Luppi2023.pdf,Q,"supported, with a difference",own,"One study by the ΦID authors (Luppi et al., 2023) used CCS redundancy.","Luppi et al. (2023) do use CCS (p. 12), but 'in one study used CCS' reads as a count, and other work by the ΦID authors used it too: the ΦID paper for all its examples (Mediano et al., 2021, p. 10), Liardi et al. (2025), cited in the same sentence, beside MMI (their pp. 11–12), and Down et al. (2026) in a re-check in their supplement (their p. 6; S20 Table, row 6). Among the empirical fMRI studies of S20 Table it is the only one with CCS as its primary analysis.",,,Luppi2023.pdf p. 1; Luppi2023.pdf p. 16; Luppi2023.pdf p. 12,C128
132,67,S3 Text,S3 Text. The supporting analyses of the estimator account / 10. The applicability table,sentence,manuscript/si/S3_Text.md,426,The multiscale transfer decomposition of Faes et al. (2017) is a different object from the lag-1 ΦID atoms.,Faes 2017,Faes et al. (2017),Faes2017.pdf,S,completely supported,own,Faes et al.'s multiscale decomposition of information transfer (a different object from lag-1 ΦID atoms).,,"'A different object' is our judgement; it rests on their definitions (joint transfer entropy with whole pasts, filtered and downsampled).",,Faes2017.pdf p. 1; Faes2017.pdf p. 3; Faes2017.pdf p. 5,C129
133,68,S3 Text,S3 Text. The supporting analyses of the estimator account / 10. The applicability table,sentence,manuscript/si/S3_Text.md,426,"The phase-randomised surrogate gradient of Luppi et al. (2022), the third of the three surrogates of their Table 1, correlated with the six macroscale maps of their Table 1 at |ρ| ≤ 0.26, with one significant association (the glycolytic index, a PET measure of aerobic glycolysis: ρ = 0.26, spin p = 0.028), against 0.22–0.54 for the observed gradient, 0.40–0.54 for its four significant associations (cortical expansion, HAR-Brain gene expression, the glycolytic index and receptor diversity); its macaque dataset, at TR 2.6 s and not deconvolved, falls inside the table's TR range (S20 Table, row 1).",Luppi 2022,Luppi et al. (2022),Luppi2022.pdf,S,completely supported,own,"In Luppi et al.'s Table 1 the phase-randomised surrogate gradient (the third of three surrogates) correlated with the six maps at |ρ| ≤ 0.26, only the glycolytic index (a PET measure of aerobic glycolysis) significant (ρ = 0.26, spin p = 0.028); the observed gradient at 0.22–0.54, its four significant associations at 0.40–0.54; the macaque data at TR 2.6 s, not deconvolved.",,"Their Table 1 applies no correction for multiple comparisons (its note). Reading a table row by row mixes neighbouring cells, so a few cells of other columns are highlighted too; the phase-randomised column is the fourth column of values.",,Luppi2022.pdf p. 10 (printed 780); Luppi2022.pdf p. 7 (printed 777); Luppi2022.pdf p. 8 (printed 778); Luppi2022.pdf p. 9 (printed 779); Luppi2022.pdf p. 13,C130
134,69,S3 Text,S3 Text. The supporting analyses of the estimator account / 10. The applicability table,sentence,manuscript/si/S3_Text.md,428,"The human (HCP) data of Luppi et al. (2022): at the stated 0.008–0.09 Hz band and TR of 0.72 s the ideal-band-pass r₁ is 0.97, where ∂sts/∂r₁ = 32.8 against ∂rtr/∂r₁ = 0.06 (Table B above); its measured regional r₁ is not reported.",Luppi 2022,Luppi et al. (2022),Luppi2022.pdf,S,completely supported,own,"The HCP data were band-passed at 0.008–0.09 Hz at TR 0.72 s, and the paper reports no measured regional r₁.",,The only temporal autocorrelation in the paper is in the description of the phase-randomised surrogates (p. 18).,,Luppi2022.pdf p. 13; Luppi2022.pdf p. 18,C131
135,70,S3 Text,S3 Text. The supporting analyses of the estimator account / 10. The applicability table,sentence,manuscript/si/S3_Text.md,428,"Its primary analysis is HRF-deconvolved (Wu et al., 2013), the gradient is replicated without deconvolution, and the authors report that deconvolution 'had negligible effects on synergy and redundancy calculations' at that TR; our own evidence that deconvolution leaves the mechanism in place (S2 Text) comes from TR 2 s data and does not transfer to TR 0.72 s.",Wu 2013,Wu et al. (2013),Wu2013.pdf,S,completely supported,own,The HRF deconvolution in that study is the Wu et al. (2013) method.,,,,Wu2013.pdf p. 1 (printed 365); Wu2013.pdf p. 2 (printed 366); Wu2013.pdf p. 8 (printed 372),C132
x135,70,S3 Text,S3 Text. The supporting analyses of the estimator account / 10. The applicability table,sentence,manuscript/si/S3_Text.md,428,"Its primary analysis is HRF-deconvolved (Wu et al., 2013), the gradient is replicated without deconvolution, and the authors report that deconvolution 'had negligible effects on synergy and redundancy calculations' at that TR; our own evidence that deconvolution leaves the mechanism in place (S2 Text) comes from TR 2 s data and does not transfer to TR 0.72 s.",Luppi 2022,Luppi et al. (2022),Luppi2022.pdf,S,completely supported,own,Luppi et al.'s primary analysis is HRF-deconvolved; the gradient is replicated without deconvolution; they report that deconvolution had negligible effects on synergy and redundancy at the HCP data's temporal resolution.,,,,Luppi2022.pdf p. 14; Luppi2022.pdf p. 3 (printed 773); Luppi2022.pdf p. 16,
r42822022,71,S3 Text,S3 Text. The supporting analyses of the estimator account / 10. The applicability table,sentence,manuscript/si/S3_Text.md,428,Its authors recomputed synergy and redundancy on phase-randomised surrogates that keep each region's autocorrelation and remove the correlations between regions (their Table 1).,Luppi 2022,Luppi et al. (2022),Luppi2022.pdf,S,completely supported,own,Its authors recomputed synergy and redundancy on phase-randomised surrogates that keep each region's autocorrelation and remove the correlations between regions (Table 1).,,,,Luppi2022.pdf p. 10 (printed 780); Luppi2022.pdf p. 18,
r42842022,72,S3 Text,S3 Text. The supporting analyses of the estimator account / 10. The applicability table,sentence,manuscript/si/S3_Text.md,428,"Its correlations with the macroscale maps were small and, with one exception (the glycolytic index), not significant (main text, Discussion), so on that dataset the autocorrelation-only gradient does not reproduce the observed gradient's macroscale associations: evidence against the exposure for those associations, and the only such evidence in the table.",Luppi 2022,Luppi et al. (2022),Luppi2022.pdf,S,completely supported,own,"The surrogate gradient's correlations with the macroscale maps were small and, apart from the glycolytic index, not significant.",,What this implies for the exposure is our reading.,,Luppi2022.pdf p. 10 (printed 780),
r42852022,73,S3 Text,S3 Text. The supporting analyses of the estimator account / 10. The applicability table,sentence,manuscript/si/S3_Text.md,428,"It leaves open what this paper measures on its own data (main text, Results 3), which that study does not report.",Luppi 2022,Luppi et al. (2022),Luppi2022.pdf,S,completely supported,na,The study does not report the correlation of its gradient with regional autocorrelation.,,This is a claim that something is absent: the paper reports no regional autocorrelation; 'autocorrelation' appears only as spatial autocorrelation and in the description of the phase-randomised surrogates (p. 18).,,,
136,74,S3 Text,S3 Text. The supporting analyses of the estimator account / 11. The binarised estimators on the family,sentence,manuscript/si/S3_Text.md,432,"Two studies in S20 Table use binarised signals: Luppi et al. (2022) replicated their gradient from mean-binarised signals with the plug-in estimator (their pp. 3, 14), and the primary quantity of Luppi et al. (2023) is the emergence capacity of Ince's CCS decomposition on mean-binarised signals (their p. 12; S20 Table, row 2).",Luppi 2022,Luppi et al. (2022),Luppi2022.pdf,Q,"supported, with a difference",own,"Luppi et al. (2022) replicated their gradient from mean-binarised signals with the plug-in estimator (their pp. 3, 14).","The content is on those pages, but 'pp. 3, 14' are positions in the PDF: the journal's printed page of the first passage is 773, and the second is in the online Methods, which carry no printed page number.",,,Luppi2022.pdf p. 3 (printed 773); Luppi2022.pdf p. 14,
137,74,S3 Text,S3 Text. The supporting analyses of the estimator account / 11. The binarised estimators on the family,sentence,manuscript/si/S3_Text.md,432,"Two studies in S20 Table use binarised signals: Luppi et al. (2022) replicated their gradient from mean-binarised signals with the plug-in estimator (their pp. 3, 14), and the primary quantity of Luppi et al. (2023) is the emergence capacity of Ince's CCS decomposition on mean-binarised signals (their p. 12; S20 Table, row 2).",Luppi 2023,Luppi et al. (2023),Luppi2023.pdf,S,completely supported,own,The primary quantity of Luppi et al. (2023) is the emergence capacity of CCS on mean-binarised signals (their p. 12).,,,,Luppi2023.pdf p. 12; Luppi2023.pdf p. 3,
138,75,S3 Text,S3 Text. The supporting analyses of the estimator account / 11. The binarised estimators on the family,sentence,manuscript/si/S3_Text.md,432,"B25 (`notes/partB25_binarised.py`; record, ""The binarised estimators on the AR(1) family (B25): pre-run entry"", with its predictions, ""The binarised estimators on the AR(1) family (B25): the first run and the correction of one check"" and ""B25, outcome"") evaluates on the symmetric AR(1) family phyid's discrete path, which binarises each of x_t, y_t, x_{t+1} and y_{t+1} at its mean and takes plug-in probabilities, under MMI and under CCS, and Luppi et al. (2023)'s emergence capacity as we read their Methods: the synergy of the two pasts about the joint future, taken as one target, in Ince's decomposition, whose redundancy is evaluated on the maximum-entropy distribution that keeps the three pairwise marginals (Ince, 2017, Definition 2; his toolbox's code read, not run).",Luppi 2023,Luppi et al. (2023),Luppi2023.pdf,S,completely supported,own,"Luppi et al.'s emergence capacity, computed with CCS on binarised signals.",,"The paper defines emergence capacity as downward causation plus causal decoupling (p. 3). That this equals the CCS synergy of the two pasts about the joint future, taken as one target, is our reading, as the sentence says ('as we read their Methods').",,Luppi2023.pdf p. 3; Luppi2023.pdf p. 12,
139,75,S3 Text,S3 Text. The supporting analyses of the estimator account / 11. The binarised estimators on the family,sentence,manuscript/si/S3_Text.md,432,"B25 (`notes/partB25_binarised.py`; record, ""The binarised estimators on the AR(1) family (B25): pre-run entry"", with its predictions, ""The binarised estimators on the AR(1) family (B25): the first run and the correction of one check"" and ""B25, outcome"") evaluates on the symmetric AR(1) family phyid's discrete path, which binarises each of x_t, y_t, x_{t+1} and y_{t+1} at its mean and takes plug-in probabilities, under MMI and under CCS, and Luppi et al. (2023)'s emergence capacity as we read their Methods: the synergy of the two pasts about the joint future, taken as one target, in Ince's decomposition, whose redundancy is evaluated on the maximum-entropy distribution that keeps the three pairwise marginals (Ince, 2017, Definition 2; his toolbox's code read, not run).",Ince 2017,Ince (2017),Ince2017.pdf,S,completely supported,own,Ince's Definition 2: the maximum-entropy distribution that keeps the pairwise marginals.,,"'His toolbox's code read, not run' describes our work, not the paper.",,Ince2017.pdf p. 13; Ince2017.pdf p. 18; Ince2017.pdf p. 31,
r43222022,76,S3 Text,S3 Text. The supporting analyses of the estimator account / 11. The binarised estimators on the family,sentence,manuscript/si/S3_Text.md,432,"At finite length each of the four lagged series is binarised at its own mean, as phyid does, where Luppi et al. binarise each signal once, a difference of order 1/T.",Luppi 2022,Luppi et al. (2022),Luppi2022.pdf,Q,"supported, with a difference",own,Luppi et al. binarise each signal once (at its mean).,"They state plug-in estimation on mean-binarised BOLD signals (p. 14); that each signal is binarised once, before the lagged copies are formed, is our reading of that wording.",,,Luppi2022.pdf p. 14,
r43222023,76,S3 Text,S3 Text. The supporting analyses of the estimator account / 11. The binarised estimators on the family,sentence,manuscript/si/S3_Text.md,432,"At finite length each of the four lagged series is binarised at its own mean, as phyid does, where Luppi et al. binarise each signal once, a difference of order 1/T.",Luppi 2023,Luppi et al. (2023),Luppi2023.pdf,Q,"supported, with a difference",own,Luppi et al. binarise each signal once (at its mean).,"They state plug-in estimation on mean-binarised BOLD signals (p. 12); that each signal is binarised once, before the lagged copies are formed, is our reading of that wording. phyid, by contrast, binarises each of the four lagged series separately (calculate.py, lines 194–197).",,,Luppi2023.pdf p. 12,
140,77,S3 Text,S3 Text. The supporting analyses of the estimator account / 11. The binarised estimators on the family,sentence,manuscript/si/S3_Text.md,436,"Luppi et al. (2023)'s emergence capacity as we read it, Ince's CCS synergy of the two pasts about the joint future, is +0.0397 nats at the operating point and rises with r₁ at every step at each q, with ∂/∂r₁ = +0.124 and ∂/∂q = +0.142 there; at 840 samples its replicate mean at the operating point is +0.0409 ± 0.0005.",Luppi 2023,Luppi et al. (2023),Luppi2023.pdf,S,completely supported,own,The quantity is Luppi et al.'s emergence capacity (as we read their Methods); the numbers are ours.,,"That this quantity equals the CCS synergy of the two pasts about the joint future is our reading of their Methods (pp. 3, 12), as recorded under the sentence that introduces B25, above.",,Luppi2023.pdf p. 3; Luppi2023.pdf p. 12,
141,78,S3 Text,S3 Text. The supporting analyses of the estimator account / 11. The binarised estimators on the family,table cell (row: r₁),manuscript/si/S3_Text.md,440,Luppi et al. (2023)'s emergence capacity,Luppi 2023,Luppi et al. (2023),Luppi2023.pdf,X,no claim about the work's content,na,,"A column heading of our table, naming Luppi et al.'s quantity.",,,,
142,79,S4 Text,"S4 Text. The COBIDAS reporting checklist for MRI, filled for this secondary analysis",sentence,manuscript/si/S4_Text.md,3,"The items follow the OHBM Committee on Best Practices in Data Analysis and Sharing report for MRI (COBIDAS, released in 2016; summarised in Nichols et al., 2017, *Nature Neuroscience* 20, 299–303), sections D (experimental design), A (acquisition), P (preprocessing), S (statistical modelling and inference), R (results) and Sh (data sharing); the item wording is paraphrased from the report's checklist, and the numbering is the report's section order, not its exact item numbers.",Nichols 2017,Nichols et al. (2017),Nichols2017.pdf,Q,"supported, with a difference",own,"The COBIDAS report of the OHBM (released in 2016), its checklist sections, and Nichols et al. (2017) as its published summary.","Nichols et al. call their article a commentary on the issues met in forming the report (p. 2), not a summary of it. They state its scope, that it has seven domains, and that it has reporting checklists (p. 3); the section list and the items come from the report itself (COBIDAS2016.pdf, Appendix D).","The report is COBIDAS2016.pdf (version 1.0, 19 May 2016; approved by the OHBM membership in May 2016). Its seventh section, Reproducibility, has no items in our checklist.",,Nichols2017.pdf p. 2; Nichols2017.pdf p. 3; COBIDAS2016.pdf p. 4; COBIDAS2016.pdf p. 2,C133
143,80,S4 Text,"S4 Text. The COBIDAS reporting checklist for MRI, filled for this secondary analysis",sentence,manuscript/si/S4_Text.md,3,"This paper is a secondary analysis of pseudonymised, parcellated, preprocessed regional time series released by the data authors (Singleton et al., 2025; acquired by Timmermann et al., 2023): no data were collected and no image was processed here, so every acquisition and image-preprocessing item is answered by pointing to the data authors' reports, and ""not applicable"" below always means ""not done in this study; reported by the data authors where the item applies to their acquisition"".",Singleton 2025,Singleton et al. (2025),Singleton2025.pdf,Q,"supported, with a difference",own,"The data are parcellated, preprocessed regional time series released by Singleton et al., whose report answers the image-preprocessing items.","Release, preprocessing and parcellation are stated; 'pseudonymised' is not (it is a property of the released files).",,,Singleton2025.pdf p. 11; Singleton2025.pdf p. 8,C134
144,80,S4 Text,"S4 Text. The COBIDAS reporting checklist for MRI, filled for this secondary analysis",sentence,manuscript/si/S4_Text.md,3,"This paper is a secondary analysis of pseudonymised, parcellated, preprocessed regional time series released by the data authors (Singleton et al., 2025; acquired by Timmermann et al., 2023): no data were collected and no image was processed here, so every acquisition and image-preprocessing item is answered by pointing to the data authors' reports, and ""not applicable"" below always means ""not done in this study; reported by the data authors where the item applies to their acquisition"".",Timmermann 2023,Timmermann et al. (2023),Timmerman2023.pdf,S,completely supported,own,"The data were acquired by Timmermann et al., whose report answers the acquisition items.",,Several acquisition items are only partly reported there; the cells below say which.,,Timmerman2023.pdf p. 1 (printed 1 of 12); Timmerman2023.pdf p. 9 (printed 9 of 12),C135
145,81,S4 Text,"S4 Text. The COBIDAS reporting checklist for MRI, filled for this secondary analysis / D. Experimental design",table cell (row: D3 Sampling frame and recruitment),manuscript/si/S4_Text.md,11,Timmermann et al. (2023) report the population (healthy volunteers with previous psychedelic experience) and the screening visit; how participants were recruited is not described.,Timmermann 2023,Timmermann et al. (2023),Timmerman2023.pdf,S,completely supported,own,"Timmermann et al. describe the population (healthy volunteers with previous psychedelic experience) and the screening visit, but not the recruitment.",,,,Timmerman2023.pdf p. 1 (printed 1 of 12); Timmerman2023.pdf p. 9 (printed 9 of 12),
146,82,S4 Text,"S4 Text. The COBIDAS reporting checklist for MRI, filled for this secondary analysis / D. Experimental design",table cell (row: D4 Inclusion and exclusion criteria),manuscript/si/S4_Text.md,12,Recruitment criteria: Timmermann et al. (2023).,Timmermann 2023,Timmermann et al. (2023),Timmerman2023.pdf,S,completely supported,own,Timmermann et al. report the eligibility criteria.,,They list exclusion criteria; inclusion criteria are implied by them (adults with previous psychedelic experience).,,Timmerman2023.pdf p. 9 (printed 9 of 12); Timmerman2023.pdf p. 1 (printed 1 of 12),C137
147,83,S4 Text,"S4 Text. The COBIDAS reporting checklist for MRI, filled for this secondary analysis / D. Experimental design",table cell (row: D4 Inclusion and exclusion criteria),manuscript/si/S4_Text.md,12,"Exclusions at the data-release stage: Methods, Dataset — ""six of twenty excluded for head movement by Singleton et al., 2025"".",Singleton 2025,Singleton et al. (2025),Singleton2025.pdf,S,completely supported,own,Singleton et al. excluded six of twenty for head movement.,,"The words in quotation marks are from our own Methods, not from Singleton et al. They describe the exclusion as from their group analyses; that the release holds only the fourteen is a property of the released files.",,Singleton2025.pdf p. 8,C138
148,84,S4 Text,"S4 Text. The COBIDAS reporting checklist for MRI, filled for this secondary analysis / D. Experimental design","table cell (row: D5 Demographics (age, sex, handedness))",manuscript/si/S4_Text.md,13,Timmermann et al. (2023) report age and sex of the 20 participants who completed all study visits; handedness is not reported.,Timmermann 2023,Timmermann et al. (2023),Timmerman2023.pdf,S,completely supported,own,"Timmermann et al. report age and sex of the 20 participants who completed all visits, and not handedness.",,,,Timmerman2023.pdf p. 2 (printed 2 of 12); Timmerman2023.pdf p. 9 (printed 9 of 12),C139
149,85,S4 Text,"S4 Text. The COBIDAS reporting checklist for MRI, filled for this secondary analysis / D. Experimental design",table cell (row: D6 Task / paradigm specification),manuscript/si/S4_Text.md,14,Instructions to participants (eyes closed or open) are not restated here: Timmermann et al. (2023).,Timmermann 2023,Timmermann et al. (2023),Timmerman2023.pdf,S,completely supported,own,"Timmermann et al. report the eye condition (eyes closed, eye mask).",,,,Timmerman2023.pdf p. 9 (printed 9 of 12),C140
150,86,S4 Text,"S4 Text. The COBIDAS reporting checklist for MRI, filled for this secondary analysis / D. Experimental design",table cell (row: D8 Number of runs and run order),manuscript/si/S4_Text.md,16,"Methods, Dataset: one DMT run and one placebo run per subject (order and blinding as in Timmermann et al., 2023, not restated; S1 Text gives the counterbalancing).",Timmermann 2023,Timmermann et al. (2023),Timmerman2023.pdf,S,completely supported,own,Timmermann et al. report the order (counter-balanced) and blinding (single-blind) of the runs.,,They do not say who was blinded; Singleton et al. add that only the researchers knew the order (p. 8).,,Timmerman2023.pdf p. 9 (printed 9 of 12),C141
151,87,S4 Text,"S4 Text. The COBIDAS reporting checklist for MRI, filled for this secondary analysis / A. Acquisition","table cell (row: A1 Subject preparation (head restraint, mock scanning, instructions))",manuscript/si/S4_Text.md,23,"Instructions (eyes closed, with an eye mask): Timmermann et al. (2023); head restraint and mock scanning are not described.",Timmermann 2023,Timmermann et al. (2023),Timmerman2023.pdf,S,completely supported,own,"Timmermann et al. report the instructions (eyes closed, with an eye mask), not head restraint or mock scanning.",,,,Timmerman2023.pdf p. 9 (printed 9 of 12),
152,88,S4 Text,"S4 Text. The COBIDAS reporting checklist for MRI, filled for this secondary analysis / A. Acquisition","table cell (row: A2 MRI system (vendor, model, field strength, coil))",manuscript/si/S4_Text.md,24,"S1 Text gives the field strength (3 T) and Methods, Dataset the TR (2 s), as stated by the data authors; vendor, model and coil: Timmermann et al. (2023).",Timmermann 2023,Timmermann et al. (2023),Timmerman2023.pdf,S,completely supported,own,"Timmermann et al. report vendor, model and head coil (and field strength and TR).",,,,Timmerman2023.pdf p. 9 (printed 9 of 12),C143
153,89,S4 Text,"S4 Text. The COBIDAS reporting checklist for MRI, filled for this secondary analysis / A. Acquisition","table cell (row: A3 Pulse sequence and parameters (TE, flip angle, FOV, matrix, voxel size, slice)",manuscript/si/S4_Text.md,25,"TE, flip angle, voxel size, slices and gap: Timmermann et al. (2023); FOV, matrix, acceleration and phase-encoding direction are not reported by the source.",Timmermann 2023,Timmermann et al. (2023),Timmerman2023.pdf,S,completely supported,own,"Timmermann et al. give TE, flip angle, voxel size, slices and gap, and not FOV, matrix, acceleration or phase-encoding direction.",,,,Timmerman2023.pdf p. 9 (printed 9 of 12),
154,90,S4 Text,"S4 Text. The COBIDAS reporting checklist for MRI, filled for this secondary analysis / A. Acquisition",table cell (row: A4 Structural acquisition),manuscript/si/S4_Text.md,26,Timmermann et al. (2023) state that T1-weighted structural images were acquired; their acquisition parameters are not reported.,Timmermann 2023,Timmermann et al. (2023),Timmerman2023.pdf,S,completely supported,own,"Timmermann et al. say that T1-weighted structural images were acquired, without their parameters.",,,"Their own acquisition, stated with a reference to their ref. 71, Timmermann's PhD thesis on the same study.",Timmerman2023.pdf p. 9 (printed 9 of 12),
155,91,S4 Text,"S4 Text. The COBIDAS reporting checklist for MRI, filled for this secondary analysis / A. Acquisition","table cell (row: A5 Physiological recording (cardiac, respiratory) and EEG)",manuscript/si/S4_Text.md,27,"Simultaneous EEG was recorded by the source study (Timmermann et al., 2023); an HRF-convolved EEG Lempel–Ziv regressor is released with the data and is used only in the original pre-specified analysis (S1 Text, S6 Table), not in the main text.",Timmermann 2023,Timmermann et al. (2023),Timmerman2023.pdf,S,completely supported,own,The source study recorded EEG simultaneously with fMRI.,,,,Timmerman2023.pdf p. 9 (printed 9 of 12),C146
156,92,S4 Text,"S4 Text. The COBIDAS reporting checklist for MRI, filled for this secondary analysis / P. Preprocessing (image processing was done by the data authors; the items below describe the released derivatives as used here)",table cell (row: P1 Preprocessing software and versions),manuscript/si/S4_Text.md,34,Software: Timmermann et al. (2023); Singleton et al. (2025); neither gives versions.,Timmermann 2023,Timmermann et al. (2023),Timmerman2023.pdf,S,completely supported,own,"Timmermann et al. name the preprocessing software, without versions.",,"They name AFNI tools, FSL BET, ANTs and FreeSurfer, with no version numbers.",,Timmerman2023.pdf p. 9 (printed 9 of 12),C147
157,92,S4 Text,"S4 Text. The COBIDAS reporting checklist for MRI, filled for this secondary analysis / P. Preprocessing (image processing was done by the data authors; the items below describe the released derivatives as used here)",table cell (row: P1 Preprocessing software and versions),manuscript/si/S4_Text.md,34,Software: Timmermann et al. (2023); Singleton et al. (2025); neither gives versions.,Singleton 2025,Singleton et al. (2025),Singleton2025.pdf,S,completely supported,own,"Singleton et al. name the preprocessing software, without versions.",,"The version numbers in their paper are for software outside the fMRI preprocessing (MATLAB R2020a; FreeSurfer's gradient_nonlin_unwarp 0.8 for the PET-atlas scans; the scanner's syngo MR B17). Their ANTs reference carries 'V1.0' in its title, which names the cited paper, not the version they ran.",,Singleton2025.pdf p. 8; Singleton2025.pdf p. 11,C148
158,93,S4 Text,"S4 Text. The COBIDAS reporting checklist for MRI, filled for this secondary analysis / P. Preprocessing (image processing was done by the data authors; the items below describe the released derivatives as used here)","table cell (row: P2 Distortion, slice-timing and motion correction)",manuscript/si/S4_Text.md,35,Slice-timing and motion correction: Timmermann et al. (2023); Singleton et al. (2025); distortion correction is not described.,Timmermann 2023,Timmermann et al. (2023),Timmerman2023.pdf,S,completely supported,own,Timmermann et al. report slice-timing and motion correction; distortion correction is not described.,,,,Timmerman2023.pdf p. 9 (printed 9 of 12),C149
159,93,S4 Text,"S4 Text. The COBIDAS reporting checklist for MRI, filled for this secondary analysis / P. Preprocessing (image processing was done by the data authors; the items below describe the released derivatives as used here)","table cell (row: P2 Distortion, slice-timing and motion correction)",manuscript/si/S4_Text.md,35,Slice-timing and motion correction: Timmermann et al. (2023); Singleton et al. (2025); distortion correction is not described.,Singleton 2025,Singleton et al. (2025),Singleton2025.pdf,S,completely supported,own,Singleton et al. report slice-timing and motion correction; distortion correction is not described.,,,,Singleton2025.pdf p. 8,C150
160,94,S4 Text,"S4 Text. The COBIDAS reporting checklist for MRI, filled for this secondary analysis / P. Preprocessing (image processing was done by the data authors; the items below describe the released derivatives as used here)","table cell (row: P3 Intra- and inter-subject registration, template)",manuscript/si/S4_Text.md,36,Timmermann et al. (2023); Singleton et al. (2025).,Timmermann 2023,Timmermann et al. (2023),Timmerman2023.pdf,S,completely supported,own,"Timmermann et al. report the registration (rigid to the anatomical scan, nonlinear to 2 mm MNI space).",,The exact MNI template is not named.,,Timmerman2023.pdf p. 9 (printed 9 of 12),C151
161,94,S4 Text,"S4 Text. The COBIDAS reporting checklist for MRI, filled for this secondary analysis / P. Preprocessing (image processing was done by the data authors; the items below describe the released derivatives as used here)","table cell (row: P3 Intra- and inter-subject registration, template)",manuscript/si/S4_Text.md,36,Timmermann et al. (2023); Singleton et al. (2025).,Singleton 2025,Singleton et al. (2025),Singleton2025.pdf,S,completely supported,own,Singleton et al. report the registration to 2 mm MNI space.,,The exact MNI template is not named.,,Singleton2025.pdf p. 8,C152
162,95,S4 Text,"S4 Text. The COBIDAS reporting checklist for MRI, filled for this secondary analysis / P. Preprocessing (image processing was done by the data authors; the items below describe the released derivatives as used here)",table cell (row: P4 Spatial smoothing),manuscript/si/S4_Text.md,37,Timmermann et al. (2023); Singleton et al. (2025).,Timmermann 2023,Timmermann et al. (2023),Timmerman2023.pdf,S,completely supported,own,Timmermann et al. report the spatial smoothing (6 mm FWHM).,,,,Timmerman2023.pdf p. 9 (printed 9 of 12),C153
163,95,S4 Text,"S4 Text. The COBIDAS reporting checklist for MRI, filled for this secondary analysis / P. Preprocessing (image processing was done by the data authors; the items below describe the released derivatives as used here)",table cell (row: P4 Spatial smoothing),manuscript/si/S4_Text.md,37,Timmermann et al. (2023); Singleton et al. (2025).,Singleton 2025,Singleton et al. (2025),Singleton2025.pdf,S,completely supported,own,Singleton et al. report the spatial smoothing (6 mm FWHM).,,,,Singleton2025.pdf p. 8,C154
164,96,S4 Text,"S4 Text. The COBIDAS reporting checklist for MRI, filled for this secondary analysis / P. Preprocessing (image processing was done by the data authors; the items below describe the released derivatives as used here)","table cell (row: P6 Nuisance regression and denoising (motion parameters, CompCor, scrubbing, glo)",manuscript/si/S4_Text.md,39,"The remaining denoising steps are the data authors' (Timmermann et al., 2023; Singleton et al., 2025).",Timmermann 2023,Timmermann et al. (2023),Timmerman2023.pdf,S,completely supported,own,The denoising steps other than global signal regression are reported by Timmermann et al.,,Timmermann et al.'s main analyses did not use GSR; the GSR of the released ts_gsr variant is Singleton et al.'s.,,Timmerman2023.pdf p. 9 (printed 9 of 12); Timmerman2023.pdf p. 8 (printed 8 of 12),C155
165,96,S4 Text,"S4 Text. The COBIDAS reporting checklist for MRI, filled for this secondary analysis / P. Preprocessing (image processing was done by the data authors; the items below describe the released derivatives as used here)","table cell (row: P6 Nuisance regression and denoising (motion parameters, CompCor, scrubbing, glo)",manuscript/si/S4_Text.md,39,"The remaining denoising steps are the data authors' (Timmermann et al., 2023; Singleton et al., 2025).",Singleton 2025,Singleton et al. (2025),Singleton2025.pdf,S,completely supported,own,"The same denoising steps are reported by Singleton et al., followed by GSR.",,,,Singleton2025.pdf p. 8,C156
166,97,S4 Text,"S4 Text. The COBIDAS reporting checklist for MRI, filled for this secondary analysis / Items not reported in this paper, collected",sentence,manuscript/si/S4_Text.md,83,"D5 demographics of the 14 analysed subjects (age and sex are given for the 20 who completed the study in Timmermann et al., 2023; not carried by the derivatives); the participant instructions for the resting-state session (Timmermann et al., 2023); every acquisition parameter beyond field strength, TR and the number of volumes (Timmermann et al., 2023, give TE, flip angle, voxel size, slices and gap; FOV, matrix, acceleration, phase encoding and the structural parameters are not reported by the source); every image-preprocessing step beyond the band-pass, the global-signal variants and the parcellation (Timmermann et al., 2023; Singleton et al., 2025).",Timmermann 2023,Timmermann et al. (2023),Timmerman2023.pdf,S,completely supported,own,"Timmermann et al. give age and sex for the 20 who completed the study, the instructions, and TE, flip angle, voxel size, slices and gap (not FOV, matrix, acceleration, phase encoding or structural parameters), and the preprocessing steps.",,,,Timmerman2023.pdf p. 9 (printed 9 of 12),C157
167,97,S4 Text,"S4 Text. The COBIDAS reporting checklist for MRI, filled for this secondary analysis / Items not reported in this paper, collected",sentence,manuscript/si/S4_Text.md,83,"D5 demographics of the 14 analysed subjects (age and sex are given for the 20 who completed the study in Timmermann et al., 2023; not carried by the derivatives); the participant instructions for the resting-state session (Timmermann et al., 2023); every acquisition parameter beyond field strength, TR and the number of volumes (Timmermann et al., 2023, give TE, flip angle, voxel size, slices and gap; FOV, matrix, acceleration, phase encoding and the structural parameters are not reported by the source); every image-preprocessing step beyond the band-pass, the global-signal variants and the parcellation (Timmermann et al., 2023; Singleton et al., 2025).",Singleton 2025,Singleton et al. (2025),Singleton2025.pdf,S,completely supported,own,Singleton et al. report the preprocessing steps.,,,,Singleton2025.pdf p. 8,C158
168,98,S5 Text,S5 Text. Provenance and audit trail / 3. The decisions of 20 September 2026,sentence,manuscript/si/S5_Text.md,19,The audit's F7 (the CCS distribution) and F9 (the Luppi et al. 2022 paragraph) were adopted as written.,Luppi 2022,Luppi et al. (2022),Luppi2022.pdf,X,no claim about the work's content,na,,The sentence names a paragraph of our paper ('the Luppi et al. 2022 paragraph'); it says nothing about the paper's content.,,,,C159
169,99,S5 Text,S5 Text. Provenance and audit trail / 5. The reviews and audits,sentence,manuscript/si/S5_Text.md,27,"The reference list itself was audited in that citation audit (record, ""Citation audit against the full texts"", 20 September 2026; `notes/review_2026-09-20/citation_audit_2026-09-20.md`): every entry except the software was read in full (main article; supplementary materials only where named) on 20 September 2026 from the publisher's or preprint server's PDF, including the SI Appendix of Mediano et al. (2025); Arbabshirani et al. (2014) was read in its NIH author manuscript and Faes et al. (2025) in its arXiv version.",Mediano 2025,Mediano et al. (2025),Mediano2025.pdf,X,no claim about the work's content,na,,The sentence says how we read the paper (its SI Appendix included).,,,,C160
170,99,S5 Text,S5 Text. Provenance and audit trail / 5. The reviews and audits,sentence,manuscript/si/S5_Text.md,27,"The reference list itself was audited in that citation audit (record, ""Citation audit against the full texts"", 20 September 2026; `notes/review_2026-09-20/citation_audit_2026-09-20.md`): every entry except the software was read in full (main article; supplementary materials only where named) on 20 September 2026 from the publisher's or preprint server's PDF, including the SI Appendix of Mediano et al. (2025); Arbabshirani et al. (2014) was read in its NIH author manuscript and Faes et al. (2025) in its arXiv version.",Arbabshirani 2014,Arbabshirani et al. (2014),Arbabshirani2014.pdf,X,no claim about the work's content,na,,"The sentence says how we read the paper (its NIH author manuscript, which is the PDF in the folder).",,,,C161
171,99,S5 Text,S5 Text. Provenance and audit trail / 5. The reviews and audits,sentence,manuscript/si/S5_Text.md,27,"The reference list itself was audited in that citation audit (record, ""Citation audit against the full texts"", 20 September 2026; `notes/review_2026-09-20/citation_audit_2026-09-20.md`): every entry except the software was read in full (main article; supplementary materials only where named) on 20 September 2026 from the publisher's or preprint server's PDF, including the SI Appendix of Mediano et al. (2025); Arbabshirani et al. (2014) was read in its NIH author manuscript and Faes et al. (2025) in its arXiv version.",Faes 2025,Faes et al. (2025),Faes2025.pdf,X,no claim about the work's content,na,,"The sentence says how we read the paper (its arXiv version, dated 7 October 2025).",,,,C162
172,100,S5 Text,S5 Text. Provenance and audit trail / 5. The reviews and audits,sentence,manuscript/si/S5_Text.md,27,"The exceptions are seven entries added on 20 September: Cousineau (2005), Morey (2008) and Wu et al. (2021) were read in full on 22 September 2026 from the publishers' open-access pages, Tian et al. (2020) from its bioRxiv preprint (v2), and Váša et al. (2018) in its Methods and Results on the publisher's page; Alexander-Bloch et al. (2018) could not be obtained in full text and was checked against its abstract and bibliographic record only, and Theiler et al. (1992) against its bibliographic record only (citation pass of 22 September 2026, item A5 and Section B; citation check of 24 September 2026, P9).",Cousineau 2005,Cousineau (2005),Cousineau2005.pdf,X,no claim about the work's content,na,,"The sentence says how we read the paper on 22 September. The revision of 30 September 2026 keeps it and adds, after it, that all seven have since been read in full (29–30 September).",,,,C163
173,100,S5 Text,S5 Text. Provenance and audit trail / 5. The reviews and audits,sentence,manuscript/si/S5_Text.md,27,"The exceptions are seven entries added on 20 September: Cousineau (2005), Morey (2008) and Wu et al. (2021) were read in full on 22 September 2026 from the publishers' open-access pages, Tian et al. (2020) from its bioRxiv preprint (v2), and Váša et al. (2018) in its Methods and Results on the publisher's page; Alexander-Bloch et al. (2018) could not be obtained in full text and was checked against its abstract and bibliographic record only, and Theiler et al. (1992) against its bibliographic record only (citation pass of 22 September 2026, item A5 and Section B; citation check of 24 September 2026, P9).",Morey 2008,Morey (2008),Morey2008.pdf,X,no claim about the work's content,na,,"The sentence says how we read the paper on 22 September. The revision of 30 September 2026 keeps it and adds, after it, that all seven have since been read in full (29–30 September).",,,,C164
174,100,S5 Text,S5 Text. Provenance and audit trail / 5. The reviews and audits,sentence,manuscript/si/S5_Text.md,27,"The exceptions are seven entries added on 20 September: Cousineau (2005), Morey (2008) and Wu et al. (2021) were read in full on 22 September 2026 from the publishers' open-access pages, Tian et al. (2020) from its bioRxiv preprint (v2), and Váša et al. (2018) in its Methods and Results on the publisher's page; Alexander-Bloch et al. (2018) could not be obtained in full text and was checked against its abstract and bibliographic record only, and Theiler et al. (1992) against its bibliographic record only (citation pass of 22 September 2026, item A5 and Section B; citation check of 24 September 2026, P9).",Wu 2021,Wu et al. (2021),Wu2021.pdf,X,no claim about the work's content,na,,"The sentence says how we read the paper on 22 September. The revision of 30 September 2026 keeps it and adds, after it, that all seven have since been read in full (29–30 September).",,,,C165
175,100,S5 Text,S5 Text. Provenance and audit trail / 5. The reviews and audits,sentence,manuscript/si/S5_Text.md,27,"The exceptions are seven entries added on 20 September: Cousineau (2005), Morey (2008) and Wu et al. (2021) were read in full on 22 September 2026 from the publishers' open-access pages, Tian et al. (2020) from its bioRxiv preprint (v2), and Váša et al. (2018) in its Methods and Results on the publisher's page; Alexander-Bloch et al. (2018) could not be obtained in full text and was checked against its abstract and bibliographic record only, and Theiler et al. (1992) against its bibliographic record only (citation pass of 22 September 2026, item A5 and Section B; citation check of 24 September 2026, P9).",Tian 2020,Tian et al. (2020),Tian2020_NN.pdf,X,no claim about the work's content,na,,"The sentence says how we read the paper on 22 September. The revision of 30 September 2026 keeps it and adds, after it, that all seven have since been read in full (29–30 September), Tian et al. (2020) in its Nature Neuroscience version.",,,,C166
176,100,S5 Text,S5 Text. Provenance and audit trail / 5. The reviews and audits,sentence,manuscript/si/S5_Text.md,27,"The exceptions are seven entries added on 20 September: Cousineau (2005), Morey (2008) and Wu et al. (2021) were read in full on 22 September 2026 from the publishers' open-access pages, Tian et al. (2020) from its bioRxiv preprint (v2), and Váša et al. (2018) in its Methods and Results on the publisher's page; Alexander-Bloch et al. (2018) could not be obtained in full text and was checked against its abstract and bibliographic record only, and Theiler et al. (1992) against its bibliographic record only (citation pass of 22 September 2026, item A5 and Section B; citation check of 24 September 2026, P9).",Váša 2018,Váša et al. (2018),Vasa2018.pdf,X,no claim about the work's content,na,,"The sentence says how we read the paper on 22 September. The revision of 30 September 2026 keeps it and adds, after it, that all seven have since been read in full (29–30 September), Váša et al. (2018) with its Supplementary Information.",,,,C167
177,100,S5 Text,S5 Text. Provenance and audit trail / 5. The reviews and audits,sentence,manuscript/si/S5_Text.md,27,"The exceptions are seven entries added on 20 September: Cousineau (2005), Morey (2008) and Wu et al. (2021) were read in full on 22 September 2026 from the publishers' open-access pages, Tian et al. (2020) from its bioRxiv preprint (v2), and Váša et al. (2018) in its Methods and Results on the publisher's page; Alexander-Bloch et al. (2018) could not be obtained in full text and was checked against its abstract and bibliographic record only, and Theiler et al. (1992) against its bibliographic record only (citation pass of 22 September 2026, item A5 and Section B; citation check of 24 September 2026, P9).",Alexander-Bloch 2018,Alexander-Bloch et al. (2018),AlexanderBloch2018.pdf,X,no claim about the work's content,na,,"The sentence says how we read the paper on 22 September. The revision of 30 September 2026 keeps it and adds, after it, that all seven have since been read in full (29–30 September), Alexander-Bloch et al. (2018) in its NIH author manuscript.",,,,C168
178,100,S5 Text,S5 Text. Provenance and audit trail / 5. The reviews and audits,sentence,manuscript/si/S5_Text.md,27,"The exceptions are seven entries added on 20 September: Cousineau (2005), Morey (2008) and Wu et al. (2021) were read in full on 22 September 2026 from the publishers' open-access pages, Tian et al. (2020) from its bioRxiv preprint (v2), and Váša et al. (2018) in its Methods and Results on the publisher's page; Alexander-Bloch et al. (2018) could not be obtained in full text and was checked against its abstract and bibliographic record only, and Theiler et al. (1992) against its bibliographic record only (citation pass of 22 September 2026, item A5 and Section B; citation check of 24 September 2026, P9).",Theiler 1992,Theiler et al. (1992),Theiler1992.pdf,X,no claim about the work's content,na,,"The sentence says how we read the paper on 22 September. The revision of 30 September 2026 keeps it and adds, after it, that all seven have since been read in full (29–30 September).",,,,C169
179,101,S5 Text,S5 Text. Provenance and audit trail / 5. The reviews and audits,sentence,manuscript/si/S5_Text.md,27,"Bibliographic details were checked against Crossref, the publisher page or the preprint server on 15 September 2026 (record, ""Finalisation pass"", the reference-verification item), Tarchi et al. (2026) on 17 September (record, ""Response to the fresh adversarial review"") and the entries added on 20 September on that day (audit, §6).",Tarchi 2026,Tarchi et al. (2026),Tarchi2025.pdf,X,no claim about the work's content,na,,The sentence says when we checked the paper's bibliographic details.,,,,C170
180,102,S5 Text,S5 Text. Provenance and audit trail / 5. The reviews and audits,sentence,manuscript/si/S5_Text.md,27,"On 28 September 2026 every citation of the text at d108d66 was checked claim by claim against the cited work, by eight further sessions, one per group of works, and the planning session (`notes/review_2026-09-28/`): 271 claims, each with the passages of the work that bear on it and their pages; 194 supported, 59 supported with a qualification, 2 not supported (two table cells), 2 not checkable (Theiler et al., 1992) and 14 attributing no content to the work; in 252 the work states the point as its own and in one only by citing another (Kay & Ince, 2018, cited beside Barrett, 2015).",Theiler 1992,Theiler et al. (1992),Theiler1992.pdf,X,no claim about the work's content,na,,"The sentence reports our citation check of 28 September, which the revision of 30 September 2026 keeps; the sentence it adds after it reports this check, in which Theiler et al. (1992), now read in full, supports the two sentences that cite it for its content (main text, Methods; S1 Text).",,,,
181,102,S5 Text,S5 Text. Provenance and audit trail / 5. The reviews and audits,sentence,manuscript/si/S5_Text.md,27,"On 28 September 2026 every citation of the text at d108d66 was checked claim by claim against the cited work, by eight further sessions, one per group of works, and the planning session (`notes/review_2026-09-28/`): 271 claims, each with the passages of the work that bear on it and their pages; 194 supported, 59 supported with a qualification, 2 not supported (two table cells), 2 not checkable (Theiler et al., 1992) and 14 attributing no content to the work; in 252 the work states the point as its own and in one only by citing another (Kay & Ince, 2018, cited beside Barrett, 2015).",Kay 2018,Kay & Ince (2018),Kay2018.pdf,S,completely supported,na,Kay and Ince state the MMI result for Gaussian systems only by citing Barrett (2015).,,"The passage shows it: they write that it was shown in their ref. [12], which is Barrett (2015). The sentence reports our check of 28 September, which the revision of 30 September 2026 keeps; since then the main text cites Kay and Ince for their own point instead, and the sentence the revision adds after it gives this check's counts.",,Kay2018.pdf p. 2; Kay2018.pdf p. 3,
182,102,S5 Text,S5 Text. Provenance and audit trail / 5. The reviews and audits,sentence,manuscript/si/S5_Text.md,27,"On 28 September 2026 every citation of the text at d108d66 was checked claim by claim against the cited work, by eight further sessions, one per group of works, and the planning session (`notes/review_2026-09-28/`): 271 claims, each with the passages of the work that bear on it and their pages; 194 supported, 59 supported with a qualification, 2 not supported (two table cells), 2 not checkable (Theiler et al., 1992) and 14 attributing no content to the work; in 252 the work states the point as its own and in one only by citing another (Kay & Ince, 2018, cited beside Barrett, 2015).",Barrett 2015,Barrett (2015),barrett2015.pdf,X,no claim about the work's content,na,,Barrett (2015) is named as the source that Kay and Ince cite.,,,,
183,103,S5 Text,S5 Text. Provenance and audit trail / 5. The reviews and audits,sentence,manuscript/si/S5_Text.md,27,"Each of the 759 passages taken from a PDF was found again, word for word, on its stated page by a script of the planning session, written separately from the seven group sessions that copied 639 of them; the other 120 (Luppi et al., 2024, 2026) the planning session cut from the page texts itself.",Luppi 2024,Luppi et al. (2024),Luppi2024.pdf,X,no claim about the work's content,na,,The sentence names the works whose passages the check cut out itself.,,,,
184,103,S5 Text,S5 Text. Provenance and audit trail / 5. The reviews and audits,sentence,manuscript/si/S5_Text.md,27,"Each of the 759 passages taken from a PDF was found again, word for word, on its stated page by a script of the planning session, written separately from the seven group sessions that copied 639 of them; the other 120 (Luppi et al., 2024, 2026) the planning session cut from the page texts itself.",Luppi 2026,Luppi et al. (2026),Luppi2026.pdf,X,no claim about the work's content,na,,The sentence names the works whose passages the check cut out itself.,,,,
185,104,S Tables,Supplementary tables / S5 Table. Exploratory receptor-map correlations,sentence,manuscript/supplementary.md,101,"Spearman ρ between the group-mean regional DiD map and receptor density on the 99 cortical parcels; two-sided spin p over 10,000 parcel rotations (the spin test of Alexander-Bloch et al., 2018, with the rotations of Váša et al., 2018, released with the data; Váša one-sided-average p in brackets); BH across the five maps: no map passes on either variant.",Alexander-Bloch 2018,Alexander-Bloch et al. (2018),AlexanderBloch2018.pdf,S,completely supported,part,The spin test: random rotations of the spherical cortical surface as a null for the correspondence of two maps.,,"The PDF is the PubMed Central author manuscript, so the journal's page numbers are not on it.","Partly. They present the rotation null as their framework, give it a statistical foundation and call the procedure a spin test (pp. 1, 3–4, 14), but say their work builds on earlier implementations of spatial permutation by Vandekar et al. (2015) and Gordon et al. (2016) (p. 3); Váša et al. (2018, p. 5) also credit Alexander-Bloch and colleagues' 2013 papers.",AlexanderBloch2018.pdf p. 1; AlexanderBloch2018.pdf p. 3; AlexanderBloch2018.pdf p. 5; AlexanderBloch2018.pdf p. 14,C171
186,104,S Tables,Supplementary tables / S5 Table. Exploratory receptor-map correlations,sentence,manuscript/supplementary.md,101,"Spearman ρ between the group-mean regional DiD map and receptor density on the 99 cortical parcels; two-sided spin p over 10,000 parcel rotations (the spin test of Alexander-Bloch et al., 2018, with the rotations of Váša et al., 2018, released with the data; Váša one-sided-average p in brackets); BH across the five maps: no map passes on either variant.",Váša 2018,Váša et al. (2018),Vasa2018.pdf,Q,"supported, with a difference",own,"The regional (parcel-level) spherical rotation test with 10,000 rotations, and the one-sided-average p named after Váša.","The rotation procedure is Váša et al.'s (p. 5; Supplementary Information, p. 7), but the paper does not define the bracketed p-value. Its main text and Supplementary Information build the null by rotating only one of the two maps and correlating it with the other (p. 5; SI p. 7); neither says whether the p-value is one- or two-sided, and neither mentions averaging. Permuting each map in turn (with permutations precomputed from rotations), taking each one-sided p in the direction of the empirical correlation's sign and averaging the two is what the function in the data release does (perm_sphere_p_al857.m, lines 2–4 and 48–58). 'Váša one-sided-average p' therefore names that function, not a method stated in the paper; naming the function would make the sentence exact. The released rotations themselves are not in the paper (see the main-text sentence on the spin test).",,"The regional implementation is their own; they present it as the regional analogue of tests implemented before at the vertex level (Alexander-Bloch et al. 2013; Vandekar et al. 2015; p. 5). The function gives František Váša as its author, June 2017 to June 2018 (line 15), a span that runs past the paper's Advance Access publication (27 October 2017, p. 1). 'al857', Andrea Luppi's Cambridge address (Luppi et al. 2025, p. 1), marks the copy in the data release, whose comment says it also returns the null distributions and is otherwise identical (line 17).","Vasa2018.pdf p. 5 (printed 285); Vasa2018_SI.pdf p. 7; the data release, fxns/SpinTests/perm_sphere_p_al857.m lines 1, 2, 3, 4, 15, 17, 48, 49, 50, 51, 52, 53, 54, 55, 57, 58; the data release's fxns/SpinTests/ folder (its files)",C172
187,105,S Tables,"Supplementary tables / S19 Table. Every prediction recorded before a computation, with its outcome, and the post hoc computations the paper quotes / Part A. Recorded predictions and their outcomes","table cell (row: B25 (d), the CCS quantities and Luppi et al. (2023)'s emergence capacity)",manuscript/supplementary.md,1634,"At (0.85, 0.25): CCS-sts −0.0456 (published mask), CCS emergence capacity +0.0400, Luppi et al. (2023)'s +0.0397, its ∂/∂r₁ = +0.124 and ∂/∂q = +0.142",Luppi 2023,Luppi et al. (2023),Luppi2023.pdf,S,completely supported,own,The quantity is Luppi et al.'s emergence capacity (as we read their Methods); the numbers are ours.,,,,Luppi2023.pdf p. 3; Luppi2023.pdf p. 12,
188,106,S Tables,"Supplementary tables / S20 Table. The applicability table: the published empirical fMRI ΦID studies, their data and methods, and the scope map's reading of each, with the inputs of that reading / Table A. Studies","S20 Table A, row 1, column 'study'",manuscript/supplementary.md,1663,"Luppi et al. 2022, *Nat Neurosci* 25:771 (""A synergistic core for human brain evolution and cognition"")",Luppi 2022,Luppi et al. (2022),Luppi2022.pdf,S,completely supported,own,The facts in this cell.,,,,Luppi2022.pdf p. 1 (printed 771),C173
189,107,S Tables,"Supplementary tables / S20 Table. The applicability table: the published empirical fMRI ΦID studies, their data and methods, and the scope map's reading of each, with the inputs of that reading / Table A. Studies","S20 Table A, row 1, column 'data (N, TR)'",manuscript/supplementary.md,1663,"100 HCP unrelated participants, first session (LR), TR 720 ms, 15 min, first ten volumes removed, 3 T (pp. 13, 36); plus a macaque dataset: 19 sessions from 10 awake macaques, TR 2,600 ms, 4.7 T, 21.6 min, RM-82 atlas, band 0.0025–0.05 Hz, not deconvolved (pp. 13–14, 16)",Luppi 2022,Luppi et al. (2022),Luppi2022.pdf,S,completely supported,own,The facts in this cell.,,,,Luppi2022.pdf p. 13; Luppi2022.pdf p. 36; Luppi2022.pdf p. 14; Luppi2022.pdf p. 16,C174
190,108,S Tables,"Supplementary tables / S20 Table. The applicability table: the published empirical fMRI ΦID studies, their data and methods, and the scope map's reading of each, with the inputs of that reading / Table A. Studies","S20 Table A, row 1, column 'parcellation'",manuscript/supplementary.md,1663,"232 = Schaefer-200 + 32 subcortical (p. 14); DK-68 for PET, DK-114 for HAR genes and cortical expansion, DK-308 for AIBS genes and Von Economo classes, Lausanne-83 for the species comparison (pp. 14, 16–17); also HCP-MMP-360 for wiring distance (p. 14), a Brodmann parcellation for the glycolytic index (p. 16), 39 autoradiography areas for receptor diversity (p. 18) and Lausanne-129 for robustness (p. 23) — no ""DK-66"" in the paper",Luppi 2022,Luppi et al. (2022),Luppi2022.pdf,S,completely supported,own,The facts in this cell.,,The list now includes every human parcellation the paper uses; the macaque 82-region atlas is given in the data cell.,,Luppi2022.pdf p. 14; Luppi2022.pdf p. 17; Luppi2022.pdf p. 16; Luppi2022.pdf p. 38,C175
191,109,S Tables,"Supplementary tables / S20 Table. The applicability table: the published empirical fMRI ΦID studies, their data and methods, and the scope map's reading of each, with the inputs of that reading / Table A. Studies","S20 Table A, row 1, column 'preprocessing (band-pass; nuisance; HRF deconvolution)'",manuscript/supplementary.md,1663,"0.008–0.09 Hz (p. 13); GSR not mentioned; aCompCor 5 + 5, six motion parameters + derivatives, CONN, no volume censoring (pp. 13, 37); **HRF-deconvolved BOLD** primary, rsHRF v2.2, Wu et al. 2013 (pp. 13, 18); replicated without deconvolution in Extended Data Fig. 2c (pp. 3, 23; ""negligible effects"", p. 16)",Luppi 2022,Luppi et al. (2022),Luppi2022.pdf,S,completely supported,own,The facts in this cell.,,,,Luppi2022.pdf p. 13; Luppi2022.pdf p. 37; Luppi2022.pdf p. 14; Luppi2022.pdf p. 18; Luppi2022.pdf p. 33; Luppi2022.pdf p. 3 (printed 773); Luppi2022.pdf p. 23; Luppi2022.pdf p. 16,C176
192,110,S Tables,"Supplementary tables / S20 Table. The applicability table: the published empirical fMRI ΦID studies, their data and methods, and the scope map's reading of each, with the inputs of that reading / Table A. Studies","S20 Table A, row 1, column 'quantity reported'",manuscript/supplementary.md,1663,"per-region synergy and redundancy; redundancy-to-synergy rank gradient; ""synergistic core""",Luppi 2022,Luppi et al. (2022),Luppi2022.pdf,S,completely supported,own,The facts in this cell.,,,,Luppi2022.pdf p. 2 (printed 772); Luppi2022.pdf p. 14; Luppi2022.pdf p. 1 (printed 771); Luppi2022.pdf p. 11 (printed 781),C177
193,111,S Tables,"Supplementary tables / S20 Table. The applicability table: the published empirical fMRI ΦID studies, their data and methods, and the scope map's reading of each, with the inputs of that reading / Table A. Studies","S20 Table A, row 1, column 'redundancy function / estimator / lag'",manuscript/supplementary.md,1663,"MMI, Gaussian (p. 14); lag written as the symbol τ only",Luppi 2022,Luppi et al. (2022),Luppi2022.pdf,S,completely supported,own,The facts in this cell.,,,,Luppi2022.pdf p. 14,C178
194,112,S Tables,"Supplementary tables / S20 Table. The applicability table: the published empirical fMRI ΦID studies, their data and methods, and the scope map's reading of each, with the inputs of that reading / Table A. Studies","S20 Table A, row 1, column 'autocorrelation addressed?'",manuscript/supplementary.md,1663,"yes, in part: phase-randomised surrogates that keep each region's autocorrelation and remove the correlations between regions, recomputed into a surrogate gradient and tested against the macroscale maps (p. 18; Table 1, p. 10)",Luppi 2022,Luppi et al. (2022),Luppi2022.pdf,S,completely supported,own,The facts in this cell.,,"'Yes, in part' is our assessment; the surrogate test is the third of the paper's three (p. 18).",,Luppi2022.pdf p. 18; Luppi2022.pdf p. 10 (printed 780),C179
195,113,S Tables,"Supplementary tables / S20 Table. The applicability table: the published empirical fMRI ΦID studies, their data and methods, and the scope map's reading of each, with the inputs of that reading / Table A. Studies","S20 Table A, row 1, column 'reported effect'",manuscript/supplementary.md,1663,"regional gradient: synergy-dominated association cortex vs redundancy-dominated sensory/motor cortex; synergy a higher proportion of total information in humans than in macaques, redundancy equal (gradient p. 2 and Fig. 2, p. 4; species p. 6)",Luppi 2022,Luppi et al. (2022),Luppi2022.pdf,S,completely supported,own,The facts in this cell.,,,,Luppi2022.pdf p. 2 (printed 772); Luppi2022.pdf p. 6 (printed 776); Luppi2022.pdf p. 7 (printed 777); Luppi2022.pdf p. 28,C180
196,114,S Tables,"Supplementary tables / S20 Table. The applicability table: the published empirical fMRI ΦID studies, their data and methods, and the scope map's reading of each, with the inputs of that reading / Table A. Studies","S20 Table A, row 1, column 'scope-map reading (see Table B for the inputs)'",manuscript/supplementary.md,1663,"Outside the pre-specified TR range (0.72 s) and deconvolved in the primary analysis; listed as the source study. At the operating point of its stated band and TR (0.008–0.09 Hz at 0.72 s: ideal-band-pass r₁ ≈ 0.97) the map gives ∂sts/∂r₁ = 32.8 against ∂rtr/∂r₁ = 0.06 (Table B item 1), so a regional gradient of BOLD lag-1 autocorrelation would produce a synergy-minus-redundancy gradient of the same spatial form. The study's own phase-randomised surrogate is the one test of that exposure in this table: on the family it sits on the q = 0 line, where sts = 2 min(S_x, S_y) and rtr = 0, so the surrogate gradient is, up to noise, the regional r₁ gradient; its correlations with the macroscale maps were 0.09, 0.01, 0.17, 0.21, 0.26 and −0.16 (only glycolytic index, ρ = 0.26, spin p = 0.028, significant) against 0.40, 0.48, 0.22, 0.28, 0.40 and 0.54 for the observed gradient (Table 1, p. 10). That argues against the exposure for those macroscale associations on that dataset; the correlation of the observed gradient with regional r₁, which this repository measures on its own data (+0.792 for sts − rtr), is not reported there. Whether the gradient coincides with the fMRI timescale hierarchy (Raut et al. 2020, read: intrinsic timescales lengthen from unimodal to transmodal cortex, p. 20891) is not tested in either paper.",Luppi 2022,Luppi et al. (2022),Luppi2022.pdf,S,completely supported,own,"The facts about the study in this reading: TR 0.72 s, the band, deconvolution in the primary analysis; its phase-randomised surrogate (autocorrelation kept, inter-regional correlation removed, p. 18) and the surrogate's six correlations, only the glycolytic index significant, against those of the observed gradient (Table 1, p. 10); and two absences: no correlation of the gradient with regional autocorrelation is reported, and no comparison with a timescale hierarchy is made.",,"The reading itself (r₁ 0.97, the derivatives, the q = 0 argument, +0.792) is ours.",,Luppi2022.pdf p. 13; Luppi2022.pdf p. 14; Luppi2022.pdf p. 18; Luppi2022.pdf p. 10 (printed 780),C181
x196,114,S Tables,"Supplementary tables / S20 Table. The applicability table: the published empirical fMRI ΦID studies, their data and methods, and the scope map's reading of each, with the inputs of that reading / Table A. Studies","S20 Table A, row 1, column 'scope-map reading (see Table B for the inputs)'",manuscript/supplementary.md,1663,"Outside the pre-specified TR range (0.72 s) and deconvolved in the primary analysis; listed as the source study. At the operating point of its stated band and TR (0.008–0.09 Hz at 0.72 s: ideal-band-pass r₁ ≈ 0.97) the map gives ∂sts/∂r₁ = 32.8 against ∂rtr/∂r₁ = 0.06 (Table B item 1), so a regional gradient of BOLD lag-1 autocorrelation would produce a synergy-minus-redundancy gradient of the same spatial form. The study's own phase-randomised surrogate is the one test of that exposure in this table: on the family it sits on the q = 0 line, where sts = 2 min(S_x, S_y) and rtr = 0, so the surrogate gradient is, up to noise, the regional r₁ gradient; its correlations with the macroscale maps were 0.09, 0.01, 0.17, 0.21, 0.26 and −0.16 (only glycolytic index, ρ = 0.26, spin p = 0.028, significant) against 0.40, 0.48, 0.22, 0.28, 0.40 and 0.54 for the observed gradient (Table 1, p. 10). That argues against the exposure for those macroscale associations on that dataset; the correlation of the observed gradient with regional r₁, which this repository measures on its own data (+0.792 for sts − rtr), is not reported there. Whether the gradient coincides with the fMRI timescale hierarchy (Raut et al. 2020, read: intrinsic timescales lengthen from unimodal to transmodal cortex, p. 20891) is not tested in either paper.",Raut 2020,Raut et al. (2020),Raut2020.pdf,Q,"supported, with a difference",own,Intrinsic timescales lengthen from unimodal to transmodal cortex.,"The content is on PDF page 2, whose printed page is 20891, the number the cell gives; S20 Table otherwise gives PDF page positions.",,,Raut2020.pdf p. 2 (printed 20891),
197,115,S Tables,"Supplementary tables / S20 Table. The applicability table: the published empirical fMRI ΦID studies, their data and methods, and the scope map's reading of each, with the inputs of that reading / Table A. Studies","S20 Table A, row 2, column 'study'",manuscript/supplementary.md,1664,"Luppi et al. 2023, *NeuroImage* 269:119926 (""Reduced emergent character of neural dynamics in patients with a disrupted connectome"")",Luppi 2023,Luppi et al. (2023),Luppi2023.pdf,S,completely supported,own,The facts in this cell.,,,,Luppi2023.pdf p. 1,C182
198,116,S Tables,"Supplementary tables / S20 Table. The applicability table: the published empirical fMRI ΦID studies, their data and methods, and the scope map's reading of each, with the inputs of that reading / Table A. Studies","S20 Table A, row 2, column 'data (N, TR)'",manuscript/supplementary.md,1664,"Results: 21 DoC patients (10 UWS, 11 MCS) + 18 controls (p. 2); Methods: 22 included (10 UWS, 12 MCS), one with functional data only (p. 10) — an internal inconsistency of the paper, noted, not resolved here; patients 300 volumes (10 min), controls 160 (5:20 min), TR 2,000 ms, Siemens Trio 3 T (p. 10)",Luppi 2023,Luppi et al. (2023),Luppi2023.pdf,S,completely supported,own,The facts in this cell.,,"The inconsistency the cell flags is real: 21 patients in the Results (p. 2), 22 in the Methods (p. 10).",,Luppi2023.pdf p. 2; Luppi2023.pdf p. 10; Luppi2023.pdf p. 3,C183
199,117,S Tables,"Supplementary tables / S20 Table. The applicability table: the published empirical fMRI ΦID studies, their data and methods, and the scope map's reading of each, with the inputs of that reading / Table A. Studies","S20 Table A, row 2, column 'parcellation'",manuscript/supplementary.md,1664,Lausanne 234 (replication 129),Luppi 2023,Luppi et al. (2023),Luppi2023.pdf,S,completely supported,own,The facts in this cell.,,,,Luppi2023.pdf p. 11; Luppi2023.pdf p. 4,C184
200,118,S Tables,"Supplementary tables / S20 Table. The applicability table: the published empirical fMRI ΦID studies, their data and methods, and the scope map's reading of each, with the inputs of that reading / Table A. Studies","S20 Table A, row 2, column 'preprocessing (band-pass; nuisance; HRF deconvolution)'",manuscript/supplementary.md,1664,"0.008–0.09 Hz; aCompCor, no GSR (""we decided to avoid GSR""); despiking, ART outliers and scrubbing; the ""main effect of scanning condition"" regressed (pp. 10–11); **HRF deconvolved**, Wu et al. 2013 toolbox (p. 12)",Luppi 2023,Luppi et al. (2023),Luppi2023.pdf,S,completely supported,own,The facts in this cell.,,,,Luppi2023.pdf p. 10; Luppi2023.pdf p. 11; Luppi2023.pdf p. 12,C185
201,119,S Tables,"Supplementary tables / S20 Table. The applicability table: the published empirical fMRI ΦID studies, their data and methods, and the scope map's reading of each, with the inputs of that reading / Table A. Studies","S20 Table A, row 2, column 'quantity reported'",manuscript/supplementary.md,1664,"""global emergence capacity"" (mean pairwise ΦID-derived emergence)",Luppi 2023,Luppi et al. (2023),Luppi2023.pdf,S,completely supported,own,The facts in this cell.,,,,Luppi2023.pdf p. 3,C186
202,120,S Tables,"Supplementary tables / S20 Table. The applicability table: the published empirical fMRI ΦID studies, their data and methods, and the scope map's reading of each, with the inputs of that reading / Table A. Studies","S20 Table A, row 2, column 'redundancy function / estimator / lag'",manuscript/supplementary.md,1664,"primary **CCS plug-in on mean-binarised signals** (p. 12); two separate validations, one with the Gaussian JIDT solver on the continuous signals and one with MMI (p. 12); lag 1 TR (2 s); at 4 TRs ""no significant difference was observed"" (p. 3)",Luppi 2023,Luppi et al. (2023),Luppi2023.pdf,S,completely supported,own,The facts in this cell.,,The cell writes 'no significant difference was observed' in lower case; the paper's sentence starts with 'No'.,,Luppi2023.pdf p. 12; Luppi2023.pdf p. 3; Luppi2023.pdf p. 8,C187
203,121,S Tables,"Supplementary tables / S20 Table. The applicability table: the published empirical fMRI ΦID studies, their data and methods, and the scope map's reading of each, with the inputs of that reading / Table A. Studies","S20 Table A, row 2, column 'autocorrelation addressed?'",manuscript/supplementary.md,1664,"no; the dependence of the result on the timescale is discussed (pp. 3, 8: ""our results about emergence capacity depend on the timescale"")",Luppi 2023,Luppi et al. (2023),Luppi2023.pdf,S,completely supported,own,The facts in this cell.,,'No' is an absence: autocorrelation is not mentioned.,,Luppi2023.pdf p. 3; Luppi2023.pdf p. 8,C188
204,122,S Tables,"Supplementary tables / S20 Table. The applicability table: the published empirical fMRI ΦID studies, their data and methods, and the scope map's reading of each, with the inputs of that reading / Table A. Studies","S20 Table A, row 2, column 'reported effect'",manuscript/supplementary.md,1664,emergence capacity lower in MCS and UWS than in controls,Luppi 2023,Luppi et al. (2023),Luppi2023.pdf,S,completely supported,own,The facts in this cell.,,,,Luppi2023.pdf p. 3,C189
205,123,S Tables,"Supplementary tables / S20 Table. The applicability table: the published empirical fMRI ΦID studies, their data and methods, and the scope map's reading of each, with the inputs of that reading / Table A. Studies","S20 Table A, row 2, column 'scope-map reading (see Table B for the inputs)'",manuscript/supplementary.md,1664,"Primary quantity is discrete CCS on binarised data: outside the map, which is Gaussian-MMI (the CCS comparison (S3 Text §2) evaluated Gaussian CCS on continuous data, not this estimator). On the symmetric family this estimator, as we read it (Ince's CCS on mean-binarised signals, the joint future as one target), gives an emergence capacity of +0.0397 nats at (r₁, q) = (0.85, 0.25), which rises with r₁ at every step at each q, with ∂/∂r₁ = +0.124 against ∂/∂q = +0.142 (S3 Text §11). The Gaussian and the MMI validations are inside the map if each used both the Gaussian estimator and MMI, which the paper does not state. Lag-1 autocorrelation is reduced in DoC (Huang et al. 2018, Table B item 3), which on the map lowers MMI sts and the Gaussian-MMI emergence capacity (on the symmetric family S, a function of r₁ alone; Table B item 1). Deconvolved (Table B item 4).",Luppi 2023,Luppi et al. (2023),Luppi2023.pdf,S,completely supported,own,"The facts about the study in this reading: primary CCS on binarised data, a Gaussian and an MMI validation, and deconvolution.",,"The rest is our reading. The paper does not say which redundancy function its Gaussian validation used, or which estimator its MMI validation used, which the cell now says.",,Luppi2023.pdf p. 12; Luppi2023.pdf p. 3,C190
x205,123,S Tables,"Supplementary tables / S20 Table. The applicability table: the published empirical fMRI ΦID studies, their data and methods, and the scope map's reading of each, with the inputs of that reading / Table A. Studies","S20 Table A, row 2, column 'scope-map reading (see Table B for the inputs)'",manuscript/supplementary.md,1664,"Primary quantity is discrete CCS on binarised data: outside the map, which is Gaussian-MMI (the CCS comparison (S3 Text §2) evaluated Gaussian CCS on continuous data, not this estimator). On the symmetric family this estimator, as we read it (Ince's CCS on mean-binarised signals, the joint future as one target), gives an emergence capacity of +0.0397 nats at (r₁, q) = (0.85, 0.25), which rises with r₁ at every step at each q, with ∂/∂r₁ = +0.124 against ∂/∂q = +0.142 (S3 Text §11). The Gaussian and the MMI validations are inside the map if each used both the Gaussian estimator and MMI, which the paper does not state. Lag-1 autocorrelation is reduced in DoC (Huang et al. 2018, Table B item 3), which on the map lowers MMI sts and the Gaussian-MMI emergence capacity (on the symmetric family S, a function of r₁ alone; Table B item 1). Deconvolved (Table B item 4).",Huang 2018,Huang et al. (2018),Huang2018.pdf,S,completely supported,own,Lag-1 autocorrelation is reduced in disorders of consciousness.,,,,Huang2018.pdf p. 1 (printed 2304); Huang2018.pdf p. 8 (printed 2311),
206,124,S Tables,"Supplementary tables / S20 Table. The applicability table: the published empirical fMRI ΦID studies, their data and methods, and the scope map's reading of each, with the inputs of that reading / Table A. Studies","S20 Table A, row 3, column 'study'",manuscript/supplementary.md,1665,"Luppi et al. 2024, *eLife* 12:RP88173 (""A synergistic workspace for human consciousness revealed by Integrated Information Decomposition"")",Luppi 2024,Luppi et al. (2024),Luppi2024.pdf,S,completely supported,own,The facts in this cell.,,"The PDF's footer cites the article as eLife 2023;12:RP88173; 2024 is the year of its Version of Record (18 July 2024), which our reference list uses.",,Luppi2024.pdf p. 1,C191
207,125,S Tables,"Supplementary tables / S20 Table. The applicability table: the published empirical fMRI ΦID studies, their data and methods, and the scope map's reading of each, with the inputs of that reading / Table A. Studies","S20 Table A, row 3, column 'data (N, TR)'",manuscript/supplementary.md,1665,"100 HCP (TR not stated in this paper); propofol: N = 15 in the Introduction and Results (pp. 4, 8) but ""n=16 for analysis"" in Methods (p. 15) — noted; target Ramsay 5, effect-site concentration from 0.6 µg/mL in 0.3 µg/mL steps, mean 2.48 (1.82–3.14) µg/mL (p. 16); TR 2,000 ms, 256 volumes, 8 min, 3 T Tim Trio (p. 16); DoC 22, TR 2,000 ms, 300 volumes, Trio 3 T (p. 17)",Luppi 2024,Luppi et al. (2024),Luppi2024.pdf,S,completely supported,own,The facts in this cell.,,,,Luppi2024.pdf p. 6; Luppi2024.pdf p. 4; Luppi2024.pdf p. 8; Luppi2024.pdf p. 15; Luppi2024.pdf p. 16; Luppi2024.pdf p. 17,C192
208,126,S Tables,"Supplementary tables / S20 Table. The applicability table: the published empirical fMRI ΦID studies, their data and methods, and the scope map's reading of each, with the inputs of that reading / Table A. Studies","S20 Table A, row 3, column 'parcellation'",manuscript/supplementary.md,1665,454 (Schaefer + Tian); alternative Schaefer-200 + Tian-32,Luppi 2024,Luppi et al. (2024),Luppi2024.pdf,S,completely supported,own,The facts in this cell.,,,,Luppi2024.pdf p. 18,C193
209,127,S Tables,"Supplementary tables / S20 Table. The applicability table: the published empirical fMRI ΦID studies, their data and methods, and the scope map's reading of each, with the inputs of that reading / Table A. Studies","S20 Table A, row 3, column 'preprocessing (band-pass; nuisance; HRF deconvolution)'",manuscript/supplementary.md,1665,"0.008–0.09 Hz; GSR explicitly avoided (""here we chose to avoid GSR in favour of the aCompCor denoising procedure"", p. 18); **HRF deconvolved**, Wu et al. 2013, rsHRF v2.2 (pp. 18, 23)",Luppi 2024,Luppi et al. (2024),Luppi2024.pdf,S,completely supported,own,The facts in this cell.,,,,Luppi2024.pdf p. 18; Luppi2024.pdf p. 23,C194
210,128,S Tables,"Supplementary tables / S20 Table. The applicability table: the published empirical fMRI ΦID studies, their data and methods, and the scope map's reading of each, with the inputs of that reading / Table A. Studies","S20 Table A, row 3, column 'quantity reported'",manuscript/supplementary.md,1665,synergistic workspace (gateways / broadcasters) from HCP synergy; ΦR contrasted conscious vs unconscious,Luppi 2024,Luppi et al. (2024),Luppi2024.pdf,S,completely supported,own,The facts in this cell.,,,,Luppi2024.pdf p. 6; Luppi2024.pdf p. 7; Luppi2024.pdf p. 8,C195
211,129,S Tables,"Supplementary tables / S20 Table. The applicability table: the published empirical fMRI ΦID studies, their data and methods, and the scope map's reading of each, with the inputs of that reading / Table A. Studies","S20 Table A, row 3, column 'redundancy function / estimator / lag'",manuscript/supplementary.md,1665,"MMI-ΦID with the Gaussian JIDT solver, Eqs. 4–5 (pp. 19–20); lag written as the symbol only",Luppi 2024,Luppi et al. (2024),Luppi2024.pdf,S,completely supported,own,The facts in this cell.,,,,Luppi2024.pdf p. 19; Luppi2024.pdf p. 20,C196
212,130,S Tables,"Supplementary tables / S20 Table. The applicability table: the published empirical fMRI ΦID studies, their data and methods, and the scope map's reading of each, with the inputs of that reading / Table A. Studies","S20 Table A, row 3, column 'autocorrelation addressed?'",manuscript/supplementary.md,1665,no,Luppi 2024,Luppi et al. (2024),Luppi2024.pdf,S,completely supported,na,The facts in this cell.,,"'No' is an absence for temporal autocorrelation (the column's heading); the paper handles only spatial autocorrelation, with spin tests (p. 22).",,Luppi2024.pdf p. 22,C197
213,131,S Tables,"Supplementary tables / S20 Table. The applicability table: the published empirical fMRI ΦID studies, their data and methods, and the scope map's reading of each, with the inputs of that reading / Table A. Studies","S20 Table A, row 3, column 'reported effect'",manuscript/supplementary.md,1665,ΦR decreases in gateway (DMN) regions on loss of consciousness; increases in broadcasters less robust,Luppi 2024,Luppi et al. (2024),Luppi2024.pdf,S,completely supported,own,The facts in this cell.,,,,Luppi2024.pdf p. 10; Luppi2024.pdf p. 13,C198
214,132,S Tables,"Supplementary tables / S20 Table. The applicability table: the published empirical fMRI ΦID studies, their data and methods, and the scope map's reading of each, with the inputs of that reading / Table A. Studies","S20 Table A, row 3, column 'scope-map reading (see Table B for the inputs)'",manuscript/supplementary.md,1665,"Contrasted quantity is ΦR, not sts; the synergy by whose rank the workspace is defined, which the study calls the persistent synergy (p. 6) but writes as the whole-minus-max synergy of Eq. 5, is on the symmetric family S, a function of r₁ alone, as Eq. 5 writes it (str + stx + sty + sts; Table B item 1), and 2S − C, which depends on q as well, if it is sts. On the symmetric AR(1) family ΦR ≡ rtr = −½ ln(1 − r₁² q²) exactly (Table B item 1): it falls with a fall in r₁ or in \|q\|, with ∂ΦR/∂q = 0.19 against ∂ΦR/∂r₁ = 0.06 at the operating point. The r₁-dominance result for sts does not carry over to ΦR; a ΦR decrease is what a fall in r₁ q predicts through either factor. Propofol at Ramsay 5 is deep sedation; Huang et al. 2018 report AC1 up in light and deep sedation and down in deep anaesthesia (Table B item 3), so the direction of r₁ under this regime is not determined here. Operating point of the propofol and DoC data (0.008–0.09 Hz at 2 s): ideal-band-pass r₁ 0.78. Deconvolved.",Luppi 2024,Luppi et al. (2024),Luppi2024.pdf,S,completely supported,own,The facts about the study in this reading: the contrasted quantity is ΦR; the synergy is called persistent synergy (p. 6) but written as Eq. 5; propofol at Ramsay 5; the band and TR; deconvolution.,,"The derivatives, the operating point and the reading are ours.",,Luppi2024.pdf p. 8; Luppi2024.pdf p. 15; Luppi2024.pdf p. 16; Luppi2024.pdf p. 18; Luppi2024.pdf p. 17,C199
x214,132,S Tables,"Supplementary tables / S20 Table. The applicability table: the published empirical fMRI ΦID studies, their data and methods, and the scope map's reading of each, with the inputs of that reading / Table A. Studies","S20 Table A, row 3, column 'scope-map reading (see Table B for the inputs)'",manuscript/supplementary.md,1665,"Contrasted quantity is ΦR, not sts; the synergy by whose rank the workspace is defined, which the study calls the persistent synergy (p. 6) but writes as the whole-minus-max synergy of Eq. 5, is on the symmetric family S, a function of r₁ alone, as Eq. 5 writes it (str + stx + sty + sts; Table B item 1), and 2S − C, which depends on q as well, if it is sts. On the symmetric AR(1) family ΦR ≡ rtr = −½ ln(1 − r₁² q²) exactly (Table B item 1): it falls with a fall in r₁ or in \|q\|, with ∂ΦR/∂q = 0.19 against ∂ΦR/∂r₁ = 0.06 at the operating point. The r₁-dominance result for sts does not carry over to ΦR; a ΦR decrease is what a fall in r₁ q predicts through either factor. Propofol at Ramsay 5 is deep sedation; Huang et al. 2018 report AC1 up in light and deep sedation and down in deep anaesthesia (Table B item 3), so the direction of r₁ under this regime is not determined here. Operating point of the propofol and DoC data (0.008–0.09 Hz at 2 s): ideal-band-pass r₁ 0.78. Deconvolved.",Huang 2018,Huang et al. (2018),Huang2018.pdf,S,completely supported,own,Lag-1 autocorrelation rises in light and deep sedation and falls in deep anaesthesia.,,,,Huang2018.pdf p. 1 (printed 2304); Huang2018.pdf p. 4 (printed 2307),
215,133,S Tables,"Supplementary tables / S20 Table. The applicability table: the published empirical fMRI ΦID studies, their data and methods, and the scope map's reading of each, with the inputs of that reading / Table A. Studies","S20 Table A, row 4, column 'study'",manuscript/supplementary.md,1666,"Gatica et al. 2024, *Network Neurosci* 8(4):1032 (""Transcranial ultrasound stimulation effect in the redundant and synergistic networks consistent across macaques"")",Gatica 2024,Gatica et al. (2024),Gatica2024.pdf,S,completely supported,own,The facts in this cell.,,,,Gatica2024.pdf p. 1 (printed 1032),C200
216,134,S Tables,"Supplementary tables / S20 Table. The applicability table: the published empirical fMRI ΦID studies, their data and methods, and the scope map's reading of each, with the inputs of that reading / Table A. Studies","S20 Table A, row 4, column 'data (N, TR)'",manuscript/supplementary.md,1666,"3 macaques under isoflurane; 3 runs × ~26 min × 800 volumes per run, TR 2 s, 3 T (pp. 12–13); TUS to SMA and FPC",Gatica 2024,Gatica et al. (2024),Gatica2024.pdf,S,completely supported,own,The facts in this cell.,,,,Gatica2024.pdf p. 12 (printed 1043); Gatica2024.pdf p. 13 (printed 1044),C201
217,135,S Tables,"Supplementary tables / S20 Table. The applicability table: the published empirical fMRI ΦID studies, their data and methods, and the scope map's reading of each, with the inputs of that reading / Table A. Studies","S20 Table A, row 4, column 'parcellation'",manuscript/supplementary.md,1666,"CHARM + SARM level 3, 140 regions",Gatica 2024,Gatica et al. (2024),Gatica2024.pdf,S,completely supported,own,The facts in this cell.,,,,Gatica2024.pdf p. 13 (printed 1044),C202
218,136,S Tables,"Supplementary tables / S20 Table. The applicability table: the published empirical fMRI ΦID studies, their data and methods, and the scope map's reading of each, with the inputs of that reading / Table A. Studies","S20 Table A, row 4, column 'preprocessing (band-pass; nuisance; HRF deconvolution)'",manuscript/supplementary.md,1666,"0.0025–0.05 Hz; despiking, slice-time and motion correction (p. 13); GSR not mentioned; **no deconvolution mentioned**",Gatica 2024,Gatica et al. (2024),Gatica2024.pdf,S,completely supported,own,The facts in this cell.,,,,Gatica2024.pdf p. 13 (printed 1044),C203
219,137,S Tables,"Supplementary tables / S20 Table. The applicability table: the published empirical fMRI ΦID studies, their data and methods, and the scope map's reading of each, with the inputs of that reading / Table A. Studies","S20 Table A, row 4, column 'quantity reported'",manuscript/supplementary.md,1666,"persistent synergy and persistent redundancy in sliding windows (""500-time points per window with 99% overlap, resulting in 60 windows"", p. 14, but ""60 sliding windows of 500 s"" in the Fig. 2 legend, p. 4 — noted); synergy-minus-redundancy rank gradient",Gatica 2024,Gatica et al. (2024),Gatica2024.pdf,S,completely supported,own,The facts in this cell.,,"The inconsistency the cell flags is real: 500 volumes at TR 2 s last 1,000 s, not 500 s.",,Gatica2024.pdf p. 14 (printed 1045); Gatica2024.pdf p. 4 (printed 1035),C204
220,138,S Tables,"Supplementary tables / S20 Table. The applicability table: the published empirical fMRI ΦID studies, their data and methods, and the scope map's reading of each, with the inputs of that reading / Table A. Studies","S20 Table A, row 4, column 'redundancy function / estimator / lag'",manuscript/supplementary.md,1666,"Gaussian MMI solver, the MATLAB code of Luppi et al. 2022 (pp. 13, 15); τ not stated; stated limitation: ""we relied on the minimum mutual information (MMI) redundancy function, and there are other definitions that should be explored"" (p. 11)",Gatica 2024,Gatica et al. (2024),Gatica2024.pdf,S,completely supported,own,The facts in this cell.,,,,Gatica2024.pdf p. 13 (printed 1044); Gatica2024.pdf p. 15 (printed 1046); Gatica2024.pdf p. 14 (printed 1045); Gatica2024.pdf p. 11 (printed 1042),C205
221,139,S Tables,"Supplementary tables / S20 Table. The applicability table: the published empirical fMRI ΦID studies, their data and methods, and the scope map's reading of each, with the inputs of that reading / Table A. Studies","S20 Table A, row 4, column 'autocorrelation addressed?'",manuscript/supplementary.md,1666,no,Gatica 2024,Gatica et al. (2024),Gatica2024.pdf,S,completely supported,na,The facts in this cell.,,"'No' is an absence: autocorrelation, prewhitening and surrogates do not appear.",,Gatica2024.pdf p. 14 (printed 1045); Gatica2024.pdf p. 15 (printed 1046),C206
222,140,S Tables,"Supplementary tables / S20 Table. The applicability table: the published empirical fMRI ΦID studies, their data and methods, and the scope map's reading of each, with the inputs of that reading / Table A. Studies","S20 Table A, row 4, column 'reported effect'",manuscript/supplementary.md,1666,"target-specific changes of the synergy-minus-redundancy gradient (limbic for FPC-TUS, motor for SMA-TUS); common effects in sensorimotor, temporal, frontal networks",Gatica 2024,Gatica et al. (2024),Gatica2024.pdf,S,completely supported,own,The facts in this cell.,,,,Gatica2024.pdf p. 1 (printed 1032); Gatica2024.pdf p. 9 (printed 1040),C207
223,141,S Tables,"Supplementary tables / S20 Table. The applicability table: the published empirical fMRI ΦID studies, their data and methods, and the scope map's reading of each, with the inputs of that reading / Table A. Studies","S20 Table A, row 4, column 'scope-map reading (see Table B for the inputs)'",manuscript/supplementary.md,1666,"Within scope: no deconvolution mentioned, TR 2 s, windowed estimation, ideal-band-pass r₁ 0.93 (Table B item 2). A TUS-induced change of regional r₁ would move regional sts in the same direction with rtr nearly unchanged, i.e. a gradient change of the reported kind; direction of r₁ change under TUS not determined here.",Gatica 2024,Gatica et al. (2024),Gatica2024.pdf,S,completely supported,own,"The facts about the study in this reading: no deconvolution mentioned, TR 2 s, sliding windows, the band, and a reported gradient change.",,The r₁ of 0.93 and the reading are ours.,,Gatica2024.pdf p. 13 (printed 1044); Gatica2024.pdf p. 14 (printed 1045); Gatica2024.pdf p. 1 (printed 1032),C208
224,142,S Tables,"Supplementary tables / S20 Table. The applicability table: the published empirical fMRI ΦID studies, their data and methods, and the scope map's reading of each, with the inputs of that reading / Table A. Studies","S20 Table A, row 5, column 'study'",manuscript/supplementary.md,1667,"Luppi et al. 2026, *Nat Hum Behav* 10:777 (""Convergent transcriptomic and connectomic controllers of information integration and its anaesthetic breakdown across mammalian brains"")",Luppi 2026,Luppi et al. (2026),Luppi2026.pdf,S,completely supported,own,The facts in this cell.,,,,Luppi2026.pdf p. 1; Luppi2026.pdf p. 2 (printed 778),C209
225,143,S Tables,"Supplementary tables / S20 Table. The applicability table: the published empirical fMRI ΦID studies, their data and methods, and the scope map's reading of each, with the inputs of that reading / Table A. Studies","S20 Table A, row 5, column 'data (N, TR)'",manuscript/supplementary.md,1667,"humans N = 15 analysed (16 completed, 20 recruited; p. 35), sevoflurane at 2 vol% and 3 vol% (burst suppression) plus recovery, TR 1.838 s, 350 volumes, 3 T (pp. 37–39); macaques: five in a multi-anaesthesia dataset (p. 3; p. 35) and five in a DBS dataset, three scanned awake and two anaesthetised with thalamic DBS (p. 5; p. 35), TR 2.4 s (multi-anaesthesia, MION) and 1.25 s (DBS), 500 volumes per run (pp. 38–39); marmosets 4, TR 2.0 s, 155 volumes, 9.4 T (pp. 38–40); mice 43 = 10 awake + 14 medetomidine–isoflurane + 19 halothane, TR 1.0 / 1.2 s, 7 T (pp. 4, 38–40)",Luppi 2026,Luppi et al. (2026),Luppi2026.pdf,Q,"supported, with a difference",own,The facts in this cell.,"Two details. The Reporting Summary (pp. 33–41) says each participant contributed awake, recovery and three anaesthesia levels (p. 35), but announces five scanning sessions and names four (awake, 2 vol%, 3 vol% burst-suppression, recovery; p. 37); the article itself mentions awake, deep anaesthesia with sevoflurane and recovery (p. 3). The cell follows p. 37 and names two levels without noting the difference. The number of marmosets (4) is on pp. 3 and 35, not on the pages the cell gives (pp. 38–40).",,,Luppi2026.pdf p. 35; Luppi2026.pdf p. 37; Luppi2026.pdf p. 38; Luppi2026.pdf p. 3 (printed 779); Luppi2026.pdf p. 5 (printed 781); Luppi2026.pdf p. 4 (printed 780),C210
226,144,S Tables,"Supplementary tables / S20 Table. The applicability table: the published empirical fMRI ΦID studies, their data and methods, and the scope map's reading of each, with the inputs of that reading / Table A. Studies","S20 Table A, row 5, column 'parcellation'",manuscript/supplementary.md,1667,human Schaefer-100; macaque RM-82; marmoset MBM-70; mouse Allen CCFv3-162 (pp. 37–40),Luppi 2026,Luppi et al. (2026),Luppi2026.pdf,S,completely supported,own,The facts in this cell.,,"These pages (37–40) are the Reporting Summary, which is an image in the PDF; the highlight there comes from text recognition.",,Luppi2026.pdf p. 39,C211
227,145,S Tables,"Supplementary tables / S20 Table. The applicability table: the published empirical fMRI ΦID studies, their data and methods, and the scope map's reading of each, with the inputs of that reading / Table A. Studies","S20 Table A, row 5, column 'preprocessing (band-pass; nuisance; HRF deconvolution)'",manuscript/supplementary.md,1667,"human: aCompCor 5 + 5, six motion parameters + derivatives, ART, 0.008–0.09 Hz, CONN 17f (p. 39); macaque 0.0025–0.05 Hz with a 0.03 Hz notch (p. 39); marmoset and mouse 0.01–0.1 Hz; mouse ""No global signal regression""; human GSR not mentioned; **HRF deconvolution not mentioned anywhere in the PDF** (the Supplementary Methods it defers to are not included)",Luppi 2026,Luppi et al. (2026),Luppi2026.pdf,S,completely supported,own,The facts in this cell.,,"The paper defers dataset details to Supplementary Methods (p. 18), which are not in the PDF; 'not mentioned anywhere in the PDF' is therefore stated about the PDF.",,Luppi2026.pdf p. 39; Luppi2026.pdf p. 40; Luppi2026.pdf p. 18 (printed 794); Luppi2026.pdf p. 16 (printed 792),C212
228,146,S Tables,"Supplementary tables / S20 Table. The applicability table: the published empirical fMRI ΦID studies, their data and methods, and the scope map's reading of each, with the inputs of that reading / Table A. Studies","S20 Table A, row 5, column 'quantity reported'",manuscript/supplementary.md,1667,"ΦR, Eq. 9 (p. 20)",Luppi 2026,Luppi et al. (2026),Luppi2026.pdf,S,completely supported,own,The facts in this cell.,,,,Luppi2026.pdf p. 20 (printed 796),C213
229,147,S Tables,"Supplementary tables / S20 Table. The applicability table: the published empirical fMRI ΦID studies, their data and methods, and the scope map's reading of each, with the inputs of that reading / Table A. Studies","S20 Table A, row 5, column 'redundancy function / estimator / lag'",manuscript/supplementary.md,1667,"MMI double redundancy, Gaussian JIDT solver, Imperial-MIND-lab code (pp. 19, 22); lag written as the symbol only",Luppi 2026,Luppi et al. (2026),Luppi2026.pdf,S,completely supported,own,The facts in this cell.,,,,Luppi2026.pdf p. 19 (printed 795); Luppi2026.pdf p. 22 (printed 798),C214
230,148,S Tables,"Supplementary tables / S20 Table. The applicability table: the published empirical fMRI ΦID studies, their data and methods, and the scope map's reading of each, with the inputs of that reading / Table A. Studies","S20 Table A, row 5, column 'autocorrelation addressed?'",manuscript/supplementary.md,1667,"no (a debiasing surrogate ""destroying the past–future relationships"" is used, p. 13)",Luppi 2026,Luppi et al. (2026),Luppi2026.pdf,S,completely supported,own,The facts in this cell.,,'No' is an absence for temporal autocorrelation; the paper does handle spatial autocorrelation (pp. 8–9).,,Luppi2026.pdf p. 13 (printed 789); Luppi2026.pdf p. 9 (printed 785),C215
231,149,S Tables,"Supplementary tables / S20 Table. The applicability table: the published empirical fMRI ΦID studies, their data and methods, and the scope map's reading of each, with the inputs of that reading / Table A. Studies","S20 Table A, row 5, column 'reported effect'",manuscript/supplementary.md,1667,"ΦR reduced under anaesthesia in every species except medetomidine–isoflurane mice, restored on recovery and under thalamic DBS (p. 5)",Luppi 2026,Luppi et al. (2026),Luppi2026.pdf,S,completely supported,own,The facts in this cell.,,,,Luppi2026.pdf p. 5 (printed 781),C216
232,150,S Tables,"Supplementary tables / S20 Table. The applicability table: the published empirical fMRI ΦID studies, their data and methods, and the scope map's reading of each, with the inputs of that reading / Table A. Studies","S20 Table A, row 5, column 'scope-map reading (see Table B for the inputs)'",manuscript/supplementary.md,1667,"MMI, so as for row 3: ΦR ≡ rtr on the symmetric family, falling with a fall in r₁ q through either factor. Operating points by the ideal-band-pass formula: human 0.81 (0.008–0.09 Hz at 1.838 s), macaque 0.90 and 0.97 (2.4 and 1.25 s), marmoset 0.73, mouse 0.93 / 0.90. The companion preprint on anaesthetised dynamics across the same species (Luppi et al. 2025 bioRxiv, hctsa; Table B item 3) reports that anaesthesia ""reduces the value of features related to linear and nonlinear temporal autocorrelation""; through r₁ q that lowers ΦR on the family. Whether the datasets coincide is not stated; deconvolution is not mentioned.",Luppi 2026,Luppi et al. (2026),Luppi2026.pdf,Q,"supported, with a difference",own,"The facts about the study in this reading: MMI, ΦR, the bands and TRs of the four species, deconvolution not mentioned, and no statement on whether its datasets are those of the 2025 preprint, which it does not cite.","Every fact holds but one word: the paper does mention deconvolution, a cell-type deconvolution of gene-expression data (p. 792), and no HRF deconvolution, which is what the cell means. 'HRF deconvolution is not mentioned' would be exact.","It draws on the same source studies as the 2025 preprint, with the same numbers: 15 people, 5 macaques, 4 marmosets and 43 mice (pp. 779, 781; the preprint's p. 4, refs. [42], [15], [45], [14]); neither paper says whether the processed data coincide. The operating points and the reading are ours; the Luppi et al. (2025) quotation is handled below, under that preprint.",,Luppi2026.pdf p. 19 (printed 795); Luppi2026.pdf p. 20 (printed 796); Luppi2026.pdf p. 38; Luppi2026.pdf p. 39; Luppi2026.pdf p. 40; Luppi2026.pdf p. 3 (printed 779); Luppi2026.pdf p. 5 (printed 781); Luppi2026.pdf p. 16 (printed 792),C217
x232,150,S Tables,"Supplementary tables / S20 Table. The applicability table: the published empirical fMRI ΦID studies, their data and methods, and the scope map's reading of each, with the inputs of that reading / Table A. Studies","S20 Table A, row 5, column 'scope-map reading (see Table B for the inputs)'",manuscript/supplementary.md,1667,"MMI, so as for row 3: ΦR ≡ rtr on the symmetric family, falling with a fall in r₁ q through either factor. Operating points by the ideal-band-pass formula: human 0.81 (0.008–0.09 Hz at 1.838 s), macaque 0.90 and 0.97 (2.4 and 1.25 s), marmoset 0.73, mouse 0.93 / 0.90. The companion preprint on anaesthetised dynamics across the same species (Luppi et al. 2025 bioRxiv, hctsa; Table B item 3) reports that anaesthesia ""reduces the value of features related to linear and nonlinear temporal autocorrelation""; through r₁ q that lowers ΦR on the family. Whether the datasets coincide is not stated; deconvolution is not mentioned.",Luppi 2025,Luppi et al. (2025),Luppi2025.pdf,Q,"supported, with a difference",own,"A preprint on anaesthetised brain dynamics across the same species as Luppi et al. (2026), analysed with hctsa, reporting that anaesthesia reduces the value of features related to linear and nonlinear temporal autocorrelation (the quotation).","The quotation is exact (p. 5) and the analysis is hctsa (pp. 3–4), but the preprint covers six species, not the same four: the four of Luppi et al. (2026), human, macaque, marmoset and mouse (fMRI), and larval zebrafish and the nematode C. elegans (calcium imaging) (p. 1; Fig. 1, p. 3; p. 4). The quoted finding concerns the 485 features that change in the same direction in all 15 contrasts, those of the zebrafish and the nematode included (p. 5).","'Companion' is our word: neither paper cites the other, though both draw on the same source studies with the same numbers (15 people, 5 macaques, 4 marmosets, 43 mice; p. 4; Luppi et al. 2026, pp. 779, 781). That the change lowers r₁ is our step: the preprint's named examples are the lag-3 autocorrelation and the lag-2 automutual information (p. 5), and it reports no lag-1 value. The PDF in your folder is the version posted 10 January 2026 (its header); our reference gives the first version (posted 24 March 2025), against which the quotation was first checked, and whether that version had the same six species cannot be checked from the folder.",,Luppi2025.pdf p. 1; Luppi2025.pdf p. 3; Luppi2025.pdf p. 4; Luppi2025.pdf p. 5,
233,151,S Tables,"Supplementary tables / S20 Table. The applicability table: the published empirical fMRI ΦID studies, their data and methods, and the scope map's reading of each, with the inputs of that reading / Table A. Studies","S20 Table A, row 6, column 'study'",manuscript/supplementary.md,1668,"Down, Huntley, Mediano & Bor 2026 (bioRxiv 10.64898/2026.02.18.706630; ""Synergistic and redundant information dynamics are modulated by Alzheimer's disease and cognitive impairment"")",Down 2026,Down et al. (2026),Down2026.pdf,S,completely supported,own,The facts in this cell.,,,,Down2026.pdf p. 1,C218
234,152,S Tables,"Supplementary tables / S20 Table. The applicability table: the published empirical fMRI ΦID studies, their data and methods, and the scope map's reading of each, with the inputs of that reading / Table A. Studies","S20 Table A, row 6, column 'data (N, TR)'",manuscript/supplementary.md,1668,"ADNI: 1,118 participants analysed (CN 568, MCI 369, AD 181), one scan each, from 2,907 scans in the database (pp. 2–3); TR 3 s (advanced protocol 0.6 s downsampled to 3 s), 10-min scans",Down 2026,Down et al. (2026),Down2026.pdf,S,completely supported,own,The facts in this cell.,,,,Down2026.pdf p. 2; Down2026.pdf p. 3,C219
235,153,S Tables,"Supplementary tables / S20 Table. The applicability table: the published empirical fMRI ΦID studies, their data and methods, and the scope map's reading of each, with the inputs of that reading / Table A. Studies","S20 Table A, row 6, column 'parcellation'",manuscript/supplementary.md,1668,Schaefer-200 + 32 subcortical (232) and Schaefer-100 + 16 (116),Down 2026,Down et al. (2026),Down2026.pdf,S,completely supported,own,The facts in this cell.,,,,Down2026.pdf p. 4,C220
236,154,S Tables,"Supplementary tables / S20 Table. The applicability table: the published empirical fMRI ΦID studies, their data and methods, and the scope map's reading of each, with the inputs of that reading / Table A. Studies","S20 Table A, row 6, column 'preprocessing (band-pass; nuisance; HRF deconvolution)'",manuscript/supplementary.md,1668,"0.0025–0.05 Hz; regressors: the first five aCompCor components for CSF and WM, motion parameters and derivatives, and a non-steady-state component (p. 4; ""tCompCor"" is only an fMRIPrep output listed on p. 3); GSR not mentioned; no smoothing (""No blurring step"", p. 4); **no deconvolution mentioned**",Down 2026,Down et al. (2026),Down2026.pdf,S,completely supported,own,The facts in this cell.,,"The absences hold for the main text, which is what S20 Table reads: the PDF holds pp. 1–25 of the 55-page preprint, and the supplement with the full fMRIPrep text (p. 4 refers to it) is not in it.",,Down2026.pdf p. 4; Down2026.pdf p. 3,C221
237,155,S Tables,"Supplementary tables / S20 Table. The applicability table: the published empirical fMRI ΦID studies, their data and methods, and the scope map's reading of each, with the inputs of that reading / Table A. Studies","S20 Table A, row 6, column 'quantity reported'",manuscript/supplementary.md,1668,synergy and redundancy atoms (all 16 analysed),Down 2026,Down et al. (2026),Down2026.pdf,S,completely supported,own,The facts in this cell.,,,,Down2026.pdf p. 6; Down2026.pdf p. 7; Down2026.pdf p. 9,C222
238,156,S Tables,"Supplementary tables / S20 Table. The applicability table: the published empirical fMRI ΦID studies, their data and methods, and the scope map's reading of each, with the inputs of that reading / Table A. Studies","S20 Table A, row 6, column 'redundancy function / estimator / lag'",manuscript/supplementary.md,1668,"MMI, Gaussian (""brain activity is suitably Gaussian"", pp. 5–6), lag one TR = 3 s (p. 5); CCS re-validation in the supplement (p. 6); software not named",Down 2026,Down et al. (2026),Down2026.pdf,Q,"supported, with a difference",own,The facts in this cell.,"Down et al. give the Gaussian character of brain activity as their reason for choosing MMI (the quoted words), and in the main text name neither an estimator nor the software of the ΦID computation (the software they name, fMRIPrep, Matlab, NumPy and the ENIGMA toolbox, serves preprocessing, time-series extraction and plotting; the PDF holds pp. 1–25 of 55, without the supplement). 'Gaussian' as the estimator is our reading of that sentence, which the cell quotes so the reader can judge.",,,Down2026.pdf p. 5; Down2026.pdf p. 6; Down2026.pdf p. 19,C223
239,157,S Tables,"Supplementary tables / S20 Table. The applicability table: the published empirical fMRI ΦID studies, their data and methods, and the scope map's reading of each, with the inputs of that reading / Table A. Studies","S20 Table A, row 6, column 'autocorrelation addressed?'",manuscript/supplementary.md,1668,no,Down 2026,Down et al. (2026),Down2026.pdf,S,completely supported,na,The facts in this cell.,,'No' is an absence: autocorrelation does not appear in the main text.,,Down2026.pdf p. 7,C224
240,158,S Tables,"Supplementary tables / S20 Table. The applicability table: the published empirical fMRI ΦID studies, their data and methods, and the scope map's reading of each, with the inputs of that reading / Table A. Studies","S20 Table A, row 6, column 'reported effect'",manuscript/supplementary.md,1668,"""striking synergy reduction across the entire brain, in concert with widespread redundancy increases, particularly in the executive and default mode networks""; cognitive decline tracks synergy loss / redundancy gain",Down 2026,Down et al. (2026),Down2026.pdf,S,completely supported,own,The facts in this cell.,,,,Down2026.pdf p. 1; Down2026.pdf p. 17,C225
241,159,S Tables,"Supplementary tables / S20 Table. The applicability table: the published empirical fMRI ΦID studies, their data and methods, and the scope map's reading of each, with the inputs of that reading / Table A. Studies","S20 Table A, row 6, column 'scope-map reading (see Table B for the inputs)'",manuscript/supplementary.md,1668,"Within scope: no deconvolution mentioned, TR 3 s, ideal-band-pass r₁ 0.85. A fall in r₁ predicts the synergy decrease with redundancy nearly unchanged (∂rtr/∂r₁ = 0.06 vs ∂sts/∂r₁ = 6.1); a rise in redundancy with a fall in synergy is the signature of a change in q (∂rtr/∂q = −∂sts/∂q exactly) or of a mixture. Direction of r₁ change in AD not determined here.",Down 2026,Down et al. (2026),Down2026.pdf,S,completely supported,own,"The facts about the study in this reading: no deconvolution mentioned (in the main text), TR 3 s, a synergy fall with a redundancy rise.",,"The r₁, the derivatives and the reading are ours.",,Down2026.pdf p. 3; Down2026.pdf p. 4; Down2026.pdf p. 1,C226
242,160,S Tables,"Supplementary tables / S20 Table. The applicability table: the published empirical fMRI ΦID studies, their data and methods, and the scope map's reading of each, with the inputs of that reading / Table A. Studies","S20 Table A, row 7, column 'study'",manuscript/supplementary.md,1669,"Nago et al. 2026, *Brain Informatics* 13:25 (""Synergistic and redundant information dynamics exhibit dissociable alterations across schizophrenia and neurodevelopmental conditions"")",Nago 2026,Nago et al. (2026),Nago2026.pdf,S,completely supported,own,The facts in this cell.,,,,Nago2026.pdf p. 1,C227
243,161,S Tables,"Supplementary tables / S20 Table. The applicability table: the published empirical fMRI ΦID studies, their data and methods, and the scope map's reading of each, with the inputs of that reading / Table A. Studies","S20 Table A, row 7, column 'data (N, TR)'",manuscript/supplementary.md,1669,COBRE 71 SZ / 74 HC; ABIDE-NYU 79 ASD / 105 HC; ADHD-200-NYU 118 / 98; TR 2 s; 150 / 180 / 176 volumes (p. 3); field strength not stated,Nago 2026,Nago et al. (2026),Nago2026.pdf,S,completely supported,own,The facts in this cell.,,,,Nago2026.pdf p. 3,C228
244,162,S Tables,"Supplementary tables / S20 Table. The applicability table: the published empirical fMRI ΦID studies, their data and methods, and the scope map's reading of each, with the inputs of that reading / Table A. Studies","S20 Table A, row 7, column 'parcellation'",manuscript/supplementary.md,1669,Schaefer-200 + Tian S2 32 (232),Nago 2026,Nago et al. (2026),Nago2026.pdf,S,completely supported,own,The facts in this cell.,,,,Nago2026.pdf p. 3,C229
245,163,S Tables,"Supplementary tables / S20 Table. The applicability table: the published empirical fMRI ΦID studies, their data and methods, and the scope map's reading of each, with the inputs of that reading / Table A. Studies","S20 Table A, row 7, column 'preprocessing (band-pass; nuisance; HRF deconvolution)'",manuscript/supplementary.md,1669,"0.008–0.09 Hz; six motion parameters + derivatives, aCompCor (5), detrending, 6-mm smoothing (p. 3); GSR not mentioned; **no deconvolution mentioned**",Nago 2026,Nago et al. (2026),Nago2026.pdf,S,completely supported,own,The facts in this cell.,,,,Nago2026.pdf p. 3,C230
246,164,S Tables,"Supplementary tables / S20 Table. The applicability table: the published empirical fMRI ΦID studies, their data and methods, and the scope map's reading of each, with the inputs of that reading / Table A. Studies","S20 Table A, row 7, column 'quantity reported'",manuscript/supplementary.md,1669,pairwise syn→syn and red→red atoms; regional mean t-values over a region's connections,Nago 2026,Nago et al. (2026),Nago2026.pdf,S,completely supported,own,The facts in this cell.,,,,Nago2026.pdf p. 3; Nago2026.pdf p. 4,C231
247,165,S Tables,"Supplementary tables / S20 Table. The applicability table: the published empirical fMRI ΦID studies, their data and methods, and the scope map's reading of each, with the inputs of that reading / Table A. Studies","S20 Table A, row 7, column 'redundancy function / estimator / lag'",manuscript/supplementary.md,1669,"MMI, Imperial-MIND-lab toolbox (p. 4); ""Gaussian"" is not stated (the toolbox's Gaussian solver is its default); lag not stated",Nago 2026,Nago et al. (2026),Nago2026.pdf,S,completely supported,own,The facts in this cell.,,"That the toolbox's default is the Gaussian solver is a fact about the software: calc_PhiID's default is kind='gaussian' (phyid, calculate.py line 154).",,Nago2026.pdf p. 4; Nago2026.pdf p. 3,C232
248,166,S Tables,"Supplementary tables / S20 Table. The applicability table: the published empirical fMRI ΦID studies, their data and methods, and the scope map's reading of each, with the inputs of that reading / Table A. Studies","S20 Table A, row 7, column 'autocorrelation addressed?'",manuscript/supplementary.md,1669,no,Nago 2026,Nago et al. (2026),Nago2026.pdf,S,completely supported,na,The facts in this cell.,,'No' is an absence for temporal autocorrelation; the paper does use spin tests for spatial autocorrelation (p. 5).,,Nago2026.pdf p. 5; Nago2026.pdf p. 4,C233
249,167,S Tables,"Supplementary tables / S20 Table. The applicability table: the published empirical fMRI ΦID studies, their data and methods, and the scope map's reading of each, with the inputs of that reading / Table A. Studies","S20 Table A, row 7, column 'reported effect'",manuscript/supplementary.md,1669,"SZ: widespread synergy reduction; ASD: synergy and redundancy reduction; ADHD: synergy increase; stated limitation that ""the specific values of synergy and redundancy reported in this study are contingent on the MMI measure"" (p. 4); the differing volume counts ""may influence the estimation accuracy of the covariance structure"" (p. 15)",Nago 2026,Nago et al. (2026),Nago2026.pdf,S,completely supported,own,The facts in this cell.,,,,Nago2026.pdf p. 8; Nago2026.pdf p. 4; Nago2026.pdf p. 15,C234
250,168,S Tables,"Supplementary tables / S20 Table. The applicability table: the published empirical fMRI ΦID studies, their data and methods, and the scope map's reading of each, with the inputs of that reading / Table A. Studies","S20 Table A, row 7, column 'scope-map reading (see Table B for the inputs)'",manuscript/supplementary.md,1669,"Within scope as far as stated: no deconvolution mentioned, TR 2 s, ideal-band-pass r₁ 0.78, 150–180 samples per subject (windowed regime of the map). Each reported synergy change (SZ down, ASD down, ADHD up) would follow from a change in r₁ of the same sign; the ASD redundancy decrease alongside the synergy decrease is compatible with an r₁ fall only if rtr moves little, which is what the map gives (∂rtr/∂r₁ is 1 % of ∂sts/∂r₁ at the operating point). Direction of r₁ change in these conditions not determined here.",Nago 2026,Nago et al. (2026),Nago2026.pdf,S,completely supported,own,"The facts about the study in this reading: no deconvolution mentioned, TR 2 s, 150–180 volumes, and the reported changes.",,"The r₁, the derivatives and the reading are ours.",,Nago2026.pdf p. 3; Nago2026.pdf p. 8,C235
251,169,S Tables,"Supplementary tables / S20 Table. The applicability table: the published empirical fMRI ΦID studies, their data and methods, and the scope map's reading of each, with the inputs of that reading / Table A. Studies","S20 Table A, row 8, column 'study'",manuscript/supplementary.md,1670,"Zhang et al. 2025, *Brain Sciences* 15(6):636 (""Dynamic Synergy Network Analysis Reveals Stage-Specific Regional Dysfunction in Alzheimer's Disease""; authors Zhang, Han, Xia, Deng & Dong)",Zhang 2025,Zhang et al. (2025),Zhang2025.pdf,S,completely supported,own,The facts in this cell.,,"The issue number 6 is not printed; it is read from the DOI (10.3390/brainsci15060636, p. 1).",,Zhang2025.pdf p. 1,C236
252,170,S Tables,"Supplementary tables / S20 Table. The applicability table: the published empirical fMRI ΦID studies, their data and methods, and the scope map's reading of each, with the inputs of that reading / Table A. Studies","S20 Table A, row 8, column 'data (N, TR)'",manuscript/supplementary.md,1670,"ADNI 203 (34 CN, 60 EMCI, 59 LMCI, 50 AD); TR 3.001 s; 140 volumes",Zhang 2025,Zhang et al. (2025),Zhang2025.pdf,S,completely supported,own,The facts in this cell.,,,,Zhang2025.pdf p. 3; Zhang2025.pdf p. 8,C237
253,171,S Tables,"Supplementary tables / S20 Table. The applicability table: the published empirical fMRI ΦID studies, their data and methods, and the scope map's reading of each, with the inputs of that reading / Table A. Studies","S20 Table A, row 8, column 'parcellation'",manuscript/supplementary.md,1670,AAL-90 grouped into Yeo networks,Zhang 2025,Zhang et al. (2025),Zhang2025.pdf,S,completely supported,own,The facts in this cell.,,,,Zhang2025.pdf p. 6,C238
254,172,S Tables,"Supplementary tables / S20 Table. The applicability table: the published empirical fMRI ΦID studies, their data and methods, and the scope map's reading of each, with the inputs of that reading / Table A. Studies","S20 Table A, row 8, column 'preprocessing (band-pass; nuisance; HRF deconvolution)'",manuscript/supplementary.md,1670,"band-pass not stated (p. 3); DPABI/SPM12 standard steps, smoothing with a ""6 × 6 × 6"" Gaussian kernel (unit not printed), exclusion of subjects with mean FD > 0.5 mm; no nuisance regression mentioned; GSR and deconvolution not mentioned",Zhang 2025,Zhang et al. (2025),Zhang2025.pdf,S,completely supported,own,The facts in this cell.,,,,Zhang2025.pdf p. 3; Zhang2025.pdf p. 8,C239
255,173,S Tables,"Supplementary tables / S20 Table. The applicability table: the published empirical fMRI ΦID studies, their data and methods, and the scope map's reading of each, with the inputs of that reading / Table A. Studies","S20 Table A, row 8, column 'quantity reported'",manuscript/supplementary.md,1670,"""dynamic synergy"": the syn→syn atom computed once per subject over the run (140 volumes acquired; no windowing described), with networks reconstructed per subject against the CN average (pp. 5–7) — not sliding-window (the word ""window"" does not occur)",Zhang 2025,Zhang et al. (2025),Zhang2025.pdf,S,completely supported,own,The facts in this cell.,,,,Zhang2025.pdf p. 1; Zhang2025.pdf p. 4; Zhang2025.pdf p. 5; Zhang2025.pdf p. 7; Zhang2025.pdf p. 3,C240
256,174,S Tables,"Supplementary tables / S20 Table. The applicability table: the published empirical fMRI ΦID studies, their data and methods, and the scope map's reading of each, with the inputs of that reading / Table A. Studies","S20 Table A, row 8, column 'redundancy function / estimator / lag'",manuscript/supplementary.md,1670,"MMI, linear-Gaussian, JIDT v1.5 (pp. 4–6); τ not stated",Zhang 2025,Zhang et al. (2025),Zhang2025.pdf,Q,"supported, with a difference",own,The facts in this cell.,Zhang et al. give the adequacy of linear Gaussian models for fMRI as their reason for adopting MMI (pp. 4–5) and name JIDT v1.5 (p. 6) but not its estimator; 'linear-Gaussian' as the estimator is our reading of that sentence.,,,Zhang2025.pdf p. 4; Zhang2025.pdf p. 5; Zhang2025.pdf p. 6,C241
257,175,S Tables,"Supplementary tables / S20 Table. The applicability table: the published empirical fMRI ΦID studies, their data and methods, and the scope map's reading of each, with the inputs of that reading / Table A. Studies","S20 Table A, row 8, column 'autocorrelation addressed?'",manuscript/supplementary.md,1670,no,Zhang 2025,Zhang et al. (2025),Zhang2025.pdf,S,completely supported,na,The facts in this cell.,,"'No' is an absence: autocorrelation, surrogates and prewhitening do not appear.",,Zhang2025.pdf p. 6; Zhang2025.pdf p. 8,C242
258,176,S Tables,"Supplementary tables / S20 Table. The applicability table: the published empirical fMRI ΦID studies, their data and methods, and the scope map's reading of each, with the inputs of that reading / Table A. Studies","S20 Table A, row 8, column 'reported effect'",manuscript/supplementary.md,1670,stage-specific regional synergy decline (orbitofrontal–striatal–temporoparietal prodromal; frontal/postcentral moderate; supramarginal/inferior parietal advanced),Zhang 2025,Zhang et al. (2025),Zhang2025.pdf,S,completely supported,own,The facts in this cell.,,,,Zhang2025.pdf p. 1; Zhang2025.pdf p. 11; Zhang2025.pdf p. 15; Zhang2025.pdf p. 16,C243
259,177,S Tables,"Supplementary tables / S20 Table. The applicability table: the published empirical fMRI ΦID studies, their data and methods, and the scope map's reading of each, with the inputs of that reading / Table A. Studies","S20 Table A, row 8, column 'scope-map reading (see Table B for the inputs)'",manuscript/supplementary.md,1670,"Within scope as far as stated (deconvolution not mentioned, TR 3 s, one run-level fit per subject, 140 volumes acquired; band-pass not stated, so the implied r₁ is not computed — 0.61 for a 0.01–0.08 Hz band at TR 3 s, 0.45 for 0.01–0.1 Hz). Synergy decline is what a regional fall in r₁ predicts; no redundancy reported; direction of r₁ change not determined here.",Zhang 2025,Zhang et al. (2025),Zhang2025.pdf,S,completely supported,own,"The facts about the study in this reading: deconvolution not mentioned, TR 3 s, one fit per subject over 140 volumes, no band-pass stated, a synergy decline, no redundancy.",,The r₁ values and the reading are ours.,,Zhang2025.pdf p. 3; Zhang2025.pdf p. 5; Zhang2025.pdf p. 7; Zhang2025.pdf p. 16,C244
260,178,S Tables,"Supplementary tables / S20 Table. The applicability table: the published empirical fMRI ΦID studies, their data and methods, and the scope map's reading of each, with the inputs of that reading / Table A. Studies","S20 Table A, row 9, column 'study'",manuscript/supplementary.md,1671,"Tarchi et al. 2026, *Brain and Behavior* 16(4):e71352 (""Disrupted Emergent Properties of the Brain in Schizophrenia: Insight From Integrated Information Decomposition of Resting State fMRI"")",Tarchi 2026,Tarchi et al. (2026),Tarchi2025.pdf,S,completely supported,own,The facts in this cell.,,The issue number 4 is printed only in the publisher's download stamp on pp. 2–10.,,Tarchi2025.pdf p. 1; Tarchi2025.pdf p. 2,C245
261,179,S Tables,"Supplementary tables / S20 Table. The applicability table: the published empirical fMRI ΦID studies, their data and methods, and the scope map's reading of each, with the inputs of that reading / Table A. Studies","S20 Table A, row 9, column 'data (N, TR)'",manuscript/supplementary.md,1671,"72 patients with schizophrenia and 74 healthy controls (p. 2); 3 T Siemens Trio, TR 2 s, about 6 min (p. 3)",Tarchi 2026,Tarchi et al. (2026),Tarchi2025.pdf,S,completely supported,own,The facts in this cell.,,,,Tarchi2025.pdf p. 2; Tarchi2025.pdf p. 3,C246
262,180,S Tables,"Supplementary tables / S20 Table. The applicability table: the published empirical fMRI ΦID studies, their data and methods, and the scope map's reading of each, with the inputs of that reading / Table A. Studies","S20 Table A, row 9, column 'parcellation'",manuscript/supplementary.md,1671,"232 ROIs: Schaefer plus ROIs of Tian et al. 2020 printed as ""cerebellar"", neither resolution stated (p. 3)",Tarchi 2026,Tarchi et al. (2026),Tarchi2025.pdf,S,completely supported,own,The facts in this cell.,,,,Tarchi2025.pdf p. 3; Tarchi2025.pdf p. 10; Tarchi2025.pdf p. 5,C247
263,181,S Tables,"Supplementary tables / S20 Table. The applicability table: the published empirical fMRI ΦID studies, their data and methods, and the scope map's reading of each, with the inputs of that reading / Table A. Studies","S20 Table A, row 9, column 'preprocessing (band-pass; nuisance; HRF deconvolution)'",manuscript/supplementary.md,1671,"linear detrending and 0.008–0.09 Hz (p. 3); no GSR; **HRF-deconvolved** with ""standard SPM methods"" (p. 3)",Tarchi 2026,Tarchi et al. (2026),Tarchi2025.pdf,S,completely supported,own,The facts in this cell.,,The paper capitalises 'Standard' because the phrase starts its sentence.,,Tarchi2025.pdf p. 3,C248
264,182,S Tables,"Supplementary tables / S20 Table. The applicability table: the published empirical fMRI ΦID studies, their data and methods, and the scope map's reading of each, with the inputs of that reading / Table A. Studies","S20 Table A, row 9, column 'quantity reported'",manuscript/supplementary.md,1671,"Φ = Synergy + Transfer − Redundancy (p. 2), synergy, redundancy, regional classification",Tarchi 2026,Tarchi et al. (2026),Tarchi2025.pdf,S,completely supported,own,The facts in this cell.,,,,Tarchi2025.pdf p. 1; Tarchi2025.pdf p. 2; Tarchi2025.pdf p. 5,C249
265,183,S Tables,"Supplementary tables / S20 Table. The applicability table: the published empirical fMRI ΦID studies, their data and methods, and the scope map's reading of each, with the inputs of that reading / Table A. Studies","S20 Table A, row 9, column 'redundancy function / estimator / lag'",manuscript/supplementary.md,1671,"ΦID Python package (Mediano et al. 2021; ""ΦID—Integrated Information Decomposition, 2025""); redundancy function, estimator and lag not stated",Tarchi 2026,Tarchi et al. (2026),Tarchi2025.pdf,S,completely supported,own,The facts in this cell.,,"The absence holds across all ten pages: no MMI, CCS, Gaussian, estimator, lag or τ.",,Tarchi2025.pdf p. 3; Tarchi2025.pdf p. 10,C250
266,184,S Tables,"Supplementary tables / S20 Table. The applicability table: the published empirical fMRI ΦID studies, their data and methods, and the scope map's reading of each, with the inputs of that reading / Table A. Studies","S20 Table A, row 9, column 'autocorrelation addressed?'",manuscript/supplementary.md,1671,no,Tarchi 2026,Tarchi et al. (2026),Tarchi2025.pdf,S,completely supported,na,The facts in this cell.,,"'No' is an absence: autocorrelation, surrogates and effective degrees of freedom do not appear.",,Tarchi2025.pdf p. 3; Tarchi2025.pdf p. 4,C251
267,185,S Tables,"Supplementary tables / S20 Table. The applicability table: the published empirical fMRI ΦID studies, their data and methods, and the scope map's reading of each, with the inputs of that reading / Table A. Studies","S20 Table A, row 9, column 'reported effect'",manuscript/supplementary.md,1671,"no significant group difference in the global metrics (p. 4); region-wise classification ""mostly by leveraging lower integrated information (Φ), lower synergy, and disrupted, albeit mostly higher, redundancy in patients with schizophrenia"" (pp. 5–6)",Tarchi 2026,Tarchi et al. (2026),Tarchi2025.pdf,S,completely supported,own,The facts in this cell.,,,,Tarchi2025.pdf p. 4; Tarchi2025.pdf p. 5; Tarchi2025.pdf p. 6,C252
268,186,S Tables,"Supplementary tables / S20 Table. The applicability table: the published empirical fMRI ΦID studies, their data and methods, and the scope map's reading of each, with the inputs of that reading / Table A. Studies","S20 Table A, row 9, column 'scope-map reading (see Table B for the inputs)'",manuscript/supplementary.md,1671,"Deconvolved (Table B item 4), TR 2 s, ideal-band-pass r₁ 0.78. The redundancy function is not stated, so the map's reading is conditional on MMI (the package's default): a regional fall in r₁ would lower regional sts with rtr nearly unchanged, and the pattern of lower synergy with mostly higher redundancy is, on the family, the q signature or a mixture (as for row 6). Direction of r₁ change in schizophrenia not determined here.",Tarchi 2026,Tarchi et al. (2026),Tarchi2025.pdf,S,completely supported,own,"The facts about the study in this reading: deconvolved, TR 2 s, redundancy function not stated, lower synergy with mostly higher redundancy.",,"'MMI (the package's default)' is a fact about the software (calc_PhiID's default redundancy='MMI', phyid calculate.py line 154). The r₁ and the reading are ours.",,Tarchi2025.pdf p. 3; Tarchi2025.pdf p. 5; Tarchi2025.pdf p. 6,C253
269,187,S Tables,"Supplementary tables / S20 Table. The applicability table: the published empirical fMRI ΦID studies, their data and methods, and the scope map's reading of each, with the inputs of that reading / Table A. Studies","S20 Table A, row 10, column 'study'",manuscript/supplementary.md,1672,"Varley 2024, arXiv 2407.16601 (""Considering dynamical synergy and integrated information; the unusual case of minimum mutual information"") — prior art, theoretical note with one empirical check",Varley 2024,Varley (2024),Varley2024.pdf,S,completely supported,own,The facts in this cell.,,,,Varley2024.pdf p. 1; Varley2024.pdf p. 8,C254
270,188,S Tables,"Supplementary tables / S20 Table. The applicability table: the published empirical fMRI ΦID studies, their data and methods, and the scope map's reading of each, with the inputs of that reading / Table A. Studies","S20 Table A, row 10, column 'data (N, TR)'",manuscript/supplementary.md,1672,"1 HCP subject, 1,000 region pairs (p. 8; data ""previously published"" in his refs. 14–15); TR not stated",Varley 2024,Varley (2024),Varley2024.pdf,S,completely supported,own,The facts in this cell.,,,,Varley2024.pdf p. 8; Varley2024.pdf p. 14,C255
271,189,S Tables,"Supplementary tables / S20 Table. The applicability table: the published empirical fMRI ΦID studies, their data and methods, and the scope map's reading of each, with the inputs of that reading / Table A. Studies","S20 Table A, row 10, column 'parcellation'",manuscript/supplementary.md,1672,not stated,Varley 2024,Varley (2024),Varley2024.pdf,S,completely supported,na,The facts in this cell.,,'Not stated' is an absence: Varley names no parcellation.,,Varley2024.pdf p. 8,
272,190,S Tables,"Supplementary tables / S20 Table. The applicability table: the published empirical fMRI ΦID studies, their data and methods, and the scope map's reading of each, with the inputs of that reading / Table A. Studies","S20 Table A, row 10, column 'preprocessing (band-pass; nuisance; HRF deconvolution)'",manuscript/supplementary.md,1672,not stated (the data of his refs. 14–15); deconvolution not mentioned,Varley 2024,Varley (2024),Varley2024.pdf,S,completely supported,own,The facts in this cell.,,,,Varley2024.pdf p. 8,C257
273,191,S Tables,"Supplementary tables / S20 Table. The applicability table: the published empirical fMRI ΦID studies, their data and methods, and the scope map's reading of each, with the inputs of that reading / Table A. Studies","S20 Table A, row 10, column 'quantity reported'",manuscript/supplementary.md,1672,"change in MMI synergy and in temporal mutual information under an autocorrelation-preserving disintegration (circular shift, 100 permutations)",Varley 2024,Varley (2024),Varley2024.pdf,S,completely supported,own,The facts in this cell.,,,,Varley2024.pdf p. 8,C258
274,192,S Tables,"Supplementary tables / S20 Table. The applicability table: the published empirical fMRI ΦID studies, their data and methods, and the scope map's reading of each, with the inputs of that reading / Table A. Studies","S20 Table A, row 10, column 'redundancy function / estimator / lag'",manuscript/supplementary.md,1672,MMI (closed form for Gaussians noted); discrete for the toy systems,Varley 2024,Varley (2024),Varley2024.pdf,S,completely supported,own,The facts in this cell.,,,,Varley2024.pdf p. 4; Varley2024.pdf p. 2,C259
275,193,S Tables,"Supplementary tables / S20 Table. The applicability table: the published empirical fMRI ΦID studies, their data and methods, and the scope map's reading of each, with the inputs of that reading / Table A. Studies","S20 Table A, row 10, column 'autocorrelation addressed?'",manuscript/supplementary.md,1672,yes — this is its subject,Varley 2024,Varley (2024),Varley2024.pdf,S,completely supported,own,The facts in this cell.,,,,Varley2024.pdf p. 1; Varley2024.pdf p. 6,C260
276,194,S Tables,"Supplementary tables / S20 Table. The applicability table: the published empirical fMRI ΦID studies, their data and methods, and the scope map's reading of each, with the inputs of that reading / Table A. Studies","S20 Table A, row 10, column 'reported effect'",manuscript/supplementary.md,1672,"""MMI-based analysis cannot disambiguate between ... 'true' synergy, and a disintegrated system with zero integrated information but non-trivial first-order autocorrelations""; disintegration increased temporal MI in about 37.5 % of pairs; Δsynergy vs Δtemporal MI r = 0.77; Δsynergy vs pairwise MI r = 0.97; names Varley & Bongard 2024, Menesse 2024, Gatica 2024, Luppi 2022, 2023, 2024 and Mediano 2022 as MMI-ΦID applications; suggests I_Red^τsx, specificity/ambiguity and synergy-first decompositions, and notes that CCS, used in earlier ΦID work, has been critiqued",Varley 2024,Varley (2024),Varley2024.pdf,S,completely supported,own,The facts in this cell.,,,,Varley2024.pdf p. 11; Varley2024.pdf p. 12; Varley2024.pdf p. 8; Varley2024.pdf p. 10; Varley2024.pdf p. 5; Varley2024.pdf p. 13,C261
277,195,S Tables,"Supplementary tables / S20 Table. The applicability table: the published empirical fMRI ΦID studies, their data and methods, and the scope map's reading of each, with the inputs of that reading / Table A. Studies","S20 Table A, row 10, column 'scope-map reading (see Table B for the inputs)'",manuscript/supplementary.md,1672,"The same phenomenon as the scope map (S3 Text §4), shown by disintegration at fixed autocorrelation; the scope map (S3 Text §4) and the lag dependence (S3 Text §9) add the derivative ratio, its map over (r₁, q), the operating point of real pairs, the lag dependence; the AR(1)-substituted estimate (S3 Text §6) the per-pair prediction.",Varley 2024,Varley (2024),Varley2024.pdf,S,completely supported,own,The fact about Varley's note in this reading: the synergy increase is shown by disintegrating pairs at fixed autocorrelation.,,"What our scope map adds is our own claim. Varley does give an exact per-pair expression for the change on disintegration (his Eq. 13), so 'the per-pair prediction' we add means our AR(1)-based prediction of sts.",,Varley2024.pdf p. 6; Varley2024.pdf p. 7; Varley2024.pdf p. 8,C262
278,196,S Tables,"Supplementary tables / S20 Table. The applicability table: the published empirical fMRI ΦID studies, their data and methods, and the scope map's reading of each, with the inputs of that reading / Table A. Studies","S20 Table A, row 11, column 'study'",manuscript/supplementary.md,1673,"Mediano, Rosas, Luppi et al. 2025, *PNAS* 122(39):e2423297122 (""Toward a unified taxonomy of information dynamics via Integrated Information Decomposition""; preprint arXiv 2109.13186) — read on 20 Sep 2026, main text and SI Appendix",Mediano 2025,Mediano et al. (2025),Mediano2025.pdf,S,completely supported,own,The facts in this cell.,,"The PNAS article neither prints nor cites its preprint. arXiv 2109.13186 is printed on the preprint itself (Mediano2021.pdf, p. 1, the vertical stamp in the left margin), which has the same seven authors and the earlier title 'Towards an extended taxonomy of information dynamics via Integrated Information Decomposition'.",,Mediano2025.pdf p. 1; Mediano2021.pdf p. 1,C263
279,197,S Tables,"Supplementary tables / S20 Table. The applicability table: the published empirical fMRI ΦID studies, their data and methods, and the scope map's reading of each, with the inputs of that reading / Table A. Studies","S20 Table A, row 11, column 'data (N, TR)'",manuscript/supplementary.md,1673,the source of the ΦID definitions; no fMRI dataset of its own in scope,Mediano 2025,Mediano et al. (2025),Mediano2025.pdf,S,completely supported,own,The facts in this cell.,,They collect no fMRI data of their own; 'in scope' is our judgement.,,Mediano2025.pdf p. 1; Mediano2025.pdf p. 11; Mediano2025.pdf p. 6; Mediano2025.pdf p. 8,C264
280,198,S Tables,"Supplementary tables / S20 Table. The applicability table: the published empirical fMRI ΦID studies, their data and methods, and the scope map's reading of each, with the inputs of that reading / Table A. Studies","S20 Table A, row 11, column 'redundancy function / estimator / lag'",manuscript/supplementary.md,1673,"SI Appendix Sec. III.A–B (pp. 3–4): Definition 1 is MMI, Definition 2 the CCS double redundancy used here (the CCS comparison, S3 Text §2); ""All results in the main text were computed with the MMI ΦID""; CCS ""calculated with respect to the distribution of the system of interest, p(x, y)""; Sec. III.A: MMI double redundancy ""monotonic (but not totally monotonic) on the double-redundancy lattice, and thus can lead to negative ΦID atoms""",Mediano 2025,Mediano et al. (2025),Mediano2025.pdf,S,completely supported,own,The facts in this cell.,,,,Mediano2025_SI.pdf p. 3; Mediano2025_SI.pdf p. 4,C265
281,199,S Tables,"Supplementary tables / S20 Table. The applicability table: the published empirical fMRI ΦID studies, their data and methods, and the scope map's reading of each, with the inputs of that reading / Table A. Studies","S20 Table A, row 11, column 'scope-map reading (see Table B for the inputs)'",manuscript/supplementary.md,1673,"Not a Table A study; listed because it defines the estimator. The audit's F7 records that the SI's description of Ince's original preprint is not what that preprint says, and that for two Gaussian sources Ince's published construction is the fitted Gaussian itself (no projection).",Mediano 2025,Mediano et al. (2025),Mediano2025.pdf,S,completely supported,own,The facts about the paper in this reading: its SI Appendix defines the MMI and CCS double redundancies and describes Ince's original preprint.,,"Our audit's F7 is our own reading, and Ince's preprint is not in the folder, so F7's statement about it cannot be checked here.",,Mediano2025_SI.pdf p. 3; Mediano2025_SI.pdf p. 4,C266
282,200,S Tables,"Supplementary tables / S20 Table. The applicability table: the published empirical fMRI ΦID studies, their data and methods, and the scope map's reading of each, with the inputs of that reading / Table B. Inputs for the last column (from this repository's computations and the sources read)",sentence,manuscript/supplementary.md,1677,"The four atoms with a synergistic source sum to the self-information of one process, str + stx + sty + sts = S = −½ ln(1 − a²), for every q (main text, Results 1; checked by the repository's `tests/test_closed_form.py`): the whole-minus-max synergy of Luppi et al. (2024, Eq. 5), which with the Gaussian estimator is also the MMI emergence capacity of Luppi et al. (2023) (row 2), depends on r₁ alone on this family.",Luppi 2024,Luppi et al. (2024),Luppi2024.pdf,S,completely supported,own,The whole-minus-max synergy of Luppi et al.'s Eq. 5.,,That it depends on r₁ alone on the family is our result (Results 1).,,Luppi2024.pdf p. 20,
283,200,S Tables,"Supplementary tables / S20 Table. The applicability table: the published empirical fMRI ΦID studies, their data and methods, and the scope map's reading of each, with the inputs of that reading / Table B. Inputs for the last column (from this repository's computations and the sources read)",sentence,manuscript/supplementary.md,1677,"The four atoms with a synergistic source sum to the self-information of one process, str + stx + sty + sts = S = −½ ln(1 − a²), for every q (main text, Results 1; checked by the repository's `tests/test_closed_form.py`): the whole-minus-max synergy of Luppi et al. (2024, Eq. 5), which with the Gaussian estimator is also the MMI emergence capacity of Luppi et al. (2023) (row 2), depends on r₁ alone on this family.",Luppi 2023,Luppi et al. (2023),Luppi2023.pdf,S,completely supported,own,Luppi et al. (2023) replicated their results with MMI (their MMI emergence capacity).,,That with the Gaussian estimator their MMI emergence capacity equals the whole-minus-max synergy is our identity.,,Luppi2023.pdf p. 12; Luppi2023.pdf p. 3,
284,201,S Tables,"Supplementary tables / S20 Table. The applicability table: the published empirical fMRI ΦID studies, their data and methods, and the scope map's reading of each, with the inputs of that reading / Table B. Inputs for the last column (from this repository's computations and the sources read)",sentence,manuscript/supplementary.md,1681,"Direction of the autocorrelation change in the conditions studied, from the sources read: Huang et al. 2018, *J Neurosci* 38:2304 (TR 2 s for the two propofol datasets; propofol sedation n = 23, deep anaesthesia n = 12, DoC n = 21) — ""a graded global increase of AC1 from wakefulness to light and deep sedation, followed by a decrease during transition and return to baseline in recovery""; ""all of these parameters decreased in deep anesthesia and in patients with DOC"" (both quotations confirmed against the PDF on 20 Sep 2026).",Huang 2018,Huang et al. (2018),Huang2018.pdf,S,completely supported,own,"Huang et al.: J Neurosci 38:2304, TR 2 s for the two propofol datasets, the three sample sizes, and the two quotations.",,,,Huang2018.pdf p. 1 (printed 2304); Huang2018.pdf p. 2 (printed 2305); Huang2018.pdf p. 4 (printed 2307),C267
285,202,S Tables,"Supplementary tables / S20 Table. The applicability table: the published empirical fMRI ΦID studies, their data and methods, and the scope map's reading of each, with the inputs of that reading / Table B. Inputs for the last column (from this repository's computations and the sources read)",sentence,manuscript/supplementary.md,1681,"Luppi et al. 2025 bioRxiv 2025.03.22.644729 (hctsa on human sevoflurane n = 15 TR 1.838 s, macaque, marmoset, mouse) — anaesthesia ""reduces the value of features related to linear and nonlinear temporal autocorrelation"", and, in the caption of an example macaque time series, ""faster decay of autocorrelation under anaesthesia"".",Luppi 2025,Luppi et al. (2025),Luppi2025.pdf,Q,"supported, with a difference",own,"Luppi et al. (2025), bioRxiv 2025.03.22.644729: hctsa on human sevoflurane data (n = 15, TR 1.838 s) and on macaque, marmoset and mouse data; the two quotations, the second from the caption of an example macaque time series.","Every fact is in the preprint (hctsa, pp. 3–4; the human sevoflurane data, N = 15, p. 4, at TR 1.838 s, p. 20; both quotations, pp. 5 and 7), but the second quotation is from the caption of Fig. 3e, which shows example time series from an awake and an anaesthetised macaque with their autocorrelation, not one example series. 'In the caption of example time series from an awake and an anaesthetised macaque (their Fig. 3e)' would be exact.","The preprint also has larval zebrafish and nematode data (calcium imaging, p. 4); the parenthesis names its four fMRI species. The first quotation concerns the features that change in the same direction in all 15 contrasts, those of the zebrafish and the nematode included (p. 5). The PDF in your folder is the version posted 10 January 2026 (its header); our reference gives the first version (posted 24 March 2025).","Their own analysis and findings; the four fMRI datasets come from earlier studies (their refs. [42], [15], [45], [14]; p. 4).",Luppi2025.pdf p. 3; Luppi2025.pdf p. 4; Luppi2025.pdf p. 20; Luppi2025.pdf p. 5; Luppi2025.pdf p. 7,C268
286,203,S Tables,"Supplementary tables / S20 Table. The applicability table: the published empirical fMRI ΦID studies, their data and methods, and the scope map's reading of each, with the inputs of that reading / Table B. Inputs for the last column (from this repository's computations and the sources read)",sentence,manuscript/supplementary.md,1683,"HRF deconvolution and the map (this repository, S2 Text, rsHRF / Wu et al. 2013): the three deconvolving Luppi studies (rows 1–3) all name the Wu et al. 2013 method (rsHRF v2.2 in rows 1 and 3); Tarchi et al. 2026 (row 9) names ""standard SPM methods"".",Wu 2013,Wu et al. (2013),Wu2013.pdf,S,completely supported,own,Wu et al. (2013) is the blind HRF-deconvolution method for resting-state fMRI that the Luppi studies name.,,"Wu et al. (2013) never name rsHRF; the Luppi studies link the rsHRF toolbox to this paper (Luppi et al. 2022, p. 18; 2024, p. 23).",,Wu2013.pdf p. 1 (printed 365); Wu2013.pdf p. 2 (printed 366); Wu2013.pdf p. 8 (printed 372),C269
287,203,S Tables,"Supplementary tables / S20 Table. The applicability table: the published empirical fMRI ΦID studies, their data and methods, and the scope map's reading of each, with the inputs of that reading / Table B. Inputs for the last column (from this repository's computations and the sources read)",sentence,manuscript/supplementary.md,1683,"HRF deconvolution and the map (this repository, S2 Text, rsHRF / Wu et al. 2013): the three deconvolving Luppi studies (rows 1–3) all name the Wu et al. 2013 method (rsHRF v2.2 in rows 1 and 3); Tarchi et al. 2026 (row 9) names ""standard SPM methods"".",Tarchi 2026,Tarchi et al. (2026),Tarchi2025.pdf,S,completely supported,own,Tarchi et al. name 'standard SPM methods' for the deconvolution.,,The paper capitalises 'Standard' because the phrase starts its sentence.,,Tarchi2025.pdf p. 3,C270
288,204,S Tables,"Supplementary tables / S20 Table. The applicability table: the published empirical fMRI ΦID studies, their data and methods, and the scope map's reading of each, with the inputs of that reading / Table B. Inputs for the last column (from this repository's computations and the sources read)",sentence,manuscript/supplementary.md,1683,"On these data, therefore, deconvolved series remain in the r₁-dominated region and the map's reading applies to them as to the raw series; whether that holds for the deconvolved series of rows 1–3 and 9 is not determined, and Luppi et al. 2022 report ""negligible effects"" of the step at TR 0.72 s.",Luppi 2022,Luppi et al. (2022),Luppi2022.pdf,S,completely supported,own,Luppi et al. (2022) report 'negligible effects' of the deconvolution step at TR 0.72 s.,,,,Luppi2022.pdf p. 16; Luppi2022.pdf p. 13,C271
