# Every number of the main text of manuscript/draft_v2.md (title to Materials and methods, the six figure captions and the four table captions and bodies, the Data and code availability statement, and the Supporting-information captions), one row per occurrence, in reading order. category: data (checked against the named file at the named line, at the printed precision), design (a fixed setting of the analysis, located in the named file), literature (a value of a cited work, located in the literature table), bound (a stated bound, checked to hold against the file's value), derived (computed from quoted values; the derivation is given), label (a name, index, date or formula constant, not a quantity). As revised in the error-only revision that applied the check of 25 September 2026, and in the commit of the final run's outputs, which added the row of the run's wall-clock, recomputed the context of the two rows of Data and code availability whose context the rewritten sentences changed, moved 67 locators to the lines of the regenerated files and took 43 held strings from them (the files' values changed by less than 1e-9; the numbers the text prints are unchanged), updated the five rows of S19 Table's count, which the table's new row for the final run changes, and corrected the notes of four rows that gave B21's inverted-interval bounds wrongly in their fifth decimal and the locators of eleven rows into `scripts/15_figures_v2.py`, whose lines b02d5ba had moved (the numbers the text prints were right). The corrections of the error-only read of 26 September 2026 recomputed the context of the rows whose context the edits reached (26), added the row of the population change on AR(1) pairs that Table 3 now states, and restated the band-passed row, whose number is now the window-level fall of 0.015 in pair r₁, with the generator's target as its source. The revision that followed the citation crosscheck of 28 September 2026 (the crosscheck's changes, the readiness items, the audits' corrections and the length condensations) recomputed the context of the rows whose context its edits reached (24), deleted the 13 rows of the numbers the condensations take out of the body (they remain in Figs 1 and 4's captions), recounted the occurrences of the changed paragraphs, put the rows of Results 1's rewritten paragraph in reading order and made its row of "+0.05" a derived row, corrected the note of the second "1" of Introduction paragraph 2 (lag-1) and the context of the seed row of Data and code availability, which ran past its paragraph, and added three label rows (Varley's Eqs. 4–6; the licence's version). The text that reports B25 (29 September 2026) changed the five rows of S19 Table's count (56 predictions: 28 met, 14 partly met, 14 missed) and recomputed the context of the rows whose context its edits reached (5). The text that reports B26's run and the claim-by-claim check of 29–30 September 2026 moved 16 locators to the lines that its edits moved (S19 Table's count; the figure script), took 61 held strings and the values of 15 notes from the regenerated files, changed the 14 numbers the run changed at their printed precision, deleted the rows of the 8 numbers it takes out (Fig 5's caption's three p values; the Discussion's three rates; two labels of the Methods sentence that Results 4's definition replaces), added 22 rows for the numbers of the new sentences, recomputed the context of the rows whose context its edits reached (93) and recounted the occurrences of the paragraphs it edits. The three rows of the residual's rate per unit of whole-brain r₁ now cite the output of `notes/review_2026-09-24/checks/derived_r17.py` run again on B26's outputs (notes/review_2026-09-30/checks/derived_r17_b26.out). The correction of Table 3's caption (1 October 2026) recomputed the context of the one row its edit reached and added the label row of the AR(1) it names (1,198 rows). As revised on 1–2 October 2026 to the cold reads of 1 October 2026 and the run of B27, B28, B29 and B16c (this note's first sentence now counts the four tables of the main text): 17 locators moved to the lines the edits of supplementary.md, the literature file and the figure script moved them to (4 held strings and 5 anchors updated on edited lines); 264 rows deleted: 161 of the former Table 3's caption and body, now in S3 Text §6; 64 of numbers the revision takes out of their paragraph, to the supporting information, to a table, a caption or another paragraph; 7 of numbers the rewritten sentences no longer state and that are at no other place in that form (a threshold replaced by the p values themselves, a repeated limit, a second mention, a count of refits, a clause that is not carried, and the spin p rewritten as p < 1/10,000); 28 of labels the rewritten sentences no longer carry; and 4 of numbers that are still in their paragraph in a rewritten sentence, where a new row replaces the old one (`notes/review_2026-10-01_cold_reads/checks/numbers_update.out` lists every deleted row with its class and, for the second and third classes, where the number now is or what became of it); 447 rows added, one for every number token of the revised text that had none (277 data rows, with file, line and held string; 62 design and 3 literature rows, with file, line and anchor; 19 derived rows, with the derivation; 86 label rows, which have no source): the numbers of the new and rewritten sentences, Table 2's six new rows and the new Tables 3 and 4, and the labels of the new sentences (section numbers of the supporting texts, formula indices), sourced to the run's tables (baseline_gap_tables.md, matched_slope_tables.md, censoring_tables.md, prewhiten_fixed_tables.md and inference_rows_prewhiten_fixed.csv), to `notes/review_2026-10-01_cold_reads/checks/derived_r24.out`, to the committed tables, scripts and lines of the record they quote, to a committed log, to the supporting information where it holds the value (S3 Text; S2, S6, S15 and S18 Tables), to the files of the two PubMed searches and to the claim record of the source papers; 4 numbers changed in place (S19 Table's count); the context recomputed for the 281 rows the edits reached; and the locators of committed rows corrected where the audit of the revision's text found them wrong: 13 anchors that had not been on their line since B26's run changed the line's values, 19 rows of N = 14 that named the line of column names of the primary result file (now the record's line on the shape of the data, which the 14 added rows of N = 14 take too) and 1 held string taken from the wrong cell of its line; the note of 1 committed row, which called Fig 1a's surface the scope map, reworded. The check of the corrected revision found further committed rows whose line did not hold their setting or whose note described another token of their sentence, corrected here: 13 rows of the window sets and of the 14 subjects that named the heading of a table of family_atoms_tables.md (now the file's line 4, which states them); 5 rows of Table 2's caption that named a line of the record without them (now the record's lines on the window sets and on the shape of the data); 9 rows of the name AR(1), of "95 %" and of "lag-1" that were design rows on such lines (now label rows); the row of "BIC over 1–5" (now the line of prewhiten_tables.md that states the range); 5 label notes; the note of the row on the version of rsHRF, 1.7.0, which sits on the token 1.7; the held string of 1 bound row (6.7e-16, the value its note names); and the notes of 2 rows that named Table 3 for values now in the residual table of S3 Text §6. A second check found 3 more label notes of that kind, the held string of 1 row that had taken the hyphen of the range 0.680-0.830 for a minus sign (now 0.830) and the note of the 3 committed rows of N = 14 that described the result file (now the record's line on the shape of the data, as in the 14 added rows that took the same note), corrected here too. Occurrences recounted in reading order (1,381 rows). A row sits on one number token of the text, a sign belonging to its number; no row is given to citation years, cross-references by number (Results, Fig, Table, Eq., Example, Definition; a figure's number before a panel letter, as in Fig 1a, included), the numbers of the captions' own heads (Fig 1 to Fig 6, Table 1 to Table 4) and of the headings, dates, commit identifiers, the Zenodo DOI or code spans, apart from 5 label rows that earlier revisions gave to such tokens; a group of digits that follows a letter directly (the names of the supporting items, S1 Text to S20 Table; "Fig. S4" of a cited work; the user name in the repository's address) is not a number token. In a locator, an anchor written "@La-b|" before a string says that the row's line is one of lines a to b of the file (the rows of a table, with or without its head, or a single line), the string being on the row's line; "@pct|" marks a value that the text prints as a percentage; and the held string of a bound row is "bound on" and the value on the line for which the printed bound holds.
section,paragraph,occurrence,number,category,source_file,locator,note,check,context
Title,paragraph 1,1,1,label,,,AR(1): a name,ok,position is mostly self-prediction: a closed form on the AR(1) family and a within-subject DMT fMRI a
Abstract,paragraph 1,1,1,label,,,"AR(1), lag-1: names",ok,en Gaussian-MMI atoms of two first-order autoregressive (AR(1)) processes coupled only at lag 0. With
Abstract,paragraph 1,1,0,label,,,lag-0: a name,ok,-order autoregressive (AR(1)) processes coupled only at lag 0. With equal coefficients the synergy at
Abstract,paragraph 1,2,1,label,,,"AR(1), lag-1: names",ok, is less. sts inherits self-information's dependence on lag-1 autocorrelation r₁: at the data's opera
Abstract,paragraph 1,1,0.01,design,notes/review_results/partB/exchange_rates_tables.md,line 8; anchor: per 0.01 of r₁,the step of the exchange rate,ok," on lag-1 autocorrelation r₁: at the data's operating point 0.01 of r₁ moves it by 0.061 nats, 0.1 of th"
Abstract,paragraph 1,1,0.061,data,notes/review_results/partB/exchange_rates_tables.md,line 8; the line holds +0.0607; anchor: r₁ (both members),+0.0607 per 0.01 of r₁,ok,"on r₁: at the data's operating point 0.01 of r₁ moves it by 0.061 nats, 0.1 of the lag-0 correlation |q| "
Abstract,paragraph 1,1,0.1,design,notes/review_results/partB/exchange_rates_tables.md,line 9; anchor: per 0.1 of,the step of the exchange rate,ok,"e data's operating point 0.01 of r₁ moves it by 0.061 nats, 0.1 of the lag-0 correlation |q| by 0.019 ("
Abstract,paragraph 1,2,0,label,,,lag-0: a name,ok,"ing point 0.01 of r₁ moves it by 0.061 nats, 0.1 of the lag-0 correlation |q| by 0.019 (4.7 to 1 per "
Abstract,paragraph 1,1,0.019,data,notes/review_results/partB/exchange_rates_tables.md,line 9; the line holds -0.0189; anchor: q (lag-0 correlation),−0.0189 per 0.1 of |q|,ok,"moves it by 0.061 nats, 0.1 of the lag-0 correlation |q| by 0.019 (4.7 to 1 per within-window standard de"
Abstract,paragraph 1,1,4.7,data,notes/review_results/partB/aligned_directed_tables.md,line 27; the line holds 4.66; anchor: ratio (6.0705 × SD_r₁)/(0.1892 × SD_|q|) 4.66,"B22 (d), ts_gsr, within windows: 4.66",ok,"t by 0.061 nats, 0.1 of the lag-0 correlation |q| by 0.019 (4.7 to 1 per within-window standard deviati"
Abstract,paragraph 1,3,1,label,,,ratio to 1,ok,"061 nats, 0.1 of the lag-0 correlation |q| by 0.019 (4.7 to 1 per within-window standard deviation; n"
Abstract,paragraph 1,1,14,design,manuscript/analysis_record.md,line 48; anchor: 14 subjects × 2 conditions,N = 14 subjects (the shape of the data: 14 subjects × 2 conditions),ok,"g, which can move it either way). In within-subject fMRI of 14 volunteers given N,N-dimethyltryptamine"
Abstract,paragraph 1,1,−0.081,data,notes/review_results/partB/inference_revision.csv,"line 627; the line holds -0.08086620932182391; anchor: pickle,sts ts_gsr W60,primary,did",mean −0.08087,ok,"MMI-sts fell relative to placebo (difference-in-differences −0.081 [−0.132, −0.031], p = 0.004, 13 of 14; "
Abstract,paragraph 1,1,−0.132,data,notes/review_results/partB/inference_revision.csv,"line 627; the line holds -0.1317430794744802; anchor: pickle,sts ts_gsr W60,primary,did",inv_lo −0.13174,ok,"fell relative to placebo (difference-in-differences −0.081 [−0.132, −0.031], p = 0.004, 13 of 14; −0.054 a"
Abstract,paragraph 1,1,−0.031,data,notes/review_results/partB/inference_revision.csv,"line 627; the line holds -0.03101903689732733; anchor: pickle,sts ts_gsr W60,primary,did",inv_hi −0.03102,ok,"ative to placebo (difference-in-differences −0.081 [−0.132, −0.031], p = 0.004, 13 of 14; −0.054 adjusted "
Abstract,paragraph 1,1,0.004,data,notes/review_results/partB/inference_revision.csv,"line 627; the line holds 0.0037841796875; anchor: pickle,sts ts_gsr W60,primary,did",p_exact 0.0038,ok,"ebo (difference-in-differences −0.081 [−0.132, −0.031], p = 0.004, 13 of 14; −0.054 adjusted for the runs"
Abstract,paragraph 1,1,13,data,notes/review_results/partB/inference_revision.csv,"line 627; the line holds 13; anchor: pickle,sts ts_gsr W60,primary,did",n_neg 13,ok,"fference-in-differences −0.081 [−0.132, −0.031], p = 0.004, 13 of 14; −0.054 adjusted for the runs' pr"
Abstract,paragraph 1,2,14,design,manuscript/analysis_record.md,line 48; anchor: 14 subjects × 2 conditions,N = 14 subjects (the shape of the data: 14 subjects × 2 conditions),ok,"ce-in-differences −0.081 [−0.132, −0.031], p = 0.004, 13 of 14; −0.054 adjusted for the runs' pre-inje"
Abstract,paragraph 1,1,−0.054,data,notes/review_results/partB/baseline_gap_tables.md,line 10; the line holds -0.0544; anchor: | sts | ts_gsr | 60 |,"B27 (a): the baseline-adjusted contrast, to three decimals",ok,"n-differences −0.081 [−0.132, −0.031], p = 0.004, 13 of 14; −0.054 adjusted for the runs' pre-injection ga"
Abstract,paragraph 1,1,−0.094,data,notes/review_results/partB/bandpassed_expectations_tables.md,line 12; the line holds -0.09441; anchor: | observed sts | -0.09441,"B24, condition (i): −0.09441 ± 0.00222 (B17b −0.0940 ± 0.0028)",ok,"or the runs' pre-injection gap) with r₁, near a generator's −0.094 for that fall; across subjects the two "
Abstract,paragraph 1,1,0.69,data,notes/review_2026-10-01_cold_reads/checks/derived_r24.out,line 63; the line holds +0.693672; anchor: mean cross-half correlation of the sts and r₁ DiDs,"derived_r24.out item 6 (B21 (d)'s formula): the mean cross-half correlation of the sts and r₁ DiDs, +0.693672, to two decimals",ok," the two DMT-minus-placebo differences covary (cross-half r 0.69 [0.26, 0.89], disattenuated 0.95), part"
Abstract,paragraph 1,1,0.26,data,notes/review_2026-10-01_cold_reads/checks/derived_r24.out,line 63; the line holds +0.258078; anchor: mean cross-half correlation of the sts and r₁ DiDs,"derived_r24.out item 6 (B21 (d)'s formula): its Fisher-z 95 % interval, lower limit, +0.258078, to two decimals",ok,"wo DMT-minus-placebo differences covary (cross-half r 0.69 [0.26, 0.89], disattenuated 0.95), partly thr"
Abstract,paragraph 1,1,0.89,data,notes/review_2026-10-01_cold_reads/checks/derived_r24.out,line 63; the line holds +0.894889; anchor: mean cross-half correlation of the sts and r₁ DiDs,"derived_r24.out item 6 (B21 (d)'s formula): its Fisher-z 95 % interval, upper limit, +0.894889, to two decimals",ok,"-minus-placebo differences covary (cross-half r 0.69 [0.26, 0.89], disattenuated 0.95), partly through t"
Abstract,paragraph 1,1,0.95,data,notes/review_results/partB/inference_revision_tables.md,line 284; the line holds +0.951; anchor: | ts_gsr | +0.742 | +0.645 | +0.694 |,disattenuated +0.951,ok,"ences covary (cross-half r 0.69 [0.26, 0.89], disattenuated 0.95), partly through that gap. Regional sts"
Abstract,paragraph 1,1,0.86,data,notes/review_results/partB/regional_sts_r1_tables.md,line 9; the line holds +0.863; anchor: | sts | r₁ windowed | +0.863,Pearson +0.863,ok,tly through that gap. Regional sts follows regional r₁ (r = 0.86). With AR(1) cross-lags substituted at 
Abstract,paragraph 1,4,1,label,,,"AR(1), lag-1: names",ok,t gap. Regional sts follows regional r₁ (r = 0.86). With AR(1) cross-lags substituted at each pair's 
Abstract,paragraph 1,3,0,label,,,lag-0: a name,ok,"ubstituted at each pair's measured autocorrelations and lag-0 correlation, sts falls 0.0115 more than"
Abstract,paragraph 1,1,0.0115,data,notes/review_results/partB/inference_revision.csv,"line 231; the line holds 0.011534229270659582; anchor: pickle,diag residual sts ts_gsr W60,primary,did",mean +0.01153,ok," measured autocorrelations and lag-0 correlation, sts falls 0.0115 more than observed, 0.006–0.009 above s"
Abstract,paragraph 1,1,0.006,data,notes/review_results/partB/baseline_gap_tables.md,line 43; the line holds +0.0061; anchor: Sensitivity:,"B27 (c): the smallest excess of the residual DiD over its three expectations, +0.0061, to three decimals",ok,"and lag-0 correlation, sts falls 0.0115 more than observed, 0.006–0.009 above simulated pure autocorrelat"
Abstract,paragraph 1,1,0.009,data,notes/review_results/partB/baseline_gap_tables.md,line 43; the line holds +0.0088; anchor: Sensitivity:,"B27 (c): the largest excess, +0.0088, to three decimals",ok,"g-0 correlation, sts falls 0.0115 more than observed, 0.006–0.009 above simulated pure autocorrelation ch"
Abstract,paragraph 1,1,0.0155,data,notes/review_results/partB/baseline_gap_tables.md,line 43; the line holds 0.0155; anchor: Sensitivity:,B27 (c): the smallest difference from a point expectation that the one-sample t test (13 df) detects with 80 % power at the two-sided 5 % level,ok,"ve simulated pure autocorrelation changes: a test detecting 0.0155 does not resolve this (p = 0.11–0.25), "
Abstract,paragraph 1,1,0.11,data,notes/review_results/partB/inference_revision_tables.md,line 234; the line holds 0.1075; anchor: | +0.0027 | 0.1075,B21 (b): p = 0.1075 against +0.0027,ok,"changes: a test detecting 0.0155 does not resolve this (p = 0.11–0.25), but across subjects it scales wi"
Abstract,paragraph 1,1,0.25,data,notes/review_results/partB/inference_revision_tables.md,line 236; the line holds 0.2507; anchor: | +0.0054 | 0.2507,B21 (b): p = 0.2507 against +0.0054,ok,"es: a test detecting 0.0155 does not resolve this (p = 0.11–0.25), but across subjects it scales with th"
Abstract,paragraph 1,5,1,label,,,"AR(1), lag-1: names",ok,end reporting r₁ beside sts and each contrast beside its AR(1)-substituted estimate.
Introduction,paragraph 1,1,1,label,,,lag-1: a name,ok,"n et al., 2026; Gao et al., 2026), on BOLD series whose lag-1 autocorrelation is high because of haem"
Introduction,paragraph 2,1,1,label,,,½ ln(1 + α²): formula,ok,"he net synergy vanishes while the MMI synergy stays at ½ ln(1 + α²), his Eqs. 73 and 79–82). MMI's ag"
Introduction,paragraph 2,1,79,label,,,citation locator (Barrett's Eqs. 79–82),ok,"hile the MMI synergy stays at ½ ln(1 + α²), his Eqs. 73 and 79–82). MMI's aggregate synergy, the same "
Introduction,paragraph 2,1,82,label,,,citation locator,ok,"e the MMI synergy stays at ½ ln(1 + α²), his Eqs. 73 and 79–82). MMI's aggregate synergy, the same fou"
Introduction,paragraph 2,1,4,label,,,citation locator (Varley's Eqs. 4–6),ok,"wo independent autocorrelated processes (Varley, 2024, Eqs. 4–6 and 12), and PID applied to time seri"
Introduction,paragraph 2,1,6,label,,,citation locator,ok," independent autocorrelated processes (Varley, 2024, Eqs. 4–6 and 12), and PID applied to time series"
Introduction,paragraph 2,2,1,label,,,lag-1: a name,ok,"ue from the self-information, how sts depends on a pair's lag-1 autocorrelation r₁ and lag-0 correlat"
Introduction,paragraph 2,1,0,label,,,lag-0: a name,ok," how sts depends on a pair's lag-1 autocorrelation r₁ and lag-0 correlation q, where real region pair"
Introduction,paragraph 3,1,1,label,,,"lag-1, AR(1): names",ok,"d by the pairs' self-prediction atoms and went with the lag-1 autocorrelation contrast, and the close"
Introduction,paragraph 3,2,1,label,,,"AR(1), lag-1: names",ok,"and the closed form, for two first-order autoregressive (AR(1)) processes coupled only at lag 0 (Resu"
Introduction,paragraph 3,1,0,label,,,lag-0: a name,ok,"-order autoregressive (AR(1)) processes coupled only at lag 0 (Results 1), was derived afterwards, mo"
Results,paragraph 1,1,1,label,,,lag-1: a name,ok,"pre) on DMT minus (post − pre) on placebo, per subject. Lag-1 autocorrelation r₁ is estimated two way"
Results,paragraph 1,2,1,label,,,lag-1: a name,ok,"₁ is estimated two ways: regional r₁, a region's sample lag-1 autocorrelation within a window (its me"
Results,paragraph 1,3,1,label,,,lag-1: a name,ok," whole-brain r₁), and pair r₁, the mean of a pair's two lag-1 correlations, a_x and a_y, in its windo"
Results,paragraph 1,1,4,label,,,matrix dimension,ok,"pair's two lag-1 correlations, a_x and a_y, in its window's 4 × 4 correlation matrix, the quantity th"
Results,paragraph 1,2,4,label,,,matrix dimension,ok,"'s two lag-1 correlations, a_x and a_y, in its window's 4 × 4 correlation matrix, the quantity the si"
Results,paragraph 1,4,1,label,,,AR(1): a name,ok,"tion matrix, the quantity the simulations report and the AR(1)-substituted estimate uses; on the fami"
Results,paragraph 1,5,1,label,,,AR(1): a name,ok,bstituted estimate uses; on the family both equal a. The AR(1)-substituted estimate of an atom is its
Results,paragraph 1,3,4,label,,,4 × 4: the matrix size,ok,-substituted estimate of an atom is its value in the pair's 4 × 4 correlation matrix with the two lag
Results,paragraph 1,4,4,label,,,4 × 4: the matrix size,ok,stituted estimate of an atom is its value in the pair's 4 × 4 correlation matrix with the two lag-0 e
Results,paragraph 1,1,0,label,,,lag-0: a name,ok,lue in the pair's 4 × 4 correlation matrix with the two lag-0 entries set to their mean q and the two
Results,paragraph 1,6,1,label,,,AR(1): a name,ok,"he two measured cross-lag correlations replaced by their AR(1) values, a_y q and a_x q (Methods). W ="
Results,paragraph 1,1,60,design,manuscript/analysis_record.md,line 189; anchor: W = 60,W = 60,ok,"laced by their AR(1) values, a_y q and a_x q (Methods). W = 60 denotes the primary estimator's 60-TR w"
Results,paragraph 1,2,60,design,manuscript/analysis_record.md,line 189; anchor: W = 60,60-TR windows,ok,"and a_x q (Methods). W = 60 denotes the primary estimator's 60-TR windows, and a global fit one fit ov"
Results / 1. The sixteen atoms in closed form,paragraph 1,1,1,label,,,formula constant or name,ok,Let x and y be unit-variance AR(1) processes with lag-1 autocorrelation a
Results / 1. The sixteen atoms in closed form,paragraph 1,2,1,label,,,formula constant or name,ok,Let x and y be unit-variance AR(1) processes with lag-1 autocorrelation a (= r₁) whose innovati
Results / 1. The sixteen atoms in closed form,paragraph 1,1,0,label,,,lag-0: a name,ok," (= r₁) whose innovations are correlated, so that their lag-0 correlation is q and corr(x_t, y_{t+1})"
Results / 1. The sixteen atoms in closed form,paragraph 1,3,1,label,,,formula constant or name,ok,"ed, so that their lag-0 correlation is q and corr(x_t, y_{t+1}) = aq, with no lagged interaction. Wit"
Results / 1. The sixteen atoms in closed form,paragraph 1,4,1,label,,,formula constant or name,ok,", y_{t+1}) = aq, with no lagged interaction. With S = −½ ln(1 − a²), the self-information of one proc"
Results / 1. The sixteen atoms in closed form,paragraph 1,5,1,label,,,formula constant or name,ok,"1 − a²), the self-information of one process, and C = −½ ln(1 − a²q²), the cross-lag mutual informati"
Results / 1. The sixteen atoms in closed form,paragraph 2,1,0,label,,,formula constant or name,ok,"rtx = rty = xtr = ytr = xty = ytx = 0,   xtx = yty = rts = str = S − C,   xts"
Results / 1. The sixteen atoms in closed form,paragraph 3,1,2,label,,,formula constant,ok,sts = 2S − C = −ln(1 − a²) + ½ ln(1 − a²q²).
Results / 1. The sixteen atoms in closed form,paragraph 3,1,1,label,,,formula constant or name,ok,sts = 2S − C = −ln(1 − a²) + ½ ln(1 − a²q²).
Results / 1. The sixteen atoms in closed form,paragraph 3,2,1,label,,,formula constant or name,ok,sts = 2S − C = −ln(1 − a²) + ½ ln(1 − a²q²).
Results / 1. The sixteen atoms in closed form,paragraph 5,1,2,label,,,formula constant,ok,"sts − (xtx + yty) = rtr,   rtr + sts = TDMI = 2S,   ΦR = rtr,"
Results / 1. The sixteen atoms in closed form,paragraph 6,1,0,label,,,formula constant or name,ok," Varley's (2024) aggregate synergy (his Eq. 3), which at q = 0 is his identity for a disintegrated pa"
Results / 1. The sixteen atoms in closed form,paragraph 7,1,0,label,,,q = 0 / rtr = 0: exact values of the formula,ok,"e MMI minima select the less self-predictive member. At q = 0, sts = 2 min(S_x, S_y) exactly and rtr "
Results / 1. The sixteen atoms in closed form,paragraph 7,1,2,label,,,formula constant,ok,"ima select the less self-predictive member. At q = 0, sts = 2 min(S_x, S_y) exactly and rtr = 0, so s"
Results / 1. The sixteen atoms in closed form,paragraph 7,2,0,label,,,q = 0 / rtr = 0: exact values of the formula,ok,"e member. At q = 0, sts = 2 min(S_x, S_y) exactly and rtr = 0, so sts lies below xtx + yty = S_x + S_"
Results / 1. The sixteen atoms in closed form,paragraph 7,1,0.80,design,notes/review_results/partB/diagnostic_alternatives_tables.md,line 196; anchor: | 0.80 | 0.05 |,grid,ok,"w xtx + yty = S_x + S_y by |S_x − S_y|. On a grid of mean a 0.80–0.90 and q 0.05–0.70, str equals the sm"
Results / 1. The sixteen atoms in closed form,paragraph 7,1,0.90,design,notes/review_results/partB/diagnostic_alternatives_tables.md,line 208; anchor: | 0.90 | 0.05 |,grid,ok," + yty = S_x + S_y by |S_x − S_y|. On a grid of mean a 0.80–0.90 and q 0.05–0.70, str equals the smaller"
Results / 1. The sixteen atoms in closed form,paragraph 7,1,0.05,design,notes/review_results/partB/diagnostic_alternatives_tables.md,line 196; anchor: | 0.80 | 0.05 |,B23 (f) grid: q from 0.05,ok,"x + S_y by |S_x − S_y|. On a grid of mean a 0.80–0.90 and q 0.05–0.70, str equals the smaller self-predi"
Results / 1. The sixteen atoms in closed form,paragraph 7,1,0.70,design,notes/review_results/partB/diagnostic_alternatives_tables.md,line 201; anchor: | 0.80 | 0.70 |,B23 (f) grid: q to 0.70,ok,"_y by |S_x − S_y|. On a grid of mean a 0.80–0.90 and q 0.05–0.70, str equals the smaller self-prediction"
Results / 1. The sixteen atoms in closed form,paragraph 7,1,0.008,data,notes/review_results/partB/diagnostic_alternatives_tables.md,line 204; the line holds 0.0080; anchor: | 0.85 | 0.25 |,"B23 (f): asymmetry 0.0080 at (0.85, 0.25)",ok," falls with the asymmetry and changes sign at |a_x − a_y| = 0.008 at (0.85, 0.25) (S3 Text)."
Results / 1. The sixteen atoms in closed form,paragraph 7,1,0.85,design,notes/review_results/partB/exchange_rates_tables.md,"line 4; anchor: (0.85, 0.25)",the operating point,ok,"h the asymmetry and changes sign at |a_x − a_y| = 0.008 at (0.85, 0.25) (S3 Text)."
Results / 1. The sixteen atoms in closed form,paragraph 7,1,0.25,design,notes/review_results/partB/exchange_rates_tables.md,"line 4; anchor: (0.85, 0.25)",the operating point,ok,"asymmetry and changes sign at |a_x − a_y| = 0.008 at (0.85, 0.25) (S3 Text)."
Results / 1. The sixteen atoms in closed form,paragraph 8,1,0.85,design,notes/review_results/partB/exchange_rates_tables.md,"line 4; anchor: (0.85, 0.25)",the operating point,ok,"he operating point of these data's region pairs, (r₁, q) = (0.85, 0.25) (Fig 1a), 0.01 of r₁ moves sts b"
Results / 1. The sixteen atoms in closed form,paragraph 8,1,0.25,design,notes/review_results/partB/exchange_rates_tables.md,"line 4; anchor: (0.85, 0.25)",the operating point,ok,"rating point of these data's region pairs, (r₁, q) = (0.85, 0.25) (Fig 1a), 0.01 of r₁ moves sts by 0.06"
Results / 1. The sixteen atoms in closed form,paragraph 8,1,0.01,design,notes/review_results/partB/exchange_rates_tables.md,line 8; anchor: per 0.01 of,the step,ok," these data's region pairs, (r₁, q) = (0.85, 0.25) (Fig 1a), 0.01 of r₁ moves sts by 0.061 nats (∂sts/∂r"
Results / 1. The sixteen atoms in closed form,paragraph 8,1,0.061,data,notes/review_results/partB/exchange_rates_tables.md,line 8; the line holds +0.0607; anchor: r₁ (both members),+0.0607,ok,"rs, (r₁, q) = (0.85, 0.25) (Fig 1a), 0.01 of r₁ moves sts by 0.061 nats (∂sts/∂r₁ = +6.07), 0.1 of |q| by"
Results / 1. The sixteen atoms in closed form,paragraph 8,1,+6.07,data,notes/review_results/partB/exchange_rates_tables.md,line 8; the line holds +6.0705; anchor: r₁ (both members) | +6.0705,+6.0705,ok,"25) (Fig 1a), 0.01 of r₁ moves sts by 0.061 nats (∂sts/∂r₁ = +6.07), 0.1 of |q| by 0.019 (∂sts/∂q = −0.19"
Results / 1. The sixteen atoms in closed form,paragraph 8,1,0.1,design,notes/review_results/partB/exchange_rates_tables.md,line 9; anchor: per 0.1 of,the step,ok," 1a), 0.01 of r₁ moves sts by 0.061 nats (∂sts/∂r₁ = +6.07), 0.1 of |q| by 0.019 (∂sts/∂q = −0.19; sts "
Results / 1. The sixteen atoms in closed form,paragraph 8,1,0.019,data,notes/review_results/partB/exchange_rates_tables.md,line 9; the line holds -0.0189; anchor: q (lag-0 correlation),−0.0189,ok,"r₁ moves sts by 0.061 nats (∂sts/∂r₁ = +6.07), 0.1 of |q| by 0.019 (∂sts/∂q = −0.19; sts is even in q), a"
Results / 1. The sixteen atoms in closed form,paragraph 8,1,−0.19,data,notes/review_results/partB/exchange_rates_tables.md,line 9; the line holds -0.1892; anchor: q (lag-0 correlation) | -0.1892,−0.1892,ok,".061 nats (∂sts/∂r₁ = +6.07), 0.1 of |q| by 0.019 (∂sts/∂q = −0.19; sts is even in q), and 0.01 of within"
Results / 1. The sixteen atoms in closed form,paragraph 8,2,0.01,design,notes/review_results/partB/exchange_rates_tables.md,line 8; anchor: per 0.01 of,the step,ok,"0.1 of |q| by 0.019 (∂sts/∂q = −0.19; sts is even in q), and 0.01 of within-pair asymmetry |a_x − a_y| b"
Results / 1. The sixteen atoms in closed form,paragraph 8,1,0.031,data,notes/review_results/partB/exchange_rates_tables.md,line 12; the line holds -0.0309; anchor: per 0.01 of \|a_x − a_y\|,−0.0309,ok,"even in q), and 0.01 of within-pair asymmetry |a_x − a_y| by 0.031. Per standard deviation (SD) of the pa"
Results / 1. The sixteen atoms in closed form,paragraph 8,1,0.0284,data,notes/review_results/partB/aligned_directed_tables.md,line 27; the line holds 0.0284; anchor: mean between-pair SD of r₁ 0.0284,B22 (d),ok,dard deviation (SD) of the pairs' variation within a window (0.0284 for pair r₁ and 0.196 for |q|; S3 Text
Results / 1. The sixteen atoms in closed form,paragraph 8,1,0.196,data,notes/review_results/partB/aligned_directed_tables.md,line 27; the line holds 0.1957; anchor: of |q| 0.1957; ratio,B22 (d): 0.1957,ok,"the pairs' variation within a window (0.0284 for pair r₁ and 0.196 for |q|; S3 Text), the r₁ rate is 4.7 "
Results / 1. The sixteen atoms in closed form,paragraph 8,1,4.7,data,notes/review_results/partB/aligned_directed_tables.md,line 27; the line holds 4.66; anchor: ratio (6.0705 × SD_r₁)/(0.1892 × SD_|q|) 4.66,4.66,ok,"0284 for pair r₁ and 0.196 for |q|; S3 Text), the r₁ rate is 4.7 times the |q| rate, and 3.3 times acro"
Results / 1. The sixteen atoms in closed form,paragraph 8,1,3.3,data,notes/review_results/partB/aligned_directed_tables.md,line 28; the line holds 3.28; anchor: of |q| 0.0799; ratio 3.28,group level 3.28,ok,"or |q|; S3 Text), the r₁ rate is 4.7 times the |q| rate, and 3.3 times across pairs averaged over subje"
Results / 1. The sixteen atoms in closed form,paragraph 8,1,+5.13,data,notes/review_results/partB/aligned_directed_tables.md,line 29; the line holds +5.126; anchor: +5.126 per unit r₁,"B22 (d): within-window OLS, +5.126",ok,"of pair sts on r₁, |q| and |a_x − a_y| (S3 Text) the slopes, +5.13 per unit of r₁ and −0.53 per unit of |"
Results / 1. The sixteen atoms in closed form,paragraph 8,1,−0.53,data,notes/review_results/partB/aligned_directed_tables.md,line 29; the line holds -0.528; anchor: -0.528 per unit |q|,B22 (d): −0.528,ok,"d |a_x − a_y| (S3 Text) the slopes, +5.13 per unit of r₁ and −0.53 per unit of |q|, make the per-SD ratio"
Results / 1. The sixteen atoms in closed form,paragraph 8,1,1.4,derived,,derived: (5.126 × 0.0284) / (0.528 × 0.1957) = 1.41 (AD lines 27 and 29; derived_r17.out item 5),,ok,"unit of r₁ and −0.53 per unit of |q|, make the per-SD ratio 1.4; the |q| slope is 2.8 times the populat"
Results / 1. The sixteen atoms in closed form,paragraph 8,1,2.8,derived,,derived: 0.528 / 0.1892 = 2.79 (AD line 29; ER line 9),,ok,"er unit of |q|, make the per-SD ratio 1.4; the |q| slope is 2.8 times the population rate, consistent w"
Results / 1. The sixteen atoms in closed form,"Fig 1, caption",1,1,label,,,AR(1): a name,ok,"t, and the coupled family.** (a) Gaussian-MMI sts of two AR(1) processes coupled only at lag 0, as a "
Results / 1. The sixteen atoms in closed form,"Fig 1, caption",1,0,label,,,lag-0: a name,ok," Gaussian-MMI sts of two AR(1) processes coupled only at lag 0, as a function of the pair's lag-1 aut"
Results / 1. The sixteen atoms in closed form,"Fig 1, caption",2,1,label,,,lag-1: a name,ok,"esses coupled only at lag 0, as a function of the pair's lag-1 autocorrelation r₁ and lag-0 cross-cor"
Results / 1. The sixteen atoms in closed form,"Fig 1, caption",2,0,label,,,lag-0: a name,ok,as a function of the pair's lag-1 autocorrelation r₁ and lag-0 cross-correlation q (closed form of Me
Results / 1. The sixteen atoms in closed form,"Fig 1, caption",1,0.01,design,scripts/15_figures_v2.py,line 154; anchor: STEP = 0.01,"the grid step of the sts surface of Fig 1a (the plans' scope map), a plotting setting",ok,"lag-0 cross-correlation q (closed form of Methods; grid step 0.01), with the density of one subject's sa"
Results / 1. The sixteen atoms in closed form,"Fig 1, caption",3,1,label,,,subject index,ok,"ject's saved pre-injection pairs — the overlay holds subject 1 only (ts_gsr, the variant with global "
Results / 1. The sixteen atoms in closed form,"Fig 1, caption",4,1,design,manuscript/analysis_record.md,line 1747; anchor: Primary (pre windows 1–4 / bins 1–8; post windows 6–14 / bins 11–28),pre-injection windows 1–4,ok," (ts_gsr, the variant with global signal regression; windows 1–4 of both runs, 52,440 pair × window p"
Results / 1. The sixteen atoms in closed form,"Fig 1, caption",1,4,design,manuscript/analysis_record.md,line 1747; anchor: Primary (pre windows 1–4 / bins 1–8; post windows 6–14 / bins 11–28),pre-injection windows 1–4,ok,"ts_gsr, the variant with global signal regression; windows 1–4 of both runs, 52,440 pair × window poi"
Results / 1. The sixteen atoms in closed form,"Fig 1, caption",1,"52,440",derived,,"derived: 6,555 pairs × 4 windows × 2 runs = 52,440 (scope_map_tables.md: 6555 pairs per window)",,ok,"ant with global signal regression; windows 1–4 of both runs, 52,440 pair × window points; contours at the "
Results / 1. The sixteen atoms in closed form,"Fig 1, caption",1,50,design,scripts/15_figures_v2.py,"line 192; anchor: np.percentile(H[H > 0], [50, 80, 95])","contour percentiles, a plotting setting",ok,"4 of both runs, 52,440 pair × window points; contours at the 50th, 80th and 95th percentiles of the oc"
Results / 1. The sixteen atoms in closed form,"Fig 1, caption",1,80,design,scripts/15_figures_v2.py,"line 192; anchor: np.percentile(H[H > 0], [50, 80, 95])","contour percentiles, a plotting setting",ok,"oth runs, 52,440 pair × window points; contours at the 50th, 80th and 95th percentiles of the occupied"
Results / 1. The sixteen atoms in closed form,"Fig 1, caption",1,95,design,scripts/15_figures_v2.py,"line 192; anchor: np.percentile(H[H > 0], [50, 80, 95])","contour percentiles, a plotting setting",ok," 52,440 pair × window points; contours at the 50th, 80th and 95th percentiles of the occupied cells; r"
Results / 1. The sixteen atoms in closed form,"Fig 1, caption",5,1,label,,,lag-1: a name,ok,"ccupied cells; r₁ = pair r₁, the mean of the pair's two lag-1 correlations in its window's 4 × 4 matr"
Results / 1. The sixteen atoms in closed form,"Fig 1, caption",2,4,label,,,matrix dimension,ok,"e mean of the pair's two lag-1 correlations in its window's 4 × 4 matrix, q = the pair's within-windo"
Results / 1. The sixteen atoms in closed form,"Fig 1, caption",3,4,label,,,matrix dimension,ok,"an of the pair's two lag-1 correlations in its window's 4 × 4 matrix, q = the pair's within-window la"
Results / 1. The sixteen atoms in closed form,"Fig 1, caption",3,0,label,,,lag-0: a name,ok," its window's 4 × 4 matrix, q = the pair's within-window lag-0 correlation; median r₁ 0.855, median |"
Results / 1. The sixteen atoms in closed form,"Fig 1, caption",1,0.855,data,manuscript/figures/captions_v2.md,line 7; the line holds 0.855; anchor: median r₁ 0.855,computed by scripts/15_figures_v2.py from the saved pre-injection pairs of subject 1 (scope_map_tables.md gives per-window medians 0.840–0.867),ok,"x, q = the pair's within-window lag-0 correlation; median r₁ 0.855, median |q| 0.249) and the operating p"
Results / 1. The sixteen atoms in closed form,"Fig 1, caption",1,0.249,data,manuscript/figures/captions_v2.md,line 7; the line holds 0.249; anchor: median |q| 0.249,computed by scripts/15_figures_v2.py from the saved pre-injection pairs of subject 1 (scope_map_tables.md gives per-window |q| medians 0.222–0.305),ok,"within-window lag-0 correlation; median r₁ 0.855, median |q| 0.249) and the operating point (0.85, 0.25) "
Results / 1. The sixteen atoms in closed form,"Fig 1, caption",1,0.85,design,notes/review_results/partB/exchange_rates_tables.md,"line 4; anchor: (0.85, 0.25)",the operating point,ok," median r₁ 0.855, median |q| 0.249) and the operating point (0.85, 0.25) marked; the black contours are "
Results / 1. The sixteen atoms in closed form,"Fig 1, caption",1,0.25,design,notes/review_results/partB/exchange_rates_tables.md,"line 4; anchor: (0.85, 0.25)",the operating point,ok,"n r₁ 0.855, median |q| 0.249) and the operating point (0.85, 0.25) marked; the black contours are sts = "
Results / 1. The sixteen atoms in closed form,"Fig 1, caption",2,0.25,design,scripts/15_figures_v2.py,"line 182; anchor: LEVELS = [0.25, 0.5, 1.0, 1.5, 2.0]","contour levels, a plotting setting",ok,"ting point (0.85, 0.25) marked; the black contours are sts = 0.25, 0.5, 1, 1.5 and 2 nats from the botto"
Results / 1. The sixteen atoms in closed form,"Fig 1, caption",1,0.5,design,scripts/15_figures_v2.py,"line 182; anchor: LEVELS = [0.25, 0.5, 1.0, 1.5, 2.0]","contour levels, a plotting setting",ok,"oint (0.85, 0.25) marked; the black contours are sts = 0.25, 0.5, 1, 1.5 and 2 nats from the bottom (th"
Results / 1. The sixteen atoms in closed form,"Fig 1, caption",6,1,design,scripts/15_figures_v2.py,"line 182; anchor: LEVELS = [0.25, 0.5, 1.0, 1.5, 2.0]","contour levels, a plotting setting",ok,"(0.85, 0.25) marked; the black contours are sts = 0.25, 0.5, 1, 1.5 and 2 nats from the bottom (the t"
Results / 1. The sixteen atoms in closed form,"Fig 1, caption",1,1.5,design,scripts/15_figures_v2.py,"line 182; anchor: LEVELS = [0.25, 0.5, 1.0, 1.5, 2.0]","contour levels, a plotting setting",ok,"85, 0.25) marked; the black contours are sts = 0.25, 0.5, 1, 1.5 and 2 nats from the bottom (the two be"
Results / 1. The sixteen atoms in closed form,"Fig 1, caption",1,2,design,scripts/15_figures_v2.py,"line 182; anchor: LEVELS = [0.25, 0.5, 1.0, 1.5, 2.0]","contour levels, a plotting setting",ok,") marked; the black contours are sts = 0.25, 0.5, 1, 1.5 and 2 nats from the bottom (the two below th"
Results / 1. The sixteen atoms in closed form,"Fig 1, caption",4,0,label,,,q = 0: exact value of the formula,ok, which on the symmetric family equals rtr and is zero at q = 0. (c) sts against the coupling c of the
Results / 1. The sixteen atoms in closed form,"Fig 1, caption",7,1,label,,,"VAR(1), t+1: names and indices",ok,"g c of the symmetric first-order vector autoregressive (VAR(1)) pair x_{t+1} = a x_t + c y_t + ε, y_{"
Results / 1. The sixteen atoms in closed form,"Fig 1, caption",8,1,label,,,"VAR(1), t+1: names and indices",ok,"mmetric first-order vector autoregressive (VAR(1)) pair x_{t+1} = a x_t + c y_t + ε, y_{t+1} = a y_t "
Results / 1. The sixteen atoms in closed form,"Fig 1, caption",9,1,label,,,"VAR(1), t+1: names and indices",ok,"toregressive (VAR(1)) pair x_{t+1} = a x_t + c y_t + ε, y_{t+1} = a y_t + c x_t + η, with a and the i"
Results / 1. The sixteen atoms in closed form,"Fig 1, caption",2,0.85,design,notes/review_results/partB/exchange_rates_tables.md,"line 4; anchor: (0.85, 0.25)",the operating point,ok," the pair's r₁ and q stay fixed. The four curves: (r₁, q) = (0.85, 0.25), the operating point, solid bla"
Results / 1. The sixteen atoms in closed form,"Fig 1, caption",3,0.25,design,notes/review_results/partB/exchange_rates_tables.md,"line 4; anchor: (0.85, 0.25)",the operating point,ok,"air's r₁ and q stay fixed. The four curves: (r₁, q) = (0.85, 0.25), the operating point, solid black; (0"
Results / 1. The sixteen atoms in closed form,"Fig 1, caption",3,0.85,design,notes/review_results/partB/coupling_map_tables.md,"line 30; anchor: (r1, q) held at (0.85, 0.0)",the second curve's point,ok,": (r₁, q) = (0.85, 0.25), the operating point, solid black; (0.85, 0), grey; (0.6, 0.25), blue; and, das"
Results / 1. The sixteen atoms in closed form,"Fig 1, caption",5,0,design,notes/review_results/partB/coupling_map_tables.md,"line 30; anchor: (r1, q) held at (0.85, 0.0)",the second curve's point,ok," q) = (0.85, 0.25), the operating point, solid black; (0.85, 0), grey; (0.6, 0.25), blue; and, dashed"
Results / 1. The sixteen atoms in closed form,"Fig 1, caption",1,0.6,design,notes/review_results/partB/coupling_map_tables.md,"line 56; anchor: (r1, q) held at (0.6, 0.25)",the third curve's point,ok,", 0.25), the operating point, solid black; (0.85, 0), grey; (0.6, 0.25), blue; and, dashed with open ma"
Results / 1. The sixteen atoms in closed form,"Fig 1, caption",4,0.25,design,notes/review_results/partB/coupling_map_tables.md,"line 56; anchor: (r1, q) held at (0.6, 0.25)",the third curve's point,ok,"5), the operating point, solid black; (0.85, 0), grey; (0.6, 0.25), blue; and, dashed with open markers,"
Results / 1. The sixteen atoms in closed form,"Fig 1, caption",4,0.85,design,notes/review_results/partB/exchange_rates_tables.md,"line 4; anchor: (0.85, 0.25)",the operating point,ok,"0), grey; (0.6, 0.25), blue; and, dashed with open markers, (0.85, −0.25), obtained from the family's in"
Results / 1. The sixteen atoms in closed form,"Fig 1, caption",1,−0.25,derived,,"derived: the mirror of q = +0.25 under the family's invariance (c, q) → (−c, −q) (S3 Text)",,ok,"ey; (0.6, 0.25), blue; and, dashed with open markers, (0.85, −0.25), obtained from the family's invarianc"
Results / 1. The sixteen atoms in closed form,"Fig 1, caption",1,1.2588,data,notes/review_results/partB/coupling_map_tables.md,line 11; the line holds 1.2588; anchor: | +0.00 | 0.8500 | +0.2500 | +0.2125,c = 0,ok,"iance under (c, q) → (−c, −q). At the operating point sts is 1.2588 at c = 0, 1.2315 at +0.02, 1.2155 at +"
Results / 1. The sixteen atoms in closed form,"Fig 1, caption",6,0,label,,,c = 0: a value of the formula's argument,ok,", q) → (−c, −q). At the operating point sts is 1.2588 at c = 0, 1.2315 at +0.02, 1.2155 at +0.05 and "
Results / 1. The sixteen atoms in closed form,"Fig 1, caption",1,1.2315,data,notes/review_results/partB/coupling_map_tables.md,line 12; the line holds 1.2315; anchor: | +0.02 | 0.8450 |,c = +0.02,ok,") → (−c, −q). At the operating point sts is 1.2588 at c = 0, 1.2315 at +0.02, 1.2155 at +0.05 and 1.2569 a"
Results / 1. The sixteen atoms in closed form,"Fig 1, caption",1,+0.02,design,notes/review_results/partB/coupling_map_tables.md,line 12; anchor: | +0.02 | 0.8450 |,the coupling evaluated,ok,"q). At the operating point sts is 1.2588 at c = 0, 1.2315 at +0.02, 1.2155 at +0.05 and 1.2569 at +0.10, "
Results / 1. The sixteen atoms in closed form,"Fig 1, caption",1,1.2155,data,notes/review_results/partB/coupling_map_tables.md,line 13; the line holds 1.2155; anchor: | +0.05 | 0.8375 |,c = +0.05,ok,"the operating point sts is 1.2588 at c = 0, 1.2315 at +0.02, 1.2155 at +0.05 and 1.2569 at +0.10, and 1.30"
Results / 1. The sixteen atoms in closed form,"Fig 1, caption",1,+0.05,design,notes/review_results/partB/coupling_map_tables.md,line 13; anchor: | +0.05 | 0.8375 |,the coupling evaluated,ok,"ing point sts is 1.2588 at c = 0, 1.2315 at +0.02, 1.2155 at +0.05 and 1.2569 at +0.10, and 1.3023 and 1."
Results / 1. The sixteen atoms in closed form,"Fig 1, caption",1,1.2569,data,notes/review_results/partB/coupling_map_tables.md,line 14; the line holds 1.2569; anchor: | +0.10 | 0.8250 |,c = +0.10,ok,"sts is 1.2588 at c = 0, 1.2315 at +0.02, 1.2155 at +0.05 and 1.2569 at +0.10, and 1.3023 and 1.4111 at −0."
Results / 1. The sixteen atoms in closed form,"Fig 1, caption",1,+0.10,design,notes/review_results/partB/coupling_map_tables.md,line 14; anchor: | +0.10 | 0.8250 |,the coupling evaluated,ok,"588 at c = 0, 1.2315 at +0.02, 1.2155 at +0.05 and 1.2569 at +0.10, and 1.3023 and 1.4111 at −0.02 and −0"
Results / 1. The sixteen atoms in closed form,"Fig 1, caption",1,1.3023,data,notes/review_results/partB/coupling_map_tables.md,line 10; the line holds 1.3023; anchor: | -0.02 | 0.8550 |,c = −0.02,ok,"0, 1.2315 at +0.02, 1.2155 at +0.05 and 1.2569 at +0.10, and 1.3023 and 1.4111 at −0.02 and −0.05: couplin"
Results / 1. The sixteen atoms in closed form,"Fig 1, caption",1,1.4111,data,notes/review_results/partB/coupling_map_tables.md,line 9; the line holds 1.4111; anchor: | -0.05 | 0.8625 |,c = −0.05,ok,"t +0.02, 1.2155 at +0.05 and 1.2569 at +0.10, and 1.3023 and 1.4111 at −0.02 and −0.05: coupling of the sa"
Results / 1. The sixteen atoms in closed form,"Fig 1, caption",1,−0.02,design,notes/review_results/partB/coupling_map_tables.md,line 10; anchor: | -0.02 | 0.8550 |,the coupling evaluated,ok,".2155 at +0.05 and 1.2569 at +0.10, and 1.3023 and 1.4111 at −0.02 and −0.05: coupling of the same sign a"
Results / 1. The sixteen atoms in closed form,"Fig 1, caption",1,−0.05,design,notes/review_results/partB/coupling_map_tables.md,line 9; anchor: | -0.05 | 0.8625 |,the coupling evaluated,ok,"0.05 and 1.2569 at +0.10, and 1.3023 and 1.4111 at −0.02 and −0.05: coupling of the same sign as q lowers"
Results / 1. The sixteen atoms in closed form,paragraph 9,1,0.85,design,notes/review_results/partB/coupling_map_tables.md,line 4; anchor: 0.85,the operating point of the coupled family,ok," interaction can move sts either way (Fig 1c; S3 Text): at (0.85, 0.25), coupling c of the same sign as "
Results / 1. The sixteen atoms in closed form,paragraph 9,1,0.25,design,notes/review_results/partB/coupling_map_tables.md,line 4; anchor: 0.25,the operating point of the coupled family,ok,"action can move sts either way (Fig 1c; S3 Text): at (0.85, 0.25), coupling c of the same sign as q lowe"
Results / 1. The sixteen atoms in closed form,paragraph 9,1,+0.10,design,notes/review_results/partB/coupling_map_tables.md,line 14; anchor: | +0.10 | 0.8250 |,the coupling evaluated,ok," the same sign as q lowers sts at each value computed up to +0.10, most at +0.05, and coupling of the opp"
Results / 1. The sixteen atoms in closed form,paragraph 9,1,+0.05,derived,,"derived: sts at (0.85, 0.25) is lowest, among the coupled family's rows with c > 0, at c = +0.05: 1.2155, against 1.2315 at +0.02 and 1.2569 at +0.10 (coupling_map_tables.md lines 12–14)",,ok,"as q lowers sts at each value computed up to +0.10, most at +0.05, and coupling of the opposite sign rais"
Results / 1. The sixteen atoms in closed form,paragraph 9,1,−1.74,data,notes/review_results/partB/exchange_rates_tables.md,"line 10; the line holds -1.7402; anchor: measured r₁ and q held at (0.85, 0.25)","∂sts/∂c at fixed (r₁, q), central difference −1.7402 (B19)",ok," the opposite sign raises it. At first order sts changes by −1.74 nats per unit of c at fixed (r₁, q), so"
Results / 1. The sixteen atoms in closed form,paragraph 9,1,0.01,design,notes/review_results/partB/exchange_rates_tables.md,line 8; anchor: per 0.01 of r₁,the step of the exchange rate,ok,"ts changes by −1.74 nats per unit of c at fixed (r₁, q), so 0.01 of r₁ is worth about 0.035 of symmetric"
Results / 1. The sixteen atoms in closed form,paragraph 9,1,0.035,derived,,derived: 0.0607 / 1.7402 = 0.0349: the coupling worth 0.01 of r₁ at the operating point,,ok,"er unit of c at fixed (r₁, q), so 0.01 of r₁ is worth about 0.035 of symmetric coupling there; the respon"
Results / 1. The sixteen atoms in closed form,paragraph 9,1,+0.009,data,notes/review_results/partB/diagnostic_alternatives_tables.md,"line 30; the line holds +0.00912; anchor: | (a3) coupled family, r₁ and q held | c = +0.02 |","B23 (a3): the population sts change for c = +0.02 at fixed (r₁, q), +0.0091 (the residual table of S3 Text §6)",ok,ean sts responds to a coupling change only at second order (+0.009 nats for c = +0.02; S3 Text; S18 Table)
Results / 1. The sixteen atoms in closed form,paragraph 9,1,+0.02,design,notes/review_results/partB/diagnostic_alternatives_tables.md,line 113; anchor: (a3) c = +0.02,"c = +0.02: the coupling step of the diagnostic generator (a3) of B23, whose population sts change the sentence gives",ok,a coupling change only at second order (+0.009 nats for c = +0.02; S3 Text; S18 Table).
Results / 1. The sixteen atoms in closed form,paragraph 10,1,−0.0844,data,notes/review_results/partB/family_atoms_tables.md,line 28; the line holds -0.0844; anchor: Excess sts − (xtx + yty),"observed excess, ts_gsr",ok,le 1): the excess sts − (xtx + yty) is negative in the data (−0.0844) and in the AR(1)-substituted atoms (−
Results / 1. The sixteen atoms in closed form,paragraph 10,1,1,label,,,AR(1): a name,ok," (xtx + yty) is negative in the data (−0.0844) and in the AR(1)-substituted atoms (−0.1003), the mirr"
Results / 1. The sixteen atoms in closed form,paragraph 10,1,−0.1003,data,notes/review_results/partB/family_atoms_tables.md,line 28; the line holds -0.1003; anchor: Excess sts − (xtx + yty),"AR(1)-substituted excess, ts_gsr",ok,"ve in the data (−0.0844) and in the AR(1)-substituted atoms (−0.1003), the mirror atoms are negative, and e"
Results / 1. The sixteen atoms in closed form,paragraph 10,2,1,label,,,AR(1): a name,ok,"atoms are negative, and each of the thirteen atoms whose AR(1)-substituted DiD is not zero at the pri"
Results / 1. The sixteen atoms in closed form,paragraph 10,1,0.0000,data,notes/review_results/partB/family_atoms_tables.md,line 16; the line holds +0.0000; anchor: | xty |,"the AR(1)-substituted DiD of xty as Table 1 prints it; those of rty and xtr print as −0.0000 (the same table of family_atoms_tables.md, its rows of rty and xtr)",ok, in that value's direction (Fig 2; the other three print as 0.0000). The sts residual is the effect of the
Results / 1. The sixteen atoms in closed form,paragraph 10,3,1,label,,,AR(1): a name,ok,f the windows' cross-lag correlations departing from their AR(1) values (S3 Text): a stationary finit
Results / 1. The sixteen atoms in closed form,paragraph 10,1,6,label,,,section number of S3 Text,ok," hold in population, reproduces most of its level (S3 Text §6), so that level is mostly the response "
Results / 1. The sixteen atoms in closed form,"Table 1, title and caption",1,1,label,,,AR(1): a name,ok," 1. The sixteen whole-brain atoms under MMI, observed and AR(1)-substituted.** Each pair's measured ("
Results / 1. The sixteen atoms in closed form,"Table 1, title and caption",2,1,label,,,AR(1): a name,ok,"tuted.** Each pair's measured (a_x, a_y, q) put into the AR(1) family (the AR(1)-substituted estimate"
Results / 1. The sixteen atoms in closed form,"Table 1, title and caption",3,1,label,,,AR(1): a name,ok,"'s measured (a_x, a_y, q) put into the AR(1) family (the AR(1)-substituted estimate of the Results' o"
Results / 1. The sixteen atoms in closed form,"Table 1, title and caption",4,1,design,notes/review_results/partB/family_atoms_tables.md,"line 4; anchor: level = DMT windows 1–4, DiD = windows 6–14 minus 1–4","design: the window sets (level, windows 1–4; DiD, windows 6–14 minus 1–4) and the 14 subjects, as the file's head states them",ok,sults' opening paragraph). DMT pre-injection level (windows 1–4) and DMT contrast (DiD: windows 6–14 
Results / 1. The sixteen atoms in closed form,"Table 1, title and caption",1,4,design,notes/review_results/partB/family_atoms_tables.md,"line 4; anchor: level = DMT windows 1–4, DiD = windows 6–14 minus 1–4","design: the window sets (level, windows 1–4; DiD, windows 6–14 minus 1–4) and the 14 subjects, as the file's head states them",ok,lts' opening paragraph). DMT pre-injection level (windows 1–4) and DMT contrast (DiD: windows 6–14 mi
Results / 1. The sixteen atoms in closed form,"Table 1, title and caption",1,6,design,notes/review_results/partB/family_atoms_tables.md,"line 4; anchor: level = DMT windows 1–4, DiD = windows 6–14 minus 1–4","design: the window sets (level, windows 1–4; DiD, windows 6–14 minus 1–4) and the 14 subjects, as the file's head states them",ok,"-injection level (windows 1–4) and DMT contrast (DiD: windows 6–14 minus 1–4, DMT minus placebo); nat"
Results / 1. The sixteen atoms in closed form,"Table 1, title and caption",1,14,design,notes/review_results/partB/family_atoms_tables.md,"line 4; anchor: level = DMT windows 1–4, DiD = windows 6–14 minus 1–4","design: the window sets (level, windows 1–4; DiD, windows 6–14 minus 1–4) and the 14 subjects, as the file's head states them",ok,"njection level (windows 1–4) and DMT contrast (DiD: windows 6–14 minus 1–4, DMT minus placebo); nats, "
Results / 1. The sixteen atoms in closed form,"Table 1, title and caption",5,1,design,notes/review_results/partB/family_atoms_tables.md,"line 4; anchor: level = DMT windows 1–4, DiD = windows 6–14 minus 1–4","design: the window sets (level, windows 1–4; DiD, windows 6–14 minus 1–4) and the 14 subjects, as the file's head states them",ok,"level (windows 1–4) and DMT contrast (DiD: windows 6–14 minus 1–4, DMT minus placebo); nats, mean ove"
Results / 1. The sixteen atoms in closed form,"Table 1, title and caption",2,4,design,notes/review_results/partB/family_atoms_tables.md,"line 4; anchor: level = DMT windows 1–4, DiD = windows 6–14 minus 1–4","design: the window sets (level, windows 1–4; DiD, windows 6–14 minus 1–4) and the 14 subjects, as the file's head states them",ok,"vel (windows 1–4) and DMT contrast (DiD: windows 6–14 minus 1–4, DMT minus placebo); nats, mean over "
Results / 1. The sixteen atoms in closed form,"Table 1, title and caption",2,14,design,notes/review_results/partB/family_atoms_tables.md,line 4; anchor: mean over 14 subjects,"design: the window sets (level, windows 1–4; DiD, windows 6–14 minus 1–4) and the 14 subjects, as the file's head states them",ok,": windows 6–14 minus 1–4, DMT minus placebo); nats, mean over 14 subjects; in brackets the number of s"
Results / 1. The sixteen atoms in closed form,"Table 1, title and caption",1,60,design,notes/review_results/partB/family_atoms_tables.md,"line 6; anchor: ## ts_gsr, W = 60: Table 1's columns","design: windows 1–4 / 6–14, 14 subjects, W = 60, sixteen atoms",ok,"th a negative DiD. Primary variant and estimator (ts_gsr, W = 60); the sensitivity variant and the CCS"
Results / 1. The sixteen atoms in closed form,"Table 1, title and caption",6,1,label,,,AR(1): a name,ok, and the CCS atoms are in S3 Text. Residual = observed − AR(1)-substituted. The AR(1)-substituted val
Results / 1. The sixteen atoms in closed form,"Table 1, title and caption",7,1,label,,,AR(1): a name,ok,in S3 Text. Residual = observed − AR(1)-substituted. The AR(1)-substituted values are means over the 
Results / 1. The sixteen atoms in closed form,"Table 1, title and caption",3,4,data,notes/review_results/partB/diag_tables.md,"line 6; the line holds 4; anchor: (B26): 4 of 2,569,560 pair-windows","B4's level line, ts_gsr W = 60 (ts_demean's, line 30, gives the same)",ok,"er the pair-windows where that estimate exists, all but the 4 of the 2,569,560 whose substituted matr"
Results / 1. The sixteen atoms in closed form,"Table 1, title and caption",1,"2,569,560",design,notes/review_results/partB/diag_tables.md,"line 6; anchor: (B26): 4 of 2,569,560 pair-windows","the pair-windows at W = 60 of each variant: 6,555 pairs × 14 subjects × 2 runs × 14 windows (B4's level line)",ok,"ir-windows where that estimate exists, all but the 4 of the 2,569,560 whose substituted matrix is not positiv"
Results / 1. The sixteen atoms in closed form,"Table 1, title and caption",2,6,label,,,section number of S3 Text,ok,"stituted matrix is not positive definite (Methods; S3 Text §6). The residual DiD of TDMI, +0.0092, ag"
Results / 1. The sixteen atoms in closed form,"Table 1, title and caption",1,+0.0092,data,notes/review_results/partB/family_atoms_tables.md,line 26; the line holds +0.0092; anchor: @L10-26|| TDMI (sum) |,"family_atoms_tables.md, ts_gsr W = 60 table: the residual DiD of TDMI (Table 1's last row)",ok,"e definite (Methods; S3 Text §6). The residual DiD of TDMI, +0.0092, against +0.0115 for sts, shows that th"
Results / 1. The sixteen atoms in closed form,"Table 1, title and caption",1,+0.0115,data,notes/review_results/partB/family_atoms_tables.md,line 25; the line holds +0.0115; anchor: @L10-26|| sts |,"family_atoms_tables.md, ts_gsr W = 60 table: the residual DiD of sts (Table 1's row of sts)",ok,"ds; S3 Text §6). The residual DiD of TDMI, +0.0092, against +0.0115 for sts, shows that the sts residual Di"
Results / 1. The sixteen atoms in closed form,"Table 1, body",1,1,label,,,AR(1): a name (column header),ok,| atom | observed level | AR(1)-substituted level | residual | observe
Results / 1. The sixteen atoms in closed form,"Table 1, body",2,1,label,,,AR(1): a name (column header),ok,el | AR(1)-substituted level | residual | observed DiD | AR(1)-substituted DiD | residual DiD | |---|
Results / 1. The sixteen atoms in closed form,"Table 1, body",1,+0.0388,data,notes/review_results/partB/family_atoms_tables.md,line 10; the line holds +0.0388; anchor: @L10-26|| rtr |,"family_atoms_tables.md, ts_gsr W = 60 table",ok, DiD | residual DiD | |---|---|---|---|---|---|---| | rtr | +0.0388 | +0.0504 | −0.0116 | −0.0078 (10) | −0
Results / 1. The sixteen atoms in closed form,"Table 1, body",1,+0.0504,data,notes/review_results/partB/family_atoms_tables.md,line 10; the line holds +0.0504; anchor: @L10-26|| rtr |,"family_atoms_tables.md, ts_gsr W = 60 table",ok,idual DiD | |---|---|---|---|---|---|---| | rtr | +0.0388 | +0.0504 | −0.0116 | −0.0078 (10) | −0.0086 (10)
Results / 1. The sixteen atoms in closed form,"Table 1, body",1,−0.0116,data,notes/review_results/partB/family_atoms_tables.md,line 10; the line holds -0.0116; anchor: @L10-26|| rtr |,"family_atoms_tables.md, ts_gsr W = 60 table",ok,| |---|---|---|---|---|---|---| | rtr | +0.0388 | +0.0504 | −0.0116 | −0.0078 (10) | −0.0086 (10) | +0.0008
Results / 1. The sixteen atoms in closed form,"Table 1, body",1,−0.0078,data,notes/review_results/partB/family_atoms_tables.md,line 10; the line holds -0.0078; anchor: @L10-26|| rtr |,"family_atoms_tables.md, ts_gsr W = 60 table",ok,|---|---|---|---|---| | rtr | +0.0388 | +0.0504 | −0.0116 | −0.0078 (10) | −0.0086 (10) | +0.0008 (4) | | r
Results / 1. The sixteen atoms in closed form,"Table 1, body",1,10,data,notes/review_results/partB/family_atoms_tables.md,line 10; the line holds 10; anchor: @L10-26|| rtr |,"family_atoms_tables.md, ts_gsr W = 60 table",ok,---|---|---| | rtr | +0.0388 | +0.0504 | −0.0116 | −0.0078 (10) | −0.0086 (10) | +0.0008 (4) | | rtx |
Results / 1. The sixteen atoms in closed form,"Table 1, body",1,−0.0086,data,notes/review_results/partB/family_atoms_tables.md,line 10; the line holds -0.0086; anchor: @L10-26|| rtr |,"family_atoms_tables.md, ts_gsr W = 60 table",ok,-|---| | rtr | +0.0388 | +0.0504 | −0.0116 | −0.0078 (10) | −0.0086 (10) | +0.0008 (4) | | rtx | +0.0258 | 
Results / 1. The sixteen atoms in closed form,"Table 1, body",2,10,data,notes/review_results/partB/family_atoms_tables.md,line 10; the line holds 10; anchor: @L10-26|| rtr |,"family_atoms_tables.md, ts_gsr W = 60 table",ok,rtr | +0.0388 | +0.0504 | −0.0116 | −0.0078 (10) | −0.0086 (10) | +0.0008 (4) | | rtx | +0.0258 | +0.0
Results / 1. The sixteen atoms in closed form,"Table 1, body",1,+0.0008,data,notes/review_results/partB/family_atoms_tables.md,line 10; the line holds +0.0008; anchor: @L10-26|| rtr |,"family_atoms_tables.md, ts_gsr W = 60 table",ok,+0.0388 | +0.0504 | −0.0116 | −0.0078 (10) | −0.0086 (10) | +0.0008 (4) | | rtx | +0.0258 | +0.0027 | +0.02
Results / 1. The sixteen atoms in closed form,"Table 1, body",1,4,data,notes/review_results/partB/family_atoms_tables.md,line 10; the line holds 4; anchor: @L10-26|| rtr |,"family_atoms_tables.md, ts_gsr W = 60 table",ok, +0.0504 | −0.0116 | −0.0078 (10) | −0.0086 (10) | +0.0008 (4) | | rtx | +0.0258 | +0.0027 | +0.0231 
Results / 1. The sixteen atoms in closed form,"Table 1, body",1,+0.0258,data,notes/review_results/partB/family_atoms_tables.md,line 11; the line holds +0.0258; anchor: @L10-26|| rtx |,"family_atoms_tables.md, ts_gsr W = 60 table",ok,.0116 | −0.0078 (10) | −0.0086 (10) | +0.0008 (4) | | rtx | +0.0258 | +0.0027 | +0.0231 | −0.0012 (9) | −0.
Results / 1. The sixteen atoms in closed form,"Table 1, body",1,+0.0027,data,notes/review_results/partB/family_atoms_tables.md,line 11; the line holds +0.0027; anchor: @L10-26|| rtx |,"family_atoms_tables.md, ts_gsr W = 60 table",ok,.0078 (10) | −0.0086 (10) | +0.0008 (4) | | rtx | +0.0258 | +0.0027 | +0.0231 | −0.0012 (9) | −0.0003 (10) 
Results / 1. The sixteen atoms in closed form,"Table 1, body",1,+0.0231,data,notes/review_results/partB/family_atoms_tables.md,line 11; the line holds +0.0231; anchor: @L10-26|| rtx |,"family_atoms_tables.md, ts_gsr W = 60 table",ok, | −0.0086 (10) | +0.0008 (4) | | rtx | +0.0258 | +0.0027 | +0.0231 | −0.0012 (9) | −0.0003 (10) | −0.0008 
Results / 1. The sixteen atoms in closed form,"Table 1, body",1,−0.0012,data,notes/review_results/partB/family_atoms_tables.md,line 11; the line holds -0.0012; anchor: @L10-26|| rtx |,"family_atoms_tables.md, ts_gsr W = 60 table",ok, (10) | +0.0008 (4) | | rtx | +0.0258 | +0.0027 | +0.0231 | −0.0012 (9) | −0.0003 (10) | −0.0008 (8) | | rt
Results / 1. The sixteen atoms in closed form,"Table 1, body",1,9,data,notes/review_results/partB/family_atoms_tables.md,line 11; the line holds 9; anchor: @L10-26|| rtx |,"family_atoms_tables.md, ts_gsr W = 60 table",ok,0.0008 (4) | | rtx | +0.0258 | +0.0027 | +0.0231 | −0.0012 (9) | −0.0003 (10) | −0.0008 (8) | | rty |
Results / 1. The sixteen atoms in closed form,"Table 1, body",1,−0.0003,data,notes/review_results/partB/family_atoms_tables.md,line 11; the line holds -0.0003; anchor: @L10-26|| rtx |,"family_atoms_tables.md, ts_gsr W = 60 table",ok,8 (4) | | rtx | +0.0258 | +0.0027 | +0.0231 | −0.0012 (9) | −0.0003 (10) | −0.0008 (8) | | rty | +0.0254 | 
Results / 1. The sixteen atoms in closed form,"Table 1, body",3,10,data,notes/review_results/partB/family_atoms_tables.md,line 11; the line holds 10; anchor: @L10-26|| rtx |,"family_atoms_tables.md, ts_gsr W = 60 table",ok, rtx | +0.0258 | +0.0027 | +0.0231 | −0.0012 (9) | −0.0003 (10) | −0.0008 (8) | | rty | +0.0254 | +0.0
Results / 1. The sixteen atoms in closed form,"Table 1, body",1,−0.0008,data,notes/review_results/partB/family_atoms_tables.md,line 11; the line holds -0.0008; anchor: @L10-26|| rtx |,"family_atoms_tables.md, ts_gsr W = 60 table",ok, +0.0258 | +0.0027 | +0.0231 | −0.0012 (9) | −0.0003 (10) | −0.0008 (8) | | rty | +0.0254 | +0.0024 | +0.02
Results / 1. The sixteen atoms in closed form,"Table 1, body",1,8,data,notes/review_results/partB/family_atoms_tables.md,line 11; the line holds 8; anchor: @L10-26|| rtx |,"family_atoms_tables.md, ts_gsr W = 60 table",ok,| +0.0027 | +0.0231 | −0.0012 (9) | −0.0003 (10) | −0.0008 (8) | | rty | +0.0254 | +0.0024 | +0.0230 
Results / 1. The sixteen atoms in closed form,"Table 1, body",1,+0.0254,data,notes/review_results/partB/family_atoms_tables.md,line 12; the line holds +0.0254; anchor: @L10-26|| rty |,"family_atoms_tables.md, ts_gsr W = 60 table",ok,0.0231 | −0.0012 (9) | −0.0003 (10) | −0.0008 (8) | | rty | +0.0254 | +0.0024 | +0.0230 | −0.0012 (9) | −0.
Results / 1. The sixteen atoms in closed form,"Table 1, body",1,+0.0024,data,notes/review_results/partB/family_atoms_tables.md,line 12; the line holds +0.0024; anchor: @L10-26|| rty |,"family_atoms_tables.md, ts_gsr W = 60 table",ok,0.0012 (9) | −0.0003 (10) | −0.0008 (8) | | rty | +0.0254 | +0.0024 | +0.0230 | −0.0012 (9) | −0.0000 (10) 
Results / 1. The sixteen atoms in closed form,"Table 1, body",1,+0.0230,data,notes/review_results/partB/family_atoms_tables.md,line 12; the line holds +0.0230; anchor: @L10-26|| rty |,"family_atoms_tables.md, ts_gsr W = 60 table",ok, | −0.0003 (10) | −0.0008 (8) | | rty | +0.0254 | +0.0024 | +0.0230 | −0.0012 (9) | −0.0000 (10) | −0.0011 
Results / 1. The sixteen atoms in closed form,"Table 1, body",2,−0.0012,data,notes/review_results/partB/family_atoms_tables.md,line 12; the line holds -0.0012; anchor: @L10-26|| rty |,"family_atoms_tables.md, ts_gsr W = 60 table",ok, (10) | −0.0008 (8) | | rty | +0.0254 | +0.0024 | +0.0230 | −0.0012 (9) | −0.0000 (10) | −0.0011 (9) | | rt
Results / 1. The sixteen atoms in closed form,"Table 1, body",2,9,data,notes/review_results/partB/family_atoms_tables.md,line 12; the line holds 9; anchor: @L10-26|| rty |,"family_atoms_tables.md, ts_gsr W = 60 table",ok,0.0008 (8) | | rty | +0.0254 | +0.0024 | +0.0230 | −0.0012 (9) | −0.0000 (10) | −0.0011 (9) | | rts |
Results / 1. The sixteen atoms in closed form,"Table 1, body",1,−0.0000,data,notes/review_results/partB/family_atoms_tables.md,line 12; the line holds -0.0000; anchor: @L10-26|| rty |,"family_atoms_tables.md, ts_gsr W = 60 table",ok,8 (8) | | rty | +0.0254 | +0.0024 | +0.0230 | −0.0012 (9) | −0.0000 (10) | −0.0011 (9) | | rts | +0.5669 | 
Results / 1. The sixteen atoms in closed form,"Table 1, body",4,10,data,notes/review_results/partB/family_atoms_tables.md,line 12; the line holds 10; anchor: @L10-26|| rty |,"family_atoms_tables.md, ts_gsr W = 60 table",ok, rty | +0.0254 | +0.0024 | +0.0230 | −0.0012 (9) | −0.0000 (10) | −0.0011 (9) | | rts | +0.5669 | +0.5
Results / 1. The sixteen atoms in closed form,"Table 1, body",1,−0.0011,data,notes/review_results/partB/family_atoms_tables.md,line 12; the line holds -0.0011; anchor: @L10-26|| rty |,"family_atoms_tables.md, ts_gsr W = 60 table",ok, +0.0254 | +0.0024 | +0.0230 | −0.0012 (9) | −0.0000 (10) | −0.0011 (9) | | rts | +0.5669 | +0.5756 | −0.00
Results / 1. The sixteen atoms in closed form,"Table 1, body",3,9,data,notes/review_results/partB/family_atoms_tables.md,line 12; the line holds 9; anchor: @L10-26|| rty |,"family_atoms_tables.md, ts_gsr W = 60 table",ok,| +0.0024 | +0.0230 | −0.0012 (9) | −0.0000 (10) | −0.0011 (9) | | rts | +0.5669 | +0.5756 | −0.0087 
Results / 1. The sixteen atoms in closed form,"Table 1, body",1,+0.5669,data,notes/review_results/partB/family_atoms_tables.md,line 13; the line holds +0.5669; anchor: @L10-26|| rts |,"family_atoms_tables.md, ts_gsr W = 60 table",ok,0.0230 | −0.0012 (9) | −0.0000 (10) | −0.0011 (9) | | rts | +0.5669 | +0.5756 | −0.0087 | −0.0407 (12) | −0
Results / 1. The sixteen atoms in closed form,"Table 1, body",1,+0.5756,data,notes/review_results/partB/family_atoms_tables.md,line 13; the line holds +0.5756; anchor: @L10-26|| rts |,"family_atoms_tables.md, ts_gsr W = 60 table",ok,0.0012 (9) | −0.0000 (10) | −0.0011 (9) | | rts | +0.5669 | +0.5756 | −0.0087 | −0.0407 (12) | −0.0414 (13)
Results / 1. The sixteen atoms in closed form,"Table 1, body",1,−0.0087,data,notes/review_results/partB/family_atoms_tables.md,line 13; the line holds -0.0087; anchor: @L10-26|| rts |,"family_atoms_tables.md, ts_gsr W = 60 table",ok, | −0.0000 (10) | −0.0011 (9) | | rts | +0.5669 | +0.5756 | −0.0087 | −0.0407 (12) | −0.0414 (13) | +0.0008
Results / 1. The sixteen atoms in closed form,"Table 1, body",1,−0.0407,data,notes/review_results/partB/family_atoms_tables.md,line 13; the line holds -0.0407; anchor: @L10-26|| rts |,"family_atoms_tables.md, ts_gsr W = 60 table",ok, (10) | −0.0011 (9) | | rts | +0.5669 | +0.5756 | −0.0087 | −0.0407 (12) | −0.0414 (13) | +0.0008 (4) | | x
Results / 1. The sixteen atoms in closed form,"Table 1, body",1,12,data,notes/review_results/partB/family_atoms_tables.md,line 13; the line holds 12; anchor: @L10-26|| rts |,"family_atoms_tables.md, ts_gsr W = 60 table",ok,0.0011 (9) | | rts | +0.5669 | +0.5756 | −0.0087 | −0.0407 (12) | −0.0414 (13) | +0.0008 (4) | | xtr |
Results / 1. The sixteen atoms in closed form,"Table 1, body",1,−0.0414,data,notes/review_results/partB/family_atoms_tables.md,line 13; the line holds -0.0414; anchor: @L10-26|| rts |,"family_atoms_tables.md, ts_gsr W = 60 table",ok, (9) | | rts | +0.5669 | +0.5756 | −0.0087 | −0.0407 (12) | −0.0414 (13) | +0.0008 (4) | | xtr | +0.0254 | 
Results / 1. The sixteen atoms in closed form,"Table 1, body",1,13,data,notes/review_results/partB/family_atoms_tables.md,line 13; the line holds 13; anchor: @L10-26|| rts |,"family_atoms_tables.md, ts_gsr W = 60 table",ok,rts | +0.5669 | +0.5756 | −0.0087 | −0.0407 (12) | −0.0414 (13) | +0.0008 (4) | | xtr | +0.0254 | +0.0
Results / 1. The sixteen atoms in closed form,"Table 1, body",2,+0.0008,data,notes/review_results/partB/family_atoms_tables.md,line 13; the line holds +0.0008; anchor: @L10-26|| rts |,"family_atoms_tables.md, ts_gsr W = 60 table",ok,+0.5669 | +0.5756 | −0.0087 | −0.0407 (12) | −0.0414 (13) | +0.0008 (4) | | xtr | +0.0254 | +0.0024 | +0.02
Results / 1. The sixteen atoms in closed form,"Table 1, body",2,4,data,notes/review_results/partB/family_atoms_tables.md,line 13; the line holds 4; anchor: @L10-26|| rts |,"family_atoms_tables.md, ts_gsr W = 60 table",ok, +0.5756 | −0.0087 | −0.0407 (12) | −0.0414 (13) | +0.0008 (4) | | xtr | +0.0254 | +0.0024 | +0.0230 
Results / 1. The sixteen atoms in closed form,"Table 1, body",2,+0.0254,data,notes/review_results/partB/family_atoms_tables.md,line 14; the line holds +0.0254; anchor: @L10-26|| xtr |,"family_atoms_tables.md, ts_gsr W = 60 table",ok,.0087 | −0.0407 (12) | −0.0414 (13) | +0.0008 (4) | | xtr | +0.0254 | +0.0024 | +0.0230 | −0.0012 (9) | −0.
Results / 1. The sixteen atoms in closed form,"Table 1, body",2,+0.0024,data,notes/review_results/partB/family_atoms_tables.md,line 14; the line holds +0.0024; anchor: @L10-26|| xtr |,"family_atoms_tables.md, ts_gsr W = 60 table",ok,.0407 (12) | −0.0414 (13) | +0.0008 (4) | | xtr | +0.0254 | +0.0024 | +0.0230 | −0.0012 (9) | −0.0000 (10) 
Results / 1. The sixteen atoms in closed form,"Table 1, body",2,+0.0230,data,notes/review_results/partB/family_atoms_tables.md,line 14; the line holds +0.0230; anchor: @L10-26|| xtr |,"family_atoms_tables.md, ts_gsr W = 60 table",ok, | −0.0414 (13) | +0.0008 (4) | | xtr | +0.0254 | +0.0024 | +0.0230 | −0.0012 (9) | −0.0000 (10) | −0.0011 
Results / 1. The sixteen atoms in closed form,"Table 1, body",3,−0.0012,data,notes/review_results/partB/family_atoms_tables.md,line 12; the line holds -0.0012; anchor: @L10-26|| rty |,"family_atoms_tables.md, ts_gsr W = 60 table",ok, (13) | +0.0008 (4) | | xtr | +0.0254 | +0.0024 | +0.0230 | −0.0012 (9) | −0.0000 (10) | −0.0011 (9) | | xt
Results / 1. The sixteen atoms in closed form,"Table 1, body",4,9,data,notes/review_results/partB/family_atoms_tables.md,line 12; the line holds 9; anchor: @L10-26|| rty |,"family_atoms_tables.md, ts_gsr W = 60 table",ok,0.0008 (4) | | xtr | +0.0254 | +0.0024 | +0.0230 | −0.0012 (9) | −0.0000 (10) | −0.0011 (9) | | xtx |
Results / 1. The sixteen atoms in closed form,"Table 1, body",2,−0.0000,data,notes/review_results/partB/family_atoms_tables.md,line 12; the line holds -0.0000; anchor: @L10-26|| rty |,"family_atoms_tables.md, ts_gsr W = 60 table",ok,8 (4) | | xtr | +0.0254 | +0.0024 | +0.0230 | −0.0012 (9) | −0.0000 (10) | −0.0011 (9) | | xtx | +0.6273 | 
Results / 1. The sixteen atoms in closed form,"Table 1, body",5,10,data,notes/review_results/partB/family_atoms_tables.md,line 12; the line holds 10; anchor: @L10-26|| rty |,"family_atoms_tables.md, ts_gsr W = 60 table",ok, xtr | +0.0254 | +0.0024 | +0.0230 | −0.0012 (9) | −0.0000 (10) | −0.0011 (9) | | xtx | +0.6273 | +0.6
Results / 1. The sixteen atoms in closed form,"Table 1, body",2,−0.0011,data,notes/review_results/partB/family_atoms_tables.md,line 14; the line holds -0.0011; anchor: @L10-26|| xtr |,"family_atoms_tables.md, ts_gsr W = 60 table",ok, +0.0254 | +0.0024 | +0.0230 | −0.0012 (9) | −0.0000 (10) | −0.0011 (9) | | xtx | +0.6273 | +0.6617 | −0.03
Results / 1. The sixteen atoms in closed form,"Table 1, body",5,9,data,notes/review_results/partB/family_atoms_tables.md,line 14; the line holds 9; anchor: @L10-26|| xtr |,"family_atoms_tables.md, ts_gsr W = 60 table",ok,| +0.0024 | +0.0230 | −0.0012 (9) | −0.0000 (10) | −0.0011 (9) | | xtx | +0.6273 | +0.6617 | −0.0345 
Results / 1. The sixteen atoms in closed form,"Table 1, body",1,+0.6273,data,notes/review_results/partB/family_atoms_tables.md,line 15; the line holds +0.6273; anchor: @L10-26|| xtx |,"family_atoms_tables.md, ts_gsr W = 60 table",ok,0.0230 | −0.0012 (9) | −0.0000 (10) | −0.0011 (9) | | xtx | +0.6273 | +0.6617 | −0.0345 | −0.0523 (12) | −0
Results / 1. The sixteen atoms in closed form,"Table 1, body",1,+0.6617,data,notes/review_results/partB/family_atoms_tables.md,line 15; the line holds +0.6617; anchor: @L10-26|| xtx |,"family_atoms_tables.md, ts_gsr W = 60 table",ok,0.0012 (9) | −0.0000 (10) | −0.0011 (9) | | xtx | +0.6273 | +0.6617 | −0.0345 | −0.0523 (12) | −0.0535 (12)
Results / 1. The sixteen atoms in closed form,"Table 1, body",1,−0.0345,data,notes/review_results/partB/family_atoms_tables.md,line 15; the line holds -0.0345; anchor: @L10-26|| xtx |,"family_atoms_tables.md, ts_gsr W = 60 table",ok, | −0.0000 (10) | −0.0011 (9) | | xtx | +0.6273 | +0.6617 | −0.0345 | −0.0523 (12) | −0.0535 (12) | +0.0012
Results / 1. The sixteen atoms in closed form,"Table 1, body",1,−0.0523,data,notes/review_results/partB/family_atoms_tables.md,line 15; the line holds -0.0523; anchor: @L10-26|| xtx |,"family_atoms_tables.md, ts_gsr W = 60 table",ok, (10) | −0.0011 (9) | | xtx | +0.6273 | +0.6617 | −0.0345 | −0.0523 (12) | −0.0535 (12) | +0.0012 (5) | | x
Results / 1. The sixteen atoms in closed form,"Table 1, body",2,12,data,notes/review_results/partB/family_atoms_tables.md,line 15; the line holds 12; anchor: @L10-26|| xtx |,"family_atoms_tables.md, ts_gsr W = 60 table",ok,0.0011 (9) | | xtx | +0.6273 | +0.6617 | −0.0345 | −0.0523 (12) | −0.0535 (12) | +0.0012 (5) | | xty |
Results / 1. The sixteen atoms in closed form,"Table 1, body",1,−0.0535,data,notes/review_results/partB/family_atoms_tables.md,line 15; the line holds -0.0535; anchor: @L10-26|| xtx |,"family_atoms_tables.md, ts_gsr W = 60 table",ok, (9) | | xtx | +0.6273 | +0.6617 | −0.0345 | −0.0523 (12) | −0.0535 (12) | +0.0012 (5) | | xty | −0.0254 | 
Results / 1. The sixteen atoms in closed form,"Table 1, body",3,12,data,notes/review_results/partB/family_atoms_tables.md,line 15; the line holds 12; anchor: @L10-26|| xtx |,"family_atoms_tables.md, ts_gsr W = 60 table",ok,xtx | +0.6273 | +0.6617 | −0.0345 | −0.0523 (12) | −0.0535 (12) | +0.0012 (5) | | xty | −0.0254 | −0.0
Results / 1. The sixteen atoms in closed form,"Table 1, body",1,+0.0012,data,notes/review_results/partB/family_atoms_tables.md,line 15; the line holds +0.0012; anchor: @L10-26|| xtx |,"family_atoms_tables.md, ts_gsr W = 60 table",ok,+0.6273 | +0.6617 | −0.0345 | −0.0523 (12) | −0.0535 (12) | +0.0012 (5) | | xty | −0.0254 | −0.0024 | −0.02
Results / 1. The sixteen atoms in closed form,"Table 1, body",1,5,data,notes/review_results/partB/family_atoms_tables.md,line 15; the line holds 5; anchor: @L10-26|| xtx |,"family_atoms_tables.md, ts_gsr W = 60 table",ok, +0.6617 | −0.0345 | −0.0523 (12) | −0.0535 (12) | +0.0012 (5) | | xty | −0.0254 | −0.0024 | −0.0230 
Results / 1. The sixteen atoms in closed form,"Table 1, body",1,−0.0254,data,notes/review_results/partB/family_atoms_tables.md,line 16; the line holds -0.0254; anchor: @L10-26|| xty |,"family_atoms_tables.md, ts_gsr W = 60 table",ok,.0345 | −0.0523 (12) | −0.0535 (12) | +0.0012 (5) | | xty | −0.0254 | −0.0024 | −0.0230 | +0.0012 (5) | +0.
Results / 1. The sixteen atoms in closed form,"Table 1, body",1,−0.0024,data,notes/review_results/partB/family_atoms_tables.md,line 16; the line holds -0.0024; anchor: @L10-26|| xty |,"family_atoms_tables.md, ts_gsr W = 60 table",ok,.0523 (12) | −0.0535 (12) | +0.0012 (5) | | xty | −0.0254 | −0.0024 | −0.0230 | +0.0012 (5) | +0.0000 (4) |
Results / 1. The sixteen atoms in closed form,"Table 1, body",1,−0.0230,data,notes/review_results/partB/family_atoms_tables.md,line 16; the line holds -0.0230; anchor: @L10-26|| xty |,"family_atoms_tables.md, ts_gsr W = 60 table",ok, | −0.0535 (12) | +0.0012 (5) | | xty | −0.0254 | −0.0024 | −0.0230 | +0.0012 (5) | +0.0000 (4) | +0.0011 (
Results / 1. The sixteen atoms in closed form,"Table 1, body",2,+0.0012,data,notes/review_results/partB/family_atoms_tables.md,line 16; the line holds +0.0012; anchor: @L10-26|| xty |,"family_atoms_tables.md, ts_gsr W = 60 table",ok, (12) | +0.0012 (5) | | xty | −0.0254 | −0.0024 | −0.0230 | +0.0012 (5) | +0.0000 (4) | +0.0011 (5) | | xts
Results / 1. The sixteen atoms in closed form,"Table 1, body",2,5,data,notes/review_results/partB/family_atoms_tables.md,line 16; the line holds 5; anchor: @L10-26|| xty |,"family_atoms_tables.md, ts_gsr W = 60 table",ok,0.0012 (5) | | xty | −0.0254 | −0.0024 | −0.0230 | +0.0012 (5) | +0.0000 (4) | +0.0011 (5) | | xts | 
Results / 1. The sixteen atoms in closed form,"Table 1, body",1,+0.0000,data,notes/review_results/partB/family_atoms_tables.md,line 16; the line holds +0.0000; anchor: @L10-26|| xty |,"family_atoms_tables.md, ts_gsr W = 60 table",ok,2 (5) | | xty | −0.0254 | −0.0024 | −0.0230 | +0.0012 (5) | +0.0000 (4) | +0.0011 (5) | | xts | −0.5352 | −
Results / 1. The sixteen atoms in closed form,"Table 1, body",3,4,data,notes/review_results/partB/family_atoms_tables.md,line 16; the line holds 4; anchor: @L10-26|| xty |,"family_atoms_tables.md, ts_gsr W = 60 table",ok, xty | −0.0254 | −0.0024 | −0.0230 | +0.0012 (5) | +0.0000 (4) | +0.0011 (5) | | xts | −0.5352 | −0.5
Results / 1. The sixteen atoms in closed form,"Table 1, body",1,+0.0011,data,notes/review_results/partB/family_atoms_tables.md,line 16; the line holds +0.0011; anchor: @L10-26|| xty |,"family_atoms_tables.md, ts_gsr W = 60 table",ok,| −0.0254 | −0.0024 | −0.0230 | +0.0012 (5) | +0.0000 (4) | +0.0011 (5) | | xts | −0.5352 | −0.5747 | +0.03
Results / 1. The sixteen atoms in closed form,"Table 1, body",3,5,data,notes/review_results/partB/family_atoms_tables.md,line 16; the line holds 5; anchor: @L10-26|| xty |,"family_atoms_tables.md, ts_gsr W = 60 table",ok, | −0.0024 | −0.0230 | +0.0012 (5) | +0.0000 (4) | +0.0011 (5) | | xts | −0.5352 | −0.5747 | +0.0395 
Results / 1. The sixteen atoms in closed form,"Table 1, body",1,−0.5352,data,notes/review_results/partB/family_atoms_tables.md,line 17; the line holds -0.5352; anchor: @L10-26|| xts |,"family_atoms_tables.md, ts_gsr W = 60 table",ok,−0.0230 | +0.0012 (5) | +0.0000 (4) | +0.0011 (5) | | xts | −0.5352 | −0.5747 | +0.0395 | +0.0399 (2) | +0.
Results / 1. The sixteen atoms in closed form,"Table 1, body",1,−0.5747,data,notes/review_results/partB/family_atoms_tables.md,line 17; the line holds -0.5747; anchor: @L10-26|| xts |,"family_atoms_tables.md, ts_gsr W = 60 table",ok,+0.0012 (5) | +0.0000 (4) | +0.0011 (5) | | xts | −0.5352 | −0.5747 | +0.0395 | +0.0399 (2) | +0.0413 (2) |
Results / 1. The sixteen atoms in closed form,"Table 1, body",1,+0.0395,data,notes/review_results/partB/family_atoms_tables.md,line 17; the line holds +0.0395; anchor: @L10-26|| xts |,"family_atoms_tables.md, ts_gsr W = 60 table",ok,) | +0.0000 (4) | +0.0011 (5) | | xts | −0.5352 | −0.5747 | +0.0395 | +0.0399 (2) | +0.0413 (2) | −0.0014 (
Results / 1. The sixteen atoms in closed form,"Table 1, body",1,+0.0399,data,notes/review_results/partB/family_atoms_tables.md,line 17; the line holds +0.0399; anchor: @L10-26|| xts |,"family_atoms_tables.md, ts_gsr W = 60 table",ok,0 (4) | +0.0011 (5) | | xts | −0.5352 | −0.5747 | +0.0395 | +0.0399 (2) | +0.0413 (2) | −0.0014 (9) | | ytr
Results / 1. The sixteen atoms in closed form,"Table 1, body",1,2,data,notes/review_results/partB/family_atoms_tables.md,line 17; the line holds 2; anchor: @L10-26|| xts |,"family_atoms_tables.md, ts_gsr W = 60 table",ok,0.0011 (5) | | xts | −0.5352 | −0.5747 | +0.0395 | +0.0399 (2) | +0.0413 (2) | −0.0014 (9) | | ytr | 
Results / 1. The sixteen atoms in closed form,"Table 1, body",1,+0.0413,data,notes/review_results/partB/family_atoms_tables.md,line 17; the line holds +0.0413; anchor: @L10-26|| xts |,"family_atoms_tables.md, ts_gsr W = 60 table",ok,1 (5) | | xts | −0.5352 | −0.5747 | +0.0395 | +0.0399 (2) | +0.0413 (2) | −0.0014 (9) | | ytr | +0.0258 | +
Results / 1. The sixteen atoms in closed form,"Table 1, body",2,2,data,notes/review_results/partB/family_atoms_tables.md,line 17; the line holds 2; anchor: @L10-26|| xts |,"family_atoms_tables.md, ts_gsr W = 60 table",ok, xts | −0.5352 | −0.5747 | +0.0395 | +0.0399 (2) | +0.0413 (2) | −0.0014 (9) | | ytr | +0.0258 | +0.0
Results / 1. The sixteen atoms in closed form,"Table 1, body",1,−0.0014,data,notes/review_results/partB/family_atoms_tables.md,line 17; the line holds -0.0014; anchor: @L10-26|| xts |,"family_atoms_tables.md, ts_gsr W = 60 table",ok,| −0.5352 | −0.5747 | +0.0395 | +0.0399 (2) | +0.0413 (2) | −0.0014 (9) | | ytr | +0.0258 | +0.0027 | +0.02
Results / 1. The sixteen atoms in closed form,"Table 1, body",6,9,data,notes/review_results/partB/family_atoms_tables.md,line 17; the line holds 9; anchor: @L10-26|| xts |,"family_atoms_tables.md, ts_gsr W = 60 table",ok, | −0.5747 | +0.0395 | +0.0399 (2) | +0.0413 (2) | −0.0014 (9) | | ytr | +0.0258 | +0.0027 | +0.0231 
Results / 1. The sixteen atoms in closed form,"Table 1, body",2,+0.0258,data,notes/review_results/partB/family_atoms_tables.md,line 18; the line holds +0.0258; anchor: @L10-26|| ytr |,"family_atoms_tables.md, ts_gsr W = 60 table",ok,+0.0395 | +0.0399 (2) | +0.0413 (2) | −0.0014 (9) | | ytr | +0.0258 | +0.0027 | +0.0231 | −0.0012 (9) | −0.
Results / 1. The sixteen atoms in closed form,"Table 1, body",2,+0.0027,data,notes/review_results/partB/family_atoms_tables.md,line 18; the line holds +0.0027; anchor: @L10-26|| ytr |,"family_atoms_tables.md, ts_gsr W = 60 table",ok,+0.0399 (2) | +0.0413 (2) | −0.0014 (9) | | ytr | +0.0258 | +0.0027 | +0.0231 | −0.0012 (9) | −0.0003 (10) 
Results / 1. The sixteen atoms in closed form,"Table 1, body",2,+0.0231,data,notes/review_results/partB/family_atoms_tables.md,line 18; the line holds +0.0231; anchor: @L10-26|| ytr |,"family_atoms_tables.md, ts_gsr W = 60 table",ok,) | +0.0413 (2) | −0.0014 (9) | | ytr | +0.0258 | +0.0027 | +0.0231 | −0.0012 (9) | −0.0003 (10) | −0.0008 
Results / 1. The sixteen atoms in closed form,"Table 1, body",4,−0.0012,data,notes/review_results/partB/family_atoms_tables.md,line 11; the line holds -0.0012; anchor: @L10-26|| rtx |,"family_atoms_tables.md, ts_gsr W = 60 table",ok,3 (2) | −0.0014 (9) | | ytr | +0.0258 | +0.0027 | +0.0231 | −0.0012 (9) | −0.0003 (10) | −0.0008 (8) | | yt
Results / 1. The sixteen atoms in closed form,"Table 1, body",7,9,data,notes/review_results/partB/family_atoms_tables.md,line 11; the line holds 9; anchor: @L10-26|| rtx |,"family_atoms_tables.md, ts_gsr W = 60 table",ok,0.0014 (9) | | ytr | +0.0258 | +0.0027 | +0.0231 | −0.0012 (9) | −0.0003 (10) | −0.0008 (8) | | ytx |
Results / 1. The sixteen atoms in closed form,"Table 1, body",2,−0.0003,data,notes/review_results/partB/family_atoms_tables.md,line 11; the line holds -0.0003; anchor: @L10-26|| rtx |,"family_atoms_tables.md, ts_gsr W = 60 table",ok,4 (9) | | ytr | +0.0258 | +0.0027 | +0.0231 | −0.0012 (9) | −0.0003 (10) | −0.0008 (8) | | ytx | −0.0258 | 
Results / 1. The sixteen atoms in closed form,"Table 1, body",6,10,data,notes/review_results/partB/family_atoms_tables.md,line 11; the line holds 10; anchor: @L10-26|| rtx |,"family_atoms_tables.md, ts_gsr W = 60 table",ok, ytr | +0.0258 | +0.0027 | +0.0231 | −0.0012 (9) | −0.0003 (10) | −0.0008 (8) | | ytx | −0.0258 | −0.0
Results / 1. The sixteen atoms in closed form,"Table 1, body",2,−0.0008,data,notes/review_results/partB/family_atoms_tables.md,line 18; the line holds -0.0008; anchor: @L10-26|| ytr |,"family_atoms_tables.md, ts_gsr W = 60 table",ok, +0.0258 | +0.0027 | +0.0231 | −0.0012 (9) | −0.0003 (10) | −0.0008 (8) | | ytx | −0.0258 | −0.0027 | −0.02
Results / 1. The sixteen atoms in closed form,"Table 1, body",2,8,data,notes/review_results/partB/family_atoms_tables.md,line 18; the line holds 8; anchor: @L10-26|| ytr |,"family_atoms_tables.md, ts_gsr W = 60 table",ok,| +0.0027 | +0.0231 | −0.0012 (9) | −0.0003 (10) | −0.0008 (8) | | ytx | −0.0258 | −0.0027 | −0.0230 
Results / 1. The sixteen atoms in closed form,"Table 1, body",1,−0.0258,data,notes/review_results/partB/family_atoms_tables.md,line 19; the line holds -0.0258; anchor: @L10-26|| ytx |,"family_atoms_tables.md, ts_gsr W = 60 table",ok,0.0231 | −0.0012 (9) | −0.0003 (10) | −0.0008 (8) | | ytx | −0.0258 | −0.0027 | −0.0230 | +0.0012 (5) | +0.
Results / 1. The sixteen atoms in closed form,"Table 1, body",1,−0.0027,data,notes/review_results/partB/family_atoms_tables.md,line 19; the line holds -0.0027; anchor: @L10-26|| ytx |,"family_atoms_tables.md, ts_gsr W = 60 table",ok,0.0012 (9) | −0.0003 (10) | −0.0008 (8) | | ytx | −0.0258 | −0.0027 | −0.0230 | +0.0012 (5) | +0.0003 (4) |
Results / 1. The sixteen atoms in closed form,"Table 1, body",2,−0.0230,data,notes/review_results/partB/family_atoms_tables.md,line 19; the line holds -0.0230; anchor: @L10-26|| ytx |,"family_atoms_tables.md, ts_gsr W = 60 table",ok, | −0.0003 (10) | −0.0008 (8) | | ytx | −0.0258 | −0.0027 | −0.0230 | +0.0012 (5) | +0.0003 (4) | +0.0008 (
Results / 1. The sixteen atoms in closed form,"Table 1, body",3,+0.0012,data,notes/review_results/partB/family_atoms_tables.md,line 19; the line holds +0.0012; anchor: @L10-26|| ytx |,"family_atoms_tables.md, ts_gsr W = 60 table",ok, (10) | −0.0008 (8) | | ytx | −0.0258 | −0.0027 | −0.0230 | +0.0012 (5) | +0.0003 (4) | +0.0008 (6) | | yty
Results / 1. The sixteen atoms in closed form,"Table 1, body",4,5,data,notes/review_results/partB/family_atoms_tables.md,line 19; the line holds 5; anchor: @L10-26|| ytx |,"family_atoms_tables.md, ts_gsr W = 60 table",ok,0.0008 (8) | | ytx | −0.0258 | −0.0027 | −0.0230 | +0.0012 (5) | +0.0003 (4) | +0.0008 (6) | | yty | 
Results / 1. The sixteen atoms in closed form,"Table 1, body",1,+0.0003,data,notes/review_results/partB/family_atoms_tables.md,line 19; the line holds +0.0003; anchor: @L10-26|| ytx |,"family_atoms_tables.md, ts_gsr W = 60 table",ok,8 (8) | | ytx | −0.0258 | −0.0027 | −0.0230 | +0.0012 (5) | +0.0003 (4) | +0.0008 (6) | | yty | +0.6125 | +
Results / 1. The sixteen atoms in closed form,"Table 1, body",4,4,data,notes/review_results/partB/family_atoms_tables.md,line 19; the line holds 4; anchor: @L10-26|| ytx |,"family_atoms_tables.md, ts_gsr W = 60 table",ok, ytx | −0.0258 | −0.0027 | −0.0230 | +0.0012 (5) | +0.0003 (4) | +0.0008 (6) | | yty | +0.6125 | +0.6
Results / 1. The sixteen atoms in closed form,"Table 1, body",3,+0.0008,data,notes/review_results/partB/family_atoms_tables.md,line 19; the line holds +0.0008; anchor: @L10-26|| ytx |,"family_atoms_tables.md, ts_gsr W = 60 table",ok,| −0.0258 | −0.0027 | −0.0230 | +0.0012 (5) | +0.0003 (4) | +0.0008 (6) | | yty | +0.6125 | +0.6470 | −0.03
Results / 1. The sixteen atoms in closed form,"Table 1, body",1,6,data,notes/review_results/partB/family_atoms_tables.md,line 19; the line holds 6; anchor: @L10-26|| ytx |,"family_atoms_tables.md, ts_gsr W = 60 table",ok, | −0.0027 | −0.0230 | +0.0012 (5) | +0.0003 (4) | +0.0008 (6) | | yty | +0.6125 | +0.6470 | −0.0345 
Results / 1. The sixteen atoms in closed form,"Table 1, body",1,+0.6125,data,notes/review_results/partB/family_atoms_tables.md,line 20; the line holds +0.6125; anchor: @L10-26|| yty |,"family_atoms_tables.md, ts_gsr W = 60 table",ok,−0.0230 | +0.0012 (5) | +0.0003 (4) | +0.0008 (6) | | yty | +0.6125 | +0.6470 | −0.0345 | −0.0396 (13) | −0
Results / 1. The sixteen atoms in closed form,"Table 1, body",1,+0.6470,data,notes/review_results/partB/family_atoms_tables.md,line 20; the line holds +0.6470; anchor: @L10-26|| yty |,"family_atoms_tables.md, ts_gsr W = 60 table",ok,+0.0012 (5) | +0.0003 (4) | +0.0008 (6) | | yty | +0.6125 | +0.6470 | −0.0345 | −0.0396 (13) | −0.0408 (12)
Results / 1. The sixteen atoms in closed form,"Table 1, body",2,−0.0345,data,notes/review_results/partB/family_atoms_tables.md,line 20; the line holds -0.0345; anchor: @L10-26|| yty |,"family_atoms_tables.md, ts_gsr W = 60 table",ok,) | +0.0003 (4) | +0.0008 (6) | | yty | +0.6125 | +0.6470 | −0.0345 | −0.0396 (13) | −0.0408 (12) | +0.0012
Results / 1. The sixteen atoms in closed form,"Table 1, body",1,−0.0396,data,notes/review_results/partB/family_atoms_tables.md,line 20; the line holds -0.0396; anchor: @L10-26|| yty |,"family_atoms_tables.md, ts_gsr W = 60 table",ok,3 (4) | +0.0008 (6) | | yty | +0.6125 | +0.6470 | −0.0345 | −0.0396 (13) | −0.0408 (12) | +0.0012 (5) | | y
Results / 1. The sixteen atoms in closed form,"Table 1, body",2,13,data,notes/review_results/partB/family_atoms_tables.md,line 20; the line holds 13; anchor: @L10-26|| yty |,"family_atoms_tables.md, ts_gsr W = 60 table",ok,0.0008 (6) | | yty | +0.6125 | +0.6470 | −0.0345 | −0.0396 (13) | −0.0408 (12) | +0.0012 (5) | | yts |
Results / 1. The sixteen atoms in closed form,"Table 1, body",1,−0.0408,data,notes/review_results/partB/family_atoms_tables.md,line 20; the line holds -0.0408; anchor: @L10-26|| yty |,"family_atoms_tables.md, ts_gsr W = 60 table",ok, (6) | | yty | +0.6125 | +0.6470 | −0.0345 | −0.0396 (13) | −0.0408 (12) | +0.0012 (5) | | yts | −0.5358 | 
Results / 1. The sixteen atoms in closed form,"Table 1, body",4,12,data,notes/review_results/partB/family_atoms_tables.md,line 20; the line holds 12; anchor: @L10-26|| yty |,"family_atoms_tables.md, ts_gsr W = 60 table",ok,yty | +0.6125 | +0.6470 | −0.0345 | −0.0396 (13) | −0.0408 (12) | +0.0012 (5) | | yts | −0.5358 | −0.5
Results / 1. The sixteen atoms in closed form,"Table 1, body",4,+0.0012,data,notes/review_results/partB/family_atoms_tables.md,line 20; the line holds +0.0012; anchor: @L10-26|| yty |,"family_atoms_tables.md, ts_gsr W = 60 table",ok,+0.6125 | +0.6470 | −0.0345 | −0.0396 (13) | −0.0408 (12) | +0.0012 (5) | | yts | −0.5358 | −0.5747 | +0.03
Results / 1. The sixteen atoms in closed form,"Table 1, body",5,5,data,notes/review_results/partB/family_atoms_tables.md,line 20; the line holds 5; anchor: @L10-26|| yty |,"family_atoms_tables.md, ts_gsr W = 60 table",ok, +0.6470 | −0.0345 | −0.0396 (13) | −0.0408 (12) | +0.0012 (5) | | yts | −0.5358 | −0.5747 | +0.0389 
Results / 1. The sixteen atoms in closed form,"Table 1, body",1,−0.5358,data,notes/review_results/partB/family_atoms_tables.md,line 21; the line holds -0.5358; anchor: @L10-26|| yts |,"family_atoms_tables.md, ts_gsr W = 60 table",ok,.0345 | −0.0396 (13) | −0.0408 (12) | +0.0012 (5) | | yts | −0.5358 | −0.5747 | +0.0389 | +0.0404 (2) | +0.
Results / 1. The sixteen atoms in closed form,"Table 1, body",2,−0.5747,data,notes/review_results/partB/family_atoms_tables.md,line 21; the line holds -0.5747; anchor: @L10-26|| yts |,"family_atoms_tables.md, ts_gsr W = 60 table",ok,.0396 (13) | −0.0408 (12) | +0.0012 (5) | | yts | −0.5358 | −0.5747 | +0.0389 | +0.0404 (2) | +0.0414 (2) |
Results / 1. The sixteen atoms in closed form,"Table 1, body",1,+0.0389,data,notes/review_results/partB/family_atoms_tables.md,line 21; the line holds +0.0389; anchor: @L10-26|| yts |,"family_atoms_tables.md, ts_gsr W = 60 table",ok, | −0.0408 (12) | +0.0012 (5) | | yts | −0.5358 | −0.5747 | +0.0389 | +0.0404 (2) | +0.0414 (2) | −0.0010 (
Results / 1. The sixteen atoms in closed form,"Table 1, body",1,+0.0404,data,notes/review_results/partB/family_atoms_tables.md,line 21; the line holds +0.0404; anchor: @L10-26|| yts |,"family_atoms_tables.md, ts_gsr W = 60 table",ok, (12) | +0.0012 (5) | | yts | −0.5358 | −0.5747 | +0.0389 | +0.0404 (2) | +0.0414 (2) | −0.0010 (9) | | str
Results / 1. The sixteen atoms in closed form,"Table 1, body",3,2,data,notes/review_results/partB/family_atoms_tables.md,line 21; the line holds 2; anchor: @L10-26|| yts |,"family_atoms_tables.md, ts_gsr W = 60 table",ok,0.0012 (5) | | yts | −0.5358 | −0.5747 | +0.0389 | +0.0404 (2) | +0.0414 (2) | −0.0010 (9) | | str | 
Results / 1. The sixteen atoms in closed form,"Table 1, body",1,+0.0414,data,notes/review_results/partB/family_atoms_tables.md,line 21; the line holds +0.0414; anchor: @L10-26|| yts |,"family_atoms_tables.md, ts_gsr W = 60 table",ok,2 (5) | | yts | −0.5358 | −0.5747 | +0.0389 | +0.0404 (2) | +0.0414 (2) | −0.0010 (9) | | str | +0.5667 | +
Results / 1. The sixteen atoms in closed form,"Table 1, body",4,2,data,notes/review_results/partB/family_atoms_tables.md,line 21; the line holds 2; anchor: @L10-26|| yts |,"family_atoms_tables.md, ts_gsr W = 60 table",ok, yts | −0.5358 | −0.5747 | +0.0389 | +0.0404 (2) | +0.0414 (2) | −0.0010 (9) | | str | +0.5667 | +0.5
Results / 1. The sixteen atoms in closed form,"Table 1, body",1,−0.0010,data,notes/review_results/partB/family_atoms_tables.md,line 21; the line holds -0.0010; anchor: @L10-26|| yts |,"family_atoms_tables.md, ts_gsr W = 60 table",ok,| −0.5358 | −0.5747 | +0.0389 | +0.0404 (2) | +0.0414 (2) | −0.0010 (9) | | str | +0.5667 | +0.5750 | −0.00
Results / 1. The sixteen atoms in closed form,"Table 1, body",8,9,data,notes/review_results/partB/family_atoms_tables.md,line 21; the line holds 9; anchor: @L10-26|| yts |,"family_atoms_tables.md, ts_gsr W = 60 table",ok, | −0.5747 | +0.0389 | +0.0404 (2) | +0.0414 (2) | −0.0010 (9) | | str | +0.5667 | +0.5750 | −0.0082 
Results / 1. The sixteen atoms in closed form,"Table 1, body",1,+0.5667,data,notes/review_results/partB/family_atoms_tables.md,line 22; the line holds +0.5667; anchor: @L10-26|| str |,"family_atoms_tables.md, ts_gsr W = 60 table",ok,+0.0389 | +0.0404 (2) | +0.0414 (2) | −0.0010 (9) | | str | +0.5667 | +0.5750 | −0.0082 | −0.0408 (12) | −0
Results / 1. The sixteen atoms in closed form,"Table 1, body",1,+0.5750,data,notes/review_results/partB/family_atoms_tables.md,line 22; the line holds +0.5750; anchor: @L10-26|| str |,"family_atoms_tables.md, ts_gsr W = 60 table",ok,+0.0404 (2) | +0.0414 (2) | −0.0010 (9) | | str | +0.5667 | +0.5750 | −0.0082 | −0.0408 (12) | −0.0414 (12)
Results / 1. The sixteen atoms in closed form,"Table 1, body",1,−0.0082,data,notes/review_results/partB/family_atoms_tables.md,line 22; the line holds -0.0082; anchor: @L10-26|| str |,"family_atoms_tables.md, ts_gsr W = 60 table",ok,) | +0.0414 (2) | −0.0010 (9) | | str | +0.5667 | +0.5750 | −0.0082 | −0.0408 (12) | −0.0414 (12) | +0.0006
Results / 1. The sixteen atoms in closed form,"Table 1, body",2,−0.0408,data,notes/review_results/partB/family_atoms_tables.md,line 22; the line holds -0.0408; anchor: @L10-26|| str |,"family_atoms_tables.md, ts_gsr W = 60 table",ok,4 (2) | −0.0010 (9) | | str | +0.5667 | +0.5750 | −0.0082 | −0.0408 (12) | −0.0414 (12) | +0.0006 (5) | | s
Results / 1. The sixteen atoms in closed form,"Table 1, body",5,12,data,notes/review_results/partB/family_atoms_tables.md,line 22; the line holds 12; anchor: @L10-26|| str |,"family_atoms_tables.md, ts_gsr W = 60 table",ok,0.0010 (9) | | str | +0.5667 | +0.5750 | −0.0082 | −0.0408 (12) | −0.0414 (12) | +0.0006 (5) | | stx |
Results / 1. The sixteen atoms in closed form,"Table 1, body",2,−0.0414,data,notes/review_results/partB/family_atoms_tables.md,line 22; the line holds -0.0414; anchor: @L10-26|| str |,"family_atoms_tables.md, ts_gsr W = 60 table",ok, (9) | | str | +0.5667 | +0.5750 | −0.0082 | −0.0408 (12) | −0.0414 (12) | +0.0006 (5) | | stx | −0.5350 | 
Results / 1. The sixteen atoms in closed form,"Table 1, body",6,12,data,notes/review_results/partB/family_atoms_tables.md,line 22; the line holds 12; anchor: @L10-26|| str |,"family_atoms_tables.md, ts_gsr W = 60 table",ok,str | +0.5667 | +0.5750 | −0.0082 | −0.0408 (12) | −0.0414 (12) | +0.0006 (5) | | stx | −0.5350 | −0.5
Results / 1. The sixteen atoms in closed form,"Table 1, body",1,+0.0006,data,notes/review_results/partB/family_atoms_tables.md,line 22; the line holds +0.0006; anchor: @L10-26|| str |,"family_atoms_tables.md, ts_gsr W = 60 table",ok,+0.5667 | +0.5750 | −0.0082 | −0.0408 (12) | −0.0414 (12) | +0.0006 (5) | | stx | −0.5350 | −0.5750 | +0.04
Results / 1. The sixteen atoms in closed form,"Table 1, body",6,5,data,notes/review_results/partB/family_atoms_tables.md,line 22; the line holds 5; anchor: @L10-26|| str |,"family_atoms_tables.md, ts_gsr W = 60 table",ok, +0.5750 | −0.0082 | −0.0408 (12) | −0.0414 (12) | +0.0006 (5) | | stx | −0.5350 | −0.5750 | +0.0400 
Results / 1. The sixteen atoms in closed form,"Table 1, body",1,−0.5350,data,notes/review_results/partB/family_atoms_tables.md,line 23; the line holds -0.5350; anchor: @L10-26|| stx |,"family_atoms_tables.md, ts_gsr W = 60 table",ok,.0082 | −0.0408 (12) | −0.0414 (12) | +0.0006 (5) | | stx | −0.5350 | −0.5750 | +0.0400 | +0.0401 (2) | +0.
Results / 1. The sixteen atoms in closed form,"Table 1, body",1,−0.5750,data,notes/review_results/partB/family_atoms_tables.md,line 23; the line holds -0.5750; anchor: @L10-26|| stx |,"family_atoms_tables.md, ts_gsr W = 60 table",ok,.0408 (12) | −0.0414 (12) | +0.0006 (5) | | stx | −0.5350 | −0.5750 | +0.0400 | +0.0401 (2) | +0.0414 (2) |
Results / 1. The sixteen atoms in closed form,"Table 1, body",1,+0.0400,data,notes/review_results/partB/family_atoms_tables.md,line 23; the line holds +0.0400; anchor: @L10-26|| stx |,"family_atoms_tables.md, ts_gsr W = 60 table",ok, | −0.0414 (12) | +0.0006 (5) | | stx | −0.5350 | −0.5750 | +0.0400 | +0.0401 (2) | +0.0414 (2) | −0.0013 (
Results / 1. The sixteen atoms in closed form,"Table 1, body",1,+0.0401,data,notes/review_results/partB/family_atoms_tables.md,line 23; the line holds +0.0401; anchor: @L10-26|| stx |,"family_atoms_tables.md, ts_gsr W = 60 table",ok, (12) | +0.0006 (5) | | stx | −0.5350 | −0.5750 | +0.0400 | +0.0401 (2) | +0.0414 (2) | −0.0013 (9) | | sty
Results / 1. The sixteen atoms in closed form,"Table 1, body",5,2,data,notes/review_results/partB/family_atoms_tables.md,line 23; the line holds 2; anchor: @L10-26|| stx |,"family_atoms_tables.md, ts_gsr W = 60 table",ok,0.0006 (5) | | stx | −0.5350 | −0.5750 | +0.0400 | +0.0401 (2) | +0.0414 (2) | −0.0013 (9) | | sty | 
Results / 1. The sixteen atoms in closed form,"Table 1, body",2,+0.0414,data,notes/review_results/partB/family_atoms_tables.md,line 23; the line holds +0.0414; anchor: @L10-26|| stx |,"family_atoms_tables.md, ts_gsr W = 60 table",ok,6 (5) | | stx | −0.5350 | −0.5750 | +0.0400 | +0.0401 (2) | +0.0414 (2) | −0.0013 (9) | | sty | −0.5357 | −
Results / 1. The sixteen atoms in closed form,"Table 1, body",6,2,data,notes/review_results/partB/family_atoms_tables.md,line 23; the line holds 2; anchor: @L10-26|| stx |,"family_atoms_tables.md, ts_gsr W = 60 table",ok, stx | −0.5350 | −0.5750 | +0.0400 | +0.0401 (2) | +0.0414 (2) | −0.0013 (9) | | sty | −0.5357 | −0.5
Results / 1. The sixteen atoms in closed form,"Table 1, body",1,−0.0013,data,notes/review_results/partB/family_atoms_tables.md,line 23; the line holds -0.0013; anchor: @L10-26|| stx |,"family_atoms_tables.md, ts_gsr W = 60 table",ok,| −0.5350 | −0.5750 | +0.0400 | +0.0401 (2) | +0.0414 (2) | −0.0013 (9) | | sty | −0.5357 | −0.5750 | +0.03
Results / 1. The sixteen atoms in closed form,"Table 1, body",9,9,data,notes/review_results/partB/family_atoms_tables.md,line 23; the line holds 9; anchor: @L10-26|| stx |,"family_atoms_tables.md, ts_gsr W = 60 table",ok, | −0.5750 | +0.0400 | +0.0401 (2) | +0.0414 (2) | −0.0013 (9) | | sty | −0.5357 | −0.5750 | +0.0392 
Results / 1. The sixteen atoms in closed form,"Table 1, body",1,−0.5357,data,notes/review_results/partB/family_atoms_tables.md,line 24; the line holds -0.5357; anchor: @L10-26|| sty |,"family_atoms_tables.md, ts_gsr W = 60 table",ok,+0.0400 | +0.0401 (2) | +0.0414 (2) | −0.0013 (9) | | sty | −0.5357 | −0.5750 | +0.0392 | +0.0403 (2) | +0.
Results / 1. The sixteen atoms in closed form,"Table 1, body",2,−0.5750,data,notes/review_results/partB/family_atoms_tables.md,line 24; the line holds -0.5750; anchor: @L10-26|| sty |,"family_atoms_tables.md, ts_gsr W = 60 table",ok,+0.0401 (2) | +0.0414 (2) | −0.0013 (9) | | sty | −0.5357 | −0.5750 | +0.0392 | +0.0403 (2) | +0.0414 (2) |
Results / 1. The sixteen atoms in closed form,"Table 1, body",1,+0.0392,data,notes/review_results/partB/family_atoms_tables.md,line 24; the line holds +0.0392; anchor: @L10-26|| sty |,"family_atoms_tables.md, ts_gsr W = 60 table",ok,) | +0.0414 (2) | −0.0013 (9) | | sty | −0.5357 | −0.5750 | +0.0392 | +0.0403 (2) | +0.0414 (2) | −0.0011 (
Results / 1. The sixteen atoms in closed form,"Table 1, body",1,+0.0403,data,notes/review_results/partB/family_atoms_tables.md,line 24; the line holds +0.0403; anchor: @L10-26|| sty |,"family_atoms_tables.md, ts_gsr W = 60 table",ok,4 (2) | −0.0013 (9) | | sty | −0.5357 | −0.5750 | +0.0392 | +0.0403 (2) | +0.0414 (2) | −0.0011 (9) | | sts
Results / 1. The sixteen atoms in closed form,"Table 1, body",7,2,data,notes/review_results/partB/family_atoms_tables.md,line 24; the line holds 2; anchor: @L10-26|| sty |,"family_atoms_tables.md, ts_gsr W = 60 table",ok,0.0013 (9) | | sty | −0.5357 | −0.5750 | +0.0392 | +0.0403 (2) | +0.0414 (2) | −0.0011 (9) | | sts | 
Results / 1. The sixteen atoms in closed form,"Table 1, body",3,+0.0414,data,notes/review_results/partB/family_atoms_tables.md,line 24; the line holds +0.0414; anchor: @L10-26|| sty |,"family_atoms_tables.md, ts_gsr W = 60 table",ok,3 (9) | | sty | −0.5357 | −0.5750 | +0.0392 | +0.0403 (2) | +0.0414 (2) | −0.0011 (9) | | sts | +1.1554 | +
Results / 1. The sixteen atoms in closed form,"Table 1, body",8,2,data,notes/review_results/partB/family_atoms_tables.md,line 24; the line holds 2; anchor: @L10-26|| sty |,"family_atoms_tables.md, ts_gsr W = 60 table",ok, sty | −0.5357 | −0.5750 | +0.0392 | +0.0403 (2) | +0.0414 (2) | −0.0011 (9) | | sts | +1.1554 | +1.2
Results / 1. The sixteen atoms in closed form,"Table 1, body",3,−0.0011,data,notes/review_results/partB/family_atoms_tables.md,line 24; the line holds -0.0011; anchor: @L10-26|| sty |,"family_atoms_tables.md, ts_gsr W = 60 table",ok,| −0.5357 | −0.5750 | +0.0392 | +0.0403 (2) | +0.0414 (2) | −0.0011 (9) | | sts | +1.1554 | +1.2084 | −0.05
Results / 1. The sixteen atoms in closed form,"Table 1, body",10,9,data,notes/review_results/partB/family_atoms_tables.md,line 24; the line holds 9; anchor: @L10-26|| sty |,"family_atoms_tables.md, ts_gsr W = 60 table",ok, | −0.5750 | +0.0392 | +0.0403 (2) | +0.0414 (2) | −0.0011 (9) | | sts | +1.1554 | +1.2084 | −0.0530 
Results / 1. The sixteen atoms in closed form,"Table 1, body",1,+1.1554,data,notes/review_results/partB/family_atoms_tables.md,line 25; the line holds +1.1554; anchor: @L10-26|| sts |,"family_atoms_tables.md, ts_gsr W = 60 table",ok,+0.0392 | +0.0403 (2) | +0.0414 (2) | −0.0011 (9) | | sts | +1.1554 | +1.2084 | −0.0530 | −0.0809 (13) | −0
Results / 1. The sixteen atoms in closed form,"Table 1, body",1,+1.2084,data,notes/review_results/partB/family_atoms_tables.md,line 25; the line holds +1.2084; anchor: @L10-26|| sts |,"family_atoms_tables.md, ts_gsr W = 60 table",ok,+0.0403 (2) | +0.0414 (2) | −0.0011 (9) | | sts | +1.1554 | +1.2084 | −0.0530 | −0.0809 (13) | −0.0924 (13)
Results / 1. The sixteen atoms in closed form,"Table 1, body",1,−0.0530,data,notes/review_results/partB/family_atoms_tables.md,line 25; the line holds -0.0530; anchor: @L10-26|| sts |,"family_atoms_tables.md, ts_gsr W = 60 table",ok,) | +0.0414 (2) | −0.0011 (9) | | sts | +1.1554 | +1.2084 | −0.0530 | −0.0809 (13) | −0.0924 (13) | +0.0115
Results / 1. The sixteen atoms in closed form,"Table 1, body",1,−0.0809,data,notes/review_results/partB/family_atoms_tables.md,line 25; the line holds -0.0809; anchor: @L10-26|| sts |,"family_atoms_tables.md, ts_gsr W = 60 table",ok,4 (2) | −0.0011 (9) | | sts | +1.1554 | +1.2084 | −0.0530 | −0.0809 (13) | −0.0924 (13) | +0.0115 (4) | | T
Results / 1. The sixteen atoms in closed form,"Table 1, body",3,13,data,notes/review_results/partB/family_atoms_tables.md,line 25; the line holds 13; anchor: @L10-26|| sts |,"family_atoms_tables.md, ts_gsr W = 60 table",ok,0.0011 (9) | | sts | +1.1554 | +1.2084 | −0.0530 | −0.0809 (13) | −0.0924 (13) | +0.0115 (4) | | TDMI 
Results / 1. The sixteen atoms in closed form,"Table 1, body",1,−0.0924,data,notes/review_results/partB/family_atoms_tables.md,line 25; the line holds -0.0924; anchor: @L10-26|| sts |,"family_atoms_tables.md, ts_gsr W = 60 table",ok, (9) | | sts | +1.1554 | +1.2084 | −0.0530 | −0.0809 (13) | −0.0924 (13) | +0.0115 (4) | | TDMI (Σ 16) | +1
Results / 1. The sixteen atoms in closed form,"Table 1, body",4,13,data,notes/review_results/partB/family_atoms_tables.md,line 25; the line holds 13; anchor: @L10-26|| sts |,"family_atoms_tables.md, ts_gsr W = 60 table",ok,sts | +1.1554 | +1.2084 | −0.0530 | −0.0809 (13) | −0.0924 (13) | +0.0115 (4) | | TDMI (Σ 16) | +1.477
Results / 1. The sixteen atoms in closed form,"Table 1, body",1,+0.0115,data,notes/review_results/partB/family_atoms_tables.md,line 25; the line holds +0.0115; anchor: @L10-26|| sts |,"family_atoms_tables.md, ts_gsr W = 60 table",ok,+1.1554 | +1.2084 | −0.0530 | −0.0809 (13) | −0.0924 (13) | +0.0115 (4) | | TDMI (Σ 16) | +1.4772 | +1.4240
Results / 1. The sixteen atoms in closed form,"Table 1, body",5,4,data,notes/review_results/partB/family_atoms_tables.md,line 25; the line holds 4; anchor: @L10-26|| sts |,"family_atoms_tables.md, ts_gsr W = 60 table",ok, +1.2084 | −0.0530 | −0.0809 (13) | −0.0924 (13) | +0.0115 (4) | | TDMI (Σ 16) | +1.4772 | +1.4240 | 
Results / 1. The sixteen atoms in closed form,"Table 1, body",1,16,design,notes/review_results/partB/family_atoms_tables.md,line 26; anchor: TDMI (sum),sixteen atoms,ok,530 | −0.0809 (13) | −0.0924 (13) | +0.0115 (4) | | TDMI (Σ 16) | +1.4772 | +1.4240 | +0.0532 | −0.103
Results / 1. The sixteen atoms in closed form,"Table 1, body",1,+1.4772,data,notes/review_results/partB/family_atoms_tables.md,line 26; the line holds +1.4772; anchor: @L10-26|| TDMI (sum) |,"family_atoms_tables.md, ts_gsr W = 60 table",ok,−0.0809 (13) | −0.0924 (13) | +0.0115 (4) | | TDMI (Σ 16) | +1.4772 | +1.4240 | +0.0532 | −0.1037 (12) | −0
Results / 1. The sixteen atoms in closed form,"Table 1, body",1,+1.4240,data,notes/review_results/partB/family_atoms_tables.md,line 26; the line holds +1.4240; anchor: @L10-26|| TDMI (sum) |,"family_atoms_tables.md, ts_gsr W = 60 table",ok,3) | −0.0924 (13) | +0.0115 (4) | | TDMI (Σ 16) | +1.4772 | +1.4240 | +0.0532 | −0.1037 (12) | −0.1130 (12)
Results / 1. The sixteen atoms in closed form,"Table 1, body",1,+0.0532,data,notes/review_results/partB/family_atoms_tables.md,line 26; the line holds +0.0532; anchor: @L10-26|| TDMI (sum) |,"family_atoms_tables.md, ts_gsr W = 60 table",ok,24 (13) | +0.0115 (4) | | TDMI (Σ 16) | +1.4772 | +1.4240 | +0.0532 | −0.1037 (12) | −0.1130 (12) | +0.0092
Results / 1. The sixteen atoms in closed form,"Table 1, body",1,−0.1037,data,notes/review_results/partB/family_atoms_tables.md,line 26; the line holds -0.1037; anchor: @L10-26|| TDMI (sum) |,"family_atoms_tables.md, ts_gsr W = 60 table",ok,+0.0115 (4) | | TDMI (Σ 16) | +1.4772 | +1.4240 | +0.0532 | −0.1037 (12) | −0.1130 (12) | +0.0092 (5) |
Results / 1. The sixteen atoms in closed form,"Table 1, body",7,12,data,notes/review_results/partB/family_atoms_tables.md,line 26; the line holds 12; anchor: @L10-26|| TDMI (sum) |,"family_atoms_tables.md, ts_gsr W = 60 table",ok,4) | | TDMI (Σ 16) | +1.4772 | +1.4240 | +0.0532 | −0.1037 (12) | −0.1130 (12) | +0.0092 (5) |
Results / 1. The sixteen atoms in closed form,"Table 1, body",1,−0.1130,data,notes/review_results/partB/family_atoms_tables.md,line 26; the line holds -0.1130; anchor: @L10-26|| TDMI (sum) |,"family_atoms_tables.md, ts_gsr W = 60 table",ok, TDMI (Σ 16) | +1.4772 | +1.4240 | +0.0532 | −0.1037 (12) | −0.1130 (12) | +0.0092 (5) |
Results / 1. The sixteen atoms in closed form,"Table 1, body",8,12,data,notes/review_results/partB/family_atoms_tables.md,line 26; the line holds 12; anchor: @L10-26|| TDMI (sum) |,"family_atoms_tables.md, ts_gsr W = 60 table",ok,16) | +1.4772 | +1.4240 | +0.0532 | −0.1037 (12) | −0.1130 (12) | +0.0092 (5) |
Results / 1. The sixteen atoms in closed form,"Table 1, body",1,+0.0092,data,notes/review_results/partB/family_atoms_tables.md,line 26; the line holds +0.0092; anchor: @L10-26|| TDMI (sum) |,"family_atoms_tables.md, ts_gsr W = 60 table",ok,+1.4772 | +1.4240 | +0.0532 | −0.1037 (12) | −0.1130 (12) | +0.0092 (5) |
Results / 1. The sixteen atoms in closed form,"Table 1, body",7,5,data,notes/review_results/partB/family_atoms_tables.md,line 26; the line holds 5; anchor: @L10-26|| TDMI (sum) |,"family_atoms_tables.md, ts_gsr W = 60 table",ok, +1.4240 | +0.0532 | −0.1037 (12) | −0.1130 (12) | +0.0092 (5) |
Results / 1. The sixteen atoms in closed form,"Fig 2, caption",1,1,label,,,AR(1): a name,ok,"**Fig 2. The sixteen atoms, observed and AR(1)-substituted.** The sixteen Gaussian-M"
Results / 1. The sixteen atoms in closed form,"Fig 2, caption",1,"6,555",design,notes/review_results/partB/scope_map_tables.md,line 84; anchor: | ts_gsr | DMT | 1 | 6555 |,"6,555 pairs per window",ok,"sixteen Gaussian-MMI ΦID atoms of the whole-brain pair mean (6,555 pairs, 14 subjects, ts_gsr, windowed e"
Results / 1. The sixteen atoms in closed form,"Fig 2, caption",1,14,design,manuscript/analysis_record.md,line 48; anchor: 14 subjects × 2 conditions,N = 14 subjects (the shape of the data: 14 subjects × 2 conditions),ok,"ian-MMI ΦID atoms of the whole-brain pair mean (6,555 pairs, 14 subjects, ts_gsr, windowed estimator W"
Results / 1. The sixteen atoms in closed form,"Fig 2, caption",1,60,design,manuscript/analysis_record.md,line 189; anchor: W = 60,W = 60,ok,"an (6,555 pairs, 14 subjects, ts_gsr, windowed estimator W = 60), observed (blue) and AR(1)-substitute"
Results / 1. The sixteen atoms in closed form,"Fig 2, caption",2,1,label,,,AR(1): a name,ok,", ts_gsr, windowed estimator W = 60), observed (blue) and AR(1)-substituted (green): the atoms of eac"
Results / 1. The sixteen atoms in closed form,"Fig 2, caption",1,4,label,,,matrix dimension,ok,lue) and AR(1)-substituted (green): the atoms of each pair's 4 × 4 matrix with its measured lag-1 aut
Results / 1. The sixteen atoms in closed form,"Fig 2, caption",2,4,label,,,matrix dimension,ok, and AR(1)-substituted (green): the atoms of each pair's 4 × 4 matrix with its measured lag-1 autocor
Results / 1. The sixteen atoms in closed form,"Fig 2, caption",3,1,label,,,lag-1: a name,ok," the atoms of each pair's 4 × 4 matrix with its measured lag-1 autocorrelations a_x, a_y kept, its tw"
Results / 1. The sixteen atoms in closed form,"Fig 2, caption",1,0,label,,,lag-0: a name,ok,"s measured lag-1 autocorrelations a_x, a_y kept, its two lag-0 entries set to their mean q and its tw"
Results / 1. The sixteen atoms in closed form,"Fig 2, caption",4,1,design,notes/review_results/partB/family_atoms_tables.md,"line 4; anchor: level = DMT windows 1–4, DiD = windows 6–14 minus 1–4","design: the window sets (level, windows 1–4; DiD, windows 6–14 minus 1–4) and the 14 subjects, as the file's head states them",ok,e figure draws Table 1). (a) DMT pre-injection level (windows 1–4). (b) Primary difference-in-differe
Results / 1. The sixteen atoms in closed form,"Fig 2, caption",3,4,design,notes/review_results/partB/family_atoms_tables.md,"line 4; anchor: level = DMT windows 1–4, DiD = windows 6–14 minus 1–4","design: the window sets (level, windows 1–4; DiD, windows 6–14 minus 1–4) and the 14 subjects, as the file's head states them",ok,figure draws Table 1). (a) DMT pre-injection level (windows 1–4). (b) Primary difference-in-differenc
Results / 1. The sixteen atoms in closed form,"Fig 2, caption",1,6,design,manuscript/analysis_record.md,line 1747; anchor: Primary (pre windows 1–4 / bins 1–8; post windows 6–14 / bins 11–28),the primary window sets,ok,"y difference-in-differences, DMT minus placebo, post (windows 6–14) minus pre (windows 1–4); whiskers"
Results / 1. The sixteen atoms in closed form,"Fig 2, caption",2,14,design,manuscript/analysis_record.md,line 1747; anchor: Primary (pre windows 1–4 / bins 1–8; post windows 6–14 / bins 11–28),the primary window sets,ok,"difference-in-differences, DMT minus placebo, post (windows 6–14) minus pre (windows 1–4); whiskers ar"
Results / 1. The sixteen atoms in closed form,"Fig 2, caption",5,1,design,manuscript/analysis_record.md,line 1747; anchor: Primary (pre windows 1–4 / bins 1–8; post windows 6–14 / bins 11–28),the primary window sets,ok,"es, DMT minus placebo, post (windows 6–14) minus pre (windows 1–4); whiskers are inverted sign-flip 9"
Results / 1. The sixteen atoms in closed form,"Fig 2, caption",4,4,design,manuscript/analysis_record.md,line 1747; anchor: Primary (pre windows 1–4 / bins 1–8; post windows 6–14 / bins 11–28),the primary window sets,ok,", DMT minus placebo, post (windows 6–14) minus pre (windows 1–4); whiskers are inverted sign-flip 95 "
Results / 1. The sixteen atoms in closed form,"Fig 2, caption",1,95,label,,,95 % interval: the coverage,ok,–14) minus pre (windows 1–4); whiskers are inverted sign-flip 95 % intervals of the mean over subjects
Results / 1. The sixteen atoms in closed form,"Fig 2, caption",6,1,label,,,"Figure 1, AR(1), lag-1: names",ok,"o Y, s synergistic; e.g. rts = redundancy-to-synergy). The AR(1)-substituted atoms reproduce the stru"
Results / 1. The sixteen atoms in closed form,"Fig 2, caption",1,−0.0844,data,notes/review_results/partB/family_atoms_tables.md,line 28; the line holds -0.0844; anchor: Excess sts − (xtx + yty),"observed excess, ts_gsr",ok, table: the excess sts − (xtx + yty) is negative in the data (−0.0844) and in the substituted atoms (−0.100
Results / 1. The sixteen atoms in closed form,"Fig 2, caption",1,−0.1003,data,notes/review_results/partB/family_atoms_tables.md,line 28; the line holds -0.1003; anchor: Excess sts − (xtx + yty),"AR(1)-substituted excess, ts_gsr",ok," negative in the data (−0.0844) and in the substituted atoms (−0.1003), as the family with unequal coeffici"
Results / 1. The sixteen atoms in closed form,"Fig 2, caption",1,0.008,data,notes/review_results/partB/diagnostic_alternatives_tables.md,line 204; the line holds 0.0080; anchor: | 0.85 | 0.25 |,"B23 (f): asymmetry 0.0080 at (0.85, 0.25)",ok,"unequal coefficients gives beyond an asymmetry |a_x − a_y| of 0.008 at (0.85, 0.25) (S18 Table); rts and "
Results / 1. The sixteen atoms in closed form,"Fig 2, caption",1,0.85,design,notes/review_results/partB/exchange_rates_tables.md,"line 4; anchor: (0.85, 0.25)",the operating point,ok,"efficients gives beyond an asymmetry |a_x − a_y| of 0.008 at (0.85, 0.25) (S18 Table); rts and str lie b"
Results / 1. The sixteen atoms in closed form,"Fig 2, caption",1,0.25,design,notes/review_results/partB/exchange_rates_tables.md,"line 4; anchor: (0.85, 0.25)",the operating point,ok,"ents gives beyond an asymmetry |a_x − a_y| of 0.008 at (0.85, 0.25) (S18 Table); rts and str lie below x"
Results / 1. The sixteen atoms in closed form,"Fig 2, caption",1,−0.0530,data,notes/review_results/partB/family_atoms_tables.md,line 25; the line holds -0.0530; anchor: @L10-26|| sts |,residual level −0.0530,ok,"he substitution leaves is the residual pattern of Table 1: sts −0.0530, the self-prediction atoms −0.0345 a"
Results / 1. The sixteen atoms in closed form,"Fig 2, caption",1,−0.0345,data,notes/review_results/partB/family_atoms_tables.md,line 15; the line holds -0.0345; anchor: @L10-26|| xtx |,residual level −0.0345,ok,"ual pattern of Table 1: sts −0.0530, the self-prediction atoms −0.0345 and −0.0345, the mirror atoms +0.038"
Results / 1. The sixteen atoms in closed form,"Fig 2, caption",2,−0.0345,data,notes/review_results/partB/family_atoms_tables.md,line 20; the line holds -0.0345; anchor: @L10-26|| yty |,residual level −0.0345,ok,"of Table 1: sts −0.0530, the self-prediction atoms −0.0345 and −0.0345, the mirror atoms +0.0389 to +0.0400"
Results / 1. The sixteen atoms in closed form,"Fig 2, caption",1,+0.0389,data,notes/review_results/partB/family_atoms_tables.md,line 21; the line holds +0.0389; anchor: @L10-26|| yts |,"residual level +0.0389 (yts), the smallest of the four mirror atoms",ok,"self-prediction atoms −0.0345 and −0.0345, the mirror atoms +0.0389 to +0.0400, the six cross-prediction at"
Results / 1. The sixteen atoms in closed form,"Fig 2, caption",1,+0.0400,data,notes/review_results/partB/family_atoms_tables.md,line 23; the line holds +0.0400; anchor: @L10-26|| stx |,"residual level +0.0400 (stx), the largest of the four mirror atoms",ok,"diction atoms −0.0345 and −0.0345, the mirror atoms +0.0389 to +0.0400, the six cross-prediction atoms ±0.0"
Results / 1. The sixteen atoms in closed form,"Fig 2, caption",1,0.0230,data,notes/review_results/partB/family_atoms_tables.md,line 12; the line holds +0.0230; anchor: @L10-26|| rty |,"residual level of the cross-prediction atoms, smallest in size: ±0.0230 (rty, xtr, xty, ytx)",ok,"r atoms +0.0389 to +0.0400, the six cross-prediction atoms ±0.0230 to ±0.0231 where the substituted atoms "
Results / 1. The sixteen atoms in closed form,"Fig 2, caption",1,0.0231,data,notes/review_results/partB/family_atoms_tables.md,line 11; the line holds +0.0231; anchor: @L10-26|| rtx |,"residual level of the cross-prediction atoms, largest in size: ±0.0231 (rtx, ytr)",ok,"+0.0389 to +0.0400, the six cross-prediction atoms ±0.0230 to ±0.0231 where the substituted atoms are ±0.0"
Results / 1. The sixteen atoms in closed form,"Fig 2, caption",1,0.0024,data,notes/review_results/partB/family_atoms_tables.md,line 12; the line holds +0.0024; anchor: @L10-26|| rty |,"AR(1)-substituted level of the cross-prediction atoms, smallest in size: ±0.0024 (rty, xtr, xty)",ok,n atoms ±0.0230 to ±0.0231 where the substituted atoms are ±0.0024 to ±0.0027; the residual DiDs of the ot
Results / 1. The sixteen atoms in closed form,"Fig 2, caption",1,0.0027,data,notes/review_results/partB/family_atoms_tables.md,line 11; the line holds +0.0027; anchor: @L10-26|| rtx |,"AR(1)-substituted level of the cross-prediction atoms, largest in size: ±0.0027 (rtx, ytr, ytx)",ok,±0.0230 to ±0.0231 where the substituted atoms are ±0.0024 to ±0.0027; the residual DiDs of the other fift
Results / 1. The sixteen atoms in closed form,"Fig 2, caption",1,0.00143,data,manuscript/figures/captions_v2.md,line 11; the line holds 0.00143; anchor: 0.00143 in absolute value,computed by scripts/15_figures_v2.py from the atoms file: the largest |residual DiD| among the other fifteen atoms (xts; family_atoms_tables.md gives −0.0014 at four decimals),ok,"0027; the residual DiDs of the other fifteen atoms are at most 0.00143 in absolute value, against +0.0115 f"
Results / 1. The sixteen atoms in closed form,"Fig 2, caption",1,+0.0115,data,notes/review_results/partB/family_atoms_tables.md,line 25; the line holds +0.0115; anchor: @L10-26|| sts |,residual DiD +0.0115,ok,"r fifteen atoms are at most 0.00143 in absolute value, against +0.0115 for sts."
Results / 2. The DMT contrast,paragraph 1,1,1,label,,,lag-1: a name,ok,"ts the two DMT-minus-placebo differences, of sts and of lag-1 autocorrelation, went together. The pri"
Results / 2. The DMT contrast,paragraph 1,1,−0.0809,data,notes/review_results/partB/inference_revision.csv,"line 627; the line holds -0.08086620932182391; anchor: pickle,sts ts_gsr W60,primary,did,",B21: mean −0.08087,ok,"rain MMI-sts on the primary variant and estimator (Table 2): −0.0809 nats [−0.1317, −0.0310], exact sign-fl"
Results / 2. The DMT contrast,paragraph 1,1,−0.1317,data,notes/review_results/partB/inference_revision.csv,"line 627; the line holds -0.1317430794744802; anchor: pickle,sts ts_gsr W60,primary,did,",inv_lo,ok,"n the primary variant and estimator (Table 2): −0.0809 nats [−0.1317, −0.0310], exact sign-flip p = 0.0038,"
Results / 2. The DMT contrast,paragraph 1,1,−0.0310,data,notes/review_results/partB/inference_revision.csv,"line 627; the line holds -0.03101903689732733; anchor: pickle,sts ts_gsr W60,primary,did,",inv_hi,ok,"mary variant and estimator (Table 2): −0.0809 nats [−0.1317, −0.0310], exact sign-flip p = 0.0038, negative"
Results / 2. The DMT contrast,paragraph 1,1,0.0038,data,notes/review_results/partB/inference_revision.csv,"line 627; the line holds 0.0037841796875; anchor: pickle,sts ts_gsr W60,primary,did,",p_exact 0.00378,ok,"ble 2): −0.0809 nats [−0.1317, −0.0310], exact sign-flip p = 0.0038, negative in 13 of 14 subjects, −7.0 %"
Results / 2. The DMT contrast,paragraph 1,1,13,data,notes/review_results/partB/inference_revision.csv,"line 627; the line holds 13; anchor: pickle,sts ts_gsr W60,primary,did,",n_neg 13,ok," [−0.1317, −0.0310], exact sign-flip p = 0.0038, negative in 13 of 14 subjects, −7.0 % of the pre-inje"
Results / 2. The DMT contrast,paragraph 1,1,14,design,manuscript/analysis_record.md,line 48; anchor: 14 subjects × 2 conditions,N = 14,ok,"317, −0.0310], exact sign-flip p = 0.0038, negative in 13 of 14 subjects, −7.0 % of the pre-injection "
Results / 2. The DMT contrast,paragraph 1,1,−7.0,data,results/primary_b_ts_gsr_win60.csv,line 35; the line holds -7.0; anchor: DiD raw: mean,share of pre-injection DMT mean = −7.0 %,ok," exact sign-flip p = 0.0038, negative in 13 of 14 subjects, −7.0 % of the pre-injection DMT mean. It was"
Results / 2. The DMT contrast,paragraph 1,1,+0.0176,data,notes/review_results/partB/baseline_gap_tables.md,line 10; the line holds +0.0176; anchor: | sts | ts_gsr | 60 |,"B27 (a): pre-injection gap of sts, ts_gsr, W = 60 (mean)",ok," (Table 2): the runs' pre-injection gap, DMT minus placebo, +0.0176 (p = 0.2307), lies in the direction tha"
Results / 2. The DMT contrast,paragraph 1,1,0.2307,data,notes/review_results/partB/baseline_gap_tables.md,line 10; the line holds 0.2307; anchor: | sts | ts_gsr | 60 |,"B27 (a): exact p of the pre-injection gap, sts, ts_gsr",ok,"he runs' pre-injection gap, DMT minus placebo, +0.0176 (p = 0.2307), lies in the direction that enlarges t"
Results / 2. The DMT contrast,paragraph 1,1,−0.0633,data,notes/review_results/partB/baseline_gap_tables.md,line 10; the line holds -0.0633; anchor: | sts | ts_gsr | 60 |,"B27 (a): post-injection gap of sts, ts_gsr, W = 60 (mean)",ok," to the deconvolved ΦR contrast); the post-injection gap is −0.0633 (p = 0.0001, negative in 14 of 14); and"
Results / 2. The DMT contrast,paragraph 1,1,0.0001,data,notes/review_results/partB/baseline_gap_tables.md,line 10; the line holds 0.0001; anchor: | sts | ts_gsr | 60 |,"B27 (a): exact p of the post-injection gap, sts, ts_gsr",ok,"volved ΦR contrast); the post-injection gap is −0.0633 (p = 0.0001, negative in 14 of 14); and the baselin"
Results / 2. The DMT contrast,paragraph 1,2,14,data,notes/review_results/partB/baseline_gap_tables.md,line 10; the line holds 14/14; anchor: | sts | ts_gsr | 60 |,"B27 (a): subjects with a negative post-injection gap, sts, ts_gsr",ok," the post-injection gap is −0.0633 (p = 0.0001, negative in 14 of 14); and the baseline-adjusted contr"
Results / 2. The DMT contrast,paragraph 1,3,14,design,manuscript/analysis_record.md,line 48; anchor: 14 subjects × 2 conditions,N = 14 subjects (the shape of the data: 14 subjects × 2 conditions),ok,"ost-injection gap is −0.0633 (p = 0.0001, negative in 14 of 14); and the baseline-adjusted contrast, t"
Results / 2. The DMT contrast,paragraph 1,1,−0.0544,data,notes/review_results/partB/baseline_gap_tables.md,line 10; the line holds -0.0544; anchor: | sts | ts_gsr | 60 |,"B27 (a): baseline-adjusted contrast of sts, ts_gsr, W = 60 (mean)",ok,"t-injection gap expected at a pre-injection gap of zero, is −0.0544 [−0.0806, −0.0283]. The DiD's between-s"
Results / 2. The DMT contrast,paragraph 1,1,−0.0806,data,notes/review_results/partB/baseline_gap_tables.md,line 10; the line holds -0.0806; anchor: | sts | ts_gsr | 60 |,"B27 (a): baseline-adjusted contrast of sts, ts_gsr, W = 60 (lower limit)",ok,"on gap expected at a pre-injection gap of zero, is −0.0544 [−0.0806, −0.0283]. The DiD's between-subject va"
Results / 2. The DMT contrast,paragraph 1,1,−0.0283,data,notes/review_results/partB/baseline_gap_tables.md,line 10; the line holds -0.0283; anchor: | sts | ts_gsr | 60 |,"B27 (a): baseline-adjusted contrast of sts, ts_gsr, W = 60 (upper limit)",ok,"pected at a pre-injection gap of zero, is −0.0544 [−0.0806, −0.0283]. The DiD's between-subject variance is"
Results / 2. The DMT contrast,paragraph 1,1,0.0887,data,notes/review_2026-10-01_cold_reads/checks/derived_r24.out,line 41; the line holds 0.0887; anchor: sts ts_gsr W60: SD pre gap,derived_r24.out item 2: SD of the DiD over subjects,ok, between-subject variance is mostly the gap's (the DiD's SD 0.0887 against the post-injection gap's 0.0485
Results / 2. The DMT contrast,paragraph 1,1,0.0485,data,notes/review_2026-10-01_cold_reads/checks/derived_r24.out,line 41; the line holds 0.0485; anchor: sts ts_gsr W60: SD pre gap,derived_r24.out item 2: SD of the post-injection gap over subjects,ok,"gap's (the DiD's SD 0.0887 against the post-injection gap's 0.0485; r(DiD, pre-injection gap) = −0.888, r²"
Results / 2. The DMT contrast,paragraph 1,1,−0.888,data,notes/review_results/partB/baseline_gap_tables.md,line 10; the line holds -0.888; anchor: | sts | ts_gsr | 60 |,"B27 (a): r(DiD, pre-injection gap), sts, ts_gsr",ok,"he post-injection gap's 0.0485; r(DiD, pre-injection gap) = −0.888, r² = 0.79), and the one positive DiD b"
Results / 2. The DMT contrast,paragraph 1,1,0.79,data,notes/review_2026-10-01_cold_reads/checks/derived_r24.out,line 41; the line holds 0.79; anchor: sts ts_gsr W60: SD pre gap,derived_r24.out item 2: r² of the DiD on the pre-injection gap,ok,"tion gap's 0.0485; r(DiD, pre-injection gap) = −0.888, r² = 0.79), and the one positive DiD belongs to t"
Results / 2. The DMT contrast,paragraph 1,1,30,design,manuscript/analysis_record.md,line 188; anchor: W = 30,design: the W = 30 positive control,ok," contrast held on the sensitivity variant (Table 2), at W = 30 (−0.0686, p = 0.0042), on windows 5–14 "
Results / 2. The DMT contrast,paragraph 1,1,−0.0686,data,notes/review_results/partB/inference_revision.csv,"line 699; the line holds -0.06862571925426532; anchor: pickle,sts ts_gsr W30,primary,did,","B21, W = 30",ok,"trast held on the sensitivity variant (Table 2), at W = 30 (−0.0686, p = 0.0042), on windows 5–14 (−0.0733,"
Results / 2. The DMT contrast,paragraph 1,1,0.0042,data,notes/review_results/partB/inference_revision.csv,"line 699; the line holds 0.004150390625; anchor: pickle,sts ts_gsr W30,primary,did,","B21, W = 30",ok," the sensitivity variant (Table 2), at W = 30 (−0.0686, p = 0.0042), on windows 5–14 (−0.0733, p = 0.0070;"
Results / 2. The DMT contrast,paragraph 1,1,5,design,manuscript/analysis_record.md,"line 666; anchor: windows 5–14, i.e. bins 9–28",the sensitivity window set,ok,"iant (Table 2), at W = 30 (−0.0686, p = 0.0042), on windows 5–14 (−0.0733, p = 0.0070; S1 Table) and,"
Results / 2. The DMT contrast,paragraph 1,4,14,design,manuscript/analysis_record.md,"line 666; anchor: windows 5–14, i.e. bins 9–28",the sensitivity window set,ok,"nt (Table 2), at W = 30 (−0.0686, p = 0.0042), on windows 5–14 (−0.0733, p = 0.0070; S1 Table) and, po"
Results / 2. The DMT contrast,paragraph 1,1,−0.0733,data,notes/review_results/partB/inference_revision.csv,"line 220; the line holds -0.0733438225215399; anchor: pickle,diag observed sts ts_gsr W60,sensitivity,did",mean −0.07334,ok,"Table 2), at W = 30 (−0.0686, p = 0.0042), on windows 5–14 (−0.0733, p = 0.0070; S1 Table) and, post hoc, i"
Results / 2. The DMT contrast,paragraph 1,1,0.0070,data,notes/review_results/partB/inference_revision.csv,"line 220; the line holds 0.0069580078125; anchor: pickle,diag observed sts ts_gsr W60,sensitivity,did",p_exact 0.00696,ok,"W = 30 (−0.0686, p = 0.0042), on windows 5–14 (−0.0733, p = 0.0070; S1 Table) and, post hoc, in each leave"
Results / 2. The DMT contrast,paragraph 1,1,0.008,bound,results/loo_did_win60.csv,"line 6; the line holds bound on 0.007568359375; anchor: ts_gsr,3,13","bound on the largest exact p of the 28 refits, 0.00757 (rows ts_gsr 3, 4, 8, 9, 10)",ok," post hoc, in each leave-one-out refit on each variant (p ≤ 0.008); the global fit, seen before the test "
Results / 2. The DMT contrast,paragraph 1,1,−0.0801,data,notes/review_results/partB/inference_revision.csv,"line 645; the line holds -0.08008106904246186; anchor: pickle,sts ts_gsr global-bins,primary,did",mean −0.08008 (global fit),ok,"8); the global fit, seen before the test was written, gives −0.0801 [−0.1362, −0.0251], p = 0.0071."
Results / 2. The DMT contrast,paragraph 1,1,−0.1362,data,notes/review_results/partB/inference_revision.csv,"line 645; the line holds -0.1362360838744774; anchor: pickle,sts ts_gsr global-bins,primary,did,","B21, global fit",ok,"lobal fit, seen before the test was written, gives −0.0801 [−0.1362, −0.0251], p = 0.0071."
Results / 2. The DMT contrast,paragraph 1,1,−0.0251,data,notes/review_results/partB/inference_revision.csv,"line 645; the line holds -0.025059039503790178; anchor: pickle,sts ts_gsr global-bins,primary,did,","B21, global fit",ok,", seen before the test was written, gives −0.0801 [−0.1362, −0.0251], p = 0.0071."
Results / 2. The DMT contrast,paragraph 1,1,0.0071,data,notes/review_results/partB/inference_revision.csv,"line 645; the line holds 0.007080078125; anchor: pickle,sts ts_gsr global-bins,primary,did,","B21, global fit",ok,"e the test was written, gives −0.0801 [−0.1362, −0.0251], p = 0.0071."
Results / 2. The DMT contrast,"Table 2, title and caption",1,60,design,manuscript/analysis_record.md,line 189; anchor: W = 60,design,ok,"contrast of whole-brain r₁.** Whole-brain mean MMI-sts, W = 60, windows 6–14 (post) minus 1–4 (pre) (n"
Results / 2. The DMT contrast,"Table 2, title and caption",1,6,design,manuscript/analysis_record.md,line 1747; anchor: Primary (pre windows 1–4 / bins 1–8; post windows 6–14 / bins 11–28),design: the primary window sets (pre windows 1–4; post windows 6–14),ok,"whole-brain r₁.** Whole-brain mean MMI-sts, W = 60, windows 6–14 (post) minus 1–4 (pre) (nats; N = 14"
Results / 2. The DMT contrast,"Table 2, title and caption",1,14,design,manuscript/analysis_record.md,line 1747; anchor: Primary (pre windows 1–4 / bins 1–8; post windows 6–14 / bins 11–28),design: the primary window sets (pre windows 1–4; post windows 6–14),ok,"ole-brain r₁.** Whole-brain mean MMI-sts, W = 60, windows 6–14 (post) minus 1–4 (pre) (nats; N = 14; e"
Results / 2. The DMT contrast,"Table 2, title and caption",1,1,design,manuscript/analysis_record.md,line 1747; anchor: Primary (pre windows 1–4 / bins 1–8; post windows 6–14 / bins 11–28),design: the primary window sets (pre windows 1–4; post windows 6–14),ok,"Whole-brain mean MMI-sts, W = 60, windows 6–14 (post) minus 1–4 (pre) (nats; N = 14; exact sign-flip "
Results / 2. The DMT contrast,"Table 2, title and caption",1,4,design,manuscript/analysis_record.md,line 1747; anchor: Primary (pre windows 1–4 / bins 1–8; post windows 6–14 / bins 11–28),design: the primary window sets (pre windows 1–4; post windows 6–14),ok,"ole-brain mean MMI-sts, W = 60, windows 6–14 (post) minus 1–4 (pre) (nats; N = 14; exact sign-flip p,"
Results / 2. The DMT contrast,"Table 2, title and caption",2,14,design,manuscript/analysis_record.md,line 48; anchor: 14 subjects × 2 conditions,design: N = 14,ok,"sts, W = 60, windows 6–14 (post) minus 1–4 (pre) (nats; N = 14; exact sign-flip p, two-sided; inverted"
Results / 2. The DMT contrast,"Table 2, title and caption",1,95,label,,,95 % interval: the coverage,ok,"ts; N = 14; exact sign-flip p, two-sided; inverted sign-flip 95 % interval; the phase-randomised p of "
Results / 2. The DMT contrast,"Table 2, title and caption",1,12,derived,,derived: 12 degrees of freedom: 14 subjects − 2 (an OLS line),,ok,"the pre-injection gap across subjects, with its t interval (12 df). The three rows marked r₁ give the "
Results / 2. The DMT contrast,"Table 2, title and caption",2,1,label,,,lag-1: a name,ok," gaps and the baseline-adjusted contrast of whole-brain lag-1 autocorrelation r₁ (dimensionless), who"
Results / 2. The DMT contrast,"Table 2, body",1,1.1554,data,results/primary_b_ts_gsr_win60.csv,line 3; the line holds 1.155376719125973; anchor: pre-injection DMT mean sts,results/primary_b csv,ok,demean | |---|---|---| | Pre-injection DMT / placebo mean | 1.1554 / 1.1378 | 1.1004 / 1.0819 | | DMT post
Results / 2. The DMT contrast,"Table 2, body",1,1.1378,data,results/primary_b_ts_gsr_win60.csv,line 4; the line holds 1.1377895407727243; anchor: pre-injection PCB mean sts,results/primary_b csv,ok,|---|---|---| | Pre-injection DMT / placebo mean | 1.1554 / 1.1378 | 1.1004 / 1.0819 | | DMT post − pre | 
Results / 2. The DMT contrast,"Table 2, body",1,1.1004,data,results/primary_b_ts_demean_win60.csv,line 3; the line holds 1.100425562569468; anchor: pre-injection DMT mean sts,results/primary_b csv,ok,---| | Pre-injection DMT / placebo mean | 1.1554 / 1.1378 | 1.1004 / 1.0819 | | DMT post − pre | −0.0485 [
Results / 2. The DMT contrast,"Table 2, body",1,1.0819,data,results/primary_b_ts_demean_win60.csv,line 4; the line holds 1.0819185617418743; anchor: pre-injection PCB mean sts,results/primary_b csv,ok,"e-injection DMT / placebo mean | 1.1554 / 1.1378 | 1.1004 / 1.0819 | | DMT post − pre | −0.0485 [−0.0882, "
Results / 2. The DMT contrast,"Table 2, body",1,−0.0485,data,notes/review_results/partB/inference_revision.csv,"line 741; the line holds -0.04847102940570617; anchor: engine,sts ts_gsr W60,primary,dmt_change,",B21,ok,"an | 1.1554 / 1.1378 | 1.1004 / 1.0819 | | DMT post − pre | −0.0485 [−0.0882, −0.0068], p = 0.0267 | −0.063"
Results / 2. The DMT contrast,"Table 2, body",1,−0.0882,data,notes/review_results/partB/inference_revision.csv,"line 741; the line holds -0.08824131062885593; anchor: engine,sts ts_gsr W60,primary,dmt_change,",B21,ok,"54 / 1.1378 | 1.1004 / 1.0819 | | DMT post − pre | −0.0485 [−0.0882, −0.0068], p = 0.0267 | −0.0633 [−0.117"
Results / 2. The DMT contrast,"Table 2, body",1,−0.0068,data,notes/review_results/partB/inference_revision.csv,"line 741; the line holds -0.006760993934032669; anchor: engine,sts ts_gsr W60,primary,dmt_change,",B21,ok,"78 | 1.1004 / 1.0819 | | DMT post − pre | −0.0485 [−0.0882, −0.0068], p = 0.0267 | −0.0633 [−0.1175, −0.006"
Results / 2. The DMT contrast,"Table 2, body",1,0.0267,data,notes/review_results/partB/inference_revision.csv,"line 741; the line holds 0.0267333984375; anchor: engine,sts ts_gsr W60,primary,dmt_change,",B21,ok,"1.0819 | | DMT post − pre | −0.0485 [−0.0882, −0.0068], p = 0.0267 | −0.0633 [−0.1175, −0.0066], p = 0.033"
Results / 2. The DMT contrast,"Table 2, body",1,−0.0633,data,notes/review_results/partB/inference_revision.csv,"line 749; the line holds -0.06333443767759757; anchor: engine,sts ts_demean W60,primary,dmt_change,",B21,ok,"| DMT post − pre | −0.0485 [−0.0882, −0.0068], p = 0.0267 | −0.0633 [−0.1175, −0.0066], p = 0.0333 | | Plac"
Results / 2. The DMT contrast,"Table 2, body",1,−0.1175,data,notes/review_results/partB/inference_revision.csv,"line 749; the line holds -0.11749008335439508; anchor: engine,sts ts_demean W60,primary,dmt_change,",B21,ok,"t − pre | −0.0485 [−0.0882, −0.0068], p = 0.0267 | −0.0633 [−0.1175, −0.0066], p = 0.0333 | | Placebo post "
Results / 2. The DMT contrast,"Table 2, body",1,−0.0066,data,notes/review_results/partB/inference_revision.csv,"line 749; the line holds -0.006603510999909966; anchor: engine,sts ts_demean W60,primary,dmt_change,",B21,ok," −0.0485 [−0.0882, −0.0068], p = 0.0267 | −0.0633 [−0.1175, −0.0066], p = 0.0333 | | Placebo post − pre | +"
Results / 2. The DMT contrast,"Table 2, body",1,0.0333,data,notes/review_results/partB/inference_revision.csv,"line 749; the line holds 0.0333251953125; anchor: engine,sts ts_demean W60,primary,dmt_change,",B21,ok,"882, −0.0068], p = 0.0267 | −0.0633 [−0.1175, −0.0066], p = 0.0333 | | Placebo post − pre | +0.0324 [+0.00"
Results / 2. The DMT contrast,"Table 2, body",1,+0.0324,data,notes/review_results/partB/inference_revision.csv,"line 742; the line holds 0.03239517991611775; anchor: engine,sts ts_gsr W60,primary,pcb_change,",B21,ok,"633 [−0.1175, −0.0066], p = 0.0333 | | Placebo post − pre | +0.0324 [+0.0013, +0.0638], p = 0.0425 | +0.039"
Results / 2. The DMT contrast,"Table 2, body",1,+0.0013,data,notes/review_results/partB/inference_revision.csv,"line 742; the line holds 0.0013304899132193715; anchor: engine,sts ts_gsr W60,primary,pcb_change,",B21,ok,"175, −0.0066], p = 0.0333 | | Placebo post − pre | +0.0324 [+0.0013, +0.0638], p = 0.0425 | +0.0398 [+0.005"
Results / 2. The DMT contrast,"Table 2, body",1,+0.0638,data,notes/review_results/partB/inference_revision.csv,"line 742; the line holds 0.06375856943147623; anchor: engine,sts ts_gsr W60,primary,pcb_change,",B21,ok,"066], p = 0.0333 | | Placebo post − pre | +0.0324 [+0.0013, +0.0638], p = 0.0425 | +0.0398 [+0.0051, +0.074"
Results / 2. The DMT contrast,"Table 2, body",1,0.0425,data,notes/review_results/partB/inference_revision.csv,"line 742; the line holds 0.04248046875; anchor: engine,sts ts_gsr W60,primary,pcb_change,",B21,ok,"33 | | Placebo post − pre | +0.0324 [+0.0013, +0.0638], p = 0.0425 | +0.0398 [+0.0051, +0.0743], p = 0.030"
Results / 2. The DMT contrast,"Table 2, body",1,+0.0398,data,notes/review_results/partB/inference_revision.csv,"line 750; the line holds 0.03977802743136368; anchor: engine,sts ts_demean W60,primary,pcb_change,",B21,ok,"acebo post − pre | +0.0324 [+0.0013, +0.0638], p = 0.0425 | +0.0398 [+0.0051, +0.0743], p = 0.0306 | | DiD "
Results / 2. The DMT contrast,"Table 2, body",1,+0.0051,data,notes/review_results/partB/inference_revision.csv,"line 750; the line holds 0.005106471383303564; anchor: engine,sts ts_demean W60,primary,pcb_change,",B21,ok,"t − pre | +0.0324 [+0.0013, +0.0638], p = 0.0425 | +0.0398 [+0.0051, +0.0743], p = 0.0306 | | DiD | −0.0809"
Results / 2. The DMT contrast,"Table 2, body",1,+0.0743,data,notes/review_results/partB/inference_revision.csv,"line 750; the line holds 0.07425226637418372; anchor: engine,sts ts_demean W60,primary,pcb_change,",B21,ok," +0.0324 [+0.0013, +0.0638], p = 0.0425 | +0.0398 [+0.0051, +0.0743], p = 0.0306 | | DiD | −0.0809 [−0.1317"
Results / 2. The DMT contrast,"Table 2, body",1,0.0306,data,notes/review_results/partB/inference_revision.csv,"line 750; the line holds 0.0306396484375; anchor: engine,sts ts_demean W60,primary,pcb_change,",B21,ok,"013, +0.0638], p = 0.0425 | +0.0398 [+0.0051, +0.0743], p = 0.0306 | | DiD | −0.0809 [−0.1317, −0.0310], p"
Results / 2. The DMT contrast,"Table 2, body",1,−0.0809,data,notes/review_results/partB/inference_revision.csv,"line 627; the line holds -0.08086620932182391; anchor: pickle,sts ts_gsr W60,primary,did,",B21,ok,"= 0.0425 | +0.0398 [+0.0051, +0.0743], p = 0.0306 | | DiD | −0.0809 [−0.1317, −0.0310], p = 0.0038; phase p"
Results / 2. The DMT contrast,"Table 2, body",1,−0.1317,data,notes/review_results/partB/inference_revision.csv,"line 627; the line holds -0.1317430794744802; anchor: pickle,sts ts_gsr W60,primary,did,",B21,ok,"| +0.0398 [+0.0051, +0.0743], p = 0.0306 | | DiD | −0.0809 [−0.1317, −0.0310], p = 0.0038; phase p = 0.0020"
Results / 2. The DMT contrast,"Table 2, body",1,−0.0310,data,notes/review_results/partB/inference_revision.csv,"line 627; the line holds -0.03101903689732733; anchor: pickle,sts ts_gsr W60,primary,did,",B21,ok," [+0.0051, +0.0743], p = 0.0306 | | DiD | −0.0809 [−0.1317, −0.0310], p = 0.0038; phase p = 0.0020; 13/14 n"
Results / 2. The DMT contrast,"Table 2, body",1,0.0038,data,notes/review_results/partB/inference_revision.csv,"line 627; the line holds 0.0037841796875; anchor: pickle,sts ts_gsr W60,primary,did,",B21,ok,"0743], p = 0.0306 | | DiD | −0.0809 [−0.1317, −0.0310], p = 0.0038; phase p = 0.0020; 13/14 negative | −0."
Results / 2. The DMT contrast,"Table 2, body",1,0.0020,data,notes/review_results/inference_rows_raw.csv,"line 2; the line holds 0.001998001998001998; anchor: sts ts_gsr W60,primary",phase_p,ok,"| | DiD | −0.0809 [−0.1317, −0.0310], p = 0.0038; phase p = 0.0020; 13/14 negative | −0.1031 [−0.1629, −0."
Results / 2. The DMT contrast,"Table 2, body",1,13,data,notes/review_results/partB/inference_revision.csv,"line 627; the line holds 13; anchor: pickle,sts ts_gsr W60,primary,did,",B21,ok,"| −0.0809 [−0.1317, −0.0310], p = 0.0038; phase p = 0.0020; 13/14 negative | −0.1031 [−0.1629, −0.0435"
Results / 2. The DMT contrast,"Table 2, body",1,14,design,manuscript/analysis_record.md,line 48; anchor: 14 subjects × 2 conditions,N = 14,ok,"0.0809 [−0.1317, −0.0310], p = 0.0038; phase p = 0.0020; 13/14 negative | −0.1031 [−0.1629, −0.0435], "
Results / 2. The DMT contrast,"Table 2, body",1,−0.1031,data,notes/review_results/partB/inference_revision.csv,"line 663; the line holds -0.10311246510896124; anchor: pickle,sts ts_demean W60,primary,did,",B21,ok,"7, −0.0310], p = 0.0038; phase p = 0.0020; 13/14 negative | −0.1031 [−0.1629, −0.0435], p = 0.0026; phase p"
Results / 2. The DMT contrast,"Table 2, body",1,−0.1629,data,notes/review_results/partB/inference_revision.csv,"line 663; the line holds -0.1629328654914135; anchor: pickle,sts ts_demean W60,primary,did,",B21,ok,"0], p = 0.0038; phase p = 0.0020; 13/14 negative | −0.1031 [−0.1629, −0.0435], p = 0.0026; phase p = 0.0010"
Results / 2. The DMT contrast,"Table 2, body",1,−0.0435,data,notes/review_results/partB/inference_revision.csv,"line 663; the line holds -0.043517617808296535; anchor: pickle,sts ts_demean W60,primary,did,",B21,ok,".0038; phase p = 0.0020; 13/14 negative | −0.1031 [−0.1629, −0.0435], p = 0.0026; phase p = 0.0010; 12/14 n"
Results / 2. The DMT contrast,"Table 2, body",1,0.0026,data,notes/review_results/partB/inference_revision.csv,"line 663; the line holds 0.0025634765625; anchor: pickle,sts ts_demean W60,primary,did,",B21,ok," = 0.0020; 13/14 negative | −0.1031 [−0.1629, −0.0435], p = 0.0026; phase p = 0.0010; 12/14 negative | | P"
Results / 2. The DMT contrast,"Table 2, body",1,0.0010,data,notes/review_results/inference_rows_raw.csv,"line 38; the line holds 0.000999000999000999; anchor: sts ts_demean W60,primary",phase_p,ok,"egative | −0.1031 [−0.1629, −0.0435], p = 0.0026; phase p = 0.0010; 12/14 negative | | Pre-injection gap |"
Results / 2. The DMT contrast,"Table 2, body",1,12,data,notes/review_results/partB/inference_revision.csv,"line 663; the line holds 12; anchor: pickle,sts ts_demean W60,primary,did,",B21,ok,"| −0.1031 [−0.1629, −0.0435], p = 0.0026; phase p = 0.0010; 12/14 negative | | Pre-injection gap | +0."
Results / 2. The DMT contrast,"Table 2, body",2,14,design,manuscript/analysis_record.md,line 48; anchor: 14 subjects × 2 conditions,N = 14,ok,"0.1031 [−0.1629, −0.0435], p = 0.0026; phase p = 0.0010; 12/14 negative | | Pre-injection gap | +0.017"
Results / 2. The DMT contrast,"Table 2, body",1,+0.0176,data,notes/review_results/partB/baseline_gap_tables.md,line 10; the line holds +0.0176; anchor: | sts | ts_gsr | 60 |,"B27 (a): pre-injection gap of sts, ts_gsr, W = 60 (mean)",ok,"6; phase p = 0.0010; 12/14 negative | | Pre-injection gap | +0.0176 [−0.0131, +0.0465], p = 0.2307; 10/14 p"
Results / 2. The DMT contrast,"Table 2, body",1,−0.0131,data,notes/review_results/partB/baseline_gap_tables.md,line 10; the line holds -0.0131; anchor: | sts | ts_gsr | 60 |,"B27 (a): pre-injection gap of sts, ts_gsr, W = 60 (lower limit)",ok,"p = 0.0010; 12/14 negative | | Pre-injection gap | +0.0176 [−0.0131, +0.0465], p = 0.2307; 10/14 positive |"
Results / 2. The DMT contrast,"Table 2, body",1,+0.0465,data,notes/review_results/partB/baseline_gap_tables.md,line 10; the line holds +0.0465; anchor: | sts | ts_gsr | 60 |,"B27 (a): pre-injection gap of sts, ts_gsr, W = 60 (upper limit)",ok,"0; 12/14 negative | | Pre-injection gap | +0.0176 [−0.0131, +0.0465], p = 0.2307; 10/14 positive | +0.0185 "
Results / 2. The DMT contrast,"Table 2, body",1,0.2307,data,notes/review_results/partB/baseline_gap_tables.md,line 10; the line holds 0.2307; anchor: | sts | ts_gsr | 60 |,"B27 (a): exact p of the pre-injection gap, sts, ts_gsr",ok,"ive | | Pre-injection gap | +0.0176 [−0.0131, +0.0465], p = 0.2307; 10/14 positive | +0.0185 [−0.0207, +0."
Results / 2. The DMT contrast,"Table 2, body",1,10,data,notes/review_results/partB/baseline_gap_tables.md,line 10; the line holds 10/14; anchor: | sts | ts_gsr | 60 |,"B27 (a): subjects with a positive pre-injection gap, sts, ts_gsr",ok,"Pre-injection gap | +0.0176 [−0.0131, +0.0465], p = 0.2307; 10/14 positive | +0.0185 [−0.0207, +0.0562"
Results / 2. The DMT contrast,"Table 2, body",3,14,design,manuscript/analysis_record.md,line 48; anchor: 14 subjects × 2 conditions,N = 14 subjects (the shape of the data: 14 subjects × 2 conditions),ok,"-injection gap | +0.0176 [−0.0131, +0.0465], p = 0.2307; 10/14 positive | +0.0185 [−0.0207, +0.0562], "
Results / 2. The DMT contrast,"Table 2, body",1,+0.0185,data,notes/review_results/partB/baseline_gap_tables.md,line 14; the line holds +0.0185; anchor: | sts | ts_demean | 60 |,"B27 (a): pre-injection gap of sts, ts_demean, W = 60 (mean)",ok," | +0.0176 [−0.0131, +0.0465], p = 0.2307; 10/14 positive | +0.0185 [−0.0207, +0.0562], p = 0.3116; 9/14 po"
Results / 2. The DMT contrast,"Table 2, body",1,−0.0207,data,notes/review_results/partB/baseline_gap_tables.md,line 14; the line holds -0.0207; anchor: | sts | ts_demean | 60 |,"B27 (a): pre-injection gap of sts, ts_demean, W = 60 (lower limit)",ok,"6 [−0.0131, +0.0465], p = 0.2307; 10/14 positive | +0.0185 [−0.0207, +0.0562], p = 0.3116; 9/14 positive | "
Results / 2. The DMT contrast,"Table 2, body",1,+0.0562,data,notes/review_results/partB/baseline_gap_tables.md,line 14; the line holds +0.0562; anchor: | sts | ts_demean | 60 |,"B27 (a): pre-injection gap of sts, ts_demean, W = 60 (upper limit)",ok,"1, +0.0465], p = 0.2307; 10/14 positive | +0.0185 [−0.0207, +0.0562], p = 0.3116; 9/14 positive | | Post-in"
Results / 2. The DMT contrast,"Table 2, body",1,0.3116,data,notes/review_results/partB/baseline_gap_tables.md,line 14; the line holds 0.3116; anchor: | sts | ts_demean | 60 |,"B27 (a): exact p of the pre-injection gap, sts, ts_demean",ok," = 0.2307; 10/14 positive | +0.0185 [−0.0207, +0.0562], p = 0.3116; 9/14 positive | | Post-injection gap |"
Results / 2. The DMT contrast,"Table 2, body",1,9,data,notes/review_results/partB/baseline_gap_tables.md,line 14; the line holds 9/14; anchor: | sts | ts_demean | 60 |,"B27 (a): subjects with a positive pre-injection gap, sts, ts_demean",ok,"7; 10/14 positive | +0.0185 [−0.0207, +0.0562], p = 0.3116; 9/14 positive | | Post-injection gap | −0"
Results / 2. The DMT contrast,"Table 2, body",4,14,design,manuscript/analysis_record.md,line 48; anchor: 14 subjects × 2 conditions,N = 14 subjects (the shape of the data: 14 subjects × 2 conditions),ok," 10/14 positive | +0.0185 [−0.0207, +0.0562], p = 0.3116; 9/14 positive | | Post-injection gap | −0.06"
Results / 2. The DMT contrast,"Table 2, body",2,−0.0633,data,notes/review_results/partB/baseline_gap_tables.md,line 10; the line holds -0.0633; anchor: | sts | ts_gsr | 60 |,"B27 (a): post-injection gap of sts, ts_gsr, W = 60 (mean)",ok,"0.0562], p = 0.3116; 9/14 positive | | Post-injection gap | −0.0633 [−0.0917, −0.0369], p = 0.0001; 14/14 n"
Results / 2. The DMT contrast,"Table 2, body",1,−0.0917,data,notes/review_results/partB/baseline_gap_tables.md,line 10; the line holds -0.0917; anchor: | sts | ts_gsr | 60 |,"B27 (a): post-injection gap of sts, ts_gsr, W = 60 (lower limit)",ok,"p = 0.3116; 9/14 positive | | Post-injection gap | −0.0633 [−0.0917, −0.0369], p = 0.0001; 14/14 negative |"
Results / 2. The DMT contrast,"Table 2, body",1,−0.0369,data,notes/review_results/partB/baseline_gap_tables.md,line 10; the line holds -0.0369; anchor: | sts | ts_gsr | 60 |,"B27 (a): post-injection gap of sts, ts_gsr, W = 60 (upper limit)",ok,"6; 9/14 positive | | Post-injection gap | −0.0633 [−0.0917, −0.0369], p = 0.0001; 14/14 negative | −0.0846 "
Results / 2. The DMT contrast,"Table 2, body",1,0.0001,data,notes/review_results/partB/baseline_gap_tables.md,line 10; the line holds 0.0001; anchor: | sts | ts_gsr | 60 |,"B27 (a): exact p of the post-injection gap, sts, ts_gsr",ok,"ve | | Post-injection gap | −0.0633 [−0.0917, −0.0369], p = 0.0001; 14/14 negative | −0.0846 [−0.1208, −0."
Results / 2. The DMT contrast,"Table 2, body",5,14,data,notes/review_results/partB/baseline_gap_tables.md,line 10; the line holds 14/14; anchor: | sts | ts_gsr | 60 |,"B27 (a): subjects with a negative post-injection gap, sts, ts_gsr",ok,"ost-injection gap | −0.0633 [−0.0917, −0.0369], p = 0.0001; 14/14 negative | −0.0846 [−0.1208, −0.0480"
Results / 2. The DMT contrast,"Table 2, body",6,14,design,manuscript/analysis_record.md,line 48; anchor: 14 subjects × 2 conditions,N = 14 subjects (the shape of the data: 14 subjects × 2 conditions),ok,"-injection gap | −0.0633 [−0.0917, −0.0369], p = 0.0001; 14/14 negative | −0.0846 [−0.1208, −0.0480], "
Results / 2. The DMT contrast,"Table 2, body",1,−0.0846,data,notes/review_results/partB/baseline_gap_tables.md,line 14; the line holds -0.0846; anchor: | sts | ts_demean | 60 |,"B27 (a): post-injection gap of sts, ts_demean, W = 60 (mean)",ok," | −0.0633 [−0.0917, −0.0369], p = 0.0001; 14/14 negative | −0.0846 [−0.1208, −0.0480], p = 0.0001; 14/14 n"
Results / 2. The DMT contrast,"Table 2, body",1,−0.1208,data,notes/review_results/partB/baseline_gap_tables.md,line 14; the line holds -0.1208; anchor: | sts | ts_demean | 60 |,"B27 (a): post-injection gap of sts, ts_demean, W = 60 (lower limit)",ok,"3 [−0.0917, −0.0369], p = 0.0001; 14/14 negative | −0.0846 [−0.1208, −0.0480], p = 0.0001; 14/14 negative |"
Results / 2. The DMT contrast,"Table 2, body",1,−0.0480,data,notes/review_results/partB/baseline_gap_tables.md,line 14; the line holds -0.0480; anchor: | sts | ts_demean | 60 |,"B27 (a): post-injection gap of sts, ts_demean, W = 60 (upper limit)",ok,"7, −0.0369], p = 0.0001; 14/14 negative | −0.0846 [−0.1208, −0.0480], p = 0.0001; 14/14 negative | | Baseli"
Results / 2. The DMT contrast,"Table 2, body",2,0.0001,data,notes/review_results/partB/baseline_gap_tables.md,line 14; the line holds 0.0001; anchor: | sts | ts_demean | 60 |,"B27 (a): exact p of the post-injection gap, sts, ts_demean",ok," = 0.0001; 14/14 negative | −0.0846 [−0.1208, −0.0480], p = 0.0001; 14/14 negative | | Baseline-adjusted c"
Results / 2. The DMT contrast,"Table 2, body",7,14,data,notes/review_results/partB/baseline_gap_tables.md,line 14; the line holds 14/14; anchor: | sts | ts_demean | 60 |,"B27 (a): subjects with a negative post-injection gap, sts, ts_demean",ok,"1; 14/14 negative | −0.0846 [−0.1208, −0.0480], p = 0.0001; 14/14 negative | | Baseline-adjusted contr"
Results / 2. The DMT contrast,"Table 2, body",8,14,design,manuscript/analysis_record.md,line 48; anchor: 14 subjects × 2 conditions,N = 14 subjects (the shape of the data: 14 subjects × 2 conditions),ok,"14/14 negative | −0.0846 [−0.1208, −0.0480], p = 0.0001; 14/14 negative | | Baseline-adjusted contrast"
Results / 2. The DMT contrast,"Table 2, body",1,−0.0544,data,notes/review_results/partB/baseline_gap_tables.md,line 10; the line holds -0.0544; anchor: | sts | ts_gsr | 60 |,"B27 (a): baseline-adjusted contrast of sts, ts_gsr, W = 60 (mean)",ok,"p = 0.0001; 14/14 negative | | Baseline-adjusted contrast | −0.0544 [−0.0806, −0.0283] | −0.0796 [−0.1170, "
Results / 2. The DMT contrast,"Table 2, body",1,−0.0806,data,notes/review_results/partB/baseline_gap_tables.md,line 10; the line holds -0.0806; anchor: | sts | ts_gsr | 60 |,"B27 (a): baseline-adjusted contrast of sts, ts_gsr, W = 60 (lower limit)",ok,"1; 14/14 negative | | Baseline-adjusted contrast | −0.0544 [−0.0806, −0.0283] | −0.0796 [−0.1170, −0.0421] "
Results / 2. The DMT contrast,"Table 2, body",1,−0.0283,data,notes/review_results/partB/baseline_gap_tables.md,line 10; the line holds -0.0283; anchor: | sts | ts_gsr | 60 |,"B27 (a): baseline-adjusted contrast of sts, ts_gsr, W = 60 (upper limit)",ok,"negative | | Baseline-adjusted contrast | −0.0544 [−0.0806, −0.0283] | −0.0796 [−0.1170, −0.0421] | | r₁, p"
Results / 2. The DMT contrast,"Table 2, body",1,−0.0796,data,notes/review_results/partB/baseline_gap_tables.md,line 14; the line holds -0.0796; anchor: | sts | ts_demean | 60 |,"B27 (a): baseline-adjusted contrast of sts, ts_demean, W = 60 (mean)",ok,"| Baseline-adjusted contrast | −0.0544 [−0.0806, −0.0283] | −0.0796 [−0.1170, −0.0421] | | r₁, pre-injectio"
Results / 2. The DMT contrast,"Table 2, body",1,−0.1170,data,notes/review_results/partB/baseline_gap_tables.md,line 14; the line holds -0.1170; anchor: | sts | ts_demean | 60 |,"B27 (a): baseline-adjusted contrast of sts, ts_demean, W = 60 (lower limit)",ok,"e-adjusted contrast | −0.0544 [−0.0806, −0.0283] | −0.0796 [−0.1170, −0.0421] | | r₁, pre-injection gap | +"
Results / 2. The DMT contrast,"Table 2, body",1,−0.0421,data,notes/review_results/partB/baseline_gap_tables.md,line 14; the line holds -0.0421; anchor: | sts | ts_demean | 60 |,"B27 (a): baseline-adjusted contrast of sts, ts_demean, W = 60 (upper limit)",ok,"d contrast | −0.0544 [−0.0806, −0.0283] | −0.0796 [−0.1170, −0.0421] | | r₁, pre-injection gap | +0.0025 [−"
Results / 2. The DMT contrast,"Table 2, body",1,+0.0025,data,notes/review_results/partB/baseline_gap_tables.md,line 11; the line holds +0.0025; anchor: | r1 | ts_gsr | 60 |,"B27 (a): pre-injection gap of whole-brain r₁, ts_gsr, W = 60 (mean)",ok,"3] | −0.0796 [−0.1170, −0.0421] | | r₁, pre-injection gap | +0.0025 [−0.0044, +0.0092], p = 0.4417; 10/14 p"
Results / 2. The DMT contrast,"Table 2, body",1,−0.0044,data,notes/review_results/partB/baseline_gap_tables.md,line 11; the line holds -0.0044; anchor: | r1 | ts_gsr | 60 |,"B27 (a): pre-injection gap of whole-brain r₁, ts_gsr, W = 60 (lower limit)",ok,"796 [−0.1170, −0.0421] | | r₁, pre-injection gap | +0.0025 [−0.0044, +0.0092], p = 0.4417; 10/14 positive |"
Results / 2. The DMT contrast,"Table 2, body",1,+0.0092,data,notes/review_results/partB/baseline_gap_tables.md,line 11; the line holds +0.0092; anchor: | r1 | ts_gsr | 60 |,"B27 (a): pre-injection gap of whole-brain r₁, ts_gsr, W = 60 (upper limit)",ok,"170, −0.0421] | | r₁, pre-injection gap | +0.0025 [−0.0044, +0.0092], p = 0.4417; 10/14 positive | +0.0054 "
Results / 2. The DMT contrast,"Table 2, body",1,0.4417,data,notes/review_results/partB/baseline_gap_tables.md,line 11; the line holds 0.4417; anchor: | r1 | ts_gsr | 60 |,"B27 (a): exact p of the pre-injection gap, whole-brain r₁, ts_gsr",ok,"| | r₁, pre-injection gap | +0.0025 [−0.0044, +0.0092], p = 0.4417; 10/14 positive | +0.0054 [−0.0031, +0."
Results / 2. The DMT contrast,"Table 2, body",2,10,data,notes/review_results/partB/baseline_gap_tables.md,line 11; the line holds 10/14; anchor: | r1 | ts_gsr | 60 |,"B27 (a): subjects with a positive pre-injection gap, whole-brain r₁, ts_gsr",ok,"pre-injection gap | +0.0025 [−0.0044, +0.0092], p = 0.4417; 10/14 positive | +0.0054 [−0.0031, +0.0136"
Results / 2. The DMT contrast,"Table 2, body",9,14,design,manuscript/analysis_record.md,line 48; anchor: 14 subjects × 2 conditions,N = 14 subjects (the shape of the data: 14 subjects × 2 conditions),ok,"-injection gap | +0.0025 [−0.0044, +0.0092], p = 0.4417; 10/14 positive | +0.0054 [−0.0031, +0.0136], "
Results / 2. The DMT contrast,"Table 2, body",1,+0.0054,data,notes/review_results/partB/baseline_gap_tables.md,line 15; the line holds +0.0054; anchor: | r1 | ts_demean | 60 |,"B27 (a): pre-injection gap of whole-brain r₁, ts_demean, W = 60 (mean)",ok," | +0.0025 [−0.0044, +0.0092], p = 0.4417; 10/14 positive | +0.0054 [−0.0031, +0.0136], p = 0.1871; 9/14 po"
Results / 2. The DMT contrast,"Table 2, body",1,−0.0031,data,notes/review_results/partB/baseline_gap_tables.md,line 15; the line holds -0.0031; anchor: | r1 | ts_demean | 60 |,"B27 (a): pre-injection gap of whole-brain r₁, ts_demean, W = 60 (lower limit)",ok,"5 [−0.0044, +0.0092], p = 0.4417; 10/14 positive | +0.0054 [−0.0031, +0.0136], p = 0.1871; 9/14 positive | "
Results / 2. The DMT contrast,"Table 2, body",1,+0.0136,data,notes/review_results/partB/baseline_gap_tables.md,line 15; the line holds +0.0136; anchor: | r1 | ts_demean | 60 |,"B27 (a): pre-injection gap of whole-brain r₁, ts_demean, W = 60 (upper limit)",ok,"4, +0.0092], p = 0.4417; 10/14 positive | +0.0054 [−0.0031, +0.0136], p = 0.1871; 9/14 positive | | r₁, pos"
Results / 2. The DMT contrast,"Table 2, body",1,0.1871,data,notes/review_results/partB/baseline_gap_tables.md,line 15; the line holds 0.1871; anchor: | r1 | ts_demean | 60 |,"B27 (a): exact p of the pre-injection gap, whole-brain r₁, ts_demean",ok," = 0.4417; 10/14 positive | +0.0054 [−0.0031, +0.0136], p = 0.1871; 9/14 positive | | r₁, post-injection g"
Results / 2. The DMT contrast,"Table 2, body",2,9,data,notes/review_results/partB/baseline_gap_tables.md,line 15; the line holds 9/14; anchor: | r1 | ts_demean | 60 |,"B27 (a): subjects with a positive pre-injection gap, whole-brain r₁, ts_demean",ok,"7; 10/14 positive | +0.0054 [−0.0031, +0.0136], p = 0.1871; 9/14 positive | | r₁, post-injection gap "
Results / 2. The DMT contrast,"Table 2, body",10,14,design,manuscript/analysis_record.md,line 48; anchor: 14 subjects × 2 conditions,N = 14 subjects (the shape of the data: 14 subjects × 2 conditions),ok," 10/14 positive | +0.0054 [−0.0031, +0.0136], p = 0.1871; 9/14 positive | | r₁, post-injection gap | −"
Results / 2. The DMT contrast,"Table 2, body",1,−0.0122,data,notes/review_results/partB/baseline_gap_tables.md,line 11; the line holds -0.0122; anchor: | r1 | ts_gsr | 60 |,"B27 (a): post-injection gap of whole-brain r₁, ts_gsr, W = 60 (mean)",ok,"36], p = 0.1871; 9/14 positive | | r₁, post-injection gap | −0.0122 [−0.0187, −0.0064], p = 0.0002; 13/14 n"
Results / 2. The DMT contrast,"Table 2, body",1,−0.0187,data,notes/review_results/partB/baseline_gap_tables.md,line 11; the line holds -0.0187; anchor: | r1 | ts_gsr | 60 |,"B27 (a): post-injection gap of whole-brain r₁, ts_gsr, W = 60 (lower limit)",ok,"0.1871; 9/14 positive | | r₁, post-injection gap | −0.0122 [−0.0187, −0.0064], p = 0.0002; 13/14 negative |"
Results / 2. The DMT contrast,"Table 2, body",1,−0.0064,data,notes/review_results/partB/baseline_gap_tables.md,line 11; the line holds -0.0064; anchor: | r1 | ts_gsr | 60 |,"B27 (a): post-injection gap of whole-brain r₁, ts_gsr, W = 60 (upper limit)",ok,"/14 positive | | r₁, post-injection gap | −0.0122 [−0.0187, −0.0064], p = 0.0002; 13/14 negative | −0.0162 "
Results / 2. The DMT contrast,"Table 2, body",1,0.0002,data,notes/review_results/partB/baseline_gap_tables.md,line 11; the line holds 0.0002; anchor: | r1 | ts_gsr | 60 |,"B27 (a): exact p of the post-injection gap, whole-brain r₁, ts_gsr",ok," | r₁, post-injection gap | −0.0122 [−0.0187, −0.0064], p = 0.0002; 13/14 negative | −0.0162 [−0.0242, −0."
Results / 2. The DMT contrast,"Table 2, body",2,13,data,notes/review_results/partB/baseline_gap_tables.md,line 11; the line holds 13/14; anchor: | r1 | ts_gsr | 60 |,"B27 (a): subjects with a negative post-injection gap, whole-brain r₁, ts_gsr",ok,"ost-injection gap | −0.0122 [−0.0187, −0.0064], p = 0.0002; 13/14 negative | −0.0162 [−0.0242, −0.0086"
Results / 2. The DMT contrast,"Table 2, body",11,14,design,manuscript/analysis_record.md,line 48; anchor: 14 subjects × 2 conditions,N = 14 subjects (the shape of the data: 14 subjects × 2 conditions),ok,"-injection gap | −0.0122 [−0.0187, −0.0064], p = 0.0002; 13/14 negative | −0.0162 [−0.0242, −0.0086], "
Results / 2. The DMT contrast,"Table 2, body",1,−0.0162,data,notes/review_results/partB/baseline_gap_tables.md,line 15; the line holds -0.0162; anchor: | r1 | ts_demean | 60 |,"B27 (a): post-injection gap of whole-brain r₁, ts_demean, W = 60 (mean)",ok," | −0.0122 [−0.0187, −0.0064], p = 0.0002; 13/14 negative | −0.0162 [−0.0242, −0.0086], p = 0.0002; 13/14 n"
Results / 2. The DMT contrast,"Table 2, body",1,−0.0242,data,notes/review_results/partB/baseline_gap_tables.md,line 15; the line holds -0.0242; anchor: | r1 | ts_demean | 60 |,"B27 (a): post-injection gap of whole-brain r₁, ts_demean, W = 60 (lower limit)",ok,"2 [−0.0187, −0.0064], p = 0.0002; 13/14 negative | −0.0162 [−0.0242, −0.0086], p = 0.0002; 13/14 negative |"
Results / 2. The DMT contrast,"Table 2, body",1,−0.0086,data,notes/review_results/partB/baseline_gap_tables.md,line 15; the line holds -0.0086; anchor: | r1 | ts_demean | 60 |,"B27 (a): post-injection gap of whole-brain r₁, ts_demean, W = 60 (upper limit)",ok,"7, −0.0064], p = 0.0002; 13/14 negative | −0.0162 [−0.0242, −0.0086], p = 0.0002; 13/14 negative | | r₁, ba"
Results / 2. The DMT contrast,"Table 2, body",2,0.0002,data,notes/review_results/partB/baseline_gap_tables.md,line 15; the line holds 0.0002; anchor: | r1 | ts_demean | 60 |,"B27 (a): exact p of the post-injection gap, whole-brain r₁, ts_demean",ok," = 0.0002; 13/14 negative | −0.0162 [−0.0242, −0.0086], p = 0.0002; 13/14 negative | | r₁, baseline-adjust"
Results / 2. The DMT contrast,"Table 2, body",3,13,data,notes/review_results/partB/baseline_gap_tables.md,line 15; the line holds 13/14; anchor: | r1 | ts_demean | 60 |,"B27 (a): subjects with a negative post-injection gap, whole-brain r₁, ts_demean",ok,"2; 13/14 negative | −0.0162 [−0.0242, −0.0086], p = 0.0002; 13/14 negative | | r₁, baseline-adjusted c"
Results / 2. The DMT contrast,"Table 2, body",12,14,design,manuscript/analysis_record.md,line 48; anchor: 14 subjects × 2 conditions,N = 14 subjects (the shape of the data: 14 subjects × 2 conditions),ok,"13/14 negative | −0.0162 [−0.0242, −0.0086], p = 0.0002; 13/14 negative | | r₁, baseline-adjusted cont"
Results / 2. The DMT contrast,"Table 2, body",1,−0.0110,data,notes/review_results/partB/baseline_gap_tables.md,line 11; the line holds -0.0110; anchor: | r1 | ts_gsr | 60 |,"B27 (a): baseline-adjusted contrast of whole-brain r₁, ts_gsr, W = 60 (mean)",ok,"0.0002; 13/14 negative | | r₁, baseline-adjusted contrast | −0.0110 [−0.0170, −0.0050] | −0.0161 [−0.0250, "
Results / 2. The DMT contrast,"Table 2, body",1,−0.0170,data,notes/review_results/partB/baseline_gap_tables.md,line 11; the line holds -0.0170; anchor: | r1 | ts_gsr | 60 |,"B27 (a): baseline-adjusted contrast of whole-brain r₁, ts_gsr, W = 60 (lower limit)",ok,"3/14 negative | | r₁, baseline-adjusted contrast | −0.0110 [−0.0170, −0.0050] | −0.0161 [−0.0250, −0.0073] "
Results / 2. The DMT contrast,"Table 2, body",1,−0.0050,data,notes/review_results/partB/baseline_gap_tables.md,line 11; the line holds -0.0050; anchor: | r1 | ts_gsr | 60 |,"B27 (a): baseline-adjusted contrast of whole-brain r₁, ts_gsr, W = 60 (upper limit)",ok,"tive | | r₁, baseline-adjusted contrast | −0.0110 [−0.0170, −0.0050] | −0.0161 [−0.0250, −0.0073] | | FD Di"
Results / 2. The DMT contrast,"Table 2, body",1,−0.0161,data,notes/review_results/partB/baseline_gap_tables.md,line 15; the line holds -0.0161; anchor: | r1 | ts_demean | 60 |,"B27 (a): baseline-adjusted contrast of whole-brain r₁, ts_demean, W = 60 (mean)",ok,", baseline-adjusted contrast | −0.0110 [−0.0170, −0.0050] | −0.0161 [−0.0250, −0.0073] | | FD DiD | +0.0143"
Results / 2. The DMT contrast,"Table 2, body",1,−0.0250,data,notes/review_results/partB/baseline_gap_tables.md,line 15; the line holds -0.0250; anchor: | r1 | ts_demean | 60 |,"B27 (a): baseline-adjusted contrast of whole-brain r₁, ts_demean, W = 60 (lower limit)",ok,"e-adjusted contrast | −0.0110 [−0.0170, −0.0050] | −0.0161 [−0.0250, −0.0073] | | FD DiD | +0.0143 [−0.0115"
Results / 2. The DMT contrast,"Table 2, body",1,−0.0073,data,notes/review_results/partB/baseline_gap_tables.md,line 15; the line holds -0.0073; anchor: | r1 | ts_demean | 60 |,"B27 (a): baseline-adjusted contrast of whole-brain r₁, ts_demean, W = 60 (upper limit)",ok,"d contrast | −0.0110 [−0.0170, −0.0050] | −0.0161 [−0.0250, −0.0073] | | FD DiD | +0.0143 [−0.0115, +0.0403"
Results / 2. The DMT contrast,"Table 2, body",1,+0.0143,data,notes/review_results/partB/inference_revision.csv,"line 743; the line holds 0.014346739579365077; anchor: engine,sts ts_gsr W60,primary,fd_did,",B21,ok,"−0.0170, −0.0050] | −0.0161 [−0.0250, −0.0073] | | FD DiD | +0.0143 [−0.0115, +0.0403], p = 0.2452 | same |"
Results / 2. The DMT contrast,"Table 2, body",1,−0.0115,data,notes/review_results/partB/inference_revision.csv,"line 743; the line holds -0.011465358932213045; anchor: engine,sts ts_gsr W60,primary,fd_did,",B21,ok,"−0.0050] | −0.0161 [−0.0250, −0.0073] | | FD DiD | +0.0143 [−0.0115, +0.0403], p = 0.2452 | same | | DiD, F"
Results / 2. The DMT contrast,"Table 2, body",1,+0.0403,data,notes/review_results/partB/inference_revision.csv,"line 743; the line holds 0.040255455109786564; anchor: engine,sts ts_gsr W60,primary,fd_did,",B21,ok,"| −0.0161 [−0.0250, −0.0073] | | FD DiD | +0.0143 [−0.0115, +0.0403], p = 0.2452 | same | | DiD, FD-residua"
Results / 2. The DMT contrast,"Table 2, body",1,0.2452,data,notes/review_results/partB/inference_revision.csv,"line 743; the line holds 0.2452392578125; anchor: engine,sts ts_gsr W60,primary,fd_did,",B21,ok,"0250, −0.0073] | | FD DiD | +0.0143 [−0.0115, +0.0403], p = 0.2452 | same | | DiD, FD-residualised | −0.06"
Results / 2. The DMT contrast,"Table 2, body",1,−0.0649,data,notes/review_results/partB/inference_revision.csv,"line 744; the line holds -0.06491128009344917; anchor: engine,sts ts_gsr W60,primary,resid_did,",B21,ok,"115, +0.0403], p = 0.2452 | same | | DiD, FD-residualised | −0.0649 [−0.1010, −0.0260], p = 0.0048; 13/14 |"
Results / 2. The DMT contrast,"Table 2, body",1,−0.1010,data,notes/review_results/partB/inference_revision.csv,"line 744; the line holds -0.10096097846374896; anchor: engine,sts ts_gsr W60,primary,resid_did,",B21,ok,"403], p = 0.2452 | same | | DiD, FD-residualised | −0.0649 [−0.1010, −0.0260], p = 0.0048; 13/14 | −0.0824 "
Results / 2. The DMT contrast,"Table 2, body",1,−0.0260,data,notes/review_results/partB/inference_revision.csv,"line 744; the line holds -0.02600254264169737; anchor: engine,sts ts_gsr W60,primary,resid_did,",B21,ok," 0.2452 | same | | DiD, FD-residualised | −0.0649 [−0.1010, −0.0260], p = 0.0048; 13/14 | −0.0824 [−0.1302,"
Results / 2. The DMT contrast,"Table 2, body",1,0.0048,data,notes/review_results/partB/inference_revision.csv,"line 744; the line holds 0.0047607421875; anchor: engine,sts ts_gsr W60,primary,resid_did,",B21,ok," | | DiD, FD-residualised | −0.0649 [−0.1010, −0.0260], p = 0.0048; 13/14 | −0.0824 [−0.1302, −0.0322], p "
Results / 2. The DMT contrast,"Table 2, body",4,13,data,notes/review_results/partB/inference_revision.csv,"line 744; the line holds 13; anchor: engine,sts ts_gsr W60,primary,resid_did,",B21,ok,", FD-residualised | −0.0649 [−0.1010, −0.0260], p = 0.0048; 13/14 | −0.0824 [−0.1302, −0.0322], p = 0."
Results / 2. The DMT contrast,"Table 2, body",13,14,design,manuscript/analysis_record.md,line 48; anchor: 14 subjects × 2 conditions,N = 14,ok,"D-residualised | −0.0649 [−0.1010, −0.0260], p = 0.0048; 13/14 | −0.0824 [−0.1302, −0.0322], p = 0.004"
Results / 2. The DMT contrast,"Table 2, body",1,−0.0824,data,notes/review_results/partB/inference_revision.csv,"line 752; the line holds -0.08241714721210373; anchor: engine,sts ts_demean W60,primary,resid_did,",B21,ok,"idualised | −0.0649 [−0.1010, −0.0260], p = 0.0048; 13/14 | −0.0824 [−0.1302, −0.0322], p = 0.0048; 13/14 |"
Results / 2. The DMT contrast,"Table 2, body",1,−0.1302,data,notes/review_results/partB/inference_revision.csv,"line 752; the line holds -0.13018483621843474; anchor: engine,sts ts_demean W60,primary,resid_did,",B21,ok," | −0.0649 [−0.1010, −0.0260], p = 0.0048; 13/14 | −0.0824 [−0.1302, −0.0322], p = 0.0048; 13/14 |"
Results / 2. The DMT contrast,"Table 2, body",1,−0.0322,data,notes/review_results/partB/inference_revision.csv,"line 752; the line holds -0.032202899872207605; anchor: engine,sts ts_demean W60,primary,resid_did,",B21,ok,"9 [−0.1010, −0.0260], p = 0.0048; 13/14 | −0.0824 [−0.1302, −0.0322], p = 0.0048; 13/14 |"
Results / 2. The DMT contrast,"Table 2, body",2,0.0048,data,notes/review_results/partB/inference_revision.csv,"line 752; the line holds 0.0047607421875; anchor: engine,sts ts_demean W60,primary,resid_did,",B21,ok,".0260], p = 0.0048; 13/14 | −0.0824 [−0.1302, −0.0322], p = 0.0048; 13/14 |"
Results / 2. The DMT contrast,"Table 2, body",5,13,data,notes/review_results/partB/inference_revision.csv,"line 752; the line holds 13; anchor: engine,sts ts_demean W60,primary,resid_did,",B21,ok,"p = 0.0048; 13/14 | −0.0824 [−0.1302, −0.0322], p = 0.0048; 13/14 |"
Results / 2. The DMT contrast,"Table 2, body",14,14,design,manuscript/analysis_record.md,line 48; anchor: 14 subjects × 2 conditions,N = 14,ok," 0.0048; 13/14 | −0.0824 [−0.1302, −0.0322], p = 0.0048; 13/14 |"
Results / 2. The DMT contrast,paragraph 2,1,−0.0146,data,notes/review_results/partB/inference_revision.csv,"line 639; the line holds -0.014645416464981385; anchor: pickle,autocorr ts_gsr W60,primary,did,",B21: r₁ DiD,ok,"ain r₁ (a post hoc quantity) changed relative to placebo by −0.0146 [−0.0261, −0.0037] (p = 0.0106, negativ"
Results / 2. The DMT contrast,paragraph 2,1,−0.0261,data,notes/review_results/partB/inference_revision.csv,"line 639; the line holds -0.02608634080766899; anchor: pickle,autocorr ts_gsr W60,primary,did,",B21: r₁ DiD,ok," post hoc quantity) changed relative to placebo by −0.0146 [−0.0261, −0.0037] (p = 0.0106, negative in 12 o"
Results / 2. The DMT contrast,paragraph 2,1,−0.0037,data,notes/review_results/partB/inference_revision.csv,"line 639; the line holds -0.0037024976978093553; anchor: pickle,autocorr ts_gsr W60,primary,did,",B21: r₁ DiD,ok," quantity) changed relative to placebo by −0.0146 [−0.0261, −0.0037] (p = 0.0106, negative in 12 of 14; −0."
Results / 2. The DMT contrast,paragraph 2,1,0.0106,data,notes/review_results/partB/inference_revision.csv,"line 639; the line holds 0.0106201171875; anchor: pickle,autocorr ts_gsr W60,primary,did,",B21: r₁ DiD,ok,"nged relative to placebo by −0.0146 [−0.0261, −0.0037] (p = 0.0106, negative in 12 of 14; −0.0216 without "
Results / 2. The DMT contrast,paragraph 2,1,12,data,notes/review_results/partB/inference_revision.csv,"line 639; the line holds 12; anchor: pickle,autocorr ts_gsr W60,primary,did,",B21: r₁ DiD,ok,"cebo by −0.0146 [−0.0261, −0.0037] (p = 0.0106, negative in 12 of 14; −0.0216 without global signal re"
Results / 2. The DMT contrast,paragraph 2,1,14,design,manuscript/analysis_record.md,line 48; anchor: 14 subjects × 2 conditions,N = 14,ok,"y −0.0146 [−0.0261, −0.0037] (p = 0.0106, negative in 12 of 14; −0.0216 without global signal regressi"
Results / 2. The DMT contrast,paragraph 2,1,−0.0216,data,notes/review_results/partB/inference_revision.csv,"line 675; the line holds -0.021574715662108866; anchor: pickle,autocorr ts_demean W60,primary,did,",ts_demean r₁ DiD,ok,".0146 [−0.0261, −0.0037] (p = 0.0106, negative in 12 of 14; −0.0216 without global signal regression), and "
Results / 2. The DMT contrast,paragraph 2,1,−0.0155,data,notes/review_results/partB/residual_source.log,line 10; the line holds -0.0155; anchor: pair a: DMT pre,pair r₁ DiD −0.0155,ok,"; −0.0216 without global signal regression), and pair r₁ by −0.0155; the phase-randomised p of the r₁ contr"
Results / 2. The DMT contrast,paragraph 2,1,0.073,data,notes/review_results/inference_rows_raw.csv,"line 14; the line holds 0.07292707292707293; anchor: autocorr ts_gsr W60,primary",phase_p 0.0729,ok,"r₁ by −0.0155; the phase-randomised p of the r₁ contrast is 0.073, against 0.002 for sts (S3 Text). Mean "
Results / 2. The DMT contrast,paragraph 2,1,0.002,data,notes/review_results/inference_rows_raw.csv,"line 2; the line holds 0.001998001998001998; anchor: sts ts_gsr W60,primary",phase_p 0.0020,ok,"the phase-randomised p of the r₁ contrast is 0.073, against 0.002 for sts (S3 Text). Mean pair |q| fell b"
Results / 2. The DMT contrast,paragraph 2,1,0.0164,data,notes/review_results/partB/residual_source.log,line 11; the line holds -0.0164; anchor: pair |q|: DMT pre,pair |q| DiD −0.0164,ok,"073, against 0.002 for sts (S3 Text). Mean pair |q| fell by 0.0164 (10 of 14 negative; the count is logged"
Results / 2. The DMT contrast,paragraph 2,1,10,data,notes/review_results/partB/residual_source.log,line 11; the line holds 10; anchor: pair |q|: DMT pre,negative in 10/14,ok,"inst 0.002 for sts (S3 Text). Mean pair |q| fell by 0.0164 (10 of 14 negative; the count is logged, th"
Results / 2. The DMT contrast,paragraph 2,2,14,design,manuscript/analysis_record.md,line 48; anchor: 14 subjects × 2 conditions,N = 14 subjects,ok,".002 for sts (S3 Text). Mean pair |q| fell by 0.0164 (10 of 14 negative; the count is logged, the per-"
Results / 2. The DMT contrast,paragraph 2,1,0.003,derived,,derived: 0.0164 × 0.1892 = 0.0031 (RS line 11: the |q| DiD; ER line 9: ∂sts/∂q = −0.1892),,ok,"the per-subject vector not saved), which would raise sts by 0.003 nats at the population rate and by 0.00"
Results / 2. The DMT contrast,paragraph 2,1,0.009,derived,,derived: 0.0164 × 0.528 = 0.0087 (RS line 11: the |q| DiD; AD line 29: −0.528 per unit |q| in the within-window regression),,ok,would raise sts by 0.003 nats at the population rate and by 0.009 at the windowed estimator's own rate (R
Results / 2. The DMT contrast,paragraph 2,1,−0.0122,data,notes/review_results/partB/baseline_gap_tables.md,line 11; the line holds -0.0122; anchor: | r1 | ts_gsr | 60 |,"B27 (a): post-injection gap of whole-brain r₁, ts_gsr, W = 60 (mean)",ok," readings are negative too (Table 2: the post-injection gap −0.0122, in 13 of 14; the baseline-adjusted con"
Results / 2. The DMT contrast,paragraph 2,1,13,data,notes/review_results/partB/baseline_gap_tables.md,line 11; the line holds 13/14; anchor: | r1 | ts_gsr | 60 |,"B27 (a): subjects with a negative post-injection gap, whole-brain r₁, ts_gsr",ok,"e negative too (Table 2: the post-injection gap −0.0122, in 13 of 14; the baseline-adjusted contrast −"
Results / 2. The DMT contrast,paragraph 2,3,14,design,manuscript/analysis_record.md,line 48; anchor: 14 subjects × 2 conditions,N = 14 subjects (the shape of the data: 14 subjects × 2 conditions),ok,"tive too (Table 2: the post-injection gap −0.0122, in 13 of 14; the baseline-adjusted contrast −0.0110"
Results / 2. The DMT contrast,paragraph 2,1,−0.0110,data,notes/review_results/partB/baseline_gap_tables.md,line 11; the line holds -0.0110; anchor: | r1 | ts_gsr | 60 |,"B27 (a): baseline-adjusted contrast of whole-brain r₁, ts_gsr, W = 60 (mean)",ok,"on gap −0.0122, in 13 of 14; the baseline-adjusted contrast −0.0110), its pre-injection gap +0.0025 (p = 0."
Results / 2. The DMT contrast,paragraph 2,1,+0.0025,data,notes/review_results/partB/baseline_gap_tables.md,line 11; the line holds +0.0025; anchor: | r1 | ts_gsr | 60 |,"B27 (a): pre-injection gap of whole-brain r₁, ts_gsr, W = 60 (mean)",ok," baseline-adjusted contrast −0.0110), its pre-injection gap +0.0025 (p = 0.4417). Both runs contribute: the"
Results / 2. The DMT contrast,paragraph 2,1,0.4417,data,notes/review_results/partB/baseline_gap_tables.md,line 11; the line holds 0.4417; anchor: | r1 | ts_gsr | 60 |,"B27 (a): exact p of the pre-injection gap, whole-brain r₁, ts_gsr",ok,"usted contrast −0.0110), its pre-injection gap +0.0025 (p = 0.4417). Both runs contribute: the placebo run"
Results / 2. The DMT contrast,paragraph 2,1,0.34,data,notes/review_results/inference_rows_raw.csv,"line 14; the line holds 0.3398633796150569; anchor: autocorr ts_gsr W60,primary",placebo_share 0.34,ok," placebo run's r₁ and sts rose across the session and carry 0.34 and 0.40 of the two DiDs, which assume "
Results / 2. The DMT contrast,paragraph 2,1,0.40,data,notes/review_results/inference_rows_raw.csv,"line 2; the line holds 0.40060218214500926; anchor: sts ts_gsr W60,primary",placebo_share 0.40,ok,"run's r₁ and sts rose across the session and carry 0.34 and 0.40 of the two DiDs, which assume that drif"
Results / 2. The DMT contrast,paragraph 2,1,−0.0485,data,notes/review_results/partB/inference_revision.csv,"line 741; the line holds -0.04847102940570617; anchor: engine,sts ts_gsr W60,primary,dmt_change,",B21 engine: DMT post − pre,ok,"e occurred on the DMT run too; the DMT run's own change (sts −0.0485, p = 0.027; Table 2) contains time in "
Results / 2. The DMT contrast,paragraph 2,1,0.027,data,notes/review_results/partB/inference_revision.csv,"line 741; the line holds 0.0267333984375; anchor: engine,sts ts_gsr W60,primary,dmt_change,",B21 engine: DMT post − pre,ok," the DMT run too; the DMT run's own change (sts −0.0485, p = 0.027; Table 2) contains time in the scanner"
Results / 2. The DMT contrast,paragraph 2,1,−0.0649,data,notes/review_results/partB/inference_revision.csv,"line 744; the line holds -0.06491128009344917; anchor: engine,sts ts_gsr W60,primary,resid_did,","B21 engine row, FD-residualised DiD",ok,"framewise displacement removes a fifth of the sts contrast (−0.0649 [−0.1010, −0.0260]) and a sixth of r₁'s"
Results / 2. The DMT contrast,paragraph 2,1,−0.1010,data,notes/review_results/partB/inference_revision.csv,"line 744; the line holds -0.10096097846374896; anchor: engine,sts ts_gsr W60,primary,resid_did,","B21 engine row, FD-residualised DiD",ok," displacement removes a fifth of the sts contrast (−0.0649 [−0.1010, −0.0260]) and a sixth of r₁'s (−0.0123"
Results / 2. The DMT contrast,paragraph 2,1,−0.0260,data,notes/review_results/partB/inference_revision.csv,"line 744; the line holds -0.02600254264169737; anchor: engine,sts ts_gsr W60,primary,resid_did,","B21 engine row, FD-residualised DiD",ok,"ment removes a fifth of the sts contrast (−0.0649 [−0.1010, −0.0260]) and a sixth of r₁'s (−0.0123), and re"
Results / 2. The DMT contrast,paragraph 2,1,−0.0123,data,notes/review_2026-10-01_cold_reads/checks/derived_r24.out,line 53; the line holds -0.0123; anchor: autocorr ts_gsr W60: DiD,derived_r24.out item 4: the FD-residualised whole-brain r₁ DiD,ok," contrast (−0.0649 [−0.1010, −0.0260]) and a sixth of r₁'s (−0.0123), and removes with motion any drug effe"
Results / 2. The DMT contrast,paragraph 3,1,0.953,data,notes/review_results/partB/inference_revision_tables.md,"line 253; the line holds +0.953; anchor: full-set r(sts DiD, r₁ DiD), ts_gsr",B21 (d),ok,"ead off the same windows, so their full-set correlation, r = 0.953 [0.854, 0.985], contains shared estima"
Results / 2. The DMT contrast,paragraph 3,1,0.854,data,notes/review_results/partB/inference_revision_tables.md,"line 253; the line holds +0.854; anchor: full-set r(sts DiD, r₁ DiD), ts_gsr",B21 (d),ok," the same windows, so their full-set correlation, r = 0.953 [0.854, 0.985], contains shared estimation er"
Results / 2. The DMT contrast,paragraph 3,1,0.985,data,notes/review_results/partB/inference_revision_tables.md,"line 253; the line holds +0.985; anchor: full-set r(sts DiD, r₁ DiD), ts_gsr",B21 (d),ok,"me windows, so their full-set correlation, r = 0.953 [0.854, 0.985], contains shared estimation error; th"
Results / 2. The DMT contrast,paragraph 3,1,0.694,data,notes/review_results/partB/inference_revision_tables.md,"line 273; the line holds +0.694; anchor: mean cross-half r, ts_gsr","B21 (d), Fisher-z of the mean (approximate)",ok,"one half of the windows against the r₁ DiD on the other, is 0.694 on average (approximately [0.258, 0.895"
Results / 2. The DMT contrast,paragraph 3,1,0.258,data,notes/review_results/partB/inference_revision_tables.md,"line 273; the line holds +0.258; anchor: mean cross-half r, ts_gsr","B21 (d), Fisher-z of the mean (approximate)",ok,"he r₁ DiD on the other, is 0.694 on average (approximately [0.258, 0.895]; Fig 3b), against a ceiling of "
Results / 2. The DMT contrast,paragraph 3,1,0.895,data,notes/review_results/partB/inference_revision_tables.md,"line 273; the line holds +0.895; anchor: mean cross-half r, ts_gsr","B21 (d), Fisher-z of the mean (approximate)",ok,"iD on the other, is 0.694 on average (approximately [0.258, 0.895]; Fig 3b), against a ceiling of 0.729: "
Results / 2. The DMT contrast,paragraph 3,1,0.729,data,notes/review_results/partB/inference_revision_tables.md,line 284; the line holds 0.729; anchor: | ts_gsr | +0.742 | +0.645 | +0.694 |,ceiling,ok,"approximately [0.258, 0.895]; Fig 3b), against a ceiling of 0.729: disattenuated, 0.95 [0.62, 0.99] (a su"
Results / 2. The DMT contrast,paragraph 3,1,0.95,data,notes/review_results/partB/inference_revision_tables.md,line 284; the line holds +0.951; anchor: | ts_gsr | +0.742 | +0.645 | +0.694 |,"disattenuated +0.951 [+0.617, +0.991]",ok,"0.895]; Fig 3b), against a ceiling of 0.729: disattenuated, 0.95 [0.62, 0.99] (a subject bootstrap of 10"
Results / 2. The DMT contrast,paragraph 3,1,0.62,data,notes/review_results/partB/inference_revision_tables.md,line 284; the line holds +0.617; anchor: | ts_gsr | +0.742 | +0.645 | +0.694 |,"disattenuated +0.951 [+0.617, +0.991]",ok,"; Fig 3b), against a ceiling of 0.729: disattenuated, 0.95 [0.62, 0.99] (a subject bootstrap of 10,000 d"
Results / 2. The DMT contrast,paragraph 3,1,0.99,data,notes/review_results/partB/inference_revision_tables.md,line 284; the line holds +0.991; anchor: | ts_gsr | +0.742 | +0.645 | +0.694 |,"disattenuated +0.951 [+0.617, +0.991]",ok,"3b), against a ceiling of 0.729: disattenuated, 0.95 [0.62, 0.99] (a subject bootstrap of 10,000 draws, "
Results / 2. The DMT contrast,paragraph 3,1,"10,000",design,notes/partB21_inference_revision.py,line 82; anchor: N_BOOT = 10000,"B21 (d): 10,000 subject-bootstrap draws (the script's setting N_BOOT)",ok,"9: disattenuated, 0.95 [0.62, 0.99] (a subject bootstrap of 10,000 draws, the 366 in which the split-half "
Results / 2. The DMT contrast,paragraph 3,1,366,data,notes/review_results/partB/inference_revision_tables.md,line 284; the line holds 366; anchor: | ts_gsr | +0.742 | +0.645 | +0.694 |,B21 (d): draws excluded (those in which the split-half reliability of the sts DiD or of the r₁ DiD is not positive),ok,"0.95 [0.62, 0.99] (a subject bootstrap of 10,000 draws, the 366 in which the split-half reliability of "
Results / 2. The DMT contrast,paragraph 3,1,38,data,notes/review_2026-10-01_cold_reads/checks/derived_r24.out,"line 51; the line holds 38; anchor: disattenuated ratio's interval, lower limit","derived_r24.out item 4: the square of the interval's lower limit 0.617, as a percentage",ok,"d by one), so that at the interval's lower limit they share 38 % of their reliable variance. Part of t"
Results / 2. The DMT contrast,paragraph 3,1,−0.844,data,notes/review_results/partB/baseline_gap_tables.md,line 27; the line holds -0.844; anchor: | ts_gsr | 60 |,"B27 (b): r(sts pre-injection gap, r₁ DiD)",ok,"the sts pre-injection gap correlates with the r₁ DiD at r = −0.844, the two post-injection gaps at +0.939,"
Results / 2. The DMT contrast,paragraph 3,1,+0.939,data,notes/review_results/partB/baseline_gap_tables.md,line 27; the line holds +0.939; anchor: | ts_gsr | 60 |,"B27 (b): r(sts post-injection gap, r₁ post-injection gap)",ok,"th the r₁ DiD at r = −0.844, the two post-injection gaps at +0.939, and the two DiDs' partial correlation "
Results / 2. The DMT contrast,paragraph 3,1,+0.824,data,notes/review_results/partB/baseline_gap_tables.md,line 27; the line holds +0.824; anchor: | ts_gsr | 60 |,"B27 (b): partial r(sts DiD, r₁ DiD | sts pre-injection gap)",ok,iDs' partial correlation given the sts pre-injection gap is +0.824. The relation shows that the estimator 
Results / 2. The DMT contrast,paragraph 3,1,8,label,,,subject 8: an index,ok,"n r₁ covary. Two subjects carry much of the spread, subject 8 (the largest fall of r₁, −0.064; its DM"
Results / 2. The DMT contrast,paragraph 3,1,−0.064,data,notes/review_2026-09-24/checks/derived_r17.out,line 4; the line holds -0.0642; anchor: regional r1 DiD by subject:,"subject 8, −0.0642 (the largest fall)",ok,"arry much of the spread, subject 8 (the largest fall of r₁, −0.064; its DMT run holds the mean-filled parc"
Results / 2. The DMT contrast,paragraph 3,1,24,data,notes/review_results/partB/censoring_tables.md,line 17; the line holds 24 (; anchor: | 8 |,B29 (a): subject 8's TRs above the FD threshold on the DMT run,ok,"of r₁, −0.064; its DMT run holds the mean-filled parcel and 24 TRs above the motion threshold, against"
Results / 2. The DMT contrast,paragraph 3,1,23.6,data,notes/review_results/partB/censoring_tables.md,line 24; the line holds 23.6; anchor: | mean |,B29 (a): mean TRs above the threshold per DMT run,ok,"illed parcel and 24 TRs above the motion threshold, against 23.6 on average, and its framewise-displacem"
Results / 2. The DMT contrast,paragraph 3,1,+0.0935,data,notes/review_results/partB/censoring_tables.md,line 17; the line holds +0.0935; anchor: | 8 |,"B29 (a): subject 8's DiD of the mean framewise displacement, the largest of the fourteen",ok,"gainst 23.6 on average, and its framewise-displacement DiD, +0.0935, is the largest of the fourteen; Method"
Results / 2. The DMT contrast,paragraph 3,1,5,label,,,section number of S3 Text,ok," +0.0935, is the largest of the fourteen; Methods; S3 Text §5) and subject 14 (the largest rise, +0.0"
Results / 2. The DMT contrast,paragraph 3,1,14,label,,,subject 14: an index,ok,"e largest of the fourteen; Methods; S3 Text §5) and subject 14 (the largest rise, +0.024): without eit"
Results / 2. The DMT contrast,paragraph 3,1,+0.024,data,notes/review_2026-09-24/checks/derived_r17.out,line 4; the line holds 0.0242; anchor: regional r1 DiD by subject:,"subject 14, +0.0242 (the largest rise)",ok,"een; Methods; S3 Text §5) and subject 14 (the largest rise, +0.024): without either the disattenuated corr"
Results / 2. The DMT contrast,paragraph 3,1,0.90,data,notes/review_2026-09-24/checks/derived_r17.out,line 13; the line holds 0.897; anchor: without subject  8: mean cross-half r 0.486,ratio 0.897,ok,024): without either the disattenuated correlation stays at 0.90 or 0.92 but the mean cross-half correla
Results / 2. The DMT contrast,paragraph 3,1,0.92,data,notes/review_2026-09-24/checks/derived_r17.out,line 19; the line holds 0.921; anchor: without subject 14: mean cross-half r 0.571,ratio 0.921,ok,thout either the disattenuated correlation stays at 0.90 or 0.92 but the mean cross-half correlation fal
Results / 2. The DMT contrast,paragraph 3,1,0.486,data,notes/review_2026-09-24/checks/derived_r17.out,line 13; the line holds 0.486; anchor: without subject  8: mean cross-half r 0.486,mean cross-half r 0.486,ok,t 0.90 or 0.92 but the mean cross-half correlation falls to 0.486 or 0.571 (other omissions: 0.68–0.83; S
Results / 2. The DMT contrast,paragraph 3,1,0.571,data,notes/review_2026-09-24/checks/derived_r17.out,line 19; the line holds 0.571; anchor: without subject 14: mean cross-half r 0.571,mean cross-half r 0.571,ok, 0.92 but the mean cross-half correlation falls to 0.486 or 0.571 (other omissions: 0.68–0.83; S3 Text). 
Results / 2. The DMT contrast,paragraph 3,1,0.68,data,notes/review_2026-09-24/checks/derived_r17.out,"line 20; the line holds 0.680; anchor: ts_gsr: other twelve omissions, mean cross-half r 0.680-0.830",0.680,ok,"s-half correlation falls to 0.486 or 0.571 (other omissions: 0.68–0.83; S3 Text). Per unit of r₁, group-"
Results / 2. The DMT contrast,paragraph 3,1,0.83,data,notes/review_2026-09-24/checks/derived_r17.out,"line 20; the line holds 0.830; anchor: ts_gsr: other twelve omissions, mean cross-half r 0.680-0.830",0.830,ok,"f correlation falls to 0.486 or 0.571 (other omissions: 0.68–0.83; S3 Text). Per unit of r₁, group-mean "
Results / 2. The DMT contrast,paragraph 3,1,5.5,data,notes/review_2026-09-24/checks/derived_r17.out,line 2; the line holds +5.522; anchor: sts DiD / regional r1 DiD (ratio of means): +5.522,+5.522 per unit of whole-brain r₁,ok," 0.68–0.83; S3 Text). Per unit of r₁, group-mean sts fell by 5.5 nats on whole-brain r₁ (Fieller interv"
Results / 2. The DMT contrast,paragraph 3,1,4.45,data,notes/review_2026-09-24/checks/derived_r17.out,line 2; the line holds +4.45; anchor: sts DiD / regional r1 DiD (ratio of means): +5.522,"Fieller 95 % [+4.45, +10.54]",ok,"n sts fell by 5.5 nats on whole-brain r₁ (Fieller interval [4.45, 10.54], asymmetric because the denomin"
Results / 2. The DMT contrast,paragraph 3,1,10.54,data,notes/review_2026-09-24/checks/derived_r17.out,line 2; the line holds +10.54; anchor: sts DiD / regional r1 DiD (ratio of means): +5.522,"Fieller 95 % [+4.45, +10.54]",ok,"fell by 5.5 nats on whole-brain r₁ (Fieller interval [4.45, 10.54], asymmetric because the denominator's "
Results / 2. The DMT contrast,paragraph 3,1,0.61,data,notes/review_results/partB/baseline_gap_tables.md,line 44; the line holds 0.611; anchor: Fieller's g,B27 (c): Fieller's g for the sts DiD per unit of r₁ DiD,ok,"al [4.45, 10.54], asymmetric because the denominator's g is 0.61; Methods) and 5.2 on pair r₁, between t"
Results / 2. The DMT contrast,paragraph 3,1,5.2,derived,,derived: 0.0809 / 0.0155 = 5.22 (IRC primary sts DiD; RS line 10: pair r₁ DiD −0.0155),,ok,"symmetric because the denominator's g is 0.61; Methods) and 5.2 on pair r₁, between the AR(1) pairs' 3."
Results / 2. The DMT contrast,paragraph 3,1,1,label,,,AR(1): a name,ok,"or's g is 0.61; Methods) and 5.2 on pair r₁, between the AR(1) pairs' 3.1 and the band-passed generat"
Results / 2. The DMT contrast,paragraph 3,1,3.1,derived,,derived: 0.04240 / 0.01377 = 3.08 (DA (b) (i): Δ observed sts and Δ r₁),,ok,"0.61; Methods) and 5.2 on pair r₁, between the AR(1) pairs' 3.1 and the band-passed generator's 6.1 (Re"
Results / 2. The DMT contrast,paragraph 3,1,6.1,derived,,derived: 0.09441 / 0.01540 = 6.13 (BE: sts DiD and window-level mean pair r₁ DiD),,ok,etween the AR(1) pairs' 3.1 and the band-passed generator's 6.1 (Results 4; S13 Table); across subjects
Results / 2. The DMT contrast,paragraph 3,1,4.26,data,notes/review_results/partB/inference_revision_tables.md,line 242; the line holds +4.2627; anchor: | ts_gsr | sts DiD | +4.2627,B21 (c),ok,"able); across subjects the sts DiD rises with the r₁ DiD at 4.26 per unit (ordinary least-squares, OLS, "
Results / 2. The DMT contrast,paragraph 3,1,3.41,data,notes/review_results/partB/inference_revision_tables.md,line 242; the line holds +3.4085; anchor: | ts_gsr | sts DiD | +4.2627,"t interval [+3.4085, +5.1169]",ok,".26 per unit (ordinary least-squares, OLS, slope; t interval [3.41, 5.12]; intercept −0.018 [−0.039, +0."
Results / 2. The DMT contrast,paragraph 3,1,5.12,data,notes/review_results/partB/inference_revision_tables.md,line 242; the line holds +5.1169; anchor: | ts_gsr | sts DiD | +4.2627,B21 (c),ok,"unit (ordinary least-squares, OLS, slope; t interval [3.41, 5.12]; intercept −0.018 [−0.039, +0.002]; 5."
Results / 2. The DMT contrast,paragraph 3,1,−0.018,data,notes/review_results/partB/inference_revision_tables.md,line 242; the line holds -0.01844; anchor: | ts_gsr | sts DiD | +4.2627,B21 (c),ok,"ast-squares, OLS, slope; t interval [3.41, 5.12]; intercept −0.018 [−0.039, +0.002]; 5.0 corrected for the"
Results / 2. The DMT contrast,paragraph 3,1,−0.039,data,notes/review_results/partB/inference_revision_tables.md,line 242; the line holds -0.03900; anchor: | ts_gsr | sts DiD | +4.2627,B21 (c),ok,"res, OLS, slope; t interval [3.41, 5.12]; intercept −0.018 [−0.039, +0.002]; 5.0 corrected for the r₁ DiD'"
Results / 2. The DMT contrast,paragraph 3,1,+0.002,data,notes/review_results/partB/inference_revision_tables.md,line 242; the line holds +0.00212; anchor: | ts_gsr | sts DiD | +4.2627,B21 (c),ok,", slope; t interval [3.41, 5.12]; intercept −0.018 [−0.039, +0.002]; 5.0 corrected for the r₁ DiD's reliab"
Results / 2. The DMT contrast,paragraph 3,1,5.0,data,notes/review_results/partB/inference_revision_tables.md,line 242; the line holds +5.008; anchor: | ts_gsr | sts DiD | +4.2627,corrected slope +5.008 (model-based),ok,"t interval [3.41, 5.12]; intercept −0.018 [−0.039, +0.002]; 5.0 corrected for the r₁ DiD's reliability,"
Results / 2. The DMT contrast,paragraph 3,1,0.80,design,manuscript/supplementary.md,line 21; anchor: thresholded at |ρ| ≥ 0.80,"S2 Table: the pre-specified threshold of the intensity-tracking criterion, |ρ| ≥ 0.80",ok,tings over the decay windows) passed its threshold of |ρ| ≥ 0.80 (Spearman ρ = −0.98) with the sign oppo
Results / 2. The DMT contrast,paragraph 3,1,−0.98,data,manuscript/supplementary.md,line 25; the line holds −0.9833; anchor: | Raw group-mean series ρ_S (p) |,"S2 Table: Spearman ρ of the group-mean sts series against the ratings, ts_gsr, −0.9833",ok,y windows) passed its threshold of |ρ| ≥ 0.80 (Spearman ρ = −0.98) with the sign opposite to that pre-spe
Results / 2. The DMT contrast,"Fig 3, caption",1,6,design,notes/review_results/partB/family_atoms_tables.md,"line 4; anchor: level = DMT windows 1–4, DiD = windows 6–14 minus 1–4","design: the window sets (level, windows 1–4; DiD, windows 6–14 minus 1–4) and the 14 subjects, as the file's head states them",ok,"idual.** Per-subject difference-in-differences (post windows 6–14 minus pre windows 1–4, DMT minus pl"
Results / 2. The DMT contrast,"Fig 3, caption",1,14,design,notes/review_results/partB/family_atoms_tables.md,"line 4; anchor: level = DMT windows 1–4, DiD = windows 6–14 minus 1–4","design: the window sets (level, windows 1–4; DiD, windows 6–14 minus 1–4) and the 14 subjects, as the file's head states them",ok,"ual.** Per-subject difference-in-differences (post windows 6–14 minus pre windows 1–4, DMT minus place"
Results / 2. The DMT contrast,"Fig 3, caption",1,1,design,manuscript/analysis_record.md,line 1747; anchor: Primary (pre windows 1–4 / bins 1–8; post windows 6–14 / bins 11–28),the primary window sets,ok,"fference-in-differences (post windows 6–14 minus pre windows 1–4, DMT minus placebo; ts_gsr, W = 60; "
Results / 2. The DMT contrast,"Fig 3, caption",1,4,design,manuscript/analysis_record.md,line 1747; anchor: Primary (pre windows 1–4 / bins 1–8; post windows 6–14 / bins 11–28),the primary window sets,ok,"erence-in-differences (post windows 6–14 minus pre windows 1–4, DMT minus placebo; ts_gsr, W = 60; on"
Results / 2. The DMT contrast,"Fig 3, caption",1,60,design,manuscript/analysis_record.md,line 189; anchor: W = 60,W = 60,ok,"s 6–14 minus pre windows 1–4, DMT minus placebo; ts_gsr, W = 60; one marker per subject, labelled by i"
Results / 2. The DMT contrast,"Fig 3, caption",2,6,derived,,derived: 0.0155 / 0.0146 = 1.062: the pair-r₁ DiD exceeds the whole-brain r₁ DiD by 6 % (RS line 10; IRC autocorr row),,ok,are drawn on the whole-brain-r₁ axis; the two DiDs differ by 6 % in the data (−0.0155 against −0.0146
Results / 2. The DMT contrast,"Fig 3, caption",1,−0.0155,data,notes/review_results/partB/residual_source.log,line 10; the line holds -0.0155; anchor: pair a: DMT pre,pair r₁ DiD −0.0155,ok,"whole-brain-r₁ axis; the two DiDs differ by 6 % in the data (−0.0155 against −0.0146), so the lines are pla"
Results / 2. The DMT contrast,"Fig 3, caption",1,−0.0146,data,notes/review_results/partB/inference_revision.csv,"line 639; the line holds -0.014645416464981385; anchor: pickle,autocorr ts_gsr W60,primary,did",mean −0.01465,ok,"xis; the two DiDs differ by 6 % in the data (−0.0155 against −0.0146), so the lines are placed to that accu"
Results / 2. The DMT contrast,"Fig 3, caption",1,+4.26,data,notes/review_results/partB/inference_revision_tables.md,line 242; the line holds +4.2627; anchor: | ts_gsr | sts DiD | +4.2627,OLS slope +4.2627,ok,"(a) Whole-brain MMI-sts DiD against the r₁ DiD: the OLS fit, +4.26 per unit (t interval, 12 df, [+3.41, +"
Results / 2. The DMT contrast,"Fig 3, caption",1,12,design,notes/review_results/partB/inference_revision_tables.md,line 240; anchor: t CI (12 df),12 df,ok,"against the r₁ DiD: the OLS fit, +4.26 per unit (t interval, 12 df, [+3.41, +5.12]; intercept −0.018),"
Results / 2. The DMT contrast,"Fig 3, caption",1,+3.41,data,notes/review_results/partB/inference_revision_tables.md,line 242; the line holds +3.4085; anchor: | ts_gsr | sts DiD | +4.2627,"t interval [+3.4085, +5.1169]",ok,"the r₁ DiD: the OLS fit, +4.26 per unit (t interval, 12 df, [+3.41, +5.12]; intercept −0.018), and the ba"
Results / 2. The DMT contrast,"Fig 3, caption",1,+5.12,data,notes/review_results/partB/inference_revision_tables.md,line 242; the line holds +5.1169; anchor: | ts_gsr | sts DiD | +4.2627,"t interval [+3.4085, +5.1169]",ok,"DiD: the OLS fit, +4.26 per unit (t interval, 12 df, [+3.41, +5.12]; intercept −0.018), and the band-pass"
Results / 2. The DMT contrast,"Fig 3, caption",1,−0.018,data,notes/review_results/partB/inference_revision_tables.md,line 242; the line holds -0.01844; anchor: | ts_gsr | sts DiD | +4.2627,intercept −0.01844,ok,"+4.26 per unit (t interval, 12 df, [+3.41, +5.12]; intercept −0.018), and the band-passed generator's rate"
Results / 2. The DMT contrast,"Fig 3, caption",1,6.13,derived,,derived: 0.09441 / 0.01540 = 6.13 (BE: sts DiD and window-level mean pair r₁ DiD),,ok,"2]; intercept −0.018), and the band-passed generator's rate, 6.13 per unit of pair r₁ (−0.09441 / −0.015"
Results / 2. The DMT contrast,"Fig 3, caption",1,−0.09441,data,notes/review_results/partB/bandpassed_expectations_tables.md,line 12; the line holds -0.09441; anchor: | observed sts | -0.09441,"B24, condition (i)",ok," the band-passed generator's rate, 6.13 per unit of pair r₁ (−0.09441 / −0.01540; the second computation of "
Results / 2. The DMT contrast,"Fig 3, caption",1,−0.01540,data,notes/review_results/partB/bandpassed_expectations_tables.md,line 36; the line holds -0.01540; anchor: | window-level mean pair r₁ |,"B24, condition (i)",ok,"assed generator's rate, 6.13 per unit of pair r₁ (−0.09441 / −0.01540; the second computation of the pure-au"
Results / 2. The DMT contrast,"Fig 3, caption",1,+0.953,data,notes/review_results/partB/inference_revision_tables.md,"line 253; the line holds +0.953; anchor: | full-set r(sts DiD, r₁ DiD), ts_gsr, W = 60 |",r = +0.953,ok,"on of the pure-autocorrelation expectations, S18 Table); r = +0.953, Fisher-z 95 % interval [+0.854, +0.98"
Results / 2. The DMT contrast,"Fig 3, caption",1,95,label,,,95 % interval,ok,"tocorrelation expectations, S18 Table); r = +0.953, Fisher-z 95 % interval [+0.854, +0.985]. Both DiDs"
Results / 2. The DMT contrast,"Fig 3, caption",1,+0.854,data,notes/review_results/partB/inference_revision_tables.md,"line 253; the line holds +0.854; anchor: | full-set r(sts DiD, r₁ DiD), ts_gsr, W = 60 |","Fisher-z interval [+0.854, +0.985]",ok,"xpectations, S18 Table); r = +0.953, Fisher-z 95 % interval [+0.854, +0.985]. Both DiDs are read off the s"
Results / 2. The DMT contrast,"Fig 3, caption",1,+0.985,data,notes/review_results/partB/inference_revision_tables.md,"line 253; the line holds +0.985; anchor: | full-set r(sts DiD, r₁ DiD), ts_gsr, W = 60 |","Fisher-z interval [+0.854, +0.985]",ok,"ons, S18 Table); r = +0.953, Fisher-z 95 % interval [+0.854, +0.985]. Both DiDs are read off the same wind"
Results / 2. The DMT contrast,"Fig 3, caption",1,+0.742,data,notes/review_results/partB/inference_revision_tables.md,"line 271; the line holds +0.742; anchor: | cross-half r(sts_odd, r₁_even), ts_gsr |",+0.742,ok," against its r₁ DiD on the even windows (filled circles, r = +0.742) and the sts DiD on the even windows a"
Results / 2. The DMT contrast,"Fig 3, caption",1,+0.645,data,notes/review_results/partB/inference_revision_tables.md,"line 272; the line holds +0.645; anchor: | cross-half r(sts_even, r₁_odd), ts_gsr |",+0.645,ok,"s against the r₁ DiD on the odd windows (open triangles, r = +0.645); mean r = +0.694, Fisher-z interval o"
Results / 2. The DMT contrast,"Fig 3, caption",1,+0.694,data,notes/review_results/partB/inference_revision_tables.md,"line 273; the line holds +0.694; anchor: | mean cross-half r, ts_gsr (Fisher-z of the mean: an approximation) |",+0.694,ok,"iD on the odd windows (open triangles, r = +0.645); mean r = +0.694, Fisher-z interval of the mean [+0.258"
Results / 2. The DMT contrast,"Fig 3, caption",1,+0.258,data,notes/review_results/partB/inference_revision_tables.md,"line 273; the line holds +0.258; anchor: | mean cross-half r, ts_gsr (Fisher-z of the mean: an approximation) |","[+0.258, +0.895]",ok,"r = +0.645); mean r = +0.694, Fisher-z interval of the mean [+0.258, +0.895] (an approximation), against a"
Results / 2. The DMT contrast,"Fig 3, caption",1,+0.895,data,notes/review_results/partB/inference_revision_tables.md,"line 273; the line holds +0.895; anchor: | mean cross-half r, ts_gsr (Fisher-z of the mean: an approximation) |","[+0.258, +0.895]",ok,"45); mean r = +0.694, Fisher-z interval of the mean [+0.258, +0.895] (an approximation), against a ceiling"
Results / 2. The DMT contrast,"Fig 3, caption",1,0.729,data,notes/review_results/partB/inference_revision_tables.md,line 284; the line holds 0.729; anchor: | ts_gsr | +0.742 | +0.645 | +0.694 |,ceiling,ok,"n [+0.258, +0.895] (an approximation), against a ceiling of 0.729 set by the split-half reliabilities of "
Results / 2. The DMT contrast,"Fig 3, caption",1,+0.951,data,notes/review_results/partB/inference_revision_tables.md,line 284; the line holds +0.951; anchor: | ts_gsr | +0.742 | +0.645 | +0.694 |,disattenuated +0.951,ok,"he split-half reliabilities of the two DiDs; disattenuated, +0.951 [+0.617, +0.991] (subject bootstrap; S3"
Results / 2. The DMT contrast,"Fig 3, caption",1,+0.617,data,notes/review_results/partB/inference_revision_tables.md,line 284; the line holds +0.617; anchor: | ts_gsr | +0.742 | +0.645 | +0.694 |,"[+0.617, +0.991]",ok,"-half reliabilities of the two DiDs; disattenuated, +0.951 [+0.617, +0.991] (subject bootstrap; S3 Text §5"
Results / 2. The DMT contrast,"Fig 3, caption",1,+0.991,data,notes/review_results/partB/inference_revision_tables.md,line 284; the line holds +0.991; anchor: | ts_gsr | +0.742 | +0.645 | +0.694 |,"[+0.617, +0.991]",ok,"liabilities of the two DiDs; disattenuated, +0.951 [+0.617, +0.991] (subject bootstrap; S3 Text §5). (c) T"
Results / 2. The DMT contrast,"Fig 3, caption",1,5,label,,,section number of S3 Text,ok,"nuated, +0.951 [+0.617, +0.991] (subject bootstrap; S3 Text §5). (c) The residual DiD (observed minus"
Results / 2. The DMT contrast,"Fig 3, caption",2,1,label,,,AR(1): a name,ok,tstrap; S3 Text §5). (c) The residual DiD (observed minus AR(1)-substituted sts) against the r₁ DiD: 
Results / 2. The DMT contrast,"Fig 3, caption",1,−0.75,data,notes/review_results/partB/inference_revision_tables.md,line 243; the line holds -0.7533; anchor: | ts_gsr | residual DiD | -0.7533,OLS slope −0.7533,ok,"inus AR(1)-substituted sts) against the r₁ DiD: the OLS fit, −0.75 per unit (t interval [−1.13, −0.37]; i"
Results / 2. The DMT contrast,"Fig 3, caption",1,−1.13,data,notes/review_results/partB/inference_revision_tables.md,line 243; the line holds -1.1331; anchor: | ts_gsr | residual DiD | -0.7533,B21 (c),ok,"against the r₁ DiD: the OLS fit, −0.75 per unit (t interval [−1.13, −0.37]; intercept +0.0005), and the r"
Results / 2. The DMT contrast,"Fig 3, caption",1,−0.37,data,notes/review_results/partB/inference_revision_tables.md,line 243; the line holds -0.3735; anchor: | ts_gsr | residual DiD | -0.7533,B21 (c),ok," the r₁ DiD: the OLS fit, −0.75 per unit (t interval [−1.13, −0.37]; intercept +0.0005), and the rates of"
Results / 2. The DMT contrast,"Fig 3, caption",1,+0.0005,data,notes/review_results/partB/inference_revision_tables.md,line 243; the line holds +0.00050; anchor: | ts_gsr | residual DiD | -0.7533,intercept +0.00050,ok,"LS fit, −0.75 per unit (t interval [−1.13, −0.37]; intercept +0.0005), and the rates of the band-passed gen"
Results / 2. The DMT contrast,"Fig 3, caption",1,−0.18,derived,,derived: +0.00279 / −0.01540 = −0.181 (BE: residual DiD and window-level mean pair r₁ DiD),,ok,"ercept +0.0005), and the rates of the band-passed generator (−0.18; S18 Table), of AR(1) pairs (−0.39; th"
Results / 2. The DMT contrast,"Fig 3, caption",3,1,label,,,AR(1): a name,ok,"rates of the band-passed generator (−0.18; S18 Table), of AR(1) pairs (−0.39; the AR(1) generator, S1"
Results / 2. The DMT contrast,"Fig 3, caption",1,−0.39,data,notes/review_results/partB/diagnostic_alternatives_tables.md,line 108; the line holds -0.387; anchor: | (i) Δa = −0.015 |,B23 (b) (i): residual change / Δr₁ −0.387,ok,"he band-passed generator (−0.18; S18 Table), of AR(1) pairs (−0.39; the AR(1) generator, S18 Table) and o"
Results / 2. The DMT contrast,"Fig 3, caption",4,1,label,,,AR(1): a name,ok," generator (−0.18; S18 Table), of AR(1) pairs (−0.39; the AR(1) generator, S18 Table) and of the fini"
Results / 2. The DMT contrast,"Fig 3, caption",2,−0.37,derived,,derived: +0.0054 / −0.0146 = −0.37 (NL: the null's residual DiD; derived_r17.out item 6: its own pair-r₁ DiD),,ok,"e AR(1) generator, S18 Table) and of the finite-sample null (−0.37: +0.0054 / −0.0146; Methods), per unit"
Results / 2. The DMT contrast,"Fig 3, caption",1,+0.0054,data,notes/review_results/logs/review_v2_residual_null.log,line 16; the line holds +0.0054; anchor: null residual change: DMT +0.0041,DiD +0.0054,ok," generator, S18 Table) and of the finite-sample null (−0.37: +0.0054 / −0.0146; Methods), per unit of pair "
Results / 2. The DMT contrast,"Fig 3, caption",2,−0.0146,data,notes/review_2026-09-24/checks/derived_r17.out,line 43; the line holds -0.0146; anchor: null pair r1 DiD: (0.8532 - 0.8625) - (0.8655 - 0.8602) = -0.0146,the null's own pair-r₁ DiD,ok," S18 Table) and of the finite-sample null (−0.37: +0.0054 / −0.0146; Methods), per unit of pair r₁, each a "
Results / 2. The DMT contrast,"Fig 3, caption",1,−0.74,derived,,derived: +0.0115 / −0.0155 = −0.74 (IRC residual DiD; RS line 10: pair r₁ DiD),,ok,one change of r₁; on that basis the data's group means give −0.74 (+0.0115 / −0.0155). The two thin lines
Results / 2. The DMT contrast,"Fig 3, caption",1,+0.0115,data,notes/review_results/partB/inference_revision.csv,"line 231; the line holds 0.011534229270659582; anchor: pickle,diag residual sts ts_gsr W60,primary,did",mean +0.01153,ok,nge of r₁; on that basis the data's group means give −0.74 (+0.0115 / −0.0155). The two thin lines through 
Results / 2. The DMT contrast,"Fig 3, caption",2,−0.0155,data,notes/review_results/partB/residual_source.log,line 10; the line holds -0.0155; anchor: pair a: DMT pre,pair r₁ DiD −0.0155,ok,; on that basis the data's group means give −0.74 (+0.0115 / −0.0155).
Results / 2. The DMT contrast,"Fig 3, caption",1,300,design,notes/review_results/partB/matched_slope_tables.md,line 4; anchor: the step at sample 300,B28: the change is applied as a step at sample 300,ok,"d as Table 3's caption says and applied as a step at sample 300, the start of window 6 (band-passed −0."
Results / 2. The DMT contrast,"Fig 3, caption",3,6,design,notes/review_results/partB/matched_slope_tables.md,line 4; anchor: the step at sample 300,B28: sample 300 is the first sample of window 6 at W = 60 (5 × 60),ok,"ys and applied as a step at sample 300, the start of window 6 (band-passed −0.200, AR(1) −0.355, mean"
Results / 2. The DMT contrast,"Fig 3, caption",1,−0.200,data,notes/review_results/partB/matched_slope_tables.md,"line 10; the line holds -0.200; anchor: | (i) band-passed, step |","B28, (i) band-passed, step: the generator's matched per-subject slope (the mean over replicates), drawn in Fig 3c",ok,"as a step at sample 300, the start of window 6 (band-passed −0.200, AR(1) −0.355, means over replicates pe"
Results / 2. The DMT contrast,"Fig 3, caption",5,1,label,,,AR(1): a name,ok,"t sample 300, the start of window 6 (band-passed −0.200, AR(1) −0.355, means over replicates per unit"
Results / 2. The DMT contrast,"Fig 3, caption",1,−0.355,data,notes/review_results/partB/matched_slope_tables.md,"line 12; the line holds -0.355; anchor: | (iii) AR(1), step |","B28, (iii) AR(1), step: the generator's matched per-subject slope (the mean over replicates), drawn in Fig 3c",ok,"ample 300, the start of window 6 (band-passed −0.200, AR(1) −0.355, means over replicates per unit of the "
Results / 2. The DMT contrast,"Fig 3, caption",4,6,label,,,section number of S3 Text,ok,unit of the simulated pairs' pair r₁ DiD; Table 3; S3 Text §6; S18 Table).
Results / 3. The regional map,paragraph 1,1,1,design,manuscript/analysis_record.md,line 1747; anchor: Primary (pre windows 1–4 / bins 1–8; post windows 6–14 / bins 11–28),pre-injection windows 1–4,ok,"it; S3 Text) correlates with regional r₁ (windowed, windows 1–4) at r = 0.863 over the 115 regions (r"
Results / 3. The regional map,paragraph 1,1,4,design,manuscript/analysis_record.md,line 1747; anchor: Primary (pre windows 1–4 / bins 1–8; post windows 6–14 / bins 11–28),pre-injection windows 1–4,ok,"; S3 Text) correlates with regional r₁ (windowed, windows 1–4) at r = 0.863 over the 115 regions (r² "
Results / 3. The regional map,paragraph 1,1,0.863,data,notes/review_results/partB/regional_sts_r1_tables.md,line 9; the line holds +0.863; anchor: | sts | r₁ windowed | +0.863,Pearson,ok," correlates with regional r₁ (windowed, windows 1–4) at r = 0.863 over the 115 regions (r² = 0.745, Spear"
Results / 3. The regional map,paragraph 1,1,115,design,notes/review_results/partB/regional_sts_r1_tables.md,line 3; anchor: 115 regions,115 regions,ok,"h regional r₁ (windowed, windows 1–4) at r = 0.863 over the 115 regions (r² = 0.745, Spearman 0.835; Fi"
Results / 3. The regional map,paragraph 1,1,0.745,data,notes/review_results/partB/regional_sts_r1_tables.md,line 18; the line holds 0.745; anchor: Share of the between-region variance,r² 0.745,ok,"dowed, windows 1–4) at r = 0.863 over the 115 regions (r² = 0.745, Spearman 0.835; Fig 4a) and at r = 0.8"
Results / 3. The regional map,paragraph 1,1,0.835,data,notes/review_results/partB/regional_sts_r1_tables.md,line 9; the line holds +0.835; anchor: | sts | r₁ windowed | +0.863,Spearman ρ (115) +0.835,ok,"–4) at r = 0.863 over the 115 regions (r² = 0.745, Spearman 0.835; Fig 4a) and at r = 0.807 over the 99 c"
Results / 3. The regional map,paragraph 1,1,0.807,data,notes/review_2026-09-24/checks/derived_r17.out,line 39; the line holds +0.807; anchor: cortex (99) Pearson +0.807,cortex-only Pearson +0.807,ok,"115 regions (r² = 0.745, Spearman 0.835; Fig 4a) and at r = 0.807 over the 99 cortical parcels (Spearman "
Results / 3. The regional map,paragraph 1,1,99,design,notes/review_results/partB/regional_sts_r1_tables.md,line 7; anchor: Spearman ρ (99 cortical),99 cortical parcels,ok," = 0.745, Spearman 0.835; Fig 4a) and at r = 0.807 over the 99 cortical parcels (Spearman 0.771, spin "
Results / 3. The regional map,paragraph 1,1,0.771,data,notes/review_results/partB/regional_sts_r1_tables.md,line 9; the line holds +0.771; anchor: | sts | r₁ windowed | +0.863,Spearman ρ (99 cortical) +0.771,ok,"4a) and at r = 0.807 over the 99 cortical parcels (Spearman 0.771, spin p < 1/10,000: no rotation reached"
Results / 3. The regional map,paragraph 1,2,1,derived,,"derived: 1/10,000: the smallest spin p that 10,000 rotations can give (no rotation reached the observed value)",,ok,".807 over the 99 cortical parcels (Spearman 0.771, spin p < 1/10,000: no rotation reached the observe"
Results / 3. The regional map,paragraph 1,1,"10,000",design,notes/review_results/partB/regional_sts_r1_tables.md,"line 3; anchor: (10,000, both directions)","10,000 rotations",ok,"07 over the 99 cortical parcels (Spearman 0.771, spin p < 1/10,000: no rotation reached the observed value"
Results / 3. The regional map,paragraph 1,1,+0.756,data,notes/review_results/partB/regional_sts_r1_tables.md,"line 16; the line holds +0.756; anchor: Per-subject Pearson r(regional sts, regional r₁)",subject-bootstrap percentile interval,ok,"0,000: no rotation reached the observed value); per subject +0.756 [+0.715, +0.790] (a subject-bootstrap p"
Results / 3. The regional map,paragraph 1,1,+0.715,data,notes/review_results/partB/regional_sts_r1_tables.md,"line 16; the line holds +0.715; anchor: Per-subject Pearson r(regional sts, regional r₁)",subject-bootstrap percentile interval,ok,"o rotation reached the observed value); per subject +0.756 [+0.715, +0.790] (a subject-bootstrap percentil"
Results / 3. The regional map,paragraph 1,1,+0.790,data,notes/review_results/partB/regional_sts_r1_tables.md,"line 16; the line holds +0.790; anchor: Per-subject Pearson r(regional sts, regional r₁)",subject-bootstrap percentile interval,ok,"on reached the observed value); per subject +0.756 [+0.715, +0.790] (a subject-bootstrap percentile interv"
Results / 3. The regional map,paragraph 1,1,14,data,notes/review_results/partB/regional_sts_r1_tables.md,line 16; the line holds 14; anchor: positive in 14/14,14 of 14,ok,"790] (a subject-bootstrap percentile interval), positive in 14 of 14; with the windowed estimator's ow"
Results / 3. The regional map,paragraph 1,2,14,data,notes/review_results/partB/regional_sts_r1_tables.md,line 16; the line holds 14; anchor: positive in 14/14,14 of 14,ok,"a subject-bootstrap percentile interval), positive in 14 of 14; with the windowed estimator's own regi"
Results / 3. The regional map,paragraph 1,1,0.898,data,notes/review_2026-10-01_cold_reads/checks/derived_r24.out,"line 80; the line holds +0.898; anchor: windowed sts on r₁, 115 regions","derived_r24.out item 7: regional sts of the windowed estimator against regional r₁, Pearson r over the 115 regions (post hoc)",ok,"ed estimator's own regional atoms, on the same windows, r = 0.898 (post hoc; S3 Text §4). The map's slope"
Results / 3. The regional map,paragraph 1,2,4,label,,,section number of S3 Text,ok,"l atoms, on the same windows, r = 0.898 (post hoc; S3 Text §4). The map's slope on regional r₁, 3.09 "
Results / 3. The regional map,paragraph 1,1,3.09,data,notes/review_results/partB/regional_partial_tables.md,line 8; the line holds +3.0887; anchor: Slope +3.0887 nats per unit r₁ (r² = 0.745),slope +3.0887,ok,"898 (post hoc; S3 Text §4). The map's slope on regional r₁, 3.09 nats per unit (2.645 per subject; 2.30 "
Results / 3. The regional map,paragraph 1,1,2.645,data,manuscript/si/S3_Text.md,line 156; the line holds +2.6450; anchor: | sts | −0.0202 ± 0.0243,"S3 Text §4, the per-subject version: mean slope of regional sts on regional r₁, +2.6450",ok,"xt §4). The map's slope on regional r₁, 3.09 nats per unit (2.645 per subject; 2.30 for the windowed atom"
Results / 3. The regional map,paragraph 1,1,2.30,data,notes/review_2026-10-01_cold_reads/checks/derived_r24.out,"line 80; the line holds +2.3038; anchor: windowed sts on r₁, 115 regions","derived_r24.out item 7: the slope of the windowed regional sts on regional r₁, +2.3038 nats per unit (post hoc)",ok,"lope on regional r₁, 3.09 nats per unit (2.645 per subject; 2.30 for the windowed atoms), is about half "
Results / 3. The regional map,paragraph 1,1,6.07,data,notes/review_results/partB/exchange_rates_tables.md,line 8; the line holds +6.0705; anchor: r₁ (both members) | +6.0705,∂sts/∂r₁ = +6.0705,ok,"t; 2.30 for the windowed atoms), is about half the family's 6.07 for a change of both members' r₁: with "
Results / 3. The regional map,paragraph 1,1,−0.0202,data,notes/review_results/partB/regional_partial_tables.md,line 9; the line holds -0.0202; anchor: Sensory − association contrast: before partialling -0.0202,group and per-subject,ok,"fore the partialled map was computed (S19 Table), goes from −0.0202 nats to +0.0037, and per subject from −"
Results / 3. The regional map,paragraph 1,1,+0.0037,data,notes/review_results/partB/regional_partial_tables.md,line 9; the line holds +0.0037; anchor: after partialling +0.0037,group after,ok,"led map was computed (S19 Table), goes from −0.0202 nats to +0.0037, and per subject from −0.0202 [−0.0342,"
Results / 3. The regional map,paragraph 1,2,−0.0202,data,notes/review_results/partB/regional_partial_tables.md,line 9; the line holds -0.0202; anchor: Sensory − association contrast: before partialling -0.0202,group and per-subject,ok,"e), goes from −0.0202 nats to +0.0037, and per subject from −0.0202 [−0.0342, −0.0062] to +0.0007 [−0.0110,"
Results / 3. The regional map,paragraph 1,1,−0.0342,data,notes/review_2026-09-24/checks/derived_r17.out,"line 37; the line holds -0.0342; anchor: sensory - association contrast before partialling: -0.0202 [-0.0342, -0.0062]","t interval, 13 df",ok,"s from −0.0202 nats to +0.0037, and per subject from −0.0202 [−0.0342, −0.0062] to +0.0007 [−0.0110, +0.012"
Results / 3. The regional map,paragraph 1,1,−0.0062,data,notes/review_2026-09-24/checks/derived_r17.out,"line 37; the line holds -0.0062; anchor: sensory - association contrast before partialling: -0.0202 [-0.0342, -0.0062]","t interval, 13 df",ok,".0202 nats to +0.0037, and per subject from −0.0202 [−0.0342, −0.0062] to +0.0007 [−0.0110, +0.0124] (t int"
Results / 3. The regional map,paragraph 1,1,+0.0007,data,notes/review_2026-09-24/checks/derived_r17.out,"line 38; the line holds +0.0007; anchor: sensory - association contrast after partialling: +0.0007 [-0.0110, +0.0124]","t interval, 13 df",ok,"o +0.0037, and per subject from −0.0202 [−0.0342, −0.0062] to +0.0007 [−0.0110, +0.0124] (t intervals from "
Results / 3. The regional map,paragraph 1,1,−0.0110,data,notes/review_2026-09-24/checks/derived_r17.out,"line 38; the line holds -0.0110; anchor: sensory - association contrast after partialling: +0.0007 [-0.0110, +0.0124]","t interval, 13 df",ok,", and per subject from −0.0202 [−0.0342, −0.0062] to +0.0007 [−0.0110, +0.0124] (t intervals from the saved"
Results / 3. The regional map,paragraph 1,1,+0.0124,data,notes/review_2026-09-24/checks/derived_r17.out,"line 38; the line holds +0.0124; anchor: sensory - association contrast after partialling: +0.0007 [-0.0110, +0.0124]","t interval, 13 df",ok," subject from −0.0202 [−0.0342, −0.0062] to +0.0007 [−0.0110, +0.0124] (t intervals from the saved mean and"
Results / 3. The regional map,paragraph 1,1,0.1,derived,,derived: spin p 0.0009 < 0.001: the upper 0.1 % (AD (e)),,ok,ns in the residual map: its eight-class F lies in the upper 0.1 % of its own spin distribution (p = 0.0
Results / 3. The regional map,paragraph 1,1,0.0009,data,notes/review_results/partB/aligned_directed_tables.md,line 61; the line holds 0.0009; anchor: | sts with regional r₁ partialled out,spin p,ok,"F lies in the upper 0.1 % of its own spin distribution (p = 0.0009, below the range predicted for it, S19 "
Results / 3. The regional map,paragraph 1,1,0.0564,data,notes/review_results/partB/aligned_directed_tables.md,line 60; the line holds 0.0564; anchor: | sts (unpartialled) | 16.933 |,"B22 (e): the unpartialled map's eight-class F, spin p 0.0564 (aligned_directed_tables.md)",ok,"r it, S19 Table; not comparable with the unpartialled map's 0.0564, since partialling a smooth covariate c"
Results / 3. The regional map,paragraph 1,1,16,design,notes/review_results/partB/regional_partial_tables.md,line 20; anchor: | Subcortex | 16 |,16 subcortical parcels,ok,th covariate changes the map's spatial autocorrelation; the 16 subcortical values are fixed in every r
Results / 3. The regional map,paragraph 1,1,0.638,data,notes/review_results/partB/regional_sts_r1_tables.md,line 11; the line holds +0.638; anchor: | rtr | r₁ windowed | +0.638,Pearson,ok,"s do not stand out (Fig 4c). rtr follows regional r₁ at r = 0.638 with a slope of 0.50 nats per unit, abo"
Results / 3. The regional map,paragraph 1,1,0.50,derived,,derived: 3.0887 − 2.5906 = 0.498 (RP lines 8 and 40: the sts and sts − rtr slopes); a sixth of 3.0887,,ok,"g 4c). rtr follows regional r₁ at r = 0.638 with a slope of 0.50 nats per unit, about nine times the fam"
Results / 3. The regional map,paragraph 1,1,0.056,data,notes/review_2026-09-24/checks/derived_r17.out,line 41; the line holds 0.0556; anchor: drtr/dr1 = 0.0556,"the family's ∂rtr/∂r₁ at (0.85, 0.25), 0.0556",ok," slope of 0.50 nats per unit, about nine times the family's 0.056, which these data do not explain. The i"
Results / 3. The regional map,paragraph 1,1,0.849,data,notes/review_results/partB/regional_partial_tables.md,line 14; the line holds 0.8493; anchor: @L11-20|| SomMot |,r₁ mean 0.8493,ok,"ere the network means of regional r₁ differ little (somatomotor 0.849, default 0.848, visual 0.840, the l"
Results / 3. The regional map,paragraph 1,1,0.848,data,notes/review_results/partB/regional_partial_tables.md,line 19; the line holds 0.8484; anchor: @L11-20|| Default |,r₁ mean 0.8484,ok," means of regional r₁ differ little (somatomotor 0.849, default 0.848, visual 0.840, the lowest cortical "
Results / 3. The regional map,paragraph 1,1,0.840,data,notes/review_results/partB/regional_partial_tables.md,line 13; the line holds 0.8403; anchor: @L11-20|| Vis |,r₁ mean 0.8403,ok," r₁ differ little (somatomotor 0.849, default 0.848, visual 0.840, the lowest cortical network); which gr"
Results / 3. The regional map,"Fig 4, caption",1,115,design,notes/review_results/partB/regional_sts_r1_tables.md,line 3; anchor: 115 regions,115 regions,ok,"ional autocorrelation.** Placebo run, pre-injection, ts_gsr, 115 regions, group means over 14 subjects."
Results / 3. The regional map,"Fig 4, caption",1,14,design,manuscript/analysis_record.md,line 48; anchor: 14 subjects × 2 conditions,N = 14 subjects,ok,"bo run, pre-injection, ts_gsr, 115 regions, group means over 14 subjects. (a) Regional MMI-sts — the m"
Results / 3. The regional map,"Fig 4, caption",1,114,design,notes/review_results/partB/regional_sts_r1_tables.md,line 3; anchor: mean over the region's 114 pairs,114 = 115 − 1 pairs per region,ok,"14 subjects. (a) Regional MMI-sts — the mean over a region's 114 pairs of the global-fit local sts, bin"
Results / 3. The regional map,"Fig 4, caption",1,1,design,notes/review_results/partB/regional_sts_r1_tables.md,"line 3; anchor: placebo run, bins 1–8",bins 1–8,ok," over a region's 114 pairs of the global-fit local sts, bins 1–8 — against the region's lag-1 autocor"
Results / 3. The regional map,"Fig 4, caption",1,8,design,notes/review_results/partB/regional_sts_r1_tables.md,"line 3; anchor: placebo run, bins 1–8",bins 1–8,ok,"ver a region's 114 pairs of the global-fit local sts, bins 1–8 — against the region's lag-1 autocorre"
Results / 3. The regional map,"Fig 4, caption",2,1,label,,,lag-1: a name,ok,"he global-fit local sts, bins 1–8 — against the region's lag-1 autocorrelation r₁ (W = 60, windows 1–"
Results / 3. The regional map,"Fig 4, caption",1,60,design,manuscript/analysis_record.md,line 189; anchor: W = 60,W = 60,ok,"ins 1–8 — against the region's lag-1 autocorrelation r₁ (W = 60, windows 1–4), coloured by Yeo-7 netwo"
Results / 3. The regional map,"Fig 4, caption",3,1,design,manuscript/analysis_record.md,line 1747; anchor: Primary (pre windows 1–4 / bins 1–8; post windows 6–14 / bins 11–28),pre-injection windows 1–4,ok,"ainst the region's lag-1 autocorrelation r₁ (W = 60, windows 1–4), coloured by Yeo-7 network with the"
Results / 3. The regional map,"Fig 4, caption",1,4,design,manuscript/analysis_record.md,line 1747; anchor: Primary (pre windows 1–4 / bins 1–8; post windows 6–14 / bins 11–28),pre-injection windows 1–4,ok,"nst the region's lag-1 autocorrelation r₁ (W = 60, windows 1–4), coloured by Yeo-7 network with the 1"
Results / 3. The regional map,"Fig 4, caption",1,7,label,,,Yeo-7: a name,ok,"-1 autocorrelation r₁ (W = 60, windows 1–4), coloured by Yeo-7 network with the 16 subcortical parcel"
Results / 3. The regional map,"Fig 4, caption",1,16,design,notes/review_results/partB/regional_partial_tables.md,line 20; anchor: | Subcortex | 16 |,16 subcortical parcels,ok,"r₁ (W = 60, windows 1–4), coloured by Yeo-7 network with the 16 subcortical parcels as one class (parc"
Results / 3. The regional map,"Fig 4, caption",1,+0.863,data,notes/review_results/partB/regional_sts_r1_tables.md,line 9; the line holds +0.863; anchor: | sts | r₁ windowed | +0.863,Pearson r +0.863,ok,"cels as one class (parcel counts in the legend); Pearson r = +0.863, least-squares slope +3.09 nats per un"
Results / 3. The regional map,"Fig 4, caption",1,+3.09,data,notes/review_results/partB/regional_partial_tables.md,line 8; the line holds +3.0887; anchor: Slope +3.0887,slope,ok,"nts in the legend); Pearson r = +0.863, least-squares slope +3.09 nats per unit r₁. (b) The contrast betw"
Results / 3. The regional map,"Fig 4, caption",1,31,derived,,derived: Vis 17 + SomMot 14 = 31 (RP: the network table),,ok,"ast between sensory cortex (visual and somatomotor networks, 31 parcels) and association cortex (defau"
Results / 3. The regional map,"Fig 4, caption",1,37,derived,,derived: Cont 13 + Default 24 = 37 (RP: the network table),,ok,"n cortex (default-mode and frontoparietal control networks, 37 parcels), fixed before the partialled m"
Results / 3. The regional map,"Fig 4, caption",1,−0.0202,data,notes/review_results/partB/regional_partial_tables.md,line 9; the line holds -0.0202; anchor: Sensory − association contrast: before partialling -0.0202 nats,"sts map, before",ok,"ter regressing regional r₁ out of the group map (green): sts −0.0202 → +0.0037 nats, sts − rtr −0.0215 → −0"
Results / 3. The regional map,"Fig 4, caption",1,+0.0037,data,notes/review_results/partB/regional_partial_tables.md,line 9; the line holds +0.0037; anchor: Sensory − association contrast: before partialling -0.0202 nats,"sts map, after +0.0037",ok,"sing regional r₁ out of the group map (green): sts −0.0202 → +0.0037 nats, sts − rtr −0.0215 → −0.0014; the"
Results / 3. The regional map,"Fig 4, caption",1,−0.0215,data,notes/review_results/partB/regional_partial_tables.md,line 41; the line holds -0.0215; anchor: Sensory − association contrast: before partialling -0.0215 nats,"sts − rtr map, before",ok,"the group map (green): sts −0.0202 → +0.0037 nats, sts − rtr −0.0215 → −0.0014; the per-subject version wit"
Results / 3. The regional map,"Fig 4, caption",1,−0.0014,data,notes/review_results/partB/regional_partial_tables.md,line 41; the line holds -0.0014; anchor: Sensory − association contrast: before partialling -0.0215 nats,"sts − rtr map, after −0.0014",ok,"map (green): sts −0.0202 → +0.0037 nats, sts − rtr −0.0215 → −0.0014; the per-subject version with its t in"
Results / 3. The regional map,"Fig 4, caption",1,−0.0235,data,notes/review_results/partB/regional_partial_tables.md,line 20; the line holds -0.0235; anchor: | Subcortex | 16 | +1.2143 | -0.0235,"residual mean, subcortex",ok," the network's parcels; parcel counts under the labels), from −0.0235 (Subcortex) to +0.0207 (DorsAttn), an"
Results / 3. The regional map,"Fig 4, caption",1,+0.0207,data,notes/review_results/partB/regional_partial_tables.md,line 15; the line holds +0.0207; anchor: | DorsAttn | 14 | +1.3082 | +0.0207,"residual mean, dorsal attention",ok," parcel counts under the labels), from −0.0235 (Subcortex) to +0.0207 (DorsAttn), and the spin test of thei"
Results / 3. The regional map,"Fig 4, caption",2,4,label,,,section number of S3 Text,ok,"d the spin test of their structure (the spin test of S3 Text §4; 10,000 rotations of the cortical par"
Results / 3. The regional map,"Fig 4, caption",1,"10,000",design,notes/review_results/partB/regional_sts_r1_tables.md,"line 3; anchor: (10,000, both directions)","10,000 rotations",ok,"he spin test of their structure (the spin test of S3 Text §4; 10,000 rotations of the cortical parcels, ea"
Results / 3. The regional map,"Fig 4, caption",2,16,design,notes/review_results/partB/regional_sts_r1_tables.md,line 19; anchor: Cortical (99) vs subcortical (16) means,16 subcortical parcels,ok,"ions of the cortical parcels, each keeping its own class, the 16 subcortical values fixed): the eight-"
Results / 3. The regional map,"Fig 4, caption",1,8.146,data,notes/review_results/partB/aligned_directed_tables.md,line 61; the line holds 8.146; anchor: | sts with regional r₁ partialled out (sts_resid_win) |,one-way F 8.146,ok," 16 subcortical values fixed): the eight-class one-way F is 8.146, spin p 0.0009 (below the range predict"
Results / 3. The regional map,"Fig 4, caption",1,0.0009,data,notes/review_results/partB/aligned_directed_tables.md,line 61; the line holds 0.0009; anchor: | sts with regional r₁ partialled out (sts_resid_win) |,spin p 0.0009,ok,"l values fixed): the eight-class one-way F is 8.146, spin p 0.0009 (below the range predicted for it; S19 "
Results / 3. The regional map,"Fig 4, caption",1,16.933,data,notes/review_results/partB/aligned_directed_tables.md,line 60; the line holds 16.933; anchor: | sts (unpartialled) | 16.933 | 0.0564,one-way F 16.933,ok," predicted for it; S19 Table), and for the unpartialled map 16.933, spin p 0.0564, two p values that are n"
Results / 3. The regional map,"Fig 4, caption",1,0.0564,data,notes/review_results/partB/aligned_directed_tables.md,line 60; the line holds 0.0564; anchor: | sts (unpartialled) | 16.933 | 0.0564,spin p 0.0564,ok,"it; S19 Table), and for the unpartialled map 16.933, spin p 0.0564, two p values that are not comparable ("
Results / 3. The regional map,"Fig 4, caption",1,−0.00965,data,notes/review_results/partB/aligned_directed_tables.md,line 61; the line holds -0.00965; anchor: | sts with regional r₁ partialled out (sts_resid_win) |,SomMot − Default −0.00965,ok,ap's somatomotor − default and visual − default contrasts are −0.00965 (spin p 0.2240) and +0.00875 (0.3089)
Results / 3. The regional map,"Fig 4, caption",1,0.2240,data,notes/review_results/partB/aligned_directed_tables.md,line 61; the line holds 0.2240; anchor: | sts with regional r₁ partialled out (sts_resid_win) |,spin p 0.2240,ok,− default and visual − default contrasts are −0.00965 (spin p 0.2240) and +0.00875 (0.3089). Partialling r
Results / 3. The regional map,"Fig 4, caption",1,+0.00875,data,notes/review_results/partB/aligned_directed_tables.md,line 61; the line holds +0.00875; anchor: | sts with regional r₁ partialled out (sts_resid_win) |,Vis − Default +0.00875,ok,visual − default contrasts are −0.00965 (spin p 0.2240) and +0.00875 (0.3089). Partialling removes the senso
Results / 3. The regional map,"Fig 4, caption",1,0.3089,data,notes/review_results/partB/aligned_directed_tables.md,line 61; the line holds 0.3089; anchor: | sts with regional r₁ partialled out (sts_resid_win) |,spin p 0.3089,ok,efault contrasts are −0.00965 (spin p 0.2240) and +0.00875 (0.3089). Partialling removes the sensory–assoc
Results / 4. What the pairs' own autocorrelations and lag-0 correlations carry,paragraph 1,1,1,label,,,AR(1): a name,ok,The AR(1)-substituted estimate (the Results' ope
Results / 4. What the pairs' own autocorrelations and lag-0 correlations carry,paragraph 1,1,0.99,data,notes/review_results/partB/diag_tables.md,"line 12; the line holds +0.989; anchor: r(predicted DiD, observed DiD) = +0.989",+0.989,ok,so its agreement with the observed sts across subjects (r = 0.99) is largely built in and not evidence f
Results / 4. What the pairs' own autocorrelations and lag-0 correlations carry,paragraph 1,1,4.3,data,notes/review_results/partB/diag_tables.md,line 6; the line holds -4.3; anchor: residual -0.0489 (-4.3 % of observed),W = 60 level residual,ok,"' own (a_x, a_y, q) carry. It exceeds the observed level by 4.3 % at W = 60 and by 1.1 % at the run lev"
Results / 4. What the pairs' own autocorrelations and lag-0 correlations carry,paragraph 1,1,60,design,notes/review_results/partB/diag_tables.md,line 4; anchor: W = 60,design,ok,"_y, q) carry. It exceeds the observed level by 4.3 % at W = 60 and by 1.1 % at the run level (S12 Tabl"
Results / 4. What the pairs' own autocorrelations and lag-0 correlations carry,paragraph 1,1,1.1,data,notes/review_results/partB/diag_tables.md,"line 54; the line holds -1.1; anchor: (residual -0.0137, -1.1 %)",run level,ok,ry. It exceeds the observed level by 4.3 % at W = 60 and by 1.1 % at the run level (S12 Table). Its DiD
Results / 4. What the pairs' own autocorrelations and lag-0 correlations carry,paragraph 1,1,−0.0924,data,notes/review_results/partB/inference_revision.csv,"line 225; the line holds -0.09240043859248327; anchor: pickle,diag predicted sts ts_gsr W60,primary,did,",B21,ok," = 60 and by 1.1 % at the run level (S12 Table). Its DiD is −0.0924 [−0.1503, −0.0348] against the observed"
Results / 4. What the pairs' own autocorrelations and lag-0 correlations carry,paragraph 1,1,−0.1503,data,notes/review_results/partB/inference_revision.csv,"line 225; the line holds -0.15031663941746937; anchor: pickle,diag predicted sts ts_gsr W60,primary,did,",B21,ok," by 1.1 % at the run level (S12 Table). Its DiD is −0.0924 [−0.1503, −0.0348] against the observed −0.0809;"
Results / 4. What the pairs' own autocorrelations and lag-0 correlations carry,paragraph 1,1,−0.0348,data,notes/review_results/partB/inference_revision.csv,"line 225; the line holds -0.03484021799537289; anchor: pickle,diag predicted sts ts_gsr W60,primary,did,",B21,ok," at the run level (S12 Table). Its DiD is −0.0924 [−0.1503, −0.0348] against the observed −0.0809; the resi"
Results / 4. What the pairs' own autocorrelations and lag-0 correlations carry,paragraph 1,1,−0.0809,data,notes/review_results/partB/inference_revision.csv,"line 219; the line holds -0.0808662093218236; anchor: pickle,diag observed sts ts_gsr W60,primary,did,",B21,ok," Its DiD is −0.0924 [−0.1503, −0.0348] against the observed −0.0809; the residual, observed minus estimate,"
Results / 4. What the pairs' own autocorrelations and lag-0 correlations carry,paragraph 1,1,+0.0115,data,notes/review_results/partB/inference_revision.csv,"line 231; the line holds 0.011534229270659582; anchor: pickle,diag residual sts ts_gsr W60,primary,did,",B21,ok,"ved −0.0809; the residual, observed minus estimate, has DiD +0.0115 [+0.0005, +0.0226], positive in 10 of 1"
Results / 4. What the pairs' own autocorrelations and lag-0 correlations carry,paragraph 1,1,+0.0005,data,notes/review_results/partB/inference_revision.csv,"line 231; the line holds 0.0004731947263604949; anchor: pickle,diag residual sts ts_gsr W60,primary,did,",B21,ok,"09; the residual, observed minus estimate, has DiD +0.0115 [+0.0005, +0.0226], positive in 10 of 14, larger"
Results / 4. What the pairs' own autocorrelations and lag-0 correlations carry,paragraph 1,1,+0.0226,data,notes/review_results/partB/inference_revision.csv,"line 231; the line holds 0.022647840166918946; anchor: pickle,diag residual sts ts_gsr W60,primary,did,",B21,ok,"esidual, observed minus estimate, has DiD +0.0115 [+0.0005, +0.0226], positive in 10 of 14, larger in the e"
Results / 4. What the pairs' own autocorrelations and lag-0 correlations carry,paragraph 1,1,10,derived,,derived: 14 − n_neg 4 (IRC primary residual DiD row),,ok,"s estimate, has DiD +0.0115 [+0.0005, +0.0226], positive in 10 of 14, larger in the early post-injecti"
Results / 4. What the pairs' own autocorrelations and lag-0 correlations carry,paragraph 1,1,14,design,manuscript/analysis_record.md,line 48; anchor: 14 subjects × 2 conditions,N = 14,ok,"mate, has DiD +0.0115 [+0.0005, +0.0226], positive in 10 of 14, larger in the early post-injection win"
Results / 4. What the pairs' own autocorrelations and lag-0 correlations carry,paragraph 1,1,+0.0179,data,notes/review_results/partB/inference_revision.csv,"line 233; the line holds 0.01791830748388121; anchor: pickle,diag residual sts ts_gsr W60,early,did,","B21, early set",ok,"ve in 10 of 14, larger in the early post-injection windows (+0.0179) than in the late (+0.0064) (Fig 5)."
Results / 4. What the pairs' own autocorrelations and lag-0 correlations carry,paragraph 1,1,+0.0064,data,notes/review_results/partB/inference_revision.csv,"line 234; the line holds 0.0064269667000822735; anchor: pickle,diag residual sts ts_gsr W60,late,did,","B21, late set",ok,he early post-injection windows (+0.0179) than in the late (+0.0064) (Fig 5).
Results / 4. What the pairs' own autocorrelations and lag-0 correlations carry,"Fig 5, caption",1,1,label,,,"Figure 1, AR(1), lag-1: names",ok,**Fig 5. The AR(1)-substituted estimate by window.** ts_
Results / 4. What the pairs' own autocorrelations and lag-0 correlations carry,"Fig 5, caption",1,60,design,manuscript/analysis_record.md,line 189; anchor: W = 60,W = 60,ok,"g 5. The AR(1)-substituted estimate by window.** ts_gsr, W = 60, N = 14; lines are group means. Shadin"
Results / 4. What the pairs' own autocorrelations and lag-0 correlations carry,"Fig 5, caption",1,14,design,manuscript/analysis_record.md,line 48; anchor: 14 subjects × 2 conditions,N = 14 subjects,ok," AR(1)-substituted estimate by window.** ts_gsr, W = 60, N = 14; lines are group means. Shading is ± 1"
Results / 4. What the pairs' own autocorrelations and lag-0 correlations carry,"Fig 5, caption",2,1,label,,,± 1 SEM: a multiplier,ok," ts_gsr, W = 60, N = 14; lines are group means. Shading is ± 1 within-subject SEM (Cousineau, 2005; M"
Results / 4. What the pairs' own autocorrelations and lag-0 correlations carry,"Fig 5, caption",3,1,design,manuscript/analysis_record.md,line 1747; anchor: Primary (pre windows 1–4 / bins 1–8; post windows 6–14 / bins 11–28),pre-injection windows 1–4,ok,"n the dashed lines of (a). Grey band = pre-injection windows 1–4; hatched = window 5, excluded from t"
Results / 4. What the pairs' own autocorrelations and lag-0 correlations carry,"Fig 5, caption",1,4,design,manuscript/analysis_record.md,line 1747; anchor: Primary (pre windows 1–4 / bins 1–8; post windows 6–14 / bins 11–28),pre-injection windows 1–4,ok,"the dashed lines of (a). Grey band = pre-injection windows 1–4; hatched = window 5, excluded from the"
Results / 4. What the pairs' own autocorrelations and lag-0 correlations carry,"Fig 5, caption",1,5,design,manuscript/analysis_record.md,line 1747; anchor: Primary (pre windows 1–4 / bins 1–8; post windows 6–14 / bins 11–28),window 5 lies between the pre set (1–4) and the post set (6–14),ok,"(a). Grey band = pre-injection windows 1–4; hatched = window 5, excluded from the primary post set; d"
Results / 4. What the pairs' own autocorrelations and lag-0 correlations carry,"Fig 5, caption",1,8,derived,,derived: TR 240 × 2 s = 480 s = 8 min (record: 'The switch at TR 240'; TR = 2 s),,ok,om the primary post set; dashed vertical line = injection at 8 min. (a) Observed whole-brain sts (sol
Results / 4. What the pairs' own autocorrelations and lag-0 correlations carry,"Fig 5, caption",4,1,label,,,AR(1): a name,ok,on at 8 min. (a) Observed whole-brain sts (solid) and the AR(1)-substituted sts (dashed): the sts of 
Results / 4. What the pairs' own autocorrelations and lag-0 correlations carry,"Fig 5, caption",2,4,label,,,matrix dimension,ok,d the AR(1)-substituted sts (dashed): the sts of each pair's 4 × 4 matrix with its measured lag-1 aut
Results / 4. What the pairs' own autocorrelations and lag-0 correlations carry,"Fig 5, caption",3,4,label,,,matrix dimension,ok,e AR(1)-substituted sts (dashed): the sts of each pair's 4 × 4 matrix with its measured lag-1 autocor
Results / 4. What the pairs' own autocorrelations and lag-0 correlations carry,"Fig 5, caption",5,1,label,,,lag-1: a name,ok,"): the sts of each pair's 4 × 4 matrix with its measured lag-1 autocorrelations a_x, a_y kept, its tw"
Results / 4. What the pairs' own autocorrelations and lag-0 correlations carry,"Fig 5, caption",1,0,label,,,lag-0: a name,ok,"s measured lag-1 autocorrelations a_x, a_y kept, its two lag-0 entries set to their mean q and its tw"
Results / 4. What the pairs' own autocorrelations and lag-0 correlations carry,"Fig 5, caption",1,1.00,design,scripts/15_figures_v2.py,"line 444; anchor: YL_A, YL_B = (1.00, 1.30)","the y-range of panel (a), a plotting setting",ok,"ed by a_y q and a_x q; DMT (red) and placebo (blue); y-range 1.00–1.30 nats. (b) The residual, observed "
Results / 4. What the pairs' own autocorrelations and lag-0 correlations carry,"Fig 5, caption",1,1.30,design,scripts/15_figures_v2.py,"line 444; anchor: YL_A, YL_B = (1.00, 1.30)","the y-range of panel (a), a plotting setting",ok," a_y q and a_x q; DMT (red) and placebo (blue); y-range 1.00–1.30 nats. (b) The residual, observed minus"
Results / 4. What the pairs' own autocorrelations and lag-0 correlations carry,"Fig 5, caption",6,1,label,,,AR(1): a name,ok," y-range 1.00–1.30 nats. (b) The residual, observed minus AR(1)-substituted, per run, in the same uni"
Results / 4. What the pairs' own autocorrelations and lag-0 correlations carry,"Fig 5, caption",7,1,label,,,"Figure 1, AR(1), lag-1: names",ok,ad against the size of the level and of the contrast. The AR(1)-substituted estimate exceeds the obse
Results / 4. What the pairs' own autocorrelations and lag-0 correlations carry,"Fig 5, caption",1,0.049,data,notes/review_results/partB/residual_source.log,line 4; the line holds -0.0489; anchor: Means over all cells: observed sts 1.1377; AR(1) prediction 1.1865 (residual -0.0489),"the mean residual over all cells, −0.0489",ok,"The AR(1)-substituted estimate exceeds the observed level by 0.049 nats on average, and its primary DiD i"
Results / 4. What the pairs' own autocorrelations and lag-0 correlations carry,"Fig 5, caption",1,0.0115,derived,,derived: 0.0924 − 0.0809 = 0.0115 (IRC: the AR(1)-substituted and observed DiDs; equal to the residual DiD),,ok,"49 nats on average, and its primary DiD is larger in size by 0.0115 nats (observed −0.0809, AR(1)-substitu"
Results / 4. What the pairs' own autocorrelations and lag-0 correlations carry,"Fig 5, caption",1,−0.0809,data,notes/review_results/partB/inference_revision.csv,"line 627; the line holds -0.08086620932182391; anchor: pickle,sts ts_gsr W60,primary,did",mean −0.08087,ok,"d its primary DiD is larger in size by 0.0115 nats (observed −0.0809, AR(1)-substituted −0.0924, residual D"
Results / 4. What the pairs' own autocorrelations and lag-0 correlations carry,"Fig 5, caption",8,1,label,,,AR(1): a name,ok,"y DiD is larger in size by 0.0115 nats (observed −0.0809, AR(1)-substituted −0.0924, residual DiD +0."
Results / 4. What the pairs' own autocorrelations and lag-0 correlations carry,"Fig 5, caption",1,−0.0924,data,notes/review_results/partB/inference_revision.csv,"line 225; the line holds -0.09240043859248327; anchor: pickle,diag predicted sts ts_gsr W60,primary,did",mean −0.09239,ok," in size by 0.0115 nats (observed −0.0809, AR(1)-substituted −0.0924, residual DiD +0.0115). (c) The DMT − "
Results / 4. What the pairs' own autocorrelations and lag-0 correlations carry,"Fig 5, caption",1,+0.0115,data,notes/review_results/partB/inference_revision.csv,"line 231; the line holds 0.011534229270659582; anchor: pickle,diag residual sts ts_gsr W60,primary,did",mean +0.01153,ok,"s (observed −0.0809, AR(1)-substituted −0.0924, residual DiD +0.0115). (c) The DMT − placebo difference of "
Results / 4. What the pairs' own autocorrelations and lag-0 correlations carry,"Fig 5, caption",9,1,label,,,± 1 SEM: a multiplier,ok,"difference of the residual per window (mean over subjects ± 1 within-subject SEM), drawn at a quarter"
Results / 4. What the pairs' own autocorrelations and lag-0 correlations carry,"Fig 5, caption",1,−0.02,design,scripts/15_figures_v2.py,"line 445; anchor: YL_C, H_C = ","the y-range of Fig 5c, a plotting setting",ok,"ight of (a) and (b), that is, magnified four times (y-range −0.02 to +0.03 nats), with its expectation un"
Results / 4. What the pairs' own autocorrelations and lag-0 correlations carry,"Fig 5, caption",1,+0.03,design,scripts/15_figures_v2.py,"line 445; anchor: YL_C, H_C = ","the y-range of Fig 5c, a plotting setting",ok,"a) and (b), that is, magnified four times (y-range −0.02 to +0.03 nats), with its expectation under a pur"
Results / 4. What the pairs' own autocorrelations and lag-0 correlations carry,"Fig 5, caption",1,+0.0027,data,notes/review_results/partB/calibration_filtered_tables.md,line 8; the line holds 0.0027; anchor: (i) Δa (post filter) | W60,residual DiD +0.0027 ± 0.0014,ok,"tion gives for an autocorrelation change of the data's size (+0.0027 ± 0.0014, condition (i) at W = 60 on t"
Results / 4. What the pairs' own autocorrelations and lag-0 correlations carry,"Fig 5, caption",1,0.0014,data,notes/review_results/partB/calibration_filtered_tables.md,line 8; the line holds 0.0014; anchor: (i) Δa (post filter) | W60,replicate SD 0.0014,ok," for an autocorrelation change of the data's size (+0.0027 ± 0.0014, condition (i) at W = 60 on the band-p"
Results / 4. What the pairs' own autocorrelations and lag-0 correlations carry,"Fig 5, caption",2,60,design,manuscript/analysis_record.md,line 189; anchor: W = 60,W = 60,ok,"e of the data's size (+0.0027 ± 0.0014, condition (i) at W = 60 on the band-passed generator, S10 Tabl"
Results / 4. What the pairs' own autocorrelations and lag-0 correlations carry,"Fig 5, caption",10,1,label,,,± 1 replicate SD: a multiplier,ok,at the post-injection window centres are the calibration's ± 1 replicate SD over its replicate datase
Results / 4. What the pairs' own autocorrelations and lag-0 correlations carry,"Fig 5, caption",1,+0.0049,data,notes/review_results/partB/calibration_tables.md,"line 8; the line holds +0.0049; anchor: (i) Δa = −0.015, Δc = 0 | W60",residual DiD +0.0049 ± 0.0017,ok,"ct sign-flip p against this and the two other expectations, +0.0049 and +0.0054."
Results / 4. What the pairs' own autocorrelations and lag-0 correlations carry,"Fig 5, caption",1,+0.0054,data,notes/review_results/logs/review_v2_residual_null.log,line 16; the line holds +0.0054; anchor: null residual change: DMT +0.0041,DiD +0.0054,ok," p against this and the two other expectations, +0.0049 and +0.0054."
Results / 4. What the pairs' own autocorrelations and lag-0 correlations carry,paragraph 2,1,0.012,data,notes/review_results/partB/diagnostic_alternatives_tables.md,line 190; the line holds -0.01243; anchor: window-level Δr₁ DiD,"the AR(1) generator's window-level pair r₁ change under condition (i), −0.01243 (the residual table of S3 Text §6), the smallest of the three",ok,t grows with pair r₁ and |q|. In simulations with a fall of 0.012–0.015 in pair r₁ applied to the DMT run
Results / 4. What the pairs' own autocorrelations and lag-0 correlations carry,paragraph 2,1,0.015,data,notes/review_results/partB/bandpassed_expectations_tables.md,line 36; the line holds -0.01540; anchor: | window-level mean pair r₁ |,"the band-passed generator's window-level pair r₁ change, −0.01540 (the residual table of S3 Text §6), the largest of the three; the null's is −0.0146",ok,s with pair r₁ and |q|. In simulations with a fall of 0.012–0.015 in pair r₁ applied to the DMT run only 
Results / 4. What the pairs' own autocorrelations and lag-0 correlations carry,paragraph 2,1,6,label,,,section number of S3 Text,ok,"5 in pair r₁ applied to the DMT run only (Methods; S3 Text §6, its residual table; S10 Table), the re"
Results / 4. What the pairs' own autocorrelations and lag-0 correlations carry,paragraph 2,1,+0.0027,data,notes/review_results/partB/calibration_filtered_tables.md,line 8; the line holds 0.0027; anchor: | (i) Δa (post filter) | W60 |,"B17b (i), residual DiD",ok,"ext §6, its residual table; S10 Table), the residual DiD is +0.0027 ± 0.0014 on a band-passed generator wit"
Results / 4. What the pairs' own autocorrelations and lag-0 correlations carry,paragraph 2,1,0.0014,data,notes/review_results/partB/calibration_filtered_tables.md,line 8; the line holds 0.0014; anchor: | (i) Δa (post filter) | W60 |,"B17b (i), residual DiD",ok,"s residual table; S10 Table), the residual DiD is +0.0027 ± 0.0014 on a band-passed generator with the dat"
Results / 4. What the pairs' own autocorrelations and lag-0 correlations carry,paragraph 2,1,+0.0049,data,notes/review_results/partB/calibration_tables.md,"line 8; the line holds +0.0049; anchor: (i) Δa = −0.015, Δc = 0 | W60",residual DiD +0.0049 ± 0.0017,ok,0014 on a band-passed generator with the data's spectrum and +0.0049 ± 0.0017 on AR(1) pairs; on a finite-s
Results / 4. What the pairs' own autocorrelations and lag-0 correlations carry,paragraph 2,1,0.0017,data,notes/review_results/partB/calibration_tables.md,"line 8; the line holds 0.0017; anchor: | (i) Δa = −0.015, Δc = 0 | W60 |","B17 (i), residual DiD",ok,band-passed generator with the data's spectrum and +0.0049 ± 0.0017 on AR(1) pairs; on a finite-sample nul
Results / 4. What the pairs' own autocorrelations and lag-0 correlations carry,paragraph 2,1,1,label,,,AR(1): a name,ok,enerator with the data's spectrum and +0.0049 ± 0.0017 on AR(1) pairs; on a finite-sample null solved
Results / 4. What the pairs' own autocorrelations and lag-0 correlations carry,paragraph 2,1,+0.0054,data,notes/review_results/logs/review_v2_residual_null.log,line 16; the line holds +0.0054; anchor: null residual change: DMT +0.0041,DiD +0.0054,ok,ll solved to the data's pair r₁ in each run and period it is +0.0054 (Methods). The data's residual DiD is 
Results / 4. What the pairs' own autocorrelations and lag-0 correlations carry,paragraph 2,1,0.108,data,notes/review_results/partB/inference_revision_tables.md,line 234; the line holds 0.1075; anchor: | +0.0027 | 0.1075,B21 (b),ok,"sidual DiD is not distinguished from these three (exact p = 0.108, 0.218 and 0.251), but the test is weak"
Results / 4. What the pairs' own autocorrelations and lag-0 correlations carry,paragraph 2,1,0.218,data,notes/review_results/partB/inference_revision_tables.md,line 235; the line holds 0.2183; anchor: | +0.0049 | 0.2183,B21 (b),ok,"DiD is not distinguished from these three (exact p = 0.108, 0.218 and 0.251), but the test is weak: with "
Results / 4. What the pairs' own autocorrelations and lag-0 correlations carry,paragraph 2,1,0.251,data,notes/review_results/partB/inference_revision_tables.md,line 236; the line holds 0.2507; anchor: | +0.0054 | 0.2507,B21 (b),ok," distinguished from these three (exact p = 0.108, 0.218 and 0.251), but the test is weak: with the residu"
Results / 4. What the pairs' own autocorrelations and lag-0 correlations carry,paragraph 2,1,0.0051,data,notes/review_results/partB/baseline_gap_tables.md,line 43; the line holds 0.0051; anchor: Sensitivity:,B27 (c): SE of the residual DiD over subjects,ok,"0.251), but the test is weak: with the residual DiD's SE of 0.0051 nats over subjects a t test detects, at"
Results / 4. What the pairs' own autocorrelations and lag-0 correlations carry,paragraph 2,1,80,label,,,80 % power: the convention of the sensitivity statement,ok," DiD's SE of 0.0051 nats over subjects a t test detects, at 80 % power, a difference of 0.0155 nats fr"
Results / 4. What the pairs' own autocorrelations and lag-0 correlations carry,paragraph 2,1,0.0155,data,notes/review_results/partB/baseline_gap_tables.md,line 43; the line holds 0.0155; anchor: Sensitivity:,B27 (c): the smallest difference from a point expectation that the one-sample t test (13 df) detects with 80 % power at the two-sided 5 % level,ok,"r subjects a t test detects, at 80 % power, a difference of 0.0155 nats from a point expectation, against "
Results / 4. What the pairs' own autocorrelations and lag-0 correlations carry,paragraph 2,1,0.0088,data,notes/review_results/partB/baseline_gap_tables.md,line 43; the line holds +0.0088; anchor: Sensitivity:,"B27 (c): the data's residual DiD minus expectation 1 (+0.0027, +0.0049, +0.0054)",ok,"f 0.0155 nats from a point expectation, against excesses of 0.0088, 0.0066 and 0.0061, and each expectatio"
Results / 4. What the pairs' own autocorrelations and lag-0 correlations carry,paragraph 2,1,0.0066,data,notes/review_results/partB/baseline_gap_tables.md,line 43; the line holds +0.0066; anchor: Sensitivity:,"B27 (c): the data's residual DiD minus expectation 2 (+0.0027, +0.0049, +0.0054)",ok," nats from a point expectation, against excesses of 0.0088, 0.0066 and 0.0061, and each expectation is tre"
Results / 4. What the pairs' own autocorrelations and lag-0 correlations carry,paragraph 2,1,0.0061,data,notes/review_results/partB/baseline_gap_tables.md,line 43; the line holds +0.0061; anchor: Sensitivity:,"B27 (c): the data's residual DiD minus expectation 3 (+0.0027, +0.0049, +0.0054)",ok,"a point expectation, against excesses of 0.0088, 0.0066 and 0.0061, and each expectation is treated as a k"
Results / 4. What the pairs' own autocorrelations and lag-0 correlations carry,paragraph 2,1,−0.18,derived,,derived: +0.00279 / −0.01540 = −0.181 (BE: residual DiD and window-level mean pair r₁ DiD),,ok,"essors; Fig 3c): the generators' rates per unit of pair r₁, −0.18, −0.39 and −0.37 (S3 Text §6), are rati"
Results / 4. What the pairs' own autocorrelations and lag-0 correlations carry,paragraph 2,1,−0.39,data,notes/review_results/partB/diagnostic_alternatives_tables.md,line 108; the line holds -0.387; anchor: | (i) Δa = −0.015 |,B23 (b) (i): residual change / Δr₁ −0.387,ok," Fig 3c): the generators' rates per unit of pair r₁, −0.18, −0.39 and −0.37 (S3 Text §6), are ratios of m"
Results / 4. What the pairs' own autocorrelations and lag-0 correlations carry,paragraph 2,1,−0.37,derived,,derived: +0.0054 / −0.0146 = −0.37 (NL: the null's residual DiD; derived_r17.out item 6: its own pair-r₁ DiD),,ok,"the generators' rates per unit of pair r₁, −0.18, −0.39 and −0.37 (S3 Text §6), are ratios of means under"
Results / 4. What the pairs' own autocorrelations and lag-0 correlations carry,paragraph 2,2,6,label,,,section number of S3 Text,ok,"rates per unit of pair r₁, −0.18, −0.39 and −0.37 (S3 Text §6), are ratios of means under one change "
Results / 4. What the pairs' own autocorrelations and lag-0 correlations carry,paragraph 2,1,−0.75,data,notes/review_results/partB/inference_revision_tables.md,line 243; the line holds -0.7533; anchor: | ts_gsr | residual DiD | -0.7533,B21 (c),ok,"e autocorrelation changes are the data's. The data's slope, −0.75 per unit of r₁ DiD (t interval [−1.13, "
Results / 4. What the pairs' own autocorrelations and lag-0 correlations carry,paragraph 2,1,−1.13,data,notes/review_results/partB/inference_revision_tables.md,line 243; the line holds -1.1331; anchor: | ts_gsr | residual DiD | -0.7533,B21 (c),ok,"'s. The data's slope, −0.75 per unit of r₁ DiD (t interval [−1.13, −0.37]), lies below the central 95 % o"
Results / 4. What the pairs' own autocorrelations and lag-0 correlations carry,paragraph 2,2,−0.37,data,notes/review_results/partB/inference_revision_tables.md,line 243; the line holds -0.3735; anchor: | ts_gsr | residual DiD | -0.7533,B21 (c),ok," data's slope, −0.75 per unit of r₁ DiD (t interval [−1.13, −0.37]), lies below the central 95 % of every"
Results / 4. What the pairs' own autocorrelations and lag-0 correlations carry,paragraph 2,1,95,label,,,95 % interval / central 95 %: the coverage,ok," r₁ DiD (t interval [−1.13, −0.37]), lies below the central 95 % of every condition's slopes: a pure a"
Results / 4. What the pairs' own autocorrelations and lag-0 correlations carry,paragraph 2,1,8,label,,,subject 8: an index,ok,"e with any one or two subjects left out and without subject 8, subject 14 or both, the extreme r₁ cha"
Results / 4. What the pairs' own autocorrelations and lag-0 correlations carry,paragraph 2,1,14,label,,,subject 14: an index,ok,"one or two subjects left out and without subject 8, subject 14 or both, the extreme r₁ changes (Table "
Results / 4. What the pairs' own autocorrelations and lag-0 correlations carry,paragraph 2,1,0.0001,data,notes/review_2026-10-01_cold_reads/checks/derived_r24.out,"line 60; the line holds +0.000148; anchor: band-passed, step minus ramp","derived_r24.out item 5: the band-passed generator's mean residual DiD over the replicates, step minus ramp (+0.000148)",ok,"3), and the ramp moves the generators' mean residual DiD by 0.0001 and 0.0006 nats from the step (unrounde"
Results / 4. What the pairs' own autocorrelations and lag-0 correlations carry,paragraph 2,1,0.0006,data,notes/review_2026-10-01_cold_reads/checks/derived_r24.out,"line 61; the line holds +0.000620; anchor: AR(1), step minus ramp","derived_r24.out item 5: the AR(1) generator's mean residual DiD over the replicates, step minus ramp (+0.000620)",ok, ramp moves the generators' mean residual DiD by 0.0001 and 0.0006 nats from the step (unrounded means). A
Results / 4. What the pairs' own autocorrelations and lag-0 correlations carry,paragraph 2,1,−0.79,data,notes/review_2026-09-30/checks/derived_r17_b26.out,line 3; the line holds -0.788; anchor: residual DiD / regional r1 DiD (ratio of means): -0.788,−0.788 per unit of whole-brain r₁,ok,"p (unrounded means). At the group level the ratio of means, −0.79 per unit of whole-brain r₁ (−0.74 per u"
Results / 4. What the pairs' own autocorrelations and lag-0 correlations carry,paragraph 2,1,−0.74,derived,,derived: +0.0115 / −0.0155 = −0.74 (IRC residual DiD; RS line 10: pair r₁ DiD),,ok,"level the ratio of means, −0.79 per unit of whole-brain r₁ (−0.74 per unit of pair r₁, from the printed m"
Results / 4. What the pairs' own autocorrelations and lag-0 correlations carry,paragraph 2,1,−1.60,data,notes/review_2026-09-30/checks/derived_r17_b26.out,line 3; the line holds -1.60; anchor: residual DiD / regional r1 DiD (ratio of means): -0.788,"Fieller 95 % [−1.60, −0.08]",ok,"air r₁, from the printed means), has a Fieller interval of [−1.60, −0.08] (g = 0.61), which contains all "
Results / 4. What the pairs' own autocorrelations and lag-0 correlations carry,paragraph 2,1,−0.08,data,notes/review_2026-09-30/checks/derived_r17_b26.out,line 3; the line holds -0.08; anchor: residual DiD / regional r1 DiD (ratio of means): -0.788,"Fieller 95 % [−1.60, −0.08]",ok," from the printed means), has a Fieller interval of [−1.60, −0.08] (g = 0.61), which contains all three r"
Results / 4. What the pairs' own autocorrelations and lag-0 correlations carry,paragraph 2,1,0.61,data,notes/review_results/partB/baseline_gap_tables.md,line 44; the line holds 0.611; anchor: Fieller's g,B27 (c): Fieller's g for the residual DiD per unit of r₁ DiD (the same denominator),ok,"inted means), has a Fieller interval of [−1.60, −0.08] (g = 0.61), which contains all three rates; the p"
Results / 4. What the pairs' own autocorrelations and lag-0 correlations carry,paragraph 2,1,−0.700,data,notes/review_results/partB/splithalf.log,"line 12; the line holds -0.700; anchor: cross r(res_odd, ac_even) = -0.385","ts_gsr: r(res_even, ac_odd) = −0.700",ok,tes; the per-subject relation's cross-half correlations are −0.700 and −0.385 on the primary variant and −
Results / 4. What the pairs' own autocorrelations and lag-0 correlations carry,paragraph 2,1,−0.385,data,notes/review_results/partB/splithalf.log,"line 12; the line holds -0.385; anchor: cross r(res_odd, ac_even) = -0.385","ts_gsr: r(res_odd, ac_even) = −0.385",ok,r-subject relation's cross-half correlations are −0.700 and −0.385 on the primary variant and −0.598 and −
Results / 4. What the pairs' own autocorrelations and lag-0 correlations carry,paragraph 2,1,−0.598,data,notes/review_results/partB/splithalf.log,"line 24; the line holds -0.598; anchor: cross r(res_odd, ac_even) = -0.598","ts_demean: r(res_odd, ac_even) = −0.598",ok,rrelations are −0.700 and −0.385 on the primary variant and −0.598 and −0.051 on the sensitivity variant (
Results / 4. What the pairs' own autocorrelations and lag-0 correlations carry,paragraph 2,1,−0.051,data,notes/review_results/partB/splithalf.log,"line 24; the line holds -0.051; anchor: cross r(res_odd, ac_even) = -0.598","ts_demean: r(res_even, ac_odd) = −0.051",ok,are −0.700 and −0.385 on the primary variant and −0.598 and −0.051 on the sensitivity variant (S3 Text §6)
Results / 4. What the pairs' own autocorrelations and lag-0 correlations carry,paragraph 2,3,6,label,,,section number of S3 Text,ok, and −0.598 and −0.051 on the sensitivity variant (S3 Text §6).
Results / 4. What the pairs' own autocorrelations and lag-0 correlations carry,"Table 3, title and caption",1,60,design,manuscript/analysis_record.md,line 189; anchor: W = 60,W = 60,ok,"he generators under the data's heterogeneity.** ts_gsr, W = 60; the slope is the ordinary least-square"
Results / 4. What the pairs' own autocorrelations and lag-0 correlations carry,"Table 3, title and caption",1,14,design,manuscript/analysis_record.md,line 48; anchor: 14 subjects × 2 conditions,N = 14 subjects (the shape of the data: 14 subjects × 2 conditions),ok,"the slope is the ordinary least-squares (OLS) slope, across 14 subjects (intercept free), of the resid"
Results / 4. What the pairs' own autocorrelations and lag-0 correlations carry,"Table 3, title and caption",1,−0.0146,data,notes/review_results/partB/inference_revision.csv,"line 639; the line holds -0.014645416464981385; anchor: pickle,autocorr ts_gsr W60,primary,did,","B21: the whole-brain r₁ DiD of the data, −0.01465",ok,rs' pair r₁ DiD (in the data's group means the two DiDs are −0.0146 and −0.0155). Data row: the slope with 
Results / 4. What the pairs' own autocorrelations and lag-0 correlations carry,"Table 3, title and caption",1,−0.0155,data,notes/review_results/partB/residual_source.log,line 10; the line holds -0.0155; anchor: pair a: DMT pre,pair r₁ DiD −0.0155,ok,DiD (in the data's group means the two DiDs are −0.0146 and −0.0155). Data row: the slope with its t interv
Results / 4. What the pairs' own autocorrelations and lag-0 correlations carry,"Table 3, title and caption",1,12,derived,,derived: 12 degrees of freedom: 14 subjects − 2 (an OLS line),,ok,"0146 and −0.0155). Data row: the slope with its t interval (12 df), r, and the residual DiD with its i"
Results / 4. What the pairs' own autocorrelations and lag-0 correlations carry,"Table 3, title and caption",1,2,label,,,the rows of Table 3 that the sentence describes,ok,the residual DiD with its inverted sign-flip interval. Rows 2–6: the data's slope with subjects left 
Results / 4. What the pairs' own autocorrelations and lag-0 correlations carry,"Table 3, title and caption",1,6,label,,,the rows of Table 3 that the sentence describes,ok,e residual DiD with its inverted sign-flip interval. Rows 2–6: the data's slope with subjects left ou
Results / 4. What the pairs' own autocorrelations and lag-0 correlations carry,"Table 3, title and caption",2,14,derived,,derived: 14 leave-one-out sets: one per subject,,ok,he data's slope with subjects left out — the range over the 14 leave-one-out and the 91 leave-two-out 
Results / 4. What the pairs' own autocorrelations and lag-0 correlations carry,"Table 3, title and caption",1,91,derived,,derived: 91 leave-two-out sets: 14 × 13 / 2,,ok,"ects left out — the range over the 14 leave-one-out and the 91 leave-two-out sets, with the number of "
Results / 4. What the pairs' own autocorrelations and lag-0 correlations carry,"Table 3, title and caption",1,−0.18,derived,,derived: +0.00279 / −0.01540 = −0.181 (BE: residual DiD and window-level mean pair r₁ DiD),,ok,"at contain each of the three group-level rates of the text (−0.18, −0.39 and −0.37) and the range of r, a"
Results / 4. What the pairs' own autocorrelations and lag-0 correlations carry,"Table 3, title and caption",1,−0.39,data,notes/review_results/partB/diagnostic_alternatives_tables.md,line 108; the line holds -0.387; anchor: | (i) Δa = −0.015 |,B23 (b) (i): residual change / Δr₁ −0.387,ok,"ain each of the three group-level rates of the text (−0.18, −0.39 and −0.37) and the range of r, and the "
Results / 4. What the pairs' own autocorrelations and lag-0 correlations carry,"Table 3, title and caption",1,−0.37,derived,,derived: +0.0054 / −0.0146 = −0.37 (NL: the null's residual DiD; derived_r17.out item 6: its own pair-r₁ DiD),,ok,"f the three group-level rates of the text (−0.18, −0.39 and −0.37) and the range of r, and the slopes wit"
Results / 4. What the pairs' own autocorrelations and lag-0 correlations carry,"Table 3, title and caption",1,8,label,,,subject 8: an index,ok,"d −0.37) and the range of r, and the slopes without subject 8, without subject 14 and without both, t"
Results / 4. What the pairs' own autocorrelations and lag-0 correlations carry,"Table 3, title and caption",3,14,label,,,subject 14: an index,ok,"nge of r, and the slopes without subject 8, without subject 14 and without both, the extreme r₁ change"
Results / 4. What the pairs' own autocorrelations and lag-0 correlations carry,"Table 3, title and caption",2,2,label,,,n − 2: the degrees of freedom of a least-squares line (a formula),ok,"both, the extreme r₁ changes, each with its t interval (n − 2 df: 11 with one subject left out, 10 wi"
Results / 4. What the pairs' own autocorrelations and lag-0 correlations carry,"Table 3, title and caption",1,11,derived,,derived: 11 degrees of freedom: 13 subjects − 2 (one subject left out),,ok,"the extreme r₁ changes, each with its t interval (n − 2 df: 11 with one subject left out, 10 with two)"
Results / 4. What the pairs' own autocorrelations and lag-0 correlations carry,"Table 3, title and caption",1,10,derived,,derived: 10 degrees of freedom: 12 subjects − 2 (two subjects left out),,ok,"ith its t interval (n − 2 df: 11 with one subject left out, 10 with two). Generator rows: 14 simulated"
Results / 4. What the pairs' own autocorrelations and lag-0 correlations carry,"Table 3, title and caption",4,14,design,notes/review_results/partB/matched_slope_tables.md,line 4; anchor: Δa_s:,"B28: 14 simulated subjects, one per data subject",ok,"11 with one subject left out, 10 with two). Generator rows: 14 simulated subjects whose autocorrelatio"
Results / 4. What the pairs' own autocorrelations and lag-0 correlations carry,"Table 3, title and caption",1,−0.015,design,notes/review_results/partB/matched_slope_tables.md,line 4; anchor: Δa_s:,"B28: the rescaling target, a mean of −0.015 over the 14 subjects",ok,"on the DMT run are the data's r₁ DiDs rescaled to a mean of −0.015, applied as a step at sample 300, the s"
Results / 4. What the pairs' own autocorrelations and lag-0 correlations carry,"Table 3, title and caption",1,300,design,notes/review_results/partB/matched_slope_tables.md,line 4; anchor: the step at sample 300,B28: the change is applied as a step at sample 300,ok,"s rescaled to a mean of −0.015, applied as a step at sample 300, the start of window 6, or built up ove"
Results / 4. What the pairs' own autocorrelations and lag-0 correlations carry,"Table 3, title and caption",2,6,design,notes/review_results/partB/matched_slope_tables.md,line 4; anchor: the step at sample 300,B28: sample 300 is the first sample of window 6 at W = 60 (5 × 60),ok,"0.015, applied as a step at sample 300, the start of window 6, or built up over windows 6 and 7 (ramp"
Results / 4. What the pairs' own autocorrelations and lag-0 correlations carry,"Table 3, title and caption",3,6,design,notes/review_results/partB/matched_slope_tables.md,line 4; anchor: the ramp from sample 300 to 420,"B28: the ramp runs over samples 300–419, which are windows 6 and 7 at W = 60",ok,"sample 300, the start of window 6, or built up over windows 6 and 7 (ramp), on the band-passed genera"
Results / 4. What the pairs' own autocorrelations and lag-0 correlations carry,"Table 3, title and caption",1,7,design,notes/review_results/partB/matched_slope_tables.md,line 4; anchor: the ramp from sample 300 to 420,"B28: the ramp runs over samples 300–419, which are windows 6 and 7 at W = 60",ok," 300, the start of window 6, or built up over windows 6 and 7 (ramp), on the band-passed generator wi"
Results / 4. What the pairs' own autocorrelations and lag-0 correlations carry,"Table 3, title and caption",1,1,label,,,AR(1): a name,ok,he band-passed generator with the data's spectrum and on AR(1) pairs (Methods; S3 Text §6; S18 Table)
Results / 4. What the pairs' own autocorrelations and lag-0 correlations carry,"Table 3, title and caption",4,6,label,,,section number of S3 Text,ok,"h the data's spectrum and on AR(1) pairs (Methods; S3 Text §6; S18 Table): mean ± SD (the script's, w"
Results / 4. What the pairs' own autocorrelations and lag-0 correlations carry,"Table 3, title and caption",1,100,design,notes/partB28_matched_slope.py,line 244; anchor: {SL.std():.3f},"B28: the SD over the replicates is numpy's default, with divisor N = 100 (not N − 1)",ok," Text §6; S18 Table): mean ± SD (the script's, with divisor 100) over 100 replicate datasets of the slo"
Results / 4. What the pairs' own autocorrelations and lag-0 correlations carry,"Table 3, title and caption",2,100,design,notes/review_results/partB/matched_slope_tables.md,line 4; anchor: replicates per condition,B28: 100 replicate datasets per condition,ok,"S18 Table): mean ± SD (the script's, with divisor 100) over 100 replicate datasets of the slope and of "
Results / 4. What the pairs' own autocorrelations and lag-0 correlations carry,"Table 3, title and caption",1,95,label,,,95 % interval / central 95 %: the coverage,ok," datasets of the slope and of the residual DiD, the central 95 % of the replicates' slopes, the share "
Results / 4. What the pairs' own autocorrelations and lag-0 correlations carry,"Table 3, title and caption",2,8,label,,,subject 8: an index,ok,"and-passed generator cannot reach the largest fall (subject 8, −0.0657 rescaled) and holds that subje"
Results / 4. What the pairs' own autocorrelations and lag-0 correlations carry,"Table 3, title and caption",1,−0.0657,data,notes/review_results/partB/matched_slope_tables.md,line 4; the line holds -0.0657; anchor: Δa_s:,B28: subject 8's rescaled autocorrelation change Δa_s,ok,"-passed generator cannot reach the largest fall (subject 8, −0.0657 rescaled) and holds that subject at its"
Results / 4. What the pairs' own autocorrelations and lag-0 correlations carry,"Table 3, title and caption",1,−0.0375,data,notes/review_results/partB/matched_slope_tables.md,line 4; the line holds -0.0375; anchor: the generator's floor is Δa =,B28: the band-passed generator's floor for Δa,ok,"8, −0.0657 rescaled) and holds that subject at its floor of −0.0375."
Results / 4. What the pairs' own autocorrelations and lag-0 correlations carry,"Table 3, body",1,95,label,,,95 % interval / central 95 %: the coverage,ok,| | slope | central 95 % (data: t interval) | share ≤ the data
Results / 4. What the pairs' own autocorrelations and lag-0 correlations carry,"Table 3, body",1,−0.753,data,notes/review_results/partB/baseline_gap_tables.md,line 33; the line holds -0.753; anchor: All 14 subjects: slope,"B27 (c): the data's slope (Table 3, data row)",ok,ope | r | residual DiD | |---|---|---|---|---|---| | data | −0.753 | −1.133 to −0.373 | — | −0.780 | +0.01
Results / 4. What the pairs' own autocorrelations and lag-0 correlations carry,"Table 3, body",1,−1.133,data,notes/review_results/partB/baseline_gap_tables.md,line 33; the line holds -1.133; anchor: All 14 subjects: slope,"B27 (c): t interval of the slope, lower limit",ok, residual DiD | |---|---|---|---|---|---| | data | −0.753 | −1.133 to −0.373 | — | −0.780 | +0.0115 [+0.00
Results / 4. What the pairs' own autocorrelations and lag-0 correlations carry,"Table 3, body",1,−0.373,data,notes/review_results/partB/baseline_gap_tables.md,line 33; the line holds -0.373; anchor: All 14 subjects: slope,"B27 (c): t interval of the slope, upper limit",ok,"DiD | |---|---|---|---|---|---| | data | −0.753 | −1.133 to −0.373 | — | −0.780 | +0.0115 [+0.0005, +0.022"
Results / 4. What the pairs' own autocorrelations and lag-0 correlations carry,"Table 3, body",1,−0.780,data,notes/review_results/partB/baseline_gap_tables.md,line 33; the line holds -0.780; anchor: All 14 subjects: slope,"B27 (c): r(residual DiD, r₁ DiD), all 14 subjects",ok,"-|---|---|---|---| | data | −0.753 | −1.133 to −0.373 | — | −0.780 | +0.0115 [+0.0005, +0.0226] | | data, "
Results / 4. What the pairs' own autocorrelations and lag-0 correlations carry,"Table 3, body",1,+0.0115,data,notes/review_results/partB/inference_revision.csv,"line 231; the line holds 0.011534229270659582; anchor: pickle,diag residual sts ts_gsr W60,primary,did,",B21,ok,"|---|---| | data | −0.753 | −1.133 to −0.373 | — | −0.780 | +0.0115 [+0.0005, +0.0226] | | data, any one su"
Results / 4. What the pairs' own autocorrelations and lag-0 correlations carry,"Table 3, body",1,+0.0005,data,notes/review_results/partB/inference_revision.csv,"line 231; the line holds 0.0004731947263604949; anchor: pickle,diag residual sts ts_gsr W60,primary,did,",B21,ok," | data | −0.753 | −1.133 to −0.373 | — | −0.780 | +0.0115 [+0.0005, +0.0226] | | data, any one subject lef"
Results / 4. What the pairs' own autocorrelations and lag-0 correlations carry,"Table 3, body",1,+0.0226,data,notes/review_results/partB/inference_revision.csv,"line 231; the line holds 0.022647840166918946; anchor: pickle,diag residual sts ts_gsr W60,primary,did,",B21,ok," −0.753 | −1.133 to −0.373 | — | −0.780 | +0.0115 [+0.0005, +0.0226] | | data, any one subject left out | −"
Results / 4. What the pairs' own autocorrelations and lag-0 correlations carry,"Table 3, body",1,−0.791,data,notes/review_results/partB/baseline_gap_tables.md,line 37; the line holds -0.791; anchor: | one (14 sets) |,"B27 (c): slopes with any one subject left out, minimum",ok,"115 [+0.0005, +0.0226] | | data, any one subject left out | −0.791 to −0.699 | of 14 intervals, 0 contain "
Results / 4. What the pairs' own autocorrelations and lag-0 correlations carry,"Table 3, body",1,−0.699,data,notes/review_results/partB/baseline_gap_tables.md,line 37; the line holds -0.699; anchor: | one (14 sets) |,"B27 (c): slopes with any one subject left out, maximum",ok,"05, +0.0226] | | data, any one subject left out | −0.791 to −0.699 | of 14 intervals, 0 contain zero; 0, 1"
Results / 4. What the pairs' own autocorrelations and lag-0 correlations carry,"Table 3, body",1,14,derived,,"derived: 14 leave-one-out sets, one per subject",,ok," | | data, any one subject left out | −0.791 to −0.699 | of 14 intervals, 0 contain zero; 0, 11 and 11"
Results / 4. What the pairs' own autocorrelations and lag-0 correlations carry,"Table 3, body",1,0,data,notes/review_results/partB/baseline_gap_tables.md,line 37; the line holds 0; anchor: | one (14 sets) |,"B27 (c): t intervals containing zero, any one subject left out",ok," one subject left out | −0.791 to −0.699 | of 14 intervals, 0 contain zero; 0, 11 and 11 contain −0.1"
Results / 4. What the pairs' own autocorrelations and lag-0 correlations carry,"Table 3, body",2,0,data,notes/review_results/partB/baseline_gap_tables.md,line 37; the line holds 0; anchor: | one (14 sets) |,"B27 (c): t intervals containing −0.18, the band-passed generator's rate, any one subject left out",ok,"t out | −0.791 to −0.699 | of 14 intervals, 0 contain zero; 0, 11 and 11 contain −0.18, −0.39 and −0."
Results / 4. What the pairs' own autocorrelations and lag-0 correlations carry,"Table 3, body",1,11,data,notes/review_results/partB/baseline_gap_tables.md,line 37; the line holds 11; anchor: | one (14 sets) |,"B27 (c): t intervals containing −0.39, the AR(1) generator's rate, any one subject left out",ok,"ut | −0.791 to −0.699 | of 14 intervals, 0 contain zero; 0, 11 and 11 contain −0.18, −0.39 and −0.37 |"
Results / 4. What the pairs' own autocorrelations and lag-0 correlations carry,"Table 3, body",2,11,data,notes/review_results/partB/baseline_gap_tables.md,line 37; the line holds 11; anchor: | one (14 sets) |,"B27 (c): t intervals containing −0.37, the finite-sample null's rate, any one subject left out",ok,".791 to −0.699 | of 14 intervals, 0 contain zero; 0, 11 and 11 contain −0.18, −0.39 and −0.37 | — | −0"
Results / 4. What the pairs' own autocorrelations and lag-0 correlations carry,"Table 3, body",1,−0.18,derived,,derived: +0.00279 / −0.01540 = −0.181 (BE: residual DiD and window-level mean pair r₁ DiD),,ok,"699 | of 14 intervals, 0 contain zero; 0, 11 and 11 contain −0.18, −0.39 and −0.37 | — | −0.871 to −0.670"
Results / 4. What the pairs' own autocorrelations and lag-0 correlations carry,"Table 3, body",1,−0.39,data,notes/review_results/partB/diagnostic_alternatives_tables.md,line 108; the line holds -0.387; anchor: | (i) Δa = −0.015 |,B23 (b) (i): residual change / Δr₁ −0.387,ok,"f 14 intervals, 0 contain zero; 0, 11 and 11 contain −0.18, −0.39 and −0.37 | — | −0.871 to −0.670 | — | "
Results / 4. What the pairs' own autocorrelations and lag-0 correlations carry,"Table 3, body",1,−0.37,derived,,derived: +0.0054 / −0.0146 = −0.37 (NL: the null's residual DiD; derived_r17.out item 6: its own pair-r₁ DiD),,ok,"vals, 0 contain zero; 0, 11 and 11 contain −0.18, −0.39 and −0.37 | — | −0.871 to −0.670 | — | | data, an"
Results / 4. What the pairs' own autocorrelations and lag-0 correlations carry,"Table 3, body",1,−0.871,data,notes/review_results/partB/baseline_gap_tables.md,line 37; the line holds -0.871; anchor: | one (14 sets) |,"B27 (c): r(residual DiD, r₁ DiD) with any one subject left out, minimum",ok,"ain zero; 0, 11 and 11 contain −0.18, −0.39 and −0.37 | — | −0.871 to −0.670 | — | | data, any two subject"
Results / 4. What the pairs' own autocorrelations and lag-0 correlations carry,"Table 3, body",1,−0.670,data,notes/review_results/partB/baseline_gap_tables.md,line 37; the line holds -0.670; anchor: | one (14 sets) |,"B27 (c): r(residual DiD, r₁ DiD) with any one subject left out, maximum",ok,"0, 11 and 11 contain −0.18, −0.39 and −0.37 | — | −0.871 to −0.670 | — | | data, any two subjects left out"
Results / 4. What the pairs' own autocorrelations and lag-0 correlations carry,"Table 3, body",1,−0.906,data,notes/review_results/partB/baseline_gap_tables.md,line 38; the line holds -0.906; anchor: | two (91 sets) |,"B27 (c): slopes with any two subjects left out, minimum",ok," −0.871 to −0.670 | — | | data, any two subjects left out | −0.906 to −0.642 | of 91 intervals, 1 contains"
Results / 4. What the pairs' own autocorrelations and lag-0 correlations carry,"Table 3, body",1,−0.642,data,notes/review_results/partB/baseline_gap_tables.md,line 38; the line holds -0.642; anchor: | two (91 sets) |,"B27 (c): slopes with any two subjects left out, maximum",ok," −0.670 | — | | data, any two subjects left out | −0.906 to −0.642 | of 91 intervals, 1 contains zero; 13,"
Results / 4. What the pairs' own autocorrelations and lag-0 correlations carry,"Table 3, body",1,91,derived,,derived: 91 leave-two-out sets: 14 × 13 / 2,,ok,"| | data, any two subjects left out | −0.906 to −0.642 | of 91 intervals, 1 contains zero; 13, 71 and "
Results / 4. What the pairs' own autocorrelations and lag-0 correlations carry,"Table 3, body",1,1,data,notes/review_results/partB/baseline_gap_tables.md,line 38; the line holds 1; anchor: | two (91 sets) |,"B27 (c): t intervals containing zero, any two subjects left out",ok,"two subjects left out | −0.906 to −0.642 | of 91 intervals, 1 contains zero; 13, 71 and 63 contain −0"
Results / 4. What the pairs' own autocorrelations and lag-0 correlations carry,"Table 3, body",1,13,data,notes/review_results/partB/baseline_gap_tables.md,line 38; the line holds 13; anchor: | two (91 sets) |,"B27 (c): t intervals containing −0.18, the band-passed generator's rate, any two subjects left out",ok," out | −0.906 to −0.642 | of 91 intervals, 1 contains zero; 13, 71 and 63 contain −0.18, −0.39 and −0."
Results / 4. What the pairs' own autocorrelations and lag-0 correlations carry,"Table 3, body",1,71,data,notes/review_results/partB/baseline_gap_tables.md,line 38; the line holds 71; anchor: | two (91 sets) |,"B27 (c): t intervals containing −0.39, the AR(1) generator's rate, any two subjects left out",ok," | −0.906 to −0.642 | of 91 intervals, 1 contains zero; 13, 71 and 63 contain −0.18, −0.39 and −0.37 |"
Results / 4. What the pairs' own autocorrelations and lag-0 correlations carry,"Table 3, body",1,63,data,notes/review_results/partB/baseline_gap_tables.md,line 38; the line holds 63; anchor: | two (91 sets) |,"B27 (c): t intervals containing −0.37, the finite-sample null's rate, any two subjects left out",ok,"06 to −0.642 | of 91 intervals, 1 contains zero; 13, 71 and 63 contain −0.18, −0.39 and −0.37 | — | −0"
Results / 4. What the pairs' own autocorrelations and lag-0 correlations carry,"Table 3, body",2,−0.18,derived,,derived: +0.00279 / −0.01540 = −0.181 (BE: residual DiD and window-level mean pair r₁ DiD),,ok,"2 | of 91 intervals, 1 contains zero; 13, 71 and 63 contain −0.18, −0.39 and −0.37 | — | −0.930 to −0.465"
Results / 4. What the pairs' own autocorrelations and lag-0 correlations carry,"Table 3, body",2,−0.39,data,notes/review_results/partB/diagnostic_alternatives_tables.md,line 108; the line holds -0.387; anchor: | (i) Δa = −0.015 |,B23 (b) (i): residual change / Δr₁ −0.387,ok,"91 intervals, 1 contains zero; 13, 71 and 63 contain −0.18, −0.39 and −0.37 | — | −0.930 to −0.465 | — | "
Results / 4. What the pairs' own autocorrelations and lag-0 correlations carry,"Table 3, body",2,−0.37,derived,,derived: +0.0054 / −0.0146 = −0.37 (NL: the null's residual DiD; derived_r17.out item 6: its own pair-r₁ DiD),,ok,"ls, 1 contains zero; 13, 71 and 63 contain −0.18, −0.39 and −0.37 | — | −0.930 to −0.465 | — | | data wit"
Results / 4. What the pairs' own autocorrelations and lag-0 correlations carry,"Table 3, body",1,−0.930,data,notes/review_results/partB/baseline_gap_tables.md,line 38; the line holds -0.930; anchor: | two (91 sets) |,"B27 (c): r(residual DiD, r₁ DiD) with any two subjects left out, minimum",ok,"ns zero; 13, 71 and 63 contain −0.18, −0.39 and −0.37 | — | −0.930 to −0.465 | — | | data without subject "
Results / 4. What the pairs' own autocorrelations and lag-0 correlations carry,"Table 3, body",1,−0.465,data,notes/review_results/partB/baseline_gap_tables.md,line 38; the line holds -0.465; anchor: | two (91 sets) |,"B27 (c): r(residual DiD, r₁ DiD) with any two subjects left out, maximum",ok,"3, 71 and 63 contain −0.18, −0.39 and −0.37 | — | −0.930 to −0.465 | — | | data without subject 8 | −0.785"
Results / 4. What the pairs' own autocorrelations and lag-0 correlations carry,"Table 3, body",1,8,label,,,subject 8: an index,ok,d −0.37 | — | −0.930 to −0.465 | — | | data without subject 8 | −0.785 | −1.361 to −0.208 | — | −0.67
Results / 4. What the pairs' own autocorrelations and lag-0 correlations carry,"Table 3, body",1,−0.785,data,notes/review_results/partB/baseline_gap_tables.md,line 39; the line holds -0.785; anchor: | subject 8 (the largest fall of r₁) |,B27 (c): slope without subject 8,ok,.37 | — | −0.930 to −0.465 | — | | data without subject 8 | −0.785 | −1.361 to −0.208 | — | −0.670 | — | |
Results / 4. What the pairs' own autocorrelations and lag-0 correlations carry,"Table 3, body",1,−1.361,data,notes/review_results/partB/baseline_gap_tables.md,line 39; the line holds -1.361; anchor: | subject 8 (the largest fall of r₁) |,"B27 (c): t interval without subject 8, lower limit",ok, −0.930 to −0.465 | — | | data without subject 8 | −0.785 | −1.361 to −0.208 | — | −0.670 | — | | data wit
Results / 4. What the pairs' own autocorrelations and lag-0 correlations carry,"Table 3, body",1,−0.208,data,notes/review_results/partB/baseline_gap_tables.md,line 39; the line holds -0.208; anchor: | subject 8 (the largest fall of r₁) |,"B27 (c): t interval without subject 8, upper limit",ok, −0.465 | — | | data without subject 8 | −0.785 | −1.361 to −0.208 | — | −0.670 | — | | data without subje
Results / 4. What the pairs' own autocorrelations and lag-0 correlations carry,"Table 3, body",2,−0.670,data,notes/review_results/partB/baseline_gap_tables.md,line 39; the line holds -0.670; anchor: | subject 8 (the largest fall of r₁) |,"B27 (c): r(residual DiD, r₁ DiD) without subject 8",ok, | data without subject 8 | −0.785 | −1.361 to −0.208 | — | −0.670 | — | | data without subject 14 | −0.69
Results / 4. What the pairs' own autocorrelations and lag-0 correlations carry,"Table 3, body",2,14,label,,,subject 14: an index,ok, −1.361 to −0.208 | — | −0.670 | — | | data without subject 14 | −0.699 | −1.180 to −0.218 | — | −0.69
Results / 4. What the pairs' own autocorrelations and lag-0 correlations carry,"Table 3, body",2,−0.699,data,notes/review_results/partB/baseline_gap_tables.md,line 40; the line holds -0.699; anchor: | subject 14 (the rise of r₁) |,B27 (c): slope without subject 14,ok,61 to −0.208 | — | −0.670 | — | | data without subject 14 | −0.699 | −1.180 to −0.218 | — | −0.694 | — | |
Results / 4. What the pairs' own autocorrelations and lag-0 correlations carry,"Table 3, body",1,−1.180,data,notes/review_results/partB/baseline_gap_tables.md,line 40; the line holds -1.180; anchor: | subject 14 (the rise of r₁) |,"B27 (c): t interval without subject 14, lower limit",ok,208 | — | −0.670 | — | | data without subject 14 | −0.699 | −1.180 to −0.218 | — | −0.694 | — | | data wit
Results / 4. What the pairs' own autocorrelations and lag-0 correlations carry,"Table 3, body",1,−0.218,data,notes/review_results/partB/baseline_gap_tables.md,line 40; the line holds -0.218; anchor: | subject 14 (the rise of r₁) |,"B27 (c): t interval without subject 14, upper limit",ok,−0.670 | — | | data without subject 14 | −0.699 | −1.180 to −0.218 | — | −0.694 | — | | data without subje
Results / 4. What the pairs' own autocorrelations and lag-0 correlations carry,"Table 3, body",1,−0.694,data,notes/review_results/partB/baseline_gap_tables.md,line 40; the line holds -0.694; anchor: | subject 14 (the rise of r₁) |,"B27 (c): r(residual DiD, r₁ DiD) without subject 14",ok,| data without subject 14 | −0.699 | −1.180 to −0.218 | — | −0.694 | — | | data without subjects 8 and 14 
Results / 4. What the pairs' own autocorrelations and lag-0 correlations carry,"Table 3, body",2,8,label,,,subject 8: an index,ok,−1.180 to −0.218 | — | −0.694 | — | | data without subjects 8 and 14 | −0.667 | −1.561 to +0.227 | — 
Results / 4. What the pairs' own autocorrelations and lag-0 correlations carry,"Table 3, body",3,14,label,,,subject 14: an index,ok, to −0.218 | — | −0.694 | — | | data without subjects 8 and 14 | −0.667 | −1.561 to +0.227 | — | −0.46
Results / 4. What the pairs' own autocorrelations and lag-0 correlations carry,"Table 3, body",1,−0.667,data,notes/review_results/partB/baseline_gap_tables.md,line 41; the line holds -0.667; anchor: | subjects 8 and 14 |,B27 (c): slope without subjects 8 and 14,ok,0.218 | — | −0.694 | — | | data without subjects 8 and 14 | −0.667 | −1.561 to +0.227 | — | −0.465 | — | |
Results / 4. What the pairs' own autocorrelations and lag-0 correlations carry,"Table 3, body",1,−1.561,data,notes/review_results/partB/baseline_gap_tables.md,line 41; the line holds -1.561; anchor: | subjects 8 and 14 |,"B27 (c): t interval without subjects 8 and 14, lower limit",ok, | −0.694 | — | | data without subjects 8 and 14 | −0.667 | −1.561 to +0.227 | — | −0.465 | — | | band-pas
Results / 4. What the pairs' own autocorrelations and lag-0 correlations carry,"Table 3, body",1,+0.227,data,notes/review_results/partB/baseline_gap_tables.md,line 41; the line holds +0.227; anchor: | subjects 8 and 14 |,"B27 (c): t interval without subjects 8 and 14, upper limit",ok,| — | | data without subjects 8 and 14 | −0.667 | −1.561 to +0.227 | — | −0.465 | — | | band-passed genera
Results / 4. What the pairs' own autocorrelations and lag-0 correlations carry,"Table 3, body",2,−0.465,data,notes/review_results/partB/baseline_gap_tables.md,line 41; the line holds -0.465; anchor: | subjects 8 and 14 |,"B27 (c): r(residual DiD, r₁ DiD) without subjects 8 and 14",ok,"without subjects 8 and 14 | −0.667 | −1.561 to +0.227 | — | −0.465 | — | | band-passed generator, step | −"
Results / 4. What the pairs' own autocorrelations and lag-0 correlations carry,"Table 3, body",1,−0.200,data,notes/review_results/partB/matched_slope_tables.md,"line 10; the line holds -0.200; anchor: | (i) band-passed, step |","B28, (i) band-passed, step: slope of the residual DiD on the r₁ DiD across the simulated subjects, mean ± SD over replicates",ok,"o +0.227 | — | −0.465 | — | | band-passed generator, step | −0.200 ± 0.091 | −0.407 to −0.012 | 0.000 | −0"
Results / 4. What the pairs' own autocorrelations and lag-0 correlations carry,"Table 3, body",1,0.091,data,notes/review_results/partB/matched_slope_tables.md,"line 10; the line holds 0.091; anchor: | (i) band-passed, step |","B28, (i) band-passed, step: slope of the residual DiD on the r₁ DiD across the simulated subjects, mean ± SD over replicates",ok,"| — | −0.465 | — | | band-passed generator, step | −0.200 ± 0.091 | −0.407 to −0.012 | 0.000 | −0.591 | +"
Results / 4. What the pairs' own autocorrelations and lag-0 correlations carry,"Table 3, body",1,−0.407,data,notes/review_results/partB/matched_slope_tables.md,"line 10; the line holds -0.407; anchor: | (i) band-passed, step |","B28, (i) band-passed, step: the central 95 % of the replicates' slopes (2.5th / 97.5th percentiles)",ok,".465 | — | | band-passed generator, step | −0.200 ± 0.091 | −0.407 to −0.012 | 0.000 | −0.591 | +0.0022 ± "
Results / 4. What the pairs' own autocorrelations and lag-0 correlations carry,"Table 3, body",1,−0.012,data,notes/review_results/partB/matched_slope_tables.md,"line 10; the line holds -0.012; anchor: | (i) band-passed, step |","B28, (i) band-passed, step: the central 95 % of the replicates' slopes (2.5th / 97.5th percentiles)",ok," | band-passed generator, step | −0.200 ± 0.091 | −0.407 to −0.012 | 0.000 | −0.591 | +0.0022 ± 0.0010 | |"
Results / 4. What the pairs' own autocorrelations and lag-0 correlations carry,"Table 3, body",1,0.000,data,notes/review_results/partB/matched_slope_tables.md,"line 10; the line holds 0.000; anchor: | (i) band-passed, step |","B28, (i) band-passed, step: share of replicates with a slope at or below the data's",ok,"assed generator, step | −0.200 ± 0.091 | −0.407 to −0.012 | 0.000 | −0.591 | +0.0022 ± 0.0010 | | band-pa"
Results / 4. What the pairs' own autocorrelations and lag-0 correlations carry,"Table 3, body",1,−0.591,data,notes/review_results/partB/matched_slope_tables.md,"line 10; the line holds -0.591; anchor: | (i) band-passed, step |","B28, (i) band-passed, step: mean r(residual DiD, r₁ DiD) over replicates",ok,"nerator, step | −0.200 ± 0.091 | −0.407 to −0.012 | 0.000 | −0.591 | +0.0022 ± 0.0010 | | band-passed gene"
Results / 4. What the pairs' own autocorrelations and lag-0 correlations carry,"Table 3, body",1,+0.0022,data,notes/review_results/partB/matched_slope_tables.md,"line 10; the line holds +0.0022; anchor: | (i) band-passed, step |","B28, (i) band-passed, step: residual DiD, mean ± SD over replicates",ok,"step | −0.200 ± 0.091 | −0.407 to −0.012 | 0.000 | −0.591 | +0.0022 ± 0.0010 | | band-passed generator, ram"
Results / 4. What the pairs' own autocorrelations and lag-0 correlations carry,"Table 3, body",1,0.0010,data,notes/review_results/partB/matched_slope_tables.md,"line 10; the line holds 0.0010; anchor: | (i) band-passed, step |","B28, (i) band-passed, step: residual DiD, mean ± SD over replicates",ok,"200 ± 0.091 | −0.407 to −0.012 | 0.000 | −0.591 | +0.0022 ± 0.0010 | | band-passed generator, ramp | −0.18"
Results / 4. What the pairs' own autocorrelations and lag-0 correlations carry,"Table 3, body",1,−0.185,data,notes/review_results/partB/matched_slope_tables.md,"line 11; the line holds -0.185; anchor: | (ii) band-passed, ramp |","B28, (ii) band-passed, ramp: slope of the residual DiD on the r₁ DiD across the simulated subjects, mean ± SD over replicates",ok,"−0.591 | +0.0022 ± 0.0010 | | band-passed generator, ramp | −0.185 ± 0.096 | −0.360 to −0.025 | 0.000 | −0"
Results / 4. What the pairs' own autocorrelations and lag-0 correlations carry,"Table 3, body",1,0.096,data,notes/review_results/partB/matched_slope_tables.md,"line 11; the line holds 0.096; anchor: | (ii) band-passed, ramp |","B28, (ii) band-passed, ramp: slope of the residual DiD on the r₁ DiD across the simulated subjects, mean ± SD over replicates",ok,"+0.0022 ± 0.0010 | | band-passed generator, ramp | −0.185 ± 0.096 | −0.360 to −0.025 | 0.000 | −0.501 | +"
Results / 4. What the pairs' own autocorrelations and lag-0 correlations carry,"Table 3, body",1,−0.360,data,notes/review_results/partB/matched_slope_tables.md,"line 11; the line holds -0.360; anchor: | (ii) band-passed, ramp |","B28, (ii) band-passed, ramp: the central 95 % of the replicates' slopes (2.5th / 97.5th percentiles)",ok,"± 0.0010 | | band-passed generator, ramp | −0.185 ± 0.096 | −0.360 to −0.025 | 0.000 | −0.501 | +0.0020 ± "
Results / 4. What the pairs' own autocorrelations and lag-0 correlations carry,"Table 3, body",1,−0.025,data,notes/review_results/partB/matched_slope_tables.md,"line 11; the line holds -0.025; anchor: | (ii) band-passed, ramp |","B28, (ii) band-passed, ramp: the central 95 % of the replicates' slopes (2.5th / 97.5th percentiles)",ok," | band-passed generator, ramp | −0.185 ± 0.096 | −0.360 to −0.025 | 0.000 | −0.501 | +0.0020 ± 0.0012 | |"
Results / 4. What the pairs' own autocorrelations and lag-0 correlations carry,"Table 3, body",2,0.000,data,notes/review_results/partB/matched_slope_tables.md,"line 11; the line holds 0.000; anchor: | (ii) band-passed, ramp |","B28, (ii) band-passed, ramp: share of replicates with a slope at or below the data's",ok,"assed generator, ramp | −0.185 ± 0.096 | −0.360 to −0.025 | 0.000 | −0.501 | +0.0020 ± 0.0012 | | AR(1) p"
Results / 4. What the pairs' own autocorrelations and lag-0 correlations carry,"Table 3, body",1,−0.501,data,notes/review_results/partB/matched_slope_tables.md,"line 11; the line holds -0.501; anchor: | (ii) band-passed, ramp |","B28, (ii) band-passed, ramp: mean r(residual DiD, r₁ DiD) over replicates",ok,"nerator, ramp | −0.185 ± 0.096 | −0.360 to −0.025 | 0.000 | −0.501 | +0.0020 ± 0.0012 | | AR(1) pairs, ste"
Results / 4. What the pairs' own autocorrelations and lag-0 correlations carry,"Table 3, body",1,+0.0020,data,notes/review_results/partB/matched_slope_tables.md,"line 11; the line holds +0.0020; anchor: | (ii) band-passed, ramp |","B28, (ii) band-passed, ramp: residual DiD, mean ± SD over replicates",ok,"ramp | −0.185 ± 0.096 | −0.360 to −0.025 | 0.000 | −0.501 | +0.0020 ± 0.0012 | | AR(1) pairs, step | −0.355"
Results / 4. What the pairs' own autocorrelations and lag-0 correlations carry,"Table 3, body",1,0.0012,data,notes/review_results/partB/matched_slope_tables.md,"line 11; the line holds 0.0012; anchor: | (ii) band-passed, ramp |","B28, (ii) band-passed, ramp: residual DiD, mean ± SD over replicates",ok,"185 ± 0.096 | −0.360 to −0.025 | 0.000 | −0.501 | +0.0020 ± 0.0012 | | AR(1) pairs, step | −0.355 ± 0.087 "
Results / 4. What the pairs' own autocorrelations and lag-0 correlations carry,"Table 3, body",2,1,label,,,AR(1): a name,ok,"−0.360 to −0.025 | 0.000 | −0.501 | +0.0020 ± 0.0012 | | AR(1) pairs, step | −0.355 ± 0.087 | −0.513 "
Results / 4. What the pairs' own autocorrelations and lag-0 correlations carry,"Table 3, body",1,−0.355,data,notes/review_results/partB/matched_slope_tables.md,"line 12; the line holds -0.355; anchor: | (iii) AR(1), step |","B28, (iii) AR(1), step: slope of the residual DiD on the r₁ DiD across the simulated subjects, mean ± SD over replicates",ok,"| 0.000 | −0.501 | +0.0020 ± 0.0012 | | AR(1) pairs, step | −0.355 ± 0.087 | −0.513 to −0.179 | 0.000 | −0"
Results / 4. What the pairs' own autocorrelations and lag-0 correlations carry,"Table 3, body",1,0.087,data,notes/review_results/partB/matched_slope_tables.md,"line 12; the line holds 0.087; anchor: | (iii) AR(1), step |","B28, (iii) AR(1), step: slope of the residual DiD on the r₁ DiD across the simulated subjects, mean ± SD over replicates",ok," −0.501 | +0.0020 ± 0.0012 | | AR(1) pairs, step | −0.355 ± 0.087 | −0.513 to −0.179 | 0.000 | −0.731 | +"
Results / 4. What the pairs' own autocorrelations and lag-0 correlations carry,"Table 3, body",1,−0.513,data,notes/review_results/partB/matched_slope_tables.md,"line 12; the line holds -0.513; anchor: | (iii) AR(1), step |","B28, (iii) AR(1), step: the central 95 % of the replicates' slopes (2.5th / 97.5th percentiles)",ok,"| +0.0020 ± 0.0012 | | AR(1) pairs, step | −0.355 ± 0.087 | −0.513 to −0.179 | 0.000 | −0.731 | +0.0049 ± "
Results / 4. What the pairs' own autocorrelations and lag-0 correlations carry,"Table 3, body",1,−0.179,data,notes/review_results/partB/matched_slope_tables.md,"line 12; the line holds -0.179; anchor: | (iii) AR(1), step |","B28, (iii) AR(1), step: the central 95 % of the replicates' slopes (2.5th / 97.5th percentiles)",ok,"± 0.0012 | | AR(1) pairs, step | −0.355 ± 0.087 | −0.513 to −0.179 | 0.000 | −0.731 | +0.0049 ± 0.0019 | |"
Results / 4. What the pairs' own autocorrelations and lag-0 correlations carry,"Table 3, body",3,0.000,data,notes/review_results/partB/matched_slope_tables.md,"line 12; the line holds 0.000; anchor: | (iii) AR(1), step |","B28, (iii) AR(1), step: share of replicates with a slope at or below the data's",ok,"| | AR(1) pairs, step | −0.355 ± 0.087 | −0.513 to −0.179 | 0.000 | −0.731 | +0.0049 ± 0.0019 | | AR(1) p"
Results / 4. What the pairs' own autocorrelations and lag-0 correlations carry,"Table 3, body",1,−0.731,data,notes/review_results/partB/matched_slope_tables.md,"line 12; the line holds -0.731; anchor: | (iii) AR(1), step |","B28, (iii) AR(1), step: mean r(residual DiD, r₁ DiD) over replicates",ok,") pairs, step | −0.355 ± 0.087 | −0.513 to −0.179 | 0.000 | −0.731 | +0.0049 ± 0.0019 | | AR(1) pairs, ram"
Results / 4. What the pairs' own autocorrelations and lag-0 correlations carry,"Table 3, body",1,+0.0049,data,notes/review_results/partB/matched_slope_tables.md,"line 12; the line holds +0.0049; anchor: | (iii) AR(1), step |","B28, (iii) AR(1), step: residual DiD, mean ± SD over replicates",ok,"step | −0.355 ± 0.087 | −0.513 to −0.179 | 0.000 | −0.731 | +0.0049 ± 0.0019 | | AR(1) pairs, ramp | −0.375"
Results / 4. What the pairs' own autocorrelations and lag-0 correlations carry,"Table 3, body",1,0.0019,data,notes/review_results/partB/matched_slope_tables.md,"line 12; the line holds 0.0019; anchor: | (iii) AR(1), step |","B28, (iii) AR(1), step: residual DiD, mean ± SD over replicates",ok,"355 ± 0.087 | −0.513 to −0.179 | 0.000 | −0.731 | +0.0049 ± 0.0019 | | AR(1) pairs, ramp | −0.375 ± 0.094 "
Results / 4. What the pairs' own autocorrelations and lag-0 correlations carry,"Table 3, body",3,1,label,,,AR(1): a name,ok,"−0.513 to −0.179 | 0.000 | −0.731 | +0.0049 ± 0.0019 | | AR(1) pairs, ramp | −0.375 ± 0.094 | −0.580 "
Results / 4. What the pairs' own autocorrelations and lag-0 correlations carry,"Table 3, body",1,−0.375,data,notes/review_results/partB/matched_slope_tables.md,"line 13; the line holds -0.375; anchor: | (iv) AR(1), ramp |","B28, (iv) AR(1), ramp: slope of the residual DiD on the r₁ DiD across the simulated subjects, mean ± SD over replicates",ok,"| 0.000 | −0.731 | +0.0049 ± 0.0019 | | AR(1) pairs, ramp | −0.375 ± 0.094 | −0.580 to −0.227 | 0.000 | −0"
Results / 4. What the pairs' own autocorrelations and lag-0 correlations carry,"Table 3, body",1,0.094,data,notes/review_results/partB/matched_slope_tables.md,"line 13; the line holds 0.094; anchor: | (iv) AR(1), ramp |","B28, (iv) AR(1), ramp: slope of the residual DiD on the r₁ DiD across the simulated subjects, mean ± SD over replicates",ok," −0.731 | +0.0049 ± 0.0019 | | AR(1) pairs, ramp | −0.375 ± 0.094 | −0.580 to −0.227 | 0.000 | −0.706 | +"
Results / 4. What the pairs' own autocorrelations and lag-0 correlations carry,"Table 3, body",1,−0.580,data,notes/review_results/partB/matched_slope_tables.md,"line 13; the line holds -0.580; anchor: | (iv) AR(1), ramp |","B28, (iv) AR(1), ramp: the central 95 % of the replicates' slopes (2.5th / 97.5th percentiles)",ok,"| +0.0049 ± 0.0019 | | AR(1) pairs, ramp | −0.375 ± 0.094 | −0.580 to −0.227 | 0.000 | −0.706 | +0.0042 ± "
Results / 4. What the pairs' own autocorrelations and lag-0 correlations carry,"Table 3, body",1,−0.227,data,notes/review_results/partB/matched_slope_tables.md,"line 13; the line holds -0.227; anchor: | (iv) AR(1), ramp |","B28, (iv) AR(1), ramp: the central 95 % of the replicates' slopes (2.5th / 97.5th percentiles)",ok,"± 0.0019 | | AR(1) pairs, ramp | −0.375 ± 0.094 | −0.580 to −0.227 | 0.000 | −0.706 | +0.0042 ± 0.0019 |"
Results / 4. What the pairs' own autocorrelations and lag-0 correlations carry,"Table 3, body",4,0.000,data,notes/review_results/partB/matched_slope_tables.md,"line 13; the line holds 0.000; anchor: | (iv) AR(1), ramp |","B28, (iv) AR(1), ramp: share of replicates with a slope at or below the data's",ok,"| | AR(1) pairs, ramp | −0.375 ± 0.094 | −0.580 to −0.227 | 0.000 | −0.706 | +0.0042 ± 0.0019 |"
Results / 4. What the pairs' own autocorrelations and lag-0 correlations carry,"Table 3, body",1,−0.706,data,notes/review_results/partB/matched_slope_tables.md,"line 13; the line holds -0.706; anchor: | (iv) AR(1), ramp |","B28, (iv) AR(1), ramp: mean r(residual DiD, r₁ DiD) over replicates",ok,") pairs, ramp | −0.375 ± 0.094 | −0.580 to −0.227 | 0.000 | −0.706 | +0.0042 ± 0.0019 |"
Results / 4. What the pairs' own autocorrelations and lag-0 correlations carry,"Table 3, body",1,+0.0042,data,notes/review_results/partB/matched_slope_tables.md,"line 13; the line holds +0.0042; anchor: | (iv) AR(1), ramp |","B28, (iv) AR(1), ramp: residual DiD, mean ± SD over replicates",ok,ramp | −0.375 ± 0.094 | −0.580 to −0.227 | 0.000 | −0.706 | +0.0042 ± 0.0019 |
Results / 4. What the pairs' own autocorrelations and lag-0 correlations carry,"Table 3, body",2,0.0019,data,notes/review_results/partB/matched_slope_tables.md,"line 13; the line holds 0.0019; anchor: | (iv) AR(1), ramp |","B28, (iv) AR(1), ramp: residual DiD, mean ± SD over replicates",ok,375 ± 0.094 | −0.580 to −0.227 | 0.000 | −0.706 | +0.0042 ± 0.0019 |
Results / 4. What the pairs' own autocorrelations and lag-0 correlations carry,paragraph 3,1,1,label,,,AR(1): a name,ok,"es to the residual depends on how the change is made: on AR(1) pairs it rises, falls or moves with th"
Results / 4. What the pairs' own autocorrelations and lag-0 correlations carry,paragraph 3,1,6,label,,,section number of S3 Text,ok,"regions raises it in proportion to the fall of r₁ (S3 Text §6, which gives each construction's respon"
Results / 4. What the pairs' own autocorrelations and lag-0 correlations carry,paragraph 3,1,0,label,,,lag-0: a name,ok,"pe the generators lack, with a coupling change at fixed lag-0 structure and with a weakening of lagge"
Results / 5. Lag dependence,paragraph 1,1,0.848,data,notes/review_results/partB/lag_tables.md,line 8; the line holds 0.848; anchor: | 1 | W60 | 0.848,mean r_τ,ok,"our-vector, as the mean lag-τ autocorrelation r_τ falls from 0.848 at τ = 1 to 0.513, 0.139 and −0.202 at"
Results / 5. Lag dependence,paragraph 1,1,1,label,,,"τ = 1, lag-1: labels",ok,"s the mean lag-τ autocorrelation r_τ falls from 0.848 at τ = 1 to 0.513, 0.139 and −0.202 at τ = 2, 3"
Results / 5. Lag dependence,paragraph 1,1,0.513,data,notes/review_results/partB/lag_tables.md,line 10; the line holds 0.513; anchor: | 2 | W60 | 0.513,mean r_τ,ok," mean lag-τ autocorrelation r_τ falls from 0.848 at τ = 1 to 0.513, 0.139 and −0.202 at τ = 2, 3 and 5, t"
Results / 5. Lag dependence,paragraph 1,1,0.139,data,notes/review_results/partB/lag_tables.md,line 12; the line holds 0.139; anchor: | 3 | W60 | 0.139,mean r_τ,ok,"ag-τ autocorrelation r_τ falls from 0.848 at τ = 1 to 0.513, 0.139 and −0.202 at τ = 2, 3 and 5, the sts "
Results / 5. Lag dependence,paragraph 1,1,−0.202,data,notes/review_results/partB/lag_tables.md,line 14; the line holds -0.202; anchor: | 5 | W60 | -0.202,mean r_τ,ok,"orrelation r_τ falls from 0.848 at τ = 1 to 0.513, 0.139 and −0.202 at τ = 2, 3 and 5, the sts level follo"
Results / 5. Lag dependence,paragraph 1,1,2,label,,,τ = 2,ok," falls from 0.848 at τ = 1 to 0.513, 0.139 and −0.202 at τ = 2, 3 and 5, the sts level follows |r_τ| "
Results / 5. Lag dependence,paragraph 1,1,3,label,,,τ = 3,ok,"lls from 0.848 at τ = 1 to 0.513, 0.139 and −0.202 at τ = 2, 3 and 5, the sts level follows |r_τ| (1."
Results / 5. Lag dependence,paragraph 1,1,5,label,,,τ = 5,ok,"om 0.848 at τ = 1 to 0.513, 0.139 and −0.202 at τ = 2, 3 and 5, the sts level follows |r_τ| (1.1554, "
Results / 5. Lag dependence,paragraph 1,1,1.1554,data,notes/review_results/partB/lag_tables.md,line 8; the line holds 1.1554; anchor: | 1 | W60 |,sts level (DMT pre) 1.1554,ok," and −0.202 at τ = 2, 3 and 5, the sts level follows |r_τ| (1.1554, 0.1797, 0.0262, 0.0415) and the sts co"
Results / 5. Lag dependence,paragraph 1,1,0.1797,data,notes/review_results/partB/lag_tables.md,line 10; the line holds 0.1797; anchor: | 2 | W60 |,sts level,ok,"202 at τ = 2, 3 and 5, the sts level follows |r_τ| (1.1554, 0.1797, 0.0262, 0.0415) and the sts contrast s"
Results / 5. Lag dependence,paragraph 1,1,0.0262,data,notes/review_results/partB/lag_tables.md,line 12; the line holds 0.0262; anchor: | 3 | W60 |,sts level,ok," = 2, 3 and 5, the sts level follows |r_τ| (1.1554, 0.1797, 0.0262, 0.0415) and the sts contrast shrinks ("
Results / 5. Lag dependence,paragraph 1,1,0.0415,data,notes/review_results/partB/lag_tables.md,line 14; the line holds 0.0415; anchor: | 5 | W60 |,sts level,ok,"and 5, the sts level follows |r_τ| (1.1554, 0.1797, 0.0262, 0.0415) and the sts contrast shrinks (−0.0809,"
Results / 5. Lag dependence,paragraph 1,1,−0.0809,data,notes/review_results/partB/lag_tables.md,line 8; the line holds -0.0809; anchor: | 1 | W60 |,sts DiD −0.0809,ok,"1554, 0.1797, 0.0262, 0.0415) and the sts contrast shrinks (−0.0809, −0.0429, −0.0043, −0.0024; p = 0.0038,"
Results / 5. Lag dependence,paragraph 1,1,−0.0429,data,notes/review_results/partB/lag_tables.md,line 10; the line holds -0.0429; anchor: | 2 | W60 |,sts DiD and p,ok,"797, 0.0262, 0.0415) and the sts contrast shrinks (−0.0809, −0.0429, −0.0043, −0.0024; p = 0.0038, 0.0037, "
Results / 5. Lag dependence,paragraph 1,1,−0.0043,data,notes/review_results/partB/lag_tables.md,line 12; the line holds -0.0043; anchor: | 3 | W60 |,sts DiD and p,ok,"62, 0.0415) and the sts contrast shrinks (−0.0809, −0.0429, −0.0043, −0.0024; p = 0.0038, 0.0037, 0.0018, 0"
Results / 5. Lag dependence,paragraph 1,1,−0.0024,data,notes/review_results/partB/lag_tables.md,line 14; the line holds -0.0024; anchor: | 5 | W60 |,sts DiD and p,ok,"5) and the sts contrast shrinks (−0.0809, −0.0429, −0.0043, −0.0024; p = 0.0038, 0.0037, 0.0018, 0.37), tra"
Results / 5. Lag dependence,paragraph 1,1,0.0038,data,notes/review_results/partB/lag_tables.md,line 8; the line holds 0.0038; anchor: | 1 | W60 |,sts DiD and p,ok,"s contrast shrinks (−0.0809, −0.0429, −0.0043, −0.0024; p = 0.0038, 0.0037, 0.0018, 0.37), tracking the la"
Results / 5. Lag dependence,paragraph 1,1,0.0037,data,notes/review_results/partB/lag_tables.md,line 10; the line holds 0.0037; anchor: | 2 | W60 |,sts DiD and p,ok,"st shrinks (−0.0809, −0.0429, −0.0043, −0.0024; p = 0.0038, 0.0037, 0.0018, 0.37), tracking the lag-τ auto"
Results / 5. Lag dependence,paragraph 1,1,0.0018,data,notes/review_results/partB/lag_tables.md,line 12; the line holds 0.0018; anchor: | 3 | W60 |,sts DiD and p,ok,"ks (−0.0809, −0.0429, −0.0043, −0.0024; p = 0.0038, 0.0037, 0.0018, 0.37), tracking the lag-τ autocorrelat"
Results / 5. Lag dependence,paragraph 1,1,0.37,data,notes/review_results/partB/lag_tables.md,line 14; the line holds 0.3688; anchor: | 5 | W60 |,sts DiD and p,ok,"809, −0.0429, −0.0043, −0.0024; p = 0.0038, 0.0037, 0.0018, 0.37), tracking the lag-τ autocorrelation co"
Results / 5. Lag dependence,paragraph 1,2,3,label,,,lag index,ok,"-τ autocorrelation contrast per subject, only partly at τ = 3 and with the sign reversed at τ = 5, wh"
Results / 5. Lag dependence,paragraph 1,2,5,label,,,lag index,ok,"ect, only partly at τ = 3 and with the sign reversed at τ = 5, where r₅ is negative. Relative to plac"
Results / 5. Lag dependence,paragraph 1,2,1,label,,,"τ = 1, lag-1: labels",ok,"ves under DMT towards a faster decay, of which r₁ is the lag-1 summary (the in-band spectral centroid"
Results / 5. Lag dependence,paragraph 1,1,+0.0023,data,notes/review_results/logs/rev_extra.log,line 27; the line holds +0.00231; anchor: in-band spectral centroid (Hz): DMT pre 0.0369,+0.00231 Hz,ok,"s the lag-1 summary (the in-band spectral centroid rises by +0.0023 Hz, p = 0.022; post hoc). No lag moves "
Results / 5. Lag dependence,paragraph 1,1,0.022,data,notes/review_results/logs/rev_extra.log,line 27; the line holds 0.0217; anchor: in-band spectral centroid (Hz): DMT pre 0.0369,p 0.0217,ok,"ary (the in-band spectral centroid rises by +0.0023 Hz, p = 0.022; post hoc). No lag moves the pairs to w"
Results / 5. Lag dependence,"Fig 6, caption",1,60,design,manuscript/analysis_record.md,line 189; anchor: W = 60,W = 60,ok,"**Fig 6. Lag dependence.** S14 Table; ts_gsr, W = 60, N = 14; points are group-mean primary"
Results / 5. Lag dependence,"Fig 6, caption",1,14,design,manuscript/analysis_record.md,line 48; anchor: 14 subjects × 2 conditions,N = 14 subjects,ok,"**Fig 6. Lag dependence.** S14 Table; ts_gsr, W = 60, N = 14; points are group-mean primary DiDs, D"
Results / 5. Lag dependence,"Fig 6, caption",1,6,design,notes/review_results/partB/family_atoms_tables.md,"line 4; anchor: level = DMT windows 1–4, DiD = windows 6–14 minus 1–4","design: the window sets (level, windows 1–4; DiD, windows 6–14 minus 1–4) and the 14 subjects, as the file's head states them",ok,"are group-mean primary DiDs, DMT minus placebo, post windows 6–14 minus pre 1–4; whiskers are inverte"
Results / 5. Lag dependence,"Fig 6, caption",2,14,design,notes/review_results/partB/family_atoms_tables.md,"line 4; anchor: level = DMT windows 1–4, DiD = windows 6–14 minus 1–4","design: the window sets (level, windows 1–4; DiD, windows 6–14 minus 1–4) and the 14 subjects, as the file's head states them",ok,"e group-mean primary DiDs, DMT minus placebo, post windows 6–14 minus pre 1–4; whiskers are inverted s"
Results / 5. Lag dependence,"Fig 6, caption",1,1,design,manuscript/analysis_record.md,line 1747; anchor: Primary (pre windows 1–4 / bins 1–8; post windows 6–14 / bins 11–28),the primary window sets,ok,"primary DiDs, DMT minus placebo, post windows 6–14 minus pre 1–4; whiskers are inverted sign-flip 95 "
Results / 5. Lag dependence,"Fig 6, caption",1,4,design,manuscript/analysis_record.md,line 1747; anchor: Primary (pre windows 1–4 / bins 1–8; post windows 6–14 / bins 11–28),the primary window sets,ok,"imary DiDs, DMT minus placebo, post windows 6–14 minus pre 1–4; whiskers are inverted sign-flip 95 % "
Results / 5. Lag dependence,"Fig 6, caption",1,95,label,,,95 % interval: the coverage,ok, windows 6–14 minus pre 1–4; whiskers are inverted sign-flip 95 % intervals of the mean over subjects 
Results / 5. Lag dependence,"Fig 6, caption",2,1,label,,,lag index,ok,"oint is in S14 Table. (a) The whole-brain MMI-sts DiD at τ = 1 (−0.0809), 2 (−0.0429), 3 (−0.0043), 5"
Results / 5. Lag dependence,"Fig 6, caption",1,−0.0809,data,notes/review_results/partB/lag_tables.md,line 8; the line holds -0.0809; anchor: | 1 | W60 |,sts DiD at τ = 1,ok,"t is in S14 Table. (a) The whole-brain MMI-sts DiD at τ = 1 (−0.0809), 2 (−0.0429), 3 (−0.0043), 5 (−0.0024"
Results / 5. Lag dependence,"Fig 6, caption",1,2,label,,,lag index,ok,"4 Table. (a) The whole-brain MMI-sts DiD at τ = 1 (−0.0809), 2 (−0.0429), 3 (−0.0043), 5 (−0.0024) na"
Results / 5. Lag dependence,"Fig 6, caption",1,−0.0429,data,notes/review_results/partB/lag_tables.md,line 10; the line holds -0.0429; anchor: | 2 | W60 |,sts DiD at τ = 2,ok,"able. (a) The whole-brain MMI-sts DiD at τ = 1 (−0.0809), 2 (−0.0429), 3 (−0.0043), 5 (−0.0024) nats, with "
Results / 5. Lag dependence,"Fig 6, caption",1,3,label,,,lag index,ok,"The whole-brain MMI-sts DiD at τ = 1 (−0.0809), 2 (−0.0429), 3 (−0.0043), 5 (−0.0024) nats, with r, t"
Results / 5. Lag dependence,"Fig 6, caption",1,−0.0043,data,notes/review_results/partB/lag_tables.md,line 12; the line holds -0.0043; anchor: | 3 | W60 |,sts DiD at τ = 3,ok," whole-brain MMI-sts DiD at τ = 1 (−0.0809), 2 (−0.0429), 3 (−0.0043), 5 (−0.0024) nats, with r, the per-su"
Results / 5. Lag dependence,"Fig 6, caption",1,5,label,,,lag index,ok,"in MMI-sts DiD at τ = 1 (−0.0809), 2 (−0.0429), 3 (−0.0043), 5 (−0.0024) nats, with r, the per-subjec"
Results / 5. Lag dependence,"Fig 6, caption",1,−0.0024,data,notes/review_results/partB/lag_tables.md,line 14; the line holds -0.0024; anchor: | 5 | W60 |,sts DiD at τ = 5,ok,"MMI-sts DiD at τ = 1 (−0.0809), 2 (−0.0429), 3 (−0.0043), 5 (−0.0024) nats, with r, the per-subject correla"
Results / 5. Lag dependence,"Fig 6, caption",1,+0.953,data,notes/review_results/partB/lag_tables.md,line 8; the line holds +0.953; anchor: | 1 | W60 |,"r(sts DiD, lag-τ autocorr DiD) at τ = 1",ok,"ation between the sts DiD and the lag-τ autocorrelation DiD (+0.953, +0.970, +0.626, −0.832). (b) The whol"
Results / 5. Lag dependence,"Fig 6, caption",1,+0.970,data,notes/review_results/partB/lag_tables.md,line 10; the line holds +0.970; anchor: | 2 | W60 |,"r(sts DiD, lag-τ autocorr DiD) at τ = 2",ok,"tween the sts DiD and the lag-τ autocorrelation DiD (+0.953, +0.970, +0.626, −0.832). (b) The whole-brain "
Results / 5. Lag dependence,"Fig 6, caption",1,+0.626,data,notes/review_results/partB/lag_tables.md,line 12; the line holds +0.626; anchor: | 3 | W60 |,"r(sts DiD, lag-τ autocorr DiD) at τ = 3",ok,"e sts DiD and the lag-τ autocorrelation DiD (+0.953, +0.970, +0.626, −0.832). (b) The whole-brain lag-τ au"
Results / 5. Lag dependence,"Fig 6, caption",1,−0.832,data,notes/review_results/partB/lag_tables.md,line 14; the line holds -0.832; anchor: | 5 | W60 |,"r(sts DiD, lag-τ autocorr DiD) at τ = 5",ok,"D and the lag-τ autocorrelation DiD (+0.953, +0.970, +0.626, −0.832). (b) The whole-brain lag-τ autocorrel"
Results / 5. Lag dependence,"Fig 6, caption",1,−0.0146,data,notes/review_results/partB/lag_tables.md,line 8; the line holds -0.0146; anchor: | 1 | W60 |,r_τ DiD at τ = 1,ok," The whole-brain lag-τ autocorrelation DiD at the same lags (−0.0146, −0.0468, −0.0681, −0.0108); the x-axi"
Results / 5. Lag dependence,"Fig 6, caption",1,−0.0468,data,notes/review_results/partB/lag_tables.md,line 10; the line holds -0.0468; anchor: | 2 | W60 |,r_τ DiD at τ = 2,ok,"e-brain lag-τ autocorrelation DiD at the same lags (−0.0146, −0.0468, −0.0681, −0.0108); the x-axis labels "
Results / 5. Lag dependence,"Fig 6, caption",1,−0.0681,data,notes/review_results/partB/lag_tables.md,line 12; the line holds -0.0681; anchor: | 3 | W60 |,r_τ DiD at τ = 3,ok,"ag-τ autocorrelation DiD at the same lags (−0.0146, −0.0468, −0.0681, −0.0108); the x-axis labels give the "
Results / 5. Lag dependence,"Fig 6, caption",1,−0.0108,data,notes/review_results/partB/lag_tables.md,line 14; the line holds -0.0108; anchor: | 5 | W60 |,r_τ DiD at τ = 5,ok,"correlation DiD at the same lags (−0.0146, −0.0468, −0.0681, −0.0108); the x-axis labels give the DMT pre-i"
Results / 5. Lag dependence,"Fig 6, caption",3,1,design,manuscript/analysis_record.md,line 1747; anchor: Primary (pre windows 1–4 / bins 1–8; post windows 6–14 / bins 11–28),pre-injection windows 1–4,ok,e x-axis labels give the DMT pre-injection mean r_τ (windows 1–4). Where the interval of the lag-τ au
Results / 5. Lag dependence,"Fig 6, caption",2,4,design,manuscript/analysis_record.md,line 1747; anchor: Primary (pre windows 1–4 / bins 1–8; post windows 6–14 / bins 11–28),pre-injection windows 1–4,ok,x-axis labels give the DMT pre-injection mean r_τ (windows 1–4). Where the interval of the lag-τ auto
Results / 5. Lag dependence,"Fig 6, caption",4,1,label,,,lag index,ok,"al of the lag-τ autocorrelation contrast excludes zero (τ = 1, 2, 3), the sts contrast is negative an"
Results / 5. Lag dependence,"Fig 6, caption",2,2,label,,,lag index,ok,"of the lag-τ autocorrelation contrast excludes zero (τ = 1, 2, 3), the sts contrast is negative and i"
Results / 5. Lag dependence,"Fig 6, caption",2,3,label,,,lag index,ok,"the lag-τ autocorrelation contrast excludes zero (τ = 1, 2, 3), the sts contrast is negative and its "
Results / 5. Lag dependence,"Fig 6, caption",2,5,label,,,lag index,ok,"trast is negative and its interval excludes zero too; at τ = 5, where the autocorrelation contrast's "
Results / 5. Lag dependence,"Fig 6, caption",1,0.57,data,notes/review_results/partB/lag_tables.md,line 14; the line holds 0.5670; anchor: | 5 | W60 |,r_τ DiD's exact p at τ = 5,ok," the autocorrelation contrast's interval includes zero (p = 0.57), so does the sts contrast's (p = 0.37)"
Results / 5. Lag dependence,"Fig 6, caption",1,0.37,data,notes/review_results/partB/lag_tables.md,line 14; the line holds 0.3688; anchor: | 5 | W60 |,sts DiD's exact p at τ = 5,ok,"l includes zero (p = 0.57), so does the sts contrast's (p = 0.37); the r_τ DiD grows in size with τ up t"
Results / 5. Lag dependence,"Fig 6, caption",3,3,label,,,lag index,ok,ast's (p = 0.37); the r_τ DiD grows in size with τ up to τ = 3 while the sts DiD shrinks with the ato
Results / 5. Lag dependence,"Fig 6, caption",4,3,label,,,lag index,ok,"to τ = 3 while the sts DiD shrinks with the atom, and at τ = 3 the per-subject tracking is only parti"
"Results / 6. CCS: a near-zero synergy atom, nearly flat in r₁",paragraph 1,1,−0.048,data,notes/review_results/partB/ccs_pub_tables.md,line 25; the line holds -0.0480; anchor: | sts | -0.0480 | -0.0387 | +1.1554,pub CCS-sts level −0.0480 (ts_gsr W60),ok,Under CCS whole-brain sts is −0.048 nats (MMI 1.155): the CCS synergy atom 
"Results / 6. CCS: a near-zero synergy atom, nearly flat in r₁",paragraph 1,1,1.155,data,notes/review_results/partB/ccs_pub_tables.md,line 25; the line holds +1.1554; anchor: | sts | -0.0480 | -0.0387 | +1.1554,MMI level 1.1554,ok,Under CCS whole-brain sts is −0.048 nats (MMI 1.155): the CCS synergy atom is negative in t
"Results / 6. CCS: a near-zero synergy atom, nearly flat in r₁",paragraph 1,1,−0.015,data,manuscript/supplementary.md,line 1464; the line holds −0.01535; anchor: | 0.80 | 0.10 | −0.01535 |,"S18 Table (c): the CCS synergy atom's least negative value on the grid, −0.01535 (mean a 0.80, q 0.10)",ok,CCS synergy atom is negative in the data and on the family (−0.015 to −0.036 nats on the grid of S18 Table
"Results / 6. CCS: a near-zero synergy atom, nearly flat in r₁",paragraph 1,1,−0.036,data,manuscript/supplementary.md,line 1477; the line holds −0.03637; anchor: | 0.87 | 0.40 | −0.03637 |,"S18 Table (c): the CCS synergy atom's most negative value on the grid, −0.03637 (mean a 0.87, q 0.40)",ok,y atom is negative in the data and on the family (−0.015 to −0.036 nats on the grid of S18 Table); CCS is 
"Results / 6. CCS: a near-zero synergy atom, nearly flat in r₁",paragraph 1,1,1,label,,,AR(1): a name,ok,"function, not offered as a replacement. On the symmetric AR(1) family at fixed q it is nearly flat in"
"Results / 6. CCS: a near-zero synergy atom, nearly flat in r₁",paragraph 1,1,−0.013,data,notes/review_results/partB/diagnostic_alternatives_tables.md,line 144; the line holds -0.0134; anchor: Central-difference slope of CCS-sts,−0.0134,ok," symmetric AR(1) family at fixed q it is nearly flat in r₁ (−0.013 nats per unit at (0.85, 0.25), against "
"Results / 6. CCS: a near-zero synergy atom, nearly flat in r₁",paragraph 1,1,0.85,design,notes/review_results/partB/diagnostic_alternatives_tables.md,"line 144; anchor: at (0.85, 0.25)",the operating point,ok,"t fixed q it is nearly flat in r₁ (−0.013 nats per unit at (0.85, 0.25), against +6.07 for MMI-sts, and "
"Results / 6. CCS: a near-zero synergy atom, nearly flat in r₁",paragraph 1,1,0.25,design,notes/review_results/partB/diagnostic_alternatives_tables.md,"line 144; anchor: at (0.85, 0.25)",the operating point,ok,"d q it is nearly flat in r₁ (−0.013 nats per unit at (0.85, 0.25), against +6.07 for MMI-sts, and not mo"
"Results / 6. CCS: a near-zero synergy atom, nearly flat in r₁",paragraph 1,1,+6.07,data,notes/review_results/partB/exchange_rates_tables.md,line 8; the line holds +6.0705; anchor: r₁ (both members),"∂sts/∂r₁ on the symmetric AR(1) family at (0.85, 0.25), +6.0705, as in Results 1",ok,"y flat in r₁ (−0.013 nats per unit at (0.85, 0.25), against +6.07 for MMI-sts, and not monotone; S18 Tabl"
"Results / 6. CCS: a near-zero synergy atom, nearly flat in r₁",paragraph 1,1,−0.011,data,notes/review_results/partB/ccs_pub_tables.md,"line 33; the line holds -0.011; anchor: Per-pair, subject 1 DMT window 6",−0.011,ok,e window of one subject CCS-sts does not track pair r₁ (r = −0.011; MMI-sts +0.742); across the 28 conditi
"Results / 6. CCS: a near-zero synergy atom, nearly flat in r₁",paragraph 1,1,+0.742,data,notes/review_results/partB/ccs_pub_tables.md,"line 33; the line holds +0.742; anchor: Per-pair, subject 1 DMT window 6",MMI +0.742,ok,subject CCS-sts does not track pair r₁ (r = −0.011; MMI-sts +0.742); across the 28 condition × window grou
"Results / 6. CCS: a near-zero synergy atom, nearly flat in r₁",paragraph 1,1,28,design,notes/review_results/partB/ccs_pub_tables.md,line 32; anchor: 28 condition-windows,28 group means,ok," not track pair r₁ (r = −0.011; MMI-sts +0.742); across the 28 condition × window group means, which f"
"Results / 6. CCS: a near-zero synergy atom, nearly flat in r₁",paragraph 1,1,−0.64,data,notes/review_results/partB/ccs_pub_tables.md,line 32; the line holds -0.639; anchor: 28 condition-windows,−0.639,ok,"he drug's time course, it moves inversely with mean r₁ (r = −0.64; MMI-sts +0.98); and its per-subject Di"
"Results / 6. CCS: a near-zero synergy atom, nearly flat in r₁",paragraph 1,1,+0.98,data,notes/review_results/partB/ccs_pub_tables.md,line 32; the line holds +0.977; anchor: 28 condition-windows,+0.977,ok,"course, it moves inversely with mean r₁ (r = −0.64; MMI-sts +0.98); and its per-subject DiD correlates wi"
"Results / 6. CCS: a near-zero synergy atom, nearly flat in r₁",paragraph 1,1,−0.43,data,notes/review_results/partB/inference_revision_tables.md,"line 269; the line holds -0.428; anchor: Table 3: r(CCS-sts DiD, r₁ DiD), ts_demean, W60",−0.428,ok,.98); and its per-subject DiD correlates with the r₁ DiD at −0.43 to −0.27 in the four variant × estimato
"Results / 6. CCS: a near-zero synergy atom, nearly flat in r₁",paragraph 1,1,−0.27,derived,,"derived: −0.2748 at full precision (per-subject DiDs of inference_rows_ccs_pub.pkl and inference_rows_raw.pkl; −0.275 in IRT (d), ts_gsr global)",,ok," its per-subject DiD correlates with the r₁ DiD at −0.43 to −0.27 in the four variant × estimator cells, "
"Results / 6. CCS: a near-zero synergy atom, nearly flat in r₁",paragraph 1,1,14,design,manuscript/analysis_record.md,line 48; anchor: 14 subjects × 2 conditions,N = 14,ok,"timator cells, each Fisher-z interval including zero at N = 14, with a split-half reliability of 0.30."
"Results / 6. CCS: a near-zero synergy atom, nearly flat in r₁",paragraph 1,1,0.30,data,notes/review_results/partB/splithalf_tables.md,line 13; the line holds +0.302; anchor: Split-half reliabilities (odd vs even per-subject DiD): residual +0.494,pub CCS-sts +0.302 (ts_gsr),ok," including zero at N = 14, with a split-half reliability of 0.30."
"Results / 6. CCS: a near-zero synergy atom, nearly flat in r₁",paragraph 2,1,+0.0044,data,notes/review_results/partB/inference_revision.csv,"line 75; the line holds 0.004378264941685652; anchor: pickle,CCSpub sts ts_gsr W60,primary,did,","B21; 3 of 14 negative, so 11 positive",ok,"DMT contrast was positive in every combination (S15 Table): +0.0044 [−0.0001, +0.0088] at the primary estim"
"Results / 6. CCS: a near-zero synergy atom, nearly flat in r₁",paragraph 2,1,−0.0001,data,notes/review_results/partB/inference_revision.csv,"line 75; the line holds -0.00012230471225737325; anchor: pickle,CCSpub sts ts_gsr W60,primary,did,","B21; 3 of 14 negative, so 11 positive",ok,"ast was positive in every combination (S15 Table): +0.0044 [−0.0001, +0.0088] at the primary estimator (exa"
"Results / 6. CCS: a near-zero synergy atom, nearly flat in r₁",paragraph 2,1,+0.0088,data,notes/review_results/partB/inference_revision.csv,"line 75; the line holds 0.008820314846644991; anchor: pickle,CCSpub sts ts_gsr W60,primary,did,","B21; 3 of 14 negative, so 11 positive",ok,"ositive in every combination (S15 Table): +0.0044 [−0.0001, +0.0088] at the primary estimator (exact p = 0."
"Results / 6. CCS: a near-zero synergy atom, nearly flat in r₁",paragraph 2,1,0.056,data,notes/review_results/partB/inference_revision.csv,"line 75; the line holds 0.055908203125; anchor: pickle,CCSpub sts ts_gsr W60,primary,did,","B21; 3 of 14 negative, so 11 positive",ok,"0044 [−0.0001, +0.0088] at the primary estimator (exact p = 0.056, positive in 11 of 14) and +0.0197 [+0."
"Results / 6. CCS: a near-zero synergy atom, nearly flat in r₁",paragraph 2,1,11,derived,,"derived: 14 − n_neg (n_neg 3 in IRC row 'pickle,CCSpub sts ts_gsr W60,primary,did')",,ok,"088] at the primary estimator (exact p = 0.056, positive in 11 of 14) and +0.0197 [+0.0133, +0.0261] a"
"Results / 6. CCS: a near-zero synergy atom, nearly flat in r₁",paragraph 2,1,14,design,manuscript/analysis_record.md,line 48; anchor: 14 subjects × 2 conditions,N = 14,ok,"t the primary estimator (exact p = 0.056, positive in 11 of 14) and +0.0197 [+0.0133, +0.0261] at the "
"Results / 6. CCS: a near-zero synergy atom, nearly flat in r₁",paragraph 2,1,+0.0197,data,notes/review_results/partB/inference_revision.csv,"line 93; the line holds 0.019654192537662738; anchor: pickle,CCSpub sts ts_gsr global-bins,primary,did,",B21,ok,"imary estimator (exact p = 0.056, positive in 11 of 14) and +0.0197 [+0.0133, +0.0261] at the global fit (p"
"Results / 6. CCS: a near-zero synergy atom, nearly flat in r₁",paragraph 2,1,+0.0133,data,notes/review_results/partB/inference_revision.csv,"line 93; the line holds 0.013277801028347677; anchor: pickle,CCSpub sts ts_gsr global-bins,primary,did,",B21,ok,"imator (exact p = 0.056, positive in 11 of 14) and +0.0197 [+0.0133, +0.0261] at the global fit (p = 0.0002"
"Results / 6. CCS: a near-zero synergy atom, nearly flat in r₁",paragraph 2,1,+0.0261,data,notes/review_results/partB/inference_revision.csv,"line 93; the line holds 0.02608459655113092; anchor: pickle,CCSpub sts ts_gsr global-bins,primary,did,",B21,ok,"xact p = 0.056, positive in 11 of 14) and +0.0197 [+0.0133, +0.0261] at the global fit (p = 0.0002, 13 of 1"
"Results / 6. CCS: a near-zero synergy atom, nearly flat in r₁",paragraph 2,1,0.0002,data,notes/review_results/partB/inference_revision.csv,"line 93; the line holds 0.000244140625; anchor: pickle,CCSpub sts ts_gsr global-bins,primary,did,",B21,ok,"f 14) and +0.0197 [+0.0133, +0.0261] at the global fit (p = 0.0002, 13 of 14); an exact decomposition loca"
"Results / 6. CCS: a near-zero synergy atom, nearly flat in r₁",paragraph 2,1,13,derived,,"derived: 14 − n_neg (n_neg 1 in IRC row 'pickle,CCSpub sts ts_gsr global-bins,primary,did')",,ok,"d +0.0197 [+0.0133, +0.0261] at the global fit (p = 0.0002, 13 of 14); an exact decomposition locates "
"Results / 6. CCS: a near-zero synergy atom, nearly flat in r₁",paragraph 2,2,14,design,manuscript/analysis_record.md,line 48; anchor: 14 subjects × 2 conditions,N = 14,ok,"197 [+0.0133, +0.0261] at the global fit (p = 0.0002, 13 of 14); an exact decomposition locates the gl"
"Results / 6. CCS: a near-zero synergy atom, nearly flat in r₁",paragraph 2,1,+0.0007,data,notes/review_results/partB/inference_revision.csv,"line 633; the line holds 0.0006606576362334171; anchor: pickle,PhiR ts_gsr W60,primary,did,",B21,ok,"ding. ΦR, the quantity of the workspace account, changed by +0.0007 [−0.0093, +0.0112] (p = 0.90) at the pr"
"Results / 6. CCS: a near-zero synergy atom, nearly flat in r₁",paragraph 2,1,−0.0093,data,notes/review_results/partB/inference_revision.csv,"line 633; the line holds -0.009344936418783437; anchor: pickle,PhiR ts_gsr W60,primary,did,",B21,ok," the quantity of the workspace account, changed by +0.0007 [−0.0093, +0.0112] (p = 0.90) at the primary var"
"Results / 6. CCS: a near-zero synergy atom, nearly flat in r₁",paragraph 2,1,+0.0112,data,notes/review_results/partB/inference_revision.csv,"line 633; the line holds 0.011213907412493618; anchor: pickle,PhiR ts_gsr W60,primary,did,",B21,ok,"tity of the workspace account, changed by +0.0007 [−0.0093, +0.0112] (p = 0.90) at the primary variant and "
"Results / 6. CCS: a near-zero synergy atom, nearly flat in r₁",paragraph 2,1,0.90,data,notes/review_results/partB/inference_revision.csv,"line 633; the line holds 0.8970947265625; anchor: pickle,PhiR ts_gsr W60,primary,did,",B21,ok,"rkspace account, changed by +0.0007 [−0.0093, +0.0112] (p = 0.90) at the primary variant and estimator, "
"Results / 6. CCS: a near-zero synergy atom, nearly flat in r₁",paragraph 2,1,12,derived,,derived: 0.0112 / 0.096 = 11.7 % (IRC PhiR row; RAW PhiR pre_dmt),,ok,"imator, an interval that excludes changes larger than about 12 % of its pre-injection level (0.096) in"
"Results / 6. CCS: a near-zero synergy atom, nearly flat in r₁",paragraph 2,1,0.096,data,notes/review_results/inference_rows_raw.csv,"line 8; the line holds 0.09611071618105534; anchor: PhiR ts_gsr W60,primary",pre_dmt 0.0961,ok, changes larger than about 12 % of its pre-injection level (0.096) in either direction; over the four var
"Results / 6. CCS: a near-zero synergy atom, nearly flat in r₁",paragraph 2,1,0.085,data,manuscript/supplementary.md,"line 384; the line holds 0.0853; anchor: | ts_demean, W = 60 | +0.0120 [+0.0041, +0.0201]","S15 Table: the smallest of ΦR's four exact sign-flip p values (ts_demean, W = 60), 0.0853",ok," over the four variant × estimator cells its sign-flip p is 0.085 or more, and the three cells whose phas"
"Results / 6. CCS: a near-zero synergy atom, nearly flat in r₁",paragraph 2,1,0.019,data,manuscript/supplementary.md,"line 385; the line holds 0.0190; anchor: | ts_demean, global | +0.0355 [+0.0208, +0.0503]","S15 Table: ΦR's phase-randomised p on ts_demean at the global fit, 0.0190 (the smallest of the three small ones)",ok,"ore, and the three cells whose phase-randomised p is small (0.019–0.038) disagree in sign across variants"
"Results / 6. CCS: a near-zero synergy atom, nearly flat in r₁",paragraph 2,1,0.038,data,manuscript/supplementary.md,"line 384; the line holds 0.0380; anchor: | ts_demean, W = 60 | +0.0120 [+0.0041, +0.0201]","S15 Table: ΦR's phase-randomised p on ts_demean at W = 60, 0.0380 (the largest of the three small ones)",ok,nd the three cells whose phase-randomised p is small (0.019–0.038) disagree in sign across variants (S15 
"Results / 6. CCS: a near-zero synergy atom, nearly flat in r₁",paragraph 2,1,+1.815,data,manuscript/si/S3_Text.md,line 568; the line holds +1.815; anchor: ∂(MMI-sts)/∂r₁ = +1.815,S3 Text §11 (B25): ∂(binarised MMI-sts)/∂r₁ at the operating point,ok,binarised MMI-sts rises with r₁ at every grid step (∂/∂r₁ = +1.815 against ∂/∂q = −0.150 at the operating 
"Results / 6. CCS: a near-zero synergy atom, nearly flat in r₁",paragraph 2,1,−0.150,data,manuscript/si/S3_Text.md,line 568; the line holds −0.150; anchor: ∂(MMI-sts)/∂r₁ = +1.815,S3 Text §11 (B25): ∂(binarised MMI-sts)/∂q at the operating point,ok,s with r₁ at every grid step (∂/∂r₁ = +1.815 against ∂/∂q = −0.150 at the operating point; 1.76 to 1 per w
"Results / 6. CCS: a near-zero synergy atom, nearly flat in r₁",paragraph 2,1,1.76,data,manuscript/si/S3_Text.md,line 568; the line holds 1.76; anchor: ∂(MMI-sts)/∂r₁ = +1.815,S3 Text §11 (B25): the per-SD ratio of the binarised MMI-sts rates at the operating point,ok,"/∂r₁ = +1.815 against ∂/∂q = −0.150 at the operating point; 1.76 to 1 per within-window SD), and the bin"
"Results / 6. CCS: a near-zero synergy atom, nearly flat in r₁",paragraph 2,1,1,label,,,ratio to 1,ok,"1.815 against ∂/∂q = −0.150 at the operating point; 1.76 to 1 per within-window SD), and the binarise"
"Results / 6. CCS: a near-zero synergy atom, nearly flat in r₁",paragraph 2,1,+0.124,data,manuscript/si/S3_Text.md,line 568; the line holds +0.124; anchor: ∂(MMI-sts)/∂r₁ = +1.815,S3 Text §11 (B25): ∂/∂r₁ of the binarised CCS emergence capacity at the operating point,ok,"., 2020) of Luppi et al. (2023), as we read it, has ∂/∂r₁ = +0.124 and ∂/∂q = +0.142 (S3 Text §11)."
"Results / 6. CCS: a near-zero synergy atom, nearly flat in r₁",paragraph 2,1,+0.142,data,manuscript/si/S3_Text.md,line 568; the line holds +0.142; anchor: ∂(MMI-sts)/∂r₁ = +1.815,S3 Text §11 (B25): ∂/∂q of the binarised CCS emergence capacity at the operating point,ok,"et al. (2023), as we read it, has ∂/∂r₁ = +0.124 and ∂/∂q = +0.142 (S3 Text §11)."
"Results / 6. CCS: a near-zero synergy atom, nearly flat in r₁",paragraph 2,2,11,label,,,section number of S3 Text,ok," we read it, has ∂/∂r₁ = +0.124 and ∂/∂q = +0.142 (S3 Text §11)."
Results / 7. Remedies,paragraph 1,1,2,design,manuscript/analysis_record.md,line 153; anchor: TR = 2 s for this dataset,TR = 2 s,ok,ng trades the dependence for the stop-band (Table 4). At TR 2 s any series confined to 0.01–0.08 Hz h
Results / 7. Remedies,paragraph 1,1,0.01,design,notes/review_results/partB/whitened_spectrum_tables.md,line 8; anchor: 0.01–0.08 Hz,the band,ok,r the stop-band (Table 4). At TR 2 s any series confined to 0.01–0.08 Hz has r₁ ≥ cos(2π × 0.08 Hz × 2 s
Results / 7. Remedies,paragraph 1,1,0.08,design,notes/review_results/partB/whitened_spectrum_tables.md,line 8; anchor: 0.01–0.08 Hz,the band,ok, stop-band (Table 4). At TR 2 s any series confined to 0.01–0.08 Hz has r₁ ≥ cos(2π × 0.08 Hz × 2 s) = 0
Results / 7. Remedies,paragraph 1,2,2,label,,,formula constant (2π),ok, At TR 2 s any series confined to 0.01–0.08 Hz has r₁ ≥ cos(2π × 0.08 Hz × 2 s) = 0.54 (flat in-band 
Results / 7. Remedies,paragraph 1,2,0.08,design,notes/review_results/partB/whitened_spectrum_tables.md,line 8; anchor: in-band share (0.01–0.08 Hz),the band's upper edge,ok,R 2 s any series confined to 0.01–0.08 Hz has r₁ ≥ cos(2π × 0.08 Hz × 2 s) = 0.54 (flat in-band noise ha
Results / 7. Remedies,paragraph 1,3,2,design,manuscript/analysis_record.md,line 153; anchor: TR = 2 s for this dataset,TR = 2 s,ok,series confined to 0.01–0.08 Hz has r₁ ≥ cos(2π × 0.08 Hz × 2 s) = 0.54 (flat in-band noise has 0.82)
Results / 7. Remedies,paragraph 1,1,0.54,data,notes/review_2026-09-24/checks/derived_r17.out,line 40; the line holds 0.5358; anchor: band-limit bound at TR 2 s: cos(2*pi*0.08*2) = 0.5358,0.5358,ok,"confined to 0.01–0.08 Hz has r₁ ≥ cos(2π × 0.08 Hz × 2 s) = 0.54 (flat in-band noise has 0.82), so a whi"
Results / 7. Remedies,paragraph 1,1,0.82,data,notes/review_results/partB/whitened_spectrum_tables.md,line 32; the line holds 0.82; anchor: r₁ = 0.82,"flat in-band noise (the 840-sample grid gives 0.8176, S11 Table note)",ok,"r₁ ≥ cos(2π × 0.08 Hz × 2 s) = 0.54 (flat in-band noise has 0.82), so a whitened series with r₁ below 0."
Results / 7. Remedies,paragraph 1,2,0.54,data,notes/review_2026-09-24/checks/derived_r17.out,line 40; the line holds 0.5358; anchor: band-limit bound at TR 2 s: cos(2*pi*0.08*2) = 0.5358,0.5358,ok,"in-band noise has 0.82), so a whitened series with r₁ below 0.54 must carry power outside the band, whic"
Results / 7. Remedies,paragraph 1,1,1,label,,,AR(1): a name,ok,lter can only have amplified from the stop-band residue. AR(1) residuals stay in the band and keep mo
Results / 7. Remedies,paragraph 1,1,5,design,notes/review_results/partB/prewhiten_tables.md,line 55; anchor: p = 5,p by BIC in 1–5,ok,band and keep most of the level and of the contrast; AR(p ≤ 5) residuals carry a third of their power
Results / 7. Remedies,paragraph 1,1,+0.495,data,notes/review_results/partB/prewhiten_tables.md,line 28; the line holds +0.495; anchor: Whitened series: mean lag-1 autocorrelation,"B16, AR(p) by BIC: per-subject r(MMI sts DiD, whitened autocorrelation DiD)",ok,ose correlation with the whitened r₁ DiD across subjects is +0.495; at p = 10 and 20 most of what remains 
Results / 7. Remedies,paragraph 1,1,10,design,notes/review_results/partB/prewhiten_fixed_tables.md,line 6; anchor: ## ar10 ts_gsr W60,B16c: the fixed order p = 10,ok, with the whitened r₁ DiD across subjects is +0.495; at p = 10 and 20 most of what remains of the seri
Results / 7. Remedies,paragraph 1,1,20,design,notes/review_results/partB/prewhiten_fixed_tables.md,line 104; anchor: ## ar20 ts_gsr W60,B16c: the fixed order p = 20,ok,he whitened r₁ DiD across subjects is +0.495; at p = 10 and 20 most of what remains of the series lies
Results / 7. Remedies,paragraph 1,2,20,design,notes/review_results/partB/prewhiten_fixed_tables.md,line 104; anchor: ## ar20 ts_gsr W60,B16c: the fixed order p = 20,ok,"e band-limited signal, and a contrast remains there: at p = 20, −0.0127 [−0.0203, −0.0052] (p = 0.0002"
Results / 7. Remedies,paragraph 1,1,−0.0127,data,notes/review_results/partB/prewhiten_fixed_tables.md,line 123; the line holds -0.0127; anchor: | sts |,"B16c, AR(20), ts_gsr, W = 60: MMI-sts DiD",ok,"nd-limited signal, and a contrast remains there: at p = 20, −0.0127 [−0.0203, −0.0052] (p = 0.0002, negativ"
Results / 7. Remedies,paragraph 1,1,−0.0203,data,notes/review_2026-10-01_cold_reads/checks/derived_r24.out,line 19; the line holds -0.0203; anchor: prewhiten_fixed ar20 MMI sts ts_gsr W60:,"derived_r24.out item 1: inverted sign-flip interval of the AR(20) contrast, lower limit",ok,"d signal, and a contrast remains there: at p = 20, −0.0127 [−0.0203, −0.0052] (p = 0.0002, negative in 13 o"
Results / 7. Remedies,paragraph 1,1,−0.0052,data,notes/review_2026-10-01_cold_reads/checks/derived_r24.out,line 19; the line holds -0.0052; anchor: prewhiten_fixed ar20 MMI sts ts_gsr W60:,"derived_r24.out item 1: inverted sign-flip interval of the AR(20) contrast, upper limit",ok," and a contrast remains there: at p = 20, −0.0127 [−0.0203, −0.0052] (p = 0.0002, negative in 13 of 14), 18"
Results / 7. Remedies,paragraph 1,1,0.0002,data,notes/review_results/inference_rows_prewhiten_fixed.csv,"line 135; the line holds 0.000244140625; anchor: prewhiten_fixed ar20 MMI sts ts_gsr W60,primary",B16c: exact sign-flip p of the AR(20) contrast,ok,"t remains there: at p = 20, −0.0127 [−0.0203, −0.0052] (p = 0.0002, negative in 13 of 14), 18 % of the whi"
Results / 7. Remedies,paragraph 1,1,13,data,notes/review_results/partB/prewhiten_fixed_tables.md,line 123; the line holds (13); anchor: | sts |,"B16c, AR(20), ts_gsr, W = 60: subjects with a negative MMI-sts DiD",ok,"p = 20, −0.0127 [−0.0203, −0.0052] (p = 0.0002, negative in 13 of 14), 18 % of the whitened level agai"
Results / 7. Remedies,paragraph 1,1,14,design,manuscript/analysis_record.md,line 48; anchor: 14 subjects × 2 conditions,N = 14 subjects (the shape of the data: 14 subjects × 2 conditions),ok,", −0.0127 [−0.0203, −0.0052] (p = 0.0002, negative in 13 of 14), 18 % of the whitened level against 7 "
Results / 7. Remedies,paragraph 1,1,18,derived,,"derived: 0.012673 / 0.071895 = 17.6 %: the size of the AR(20) contrast as a share of the AR(20) pre-injection DMT level, from the run's unrounded values (inference_rows_prewhiten_fixed.csv, line 135: did, pre_dmt; its share_of_pre is −0.1763)",,ok,"0127 [−0.0203, −0.0052] (p = 0.0002, negative in 13 of 14), 18 % of the whitened level against 7 % for"
Results / 7. Remedies,paragraph 1,1,7,derived,,derived: 0.0809 / 1.1554 = 7.0 %: the raw contrast's share of the raw level (Results 2's −7.0 % of the pre-injection DMT mean),,ok,", negative in 13 of 14), 18 % of the whitened level against 7 % for the raw series; its correlation w"
Results / 7. Remedies,paragraph 1,1,−0.0927,data,notes/review_results/partB/prewhiten_fixed_tables.md,line 126; the line holds -0.0927; anchor: Whitened series: mean lag-1 autocorrelation,"B16c, AR(20), ts_gsr, W = 60: the whitened series' r₁ DiD",ok,ries; its correlation with the whitened series' own r₁ DiD (−0.0927) is +0.333 (the Fisher-z interval of ne
Results / 7. Remedies,paragraph 1,1,+0.333,data,notes/review_results/partB/prewhiten_fixed_tables.md,line 126; the line holds +0.333; anchor: Whitened series: mean lag-1 autocorrelation,"B16c, AR(20): per-subject r(MMI sts DiD, whitened autocorrelation DiD)",ok,rrelation with the whitened series' own r₁ DiD (−0.0927) is +0.333 (the Fisher-z interval of neither corre
Results / 7. Remedies,paragraph 1,2,1,label,,,AR(1): a name,ok," interval of neither correlation excludes zero), and the AR(1)-substituted estimate carries −0.0037 o"
Results / 7. Remedies,paragraph 1,1,−0.0037,data,notes/review_results/partB/prewhiten_fixed_tables.md,line 127; the line holds predicted -0.0037; anchor: Diagnostic on the whitened series,"B16c, AR(20), ts_gsr, W = 60: the AR(1)-substituted DiD of the whitened series",ok," excludes zero), and the AR(1)-substituted estimate carries −0.0037 of it (S3 Text §8). The remedy the rele"
Results / 7. Remedies,paragraph 1,1,8,label,,,section number of S3 Text,ok, AR(1)-substituted estimate carries −0.0037 of it (S3 Text §8). The remedy the released derivatives c
Results / 7. Remedies,paragraph 1,2,8,label,,,section number of S3 Text,ok,"d-pass. Prewhitening's other reported costs are in S3 Text §8 (Cliff et al., 2021; Honari et al., 201"
Results / 7. Remedies,"Table 4, title and caption",1,60,design,manuscript/analysis_record.md,line 189; anchor: W = 60,W = 60,ok,"**Table 4. Prewhitening by order.** ts_gsr, W = 60. Each region's series is replaced, per "
Results / 7. Remedies,"Table 4, title and caption",1,1,design,notes/review_results/partB/prewhiten_tables.md,line 157; anchor: Chosen AR orders (ar1 ts_gsr),p = 1 / AR(1),ok,"rdinary least squares; the first p TRs dropped), p fixed at 1, 10 or 20 or chosen by the Bayesian inf"
Results / 7. Remedies,"Table 4, title and caption",1,10,design,notes/review_results/partB/prewhiten_fixed_tables.md,line 6; anchor: ## ar10 ts_gsr W60,B16c: the fixed order p = 10,ok,"nary least squares; the first p TRs dropped), p fixed at 1, 10 or 20 or chosen by the Bayesian informa"
Results / 7. Remedies,"Table 4, title and caption",1,20,design,notes/review_results/partB/prewhiten_fixed_tables.md,line 104; anchor: ## ar20 ts_gsr W60,B16c: the fixed order p = 20,ok,"east squares; the first p TRs dropped), p fixed at 1, 10 or 20 or chosen by the Bayesian information c"
Results / 7. Remedies,"Table 4, title and caption",2,1,design,notes/review_results/partB/prewhiten_tables.md,line 4; anchor: p by BIC over 1–5,the AR orders searched,ok,"20 or chosen by the Bayesian information criterion (BIC) in 1–5, which chose 5 for 3,218 of the 3,220"
Results / 7. Remedies,"Table 4, title and caption",1,5,design,notes/review_results/partB/prewhiten_tables.md,line 55; anchor: p = 5,p by BIC in 1–5,ok," or chosen by the Bayesian information criterion (BIC) in 1–5, which chose 5 for 3,218 of the 3,220 r"
Results / 7. Remedies,"Table 4, title and caption",2,5,design,notes/review_results/partB/prewhiten_tables.md,line 55; anchor: p = 5,p by BIC in 1–5,ok,"he Bayesian information criterion (BIC) in 1–5, which chose 5 for 3,218 of the 3,220 region × run ser"
Results / 7. Remedies,"Table 4, title and caption",1,"3,218",data,notes/review_results/partB/prewhiten_tables.md,line 55; the line holds 3218.; anchor: Chosen AR orders (arp ts_gsr),p = 5: 3218,ok,"esian information criterion (BIC) in 1–5, which chose 5 for 3,218 of the 3,220 region × run series; the a"
Results / 7. Remedies,"Table 4, title and caption",1,"3,220",derived,,"derived: 115 regions × 28 runs = 3,220 (PW line 55)",,ok,"tion criterion (BIC) in 1–5, which chose 5 for 3,218 of the 3,220 region × run series; the atoms and the "
Results / 7. Remedies,"Table 4, title and caption",3,1,label,,,lag-1: a name,ok,en computed as for the raw series. r₁: the series' mean lag-1 autocorrelation over the DMT pre-inject
Results / 7. Remedies,"Table 4, title and caption",1,0.08,design,notes/review_results/partB/whitened_spectrum_tables.md,line 8; anchor: 0.01–0.08 Hz,the band,ok,s; power above the band: the share of the run's power above 0.08 Hz (the raw series hold 99.2 % of their
Results / 7. Remedies,"Table 4, title and caption",1,99.2,data,notes/review_results/partB/whitened_spectrum_tables.md,line 10; the line holds 0.992; anchor: @pct|| raw | 0.992,in-band share 0.992 (ts_gsr),ok,share of the run's power above 0.08 Hz (the raw series hold 99.2 % of theirs in 0.01–0.08 Hz); level: wh
Results / 7. Remedies,"Table 4, title and caption",1,0.01,design,notes/review_results/partB/whitened_spectrum_tables.md,line 8; anchor: 0.01–0.08 Hz,the band,ok,"ower above 0.08 Hz (the raw series hold 99.2 % of theirs in 0.01–0.08 Hz); level: whole-brain MMI-sts, D"
Results / 7. Remedies,"Table 4, title and caption",2,0.08,design,notes/review_results/partB/whitened_spectrum_tables.md,line 8; anchor: 0.01–0.08 Hz,the band,ok,"above 0.08 Hz (the raw series hold 99.2 % of theirs in 0.01–0.08 Hz); level: whole-brain MMI-sts, DMT pr"
Results / 7. Remedies,"Table 4, title and caption",1,8,label,,,section number of S3 Text,ok,' r₁ DiD (the raw row's from Results 2; S11 Table; S3 Text §8).
Results / 7. Remedies,"Table 4, body",1,95,label,,,95 % interval / central 95 %: the coverage,ok,| series | r₁ | power above the band | MMI-sts level | DiD [95 % interval] | p | r | |---|---|---|---|
Results / 7. Remedies,"Table 4, body",1,0.848,data,notes/review_results/partB/whitened_spectrum_tables.md,line 10; the line holds +0.8479; anchor: | raw |,"B16b: W = 60 r₁ of the raw series, DMT windows 1–4",ok,"% interval] | p | r | |---|---|---|---|---|---|---| | raw | 0.848 | 0.1 % | 1.1554 | −0.0809 [−0.1317, −0"
Results / 7. Remedies,"Table 4, body",1,0.1,data,notes/review_results/partB/whitened_spectrum_tables.md,line 10; the line holds 0.001; anchor: @pct|| raw |,"B16b: share of the raw series' power above 0.08 Hz, as a percentage",ok,"al] | p | r | |---|---|---|---|---|---|---| | raw | 0.848 | 0.1 % | 1.1554 | −0.0809 [−0.1317, −0.0310]"
Results / 7. Remedies,"Table 4, body",1,1.1554,data,results/primary_b_ts_gsr_win60.csv,line 3; the line holds 1.155376719125973; anchor: pre-injection DMT mean sts,results/primary_b csv,ok,"| r | |---|---|---|---|---|---|---| | raw | 0.848 | 0.1 % | 1.1554 | −0.0809 [−0.1317, −0.0310] | 0.0038 |"
Results / 7. Remedies,"Table 4, body",1,−0.0809,data,notes/review_results/partB/inference_revision.csv,"line 627; the line holds -0.08086620932182391; anchor: pickle,sts ts_gsr W60,primary,did,",B21: mean −0.08087,ok,"-|---|---|---|---|---|---| | raw | 0.848 | 0.1 % | 1.1554 | −0.0809 [−0.1317, −0.0310] | 0.0038 | +0.953 | "
Results / 7. Remedies,"Table 4, body",1,−0.1317,data,notes/review_results/partB/inference_revision.csv,"line 627; the line holds -0.1317430794744802; anchor: pickle,sts ts_gsr W60,primary,did,",B21,ok,"|---|---|---|---| | raw | 0.848 | 0.1 % | 1.1554 | −0.0809 [−0.1317, −0.0310] | 0.0038 | +0.953 | | AR(1) r"
Results / 7. Remedies,"Table 4, body",1,−0.0310,data,notes/review_results/partB/inference_revision.csv,"line 627; the line holds -0.03101903689732733; anchor: pickle,sts ts_gsr W60,primary,did,",B21,ok,"---|---| | raw | 0.848 | 0.1 % | 1.1554 | −0.0809 [−0.1317, −0.0310] | 0.0038 | +0.953 | | AR(1) residuals "
Results / 7. Remedies,"Table 4, body",1,0.0038,data,notes/review_results/partB/inference_revision.csv,"line 627; the line holds 0.0037841796875; anchor: pickle,sts ts_gsr W60,primary,did,",B21,ok,"raw | 0.848 | 0.1 % | 1.1554 | −0.0809 [−0.1317, −0.0310] | 0.0038 | +0.953 | | AR(1) residuals | 0.751 | "
Results / 7. Remedies,"Table 4, body",1,+0.953,data,notes/review_results/partB/inference_revision_tables.md,"line 253; the line holds +0.953; anchor: | full-set r(sts DiD, r₁ DiD), ts_gsr, W = 60 |",r = +0.953,ok,"48 | 0.1 % | 1.1554 | −0.0809 [−0.1317, −0.0310] | 0.0038 | +0.953 | | AR(1) residuals | 0.751 | 0.3 % | 0"
Results / 7. Remedies,"Table 4, body",1,1,label,,,AR(1): a name,ok,".1554 | −0.0809 [−0.1317, −0.0310] | 0.0038 | +0.953 | | AR(1) residuals | 0.751 | 0.3 % | 0.7176 | −"
Results / 7. Remedies,"Table 4, body",1,0.751,data,notes/review_results/partB/whitened_spectrum_tables.md,line 11; the line holds +0.7506; anchor: | ar1 |,"B16b: W = 60 r₁ of the ar1 series, DMT windows 1–4",ok," [−0.1317, −0.0310] | 0.0038 | +0.953 | | AR(1) residuals | 0.751 | 0.3 % | 0.7176 | −0.0620 [−0.0928, −0"
Results / 7. Remedies,"Table 4, body",1,0.3,data,notes/review_results/partB/whitened_spectrum_tables.md,line 11; the line holds 0.003; anchor: @pct|| ar1 |,"B16b: share of the ar1 series' power above 0.08 Hz, as a percentage",ok,"7, −0.0310] | 0.0038 | +0.953 | | AR(1) residuals | 0.751 | 0.3 % | 0.7176 | −0.0620 [−0.0928, −0.0326]"
Results / 7. Remedies,"Table 4, body",1,0.7176,data,notes/review_results/partB/prewhiten_tables.md,line 127; the line holds +0.7176; anchor: | sts |,"B16, ar1, ts_gsr, W = 60: MMI-sts level, DMT pre-injection",ok,"10] | 0.0038 | +0.953 | | AR(1) residuals | 0.751 | 0.3 % | 0.7176 | −0.0620 [−0.0928, −0.0326] | 0.0006 |"
Results / 7. Remedies,"Table 4, body",1,−0.0620,data,notes/review_results/partB/inference_revision.csv,"line 495; the line holds -0.061990110929853195; anchor: pickle,prewhiten ar1 MMI sts ts_gsr W60,primary,did,",B21 engine row: the ar1-whitened MMI-sts DiD and its inverted sign-flip interval,ok,"038 | +0.953 | | AR(1) residuals | 0.751 | 0.3 % | 0.7176 | −0.0620 [−0.0928, −0.0326] | 0.0006 | +0.899 | "
Results / 7. Remedies,"Table 4, body",1,−0.0928,data,notes/review_results/partB/inference_revision.csv,"line 495; the line holds -0.09282776715253178; anchor: pickle,prewhiten ar1 MMI sts ts_gsr W60,primary,did,",B21 engine row: the ar1-whitened MMI-sts DiD and its inverted sign-flip interval,ok,"953 | | AR(1) residuals | 0.751 | 0.3 % | 0.7176 | −0.0620 [−0.0928, −0.0326] | 0.0006 | +0.899 | | AR(p ≤ "
Results / 7. Remedies,"Table 4, body",1,−0.0326,data,notes/review_results/partB/inference_revision.csv,"line 495; the line holds -0.03255389111404157; anchor: pickle,prewhiten ar1 MMI sts ts_gsr W60,primary,did,",B21 engine row: the ar1-whitened MMI-sts DiD and its inverted sign-flip interval,ok,"R(1) residuals | 0.751 | 0.3 % | 0.7176 | −0.0620 [−0.0928, −0.0326] | 0.0006 | +0.899 | | AR(p ≤ 5) residu"
Results / 7. Remedies,"Table 4, body",1,0.0006,data,notes/review_results/partB/inference_revision.csv,"line 495; the line holds 0.0006103515625; anchor: pickle,prewhiten ar1 MMI sts ts_gsr W60,primary,did,",B21 engine row: exact sign-flip p of the ar1-whitened contrast,ok,"als | 0.751 | 0.3 % | 0.7176 | −0.0620 [−0.0928, −0.0326] | 0.0006 | +0.899 | | AR(p ≤ 5) residuals, p by "
Results / 7. Remedies,"Table 4, body",1,+0.899,data,notes/review_results/partB/prewhiten_tables.md,line 130; the line holds +0.899; anchor: Whitened series: mean lag-1 autocorrelation,"B16, ar1: per-subject r(MMI sts DiD, whitened autocorrelation DiD)",ok,"51 | 0.3 % | 0.7176 | −0.0620 [−0.0928, −0.0326] | 0.0006 | +0.899 | | AR(p ≤ 5) residuals, p by BIC | 0.2"
Results / 7. Remedies,"Table 4, body",1,5,design,notes/review_results/partB/prewhiten_tables.md,line 55; anchor: p = 5,p by BIC in 1–5,ok,"6 | −0.0620 [−0.0928, −0.0326] | 0.0006 | +0.899 | | AR(p ≤ 5) residuals, p by BIC | 0.263 | 33.8 % |"
Results / 7. Remedies,"Table 4, body",1,0.263,data,notes/review_results/partB/whitened_spectrum_tables.md,line 12; the line holds +0.2625; anchor: | arp |,"B16b: W = 60 r₁ of the arp series, DMT windows 1–4",ok,"0326] | 0.0006 | +0.899 | | AR(p ≤ 5) residuals, p by BIC | 0.263 | 33.8 % | 0.2202 | −0.0262 [−0.0636, +"
Results / 7. Remedies,"Table 4, body",1,33.8,data,notes/review_results/partB/whitened_spectrum_tables.md,line 12; the line holds 0.338; anchor: @pct|| arp |,"B16b: share of the arp series' power above 0.08 Hz, as a percentage",ok,"0.0006 | +0.899 | | AR(p ≤ 5) residuals, p by BIC | 0.263 | 33.8 % | 0.2202 | −0.0262 [−0.0636, +0.0107]"
Results / 7. Remedies,"Table 4, body",1,0.2202,data,notes/review_results/partB/prewhiten_tables.md,line 25; the line holds +0.2202; anchor: | sts |,"B16, arp, ts_gsr, W = 60: MMI-sts level, DMT pre-injection",ok,"+0.899 | | AR(p ≤ 5) residuals, p by BIC | 0.263 | 33.8 % | 0.2202 | −0.0262 [−0.0636, +0.0107] | 0.1406 |"
Results / 7. Remedies,"Table 4, body",1,−0.0262,data,notes/review_results/partB/inference_revision.csv,"line 363; the line holds -0.02619510091368096; anchor: pickle,prewhiten arp MMI sts ts_gsr W60,primary,did,",B21 engine row: the arp-whitened MMI-sts DiD and its inverted sign-flip interval,ok,"| AR(p ≤ 5) residuals, p by BIC | 0.263 | 33.8 % | 0.2202 | −0.0262 [−0.0636, +0.0107] | 0.1406 | +0.495 | "
Results / 7. Remedies,"Table 4, body",1,−0.0636,data,notes/review_results/partB/inference_revision.csv,"line 363; the line holds -0.06362237359280624; anchor: pickle,prewhiten arp MMI sts ts_gsr W60,primary,did,",B21 engine row: the arp-whitened MMI-sts DiD and its inverted sign-flip interval,ok,"5) residuals, p by BIC | 0.263 | 33.8 % | 0.2202 | −0.0262 [−0.0636, +0.0107] | 0.1406 | +0.495 | | AR(10) "
Results / 7. Remedies,"Table 4, body",1,+0.0107,data,notes/review_results/partB/inference_revision.csv,"line 363; the line holds 0.01072597845768219; anchor: pickle,prewhiten arp MMI sts ts_gsr W60,primary,did,",B21 engine row: the arp-whitened MMI-sts DiD and its inverted sign-flip interval,ok,"als, p by BIC | 0.263 | 33.8 % | 0.2202 | −0.0262 [−0.0636, +0.0107] | 0.1406 | +0.495 | | AR(10) residuals"
Results / 7. Remedies,"Table 4, body",1,0.1406,data,notes/review_results/partB/inference_revision.csv,"line 363; the line holds 0.140625; anchor: pickle,prewhiten arp MMI sts ts_gsr W60,primary,did,",B21 engine row: exact sign-flip p of the arp-whitened contrast,ok,"IC | 0.263 | 33.8 % | 0.2202 | −0.0262 [−0.0636, +0.0107] | 0.1406 | +0.495 | | AR(10) residuals | 0.137 |"
Results / 7. Remedies,"Table 4, body",1,+0.495,data,notes/review_results/partB/prewhiten_tables.md,line 28; the line holds +0.495; anchor: Whitened series: mean lag-1 autocorrelation,"B16, arp: per-subject r(MMI sts DiD, whitened autocorrelation DiD)",ok,"3 | 33.8 % | 0.2202 | −0.0262 [−0.0636, +0.0107] | 0.1406 | +0.495 | | AR(10) residuals | 0.137 | 51.2 % |"
Results / 7. Remedies,"Table 4, body",1,10,design,notes/review_results/partB/prewhiten_fixed_tables.md,line 6; anchor: ## ar10 ts_gsr W60,B16c: the fixed order p = 10,ok,".2202 | −0.0262 [−0.0636, +0.0107] | 0.1406 | +0.495 | | AR(10) residuals | 0.137 | 51.2 % | 0.0866 | "
Results / 7. Remedies,"Table 4, body",1,0.137,data,notes/review_results/partB/whitened_spectrum_tables.md,line 13; the line holds +0.1368; anchor: | p10 |,"B16b: W = 60 r₁ of the ar10 series, DMT windows 1–4",ok,"[−0.0636, +0.0107] | 0.1406 | +0.495 | | AR(10) residuals | 0.137 | 51.2 % | 0.0866 | −0.0191 [−0.0285, −"
Results / 7. Remedies,"Table 4, body",1,51.2,data,notes/review_results/partB/whitened_spectrum_tables.md,line 13; the line holds 0.512; anchor: @pct|| p10 |,"B16b: share of the ar10 series' power above 0.08 Hz, as a percentage",ok,", +0.0107] | 0.1406 | +0.495 | | AR(10) residuals | 0.137 | 51.2 % | 0.0866 | −0.0191 [−0.0285, −0.0098]"
Results / 7. Remedies,"Table 4, body",1,0.0866,data,notes/review_results/partB/prewhiten_fixed_tables.md,line 25; the line holds +0.0866; anchor: | sts |,"B16c, ar10, ts_gsr, W = 60: MMI-sts level, DMT pre-injection",ok,"] | 0.1406 | +0.495 | | AR(10) residuals | 0.137 | 51.2 % | 0.0866 | −0.0191 [−0.0285, −0.0098] | 0.0002 |"
Results / 7. Remedies,"Table 4, body",1,−0.0191,data,notes/review_results/partB/prewhiten_fixed_tables.md,line 25; the line holds -0.0191; anchor: | sts |,"B16c, ar10: MMI-sts DiD",ok,"6 | +0.495 | | AR(10) residuals | 0.137 | 51.2 % | 0.0866 | −0.0191 [−0.0285, −0.0098] | 0.0002 | +0.445 | "
Results / 7. Remedies,"Table 4, body",1,−0.0285,data,notes/review_2026-10-01_cold_reads/checks/derived_r24.out,line 3; the line holds -0.0285; anchor: prewhiten_fixed ar10 MMI sts ts_gsr W60:,"derived_r24.out item 1: inverted sign-flip interval of the ar10 contrast, lower limit",ok,"5 | | AR(10) residuals | 0.137 | 51.2 % | 0.0866 | −0.0191 [−0.0285, −0.0098] | 0.0002 | +0.445 | | AR(20) "
Results / 7. Remedies,"Table 4, body",1,−0.0098,data,notes/review_2026-10-01_cold_reads/checks/derived_r24.out,line 3; the line holds -0.0098; anchor: prewhiten_fixed ar10 MMI sts ts_gsr W60:,"derived_r24.out item 1: inverted sign-flip interval of the ar10 contrast, upper limit",ok,"10) residuals | 0.137 | 51.2 % | 0.0866 | −0.0191 [−0.0285, −0.0098] | 0.0002 | +0.445 | | AR(20) residuals"
Results / 7. Remedies,"Table 4, body",1,0.0002,data,notes/review_results/inference_rows_prewhiten_fixed.csv,"line 3; the line holds 0.000244140625; anchor: prewhiten_fixed ar10 MMI sts ts_gsr W60,primary",B16c: exact sign-flip p of the ar10 contrast,ok,"ls | 0.137 | 51.2 % | 0.0866 | −0.0191 [−0.0285, −0.0098] | 0.0002 | +0.445 | | AR(20) residuals | 0.052 |"
Results / 7. Remedies,"Table 4, body",1,+0.445,data,notes/review_results/partB/prewhiten_fixed_tables.md,line 28; the line holds +0.445; anchor: Whitened series: mean lag-1 autocorrelation,"B16c, ar10: per-subject r(MMI sts DiD, whitened autocorrelation DiD)",ok,"7 | 51.2 % | 0.0866 | −0.0191 [−0.0285, −0.0098] | 0.0002 | +0.445 | | AR(20) residuals | 0.052 | 59.7 % |"
Results / 7. Remedies,"Table 4, body",1,20,design,notes/review_results/partB/prewhiten_fixed_tables.md,line 104; anchor: ## ar20 ts_gsr W60,B16c: the fixed order p = 20,ok,".0866 | −0.0191 [−0.0285, −0.0098] | 0.0002 | +0.445 | | AR(20) residuals | 0.052 | 59.7 % | 0.0719 | "
Results / 7. Remedies,"Table 4, body",1,0.052,data,notes/review_results/partB/whitened_spectrum_tables.md,line 14; the line holds +0.0524; anchor: | p20 |,"B16b: W = 60 r₁ of the ar20 series, DMT windows 1–4",ok,"[−0.0285, −0.0098] | 0.0002 | +0.445 | | AR(20) residuals | 0.052 | 59.7 % | 0.0719 | −0.0127 [−0.0203, −"
Results / 7. Remedies,"Table 4, body",1,59.7,data,notes/review_results/partB/whitened_spectrum_tables.md,line 14; the line holds 0.597; anchor: @pct|| p20 |,"B16b: share of the ar20 series' power above 0.08 Hz, as a percentage",ok,", −0.0098] | 0.0002 | +0.445 | | AR(20) residuals | 0.052 | 59.7 % | 0.0719 | −0.0127 [−0.0203, −0.0052]"
Results / 7. Remedies,"Table 4, body",1,0.0719,data,notes/review_results/partB/prewhiten_fixed_tables.md,line 123; the line holds +0.0719; anchor: | sts |,"B16c, ar20, ts_gsr, W = 60: MMI-sts level, DMT pre-injection",ok,"] | 0.0002 | +0.445 | | AR(20) residuals | 0.052 | 59.7 % | 0.0719 | −0.0127 [−0.0203, −0.0052] | 0.0002 |"
Results / 7. Remedies,"Table 4, body",1,−0.0127,data,notes/review_results/partB/prewhiten_fixed_tables.md,line 123; the line holds -0.0127; anchor: | sts |,"B16c, ar20: MMI-sts DiD",ok,"2 | +0.445 | | AR(20) residuals | 0.052 | 59.7 % | 0.0719 | −0.0127 [−0.0203, −0.0052] | 0.0002 | +0.333 |"
Results / 7. Remedies,"Table 4, body",1,−0.0203,data,notes/review_2026-10-01_cold_reads/checks/derived_r24.out,line 19; the line holds -0.0203; anchor: prewhiten_fixed ar20 MMI sts ts_gsr W60:,"derived_r24.out item 1: inverted sign-flip interval of the ar20 contrast, lower limit",ok,"5 | | AR(20) residuals | 0.052 | 59.7 % | 0.0719 | −0.0127 [−0.0203, −0.0052] | 0.0002 | +0.333 |"
Results / 7. Remedies,"Table 4, body",1,−0.0052,data,notes/review_2026-10-01_cold_reads/checks/derived_r24.out,line 19; the line holds -0.0052; anchor: prewhiten_fixed ar20 MMI sts ts_gsr W60:,"derived_r24.out item 1: inverted sign-flip interval of the ar20 contrast, upper limit",ok,"20) residuals | 0.052 | 59.7 % | 0.0719 | −0.0127 [−0.0203, −0.0052] | 0.0002 | +0.333 |"
Results / 7. Remedies,"Table 4, body",2,0.0002,data,notes/review_results/inference_rows_prewhiten_fixed.csv,"line 135; the line holds 0.000244140625; anchor: prewhiten_fixed ar20 MMI sts ts_gsr W60,primary",B16c: exact sign-flip p of the ar20 contrast,ok,"ls | 0.052 | 59.7 % | 0.0719 | −0.0127 [−0.0203, −0.0052] | 0.0002 | +0.333 |"
Results / 7. Remedies,"Table 4, body",1,+0.333,data,notes/review_results/partB/prewhiten_fixed_tables.md,line 126; the line holds +0.333; anchor: Whitened series: mean lag-1 autocorrelation,"B16c, ar20: per-subject r(MMI sts DiD, whitened autocorrelation DiD)",ok,"2 | 59.7 % | 0.0719 | −0.0127 [−0.0203, −0.0052] | 0.0002 | +0.333 |"
Results / 7. Remedies,paragraph 2,1,0.848,data,notes/review_results/inference_rows_raw.csv,"line 14; the line holds 0.8479260607023554; anchor: autocorr ts_gsr W60,primary",raw pre_dmt 0.8479,ok,emodynamic response function (HRF; S2 Text) lowered r₁ from 0.848 to 0.783 and sts from 1.155 to 0.832 an
Results / 7. Remedies,paragraph 2,1,0.783,data,notes/review_results/inference_rows_deconv.csv,"line 2; the line holds 0.7833314326251077; anchor: autocorr_deconv ts_gsr W60,primary",deconvolved pre_dmt 0.7833,ok,c response function (HRF; S2 Text) lowered r₁ from 0.848 to 0.783 and sts from 1.155 to 0.832 and left th
Results / 7. Remedies,paragraph 2,1,1.155,data,notes/review_results/inference_rows_raw.csv,"line 2; the line holds 1.155376719125973; anchor: sts ts_gsr W60,primary",raw pre_dmt 1.1554,ok, (HRF; S2 Text) lowered r₁ from 0.848 to 0.783 and sts from 1.155 to 0.832 and left the contrast in place
Results / 7. Remedies,paragraph 2,1,0.832,data,notes/review_results/inference_rows_deconv.csv,"line 8; the line holds 0.8315179042720846; anchor: sts_deconv ts_gsr W60,primary",deconvolved pre_dmt 0.8315,ok, Text) lowered r₁ from 0.848 to 0.783 and sts from 1.155 to 0.832 and left the contrast in place (−0.0782
Results / 7. Remedies,paragraph 2,1,−0.0782,data,notes/review_results/partB/inference_revision.csv,"line 153; the line holds -0.07819359277964044; anchor: pickle,sts_deconv ts_gsr W60,primary,did,",B21,ok,"and sts from 1.155 to 0.832 and left the contrast in place (−0.0782, p = 0.0013; post hoc, and not regenera"
Results / 7. Remedies,paragraph 2,1,0.0013,data,notes/review_results/partB/inference_revision.csv,"line 153; the line holds 0.0013427734375; anchor: pickle,sts_deconv ts_gsr W60,primary,did,",B21,ok,"1.155 to 0.832 and left the contrast in place (−0.0782, p = 0.0013; post hoc, and not regenerable from the"
Results / 7. Remedies,paragraph 2,1,2,design,notes/review_results/partB/whitened_spectrum_tables.md,line 4; anchor: TR 2 s,TR 2 s,ok,"ds neither the deconvolved series nor their sandbox). At TR 2 s it changes the operating point, not t"
Results / 7. Remedies,paragraph 3,1,+7,data,notes/review_results/logs/sts_matched_null_F2.log,line 9; the line holds +7; anchor: W= 60: est sts baseline 0.8056,F2 (ii) +7 %,ok,ated conditions of equal true sts and different covariance: +7 % ± 8 % and −8 % ± 6 % of the observed 
Results / 7. Remedies,paragraph 3,1,8,derived,,derived: ± 0.0065 / 0.0809 = 8.0 % (F2 log line 9; the observed DiD −0.0809),,ok,nditions of equal true sts and different covariance: +7 % ± 8 % and −8 % ± 6 % of the observed contra
Results / 7. Remedies,paragraph 3,1,−8,data,notes/review_results/logs/sts_matched_null_F3.log,line 17; the line holds -8; anchor: W= 60: est sts baseline 1.1862,F3 (b) −8 %,ok, of equal true sts and different covariance: +7 % ± 8 % and −8 % ± 6 % of the observed contrast at W =
Results / 7. Remedies,paragraph 3,1,6,derived,,derived: ± 0.0047 / 0.0809 = 5.8 % (F3 log line 17),,ok,al true sts and different covariance: +7 % ± 8 % and −8 % ± 6 % of the observed contrast at W = 60 on
Results / 7. Remedies,paragraph 3,1,60,design,notes/review_results/logs/sts_matched_null_F2.log,line 9; anchor: W= 60:,W = 60,ok,": +7 % ± 8 % and −8 % ± 6 % of the observed contrast at W = 60 on the two data-like matched pairs, +29"
Results / 7. Remedies,paragraph 3,1,+29,data,notes/review_results/logs/sts_matched_null_F2.log,line 10; the line holds +29; anchor: W=840: est sts baseline 1.3037,F2 (ii) at 840,ok,"rved contrast at W = 60 on the two data-like matched pairs, +29 % and +2 % ± 2 % at the 840-sample fit "
Results / 7. Remedies,paragraph 3,1,+2,data,notes/review_results/logs/sts_matched_null_F3.log,line 18; the line holds +2; anchor: W=840: est sts baseline 1.3396,F3 (b) at 840,ok,"ast at W = 60 on the two data-like matched pairs, +29 % and +2 % ± 2 % at the 840-sample fit (S16 Tabl"
Results / 7. Remedies,paragraph 3,1,2,derived,,derived: ± 0.0013 / 0.0809 = 1.6 % (F3 log line 18),,ok,"W = 60 on the two data-like matched pairs, +29 % and +2 % ± 2 % at the 840-sample fit (S16 Table; S3 "
Results / 7. Remedies,paragraph 3,1,840,design,notes/review_results/logs/sts_matched_null_F2.log,line 10; anchor: W=840:,840 samples,ok,"he two data-like matched pairs, +29 % and +2 % ± 2 % at the 840-sample fit (S16 Table; S3 Text §9); the"
Results / 7. Remedies,paragraph 3,1,9,label,,,section number of S3 Text,ok,% and +2 % ± 2 % at the 840-sample fit (S16 Table; S3 Text §9); the paper reports both estimators and
Results / 7. Remedies,paragraph 3,1,3,label,,,section number of S3 Text,ok,further candidates are not computed on these data (S3 Text §3 and §10): null-model normalisation (Lia
Results / 7. Remedies,paragraph 3,1,10,label,,,section number of S3 Text,ok, candidates are not computed on these data (S3 Text §3 and §10): null-model normalisation (Liardi et a
Results / 7. Remedies,paragraph 3,1,1,label,,,lag-1: a name,ok,"that on the family depends on r₁ alone; and the pair of lag-1 transfer entropies, zero on the family "
Results / 7. Remedies,paragraph 3,2,1,label,,,AR(1): a name,ok,"ag-1 transfer entropies, zero on the family and at every AR(1)-substituted matrix (on Granger causali"
Discussion / What the finding is and is not,paragraph 1,1,1,label,,,AR(1): a name,ok, is what the estimator responds to. On the family of two AR(1) processes coupled only at lag 0 the Ga
Discussion / What the finding is and is not,paragraph 1,1,0,label,,,lag-0: a name,ok,o. On the family of two AR(1) processes coupled only at lag 0 the Gaussian-MMI synergy atom is the tw
Discussion / What the finding is and is not,paragraph 1,2,1,label,,,"AR(1), lag-1: names",ok,"s 1); it inherits the dependence of self-information on lag-1 autocorrelation, which outweighs |q| 4."
Discussion / What the finding is and is not,paragraph 1,1,4.7,data,notes/review_results/partB/aligned_directed_tables.md,line 27; the line holds 4.66; anchor: ratio (6.0705 × SD_r₁)/(0.1892 × SD_|q|) 4.66,4.66,ok,"f-information on lag-1 autocorrelation, which outweighs |q| 4.7-fold per within-window standard deviati"
Discussion / What the finding is and is not,paragraph 1,1,1.4,derived,,derived: (5.126 × 0.0284) / (0.528 × 0.1957) = 1.41 (AD lines 27 and 29),,ok,"fold per within-window standard deviation in population and 1.4-fold in the windowed estimator, while l"
Discussion / What the finding is and is not,paragraph 2,1,−0.081,data,notes/review_results/partB/inference_revision.csv,"line 627; the line holds -0.08086620932182391; anchor: pickle,sts ts_gsr W60,primary,did",mean −0.08087,ok,"On this dataset MMI-sts fell with r₁ relative to placebo (−0.081 as a difference-in-differences, −0.054 "
Discussion / What the finding is and is not,paragraph 2,1,−0.054,data,notes/review_results/partB/baseline_gap_tables.md,line 10; the line holds -0.0544; anchor: | sts | ts_gsr | 60 |,"B27 (a): the baseline-adjusted contrast, to three decimals",ok,"relative to placebo (−0.081 as a difference-in-differences, −0.054 adjusted for the runs' pre-injection ga"
Discussion / What the finding is and is not,paragraph 2,1,0.69,data,notes/review_2026-10-01_cold_reads/checks/derived_r24.out,line 63; the line holds +0.693672; anchor: mean cross-half correlation of the sts and r₁ DiDs,"derived_r24.out item 6 (B21 (d)'s formula): the mean cross-half correlation of the sts and r₁ DiDs, +0.693672, to two decimals",ok,"he two DMT-minus-placebo differences covary (cross-half r = 0.69, disattenuated 0.95), in part through t"
Discussion / What the finding is and is not,paragraph 2,1,0.95,data,notes/review_results/partB/inference_revision_tables.md,line 284; the line holds +0.951; anchor: | ts_gsr | +0.742 | +0.645 | +0.694 |,disattenuated +0.951,ok,"cebo differences covary (cross-half r = 0.69, disattenuated 0.95), in part through that gap (partial r ="
Discussion / What the finding is and is not,paragraph 2,1,+0.82,data,notes/review_results/partB/baseline_gap_tables.md,line 27; the line holds +0.824; anchor: | ts_gsr | 60 |,"B27 (b): partial r(sts DiD, r₁ DiD | sts pre-injection gap), to two decimals",ok," disattenuated 0.95), in part through that gap (partial r = +0.82 given the sts pre-injection gap); the g"
Discussion / What the finding is and is not,paragraph 2,1,−0.094,data,notes/review_results/partB/bandpassed_expectations_tables.md,line 12; the line holds -0.09441; anchor: | observed sts | -0.09441,"B24, condition (i): −0.09441",ok,all is close to a generator's for the same fall of pair r₁ (−0.094); the regional map follows regional r₁;
Discussion / What the finding is and is not,paragraph 2,1,1,label,,,AR(1): a name,ok, (−0.094); the regional map follows regional r₁; and the AR(1)-substituted estimate carries the contr
Discussion / What the finding is and is not,paragraph 2,1,0.0115,data,notes/review_results/partB/inference_revision.csv,"line 231; the line holds 0.011534229270659582; anchor: pickle,diag residual sts ts_gsr W60,primary,did",mean +0.01153,ok,"bstituted estimate carries the contrast. The remainder, the 0.0115 nats by which that estimate falls more "
Discussion / What the finding is and is not,paragraph 2,1,0.003,data,notes/review_results/partB/calibration_filtered_tables.md,line 8; the line holds +0.0027; anchor: (i) Δa (post filter) | W60,band-passed generator: +0.0027,ok,"s more than the observed sts, is not distinguished from the 0.003–0.005 of a simulated pure autocorrelati"
Discussion / What the finding is and is not,paragraph 2,1,0.005,data,notes/review_results/partB/calibration_tables.md,"line 8; the line holds +0.0049; anchor: (i) Δa = −0.015, Δc = 0 | W60","AR(1) pairs: +0.0049 (the finite-sample null gives +0.0054, NL line 16)",ok," than the observed sts, is not distinguished from the 0.003–0.005 of a simulated pure autocorrelation cha"
Discussion / What the finding is and is not,paragraph 2,1,0.006,data,notes/review_results/partB/baseline_gap_tables.md,line 43; the line holds +0.0061; anchor: Sensitivity:,"B27 (c): the smallest excess of the residual DiD over its three expectations, +0.0061, to three decimals",ok,005 of a simulated pure autocorrelation change (excesses of 0.006–0.009) by a test that detects 0.0155; a
Discussion / What the finding is and is not,paragraph 2,1,0.009,data,notes/review_results/partB/baseline_gap_tables.md,line 43; the line holds +0.0088; anchor: Sensitivity:,"B27 (c): the largest excess, +0.0088, to three decimals",ok, a simulated pure autocorrelation change (excesses of 0.006–0.009) by a test that detects 0.0155; across 
Discussion / What the finding is and is not,paragraph 2,1,0.0155,data,notes/review_results/partB/baseline_gap_tables.md,line 43; the line holds 0.0155; anchor: Sensitivity:,B27 (c): the smallest difference from a point expectation that the one-sample t test (13 df) detects with 80 % power at the two-sided 5 % level,ok,ion change (excesses of 0.006–0.009) by a test that detects 0.0155; across subjects it scales with the r₁ 
Discussion / What the finding is and is not,paragraph 2,1,−0.75,data,notes/review_results/partB/inference_revision_tables.md,line 243; the line holds -0.7533; anchor: | ts_gsr | residual DiD | -0.7533,OLS slope −0.7533,ok,"cts 0.0155; across subjects it scales with the r₁ change at −0.75 per unit, more steeply than either gene"
Discussion / The fall of r₁ under DMT,paragraph 1,1,28,design,manuscript/analysis_record.md,line 58; anchor: 840 TRs / 28 ratings,28 bins,ok,"G's Lempel–Ziv complexity rose (per-subject Spearman ρ over 28 bins −0.24, percentile interval [−0.40,"
Discussion / The fall of r₁ under DMT,paragraph 1,1,−0.24,data,manuscript/supplementary.md,line 119; the line holds −0.2416; anchor: | ts_gsr | TDMI | DMT |,"S6 Table: TDMI against EEG Lempel–Ziv complexity, DMT run, ts_gsr, mean ρ",ok,"el–Ziv complexity rose (per-subject Spearman ρ over 28 bins −0.24, percentile interval [−0.40, −0.08], on"
Discussion / The fall of r₁ under DMT,paragraph 1,1,−0.40,data,manuscript/supplementary.md,line 119; the line holds −0.4011; anchor: | ts_gsr | TDMI | DMT |,"S6 Table: TDMI against EEG Lempel–Ziv complexity, DMT run, ts_gsr, the percentile interval's lower limit",ok,"subject Spearman ρ over 28 bins −0.24, percentile interval [−0.40, −0.08], one-sided p = 0.002 against a "
Discussion / The fall of r₁ under DMT,paragraph 1,1,−0.08,data,manuscript/supplementary.md,line 119; the line holds −0.0765; anchor: | ts_gsr | TDMI | DMT |,"S6 Table: TDMI against EEG Lempel–Ziv complexity, DMT run, ts_gsr, the percentile interval's upper limit",ok," Spearman ρ over 28 bins −0.24, percentile interval [−0.40, −0.08], one-sided p = 0.002 against a phase-r"
Discussion / The fall of r₁ under DMT,paragraph 1,1,0.002,data,manuscript/supplementary.md,line 119; the line holds 0.0020; anchor: | ts_gsr | TDMI | DMT |,"S6 Table: TDMI against EEG Lempel–Ziv complexity, DMT run, ts_gsr, one-sided p against the phase-randomised null",ok,"ns −0.24, percentile interval [−0.40, −0.08], one-sided p = 0.002 against a phase-randomised null; on the"
Discussion / The fall of r₁ under DMT,paragraph 1,1,−0.05,data,manuscript/supplementary.md,line 120; the line holds −0.0468; anchor: | ts_gsr | TDMI | PCB |,"S6 Table: TDMI against EEG Lempel–Ziv complexity, mean ρ on the placebo run, ts_gsr",ok,"= 0.002 against a phase-randomised null; on the placebo run −0.05, p = 0.22, or −0.09, p = 0.045, without"
Discussion / The fall of r₁ under DMT,paragraph 1,1,0.22,data,manuscript/supplementary.md,line 120; the line holds 0.2208; anchor: | ts_gsr | TDMI | PCB |,"S6 Table: TDMI against EEG Lempel–Ziv complexity, its one-sided p against the phase-randomised null, ts_gsr",ok,"inst a phase-randomised null; on the placebo run −0.05, p = 0.22, or −0.09, p = 0.045, without global si"
Discussion / The fall of r₁ under DMT,paragraph 1,1,−0.09,data,manuscript/supplementary.md,line 124; the line holds −0.0926; anchor: | ts_demean | TDMI | PCB |,"S6 Table: TDMI against EEG Lempel–Ziv complexity, mean ρ on the placebo run, ts_demean",ok,"ase-randomised null; on the placebo run −0.05, p = 0.22, or −0.09, p = 0.045, without global signal regre"
Discussion / The fall of r₁ under DMT,paragraph 1,1,0.045,data,manuscript/supplementary.md,line 124; the line holds 0.0450; anchor: | ts_demean | TDMI | PCB |,"S6 Table: TDMI against EEG Lempel–Ziv complexity, its one-sided p against the phase-randomised null, ts_demean",ok,"sed null; on the placebo run −0.05, p = 0.22, or −0.09, p = 0.045, without global signal regression), a p"
Discussion / The fall of r₁ under DMT,paragraph 1,1,10,label,,,section number of S3 Text,ok,"d application of ΦID to psychedelic data (Methods; S3 Text §10; Liardi et al., 2025, is a PID on MEG u"
Discussion / The fall of r₁ under DMT,paragraph 1,1,+0.0143,data,notes/review_results/partB/inference_revision.csv,"line 743; the line holds 0.014346739579365077; anchor: engine,sts ts_gsr W60,primary,fd_did,",B21,ok,"t al., 2023, Methods and SI Appendix, Fig. S4; its DiD here +0.0143, p = 0.25) in series that are motion-ce"
Discussion / The fall of r₁ under DMT,paragraph 1,1,0.25,data,notes/review_results/partB/inference_revision.csv,"line 743; the line holds 0.2452392578125; anchor: engine,sts ts_gsr W60,primary,fd_did,","B21: the FD DiD's exact p 0.2452, to two decimals",ok,"Methods and SI Appendix, Fig. S4; its DiD here +0.0143, p = 0.25) in series that are motion-censored wit"
Discussion / The literature,paragraph 1,1,1,label,,,lag-1: a name,ok,sed wherever the compared conditions differ in r₁: BOLD lag-1 autocorrelation rises in propofol sedat
Discussion / The literature,paragraph 1,1,0.06,data,notes/partB5_literature_v2.md,line 28; the line holds +0.06; anchor: ∂/∂r₁ — sts +6.07,"∂rtr/∂r₁ +0.06 at (0.85, 0.25)",ok,r r₁ gives higher sts with rtr moving much less (∂rtr/∂r₁ = 0.06 on the family; in these data's regional
Discussion / The literature,paragraph 1,1,0.50,data,notes/review_2026-10-01_cold_reads/checks/derived_r24.out,line 48; the line holds +0.4981; anchor: rtr on r₁: slope,"derived_r24.out item 3: OLS slope of regional rtr on regional r₁ over the 115 regions, to two decimals",ok,"e family; in these data's regional map rtr's slope on r₁ is 0.50, still a sixth of sts's 3.09), so a reg"
Discussion / The literature,paragraph 1,1,3.09,data,notes/review_results/partB/regional_partial_tables.md,line 8; the line holds +3.0887; anchor: Slope +3.0887 nats per unit r₁ (r² = 0.745),slope +3.0887,ok,"ional map rtr's slope on r₁ is 0.50, still a sixth of sts's 3.09), so a regional autocorrelation gradien"
Discussion / The literature,paragraph 1,1,11,label,,,section number of S3 Text,ok,"pacity on binarised signals, is outside the scope (S3 Text §11), and the main text of Tarchi et al. (2"
Discussion / The literature,paragraph 2,1,0.72,literature,notes/review_2026-09-22/citation_pass_2026-09-22.md,line 146; anchor: TR of 720 ms,Luppi et al. 2022,ok,"The human (HCP) data of Luppi et al. (2022), at TR 0.72 s, fall outside the table's TR range, b"
Discussion / The literature,paragraph 2,1,4,label,,,section number of S3 Text,ok,"rence the exposure is almost the same at every TR (S3 Text §4, §10). That study's phase-randomised su"
Discussion / The literature,paragraph 2,1,10,label,,,section number of S3 Text,ok,"e the exposure is almost the same at every TR (S3 Text §4, §10). That study's phase-randomised surroga"
Discussion / The literature,paragraph 2,1,0.26,literature,notes/review_2026-09-22/citation_pass_2026-09-22.md,"line 20; anchor: Spearman ρ = 0.26, Pspin = 0.028",Luppi 2022 Table 1,ok,"ociations of their Table 1 on that dataset (surrogate |ρ| ≤ 0.26, one significant, against 0.22–0.54 obs"
Discussion / The literature,paragraph 2,1,0.22,literature,notes/review_2026-09-22/citation_pass_2026-09-22.md,line 22; anchor: The range is 0.22–0.54,Luppi 2022 Table 1,ok,"hat dataset (surrogate |ρ| ≤ 0.26, one significant, against 0.22–0.54 observed; S20 Table), with less fo"
Discussion / The literature,paragraph 2,1,0.54,literature,notes/review_2026-09-22/citation_pass_2026-09-22.md,line 22; anchor: The range is 0.22–0.54,Luppi 2022 Table 1,ok,"ataset (surrogate |ρ| ≤ 0.26, one significant, against 0.22–0.54 observed; S20 Table), with less force t"
Discussion / The literature,paragraph 2,1,0,label,,,q = 0: a value of the formula,ok,"with less force than that comparison suggests, since at q = 0 the redundancy term of their rank gradi"
Discussion / The literature,paragraph 2,2,10,label,,,section number of S3 Text,ok,erm of their rank gradient is finite-sample noise (S3 Text §10). On the family a change in q moves syn
Discussion / The literature,paragraph 2,1,60,design,manuscript/analysis_record.md,line 189; anchor: W = 60,W = 60,ok,"rise under DMT (Results 6), whose per-subject change at W = 60 correlates with the residual's at r = 0"
Discussion / The literature,paragraph 2,1,0.80,data,manuscript/si/S3_Text.md,line 384; the line holds +0.799; anchor: correlates with the CCS-sts DiD at r = +0.799,"S3 Text §6 (B18/B19): r(residual DiD, CCS-sts DiD) at W = 60, ts_gsr, to two decimals",ok,ject change at W = 60 correlates with the residual's at r = 0.80 (its global-fit change at 0.09; a split
Discussion / The literature,paragraph 2,1,0.09,data,manuscript/si/S3_Text.md,line 384; the line holds +0.094; anchor: correlates with the CCS-sts DiD at r = +0.799,"S3 Text §6 (B18/B19): r(residual DiD at W = 60, CCS-sts DiD of the global fit), ts_gsr, +0.094, to two decimals",ok,s with the residual's at r = 0.80 (its global-fit change at 0.09; a split-half test left undetermined wh
Discussion / The literature,paragraph 2,1,6,label,,,section number of S3 Text,ok,ft undetermined whether what they share is signal; S3 Text §6): a specification chosen after the resu
Discussion / Recommendations,paragraph 1,1,1,label,,,"lag-1, AR(1): names",ok,"Report the mean lag-1 autocorrelation beside sts, per conditi"
Discussion / Recommendations,paragraph 1,2,1,label,,,"AR(1), lag-1: names",ok,"youni et al., 2019). Report each sts contrast beside its AR(1)-substituted estimate from each pair's "
Discussion / Recommendations,paragraph 1,3,1,label,,,r₁ approaching 1: the limit at which the derivative grows without bound,ok," of r₁, since ∂sts/∂r₁ grows without bound as r₁ approaches 1. On band-passed data the prewhitening o"
Discussion / Recommendations,paragraph 1,1,0,label,,,lag-0: a name,ok,at preserve each region's autocorrelation and the pair's lag-0 correlation — from each pair's AR(1)-s
Discussion / Recommendations,paragraph 1,4,1,label,,,AR(1): a name,ok,"ation and the pair's lag-0 correlation — from each pair's AR(1)-substituted matrix, or from the two s"
Discussion / Recommendations,paragraph 1,2,0,label,,,lag-0: a name,ok,"ituted matrix, or from the two spectra with the measured lag-0 correlation — and pass them through th"
Discussion / Recommendations,paragraph 1,5,1,label,,,AR(1): a name,ok,rrelation — and pass them through the same estimator; the AR(1)-substituted value itself is not a nul
Discussion / Recommendations,paragraph 1,3,0,label,,,q = 0: no cross-correlation,ok,"s 4). A null that removes every cross-correlation sits at q = 0, where sts is at its maximum for a gi"
Discussion / Recommendations,paragraph 1,4,0,label,,,lag-0: a name,ok," where sts is at its maximum for a given r₁, and so tests lag-0 correlation rather than lagged intera"
Discussion / Limitations,paragraph 1,1,14,design,manuscript/analysis_record.md,line 48; anchor: 14 subjects × 2 conditions,N = 14,ok,"One dataset, one drug, one parcellation, N = 14, TR 2 s, no deconvolution in the primar"
Discussion / Limitations,paragraph 1,1,2,design,notes/review_results/partB/whitened_spectrum_tables.md,line 4; anchor: TR 2 s,TR 2 s,ok,"One dataset, one drug, one parcellation, N = 14, TR 2 s, no deconvolution in the primary anal"
Discussion / Limitations,paragraph 1,1,0.4,literature,notes/review_2026-10-01_cold_reads/claims/claims_2026-10-01.md,line 71; anchor: frame-wise displacement greater than 0.4,"the release's censoring threshold, from the Reporting Summary of Singleton et al. (2025) and the Methods of both source papers",ok,ion-censored: each volume with framewise displacement above 0.4 was replaced by the mean of its neighbo
Discussion / Limitations,paragraph 1,1,23.6,data,notes/review_results/partB/censoring_tables.md,line 24; the line holds 23.6; anchor: | mean |,B29 (a): mean TRs above the threshold per DMT run,ok,e 0.4 was replaced by the mean of its neighbours (Methods); 23.6 TRs per run crossed the threshold under
Discussion / Limitations,paragraph 1,1,10.1,data,notes/review_results/partB/censoring_tables.md,line 24; the line holds 10.1; anchor: | mean |,B29 (a): mean TRs above the threshold per placebo run,ok,"hods); 23.6 TRs per run crossed the threshold under DMT and 10.1 under placebo, the count per window cha"
Discussion / Limitations,paragraph 1,1,+1.12,data,notes/review_results/partB/censoring_tables.md,line 24; the line holds +1.12; anchor: | mean |,"B29 (a): DiD of the count of marked TRs per window, to two decimals",ok,"DMT and 10.1 under placebo, the count per window changed by +1.12 after the injection relative to placebo"
Discussion / Limitations,paragraph 1,1,0.2166,data,notes/review_results/partB/censoring_tables.md,line 24; the line holds 0.2166; anchor: | mean |,B29 (a): exact sign-flip p of the count DiD,ok,"anged by +1.12 after the injection relative to placebo (p = 0.2166, positive in 7 of 14), its DiD correlat"
Discussion / Limitations,paragraph 1,1,7,data,notes/review_results/partB/censoring_tables.md,line 24; the line holds 7/14 positive; anchor: | mean |,B29 (a): subjects with a positive count DiD,ok," the injection relative to placebo (p = 0.2166, positive in 7 of 14), its DiD correlates with the r₁ "
Discussion / Limitations,paragraph 1,2,14,design,manuscript/analysis_record.md,line 48; anchor: 14 subjects × 2 conditions,N = 14 subjects (the shape of the data: 14 subjects × 2 conditions),ok,"injection relative to placebo (p = 0.2166, positive in 7 of 14), its DiD correlates with the r₁ DiD at"
Discussion / Limitations,paragraph 1,1,−0.107,data,notes/review_results/partB/censoring_tables.md,line 30; the line holds -0.107; anchor: | ts_gsr |,"B29 (b): r(count DiD, r₁ DiD) across subjects",ok,"tive in 7 of 14), its DiD correlates with the r₁ DiD at r = −0.107 across subjects (+0.037 without global "
Discussion / Limitations,paragraph 1,1,+0.037,data,notes/review_results/partB/censoring_tables.md,line 31; the line holds +0.037; anchor: | ts_demean |,"B29 (b): r(count DiD, r₁ DiD) across subjects, ts_demean",ok,D correlates with the r₁ DiD at r = −0.107 across subjects (+0.037 without global signal regression) and a
Discussion / Limitations,paragraph 1,1,−0.124,data,notes/review_results/partB/censoring_tables.md,line 35; the line holds -0.124; anchor: ts_gsr: r =,"B29 (c): r(window count, window r₁) within runs",ok, signal regression) and a window's count with its r₁ at r = −0.124 within runs (−0.025; S3 Text §5): the r
Discussion / Limitations,paragraph 1,1,−0.025,data,notes/review_results/partB/censoring_tables.md,line 36; the line holds -0.025; anchor: ts_demean: r =,"B29 (c): r(window count, window r₁) within runs, ts_demean",ok,"and a window's count with its r₁ at r = −0.124 within runs (−0.025; S3 Text §5): the replacement, which ra"
Discussion / Limitations,paragraph 1,1,5,label,,,section number of S3 Text,ok,"unt with its r₁ at r = −0.124 within runs (−0.025; S3 Text §5): the replacement, which raises r₁ wher"
Discussion / Limitations,paragraph 1,2,2,label,,,section number of S3 Text,ok,ΦID's joint-target nodes or its double redundancy (S3 Text §2). The calibration of the AR(1)-substitu
Discussion / Limitations,paragraph 1,1,1,label,,,AR(1),ok,s double redundancy (S3 Text §2). The calibration of the AR(1)-substituted estimate is on generators 
Discussion / Limitations,paragraph 1,2,1,label,,,AR(1): a name,ok,r the placebo series with a known change written in; the AR(1) family does not fit the data beyond la
Discussion / Limitations,paragraph 1,3,1,label,,,lag 1: a name,ok,"itten in; the AR(1) family does not fit the data beyond lag 1 (S14 Table), the coupled family is symm"
Discussion / Limitations,paragraph 1,1,0.053,data,notes/review_results/partB/family_atoms_tables.md,line 25; the line holds -0.0530; anchor: | sts | +1.1554 | +1.2084 | -0.0530,sts residual level,ok,table with each pair's measured coefficients only to within 0.053 nats for sts and 0.04 for the mirror at
Discussion / Limitations,paragraph 1,1,0.04,data,notes/review_results/partB/family_atoms_tables.md,line 17; the line holds +0.0395; anchor: | xts | -0.5352 | -0.5747 | +0.0395,mirror-atom residuals +0.039 to +0.040,ok,"measured coefficients only to within 0.053 nats for sts and 0.04 for the mirror atoms, and its exchange "
Discussion / Limitations,paragraph 1,4,1,label,,,section number of S5 Text,ok,"idual was built and has been withdrawn (S19 Table; S5 Text §1). The git record establishes ordering, "
Materials and methods / Dataset,paragraph 1,1,840,design,manuscript/analysis_record.md,line 58; anchor: 840 TRs / 28 ratings,840 TRs per run,ok,"3): fourteen subjects, each with a DMT and a placebo run of 840 TRs at TR = 2 s, injection at TR 240, w"
Materials and methods / Dataset,paragraph 1,1,2,design,manuscript/analysis_record.md,line 153; anchor: TR = 2 s for this dataset,TR 2 s,ok,"jects, each with a DMT and a placebo run of 840 TRs at TR = 2 s, injection at TR 240, with global sig"
Materials and methods / Dataset,paragraph 1,1,240,design,manuscript/analysis_record.md,line 402; anchor: The switch at TR 240,injection at TR 240,ok,"T and a placebo run of 840 TRs at TR = 2 s, injection at TR 240, with global signal regression (ts_gsr,"
Materials and methods / Dataset,paragraph 1,1,0.01,design,manuscript/analysis_record.md,line 5018; anchor: 99.2 % of its power lies inside 0.01–0.08 Hz,band,ok," it (ts_demean, sensitivity) (S1 Text), both band-passed to 0.01–0.08 Hz; Schaefer-100 parcels (released"
Materials and methods / Dataset,paragraph 1,1,0.08,design,manuscript/analysis_record.md,line 5018; anchor: 99.2 % of its power lies inside 0.01–0.08 Hz,band,ok,"ts_demean, sensitivity) (S1 Text), both band-passed to 0.01–0.08 Hz; Schaefer-100 parcels (released with"
Materials and methods / Dataset,paragraph 1,1,100,design,manuscript/analysis_record.md,line 2079; anchor: which fixes the parcel order as Schaefer-100,Schaefer-100,ok,"vity) (S1 Text), both band-passed to 0.01–0.08 Hz; Schaefer-100 parcels (released with Schaefer et al.,"
Materials and methods / Dataset,paragraph 1,1,7,label,,,Yeo-7: a name,ok,"er-100 parcels (released with Schaefer et al., 2018) in Yeo-7 networks (Yeo et al., 2011) and 16 subc"
Materials and methods / Dataset,paragraph 1,1,16,design,manuscript/analysis_record.md,line 2051; anchor: rotated map for the 16 subcortical parcels,16 subcortical,ok,"efer et al., 2018) in Yeo-7 networks (Yeo et al., 2011) and 16 subcortical ones (Tian et al., 2020), o"
Materials and methods / Dataset,paragraph 1,1,115,design,notes/review_results/partB/regional_sts_r1_tables.md,line 3; anchor: 115 regions,115 regions,ok,", one region, mean-filled for one subject, dropped for all: 115 regions and 6,555 pairs (COBIDAS checkl"
Materials and methods / Dataset,paragraph 1,1,"6,555",design,notes/review_results/partB/scope_map_tables.md,line 84; anchor: | ts_gsr | DMT | 1 | 6555 |,"6,555 pairs",ok,"an-filled for one subject, dropped for all: 115 regions and 6,555 pairs (COBIDAS checklist: S4 Text)."
Materials and methods / Dataset,paragraph 1,1,0.4,literature,notes/review_2026-10-01_cold_reads/claims/claims_2026-10-01.md,line 71; anchor: frame-wise displacement greater than 0.4,"the release's censoring threshold, from the Reporting Summary of Singleton et al. (2025) and the Methods of both source papers",ok,sing replaced each volume with framewise displacement above 0.4 by the mean of the surrounding volumes 
Materials and methods / Dataset,paragraph 1,1,20,literature,notes/review_2026-10-01_cold_reads/claims/claims_2026-10-01.md,"line 59; anchor: ""Six out of 20 participants were discarded"" for more than 20 % of the","the exclusion criterion of Singleton et al. (2025, Methods, p. 8): more than 20 % of the volumes scrubbed, for the six of twenty participants excluded",ok," six of the twenty participants were excluded for more than 20 % of such volumes (Singleton et al., 20"
Materials and methods / Dataset,paragraph 1,1,3,label,,,subject 3: an index,ok,"leton et al., 2025); one non-finite TR, the last of subject 3's placebo run, at the end of window 14 "
Materials and methods / Dataset,paragraph 1,1,14,design,manuscript/analysis_record.md,line 1747; anchor: Primary (pre windows 1–4 / bins 1–8; post windows 6–14 / bins 11–28),window 14,ok,", the last of subject 3's placebo run, at the end of window 14 (on ts_gsr the only one; S3 Text §5), i"
Materials and methods / Dataset,paragraph 1,1,5,label,,,section number of S3 Text,ok,", at the end of window 14 (on ts_gsr the only one; S3 Text §5), is dropped (S1 Text)."
Materials and methods / Estimator,paragraph 1,1,2026,label,,,citation year,ok,"Atoms were computed with phyid (Imperial-MIND-lab, 2026; calc_PhiID, Gaussian, τ = 1) and avera"
Materials and methods / Estimator,paragraph 1,1,1,label,,,"τ = 1, AR(1), VAR(1), 1 + 2Σ: formula and names",ok,"h phyid (Imperial-MIND-lab, 2026; calc_PhiID, Gaussian, τ = 1) and averaged over pairs, in 14 non-ove"
Materials and methods / Estimator,paragraph 1,1,14,design,manuscript/analysis_record.md,line 1747; anchor: Primary (pre windows 1–4 / bins 1–8; post windows 6–14 / bins 11–28),14 windows of 60 TRs,ok,"6; calc_PhiID, Gaussian, τ = 1) and averaged over pairs, in 14 non-overlapping, separately fitted 60-T"
Materials and methods / Estimator,paragraph 1,1,60,design,manuscript/analysis_record.md,line 189; anchor: W = 60,60-TR windows,ok,"eraged over pairs, in 14 non-overlapping, separately fitted 60-TR windows per run (W = 60; W = 30 as a"
Materials and methods / Estimator,paragraph 1,2,60,design,manuscript/analysis_record.md,"line 1400; anchor: ts_gsr, W = 60, 115 regions",W = 60,ok,"n-overlapping, separately fitted 60-TR windows per run (W = 60; W = 30 as a second) or in one global f"
Materials and methods / Estimator,paragraph 1,1,30,design,manuscript/analysis_record.md,line 316; anchor: sts bias at W = 30 is 52–77 % of the true,W = 30,ok,"pping, separately fitted 60-TR windows per run (W = 60; W = 30 as a second) or in one global fit per r"
Materials and methods / Estimator,paragraph 1,1,28,design,manuscript/analysis_record.md,line 58; anchor: 840 TRs / 28 ratings,28 bins,ok,"or in one global fit per run, its local atoms averaged into 28 bins. For two series with these autocor"
Materials and methods / Estimator,paragraph 1,2,1,label,,,"τ = 1, AR(1), VAR(1), 1 + 2Σ: formula and names",ok,"ation, the effective sample size of their correlation, n / (1 + 2 Σ_k ρ_k²) (the global form reviewed"
Materials and methods / Estimator,paragraph 1,1,2,label,,,1 + 2Σ: formula,ok,"n, the effective sample size of their correlation, n / (1 + 2 Σ_k ρ_k²) (the global form reviewed by "
Materials and methods / Estimator,paragraph 1,3,1,label,,,"τ = 1, AR(1), VAR(1), 1 + 2Σ: formula and names",ok,"youni et al., 2019, their Eq. 8; Bartlett, 1935, gave the AR(1) case), is about 18 in a 60-TR window "
Materials and methods / Estimator,paragraph 1,1,18,derived,,derived: 60 / 3.264 = 18.4 (NL line 2: 1 + 2 Σ ρ_k² over the six lags of the placebo function = 3.264),,ok," their Eq. 8; Bartlett, 1935, gave the AR(1) case), is about 18 in a 60-TR window over six lags of the"
Materials and methods / Estimator,paragraph 1,3,60,design,manuscript/analysis_record.md,line 189; anchor: W = 60,60-TR windows,ok,"q. 8; Bartlett, 1935, gave the AR(1) case), is about 18 in a 60-TR window over six lags of the pooled "
Materials and methods / Estimator,paragraph 1,1,4,label,,,matrix dimension,ok,"ementation, computing the atoms directly from each window's 4 × 4 correlation matrix, reproduces phyi"
Materials and methods / Estimator,paragraph 1,2,4,label,,,matrix dimension,ok,"tation, computing the atoms directly from each window's 4 × 4 correlation matrix, reproduces phyid to"
Materials and methods / Estimator,paragraph 1,1,1.3 × 10⁻¹⁴,bound,notes/review_results/logs/phiid_fast_validate.log,"line 5; the line holds bound on 1.24e-14; anchor: (3) global bin means vs saved, ts_gsr","bound on max|diff| 1.24e-14 (window means 7.99e-15, 9.33e-15)",ok,"ach window's 4 × 4 correlation matrix, reproduces phyid to ≤ 1.3 × 10⁻¹⁴ on every saved window and bin mean, ≤ "
Materials and methods / Estimator,paragraph 1,1,2.3 × 10⁻¹⁴,bound,notes/review_results/logs/phiid_fast_validate.log,"line 6; the line holds bound on 2.21e-14; anchor: (4) 11's per-region global sts vs closed form, ts_gsr",bound on 2.21e-14 (ts_demean 1.70e-14),ok,"phyid to ≤ 1.3 × 10⁻¹⁴ on every saved window and bin mean, ≤ 2.3 × 10⁻¹⁴ on the regional values and 1.0 × 10⁻¹³"
Materials and methods / Estimator,paragraph 1,1,1.0 × 10⁻¹³,data,notes/review_results/logs/phiid_fast_validate_local.log,line 1; the line holds 1.01e-13; anchor: max|diff| = 1.01e-13,1.01 × 10⁻¹³ at two significant figures,ok,"indow and bin mean, ≤ 2.3 × 10⁻¹⁴ on the regional values and 1.0 × 10⁻¹³ on the TR-local series checked."
Materials and methods / The closed form,paragraph 1,1,1,label,,,AR(1): a name,ok,For unit-variance stationary AR(1) processes the correlation matrix of (x
Materials and methods / The closed form,paragraph 1,2,1,label,,,"unit variance, t+1: formula",ok,"y AR(1) processes the correlation matrix of (x_t, y_t, x_{t+1}, y_{t+1}) is"
Materials and methods / The closed form,paragraph 1,3,1,label,,,"unit variance, t+1: formula",ok,"rocesses the correlation matrix of (x_t, y_t, x_{t+1}, y_{t+1}) is"
Materials and methods / The closed form,paragraph 2,1,1,label,,,matrix entries,ok,"R₄ = [[1, q, a, aq], [q, 1, aq, a], [a, aq, 1, q"
Materials and methods / The closed form,paragraph 2,2,1,label,,,matrix entries,ok,"R₄ = [[1, q, a, aq], [q, 1, aq, a], [a, aq, 1, q], [aq, a, q, 1]];"
Materials and methods / The closed form,paragraph 2,3,1,label,,,matrix entries,ok,"R₄ = [[1, q, a, aq], [q, 1, aq, a], [a, aq, 1, q], [aq, a, q, 1]];"
Materials and methods / The closed form,paragraph 2,4,1,label,,,matrix entries,ok," = [[1, q, a, aq], [q, 1, aq, a], [a, aq, 1, q], [aq, a, q, 1]];"
Materials and methods / The closed form,paragraph 3,1,1,label,,,t+1: an index of the formula,ok,"its block determinants give I(x_t; x_{t+1}) = S, I(x_t; y_{t+1}) = C, every singl"
Materials and methods / The closed form,paragraph 3,2,1,label,,,t+1: an index of the formula,ok,"ts block determinants give I(x_t; x_{t+1}) = S, I(x_t; y_{t+1}) = C, every single-source joint-target"
Materials and methods / The closed form,paragraph 3,1,2,label,,,TDMI = 2S: formula,ok,"joint-source single-target mutual information S, and TDMI = 2S. MMI sets the four single-source singl"
Materials and methods / The closed form,paragraph 3,3,1,label,,,t+1: an index of the formula,ok," two separate pasts about the joint future, min(I(x_t; x_{t+1}, y_{t+1}), I(y_t; x_{t+1}, y_{t+1})), "
Materials and methods / The closed form,paragraph 3,4,1,label,,,t+1: an index of the formula,ok,"rate pasts about the joint future, min(I(x_t; x_{t+1}, y_{t+1}), I(y_t; x_{t+1}, y_{t+1})), and its t"
Materials and methods / The closed form,paragraph 3,5,1,label,,,t+1: an index of the formula,ok,"the joint future, min(I(x_t; x_{t+1}, y_{t+1}), I(y_t; x_{t+1}, y_{t+1})), and its time-reverse — to "
Materials and methods / The closed form,paragraph 3,6,1,label,,,t+1: an index of the formula,ok," future, min(I(x_t; x_{t+1}, y_{t+1}), I(y_t; x_{t+1}, y_{t+1})), and its time-reverse — to S, even a"
Materials and methods / The closed form,paragraph 3,1,0,label,,,q = 0: a value of the formula,ok,"_{t+1}, y_{t+1})), and its time-reverse — to S, even at q = 0, where x and y are independent: under M"
Materials and methods / The closed form,paragraph 3,2,2,label,,,2S − C: formula,ok, balances it with the four negative mirror atoms and leaves 2S − C to sts (checked to 4 × 10⁻¹⁵; S3 T
Materials and methods / The closed form,paragraph 3,1,4 × 10⁻¹⁵,bound,notes/review_results/partB/family_checks.log,"line 17; the line holds bound on 3.6e-15; anchor: Symmetric family, 2,000 draws",bound on 3.6e-15,ok, negative mirror atoms and leaves 2S − C to sts (checked to 4 × 10⁻¹⁵; S3 Text). With unequal coefficients th
Materials and methods / The closed form,paragraph 3,1,0.80,design,notes/review_results/partB/diagnostic_alternatives_tables.md,line 196; anchor: | 0.80 | 0.05 |,grid,ok,"select the less self-predictive member; on a grid of mean a 0.80–0.90, q 0.05–0.70 and |a_x − a_y| up to"
Materials and methods / The closed form,paragraph 3,1,0.90,design,notes/review_results/partB/diagnostic_alternatives_tables.md,line 208; anchor: | 0.90 | 0.05 |,grid,ok,"t the less self-predictive member; on a grid of mean a 0.80–0.90, q 0.05–0.70 and |a_x − a_y| up to 0.10"
Materials and methods / The closed form,paragraph 3,1,0.05,design,notes/review_results/partB/diagnostic_alternatives_tables.md,line 196; anchor: | 0.80 | 0.05 |,grid,ok,"ss self-predictive member; on a grid of mean a 0.80–0.90, q 0.05–0.70 and |a_x − a_y| up to 0.10 the sta"
Materials and methods / The closed form,paragraph 3,1,0.70,design,notes/review_results/partB/diagnostic_alternatives_tables.md,line 201; anchor: | 0.80 | 0.70 |,grid,ok,"lf-predictive member; on a grid of mean a 0.80–0.90, q 0.05–0.70 and |a_x − a_y| up to 0.10 the statemen"
Materials and methods / The closed form,paragraph 3,1,0.10,design,notes/review_results/partB/diagnostic_alternatives_tables.md,line 192; anchor: (0 to 0.10 in steps of 0.0005),grid,ok," grid of mean a 0.80–0.90, q 0.05–0.70 and |a_x − a_y| up to 0.10 the statements of Results 1 hold to 7 "
Materials and methods / The closed form,paragraph 3,1,7 × 10⁻¹⁶,bound,notes/review_results/partB/diagnostic_alternatives_tables.md,line 209; the line holds bound on 6.7e-16; anchor: | 0.90 | 0.10 | 5.6e-16,"largest |entry| of the (f) grid, 6.7e-16",ok,nd |a_x − a_y| up to 0.10 the statements of Results 1 hold to 7 × 10⁻¹⁶ (S18 Table). A pair sharing a slow co
Materials and methods / The closed form,paragraph 3,7,1,label,,,"Results 1, τ = 1, VAR(1), lag-1: names",ok,"18 Table). A pair sharing a slow component gives the same τ = 1 signature as lagged coupling, and the"
Materials and methods / The closed form,paragraph 3,1,4,label,,,4 × 4 matrix,ok,"e not separable at that lag: any positive-definite stationary 4 × 4 matrix of (x_t, y_t, x_{t+1}, y_{"
Materials and methods / The closed form,paragraph 3,2,4,label,,,4 × 4 matrix,ok,"t separable at that lag: any positive-definite stationary 4 × 4 matrix of (x_t, y_t, x_{t+1}, y_{t+1}"
Materials and methods / The closed form,paragraph 3,8,1,label,,,"x_{t+1}, y_{t+1}: formula",ok," positive-definite stationary 4 × 4 matrix of (x_t, y_t, x_{t+1}, y_{t+1}) is the lag-0/lag-1 structu"
Materials and methods / The closed form,paragraph 3,9,1,label,,,"x_{t+1}, y_{t+1}: formula",ok,"-definite stationary 4 × 4 matrix of (x_t, y_t, x_{t+1}, y_{t+1}) is the lag-0/lag-1 structure of a s"
Materials and methods / The closed form,paragraph 3,2,0,label,,,lag-0: a name,ok,"onary 4 × 4 matrix of (x_t, y_t, x_{t+1}, y_{t+1}) is the lag-0/lag-1 structure of a stable VAR(1) (S"
Materials and methods / The closed form,paragraph 3,10,1,label,,,"Results 1, τ = 1, VAR(1), lag-1: names",ok,"4 × 4 matrix of (x_t, y_t, x_{t+1}, y_{t+1}) is the lag-0/lag-1 structure of a stable VAR(1) (S3 Text"
Materials and methods / The closed form,paragraph 3,11,1,label,,,VAR(1): a name,ok,"_{t+1}, y_{t+1}) is the lag-0/lag-1 structure of a stable VAR(1) (S3 Text)."
Materials and methods / Regional maps,paragraph 1,1,"10,000",design,notes/review_results/partB/regional_sts_r1_tables.md,"line 3; anchor: (10,000, both directions)","10,000 rotations",ok,"gional r₁ (S3 Text). The correlations were spin-tested with 10,000 rotations of the 99 cortical parcels (A"
Materials and methods / Regional maps,paragraph 1,1,99,design,notes/review_results/partB/regional_sts_r1_tables.md,line 7; anchor: Spearman ρ (99 cortical),99 cortical parcels,ok," correlations were spin-tested with 10,000 rotations of the 99 cortical parcels (Alexander-Bloch et al"
Materials and methods / Inference,paragraph 1,1,1,design,manuscript/analysis_record.md,line 1747; anchor: Primary (pre windows 1–4 / bins 1–8; post windows 6–14 / bins 11–28),window and bin sets,ok,"Pre-injection windows are 1–4 (bins 1–8), post windows 6–14 (bins 1"
Materials and methods / Inference,paragraph 1,1,4,design,manuscript/analysis_record.md,line 1747; anchor: Primary (pre windows 1–4 / bins 1–8; post windows 6–14 / bins 11–28),window and bin sets,ok,"Pre-injection windows are 1–4 (bins 1–8), post windows 6–14 (bins 11–"
Materials and methods / Inference,paragraph 1,2,1,design,manuscript/analysis_record.md,line 1747; anchor: Primary (pre windows 1–4 / bins 1–8; post windows 6–14 / bins 11–28),window and bin sets,ok,"Pre-injection windows are 1–4 (bins 1–8), post windows 6–14 (bins 11–28). Inf"
Materials and methods / Inference,paragraph 1,1,8,design,manuscript/analysis_record.md,line 1747; anchor: Primary (pre windows 1–4 / bins 1–8; post windows 6–14 / bins 11–28),window and bin sets,ok,"Pre-injection windows are 1–4 (bins 1–8), post windows 6–14 (bins 11–28). Infer"
Materials and methods / Inference,paragraph 1,1,6,design,manuscript/analysis_record.md,line 1747; anchor: Primary (pre windows 1–4 / bins 1–8; post windows 6–14 / bins 11–28),window and bin sets,ok,"Pre-injection windows are 1–4 (bins 1–8), post windows 6–14 (bins 11–28). Inference is an exact "
Materials and methods / Inference,paragraph 1,1,14,design,manuscript/analysis_record.md,line 1747; anchor: Primary (pre windows 1–4 / bins 1–8; post windows 6–14 / bins 11–28),window 14,ok,"Pre-injection windows are 1–4 (bins 1–8), post windows 6–14 (bins 11–28). Inference is an exact sig"
Materials and methods / Inference,paragraph 1,1,11,design,manuscript/analysis_record.md,line 1747; anchor: Primary (pre windows 1–4 / bins 1–8; post windows 6–14 / bins 11–28),window and bin sets,ok,"jection windows are 1–4 (bins 1–8), post windows 6–14 (bins 11–28). Inference is an exact sign-flip pe"
Materials and methods / Inference,paragraph 1,1,28,design,manuscript/analysis_record.md,line 1747; anchor: Primary (pre windows 1–4 / bins 1–8; post windows 6–14 / bins 11–28),window and bin sets,ok,"tion windows are 1–4 (bins 1–8), post windows 6–14 (bins 11–28). Inference is an exact sign-flip permu"
Materials and methods / Inference,paragraph 1,2,14,design,manuscript/analysis_record.md,line 48; anchor: 14 subjects × 2 conditions,N = 14,ok,"1–28). Inference is an exact sign-flip permutation over the 14 subjects (16,384 assignments, two-sided"
Materials and methods / Inference,paragraph 1,1,"16,384",design,notes/review_results/partB/inference_revision_tables.md,"line 4; anchor: over 2^14 assignments, two-sided",2^14,ok,"nce is an exact sign-flip permutation over the 14 subjects (16,384 assignments, two-sided, a reading fixed"
Materials and methods / Inference,paragraph 1,1,95,label,,,95 % interval,ok,"iDs independent and symmetric about the tested mean, with a 95 % interval obtained by inverting that t"
Materials and methods / Inference,paragraph 1,1,0.05,design,notes/review_results/partB/inference_revision_tables.md,line 4; anchor: {μ : p(μ) > 0.05},inversion level,ok,"est (the values μ for which the test of a mean of μ has p > 0.05), so that an interval excludes zero exa"
Materials and methods / Inference,paragraph 1,2,0.05,design,notes/review_results/partB/inference_revision_tables.md,line 4; anchor: {μ : p(μ) > 0.05},inversion level,ok,"> 0.05), so that an interval excludes zero exactly when p ≤ 0.05; the pre-specified subject-bootstrap pe"
Materials and methods / Inference,paragraph 1,1,12.5,derived,,derived: 1 − 1/1.1429 (median width ratio; IRT line 12 median 1.143; width_ratio column of IRC),,ok,"ootstrap percentile intervals were narrower, by a median of 12.5 % (S17 Table). Correlations across subj"
Materials and methods / Inference,paragraph 1,1,2,label,,,n − 2: the degrees of freedom of a least-squares line (a formula),ok,s; slopes and intercepts across subjects t intervals on n − 2 degrees of freedom (12 for the 14 subje
Materials and methods / Inference,paragraph 1,1,12,design,notes/review_results/partB/inference_revision_tables.md,line 240; anchor: t CI (12 df),"degrees of freedom, 14 − 2",ok,"ts across subjects t intervals on n − 2 degrees of freedom (12 for the 14 subjects), which assume norm"
Materials and methods / Inference,paragraph 1,3,14,design,manuscript/analysis_record.md,line 48; anchor: 14 subjects × 2 conditions,N = 14 subjects (the shape of the data: 14 subjects × 2 conditions),ok,"ubjects t intervals on n − 2 degrees of freedom (12 for the 14 subjects), which assume normal residual"
Materials and methods / Inference,paragraph 1,1,0.61,data,notes/review_results/partB/baseline_gap_tables.md,line 44; the line holds 0.611; anchor: Fieller's g,B27 (c): Fieller's g of the whole-brain r₁ DiD as denominator,ok,ose width grows with g = (t · SE/mean)² of the denominator (0.61 for the whole-brain r₁ DiD) and which a
Materials and methods / Inference,paragraph 1,3,1,label,,,g < 1: the condition for a finite Fieller interval,ok,61 for the whole-brain r₁ DiD) and which are finite for g < 1. A phase-randomised surrogate (Theiler 
Materials and methods / Inference,paragraph 1,1,20261120,design,manuscript/analysis_record.md,line 127; anchor: `SEED = 20261120` everywhere,seed,ok,se displacement. ΦR is TDMI − I(X;X′) − I(Y;Y′) + rtr. Seed 20261120.
Materials and methods / The primary contrast and the exploratory analyses,paragraph 1,1,60,design,manuscript/analysis_record.md,"line 1400; anchor: ts_gsr, W = 60, 115 regions",W = 60,ok,"e pre-specified DiD of whole-brain MMI-sts on ts_gsr at W = 60 is the primary contrast, not a blind co"
Materials and methods / The AR(1)-substituted estimate and its calibration,paragraph 1,1,1,label,,,AR(1): a name,ok,The AR(1)-substituted estimate does not exist wh
Materials and methods / The AR(1)-substituted estimate and its calibration,paragraph 1,2,1,label,,,AR(1): a name,ok,"The AR(1)-substituted estimate does not exist where no AR(1) pair has a window's (a_x, a_y, q); tho"
Materials and methods / The AR(1)-substituted estimate and its calibration,paragraph 1,1,4,data,notes/review_results/partB/diag_tables.md,"line 6; the line holds 4; anchor: (B26): 4 of 2,569,560 pair-windows","B4's level line, ts_gsr W = 60 (ts_demean's, line 30, gives the same)",ok,"R(1) pair has a window's (a_x, a_y, q); those pair-windows, 4 of 2,569,560 at W = 60 on each variant,"
Materials and methods / The AR(1)-substituted estimate and its calibration,paragraph 1,1,"2,569,560",design,notes/review_results/partB/diag_tables.md,"line 6; anchor: (B26): 4 of 2,569,560 pair-windows","the pair-windows at W = 60 of each variant: 6,555 pairs × 14 subjects × 2 runs × 14 windows (B4's level line)",ok,"pair has a window's (a_x, a_y, q); those pair-windows, 4 of 2,569,560 at W = 60 on each variant, are excluded"
Materials and methods / The AR(1)-substituted estimate and its calibration,paragraph 1,1,60,design,manuscript/analysis_record.md,"line 1400; anchor: ts_gsr, W = 60, 115 regions",W = 60,ok,"'s (a_x, a_y, q); those pair-windows, 4 of 2,569,560 at W = 60 on each variant, are excluded from its "
Materials and methods / The AR(1)-substituted estimate and its calibration,paragraph 1,1,6,label,,,section number of S3 Text,ok,"= 60 on each variant, are excluded from its means (S3 Text §6). The calibration simulates the design "
Materials and methods / The AR(1)-substituted estimate and its calibration,paragraph 1,1,14,design,notes/review_results/partB/calibration_tables.md,line 4; anchor: N_PAIRS = 300 independent VAR(1) pairs per subject,calibration design,ok,s means (S3 Text §6). The calibration simulates the design (14 subjects × 2 runs × 840 samples × 300 p
Materials and methods / The AR(1)-substituted estimate and its calibration,paragraph 1,1,2,design,notes/review_results/partB/calibration_tables.md,line 4; anchor: N_PAIRS = 300 independent VAR(1) pairs per subject,calibration design,ok,"xt §6). The calibration simulates the design (14 subjects × 2 runs × 840 samples × 300 pairs, the DMT"
Materials and methods / The AR(1)-substituted estimate and its calibration,paragraph 1,1,840,design,notes/review_results/partB/calibration_tables.md,line 4; anchor: N_PAIRS = 300 independent VAR(1) pairs per subject,calibration design,ok,"he calibration simulates the design (14 subjects × 2 runs × 840 samples × 300 pairs, the DMT run change"
Materials and methods / The AR(1)-substituted estimate and its calibration,paragraph 1,1,300,design,notes/review_results/partB/calibration_tables.md,line 4; anchor: N_PAIRS = 300 independent VAR(1) pairs per subject,300 pairs,ok," simulates the design (14 subjects × 2 runs × 840 samples × 300 pairs, the DMT run changed from sample "
Materials and methods / The AR(1)-substituted estimate and its calibration,paragraph 1,2,300,design,notes/review_results/partB/calibration_tables.md,line 4; anchor: N_PAIRS = 300 independent VAR(1) pairs per subject,change at sample 300,ok," × 840 samples × 300 pairs, the DMT run changed from sample 300, 50 replicates) on two generators: AR(1"
Materials and methods / The AR(1)-substituted estimate and its calibration,paragraph 1,1,50,design,notes/review_results/partB/calibration_tables.md,line 4; anchor: N_PAIRS = 300 independent VAR(1) pairs per subject,calibration design,ok,"0 samples × 300 pairs, the DMT run changed from sample 300, 50 replicates) on two generators: AR(1) pa"
Materials and methods / The AR(1)-substituted estimate and its calibration,paragraph 1,3,1,label,,,AR(1): a name,ok,"anged from sample 300, 50 replicates) on two generators: AR(1) pairs with coefficients drawn around t"
Materials and methods / The AR(1)-substituted estimate and its calibration,paragraph 1,1,0.85,design,notes/review_results/partB/calibration_tables.md,line 4; anchor: N_PAIRS = 300 independent VAR(1) pairs per subject,calibration design,ok,"ound the data's mean window-level regional r₁ (a_x, a_y ~ N(0.85, 0.0125²)), whose windowed sts level (0"
Materials and methods / The AR(1)-substituted estimate and its calibration,paragraph 1,1,0.0125,design,notes/review_results/partB/calibration_tables.md,line 4; anchor: N_PAIRS = 300 independent VAR(1) pairs per subject,calibration design,ok,"he data's mean window-level regional r₁ (a_x, a_y ~ N(0.85, 0.0125²)), whose windowed sts level (0.715) li"
Materials and methods / The AR(1)-substituted estimate and its calibration,paragraph 1,1,0.715,data,notes/review_results/partB/calibration_tables.md,"line 8; the line holds 0.7152; anchor: | (i) Δa = −0.015, Δc = 0 | W60 | 0.7152",AR(1) generator windowed sts level,ok,"r₁ (a_x, a_y ~ N(0.85, 0.0125²)), whose windowed sts level (0.715) lies far below the data's (1.155) and "
Materials and methods / The AR(1)-substituted estimate and its calibration,paragraph 1,1,1.155,data,notes/review_results/inference_rows_raw.csv,"line 2; the line holds 1.155376719125973; anchor: sts ts_gsr W60,primary",data pre_dmt 1.1554,ok,whose windowed sts level (0.715) lies far below the data's (1.155) and whose pair r₁ in 60-sample windows
Materials and methods / The AR(1)-substituted estimate and its calibration,paragraph 1,2,60,design,notes/review_results/partB/diagnostic_alternatives_tables.md,line 102; anchor: 14 windows of 60,60-sample windows,ok,715) lies far below the data's (1.155) and whose pair r₁ in 60-sample windows is 0.786 at a = 0.85 (S1
Materials and methods / The AR(1)-substituted estimate and its calibration,paragraph 1,1,0.786,data,notes/review_results/partB/diagnostic_alternatives_tables.md,line 104; the line holds +0.78638; anchor: @L104-104|r₁ +0.78638,"the unperturbed AR(1) pairs' window-level r₁, +0.78638",ok,"he data's (1.155) and whose pair r₁ in 60-sample windows is 0.786 at a = 0.85 (S18 Table), and a band-pas"
Materials and methods / The AR(1)-substituted estimate and its calibration,paragraph 1,2,0.85,design,notes/review_results/partB/diagnostic_alternatives_tables.md,line 10; anchor: a = 0.85,B23 (b),ok,"155) and whose pair r₁ in 60-sample windows is 0.786 at a = 0.85 (S18 Table), and a band-passed generato"
Materials and methods / The AR(1)-substituted estimate and its calibration,paragraph 1,3,60,design,notes/review_results/partB/diagnostic_alternatives_tables.md,line 102; anchor: 14 windows of 60,60-sample windows,ok,d to the data's spectrum and to its mean pair r₁ and |q| in 60-sample windows (S3 Text; S10 Table). A 
Materials and methods / The AR(1)-substituted estimate and its calibration,paragraph 1,4,1,label,,,AR(1): a name,ok,"pass filter model whose cross-lag correlations equal the AR(1) values in population, fitted to the da"
Materials and methods / The AR(1)-substituted estimate and its calibration,paragraph 1,1,−0.0146,data,notes/review_2026-09-24/checks/derived_r17.out,line 43; the line holds -0.0146; anchor: null pair r1 DiD: (0.8532 - 0.8625) - (0.8655 - 0.8602) = -0.0146,the null's own pair-r₁ DiD,ok,r r₁ and |q| in each run × period cell (its own pair-r₁ DiD −0.0146); its +0.0054 is from a single simulati
Materials and methods / The AR(1)-substituted estimate and its calibration,paragraph 1,1,+0.0054,data,notes/review_results/logs/review_v2_residual_null.log,line 16; the line holds +0.0054; anchor: null residual change: DMT +0.0041,DiD +0.0054,ok,"n each run × period cell (its own pair-r₁ DiD −0.0146); its +0.0054 is from a single simulation, without a "
Materials and methods / The AR(1)-substituted estimate and its calibration,paragraph 1,2,6,label,,,section number of S3 Text,ok,"elation expectations on the band-passed generator (S3 Text §6; S18 Table), and the generators' own pe"
Materials and methods / The AR(1)-substituted estimate and its calibration,paragraph 1,3,6,design,notes/review_results/partB/matched_slope_tables.md,line 4; anchor: the step at sample 300,B28: sample 300 is the first sample of window 6 at W = 60 (5 × 60),ok,"the data's r₁ DiDs differ, as a step at the start of window 6 and as a ramp over windows 6 and 7 (S3 "
Materials and methods / The AR(1)-substituted estimate and its calibration,paragraph 1,4,6,design,notes/review_results/partB/matched_slope_tables.md,line 4; anchor: the ramp from sample 300 to 420,"B28: the ramp runs over samples 300–419, which are windows 6 and 7 at W = 60",ok," a step at the start of window 6 and as a ramp over windows 6 and 7 (S3 Text §6), were computed under"
Materials and methods / The AR(1)-substituted estimate and its calibration,paragraph 1,1,7,design,notes/review_results/partB/matched_slope_tables.md,line 4; anchor: the ramp from sample 300 to 420,"B28: the ramp runs over samples 300–419, which are windows 6 and 7 at W = 60",ok,"p at the start of window 6 and as a ramp over windows 6 and 7 (S3 Text §6), were computed under rules"
Materials and methods / The AR(1)-substituted estimate and its calibration,paragraph 1,5,6,label,,,section number of S3 Text,ok,"rt of window 6 and as a ramp over windows 6 and 7 (S3 Text §6), were computed under rules and predict"
Materials and methods / Remedies,paragraph 1,1,1,design,notes/review_results/partB/prewhiten_tables.md,line 4; anchor: p by BIC over 1–5,"B16: the AR orders searched, 1–5",ok,"series by the residuals of its own AR(p) fit (p by BIC over 1–5, or p fixed at 1, 10 or 20; S11 Table"
Materials and methods / Remedies,paragraph 1,1,5,design,notes/review_results/partB/prewhiten_tables.md,line 55; anchor: Chosen AR orders (arp ts_gsr),BIC over 1–5,ok,"ries by the residuals of its own AR(p) fit (p by BIC over 1–5, or p fixed at 1, 10 or 20; S11 Table; "
Materials and methods / Remedies,paragraph 1,2,1,design,notes/review_results/partB/prewhiten_tables.md,line 157; anchor: Chosen AR orders (ar1 ts_gsr),p = 1 / AR(1),ok,"uals of its own AR(p) fit (p by BIC over 1–5, or p fixed at 1, 10 or 20; S11 Table; Table 4). HRF dec"
Materials and methods / Remedies,paragraph 1,1,10,design,notes/review_results/partB/prewhiten_fixed_tables.md,line 6; anchor: ## ar10 ts_gsr W60,B16c: the fixed order p = 10,ok,"s of its own AR(p) fit (p by BIC over 1–5, or p fixed at 1, 10 or 20; S11 Table; Table 4). HRF deconvo"
Materials and methods / Remedies,paragraph 1,1,20,design,notes/review_results/partB/prewhiten_fixed_tables.md,line 104; anchor: ## ar20 ts_gsr W60,B16c: the fixed order p = 20,ok,"ts own AR(p) fit (p by BIC over 1–5, or p fixed at 1, 10 or 20; S11 Table; Table 4). HRF deconvolution"
Materials and methods / Remedies,paragraph 1,1,1.7,design,manuscript/si/S2_Text.md,line 7; anchor: rsHRF 1.7.0,rsHRF version 1.7.0: the row sits on the token 1.7 of 1.7.0,ok,"10 or 20; S11 Table; Table 4). HRF deconvolution used rsHRF 1.7.0 (Wu et al., 2013, 2021; S2 Text). Man"
Materials and methods / Literature search,paragraph 1,1,10,label,,,section number of S3 Text,ok,"2026 by a PubMed search run by V.S. (its string in S3 Text §10), which returned 11 records: six of the"
Materials and methods / Literature search,paragraph 1,1,11,data,notes/review_2026-10-01_cold_reads/pubmed_search/screening.md,line 5; the line holds 11 records; anchor: exported the 11 records,the PubMed search of 1 October 2026: 11 records (pubmed_search.csv),ok,"rch run by V.S. (its string in S3 Text §10), which returned 11 records: six of the nine, four that are"
Materials and methods / Literature search,paragraph 1,2,10,label,,,section number of S3 Text,ok,d a PubMed search on 2 October 2026 (its string in S3 Text §10; 2 records) for applications of ΦID to 
Materials and methods / Literature search,paragraph 1,1,2,data,notes/review_2026-10-01_cold_reads/pubmed_search/psychedelic_phiid_search.md,line 79; the line holds 2; anchor: Records returned:,"the PubMed search of 2 October 2026 for ΦID on psychedelic data: 2 records, none applying ΦID to psychedelic data",ok,PubMed search on 2 October 2026 (its string in S3 Text §10; 2 records) for applications of ΦID to psy
Materials and methods / Literature search,paragraph 1,1,1,design,notes/partB5_literature_v2.md,line 3; anchor: at TR ≈ 1–3 s,the pre-specified scope,ok,n-MMI ΦID synergy on BOLD without HRF deconvolution at TR ≈ 1–3 s; studies outside it are listed and 
Materials and methods / Literature search,paragraph 1,1,3,design,notes/partB5_literature_v2.md,line 3; anchor: at TR ≈ 1–3 s,the pre-specified scope,ok,MMI ΦID synergy on BOLD without HRF deconvolution at TR ≈ 1–3 s; studies outside it are listed and ma
Materials and methods / Use of AI tools,paragraph 1,1,4,label,,,section number of S5 Text,ok," his own computer, from commands the system wrote (S5 Text §4 records the two occasions on which a se"
Materials and methods / Pre-registration and deviations,paragraph 1,1,20,design,manuscript/analysis_record.md,line 282; anchor: 20-region global-fit sanity run,the 20-region fit,ok,"ta, but git cannot confirm that order: the hypothesis and a 20-region global fit, run as a pipeline ch"
Materials and methods / Pre-registration and deviations,paragraph 1,1,115,design,manuscript/analysis_record.md,line 649; anchor: 115-region global fit shows a synergy *decrease*,115-region fit,ok,"ndowed test statistic were written on the next day, after a 115-region global fit had shown a decrease,"
Materials and methods / Pre-registration and deviations,paragraph 1,1,5,design,manuscript/analysis_record.md,"line 666; anchor: windows 5–14, i.e. bins 9–28",old post set,ok,"d shown a decrease, and the post set was moved from windows 5–14 to 6–14 on evidence from that fit; t"
Materials and methods / Pre-registration and deviations,paragraph 1,1,14,design,manuscript/analysis_record.md,"line 666; anchor: windows 5–14, i.e. bins 9–28",old/new post set,ok,"shown a decrease, and the post set was moved from windows 5–14 to 6–14 on evidence from that fit; the "
Materials and methods / Pre-registration and deviations,paragraph 1,1,6,design,manuscript/analysis_record.md,line 1747; anchor: Primary (pre windows 1–4 / bins 1–8; post windows 6–14 / bins 11–28),new post set,ok,"a decrease, and the post set was moved from windows 5–14 to 6–14 on evidence from that fit; the windo"
Materials and methods / Pre-registration and deviations,paragraph 1,2,14,design,manuscript/analysis_record.md,"line 666; anchor: windows 5–14, i.e. bins 9–28",old/new post set,ok,"decrease, and the post set was moved from windows 5–14 to 6–14 on evidence from that fit; the windowed"
Materials and methods / Pre-registration and deviations,paragraph 1,1,67,data,manuscript/supplementary.md,"line 1689; the line holds 67; anchor: Of 67 recorded predictions, 36 were met, 15 partly met, 16 missed and 0 could not be evaluated","S19 Table, Part A",ok," quotes, and every recorded prediction with its outcome: of 67, 36 were met, 15 partly met, 16 missed "
Materials and methods / Pre-registration and deviations,paragraph 1,1,36,data,manuscript/supplementary.md,"line 1689; the line holds 36; anchor: Of 67 recorded predictions, 36 were met, 15 partly met, 16 missed and 0 could not be evaluated","S19 Table, Part A",ok,"tes, and every recorded prediction with its outcome: of 67, 36 were met, 15 partly met, 16 missed and "
Materials and methods / Pre-registration and deviations,paragraph 1,1,15,data,manuscript/supplementary.md,"line 1689; the line holds 15; anchor: Of 67 recorded predictions, 36 were met, 15 partly met, 16 missed and 0 could not be evaluated","S19 Table, Part A",ok,"y recorded prediction with its outcome: of 67, 36 were met, 15 partly met, 16 missed and 0 could not b"
Materials and methods / Pre-registration and deviations,paragraph 1,1,16,data,manuscript/supplementary.md,"line 1689; the line holds 16; anchor: Of 67 recorded predictions, 36 were met, 15 partly met, 16 missed and 0 could not be evaluated","S19 Table, Part A",ok,"iction with its outcome: of 67, 36 were met, 15 partly met, 16 missed and 0 could not be evaluated. Th"
Materials and methods / Pre-registration and deviations,paragraph 1,1,0,data,manuscript/supplementary.md,"line 1689; the line holds 0; anchor: Of 67 recorded predictions, 36 were met, 15 partly met, 16 missed and 0 could not be evaluated","S19 Table, Part A",ok,"s outcome: of 67, 36 were met, 15 partly met, 16 missed and 0 could not be evaluated. The deviations "
Materials and methods / Pre-registration and deviations,paragraph 1,1,1,label,,,section number of S5 Text,ok,"esidual's direction since withdrawn) are listed in S5 Text §1, with what replaced each where somethin"
Data and code availability,paragraph 1,1,4.0,label,,,licence version (CC BY 4.0),ok," record's licence field reads ""Creative Commons Attribution 4.0 International"", and the data are used w"
Data and code availability,paragraph 1,1,4,label,,,matrix dimension,ok,tes the sixteen Gaussian-MMI atoms of any positive definite 4 × 4 correlation matrix (`atoms_from_cor
Data and code availability,paragraph 1,2,4,label,,,matrix dimension,ok,the sixteen Gaussian-MMI atoms of any positive definite 4 × 4 correlation matrix (`atoms_from_corr`; 
Data and code availability,paragraph 1,1,1,label,,,AR(1): a name,ok,"matrix (`atoms_from_corr`; NaN for one that is not), the AR(1) matrix of a pair (`ar1_corr`) and the "
Data and code availability,paragraph 1,2,1,label,,,AR(1): a name,ok,"irPhiID`), and `notes/partB4_diagnostic.py` computes the AR(1)-substituted estimate with them; `tools"
Data and code availability,paragraph 1,2,4.0,label,,,licence version (CC BY 4.0),ok,"utside `manuscript/` under the Creative Commons Attribution 4.0 licence (`LICENSE`, `LICENSE-CC-BY-4.0."
Data and code availability,paragraph 1,3,4,label,,,section number of S5 Text,ok,s and `nogit` for a file written outside a commit; S5 Text §4 lists the files of those two kinds and 
Data and code availability,paragraph 1,1,6,label,,,run_all.sh section numbers,ok,"inal analysis's tables and figures and then, in its section 6, every review, calibration and remedy c"
Data and code availability,paragraph 1,1,475,data,manuscript/analysis_record.md,line 7231; the line holds 475; anchor: all done in 475 min,the wall-clock of the final run of run_all.sh,ok,"n at commit c25a310 on V.S.'s machine on 26 September 2026 (475 min wall-clock), and every output it re"
Data and code availability,paragraph 1,4,4,label,,,section number of S5 Text,ok,"n advance and from two arrays that no result uses (S5 Text §4, which lists every run, the computation"
Data and code availability,paragraph 1,1,20261120,design,manuscript/analysis_record.md,line 127; anchor: `SEED = 20261120` everywhere,seed,ok,nv.py` and are skipped unless it is present (S2 Text). Seed 20261120 throughout.
Supporting information,"S3 Text, caption",1,1,label,,,lag-1: a name,ok,"k; the closed form's checks, the coupled family and the lag-1 transfer entropies; the sts surface ove"
Supporting information,"S1 Table, caption",1,5,design,manuscript/analysis_record.md,"line 666; anchor: windows 5–14, i.e. bins 9–28",the sensitivity window set,ok,"**S1 Table. Step contrast on the sensitivity windows 5–14 against pre-injection windows 1–4, W"
Supporting information,"S1 Table, caption",1,14,design,manuscript/analysis_record.md,"line 666; anchor: windows 5–14, i.e. bins 9–28",the sensitivity window set,ok,"**S1 Table. Step contrast on the sensitivity windows 5–14 against pre-injection windows 1–4, W = "
Supporting information,"S1 Table, caption",1,1,design,manuscript/analysis_record.md,line 1747; anchor: Primary (pre windows 1–4 / bins 1–8; post windows 6–14 / bins 11–28),pre-injection windows 1–4,ok," the sensitivity windows 5–14 against pre-injection windows 1–4, W = 60.**"
Supporting information,"S1 Table, caption",1,4,design,manuscript/analysis_record.md,line 1747; anchor: Primary (pre windows 1–4 / bins 1–8; post windows 6–14 / bins 11–28),pre-injection windows 1–4,ok,"he sensitivity windows 5–14 against pre-injection windows 1–4, W = 60.**"
Supporting information,"S1 Table, caption",1,60,design,manuscript/analysis_record.md,line 189; anchor: W = 60,W = 60,ok,"itivity windows 5–14 against pre-injection windows 1–4, W = 60.**"
Supporting information,"S2 Table, caption",1,2,label,,,Tier-2: a name,ok,"**S2 Table. Tier-2 intensity tracking, decay windows, DMT "
Supporting information,"S2 Table, caption",1,60,design,manuscript/analysis_record.md,line 189; anchor: W = 60,W = 60,ok,"ble. Tier-2 intensity tracking, decay windows, DMT run, W = 60.**"
Supporting information,"S3 Table, caption",1,0.05,design,manuscript/analysis_record.md,line 2031; anchor: Benjamini–Hochberg FDR at q = 0.05,the FDR level,ok,y regional DiD: regions passing Benjamini–Hochberg FDR (q = 0.05).**
Supporting information,"S6 Table, caption",1,28,design,manuscript/analysis_record.md,line 58; anchor: 840 TRs / 28 ratings,28 bins,ok,"mpel–Ziv complexity against the ΦID quantities, global fit, 28 bins.**"
Supporting information,"S10 Table, caption",1,1,label,,,AR(1): a name,ok,**S10 Table. Calibration of the residual of the AR(1)-substituted estimate on the AR(1) and 
Supporting information,"S10 Table, caption",2,1,label,,,AR(1): a name,ok,"of the residual of the AR(1)-substituted estimate on the AR(1) and the band-passed generator, at both"
Supporting information,"S12 Table, caption",1,1,label,,,AR(1): a name,ok,**S12 Table. The residual of the AR(1)-substituted estimate by variant and es
