# partB22_aligned_directed.py; one row per variant, subject, run and W = 60 window; git=a9d9ca4
variant,subject,run,window,A_other,A_same,winsign,B,D,Sym,D_plus_Sym,Both,rms_anti,residual,sd_r1,sd_absq
ts_gsr,1,DMT,1,-0.00061600468,-0.0012493973,0.0052594551,0.015828319,-0.040775286,-0.00058526449,-0.04136055,-0.043394314,0.11935378,-0.041897677,0.027639196,0.18943446
ts_gsr,1,DMT,2,0.0026237407,0.0044950461,0.0064152697,0.019151888,-0.045541271,-0.015138891,-0.060680162,-0.063533226,0.1163234,-0.063537755,0.029224176,0.2067994
ts_gsr,1,DMT,3,0.0038972418,0.0052338965,0.0068796289,0.019984208,-0.050608184,-0.017212824,-0.067821008,-0.071065905,0.1260414,-0.071167147,0.023093762,0.20524178
ts_gsr,1,DMT,4,0.0039066171,0.0046907873,0.0092897782,0.025725112,-0.05382489,-0.027154157,-0.080979047,-0.085808931,0.12572665,-0.085102562,0.025249087,0.21650579
ts_gsr,1,DMT,5,-0.00056078959,0.00057835753,0.0042735335,0.016368567,-0.040621077,5.9865865e-05,-0.040561211,-0.042115336,0.11966402,-0.041588602,0.031183473,0.19325417
ts_gsr,1,DMT,6,0.00070608482,0.001760327,0.0052932995,0.019539295,-0.036183655,-0.0013371357,-0.037520791,-0.038777404,0.11720682,-0.038391394,0.031651002,0.17452304
ts_gsr,1,DMT,7,0.0021764511,0.0023521464,0.0033011714,0.012667263,-0.034134908,-0.00027295731,-0.034407866,-0.035793758,0.11338953,-0.03572965,0.02225753,0.17721322
ts_gsr,1,DMT,8,0.0037099541,0.0033308587,0.0041643579,0.016231584,-0.035013104,0.0016768605,-0.033336244,-0.034721639,0.11898311,-0.033659357,0.026739087,0.16912675
ts_gsr,1,DMT,9,0.0031864454,0.0039058396,0.0045862987,0.017933153,-0.03753866,-0.00045423736,-0.037992897,-0.039392264,0.12455765,-0.038863761,0.02695119,0.16949151
ts_gsr,1,DMT,10,0.0020489551,0.0016049063,0.007601688,0.026338348,-0.037292942,-0.0099751086,-0.047268051,-0.049089027,0.11136704,-0.048596875,0.030320337,0.18475412
ts_gsr,1,DMT,11,0.0018475319,0.0046038277,0.0077146773,0.026414833,-0.036685634,-0.010677292,-0.047362926,-0.049714996,0.11064171,-0.049504521,0.026089227,0.18388171
ts_gsr,1,DMT,12,0.003854744,0.0060931917,0.011342232,0.032577197,-0.039145482,-0.031825041,-0.070970522,-0.074000423,0.10420658,-0.07354222,0.036146514,0.21456919
ts_gsr,1,DMT,13,0.0037052857,0.0059156008,0.0055733658,0.020589447,-0.036923397,-0.0022718269,-0.039195224,-0.04091169,0.11505028,-0.040779317,0.027099018,0.1826471
ts_gsr,1,DMT,14,0.0032395632,0.0033380689,0.0050926848,0.019501258,-0.034220281,-0.0031359012,-0.037356182,-0.038840548,0.10921302,-0.038622081,0.027703539,0.17722172
ts_gsr,1,PCB,1,0.0026163984,0.0018572161,0.00059562186,0.0043185841,-0.035025612,0.010164848,-0.024860764,-0.024926336,0.11076248,-0.025080126,0.02864172,0.18001227
ts_gsr,1,PCB,2,0.0028569717,0.0019343308,0.0042080263,0.014589194,-0.035732881,-0.00057088782,-0.036303769,-0.037919707,0.11229202,-0.037793547,0.030437297,0.18517425
ts_gsr,1,PCB,3,-0.0035698735,-0.0023828235,0.0024429939,0.0083551353,-0.039180632,0.0053944476,-0.033786185,-0.034103729,0.12039833,-0.033813508,0.033625427,0.18127425
ts_gsr,1,PCB,4,0.0030433946,0.0030384931,0.0052326611,0.017615223,-0.039704019,-0.001036734,-0.040740753,-0.042082932,0.1185836,-0.041948402,0.026927334,0.18340934
ts_gsr,1,PCB,5,0.0016654034,0.0019578173,0.0077934524,0.023425268,-0.034874829,-0.016299239,-0.051174068,-0.053113093,0.099393338,-0.052804087,0.030794519,0.2019947
ts_gsr,1,PCB,6,-0.00041484699,0.0011530542,0.0044548792,0.016540925,-0.040617445,-0.0028233669,-0.043440812,-0.044924511,0.12334388,-0.044401644,0.027399093,0.18416205
ts_gsr,1,PCB,7,0.0043369743,0.0033697928,0.0049935423,0.017289954,-0.038061211,-0.0084789877,-0.046540198,-0.047973294,0.10741673,-0.047732361,0.028602826,0.19446774
ts_gsr,1,PCB,8,0.0041767186,0.0046894695,0.0091884444,0.029892364,-0.039350964,-0.024316102,-0.063667067,-0.066634564,0.10774855,-0.06508599,0.026682494,0.19630207
ts_gsr,1,PCB,9,0.0043070926,0.0039257596,0.006119189,0.02101083,-0.039051939,-0.0070654422,-0.046117381,-0.047947776,0.11701496,-0.047966593,0.027379762,0.18497959
ts_gsr,1,PCB,10,-0.0011206607,0.0015742403,0.0048604951,0.01964517,-0.037907269,-0.0016977877,-0.039605057,-0.040837141,0.11692071,-0.0400578,0.030901798,0.17266105
ts_gsr,1,PCB,11,0.0028503557,0.0042103553,0.0062240964,0.021621588,-0.03612274,-0.013760488,-0.049883227,-0.051446035,0.10250366,-0.05141657,0.027038905,0.19050289
ts_gsr,1,PCB,12,0.0014578098,0.0019273614,0.0060932196,0.023434496,-0.031219624,-0.0070048493,-0.038224473,-0.039580644,0.099750708,-0.039074018,0.026025083,0.17888386
ts_gsr,1,PCB,13,0.0035863257,0.0050925547,0.010299731,0.030658258,-0.033676367,-0.034257565,-0.067933932,-0.070592145,0.092025139,-0.069337753,0.030281281,0.20367629
ts_gsr,1,PCB,14,0.00010478848,-0.00022874958,0.0011344891,0.0030620076,-0.053230908,0.0090481178,-0.04418279,-0.045027029,0.13095138,-0.045655196,0.028417874,0.20582013
ts_gsr,2,DMT,1,0.00011862533,0.001505518,0.003939381,0.012873275,-0.043135208,-0.005090723,-0.048225931,-0.049712898,0.11647905,-0.048598664,0.021434411,0.20080954
ts_gsr,2,DMT,2,-0.0018155985,-0.0013421663,0.0027562262,0.012451159,-0.032073984,0.0014809786,-0.030593005,-0.031023497,0.10763688,-0.029958931,0.034488588,0.17473459
ts_gsr,2,DMT,3,0.00023934504,0.00079780249,0.0038063379,0.01449001,-0.038728532,-0.0030158006,-0.041744332,-0.04270282,0.11719286,-0.042309066,0.029194152,0.18879673
ts_gsr,2,DMT,4,0.0014283368,0.0025764648,0.0046449108,0.016944552,-0.038034247,0.00064080451,-0.037393442,-0.038837038,0.11722215,-0.038429484,0.028028573,0.18707662
ts_gsr,2,DMT,5,0.0021144045,0.0029177296,0.0089662742,0.030334133,-0.038798905,-0.016220081,-0.055018987,-0.057457772,0.11435179,-0.05576596,0.033322713,0.18875317
ts_gsr,2,DMT,6,-0.00041100145,-0.0010013918,0.00090687216,0.0051795716,-0.0367793,0.0082496594,-0.028529641,-0.029181574,0.12562777,-0.028800362,0.030856838,0.17022134
ts_gsr,2,DMT,7,0.00048048216,0.001635183,0.0038676298,0.016256469,-0.034779985,-0.0029861531,-0.037766138,-0.039726417,0.11197104,-0.040080592,0.027947027,0.18192577
ts_gsr,2,DMT,8,-0.00055876762,-0.00016242891,0.0038623439,0.013776894,-0.033222368,0.0033937984,-0.02982857,-0.030761423,0.11157872,-0.030445313,0.029275929,0.17414082
ts_gsr,2,DMT,9,-0.00075233973,0.00061476384,0.0035056964,0.012526473,-0.041526652,-0.0014496602,-0.042976312,-0.044593957,0.1243826,-0.0444468,0.031166676,0.19031867
ts_gsr,2,DMT,10,0.0042288073,0.0055590604,0.010583947,0.027236637,-0.04695606,-0.032516666,-0.079472726,-0.083290065,0.11075042,-0.083092417,0.028207526,0.21194823
ts_gsr,2,DMT,11,0.0031801857,0.0037196434,0.0061533163,0.022061117,-0.032817957,-0.0019254379,-0.034743395,-0.03626614,0.10638736,-0.035778396,0.023890505,0.17600031
ts_gsr,2,DMT,12,0.0019650287,0.0032534873,0.0061078874,0.020825203,-0.039527878,-0.0096528475,-0.049180725,-0.051057763,0.11451026,-0.05082258,0.02514494,0.18615831
ts_gsr,2,DMT,13,0.00054286534,0.0036734371,0.006092881,0.018465329,-0.045950829,-0.0082642817,-0.05421511,-0.056129928,0.11710152,-0.055412093,0.026759918,0.20067905
ts_gsr,2,DMT,14,0.0033225441,0.0069105492,0.010335234,0.028756625,-0.038574051,-0.027217716,-0.065791767,-0.069029427,0.10122809,-0.068828965,0.023051884,0.20651575
ts_gsr,2,PCB,1,0.0048360721,0.003329336,0.0043154534,0.014297959,-0.044284517,-0.0066257606,-0.050910278,-0.052789564,0.11323289,-0.052145439,0.023561747,0.21010376
ts_gsr,2,PCB,2,-0.0029842154,-0.002564822,0.0029319295,0.008948325,-0.043409559,0.0083592942,-0.035050265,-0.035698839,0.11763753,-0.03533431,0.026474096,0.2003965
ts_gsr,2,PCB,3,-0.0044843,-0.0059364073,0.0035256855,0.011691855,-0.040733266,0.0034801321,-0.037253134,-0.037314593,0.11269743,-0.036032884,0.037377989,0.20367221
ts_gsr,2,PCB,4,0.0010378924,0.001216795,0.0095380384,0.029452611,-0.037487078,-0.016186641,-0.053673719,-0.055994588,0.10829011,-0.055661739,0.02771789,0.19435213
ts_gsr,2,PCB,5,-0.00056374629,0.00068166269,0.0037354773,0.011288309,-0.042385599,0.00074263151,-0.041642968,-0.042960111,0.12848082,-0.042116415,0.025674994,0.18748679
ts_gsr,2,PCB,6,0.0033732843,0.0044669181,0.010991823,0.027510416,-0.04677285,-0.037939188,-0.084712038,-0.088377472,0.10300355,-0.088108665,0.026399522,0.21819375
ts_gsr,2,PCB,7,0.0023093512,0.0015215084,0.0057649894,0.017120533,-0.053207543,-0.01246838,-0.065675923,-0.068408847,0.12926619,-0.068112101,0.023672852,0.20712306
ts_gsr,2,PCB,8,0.00023463473,0.00079820565,0.0035942104,0.013543665,-0.035144596,-0.002802937,-0.037947533,-0.03903441,0.10801275,-0.038116983,0.025037934,0.18800517
ts_gsr,2,PCB,9,0.002697856,0.0028558292,0.0059096351,0.01978889,-0.040749654,-0.011652437,-0.05240209,-0.054158617,0.1105025,-0.054850741,0.027860187,0.19538068
ts_gsr,2,PCB,10,-0.0013999108,-0.00027487307,0.0043466957,0.014659025,-0.034553874,0.0017421068,-0.032811767,-0.033605351,0.10741595,-0.032944222,0.026882208,0.18727823
ts_gsr,2,PCB,11,-0.00024596827,-0.001058413,0.0059607747,0.022145807,-0.035304011,-0.00086832289,-0.036172334,-0.037327502,0.10843819,-0.036940806,0.028719522,0.1765786
ts_gsr,2,PCB,12,0.0010265323,0.0029164864,0.0064862871,0.021016992,-0.036188027,-0.013958629,-0.050146657,-0.052067024,0.10166782,-0.051645606,0.028014965,0.19854415
ts_gsr,2,PCB,13,0.00053605222,0.00090631657,0.0052540497,0.019251369,-0.036964367,-0.0030586842,-0.040023051,-0.041500537,0.11545188,-0.041902556,0.027838489,0.18004036
ts_gsr,2,PCB,14,-0.0046119942,-0.0035564645,0.0031254267,0.0094464799,-0.049230529,0.0057685167,-0.043462012,-0.044120796,0.13380497,-0.043844904,0.028296456,0.18899993
ts_gsr,3,DMT,1,0.0048803859,0.005503865,0.0080353416,0.023990381,-0.043304288,-0.023958279,-0.067262567,-0.070219915,0.10947365,-0.069676891,0.022024694,0.20598585
ts_gsr,3,DMT,2,0.0024062187,0.0021923473,0.0063704243,0.023224723,-0.033220814,-0.0058375056,-0.03905832,-0.040400826,0.10422879,-0.039868131,0.030313847,0.1779747
ts_gsr,3,DMT,3,0.0054061259,0.0044966205,0.0072419407,0.024015574,-0.037698474,-0.01479723,-0.052495704,-0.054630179,0.10777967,-0.053297442,0.029697084,0.19369216
ts_gsr,3,DMT,4,0.0035057444,0.0049997138,0.0088413919,0.028626278,-0.035494949,-0.016366208,-0.051861157,-0.053699874,0.10171026,-0.052918359,0.030780649,0.19023016
ts_gsr,3,DMT,5,0.00058950609,0.00084865487,0.0048666627,0.020243079,-0.034725284,0.00011801204,-0.034607271,-0.035960423,0.11613093,-0.034642737,0.033518959,0.16949232
ts_gsr,3,DMT,6,-0.0032128381,-0.0041944202,-0.0054299867,-0.020502266,-0.036932417,0.02388007,-0.013052347,-0.012504769,0.13063359,-0.012190564,0.025826263,0.17307199
ts_gsr,3,DMT,7,-0.0013098609,0.00033396769,0.0040934255,0.016383001,-0.038000577,-0.00078201949,-0.038782596,-0.040162734,0.11954288,-0.040311418,0.031603176,0.17861339
ts_gsr,3,DMT,8,0.00085520471,0.002153304,0.0051573059,0.017978386,-0.038656494,-0.0058166226,-0.044473117,-0.046482755,0.11694956,-0.046300802,0.027338876,0.18632535
ts_gsr,3,DMT,9,0.003801385,0.0043727005,0.0054198414,0.016983786,-0.038664905,-0.010649448,-0.049314353,-0.050783479,0.10607576,-0.050659356,0.028112527,0.19889366
ts_gsr,3,DMT,10,0.0068932506,0.0038321538,0.0096667518,0.025916631,-0.036425552,-0.015746538,-0.05217209,-0.054862045,0.10413669,-0.054859565,0.027059291,0.20748138
ts_gsr,3,DMT,11,0.002033155,0.0025077998,0.0055385039,0.017259207,-0.036193553,0.0014328983,-0.034760655,-0.036240314,0.11762945,-0.036166429,0.025395332,0.18039458
ts_gsr,3,DMT,12,0.00010225144,0.0015906507,0.0039063926,0.016532955,-0.032543525,0.0008942607,-0.031649264,-0.03297558,0.11322515,-0.032520006,0.025746405,0.16726256
ts_gsr,3,DMT,13,-0.0024288665,-0.0015043376,0.0038043312,0.012147457,-0.037161197,0.0047090194,-0.032452178,-0.033439763,0.11628414,-0.033273634,0.029576923,0.18211998
ts_gsr,3,DMT,14,-0.00058702733,0.0006003416,0.0039410021,0.014369093,-0.03646756,0.0035416778,-0.032925882,-0.033809013,0.11769298,-0.033304093,0.030128803,0.17244013
ts_gsr,3,PCB,1,-0.0020599548,-0.0031743218,-0.0010039177,-0.0018175812,-0.047882088,0.015975433,-0.031906655,-0.031830662,0.12318046,-0.031998013,0.024025558,0.20795413
ts_gsr,3,PCB,2,-0.00034971124,0.00092125529,0.0029340543,0.009575478,-0.046456119,1.6505788e-05,-0.046439613,-0.047353076,0.13091209,-0.047539412,0.026849359,0.19045978
ts_gsr,3,PCB,3,0.0034143442,0.0036488599,0.0057992156,0.017138965,-0.036786142,-0.023260057,-0.060046198,-0.062017987,0.092288827,-0.062272255,0.028817802,0.21549156
ts_gsr,3,PCB,4,0.00088197923,0.0015167232,0.0065766934,0.021240308,-0.031390681,-0.014160154,-0.045550836,-0.04695955,0.092764951,-0.046203626,0.02774913,0.20286469
ts_gsr,3,PCB,5,0.002604607,0.0037936262,0.0056325247,0.014825,-0.042226304,-0.007972838,-0.050199142,-0.052060582,0.11420626,-0.052387593,0.025913081,0.20475721
ts_gsr,3,PCB,6,0.0061698164,0.008030742,0.0093626352,0.026377373,-0.038876398,-0.033586848,-0.072463246,-0.074806043,0.10064333,-0.073045517,0.033168162,0.21936424
ts_gsr,3,PCB,7,0.0009100006,0.0015777635,0.0068435397,0.023155023,-0.037639001,-0.010411343,-0.048050344,-0.050191891,0.11059712,-0.049476987,0.026069489,0.18904191
ts_gsr,3,PCB,8,0.0016100481,0.0042635138,0.0077482783,0.025751217,-0.031596501,-0.020377851,-0.051974352,-0.053906014,0.091863558,-0.053089332,0.025299115,0.19713264
ts_gsr,3,PCB,9,0.0054253852,0.0062391823,0.0080918217,0.025961823,-0.031691148,-0.02234475,-0.054035898,-0.056323622,0.092777918,-0.055781078,0.023625082,0.20014742
ts_gsr,3,PCB,10,0.0015274938,0.0025929865,0.0054518846,0.018575889,-0.035992457,-0.0090958808,-0.045088338,-0.046353897,0.10521629,-0.046179899,0.027571057,0.19307105
ts_gsr,3,PCB,11,0.00028649542,0.00041287201,0.003328513,0.012926401,-0.034137928,-0.001188832,-0.03532676,-0.036170607,0.09860312,-0.035093626,0.025726799,0.19805321
ts_gsr,3,PCB,12,0.0022282069,0.0013532686,0.005590017,0.019542674,-0.03306129,-0.005767604,-0.038828894,-0.039905853,0.10359466,-0.039810996,0.030344326,0.1883164
ts_gsr,3,PCB,13,0.00095948013,0.0016009425,0.002914557,0.0097116466,-0.032801532,0.0009593839,-0.031842148,-0.032391264,0.094377392,-0.032713626,0.027535835,0.20726002
ts_gsr,3,PCB,14,0.0032415978,0.0048145178,0.0061179681,0.017153185,-0.04094608,-0.010041312,-0.050987392,-0.053179177,0.11024132,-0.052492955,0.022780279,0.20103461
ts_gsr,4,DMT,1,0.0030301794,0.002831989,0.0074458463,0.024794148,-0.03253011,-0.009465333,-0.041995443,-0.04361402,0.10021053,-0.043385308,0.023990887,0.18347905
ts_gsr,4,DMT,2,0.0037282077,0.00455315,0.0089172086,0.029140862,-0.034817065,-0.024314761,-0.059131826,-0.061257619,0.10167485,-0.060871547,0.030834199,0.19554641
ts_gsr,4,DMT,3,0.0013917893,0.0022032892,0.0078623283,0.025271182,-0.034291714,-0.016408754,-0.050700467,-0.052544251,0.099960095,-0.051702761,0.030623294,0.19529137
ts_gsr,4,DMT,4,0.0020851694,0.0034395382,0.0083381656,0.029799016,-0.034198538,-0.017851369,-0.052049907,-0.054094662,0.098209695,-0.053371582,0.022375783,0.17978622
ts_gsr,4,DMT,5,-0.0011097077,0.00060703777,0.0076121586,0.027526233,-0.034855474,-0.0064888231,-0.041344297,-0.042963682,0.10536172,-0.04279729,0.029200946,0.18064768
ts_gsr,4,DMT,6,0.0022250057,0.0030093201,0.0054915263,0.022262087,-0.032842978,-0.00020224944,-0.033045227,-0.034246017,0.10933717,-0.034014564,0.029612025,0.16612805
ts_gsr,4,DMT,7,0.00499941,0.0055287897,0.0099007906,0.033390418,-0.033518667,-0.016877767,-0.050396434,-0.052403643,0.10258464,-0.051917306,0.030301306,0.18528631
ts_gsr,4,DMT,8,0.000689283,0.0022538023,0.0078335427,0.028481361,-0.032124841,-0.012366831,-0.044491672,-0.046282441,0.1026094,-0.045643972,0.028531973,0.17638127
ts_gsr,4,DMT,9,0.0021091126,0.0025990017,0.0091423666,0.033747296,-0.032167412,-0.015762075,-0.047929487,-0.049731432,0.1001833,-0.049599238,0.029600614,0.1747143
ts_gsr,4,DMT,10,0.0029609427,0.0036745457,0.0092881365,0.034175131,-0.034593312,-0.019152279,-0.053745591,-0.055654324,0.10344132,-0.055286074,0.032259578,0.18290001
ts_gsr,4,DMT,11,0.0032297025,0.0023246299,0.0063004102,0.023758164,-0.038154591,-0.0068448831,-0.044999474,-0.046481206,0.11555922,-0.04565594,0.028772607,0.17912798
ts_gsr,4,DMT,12,0.00542567,0.0048110667,0.0079983297,0.029380257,-0.031303475,-0.0099342193,-0.041237694,-0.042951768,0.10412836,-0.042844736,0.029812244,0.17850199
ts_gsr,4,DMT,13,0.0043034715,0.0044459762,0.0094619487,0.033385016,-0.031007482,-0.016214595,-0.047222078,-0.048948752,0.097640539,-0.047706348,0.033120043,0.18171155
ts_gsr,4,DMT,14,0.0013129409,0.0015890317,0.0072047556,0.024776394,-0.03137677,-0.010651292,-0.042028063,-0.043657814,0.098339198,-0.043656457,0.025761985,0.1842632
ts_gsr,4,PCB,1,0.00042578553,0.0017875312,0.0062900354,0.022795973,-0.035260889,-0.011164948,-0.046425837,-0.048048603,0.10597912,-0.048052204,0.025676566,0.18216476
ts_gsr,4,PCB,2,0.003626299,0.005245969,0.0074510639,0.028698558,-0.032774667,-0.0093289444,-0.042103611,-0.043784828,0.10633551,-0.043501383,0.027326089,0.16927518
ts_gsr,4,PCB,3,0.0047831452,0.0064179525,0.010662203,0.031968809,-0.031346742,-0.028247183,-0.059593924,-0.062143116,0.093834099,-0.062091239,0.030314816,0.20628232
ts_gsr,4,PCB,4,0.0014351968,0.0023225172,0.0076112393,0.027308532,-0.030890797,-0.0048200596,-0.035710857,-0.036969522,0.10225752,-0.036725748,0.03038874,0.17656752
ts_gsr,4,PCB,5,0.00089697097,0.00093120847,0.008672698,0.03221907,-0.034509859,-0.014985813,-0.049495672,-0.051158471,0.10344071,-0.050840516,0.036750248,0.17905161
ts_gsr,4,PCB,6,0.0019023672,0.0023936536,0.0070607524,0.026373019,-0.032479259,-0.012590742,-0.045070001,-0.046346742,0.099887892,-0.045328563,0.03281529,0.18695276
ts_gsr,4,PCB,7,0.0069349151,0.008318701,0.012481758,0.042577468,-0.028303286,-0.029259508,-0.057562794,-0.059598322,0.084855531,-0.058356227,0.028269302,0.18653244
ts_gsr,4,PCB,8,0.0028672857,0.0042691905,0.0099123277,0.030661557,-0.034912575,-0.038953758,-0.073866333,-0.076425529,0.089214766,-0.075167401,0.028228966,0.20937041
ts_gsr,4,PCB,9,0.0030158259,0.0037627074,0.010254932,0.037263352,-0.029388891,-0.011641277,-0.041030168,-0.042821375,0.097685293,-0.042439087,0.029723469,0.17689048
ts_gsr,4,PCB,10,0.0023147834,0.0038386484,0.0064562847,0.021605464,-0.041920788,-0.015748886,-0.057669674,-0.059484588,0.11646194,-0.057451998,0.032805067,0.19336694
ts_gsr,4,PCB,11,0.0058553333,0.008676321,0.010190621,0.032203216,-0.035286219,-0.028641142,-0.063927361,-0.066973393,0.094238832,-0.065904875,0.029122301,0.19863695
ts_gsr,4,PCB,12,0.0027939284,0.0036199746,0.0055784473,0.020867314,-0.033532009,-0.0037224672,-0.037254476,-0.038581192,0.10881165,-0.037760522,0.026816958,0.175043
ts_gsr,4,PCB,13,0.0019358953,0.003296613,0.0076988126,0.025813365,-0.034424846,-0.014211756,-0.048636602,-0.050463434,0.10084841,-0.050548075,0.024835523,0.19116692
ts_gsr,4,PCB,14,0.00029692856,0.0021507805,0.0063306111,0.022771601,-0.035294882,-0.0085243382,-0.04381922,-0.045360275,0.10364209,-0.045253894,0.026163335,0.18271546
ts_gsr,5,DMT,1,0.0037479616,0.0040432306,0.0077646107,0.026318827,-0.033491278,-0.01788857,-0.051379848,-0.05334279,0.098215687,-0.053327347,0.024442171,0.18646412
ts_gsr,5,DMT,2,0.0016232967,0.003255822,0.0072721793,0.023826938,-0.042052142,-0.016398301,-0.058450443,-0.061153613,0.11325304,-0.06029673,0.028562923,0.2001966
ts_gsr,5,DMT,3,0.0012110263,0.0022421648,0.0063447388,0.023992658,-0.030619176,-0.0075771153,-0.038196291,-0.039484129,0.100621,-0.038970015,0.028544131,0.18159093
ts_gsr,5,DMT,4,0.0038587177,0.0032334875,0.0086182251,0.028903326,-0.035200697,-0.012853352,-0.048054049,-0.049937085,0.10663697,-0.047379527,0.031349622,0.18328589
ts_gsr,5,DMT,5,0.0018872061,0.0023172492,0.0054637509,0.019862243,-0.0335891,6.6281147e-05,-0.033522819,-0.034415532,0.10812986,-0.032243218,0.029783507,0.17433684
ts_gsr,5,DMT,6,-0.00086091011,-0.00089684441,0.0016799106,0.0067594412,-0.033065934,0.006706984,-0.02635895,-0.027086728,0.11776056,-0.026718453,0.030671178,0.16959614
ts_gsr,5,DMT,7,0.0033573025,0.0017444751,0.002691237,0.0090085921,-0.048152253,-0.0034238146,-0.051576067,-0.05310181,0.12486725,-0.052895948,0.029579466,0.20966723
ts_gsr,5,DMT,8,0.0021284594,0.001661795,0.0053030316,0.019061306,-0.033687119,-0.0043841167,-0.038071236,-0.039489483,0.10556617,-0.038939425,0.025571439,0.18428215
ts_gsr,5,DMT,9,-0.001851036,-0.0013288476,0.0038066931,0.014320864,-0.033130504,0.0019049876,-0.031225517,-0.032116584,0.10801364,-0.031854292,0.032293305,0.17897776
ts_gsr,5,DMT,10,0.0025374732,0.0041239262,0.007487682,0.022065814,-0.038389987,-0.018980902,-0.057370889,-0.059458532,0.10519226,-0.059051105,0.0279661,0.20688785
ts_gsr,5,DMT,11,0.0012715741,0.0029515981,0.010272487,0.031603774,-0.032868966,-0.026159818,-0.059028784,-0.061423372,0.093123242,-0.060878275,0.025113488,0.19568934
ts_gsr,5,DMT,12,-0.0020917011,-0.0005278669,0.0069754736,0.02303675,-0.033251276,-0.0050427442,-0.03829402,-0.039384097,0.10102933,-0.038332877,0.028609927,0.18979432
ts_gsr,5,DMT,13,0.0023635799,0.0036146497,0.0068399447,0.021746062,-0.037813681,-0.013933629,-0.05174731,-0.053614312,0.10750765,-0.052942904,0.031006572,0.19663255
ts_gsr,5,DMT,14,0.0018676353,0.0036744875,0.0080041206,0.028013823,-0.035758258,-0.0099748389,-0.045733097,-0.047418146,0.1053284,-0.046955782,0.031278135,0.18298939
ts_gsr,5,PCB,1,0.0012698484,0.00031974751,0.0021791299,0.0088287727,-0.036456746,0.0035612141,-0.032895532,-0.033842617,0.10647648,-0.032960294,0.028472842,0.19463949
ts_gsr,5,PCB,2,0.00056749744,0.0022544904,0.0065629488,0.017127658,-0.036825847,-0.013554241,-0.050380088,-0.05189811,0.096681205,-0.051689305,0.026908628,0.2178705
ts_gsr,5,PCB,3,0.001744594,0.0042228569,0.01032136,0.029288731,-0.03509836,-0.045017967,-0.080116327,-0.082910054,0.086128686,-0.082468526,0.031074515,0.21571041
ts_gsr,5,PCB,4,0.0010312223,0.0043426856,0.009103212,0.025395505,-0.038445416,-0.024657391,-0.063102807,-0.065403294,0.10097365,-0.065297368,0.026554897,0.21181868
ts_gsr,5,PCB,5,4.4662955e-05,0.00061969542,0.0035933815,0.0112659,-0.045984792,0.0031464256,-0.042838367,-0.044240488,0.12974262,-0.043495963,0.033108446,0.19211161
ts_gsr,5,PCB,6,0.0018124531,0.0021453026,0.004204418,0.013331434,-0.041296077,-0.00028302673,-0.041579104,-0.043156068,0.11406332,-0.043053226,0.023759847,0.20297181
ts_gsr,5,PCB,7,0.0020019574,0.002041875,0.0043575688,0.01371269,-0.039367148,-0.0073378261,-0.046704974,-0.048299682,0.10927207,-0.048004403,0.026688551,0.2017924
ts_gsr,5,PCB,8,0.0057932219,0.0060970516,0.0098616592,0.030160648,-0.036102547,-0.024260211,-0.060362758,-0.063071033,0.097982374,-0.062674965,0.026518195,0.2033223
ts_gsr,5,PCB,9,0.0032389203,0.0024882281,0.0078132737,0.023971864,-0.037976747,-0.018435499,-0.056412246,-0.058109132,0.10203374,-0.057646683,0.030925114,0.20279679
ts_gsr,5,PCB,10,0.0014453263,-0.00080103566,0.0050733314,0.016489031,-0.038961766,-0.011574398,-0.050536164,-0.052296531,0.10347973,-0.051805958,0.031702971,0.20345461
ts_gsr,5,PCB,11,-0.0017401158,-0.0029458866,0.0050617219,0.02097582,-0.032764431,-0.0069923192,-0.03975675,-0.04090864,0.10231345,-0.040629456,0.03194715,0.18722908
ts_gsr,5,PCB,12,0.0032851314,0.0039748916,0.0051944614,0.017974684,-0.032586689,-0.0046672633,-0.037253952,-0.038249373,0.10107312,-0.038050372,0.027787977,0.18124971
ts_gsr,5,PCB,13,0.00018139114,0.00056043492,0.0037703611,0.015171649,-0.030831237,-0.00035027455,-0.031181511,-0.031805585,0.103736,-0.031213772,0.034537228,0.17251352
ts_gsr,5,PCB,14,0.0020878429,0.002704241,0.0062295152,0.022188897,-0.031783013,-0.0071207674,-0.03890378,-0.040378008,0.1023252,-0.040122342,0.02653466,0.18077359
ts_gsr,6,DMT,1,-2.7993555e-05,0.001218395,0.0044022607,0.016576726,-0.035158042,-0.00027727837,-0.03543532,-0.03645708,0.11223548,-0.036447898,0.02504219,0.17194645
ts_gsr,6,DMT,2,0.0037631482,0.0087558369,0.011914885,0.030084175,-0.041952132,-0.04397828,-0.085930412,-0.090332757,0.098158295,-0.089656484,0.031214929,0.22378769
ts_gsr,6,DMT,3,0.0028146169,0.0012419416,0.0074043203,0.026090014,-0.03497366,-0.012686545,-0.047660205,-0.049417329,0.10438402,-0.048603619,0.031890025,0.19185558
ts_gsr,6,DMT,4,0.0032826649,0.0056146678,0.0082865657,0.024148354,-0.03852545,-0.018633371,-0.057158821,-0.059555902,0.10227797,-0.058620143,0.025734069,0.20064642
ts_gsr,6,DMT,5,0.0031850827,0.0091962833,0.015071891,0.045616596,-0.035955293,-0.04277719,-0.078732483,-0.082004832,0.093359242,-0.081896851,0.025827309,0.19474125
ts_gsr,6,DMT,6,0.0011111893,0.0015503791,0.0052898413,0.021139464,-0.036855925,0.0010153214,-0.035840604,-0.037238025,0.11639524,-0.037335485,0.029363448,0.1749422
ts_gsr,6,DMT,7,-0.00038923465,0.0018559523,0.0022076873,0.010487389,-0.033956703,0.0079733869,-0.025983316,-0.026665537,0.11718853,-0.026321955,0.0291816,0.16356528
ts_gsr,6,DMT,8,0.0029013154,0.0057566946,0.0087307708,0.03224104,-0.032699528,-0.015106777,-0.047806305,-0.049422061,0.10482836,-0.049147075,0.028190877,0.17812028
ts_gsr,6,DMT,9,0.00060770032,0.002715717,0.0088175129,0.034148223,-0.033834028,-0.011841059,-0.045675087,-0.047948486,0.10878879,-0.046975495,0.027541679,0.17419514
ts_gsr,6,DMT,10,0.0027337009,0.003884783,0.0070690663,0.027366488,-0.033376872,-0.0061412767,-0.039518149,-0.040907322,0.11170463,-0.039937771,0.031359573,0.16252369
ts_gsr,6,DMT,11,0.0022652004,0.0025900786,0.0062501636,0.022162398,-0.039151831,-0.0033932554,-0.042545087,-0.044228193,0.11692124,-0.043906698,0.028883022,0.18121149
ts_gsr,6,DMT,12,0.0028751635,0.0022425861,0.0022286945,0.0071913549,-0.03844313,0.0083542263,-0.030088904,-0.030929994,0.12874862,-0.030025589,0.030240136,0.16765747
ts_gsr,6,DMT,13,0.00089362076,0.0020969783,0.0065370416,0.02372392,-0.034687956,-0.004433946,-0.039121902,-0.041029924,0.11250692,-0.041064476,0.026346551,0.17574728
ts_gsr,6,DMT,14,0.0039314364,0.0015203551,0.0081791151,0.028054869,-0.040142389,-0.010336759,-0.050479148,-0.052716303,0.11679546,-0.051586057,0.026902258,0.18409593
ts_gsr,6,PCB,1,-9.6280643e-05,0.0010046227,0.0037838608,0.016448388,-0.03342369,0.00092133216,-0.032502357,-0.033330248,0.10983678,-0.03322137,0.027864849,0.17425933
ts_gsr,6,PCB,2,0.002303593,0.0049282545,0.007205845,0.024778867,-0.033088995,-0.014080447,-0.047169442,-0.048936158,0.1015887,-0.048788362,0.030222093,0.19043256
ts_gsr,6,PCB,3,0.001514104,0.0045540928,0.0071382839,0.028921915,-0.030858847,-0.0037859397,-0.034644787,-0.03608404,0.10699607,-0.03587793,0.028233061,0.16660984
ts_gsr,6,PCB,4,0.005494566,0.0033076785,0.0082106314,0.027341523,-0.032514584,-0.017319101,-0.049833685,-0.051673759,0.096711492,-0.051432006,0.029719452,0.19866287
ts_gsr,6,PCB,5,0.0019852158,0.0049572057,0.0085841358,0.029315137,-0.036202449,-0.016413998,-0.052616447,-0.054445529,0.10376407,-0.053770404,0.026480569,0.18602678
ts_gsr,6,PCB,6,0.0048234849,0.0068585923,0.012800923,0.034759564,-0.038499167,-0.048145313,-0.086644481,-0.090930598,0.096297038,-0.090312576,0.027541671,0.21785006
ts_gsr,6,PCB,7,0.0013069715,0.00065632513,-0.00060560706,5.7826345e-05,-0.044975099,0.010127313,-0.034847785,-0.035138192,0.11209648,-0.034149597,0.024537382,0.21626797
ts_gsr,6,PCB,8,0.00066401844,0.00054413319,0.0071495849,0.026779845,-0.036841644,-0.0052351198,-0.042076764,-0.043776931,0.11287756,-0.043744682,0.027907502,0.17621571
ts_gsr,6,PCB,9,0.0010657284,0.0051544302,0.0095742893,0.03042361,-0.039714862,-0.025654349,-0.065369211,-0.068449167,0.10798554,-0.067771827,0.030895049,0.20117881
ts_gsr,6,PCB,10,0.0020536654,0.0058374544,0.0077296903,0.026542,-0.032230944,-0.019055479,-0.051286423,-0.053172123,0.099835275,-0.053008132,0.031224128,0.18939547
ts_gsr,6,PCB,11,0.00066176897,0.0027768703,0.0076733731,0.029376757,-0.032198597,-0.010056362,-0.042254959,-0.043539459,0.10305892,-0.042929764,0.031712511,0.17444451
ts_gsr,6,PCB,12,0.001525039,0.0030783165,0.010205745,0.038897053,-0.031438386,-0.017474018,-0.048912404,-0.050764959,0.10147069,-0.051246914,0.032600681,0.17444516
ts_gsr,6,PCB,13,-0.00012959701,0.0017549699,0.0070465383,0.027121129,-0.030955136,-0.0055011662,-0.036456302,-0.038056497,0.10619736,-0.037143041,0.025352967,0.16953506
ts_gsr,6,PCB,14,0.0053658452,0.0074167626,0.0099427466,0.031659081,-0.03551834,-0.020737516,-0.056255855,-0.05876345,0.10525584,-0.057964668,0.029062917,0.18939104
ts_gsr,7,DMT,1,0.00077725815,0.0022604703,0.0064698512,0.021161765,-0.034486572,-0.0054621316,-0.039948704,-0.041383467,0.10316888,-0.040759202,0.025104579,0.19356194
ts_gsr,7,DMT,2,0.0022375049,0.0024814583,0.0073624411,0.022387094,-0.033402559,-0.023351495,-0.056754054,-0.058687312,0.091371753,-0.056930845,0.027345508,0.21228738
ts_gsr,7,DMT,3,0.0052582282,0.005547124,0.012094026,0.028652599,-0.044929478,-0.07275051,-0.11767999,-0.12358307,0.089583269,-0.12414857,0.029562099,0.23638268
ts_gsr,7,DMT,4,-0.00079974786,0.00057034998,0.0054046622,0.01639523,-0.034727663,-0.0070433294,-0.041770992,-0.043125251,0.10174188,-0.043157544,0.025070511,0.20613577
ts_gsr,7,DMT,5,0.0024543032,0.0043034349,0.0074970586,0.026439581,-0.037189956,-0.0095018194,-0.046691775,-0.048375633,0.10824847,-0.047291018,0.033156334,0.18442309
ts_gsr,7,DMT,6,0.00051736139,0.00068706163,0.0014750287,0.0078392666,-0.035927697,0.0065840799,-0.029343618,-0.029771356,0.1198407,-0.028914059,0.03249761,0.1729191
ts_gsr,7,DMT,7,0.0042038432,0.005617245,0.008921887,0.033512488,-0.032825733,-0.010076266,-0.042901999,-0.044884577,0.10786164,-0.04446998,0.031305153,0.17370265
ts_gsr,7,DMT,8,0.0013063591,0.0025759897,0.0054360471,0.020232495,-0.040094629,-0.0079362648,-0.048030894,-0.049641309,0.11799499,-0.049474359,0.034333901,0.18725831
ts_gsr,7,DMT,9,0.0046521204,0.0050106748,0.0078229996,0.027537241,-0.033219291,-0.01464376,-0.047863051,-0.050053083,0.10292052,-0.049780973,0.028256239,0.18666411
ts_gsr,7,DMT,10,0.0064984757,0.0070556591,0.008769041,0.030204486,-0.035382746,-0.016684832,-0.052067577,-0.054101414,0.10883973,-0.054123457,0.028519957,0.1893419
ts_gsr,7,DMT,11,0.0039337985,0.0045769697,0.008428994,0.029706644,-0.036031133,-0.018896591,-0.054927724,-0.057835694,0.10730444,-0.057544325,0.028138172,0.19676606
ts_gsr,7,DMT,12,-0.0011672235,-0.00052188755,0.0024422873,0.0081127343,-0.036132212,0.0078923695,-0.028239842,-0.029008202,0.1198133,-0.028466424,0.027743668,0.1804984
ts_gsr,7,DMT,13,0.0032129865,0.0046270005,0.0054318038,0.018467833,-0.038553285,-0.0013810936,-0.039934379,-0.041599738,0.11644057,-0.041525762,0.030489357,0.19193593
ts_gsr,7,DMT,14,0.0024595659,0.0034990952,0.005863108,0.017967195,-0.037453281,-0.013008353,-0.050461633,-0.052899194,0.10409014,-0.05281628,0.025529224,0.21070408
ts_gsr,7,PCB,1,0.0015766579,0.0026622733,0.0039012559,0.013058505,-0.042055958,-0.0035015525,-0.04555751,-0.046780425,0.11746345,-0.046384137,0.030109232,0.19676155
ts_gsr,7,PCB,2,-0.0024821481,-0.00094912971,0.0066904645,0.018437505,-0.035491803,-0.014796049,-0.050287852,-0.052206081,0.096705333,-0.05286967,0.024654389,0.21517297
ts_gsr,7,PCB,3,0.0024943549,0.00327545,0.0061251661,0.016777302,-0.048482395,-0.01535651,-0.063838905,-0.066273432,0.11450159,-0.066298981,0.023911464,0.21404792
ts_gsr,7,PCB,4,0.0016001905,0.0039605805,0.0066395078,0.017802178,-0.039532078,-0.012498429,-0.052030508,-0.054258665,0.10654616,-0.053802223,0.027311161,0.21370186
ts_gsr,7,PCB,5,-0.0015125132,-0.00090036084,0.00020049445,0.0012273676,-0.046820413,0.00963877,-0.037181643,-0.037421348,0.12845418,-0.034799553,0.025112065,0.20466354
ts_gsr,7,PCB,6,-0.0054540845,-0.0049567596,-0.0036581678,-0.0097442263,-0.050491493,0.027388176,-0.023103316,-0.021709314,0.13280432,-0.020997529,0.028535345,0.2160944
ts_gsr,7,PCB,7,-0.00051647636,6.6684999e-05,0.0059341547,0.017681803,-0.044660634,-0.0099071248,-0.054567758,-0.056255258,0.11502909,-0.056614935,0.02757632,0.20939902
ts_gsr,7,PCB,8,-0.0047185066,-0.0024096172,0.00016233961,0.00059215316,-0.041254326,0.013853957,-0.027400369,-0.026878201,0.10746578,-0.026648521,0.029246687,0.21055893
ts_gsr,7,PCB,9,-0.00063192749,2.3068656e-05,0.0025490939,0.006941736,-0.046847421,0.0039910378,-0.042856383,-0.044092649,0.12768423,-0.042834711,0.028680862,0.20528671
ts_gsr,7,PCB,10,0.0063812723,0.0084026071,0.0099751041,0.026122178,-0.0365321,-0.038880793,-0.075412892,-0.078324005,0.089096655,-0.07673091,0.024247943,0.21716487
ts_gsr,7,PCB,11,0.0012443938,0.0015242595,0.00438614,0.015699984,-0.035920591,0.0019034725,-0.034017119,-0.035158398,0.11052866,-0.035629811,0.027156422,0.18997312
ts_gsr,7,PCB,12,0.0006682607,0.0016133147,0.0042166077,0.015535097,-0.039545158,-0.0014789978,-0.041024156,-0.042285983,0.11970982,-0.042292032,0.027740853,0.1873334
ts_gsr,7,PCB,13,-0.00090477696,0.00010332013,0.004245376,0.013348506,-0.047127186,-0.0023637889,-0.049490975,-0.050489416,0.12356263,-0.046586735,0.030173869,0.1953039
ts_gsr,7,PCB,14,-0.0017778836,-0.0011273887,0.0027129204,0.0085960269,-0.049178661,-0.0010365444,-0.050215206,-0.051455648,0.12403468,-0.050899338,0.024032958,0.20794333
ts_gsr,8,DMT,1,0.00084583327,0.00031759503,0.0050801797,0.018585776,-0.033787545,-0.00047788901,-0.034265434,-0.035563604,0.10573772,-0.035375566,0.026307645,0.17978389
ts_gsr,8,DMT,2,0.0025322641,0.0018452001,0.011173425,0.03505198,-0.037234184,-0.025263246,-0.06249743,-0.065222579,0.10551334,-0.064666314,0.031359346,0.19701934
ts_gsr,8,DMT,3,0.0011989417,0.0036154711,0.0074665857,0.023578981,-0.037621406,-0.013769557,-0.051390963,-0.053093307,0.10224903,-0.051838809,0.029676388,0.19277966
ts_gsr,8,DMT,4,0.0023514125,0.0057306592,0.0096169573,0.026528888,-0.044803908,-0.046189238,-0.090993147,-0.095306388,0.097622866,-0.09496307,0.025726068,0.22291419
ts_gsr,8,DMT,5,-0.00077116228,0.00095153324,0.0042380023,0.013775982,-0.037509922,0.0026672894,-0.034842633,-0.036353088,0.1223269,-0.036047615,0.028313128,0.17861851
ts_gsr,8,DMT,6,-0.00019918676,0.001070354,0.0037258768,0.014868813,-0.033623901,0.0020544214,-0.03156948,-0.03282432,0.11188686,-0.032465641,0.026283678,0.17174084
ts_gsr,8,DMT,7,0.00061315444,0.0011862433,0.0037477651,0.01504607,-0.037599062,0.0041784074,-0.033420654,-0.034344569,0.11893372,-0.033346189,0.027727079,0.17339321
ts_gsr,8,DMT,8,6.3637173e-05,-0.0018117001,0.00011073676,0.0005672952,-0.042970812,0.012843566,-0.030127246,-0.030369328,0.13436722,-0.030415254,0.035960862,0.17577743
ts_gsr,8,DMT,9,-0.00016406005,0.00101512,0.0057175228,0.020483991,-0.035660836,0.0017560568,-0.033904779,-0.035653009,0.11899758,-0.035595348,0.026970991,0.1772389
ts_gsr,8,DMT,10,-0.00091941405,-0.0024231242,0.002271476,0.0083746689,-0.039465352,0.0099281561,-0.029537196,-0.030625879,0.12629812,-0.030612336,0.030425735,0.17649127
ts_gsr,8,DMT,11,-0.00055713477,0.0017217119,0.0048769178,0.016238211,-0.030871215,0.00058581727,-0.030285398,-0.031055646,0.10102887,-0.030819948,0.030904387,0.18687264
ts_gsr,8,DMT,12,0.0014196197,0.002761071,0.0082767883,0.027935104,-0.029943955,-0.01207017,-0.042014125,-0.043952236,0.097475058,-0.042799719,0.025989033,0.18895831
ts_gsr,8,DMT,13,-0.00039272892,0.0019204321,0.0082352816,0.026361699,-0.032200647,-0.010966058,-0.043166705,-0.044469364,0.095572369,-0.043975403,0.03182108,0.18739083
ts_gsr,8,DMT,14,-0.0011182761,0.00051160468,0.0042372047,0.014429439,-0.036576963,-0.00068222877,-0.037259192,-0.038316894,0.10876364,-0.037940279,0.033001247,0.19065544
ts_gsr,8,PCB,1,0.0055032315,0.002508667,0.0074441641,0.024410546,-0.039236364,-0.012251305,-0.051487668,-0.053294061,0.10867706,-0.053228067,0.032506104,0.1923862
ts_gsr,8,PCB,2,-5.017996e-05,0.00088112908,0.0041628797,0.012454366,-0.041215804,-0.0075360793,-0.048751884,-0.05032588,0.10759351,-0.049867623,0.029410568,0.21435404
ts_gsr,8,PCB,3,-0.0021025432,-0.0022943058,0.0024564582,0.0079791376,-0.045463462,0.0083066696,-0.037156793,-0.037478138,0.13078996,-0.035317647,0.031372512,0.19131251
ts_gsr,8,PCB,4,0.0055640158,0.0025179049,0.011523137,0.02931421,-0.0398391,-0.041680567,-0.081519667,-0.085165167,0.095949264,-0.085049134,0.025676158,0.21786483
ts_gsr,8,PCB,5,0.0021200482,0.00016911719,0.0059125431,0.021312693,-0.03509949,-5.9187681e-06,-0.035105409,-0.036282826,0.11413271,-0.035693203,0.027307474,0.17798176
ts_gsr,8,PCB,6,0.0038379639,0.0040056871,0.0099272654,0.029215375,-0.037830253,-0.041428415,-0.079258668,-0.082448129,0.094117316,-0.081550786,0.030589463,0.21890958
ts_gsr,8,PCB,7,-0.0010079767,0.0027761076,0.0058750431,0.017514069,-0.048584314,-0.011283084,-0.059867398,-0.061721178,0.11728872,-0.061458115,0.033095473,0.20717952
ts_gsr,8,PCB,8,0.0046459895,0.0052186545,0.012194557,0.033749057,-0.038962687,-0.039271451,-0.078234138,-0.08206481,0.098047252,-0.081435185,0.025091592,0.209471
ts_gsr,8,PCB,9,0.0018303741,0.0026739838,0.0082789494,0.025955895,-0.035329815,-0.02236963,-0.057699445,-0.060211299,0.092821915,-0.059707297,0.023145997,0.20101479
ts_gsr,8,PCB,10,-0.00092935432,0.005659987,0.013807511,0.034326503,-0.038226172,-0.072821219,-0.11104739,-0.11610071,0.083419819,-0.11598281,0.024431536,0.22745458
ts_gsr,8,PCB,11,-0.00014903157,0.0062318501,0.013370319,0.034465686,-0.035572359,-0.05518504,-0.090757399,-0.094518433,0.088341074,-0.094094638,0.030761261,0.21778005
ts_gsr,8,PCB,12,-0.00043257969,0.0039652202,0.010096086,0.030091266,-0.03731795,-0.031215654,-0.068533604,-0.07147428,0.095840348,-0.071537395,0.02709307,0.20157888
ts_gsr,8,PCB,13,0.0012591206,0.0058422905,0.0091092541,0.028142937,-0.039790144,-0.028961567,-0.068751711,-0.07131037,0.098581798,-0.069869698,0.025747423,0.20413737
ts_gsr,8,PCB,14,0.00091616605,0.0018780096,0.0077023164,0.024829171,-0.038267655,-0.017644652,-0.055912307,-0.057697232,0.10439098,-0.056392197,0.027738788,0.19450891
ts_gsr,9,DMT,1,0.0020235009,0.0030380655,0.0045907654,0.01605098,-0.032065571,-0.0020489084,-0.034114479,-0.035116894,0.10310453,-0.034764777,0.026057597,0.18446619
ts_gsr,9,DMT,2,0.0025783135,0.0038546016,0.01020321,0.029776746,-0.04078939,-0.028382737,-0.069172126,-0.071850324,0.10378681,-0.071094051,0.028190475,0.20071181
ts_gsr,9,DMT,3,0.0049635073,0.006336384,0.0089794698,0.024725351,-0.037213418,-0.032811444,-0.070024863,-0.073103664,0.096027751,-0.072902683,0.026140744,0.21765535
ts_gsr,9,DMT,4,0.0049890824,0.0068312232,0.0099364315,0.026943528,-0.034102925,-0.046125431,-0.080228356,-0.083477708,0.084149576,-0.083376737,0.026515256,0.22668788
ts_gsr,9,DMT,5,0.0032946629,0.0051586612,0.0055642594,0.01953297,-0.039479516,-0.0054432246,-0.044922741,-0.04632488,0.11648238,-0.044173408,0.027940287,0.18980431
ts_gsr,9,DMT,6,0.0038989014,0.0055623706,0.0082114484,0.028337837,-0.033702093,-0.011015485,-0.044717578,-0.04679053,0.10774897,-0.046455264,0.027947754,0.18432738
ts_gsr,9,DMT,7,-9.3302421e-05,0.0032067623,0.0081420953,0.031060428,-0.033494665,-0.0055574043,-0.039052069,-0.04066265,0.11012781,-0.039868693,0.030302398,0.17063838
ts_gsr,9,DMT,8,-0.0019656811,0.00028154795,0.0070805861,0.026412865,-0.032934108,-0.0051539397,-0.038088047,-0.039428475,0.10876969,-0.038918313,0.030665187,0.17044195
ts_gsr,9,DMT,9,0.0013341978,0.0025909754,0.0055573209,0.021501298,-0.034675447,-0.0017120322,-0.03638748,-0.037734623,0.11237861,-0.037558067,0.029661034,0.17652732
ts_gsr,9,DMT,10,-0.00070392607,-0.0010972847,0.0024514666,0.0095160337,-0.035473438,0.003962128,-0.03151131,-0.032151878,0.11286178,-0.032339474,0.028177364,0.18279391
ts_gsr,9,DMT,11,0.004147165,0.0065757668,0.0089100963,0.029989133,-0.037191897,-0.016527652,-0.053719549,-0.056291316,0.10912668,-0.056547479,0.022677707,0.18822672
ts_gsr,9,DMT,12,0.00021432792,0.00028189599,0.0028018337,0.011050525,-0.037461695,0.0023240475,-0.035137647,-0.036050001,0.12010813,-0.035518855,0.024362578,0.17943697
ts_gsr,9,DMT,13,-0.00043214833,0.00016456149,0.0031603747,0.011961428,-0.037618489,0.00053869118,-0.037079798,-0.037694895,0.11852131,-0.03765246,0.03431747,0.17792384
ts_gsr,9,DMT,14,0.00052248664,0.002276821,0.0049074054,0.017371537,-0.03488676,-0.0077013529,-0.042588113,-0.044384353,0.10398199,-0.044011593,0.024921863,0.19499995
ts_gsr,9,PCB,1,0.0014791361,0.0015521756,0.0077007534,0.024824187,-0.034868597,-0.0040094195,-0.038878017,-0.040409402,0.10437889,-0.04019134,0.030987118,0.18651412
ts_gsr,9,PCB,2,0.0019018884,0.002474763,0.0060289039,0.023511505,-0.030557446,-0.0057257685,-0.036283214,-0.037635641,0.10316562,-0.036960882,0.024017786,0.17290742
ts_gsr,9,PCB,3,0.0042833451,0.0037420213,0.0067555586,0.02354794,-0.035586218,-0.0082896342,-0.043875853,-0.045630868,0.10791207,-0.045362663,0.02780556,0.18811815
ts_gsr,9,PCB,4,0.0048799395,0.0063693328,0.013272326,0.034645265,-0.043913857,-0.04322367,-0.087137528,-0.091481304,0.10381494,-0.091414854,0.028234811,0.21286622
ts_gsr,9,PCB,5,0.0012235607,0.0014192857,0.0069618254,0.024257435,-0.040531165,-0.0085023336,-0.049033499,-0.051160381,0.12201537,-0.050738466,0.028169226,0.17972497
ts_gsr,9,PCB,6,0.0026221851,0.0031545408,0.0056486064,0.018986867,-0.032113851,-0.010007887,-0.042121738,-0.043484433,0.096694889,-0.04332687,0.026979959,0.19403209
ts_gsr,9,PCB,7,0.00045847295,0.00087618569,0.0065827477,0.0242931,-0.037238297,-0.006484597,-0.043722894,-0.045677921,0.11445246,-0.045225932,0.028270099,0.1748323
ts_gsr,9,PCB,8,-0.00047632048,0.00076932509,0.0044193732,0.016429995,-0.031703687,-0.0053017654,-0.037005452,-0.037896072,0.098759679,-0.037600085,0.029665611,0.18894759
ts_gsr,9,PCB,9,0.0046604053,0.0052057044,0.010358802,0.03333217,-0.037663061,-0.033248486,-0.070911547,-0.073970672,0.09836599,-0.073364698,0.028527834,0.19835119
ts_gsr,9,PCB,10,0.0065822053,0.0069176439,0.0086521313,0.028438144,-0.034305969,-0.025602694,-0.059908663,-0.061968896,0.095279437,-0.061591118,0.024025319,0.19636023
ts_gsr,9,PCB,11,-0.0031011787,0.00032995088,0.0051780037,0.015202488,-0.045958854,-0.00080013007,-0.046758984,-0.048130946,0.12180665,-0.047180319,0.030434644,0.20073941
ts_gsr,9,PCB,12,0.00038815338,-0.00057465805,0.0041373025,0.015521369,-0.035118512,-0.0017798811,-0.036898393,-0.038408887,0.11484555,-0.037993656,0.02295997,0.17882381
ts_gsr,9,PCB,13,0.0066901927,0.0066606932,0.010375391,0.029900637,-0.0440592,-0.035444781,-0.079503981,-0.08325953,0.10459849,-0.08247604,0.028466032,0.21185771
ts_gsr,9,PCB,14,0.0032098298,0.0038590777,0.0076850719,0.023989039,-0.032869474,-0.024465566,-0.05733504,-0.05934259,0.090510446,-0.058874599,0.02510751,0.20263992
ts_gsr,10,DMT,1,0.0036464716,0.0041215175,0.0076487356,0.020261617,-0.04007976,-0.018989872,-0.059069632,-0.061221164,0.10411503,-0.060811977,0.026477527,0.21708439
ts_gsr,10,DMT,2,0.0022110195,0.0027389625,0.0083531434,0.024672654,-0.034490568,-0.025197649,-0.059688217,-0.062265373,0.094353402,-0.061954223,0.027970527,0.21057997
ts_gsr,10,DMT,3,-0.004944124,-0.0068825269,-0.00019500664,0.0017651841,-0.034476066,0.012535425,-0.02194064,-0.021616786,0.11364655,-0.020039948,0.02954991,0.18081748
ts_gsr,10,DMT,4,0.0024912342,0.0034640613,0.0084756812,0.027373402,-0.037589518,-0.018718304,-0.056307822,-0.058315558,0.10473254,-0.058081778,0.026884528,0.19268461
ts_gsr,10,DMT,5,-0.001231794,-0.0021973512,0.0015577883,0.0047606756,-0.04621587,0.0091049048,-0.037110965,-0.038123234,0.11320024,-0.037660552,0.025553441,0.22665081
ts_gsr,10,DMT,6,-0.00041403863,0.00074013761,0.0029863088,0.010447489,-0.034694525,0.0034031948,-0.031291331,-0.032350485,0.11368475,-0.032035238,0.029125803,0.1860489
ts_gsr,10,DMT,7,-0.0015708634,-0.001502913,0.0020822923,0.0077654868,-0.039802091,0.0065668273,-0.033235264,-0.034295002,0.12675696,-0.033576885,0.022771105,0.17601249
ts_gsr,10,DMT,8,0.00022238776,-0.0012840679,0.0005791381,0.0028502551,-0.050729848,0.0073348136,-0.043395034,-0.044549766,0.14071399,-0.043663225,0.032364984,0.20470922
ts_gsr,10,DMT,9,0.0010565624,0.0028373508,0.0057733647,0.015835357,-0.042315673,-0.0061570375,-0.048472711,-0.050631714,0.11528785,-0.050120833,0.031335832,0.20830328
ts_gsr,10,DMT,10,2.6898458e-05,0.00013459359,0.004782679,0.014254235,-0.046805196,-0.0046989835,-0.051504179,-0.053532525,0.12457422,-0.052960548,0.029331603,0.19694694
ts_gsr,10,DMT,11,0.0022075084,0.0044064005,0.006478281,0.020130812,-0.041262304,-0.013009512,-0.054271817,-0.056299384,0.112163,-0.056258969,0.02787102,0.2065395
ts_gsr,10,DMT,12,0.0077192692,0.010889958,0.013917934,0.039055275,-0.039377572,-0.049120704,-0.088498276,-0.092987139,0.099144191,-0.092365134,0.027249112,0.21718378
ts_gsr,10,DMT,13,0.0030859293,0.0050291312,0.0088810452,0.025814261,-0.036782273,-0.015387954,-0.052170227,-0.053973179,0.10111959,-0.05321812,0.02596118,0.19566917
ts_gsr,10,DMT,14,0.0056626228,0.0077846893,0.011111042,0.029815209,-0.047535151,-0.038421222,-0.085956373,-0.090076605,0.10714105,-0.090028664,0.018328453,0.207359
ts_gsr,10,PCB,1,-0.00012021319,0.0013518392,0.0038280803,0.011902511,-0.054381179,0.00053844639,-0.053842733,-0.055558313,0.14005978,-0.055445435,0.028826869,0.20544266
ts_gsr,10,PCB,2,-0.0060741618,-0.0029876417,-0.00038591756,-0.0013488556,-0.047931069,0.019387942,-0.028543127,-0.028284854,0.1256752,-0.028193127,0.031011236,0.20910268
ts_gsr,10,PCB,3,0.0054010417,0.004858726,0.0089264876,0.022339484,-0.062585089,-0.035655064,-0.098240154,-0.1033615,0.12538979,-0.10238258,0.023747916,0.22410965
ts_gsr,10,PCB,4,-0.0009021099,-0.00019884749,0.0018062551,0.007523688,-0.038388003,0.0070715742,-0.031316429,-0.031639093,0.11339441,-0.031304191,0.029777831,0.18991503
ts_gsr,10,PCB,5,0.00068501133,0.0011858685,0.0046797562,0.015923432,-0.043648676,-0.0040621559,-0.047710832,-0.048871476,0.12189116,-0.04820284,0.03171269,0.20071287
ts_gsr,10,PCB,6,0.0032986609,0.0040240478,0.0060877269,0.018796764,-0.035878499,-0.013840265,-0.049718763,-0.051181267,0.096817106,-0.05014133,0.027866906,0.19940364
ts_gsr,10,PCB,7,0.00070553244,0.0010709597,0.0050658021,0.017071822,-0.035709756,-0.004304912,-0.040014668,-0.041301421,0.11181445,-0.040953175,0.030357964,0.18678668
ts_gsr,10,PCB,8,-0.0027484843,-0.0019516152,0.0042900583,0.014353667,-0.034881397,-0.0016055178,-0.036486915,-0.037681628,0.10831422,-0.036887693,0.029193075,0.19061987
ts_gsr,10,PCB,9,0.0041933387,0.0043814984,0.0052445497,0.016982041,-0.038456124,-0.0072743576,-0.045730482,-0.047128798,0.11205867,-0.046781063,0.030065208,0.19470644
ts_gsr,10,PCB,10,-0.002176043,-0.0029340902,0.0020750609,0.0070205665,-0.048198485,0.0069458568,-0.041252628,-0.042209584,0.13040994,-0.041800962,0.029951201,0.20047514
ts_gsr,10,PCB,11,0.0033824726,0.0027178821,0.0076083726,0.024153774,-0.037567649,-0.015598481,-0.05316613,-0.055283119,0.10633228,-0.05513557,0.028178195,0.19799066
ts_gsr,10,PCB,12,0.0038774581,0.0041693086,0.0085610769,0.032489499,-0.02866705,-0.012639057,-0.041306107,-0.0426169,0.090098223,-0.04163994,0.031151758,0.17804695
ts_gsr,10,PCB,13,-0.00095858815,-0.0013593597,0.0055597487,0.018449857,-0.037256124,-0.0028546357,-0.040110759,-0.041323419,0.10876537,-0.040927307,0.027804213,0.19276787
ts_gsr,10,PCB,14,0.0020767448,0.0039270518,0.010261018,0.029909545,-0.034247835,-0.036589834,-0.070837669,-0.07320074,0.089286093,-0.073227479,0.028782741,0.20731163
ts_gsr,11,DMT,1,0.00048179884,0.0015100946,0.0042557919,0.014408585,-0.040475156,-0.0021093371,-0.042584493,-0.043624048,0.11839306,-0.042875166,0.029468955,0.18783034
ts_gsr,11,DMT,2,-0.00018518611,0.00024357376,0.0041928119,0.015965955,-0.036601911,-0.00018460365,-0.036786515,-0.037712161,0.11516646,-0.037453798,0.026917306,0.17745647
ts_gsr,11,DMT,3,-0.00097706888,-0.0013294111,-0.00079835814,-0.001222264,-0.037454231,0.012825794,-0.024628437,-0.024782531,0.12019509,-0.024021925,0.026172929,0.18404
ts_gsr,11,DMT,4,0.0014741952,0.0024493059,0.0044768048,0.014435293,-0.037804299,-0.0046586385,-0.042462938,-0.043647632,0.11453948,-0.043593785,0.035407698,0.19527265
ts_gsr,11,DMT,5,0.00013600696,0.0003473954,0.0045847927,0.018625454,-0.035696264,-0.0031939046,-0.038890169,-0.04016655,0.11663977,-0.039357244,0.037540671,0.18830016
ts_gsr,11,DMT,6,0.00090794406,0.0018838409,0.0042742266,0.016851325,-0.034030963,-0.00067451258,-0.034705476,-0.035938868,0.10832534,-0.035393414,0.026269192,0.17974042
ts_gsr,11,DMT,7,0.0013681882,0.0011453193,0.0023457421,0.010451323,-0.035541529,0.0059610122,-0.029580516,-0.030377592,0.122144,-0.030013011,0.029456535,0.16169926
ts_gsr,11,DMT,8,0.0031815889,0.0044670519,0.0096622776,0.033569528,-0.036984759,-0.011002851,-0.047987611,-0.050435327,0.11375533,-0.050356792,0.027913283,0.18077596
ts_gsr,11,DMT,9,0.0035383457,0.007783673,0.012870238,0.038430172,-0.035735273,-0.027827663,-0.063562936,-0.06692267,0.10503411,-0.06686879,0.027876052,0.19913372
ts_gsr,11,DMT,10,0.002561587,0.0042179255,0.0057503394,0.022799973,-0.035625249,-0.0054576898,-0.041082939,-0.04290193,0.11433711,-0.042631313,0.032939349,0.18150381
ts_gsr,11,DMT,11,0.0019946125,0.0036091474,0.0056379214,0.021671392,-0.03210308,0.00035383412,-0.031749246,-0.032749475,0.10375683,-0.03267717,0.036975445,0.18119986
ts_gsr,11,DMT,12,0.0057127373,0.0056848967,0.0070494996,0.023034933,-0.034834821,-0.011187642,-0.046022462,-0.047687718,0.10384791,-0.047301163,0.02859004,0.19309782
ts_gsr,11,DMT,13,0.0038189662,0.004807184,0.0075204006,0.020035963,-0.039756647,-0.026502884,-0.066259531,-0.068396707,0.10128092,-0.067648331,0.02753364,0.22535474
ts_gsr,11,DMT,14,0.0032649254,0.0030790777,0.0065878766,0.020614919,-0.037751663,-0.016026301,-0.053777964,-0.055777028,0.10375288,-0.055108089,0.025869865,0.1958142
ts_gsr,11,PCB,1,-0.004860107,-0.0059651345,-0.0033504631,-0.010412923,-0.038445401,0.018375757,-0.020069644,-0.019718792,0.12847045,-0.019610822,0.02783823,0.17687782
ts_gsr,11,PCB,2,0.00052046177,0.0014275295,0.0036063839,0.013420665,-0.039460257,0.00012748444,-0.039332772,-0.040529562,0.11706204,-0.040357998,0.028221161,0.18826779
ts_gsr,11,PCB,3,0.0021711848,-0.00087686201,0.0026494015,0.010554438,-0.037419018,0.0042853675,-0.03313365,-0.033420397,0.11387511,-0.033202067,0.034370533,0.18243402
ts_gsr,11,PCB,4,-0.0018614984,-0.00097735788,0.0039779043,0.013204382,-0.040559017,0.00056235445,-0.039996662,-0.041166205,0.1125438,-0.038945495,0.029596817,0.19056712
ts_gsr,11,PCB,5,0.0006917255,0.0010928451,0.0023366968,0.0038572261,-0.050571202,0.0053041852,-0.045267017,-0.045786066,0.11767455,-0.043949585,0.023079742,0.22605207
ts_gsr,11,PCB,6,0.0045544331,0.0050046411,0.010612454,0.024636291,-0.051963691,-0.036947028,-0.08891072,-0.094246724,0.11243088,-0.093713485,0.02332702,0.22478569
ts_gsr,11,PCB,7,0.0023933618,0.0035680577,0.0074506441,0.024809905,-0.03171611,-0.010993988,-0.042710098,-0.044596852,0.097458477,-0.044484043,0.030102113,0.18766929
ts_gsr,11,PCB,8,-0.0037141573,-0.0028797733,0.00097761903,0.0040287528,-0.042093884,0.011349593,-0.030744292,-0.031180597,0.12498996,-0.030897772,0.027342453,0.18511589
ts_gsr,11,PCB,9,0.0040637662,0.005322986,0.010700915,0.031580378,-0.034949908,-0.02471649,-0.059666398,-0.062320896,0.099503925,-0.061691743,0.032529194,0.20551341
ts_gsr,11,PCB,10,-0.00041708379,0.00020608607,0.0050727376,0.018122287,-0.038880242,-0.0054586099,-0.044338852,-0.0456002,0.11248844,-0.045436461,0.029298466,0.18223798
ts_gsr,11,PCB,11,0.0047825427,0.0055311232,0.0077429686,0.023216665,-0.042747746,-0.022325202,-0.065072947,-0.06767999,0.10804156,-0.067125683,0.030884839,0.2068229
ts_gsr,11,PCB,12,0.00073913348,0.0025817473,0.0062774577,0.020899679,-0.041079668,-0.011031417,-0.052111085,-0.054050977,0.11459936,-0.05243287,0.028421269,0.19483533
ts_gsr,11,PCB,13,0.00020571991,0.0019639565,0.0047244992,0.015521961,-0.038774939,-0.0065469734,-0.045321913,-0.046841975,0.10708795,-0.046748749,0.030091505,0.19674134
ts_gsr,11,PCB,14,-0.001863548,-0.001413635,0.002806169,0.0095022285,-0.04077927,0.0022499707,-0.038529299,-0.03913991,0.11728133,-0.038849998,0.027312607,0.18725651
ts_gsr,12,DMT,1,0.00010686722,-8.3932797e-05,0.0031416635,0.012832329,-0.036251651,0.0036782681,-0.032573383,-0.033073125,0.11190335,-0.03281748,0.034633709,0.1834813
ts_gsr,12,DMT,2,0.00075579278,0.0020155182,0.005981818,0.016755257,-0.033490715,-0.0073969526,-0.040887667,-0.042016415,0.09626224,-0.041812273,0.026885013,0.19954689
ts_gsr,12,DMT,3,0.003930639,0.0059383846,0.0093505838,0.026999928,-0.042905946,-0.026424471,-0.069330417,-0.072292274,0.10588205,-0.072900366,0.022850083,0.20402027
ts_gsr,12,DMT,4,0.0039883123,0.0051489799,0.0095180717,0.026862925,-0.043938801,-0.032264125,-0.076202925,-0.079678291,0.10457465,-0.079227653,0.029549042,0.21160402
ts_gsr,12,DMT,5,0.0023860341,0.0033655509,0.0076881824,0.029399832,-0.032156707,-0.0080916464,-0.040248354,-0.041772043,0.10551406,-0.04085907,0.032787748,0.17483131
ts_gsr,12,DMT,6,0.003090158,0.0036187802,0.0056233355,0.021378308,-0.035950531,-0.0057868429,-0.041737374,-0.043172076,0.11517151,-0.042929103,0.033239964,0.17971304
ts_gsr,12,DMT,7,-0.0004585619,7.8231061e-05,0.0049275063,0.017081345,-0.036654169,-0.0018082176,-0.038462386,-0.04001213,0.1148948,-0.039960681,0.02946592,0.18329142
ts_gsr,12,DMT,8,0.0018642249,0.001844827,0.0056620119,0.0220781,-0.034915929,-0.0034163504,-0.03833228,-0.039853983,0.11564325,-0.03995841,0.033872851,0.17642475
ts_gsr,12,DMT,9,0.0039199029,0.0048292583,0.0078551584,0.026117457,-0.035752341,-0.017496123,-0.053248464,-0.054939837,0.10313648,-0.0541178,0.028745951,0.19005285
ts_gsr,12,DMT,10,0.0024023679,0.0037034534,0.0080242218,0.022626927,-0.045763113,-0.027385444,-0.073148557,-0.076792219,0.11136333,-0.076640925,0.02463197,0.21797094
ts_gsr,12,DMT,11,0.0025675986,0.0013352061,0.0060851632,0.018620658,-0.033507932,-0.0045019326,-0.038009864,-0.039078494,0.10501841,-0.039078023,0.033426808,0.18631798
ts_gsr,12,DMT,12,0.0028506377,0.0037221222,0.0065654891,0.023899644,-0.032353824,-0.01524666,-0.047600484,-0.049082011,0.096019015,-0.048914511,0.026996303,0.18883593
ts_gsr,12,DMT,13,1.8264641e-05,0.0014274709,0.0038223368,0.014781511,-0.034134068,0.0024205221,-0.031713546,-0.032686525,0.11236322,-0.0318154,0.028135629,0.17502642
ts_gsr,12,DMT,14,0.0025572686,0.0032553216,0.0077723441,0.025513023,-0.038041563,-0.01677908,-0.054820643,-0.057031198,0.10684741,-0.056407279,0.024192204,0.1946689
ts_gsr,12,PCB,1,0.0023291951,0.0019543798,0.0056679857,0.020082817,-0.037986111,-0.0085175726,-0.046503684,-0.048022999,0.11217864,-0.047175293,0.027189134,0.19096656
ts_gsr,12,PCB,2,0.00013047616,0.0012395045,0.005485894,0.019441729,-0.037666151,-0.0039383277,-0.041604478,-0.043190897,0.11280363,-0.042934039,0.026708574,0.18874572
ts_gsr,12,PCB,3,0.0019942028,0.0031237134,0.012056907,0.037425232,-0.02952446,-0.043053296,-0.072577756,-0.074253139,0.089943411,-0.07399324,0.036508156,0.20364872
ts_gsr,12,PCB,4,0.0017442369,0.001824386,0.0048462785,0.015684314,-0.039912042,-0.0075882075,-0.047500249,-0.048492706,0.11234567,-0.048250869,0.031156825,0.18980934
ts_gsr,12,PCB,5,0.0070866652,0.0063205559,0.010648421,0.030132438,-0.035036713,-0.03053209,-0.065568802,-0.06883757,0.094995968,-0.068416626,0.030515248,0.20722094
ts_gsr,12,PCB,6,-7.5324053e-05,0.0014315871,0.0075295478,0.025373234,-0.031924287,-0.010908897,-0.042833184,-0.044611856,0.099031342,-0.044369277,0.026004553,0.18839371
ts_gsr,12,PCB,7,0.0011196798,0.0021758436,0.0045885075,0.01686851,-0.035191073,-1.6637157e-05,-0.035207711,-0.036653936,0.11086301,-0.035968565,0.029236367,0.18414581
ts_gsr,12,PCB,8,0.00075271023,0.0023773216,0.0085197309,0.027102441,-0.044242371,-0.02497851,-0.069220881,-0.071927274,0.11164361,-0.07157622,0.030419397,0.19955544
ts_gsr,12,PCB,9,0.0028264014,0.003985969,0.009821058,0.029523367,-0.039840277,-0.029005951,-0.068846228,-0.072050072,0.10426962,-0.071246038,0.02653538,0.20123576
ts_gsr,12,PCB,10,-0.00045396992,0.00071742752,0.0045431685,0.016178597,-0.036707103,0.00096915685,-0.035737946,-0.037460608,0.11470571,-0.037873174,0.027988286,0.18365575
ts_gsr,12,PCB,11,0.001828274,0.0030517502,0.0081562294,0.029772372,-0.035363838,-0.012095622,-0.04745946,-0.049220422,0.10547985,-0.049220887,0.02975456,0.18694302
ts_gsr,12,PCB,12,0.00044106514,0.0020229742,0.0045528977,0.013444938,-0.036929497,-0.013043591,-0.049973088,-0.051419382,0.096624101,-0.050284829,0.029749111,0.21900033
ts_gsr,12,PCB,13,0.0046026692,0.0051342593,0.0077593946,0.02588047,-0.033479157,-0.018439114,-0.051918271,-0.053838981,0.10208743,-0.052731618,0.027012207,0.19303248
ts_gsr,12,PCB,14,0.00072136479,0.0018610819,0.0053170812,0.018481923,-0.036459425,-0.0044411867,-0.040900611,-0.042220714,0.10972417,-0.041479641,0.02978701,0.18727206
ts_gsr,13,DMT,1,0.0028267125,0.0021386275,0.0075617824,0.024671813,-0.032981417,-0.017407052,-0.050388469,-0.052763913,0.09840801,-0.053117782,0.027703681,0.20427265
ts_gsr,13,DMT,2,0.00042519323,-0.00088999824,0.0024997353,0.0087219828,-0.046353009,0.0019255186,-0.04442749,-0.045840721,0.13247058,-0.044970105,0.030401961,0.19422717
ts_gsr,13,DMT,3,0.0027122284,0.0022371272,0.0055495149,0.017957987,-0.041813603,-0.0048593564,-0.046672959,-0.048554466,0.12198513,-0.047291794,0.023010067,0.19274025
ts_gsr,13,DMT,4,0.0041975323,0.0038506577,0.010531443,0.032616583,-0.033172597,-0.026353063,-0.05952566,-0.06199259,0.09433821,-0.061984033,0.027930334,0.19955498
ts_gsr,13,DMT,5,0.00021606189,0.0012631523,0.0010821487,0.003071373,-0.041761868,0.011335605,-0.030426263,-0.031176835,0.10594763,-0.031079923,0.030949245,0.21652153
ts_gsr,13,DMT,6,0.00072895284,0.0018206741,0.0016252398,0.0055874248,-0.041656693,0.0048251073,-0.036831586,-0.037653193,0.1178042,-0.036888528,0.026620302,0.1951469
ts_gsr,13,DMT,7,-0.00090807597,-0.00024892829,0.0026850373,0.010488406,-0.041116955,0.0012321148,-0.03988484,-0.040665884,0.12611628,-0.040148009,0.029633977,0.18535929
ts_gsr,13,DMT,8,0.0021386147,0.0044848808,0.0066445316,0.027121137,-0.031686299,-0.0033078668,-0.034994166,-0.0364984,0.11166562,-0.036051706,0.028536844,0.15858382
ts_gsr,13,DMT,9,9.4740922e-05,0.00020163005,0.0050876548,0.020812321,-0.033196368,0.0002304977,-0.03296587,-0.034418256,0.11644899,-0.033703338,0.030014958,0.16083588
ts_gsr,13,DMT,10,0.0009507222,0.00091606556,0.0054164385,0.021888346,-0.035536219,-0.00035142368,-0.035887642,-0.037270495,0.11923081,-0.036322968,0.029393155,0.16584123
ts_gsr,13,DMT,11,0.0014713797,0.0027297081,0.0069090629,0.024407003,-0.034637058,-0.012618934,-0.047255992,-0.049162665,0.10609897,-0.048759927,0.025578003,0.18963441
ts_gsr,13,DMT,12,0.0019771067,0.0019962298,0.0052972664,0.017506491,-0.039685237,-0.0041012121,-0.043786449,-0.045109833,0.11827342,-0.044945795,0.029124434,0.18619437
ts_gsr,13,DMT,13,0.0003708661,0.0004222477,0.0055303139,0.021147342,-0.036489787,-0.0043372953,-0.040827083,-0.042796292,0.11496146,-0.042470057,0.028562871,0.18056214
ts_gsr,13,DMT,14,0.00019762444,0.0018072284,0.0073723192,0.021451564,-0.036872699,-0.015756257,-0.052628956,-0.054627042,0.09812515,-0.055042712,0.02711704,0.20856766
ts_gsr,13,PCB,1,0.00084631138,0.00061246296,0.0053183203,0.020238949,-0.036910814,-0.0068747376,-0.043785551,-0.044840131,0.10765088,-0.045073741,0.029569023,0.18696849
ts_gsr,13,PCB,2,0.0029821341,0.0030196426,0.0061949256,0.020196636,-0.031198319,-0.0083458426,-0.039544162,-0.040491518,0.094368646,-0.04026748,0.028315663,0.19992312
ts_gsr,13,PCB,3,0.0028488014,0.0067633592,0.012463124,0.037092037,-0.042504328,-0.035926831,-0.078431158,-0.082576438,0.10677508,-0.082811401,0.031686973,0.20811535
ts_gsr,13,PCB,4,0.0019278102,0.00318867,0.0046960858,0.016197625,-0.034673769,-0.0080358029,-0.042709572,-0.044218964,0.1020003,-0.043810588,0.027712009,0.19711701
ts_gsr,13,PCB,5,-0.00071080776,-0.00090787991,0.0022433819,0.0085957312,-0.034150278,0.0059970004,-0.028153278,-0.02876385,0.11467133,-0.028200851,0.029113551,0.17317899
ts_gsr,13,PCB,6,-0.0015864762,0.00058804565,0.0048574991,0.015866909,-0.039833283,-0.0027365955,-0.042569878,-0.043640631,0.11621658,-0.042277778,0.027165329,0.18802382
ts_gsr,13,PCB,7,-0.0013668599,-0.0013620356,0.0031786428,0.013123705,-0.044668541,0.00037809681,-0.044290444,-0.045635495,0.12619647,-0.044191208,0.026098247,0.19098894
ts_gsr,13,PCB,8,0.0015768649,0.0026857532,0.0049888768,0.015743873,-0.036925495,-0.0046690964,-0.041594591,-0.043241377,0.10899167,-0.0424114,0.027469322,0.19759263
ts_gsr,13,PCB,9,0.00046107173,0.0035234773,0.0070332502,0.020719875,-0.041218687,-0.014536436,-0.055755122,-0.057410077,0.10695015,-0.057708236,0.033787604,0.20396863
ts_gsr,13,PCB,10,-0.0015161794,-0.0010428102,0.0038765095,0.012271772,-0.055706967,-0.0027968483,-0.058503815,-0.06014197,0.14322143,-0.05949751,0.026467331,0.19769181
ts_gsr,13,PCB,11,0.0017998548,0.0018066723,0.0049186663,0.014957431,-0.055862246,-0.012166379,-0.068028625,-0.069455526,0.12272452,-0.068341224,0.031784682,0.20960639
ts_gsr,13,PCB,12,0.0051327872,0.0066182623,0.007256325,0.02397826,-0.037170263,-0.014531078,-0.051701341,-0.054512067,0.10227832,-0.054073618,0.024378923,0.20167726
ts_gsr,13,PCB,13,0.0029350746,0.0062400457,0.011218841,0.034779242,-0.038156518,-0.035325184,-0.073481703,-0.076461355,0.096314376,-0.075093315,0.03087617,0.20298619
ts_gsr,13,PCB,14,0.0033446559,0.0048156908,0.0002930074,0.001740897,-0.065964047,0.0096380551,-0.056325992,-0.055579925,0.13262634,-0.055700098,0.024751509,0.227375
ts_gsr,14,DMT,1,0.00070665437,0.00027618146,0.001684077,0.0066110322,-0.038744356,0.005382837,-0.033361519,-0.033947914,0.12030537,-0.033694703,0.030090477,0.18094132
ts_gsr,14,DMT,2,0.00070688577,0.0023888963,0.004789723,0.015747056,-0.044228036,-0.0062641442,-0.050492181,-0.052744135,0.12424413,-0.052065799,0.030746096,0.20468394
ts_gsr,14,DMT,3,-1.2667788e-05,-8.7970775e-06,-0.0012763096,-0.0043527906,-0.036849615,0.014458452,-0.022391164,-0.022943471,0.12882706,-0.022607732,0.026494658,0.18004523
ts_gsr,14,DMT,4,-0.00020028321,5.7861968e-06,-0.002778752,-0.0082756804,-0.045782285,0.020040147,-0.025742138,-0.02542606,0.13751044,-0.024508109,0.037156538,0.19438832
ts_gsr,14,DMT,5,0.0051563986,0.0047023799,0.013577362,0.036978676,-0.042266222,-0.033570393,-0.075836615,-0.080161656,0.11234708,-0.077205719,0.030418169,0.20770182
ts_gsr,14,DMT,6,0.0034219432,0.0068167507,0.0066936954,0.024943609,-0.036544875,-0.0039270503,-0.040471925,-0.042299535,0.11806724,-0.04193318,0.030175936,0.17092085
ts_gsr,14,DMT,7,0.0007852731,0.0023783596,0.0028618586,0.010306379,-0.043252085,0.0051169753,-0.03813511,-0.039748012,0.1316494,-0.039554619,0.026966683,0.17749395
ts_gsr,14,DMT,8,0.0023626124,0.0057580537,0.0093416938,0.030323344,-0.041256097,-0.015986484,-0.057242581,-0.060634124,0.11970536,-0.060426876,0.029124331,0.19159937
ts_gsr,14,DMT,9,-0.00055298038,0.00021509857,0.0018110332,0.0069411913,-0.038605117,0.0056160682,-0.032989048,-0.033715024,0.12767399,-0.033677845,0.029121368,0.17270794
ts_gsr,14,DMT,10,0.0013490903,0.0029199796,0.0057759285,0.021718625,-0.03813918,-0.0003485727,-0.038487753,-0.040079792,0.12223393,-0.039704359,0.033458164,0.17400181
ts_gsr,14,DMT,11,0.0017692441,0.0044638446,0.0059231953,0.017963075,-0.043519028,-0.0074746919,-0.05099372,-0.052978786,0.12008173,-0.052376879,0.031025517,0.19682051
ts_gsr,14,DMT,12,0.0014350748,0.0040984207,0.0077524154,0.022737778,-0.042924205,-0.012813401,-0.055737606,-0.058302207,0.10968522,-0.058907918,0.02751472,0.20229875
ts_gsr,14,DMT,13,0.0031761082,0.0062555296,0.012442263,0.029624293,-0.05646887,-0.063268175,-0.11973704,-0.12582845,0.11120761,-0.12353365,0.024626594,0.23529364
ts_gsr,14,DMT,14,0.0015024534,0.0039421614,0.0092553298,0.026652004,-0.040006758,-0.020055135,-0.060061893,-0.062707902,0.10555118,-0.062486826,0.023840106,0.20285645
ts_gsr,14,PCB,1,0.0023624543,0.0026830819,0.0057149707,0.020871892,-0.03470148,-0.0022669753,-0.036968455,-0.038512169,0.11283856,-0.038347438,0.03015218,0.17628236
ts_gsr,14,PCB,2,0.0026253799,0.0019076791,0.0055996147,0.020121883,-0.037197759,-0.0030825689,-0.040280328,-0.041422157,0.11392766,-0.04073589,0.030913576,0.17844286
ts_gsr,14,PCB,3,0.0015213025,0.0016964974,0.0077352361,0.026724634,-0.035327202,-0.0099614026,-0.045288604,-0.047122184,0.1116596,-0.04681553,0.027754377,0.18516285
ts_gsr,14,PCB,4,-0.0024175602,-0.0013300283,0.0022569644,0.010922679,-0.035247312,0.0068727176,-0.028374595,-0.029121691,0.11924687,-0.02869091,0.030140647,0.17492025
ts_gsr,14,PCB,5,6.6381786e-06,-0.00088208976,0.00065740477,0.004771926,-0.041493744,0.010304055,-0.031189689,-0.031931329,0.1308772,-0.029406422,0.02551763,0.17200796
ts_gsr,14,PCB,6,-0.00058245981,0.00024497952,0.0020942031,0.0083598317,-0.036265217,0.0060681961,-0.030197021,-0.030722384,0.11888451,-0.029820244,0.030529334,0.17444728
ts_gsr,14,PCB,7,0.0037234818,0.0043482908,0.0055376345,0.020655489,-0.034464079,-0.0049617224,-0.039425802,-0.04062202,0.10700935,-0.038969789,0.02796318,0.18561494
ts_gsr,14,PCB,8,0.0034196546,0.0030392885,0.0050976906,0.01820636,-0.037748017,-0.0066026681,-0.044350685,-0.046308757,0.11233772,-0.045576678,0.023893991,0.18806684
ts_gsr,14,PCB,9,0.0010214485,0.0032156517,0.0053477665,0.021170876,-0.035282749,-0.0052357319,-0.040518481,-0.04190085,0.11093377,-0.041912615,0.030744806,0.17709605
ts_gsr,14,PCB,10,0.002320891,0.0029301121,0.0050933291,0.019012865,-0.03678737,-0.0039351593,-0.040722529,-0.042094563,0.11187816,-0.041059698,0.027284699,0.17987821
ts_gsr,14,PCB,11,0.00068686223,0.0020714633,0.0038150356,0.013949706,-0.032089986,0.0012743059,-0.03081568,-0.031884144,0.109833,-0.031129884,0.025297827,0.17558296
ts_gsr,14,PCB,12,-0.0010255171,0.0022561235,0.0043230498,0.01391408,-0.039978804,-0.002531668,-0.042510472,-0.043917894,0.11917392,-0.042932866,0.023878636,0.18754612
ts_gsr,14,PCB,13,0.0020167828,0.0027770874,0.0062865292,0.021120308,-0.038548839,-0.010389695,-0.048938533,-0.051090127,0.11700045,-0.050548698,0.027820373,0.19089728
ts_gsr,14,PCB,14,0.00045176092,0.0017485035,0.003963582,0.014155304,-0.038421697,-0.0020277551,-0.040449452,-0.041498161,0.11531325,-0.039504529,0.026524217,0.1834767
ts_demean,1,DMT,1,-0.012324408,-0.017608089,-0.0090699946,0.019099829,-0.049179002,0.046190046,-0.0029889562,-0.00050263894,0.13447441,7.7612772e-05,0.027103576,0.21299253
ts_demean,1,DMT,2,-0.0050879818,-0.010547398,-0.0044729222,0.021320439,-0.049152731,0.029522817,-0.019629914,-0.01768225,0.113407,-0.01723624,0.027379689,0.23798836
ts_demean,1,DMT,3,-0.0027714365,-0.0091144589,-0.00036937584,0.029819796,-0.047931879,0.0092496531,-0.038682226,-0.039336238,0.11967571,-0.03920165,0.023525104,0.22947253
ts_demean,1,DMT,4,-0.0024353835,-0.007551699,-5.7974482e-05,0.035282458,-0.076516222,-0.0058049302,-0.082321152,-0.085126676,0.13356579,-0.083340463,0.027339689,0.26206059
ts_demean,1,DMT,5,0.0015676395,0.0023748891,0.0051485332,0.019172985,-0.039066818,-0.012433087,-0.051499905,-0.053311754,0.10721189,-0.052664602,0.03520745,0.21777945
ts_demean,1,DMT,6,0.007156738,0.0088811166,0.011555595,0.030857665,-0.043222359,-0.039966388,-0.083188747,-0.087510652,0.10737025,-0.087880852,0.032164441,0.21241061
ts_demean,1,DMT,7,-0.0001185496,-0.0025694727,-0.0025902772,0.015206253,-0.041682781,0.010492376,-0.031190405,-0.030931891,0.097910433,-0.029903546,0.022782235,0.21557688
ts_demean,1,DMT,8,-0.012060133,-0.01866532,-0.018548417,0.031280224,-0.061687886,0.07280596,0.011118074,0.017072002,0.13764179,0.018877464,0.02669116,0.19521167
ts_demean,1,DMT,9,-0.0048281631,-0.010049011,-0.0078481703,0.025062341,-0.050785139,0.027199936,-0.023585203,-0.020705987,0.12479988,-0.020113259,0.032013878,0.22046171
ts_demean,1,DMT,10,0.0011209496,0.0017338601,0.0048175603,0.033834782,-0.040912559,-0.01909779,-0.060010349,-0.062191318,0.092611847,-0.061583998,0.025465207,0.20740204
ts_demean,1,DMT,11,-0.00079218271,-0.0048783558,0.0014743815,0.039750502,-0.047261866,0.0038605119,-0.043401354,-0.043864825,0.11105682,-0.042600804,0.02473143,0.21182277
ts_demean,1,DMT,12,-0.011400975,-0.018069807,-0.0071825513,0.061840424,-0.05097733,0.046228206,-0.0047491236,-0.0017327587,0.1208921,-0.0014195447,0.035130138,0.21918881
ts_demean,1,DMT,13,-0.0059992017,-0.0097107559,-0.005019709,0.020052014,-0.049671768,0.026938457,-0.022733311,-0.021077845,0.13022679,-0.021234977,0.028518124,0.20996761
ts_demean,1,DMT,14,-0.0041593594,-0.0046296602,-0.00047421979,0.026968893,-0.046500355,0.011624064,-0.034876291,-0.035232603,0.11705441,-0.035438543,0.027563271,0.21561868
ts_demean,1,PCB,1,-0.013584981,-0.0063851893,-0.0038351107,0.027835735,-0.054333474,0.031202909,-0.023130565,-0.021628793,0.13288454,-0.021273642,0.024138017,0.22307441
ts_demean,1,PCB,2,-0.012443475,-0.0061797234,-0.0066774598,0.025005671,-0.042158304,0.032803851,-0.0093544527,-0.0073952338,0.11660282,-0.0077521994,0.026371124,0.2115862
ts_demean,1,PCB,3,-0.015970858,-0.0098838907,-0.003215774,0.025709106,-0.036553804,0.024638357,-0.011915447,-0.011202585,0.11575351,-0.010865331,0.032806703,0.19750142
ts_demean,1,PCB,4,-0.0078957346,-0.002505436,0.00011332134,0.025892222,-0.038017166,0.013204131,-0.024813035,-0.025201754,0.11052655,-0.024333926,0.021995983,0.21033528
ts_demean,1,PCB,5,-0.0075539887,-0.00427927,-0.00068649796,0.033451853,-0.040972638,0.016481887,-0.024490751,-0.024388438,0.10581336,-0.024824258,0.027258305,0.21551597
ts_demean,1,PCB,6,-0.0079160155,-0.0044221226,0.0017799742,0.018961397,-0.041883981,0.0057889588,-0.036095022,-0.036409468,0.12581437,-0.035670566,0.030299637,0.19297121
ts_demean,1,PCB,7,-0.014016582,-0.0092612036,-0.0011702681,0.01490924,-0.063883848,0.020415369,-0.043468479,-0.0431285,0.1537183,-0.042487465,0.034043573,0.21784118
ts_demean,1,PCB,8,-0.014846987,-0.010753359,-0.00081270392,0.018039714,-0.044053144,0.028591504,-0.01546164,-0.014477686,0.12472994,-0.013459191,0.029164402,0.21942218
ts_demean,1,PCB,9,0.0029856401,0.004985589,0.0072875328,0.018306106,-0.050366757,-0.016107147,-0.066473904,-0.069170552,0.1160192,-0.067312574,0.025272572,0.22492022
ts_demean,1,PCB,10,-0.0076357215,-0.0037959217,-0.00092732015,0.014573975,-0.05488818,0.016197238,-0.038690942,-0.037982131,0.14376655,-0.037406632,0.027182286,0.20177496
ts_demean,1,PCB,11,-0.0056962003,-0.0036284757,0.00050012498,0.014139032,-0.040068714,0.013199978,-0.026868736,-0.026423941,0.10934683,-0.02662109,0.031055093,0.21110729
ts_demean,1,PCB,12,-0.0067621575,-0.0034094283,0.00051970251,0.025153284,-0.035477638,0.0072439434,-0.028233695,-0.028410826,0.10209545,-0.028584628,0.02814678,0.20659854
ts_demean,1,PCB,13,-0.0073956928,-0.0040874942,-0.0013490874,0.020408906,-0.047290269,0.018474348,-0.028815921,-0.028275941,0.10999856,-0.025995488,0.02654646,0.2331487
ts_demean,1,PCB,14,-0.0079685609,-0.0045010274,-0.0010952519,0.014127048,-0.050387513,0.019205924,-0.031181589,-0.029846581,0.12789911,-0.028103484,0.027913815,0.22575668
ts_demean,2,DMT,1,0.00065828735,0.0023625249,0.0071844318,0.023301329,-0.047989006,-0.016650716,-0.064639722,-0.068191999,0.11939019,-0.067007138,0.021443704,0.2055059
ts_demean,2,DMT,2,-0.003188528,-0.0042627353,-0.0014591959,0.0084574629,-0.034613443,0.014253528,-0.020359914,-0.02000722,0.10977463,-0.019149833,0.035406501,0.18080777
ts_demean,2,DMT,3,-8.2678858e-08,0.0013272947,0.0041290049,0.018371856,-0.034937902,-0.0038544291,-0.038792331,-0.039732885,0.10985199,-0.038731265,0.029508293,0.1900811
ts_demean,2,DMT,4,-0.001871575,-0.00069339309,-0.00030318486,0.013351048,-0.042188636,0.011472064,-0.030716573,-0.031120752,0.11672519,-0.030877174,0.029858582,0.20727097
ts_demean,2,DMT,5,0.00076191869,0.00089459889,0.0048048512,0.030690747,-0.040050809,-0.0043097895,-0.044360599,-0.045833765,0.11053893,-0.04535184,0.030431253,0.20473027
ts_demean,2,DMT,6,-0.0011822337,-0.0020859012,0.00089733469,0.010489569,-0.034107429,0.0091595775,-0.024947852,-0.02554497,0.12209316,-0.025188538,0.033491241,0.16827116
ts_demean,2,DMT,7,0.0024923855,0.0034438132,0.006481533,0.024141186,-0.034333033,-0.0079256295,-0.042258662,-0.044208776,0.10928098,-0.044312548,0.029022264,0.18198278
ts_demean,2,DMT,8,-0.0019779801,-0.0014045004,0.0036851291,0.021867369,-0.033969093,0.0042142421,-0.029754851,-0.030591314,0.11274067,-0.030417558,0.030414325,0.18026289
ts_demean,2,DMT,9,0.0006126219,0.001773503,0.0034045416,0.019340654,-0.041870413,0.0044229842,-0.037447429,-0.038630216,0.12499602,-0.038275392,0.029368215,0.19779532
ts_demean,2,DMT,10,-0.0003883057,0.0011805223,0.0024493835,0.019383372,-0.042908691,0.0036821107,-0.03922658,-0.040066892,0.10229639,-0.040012611,0.025220946,0.23905701
ts_demean,2,DMT,11,0.00060467691,0.00073860642,0.0062723428,0.024560428,-0.036714978,-0.0041157864,-0.040830764,-0.042467104,0.11205414,-0.041714844,0.026595226,0.18959819
ts_demean,2,DMT,12,-0.00096946642,-0.00062569822,0.0054214554,0.024372069,-0.035576968,-0.0075408737,-0.043117842,-0.044683336,0.10903492,-0.044604868,0.026545824,0.19448699
ts_demean,2,DMT,13,-0.0058266718,-0.0034007267,0.0056353058,0.027223255,-0.039040987,0.0020709292,-0.036970058,-0.038639689,0.11255515,-0.037636806,0.025809947,0.20331682
ts_demean,2,DMT,14,-0.0030341809,-0.00049903651,0.0058809745,0.029432033,-0.043679588,-0.0063763962,-0.050055985,-0.052005185,0.11796271,-0.048968255,0.027349031,0.21712001
ts_demean,2,PCB,1,0.0006762476,0.00032340475,0.0022521722,0.0059164458,-0.042806604,0.0021868085,-0.040619795,-0.041552118,0.11604297,-0.041180494,0.023844379,0.20700215
ts_demean,2,PCB,2,-0.003082018,-0.0010033611,0.0041102514,0.018043928,-0.040455584,0.00062180059,-0.039833784,-0.040733173,0.11024191,-0.040004634,0.025223831,0.20537907
ts_demean,2,PCB,3,-0.0060403897,-0.005479615,0.002705461,0.016291113,-0.042888432,0.0058372875,-0.037051144,-0.036838085,0.119537,-0.036070704,0.035575999,0.20320527
ts_demean,2,PCB,4,-0.0015066157,0.0014434718,0.0075413079,0.032027458,-0.031587726,-0.01153562,-0.043123346,-0.045147906,0.093508871,-0.045859583,0.02566933,0.21424361
ts_demean,2,PCB,5,-0.001630233,-0.00066406117,0.00041122986,0.023269259,-0.04242056,0.0075674804,-0.03485308,-0.035649524,0.11665886,-0.030093565,0.023210614,0.2035815
ts_demean,2,PCB,6,-0.0014123906,-0.001290228,0.0087296842,0.0359154,-0.043560875,-0.027995545,-0.07155642,-0.074186842,0.1070508,-0.073670297,0.033688962,0.23062655
ts_demean,2,PCB,7,-0.0016803914,-0.0022221418,0.0074569492,0.024576915,-0.057429993,-0.011724731,-0.069154724,-0.073025149,0.1380315,-0.073042931,0.025077147,0.22803866
ts_demean,2,PCB,8,-0.0004780797,0.00033192258,0.0027588674,0.015798459,-0.038222715,-0.0059605741,-0.044183289,-0.045390681,0.11038191,-0.043417976,0.030326631,0.20791787
ts_demean,2,PCB,9,0.0010646485,0.0011683404,0.0040328353,0.017553634,-0.037453193,-0.0038175312,-0.041270725,-0.042349396,0.10567528,-0.042751237,0.029906301,0.201842
ts_demean,2,PCB,10,-0.004767273,-0.0047368495,-0.0070880464,0.011157268,-0.048131468,0.040335616,-0.0077958522,-0.0059398276,0.1278734,-0.005983443,0.023203973,0.20908009
ts_demean,2,PCB,11,-0.0025765771,-0.0012848339,0.0034957677,0.026508141,-0.039683972,0.0050052076,-0.034678764,-0.035176597,0.10907534,-0.034719948,0.029746945,0.19794644
ts_demean,2,PCB,12,-0.0039299909,-0.0020963787,0.0032417361,0.021425857,-0.043060826,-0.00246085,-0.045521676,-0.04619419,0.11626865,-0.045686529,0.028747379,0.20872026
ts_demean,2,PCB,13,-0.0019099174,-0.002034878,0.0022583215,0.014490996,-0.044592821,0.007690189,-0.036902632,-0.037547742,0.12976604,-0.038000387,0.027073181,0.1978727
ts_demean,2,PCB,14,-0.0041397828,-0.0033118276,0.00020961177,0.01038976,-0.046874766,0.012636275,-0.034238491,-0.033350974,0.13001992,-0.033042945,0.026640124,0.19464172
ts_demean,3,DMT,1,0.00060319668,-0.0025459614,0.00068423433,0.029949968,-0.047037879,0.0075844216,-0.039453457,-0.040206875,0.11690861,-0.039377362,0.021920358,0.21765136
ts_demean,3,DMT,2,-0.0007981967,-0.0049505896,-0.0023534474,0.022203954,-0.040115104,0.020323097,-0.019792008,-0.018952215,0.1136204,-0.01815351,0.029630289,0.19851832
ts_demean,3,DMT,3,0.002392033,-0.0017713373,0.0051351995,0.029187946,-0.036108845,-0.0063938256,-0.042502671,-0.0437799,0.10773667,-0.042760157,0.03225591,0.1940587
ts_demean,3,DMT,4,0.0014066115,-3.5342409e-05,0.0065918578,0.030928801,-0.033306422,-0.010272425,-0.043578846,-0.044822472,0.10214831,-0.044826847,0.031588487,0.19047545
ts_demean,3,DMT,5,-0.0045849852,-0.0058035265,-0.00096564161,0.030131832,-0.045131672,0.015585619,-0.029546054,-0.030246167,0.12240659,-0.029544522,0.030030335,0.20201556
ts_demean,3,DMT,6,-0.009214237,-0.014640897,-0.01848802,-0.017147937,-0.056931874,0.063515446,0.0065835718,0.011564623,0.1594918,0.012286955,0.035578964,0.21234645
ts_demean,3,DMT,7,-0.0044834922,-0.0081423152,-0.0085732487,0.023509405,-0.057776485,0.037664711,-0.020111773,-0.017165592,0.14388678,-0.016981953,0.03124029,0.20830851
ts_demean,3,DMT,8,-0.0012333822,-0.0043881329,0.0032000263,0.023309722,-0.038590906,0.0011876875,-0.037403218,-0.038815692,0.11978582,-0.038532853,0.028429351,0.18727914
ts_demean,3,DMT,9,0.00021135649,-0.0031641904,0.0053522698,0.023052233,-0.038218269,-0.0039321136,-0.042150383,-0.043616569,0.11155667,-0.043572031,0.028063759,0.19913725
ts_demean,3,DMT,10,0.0052772817,-0.00085087191,0.0077768915,0.026177516,-0.038255797,-0.009948141,-0.048203938,-0.050530709,0.1110054,-0.050338109,0.029318975,0.20248818
ts_demean,3,DMT,11,0.00051118638,-0.00076672449,0.0038433833,0.01725541,-0.034457547,0.0037325377,-0.03072501,-0.031897057,0.11462399,-0.031515319,0.026902421,0.17948146
ts_demean,3,DMT,12,-0.00048027763,-0.00026164917,0.0042902612,0.020529355,-0.035159342,0.00019589363,-0.034963448,-0.03611197,0.11446329,-0.035289426,0.02743671,0.17742683
ts_demean,3,DMT,13,-0.0024628872,-0.0015699293,0.0036055519,0.013635195,-0.037061855,0.0023913185,-0.034670537,-0.035541317,0.1161562,-0.035680688,0.031179424,0.17997529
ts_demean,3,DMT,14,0.0018468317,0.0038922973,0.0058625806,0.017172381,-0.034404242,-0.00019951353,-0.034603756,-0.035861748,0.11096124,-0.03549368,0.027846389,0.17864154
ts_demean,3,PCB,1,-0.0038165839,-0.0069891992,-0.0033759316,-0.0085958978,-0.049876863,0.026837636,-0.023039227,-0.021508106,0.1305029,-0.020724756,0.029421641,0.21340636
ts_demean,3,PCB,2,-0.0033366315,0.0014947409,0.0040444724,0.014826706,-0.048199464,0.0022182542,-0.04598121,-0.046804073,0.1303792,-0.048211362,0.026764126,0.21153509
ts_demean,3,PCB,3,-0.0014897575,0.0043204531,0.0065034666,0.023599207,-0.035326956,-0.018858054,-0.05418501,-0.056173635,0.092269914,-0.05590402,0.026048584,0.22904445
ts_demean,3,PCB,4,-0.00056905671,0.0047332009,0.0089174711,0.031380298,-0.02957427,-0.028311402,-0.057885672,-0.059802526,0.083845255,-0.05943944,0.027156034,0.2151403
ts_demean,3,PCB,5,-0.0020405137,0.0018883383,0.00071165468,0.018851002,-0.041808396,0.0099367621,-0.031871633,-0.032403287,0.11521297,-0.032450266,0.02572004,0.20543234
ts_demean,3,PCB,6,0.0038674247,0.0055488757,0.0073826705,0.026699174,-0.037488654,-0.024870338,-0.062358992,-0.064590837,0.10282891,-0.062870194,0.032143788,0.2161502
ts_demean,3,PCB,7,-0.0058311958,-0.002586702,0.0026407407,0.019667333,-0.047170356,0.0076645774,-0.039505779,-0.041427584,0.13233121,-0.040921497,0.025483918,0.19999966
ts_demean,3,PCB,8,-0.0043819056,0.0018026967,0.0035012845,0.02432467,-0.033952821,0.010256977,-0.023695844,-0.024468584,0.097566048,-0.023033448,0.027257268,0.21287182
ts_demean,3,PCB,9,0.0014391491,0.0084272806,0.010426644,0.036795297,-0.028836315,-0.02368633,-0.052522645,-0.054731562,0.085901133,-0.054256996,0.02355124,0.20484055
ts_demean,3,PCB,10,-0.0027876211,0.0024854541,0.007023338,0.02898253,-0.035604297,-0.011471205,-0.047075502,-0.049112817,0.10059491,-0.048563436,0.026945598,0.21063058
ts_demean,3,PCB,11,-0.0036713303,0.00041692531,0.0048644443,0.021326692,-0.035893887,-0.0085593982,-0.044453285,-0.045950048,0.098561496,-0.044493062,0.026863279,0.20791255
ts_demean,3,PCB,12,0.0041128576,0.0069167588,0.011266465,0.038917512,-0.034590984,-0.036970152,-0.071561136,-0.074219235,0.096957505,-0.072692079,0.031327126,0.20664687
ts_demean,3,PCB,13,-0.0016923745,0.0022788101,0.0060985786,0.018510308,-0.033489219,-0.0078499448,-0.041339164,-0.04275548,0.093978411,-0.043112156,0.026110411,0.21655073
ts_demean,3,PCB,14,0.00091699302,0.0061813368,0.0065520764,0.023692647,-0.035450141,-0.01610129,-0.051551431,-0.053391296,0.09867358,-0.052628431,0.023101441,0.21671254
ts_demean,4,DMT,1,-0.0030507635,-0.00099380461,0.0015053188,0.019132615,-0.050787436,0.0067827974,-0.044004639,-0.043381679,0.12578989,-0.042444104,0.030268493,0.20727139
ts_demean,4,DMT,2,0.0020836333,0.0035492077,0.0074080154,0.026153294,-0.036024722,-0.017777671,-0.053802393,-0.055612895,0.10009368,-0.055370197,0.029369753,0.19494299
ts_demean,4,DMT,3,-0.00028805825,0.00057414359,0.0051026215,0.020920236,-0.032021873,-0.0071617508,-0.039183624,-0.040053933,0.095634977,-0.039991065,0.032012319,0.19883906
ts_demean,4,DMT,4,-0.005151529,-0.0031568654,0.0025904634,0.037827876,-0.037144495,0.0088694964,-0.028274999,-0.028661244,0.10247634,-0.028551386,0.023347705,0.19792638
ts_demean,4,DMT,5,-0.0033945278,-0.0014695363,0.0031248266,0.025583355,-0.035929845,0.0053560919,-0.030573753,-0.030919231,0.10510958,-0.030159808,0.031420358,0.19022555
ts_demean,4,DMT,6,-0.0019611036,-5.8459035e-05,0.0011016689,0.013791694,-0.033801246,0.012083414,-0.021717832,-0.021561013,0.10669935,-0.021310197,0.02889303,0.18274509
ts_demean,4,DMT,7,-0.010861161,-0.0083868007,-0.0011630165,0.035970984,-0.035518214,0.021944706,-0.013573507,-0.013265295,0.11004814,-0.012846653,0.03724867,0.1935509
ts_demean,4,DMT,8,-0.0049843095,-0.0038040305,0.001923603,0.027984021,-0.034833911,0.0059141073,-0.028919804,-0.029500652,0.10925852,-0.031518327,0.031867978,0.18490098
ts_demean,4,DMT,9,-0.0056498122,-0.0036492792,0.0038185656,0.036486195,-0.038880729,-0.0016001015,-0.040480831,-0.041020689,0.1108359,-0.040249665,0.033593445,0.19043776
ts_demean,4,DMT,10,-0.00014389457,0.00089844139,0.0096803232,0.038791393,-0.034931322,-0.01648582,-0.051417143,-0.053390466,0.10464914,-0.053056486,0.032595824,0.18247359
ts_demean,4,DMT,11,-0.0013315404,-0.0018379706,0.0054851051,0.025981364,-0.036883642,-0.0031123055,-0.039995948,-0.041209403,0.11620626,-0.039859229,0.029419139,0.17815615
ts_demean,4,DMT,12,0.001611644,0.0011858037,0.003785411,0.032972688,-0.035544156,-0.0038417339,-0.03938589,-0.040491276,0.10641981,-0.040514603,0.031731712,0.19620332
ts_demean,4,DMT,13,-0.0038191922,-0.0021882255,0.0062280651,0.032315011,-0.035504437,-0.0016152759,-0.037119713,-0.037951666,0.10490348,-0.037337899,0.034621505,0.18687115
ts_demean,4,DMT,14,0.0011561775,0.0018231657,0.0075605564,0.02800081,-0.031572982,-0.012123802,-0.043696785,-0.045240078,0.098815495,-0.045282684,0.025096457,0.18610643
ts_demean,4,PCB,1,0.00049827289,0.0016968037,0.0049830859,0.024939572,-0.041199498,-0.014686117,-0.055885615,-0.057652671,0.093407351,-0.057407506,0.021686478,0.22552839
ts_demean,4,PCB,2,0.0018032671,0.0028370451,0.006344654,0.030104057,-0.037917837,-0.014050788,-0.051968625,-0.053498361,0.10520243,-0.052002394,0.027571254,0.20032252
ts_demean,4,PCB,3,-0.0019820323,-0.0011983475,0.0047427452,0.036580897,-0.038058069,-0.0057273383,-0.043785408,-0.045304511,0.099610072,-0.044679752,0.030752939,0.22171352
ts_demean,4,PCB,4,-0.0042731226,-0.0047849111,0.0001577665,0.03222703,-0.037576408,0.011157664,-0.026418744,-0.025886662,0.11002838,-0.026029437,0.033105948,0.19722808
ts_demean,4,PCB,5,-0.0077645324,-0.0081918132,-0.0023702106,0.035595535,-0.044838831,0.025255635,-0.019583195,-0.018267313,0.12059843,-0.01568726,0.037846039,0.19775694
ts_demean,4,PCB,6,-0.0060814585,-0.0055233619,0.0041776695,0.030843236,-0.038414491,0.005514716,-0.032899775,-0.033561371,0.11542992,-0.032228075,0.032621211,0.18652036
ts_demean,4,PCB,7,-0.0021433145,-0.0018474487,0.0071203647,0.045867843,-0.030173642,-0.001596113,-0.031769755,-0.032171071,0.093136493,-0.031588814,0.027778465,0.18843015
ts_demean,4,PCB,8,-0.00065734621,0.00083315668,0.0095774093,0.033855815,-0.033143678,-0.029476023,-0.062619701,-0.064548945,0.089451498,-0.063474472,0.027446817,0.20254157
ts_demean,4,PCB,9,0.0010062676,0.0013206356,0.0099536066,0.03931409,-0.0319448,-0.0079246848,-0.039869484,-0.042145455,0.10500359,-0.041577204,0.027887993,0.17504912
ts_demean,4,PCB,10,-0.0023734863,-0.0022012365,0.005232738,0.023026699,-0.044796755,-0.0066496696,-0.051446425,-0.052582585,0.12158268,-0.050428553,0.035856859,0.19508477
ts_demean,4,PCB,11,0.0017015683,0.0027617513,0.0079678366,0.029585674,-0.036484059,-0.020321307,-0.056805366,-0.059029076,0.096650573,-0.058761915,0.029727113,0.19993572
ts_demean,4,PCB,12,-0.0019774154,-0.0019550468,0.0031785901,0.021809714,-0.034324349,0.0007362586,-0.033588091,-0.034136286,0.10894012,-0.033455719,0.02967615,0.17890738
ts_demean,4,PCB,13,-0.0020827016,-0.0017508016,0.0043835987,0.025560276,-0.033975174,-0.0018124077,-0.035787582,-0.036481662,0.095081276,-0.035912383,0.025958251,0.19544382
ts_demean,4,PCB,14,-0.0044743637,-0.0037689967,0.0047339141,0.026433663,-0.034150591,-0.0011098735,-0.035260465,-0.036026739,0.10541641,-0.035405356,0.030463258,0.18381046
ts_demean,5,DMT,1,0.00048695696,-0.0028446751,0.0040477303,0.031985287,-0.038418178,0.0053980644,-0.033020113,-0.033701168,0.11391386,-0.034540269,0.026518075,0.18954563
ts_demean,5,DMT,2,-5.2093188e-05,0.0010269051,0.0060223647,0.026534517,-0.040335496,-0.0095739465,-0.049909443,-0.05169575,0.11226883,-0.05093904,0.030656814,0.19640212
ts_demean,5,DMT,3,-0.00015598178,1.3572878e-05,0.0055420075,0.026607616,-0.03043663,-0.0016881296,-0.03212476,-0.033066823,0.10008712,-0.033089316,0.028038865,0.18266901
ts_demean,5,DMT,4,0.0042875402,0.004952957,0.010889454,0.03521427,-0.032525599,-0.016002407,-0.048528006,-0.050866384,0.10066944,-0.048798695,0.025722343,0.18183418
ts_demean,5,DMT,5,0.0040263131,0.0063164367,0.0097828402,0.020009405,-0.047608278,-0.031396523,-0.0790048,-0.082100257,0.10927796,-0.080888909,0.028899813,0.20689825
ts_demean,5,DMT,6,-0.0040157886,-0.0075488155,-0.0036617347,0.010233893,-0.039757694,0.019563552,-0.020194142,-0.019731302,0.13057954,-0.01989934,0.036637726,0.17687084
ts_demean,5,DMT,7,0.001389654,-0.00074091148,3.0657638e-05,0.0083722321,-0.059375958,0.010118964,-0.049256993,-0.047562619,0.13220049,-0.044597561,0.03589893,0.22427701
ts_demean,5,DMT,8,-0.00016760273,-0.0032298162,0.0037171285,0.024201729,-0.033052048,0.0035717293,-0.029480319,-0.030455894,0.10741088,-0.030017376,0.028028946,0.18345426
ts_demean,5,DMT,9,-0.0020585691,-0.0031653556,0.0022798033,0.01435662,-0.033540829,0.0059151957,-0.027625634,-0.028120193,0.11161548,-0.027681769,0.034508504,0.17937937
ts_demean,5,DMT,10,-0.00076822708,-0.002199708,0.0028721378,0.023186629,-0.039117318,0.0012005651,-0.037916753,-0.038028339,0.11392472,-0.037726722,0.032033148,0.20262895
ts_demean,5,DMT,11,0.0018544823,0.0037435846,0.0099100781,0.03258963,-0.036642304,-0.027588497,-0.0642308,-0.066889362,0.098615076,-0.066477036,0.023090736,0.19708769
ts_demean,5,DMT,12,-0.0025723678,-0.00049963778,0.0071550632,0.025305011,-0.034042465,-0.0071263681,-0.041168833,-0.042472942,0.10468167,-0.042283789,0.030116945,0.18781806
ts_demean,5,DMT,13,-0.00095045008,-0.0018333595,0.0044460421,0.028853569,-0.039875439,0.0012703902,-0.038605049,-0.039726413,0.11817776,-0.039534682,0.035803441,0.19354574
ts_demean,5,DMT,14,-0.0028192579,-0.0059491245,-0.00036216373,0.02306212,-0.040963179,0.021164264,-0.019798915,-0.019068083,0.12123886,-0.018673983,0.038972144,0.18541351
ts_demean,5,PCB,1,0.00074035417,0.0014621281,0.0029681575,0.01301621,-0.037293242,0.0027704139,-0.034522828,-0.035332007,0.11083243,-0.033800501,0.02761659,0.19180945
ts_demean,5,PCB,2,-0.0014614406,0.0022013138,0.0068496329,0.020115663,-0.035539778,-0.011942743,-0.047482521,-0.048911789,0.099073449,-0.048410457,0.025626116,0.21227319
ts_demean,5,PCB,3,-0.0026293943,0.0029219184,0.010105243,0.033413206,-0.03718997,-0.036243715,-0.073433686,-0.076226954,0.091151929,-0.075726081,0.033379113,0.21705341
ts_demean,5,PCB,4,-0.0016491714,0.0045758943,0.009957275,0.036667849,-0.037916611,-0.018904168,-0.056820779,-0.059082619,0.10122505,-0.058985059,0.027522636,0.21999872
ts_demean,5,PCB,5,-0.0035235299,-0.0016028497,0.0030204716,0.026181018,-0.042498781,0.0087209336,-0.033777848,-0.035366337,0.12936339,-0.035056395,0.030142303,0.19472289
ts_demean,5,PCB,6,0.00081401486,0.00060975143,0.003827116,0.01186418,-0.040409048,0.0021495235,-0.038259525,-0.040149057,0.11368244,-0.040074145,0.024763928,0.20479433
ts_demean,5,PCB,7,0.00080995695,-0.00024761897,0.0022699956,0.015941734,-0.041274292,0.0079833346,-0.033290957,-0.033985496,0.11376543,-0.033845716,0.030670909,0.21322839
ts_demean,5,PCB,8,0.0035143368,0.0043508659,0.008350131,0.027296919,-0.037249444,-0.01377673,-0.051026174,-0.052958634,0.10210389,-0.052423871,0.025892851,0.20143141
ts_demean,5,PCB,9,-0.0014073748,-0.00031708521,0.0062870149,0.026385041,-0.037415126,-0.010410511,-0.047825637,-0.049205409,0.10704824,-0.049015125,0.032939353,0.20052999
ts_demean,5,PCB,10,-0.0031173595,-0.0024213068,0.0056248404,0.021810521,-0.037872295,-0.0047329273,-0.042605223,-0.043755787,0.10962322,-0.043435885,0.036233944,0.19783641
ts_demean,5,PCB,11,-0.00434821,-0.0036264086,0.0037150928,0.01736461,-0.03827521,0.00039729254,-0.037877917,-0.038671018,0.11336203,-0.038284833,0.032676874,0.19113481
ts_demean,5,PCB,12,0.0028161399,0.0035251459,0.0028215695,0.018979206,-0.037016579,0.0044004363,-0.032616143,-0.033349018,0.1078675,-0.033435796,0.026872183,0.20134229
ts_demean,5,PCB,13,-0.0050614552,-0.00085474085,-0.0011033404,0.022314619,-0.040244547,0.021712834,-0.018531712,-0.017979007,0.12698247,-0.017593382,0.034541081,0.18169228
ts_demean,5,PCB,14,-0.0044511365,-0.00074388191,0.0022221102,0.02839424,-0.031872229,0.012656363,-0.019215866,-0.019819318,0.10696882,-0.019343054,0.028498412,0.18866528
ts_demean,6,DMT,1,-0.00092188311,-0.0018503359,0.003086642,0.01535302,-0.041667268,0.0025604407,-0.039106827,-0.040004797,0.12112146,-0.040212674,0.028169896,0.18249806
ts_demean,6,DMT,2,0.0021028341,0.0024966236,0.010064507,0.030322208,-0.045801629,-0.030966363,-0.076767993,-0.080193148,0.10715701,-0.079907254,0.032266721,0.22323409
ts_demean,6,DMT,3,0.0013556271,-0.0025876329,0.0032078612,0.026523797,-0.045533573,0.0026007651,-0.042932807,-0.044100408,0.1251298,-0.04394801,0.032204961,0.20271291
ts_demean,6,DMT,4,0.0020744088,-0.00018950686,0.0058840006,0.030686701,-0.040301143,-0.010473344,-0.050774487,-0.052260176,0.10558004,-0.051028029,0.036008829,0.22234956
ts_demean,6,DMT,5,0.001877563,0.0037615932,0.011014392,0.040780296,-0.044405875,-0.052731816,-0.097137691,-0.10168656,0.095194028,-0.10340284,0.032257827,0.22871069
ts_demean,6,DMT,6,-6.6226323e-05,0.0023594801,0.00494145,0.037471895,-0.046125346,-0.0033036171,-0.049428963,-0.051051639,0.11707084,-0.051412023,0.03097315,0.20671908
ts_demean,6,DMT,7,-0.00068494894,0.0020734629,0.0036156477,0.015451905,-0.033822435,0.0022077281,-0.031614707,-0.032375768,0.11217353,-0.03226721,0.030568713,0.17750702
ts_demean,6,DMT,8,0.0019668892,0.0019883887,0.0080150467,0.032801916,-0.034729473,-0.01447838,-0.049207853,-0.051081105,0.10817366,-0.050670169,0.027329206,0.18209079
ts_demean,6,DMT,9,-0.00090868088,-0.0040218742,0.0028454803,0.029824783,-0.038707707,0.0076930778,-0.031014629,-0.031834026,0.11889336,-0.03068611,0.030101266,0.18330391
ts_demean,6,DMT,10,0.00085878221,0.0010876357,0.0052210228,0.025869139,-0.035195157,0.00013943567,-0.035055721,-0.035877719,0.11369306,-0.034268228,0.032666692,0.16878331
ts_demean,6,DMT,11,0.0020114299,0.0023978201,0.003732731,0.019373052,-0.045505008,0.00046335638,-0.045041651,-0.046665564,0.11506209,-0.046325681,0.023230593,0.2021182
ts_demean,6,DMT,12,0.0028445103,0.0055093593,0.0059083772,0.017610609,-0.041205634,-0.0028746507,-0.044080285,-0.045409402,0.12903068,-0.043026733,0.032883656,0.17789035
ts_demean,6,DMT,13,0.0012362545,-0.0010689802,0.00012710951,0.027702567,-0.038694305,0.011221328,-0.027472977,-0.027671122,0.11224136,-0.027873805,0.026672132,0.19390096
ts_demean,6,DMT,14,0.0019117989,-0.0011267337,0.0029686337,0.024131424,-0.040336535,0.00075829604,-0.039578239,-0.040143353,0.11406709,-0.039347371,0.02780056,0.19270989
ts_demean,6,PCB,1,-0.00500439,-0.00042614528,0.0034994748,0.019240198,-0.034978968,0.0075547379,-0.02742423,-0.028312954,0.11791681,-0.028143222,0.028546027,0.17236594
ts_demean,6,PCB,2,-0.0058064177,0.0022376925,0.0028470174,0.023034206,-0.034306902,0.0058657305,-0.028441172,-0.029006295,0.11060855,-0.028847634,0.033970687,0.18790498
ts_demean,6,PCB,3,0.00028456555,0.0048919266,0.0070958689,0.030970909,-0.031203963,-0.0046691593,-0.035873122,-0.036752974,0.10610237,-0.036763223,0.028674758,0.16596331
ts_demean,6,PCB,4,0.0017958689,0.004322657,0.0087118599,0.032578183,-0.033299042,-0.017396117,-0.050695158,-0.052502551,0.099389753,-0.052177981,0.030860928,0.20112682
ts_demean,6,PCB,5,0.00035377791,0.0022566227,0.0067716343,0.027097723,-0.035625344,-0.0083766609,-0.044002005,-0.045520951,0.10445642,-0.044726421,0.02574848,0.18444522
ts_demean,6,PCB,6,0.0017857951,0.0059986927,0.011701742,0.034311631,-0.037614143,-0.039817897,-0.07743204,-0.0810488,0.098672873,-0.080687864,0.02683478,0.21257124
ts_demean,6,PCB,7,0.00035955389,0.00082915303,-0.00045840995,-2.3123339e-05,-0.046257255,0.0085820553,-0.0376752,-0.037976236,0.11910398,-0.036907698,0.026044402,0.21599465
ts_demean,6,PCB,8,-0.00059801862,0.00036647334,0.0082821492,0.030326384,-0.037760633,-0.0083706416,-0.046131275,-0.048128435,0.11329286,-0.047869692,0.026526629,0.17939906
ts_demean,6,PCB,9,-0.0025596219,0.0032518505,0.0067539221,0.029736349,-0.040718982,-0.013487915,-0.054206897,-0.05590388,0.11536392,-0.05563456,0.031997528,0.19576395
ts_demean,6,PCB,10,-0.0020131896,0.0039385842,0.0040500857,0.017340602,-0.035251432,-0.0038331759,-0.039084608,-0.039599605,0.10523872,-0.039577326,0.034148517,0.1977176
ts_demean,6,PCB,11,-0.0014785522,0.0011476525,0.0067172483,0.027024471,-0.034053688,-0.0054157164,-0.039469405,-0.04093865,0.10979945,-0.040311567,0.030903112,0.17267138
ts_demean,6,PCB,12,-0.0013246684,0.0010847589,0.0097358898,0.038686724,-0.031704847,-0.015285845,-0.046990693,-0.048904833,0.10178079,-0.048972346,0.031710505,0.17707827
ts_demean,6,PCB,13,-0.003600786,0.00021236932,0.0027476818,0.021434219,-0.034351083,0.0069435253,-0.027407557,-0.027992213,0.1119021,-0.027234727,0.025910949,0.18183409
ts_demean,6,PCB,14,0.0022737296,0.0069289216,0.009468597,0.032431784,-0.036278723,-0.016713766,-0.052992489,-0.05514835,0.10940193,-0.054105258,0.031927845,0.18608167
ts_demean,7,DMT,1,0.0015580952,0.0031841569,0.0067289821,0.022947861,-0.033762573,-0.012638774,-0.046401348,-0.048077898,0.094777698,-0.045345655,0.027101098,0.20599129
ts_demean,7,DMT,2,0.003397811,0.0010383319,0.0076834327,0.028051347,-0.034305116,-0.032441245,-0.066746361,-0.068840717,0.092427234,-0.066193906,0.029221234,0.22262543
ts_demean,7,DMT,3,0.0029091971,-0.0015379155,0.01059023,0.029968173,-0.044648608,-0.072877563,-0.11752617,-0.12412255,0.089617936,-0.12388709,0.031633235,0.25830571
ts_demean,7,DMT,4,0.0027959245,0.0030834661,0.0095747977,0.030265562,-0.039071295,-0.035041187,-0.074112482,-0.076761116,0.098067902,-0.076545745,0.029150127,0.22539469
ts_demean,7,DMT,5,0.002470001,0.0051539912,0.0064253732,0.012926271,-0.045371963,-0.025939193,-0.071311156,-0.073340601,0.096443285,-0.072460597,0.032598337,0.22162719
ts_demean,7,DMT,6,0.0050548499,0.0080116855,0.0069125242,0.0084571173,-0.037946824,-0.012845995,-0.050792819,-0.052893715,0.11123969,-0.052254466,0.030570364,0.19324329
ts_demean,7,DMT,7,0.0038783411,0.0062772729,0.0069387428,0.028491866,-0.037558869,-0.010046887,-0.047605756,-0.049118878,0.10660215,-0.046882622,0.031678636,0.18694848
ts_demean,7,DMT,8,0.00034122656,-0.0011341334,0.0037347537,0.025193296,-0.045681796,-0.0031385146,-0.048820311,-0.050376542,0.11615029,-0.049878338,0.031209607,0.22494749
ts_demean,7,DMT,9,0.0015683589,-0.00059498454,-0.002699969,0.02647211,-0.041291868,0.015174571,-0.026117297,-0.02594852,0.095365657,-0.025726784,0.023257376,0.22432401
ts_demean,7,DMT,10,0.0028426881,-0.0026216438,0.0015480889,0.022431541,-0.040229389,0.011175022,-0.029054367,-0.028788572,0.1137247,-0.028708131,0.028626679,0.21949541
ts_demean,7,DMT,11,0.0020282376,0.00026841252,0.0032212445,0.028113656,-0.041408627,-0.0048271071,-0.046235734,-0.047940946,0.11105421,-0.047486178,0.026047332,0.2053251
ts_demean,7,DMT,12,0.0009743168,0.0060165091,0.0090458428,0.030401724,-0.053285206,-0.051819765,-0.10510497,-0.11026384,0.1030411,-0.10966803,0.030660882,0.22409842
ts_demean,7,DMT,13,-0.00085747107,-0.009279514,-0.0039237014,0.024620442,-0.040281647,0.026963373,-0.013318275,-0.012657591,0.12444584,-0.012012138,0.031500571,0.19528774
ts_demean,7,DMT,14,0.00088653263,-0.0058507788,-0.001237591,0.036000843,-0.040474579,0.014678134,-0.025796445,-0.026460713,0.10914022,-0.026938838,0.030027671,0.21105344
ts_demean,7,PCB,1,-0.0027983388,-0.0021178734,-0.00042733577,0.0061206989,-0.043868609,0.017564798,-0.026303811,-0.026616554,0.11635367,-0.026660047,0.025692569,0.22056445
ts_demean,7,PCB,2,-0.0025062279,-0.0019802994,0.0050214374,0.014742988,-0.040317808,-0.0090021039,-0.049319911,-0.050740804,0.10246938,-0.052367276,0.025087234,0.21902228
ts_demean,7,PCB,3,0.002337793,0.0026890386,0.0055398767,0.014458846,-0.043101487,-0.016745319,-0.059846806,-0.061782143,0.10717105,-0.06145516,0.022790314,0.2236304
ts_demean,7,PCB,4,-0.0090000469,-0.0026142722,-0.00019425963,0.017944774,-0.038000907,0.014038242,-0.023962665,-0.024085518,0.10906105,-0.023799523,0.030541366,0.2134503
ts_demean,7,PCB,5,-0.0048593112,-0.00230215,-0.00084667861,0.0083230925,-0.050331068,0.010892161,-0.039438907,-0.039118545,0.12857842,-0.037775529,0.024911444,0.21258396
ts_demean,7,PCB,6,-0.0041935066,-0.0045245974,-0.00083373834,-0.00074024005,-0.045229567,0.017089692,-0.028139876,-0.027906776,0.12769206,-0.027676528,0.029154557,0.21060282
ts_demean,7,PCB,7,-0.0066273354,-0.0023600034,0.0035126552,0.019354075,-0.04184304,0.0021980829,-0.039644957,-0.040041274,0.11276212,-0.04023559,0.028447842,0.20785164
ts_demean,7,PCB,8,-0.0026751081,-0.0024229649,4.0389858e-05,0.001414311,-0.057960523,0.016071495,-0.041889029,-0.041222141,0.13970705,-0.040878221,0.028828067,0.22201546
ts_demean,7,PCB,9,-0.0095475083,-0.0040498683,-0.0015981941,0.0034587983,-0.04932715,0.022277443,-0.027049707,-0.026275994,0.13237357,-0.025317968,0.029816886,0.21305848
ts_demean,7,PCB,10,-0.0019142524,0.0033536278,0.0060873564,0.019408432,-0.037805308,-0.015767673,-0.05357298,-0.054338988,0.090400309,-0.054615983,0.028354551,0.23068151
ts_demean,7,PCB,11,0.0018243562,0.0012861269,0.0031543026,0.010163362,-0.038771112,-0.00072534421,-0.039496457,-0.041090059,0.11056656,-0.04131919,0.027995881,0.20847021
ts_demean,7,PCB,12,-0.0014784732,0.0019538551,0.0035789331,0.016224501,-0.043810824,0.002657796,-0.041153028,-0.042646081,0.1300682,-0.042962597,0.027784368,0.18965744
ts_demean,7,PCB,13,-0.010563389,-0.0021756196,-0.0038871597,0.03150858,-0.04591114,0.029839647,-0.016071492,-0.014325423,0.12447926,-0.012803259,0.029645689,0.20567487
ts_demean,7,PCB,14,-0.0070799126,-0.0016930832,0.00071654464,0.011787222,-0.051531134,0.0090714639,-0.04245967,-0.042936135,0.12989671,-0.042741354,0.026645692,0.22198882
ts_demean,8,DMT,1,-0.0032563689,-0.0048307287,-0.00065591208,0.016575057,-0.039809195,0.015785614,-0.024023582,-0.023989754,0.12001356,-0.023989035,0.023997275,0.18781008
ts_demean,8,DMT,2,-0.0057471545,-0.0093733413,0.0014723903,0.040073641,-0.038609535,0.017010041,-0.021599494,-0.021536454,0.11035514,-0.021269184,0.027374258,0.20433437
ts_demean,8,DMT,3,0.0018399935,0.0022699707,0.0077444379,0.032944736,-0.035412639,-0.027226553,-0.062639193,-0.06481137,0.095088512,-0.063135451,0.027066945,0.22630946
ts_demean,8,DMT,4,0.0022391494,0.0027510102,0.0095272038,0.026672848,-0.046272351,-0.04302551,-0.089297861,-0.093915159,0.09969543,-0.093275733,0.020743211,0.23085839
ts_demean,8,DMT,5,0.0058277839,0.0075313619,0.0094583637,0.021453874,-0.044851812,-0.031191331,-0.076043143,-0.079858224,0.10536537,-0.079861482,0.0283357,0.21820057
ts_demean,8,DMT,6,0.004090334,0.0055916024,0.0052513185,0.0063010016,-0.03548673,-0.0050571687,-0.040543899,-0.042337812,0.10569381,-0.041707182,0.023640922,0.19259012
ts_demean,8,DMT,7,-0.0052124625,-0.0079948248,0.0013721752,0.025927188,-0.03323655,0.012200747,-0.021035803,-0.021316318,0.11115211,-0.020738679,0.03218588,0.17768333
ts_demean,8,DMT,8,-0.0086176376,-0.01288064,-0.013012852,0.00014544124,-0.056589215,0.050255129,-0.0063340862,-0.0034633807,0.15413357,-0.0032069942,0.025673035,0.20651978
ts_demean,8,DMT,9,-0.000165911,-0.0008380751,-0.00029226063,0.020868883,-0.054157903,0.0034878341,-0.050670069,-0.05348295,0.1158731,-0.053999899,0.025681984,0.23827574
ts_demean,8,DMT,10,-0.00605694,-0.0068689636,-0.0030839647,0.0097133948,-0.049250669,0.021868836,-0.027381833,-0.026549794,0.14379171,-0.026607168,0.033842312,0.19503162
ts_demean,8,DMT,11,-0.010786212,-0.011409518,-0.0055987274,0.017790116,-0.032582897,0.034197157,0.0016142606,0.0027265487,0.10849562,0.0036618297,0.036671146,0.19708915
ts_demean,8,DMT,12,-0.00046793097,-0.0013752325,0.0043449986,0.024066225,-0.03082549,-0.003933813,-0.034759303,-0.035696975,0.094422895,-0.034775328,0.026340613,0.19878824
ts_demean,8,DMT,13,-0.0067821342,-0.0083746401,0.00094675853,0.026445878,-0.033845969,0.016517747,-0.017328222,-0.017042338,0.1009616,-0.016365284,0.034290036,0.19407164
ts_demean,8,DMT,14,-0.001127641,-0.00068029914,0.0063880982,0.025530415,-0.03908669,-0.0045572957,-0.043643986,-0.045330824,0.11149695,-0.045003527,0.030718577,0.19398587
ts_demean,8,PCB,1,-0.009183221,-0.009188546,-0.0036842689,0.024036015,-0.048996103,0.031183985,-0.017812118,-0.014981993,0.12962498,-0.014881188,0.040288992,0.20559638
ts_demean,8,PCB,2,0.0029098576,0.0042836013,0.0051932183,0.013495767,-0.04168968,-0.008384146,-0.050073826,-0.05138963,0.10860729,-0.051691666,0.028763797,0.22556451
ts_demean,8,PCB,3,-0.0018452536,-0.0011737718,0.0040332827,0.019650932,-0.041353036,0.0032937861,-0.03805925,-0.039258885,0.12331694,-0.037068894,0.029149915,0.19598096
ts_demean,8,PCB,4,-0.00195301,4.5329569e-05,0.0038263824,0.028157573,-0.046826742,-0.023954866,-0.070781608,-0.073899608,0.097349183,-0.072613968,0.025320579,0.24237403
ts_demean,8,PCB,5,-0.0066692804,-0.0057459497,-0.00012586118,0.0099339878,-0.037744185,0.017142572,-0.020601613,-0.020062509,0.11372975,-0.01983159,0.030260279,0.19610014
ts_demean,8,PCB,6,-0.0058715668,-0.0028149088,0.0033287992,0.024643447,-0.053289404,0.0052397448,-0.048049659,-0.048290939,0.12061476,-0.048712541,0.025625588,0.23508873
ts_demean,8,PCB,7,-0.010199739,-0.0043428734,-0.0030018045,0.028245563,-0.06079496,0.021634322,-0.039160638,-0.037750385,0.12174859,-0.037281915,0.035696225,0.250957
ts_demean,8,PCB,8,-0.0047575462,-0.00097693833,0.0093347562,0.035146923,-0.041642632,-0.023693014,-0.065335647,-0.067963758,0.10418747,-0.066600295,0.026215841,0.21723424
ts_demean,8,PCB,9,0.00045047522,0.0021256777,0.0073187032,0.02676129,-0.036142554,-0.018470401,-0.054612955,-0.056680615,0.099961658,-0.05412828,0.020995874,0.20024723
ts_demean,8,PCB,10,-0.0056800742,-0.00063023317,0.0063872235,0.035102642,-0.038018982,-0.029948126,-0.067967109,-0.070204661,0.081753714,-0.069850068,0.026018967,0.22783234
ts_demean,8,PCB,11,-0.014032143,-0.0066790098,-0.00038646272,0.045313254,-0.040601761,0.022139623,-0.018462138,-0.01714344,0.1026166,-0.017115884,0.034649506,0.22379134
ts_demean,8,PCB,12,-0.0051622585,0.00058137076,0.0066800491,0.035040408,-0.035329374,-0.012851747,-0.048181121,-0.049335912,0.091295467,-0.048809361,0.02764478,0.20893931
ts_demean,8,PCB,13,-0.0021835932,0.0019706738,0.0091543146,0.034411355,-0.03782042,-0.024077296,-0.061897716,-0.064301351,0.095751879,-0.063122116,0.025530287,0.20946678
ts_demean,8,PCB,14,-0.00027567491,0.00094646278,0.0037684426,0.022684911,-0.046574142,-0.012698242,-0.059272384,-0.060098416,0.10585549,-0.059008198,0.02631376,0.22153238
ts_demean,9,DMT,1,-0.002964575,-0.0032634483,0.00065057453,0.028857457,-0.050654836,-0.00037994581,-0.051034782,-0.05206497,0.10670077,-0.05251128,0.022944295,0.23110952
ts_demean,9,DMT,2,-0.002465316,-0.0037901006,0.0026434407,0.033155812,-0.043807728,-0.0013970792,-0.045204807,-0.044891817,0.099712313,-0.044183313,0.026087555,0.23474352
ts_demean,9,DMT,3,-0.013211464,-0.016542757,-0.010887139,0.04358437,-0.059617734,0.059401671,-0.0002160637,0.0050201878,0.12088285,0.0052794628,0.02334283,0.23059721
ts_demean,9,DMT,4,-0.0087613053,-0.012423874,0.0085238869,0.039222179,-0.035591434,-0.014399168,-0.049990602,-0.052116415,0.093648228,-0.052399243,0.030228906,0.220193
ts_demean,9,DMT,5,-0.0050911169,-0.0058437931,-0.00091582616,0.029584626,-0.055196835,0.011759265,-0.04343757,-0.043402445,0.10694047,-0.040915782,0.022197937,0.25014412
ts_demean,9,DMT,6,0.0032820203,0.0025707541,0.0023553276,-0.0051521643,-0.065551237,-0.0026671755,-0.068218412,-0.069792372,0.095905186,-0.069607904,0.025545527,0.19512539
ts_demean,9,DMT,7,-0.0030401811,-0.0037326473,-9.8110998e-05,0.019643417,-0.041167976,0.011763858,-0.029404118,-0.029139429,0.095776568,-0.028583231,0.028640494,0.22390721
ts_demean,9,DMT,8,-0.0040643669,-0.0042316683,-0.0022715813,0.034249321,-0.059964403,0.0098930002,-0.050071403,-0.050060482,0.11623047,-0.049421266,0.0224689,0.21316752
ts_demean,9,DMT,9,0.0048921343,0.0051184021,0.0054488368,0.0037276686,-0.052720493,-0.013097481,-0.065817974,-0.067944238,0.10118921,-0.066749501,0.02824368,0.21205591
ts_demean,9,DMT,10,0.010309844,0.011403763,0.011396238,0.003575035,-0.054647764,-0.058722546,-0.11337031,-0.11912362,0.097043843,-0.11910663,0.02162929,0.21184445
ts_demean,9,DMT,11,-0.0027030528,-0.0033063272,-0.002778112,0.030750105,-0.077742046,0.010262446,-0.0674796,-0.067786563,0.10706347,-0.06789585,0.022542354,0.21223131
ts_demean,9,DMT,12,-0.012555994,-0.01370447,-0.012684277,0.026319232,-0.06845009,0.056863505,-0.011586585,-0.0053985199,0.12436699,-0.0042682748,0.02868712,0.21417394
ts_demean,9,DMT,13,-0.013175614,-0.01592785,-0.015895348,0.021596641,-0.084916759,0.11543253,0.030515771,0.039168205,0.14267064,0.040867244,0.028617224,0.19161813
ts_demean,9,DMT,14,0.0025988389,0.0031105222,0.0033251594,0.012302519,-0.059326717,-0.027937274,-0.087263991,-0.089493676,0.094493256,-0.088995818,0.024511696,0.21135379
ts_demean,9,PCB,1,-0.017401502,-0.013566107,-0.0038005838,0.027781412,-0.036765948,0.040271007,0.0035050587,0.0048875926,0.10689816,0.0048129785,0.029122656,0.19689525
ts_demean,9,PCB,2,-0.0071229319,-0.0055750889,-0.0022095904,0.019802682,-0.03448844,0.018178081,-0.016310358,-0.015985474,0.09868424,-0.015356394,0.025423954,0.20553908
ts_demean,9,PCB,3,-0.020021122,-0.016371162,-0.0067037516,0.035578819,-0.042059714,0.041349152,-0.000710562,0.0017178761,0.11585947,0.0023548081,0.029251876,0.20483606
ts_demean,9,PCB,4,-0.022243679,-0.017843561,-0.0056179723,0.052288876,-0.058826541,0.04841529,-0.010411251,-0.0077333596,0.13452196,-0.0076554788,0.026563528,0.23048071
ts_demean,9,PCB,5,0.0099411916,0.0089603754,0.0099135918,0.0064423176,-0.061085364,-0.084522164,-0.14560753,-0.15147902,0.081104239,-0.15001369,0.020040441,0.18219236
ts_demean,9,PCB,6,-0.040351343,-0.034383583,-0.024296765,0.047520235,-0.046330733,0.10107677,0.054746032,0.06063443,0.1291799,0.060535598,0.033308116,0.21351369
ts_demean,9,PCB,7,0.0068886775,0.0072647128,0.010635374,0.030961818,-0.037387975,-0.029653687,-0.067041662,-0.070411357,0.10032759,-0.06965856,0.024714376,0.20342111
ts_demean,9,PCB,8,-0.0010066494,0.00018089005,0.0021895208,0.022953517,-0.041334194,-0.0027306902,-0.044064884,-0.044651097,0.10237825,-0.045517165,0.026930351,0.2099796
ts_demean,9,PCB,9,-0.0044811089,-0.0020946021,0.0057502702,0.040866686,-0.049302814,-0.040860676,-0.09016349,-0.092930214,0.094477003,-0.091504748,0.026618105,0.24541715
ts_demean,9,PCB,10,-0.0062884822,-0.0041911954,0.00022470893,0.04196235,-0.041065028,0.001787757,-0.039277271,-0.039511928,0.090041348,-0.038525193,0.026591445,0.22803542
ts_demean,9,PCB,11,-0.0092189524,-0.0075008449,-0.0025275077,0.022745104,-0.048077216,0.023203866,-0.02487335,-0.024710867,0.12107869,-0.024166255,0.027676068,0.21816565
ts_demean,9,PCB,12,-0.0035038369,-0.0043549252,0.0014920456,0.017415975,-0.046705736,0.0033629836,-0.043342753,-0.044768117,0.1321969,-0.044377096,0.025450473,0.19874446
ts_demean,9,PCB,13,-0.0065305691,-0.0050375437,0.0036583823,0.025005208,-0.045437426,-0.0058868577,-0.051324283,-0.051476268,0.11377878,-0.05046406,0.028364781,0.21663479
ts_demean,9,PCB,14,-0.0070770568,-0.0050911974,0.0049219619,0.031093911,-0.041509204,-0.0074044822,-0.048913686,-0.050199257,0.10802744,-0.048618026,0.024715457,0.20631114
ts_demean,10,DMT,1,-0.0070116319,-0.0062218834,0.00116755,0.023224163,-0.051076674,0.0050280284,-0.046048645,-0.045664333,0.11890423,-0.045289579,0.027930965,0.22455953
ts_demean,10,DMT,2,-0.012217916,-0.0098901804,0.0021748541,0.03336618,-0.038640998,0.012879825,-0.025761173,-0.026375707,0.10782375,-0.02696069,0.030999613,0.21743354
ts_demean,10,DMT,3,0.00051545231,0.00029453577,0.0036818053,0.012678293,-0.045131139,-0.0039645808,-0.04909572,-0.05081792,0.11372719,-0.048079727,0.028589658,0.21062055
ts_demean,10,DMT,4,-0.0088748377,-0.0080808,0.00046031159,0.034538789,-0.042223811,0.015184023,-0.027039788,-0.026492503,0.106054,-0.025730356,0.028044747,0.21185747
ts_demean,10,DMT,5,0.001782428,0.0019444782,0.0050751267,0.0094224865,-0.05758023,-0.011275161,-0.068855391,-0.072675641,0.1103556,-0.072451133,0.020131239,0.22924954
ts_demean,10,DMT,6,-0.00048975203,0.00031823639,0.0013455543,0.023049051,-0.041433125,0.0032741276,-0.038158998,-0.038523727,0.11322839,-0.038364245,0.035000809,0.20044222
ts_demean,10,DMT,7,-0.011005237,-0.010583993,-0.0039085551,0.0057303955,-0.058735546,0.024122178,-0.034613368,-0.034024308,0.15544413,-0.031907441,0.025351467,0.20510615
ts_demean,10,DMT,8,-0.013033806,-0.011619719,-0.0024013858,0.018976255,-0.054186119,0.019589546,-0.034596573,-0.035018118,0.14905471,-0.033725776,0.031494737,0.21338366
ts_demean,10,DMT,9,-0.00703692,-0.0059848525,0.0010513889,0.030933399,-0.044435063,0.012852177,-0.031582886,-0.032100464,0.11700231,-0.032080932,0.032285094,0.21422151
ts_demean,10,DMT,10,-0.014567011,-0.01287503,-0.0066085483,0.033770523,-0.045289598,0.036030969,-0.0092586284,-0.0072685148,0.12297165,-0.0070564516,0.029873857,0.21108706
ts_demean,10,DMT,11,-0.021704395,-0.020430903,-0.019062329,0.0074184165,-0.046693333,0.099586316,0.052892983,0.05943349,0.11735026,0.059121741,0.034138472,0.23055603
ts_demean,10,DMT,12,-0.011988623,-0.0090912089,0.00092162305,0.047394849,-0.038611055,0.0175486,-0.021062455,-0.021449062,0.099602601,-0.020508862,0.027226598,0.222918
ts_demean,10,DMT,13,-0.011982802,-0.0097763452,-0.0090160815,0.041271347,-0.061337766,0.050924961,-0.010412805,-0.0063931332,0.13011761,-0.0051999495,0.022928906,0.22549953
ts_demean,10,DMT,14,-0.0095587954,-0.0068902761,-0.0040852261,0.035068905,-0.048895847,0.025962604,-0.022933243,-0.021418838,0.098385643,-0.020959769,0.02165699,0.2458845
ts_demean,10,PCB,1,-0.015628506,-0.014532549,-0.015290377,0.016776979,-0.051132857,0.065667205,0.014534348,0.019956321,0.12579346,0.020050577,0.032023857,0.22453117
ts_demean,10,PCB,2,-0.014507188,-0.013544395,-0.0068164257,0.006779316,-0.041022411,0.043483758,0.0024613472,0.0049787082,0.12020424,0.004915074,0.03817269,0.23079754
ts_demean,10,PCB,3,-0.0067439908,-0.007405857,0.0020136253,0.028946726,-0.053686947,-0.0048249552,-0.058511902,-0.059179046,0.11899077,-0.058628343,0.031138708,0.23230065
ts_demean,10,PCB,4,-0.0070474689,-0.0060232695,-0.004545378,0.011140113,-0.039122265,0.027889193,-0.011233071,-0.0098401964,0.11247647,-0.0094517118,0.027878199,0.21378169
ts_demean,10,PCB,5,-0.0091947086,-0.010361835,-0.0075312783,0.017114709,-0.057762202,0.036294763,-0.021467439,-0.01918269,0.13660494,-0.019228504,0.032933801,0.22125467
ts_demean,10,PCB,6,-0.012357221,-0.013021514,-0.0060341538,0.018104862,-0.039809834,0.0356108,-0.0041990343,-0.0022215221,0.10963997,-0.00070676089,0.034676118,0.22078969
ts_demean,10,PCB,7,-0.013326941,-0.012548584,-0.010988005,0.020550708,-0.044505696,0.050383586,0.0058778903,0.0092903913,0.10558694,0.0099009287,0.033887448,0.21562712
ts_demean,10,PCB,8,-0.0040998191,-0.0034469372,-0.0012194996,0.018847987,-0.046566949,0.013513882,-0.033053067,-0.032676324,0.10298355,-0.031466652,0.023610591,0.21862706
ts_demean,10,PCB,9,-0.00064339526,-0.0012554703,0.0020867462,0.020261931,-0.043025212,0.0027336598,-0.040291552,-0.040931415,0.10827551,-0.040766978,0.024555147,0.21187338
ts_demean,10,PCB,10,-0.011429163,-0.012888868,-0.007916608,-0.00044510136,-0.033506854,0.039711792,0.0062049374,0.0080803801,0.10443569,0.0084068087,0.035211805,0.21463687
ts_demean,10,PCB,11,-0.0011911852,-0.0018303995,0.0039252877,0.025947044,-0.043112147,-0.0015456153,-0.044657762,-0.045632966,0.11013048,-0.045426944,0.025842906,0.21337237
ts_demean,10,PCB,12,-0.011667682,-0.010880948,-0.0028643953,0.037714205,-0.036521538,0.029407701,-0.0071138363,-0.0065886904,0.10594303,-0.0060581175,0.031721783,0.19900989
ts_demean,10,PCB,13,-0.014913843,-0.016164369,-0.0064360057,0.029080742,-0.042594077,0.03989448,-0.0026995969,-0.0004719884,0.12070272,-0.0003572491,0.035961829,0.20592833
ts_demean,10,PCB,14,-0.0071679967,-0.0058641436,-0.0010241787,0.034570543,-0.038597614,0.014318732,-0.024278882,-0.022390849,0.093586162,-0.022076214,0.023852185,0.22476327
ts_demean,11,DMT,1,-0.0014881026,-0.0019564906,0.00077392669,0.014390427,-0.039275666,0.0088156423,-0.030460024,-0.030588125,0.11601228,-0.029877764,0.03161308,0.19102864
ts_demean,11,DMT,2,-2.9756081e-05,0.00022653844,0.0052506348,0.019504949,-0.036901014,-0.002219911,-0.039120925,-0.040465219,0.11571036,-0.040327384,0.027218213,0.18113902
ts_demean,11,DMT,3,-0.00034458734,-0.0016177192,0.0018291564,0.0073216337,-0.036170252,0.0090052682,-0.027164983,-0.028018558,0.11907037,-0.027495558,0.024451863,0.17969284
ts_demean,11,DMT,4,0.00090550973,-0.0033710169,4.2648441e-05,0.011799683,-0.036263021,0.011418855,-0.024844166,-0.024885385,0.11830022,-0.024135383,0.046320788,0.19601346
ts_demean,11,DMT,5,0.00026612598,0.00052372212,0.00232591,0.016096172,-0.049821442,0.0020139177,-0.047807524,-0.049396929,0.13563218,-0.048036891,0.03884479,0.19641511
ts_demean,11,DMT,6,0.0012821361,0.0013697024,0.005271952,0.025294566,-0.031515884,-0.0053879759,-0.036903859,-0.038272597,0.10155713,-0.037445776,0.029640706,0.18734261
ts_demean,11,DMT,7,0.00016229446,-0.0018862267,-0.0027419846,0.010353106,-0.03775095,0.018115516,-0.019635433,-0.019438543,0.12470556,-0.019290168,0.029456967,0.17108561
ts_demean,11,DMT,8,0.0036524333,0.0077257492,0.011964625,0.037315823,-0.037195528,-0.018403969,-0.055599498,-0.058262926,0.10988963,-0.058331931,0.028778543,0.18545774
ts_demean,11,DMT,9,0.0015798259,0.00042353827,0.0056252134,0.037850096,-0.039682771,-0.0051632717,-0.044846043,-0.046305117,0.11638411,-0.04610118,0.038933196,0.20355552
ts_demean,11,DMT,10,0.0028591163,-0.0011698883,0.0019405794,0.026638349,-0.035516887,0.0091619599,-0.026354927,-0.026850815,0.11663972,-0.026830219,0.035822293,0.18737039
ts_demean,11,DMT,11,-0.00021087845,-7.4709597e-06,-0.0012652435,0.01673263,-0.0352708,0.02766965,-0.0076011494,-0.0067279759,0.10705133,-0.0066859206,0.036709695,0.19985187
ts_demean,11,DMT,12,0.0068599145,0.0055546288,0.0070811391,0.023611269,-0.036531363,-0.010697502,-0.047228865,-0.049006601,0.10698395,-0.048525369,0.028949825,0.19159117
ts_demean,11,DMT,13,0.0036178091,0.0014438978,0.0050589962,0.019849134,-0.043546284,-0.014536811,-0.058083095,-0.059408198,0.11378919,-0.05822319,0.0308465,0.21525331
ts_demean,11,DMT,14,0.0031298485,0.0023872196,0.0039223479,0.016587715,-0.042125567,-0.0080569723,-0.050182539,-0.051771392,0.11199868,-0.050577953,0.025627595,0.20338209
ts_demean,11,PCB,1,-0.0072943975,-0.00067777907,0.00024873259,0.015511154,-0.044515425,0.012704016,-0.03181141,-0.031985492,0.12144046,-0.031525237,0.037871604,0.20449996
ts_demean,11,PCB,2,-0.0028308894,-0.00038293608,-0.00060549867,0.013388144,-0.041737654,0.017219284,-0.024518369,-0.024822635,0.12606735,-0.024810229,0.032402617,0.19071592
ts_demean,11,PCB,3,-0.00087867097,0.0015968566,0.0052292851,0.022836206,-0.036133667,0.0016538937,-0.034479773,-0.035197586,0.1136904,-0.034409002,0.03236299,0.18406558
ts_demean,11,PCB,4,0.00024115723,-0.001105352,0.0062916389,0.02689554,-0.038496488,-0.0055147939,-0.044011281,-0.045686496,0.11180579,-0.045516424,0.034215691,0.2024116
ts_demean,11,PCB,5,0.0025435719,0.0020860075,0.0012466219,0.0023904464,-0.047095763,0.0055835463,-0.041512216,-0.041741002,0.11394028,-0.040694896,0.024286537,0.22372407
ts_demean,11,PCB,6,0.0018291783,0.0042221573,0.010413668,0.02567109,-0.050806521,-0.031335309,-0.08214183,-0.086796222,0.11396364,-0.086377341,0.024329303,0.22137426
ts_demean,11,PCB,7,0.0019617914,0.0046562106,0.0093570602,0.029084599,-0.031194312,-0.019997823,-0.051192135,-0.053326104,0.092286971,-0.052868499,0.030845509,0.19534
ts_demean,11,PCB,8,-0.0031765075,-0.0019675997,0.0026887726,0.0090478743,-0.039861626,0.0087763841,-0.031085242,-0.031585377,0.12182484,-0.031345423,0.030909097,0.19014999
ts_demean,11,PCB,9,0.00044552767,0.0065642095,0.010041306,0.036096635,-0.035330144,-0.023711999,-0.059042142,-0.060905846,0.099440083,-0.06007814,0.03596305,0.20865642
ts_demean,11,PCB,10,-0.00052215464,-0.0017762727,0.0052429848,0.015888596,-0.039468935,-0.0037315838,-0.043200519,-0.044447334,0.1120891,-0.044759434,0.024835862,0.19706332
ts_demean,11,PCB,11,0.0013514989,0.0061304029,0.0065879178,0.023033043,-0.053409926,-0.020613201,-0.074023127,-0.077170167,0.12454971,-0.076419641,0.029574034,0.21326899
ts_demean,11,PCB,12,0.00037407885,0.0054019474,0.0097000339,0.028565167,-0.050049073,-0.026234843,-0.076283915,-0.07928805,0.11902686,-0.079272261,0.028586599,0.20679788
ts_demean,11,PCB,13,-0.00028865067,0.0037908729,0.0057811371,0.019948684,-0.040424625,-0.010982012,-0.051406638,-0.053076289,0.11214119,-0.053528925,0.028990417,0.19910081
ts_demean,11,PCB,14,0.00020250701,-0.00041057189,0.0024073957,0.0094597712,-0.039709721,0.0032072824,-0.036502438,-0.037236926,0.11578966,-0.037139946,0.026061573,0.19342313
ts_demean,12,DMT,1,0.007458947,0.0074932953,0.0068816459,0.012371269,-0.036632808,-0.0095403577,-0.046173166,-0.047999598,0.10411464,-0.048037048,0.032410433,0.20149634
ts_demean,12,DMT,2,-0.0032260317,-0.0036620458,0.001833562,0.035358243,-0.05501289,-0.0042725089,-0.059285399,-0.060560972,0.11704492,-0.059011597,0.025447675,0.2207042
ts_demean,12,DMT,3,-0.014953199,-0.015595876,-0.0075583814,0.042342862,-0.044739566,0.035129945,-0.0096096214,-0.0075968969,0.10319018,-0.0068486009,0.030523273,0.23662249
ts_demean,12,DMT,4,-0.016460716,-0.016690361,-0.0070916636,0.038637746,-0.045144568,0.030000637,-0.015143931,-0.013016524,0.10977806,-0.012380965,0.03341705,0.230489
ts_demean,12,DMT,5,0.013917918,0.01490644,0.014827541,-0.018693951,-0.078912195,-0.25465404,-0.33356623,-0.35766492,0.077522924,-0.35323404,0.023611816,0.17472283
ts_demean,12,DMT,6,0.007991682,0.0079411546,0.0082148717,0.006702961,-0.060962618,-0.037658327,-0.098620945,-0.10374741,0.10642716,-0.10326407,0.022709097,0.19279919
ts_demean,12,DMT,7,-0.014904059,-0.015263926,-0.015416411,0.047479352,-0.084613876,0.10923879,0.02462491,0.033458956,0.12935969,0.033641119,0.023931075,0.16390307
ts_demean,12,DMT,8,-0.0086836751,-0.0092073896,-0.0054502305,0.04075246,-0.061431607,0.030963902,-0.030467706,-0.02838594,0.12395686,-0.028443794,0.034859426,0.20771289
ts_demean,12,DMT,9,-0.0045964804,-0.0052314006,-0.0036129878,0.024168505,-0.057675445,0.020747246,-0.036928199,-0.036036961,0.11243185,-0.034864161,0.022849949,0.21828686
ts_demean,12,DMT,10,-0.034686031,-0.03704428,-0.027323449,0.072584284,-0.042533782,0.11072176,0.068187977,0.074680154,0.10820046,0.075878097,0.031714282,0.22800629
ts_demean,12,DMT,11,-0.012230889,-0.013711619,-0.010093059,0.025356696,-0.053935767,0.056098816,0.0021630493,0.0053026089,0.11418495,0.00807042,0.030009324,0.22175692
ts_demean,12,DMT,12,-0.00035526124,-0.00068075938,-0.00059177272,0.031563649,-0.049995094,-0.0096839405,-0.059679034,-0.060389685,0.075240739,-0.059028929,0.020201046,0.19441493
ts_demean,12,DMT,13,0.0060570401,0.0065375868,0.0069395913,0.012453715,-0.061018568,-0.041691926,-0.10271049,-0.10765391,0.10285094,-0.1072601,0.018723245,0.21309398
ts_demean,12,DMT,14,0.0058160756,0.0061989328,0.00735932,0.020085194,-0.053215865,-0.044518273,-0.097734138,-0.1024027,0.09337153,-0.102423,0.018744218,0.2264468
ts_demean,12,PCB,1,-0.015739816,-0.014263604,-0.0084176348,0.034415941,-0.049855489,0.041270167,-0.0085853223,-0.006409327,0.12254505,-0.0066779126,0.028522968,0.21244007
ts_demean,12,PCB,2,-0.0082255563,-0.0080229424,-0.001528717,0.012360651,-0.046095066,0.017423411,-0.028671655,-0.027983772,0.12023783,-0.02766287,0.030921016,0.20396688
ts_demean,12,PCB,3,-0.028566528,-0.02700104,-0.011786125,0.053572151,-0.035721209,0.072880468,0.037159259,0.041185317,0.10427875,0.04159056,0.037454784,0.22158834
ts_demean,12,PCB,4,-0.023782373,-0.023382452,-0.023671079,0.041225564,-0.062583324,0.12967181,0.067088488,0.077715102,0.11791402,0.077655799,0.035017421,0.20142826
ts_demean,12,PCB,5,-0.014261486,-0.013241918,-0.010517369,0.039224147,-0.053505122,0.062967639,0.0094625169,0.013457152,0.10604154,0.014503134,0.029423592,0.2212576
ts_demean,12,PCB,6,-0.014310085,-0.014075381,0.00093036224,0.032330522,-0.031320654,0.013310005,-0.01801065,-0.018067667,0.10006607,-0.017417415,0.029356813,0.19426146
ts_demean,12,PCB,7,-0.022157894,-0.020730927,-0.0067309049,0.033320821,-0.036114757,0.035498068,-0.0006166885,0.00083150762,0.11154524,0.0011982943,0.033799906,0.19544369
ts_demean,12,PCB,8,-0.0096042796,-0.0092593455,-0.0052274297,0.032376741,-0.07359059,0.036288324,-0.037302266,-0.035187471,0.13251173,-0.03500713,0.024631241,0.22579966
ts_demean,12,PCB,9,-0.029060135,-0.027596034,-0.018410798,0.048328277,-0.044600337,0.080038113,0.035437776,0.041263576,0.11256669,0.041943555,0.032160915,0.22060084
ts_demean,12,PCB,10,0.0065977472,0.0065190844,0.0066544,0.010180524,-0.03806265,-0.016424278,-0.054486928,-0.056827173,0.095649497,-0.055712821,0.024280456,0.2148674
ts_demean,12,PCB,11,0.00073885178,0.00083194963,0.0032264294,0.02406706,-0.038980725,-0.0047925762,-0.043773301,-0.044845275,0.092741257,-0.045003937,0.023995848,0.21354722
ts_demean,12,PCB,12,-0.0034569053,-0.0027613005,0.0051368455,0.02847684,-0.048012844,-0.013625834,-0.061638678,-0.064199583,0.11064096,-0.063439943,0.031502963,0.22926494
ts_demean,12,PCB,13,-0.013221356,-0.012576292,-0.0095047032,0.028875759,-0.041467257,0.053178864,0.011711607,0.014616177,0.095896344,0.014834943,0.027327807,0.23087859
ts_demean,12,PCB,14,-0.003461839,-0.0025540206,-0.0016634831,0.021478486,-0.060580704,0.01633486,-0.044245843,-0.043896926,0.10792973,-0.042938059,0.024763717,0.21650341
ts_demean,13,DMT,1,-0.0081564948,-0.015155837,-0.005075969,0.028496396,-0.051071838,0.02777794,-0.023293899,-0.022174148,0.12871777,-0.022062203,0.034622502,0.21237382
ts_demean,13,DMT,2,-0.006148011,-0.011791876,-0.0029967068,0.016989402,-0.051370129,0.023752152,-0.027617977,-0.027373666,0.13901902,-0.026869956,0.026910406,0.20721758
ts_demean,13,DMT,3,-0.0011080469,-0.0073585417,0.003280417,0.026193407,-0.040213934,0.0055029519,-0.034710983,-0.035681822,0.12002175,-0.035060608,0.024422038,0.20414879
ts_demean,13,DMT,4,0.00018726049,-0.0051529864,0.0045132561,0.032698577,-0.038733844,-0.00473652,-0.043470364,-0.045302474,0.10451075,-0.04548005,0.026376516,0.21196455
ts_demean,13,DMT,5,-0.0035881435,-0.0048929539,0.00020743346,0.016503196,-0.051182365,0.004140097,-0.047042268,-0.047761325,0.11894645,-0.047591582,0.031413347,0.24185904
ts_demean,13,DMT,6,-0.0089962978,-0.014903251,-0.014139676,-0.0053494304,-0.086391099,0.08192501,-0.0044660884,0.0055860497,0.16707378,0.0059971587,0.037362489,0.24319304
ts_demean,13,DMT,7,-0.010085346,-0.016119467,-0.016050156,-0.0055347988,-0.06555155,0.11147309,0.045921535,0.055002464,0.12569915,0.055558254,0.037951818,0.21668379
ts_demean,13,DMT,8,-0.0079315587,-0.015433496,-0.005950634,0.031583251,-0.03912591,0.028962371,-0.010163539,-0.0090371504,0.12695792,-0.008549311,0.027847621,0.18124515
ts_demean,13,DMT,9,-0.0072584073,-0.010923896,-0.004024899,0.033659723,-0.036764428,0.019640918,-0.017123511,-0.016496299,0.11161141,-0.015968062,0.030246668,0.19635381
ts_demean,13,DMT,10,-0.0054487893,-0.0071413763,-0.0057266988,0.021687805,-0.04073063,0.023916257,-0.016814373,-0.015446305,0.10279737,-0.014390196,0.030497218,0.21910728
ts_demean,13,DMT,11,-0.005950752,-0.007175989,-0.0032318474,0.029436407,-0.047664051,0.020303575,-0.027360476,-0.026564652,0.1100461,-0.025747705,0.027075093,0.21566643
ts_demean,13,DMT,12,-0.011945454,-0.021159853,-0.020455471,0.025066687,-0.059536568,0.11564447,0.056107905,0.065820966,0.11573035,0.066241973,0.028656488,0.20743174
ts_demean,13,DMT,13,-0.020594412,-0.034720738,-0.029507115,0.026822863,-0.047287565,0.12645677,0.079169207,0.086863593,0.11973415,0.086762062,0.02802888,0.21509885
ts_demean,13,DMT,14,-0.014968142,-0.02580504,-0.013962702,0.038640499,-0.046373046,0.072262204,0.025889158,0.029421102,0.11505928,0.030448405,0.032321762,0.22297584
ts_demean,13,PCB,1,-0.0056196405,-0.00031785209,0.0015790803,0.03610156,-0.040503614,0.0034051119,-0.037098502,-0.03716488,0.1036164,-0.037247706,0.029163961,0.20433596
ts_demean,13,PCB,2,-0.0075061525,-0.0035006113,0.0020758367,0.015766102,-0.033307192,0.012320548,-0.020986644,-0.020834146,0.098271806,-0.020753713,0.028554381,0.20291385
ts_demean,13,PCB,3,-0.01429806,-0.0063092978,0.0046473731,0.044921566,-0.052258781,0.0034910301,-0.048767751,-0.05018177,0.13130275,-0.049832935,0.0306771,0.21231885
ts_demean,13,PCB,4,-0.018632989,-0.0097579508,-0.00071077204,0.033713271,-0.040159109,0.016154943,-0.024004166,-0.024076351,0.11941556,-0.022325554,0.032421153,0.19857631
ts_demean,13,PCB,5,0.0027446135,0.0021435864,0.003878227,0.026770947,-0.083673207,-0.019815943,-0.10348915,-0.10737316,0.1386421,-0.098483711,0.027618695,0.20181768
ts_demean,13,PCB,6,-0.010030636,-0.0065342216,-0.0035332453,0.014252855,-0.055169564,0.023076866,-0.032092699,-0.031065159,0.13880138,-0.030221937,0.024187382,0.20763914
ts_demean,13,PCB,7,-0.0014870267,-0.0014276306,0.0025890173,0.013167015,-0.043584517,0.0019362416,-0.041648276,-0.04309293,0.12359769,-0.042660037,0.026102968,0.19675822
ts_demean,13,PCB,8,-0.0058042337,-0.00064747835,0.0037114112,0.021897759,-0.036327262,0.0020693696,-0.034257892,-0.03544961,0.10949657,-0.034707434,0.029439267,0.19979261
ts_demean,13,PCB,9,-0.017923578,-0.0083946104,-0.013070549,0.031856139,-0.055445207,0.064396467,0.0089512602,0.01417831,0.1258923,0.01483175,0.03279219,0.22877495
ts_demean,13,PCB,10,0.0028132621,0.0020465768,0.0041094739,0.011519812,-0.050220595,-0.0015249534,-0.051745548,-0.052734114,0.13297788,-0.052237711,0.026363611,0.19635429
ts_demean,13,PCB,11,-0.003371126,-0.00031152955,0.0054474915,0.02309682,-0.054021366,-0.0089079915,-0.062929358,-0.064171862,0.12256952,-0.062987394,0.028183507,0.22157058
ts_demean,13,PCB,12,-0.012803775,-0.0028497296,-0.0046349882,0.031312481,-0.036628507,0.027748751,-0.0088797558,-0.0078032277,0.09365754,-0.0076450754,0.024246377,0.22629175
ts_demean,13,PCB,13,-0.013481808,-0.0034346164,0.0070949034,0.043697053,-0.043106441,-0.0061623124,-0.049268753,-0.050504614,0.1069309,-0.049833416,0.03326733,0.22047356
ts_demean,13,PCB,14,-0.009521966,-0.0035003164,-0.0012033591,0.0066116276,-0.088017298,0.025343162,-0.062674136,-0.061210898,0.16885399,-0.060453086,0.028505487,0.23896295
ts_demean,14,DMT,1,-0.00029808822,0.0017217959,0.0034839517,0.015788382,-0.039031398,0.0010603087,-0.037971089,-0.038746689,0.12108948,-0.038427931,0.028568211,0.1856106
ts_demean,14,DMT,2,-0.0027321829,0.0017747804,0.0044050488,0.01967932,-0.040747214,-0.0073247133,-0.048071928,-0.049489874,0.12021912,-0.048519272,0.03407161,0.20115427
ts_demean,14,DMT,3,-0.012564666,-0.0084352555,-0.016863316,-0.026560565,-0.04500938,0.058357972,0.013348592,0.017267412,0.13370101,0.017597376,0.037777986,0.20537526
ts_demean,14,DMT,4,-0.011752675,-0.0016711583,-0.012642948,-0.012642171,-0.044123628,0.048349548,0.0042259197,0.0069898288,0.13272213,0.0069987002,0.046193517,0.20641452
ts_demean,14,DMT,5,-0.0039834031,0.00032303946,-0.00052890987,0.025558847,-0.052304286,0.0078958234,-0.044408463,-0.044338834,0.12141508,-0.042139936,0.036222452,0.21991907
ts_demean,14,DMT,6,0.0031733911,0.0048411548,0.0060362185,0.024368094,-0.034758182,-0.006331706,-0.041089888,-0.042551193,0.11193586,-0.042481804,0.0333957,0.17621508
ts_demean,14,DMT,7,-0.0015232341,0.0019788549,0.0033955035,0.014555531,-0.043119138,0.0033664846,-0.039752653,-0.041440916,0.12989444,-0.041202241,0.027492397,0.18560687
ts_demean,14,DMT,8,-0.0015862704,0.0041015756,0.0075162312,0.030024429,-0.043413155,-0.012280864,-0.05569402,-0.058230769,0.12555739,-0.058190539,0.030582427,0.19180074
ts_demean,14,DMT,9,-0.00076256985,-0.0015229664,0.00026076625,0.0022398751,-0.0394824,0.0086007691,-0.030881631,-0.031218006,0.12791074,-0.030822564,0.03456253,0.18315505
ts_demean,14,DMT,10,-0.0021285227,0.00033750575,0.0039488802,0.017982495,-0.036736405,0.0033362428,-0.033400162,-0.034408677,0.12240515,-0.034040206,0.035226236,0.17224497
ts_demean,14,DMT,11,0.0007020003,0.0029239802,0.0059546806,0.018498002,-0.043416853,-0.0095953936,-0.053012246,-0.055407193,0.11619803,-0.054999563,0.028656678,0.20932221
ts_demean,14,DMT,12,-0.0015235286,0.00089764446,0.0060882796,0.021262619,-0.043118482,-0.0090911553,-0.052209637,-0.054160539,0.11079682,-0.055081806,0.02780674,0.21761669
ts_demean,14,DMT,13,0.00049809411,0.0049419604,0.011385535,0.028846247,-0.052719233,-0.052087851,-0.10480708,-0.10977653,0.10973261,-0.10816673,0.024277717,0.23378286
ts_demean,14,DMT,14,0.0007697368,0.0052345916,0.0097620233,0.02962464,-0.03932798,-0.022333401,-0.061661382,-0.064744208,0.10384711,-0.064070948,0.023171215,0.2027546
ts_demean,14,PCB,1,-0.0010464315,-0.0015962595,0.0013509157,0.011107464,-0.037958985,0.0073427803,-0.030616205,-0.030794129,0.12117551,-0.030647961,0.033959946,0.18090131
ts_demean,14,PCB,2,-0.0029460962,-0.0047221453,-0.00045360781,0.010531541,-0.039992446,0.013344212,-0.026648233,-0.026106761,0.11831517,-0.025251739,0.037347094,0.18734809
ts_demean,14,PCB,3,0.00045015055,0.0014293947,0.0071372725,0.027576483,-0.042025424,-0.012005716,-0.05403114,-0.056047276,0.11836412,-0.055672386,0.025782334,0.19697619
ts_demean,14,PCB,4,-0.0024432887,-0.0074288137,-0.0017779819,0.047763102,-0.045650988,0.01785584,-0.027795148,-0.028126767,0.12272109,-0.027603647,0.031680325,0.20937219
ts_demean,14,PCB,5,0.00018262174,-0.0035424472,0.00070316255,0.025058369,-0.04138847,0.011349705,-0.030038765,-0.03061201,0.1260081,-0.026525201,0.029517937,0.18657201
ts_demean,14,PCB,6,0.0014768965,0.0013724561,0.0059851989,0.02489468,-0.04341353,-0.016317906,-0.059731436,-0.061860476,0.11255961,-0.061002846,0.031769039,0.21730896
ts_demean,14,PCB,7,0.0025774453,0.0051934507,0.00803367,0.024299908,-0.039992797,-0.022648001,-0.062640798,-0.065291042,0.10546515,-0.064121703,0.03033907,0.21265216
ts_demean,14,PCB,8,0.0018623022,0.0007988916,0.0062898917,0.030628062,-0.04803604,-0.025663437,-0.073699477,-0.07738637,0.11061678,-0.077271675,0.027619087,0.24135791
ts_demean,14,PCB,9,0.0017282388,0.0017908063,0.0041359115,0.019900604,-0.038548251,-0.013684213,-0.052232464,-0.053610297,0.10158768,-0.052998566,0.035568346,0.20919144
ts_demean,14,PCB,10,0.00019678803,0.00068975823,0.0059821156,0.02236273,-0.042354658,-0.0091712041,-0.051525862,-0.053219205,0.11502328,-0.052557385,0.031142698,0.19228347
ts_demean,14,PCB,11,0.0026512246,0.010831128,0.013802449,0.00047803317,-0.040093765,-0.037131007,-0.077224772,-0.080989412,0.10199515,-0.08085648,0.024108741,0.20995666
ts_demean,14,PCB,12,-3.9117089e-05,0.0059537332,0.006491372,0.01764045,-0.039982006,-0.019016238,-0.058998243,-0.061141204,0.10432549,-0.059198481,0.026728315,0.21298417
ts_demean,14,PCB,13,-0.00013395957,0.0024769143,0.0082511483,0.027805739,-0.038369449,-0.012892423,-0.051261872,-0.053447852,0.11172981,-0.053897167,0.028913924,0.20147287
ts_demean,14,PCB,14,0.00024129195,0.0047632676,0.0073206683,0.024582841,-0.036337322,-0.013428444,-0.049765766,-0.051733261,0.10637056,-0.04919542,0.028396069,0.18986785
