# partB17b_calibration_filtered.py; one row per condition × estimator × replicate; git=106bd33
condition,estimator,replicate,sts_level_pre,sts_did,pred_did,res_did,res_p,res_ci_lo,res_ci_hi,sym_did,anti_did
(i) Δa (post filter),W60,1,1.189797,-0.094493,-0.097217,0.002724,0.0399,0.000508,0.004886,-0.000043,0.006317
(i) Δa (post filter),global (run-level prediction),1,1.328675,-0.104782,0.000000,-0.104782,0.0001,-0.108874,-0.099576,nan,nan
(i) Δa (post filter),global (period-level prediction),1,1.328675,-0.104782,-0.108372,0.003591,0.0930,-0.000038,0.007138,nan,nan
(i) Δa (post filter),W60,2,1.190192,-0.090928,-0.094687,0.003760,0.0054,0.001606,0.005793,0.000147,0.005927
(i) Δa (post filter),global (run-level prediction),2,1.328189,-0.100383,0.000000,-0.100383,0.0001,-0.109577,-0.092437,nan,nan
(i) Δa (post filter),global (period-level prediction),2,1.328189,-0.100383,-0.106731,0.006348,0.0007,0.004023,0.008377,nan,nan
(i) Δa (post filter),W60,3,1.189234,-0.097951,-0.098873,0.000922,0.3533,-0.000982,0.002785,0.000129,0.007232
(i) Δa (post filter),global (run-level prediction),3,1.326894,-0.106282,0.000000,-0.106282,0.0001,-0.111503,-0.100672,nan,nan
(i) Δa (post filter),global (period-level prediction),3,1.326894,-0.106282,-0.109471,0.003188,0.0442,0.000582,0.006024,nan,nan
(i) Δa (post filter),W60,4,1.188101,-0.094159,-0.094939,0.000780,0.3915,-0.000864,0.002435,-0.000577,0.005689
(i) Δa (post filter),global (run-level prediction),4,1.325359,-0.103240,0.000000,-0.103240,0.0001,-0.110092,-0.096706,nan,nan
(i) Δa (post filter),global (period-level prediction),4,1.325359,-0.103240,-0.106190,0.002950,0.1110,-0.000597,0.006160,nan,nan
(i) Δa (post filter),W60,5,1.191314,-0.093811,-0.095165,0.001355,0.3740,-0.001637,0.003992,0.000232,0.007103
(i) Δa (post filter),global (run-level prediction),5,1.332091,-0.107204,0.000000,-0.107204,0.0001,-0.113355,-0.100445,nan,nan
(i) Δa (post filter),global (period-level prediction),5,1.332091,-0.107204,-0.107601,0.000397,0.8357,-0.003462,0.004003,nan,nan
(i) Δa (post filter),W60,6,1.187928,-0.095457,-0.097814,0.002357,0.1737,-0.000772,0.005373,0.000298,0.007670
(i) Δa (post filter),global (run-level prediction),6,1.324600,-0.104404,-0.000000,-0.104404,0.0001,-0.111554,-0.096982,nan,nan
(i) Δa (post filter),global (period-level prediction),6,1.324600,-0.104404,-0.106308,0.001904,0.1987,-0.001133,0.004299,nan,nan
(i) Δa (post filter),W60,7,1.187841,-0.095185,-0.095206,0.000021,0.9875,-0.002369,0.002514,-0.000400,0.007104
(i) Δa (post filter),global (run-level prediction),7,1.326921,-0.105107,0.000000,-0.105107,0.0001,-0.111304,-0.098392,nan,nan
(i) Δa (post filter),global (period-level prediction),7,1.326921,-0.105107,-0.107735,0.002629,0.0686,0.000383,0.005033,nan,nan
(i) Δa (post filter),W60,8,1.188326,-0.095523,-0.096976,0.001453,0.1974,-0.000646,0.003558,-0.000277,0.006964
(i) Δa (post filter),global (run-level prediction),8,1.326213,-0.102021,0.000000,-0.102021,0.0001,-0.108822,-0.094929,nan,nan
(i) Δa (post filter),global (period-level prediction),8,1.326213,-0.102021,-0.106186,0.004165,0.0118,0.001344,0.006984,nan,nan
(i) Δa (post filter),W60,9,1.189781,-0.095478,-0.100930,0.005452,0.0018,0.002892,0.007978,-0.000773,0.005526
(i) Δa (post filter),global (run-level prediction),9,1.328026,-0.107883,0.000000,-0.107883,0.0001,-0.115296,-0.100875,nan,nan
(i) Δa (post filter),global (period-level prediction),9,1.328026,-0.107883,-0.115047,0.007164,0.0071,0.003064,0.011672,nan,nan
(i) Δa (post filter),W60,10,1.188161,-0.096625,-0.100719,0.004094,0.0002,0.002928,0.005271,-0.000341,0.006433
(i) Δa (post filter),global (run-level prediction),10,1.325926,-0.106220,-0.000000,-0.106220,0.0001,-0.112323,-0.100023,nan,nan
(i) Δa (post filter),global (period-level prediction),10,1.325926,-0.106220,-0.113078,0.006859,0.0060,0.003184,0.010753,nan,nan
(i) Δa (post filter),W60,11,1.189120,-0.092724,-0.096224,0.003500,0.0073,0.001502,0.005533,0.000542,0.006783
(i) Δa (post filter),global (run-level prediction),11,1.328641,-0.104480,-0.000000,-0.104480,0.0001,-0.110362,-0.097858,nan,nan
(i) Δa (post filter),global (period-level prediction),11,1.328641,-0.104480,-0.108531,0.004052,0.0334,0.000827,0.006926,nan,nan
(i) Δa (post filter),W60,12,1.185646,-0.095876,-0.099579,0.003703,0.0013,0.002084,0.005156,-0.000383,0.005566
(i) Δa (post filter),global (run-level prediction),12,1.324820,-0.105952,0.000000,-0.105952,0.0001,-0.111447,-0.101226,nan,nan
(i) Δa (post filter),global (period-level prediction),12,1.324820,-0.105952,-0.109902,0.003951,0.0206,0.001200,0.007032,nan,nan
(i) Δa (post filter),W60,13,1.189308,-0.094500,-0.098900,0.004400,0.0098,0.001307,0.006806,-0.000009,0.004992
(i) Δa (post filter),global (run-level prediction),13,1.328075,-0.107291,0.000000,-0.107291,0.0001,-0.112270,-0.102259,nan,nan
(i) Δa (post filter),global (period-level prediction),13,1.328075,-0.107291,-0.111324,0.004034,0.0177,0.001493,0.006959,nan,nan
(i) Δa (post filter),W60,14,1.184026,-0.086902,-0.091172,0.004270,0.0011,0.002182,0.006600,-0.000089,0.005022
(i) Δa (post filter),global (run-level prediction),14,1.320426,-0.094458,-0.000000,-0.094458,0.0001,-0.100481,-0.087850,nan,nan
(i) Δa (post filter),global (period-level prediction),14,1.320426,-0.094458,-0.101728,0.007270,0.0046,0.003229,0.011478,nan,nan
(i) Δa (post filter),W60,15,1.189609,-0.096464,-0.099769,0.003304,0.0260,0.000984,0.005698,-0.000233,0.006572
(i) Δa (post filter),global (run-level prediction),15,1.327772,-0.108192,-0.000000,-0.108192,0.0001,-0.114903,-0.101048,nan,nan
(i) Δa (post filter),global (period-level prediction),15,1.327772,-0.108192,-0.111309,0.003118,0.2185,-0.001479,0.007486,nan,nan
(i) Δa (post filter),W60,16,1.187665,-0.092246,-0.096001,0.003756,0.0046,0.001736,0.005841,0.000080,0.004638
(i) Δa (post filter),global (run-level prediction),16,1.325072,-0.104057,0.000000,-0.104057,0.0001,-0.108616,-0.098513,nan,nan
(i) Δa (post filter),global (period-level prediction),16,1.325072,-0.104057,-0.110559,0.006502,0.0077,0.002365,0.011414,nan,nan
(i) Δa (post filter),W60,17,1.188981,-0.097607,-0.100648,0.003041,0.0226,0.000851,0.004899,0.000428,0.006155
(i) Δa (post filter),global (run-level prediction),17,1.325922,-0.108169,-0.000000,-0.108169,0.0001,-0.115214,-0.100718,nan,nan
(i) Δa (post filter),global (period-level prediction),17,1.325922,-0.108169,-0.115726,0.007557,0.0070,0.003243,0.011541,nan,nan
(i) Δa (post filter),W60,18,1.185845,-0.092640,-0.096275,0.003635,0.0154,0.001288,0.005974,0.000169,0.007156
(i) Δa (post filter),global (run-level prediction),18,1.324999,-0.101654,0.000000,-0.101654,0.0001,-0.106768,-0.097287,nan,nan
(i) Δa (post filter),global (period-level prediction),18,1.324999,-0.101654,-0.107462,0.005808,0.0143,0.001980,0.009528,nan,nan
(i) Δa (post filter),W60,19,1.188680,-0.095174,-0.097127,0.001953,0.0537,0.000122,0.003519,-0.000167,0.006455
(i) Δa (post filter),global (run-level prediction),19,1.327386,-0.107701,0.000000,-0.107701,0.0001,-0.111445,-0.103849,nan,nan
(i) Δa (post filter),global (period-level prediction),19,1.327386,-0.107701,-0.110647,0.002946,0.1660,-0.001132,0.006331,nan,nan
(i) Δa (post filter),W60,20,1.192309,-0.098913,-0.099918,0.001005,0.3890,-0.000910,0.003126,0.000157,0.004890
(i) Δa (post filter),global (run-level prediction),20,1.326789,-0.106900,0.000000,-0.106900,0.0001,-0.111073,-0.103168,nan,nan
(i) Δa (post filter),global (period-level prediction),20,1.326789,-0.106900,-0.111519,0.004620,0.0015,0.002591,0.006852,nan,nan
(i) Δa (post filter),W60,21,1.191642,-0.097789,-0.099818,0.002029,0.2168,-0.001064,0.004821,0.000207,0.007028
(i) Δa (post filter),global (run-level prediction),21,1.327881,-0.105541,0.000000,-0.105541,0.0001,-0.110742,-0.099829,nan,nan
(i) Δa (post filter),global (period-level prediction),21,1.327881,-0.105541,-0.109236,0.003695,0.0092,0.001310,0.006308,nan,nan
(i) Δa (post filter),W60,22,1.188465,-0.092427,-0.096118,0.003691,0.0001,0.002202,0.005209,-0.000119,0.006558
(i) Δa (post filter),global (run-level prediction),22,1.324773,-0.105936,-0.000000,-0.105936,0.0001,-0.111833,-0.099846,nan,nan
(i) Δa (post filter),global (period-level prediction),22,1.324773,-0.105936,-0.109955,0.004019,0.0264,0.001020,0.006986,nan,nan
(i) Δa (post filter),W60,23,1.190807,-0.094304,-0.097430,0.003126,0.0150,0.001117,0.005258,-0.000019,0.007170
(i) Δa (post filter),global (run-level prediction),23,1.331293,-0.106503,-0.000000,-0.106503,0.0001,-0.111389,-0.101064,nan,nan
(i) Δa (post filter),global (period-level prediction),23,1.331293,-0.106503,-0.111962,0.005459,0.0046,0.002585,0.008414,nan,nan
(i) Δa (post filter),W60,24,1.186289,-0.093975,-0.097163,0.003189,0.0006,0.001692,0.004924,-0.000139,0.006949
(i) Δa (post filter),global (run-level prediction),24,1.322090,-0.102650,0.000000,-0.102650,0.0001,-0.109310,-0.097303,nan,nan
(i) Δa (post filter),global (period-level prediction),24,1.322090,-0.102650,-0.108640,0.005990,0.0009,0.003443,0.008412,nan,nan
(i) Δa (post filter),W60,25,1.183910,-0.087799,-0.091347,0.003548,0.0125,0.001172,0.006243,0.000087,0.006577
(i) Δa (post filter),global (run-level prediction),25,1.322425,-0.102426,0.000000,-0.102426,0.0001,-0.109396,-0.094737,nan,nan
(i) Δa (post filter),global (period-level prediction),25,1.322425,-0.102426,-0.106240,0.003814,0.0864,0.000494,0.007349,nan,nan
(i) Δa (post filter),W60,26,1.187689,-0.097457,-0.101931,0.004474,0.0004,0.003033,0.006006,0.000172,0.005731
(i) Δa (post filter),global (run-level prediction),26,1.326571,-0.107513,0.000000,-0.107513,0.0001,-0.113509,-0.101472,nan,nan
(i) Δa (post filter),global (period-level prediction),26,1.326571,-0.107513,-0.111851,0.004337,0.0272,0.001080,0.007246,nan,nan
(i) Δa (post filter),W60,27,1.186715,-0.091744,-0.094663,0.002919,0.0131,0.000951,0.004612,0.000230,0.005588
(i) Δa (post filter),global (run-level prediction),27,1.323736,-0.105080,-0.000000,-0.105080,0.0001,-0.111534,-0.099772,nan,nan
(i) Δa (post filter),global (period-level prediction),27,1.323736,-0.105080,-0.106719,0.001638,0.2467,-0.000928,0.004009,nan,nan
(i) Δa (post filter),W60,28,1.186603,-0.089902,-0.091282,0.001380,0.2725,-0.000939,0.003371,0.000476,0.005726
(i) Δa (post filter),global (run-level prediction),28,1.325593,-0.103236,-0.000000,-0.103236,0.0001,-0.108634,-0.098324,nan,nan
(i) Δa (post filter),global (period-level prediction),28,1.325593,-0.103236,-0.106699,0.003463,0.1338,-0.000537,0.007703,nan,nan
(i) Δa (post filter),W60,29,1.187037,-0.090188,-0.093773,0.003585,0.0148,0.001332,0.005884,-0.000328,0.004258
(i) Δa (post filter),global (run-level prediction),29,1.324178,-0.096328,-0.000000,-0.096328,0.0001,-0.101603,-0.090733,nan,nan
(i) Δa (post filter),global (period-level prediction),29,1.324178,-0.096328,-0.103381,0.007053,0.0090,0.002812,0.011039,nan,nan
(i) Δa (post filter),W60,30,1.184453,-0.089297,-0.091512,0.002215,0.0701,0.000063,0.004292,-0.000006,0.004840
(i) Δa (post filter),global (run-level prediction),30,1.322296,-0.097714,0.000000,-0.097714,0.0001,-0.103253,-0.092281,nan,nan
(i) Δa (post filter),global (period-level prediction),30,1.322296,-0.097714,-0.101728,0.004013,0.0251,0.001228,0.006968,nan,nan
(i) Δa (post filter),W60,31,1.188590,-0.092826,-0.096343,0.003517,0.0129,0.001115,0.005596,0.000118,0.005740
(i) Δa (post filter),global (run-level prediction),31,1.326721,-0.103693,-0.000000,-0.103693,0.0001,-0.108420,-0.098931,nan,nan
(i) Δa (post filter),global (period-level prediction),31,1.326721,-0.103693,-0.106488,0.002795,0.1805,-0.000944,0.006429,nan,nan
(i) Δa (post filter),W60,32,1.187631,-0.092709,-0.094769,0.002059,0.1136,-0.000171,0.004314,0.000016,0.007133
(i) Δa (post filter),global (run-level prediction),32,1.324977,-0.108832,-0.000000,-0.108832,0.0001,-0.113585,-0.102978,nan,nan
(i) Δa (post filter),global (period-level prediction),32,1.324977,-0.108832,-0.110293,0.001462,0.2900,-0.000857,0.003919,nan,nan
(i) Δa (post filter),W60,33,1.191992,-0.099069,-0.100568,0.001499,0.1143,-0.000254,0.003172,0.000674,0.007109
(i) Δa (post filter),global (run-level prediction),33,1.327324,-0.106470,0.000000,-0.106470,0.0001,-0.112607,-0.099243,nan,nan
(i) Δa (post filter),global (period-level prediction),33,1.327324,-0.106470,-0.110444,0.003974,0.0212,0.000871,0.006789,nan,nan
(i) Δa (post filter),W60,34,1.187738,-0.092269,-0.093479,0.001211,0.3892,-0.001339,0.003701,-0.000117,0.006514
(i) Δa (post filter),global (run-level prediction),34,1.324709,-0.101749,-0.000000,-0.101749,0.0001,-0.107837,-0.095436,nan,nan
(i) Δa (post filter),global (period-level prediction),34,1.324709,-0.101749,-0.106402,0.004652,0.0211,0.001475,0.007883,nan,nan
(i) Δa (post filter),W60,35,1.187055,-0.091442,-0.095489,0.004047,0.0127,0.001680,0.006662,-0.000460,0.005727
(i) Δa (post filter),global (run-level prediction),35,1.326851,-0.101608,-0.000000,-0.101608,0.0001,-0.109013,-0.093362,nan,nan
(i) Δa (post filter),global (period-level prediction),35,1.326851,-0.101608,-0.108798,0.007190,0.0027,0.003563,0.010581,nan,nan
(i) Δa (post filter),W60,36,1.186894,-0.092599,-0.095197,0.002598,0.0281,0.000738,0.004593,-0.000379,0.007411
(i) Δa (post filter),global (run-level prediction),36,1.326433,-0.102117,-0.000000,-0.102117,0.0001,-0.107925,-0.096265,nan,nan
(i) Δa (post filter),global (period-level prediction),36,1.326433,-0.102117,-0.106983,0.004866,0.0339,0.000987,0.008347,nan,nan
(i) Δa (post filter),W60,37,1.186180,-0.093535,-0.096324,0.002789,0.0690,0.000003,0.005293,-0.000703,0.007582
(i) Δa (post filter),global (run-level prediction),37,1.327302,-0.110072,-0.000000,-0.110072,0.0001,-0.117847,-0.103099,nan,nan
(i) Δa (post filter),global (period-level prediction),37,1.327302,-0.110072,-0.110835,0.000763,0.6625,-0.002419,0.004038,nan,nan
(i) Δa (post filter),W60,38,1.186952,-0.093700,-0.097323,0.003622,0.0244,0.000918,0.006233,-0.000287,0.005540
(i) Δa (post filter),global (run-level prediction),38,1.323152,-0.107104,0.000000,-0.107104,0.0001,-0.111700,-0.102126,nan,nan
(i) Δa (post filter),global (period-level prediction),38,1.323152,-0.107104,-0.111047,0.003942,0.0748,0.000165,0.007582,nan,nan
(i) Δa (post filter),W60,39,1.187181,-0.095532,-0.097749,0.002216,0.0536,0.000293,0.004252,0.000014,0.008438
(i) Δa (post filter),global (run-level prediction),39,1.324290,-0.108771,-0.000000,-0.108771,0.0001,-0.116125,-0.101661,nan,nan
(i) Δa (post filter),global (period-level prediction),39,1.324290,-0.108771,-0.110330,0.001559,0.5415,-0.003362,0.006404,nan,nan
(i) Δa (post filter),W60,40,1.189974,-0.099510,-0.098964,-0.000546,0.7174,-0.003545,0.002290,0.000051,0.008384
(i) Δa (post filter),global (run-level prediction),40,1.326311,-0.100600,0.000000,-0.100600,0.0001,-0.105236,-0.095615,nan,nan
(i) Δa (post filter),global (period-level prediction),40,1.326311,-0.100600,-0.108790,0.008190,0.0001,0.006490,0.009939,nan,nan
(i) Δa (post filter),W60,41,1.185584,-0.091185,-0.094537,0.003352,0.0020,0.001854,0.004812,-0.000433,0.005853
(i) Δa (post filter),global (run-level prediction),41,1.325749,-0.107826,-0.000000,-0.107826,0.0001,-0.113510,-0.101669,nan,nan
(i) Δa (post filter),global (period-level prediction),41,1.325749,-0.107826,-0.110674,0.002848,0.0931,-0.000268,0.005607,nan,nan
(i) Δa (post filter),W60,42,1.188689,-0.093425,-0.095842,0.002417,0.0916,0.000046,0.004846,-0.000146,0.008045
(i) Δa (post filter),global (run-level prediction),42,1.328014,-0.104628,0.000000,-0.104628,0.0001,-0.112091,-0.096957,nan,nan
(i) Δa (post filter),global (period-level prediction),42,1.328014,-0.104628,-0.111751,0.007122,0.0012,0.004257,0.009722,nan,nan
(i) Δa (post filter),W60,43,1.190852,-0.091191,-0.093360,0.002169,0.0360,0.000396,0.004104,-0.000122,0.007992
(i) Δa (post filter),global (run-level prediction),43,1.329572,-0.104597,0.000000,-0.104597,0.0001,-0.109524,-0.099652,nan,nan
(i) Δa (post filter),global (period-level prediction),43,1.329572,-0.104597,-0.108802,0.004205,0.0201,0.001029,0.006889,nan,nan
(i) Δa (post filter),W60,44,1.188501,-0.091135,-0.095698,0.004563,0.0018,0.002520,0.006459,0.000374,0.004773
(i) Δa (post filter),global (run-level prediction),44,1.324666,-0.099722,-0.000000,-0.099722,0.0001,-0.104718,-0.095124,nan,nan
(i) Δa (post filter),global (period-level prediction),44,1.324666,-0.099722,-0.106036,0.006314,0.0250,0.002044,0.010770,nan,nan
(i) Δa (post filter),W60,45,1.190351,-0.096669,-0.102626,0.005957,0.0001,0.004343,0.007575,-0.000263,0.004462
(i) Δa (post filter),global (run-level prediction),45,1.330572,-0.109966,0.000000,-0.109966,0.0001,-0.114620,-0.105700,nan,nan
(i) Δa (post filter),global (period-level prediction),45,1.330572,-0.109966,-0.116274,0.006308,0.0179,0.002174,0.011039,nan,nan
(i) Δa (post filter),W60,46,1.188081,-0.092195,-0.093538,0.001343,0.0691,0.000042,0.002662,0.000001,0.007230
(i) Δa (post filter),global (run-level prediction),46,1.326890,-0.101214,0.000000,-0.101214,0.0001,-0.105294,-0.096870,nan,nan
(i) Δa (post filter),global (period-level prediction),46,1.326890,-0.101214,-0.105773,0.004560,0.0382,0.001031,0.008235,nan,nan
(i) Δa (post filter),W60,47,1.186728,-0.094951,-0.095884,0.000933,0.5365,-0.001967,0.003548,-0.000216,0.007833
(i) Δa (post filter),global (run-level prediction),47,1.326000,-0.110272,0.000000,-0.110272,0.0001,-0.115799,-0.104551,nan,nan
(i) Δa (post filter),global (period-level prediction),47,1.326000,-0.110272,-0.109977,-0.000295,0.8864,-0.003992,0.003509,nan,nan
(i) Δa (post filter),W60,48,1.186892,-0.094186,-0.095894,0.001708,0.2756,-0.000352,0.004493,0.000041,0.007181
(i) Δa (post filter),global (run-level prediction),48,1.322997,-0.099392,0.000000,-0.099392,0.0001,-0.103132,-0.095672,nan,nan
(i) Δa (post filter),global (period-level prediction),48,1.322997,-0.099392,-0.104718,0.005326,0.0178,0.001589,0.008843,nan,nan
(i) Δa (post filter),W60,49,1.192539,-0.096882,-0.098013,0.001131,0.1730,-0.000323,0.002582,0.000054,0.006025
(i) Δa (post filter),global (run-level prediction),49,1.328884,-0.106095,-0.000000,-0.106095,0.0001,-0.112487,-0.099782,nan,nan
(i) Δa (post filter),global (period-level prediction),49,1.328884,-0.106095,-0.109083,0.002988,0.2389,-0.001533,0.007601,nan,nan
(i) Δa (post filter),W60,50,1.190177,-0.096224,-0.097427,0.001203,0.4027,-0.001437,0.003784,-0.000258,0.006754
(i) Δa (post filter),global (run-level prediction),50,1.327138,-0.107010,0.000000,-0.107010,0.0001,-0.112025,-0.101732,nan,nan
(i) Δa (post filter),global (period-level prediction),50,1.327138,-0.107010,-0.109506,0.002496,0.2188,-0.001248,0.006111,nan,nan
(ii) Δc = +0.01,W60,1,1.186951,-0.003109,-0.002839,-0.000270,0.8619,-0.002709,0.002620,-0.000043,-0.001097
(ii) Δc = +0.01,global (run-level prediction),1,1.332571,-0.001577,0.000000,-0.001577,0.6355,-0.007240,0.004233,nan,nan
(ii) Δc = +0.01,global (period-level prediction),1,1.332571,-0.001577,0.000858,-0.002435,0.1121,-0.005071,-0.000049,nan,nan
(ii) Δc = +0.01,W60,2,1.186484,-0.000933,-0.001780,0.000847,0.6064,-0.002067,0.003683,0.000596,0.001078
(ii) Δc = +0.01,global (run-level prediction),2,1.334017,-0.000571,0.000000,-0.000571,0.8610,-0.006587,0.005286,nan,nan
(ii) Δc = +0.01,global (period-level prediction),2,1.334017,-0.000571,0.000677,-0.001248,0.5070,-0.004812,0.002281,nan,nan
(ii) Δc = +0.01,W60,3,1.192302,-0.000684,-0.000358,-0.000326,0.7626,-0.002218,0.001823,-0.000203,-0.002067
(ii) Δc = +0.01,global (run-level prediction),3,1.341721,-0.003888,-0.000000,-0.003888,0.1824,-0.008556,0.001421,nan,nan
(ii) Δc = +0.01,global (period-level prediction),3,1.341721,-0.003888,-0.002275,-0.001612,0.3711,-0.004894,0.001525,nan,nan
(ii) Δc = +0.01,W60,4,1.188569,-0.000270,0.000059,-0.000329,0.7465,-0.002330,0.001493,0.000238,-0.000505
(ii) Δc = +0.01,global (run-level prediction),4,1.336045,-0.001076,0.000000,-0.001076,0.6864,-0.005956,0.003962,nan,nan
(ii) Δc = +0.01,global (period-level prediction),4,1.336045,-0.001076,0.000311,-0.001387,0.5438,-0.005813,0.002573,nan,nan
(ii) Δc = +0.01,W60,5,1.187943,-0.000231,-0.001562,0.001332,0.2854,-0.000799,0.003623,0.000136,-0.000129
(ii) Δc = +0.01,global (run-level prediction),5,1.334121,-0.002198,-0.000000,-0.002198,0.4418,-0.007471,0.002860,nan,nan
(ii) Δc = +0.01,global (period-level prediction),5,1.334121,-0.002198,-0.000009,-0.002189,0.4058,-0.007622,0.001908,nan,nan
(ii) Δc = +0.01,W60,6,1.190832,0.000598,-0.000223,0.000820,0.3516,-0.000727,0.002470,0.000629,0.000036
(ii) Δc = +0.01,global (run-level prediction),6,1.337005,0.000409,0.000000,0.000409,0.8707,-0.003841,0.005249,nan,nan
(ii) Δc = +0.01,global (period-level prediction),6,1.337005,0.000409,0.001314,-0.000905,0.5726,-0.003759,0.002189,nan,nan
(ii) Δc = +0.01,W60,7,1.184939,-0.003566,-0.004314,0.000748,0.5126,-0.001217,0.002781,0.000035,0.001781
(ii) Δc = +0.01,global (run-level prediction),7,1.332718,-0.006964,-0.000000,-0.006964,0.0490,-0.013532,-0.001151,nan,nan
(ii) Δc = +0.01,global (period-level prediction),7,1.332718,-0.006964,-0.004684,-0.002279,0.3984,-0.007419,0.002497,nan,nan
(ii) Δc = +0.01,W60,8,1.186325,-0.000887,-0.000284,-0.000603,0.6549,-0.003039,0.001881,0.000200,-0.001310
(ii) Δc = +0.01,global (run-level prediction),8,1.330653,0.001403,0.000000,0.001403,0.6727,-0.004992,0.007583,nan,nan
(ii) Δc = +0.01,global (period-level prediction),8,1.330653,0.001403,0.000612,0.000790,0.6703,-0.002538,0.004243,nan,nan
(ii) Δc = +0.01,W60,9,1.189283,-0.001723,0.000364,-0.002087,0.1444,-0.004682,0.000420,0.000186,0.000638
(ii) Δc = +0.01,global (run-level prediction),9,1.336636,-0.002425,0.000000,-0.002425,0.4395,-0.007790,0.002935,nan,nan
(ii) Δc = +0.01,global (period-level prediction),9,1.336636,-0.002425,0.000237,-0.002662,0.0773,-0.005281,0.000023,nan,nan
(ii) Δc = +0.01,W60,10,1.184753,0.001352,0.000467,0.000885,0.5996,-0.002080,0.003854,-0.000174,-0.000091
(ii) Δc = +0.01,global (run-level prediction),10,1.332837,0.000892,-0.000000,0.000892,0.6998,-0.002973,0.005076,nan,nan
(ii) Δc = +0.01,global (period-level prediction),10,1.332837,0.000892,-0.001971,0.002863,0.1841,-0.000891,0.006684,nan,nan
(ii) Δc = +0.01,W60,11,1.185085,0.002924,0.002569,0.000355,0.8176,-0.002576,0.003144,-0.000282,-0.000295
(ii) Δc = +0.01,global (run-level prediction),11,1.332922,-0.000285,-0.000000,-0.000285,0.9426,-0.006829,0.007256,nan,nan
(ii) Δc = +0.01,global (period-level prediction),11,1.332922,-0.000285,-0.000288,0.000003,0.9995,-0.004590,0.004394,nan,nan
(ii) Δc = +0.01,W60,12,1.188893,-0.001269,-0.001576,0.000307,0.7427,-0.001422,0.001940,0.000346,-0.000408
(ii) Δc = +0.01,global (run-level prediction),12,1.336683,-0.003990,0.000000,-0.003990,0.1709,-0.009112,0.000607,nan,nan
(ii) Δc = +0.01,global (period-level prediction),12,1.336683,-0.003990,-0.004100,0.000110,0.9536,-0.003517,0.003551,nan,nan
(ii) Δc = +0.01,W60,13,1.188962,-0.002876,-0.001485,-0.001392,0.3035,-0.003835,0.000978,0.001073,0.001039
(ii) Δc = +0.01,global (run-level prediction),13,1.335750,-0.003835,-0.000000,-0.003835,0.2645,-0.009682,0.002660,nan,nan
(ii) Δc = +0.01,global (period-level prediction),13,1.335750,-0.003835,-0.001603,-0.002233,0.2618,-0.005615,0.001665,nan,nan
(ii) Δc = +0.01,W60,14,1.190322,-0.002718,-0.001297,-0.001421,0.2579,-0.003682,0.001253,0.000112,0.000108
(ii) Δc = +0.01,global (run-level prediction),14,1.336839,-0.000256,0.000000,-0.000256,0.9250,-0.004620,0.004051,nan,nan
(ii) Δc = +0.01,global (period-level prediction),14,1.336839,-0.000256,0.000175,-0.000431,0.8568,-0.004934,0.004078,nan,nan
(ii) Δc = +0.01,W60,15,1.186575,0.001525,0.000141,0.001384,0.2246,-0.000558,0.003542,0.000003,-0.001462
(ii) Δc = +0.01,global (run-level prediction),15,1.335060,-0.000269,-0.000000,-0.000269,0.9248,-0.005714,0.004806,nan,nan
(ii) Δc = +0.01,global (period-level prediction),15,1.335060,-0.000269,0.000796,-0.001065,0.4974,-0.004074,0.001648,nan,nan
(ii) Δc = +0.01,W60,16,1.186106,0.002389,0.002766,-0.000378,0.7681,-0.003056,0.001960,0.000207,-0.001216
(ii) Δc = +0.01,global (run-level prediction),16,1.332037,0.003665,-0.000000,0.003665,0.3066,-0.002873,0.009735,nan,nan
(ii) Δc = +0.01,global (period-level prediction),16,1.332037,0.003665,0.002649,0.001016,0.5752,-0.001813,0.004312,nan,nan
(ii) Δc = +0.01,W60,17,1.187660,-0.001258,-0.002708,0.001451,0.2465,-0.000802,0.003655,-0.000387,-0.000624
(ii) Δc = +0.01,global (run-level prediction),17,1.334572,-0.001780,0.000000,-0.001780,0.4745,-0.006044,0.003049,nan,nan
(ii) Δc = +0.01,global (period-level prediction),17,1.334572,-0.001780,-0.001477,-0.000304,0.8466,-0.003169,0.002341,nan,nan
(ii) Δc = +0.01,W60,18,1.189029,-0.002257,-0.002006,-0.000251,0.8926,-0.003594,0.003232,0.000020,-0.001174
(ii) Δc = +0.01,global (run-level prediction),18,1.338317,-0.004623,-0.000000,-0.004623,0.2007,-0.011845,0.001223,nan,nan
(ii) Δc = +0.01,global (period-level prediction),18,1.338317,-0.004623,-0.001949,-0.002674,0.2000,-0.006409,0.000979,nan,nan
(ii) Δc = +0.01,W60,19,1.189161,-0.002333,-0.003159,0.000825,0.5105,-0.001607,0.003171,0.000877,-0.001562
(ii) Δc = +0.01,global (run-level prediction),19,1.336392,-0.002238,-0.000000,-0.002238,0.6533,-0.011199,0.006414,nan,nan
(ii) Δc = +0.01,global (period-level prediction),19,1.336392,-0.002238,-0.001074,-0.001164,0.6779,-0.006590,0.003574,nan,nan
(ii) Δc = +0.01,W60,20,1.187743,0.002095,0.000575,0.001520,0.0339,0.000401,0.002700,0.000515,0.000296
(ii) Δc = +0.01,global (run-level prediction),20,1.336197,-0.001353,0.000000,-0.001353,0.6959,-0.008032,0.005413,nan,nan
(ii) Δc = +0.01,global (period-level prediction),20,1.336197,-0.001353,-0.000912,-0.000440,0.8298,-0.004562,0.003086,nan,nan
(ii) Δc = +0.01,W60,21,1.186729,0.006134,0.004412,0.001722,0.2758,-0.001226,0.004588,0.000115,-0.000192
(ii) Δc = +0.01,global (run-level prediction),21,1.337361,-0.002128,-0.000000,-0.002128,0.5261,-0.008121,0.004280,nan,nan
(ii) Δc = +0.01,global (period-level prediction),21,1.337361,-0.002128,0.000292,-0.002420,0.1691,-0.005292,0.000820,nan,nan
(ii) Δc = +0.01,W60,22,1.189035,0.002027,0.001029,0.000998,0.4451,-0.001332,0.003379,0.000207,-0.000058
(ii) Δc = +0.01,global (run-level prediction),22,1.335800,0.002626,0.000000,0.002626,0.4279,-0.003264,0.008947,nan,nan
(ii) Δc = +0.01,global (period-level prediction),22,1.335800,0.002626,0.001054,0.001572,0.4707,-0.002452,0.005557,nan,nan
(ii) Δc = +0.01,W60,23,1.186572,0.002603,0.003307,-0.000704,0.5088,-0.002717,0.001290,0.000556,-0.000351
(ii) Δc = +0.01,global (run-level prediction),23,1.335203,0.001969,-0.000000,0.001969,0.5934,-0.004690,0.008894,nan,nan
(ii) Δc = +0.01,global (period-level prediction),23,1.335203,0.001969,0.001538,0.000431,0.8416,-0.003909,0.004831,nan,nan
(ii) Δc = +0.01,W60,24,1.186305,0.002989,0.001225,0.001764,0.1964,-0.000687,0.003916,0.000465,0.001916
(ii) Δc = +0.01,global (run-level prediction),24,1.335034,-0.003733,0.000000,-0.003733,0.2473,-0.009230,0.002272,nan,nan
(ii) Δc = +0.01,global (period-level prediction),24,1.335034,-0.003733,-0.000293,-0.003440,0.0463,-0.006395,-0.000650,nan,nan
(ii) Δc = +0.01,W60,25,1.185541,-0.002882,-0.002056,-0.000826,0.4845,-0.002860,0.001406,0.000406,0.001494
(ii) Δc = +0.01,global (run-level prediction),25,1.331016,-0.002437,0.000000,-0.002437,0.5588,-0.009901,0.005661,nan,nan
(ii) Δc = +0.01,global (period-level prediction),25,1.331016,-0.002437,-0.002893,0.000456,0.7877,-0.002664,0.003705,nan,nan
(ii) Δc = +0.01,W60,26,1.187585,-0.000386,-0.001365,0.000979,0.2885,-0.000547,0.002550,0.000494,-0.001406
(ii) Δc = +0.01,global (run-level prediction),26,1.333636,0.001193,0.000000,0.001193,0.5634,-0.002681,0.004814,nan,nan
(ii) Δc = +0.01,global (period-level prediction),26,1.333636,0.001193,-0.000053,0.001245,0.3245,-0.000755,0.003699,nan,nan
(ii) Δc = +0.01,W60,27,1.187877,0.002447,0.000854,0.001593,0.0831,-0.000163,0.003226,0.000188,0.000466
(ii) Δc = +0.01,global (run-level prediction),27,1.336749,-0.000632,-0.000000,-0.000632,0.8280,-0.005660,0.004774,nan,nan
(ii) Δc = +0.01,global (period-level prediction),27,1.336749,-0.000632,-0.001510,0.000878,0.7831,-0.005264,0.006472,nan,nan
(ii) Δc = +0.01,W60,28,1.183613,0.004132,0.002152,0.001979,0.1790,-0.000549,0.004589,-0.000105,-0.000645
(ii) Δc = +0.01,global (run-level prediction),28,1.332466,-0.000290,0.000000,-0.000290,0.9332,-0.007197,0.006088,nan,nan
(ii) Δc = +0.01,global (period-level prediction),28,1.332466,-0.000290,0.002121,-0.002411,0.1929,-0.005745,0.000920,nan,nan
(ii) Δc = +0.01,W60,29,1.186799,-0.000544,-0.001237,0.000693,0.6483,-0.002209,0.003385,-0.000070,-0.000193
(ii) Δc = +0.01,global (run-level prediction),29,1.332701,0.000444,0.000000,0.000444,0.9135,-0.006901,0.007937,nan,nan
(ii) Δc = +0.01,global (period-level prediction),29,1.332701,0.000444,-0.000388,0.000831,0.6497,-0.002404,0.004307,nan,nan
(ii) Δc = +0.01,W60,30,1.187008,0.000029,-0.000330,0.000359,0.8279,-0.002566,0.003503,0.000284,-0.001486
(ii) Δc = +0.01,global (run-level prediction),30,1.332928,0.001524,-0.000000,0.001524,0.5631,-0.003287,0.006434,nan,nan
(ii) Δc = +0.01,global (period-level prediction),30,1.332928,0.001524,-0.001861,0.003385,0.1295,-0.000469,0.007162,nan,nan
(ii) Δc = +0.01,W60,31,1.190739,0.001637,0.000018,0.001619,0.2504,-0.000795,0.004022,0.000582,-0.001099
(ii) Δc = +0.01,global (run-level prediction),31,1.337844,0.000930,-0.000000,0.000930,0.7819,-0.005374,0.007867,nan,nan
(ii) Δc = +0.01,global (period-level prediction),31,1.337844,0.000930,-0.001226,0.002156,0.2887,-0.001473,0.005973,nan,nan
(ii) Δc = +0.01,W60,32,1.188701,0.002048,0.002141,-0.000093,0.9017,-0.001462,0.001349,0.000123,-0.000124
(ii) Δc = +0.01,global (run-level prediction),32,1.335543,0.001645,-0.000000,0.001645,0.5869,-0.003721,0.007272,nan,nan
(ii) Δc = +0.01,global (period-level prediction),32,1.335543,0.001645,0.003451,-0.001806,0.4508,-0.006458,0.002172,nan,nan
(ii) Δc = +0.01,W60,33,1.186275,0.004832,0.004344,0.000488,0.7217,-0.001923,0.003115,0.000105,-0.000602
(ii) Δc = +0.01,global (run-level prediction),33,1.329981,0.008537,-0.000000,0.008537,0.0171,0.002684,0.013820,nan,nan
(ii) Δc = +0.01,global (period-level prediction),33,1.329981,0.008537,0.005501,0.003036,0.0721,0.000345,0.005966,nan,nan
(ii) Δc = +0.01,W60,34,1.190339,0.002190,0.001634,0.000556,0.6477,-0.001522,0.002759,-0.000180,0.000178
(ii) Δc = +0.01,global (run-level prediction),34,1.338772,-0.000619,0.000000,-0.000619,0.8309,-0.005795,0.004667,nan,nan
(ii) Δc = +0.01,global (period-level prediction),34,1.338772,-0.000619,0.000030,-0.000649,0.6757,-0.003472,0.002172,nan,nan
(ii) Δc = +0.01,W60,35,1.187721,0.003394,0.001413,0.001981,0.1565,-0.000384,0.004465,0.000378,-0.001467
(ii) Δc = +0.01,global (run-level prediction),35,1.331158,0.005995,-0.000000,0.005995,0.0425,0.001196,0.011852,nan,nan
(ii) Δc = +0.01,global (period-level prediction),35,1.331158,0.005995,0.001144,0.004851,0.0153,0.001630,0.007897,nan,nan
(ii) Δc = +0.01,W60,36,1.188005,-0.000971,-0.001682,0.000711,0.5034,-0.001140,0.002664,0.000840,-0.001064
(ii) Δc = +0.01,global (run-level prediction),36,1.336410,-0.002605,-0.000000,-0.002605,0.5516,-0.010577,0.005312,nan,nan
(ii) Δc = +0.01,global (period-level prediction),36,1.336410,-0.002605,-0.001815,-0.000790,0.7758,-0.005457,0.004561,nan,nan
(ii) Δc = +0.01,W60,37,1.192731,-0.004945,-0.003452,-0.001493,0.1870,-0.003588,0.000261,0.000021,-0.000105
(ii) Δc = +0.01,global (run-level prediction),37,1.338412,-0.005341,0.000000,-0.005341,0.0551,-0.009853,-0.000770,nan,nan
(ii) Δc = +0.01,global (period-level prediction),37,1.338412,-0.005341,-0.002815,-0.002526,0.3223,-0.007057,0.002404,nan,nan
(ii) Δc = +0.01,W60,38,1.187207,0.001708,0.002290,-0.000583,0.6223,-0.002638,0.001445,0.000662,0.000403
(ii) Δc = +0.01,global (run-level prediction),38,1.332291,0.004291,-0.000000,0.004291,0.2296,-0.001845,0.010704,nan,nan
(ii) Δc = +0.01,global (period-level prediction),38,1.332291,0.004291,-0.000602,0.004893,0.0095,0.001558,0.008076,nan,nan
(ii) Δc = +0.01,W60,39,1.188433,-0.004721,-0.002541,-0.002180,0.0046,-0.003762,-0.000934,0.000283,0.000632
(ii) Δc = +0.01,global (run-level prediction),39,1.334852,-0.002309,0.000000,-0.002309,0.1368,-0.004888,0.000639,nan,nan
(ii) Δc = +0.01,global (period-level prediction),39,1.334852,-0.002309,0.000432,-0.002740,0.0974,-0.005649,0.000206,nan,nan
(ii) Δc = +0.01,W60,40,1.188892,-0.001057,-0.001478,0.000421,0.5420,-0.000860,0.001687,0.000308,-0.001347
(ii) Δc = +0.01,global (run-level prediction),40,1.337089,0.002356,-0.000000,0.002356,0.5562,-0.005407,0.009490,nan,nan
(ii) Δc = +0.01,global (period-level prediction),40,1.337089,0.002356,0.001811,0.000546,0.8235,-0.004166,0.005062,nan,nan
(ii) Δc = +0.01,W60,41,1.187107,0.004128,0.002910,0.001219,0.3358,-0.001098,0.003543,0.000670,0.000380
(ii) Δc = +0.01,global (run-level prediction),41,1.333515,0.006178,-0.000000,0.006178,0.0515,0.000319,0.011357,nan,nan
(ii) Δc = +0.01,global (period-level prediction),41,1.333515,0.006178,0.002382,0.003796,0.0576,0.000476,0.007322,nan,nan
(ii) Δc = +0.01,W60,42,1.190950,-0.007436,-0.006928,-0.000508,0.6063,-0.002323,0.001114,0.000204,0.001450
(ii) Δc = +0.01,global (run-level prediction),42,1.334331,-0.004399,-0.000000,-0.004399,0.1511,-0.009822,0.000876,nan,nan
(ii) Δc = +0.01,global (period-level prediction),42,1.334331,-0.004399,-0.005323,0.000924,0.5115,-0.001664,0.003525,nan,nan
(ii) Δc = +0.01,W60,43,1.190147,-0.004687,-0.006122,0.001435,0.2944,-0.001056,0.003907,-0.000010,-0.001167
(ii) Δc = +0.01,global (run-level prediction),43,1.340423,-0.007096,0.000000,-0.007096,0.0029,-0.010756,-0.003463,nan,nan
(ii) Δc = +0.01,global (period-level prediction),43,1.340423,-0.007096,-0.005516,-0.001579,0.3779,-0.004962,0.001897,nan,nan
(ii) Δc = +0.01,W60,44,1.184798,0.000284,0.000320,-0.000036,0.9738,-0.002209,0.001951,-0.000246,0.000993
(ii) Δc = +0.01,global (run-level prediction),44,1.333633,-0.000863,-0.000000,-0.000863,0.7906,-0.007144,0.004169,nan,nan
(ii) Δc = +0.01,global (period-level prediction),44,1.333633,-0.000863,0.001243,-0.002107,0.3387,-0.006098,0.001454,nan,nan
(ii) Δc = +0.01,W60,45,1.190136,-0.001524,-0.002775,0.001251,0.2496,-0.000862,0.003086,0.000269,-0.001220
(ii) Δc = +0.01,global (run-level prediction),45,1.337426,-0.001387,-0.000000,-0.001387,0.7080,-0.008583,0.005216,nan,nan
(ii) Δc = +0.01,global (period-level prediction),45,1.337426,-0.001387,-0.000007,-0.001380,0.4791,-0.005018,0.002108,nan,nan
(ii) Δc = +0.01,W60,46,1.185571,0.004590,0.005049,-0.000459,0.6514,-0.002278,0.001480,0.000224,-0.000299
(ii) Δc = +0.01,global (run-level prediction),46,1.331668,0.008438,-0.000000,0.008438,0.0607,0.000500,0.015893,nan,nan
(ii) Δc = +0.01,global (period-level prediction),46,1.331668,0.008438,0.005520,0.002918,0.2328,-0.001776,0.007041,nan,nan
(ii) Δc = +0.01,W60,47,1.186067,0.001893,0.000125,0.001768,0.1947,-0.000525,0.004101,0.000025,0.000897
(ii) Δc = +0.01,global (run-level prediction),47,1.333905,0.000186,0.000000,0.000186,0.9650,-0.008111,0.008840,nan,nan
(ii) Δc = +0.01,global (period-level prediction),47,1.333905,0.000186,0.000184,0.000002,0.9998,-0.005111,0.004890,nan,nan
(ii) Δc = +0.01,W60,48,1.187027,-0.002349,0.000368,-0.002717,0.0663,-0.005070,-0.000298,0.000479,0.001199
(ii) Δc = +0.01,global (run-level prediction),48,1.336337,-0.004198,-0.000000,-0.004198,0.1003,-0.008679,0.000425,nan,nan
(ii) Δc = +0.01,global (period-level prediction),48,1.336337,-0.004198,-0.002844,-0.001353,0.4249,-0.004473,0.001551,nan,nan
(ii) Δc = +0.01,W60,49,1.183651,0.004066,0.002941,0.001125,0.3684,-0.001148,0.003252,0.000579,-0.000094
(ii) Δc = +0.01,global (run-level prediction),49,1.331342,0.003306,-0.000000,0.003306,0.4031,-0.003713,0.010122,nan,nan
(ii) Δc = +0.01,global (period-level prediction),49,1.331342,0.003306,0.004551,-0.001245,0.6271,-0.005559,0.003790,nan,nan
(ii) Δc = +0.01,W60,50,1.188519,0.001033,0.000488,0.000546,0.6512,-0.001666,0.002902,0.000426,-0.000719
(ii) Δc = +0.01,global (run-level prediction),50,1.334408,0.002597,0.000000,0.002597,0.4333,-0.003192,0.008493,nan,nan
(ii) Δc = +0.01,global (period-level prediction),50,1.334408,0.002597,0.000979,0.001618,0.4448,-0.002337,0.005587,nan,nan
(ii) Δc = +0.02,W60,1,1.185092,0.003587,0.003370,0.000217,0.8168,-0.001490,0.002091,0.000605,-0.000938
(ii) Δc = +0.02,global (run-level prediction),1,1.336683,-0.000823,0.000000,-0.000823,0.7853,-0.006293,0.004722,nan,nan
(ii) Δc = +0.02,global (period-level prediction),1,1.336683,-0.000823,0.002385,-0.003209,0.0933,-0.006606,0.000020,nan,nan
(ii) Δc = +0.02,W60,2,1.187550,0.001444,0.001801,-0.000357,0.7561,-0.002299,0.001810,0.000378,0.000420
(ii) Δc = +0.02,global (run-level prediction),2,1.335150,0.000948,-0.000000,0.000948,0.8146,-0.006846,0.008121,nan,nan
(ii) Δc = +0.02,global (period-level prediction),2,1.335150,0.000948,-0.000373,0.001321,0.5596,-0.002981,0.005478,nan,nan
(ii) Δc = +0.02,W60,3,1.186965,0.002500,0.000935,0.001566,0.0830,0.000060,0.003168,0.000937,-0.001457
(ii) Δc = +0.02,global (run-level prediction),3,1.332501,0.000740,0.000000,0.000740,0.8290,-0.005652,0.006449,nan,nan
(ii) Δc = +0.02,global (period-level prediction),3,1.332501,0.000740,-0.000793,0.001533,0.5079,-0.002461,0.005753,nan,nan
(ii) Δc = +0.02,W60,4,1.188934,0.000906,0.001351,-0.000445,0.6775,-0.002260,0.001664,0.000429,-0.000407
(ii) Δc = +0.02,global (run-level prediction),4,1.334743,0.002936,-0.000000,0.002936,0.2048,-0.001232,0.007075,nan,nan
(ii) Δc = +0.02,global (period-level prediction),4,1.334743,0.002936,0.000428,0.002508,0.0013,0.001376,0.003647,nan,nan
(ii) Δc = +0.02,W60,5,1.192718,-0.000993,0.002410,-0.003402,0.0120,-0.005803,-0.001293,0.000408,0.001896
(ii) Δc = +0.02,global (run-level prediction),5,1.338489,0.002054,-0.000000,0.002054,0.5396,-0.004135,0.008299,nan,nan
(ii) Δc = +0.02,global (period-level prediction),5,1.338489,0.002054,0.002798,-0.000744,0.7388,-0.004952,0.003489,nan,nan
(ii) Δc = +0.02,W60,6,1.187137,0.004337,0.003249,0.001088,0.3879,-0.001276,0.003359,0.000348,0.000830
(ii) Δc = +0.02,global (run-level prediction),6,1.334098,0.000243,0.000000,0.000243,0.9551,-0.007550,0.007703,nan,nan
(ii) Δc = +0.02,global (period-level prediction),6,1.334098,0.000243,-0.001028,0.001272,0.6006,-0.003224,0.005764,nan,nan
(ii) Δc = +0.02,W60,7,1.184324,0.005219,0.004110,0.001109,0.0952,-0.000084,0.002210,0.000012,-0.001758
(ii) Δc = +0.02,global (run-level prediction),7,1.331724,0.002061,-0.000000,0.002061,0.6288,-0.005121,0.009970,nan,nan
(ii) Δc = +0.02,global (period-level prediction),7,1.331724,0.002061,0.003220,-0.001159,0.5804,-0.004932,0.002822,nan,nan
(ii) Δc = +0.02,W60,8,1.189534,-0.000867,-0.000701,-0.000166,0.9005,-0.002582,0.002488,0.000599,-0.001131
(ii) Δc = +0.02,global (run-level prediction),8,1.336555,-0.000071,-0.000000,-0.000071,0.9855,-0.006272,0.006724,nan,nan
(ii) Δc = +0.02,global (period-level prediction),8,1.336555,-0.000071,0.000499,-0.000570,0.7396,-0.003313,0.002806,nan,nan
(ii) Δc = +0.02,W60,9,1.185536,-0.000845,0.000768,-0.001612,0.2072,-0.003897,0.000571,0.000541,-0.000330
(ii) Δc = +0.02,global (run-level prediction),9,1.329923,0.001365,-0.000000,0.001365,0.6252,-0.003454,0.006416,nan,nan
(ii) Δc = +0.02,global (period-level prediction),9,1.329923,0.001365,0.001639,-0.000274,0.8641,-0.002987,0.002739,nan,nan
(ii) Δc = +0.02,W60,10,1.188159,0.000789,0.001113,-0.000324,0.7977,-0.002561,0.002057,0.000788,0.000803
(ii) Δc = +0.02,global (run-level prediction),10,1.334858,0.004966,-0.000000,0.004966,0.1952,-0.001614,0.011292,nan,nan
(ii) Δc = +0.02,global (period-level prediction),10,1.334858,0.004966,0.003158,0.001808,0.4604,-0.002528,0.006826,nan,nan
(ii) Δc = +0.02,W60,11,1.191697,-0.001102,-0.000080,-0.001022,0.1688,-0.002280,0.000371,0.000366,-0.000663
(ii) Δc = +0.02,global (run-level prediction),11,1.340855,0.000229,-0.000000,0.000229,0.9452,-0.006074,0.006495,nan,nan
(ii) Δc = +0.02,global (period-level prediction),11,1.340855,0.000229,0.001291,-0.001062,0.5934,-0.005069,0.002704,nan,nan
(ii) Δc = +0.02,W60,12,1.186986,-0.000165,-0.000459,0.000294,0.8192,-0.002234,0.002455,0.000376,-0.000942
(ii) Δc = +0.02,global (run-level prediction),12,1.334248,-0.002082,0.000000,-0.002082,0.6121,-0.009332,0.005581,nan,nan
(ii) Δc = +0.02,global (period-level prediction),12,1.334248,-0.002082,-0.001784,-0.000298,0.9083,-0.004608,0.004290,nan,nan
(ii) Δc = +0.02,W60,13,1.190809,0.000626,-0.000155,0.000781,0.6031,-0.002093,0.003283,0.000618,-0.000232
(ii) Δc = +0.02,global (run-level prediction),13,1.339048,0.001883,0.000000,0.001883,0.4573,-0.002557,0.006583,nan,nan
(ii) Δc = +0.02,global (period-level prediction),13,1.339048,0.001883,-0.001255,0.003138,0.1328,-0.000522,0.006887,nan,nan
(ii) Δc = +0.02,W60,14,1.186744,0.001025,0.001151,-0.000126,0.9183,-0.002288,0.002176,0.000446,0.001352
(ii) Δc = +0.02,global (run-level prediction),14,1.333883,0.000006,0.000000,0.000006,0.9985,-0.005803,0.006006,nan,nan
(ii) Δc = +0.02,global (period-level prediction),14,1.333883,0.000006,-0.000665,0.000671,0.6998,-0.002448,0.003863,nan,nan
(ii) Δc = +0.02,W60,15,1.188701,0.000072,0.000598,-0.000526,0.7255,-0.003063,0.002298,0.000585,0.000847
(ii) Δc = +0.02,global (run-level prediction),15,1.337510,-0.000097,-0.000000,-0.000097,0.9730,-0.005747,0.005721,nan,nan
(ii) Δc = +0.02,global (period-level prediction),15,1.337510,-0.000097,0.001219,-0.001315,0.5417,-0.005262,0.002585,nan,nan
(ii) Δc = +0.02,W60,16,1.191481,0.002865,0.003407,-0.000543,0.6189,-0.002636,0.001531,0.000180,0.000439
(ii) Δc = +0.02,global (run-level prediction),16,1.340214,-0.000033,0.000000,-0.000033,0.9932,-0.007177,0.006523,nan,nan
(ii) Δc = +0.02,global (period-level prediction),16,1.340214,-0.000033,-0.000333,0.000300,0.8799,-0.003225,0.003679,nan,nan
(ii) Δc = +0.02,W60,17,1.188542,0.000380,0.000539,-0.000159,0.8934,-0.002233,0.002052,0.000366,0.000282
(ii) Δc = +0.02,global (run-level prediction),17,1.334051,0.000774,0.000000,0.000774,0.7994,-0.004566,0.006314,nan,nan
(ii) Δc = +0.02,global (period-level prediction),17,1.334051,0.000774,0.000895,-0.000122,0.9509,-0.003498,0.002855,nan,nan
(ii) Δc = +0.02,W60,18,1.183982,0.001261,0.000293,0.000968,0.3530,-0.000869,0.002808,0.000782,-0.001841
(ii) Δc = +0.02,global (run-level prediction),18,1.333883,-0.003242,-0.000000,-0.003242,0.3630,-0.009982,0.003451,nan,nan
(ii) Δc = +0.02,global (period-level prediction),18,1.333883,-0.003242,-0.004482,0.001239,0.5182,-0.002184,0.004623,nan,nan
(ii) Δc = +0.02,W60,19,1.188440,-0.001837,0.000353,-0.002190,0.1538,-0.004959,0.000731,0.000704,0.001020
(ii) Δc = +0.02,global (run-level prediction),19,1.337625,-0.004212,-0.000000,-0.004212,0.2383,-0.011153,0.002653,nan,nan
(ii) Δc = +0.02,global (period-level prediction),19,1.337625,-0.004212,-0.000485,-0.003726,0.0986,-0.008014,0.000450,nan,nan
(ii) Δc = +0.02,W60,20,1.191070,-0.000389,0.001188,-0.001577,0.1622,-0.003627,0.000203,-0.000262,-0.000349
(ii) Δc = +0.02,global (run-level prediction),20,1.337070,-0.001902,0.000000,-0.001902,0.4417,-0.006455,0.003001,nan,nan
(ii) Δc = +0.02,global (period-level prediction),20,1.337070,-0.001902,0.000470,-0.002372,0.2539,-0.006021,0.001262,nan,nan
(ii) Δc = +0.02,W60,21,1.190635,-0.001258,-0.001376,0.000118,0.9462,-0.003279,0.003124,0.000463,0.000812
(ii) Δc = +0.02,global (run-level prediction),21,1.338818,-0.001488,0.000000,-0.001488,0.6180,-0.006519,0.004078,nan,nan
(ii) Δc = +0.02,global (period-level prediction),21,1.338818,-0.001488,-0.001129,-0.000358,0.8342,-0.003218,0.002785,nan,nan
(ii) Δc = +0.02,W60,22,1.187216,-0.000720,-0.000226,-0.000494,0.6116,-0.002414,0.001351,0.000455,0.002322
(ii) Δc = +0.02,global (run-level prediction),22,1.334004,0.000539,-0.000000,0.000539,0.8265,-0.004149,0.004870,nan,nan
(ii) Δc = +0.02,global (period-level prediction),22,1.334004,0.000539,-0.001805,0.002343,0.1604,-0.000568,0.005154,nan,nan
(ii) Δc = +0.02,W60,23,1.185864,0.003854,0.002780,0.001074,0.3334,-0.000728,0.002998,0.000822,-0.000798
(ii) Δc = +0.02,global (run-level prediction),23,1.333742,0.005082,-0.000000,0.005082,0.0804,-0.000237,0.009776,nan,nan
(ii) Δc = +0.02,global (period-level prediction),23,1.333742,0.005082,0.001786,0.003297,0.0813,-0.000269,0.006388,nan,nan
(ii) Δc = +0.02,W60,24,1.185531,0.001339,0.003499,-0.002159,0.1525,-0.004825,0.000796,0.000193,-0.001369
(ii) Δc = +0.02,global (run-level prediction),24,1.335327,0.000023,-0.000000,0.000023,0.9944,-0.005725,0.006074,nan,nan
(ii) Δc = +0.02,global (period-level prediction),24,1.335327,0.000023,0.001309,-0.001286,0.4618,-0.004291,0.002162,nan,nan
(ii) Δc = +0.02,W60,25,1.185550,0.001613,0.000289,0.001325,0.3108,-0.001016,0.003761,0.000411,0.000154
(ii) Δc = +0.02,global (run-level prediction),25,1.330113,0.002672,0.000000,0.002672,0.5944,-0.006689,0.010705,nan,nan
(ii) Δc = +0.02,global (period-level prediction),25,1.330113,0.002672,0.001398,0.001274,0.5924,-0.002994,0.005619,nan,nan
(ii) Δc = +0.02,W60,26,1.188282,-0.001075,-0.003256,0.002181,0.0864,0.000099,0.004576,0.000770,-0.000765
(ii) Δc = +0.02,global (run-level prediction),26,1.336759,0.000401,0.000000,0.000401,0.9070,-0.006251,0.006911,nan,nan
(ii) Δc = +0.02,global (period-level prediction),26,1.336759,0.000401,-0.002171,0.002572,0.1361,-0.000448,0.005701,nan,nan
(ii) Δc = +0.02,W60,27,1.184179,0.002695,0.005529,-0.002833,0.0677,-0.005359,-0.000280,0.000453,0.001554
(ii) Δc = +0.02,global (run-level prediction),27,1.330088,0.006562,0.000000,0.006562,0.1097,-0.000581,0.014246,nan,nan
(ii) Δc = +0.02,global (period-level prediction),27,1.330088,0.006562,0.006830,-0.000267,0.9004,-0.004248,0.003482,nan,nan
(ii) Δc = +0.02,W60,28,1.186021,0.005789,0.006391,-0.000602,0.6005,-0.002691,0.001636,0.000410,-0.001512
(ii) Δc = +0.02,global (run-level prediction),28,1.332464,0.010530,0.000000,0.010530,0.0182,0.002681,0.016828,nan,nan
(ii) Δc = +0.02,global (period-level prediction),28,1.332464,0.010530,0.008369,0.002161,0.4476,-0.003474,0.007009,nan,nan
(ii) Δc = +0.02,W60,29,1.183844,-0.001592,-0.000410,-0.001182,0.2676,-0.003038,0.000872,0.000780,0.000397
(ii) Δc = +0.02,global (run-level prediction),29,1.329416,0.002172,0.000000,0.002172,0.3635,-0.002191,0.006274,nan,nan
(ii) Δc = +0.02,global (period-level prediction),29,1.329416,0.002172,-0.000724,0.002896,0.1244,-0.000449,0.006072,nan,nan
(ii) Δc = +0.02,W60,30,1.186339,-0.000861,-0.002804,0.001942,0.1210,-0.000182,0.004088,0.000431,-0.000897
(ii) Δc = +0.02,global (run-level prediction),30,1.332870,0.001106,0.000000,0.001106,0.7341,-0.005148,0.007346,nan,nan
(ii) Δc = +0.02,global (period-level prediction),30,1.332870,0.001106,-0.002820,0.003926,0.0830,0.000320,0.007930,nan,nan
(ii) Δc = +0.02,W60,31,1.186662,0.004255,0.006616,-0.002361,0.0171,-0.003940,-0.000753,0.000478,-0.000114
(ii) Δc = +0.02,global (run-level prediction),31,1.331819,0.006162,0.000000,0.006162,0.1116,-0.001888,0.012306,nan,nan
(ii) Δc = +0.02,global (period-level prediction),31,1.331819,0.006162,0.003968,0.002193,0.2001,-0.001070,0.005302,nan,nan
(ii) Δc = +0.02,W60,32,1.187274,-0.005501,-0.005073,-0.000428,0.7383,-0.002691,0.001992,0.000697,-0.000586
(ii) Δc = +0.02,global (run-level prediction),32,1.336321,-0.006307,0.000000,-0.006307,0.1302,-0.013454,0.000875,nan,nan
(ii) Δc = +0.02,global (period-level prediction),32,1.336321,-0.006307,-0.004500,-0.001807,0.4299,-0.005903,0.002444,nan,nan
(ii) Δc = +0.02,W60,33,1.189306,0.000335,0.000712,-0.000377,0.7660,-0.002628,0.002051,0.000604,-0.000744
(ii) Δc = +0.02,global (run-level prediction),33,1.335640,-0.001188,-0.000000,-0.001188,0.7461,-0.008341,0.006340,nan,nan
(ii) Δc = +0.02,global (period-level prediction),33,1.335640,-0.001188,0.000163,-0.001352,0.5526,-0.005373,0.002948,nan,nan
(ii) Δc = +0.02,W60,34,1.189250,-0.004620,-0.004539,-0.000081,0.9517,-0.002600,0.002355,0.000260,0.000402
(ii) Δc = +0.02,global (run-level prediction),34,1.337696,-0.005779,0.000000,-0.005779,0.0819,-0.011302,-0.000253,nan,nan
(ii) Δc = +0.02,global (period-level prediction),34,1.337696,-0.005779,-0.003701,-0.002078,0.1930,-0.004901,0.000667,nan,nan
(ii) Δc = +0.02,W60,35,1.188585,0.000489,-0.000291,0.000780,0.6268,-0.002257,0.003814,0.000834,-0.000801
(ii) Δc = +0.02,global (run-level prediction),35,1.336536,-0.004415,-0.000000,-0.004415,0.2928,-0.011471,0.004307,nan,nan
(ii) Δc = +0.02,global (period-level prediction),35,1.336536,-0.004415,-0.002102,-0.002314,0.1840,-0.005508,0.000812,nan,nan
(ii) Δc = +0.02,W60,36,1.185000,-0.000267,-0.000853,0.000586,0.6154,-0.001706,0.002708,0.000006,-0.000802
(ii) Δc = +0.02,global (run-level prediction),36,1.335085,-0.006494,-0.000000,-0.006494,0.0597,-0.012533,-0.000368,nan,nan
(ii) Δc = +0.02,global (period-level prediction),36,1.335085,-0.006494,-0.003993,-0.002501,0.3550,-0.007616,0.002165,nan,nan
(ii) Δc = +0.02,W60,37,1.186829,-0.001801,-0.001950,0.000149,0.9335,-0.003207,0.003560,0.000299,0.000059
(ii) Δc = +0.02,global (run-level prediction),37,1.336845,-0.001759,-0.000000,-0.001759,0.4384,-0.005920,0.002417,nan,nan
(ii) Δc = +0.02,global (period-level prediction),37,1.336845,-0.001759,-0.002380,0.000621,0.7662,-0.003543,0.004337,nan,nan
(ii) Δc = +0.02,W60,38,1.187299,0.000497,-0.000407,0.000905,0.3494,-0.000840,0.002667,0.000450,0.001029
(ii) Δc = +0.02,global (run-level prediction),38,1.335497,-0.001064,0.000000,-0.001064,0.7965,-0.008918,0.006517,nan,nan
(ii) Δc = +0.02,global (period-level prediction),38,1.335497,-0.001064,-0.002823,0.001759,0.5226,-0.002886,0.006900,nan,nan
(ii) Δc = +0.02,W60,39,1.192493,-0.004064,-0.004961,0.000897,0.5498,-0.001844,0.003604,0.000760,-0.000523
(ii) Δc = +0.02,global (run-level prediction),39,1.340940,-0.006294,0.000000,-0.006294,0.1217,-0.013518,0.000825,nan,nan
(ii) Δc = +0.02,global (period-level prediction),39,1.340940,-0.006294,-0.006853,0.000558,0.8306,-0.004167,0.005364,nan,nan
(ii) Δc = +0.02,W60,40,1.189332,-0.000150,0.000019,-0.000168,0.9030,-0.002740,0.002378,0.000508,0.000903
(ii) Δc = +0.02,global (run-level prediction),40,1.338308,-0.000836,0.000000,-0.000836,0.7924,-0.006865,0.005440,nan,nan
(ii) Δc = +0.02,global (period-level prediction),40,1.338308,-0.000836,0.001495,-0.002331,0.2010,-0.005705,0.000942,nan,nan
(ii) Δc = +0.02,W60,41,1.187975,-0.002360,-0.002527,0.000166,0.7703,-0.001087,0.001402,-0.000038,0.000090
(ii) Δc = +0.02,global (run-level prediction),41,1.336520,-0.002998,-0.000000,-0.002998,0.3322,-0.008410,0.002397,nan,nan
(ii) Δc = +0.02,global (period-level prediction),41,1.336520,-0.002998,-0.001823,-0.001176,0.5321,-0.004763,0.002165,nan,nan
(ii) Δc = +0.02,W60,42,1.189160,-0.000399,0.001274,-0.001674,0.1401,-0.003638,0.000167,0.000536,0.001593
(ii) Δc = +0.02,global (run-level prediction),42,1.337292,0.000940,0.000000,0.000940,0.7466,-0.004489,0.005973,nan,nan
(ii) Δc = +0.02,global (period-level prediction),42,1.337292,0.000940,-0.000065,0.001004,0.6418,-0.002983,0.004940,nan,nan
(ii) Δc = +0.02,W60,43,1.187266,-0.000225,0.000450,-0.000675,0.5271,-0.002596,0.001378,0.000458,-0.000075
(ii) Δc = +0.02,global (run-level prediction),43,1.333386,0.001276,-0.000000,0.001276,0.7810,-0.006688,0.010044,nan,nan
(ii) Δc = +0.02,global (period-level prediction),43,1.333386,0.001276,0.000829,0.000447,0.7800,-0.002467,0.003729,nan,nan
(ii) Δc = +0.02,W60,44,1.187272,-0.001547,-0.001054,-0.000493,0.7168,-0.002976,0.002137,0.000194,0.001062
(ii) Δc = +0.02,global (run-level prediction),44,1.336341,-0.001624,-0.000000,-0.001624,0.5824,-0.006810,0.003831,nan,nan
(ii) Δc = +0.02,global (period-level prediction),44,1.336341,-0.001624,0.001346,-0.002970,0.1147,-0.005792,0.000436,nan,nan
(ii) Δc = +0.02,W60,45,1.188738,-0.005771,-0.005075,-0.000696,0.6792,-0.004101,0.002207,0.000263,0.002389
(ii) Δc = +0.02,global (run-level prediction),45,1.335036,-0.006248,0.000000,-0.006248,0.0642,-0.012052,-0.000844,nan,nan
(ii) Δc = +0.02,global (period-level prediction),45,1.335036,-0.006248,-0.003042,-0.003206,0.1528,-0.007216,0.000459,nan,nan
(ii) Δc = +0.02,W60,46,1.186480,-0.000959,0.000109,-0.001068,0.2728,-0.002929,0.000748,0.000477,-0.000267
(ii) Δc = +0.02,global (run-level prediction),46,1.333361,-0.001842,0.000000,-0.001842,0.4990,-0.006698,0.003064,nan,nan
(ii) Δc = +0.02,global (period-level prediction),46,1.333361,-0.001842,-0.002449,0.000608,0.7047,-0.002509,0.003604,nan,nan
(ii) Δc = +0.02,W60,47,1.187192,-0.001355,-0.000773,-0.000582,0.6088,-0.002763,0.001516,0.000639,-0.000834
(ii) Δc = +0.02,global (run-level prediction),47,1.331883,0.002522,0.000000,0.002522,0.4620,-0.003920,0.008891,nan,nan
(ii) Δc = +0.02,global (period-level prediction),47,1.331883,0.002522,0.002627,-0.000104,0.9636,-0.003666,0.003720,nan,nan
(ii) Δc = +0.02,W60,48,1.188539,0.001289,0.000906,0.000383,0.6904,-0.001431,0.002054,0.000220,-0.001170
(ii) Δc = +0.02,global (run-level prediction),48,1.337672,0.000270,0.000000,0.000270,0.9232,-0.004506,0.005028,nan,nan
(ii) Δc = +0.02,global (period-level prediction),48,1.337672,0.000270,0.000028,0.000243,0.8809,-0.002553,0.002994,nan,nan
(ii) Δc = +0.02,W60,49,1.190447,0.001955,0.001962,-0.000007,0.9961,-0.002592,0.002105,0.000278,0.000132
(ii) Δc = +0.02,global (run-level prediction),49,1.338576,-0.000442,0.000000,-0.000442,0.8885,-0.006189,0.005357,nan,nan
(ii) Δc = +0.02,global (period-level prediction),49,1.338576,-0.000442,0.003466,-0.003908,0.0458,-0.006973,-0.000486,nan,nan
(ii) Δc = +0.02,W60,50,1.186349,0.003474,0.002133,0.001341,0.3374,-0.001064,0.003841,0.000239,-0.000494
(ii) Δc = +0.02,global (run-level prediction),50,1.333733,-0.000083,-0.000000,-0.000083,0.9816,-0.006127,0.006821,nan,nan
(ii) Δc = +0.02,global (period-level prediction),50,1.333733,-0.000083,0.001874,-0.001957,0.2333,-0.004942,0.000996,nan,nan
(ii) Δc = +0.03,W60,1,1.184467,0.000680,0.000188,0.000491,0.7101,-0.001891,0.002901,0.000688,-0.000425
(ii) Δc = +0.03,global (run-level prediction),1,1.334386,-0.001184,-0.000000,-0.001184,0.6924,-0.006350,0.004707,nan,nan
(ii) Δc = +0.03,global (period-level prediction),1,1.334386,-0.001184,0.001977,-0.003161,0.1716,-0.007031,0.001064,nan,nan
(ii) Δc = +0.03,W60,2,1.188907,0.003040,0.002378,0.000662,0.6116,-0.001533,0.003167,0.000451,-0.001746
(ii) Δc = +0.03,global (run-level prediction),2,1.338844,0.004521,0.000000,0.004521,0.1610,-0.001042,0.010241,nan,nan
(ii) Δc = +0.03,global (period-level prediction),2,1.338844,0.004521,0.004055,0.000466,0.8248,-0.003414,0.004152,nan,nan
(ii) Δc = +0.03,W60,3,1.186819,-0.002533,-0.002715,0.000183,0.8605,-0.001668,0.002214,0.000673,-0.000017
(ii) Δc = +0.03,global (run-level prediction),3,1.334119,-0.003061,-0.000000,-0.003061,0.3020,-0.008964,0.002115,nan,nan
(ii) Δc = +0.03,global (period-level prediction),3,1.334119,-0.003061,-0.002249,-0.000812,0.6528,-0.004246,0.002765,nan,nan
(ii) Δc = +0.03,W60,4,1.187339,-0.000948,-0.000131,-0.000817,0.4932,-0.002889,0.001335,0.000493,-0.000577
(ii) Δc = +0.03,global (run-level prediction),4,1.336114,-0.003570,0.000000,-0.003570,0.3347,-0.010450,0.002806,nan,nan
(ii) Δc = +0.03,global (period-level prediction),4,1.336114,-0.003570,-0.000274,-0.003296,0.1165,-0.007098,-0.000184,nan,nan
(ii) Δc = +0.03,W60,5,1.187508,-0.001238,-0.003692,0.002455,0.0742,0.000003,0.004792,0.000382,-0.001497
(ii) Δc = +0.03,global (run-level prediction),5,1.334927,-0.000296,-0.000000,-0.000296,0.9375,-0.006087,0.004988,nan,nan
(ii) Δc = +0.03,global (period-level prediction),5,1.334927,-0.000296,-0.003296,0.002999,0.2344,-0.001931,0.007103,nan,nan
(ii) Δc = +0.03,W60,6,1.187922,0.001214,0.000216,0.000998,0.4098,-0.001162,0.003047,0.001087,-0.000370
(ii) Δc = +0.03,global (run-level prediction),6,1.335937,-0.000652,-0.000000,-0.000652,0.8143,-0.005559,0.004726,nan,nan
(ii) Δc = +0.03,global (period-level prediction),6,1.335937,-0.000652,-0.002341,0.001689,0.4373,-0.002152,0.005735,nan,nan
(ii) Δc = +0.03,W60,7,1.190660,-0.003174,-0.002419,-0.000755,0.4552,-0.002532,0.001130,0.000783,-0.000397
(ii) Δc = +0.03,global (run-level prediction),7,1.337660,0.000720,-0.000000,0.000720,0.8452,-0.007072,0.007416,nan,nan
(ii) Δc = +0.03,global (period-level prediction),7,1.337660,0.000720,0.000043,0.000676,0.7080,-0.002722,0.004011,nan,nan
(ii) Δc = +0.03,W60,8,1.188658,-0.000778,0.000182,-0.000960,0.4457,-0.003190,0.001395,0.000667,-0.000813
(ii) Δc = +0.03,global (run-level prediction),8,1.336252,-0.001353,0.000000,-0.001353,0.6938,-0.007591,0.004662,nan,nan
(ii) Δc = +0.03,global (period-level prediction),8,1.336252,-0.001353,0.000325,-0.001678,0.3794,-0.005484,0.001791,nan,nan
(ii) Δc = +0.03,W60,9,1.184968,-0.001365,0.000048,-0.001413,0.2513,-0.003746,0.000590,0.000527,-0.000214
(ii) Δc = +0.03,global (run-level prediction),9,1.333966,-0.003830,0.000000,-0.003830,0.2867,-0.010744,0.002878,nan,nan
(ii) Δc = +0.03,global (period-level prediction),9,1.333966,-0.003830,-0.001670,-0.002160,0.1897,-0.005005,0.000764,nan,nan
(ii) Δc = +0.03,W60,10,1.187844,-0.005421,-0.004516,-0.000905,0.4537,-0.003059,0.001268,0.000465,0.000159
(ii) Δc = +0.03,global (run-level prediction),10,1.337434,-0.008933,-0.000000,-0.008933,0.0020,-0.013655,-0.004487,nan,nan
(ii) Δc = +0.03,global (period-level prediction),10,1.337434,-0.008933,-0.006610,-0.002323,0.0891,-0.004512,0.000293,nan,nan
(ii) Δc = +0.03,W60,11,1.188658,0.000856,0.000772,0.000085,0.9585,-0.002788,0.003143,0.000272,-0.000924
(ii) Δc = +0.03,global (run-level prediction),11,1.332849,0.006244,0.000000,0.006244,0.0399,0.000750,0.011294,nan,nan
(ii) Δc = +0.03,global (period-level prediction),11,1.332849,0.006244,0.004606,0.001638,0.4545,-0.002476,0.005472,nan,nan
(ii) Δc = +0.03,W60,12,1.187132,0.000420,0.001501,-0.001080,0.3876,-0.003417,0.001092,0.000480,-0.000245
(ii) Δc = +0.03,global (run-level prediction),12,1.334330,0.000789,-0.000000,0.000789,0.7949,-0.004629,0.006272,nan,nan
(ii) Δc = +0.03,global (period-level prediction),12,1.334330,0.000789,-0.000939,0.001728,0.5229,-0.002939,0.006650,nan,nan
(ii) Δc = +0.03,W60,13,1.184475,0.003210,0.004073,-0.000863,0.4913,-0.003137,0.001496,0.000847,0.000775
(ii) Δc = +0.03,global (run-level prediction),13,1.332547,0.002172,0.000000,0.002172,0.5465,-0.004534,0.008915,nan,nan
(ii) Δc = +0.03,global (period-level prediction),13,1.332547,0.002172,0.001882,0.000289,0.9111,-0.004154,0.005253,nan,nan
(ii) Δc = +0.03,W60,14,1.192428,0.001655,0.003281,-0.001626,0.2579,-0.004249,0.000878,0.000499,0.000050
(ii) Δc = +0.03,global (run-level prediction),14,1.339979,0.001237,-0.000000,0.001237,0.6599,-0.003841,0.006406,nan,nan
(ii) Δc = +0.03,global (period-level prediction),14,1.339979,0.001237,0.002281,-0.001044,0.3936,-0.003450,0.001003,nan,nan
(ii) Δc = +0.03,W60,15,1.190140,-0.001452,-0.000634,-0.000818,0.4088,-0.002669,0.001034,0.000337,0.001048
(ii) Δc = +0.03,global (run-level prediction),15,1.337427,0.003304,-0.000000,0.003304,0.3556,-0.003328,0.009746,nan,nan
(ii) Δc = +0.03,global (period-level prediction),15,1.337427,0.003304,0.001233,0.002071,0.3820,-0.002041,0.006096,nan,nan
(ii) Δc = +0.03,W60,16,1.191733,-0.006797,-0.006005,-0.000792,0.4199,-0.002473,0.001086,0.000798,-0.001405
(ii) Δc = +0.03,global (run-level prediction),16,1.341815,-0.009572,0.000000,-0.009572,0.0056,-0.015374,-0.004340,nan,nan
(ii) Δc = +0.03,global (period-level prediction),16,1.341815,-0.009572,-0.006093,-0.003480,0.1448,-0.007484,0.000422,nan,nan
(ii) Δc = +0.03,W60,17,1.190498,0.000528,-0.001036,0.001565,0.1823,-0.000650,0.003554,0.000904,-0.000084
(ii) Δc = +0.03,global (run-level prediction),17,1.338833,-0.001816,0.000000,-0.001816,0.6364,-0.008775,0.004729,nan,nan
(ii) Δc = +0.03,global (period-level prediction),17,1.338833,-0.001816,-0.000316,-0.001500,0.4208,-0.004966,0.002170,nan,nan
(ii) Δc = +0.03,W60,18,1.187325,-0.000859,-0.001747,0.000887,0.4950,-0.001453,0.003258,0.000186,-0.000908
(ii) Δc = +0.03,global (run-level prediction),18,1.335297,-0.005224,0.000000,-0.005224,0.1290,-0.011251,0.000460,nan,nan
(ii) Δc = +0.03,global (period-level prediction),18,1.335297,-0.005224,-0.002693,-0.002531,0.3225,-0.006862,0.002569,nan,nan
(ii) Δc = +0.03,W60,19,1.191931,-0.002529,-0.001486,-0.001042,0.4452,-0.003493,0.001534,0.000707,-0.000409
(ii) Δc = +0.03,global (run-level prediction),19,1.338187,-0.000255,0.000000,-0.000255,0.9354,-0.004915,0.005069,nan,nan
(ii) Δc = +0.03,global (period-level prediction),19,1.338187,-0.000255,-0.001660,0.001405,0.5256,-0.002414,0.005517,nan,nan
(ii) Δc = +0.03,W60,20,1.190540,-0.003070,-0.002407,-0.000663,0.5775,-0.002993,0.001470,0.000633,-0.000631
(ii) Δc = +0.03,global (run-level prediction),20,1.339044,-0.003582,0.000000,-0.003582,0.3938,-0.011562,0.004086,nan,nan
(ii) Δc = +0.03,global (period-level prediction),20,1.339044,-0.003582,-0.005412,0.001830,0.4608,-0.003134,0.006046,nan,nan
(ii) Δc = +0.03,W60,21,1.191610,-0.001015,-0.000512,-0.000503,0.7297,-0.003222,0.002199,0.000477,0.000446
(ii) Δc = +0.03,global (run-level prediction),21,1.336289,0.000722,-0.000000,0.000722,0.8397,-0.004714,0.007493,nan,nan
(ii) Δc = +0.03,global (period-level prediction),21,1.336289,0.000722,0.001371,-0.000650,0.8015,-0.005280,0.004127,nan,nan
(ii) Δc = +0.03,W60,22,1.183337,0.004669,0.003798,0.000871,0.3259,-0.000731,0.002504,0.000361,-0.002269
(ii) Δc = +0.03,global (run-level prediction),22,1.330451,0.005820,0.000000,0.005820,0.0413,0.000934,0.010275,nan,nan
(ii) Δc = +0.03,global (period-level prediction),22,1.330451,0.005820,0.003613,0.002208,0.2517,-0.001292,0.005623,nan,nan
(ii) Δc = +0.03,W60,23,1.189391,0.001684,0.000971,0.000713,0.4385,-0.000997,0.002476,0.000994,-0.000135
(ii) Δc = +0.03,global (run-level prediction),23,1.338001,0.001697,0.000000,0.001697,0.5685,-0.003847,0.007048,nan,nan
(ii) Δc = +0.03,global (period-level prediction),23,1.338001,0.001697,0.001458,0.000238,0.8947,-0.002963,0.003939,nan,nan
(ii) Δc = +0.03,W60,24,1.187276,-0.004915,-0.002171,-0.002744,0.0250,-0.005004,-0.000819,0.000855,0.001192
(ii) Δc = +0.03,global (run-level prediction),24,1.336089,-0.004563,0.000000,-0.004563,0.1656,-0.010730,0.000926,nan,nan
(ii) Δc = +0.03,global (period-level prediction),24,1.336089,-0.004563,-0.001868,-0.002695,0.3607,-0.008134,0.002790,nan,nan
(ii) Δc = +0.03,W60,25,1.190417,-0.004898,-0.002826,-0.002072,0.0801,-0.004205,-0.000016,0.000724,-0.000455
(ii) Δc = +0.03,global (run-level prediction),25,1.335091,0.004302,-0.000000,0.004302,0.1586,-0.001436,0.009433,nan,nan
(ii) Δc = +0.03,global (period-level prediction),25,1.335091,0.004302,0.000836,0.003466,0.1036,-0.000434,0.007369,nan,nan
(ii) Δc = +0.03,W60,26,1.186727,0.000629,0.001099,-0.000470,0.6971,-0.002590,0.001950,0.000619,0.001114
(ii) Δc = +0.03,global (run-level prediction),26,1.336727,-0.000758,0.000000,-0.000758,0.7465,-0.004888,0.003630,nan,nan
(ii) Δc = +0.03,global (period-level prediction),26,1.336727,-0.000758,0.000812,-0.001570,0.1700,-0.003638,0.000448,nan,nan
(ii) Δc = +0.03,W60,27,1.186505,-0.001654,-0.001893,0.000239,0.7732,-0.001389,0.001698,0.000790,0.000368
(ii) Δc = +0.03,global (run-level prediction),27,1.334847,0.000046,-0.000000,0.000046,0.9861,-0.005152,0.005353,nan,nan
(ii) Δc = +0.03,global (period-level prediction),27,1.334847,0.000046,-0.000388,0.000435,0.6198,-0.001210,0.002052,nan,nan
(ii) Δc = +0.03,W60,28,1.187849,-0.000913,-0.001052,0.000138,0.9042,-0.002015,0.002212,0.001033,0.000365
(ii) Δc = +0.03,global (run-level prediction),28,1.334920,-0.001320,0.000000,-0.001320,0.7295,-0.008993,0.005408,nan,nan
(ii) Δc = +0.03,global (period-level prediction),28,1.334920,-0.001320,0.000126,-0.001445,0.5560,-0.005869,0.003242,nan,nan
(ii) Δc = +0.03,W60,29,1.188801,-0.004088,-0.003526,-0.000562,0.4767,-0.001938,0.000914,0.001284,0.002064
(ii) Δc = +0.03,global (run-level prediction),29,1.338482,-0.004875,-0.000000,-0.004875,0.1675,-0.011871,0.001422,nan,nan
(ii) Δc = +0.03,global (period-level prediction),29,1.338482,-0.004875,-0.002846,-0.002030,0.4531,-0.007283,0.002810,nan,nan
(ii) Δc = +0.03,W60,30,1.186303,0.001112,0.003277,-0.002165,0.1813,-0.004991,0.000927,0.000883,-0.000812
(ii) Δc = +0.03,global (run-level prediction),30,1.331936,0.001424,0.000000,0.001424,0.6935,-0.005670,0.007510,nan,nan
(ii) Δc = +0.03,global (period-level prediction),30,1.331936,0.001424,-0.000053,0.001476,0.3217,-0.001212,0.004080,nan,nan
(ii) Δc = +0.03,W60,31,1.188995,-0.001098,-0.001005,-0.000093,0.9402,-0.002436,0.002367,0.000523,0.001245
(ii) Δc = +0.03,global (run-level prediction),31,1.337173,-0.003271,-0.000000,-0.003271,0.3230,-0.009486,0.003250,nan,nan
(ii) Δc = +0.03,global (period-level prediction),31,1.337173,-0.003271,0.000046,-0.003317,0.1877,-0.008034,0.001081,nan,nan
(ii) Δc = +0.03,W60,32,1.189781,0.002236,0.002887,-0.000652,0.6234,-0.003093,0.001812,0.000556,0.000365
(ii) Δc = +0.03,global (run-level prediction),32,1.337322,0.000454,-0.000000,0.000454,0.8821,-0.005192,0.006167,nan,nan
(ii) Δc = +0.03,global (period-level prediction),32,1.337322,0.000454,0.000187,0.000267,0.8785,-0.002825,0.003592,nan,nan
(ii) Δc = +0.03,W60,33,1.187440,0.000679,-0.001237,0.001916,0.1096,-0.000161,0.003983,0.000769,-0.001424
(ii) Δc = +0.03,global (run-level prediction),33,1.334534,0.000376,0.000000,0.000376,0.9326,-0.007207,0.008630,nan,nan
(ii) Δc = +0.03,global (period-level prediction),33,1.334534,0.000376,-0.001772,0.002148,0.3470,-0.001561,0.006182,nan,nan
(ii) Δc = +0.03,W60,34,1.186597,0.003165,0.001986,0.001178,0.3376,-0.000994,0.003379,0.001033,-0.000356
(ii) Δc = +0.03,global (run-level prediction),34,1.333831,0.001420,-0.000000,0.001420,0.6266,-0.003580,0.007220,nan,nan
(ii) Δc = +0.03,global (period-level prediction),34,1.333831,0.001420,0.001660,-0.000240,0.8728,-0.002899,0.002408,nan,nan
(ii) Δc = +0.03,W60,35,1.192102,-0.005776,-0.004797,-0.000980,0.3838,-0.002883,0.001038,0.001021,0.002415
(ii) Δc = +0.03,global (run-level prediction),35,1.339455,-0.007755,-0.000000,-0.007755,0.0354,-0.013902,-0.001888,nan,nan
(ii) Δc = +0.03,global (period-level prediction),35,1.339455,-0.007755,-0.005277,-0.002479,0.2269,-0.006424,0.001061,nan,nan
(ii) Δc = +0.03,W60,36,1.187671,-0.003340,-0.002814,-0.000527,0.5782,-0.002306,0.001299,0.000665,-0.000206
(ii) Δc = +0.03,global (run-level prediction),36,1.336536,-0.006300,-0.000000,-0.006300,0.0144,-0.011009,-0.002029,nan,nan
(ii) Δc = +0.03,global (period-level prediction),36,1.336536,-0.006300,-0.002579,-0.003721,0.0322,-0.006576,-0.000912,nan,nan
(ii) Δc = +0.03,W60,37,1.183122,-0.001130,0.000635,-0.001765,0.1729,-0.003950,0.000413,0.000801,-0.000402
(ii) Δc = +0.03,global (run-level prediction),37,1.331448,-0.002899,-0.000000,-0.002899,0.3571,-0.008568,0.001729,nan,nan
(ii) Δc = +0.03,global (period-level prediction),37,1.331448,-0.002899,-0.000380,-0.002519,0.1656,-0.005735,0.000654,nan,nan
(ii) Δc = +0.03,W60,38,1.185715,-0.004810,-0.003655,-0.001155,0.4493,-0.003886,0.001983,0.000703,0.001065
(ii) Δc = +0.03,global (run-level prediction),38,1.331727,-0.001316,0.000000,-0.001316,0.7584,-0.008028,0.006989,nan,nan
(ii) Δc = +0.03,global (period-level prediction),38,1.331727,-0.001316,-0.002320,0.001004,0.5492,-0.002162,0.004156,nan,nan
(ii) Δc = +0.03,W60,39,1.188760,0.001431,0.002825,-0.001394,0.2491,-0.003627,0.000770,0.000683,-0.000076
(ii) Δc = +0.03,global (run-level prediction),39,1.333870,0.002163,-0.000000,0.002163,0.5968,-0.004715,0.009738,nan,nan
(ii) Δc = +0.03,global (period-level prediction),39,1.333870,0.002163,0.004731,-0.002567,0.2104,-0.006040,0.000900,nan,nan
(ii) Δc = +0.03,W60,40,1.192194,-0.003597,-0.001153,-0.002443,0.0460,-0.004557,-0.000407,0.001115,-0.000521
(ii) Δc = +0.03,global (run-level prediction),40,1.338640,-0.005825,-0.000000,-0.005825,0.1110,-0.012069,0.000867,nan,nan
(ii) Δc = +0.03,global (period-level prediction),40,1.338640,-0.005825,-0.002469,-0.003355,0.1711,-0.007855,0.000668,nan,nan
(ii) Δc = +0.03,W60,41,1.191024,-0.000958,0.001916,-0.002874,0.0123,-0.004685,-0.001033,0.000833,-0.000924
(ii) Δc = +0.03,global (run-level prediction),41,1.336299,0.003928,-0.000000,0.003928,0.1667,-0.001272,0.008864,nan,nan
(ii) Δc = +0.03,global (period-level prediction),41,1.336299,0.003928,0.002417,0.001511,0.2727,-0.001005,0.003972,nan,nan
(ii) Δc = +0.03,W60,42,1.187063,-0.003105,-0.002393,-0.000712,0.4977,-0.002444,0.001293,0.000788,0.000149
(ii) Δc = +0.03,global (run-level prediction),42,1.335108,-0.008117,0.000000,-0.008117,0.0096,-0.012679,-0.003181,nan,nan
(ii) Δc = +0.03,global (period-level prediction),42,1.335108,-0.008117,-0.003765,-0.004353,0.0178,-0.006950,-0.001086,nan,nan
(ii) Δc = +0.03,W60,43,1.188703,0.003621,0.005718,-0.002097,0.1508,-0.004810,0.000333,0.000994,0.001263
(ii) Δc = +0.03,global (run-level prediction),43,1.336573,0.008186,-0.000000,0.008186,0.0160,0.002983,0.013400,nan,nan
(ii) Δc = +0.03,global (period-level prediction),43,1.336573,0.008186,0.005435,0.002751,0.1885,-0.000898,0.006689,nan,nan
(ii) Δc = +0.03,W60,44,1.190239,-0.005135,-0.004580,-0.000555,0.5516,-0.002168,0.001042,0.000586,-0.000484
(ii) Δc = +0.03,global (run-level prediction),44,1.338741,-0.005964,-0.000000,-0.005964,0.0850,-0.012040,0.000095,nan,nan
(ii) Δc = +0.03,global (period-level prediction),44,1.338741,-0.005964,-0.004782,-0.001181,0.5648,-0.004662,0.002719,nan,nan
(ii) Δc = +0.03,W60,45,1.190724,0.000019,-0.000787,0.000806,0.5867,-0.001891,0.003419,0.000193,-0.000662
(ii) Δc = +0.03,global (run-level prediction),45,1.341215,-0.001114,-0.000000,-0.001114,0.6881,-0.006084,0.003733,nan,nan
(ii) Δc = +0.03,global (period-level prediction),45,1.341215,-0.001114,-0.000250,-0.000864,0.6179,-0.003889,0.002553,nan,nan
(ii) Δc = +0.03,W60,46,1.184573,-0.000558,-0.003405,0.002847,0.0868,0.000175,0.005810,0.000672,-0.001086
(ii) Δc = +0.03,global (run-level prediction),46,1.332785,-0.003277,-0.000000,-0.003277,0.2070,-0.007997,0.001655,nan,nan
(ii) Δc = +0.03,global (period-level prediction),46,1.332785,-0.003277,-0.003931,0.000654,0.7462,-0.003003,0.004400,nan,nan
(ii) Δc = +0.03,W60,47,1.190120,-0.004271,-0.002916,-0.001354,0.1787,-0.003066,0.000555,0.000445,-0.000199
(ii) Δc = +0.03,global (run-level prediction),47,1.339074,-0.005096,-0.000000,-0.005096,0.1333,-0.011020,0.001009,nan,nan
(ii) Δc = +0.03,global (period-level prediction),47,1.339074,-0.005096,-0.001393,-0.003703,0.0342,-0.006495,-0.000733,nan,nan
(ii) Δc = +0.03,W60,48,1.188360,-0.000714,-0.000638,-0.000076,0.9425,-0.001942,0.001835,0.000539,0.000740
(ii) Δc = +0.03,global (run-level prediction),48,1.337105,0.001858,-0.000000,0.001858,0.5498,-0.003925,0.007337,nan,nan
(ii) Δc = +0.03,global (period-level prediction),48,1.337105,0.001858,0.000030,0.001828,0.2419,-0.000905,0.004419,nan,nan
(ii) Δc = +0.03,W60,49,1.187662,-0.000246,-0.000366,0.000121,0.9312,-0.002506,0.002739,0.000915,-0.001610
(ii) Δc = +0.03,global (run-level prediction),49,1.335919,-0.000999,0.000000,-0.000999,0.7432,-0.007205,0.004240,nan,nan
(ii) Δc = +0.03,global (period-level prediction),49,1.335919,-0.000999,0.001556,-0.002555,0.2808,-0.006491,0.001083,nan,nan
(ii) Δc = +0.03,W60,50,1.186844,0.004358,0.004003,0.000354,0.7892,-0.001943,0.002403,0.000553,-0.001489
(ii) Δc = +0.03,global (run-level prediction),50,1.332968,0.006747,-0.000000,0.006747,0.1123,-0.000911,0.014471,nan,nan
(ii) Δc = +0.03,global (period-level prediction),50,1.332968,0.006747,0.002207,0.004539,0.0300,0.001126,0.008085,nan,nan
(ii) Δc = −0.02,W60,1,1.187265,0.001251,0.002470,-0.001219,0.2302,-0.003114,0.000715,-0.000921,-0.000551
(ii) Δc = −0.02,global (run-level prediction),1,1.332473,0.002248,-0.000000,0.002248,0.4822,-0.003826,0.008052,nan,nan
(ii) Δc = −0.02,global (period-level prediction),1,1.332473,0.002248,0.002269,-0.000020,0.9899,-0.003485,0.003066,nan,nan
(ii) Δc = −0.02,W60,2,1.184068,0.000265,0.000745,-0.000480,0.6910,-0.002779,0.001988,-0.000343,0.001871
(ii) Δc = −0.02,global (run-level prediction),2,1.329820,0.003189,-0.000000,0.003189,0.3367,-0.002595,0.008986,nan,nan
(ii) Δc = −0.02,global (period-level prediction),2,1.329820,0.003189,0.003233,-0.000044,0.9791,-0.003404,0.003081,nan,nan
(ii) Δc = −0.02,W60,3,1.192046,-0.001793,-0.001773,-0.000019,0.9817,-0.001584,0.001448,-0.000092,-0.000122
(ii) Δc = −0.02,global (run-level prediction),3,1.342526,-0.008287,-0.000000,-0.008287,0.0051,-0.012551,-0.003878,nan,nan
(ii) Δc = −0.02,global (period-level prediction),3,1.342526,-0.008287,-0.005907,-0.002380,0.2128,-0.005633,0.000857,nan,nan
(ii) Δc = −0.02,W60,4,1.191993,-0.004821,-0.002430,-0.002391,0.0752,-0.004626,-0.000204,-0.000436,-0.000110
(ii) Δc = −0.02,global (run-level prediction),4,1.340637,-0.004996,-0.000000,-0.004996,0.2163,-0.012072,0.002568,nan,nan
(ii) Δc = −0.02,global (period-level prediction),4,1.340637,-0.004996,-0.002470,-0.002526,0.2148,-0.006140,0.000842,nan,nan
(ii) Δc = −0.02,W60,5,1.187794,-0.001270,0.000258,-0.001527,0.2740,-0.004013,0.000859,-0.000691,0.000799
(ii) Δc = −0.02,global (run-level prediction),5,1.335881,0.001764,-0.000000,0.001764,0.5365,-0.003575,0.006604,nan,nan
(ii) Δc = −0.02,global (period-level prediction),5,1.335881,0.001764,0.002094,-0.000330,0.8998,-0.005235,0.004328,nan,nan
(ii) Δc = −0.02,W60,6,1.183560,0.002542,0.001674,0.000868,0.5634,-0.002089,0.003596,-0.000107,-0.000366
(ii) Δc = −0.02,global (run-level prediction),6,1.330616,0.002413,0.000000,0.002413,0.6038,-0.005229,0.011329,nan,nan
(ii) Δc = −0.02,global (period-level prediction),6,1.330616,0.002413,0.000159,0.002253,0.1465,-0.000352,0.005056,nan,nan
(ii) Δc = −0.02,W60,7,1.192301,-0.002615,-0.002547,-0.000068,0.9601,-0.002596,0.002577,-0.000109,-0.001074
(ii) Δc = −0.02,global (run-level prediction),7,1.340070,-0.001644,-0.000000,-0.001644,0.5950,-0.007433,0.004119,nan,nan
(ii) Δc = −0.02,global (period-level prediction),7,1.340070,-0.001644,-0.003867,0.002223,0.3119,-0.001634,0.006521,nan,nan
(ii) Δc = −0.02,W60,8,1.183676,0.002062,0.004113,-0.002051,0.1782,-0.004609,0.000742,-0.000206,0.001163
(ii) Δc = −0.02,global (run-level prediction),8,1.328811,0.005410,-0.000000,0.005410,0.1912,-0.001861,0.012987,nan,nan
(ii) Δc = −0.02,global (period-level prediction),8,1.328811,0.005410,0.002125,0.003285,0.0535,0.000550,0.006253,nan,nan
(ii) Δc = −0.02,W60,9,1.186146,0.001666,0.001950,-0.000285,0.8417,-0.002870,0.002288,-0.000213,0.000580
(ii) Δc = −0.02,global (run-level prediction),9,1.333065,0.006301,-0.000000,0.006301,0.0358,0.001626,0.011367,nan,nan
(ii) Δc = −0.02,global (period-level prediction),9,1.333065,0.006301,0.005772,0.000528,0.7512,-0.002619,0.003770,nan,nan
(ii) Δc = −0.02,W60,10,1.184673,0.000525,0.001733,-0.001208,0.2211,-0.003164,0.000469,-0.000473,0.000329
(ii) Δc = −0.02,global (run-level prediction),10,1.331365,0.001240,0.000000,0.001240,0.6799,-0.003472,0.006817,nan,nan
(ii) Δc = −0.02,global (period-level prediction),10,1.331365,0.001240,0.001083,0.000157,0.9515,-0.004549,0.004837,nan,nan
(ii) Δc = −0.02,W60,11,1.190591,-0.001652,-0.000415,-0.001236,0.3447,-0.003752,0.000973,-0.001130,-0.000071
(ii) Δc = −0.02,global (run-level prediction),11,1.337739,-0.002276,0.000000,-0.002276,0.2697,-0.006019,0.001586,nan,nan
(ii) Δc = −0.02,global (period-level prediction),11,1.337739,-0.002276,-0.001207,-0.001069,0.7277,-0.006993,0.004877,nan,nan
(ii) Δc = −0.02,W60,12,1.189120,-0.000007,0.001502,-0.001509,0.2917,-0.004000,0.001353,-0.000258,-0.001130
(ii) Δc = −0.02,global (run-level prediction),12,1.335873,0.000919,0.000000,0.000919,0.7880,-0.005615,0.007249,nan,nan
(ii) Δc = −0.02,global (period-level prediction),12,1.335873,0.000919,-0.000154,0.001073,0.6516,-0.003315,0.005661,nan,nan
(ii) Δc = −0.02,W60,13,1.191299,-0.000391,0.001013,-0.001403,0.2507,-0.003637,0.000923,-0.001199,0.000065
(ii) Δc = −0.02,global (run-level prediction),13,1.338786,0.003585,-0.000000,0.003585,0.1863,-0.001159,0.008452,nan,nan
(ii) Δc = −0.02,global (period-level prediction),13,1.338786,0.003585,0.000558,0.003027,0.0359,0.000578,0.005680,nan,nan
(ii) Δc = −0.02,W60,14,1.187863,0.005606,0.004289,0.001317,0.2434,-0.000636,0.003248,-0.000271,0.001125
(ii) Δc = −0.02,global (run-level prediction),14,1.333366,0.003527,-0.000000,0.003527,0.2679,-0.002342,0.008882,nan,nan
(ii) Δc = −0.02,global (period-level prediction),14,1.333366,0.003527,0.002893,0.000634,0.7581,-0.003197,0.003782,nan,nan
(ii) Δc = −0.02,W60,15,1.189469,-0.002570,-0.002339,-0.000232,0.8583,-0.002569,0.001955,-0.000149,0.000298
(ii) Δc = −0.02,global (run-level prediction),15,1.336636,-0.001169,0.000000,-0.001169,0.6987,-0.006663,0.004272,nan,nan
(ii) Δc = −0.02,global (period-level prediction),15,1.336636,-0.001169,-0.002907,0.001738,0.2820,-0.000671,0.004798,nan,nan
(ii) Δc = −0.02,W60,16,1.190498,0.003045,0.001517,0.001528,0.2335,-0.000856,0.003817,-0.000201,-0.000196
(ii) Δc = −0.02,global (run-level prediction),16,1.339550,-0.003593,-0.000000,-0.003593,0.1362,-0.007652,0.000557,nan,nan
(ii) Δc = −0.02,global (period-level prediction),16,1.339550,-0.003593,-0.001851,-0.001741,0.4333,-0.006318,0.002179,nan,nan
(ii) Δc = −0.02,W60,17,1.189119,0.000789,0.000089,0.000700,0.5452,-0.001696,0.002724,-0.000656,-0.000484
(ii) Δc = −0.02,global (run-level prediction),17,1.337900,0.001474,-0.000000,0.001474,0.6804,-0.004865,0.007949,nan,nan
(ii) Δc = −0.02,global (period-level prediction),17,1.337900,0.001474,0.000346,0.001128,0.6060,-0.002749,0.005179,nan,nan
(ii) Δc = −0.02,W60,18,1.184298,-0.001132,-0.000217,-0.000915,0.5739,-0.003793,0.002142,-0.000101,-0.001463
(ii) Δc = −0.02,global (run-level prediction),18,1.330399,-0.000705,-0.000000,-0.000705,0.8608,-0.007944,0.007655,nan,nan
(ii) Δc = −0.02,global (period-level prediction),18,1.330399,-0.000705,-0.002673,0.001968,0.3339,-0.001738,0.005538,nan,nan
(ii) Δc = −0.02,W60,19,1.191063,0.001475,0.001026,0.000449,0.7781,-0.002233,0.003348,-0.000339,0.000798
(ii) Δc = −0.02,global (run-level prediction),19,1.339822,-0.001774,0.000000,-0.001774,0.6500,-0.009080,0.005741,nan,nan
(ii) Δc = −0.02,global (period-level prediction),19,1.339822,-0.001774,-0.000993,-0.000780,0.7502,-0.004889,0.003663,nan,nan
(ii) Δc = −0.02,W60,20,1.189092,-0.000053,-0.001905,0.001852,0.2109,-0.000833,0.004421,-0.000135,-0.000889
(ii) Δc = −0.02,global (run-level prediction),20,1.338170,-0.004858,-0.000000,-0.004858,0.0658,-0.009416,-0.000408,nan,nan
(ii) Δc = −0.02,global (period-level prediction),20,1.338170,-0.004858,-0.005294,0.000436,0.6885,-0.001725,0.002393,nan,nan
(ii) Δc = −0.02,W60,21,1.185619,0.000382,-0.001312,0.001695,0.1395,-0.000413,0.003640,-0.000650,0.000472
(ii) Δc = −0.02,global (run-level prediction),21,1.330592,0.004195,-0.000000,0.004195,0.0811,0.000001,0.008419,nan,nan
(ii) Δc = −0.02,global (period-level prediction),21,1.330592,0.004195,0.001384,0.002811,0.2610,-0.001273,0.007359,nan,nan
(ii) Δc = −0.02,W60,22,1.184246,0.003757,0.002596,0.001161,0.3555,-0.001036,0.003683,-0.000719,-0.000014
(ii) Δc = −0.02,global (run-level prediction),22,1.330943,0.004804,-0.000000,0.004804,0.0630,0.000378,0.009088,nan,nan
(ii) Δc = −0.02,global (period-level prediction),22,1.330943,0.004804,0.001166,0.003638,0.0750,-0.000119,0.007026,nan,nan
(ii) Δc = −0.02,W60,23,1.189346,-0.003026,-0.001607,-0.001419,0.2743,-0.003733,0.000825,-0.000655,0.001128
(ii) Δc = −0.02,global (run-level prediction),23,1.337808,-0.002363,0.000000,-0.002363,0.5656,-0.009861,0.005560,nan,nan
(ii) Δc = −0.02,global (period-level prediction),23,1.337808,-0.002363,-0.000973,-0.001391,0.5244,-0.005696,0.002628,nan,nan
(ii) Δc = −0.02,W60,24,1.185764,0.000812,0.001666,-0.000854,0.3333,-0.002508,0.000831,-0.000218,0.001533
(ii) Δc = −0.02,global (run-level prediction),24,1.336264,-0.004135,0.000000,-0.004135,0.3225,-0.011644,0.003840,nan,nan
(ii) Δc = −0.02,global (period-level prediction),24,1.336264,-0.004135,-0.002435,-0.001700,0.3950,-0.005488,0.001837,nan,nan
(ii) Δc = −0.02,W60,25,1.187248,0.000914,0.001919,-0.001005,0.3511,-0.003143,0.000982,-0.000406,-0.000521
(ii) Δc = −0.02,global (run-level prediction),25,1.334519,0.000945,-0.000000,0.000945,0.7620,-0.004758,0.006467,nan,nan
(ii) Δc = −0.02,global (period-level prediction),25,1.334519,0.000945,-0.000951,0.001896,0.2269,-0.000914,0.004871,nan,nan
(ii) Δc = −0.02,W60,26,1.185731,0.000255,-0.000368,0.000623,0.7257,-0.002685,0.003816,-0.000785,0.000016
(ii) Δc = −0.02,global (run-level prediction),26,1.332754,0.001241,0.000000,0.001241,0.7155,-0.004732,0.007621,nan,nan
(ii) Δc = −0.02,global (period-level prediction),26,1.332754,0.001241,-0.000361,0.001602,0.4711,-0.002636,0.005119,nan,nan
(ii) Δc = −0.02,W60,27,1.189485,-0.002119,-0.001245,-0.000874,0.5610,-0.003675,0.001932,-0.000239,0.001494
(ii) Δc = −0.02,global (run-level prediction),27,1.337708,-0.001960,-0.000000,-0.001960,0.5349,-0.007613,0.003752,nan,nan
(ii) Δc = −0.02,global (period-level prediction),27,1.337708,-0.001960,-0.001005,-0.000954,0.7101,-0.005562,0.003370,nan,nan
(ii) Δc = −0.02,W60,28,1.185338,0.000424,0.001816,-0.001392,0.2269,-0.003398,0.000733,-0.000691,0.000694
(ii) Δc = −0.02,global (run-level prediction),28,1.332885,0.000964,0.000000,0.000964,0.8231,-0.006688,0.007944,nan,nan
(ii) Δc = −0.02,global (period-level prediction),28,1.332885,0.000964,0.002078,-0.001114,0.7009,-0.006510,0.004114,nan,nan
(ii) Δc = −0.02,W60,29,1.189262,-0.001199,0.000299,-0.001499,0.2548,-0.003943,0.000767,-0.000387,-0.000276
(ii) Δc = −0.02,global (run-level prediction),29,1.333384,0.003721,-0.000000,0.003721,0.3198,-0.002736,0.010370,nan,nan
(ii) Δc = −0.02,global (period-level prediction),29,1.333384,0.003721,0.002562,0.001159,0.5929,-0.003128,0.005057,nan,nan
(ii) Δc = −0.02,W60,30,1.185536,-0.000596,-0.001442,0.000846,0.5455,-0.001781,0.003396,-0.000587,-0.000383
(ii) Δc = −0.02,global (run-level prediction),30,1.335640,-0.007417,0.000000,-0.007417,0.0454,-0.012881,-0.001361,nan,nan
(ii) Δc = −0.02,global (period-level prediction),30,1.335640,-0.007417,-0.004174,-0.003243,0.0950,-0.006555,0.000188,nan,nan
(ii) Δc = −0.02,W60,31,1.191124,-0.002076,-0.000918,-0.001158,0.2708,-0.003073,0.000704,-0.000964,-0.000581
(ii) Δc = −0.02,global (run-level prediction),31,1.339216,-0.000290,-0.000000,-0.000290,0.9453,-0.007643,0.008247,nan,nan
(ii) Δc = −0.02,global (period-level prediction),31,1.339216,-0.000290,-0.000522,0.000232,0.9095,-0.003406,0.004516,nan,nan
(ii) Δc = −0.02,W60,32,1.188427,0.000933,-0.000052,0.000985,0.5160,-0.001889,0.003588,-0.000391,0.001208
(ii) Δc = −0.02,global (run-level prediction),32,1.337691,-0.002428,-0.000000,-0.002428,0.3772,-0.007346,0.002482,nan,nan
(ii) Δc = −0.02,global (period-level prediction),32,1.337691,-0.002428,-0.000705,-0.001723,0.3103,-0.004853,0.001165,nan,nan
(ii) Δc = −0.02,W60,33,1.183751,-0.000806,-0.000710,-0.000095,0.9373,-0.002184,0.002026,-0.000595,-0.000384
(ii) Δc = −0.02,global (run-level prediction),33,1.327350,0.000925,-0.000000,0.000925,0.8037,-0.005583,0.007799,nan,nan
(ii) Δc = −0.02,global (period-level prediction),33,1.327350,0.000925,0.001793,-0.000868,0.7423,-0.005762,0.003284,nan,nan
(ii) Δc = −0.02,W60,34,1.186972,-0.005181,-0.003602,-0.001580,0.0441,-0.002820,-0.000333,-0.000393,0.001363
(ii) Δc = −0.02,global (run-level prediction),34,1.334020,-0.010915,0.000000,-0.010915,0.0054,-0.016097,-0.005004,nan,nan
(ii) Δc = −0.02,global (period-level prediction),34,1.334020,-0.010915,-0.005414,-0.005501,0.0073,-0.008515,-0.002190,nan,nan
(ii) Δc = −0.02,W60,35,1.186928,-0.002533,-0.003373,0.000839,0.5337,-0.001886,0.003200,-0.000548,-0.000150
(ii) Δc = −0.02,global (run-level prediction),35,1.335008,-0.002427,-0.000000,-0.002427,0.2856,-0.006633,0.001586,nan,nan
(ii) Δc = −0.02,global (period-level prediction),35,1.335008,-0.002427,-0.001082,-0.001345,0.4946,-0.005108,0.002354,nan,nan
(ii) Δc = −0.02,W60,36,1.182942,0.003206,0.002921,0.000285,0.8005,-0.001744,0.002275,-0.000562,-0.000453
(ii) Δc = −0.02,global (run-level prediction),36,1.331961,0.002694,0.000000,0.002694,0.4568,-0.004109,0.009418,nan,nan
(ii) Δc = −0.02,global (period-level prediction),36,1.331961,0.002694,0.000621,0.002074,0.2670,-0.001429,0.005443,nan,nan
(ii) Δc = −0.02,W60,37,1.188293,-0.000060,-0.003543,0.003482,0.0020,0.001635,0.005296,-0.000564,-0.000592
(ii) Δc = −0.02,global (run-level prediction),37,1.339286,-0.008981,-0.000000,-0.008981,0.0116,-0.014378,-0.003363,nan,nan
(ii) Δc = −0.02,global (period-level prediction),37,1.339286,-0.008981,-0.005443,-0.003538,0.1044,-0.007165,0.000078,nan,nan
(ii) Δc = −0.02,W60,38,1.187344,-0.006601,-0.004834,-0.001767,0.1460,-0.003783,0.000496,0.000329,0.000342
(ii) Δc = −0.02,global (run-level prediction),38,1.331827,-0.005883,-0.000000,-0.005883,0.0444,-0.011057,-0.001011,nan,nan
(ii) Δc = −0.02,global (period-level prediction),38,1.331827,-0.005883,-0.005741,-0.000142,0.9430,-0.003575,0.003176,nan,nan
(ii) Δc = −0.02,W60,39,1.188634,-0.001311,-0.000338,-0.000973,0.5034,-0.003795,0.001677,-0.000024,0.000586
(ii) Δc = −0.02,global (run-level prediction),39,1.334891,0.004421,0.000000,0.004421,0.0200,0.001215,0.007566,nan,nan
(ii) Δc = −0.02,global (period-level prediction),39,1.334891,0.004421,0.004043,0.000378,0.7961,-0.001954,0.003384,nan,nan
(ii) Δc = −0.02,W60,40,1.190177,0.000786,0.001466,-0.000680,0.5770,-0.002805,0.001641,-0.000833,-0.000081
(ii) Δc = −0.02,global (run-level prediction),40,1.338296,0.001627,-0.000000,0.001627,0.6227,-0.005130,0.007992,nan,nan
(ii) Δc = −0.02,global (period-level prediction),40,1.338296,0.001627,0.000975,0.000652,0.6965,-0.002611,0.003627,nan,nan
(ii) Δc = −0.02,W60,41,1.189173,-0.005383,-0.005630,0.000247,0.7635,-0.001371,0.001793,-0.000676,0.000787
(ii) Δc = −0.02,global (run-level prediction),41,1.332829,-0.003050,0.000000,-0.003050,0.4127,-0.009832,0.003750,nan,nan
(ii) Δc = −0.02,global (period-level prediction),41,1.332829,-0.003050,-0.002287,-0.000762,0.7554,-0.005151,0.003296,nan,nan
(ii) Δc = −0.02,W60,42,1.188589,0.003864,0.004366,-0.000502,0.7115,-0.002778,0.001433,-0.000386,0.000515
(ii) Δc = −0.02,global (run-level prediction),42,1.336326,0.003021,-0.000000,0.003021,0.2607,-0.001766,0.007787,nan,nan
(ii) Δc = −0.02,global (period-level prediction),42,1.336326,0.003021,0.002193,0.000829,0.6670,-0.002488,0.004211,nan,nan
(ii) Δc = −0.02,W60,43,1.188103,0.005763,0.004699,0.001064,0.2805,-0.000646,0.002772,-0.000648,-0.000911
(ii) Δc = −0.02,global (run-level prediction),43,1.336942,0.005455,-0.000000,0.005455,0.0760,0.000071,0.010654,nan,nan
(ii) Δc = −0.02,global (period-level prediction),43,1.336942,0.005455,0.003978,0.001477,0.3276,-0.001362,0.004047,nan,nan
(ii) Δc = −0.02,W60,44,1.187970,0.002653,0.002929,-0.000275,0.8273,-0.002618,0.001929,-0.000447,0.000163
(ii) Δc = −0.02,global (run-level prediction),44,1.336827,-0.000359,-0.000000,-0.000359,0.9294,-0.008050,0.006992,nan,nan
(ii) Δc = −0.02,global (period-level prediction),44,1.336827,-0.000359,0.001438,-0.001797,0.3998,-0.005662,0.002309,nan,nan
(ii) Δc = −0.02,W60,45,1.189231,-0.003761,-0.002595,-0.001166,0.3397,-0.003321,0.000889,-0.000166,0.001456
(ii) Δc = −0.02,global (run-level prediction),45,1.335278,-0.001295,0.000000,-0.001295,0.6882,-0.007369,0.005177,nan,nan
(ii) Δc = −0.02,global (period-level prediction),45,1.335278,-0.001295,-0.001210,-0.000086,0.9659,-0.003710,0.003701,nan,nan
(ii) Δc = −0.02,W60,46,1.189804,-0.001070,-0.002364,0.001294,0.3845,-0.001319,0.003868,-0.000097,-0.000186
(ii) Δc = −0.02,global (run-level prediction),46,1.336511,-0.001276,0.000000,-0.001276,0.7328,-0.007938,0.005573,nan,nan
(ii) Δc = −0.02,global (period-level prediction),46,1.336511,-0.001276,-0.003455,0.002179,0.2533,-0.000851,0.005606,nan,nan
(ii) Δc = −0.02,W60,47,1.188708,-0.003192,-0.001842,-0.001350,0.3645,-0.004142,0.001128,-0.000060,0.000172
(ii) Δc = −0.02,global (run-level prediction),47,1.339210,-0.005358,0.000000,-0.005358,0.2233,-0.012654,0.002877,nan,nan
(ii) Δc = −0.02,global (period-level prediction),47,1.339210,-0.005358,-0.001909,-0.003449,0.2749,-0.009298,0.002404,nan,nan
(ii) Δc = −0.02,W60,48,1.190606,-0.000637,0.000079,-0.000717,0.4788,-0.002518,0.001206,-0.000413,0.000050
(ii) Δc = −0.02,global (run-level prediction),48,1.339121,0.000636,0.000000,0.000636,0.8722,-0.006565,0.007721,nan,nan
(ii) Δc = −0.02,global (period-level prediction),48,1.339121,0.000636,0.000076,0.000560,0.8527,-0.005320,0.006325,nan,nan
(ii) Δc = −0.02,W60,49,1.190591,0.000327,0.000190,0.000137,0.9108,-0.001922,0.002369,-0.000766,0.001327
(ii) Δc = −0.02,global (run-level prediction),49,1.339013,-0.003697,0.000000,-0.003697,0.2344,-0.009272,0.001457,nan,nan
(ii) Δc = −0.02,global (period-level prediction),49,1.339013,-0.003697,-0.002042,-0.001654,0.3680,-0.005510,0.001601,nan,nan
(ii) Δc = −0.02,W60,50,1.186423,0.001398,0.001312,0.000086,0.9358,-0.001690,0.002402,-0.000639,-0.000016
(ii) Δc = −0.02,global (run-level prediction),50,1.331865,0.002300,-0.000000,0.002300,0.5569,-0.004858,0.009084,nan,nan
(ii) Δc = −0.02,global (period-level prediction),50,1.331865,0.002300,0.002087,0.000213,0.9091,-0.003294,0.003483,nan,nan
(iii) Δa and Δc = +0.02,W60,1,1.186031,-0.091145,-0.094931,0.003786,0.0206,0.001258,0.006155,0.000352,0.006861
(iii) Δa and Δc = +0.02,global (run-level prediction),1,1.324440,-0.102520,-0.000000,-0.102520,0.0001,-0.108181,-0.096014,nan,nan
(iii) Δa and Δc = +0.02,global (period-level prediction),1,1.324440,-0.102520,-0.105479,0.002959,0.1638,-0.001047,0.006427,nan,nan
(iii) Δa and Δc = +0.02,W60,2,1.187465,-0.095011,-0.096104,0.001094,0.4634,-0.001779,0.003927,0.000764,0.006892
(iii) Δa and Δc = +0.02,global (run-level prediction),2,1.325792,-0.104629,0.000000,-0.104629,0.0001,-0.110979,-0.097749,nan,nan
(iii) Δa and Δc = +0.02,global (period-level prediction),2,1.325792,-0.104629,-0.109412,0.004783,0.0118,0.001812,0.007880,nan,nan
(iii) Δa and Δc = +0.02,W60,3,1.185924,-0.096405,-0.098913,0.002508,0.1086,-0.000157,0.005292,0.000928,0.006042
(iii) Δa and Δc = +0.02,global (run-level prediction),3,1.324972,-0.107940,0.000000,-0.107940,0.0001,-0.114623,-0.102049,nan,nan
(iii) Δa and Δc = +0.02,global (period-level prediction),3,1.324972,-0.107940,-0.110992,0.003052,0.1322,-0.000548,0.006623,nan,nan
(iii) Δa and Δc = +0.02,W60,4,1.186187,-0.096806,-0.099201,0.002395,0.1492,-0.000611,0.005207,0.000980,0.005962
(iii) Δa and Δc = +0.02,global (run-level prediction),4,1.324354,-0.104616,0.000000,-0.104616,0.0001,-0.111269,-0.098250,nan,nan
(iii) Δa and Δc = +0.02,global (period-level prediction),4,1.324354,-0.104616,-0.109579,0.004964,0.0126,0.001823,0.008205,nan,nan
(iii) Δa and Δc = +0.02,W60,5,1.187543,-0.094176,-0.097855,0.003679,0.0015,0.001968,0.005600,0.000759,0.008143
(iii) Δa and Δc = +0.02,global (run-level prediction),5,1.327352,-0.106930,0.000000,-0.106930,0.0001,-0.113678,-0.100782,nan,nan
(iii) Δa and Δc = +0.02,global (period-level prediction),5,1.327352,-0.106930,-0.111544,0.004614,0.0607,0.000499,0.008549,nan,nan
(iii) Δa and Δc = +0.02,W60,6,1.193579,-0.098954,-0.101838,0.002883,0.0835,-0.000136,0.005575,0.000246,0.007570
(iii) Δa and Δc = +0.02,global (run-level prediction),6,1.330185,-0.108080,-0.000000,-0.108080,0.0001,-0.113865,-0.102703,nan,nan
(iii) Δa and Δc = +0.02,global (period-level prediction),6,1.330185,-0.108080,-0.112774,0.004694,0.0073,0.002144,0.007318,nan,nan
(iii) Δa and Δc = +0.02,W60,7,1.188014,-0.092881,-0.095476,0.002594,0.0093,0.000929,0.004176,0.000451,0.007412
(iii) Δa and Δc = +0.02,global (run-level prediction),7,1.327431,-0.103323,0.000000,-0.103323,0.0001,-0.109259,-0.097744,nan,nan
(iii) Δa and Δc = +0.02,global (period-level prediction),7,1.327431,-0.103323,-0.107000,0.003677,0.0385,0.000723,0.006736,nan,nan
(iii) Δa and Δc = +0.02,W60,8,1.187135,-0.092310,-0.094124,0.001813,0.1570,-0.000402,0.004002,0.000580,0.006177
(iii) Δa and Δc = +0.02,global (run-level prediction),8,1.325226,-0.106280,-0.000000,-0.106280,0.0001,-0.111420,-0.101415,nan,nan
(iii) Δa and Δc = +0.02,global (period-level prediction),8,1.325226,-0.106280,-0.110730,0.004450,0.0867,-0.000138,0.009340,nan,nan
(iii) Δa and Δc = +0.02,W60,9,1.187194,-0.097861,-0.100558,0.002697,0.0950,0.000069,0.005468,0.000297,0.006687
(iii) Δa and Δc = +0.02,global (run-level prediction),9,1.324819,-0.105403,-0.000000,-0.105403,0.0001,-0.109968,-0.100864,nan,nan
(iii) Δa and Δc = +0.02,global (period-level prediction),9,1.324819,-0.105403,-0.109398,0.003996,0.1179,-0.000315,0.008218,nan,nan
(iii) Δa and Δc = +0.02,W60,10,1.181274,-0.089249,-0.093125,0.003876,0.0087,0.001600,0.006334,0.000296,0.005256
(iii) Δa and Δc = +0.02,global (run-level prediction),10,1.321167,-0.100576,-0.000000,-0.100576,0.0001,-0.105847,-0.095270,nan,nan
(iii) Δa and Δc = +0.02,global (period-level prediction),10,1.321167,-0.100576,-0.105594,0.005018,0.0016,0.002859,0.007223,nan,nan
(iii) Δa and Δc = +0.02,W60,11,1.187393,-0.093520,-0.095392,0.001872,0.1511,-0.000225,0.004493,0.000363,0.005798
(iii) Δa and Δc = +0.02,global (run-level prediction),11,1.326232,-0.106384,0.000000,-0.106384,0.0001,-0.113960,-0.099946,nan,nan
(iii) Δa and Δc = +0.02,global (period-level prediction),11,1.326232,-0.106384,-0.110258,0.003874,0.0389,0.000652,0.006919,nan,nan
(iii) Δa and Δc = +0.02,W60,12,1.189889,-0.095485,-0.099961,0.004476,0.0009,0.002244,0.006648,0.000558,0.006008
(iii) Δa and Δc = +0.02,global (run-level prediction),12,1.328349,-0.106971,-0.000000,-0.106971,0.0001,-0.112252,-0.102548,nan,nan
(iii) Δa and Δc = +0.02,global (period-level prediction),12,1.328349,-0.106971,-0.110916,0.003944,0.0405,0.000546,0.007270,nan,nan
(iii) Δa and Δc = +0.02,W60,13,1.187518,-0.093331,-0.095079,0.001747,0.1439,-0.000381,0.003846,0.001248,0.005747
(iii) Δa and Δc = +0.02,global (run-level prediction),13,1.326905,-0.105497,-0.000000,-0.105497,0.0001,-0.109172,-0.101750,nan,nan
(iii) Δa and Δc = +0.02,global (period-level prediction),13,1.326905,-0.105497,-0.107360,0.001863,0.1489,-0.000515,0.004181,nan,nan
(iii) Δa and Δc = +0.02,W60,14,1.185279,-0.088584,-0.090100,0.001516,0.1880,-0.000623,0.003567,0.000259,0.007481
(iii) Δa and Δc = +0.02,global (run-level prediction),14,1.325173,-0.101822,-0.000000,-0.101822,0.0001,-0.106361,-0.096718,nan,nan
(iii) Δa and Δc = +0.02,global (period-level prediction),14,1.325173,-0.101822,-0.104403,0.002582,0.1813,-0.000733,0.005952,nan,nan
(iii) Δa and Δc = +0.02,W60,15,1.189721,-0.095399,-0.098267,0.002868,0.0348,0.000654,0.004965,0.000108,0.008162
(iii) Δa and Δc = +0.02,global (run-level prediction),15,1.326806,-0.106235,0.000000,-0.106235,0.0001,-0.110812,-0.101410,nan,nan
(iii) Δa and Δc = +0.02,global (period-level prediction),15,1.326806,-0.106235,-0.108578,0.002343,0.2068,-0.000888,0.005428,nan,nan
(iii) Δa and Δc = +0.02,W60,16,1.185741,-0.091464,-0.094273,0.002809,0.0404,0.000604,0.005353,0.000856,0.006362
(iii) Δa and Δc = +0.02,global (run-level prediction),16,1.324406,-0.104716,-0.000000,-0.104716,0.0001,-0.109109,-0.100096,nan,nan
(iii) Δa and Δc = +0.02,global (period-level prediction),16,1.324406,-0.104716,-0.107173,0.002457,0.0781,0.000099,0.005128,nan,nan
(iii) Δa and Δc = +0.02,W60,17,1.184089,-0.089389,-0.091703,0.002314,0.0446,0.000315,0.004282,0.000517,0.007772
(iii) Δa and Δc = +0.02,global (run-level prediction),17,1.321248,-0.096324,0.000000,-0.096324,0.0001,-0.102213,-0.090700,nan,nan
(iii) Δa and Δc = +0.02,global (period-level prediction),17,1.321248,-0.096324,-0.102295,0.005971,0.0175,0.001728,0.010419,nan,nan
(iii) Δa and Δc = +0.02,W60,18,1.186212,-0.091215,-0.094640,0.003425,0.0121,0.001356,0.005696,0.000690,0.007210
(iii) Δa and Δc = +0.02,global (run-level prediction),18,1.325771,-0.100859,0.000000,-0.100859,0.0001,-0.106783,-0.095074,nan,nan
(iii) Δa and Δc = +0.02,global (period-level prediction),18,1.325771,-0.100859,-0.108621,0.007761,0.0020,0.003817,0.011508,nan,nan
(iii) Δa and Δc = +0.02,W60,19,1.186286,-0.092604,-0.096672,0.004069,0.0073,0.001748,0.006418,0.000228,0.007368
(iii) Δa and Δc = +0.02,global (run-level prediction),19,1.325260,-0.108735,0.000000,-0.108735,0.0001,-0.113105,-0.104701,nan,nan
(iii) Δa and Δc = +0.02,global (period-level prediction),19,1.325260,-0.108735,-0.112072,0.003337,0.0288,0.000912,0.005860,nan,nan
(iii) Δa and Δc = +0.02,W60,20,1.188325,-0.093134,-0.096779,0.003646,0.0035,0.001870,0.005347,0.001088,0.004950
(iii) Δa and Δc = +0.02,global (run-level prediction),20,1.326877,-0.107571,0.000000,-0.107571,0.0001,-0.114209,-0.101497,nan,nan
(iii) Δa and Δc = +0.02,global (period-level prediction),20,1.326877,-0.107571,-0.112629,0.005058,0.0013,0.002752,0.007484,nan,nan
(iii) Δa and Δc = +0.02,W60,21,1.188206,-0.094208,-0.097389,0.003181,0.0460,0.000565,0.005918,0.000629,0.004611
(iii) Δa and Δc = +0.02,global (run-level prediction),21,1.326028,-0.101928,0.000000,-0.101928,0.0001,-0.107273,-0.096128,nan,nan
(iii) Δa and Δc = +0.02,global (period-level prediction),21,1.326028,-0.101928,-0.108155,0.006228,0.0172,0.002142,0.010569,nan,nan
(iii) Δa and Δc = +0.02,W60,22,1.187058,-0.093228,-0.096555,0.003327,0.0070,0.001296,0.005216,0.000255,0.007068
(iii) Δa and Δc = +0.02,global (run-level prediction),22,1.327669,-0.111475,0.000000,-0.111475,0.0001,-0.115931,-0.106521,nan,nan
(iii) Δa and Δc = +0.02,global (period-level prediction),22,1.327669,-0.111475,-0.112450,0.000976,0.4697,-0.001550,0.003362,nan,nan
(iii) Δa and Δc = +0.02,W60,23,1.188623,-0.096342,-0.097641,0.001299,0.1912,-0.000505,0.003272,0.000924,0.007472
(iii) Δa and Δc = +0.02,global (run-level prediction),23,1.323802,-0.105209,0.000000,-0.105209,0.0001,-0.110692,-0.098307,nan,nan
(iii) Δa and Δc = +0.02,global (period-level prediction),23,1.323802,-0.105209,-0.107119,0.001910,0.3145,-0.001663,0.005182,nan,nan
(iii) Δa and Δc = +0.02,W60,24,1.187415,-0.095284,-0.097971,0.002687,0.0896,-0.000085,0.005439,0.000578,0.005238
(iii) Δa and Δc = +0.02,global (run-level prediction),24,1.326079,-0.107654,0.000000,-0.107654,0.0001,-0.115932,-0.100711,nan,nan
(iii) Δa and Δc = +0.02,global (period-level prediction),24,1.326079,-0.107654,-0.110038,0.002384,0.2805,-0.002065,0.006154,nan,nan
(iii) Δa and Δc = +0.02,W60,25,1.190909,-0.095018,-0.099716,0.004698,0.0004,0.003095,0.006230,0.001004,0.004719
(iii) Δa and Δc = +0.02,global (run-level prediction),25,1.330130,-0.111222,0.000000,-0.111222,0.0001,-0.115361,-0.107051,nan,nan
(iii) Δa and Δc = +0.02,global (period-level prediction),25,1.330130,-0.111222,-0.114623,0.003401,0.1317,-0.000591,0.007153,nan,nan
(iii) Δa and Δc = +0.02,W60,26,1.183451,-0.090400,-0.095334,0.004933,0.0005,0.003220,0.006757,0.000503,0.004932
(iii) Δa and Δc = +0.02,global (run-level prediction),26,1.321068,-0.101834,0.000000,-0.101834,0.0001,-0.109430,-0.095264,nan,nan
(iii) Δa and Δc = +0.02,global (period-level prediction),26,1.321068,-0.101834,-0.107434,0.005601,0.0109,0.002158,0.008916,nan,nan
(iii) Δa and Δc = +0.02,W60,27,1.189375,-0.098404,-0.099813,0.001409,0.3049,-0.000913,0.004126,0.000710,0.006659
(iii) Δa and Δc = +0.02,global (run-level prediction),27,1.324821,-0.105375,0.000000,-0.105375,0.0001,-0.110376,-0.100306,nan,nan
(iii) Δa and Δc = +0.02,global (period-level prediction),27,1.324821,-0.105375,-0.109301,0.003926,0.0059,0.001676,0.006074,nan,nan
(iii) Δa and Δc = +0.02,W60,28,1.191262,-0.099925,-0.102498,0.002573,0.0966,-0.000238,0.005112,0.001030,0.006882
(iii) Δa and Δc = +0.02,global (run-level prediction),28,1.327021,-0.107595,0.000000,-0.107595,0.0001,-0.112337,-0.102833,nan,nan
(iii) Δa and Δc = +0.02,global (period-level prediction),28,1.327021,-0.107595,-0.111902,0.004306,0.0042,0.001802,0.006845,nan,nan
(iii) Δa and Δc = +0.02,W60,29,1.189102,-0.091722,-0.095120,0.003399,0.0255,0.000887,0.005773,0.000972,0.005880
(iii) Δa and Δc = +0.02,global (run-level prediction),29,1.326419,-0.105070,-0.000000,-0.105070,0.0001,-0.110428,-0.099939,nan,nan
(iii) Δa and Δc = +0.02,global (period-level prediction),29,1.326419,-0.105070,-0.107785,0.002715,0.1688,-0.000831,0.005960,nan,nan
(iii) Δa and Δc = +0.02,W60,30,1.184779,-0.095543,-0.098753,0.003210,0.0154,0.001110,0.005389,0.000889,0.005621
(iii) Δa and Δc = +0.02,global (run-level prediction),30,1.324841,-0.108760,0.000000,-0.108760,0.0001,-0.113838,-0.102268,nan,nan
(iii) Δa and Δc = +0.02,global (period-level prediction),30,1.324841,-0.108760,-0.110142,0.001382,0.5654,-0.002441,0.006103,nan,nan
(iii) Δa and Δc = +0.02,W60,31,1.190522,-0.095450,-0.095881,0.000431,0.7457,-0.001811,0.002818,0.000678,0.006731
(iii) Δa and Δc = +0.02,global (run-level prediction),31,1.325604,-0.102687,-0.000000,-0.102687,0.0001,-0.107615,-0.097733,nan,nan
(iii) Δa and Δc = +0.02,global (period-level prediction),31,1.325604,-0.102687,-0.106024,0.003337,0.1167,-0.000344,0.007018,nan,nan
(iii) Δa and Δc = +0.02,W60,32,1.185062,-0.097994,-0.098766,0.000772,0.4222,-0.001011,0.002462,0.000913,0.006710
(iii) Δa and Δc = +0.02,global (run-level prediction),32,1.323291,-0.106155,-0.000000,-0.106155,0.0001,-0.113788,-0.098664,nan,nan
(iii) Δa and Δc = +0.02,global (period-level prediction),32,1.323291,-0.106155,-0.109081,0.002926,0.1816,-0.001054,0.006708,nan,nan
(iii) Δa and Δc = +0.02,W60,33,1.188836,-0.093545,-0.095788,0.002243,0.0963,0.000016,0.004806,0.000490,0.006871
(iii) Δa and Δc = +0.02,global (run-level prediction),33,1.326984,-0.104242,0.000000,-0.104242,0.0001,-0.108616,-0.099604,nan,nan
(iii) Δa and Δc = +0.02,global (period-level prediction),33,1.326984,-0.104242,-0.108314,0.004072,0.0308,0.001137,0.007130,nan,nan
(iii) Δa and Δc = +0.02,W60,34,1.187007,-0.095850,-0.099943,0.004093,0.0022,0.002051,0.006233,0.000145,0.005175
(iii) Δa and Δc = +0.02,global (run-level prediction),34,1.324621,-0.104457,0.000000,-0.104457,0.0001,-0.109282,-0.099677,nan,nan
(iii) Δa and Δc = +0.02,global (period-level prediction),34,1.324621,-0.104457,-0.109917,0.005460,0.0061,0.002467,0.008430,nan,nan
(iii) Δa and Δc = +0.02,W60,35,1.188051,-0.095580,-0.097709,0.002129,0.1333,-0.000248,0.004668,0.000516,0.006792
(iii) Δa and Δc = +0.02,global (run-level prediction),35,1.326545,-0.105911,0.000000,-0.105911,0.0001,-0.113660,-0.098450,nan,nan
(iii) Δa and Δc = +0.02,global (period-level prediction),35,1.326545,-0.105911,-0.109540,0.003629,0.0527,0.000505,0.006671,nan,nan
(iii) Δa and Δc = +0.02,W60,36,1.189430,-0.096186,-0.100141,0.003955,0.0028,0.001999,0.005882,0.000850,0.006405
(iii) Δa and Δc = +0.02,global (run-level prediction),36,1.326636,-0.105622,0.000000,-0.105622,0.0001,-0.109826,-0.100779,nan,nan
(iii) Δa and Δc = +0.02,global (period-level prediction),36,1.326636,-0.105622,-0.107923,0.002302,0.3353,-0.001943,0.006776,nan,nan
(iii) Δa and Δc = +0.02,W60,37,1.189041,-0.095025,-0.098269,0.003244,0.0072,0.001312,0.004927,0.000160,0.006220
(iii) Δa and Δc = +0.02,global (run-level prediction),37,1.324783,-0.106673,0.000000,-0.106673,0.0001,-0.111315,-0.101726,nan,nan
(iii) Δa and Δc = +0.02,global (period-level prediction),37,1.324783,-0.106673,-0.109565,0.002892,0.0964,-0.000264,0.005964,nan,nan
(iii) Δa and Δc = +0.02,W60,38,1.187522,-0.093960,-0.097082,0.003122,0.0610,0.000375,0.006085,0.000755,0.006472
(iii) Δa and Δc = +0.02,global (run-level prediction),38,1.326754,-0.106382,0.000000,-0.106382,0.0001,-0.114173,-0.099883,nan,nan
(iii) Δa and Δc = +0.02,global (period-level prediction),38,1.326754,-0.106382,-0.109472,0.003089,0.2942,-0.002420,0.007821,nan,nan
(iii) Δa and Δc = +0.02,W60,39,1.189150,-0.098659,-0.099015,0.000356,0.7361,-0.001541,0.002277,0.000440,0.006306
(iii) Δa and Δc = +0.02,global (run-level prediction),39,1.326557,-0.109895,0.000000,-0.109895,0.0001,-0.115363,-0.103865,nan,nan
(iii) Δa and Δc = +0.02,global (period-level prediction),39,1.326557,-0.109895,-0.113291,0.003396,0.0167,0.001204,0.006141,nan,nan
(iii) Δa and Δc = +0.02,W60,40,1.186571,-0.094115,-0.097353,0.003238,0.0297,0.000747,0.005538,0.000816,0.006867
(iii) Δa and Δc = +0.02,global (run-level prediction),40,1.324503,-0.106970,0.000000,-0.106970,0.0001,-0.111247,-0.102596,nan,nan
(iii) Δa and Δc = +0.02,global (period-level prediction),40,1.324503,-0.106970,-0.110618,0.003647,0.0046,0.001833,0.005547,nan,nan
(iii) Δa and Δc = +0.02,W60,41,1.183979,-0.092583,-0.094395,0.001812,0.1030,-0.000025,0.003771,0.001026,0.008107
(iii) Δa and Δc = +0.02,global (run-level prediction),41,1.321067,-0.104655,-0.000000,-0.104655,0.0001,-0.111215,-0.097973,nan,nan
(iii) Δa and Δc = +0.02,global (period-level prediction),41,1.321067,-0.104655,-0.110180,0.005526,0.0029,0.002698,0.008560,nan,nan
(iii) Δa and Δc = +0.02,W60,42,1.187957,-0.095673,-0.098950,0.003278,0.0306,0.000832,0.005823,0.000299,0.005370
(iii) Δa and Δc = +0.02,global (run-level prediction),42,1.326336,-0.108457,0.000000,-0.108457,0.0001,-0.113901,-0.102791,nan,nan
(iii) Δa and Δc = +0.02,global (period-level prediction),42,1.326336,-0.108457,-0.108476,0.000020,0.9882,-0.002684,0.002925,nan,nan
(iii) Δa and Δc = +0.02,W60,43,1.186010,-0.097387,-0.099913,0.002526,0.0358,0.000555,0.004588,0.000313,0.007139
(iii) Δa and Δc = +0.02,global (run-level prediction),43,1.321744,-0.107938,-0.000000,-0.107938,0.0001,-0.112132,-0.103744,nan,nan
(iii) Δa and Δc = +0.02,global (period-level prediction),43,1.321744,-0.107938,-0.111990,0.004052,0.0701,0.000292,0.007877,nan,nan
(iii) Δa and Δc = +0.02,W60,44,1.190082,-0.094894,-0.098408,0.003515,0.0131,0.001243,0.005702,0.000391,0.005125
(iii) Δa and Δc = +0.02,global (run-level prediction),44,1.329820,-0.106977,-0.000000,-0.106977,0.0001,-0.112609,-0.101722,nan,nan
(iii) Δa and Δc = +0.02,global (period-level prediction),44,1.329820,-0.106977,-0.109158,0.002182,0.2216,-0.001227,0.005129,nan,nan
(iii) Δa and Δc = +0.02,W60,45,1.186241,-0.089683,-0.092065,0.002382,0.0623,0.000351,0.004462,0.000805,0.005408
(iii) Δa and Δc = +0.02,global (run-level prediction),45,1.324105,-0.100275,-0.000000,-0.100275,0.0001,-0.108348,-0.091969,nan,nan
(iii) Δa and Δc = +0.02,global (period-level prediction),45,1.324105,-0.100275,-0.105002,0.004728,0.0179,0.001519,0.008035,nan,nan
(iii) Δa and Δc = +0.02,W60,46,1.186938,-0.092945,-0.095131,0.002186,0.0558,0.000165,0.004035,0.000059,0.006663
(iii) Δa and Δc = +0.02,global (run-level prediction),46,1.325833,-0.105103,-0.000000,-0.105103,0.0001,-0.113030,-0.097153,nan,nan
(iii) Δa and Δc = +0.02,global (period-level prediction),46,1.325833,-0.105103,-0.106955,0.001853,0.3176,-0.001404,0.005080,nan,nan
(iii) Δa and Δc = +0.02,W60,47,1.189191,-0.095755,-0.096758,0.001002,0.2994,-0.000830,0.002734,0.000240,0.007091
(iii) Δa and Δc = +0.02,global (run-level prediction),47,1.325974,-0.104398,0.000000,-0.104398,0.0001,-0.110693,-0.097634,nan,nan
(iii) Δa and Δc = +0.02,global (period-level prediction),47,1.325974,-0.104398,-0.108177,0.003779,0.0697,0.000239,0.007748,nan,nan
(iii) Δa and Δc = +0.02,W60,48,1.185520,-0.092886,-0.096234,0.003348,0.0010,0.002028,0.004582,0.000758,0.005864
(iii) Δa and Δc = +0.02,global (run-level prediction),48,1.324509,-0.103683,-0.000000,-0.103683,0.0001,-0.109343,-0.096865,nan,nan
(iii) Δa and Δc = +0.02,global (period-level prediction),48,1.324509,-0.103683,-0.105771,0.002088,0.3286,-0.001299,0.006502,nan,nan
(iii) Δa and Δc = +0.02,W60,49,1.190981,-0.097419,-0.100154,0.002735,0.0936,-0.000065,0.005590,0.000360,0.007579
(iii) Δa and Δc = +0.02,global (run-level prediction),49,1.327104,-0.106349,0.000000,-0.106349,0.0001,-0.110305,-0.102056,nan,nan
(iii) Δa and Δc = +0.02,global (period-level prediction),49,1.327104,-0.106349,-0.111036,0.004688,0.0092,0.001876,0.007364,nan,nan
(iii) Δa and Δc = +0.02,W60,50,1.186916,-0.095895,-0.097198,0.001303,0.3370,-0.000947,0.003669,0.001128,0.006894
(iii) Δa and Δc = +0.02,global (run-level prediction),50,1.323774,-0.104495,0.000000,-0.104495,0.0001,-0.113473,-0.096393,nan,nan
(iii) Δa and Δc = +0.02,global (period-level prediction),50,1.323774,-0.104495,-0.108842,0.004348,0.0790,0.000009,0.008399,nan,nan
(iv) a_x − a_y = 0.03 with Δa,W60,1,1.166661,-0.088279,-0.091363,0.003084,0.0221,0.000989,0.005180,0.000138,0.004821
(iv) a_x − a_y = 0.03 with Δa,global (run-level prediction),1,1.253421,-0.093111,0.000000,-0.093111,0.0001,-0.101484,-0.085348,nan,nan
(iv) a_x − a_y = 0.03 with Δa,global (period-level prediction),1,1.253421,-0.093111,-0.102811,0.009700,0.0001,0.007466,0.012378,nan,nan
(iv) a_x − a_y = 0.03 with Δa,W60,2,1.165254,-0.089336,-0.092011,0.002675,0.0244,0.000749,0.004709,0.000486,0.005908
(iv) a_x − a_y = 0.03 with Δa,global (run-level prediction),2,1.249416,-0.092311,-0.000000,-0.092311,0.0001,-0.099234,-0.085092,nan,nan
(iv) a_x − a_y = 0.03 with Δa,global (period-level prediction),2,1.249416,-0.092311,-0.099246,0.006935,0.0139,0.002442,0.011043,nan,nan
(iv) a_x − a_y = 0.03 with Δa,W60,3,1.163691,-0.084796,-0.090713,0.005917,0.0004,0.003579,0.008673,-0.000262,0.004352
(iv) a_x − a_y = 0.03 with Δa,global (run-level prediction),3,1.250961,-0.088027,0.000000,-0.088027,0.0001,-0.095027,-0.081624,nan,nan
(iv) a_x − a_y = 0.03 with Δa,global (period-level prediction),3,1.250961,-0.088027,-0.100294,0.012267,0.0001,0.008926,0.015587,nan,nan
(iv) a_x − a_y = 0.03 with Δa,W60,4,1.168412,-0.090962,-0.093402,0.002440,0.0518,0.000260,0.004651,-0.000216,0.006927
(iv) a_x − a_y = 0.03 with Δa,global (run-level prediction),4,1.251971,-0.093075,0.000000,-0.093075,0.0001,-0.098911,-0.085716,nan,nan
(iv) a_x − a_y = 0.03 with Δa,global (period-level prediction),4,1.251971,-0.093075,-0.103382,0.010307,0.0001,0.007793,0.012788,nan,nan
(iv) a_x − a_y = 0.03 with Δa,W60,5,1.168409,-0.087262,-0.090281,0.003019,0.0133,0.001102,0.005074,0.000019,0.005838
(iv) a_x − a_y = 0.03 with Δa,global (run-level prediction),5,1.254785,-0.088122,0.000000,-0.088122,0.0001,-0.094014,-0.081783,nan,nan
(iv) a_x − a_y = 0.03 with Δa,global (period-level prediction),5,1.254785,-0.088122,-0.099963,0.011841,0.0001,0.009036,0.015125,nan,nan
(iv) a_x − a_y = 0.03 with Δa,W60,6,1.164617,-0.088427,-0.093572,0.005144,0.0001,0.003594,0.006907,-0.000602,0.004115
(iv) a_x − a_y = 0.03 with Δa,global (run-level prediction),6,1.249615,-0.091929,0.000000,-0.091929,0.0001,-0.099866,-0.083870,nan,nan
(iv) a_x − a_y = 0.03 with Δa,global (period-level prediction),6,1.249615,-0.091929,-0.102034,0.010105,0.0005,0.006791,0.012768,nan,nan
(iv) a_x − a_y = 0.03 with Δa,W60,7,1.166627,-0.086996,-0.090360,0.003364,0.0099,0.001426,0.005514,-0.000053,0.005308
(iv) a_x − a_y = 0.03 with Δa,global (run-level prediction),7,1.253411,-0.091339,-0.000000,-0.091339,0.0001,-0.095351,-0.086498,nan,nan
(iv) a_x − a_y = 0.03 with Δa,global (period-level prediction),7,1.253411,-0.091339,-0.098613,0.007274,0.0002,0.005337,0.009103,nan,nan
(iv) a_x − a_y = 0.03 with Δa,W60,8,1.161013,-0.087160,-0.090765,0.003605,0.0305,0.001000,0.006195,0.000019,0.005997
(iv) a_x − a_y = 0.03 with Δa,global (run-level prediction),8,1.247530,-0.089076,-0.000000,-0.089076,0.0001,-0.094423,-0.083188,nan,nan
(iv) a_x − a_y = 0.03 with Δa,global (period-level prediction),8,1.247530,-0.089076,-0.099606,0.010530,0.0005,0.006467,0.014173,nan,nan
(iv) a_x − a_y = 0.03 with Δa,W60,9,1.169463,-0.089062,-0.090534,0.001472,0.2101,-0.000742,0.003622,0.000160,0.006557
(iv) a_x − a_y = 0.03 with Δa,global (run-level prediction),9,1.253567,-0.089513,0.000000,-0.089513,0.0001,-0.094933,-0.083132,nan,nan
(iv) a_x − a_y = 0.03 with Δa,global (period-level prediction),9,1.253567,-0.089513,-0.101413,0.011900,0.0001,0.009365,0.014963,nan,nan
(iv) a_x − a_y = 0.03 with Δa,W60,10,1.162975,-0.089994,-0.092080,0.002086,0.1399,-0.000310,0.004636,-0.000022,0.007579
(iv) a_x − a_y = 0.03 with Δa,global (run-level prediction),10,1.250120,-0.094018,-0.000000,-0.094018,0.0001,-0.099436,-0.089707,nan,nan
(iv) a_x − a_y = 0.03 with Δa,global (period-level prediction),10,1.250120,-0.094018,-0.102569,0.008551,0.0004,0.005909,0.011157,nan,nan
(iv) a_x − a_y = 0.03 with Δa,W60,11,1.165578,-0.087249,-0.090688,0.003439,0.0123,0.001173,0.005739,0.000321,0.006102
(iv) a_x − a_y = 0.03 with Δa,global (run-level prediction),11,1.252243,-0.088206,0.000000,-0.088206,0.0001,-0.094602,-0.081645,nan,nan
(iv) a_x − a_y = 0.03 with Δa,global (period-level prediction),11,1.252243,-0.088206,-0.099140,0.010934,0.0001,0.008214,0.013522,nan,nan
(iv) a_x − a_y = 0.03 with Δa,W60,12,1.167522,-0.086378,-0.088182,0.001804,0.2863,-0.001055,0.004867,-0.000279,0.006356
(iv) a_x − a_y = 0.03 with Δa,global (run-level prediction),12,1.253985,-0.089720,-0.000000,-0.089720,0.0001,-0.095321,-0.084084,nan,nan
(iv) a_x − a_y = 0.03 with Δa,global (period-level prediction),12,1.253985,-0.089720,-0.096217,0.006497,0.0005,0.003820,0.009100,nan,nan
(iv) a_x − a_y = 0.03 with Δa,W60,13,1.165010,-0.088677,-0.090100,0.001423,0.1315,-0.000126,0.003204,-0.000641,0.007894
(iv) a_x − a_y = 0.03 with Δa,global (run-level prediction),13,1.251808,-0.089749,-0.000000,-0.089749,0.0001,-0.094721,-0.084917,nan,nan
(iv) a_x − a_y = 0.03 with Δa,global (period-level prediction),13,1.251808,-0.089749,-0.097607,0.007858,0.0002,0.005222,0.009963,nan,nan
(iv) a_x − a_y = 0.03 with Δa,W60,14,1.165971,-0.089762,-0.092182,0.002421,0.0829,0.000187,0.005012,0.000137,0.007361
(iv) a_x − a_y = 0.03 with Δa,global (run-level prediction),14,1.249750,-0.090670,0.000000,-0.090670,0.0001,-0.094976,-0.085309,nan,nan
(iv) a_x − a_y = 0.03 with Δa,global (period-level prediction),14,1.249750,-0.090670,-0.101084,0.010415,0.0002,0.007606,0.013077,nan,nan
(iv) a_x − a_y = 0.03 with Δa,W60,15,1.167442,-0.090168,-0.092966,0.002799,0.0433,0.000510,0.005062,-0.000762,0.006710
(iv) a_x − a_y = 0.03 with Δa,global (run-level prediction),15,1.253699,-0.093507,-0.000000,-0.093507,0.0001,-0.097783,-0.089224,nan,nan
(iv) a_x − a_y = 0.03 with Δa,global (period-level prediction),15,1.253699,-0.093507,-0.103407,0.009900,0.0015,0.005860,0.013670,nan,nan
(iv) a_x − a_y = 0.03 with Δa,W60,16,1.165603,-0.088292,-0.090179,0.001887,0.1854,-0.000704,0.004375,0.000130,0.005258
(iv) a_x − a_y = 0.03 with Δa,global (run-level prediction),16,1.249274,-0.087540,0.000000,-0.087540,0.0001,-0.095940,-0.079406,nan,nan
(iv) a_x − a_y = 0.03 with Δa,global (period-level prediction),16,1.249274,-0.087540,-0.097115,0.009575,0.0004,0.006253,0.012678,nan,nan
(iv) a_x − a_y = 0.03 with Δa,W60,17,1.168008,-0.087128,-0.093010,0.005882,0.0001,0.004060,0.007620,0.000202,0.005623
(iv) a_x − a_y = 0.03 with Δa,global (run-level prediction),17,1.254548,-0.091024,0.000000,-0.091024,0.0001,-0.096131,-0.085294,nan,nan
(iv) a_x − a_y = 0.03 with Δa,global (period-level prediction),17,1.254548,-0.091024,-0.101192,0.010167,0.0001,0.007797,0.012206,nan,nan
(iv) a_x − a_y = 0.03 with Δa,W60,18,1.169797,-0.094315,-0.098556,0.004242,0.0073,0.001872,0.006540,-0.000363,0.005218
(iv) a_x − a_y = 0.03 with Δa,global (run-level prediction),18,1.254829,-0.095154,-0.000000,-0.095154,0.0001,-0.100500,-0.090113,nan,nan
(iv) a_x − a_y = 0.03 with Δa,global (period-level prediction),18,1.254829,-0.095154,-0.104979,0.009825,0.0001,0.007356,0.012192,nan,nan
(iv) a_x − a_y = 0.03 with Δa,W60,19,1.165746,-0.085733,-0.087718,0.001986,0.0322,0.000326,0.003556,0.000366,0.005903
(iv) a_x − a_y = 0.03 with Δa,global (run-level prediction),19,1.251551,-0.089507,-0.000000,-0.089507,0.0001,-0.094277,-0.084496,nan,nan
(iv) a_x − a_y = 0.03 with Δa,global (period-level prediction),19,1.251551,-0.089507,-0.099579,0.010072,0.0001,0.008276,0.011915,nan,nan
(iv) a_x − a_y = 0.03 with Δa,W60,20,1.166801,-0.086962,-0.088630,0.001669,0.1827,-0.000752,0.003743,-0.000363,0.006461
(iv) a_x − a_y = 0.03 with Δa,global (run-level prediction),20,1.249251,-0.085511,-0.000000,-0.085511,0.0001,-0.091803,-0.079815,nan,nan
(iv) a_x − a_y = 0.03 with Δa,global (period-level prediction),20,1.249251,-0.085511,-0.098535,0.013025,0.0001,0.010175,0.015999,nan,nan
(iv) a_x − a_y = 0.03 with Δa,W60,21,1.168590,-0.094591,-0.097698,0.003107,0.0107,0.001283,0.004753,-0.000011,0.005250
(iv) a_x − a_y = 0.03 with Δa,global (run-level prediction),21,1.253132,-0.096153,0.000000,-0.096153,0.0001,-0.103845,-0.088778,nan,nan
(iv) a_x − a_y = 0.03 with Δa,global (period-level prediction),21,1.253132,-0.096153,-0.107056,0.010904,0.0001,0.008602,0.013347,nan,nan
(iv) a_x − a_y = 0.03 with Δa,W60,22,1.168075,-0.089779,-0.090927,0.001148,0.1887,-0.000434,0.002620,0.000223,0.006810
(iv) a_x − a_y = 0.03 with Δa,global (run-level prediction),22,1.252600,-0.090652,-0.000000,-0.090652,0.0001,-0.096460,-0.085372,nan,nan
(iv) a_x − a_y = 0.03 with Δa,global (period-level prediction),22,1.252600,-0.090652,-0.100232,0.009580,0.0004,0.006597,0.012289,nan,nan
(iv) a_x − a_y = 0.03 with Δa,W60,23,1.164872,-0.086446,-0.091318,0.004872,0.0132,0.001636,0.007794,-0.000131,0.004192
(iv) a_x − a_y = 0.03 with Δa,global (run-level prediction),23,1.251608,-0.089094,-0.000000,-0.089094,0.0001,-0.095721,-0.082665,nan,nan
(iv) a_x − a_y = 0.03 with Δa,global (period-level prediction),23,1.251608,-0.089094,-0.100193,0.011099,0.0001,0.008006,0.014646,nan,nan
(iv) a_x − a_y = 0.03 with Δa,W60,24,1.165229,-0.086249,-0.089930,0.003681,0.0077,0.001485,0.006440,-0.000208,0.006394
(iv) a_x − a_y = 0.03 with Δa,global (run-level prediction),24,1.252387,-0.091074,0.000000,-0.091074,0.0001,-0.096824,-0.085030,nan,nan
(iv) a_x − a_y = 0.03 with Δa,global (period-level prediction),24,1.252387,-0.091074,-0.099161,0.008087,0.0002,0.005863,0.010365,nan,nan
(iv) a_x − a_y = 0.03 with Δa,W60,25,1.165203,-0.093199,-0.094847,0.001648,0.0879,-0.000034,0.003213,0.000016,0.007130
(iv) a_x − a_y = 0.03 with Δa,global (run-level prediction),25,1.251951,-0.094666,0.000000,-0.094666,0.0001,-0.098155,-0.090191,nan,nan
(iv) a_x − a_y = 0.03 with Δa,global (period-level prediction),25,1.251951,-0.094666,-0.105090,0.010424,0.0001,0.007989,0.012510,nan,nan
(iv) a_x − a_y = 0.03 with Δa,W60,26,1.167283,-0.086959,-0.089368,0.002409,0.1266,-0.000310,0.005370,-0.000062,0.005707
(iv) a_x − a_y = 0.03 with Δa,global (run-level prediction),26,1.250606,-0.087316,-0.000000,-0.087316,0.0001,-0.093444,-0.081265,nan,nan
(iv) a_x − a_y = 0.03 with Δa,global (period-level prediction),26,1.250606,-0.087316,-0.097798,0.010481,0.0002,0.007972,0.012636,nan,nan
(iv) a_x − a_y = 0.03 with Δa,W60,27,1.162368,-0.089214,-0.093550,0.004335,0.0009,0.002674,0.006053,-0.000015,0.004006
(iv) a_x − a_y = 0.03 with Δa,global (run-level prediction),27,1.249935,-0.095465,-0.000000,-0.095465,0.0001,-0.100225,-0.089872,nan,nan
(iv) a_x − a_y = 0.03 with Δa,global (period-level prediction),27,1.249935,-0.095465,-0.102308,0.006844,0.0001,0.005216,0.008833,nan,nan
(iv) a_x − a_y = 0.03 with Δa,W60,28,1.165813,-0.089039,-0.090833,0.001794,0.1508,-0.000231,0.004015,0.000220,0.005767
(iv) a_x − a_y = 0.03 with Δa,global (run-level prediction),28,1.251968,-0.091154,-0.000000,-0.091154,0.0001,-0.095214,-0.086446,nan,nan
(iv) a_x − a_y = 0.03 with Δa,global (period-level prediction),28,1.251968,-0.091154,-0.101529,0.010375,0.0001,0.007132,0.013756,nan,nan
(iv) a_x − a_y = 0.03 with Δa,W60,29,1.167379,-0.089765,-0.092675,0.002910,0.0701,0.000053,0.005485,0.000019,0.005640
(iv) a_x − a_y = 0.03 with Δa,global (run-level prediction),29,1.252532,-0.091574,-0.000000,-0.091574,0.0001,-0.098782,-0.084986,nan,nan
(iv) a_x − a_y = 0.03 with Δa,global (period-level prediction),29,1.252532,-0.091574,-0.104640,0.013065,0.0001,0.010510,0.015106,nan,nan
(iv) a_x − a_y = 0.03 with Δa,W60,30,1.166690,-0.088788,-0.092502,0.003714,0.0110,0.001444,0.006062,-0.000234,0.005719
(iv) a_x − a_y = 0.03 with Δa,global (run-level prediction),30,1.253018,-0.089723,0.000000,-0.089723,0.0001,-0.094448,-0.085262,nan,nan
(iv) a_x − a_y = 0.03 with Δa,global (period-level prediction),30,1.253018,-0.089723,-0.102985,0.013262,0.0001,0.011117,0.015588,nan,nan
(iv) a_x − a_y = 0.03 with Δa,W60,31,1.166002,-0.090266,-0.092270,0.002004,0.0815,-0.000021,0.003836,-0.000216,0.007586
(iv) a_x − a_y = 0.03 with Δa,global (run-level prediction),31,1.251479,-0.092738,0.000000,-0.092738,0.0001,-0.099207,-0.086804,nan,nan
(iv) a_x − a_y = 0.03 with Δa,global (period-level prediction),31,1.251479,-0.092738,-0.102293,0.009555,0.0002,0.006996,0.011924,nan,nan
(iv) a_x − a_y = 0.03 with Δa,W60,32,1.167788,-0.090503,-0.094665,0.004162,0.0043,0.002190,0.006429,0.000375,0.005645
(iv) a_x − a_y = 0.03 with Δa,global (run-level prediction),32,1.251559,-0.090217,0.000000,-0.090217,0.0001,-0.094374,-0.086601,nan,nan
(iv) a_x − a_y = 0.03 with Δa,global (period-level prediction),32,1.251559,-0.090217,-0.101756,0.011539,0.0001,0.008554,0.014753,nan,nan
(iv) a_x − a_y = 0.03 with Δa,W60,33,1.170051,-0.090414,-0.093643,0.003228,0.0065,0.001370,0.005107,0.000090,0.006749
(iv) a_x − a_y = 0.03 with Δa,global (run-level prediction),33,1.256051,-0.091852,0.000000,-0.091852,0.0001,-0.098427,-0.085439,nan,nan
(iv) a_x − a_y = 0.03 with Δa,global (period-level prediction),33,1.256051,-0.091852,-0.103974,0.012122,0.0001,0.010234,0.013802,nan,nan
(iv) a_x − a_y = 0.03 with Δa,W60,34,1.169793,-0.090856,-0.093907,0.003051,0.0293,0.000941,0.005520,0.000271,0.007264
(iv) a_x − a_y = 0.03 with Δa,global (run-level prediction),34,1.255412,-0.092340,-0.000000,-0.092340,0.0001,-0.099539,-0.085830,nan,nan
(iv) a_x − a_y = 0.03 with Δa,global (period-level prediction),34,1.255412,-0.092340,-0.103618,0.011278,0.0002,0.008098,0.013891,nan,nan
(iv) a_x − a_y = 0.03 with Δa,W60,35,1.165280,-0.086870,-0.090881,0.004011,0.0056,0.001839,0.006032,-0.000166,0.006141
(iv) a_x − a_y = 0.03 with Δa,global (run-level prediction),35,1.251875,-0.090186,-0.000000,-0.090186,0.0001,-0.096359,-0.084046,nan,nan
(iv) a_x − a_y = 0.03 with Δa,global (period-level prediction),35,1.251875,-0.090186,-0.102166,0.011980,0.0001,0.009723,0.013863,nan,nan
(iv) a_x − a_y = 0.03 with Δa,W60,36,1.169993,-0.089739,-0.093903,0.004164,0.0063,0.001732,0.006508,-0.000503,0.006345
(iv) a_x − a_y = 0.03 with Δa,global (run-level prediction),36,1.255601,-0.091630,-0.000000,-0.091630,0.0001,-0.096760,-0.086644,nan,nan
(iv) a_x − a_y = 0.03 with Δa,global (period-level prediction),36,1.255601,-0.091630,-0.103377,0.011747,0.0001,0.008771,0.014634,nan,nan
(iv) a_x − a_y = 0.03 with Δa,W60,37,1.166792,-0.094063,-0.095377,0.001314,0.2853,-0.000528,0.003516,-0.000152,0.006007
(iv) a_x − a_y = 0.03 with Δa,global (run-level prediction),37,1.251139,-0.095739,0.000000,-0.095739,0.0001,-0.102927,-0.087372,nan,nan
(iv) a_x − a_y = 0.03 with Δa,global (period-level prediction),37,1.251139,-0.095739,-0.105109,0.009370,0.0001,0.007149,0.011886,nan,nan
(iv) a_x − a_y = 0.03 with Δa,W60,38,1.166777,-0.090273,-0.091927,0.001654,0.1639,-0.000450,0.003821,0.000180,0.006177
(iv) a_x − a_y = 0.03 with Δa,global (run-level prediction),38,1.252582,-0.091380,0.000000,-0.091380,0.0001,-0.095899,-0.087529,nan,nan
(iv) a_x − a_y = 0.03 with Δa,global (period-level prediction),38,1.252582,-0.091380,-0.103350,0.011970,0.0002,0.008254,0.015678,nan,nan
(iv) a_x − a_y = 0.03 with Δa,W60,39,1.164971,-0.081909,-0.085800,0.003891,0.0045,0.001868,0.005810,0.000210,0.003947
(iv) a_x − a_y = 0.03 with Δa,global (run-level prediction),39,1.253113,-0.087530,0.000000,-0.087530,0.0001,-0.091195,-0.083777,nan,nan
(iv) a_x − a_y = 0.03 with Δa,global (period-level prediction),39,1.253113,-0.087530,-0.098388,0.010858,0.0001,0.007597,0.014244,nan,nan
(iv) a_x − a_y = 0.03 with Δa,W60,40,1.166880,-0.090296,-0.092645,0.002349,0.0173,0.000656,0.004092,-0.000087,0.008005
(iv) a_x − a_y = 0.03 with Δa,global (run-level prediction),40,1.253063,-0.093585,-0.000000,-0.093585,0.0001,-0.100813,-0.086317,nan,nan
(iv) a_x − a_y = 0.03 with Δa,global (period-level prediction),40,1.253063,-0.093585,-0.104046,0.010460,0.0002,0.008062,0.012910,nan,nan
(iv) a_x − a_y = 0.03 with Δa,W60,41,1.165589,-0.085311,-0.088444,0.003133,0.0132,0.001104,0.004966,0.000113,0.006982
(iv) a_x − a_y = 0.03 with Δa,global (run-level prediction),41,1.252592,-0.087149,0.000000,-0.087149,0.0001,-0.092514,-0.081753,nan,nan
(iv) a_x − a_y = 0.03 with Δa,global (period-level prediction),41,1.252592,-0.087149,-0.096419,0.009270,0.0001,0.007040,0.011675,nan,nan
(iv) a_x − a_y = 0.03 with Δa,W60,42,1.167881,-0.085977,-0.090415,0.004438,0.0083,0.001796,0.006914,0.000225,0.004503
(iv) a_x − a_y = 0.03 with Δa,global (run-level prediction),42,1.254650,-0.089335,-0.000000,-0.089335,0.0001,-0.093776,-0.084120,nan,nan
(iv) a_x − a_y = 0.03 with Δa,global (period-level prediction),42,1.254650,-0.089335,-0.099474,0.010139,0.0002,0.007260,0.012959,nan,nan
(iv) a_x − a_y = 0.03 with Δa,W60,43,1.174158,-0.093560,-0.098002,0.004442,0.0012,0.002520,0.006329,0.000325,0.004538
(iv) a_x − a_y = 0.03 with Δa,global (run-level prediction),43,1.260563,-0.097311,-0.000000,-0.097311,0.0001,-0.103476,-0.091193,nan,nan
(iv) a_x − a_y = 0.03 with Δa,global (period-level prediction),43,1.260563,-0.097311,-0.108080,0.010769,0.0004,0.007030,0.014399,nan,nan
(iv) a_x − a_y = 0.03 with Δa,W60,44,1.168064,-0.088639,-0.090603,0.001964,0.1591,-0.000677,0.004508,0.000142,0.007211
(iv) a_x − a_y = 0.03 with Δa,global (run-level prediction),44,1.254030,-0.091723,0.000000,-0.091723,0.0001,-0.097466,-0.085791,nan,nan
(iv) a_x − a_y = 0.03 with Δa,global (period-level prediction),44,1.254030,-0.091723,-0.099746,0.008023,0.0001,0.006028,0.010329,nan,nan
(iv) a_x − a_y = 0.03 with Δa,W60,45,1.163156,-0.088351,-0.090542,0.002190,0.1167,-0.000366,0.004470,0.000381,0.004877
(iv) a_x − a_y = 0.03 with Δa,global (run-level prediction),45,1.247267,-0.089600,0.000000,-0.089600,0.0001,-0.095093,-0.084162,nan,nan
(iv) a_x − a_y = 0.03 with Δa,global (period-level prediction),45,1.247267,-0.089600,-0.100066,0.010467,0.0001,0.008175,0.013057,nan,nan
(iv) a_x − a_y = 0.03 with Δa,W60,46,1.169391,-0.093863,-0.097960,0.004097,0.0031,0.001875,0.006306,-0.000029,0.005601
(iv) a_x − a_y = 0.03 with Δa,global (run-level prediction),46,1.255564,-0.098181,0.000000,-0.098181,0.0001,-0.105113,-0.089986,nan,nan
(iv) a_x − a_y = 0.03 with Δa,global (period-level prediction),46,1.255564,-0.098181,-0.106589,0.008408,0.0001,0.006644,0.010269,nan,nan
(iv) a_x − a_y = 0.03 with Δa,W60,47,1.169824,-0.089653,-0.093746,0.004094,0.0140,0.001433,0.006644,-0.000040,0.006823
(iv) a_x − a_y = 0.03 with Δa,global (run-level prediction),47,1.255750,-0.092044,0.000000,-0.092044,0.0001,-0.097347,-0.086472,nan,nan
(iv) a_x − a_y = 0.03 with Δa,global (period-level prediction),47,1.255750,-0.092044,-0.101215,0.009171,0.0001,0.006566,0.011821,nan,nan
(iv) a_x − a_y = 0.03 with Δa,W60,48,1.166459,-0.086742,-0.090350,0.003608,0.0194,0.001225,0.006099,-0.000481,0.003522
(iv) a_x − a_y = 0.03 with Δa,global (run-level prediction),48,1.253996,-0.090509,0.000000,-0.090509,0.0001,-0.097082,-0.084370,nan,nan
(iv) a_x − a_y = 0.03 with Δa,global (period-level prediction),48,1.253996,-0.090509,-0.099740,0.009231,0.0004,0.006155,0.011881,nan,nan
(iv) a_x − a_y = 0.03 with Δa,W60,49,1.167616,-0.091631,-0.095240,0.003609,0.0392,0.000668,0.006512,-0.000063,0.005155
(iv) a_x − a_y = 0.03 with Δa,global (run-level prediction),49,1.255431,-0.095925,0.000000,-0.095925,0.0001,-0.102084,-0.089651,nan,nan
(iv) a_x − a_y = 0.03 with Δa,global (period-level prediction),49,1.255431,-0.095925,-0.105538,0.009613,0.0001,0.007161,0.011698,nan,nan
(iv) a_x − a_y = 0.03 with Δa,W60,50,1.166148,-0.084976,-0.087708,0.002732,0.1018,-0.000164,0.005963,-0.000008,0.005764
(iv) a_x − a_y = 0.03 with Δa,global (run-level prediction),50,1.253463,-0.088617,-0.000000,-0.088617,0.0001,-0.093874,-0.083554,nan,nan
(iv) a_x − a_y = 0.03 with Δa,global (period-level prediction),50,1.253463,-0.088617,-0.096915,0.008298,0.0005,0.005160,0.011449,nan,nan
