# partB17_calibration.py; one row per condition × estimator × replicate; git=d5a65bd
condition,estimator,replicate,sts_level_pre,sts_did,pred_did,res_did,res_p,res_ci_lo,res_ci_hi,sym_did,anti_did
(i) Δa = −0.015, Δc = 0,W60,1,0.714830,-0.040258,-0.045542,0.005284,0.0101,0.001770,0.008239,0.000184,0.001465
(i) Δa = −0.015, Δc = 0,global (run-level prediction),1,1.130006,-0.063320,0.000000,-0.063320,0.0001,-0.073657,-0.054783,nan,nan
(i) Δa = −0.015, Δc = 0,global (period-level prediction),1,1.130006,-0.063320,-0.073042,0.009722,0.0013,0.005498,0.013264,nan,nan
(i) Δa = −0.015, Δc = 0,W60,2,0.718298,-0.048350,-0.053531,0.005181,0.0358,0.000788,0.009544,-0.000110,0.001127
(i) Δa = −0.015, Δc = 0,global (run-level prediction),2,1.137572,-0.078129,-0.000000,-0.078129,0.0001,-0.087675,-0.067545,nan,nan
(i) Δa = −0.015, Δc = 0,global (period-level prediction),2,1.137572,-0.078129,-0.083870,0.005741,0.1182,-0.000496,0.012294,nan,nan
(i) Δa = −0.015, Δc = 0,W60,3,0.718358,-0.047066,-0.050215,0.003149,0.1504,-0.000437,0.007045,0.000025,0.000560
(i) Δa = −0.015, Δc = 0,global (run-level prediction),3,1.133112,-0.067892,0.000000,-0.067892,0.0001,-0.076385,-0.059797,nan,nan
(i) Δa = −0.015, Δc = 0,global (period-level prediction),3,1.133112,-0.067892,-0.078024,0.010132,0.0037,0.004529,0.015552,nan,nan
(i) Δa = −0.015, Δc = 0,W60,4,0.714500,-0.037877,-0.041915,0.004038,0.0090,0.001788,0.006480,-0.001180,0.000806
(i) Δa = −0.015, Δc = 0,global (run-level prediction),4,1.130261,-0.059569,0.000000,-0.059569,0.0001,-0.071500,-0.047831,nan,nan
(i) Δa = −0.015, Δc = 0,global (period-level prediction),4,1.130261,-0.059569,-0.070927,0.011358,0.0006,0.006863,0.015591,nan,nan
(i) Δa = −0.015, Δc = 0,W60,5,0.715735,-0.042952,-0.046536,0.003585,0.0161,0.001145,0.006663,-0.000636,0.000991
(i) Δa = −0.015, Δc = 0,global (run-level prediction),5,1.125839,-0.061316,-0.000000,-0.061316,0.0001,-0.072438,-0.049180,nan,nan
(i) Δa = −0.015, Δc = 0,global (period-level prediction),5,1.125839,-0.061316,-0.072409,0.011093,0.0027,0.005817,0.016655,nan,nan
(i) Δa = −0.015, Δc = 0,W60,6,0.716107,-0.039476,-0.045648,0.006172,0.0009,0.003552,0.008835,0.000843,0.000648
(i) Δa = −0.015, Δc = 0,global (run-level prediction),6,1.131251,-0.069185,-0.000000,-0.069185,0.0001,-0.076280,-0.062755,nan,nan
(i) Δa = −0.015, Δc = 0,global (period-level prediction),6,1.131251,-0.069185,-0.075865,0.006680,0.0986,-0.000067,0.013460,nan,nan
(i) Δa = −0.015, Δc = 0,W60,7,0.716716,-0.044304,-0.048775,0.004471,0.0424,0.000735,0.007921,0.000503,0.002268
(i) Δa = −0.015, Δc = 0,global (run-level prediction),7,1.135270,-0.067914,-0.000000,-0.067914,0.0001,-0.076109,-0.060894,nan,nan
(i) Δa = −0.015, Δc = 0,global (period-level prediction),7,1.135270,-0.067914,-0.076426,0.008512,0.0282,0.001918,0.014845,nan,nan
(i) Δa = −0.015, Δc = 0,W60,8,0.712543,-0.040358,-0.044915,0.004556,0.0234,0.001459,0.007714,0.000239,0.000648
(i) Δa = −0.015, Δc = 0,global (run-level prediction),8,1.129412,-0.070166,0.000000,-0.070166,0.0001,-0.076676,-0.063559,nan,nan
(i) Δa = −0.015, Δc = 0,global (period-level prediction),8,1.129412,-0.070166,-0.074303,0.004137,0.0933,-0.000414,0.008368,nan,nan
(i) Δa = −0.015, Δc = 0,W60,9,0.714656,-0.038929,-0.047790,0.008861,0.0002,0.006273,0.011270,0.000122,0.001260
(i) Δa = −0.015, Δc = 0,global (run-level prediction),9,1.133390,-0.069093,0.000000,-0.069093,0.0001,-0.076786,-0.062021,nan,nan
(i) Δa = −0.015, Δc = 0,global (period-level prediction),9,1.133390,-0.069093,-0.081035,0.011941,0.0004,0.008577,0.015350,nan,nan
(i) Δa = −0.015, Δc = 0,W60,10,0.717786,-0.046084,-0.052984,0.006900,0.0057,0.002880,0.010470,0.000493,0.000931
(i) Δa = −0.015, Δc = 0,global (run-level prediction),10,1.134310,-0.068406,0.000000,-0.068406,0.0001,-0.077843,-0.058913,nan,nan
(i) Δa = −0.015, Δc = 0,global (period-level prediction),10,1.134310,-0.068406,-0.080423,0.012017,0.0021,0.006540,0.016874,nan,nan
(i) Δa = −0.015, Δc = 0,W60,11,0.716071,-0.044629,-0.048597,0.003968,0.0194,0.001321,0.006787,0.000022,0.001598
(i) Δa = −0.015, Δc = 0,global (run-level prediction),11,1.134617,-0.075264,-0.000000,-0.075264,0.0001,-0.084815,-0.067149,nan,nan
(i) Δa = −0.015, Δc = 0,global (period-level prediction),11,1.134617,-0.075264,-0.083446,0.008183,0.0060,0.003886,0.012478,nan,nan
(i) Δa = −0.015, Δc = 0,W60,12,0.712963,-0.043723,-0.047023,0.003301,0.0472,0.000468,0.006169,-0.000205,0.000799
(i) Δa = −0.015, Δc = 0,global (run-level prediction),12,1.129165,-0.071438,0.000000,-0.071438,0.0001,-0.081911,-0.060492,nan,nan
(i) Δa = −0.015, Δc = 0,global (period-level prediction),12,1.129165,-0.071438,-0.077340,0.005902,0.0768,0.000172,0.011810,nan,nan
(i) Δa = −0.015, Δc = 0,W60,13,0.713845,-0.039684,-0.045425,0.005741,0.0272,0.001359,0.009836,0.001215,0.001728
(i) Δa = −0.015, Δc = 0,global (run-level prediction),13,1.131602,-0.065005,0.000000,-0.065005,0.0001,-0.075075,-0.053953,nan,nan
(i) Δa = −0.015, Δc = 0,global (period-level prediction),13,1.131602,-0.065005,-0.074685,0.009681,0.0143,0.002896,0.017518,nan,nan
(i) Δa = −0.015, Δc = 0,W60,14,0.715855,-0.039597,-0.045698,0.006101,0.0044,0.003054,0.009137,0.000659,0.001791
(i) Δa = −0.015, Δc = 0,global (run-level prediction),14,1.132000,-0.070421,-0.000000,-0.070421,0.0001,-0.076795,-0.063802,nan,nan
(i) Δa = −0.015, Δc = 0,global (period-level prediction),14,1.132000,-0.070421,-0.080141,0.009720,0.0037,0.004929,0.014392,nan,nan
(i) Δa = −0.015, Δc = 0,W60,15,0.712438,-0.038907,-0.043991,0.005084,0.0154,0.001819,0.008538,0.000052,0.000966
(i) Δa = −0.015, Δc = 0,global (run-level prediction),15,1.132182,-0.064985,0.000000,-0.064985,0.0001,-0.069743,-0.060853,nan,nan
(i) Δa = −0.015, Δc = 0,global (period-level prediction),15,1.132182,-0.064985,-0.075395,0.010410,0.0026,0.005414,0.015707,nan,nan
(i) Δa = −0.015, Δc = 0,W60,16,0.716745,-0.044498,-0.053962,0.009464,0.0002,0.006103,0.013165,-0.001392,0.001051
(i) Δa = −0.015, Δc = 0,global (run-level prediction),16,1.135828,-0.082131,0.000000,-0.082131,0.0001,-0.093469,-0.070226,nan,nan
(i) Δa = −0.015, Δc = 0,global (period-level prediction),16,1.135828,-0.082131,-0.085799,0.003668,0.2834,-0.002524,0.010005,nan,nan
(i) Δa = −0.015, Δc = 0,W60,17,0.714467,-0.045344,-0.050772,0.005428,0.0011,0.003252,0.007626,0.000734,0.001814
(i) Δa = −0.015, Δc = 0,global (run-level prediction),17,1.131385,-0.068962,0.000000,-0.068962,0.0001,-0.079562,-0.059227,nan,nan
(i) Δa = −0.015, Δc = 0,global (period-level prediction),17,1.131385,-0.068962,-0.078024,0.009062,0.0232,0.002712,0.015468,nan,nan
(i) Δa = −0.015, Δc = 0,W60,18,0.715194,-0.042702,-0.047981,0.005279,0.0515,0.000701,0.010654,-0.000226,0.000758
(i) Δa = −0.015, Δc = 0,global (run-level prediction),18,1.129355,-0.065561,-0.000000,-0.065561,0.0001,-0.071467,-0.060228,nan,nan
(i) Δa = −0.015, Δc = 0,global (period-level prediction),18,1.129355,-0.065561,-0.074286,0.008726,0.0010,0.005029,0.012434,nan,nan
(i) Δa = −0.015, Δc = 0,W60,19,0.713909,-0.042842,-0.050747,0.007904,0.0029,0.003737,0.011851,-0.000190,0.002287
(i) Δa = −0.015, Δc = 0,global (run-level prediction),19,1.133841,-0.075280,-0.000000,-0.075280,0.0001,-0.085725,-0.065583,nan,nan
(i) Δa = −0.015, Δc = 0,global (period-level prediction),19,1.133841,-0.075280,-0.084004,0.008725,0.0615,0.000316,0.016496,nan,nan
(i) Δa = −0.015, Δc = 0,W60,20,0.713771,-0.044735,-0.048028,0.003293,0.0613,0.000295,0.006531,0.000458,0.001817
(i) Δa = −0.015, Δc = 0,global (run-level prediction),20,1.130806,-0.069198,0.000000,-0.069198,0.0001,-0.079192,-0.057801,nan,nan
(i) Δa = −0.015, Δc = 0,global (period-level prediction),20,1.130806,-0.069198,-0.078919,0.009721,0.0005,0.005228,0.014924,nan,nan
(i) Δa = −0.015, Δc = 0,W60,21,0.716826,-0.037895,-0.043431,0.005536,0.0007,0.003253,0.007676,-0.000360,0.001164
(i) Δa = −0.015, Δc = 0,global (run-level prediction),21,1.132355,-0.058547,0.000000,-0.058547,0.0001,-0.067858,-0.047629,nan,nan
(i) Δa = −0.015, Δc = 0,global (period-level prediction),21,1.132355,-0.058547,-0.068545,0.009998,0.0070,0.003889,0.015441,nan,nan
(i) Δa = −0.015, Δc = 0,W60,22,0.712365,-0.045917,-0.052740,0.006823,0.0005,0.004489,0.009309,0.000303,0.000805
(i) Δa = −0.015, Δc = 0,global (run-level prediction),22,1.134227,-0.083366,0.000000,-0.083366,0.0001,-0.096542,-0.070348,nan,nan
(i) Δa = −0.015, Δc = 0,global (period-level prediction),22,1.134227,-0.083366,-0.090620,0.007254,0.0946,-0.000122,0.014492,nan,nan
(i) Δa = −0.015, Δc = 0,W60,23,0.713794,-0.036135,-0.040585,0.004449,0.0107,0.001606,0.006985,0.000647,0.001232
(i) Δa = −0.015, Δc = 0,global (run-level prediction),23,1.127462,-0.057355,-0.000000,-0.057355,0.0001,-0.067440,-0.048344,nan,nan
(i) Δa = −0.015, Δc = 0,global (period-level prediction),23,1.127462,-0.057355,-0.070630,0.013275,0.0015,0.007530,0.019365,nan,nan
(i) Δa = −0.015, Δc = 0,W60,24,0.718474,-0.048085,-0.050483,0.002398,0.1791,-0.000998,0.005551,-0.000140,0.001533
(i) Δa = −0.015, Δc = 0,global (run-level prediction),24,1.135708,-0.071327,-0.000000,-0.071327,0.0001,-0.079455,-0.063447,nan,nan
(i) Δa = −0.015, Δc = 0,global (period-level prediction),24,1.135708,-0.071327,-0.077422,0.006095,0.1509,-0.001603,0.013744,nan,nan
(i) Δa = −0.015, Δc = 0,W60,25,0.712490,-0.041944,-0.044499,0.002555,0.0750,0.000154,0.005212,-0.000379,0.000606
(i) Δa = −0.015, Δc = 0,global (run-level prediction),25,1.127503,-0.062441,0.000000,-0.062441,0.0001,-0.073040,-0.052706,nan,nan
(i) Δa = −0.015, Δc = 0,global (period-level prediction),25,1.127503,-0.062441,-0.071829,0.009388,0.0294,0.001802,0.016351,nan,nan
(i) Δa = −0.015, Δc = 0,W60,26,0.714616,-0.034473,-0.040287,0.005814,0.0261,0.001600,0.010106,0.000840,0.000845
(i) Δa = −0.015, Δc = 0,global (run-level prediction),26,1.126948,-0.062575,0.000000,-0.062575,0.0001,-0.075811,-0.049728,nan,nan
(i) Δa = −0.015, Δc = 0,global (period-level prediction),26,1.126948,-0.062575,-0.069429,0.006854,0.0808,0.000107,0.013081,nan,nan
(i) Δa = −0.015, Δc = 0,W60,27,0.713369,-0.042620,-0.048422,0.005802,0.0112,0.002026,0.009356,0.000432,0.000296
(i) Δa = −0.015, Δc = 0,global (run-level prediction),27,1.130597,-0.067301,0.000000,-0.067301,0.0001,-0.077797,-0.057816,nan,nan
(i) Δa = −0.015, Δc = 0,global (period-level prediction),27,1.130597,-0.067301,-0.075284,0.007983,0.0239,0.002063,0.013717,nan,nan
(i) Δa = −0.015, Δc = 0,W60,28,0.716222,-0.039334,-0.045891,0.006557,0.0007,0.003850,0.009628,0.000791,0.001474
(i) Δa = −0.015, Δc = 0,global (run-level prediction),28,1.135527,-0.068673,0.000000,-0.068673,0.0001,-0.078104,-0.059768,nan,nan
(i) Δa = −0.015, Δc = 0,global (period-level prediction),28,1.135527,-0.068673,-0.077510,0.008836,0.0155,0.002733,0.013967,nan,nan
(i) Δa = −0.015, Δc = 0,W60,29,0.716722,-0.044204,-0.046993,0.002789,0.1271,-0.000313,0.005947,-0.000398,0.001848
(i) Δa = −0.015, Δc = 0,global (run-level prediction),29,1.134193,-0.066819,0.000000,-0.066819,0.0001,-0.074223,-0.058720,nan,nan
(i) Δa = −0.015, Δc = 0,global (period-level prediction),29,1.134193,-0.066819,-0.074290,0.007471,0.0521,0.001059,0.014722,nan,nan
(i) Δa = −0.015, Δc = 0,W60,30,0.717118,-0.040589,-0.042757,0.002168,0.3118,-0.001632,0.006045,-0.000068,0.000384
(i) Δa = −0.015, Δc = 0,global (run-level prediction),30,1.132627,-0.063577,-0.000000,-0.063577,0.0001,-0.071357,-0.055981,nan,nan
(i) Δa = −0.015, Δc = 0,global (period-level prediction),30,1.132627,-0.063577,-0.073427,0.009850,0.0049,0.004442,0.016238,nan,nan
(i) Δa = −0.015, Δc = 0,W60,31,0.711445,-0.035154,-0.041978,0.006824,0.0012,0.003864,0.009949,0.000401,0.000534
(i) Δa = −0.015, Δc = 0,global (run-level prediction),31,1.127720,-0.059671,0.000000,-0.059671,0.0001,-0.070525,-0.049433,nan,nan
(i) Δa = −0.015, Δc = 0,global (period-level prediction),31,1.127720,-0.059671,-0.069513,0.009842,0.0090,0.004222,0.016513,nan,nan
(i) Δa = −0.015, Δc = 0,W60,32,0.714613,-0.038578,-0.039936,0.001359,0.5623,-0.002817,0.005684,-0.000215,0.001779
(i) Δa = −0.015, Δc = 0,global (run-level prediction),32,1.136553,-0.066111,0.000000,-0.066111,0.0001,-0.073185,-0.057376,nan,nan
(i) Δa = −0.015, Δc = 0,global (period-level prediction),32,1.136553,-0.066111,-0.072291,0.006180,0.1528,-0.001426,0.013863,nan,nan
(i) Δa = −0.015, Δc = 0,W60,33,0.714796,-0.037671,-0.041606,0.003935,0.0443,0.000775,0.007511,-0.000153,0.001681
(i) Δa = −0.015, Δc = 0,global (run-level prediction),33,1.126409,-0.055019,0.000000,-0.055019,0.0001,-0.063851,-0.046526,nan,nan
(i) Δa = −0.015, Δc = 0,global (period-level prediction),33,1.126409,-0.055019,-0.071944,0.016924,0.0001,0.012489,0.021033,nan,nan
(i) Δa = −0.015, Δc = 0,W60,34,0.712959,-0.043169,-0.050382,0.007213,0.0006,0.004358,0.009973,0.000536,0.001692
(i) Δa = −0.015, Δc = 0,global (run-level prediction),34,1.126418,-0.067230,-0.000000,-0.067230,0.0001,-0.077535,-0.058266,nan,nan
(i) Δa = −0.015, Δc = 0,global (period-level prediction),34,1.126418,-0.067230,-0.081974,0.014744,0.0017,0.007577,0.022146,nan,nan
(i) Δa = −0.015, Δc = 0,W60,35,0.718222,-0.043076,-0.044241,0.001165,0.4631,-0.001603,0.004094,0.000455,0.001666
(i) Δa = −0.015, Δc = 0,global (run-level prediction),35,1.133648,-0.064655,-0.000000,-0.064655,0.0001,-0.075456,-0.054796,nan,nan
(i) Δa = −0.015, Δc = 0,global (period-level prediction),35,1.133648,-0.064655,-0.074013,0.009358,0.0107,0.003518,0.015764,nan,nan
(i) Δa = −0.015, Δc = 0,W60,36,0.719396,-0.046531,-0.051949,0.005418,0.0186,0.001480,0.009475,-0.000196,0.001693
(i) Δa = −0.015, Δc = 0,global (run-level prediction),36,1.137110,-0.070344,-0.000000,-0.070344,0.0001,-0.080936,-0.059338,nan,nan
(i) Δa = −0.015, Δc = 0,global (period-level prediction),36,1.137110,-0.070344,-0.077516,0.007173,0.0839,-0.000124,0.014724,nan,nan
(i) Δa = −0.015, Δc = 0,W60,37,0.712772,-0.041243,-0.046566,0.005322,0.0148,0.001523,0.008364,0.000739,0.000659
(i) Δa = −0.015, Δc = 0,global (run-level prediction),37,1.133640,-0.076923,-0.000000,-0.076923,0.0001,-0.084669,-0.069139,nan,nan
(i) Δa = −0.015, Δc = 0,global (period-level prediction),37,1.133640,-0.076923,-0.085674,0.008751,0.0049,0.003947,0.013539,nan,nan
(i) Δa = −0.015, Δc = 0,W60,38,0.717341,-0.043397,-0.049473,0.006076,0.0062,0.002442,0.009214,-0.000195,0.001502
(i) Δa = −0.015, Δc = 0,global (run-level prediction),38,1.132257,-0.067164,-0.000000,-0.067164,0.0001,-0.076590,-0.057172,nan,nan
(i) Δa = −0.015, Δc = 0,global (period-level prediction),38,1.132257,-0.067164,-0.074518,0.007354,0.0807,-0.000263,0.014496,nan,nan
(i) Δa = −0.015, Δc = 0,W60,39,0.715933,-0.044039,-0.048167,0.004128,0.0294,0.001060,0.007269,0.000852,0.001163
(i) Δa = −0.015, Δc = 0,global (run-level prediction),39,1.133982,-0.068491,-0.000000,-0.068491,0.0001,-0.078699,-0.060004,nan,nan
(i) Δa = −0.015, Δc = 0,global (period-level prediction),39,1.133982,-0.068491,-0.078090,0.009598,0.0021,0.004938,0.014496,nan,nan
(i) Δa = −0.015, Δc = 0,W60,40,0.715912,-0.045983,-0.049439,0.003456,0.0059,0.001472,0.005489,-0.000023,0.001272
(i) Δa = −0.015, Δc = 0,global (run-level prediction),40,1.127403,-0.066574,0.000000,-0.066574,0.0001,-0.074489,-0.060273,nan,nan
(i) Δa = −0.015, Δc = 0,global (period-level prediction),40,1.127403,-0.066574,-0.072593,0.006019,0.0750,-0.000069,0.011582,nan,nan
(i) Δa = −0.015, Δc = 0,W60,41,0.710469,-0.036511,-0.040196,0.003685,0.0464,0.000553,0.006526,0.000816,0.001449
(i) Δa = −0.015, Δc = 0,global (run-level prediction),41,1.126630,-0.057175,-0.000000,-0.057175,0.0001,-0.068749,-0.045673,nan,nan
(i) Δa = −0.015, Δc = 0,global (period-level prediction),41,1.126630,-0.057175,-0.067300,0.010125,0.0204,0.002705,0.016809,nan,nan
(i) Δa = −0.015, Δc = 0,W60,42,0.716316,-0.046078,-0.048458,0.002380,0.1677,-0.000882,0.005329,0.000414,0.001961
(i) Δa = −0.015, Δc = 0,global (run-level prediction),42,1.129151,-0.064247,-0.000000,-0.064247,0.0001,-0.071788,-0.057755,nan,nan
(i) Δa = −0.015, Δc = 0,global (period-level prediction),42,1.129151,-0.064247,-0.077044,0.012798,0.0010,0.007509,0.019065,nan,nan
(i) Δa = −0.015, Δc = 0,W60,43,0.714505,-0.042346,-0.046805,0.004458,0.0216,0.001331,0.007726,0.000932,0.001852
(i) Δa = −0.015, Δc = 0,global (run-level prediction),43,1.129220,-0.062521,-0.000000,-0.062521,0.0001,-0.070131,-0.054948,nan,nan
(i) Δa = −0.015, Δc = 0,global (period-level prediction),43,1.129220,-0.062521,-0.074812,0.012292,0.0005,0.007421,0.017885,nan,nan
(i) Δa = −0.015, Δc = 0,W60,44,0.718699,-0.046611,-0.051415,0.004804,0.0363,0.000757,0.008319,0.001998,0.001460
(i) Δa = −0.015, Δc = 0,global (run-level prediction),44,1.132218,-0.071148,-0.000000,-0.071148,0.0001,-0.076865,-0.065525,nan,nan
(i) Δa = −0.015, Δc = 0,global (period-level prediction),44,1.132218,-0.071148,-0.076753,0.005605,0.0835,0.000029,0.010829,nan,nan
(i) Δa = −0.015, Δc = 0,W60,45,0.711972,-0.041752,-0.047397,0.005645,0.0175,0.001907,0.009639,0.000370,0.001600
(i) Δa = −0.015, Δc = 0,global (run-level prediction),45,1.131279,-0.067894,0.000000,-0.067894,0.0001,-0.074708,-0.060683,nan,nan
(i) Δa = −0.015, Δc = 0,global (period-level prediction),45,1.131279,-0.067894,-0.082041,0.014146,0.0007,0.008934,0.019707,nan,nan
(i) Δa = −0.015, Δc = 0,W60,46,0.716992,-0.041965,-0.047388,0.005423,0.0051,0.002343,0.008781,-0.000783,0.001763
(i) Δa = −0.015, Δc = 0,global (run-level prediction),46,1.133921,-0.070101,0.000000,-0.070101,0.0001,-0.078921,-0.061525,nan,nan
(i) Δa = −0.015, Δc = 0,global (period-level prediction),46,1.133921,-0.070101,-0.075851,0.005750,0.1233,-0.000589,0.012308,nan,nan
(i) Δa = −0.015, Δc = 0,W60,47,0.712452,-0.038668,-0.044181,0.005513,0.0154,0.001826,0.008782,0.000468,0.001541
(i) Δa = −0.015, Δc = 0,global (run-level prediction),47,1.129512,-0.068805,-0.000000,-0.068805,0.0001,-0.075822,-0.062725,nan,nan
(i) Δa = −0.015, Δc = 0,global (period-level prediction),47,1.129512,-0.068805,-0.078248,0.009442,0.0004,0.006642,0.012431,nan,nan
(i) Δa = −0.015, Δc = 0,W60,48,0.717519,-0.044294,-0.050365,0.006071,0.0049,0.002497,0.009702,-0.001456,0.002012
(i) Δa = −0.015, Δc = 0,global (run-level prediction),48,1.136509,-0.072415,-0.000000,-0.072415,0.0001,-0.081236,-0.064335,nan,nan
(i) Δa = −0.015, Δc = 0,global (period-level prediction),48,1.136509,-0.072415,-0.076635,0.004221,0.1803,-0.001482,0.009462,nan,nan
(i) Δa = −0.015, Δc = 0,W60,49,0.715334,-0.043582,-0.049074,0.005492,0.0016,0.002773,0.008662,-0.000569,0.000696
(i) Δa = −0.015, Δc = 0,global (run-level prediction),49,1.132375,-0.067396,-0.000000,-0.067396,0.0001,-0.075805,-0.058060,nan,nan
(i) Δa = −0.015, Δc = 0,global (period-level prediction),49,1.132375,-0.067396,-0.073344,0.005947,0.0868,-0.000555,0.011851,nan,nan
(i) Δa = −0.015, Δc = 0,W60,50,0.716708,-0.044852,-0.050436,0.005584,0.0170,0.001798,0.009451,-0.000585,0.001363
(i) Δa = −0.015, Δc = 0,global (run-level prediction),50,1.129516,-0.067070,-0.000000,-0.067070,0.0001,-0.075249,-0.059721,nan,nan
(i) Δa = −0.015, Δc = 0,global (period-level prediction),50,1.129516,-0.067070,-0.073958,0.006888,0.0902,0.000175,0.013502,nan,nan
(ii) Δc = +0.01,W60,1,0.715294,-0.000551,0.000723,-0.001274,0.5790,-0.005265,0.003304,0.006869,0.000728
(ii) Δc = +0.01,global (run-level prediction),1,1.142254,-0.001965,-0.000000,-0.001965,0.6219,-0.009136,0.005998,nan,nan
(ii) Δc = +0.01,global (period-level prediction),1,1.142254,-0.001965,0.004715,-0.006681,0.0826,-0.013407,0.000290,nan,nan
(ii) Δc = +0.01,W60,2,0.715489,-0.003389,0.001406,-0.004795,0.0073,-0.007516,-0.001982,0.007184,0.001622
(ii) Δc = +0.01,global (run-level prediction),2,1.140274,0.000534,0.000000,0.000534,0.9004,-0.007358,0.008254,nan,nan
(ii) Δc = +0.01,global (period-level prediction),2,1.140274,0.000534,0.005408,-0.004875,0.0797,-0.009815,0.000095,nan,nan
(ii) Δc = +0.01,W60,3,0.714664,0.000291,0.002174,-0.001883,0.2224,-0.004614,0.001040,0.008302,-0.000430
(ii) Δc = +0.01,global (run-level prediction),3,1.138404,-0.001420,0.000000,-0.001420,0.7736,-0.010510,0.007944,nan,nan
(ii) Δc = +0.01,global (period-level prediction),3,1.138404,-0.001420,0.002956,-0.004376,0.2646,-0.012350,0.001883,nan,nan
(ii) Δc = +0.01,W60,4,0.714518,-0.005690,-0.001369,-0.004321,0.0931,-0.008670,0.000291,0.007463,-0.000974
(ii) Δc = +0.01,global (run-level prediction),4,1.141265,-0.016432,-0.000000,-0.016432,0.0013,-0.023689,-0.009803,nan,nan
(ii) Δc = +0.01,global (period-level prediction),4,1.141265,-0.016432,-0.006709,-0.009723,0.0037,-0.014575,-0.004846,nan,nan
(ii) Δc = +0.01,W60,5,0.715338,0.001296,0.003777,-0.002480,0.1628,-0.005854,0.000530,0.008173,0.000473
(ii) Δc = +0.01,global (run-level prediction),5,1.142605,0.000976,0.000000,0.000976,0.8551,-0.008346,0.011406,nan,nan
(ii) Δc = +0.01,global (period-level prediction),5,1.142605,0.000976,0.005244,-0.004269,0.1666,-0.009622,0.001571,nan,nan
(ii) Δc = +0.01,W60,6,0.713686,0.011443,0.010058,0.001385,0.6108,-0.002939,0.006075,0.006391,-0.000666
(ii) Δc = +0.01,global (run-level prediction),6,1.136627,0.006618,0.000000,0.006618,0.0875,0.001026,0.014387,nan,nan
(ii) Δc = +0.01,global (period-level prediction),6,1.136627,0.006618,0.005730,0.000887,0.7568,-0.004205,0.006474,nan,nan
(ii) Δc = +0.01,W60,7,0.716085,0.003079,0.003335,-0.000256,0.9165,-0.005012,0.004135,0.007431,0.000260
(ii) Δc = +0.01,global (run-level prediction),7,1.138490,0.003314,-0.000000,0.003314,0.5138,-0.005209,0.013849,nan,nan
(ii) Δc = +0.01,global (period-level prediction),7,1.138490,0.003314,0.004264,-0.000950,0.7214,-0.005557,0.003967,nan,nan
(ii) Δc = +0.01,W60,8,0.716712,-0.000975,-0.001031,0.000056,0.9720,-0.002808,0.003170,0.006506,0.002107
(ii) Δc = +0.01,global (run-level prediction),8,1.136331,0.002474,-0.000000,0.002474,0.4825,-0.004365,0.008238,nan,nan
(ii) Δc = +0.01,global (period-level prediction),8,1.136331,0.002474,0.001842,0.000631,0.8575,-0.006050,0.006872,nan,nan
(ii) Δc = +0.01,W60,9,0.718880,0.000711,0.000963,-0.000252,0.8521,-0.002638,0.002386,0.007554,-0.000912
(ii) Δc = +0.01,global (run-level prediction),9,1.140652,0.002062,0.000000,0.002062,0.7014,-0.005156,0.011424,nan,nan
(ii) Δc = +0.01,global (period-level prediction),9,1.140652,0.002062,0.002757,-0.000694,0.7502,-0.004652,0.003650,nan,nan
(ii) Δc = +0.01,W60,10,0.716159,-0.001830,-0.002741,0.000912,0.6825,-0.003066,0.005132,0.007455,-0.000139
(ii) Δc = +0.01,global (run-level prediction),10,1.142643,-0.005286,-0.000000,-0.005286,0.3682,-0.015270,0.006151,nan,nan
(ii) Δc = +0.01,global (period-level prediction),10,1.142643,-0.005286,-0.002723,-0.002563,0.5106,-0.009490,0.004218,nan,nan
(ii) Δc = +0.01,W60,11,0.716032,0.003425,0.003090,0.000335,0.8384,-0.002674,0.003427,0.008098,-0.000118
(ii) Δc = +0.01,global (run-level prediction),11,1.134904,0.005150,-0.000000,0.005150,0.2769,-0.003312,0.012842,nan,nan
(ii) Δc = +0.01,global (period-level prediction),11,1.134904,0.005150,0.009511,-0.004361,0.0803,-0.008820,-0.000251,nan,nan
(ii) Δc = +0.01,W60,12,0.713340,-0.001448,0.000750,-0.002198,0.1813,-0.004942,0.001013,0.007554,0.000233
(ii) Δc = +0.01,global (run-level prediction),12,1.134753,0.004828,0.000000,0.004828,0.2985,-0.002949,0.013690,nan,nan
(ii) Δc = +0.01,global (period-level prediction),12,1.134753,0.004828,0.005322,-0.000495,0.8356,-0.004944,0.004061,nan,nan
(ii) Δc = +0.01,W60,13,0.717500,-0.001148,-0.001247,0.000099,0.9459,-0.002586,0.002864,0.006558,0.000429
(ii) Δc = +0.01,global (run-level prediction),13,1.135596,-0.002792,-0.000000,-0.002792,0.5492,-0.010827,0.005683,nan,nan
(ii) Δc = +0.01,global (period-level prediction),13,1.135596,-0.002792,0.000128,-0.002920,0.3605,-0.008954,0.002620,nan,nan
(ii) Δc = +0.01,W60,14,0.714313,0.005875,0.004790,0.001085,0.3943,-0.001297,0.003243,0.007214,-0.000034
(ii) Δc = +0.01,global (run-level prediction),14,1.140688,0.001352,0.000000,0.001352,0.7988,-0.007514,0.011347,nan,nan
(ii) Δc = +0.01,global (period-level prediction),14,1.140688,0.001352,0.004737,-0.003385,0.1241,-0.007316,0.000639,nan,nan
(ii) Δc = +0.01,W60,15,0.711463,0.004697,0.007688,-0.002991,0.1848,-0.006873,0.001163,0.006638,-0.000777
(ii) Δc = +0.01,global (run-level prediction),15,1.135353,0.000157,0.000000,0.000157,0.9755,-0.009488,0.009745,nan,nan
(ii) Δc = +0.01,global (period-level prediction),15,1.135353,0.000157,0.001152,-0.000994,0.7180,-0.006294,0.004357,nan,nan
(ii) Δc = +0.01,W60,16,0.715223,-0.002257,-0.001534,-0.000722,0.6818,-0.003967,0.002266,0.007820,-0.000265
(ii) Δc = +0.01,global (run-level prediction),16,1.137927,-0.003665,-0.000000,-0.003665,0.4933,-0.013481,0.005414,nan,nan
(ii) Δc = +0.01,global (period-level prediction),16,1.137927,-0.003665,0.001966,-0.005631,0.0413,-0.010262,-0.000802,nan,nan
(ii) Δc = +0.01,W60,17,0.717586,0.000171,0.000914,-0.000744,0.6851,-0.003864,0.002766,0.007751,-0.000084
(ii) Δc = +0.01,global (run-level prediction),17,1.138131,0.001900,0.000000,0.001900,0.6377,-0.005477,0.009232,nan,nan
(ii) Δc = +0.01,global (period-level prediction),17,1.138131,0.001900,0.002204,-0.000304,0.9396,-0.007516,0.005650,nan,nan
(ii) Δc = +0.01,W60,18,0.716326,-0.003248,-0.002512,-0.000737,0.6660,-0.003806,0.002426,0.007609,-0.000292
(ii) Δc = +0.01,global (run-level prediction),18,1.135696,-0.002205,0.000000,-0.002205,0.6581,-0.010833,0.005743,nan,nan
(ii) Δc = +0.01,global (period-level prediction),18,1.135696,-0.002205,-0.000446,-0.001759,0.6039,-0.007943,0.004114,nan,nan
(ii) Δc = +0.01,W60,19,0.714815,0.002480,0.003890,-0.001410,0.3329,-0.004036,0.001107,0.007269,-0.001514
(ii) Δc = +0.01,global (run-level prediction),19,1.137580,0.006270,-0.000000,0.006270,0.2273,-0.002557,0.014902,nan,nan
(ii) Δc = +0.01,global (period-level prediction),19,1.137580,0.006270,0.008728,-0.002458,0.5504,-0.010261,0.005993,nan,nan
(ii) Δc = +0.01,W60,20,0.717033,-0.002231,0.000864,-0.003095,0.1414,-0.006856,0.000644,0.008027,-0.000542
(ii) Δc = +0.01,global (run-level prediction),20,1.135984,0.008244,0.000000,0.008244,0.1499,-0.002664,0.018257,nan,nan
(ii) Δc = +0.01,global (period-level prediction),20,1.135984,0.008244,0.006250,0.001994,0.5066,-0.003501,0.007329,nan,nan
(ii) Δc = +0.01,W60,21,0.716762,-0.001302,-0.000065,-0.001237,0.3929,-0.003803,0.001371,0.006747,0.000311
(ii) Δc = +0.01,global (run-level prediction),21,1.137773,-0.006348,0.000000,-0.006348,0.2123,-0.015858,0.002725,nan,nan
(ii) Δc = +0.01,global (period-level prediction),21,1.137773,-0.006348,-0.001288,-0.005061,0.1495,-0.011733,0.001075,nan,nan
(ii) Δc = +0.01,W60,22,0.712146,0.004012,0.008808,-0.004796,0.0061,-0.007445,-0.002053,0.007064,-0.000058
(ii) Δc = +0.01,global (run-level prediction),22,1.134116,0.000625,0.000000,0.000625,0.8608,-0.005739,0.007091,nan,nan
(ii) Δc = +0.01,global (period-level prediction),22,1.134116,0.000625,0.008339,-0.007713,0.0168,-0.012715,-0.002476,nan,nan
(ii) Δc = +0.01,W60,23,0.714457,-0.002785,0.001557,-0.004342,0.0463,-0.007953,-0.000568,0.008274,0.000409
(ii) Δc = +0.01,global (run-level prediction),23,1.138031,-0.000867,0.000000,-0.000867,0.7983,-0.007727,0.005488,nan,nan
(ii) Δc = +0.01,global (period-level prediction),23,1.138031,-0.000867,-0.000187,-0.000680,0.8015,-0.005511,0.004324,nan,nan
(ii) Δc = +0.01,W60,24,0.716043,-0.002791,-0.000185,-0.002606,0.2057,-0.006519,0.000841,0.008024,-0.000544
(ii) Δc = +0.01,global (run-level prediction),24,1.140486,0.000694,0.000000,0.000694,0.8511,-0.005956,0.008320,nan,nan
(ii) Δc = +0.01,global (period-level prediction),24,1.140486,0.000694,0.003719,-0.003025,0.3606,-0.008938,0.002992,nan,nan
(ii) Δc = +0.01,W60,25,0.715760,0.005425,0.006586,-0.001161,0.5084,-0.004481,0.002000,0.008229,0.000348
(ii) Δc = +0.01,global (run-level prediction),25,1.136916,0.006109,0.000000,0.006109,0.2261,-0.002812,0.014925,nan,nan
(ii) Δc = +0.01,global (period-level prediction),25,1.136916,0.006109,0.007947,-0.001838,0.5359,-0.007612,0.003571,nan,nan
(ii) Δc = +0.01,W60,26,0.713856,0.004551,0.006531,-0.001981,0.1344,-0.004439,0.000113,0.006960,-0.000217
(ii) Δc = +0.01,global (run-level prediction),26,1.137197,-0.000202,-0.000000,-0.000202,0.9731,-0.012878,0.011178,nan,nan
(ii) Δc = +0.01,global (period-level prediction),26,1.137197,-0.000202,0.008738,-0.008940,0.0098,-0.014242,-0.003625,nan,nan
(ii) Δc = +0.01,W60,27,0.714005,0.001069,-0.002010,0.003079,0.1658,-0.000820,0.006986,0.007978,0.000212
(ii) Δc = +0.01,global (run-level prediction),27,1.138643,-0.001139,-0.000000,-0.001139,0.8208,-0.010645,0.007155,nan,nan
(ii) Δc = +0.01,global (period-level prediction),27,1.138643,-0.001139,-0.000962,-0.000177,0.9602,-0.007155,0.006849,nan,nan
(ii) Δc = +0.01,W60,28,0.714049,0.003373,0.002087,0.001286,0.4628,-0.002037,0.004339,0.007719,0.000103
(ii) Δc = +0.01,global (run-level prediction),28,1.136688,0.002470,0.000000,0.002470,0.4572,-0.003311,0.008884,nan,nan
(ii) Δc = +0.01,global (period-level prediction),28,1.136688,0.002470,0.003268,-0.000798,0.7538,-0.005331,0.003895,nan,nan
(ii) Δc = +0.01,W60,29,0.714299,0.000775,0.002217,-0.001442,0.1565,-0.003194,0.000216,0.009581,-0.000911
(ii) Δc = +0.01,global (run-level prediction),29,1.140862,-0.004156,-0.000000,-0.004156,0.4630,-0.015422,0.005460,nan,nan
(ii) Δc = +0.01,global (period-level prediction),29,1.140862,-0.004156,0.000615,-0.004771,0.2089,-0.011689,0.001986,nan,nan
(ii) Δc = +0.01,W60,30,0.714886,-0.000347,-0.003346,0.002999,0.1342,-0.000520,0.006540,0.008042,-0.000673
(ii) Δc = +0.01,global (run-level prediction),30,1.138676,-0.008816,-0.000000,-0.008816,0.2548,-0.023339,0.005075,nan,nan
(ii) Δc = +0.01,global (period-level prediction),30,1.138676,-0.008816,-0.004956,-0.003859,0.1721,-0.008612,0.000949,nan,nan
(ii) Δc = +0.01,W60,31,0.711865,0.006409,0.006158,0.000251,0.8418,-0.001854,0.002615,0.008000,-0.000326
(ii) Δc = +0.01,global (run-level prediction),31,1.133542,0.010221,0.000000,0.010221,0.1277,-0.001246,0.022359,nan,nan
(ii) Δc = +0.01,global (period-level prediction),31,1.133542,0.010221,0.013489,-0.003268,0.2179,-0.008212,0.001229,nan,nan
(ii) Δc = +0.01,W60,32,0.717234,-0.001932,-0.000417,-0.001515,0.4734,-0.005562,0.001874,0.007970,0.000618
(ii) Δc = +0.01,global (run-level prediction),32,1.143953,-0.003795,0.000000,-0.003795,0.3334,-0.010497,0.002775,nan,nan
(ii) Δc = +0.01,global (period-level prediction),32,1.143953,-0.003795,-0.000361,-0.003433,0.2688,-0.008728,0.001973,nan,nan
(ii) Δc = +0.01,W60,33,0.719942,-0.002294,-0.002069,-0.000226,0.9148,-0.004540,0.003794,0.006835,-0.000343
(ii) Δc = +0.01,global (run-level prediction),33,1.144573,-0.002918,-0.000000,-0.002918,0.4933,-0.010336,0.005000,nan,nan
(ii) Δc = +0.01,global (period-level prediction),33,1.144573,-0.002918,0.003688,-0.006606,0.0371,-0.011943,-0.001220,nan,nan
(ii) Δc = +0.01,W60,34,0.714939,-0.001521,0.000159,-0.001680,0.4027,-0.005509,0.001997,0.006720,0.000405
(ii) Δc = +0.01,global (run-level prediction),34,1.137145,-0.003631,-0.000000,-0.003631,0.4060,-0.011754,0.004591,nan,nan
(ii) Δc = +0.01,global (period-level prediction),34,1.137145,-0.003631,-0.000029,-0.003602,0.2896,-0.009491,0.002361,nan,nan
(ii) Δc = +0.01,W60,35,0.714050,0.006544,0.007288,-0.000744,0.7012,-0.004236,0.002718,0.007178,-0.000364
(ii) Δc = +0.01,global (run-level prediction),35,1.144410,0.000251,0.000000,0.000251,0.9635,-0.009939,0.010942,nan,nan
(ii) Δc = +0.01,global (period-level prediction),35,1.144410,0.000251,0.000838,-0.000588,0.8627,-0.006950,0.005492,nan,nan
(ii) Δc = +0.01,W60,36,0.716564,0.001257,0.002301,-0.001044,0.6132,-0.004879,0.002731,0.008351,0.000140
(ii) Δc = +0.01,global (run-level prediction),36,1.143417,0.005715,-0.000000,0.005715,0.3297,-0.005746,0.015343,nan,nan
(ii) Δc = +0.01,global (period-level prediction),36,1.143417,0.005715,0.007495,-0.001780,0.5647,-0.007327,0.004038,nan,nan
(ii) Δc = +0.01,W60,37,0.714935,0.007294,0.011123,-0.003828,0.0287,-0.006629,-0.001116,0.007634,-0.000947
(ii) Δc = +0.01,global (run-level prediction),37,1.137519,0.004104,-0.000000,0.004104,0.3687,-0.004856,0.011574,nan,nan
(ii) Δc = +0.01,global (period-level prediction),37,1.137519,0.004104,0.008323,-0.004219,0.0924,-0.009062,0.000042,nan,nan
(ii) Δc = +0.01,W60,38,0.713659,0.001719,0.004790,-0.003071,0.0613,-0.006092,-0.000356,0.008426,-0.000019
(ii) Δc = +0.01,global (run-level prediction),38,1.139004,0.002983,-0.000000,0.002983,0.6075,-0.007013,0.014056,nan,nan
(ii) Δc = +0.01,global (period-level prediction),38,1.139004,0.002983,0.003607,-0.000624,0.8624,-0.007213,0.006423,nan,nan
(ii) Δc = +0.01,W60,39,0.714927,0.002248,0.000966,0.001282,0.4404,-0.001515,0.004227,0.008723,-0.000207
(ii) Δc = +0.01,global (run-level prediction),39,1.144647,-0.003077,0.000000,-0.003077,0.5857,-0.013673,0.006763,nan,nan
(ii) Δc = +0.01,global (period-level prediction),39,1.144647,-0.003077,0.000709,-0.003786,0.1949,-0.008922,0.001353,nan,nan
(ii) Δc = +0.01,W60,40,0.715537,-0.004631,-0.004914,0.000283,0.8835,-0.003684,0.003708,0.006985,-0.000130
(ii) Δc = +0.01,global (run-level prediction),40,1.144297,-0.008300,-0.000000,-0.008300,0.0424,-0.015550,-0.001854,nan,nan
(ii) Δc = +0.01,global (period-level prediction),40,1.144297,-0.008300,-0.003991,-0.004309,0.0194,-0.007198,-0.001466,nan,nan
(ii) Δc = +0.01,W60,41,0.716882,0.000170,0.001654,-0.001484,0.4041,-0.004857,0.001509,0.007614,-0.000309
(ii) Δc = +0.01,global (run-level prediction),41,1.135400,0.005943,0.000000,0.005943,0.1638,-0.002530,0.013485,nan,nan
(ii) Δc = +0.01,global (period-level prediction),41,1.135400,0.005943,0.007049,-0.001106,0.6536,-0.005414,0.003316,nan,nan
(ii) Δc = +0.01,W60,42,0.713806,-0.004497,-0.002825,-0.001672,0.3611,-0.004900,0.001597,0.006138,-0.000629
(ii) Δc = +0.01,global (run-level prediction),42,1.134623,-0.002948,-0.000000,-0.002948,0.6271,-0.013728,0.008146,nan,nan
(ii) Δc = +0.01,global (period-level prediction),42,1.134623,-0.002948,-0.001508,-0.001440,0.6227,-0.007073,0.003841,nan,nan
(ii) Δc = +0.01,W60,43,0.716033,0.002483,0.001213,0.001269,0.2147,-0.000553,0.003093,0.008591,-0.001244
(ii) Δc = +0.01,global (run-level prediction),43,1.137428,0.004224,-0.000000,0.004224,0.4525,-0.007016,0.014822,nan,nan
(ii) Δc = +0.01,global (period-level prediction),43,1.137428,0.004224,0.001112,0.003112,0.3510,-0.002917,0.008852,nan,nan
(ii) Δc = +0.01,W60,44,0.716866,0.000454,0.002140,-0.001686,0.2704,-0.004330,0.001340,0.007461,0.000187
(ii) Δc = +0.01,global (run-level prediction),44,1.142240,-0.005155,0.000000,-0.005155,0.3962,-0.016595,0.004704,nan,nan
(ii) Δc = +0.01,global (period-level prediction),44,1.142240,-0.005155,-0.000277,-0.004877,0.1675,-0.010877,0.001495,nan,nan
(ii) Δc = +0.01,W60,45,0.713833,-0.000328,-0.000332,0.000004,0.9978,-0.002805,0.002697,0.007949,0.000102
(ii) Δc = +0.01,global (run-level prediction),45,1.139591,-0.000178,0.000000,-0.000178,0.9686,-0.008216,0.008074,nan,nan
(ii) Δc = +0.01,global (period-level prediction),45,1.139591,-0.000178,0.000402,-0.000580,0.8019,-0.004484,0.002714,nan,nan
(ii) Δc = +0.01,W60,46,0.712423,0.008489,0.007820,0.000668,0.6870,-0.002520,0.003759,0.008644,0.000160
(ii) Δc = +0.01,global (run-level prediction),46,1.136177,0.009642,0.000000,0.009642,0.1016,0.000206,0.019772,nan,nan
(ii) Δc = +0.01,global (period-level prediction),46,1.136177,0.009642,0.008064,0.001578,0.5953,-0.004192,0.007192,nan,nan
(ii) Δc = +0.01,W60,47,0.719320,-0.002091,-0.002335,0.000244,0.9026,-0.003541,0.003723,0.006528,0.000155
(ii) Δc = +0.01,global (run-level prediction),47,1.142777,-0.000573,0.000000,-0.000573,0.9189,-0.011241,0.008443,nan,nan
(ii) Δc = +0.01,global (period-level prediction),47,1.142777,-0.000573,-0.000654,0.000081,0.9857,-0.007603,0.008265,nan,nan
(ii) Δc = +0.01,W60,48,0.717687,0.000953,0.002129,-0.001176,0.5338,-0.004769,0.002270,0.008291,-0.000457
(ii) Δc = +0.01,global (run-level prediction),48,1.140269,0.000200,-0.000000,0.000200,0.9612,-0.007551,0.007148,nan,nan
(ii) Δc = +0.01,global (period-level prediction),48,1.140269,0.000200,0.000807,-0.000607,0.8820,-0.007814,0.007251,nan,nan
(ii) Δc = +0.01,W60,49,0.713454,0.001867,0.002237,-0.000370,0.8274,-0.003415,0.002635,0.006454,-0.001305
(ii) Δc = +0.01,global (run-level prediction),49,1.142985,0.000979,-0.000000,0.000979,0.8440,-0.008298,0.010850,nan,nan
(ii) Δc = +0.01,global (period-level prediction),49,1.142985,0.000979,-0.000015,0.000994,0.7727,-0.005684,0.007299,nan,nan
(ii) Δc = +0.01,W60,50,0.713072,0.004340,0.007593,-0.003254,0.0176,-0.005230,-0.001054,0.008135,-0.000568
(ii) Δc = +0.01,global (run-level prediction),50,1.139869,0.000829,-0.000000,0.000829,0.8927,-0.010455,0.012093,nan,nan
(ii) Δc = +0.01,global (period-level prediction),50,1.139869,0.000829,0.001346,-0.000517,0.8801,-0.006241,0.006024,nan,nan
(ii) Δc = +0.02,W60,1,0.715235,0.001393,0.006969,-0.005575,0.0278,-0.009469,-0.001494,0.014666,0.000254
(ii) Δc = +0.02,global (run-level prediction),1,1.142490,-0.002265,0.000000,-0.002265,0.5747,-0.009203,0.005521,nan,nan
(ii) Δc = +0.02,global (period-level prediction),1,1.142490,-0.002265,0.010561,-0.012826,0.0005,-0.017102,-0.008275,nan,nan
(ii) Δc = +0.02,W60,2,0.713327,0.006188,0.009813,-0.003625,0.0624,-0.006605,-0.000387,0.014278,-0.000151
(ii) Δc = +0.02,global (run-level prediction),2,1.146436,-0.003006,0.000000,-0.003006,0.4022,-0.009932,0.003425,nan,nan
(ii) Δc = +0.02,global (period-level prediction),2,1.146436,-0.003006,0.007050,-0.010056,0.0040,-0.015662,-0.004361,nan,nan
(ii) Δc = +0.02,W60,3,0.714747,-0.000305,0.005347,-0.005652,0.0094,-0.008947,-0.002246,0.014520,-0.000548
(ii) Δc = +0.02,global (run-level prediction),3,1.146327,-0.008511,-0.000000,-0.008511,0.2491,-0.022581,0.003816,nan,nan
(ii) Δc = +0.02,global (period-level prediction),3,1.146327,-0.008511,0.008960,-0.017471,0.0016,-0.024789,-0.009610,nan,nan
(ii) Δc = +0.02,W60,4,0.710238,-0.000618,0.005782,-0.006400,0.0032,-0.009278,-0.002983,0.014131,-0.000109
(ii) Δc = +0.02,global (run-level prediction),4,1.148837,-0.006662,0.000000,-0.006662,0.2340,-0.016557,0.001168,nan,nan
(ii) Δc = +0.02,global (period-level prediction),4,1.148837,-0.006662,0.004967,-0.011629,0.0040,-0.018486,-0.005464,nan,nan
(ii) Δc = +0.02,W60,5,0.715173,0.001605,0.007244,-0.005639,0.0021,-0.008275,-0.002903,0.014127,-0.001344
(ii) Δc = +0.02,global (run-level prediction),5,1.140916,0.000149,-0.000000,0.000149,0.9773,-0.010191,0.009302,nan,nan
(ii) Δc = +0.02,global (period-level prediction),5,1.140916,0.000149,0.010192,-0.010042,0.0026,-0.014824,-0.005392,nan,nan
(ii) Δc = +0.02,W60,6,0.715023,-0.000952,-0.000550,-0.000402,0.7809,-0.003172,0.002131,0.015189,0.000578
(ii) Δc = +0.02,global (run-level prediction),6,1.146069,-0.006121,-0.000000,-0.006121,0.3540,-0.018836,0.005290,nan,nan
(ii) Δc = +0.02,global (period-level prediction),6,1.146069,-0.006121,0.001275,-0.007397,0.0795,-0.014305,-0.000730,nan,nan
(ii) Δc = +0.02,W60,7,0.716852,0.001699,0.008684,-0.006985,0.0004,-0.009931,-0.004226,0.013641,0.000051
(ii) Δc = +0.02,global (run-level prediction),7,1.146666,-0.006653,0.000000,-0.006653,0.1129,-0.014244,0.000719,nan,nan
(ii) Δc = +0.02,global (period-level prediction),7,1.146666,-0.006653,0.009110,-0.015763,0.0021,-0.022899,-0.008956,nan,nan
(ii) Δc = +0.02,W60,8,0.712145,0.006349,0.010281,-0.003933,0.0166,-0.006528,-0.001134,0.013970,-0.000948
(ii) Δc = +0.02,global (run-level prediction),8,1.142596,-0.004084,-0.000000,-0.004084,0.5514,-0.015898,0.009646,nan,nan
(ii) Δc = +0.02,global (period-level prediction),8,1.142596,-0.004084,0.009949,-0.014033,0.0011,-0.020180,-0.008010,nan,nan
(ii) Δc = +0.02,W60,9,0.714925,-0.004665,0.001672,-0.006337,0.0039,-0.009546,-0.003131,0.016539,0.000154
(ii) Δc = +0.02,global (run-level prediction),9,1.142338,-0.003566,-0.000000,-0.003566,0.3955,-0.010916,0.004274,nan,nan
(ii) Δc = +0.02,global (period-level prediction),9,1.142338,-0.003566,0.008879,-0.012445,0.0037,-0.019048,-0.005694,nan,nan
(ii) Δc = +0.02,W60,10,0.719825,-0.008170,-0.001030,-0.007140,0.0004,-0.009812,-0.004441,0.014691,-0.000286
(ii) Δc = +0.02,global (run-level prediction),10,1.147944,-0.008160,-0.000000,-0.008160,0.0350,-0.014364,-0.001589,nan,nan
(ii) Δc = +0.02,global (period-level prediction),10,1.147944,-0.008160,0.005706,-0.013866,0.0013,-0.020514,-0.007565,nan,nan
(ii) Δc = +0.02,W60,11,0.716353,-0.003452,0.003537,-0.006989,0.0029,-0.011502,-0.002911,0.015732,-0.000695
(ii) Δc = +0.02,global (run-level prediction),11,1.144132,-0.007906,0.000000,-0.007906,0.2360,-0.019656,0.004520,nan,nan
(ii) Δc = +0.02,global (period-level prediction),11,1.144132,-0.007906,0.009418,-0.017324,0.0005,-0.024016,-0.011273,nan,nan
(ii) Δc = +0.02,W60,12,0.713854,0.007078,0.011983,-0.004905,0.0365,-0.008900,-0.000897,0.014318,-0.000468
(ii) Δc = +0.02,global (run-level prediction),12,1.138976,0.008929,0.000000,0.008929,0.0214,0.002635,0.015030,nan,nan
(ii) Δc = +0.02,global (period-level prediction),12,1.138976,0.008929,0.019742,-0.010813,0.0051,-0.015877,-0.004875,nan,nan
(ii) Δc = +0.02,W60,13,0.716597,-0.004145,0.002855,-0.006999,0.0029,-0.010335,-0.003756,0.015443,0.000467
(ii) Δc = +0.02,global (run-level prediction),13,1.146306,-0.002457,-0.000000,-0.002457,0.6218,-0.010669,0.007473,nan,nan
(ii) Δc = +0.02,global (period-level prediction),13,1.146306,-0.002457,0.008404,-0.010861,0.0135,-0.017643,-0.003634,nan,nan
(ii) Δc = +0.02,W60,14,0.720150,-0.002135,0.004871,-0.007006,0.0082,-0.011386,-0.002955,0.014789,0.000209
(ii) Δc = +0.02,global (run-level prediction),14,1.147254,-0.003344,0.000000,-0.003344,0.5604,-0.013704,0.007304,nan,nan
(ii) Δc = +0.02,global (period-level prediction),14,1.147254,-0.003344,0.007113,-0.010458,0.0181,-0.017962,-0.003067,nan,nan
(ii) Δc = +0.02,W60,15,0.716303,0.000061,0.004727,-0.004666,0.0104,-0.007513,-0.001840,0.014789,-0.000833
(ii) Δc = +0.02,global (run-level prediction),15,1.150578,-0.008788,0.000000,-0.008788,0.1171,-0.019731,0.001484,nan,nan
(ii) Δc = +0.02,global (period-level prediction),15,1.150578,-0.008788,0.006398,-0.015186,0.0005,-0.020655,-0.009354,nan,nan
(ii) Δc = +0.02,W60,16,0.720122,0.000578,0.006156,-0.005578,0.0186,-0.009203,-0.001701,0.014028,-0.000824
(ii) Δc = +0.02,global (run-level prediction),16,1.147741,-0.003606,-0.000000,-0.003606,0.4871,-0.012377,0.006760,nan,nan
(ii) Δc = +0.02,global (period-level prediction),16,1.147741,-0.003606,0.007586,-0.011192,0.0084,-0.016906,-0.004104,nan,nan
(ii) Δc = +0.02,W60,17,0.714014,0.004825,0.010593,-0.005768,0.0164,-0.009928,-0.002133,0.014197,-0.000734
(ii) Δc = +0.02,global (run-level prediction),17,1.142264,-0.004756,-0.000000,-0.004756,0.2117,-0.011634,0.002346,nan,nan
(ii) Δc = +0.02,global (period-level prediction),17,1.142264,-0.004756,0.010105,-0.014861,0.0001,-0.018387,-0.010987,nan,nan
(ii) Δc = +0.02,W60,18,0.718277,-0.001092,0.003702,-0.004794,0.0527,-0.008980,-0.000625,0.014270,-0.000547
(ii) Δc = +0.02,global (run-level prediction),18,1.143970,0.003455,0.000000,0.003455,0.4503,-0.005082,0.012090,nan,nan
(ii) Δc = +0.02,global (period-level prediction),18,1.143970,0.003455,0.011147,-0.007691,0.0677,-0.015242,-0.000290,nan,nan
(ii) Δc = +0.02,W60,19,0.713510,0.004681,0.008785,-0.004103,0.0933,-0.007997,-0.000118,0.013852,-0.000009
(ii) Δc = +0.02,global (run-level prediction),19,1.142523,0.006656,-0.000000,0.006656,0.2709,-0.003154,0.017637,nan,nan
(ii) Δc = +0.02,global (period-level prediction),19,1.142523,0.006656,0.012522,-0.005867,0.1200,-0.012629,0.001361,nan,nan
(ii) Δc = +0.02,W60,20,0.716275,-0.000919,0.001208,-0.002127,0.2870,-0.005740,0.001753,0.016024,-0.000770
(ii) Δc = +0.02,global (run-level prediction),20,1.144073,-0.001620,-0.000000,-0.001620,0.7926,-0.012400,0.008804,nan,nan
(ii) Δc = +0.02,global (period-level prediction),20,1.144073,-0.001620,0.009806,-0.011426,0.0167,-0.020277,-0.002796,nan,nan
(ii) Δc = +0.02,W60,21,0.712912,0.006144,0.010287,-0.004143,0.0056,-0.006637,-0.001932,0.014619,-0.001128
(ii) Δc = +0.02,global (run-level prediction),21,1.139806,0.008646,-0.000000,0.008646,0.0479,0.000911,0.016560,nan,nan
(ii) Δc = +0.02,global (period-level prediction),21,1.139806,0.008646,0.016339,-0.007693,0.0112,-0.012944,-0.003100,nan,nan
(ii) Δc = +0.02,W60,22,0.711998,0.001402,0.007111,-0.005709,0.0151,-0.009202,-0.002174,0.014383,-0.000725
(ii) Δc = +0.02,global (run-level prediction),22,1.142427,-0.008556,-0.000000,-0.008556,0.0824,-0.017940,-0.000288,nan,nan
(ii) Δc = +0.02,global (period-level prediction),22,1.142427,-0.008556,0.004858,-0.013414,0.0001,-0.019332,-0.008235,nan,nan
(ii) Δc = +0.02,W60,23,0.717516,0.000486,0.007620,-0.007135,0.0061,-0.011100,-0.003037,0.014515,-0.000375
(ii) Δc = +0.02,global (run-level prediction),23,1.145539,-0.003299,0.000000,-0.003299,0.4546,-0.011738,0.004842,nan,nan
(ii) Δc = +0.02,global (period-level prediction),23,1.145539,-0.003299,0.010325,-0.013624,0.0013,-0.019185,-0.008140,nan,nan
(ii) Δc = +0.02,W60,24,0.713999,0.005630,0.010526,-0.004897,0.0006,-0.007148,-0.002803,0.014873,-0.000317
(ii) Δc = +0.02,global (run-level prediction),24,1.145276,0.004703,0.000000,0.004703,0.4258,-0.006790,0.015521,nan,nan
(ii) Δc = +0.02,global (period-level prediction),24,1.145276,0.004703,0.017374,-0.012671,0.0061,-0.021429,-0.004632,nan,nan
(ii) Δc = +0.02,W60,25,0.719147,0.004082,0.007789,-0.003707,0.2124,-0.008988,0.001909,0.015077,-0.000581
(ii) Δc = +0.02,global (run-level prediction),25,1.146633,-0.003792,-0.000000,-0.003792,0.3800,-0.011694,0.004368,nan,nan
(ii) Δc = +0.02,global (period-level prediction),25,1.146633,-0.003792,0.009001,-0.012793,0.0022,-0.019165,-0.006908,nan,nan
(ii) Δc = +0.02,W60,26,0.717879,-0.000400,0.002787,-0.003186,0.1276,-0.006885,0.000484,0.015245,0.000044
(ii) Δc = +0.02,global (run-level prediction),26,1.148047,-0.003691,0.000000,-0.003691,0.5123,-0.014060,0.007260,nan,nan
(ii) Δc = +0.02,global (period-level prediction),26,1.148047,-0.003691,0.009112,-0.012804,0.0099,-0.020874,-0.005150,nan,nan
(ii) Δc = +0.02,W60,27,0.714307,0.003848,0.011067,-0.007219,0.0038,-0.011279,-0.003335,0.013915,-0.000031
(ii) Δc = +0.02,global (run-level prediction),27,1.143943,-0.003044,0.000000,-0.003044,0.6001,-0.014126,0.007465,nan,nan
(ii) Δc = +0.02,global (period-level prediction),27,1.143943,-0.003044,0.012433,-0.015478,0.0002,-0.022935,-0.008719,nan,nan
(ii) Δc = +0.02,W60,28,0.715363,-0.000986,0.002921,-0.003907,0.0964,-0.008174,-0.000263,0.013876,-0.000265
(ii) Δc = +0.02,global (run-level prediction),28,1.143351,-0.001390,0.000000,-0.001390,0.7941,-0.011756,0.009078,nan,nan
(ii) Δc = +0.02,global (period-level prediction),28,1.143351,-0.001390,0.012417,-0.013808,0.0021,-0.020367,-0.007227,nan,nan
(ii) Δc = +0.02,W60,29,0.714646,-0.002253,0.005995,-0.008248,0.0005,-0.011253,-0.005255,0.014699,0.000472
(ii) Δc = +0.02,global (run-level prediction),29,1.146307,-0.003739,0.000000,-0.003739,0.4723,-0.012267,0.005753,nan,nan
(ii) Δc = +0.02,global (period-level prediction),29,1.146307,-0.003739,0.006865,-0.010604,0.0001,-0.015184,-0.006830,nan,nan
(ii) Δc = +0.02,W60,30,0.712956,0.007107,0.011145,-0.004038,0.0654,-0.007712,-0.000108,0.014763,-0.000757
(ii) Δc = +0.02,global (run-level prediction),30,1.142216,-0.000547,0.000000,-0.000547,0.9043,-0.009311,0.007572,nan,nan
(ii) Δc = +0.02,global (period-level prediction),30,1.142216,-0.000547,0.011522,-0.012069,0.0090,-0.020046,-0.004791,nan,nan
(ii) Δc = +0.02,W60,31,0.717278,0.002088,0.005177,-0.003088,0.1353,-0.006544,0.000624,0.015301,-0.000031
(ii) Δc = +0.02,global (run-level prediction),31,1.144809,0.005957,-0.000000,0.005957,0.2827,-0.004371,0.016491,nan,nan
(ii) Δc = +0.02,global (period-level prediction),31,1.144809,0.005957,0.014738,-0.008782,0.0002,-0.012872,-0.005248,nan,nan
(ii) Δc = +0.02,W60,32,0.712929,-0.000474,0.006491,-0.006965,0.0192,-0.011783,-0.002298,0.015018,0.000351
(ii) Δc = +0.02,global (run-level prediction),32,1.139465,-0.004971,0.000000,-0.004971,0.2985,-0.013283,0.004098,nan,nan
(ii) Δc = +0.02,global (period-level prediction),32,1.139465,-0.004971,0.005388,-0.010358,0.0018,-0.015332,-0.005683,nan,nan
(ii) Δc = +0.02,W60,33,0.714217,-0.003767,0.000893,-0.004660,0.0084,-0.007638,-0.001643,0.015157,-0.000823
(ii) Δc = +0.02,global (run-level prediction),33,1.142625,-0.004499,0.000000,-0.004499,0.2555,-0.011404,0.003047,nan,nan
(ii) Δc = +0.02,global (period-level prediction),33,1.142625,-0.004499,0.007196,-0.011695,0.0011,-0.016432,-0.006560,nan,nan
(ii) Δc = +0.02,W60,34,0.714442,-0.008098,-0.003215,-0.004883,0.0249,-0.008542,-0.001118,0.016167,0.000157
(ii) Δc = +0.02,global (run-level prediction),34,1.141755,-0.010673,0.000000,-0.010673,0.0028,-0.016109,-0.005142,nan,nan
(ii) Δc = +0.02,global (period-level prediction),34,1.141755,-0.010673,-0.000752,-0.009921,0.0044,-0.014770,-0.004529,nan,nan
(ii) Δc = +0.02,W60,35,0.719439,-0.006671,-0.000906,-0.005765,0.0004,-0.009027,-0.002724,0.015289,0.000683
(ii) Δc = +0.02,global (run-level prediction),35,1.151936,-0.012572,-0.000000,-0.012572,0.0234,-0.021736,-0.003608,nan,nan
(ii) Δc = +0.02,global (period-level prediction),35,1.151936,-0.012572,0.002991,-0.015563,0.0009,-0.022835,-0.008437,nan,nan
(ii) Δc = +0.02,W60,36,0.711464,0.002263,0.007069,-0.004806,0.0200,-0.008284,-0.001292,0.015395,-0.001553
(ii) Δc = +0.02,global (run-level prediction),36,1.141193,0.001864,0.000000,0.001864,0.7504,-0.009127,0.012172,nan,nan
(ii) Δc = +0.02,global (period-level prediction),36,1.141193,0.001864,0.010200,-0.008336,0.0194,-0.013438,-0.002399,nan,nan
(ii) Δc = +0.02,W60,37,0.712974,0.002045,0.005424,-0.003379,0.0317,-0.005634,-0.000657,0.014242,-0.000559
(ii) Δc = +0.02,global (run-level prediction),37,1.141411,0.000466,-0.000000,0.000466,0.8967,-0.006463,0.007424,nan,nan
(ii) Δc = +0.02,global (period-level prediction),37,1.141411,0.000466,0.014170,-0.013704,0.0026,-0.020340,-0.007009,nan,nan
(ii) Δc = +0.02,W60,38,0.717262,-0.007115,-0.002046,-0.005069,0.0101,-0.008281,-0.001819,0.014442,-0.001315
(ii) Δc = +0.02,global (run-level prediction),38,1.144634,-0.005314,-0.000000,-0.005314,0.2931,-0.014464,0.003807,nan,nan
(ii) Δc = +0.02,global (period-level prediction),38,1.144634,-0.005314,0.007040,-0.012354,0.0056,-0.020031,-0.005185,nan,nan
(ii) Δc = +0.02,W60,39,0.713922,-0.002328,0.001772,-0.004099,0.0165,-0.006541,-0.001356,0.014617,-0.000205
(ii) Δc = +0.02,global (run-level prediction),39,1.143821,-0.009345,0.000000,-0.009345,0.0381,-0.015816,-0.001660,nan,nan
(ii) Δc = +0.02,global (period-level prediction),39,1.143821,-0.009345,0.006305,-0.015649,0.0006,-0.020381,-0.010436,nan,nan
(ii) Δc = +0.02,W60,40,0.717673,-0.000431,0.005007,-0.005439,0.0110,-0.008995,-0.001988,0.014563,-0.001125
(ii) Δc = +0.02,global (run-level prediction),40,1.145985,-0.003168,0.000000,-0.003168,0.4669,-0.011873,0.004552,nan,nan
(ii) Δc = +0.02,global (period-level prediction),40,1.145985,-0.003168,0.011146,-0.014314,0.0004,-0.020439,-0.009029,nan,nan
(ii) Δc = +0.02,W60,41,0.715661,0.002542,0.007987,-0.005445,0.0179,-0.009856,-0.001547,0.015097,-0.000514
(ii) Δc = +0.02,global (run-level prediction),41,1.148746,-0.009901,0.000000,-0.009901,0.0854,-0.019831,-0.000065,nan,nan
(ii) Δc = +0.02,global (period-level prediction),41,1.148746,-0.009901,0.008350,-0.018251,0.0002,-0.023572,-0.012907,nan,nan
(ii) Δc = +0.02,W60,42,0.714753,-0.002555,0.000815,-0.003370,0.1095,-0.007093,0.000658,0.013772,-0.001137
(ii) Δc = +0.02,global (run-level prediction),42,1.144402,-0.005555,-0.000000,-0.005555,0.0962,-0.011514,-0.000087,nan,nan
(ii) Δc = +0.02,global (period-level prediction),42,1.144402,-0.005555,0.003628,-0.009183,0.0081,-0.013656,-0.004007,nan,nan
(ii) Δc = +0.02,W60,43,0.716767,-0.000608,0.004156,-0.004764,0.0074,-0.007263,-0.002251,0.014911,-0.000377
(ii) Δc = +0.02,global (run-level prediction),43,1.141980,-0.001833,-0.000000,-0.001833,0.5698,-0.007961,0.004219,nan,nan
(ii) Δc = +0.02,global (period-level prediction),43,1.141980,-0.001833,0.010239,-0.012073,0.0015,-0.017417,-0.006931,nan,nan
(ii) Δc = +0.02,W60,44,0.717507,-0.001532,0.006611,-0.008143,0.0027,-0.012016,-0.004111,0.014066,0.001741
(ii) Δc = +0.02,global (run-level prediction),44,1.143308,0.000763,-0.000000,0.000763,0.8782,-0.008235,0.009854,nan,nan
(ii) Δc = +0.02,global (period-level prediction),44,1.143308,0.000763,0.012705,-0.011942,0.0018,-0.016552,-0.006720,nan,nan
(ii) Δc = +0.02,W60,45,0.716713,-0.005184,0.001524,-0.006708,0.0015,-0.010358,-0.003239,0.015165,-0.000946
(ii) Δc = +0.02,global (run-level prediction),45,1.143397,-0.008679,0.000000,-0.008679,0.0815,-0.017394,-0.000155,nan,nan
(ii) Δc = +0.02,global (period-level prediction),45,1.143397,-0.008679,0.006416,-0.015095,0.0007,-0.019893,-0.009809,nan,nan
(ii) Δc = +0.02,W60,46,0.716626,0.000815,0.007625,-0.006810,0.0006,-0.009183,-0.004336,0.016710,0.000280
(ii) Δc = +0.02,global (run-level prediction),46,1.144805,-0.000717,0.000000,-0.000717,0.8947,-0.010861,0.009589,nan,nan
(ii) Δc = +0.02,global (period-level prediction),46,1.144805,-0.000717,0.011220,-0.011937,0.0042,-0.017799,-0.005638,nan,nan
(ii) Δc = +0.02,W60,47,0.712684,0.005303,0.007739,-0.002436,0.1849,-0.006036,0.000673,0.015811,-0.001382
(ii) Δc = +0.02,global (run-level prediction),47,1.144774,-0.000770,-0.000000,-0.000770,0.8859,-0.011023,0.008540,nan,nan
(ii) Δc = +0.02,global (period-level prediction),47,1.144774,-0.000770,0.014430,-0.015200,0.0001,-0.019974,-0.010805,nan,nan
(ii) Δc = +0.02,W60,48,0.717288,-0.000396,0.004239,-0.004635,0.0270,-0.008278,-0.001320,0.014728,-0.000079
(ii) Δc = +0.02,global (run-level prediction),48,1.145667,-0.004067,0.000000,-0.004067,0.3292,-0.011621,0.004319,nan,nan
(ii) Δc = +0.02,global (period-level prediction),48,1.145667,-0.004067,0.008962,-0.013029,0.0005,-0.019187,-0.007562,nan,nan
(ii) Δc = +0.02,W60,49,0.717281,-0.003039,0.002704,-0.005743,0.0010,-0.008191,-0.003310,0.015224,-0.000988
(ii) Δc = +0.02,global (run-level prediction),49,1.147750,-0.014643,-0.000000,-0.014643,0.0009,-0.022394,-0.008129,nan,nan
(ii) Δc = +0.02,global (period-level prediction),49,1.147750,-0.014643,0.004483,-0.019125,0.0006,-0.026743,-0.011896,nan,nan
(ii) Δc = +0.02,W60,50,0.711891,0.003189,0.008667,-0.005478,0.0096,-0.008943,-0.001991,0.015020,-0.000635
(ii) Δc = +0.02,global (run-level prediction),50,1.144911,0.001716,0.000000,0.001716,0.6826,-0.005938,0.009878,nan,nan
(ii) Δc = +0.02,global (period-level prediction),50,1.144911,0.001716,0.009807,-0.008091,0.0691,-0.014518,0.000238,nan,nan
(ii) Δc = +0.03,W60,1,0.716446,-0.004222,0.005649,-0.009871,0.0004,-0.013017,-0.006643,0.022698,-0.000317
(ii) Δc = +0.03,global (run-level prediction),1,1.156444,-0.009587,0.000000,-0.009587,0.0781,-0.019053,-0.000297,nan,nan
(ii) Δc = +0.03,global (period-level prediction),1,1.156444,-0.009587,0.018073,-0.027660,0.0002,-0.034829,-0.019851,nan,nan
(ii) Δc = +0.03,W60,2,0.712596,0.002650,0.015444,-0.012795,0.0001,-0.016315,-0.009128,0.023186,-0.000621
(ii) Δc = +0.03,global (run-level prediction),2,1.147959,-0.003674,0.000000,-0.003674,0.5729,-0.015868,0.008489,nan,nan
(ii) Δc = +0.03,global (period-level prediction),2,1.147959,-0.003674,0.024080,-0.027754,0.0001,-0.034551,-0.020904,nan,nan
(ii) Δc = +0.03,W60,3,0.710350,0.006437,0.016775,-0.010338,0.0002,-0.013415,-0.007381,0.021289,-0.000403
(ii) Δc = +0.03,global (run-level prediction),3,1.146119,-0.001260,-0.000000,-0.001260,0.8463,-0.012957,0.009480,nan,nan
(ii) Δc = +0.03,global (period-level prediction),3,1.146119,-0.001260,0.023506,-0.024766,0.0001,-0.030639,-0.019693,nan,nan
(ii) Δc = +0.03,W60,4,0.717915,0.001664,0.010835,-0.009171,0.0002,-0.013240,-0.005356,0.022542,-0.000573
(ii) Δc = +0.03,global (run-level prediction),4,1.156447,-0.008796,-0.000000,-0.008796,0.0458,-0.016080,-0.000879,nan,nan
(ii) Δc = +0.03,global (period-level prediction),4,1.156447,-0.008796,0.019294,-0.028090,0.0001,-0.033701,-0.021694,nan,nan
(ii) Δc = +0.03,W60,5,0.712675,0.001419,0.012828,-0.011409,0.0004,-0.015091,-0.007604,0.021715,-0.000800
(ii) Δc = +0.03,global (run-level prediction),5,1.152533,-0.014032,0.000000,-0.014032,0.0129,-0.023119,-0.005646,nan,nan
(ii) Δc = +0.03,global (period-level prediction),5,1.152533,-0.014032,0.020801,-0.034833,0.0001,-0.039032,-0.030364,nan,nan
(ii) Δc = +0.03,W60,6,0.713750,0.003104,0.014674,-0.011570,0.0006,-0.015417,-0.007264,0.022114,-0.001020
(ii) Δc = +0.03,global (run-level prediction),6,1.146081,-0.001011,-0.000000,-0.001011,0.8573,-0.012259,0.010355,nan,nan
(ii) Δc = +0.03,global (period-level prediction),6,1.146081,-0.001011,0.025409,-0.026420,0.0001,-0.033977,-0.018551,nan,nan
(ii) Δc = +0.03,W60,7,0.714086,0.003842,0.014500,-0.010658,0.0001,-0.013915,-0.007464,0.021950,-0.000789
(ii) Δc = +0.03,global (run-level prediction),7,1.153336,-0.007571,-0.000000,-0.007571,0.1031,-0.015671,0.000886,nan,nan
(ii) Δc = +0.03,global (period-level prediction),7,1.153336,-0.007571,0.021299,-0.028870,0.0001,-0.036694,-0.021133,nan,nan
(ii) Δc = +0.03,W60,8,0.712462,0.004669,0.016855,-0.012186,0.0001,-0.014803,-0.009434,0.022710,-0.000916
(ii) Δc = +0.03,global (run-level prediction),8,1.149599,-0.002559,0.000000,-0.002559,0.4139,-0.008230,0.003723,nan,nan
(ii) Δc = +0.03,global (period-level prediction),8,1.149599,-0.002559,0.024922,-0.027481,0.0001,-0.032435,-0.022980,nan,nan
(ii) Δc = +0.03,W60,9,0.715409,0.000722,0.013945,-0.013223,0.0005,-0.017295,-0.008645,0.021795,-0.001124
(ii) Δc = +0.03,global (run-level prediction),9,1.154532,-0.006258,0.000000,-0.006258,0.2245,-0.015327,0.003245,nan,nan
(ii) Δc = +0.03,global (period-level prediction),9,1.154532,-0.006258,0.024340,-0.030598,0.0001,-0.037331,-0.023245,nan,nan
(ii) Δc = +0.03,W60,10,0.715310,-0.003726,0.010021,-0.013748,0.0001,-0.017355,-0.010646,0.022442,-0.000386
(ii) Δc = +0.03,global (run-level prediction),10,1.152945,-0.017356,-0.000000,-0.017356,0.0018,-0.025269,-0.009849,nan,nan
(ii) Δc = +0.03,global (period-level prediction),10,1.152945,-0.017356,0.013037,-0.030393,0.0001,-0.035809,-0.025232,nan,nan
(ii) Δc = +0.03,W60,11,0.714928,0.001355,0.011938,-0.010583,0.0001,-0.013708,-0.007398,0.021657,-0.001060
(ii) Δc = +0.03,global (run-level prediction),11,1.150995,-0.009041,-0.000000,-0.009041,0.0842,-0.018064,0.000686,nan,nan
(ii) Δc = +0.03,global (period-level prediction),11,1.150995,-0.009041,0.017030,-0.026072,0.0001,-0.030854,-0.021925,nan,nan
(ii) Δc = +0.03,W60,12,0.713264,-0.001620,0.007509,-0.009128,0.0001,-0.010961,-0.007313,0.023051,-0.000324
(ii) Δc = +0.03,global (run-level prediction),12,1.151831,-0.010460,-0.000000,-0.010460,0.0430,-0.018929,-0.001500,nan,nan
(ii) Δc = +0.03,global (period-level prediction),12,1.151831,-0.010460,0.016735,-0.027195,0.0001,-0.032396,-0.021780,nan,nan
(ii) Δc = +0.03,W60,13,0.713322,-0.003140,0.006667,-0.009807,0.0001,-0.014103,-0.006200,0.022714,0.000463
(ii) Δc = +0.03,global (run-level prediction),13,1.146403,-0.005099,0.000000,-0.005099,0.2729,-0.013743,0.004380,nan,nan
(ii) Δc = +0.03,global (period-level prediction),13,1.146403,-0.005099,0.019509,-0.024608,0.0001,-0.030837,-0.018428,nan,nan
(ii) Δc = +0.03,W60,14,0.717335,-0.001625,0.005087,-0.006713,0.0035,-0.011003,-0.003017,0.022419,-0.000722
(ii) Δc = +0.03,global (run-level prediction),14,1.152974,-0.011041,0.000000,-0.011041,0.0547,-0.022471,-0.001364,nan,nan
(ii) Δc = +0.03,global (period-level prediction),14,1.152974,-0.011041,0.013524,-0.024565,0.0001,-0.032872,-0.016470,nan,nan
(ii) Δc = +0.03,W60,15,0.719174,-0.001513,0.010488,-0.012001,0.0001,-0.015172,-0.008541,0.023228,-0.000599
(ii) Δc = +0.03,global (run-level prediction),15,1.152071,-0.003091,0.000000,-0.003091,0.5302,-0.011564,0.005764,nan,nan
(ii) Δc = +0.03,global (period-level prediction),15,1.152071,-0.003091,0.023410,-0.026501,0.0001,-0.035499,-0.017597,nan,nan
(ii) Δc = +0.03,W60,16,0.714574,-0.004374,0.008691,-0.013065,0.0001,-0.015590,-0.010331,0.022485,-0.000454
(ii) Δc = +0.03,global (run-level prediction),16,1.148664,-0.006415,0.000000,-0.006415,0.1194,-0.013545,0.000193,nan,nan
(ii) Δc = +0.03,global (period-level prediction),16,1.148664,-0.006415,0.019521,-0.025936,0.0001,-0.033256,-0.018741,nan,nan
(ii) Δc = +0.03,W60,17,0.715381,-0.003447,0.008881,-0.012328,0.0004,-0.016529,-0.007563,0.021094,-0.000763
(ii) Δc = +0.03,global (run-level prediction),17,1.149906,-0.008317,-0.000000,-0.008317,0.0454,-0.015013,-0.001536,nan,nan
(ii) Δc = +0.03,global (period-level prediction),17,1.149906,-0.008317,0.020260,-0.028578,0.0001,-0.034170,-0.022698,nan,nan
(ii) Δc = +0.03,W60,18,0.714303,-0.001526,0.011858,-0.013384,0.0001,-0.015763,-0.010944,0.021830,-0.001707
(ii) Δc = +0.03,global (run-level prediction),18,1.147669,-0.007006,0.000000,-0.007006,0.0535,-0.012622,-0.000390,nan,nan
(ii) Δc = +0.03,global (period-level prediction),18,1.147669,-0.007006,0.020808,-0.027814,0.0001,-0.032677,-0.022481,nan,nan
(ii) Δc = +0.03,W60,19,0.715354,-0.004869,0.008024,-0.012893,0.0004,-0.018169,-0.008256,0.022326,-0.000366
(ii) Δc = +0.03,global (run-level prediction),19,1.149027,-0.010646,0.000000,-0.010646,0.0406,-0.019335,-0.001662,nan,nan
(ii) Δc = +0.03,global (period-level prediction),19,1.149027,-0.010646,0.017052,-0.027697,0.0001,-0.034801,-0.021271,nan,nan
(ii) Δc = +0.03,W60,20,0.716780,-0.001465,0.007496,-0.008961,0.0009,-0.012039,-0.005370,0.021289,-0.000174
(ii) Δc = +0.03,global (run-level prediction),20,1.154242,-0.013937,-0.000000,-0.013937,0.0231,-0.024239,-0.004030,nan,nan
(ii) Δc = +0.03,global (period-level prediction),20,1.154242,-0.013937,0.015831,-0.029768,0.0001,-0.038319,-0.021134,nan,nan
(ii) Δc = +0.03,W60,21,0.713173,0.005133,0.018030,-0.012897,0.0002,-0.016666,-0.008938,0.023591,-0.001102
(ii) Δc = +0.03,global (run-level prediction),21,1.148250,-0.004552,-0.000000,-0.004552,0.3407,-0.013174,0.004016,nan,nan
(ii) Δc = +0.03,global (period-level prediction),21,1.148250,-0.004552,0.021452,-0.026004,0.0002,-0.034502,-0.017978,nan,nan
(ii) Δc = +0.03,W60,22,0.715572,0.001334,0.011412,-0.010078,0.0001,-0.014211,-0.007121,0.022178,-0.001586
(ii) Δc = +0.03,global (run-level prediction),22,1.154805,-0.013211,-0.000000,-0.013211,0.0033,-0.020263,-0.006820,nan,nan
(ii) Δc = +0.03,global (period-level prediction),22,1.154805,-0.013211,0.013758,-0.026970,0.0001,-0.032209,-0.021737,nan,nan
(ii) Δc = +0.03,W60,23,0.719727,-0.002426,0.010183,-0.012609,0.0002,-0.015845,-0.008546,0.021835,-0.001942
(ii) Δc = +0.03,global (run-level prediction),23,1.155872,-0.010589,-0.000000,-0.010589,0.0555,-0.020652,-0.001504,nan,nan
(ii) Δc = +0.03,global (period-level prediction),23,1.155872,-0.010589,0.016006,-0.026595,0.0002,-0.031739,-0.020157,nan,nan
(ii) Δc = +0.03,W60,24,0.714861,0.001705,0.009450,-0.007745,0.0002,-0.010720,-0.004894,0.021448,-0.000844
(ii) Δc = +0.03,global (run-level prediction),24,1.146687,-0.004948,0.000000,-0.004948,0.4056,-0.016017,0.006451,nan,nan
(ii) Δc = +0.03,global (period-level prediction),24,1.146687,-0.004948,0.020971,-0.025919,0.0002,-0.033942,-0.018685,nan,nan
(ii) Δc = +0.03,W60,25,0.717165,-0.005688,0.006667,-0.012354,0.0001,-0.015111,-0.009433,0.022109,-0.000378
(ii) Δc = +0.03,global (run-level prediction),25,1.149473,-0.007991,-0.000000,-0.007991,0.1958,-0.018527,0.003176,nan,nan
(ii) Δc = +0.03,global (period-level prediction),25,1.149473,-0.007991,0.020700,-0.028691,0.0001,-0.033498,-0.024716,nan,nan
(ii) Δc = +0.03,W60,26,0.716865,0.001708,0.011015,-0.009308,0.0004,-0.012131,-0.006258,0.022821,-0.000870
(ii) Δc = +0.03,global (run-level prediction),26,1.152334,-0.001006,0.000000,-0.001006,0.8832,-0.014887,0.011757,nan,nan
(ii) Δc = +0.03,global (period-level prediction),26,1.152334,-0.001006,0.023405,-0.024411,0.0001,-0.029054,-0.020192,nan,nan
(ii) Δc = +0.03,W60,27,0.714753,-0.000534,0.007308,-0.007842,0.0017,-0.011404,-0.004228,0.022459,-0.000630
(ii) Δc = +0.03,global (run-level prediction),27,1.146872,-0.004989,0.000000,-0.004989,0.3375,-0.014433,0.003861,nan,nan
(ii) Δc = +0.03,global (period-level prediction),27,1.146872,-0.004989,0.018797,-0.023786,0.0001,-0.029331,-0.018863,nan,nan
(ii) Δc = +0.03,W60,28,0.713378,0.010103,0.018893,-0.008790,0.0005,-0.012587,-0.005208,0.021227,-0.001508
(ii) Δc = +0.03,global (run-level prediction),28,1.152649,-0.008590,0.000000,-0.008590,0.1125,-0.017079,0.001908,nan,nan
(ii) Δc = +0.03,global (period-level prediction),28,1.152649,-0.008590,0.024437,-0.033027,0.0001,-0.038336,-0.026917,nan,nan
(ii) Δc = +0.03,W60,29,0.716233,0.002713,0.014603,-0.011890,0.0002,-0.016272,-0.007632,0.022303,-0.000255
(ii) Δc = +0.03,global (run-level prediction),29,1.152790,-0.007488,-0.000000,-0.007488,0.0787,-0.016357,-0.000483,nan,nan
(ii) Δc = +0.03,global (period-level prediction),29,1.152790,-0.007488,0.021156,-0.028644,0.0001,-0.033171,-0.023721,nan,nan
(ii) Δc = +0.03,W60,30,0.713924,-0.001308,0.006536,-0.007844,0.0017,-0.011484,-0.004327,0.021964,-0.001037
(ii) Δc = +0.03,global (run-level prediction),30,1.151390,-0.006694,0.000000,-0.006694,0.1229,-0.014351,0.000683,nan,nan
(ii) Δc = +0.03,global (period-level prediction),30,1.151390,-0.006694,0.019975,-0.026669,0.0002,-0.033152,-0.019730,nan,nan
(ii) Δc = +0.03,W60,31,0.717215,0.002665,0.013019,-0.010354,0.0001,-0.013541,-0.007533,0.022514,-0.001354
(ii) Δc = +0.03,global (run-level prediction),31,1.151638,-0.010524,0.000000,-0.010524,0.1123,-0.021660,0.001764,nan,nan
(ii) Δc = +0.03,global (period-level prediction),31,1.151638,-0.010524,0.015516,-0.026041,0.0001,-0.031893,-0.019764,nan,nan
(ii) Δc = +0.03,W60,32,0.713911,0.001892,0.011152,-0.009261,0.0051,-0.014586,-0.004193,0.022741,-0.000699
(ii) Δc = +0.03,global (run-level prediction),32,1.151217,-0.007366,-0.000000,-0.007366,0.2001,-0.017293,0.001973,nan,nan
(ii) Δc = +0.03,global (period-level prediction),32,1.151217,-0.007366,0.017468,-0.024834,0.0002,-0.032524,-0.016830,nan,nan
(ii) Δc = +0.03,W60,33,0.713308,-0.001963,0.008560,-0.010523,0.0002,-0.013845,-0.007274,0.021187,-0.000499
(ii) Δc = +0.03,global (run-level prediction),33,1.149417,-0.010918,-0.000000,-0.010918,0.0045,-0.016664,-0.005037,nan,nan
(ii) Δc = +0.03,global (period-level prediction),33,1.149417,-0.010918,0.017236,-0.028155,0.0001,-0.032847,-0.023676,nan,nan
(ii) Δc = +0.03,W60,34,0.716262,-0.000166,0.011426,-0.011592,0.0002,-0.014486,-0.008262,0.021336,-0.001362
(ii) Δc = +0.03,global (run-level prediction),34,1.150918,-0.010224,-0.000000,-0.010224,0.0304,-0.017731,-0.001995,nan,nan
(ii) Δc = +0.03,global (period-level prediction),34,1.150918,-0.010224,0.019967,-0.030191,0.0001,-0.037318,-0.023810,nan,nan
(ii) Δc = +0.03,W60,35,0.712605,0.003626,0.013448,-0.009822,0.0002,-0.012797,-0.006823,0.020987,-0.000742
(ii) Δc = +0.03,global (run-level prediction),35,1.149400,-0.006882,0.000000,-0.006882,0.0953,-0.014396,0.000099,nan,nan
(ii) Δc = +0.03,global (period-level prediction),35,1.149400,-0.006882,0.015584,-0.022466,0.0001,-0.026200,-0.018507,nan,nan
(ii) Δc = +0.03,W60,36,0.712894,0.000059,0.012313,-0.012254,0.0004,-0.017136,-0.007805,0.020942,-0.001450
(ii) Δc = +0.03,global (run-level prediction),36,1.148658,-0.010635,-0.000000,-0.010635,0.0577,-0.020441,-0.001530,nan,nan
(ii) Δc = +0.03,global (period-level prediction),36,1.148658,-0.010635,0.020343,-0.030978,0.0001,-0.038817,-0.023354,nan,nan
(ii) Δc = +0.03,W60,37,0.721114,-0.002633,0.007316,-0.009948,0.0001,-0.012497,-0.007304,0.021772,-0.000725
(ii) Δc = +0.03,global (run-level prediction),37,1.157135,-0.010766,-0.000000,-0.010766,0.0295,-0.019184,-0.002778,nan,nan
(ii) Δc = +0.03,global (period-level prediction),37,1.157135,-0.010766,0.014330,-0.025096,0.0002,-0.031781,-0.018257,nan,nan
(ii) Δc = +0.03,W60,38,0.714331,0.002109,0.012734,-0.010625,0.0006,-0.015210,-0.006366,0.023315,-0.001689
(ii) Δc = +0.03,global (run-level prediction),38,1.150852,-0.008169,-0.000000,-0.008169,0.1670,-0.019521,0.001829,nan,nan
(ii) Δc = +0.03,global (period-level prediction),38,1.150852,-0.008169,0.024478,-0.032647,0.0001,-0.040122,-0.025804,nan,nan
(ii) Δc = +0.03,W60,39,0.714904,-0.001729,0.009977,-0.011706,0.0002,-0.014758,-0.008645,0.022136,0.000631
(ii) Δc = +0.03,global (run-level prediction),39,1.148849,-0.004208,0.000000,-0.004208,0.3301,-0.011925,0.002812,nan,nan
(ii) Δc = +0.03,global (period-level prediction),39,1.148849,-0.004208,0.018938,-0.023146,0.0001,-0.028868,-0.017500,nan,nan
(ii) Δc = +0.03,W60,40,0.718099,-0.002318,0.005924,-0.008242,0.0038,-0.012315,-0.003610,0.021846,-0.000600
(ii) Δc = +0.03,global (run-level prediction),40,1.155507,-0.011477,0.000000,-0.011477,0.0807,-0.022746,-0.000021,nan,nan
(ii) Δc = +0.03,global (period-level prediction),40,1.155507,-0.011477,0.015997,-0.027474,0.0001,-0.033194,-0.022039,nan,nan
(ii) Δc = +0.03,W60,41,0.716283,-0.003638,0.005818,-0.009456,0.0033,-0.013242,-0.004099,0.021618,-0.000704
(ii) Δc = +0.03,global (run-level prediction),41,1.148574,-0.010086,0.000000,-0.010086,0.0905,-0.020785,0.000395,nan,nan
(ii) Δc = +0.03,global (period-level prediction),41,1.148574,-0.010086,0.018456,-0.028543,0.0002,-0.035623,-0.021501,nan,nan
(ii) Δc = +0.03,W60,42,0.717021,0.002745,0.012959,-0.010215,0.0002,-0.013547,-0.007146,0.021577,-0.001873
(ii) Δc = +0.03,global (run-level prediction),42,1.154920,-0.010281,0.000000,-0.010281,0.0103,-0.017529,-0.004218,nan,nan
(ii) Δc = +0.03,global (period-level prediction),42,1.154920,-0.010281,0.019514,-0.029794,0.0001,-0.036400,-0.022569,nan,nan
(ii) Δc = +0.03,W60,43,0.713944,-0.001349,0.009022,-0.010371,0.0004,-0.013419,-0.007125,0.021702,-0.001583
(ii) Δc = +0.03,global (run-level prediction),43,1.150898,-0.014867,0.000000,-0.014867,0.0067,-0.022650,-0.006025,nan,nan
(ii) Δc = +0.03,global (period-level prediction),43,1.150898,-0.014867,0.015229,-0.030097,0.0001,-0.036514,-0.023919,nan,nan
(ii) Δc = +0.03,W60,44,0.715700,-0.000809,0.011970,-0.012779,0.0002,-0.015920,-0.009126,0.020780,-0.000748
(ii) Δc = +0.03,global (run-level prediction),44,1.156275,-0.011032,0.000000,-0.011032,0.0536,-0.021054,-0.002086,nan,nan
(ii) Δc = +0.03,global (period-level prediction),44,1.156275,-0.011032,0.020856,-0.031889,0.0001,-0.037663,-0.026292,nan,nan
(ii) Δc = +0.03,W60,45,0.715309,-0.000568,0.008555,-0.009123,0.0013,-0.012945,-0.004706,0.021739,-0.000625
(ii) Δc = +0.03,global (run-level prediction),45,1.152229,-0.006778,-0.000000,-0.006778,0.2468,-0.016948,0.005274,nan,nan
(ii) Δc = +0.03,global (period-level prediction),45,1.152229,-0.006778,0.021604,-0.028382,0.0001,-0.031528,-0.025263,nan,nan
(ii) Δc = +0.03,W60,46,0.713933,0.000809,0.011696,-0.010887,0.0002,-0.014201,-0.007959,0.023156,-0.001580
(ii) Δc = +0.03,global (run-level prediction),46,1.151939,-0.006022,-0.000000,-0.006022,0.2379,-0.015787,0.003785,nan,nan
(ii) Δc = +0.03,global (period-level prediction),46,1.151939,-0.006022,0.019818,-0.025839,0.0001,-0.031638,-0.020206,nan,nan
(ii) Δc = +0.03,W60,47,0.714603,0.000422,0.014099,-0.013677,0.0001,-0.016802,-0.010669,0.022864,0.000328
(ii) Δc = +0.03,global (run-level prediction),47,1.149323,-0.007809,-0.000000,-0.007809,0.1587,-0.019494,0.001064,nan,nan
(ii) Δc = +0.03,global (period-level prediction),47,1.149323,-0.007809,0.024447,-0.032256,0.0001,-0.040596,-0.024400,nan,nan
(ii) Δc = +0.03,W60,48,0.716974,0.001029,0.011032,-0.010003,0.0004,-0.013566,-0.006612,0.023320,-0.000980
(ii) Δc = +0.03,global (run-level prediction),48,1.151746,-0.009444,-0.000000,-0.009444,0.0851,-0.018801,0.000785,nan,nan
(ii) Δc = +0.03,global (period-level prediction),48,1.151746,-0.009444,0.021718,-0.031162,0.0001,-0.037294,-0.025059,nan,nan
(ii) Δc = +0.03,W60,49,0.715900,0.002325,0.014253,-0.011928,0.0002,-0.016294,-0.008148,0.021017,-0.001243
(ii) Δc = +0.03,global (run-level prediction),49,1.153424,-0.001711,0.000000,-0.001711,0.7650,-0.012339,0.008463,nan,nan
(ii) Δc = +0.03,global (period-level prediction),49,1.153424,-0.001711,0.027961,-0.029672,0.0001,-0.037655,-0.022580,nan,nan
(ii) Δc = +0.03,W60,50,0.715982,-0.002548,0.010376,-0.012924,0.0004,-0.016844,-0.009047,0.022032,-0.001069
(ii) Δc = +0.03,global (run-level prediction),50,1.147213,-0.002192,-0.000000,-0.002192,0.5889,-0.009975,0.004911,nan,nan
(ii) Δc = +0.03,global (period-level prediction),50,1.147213,-0.002192,0.023306,-0.025498,0.0001,-0.028907,-0.022073,nan,nan
(ii) Δc = −0.02,W60,1,0.714688,0.000180,0.006896,-0.006716,0.0066,-0.010422,-0.002962,-0.016383,0.000025
(ii) Δc = −0.02,global (run-level prediction),1,1.138446,-0.000084,-0.000000,-0.000084,0.9885,-0.010058,0.010729,nan,nan
(ii) Δc = −0.02,global (period-level prediction),1,1.138446,-0.000084,0.013524,-0.013608,0.0029,-0.020092,-0.007138,nan,nan
(ii) Δc = −0.02,W60,2,0.715099,0.002084,0.008209,-0.006125,0.0034,-0.010306,-0.002666,-0.014586,-0.000574
(ii) Δc = −0.02,global (run-level prediction),2,1.143870,-0.002169,-0.000000,-0.002169,0.5157,-0.008678,0.003480,nan,nan
(ii) Δc = −0.02,global (period-level prediction),2,1.143870,-0.002169,0.011750,-0.013919,0.0009,-0.018793,-0.008341,nan,nan
(ii) Δc = −0.02,W60,3,0.716601,-0.001376,0.003102,-0.004477,0.0135,-0.007481,-0.001478,-0.014455,-0.000192
(ii) Δc = −0.02,global (run-level prediction),3,1.142082,-0.000457,0.000000,-0.000457,0.9116,-0.008248,0.007324,nan,nan
(ii) Δc = −0.02,global (period-level prediction),3,1.142082,-0.000457,0.008546,-0.009003,0.0067,-0.013706,-0.004035,nan,nan
(ii) Δc = −0.02,W60,4,0.716393,-0.000161,0.007764,-0.007925,0.0004,-0.010845,-0.005136,-0.016140,-0.000434
(ii) Δc = −0.02,global (run-level prediction),4,1.143307,-0.001531,-0.000000,-0.001531,0.7466,-0.009714,0.007993,nan,nan
(ii) Δc = −0.02,global (period-level prediction),4,1.143307,-0.001531,0.015681,-0.017212,0.0011,-0.023686,-0.009519,nan,nan
(ii) Δc = −0.02,W60,5,0.714946,-0.008287,-0.002348,-0.005939,0.0145,-0.010034,-0.001748,-0.015741,-0.000131
(ii) Δc = −0.02,global (run-level prediction),5,1.139504,-0.013532,0.000000,-0.013532,0.0201,-0.023479,-0.004185,nan,nan
(ii) Δc = −0.02,global (period-level prediction),5,1.139504,-0.013532,-0.001292,-0.012240,0.0090,-0.019682,-0.004943,nan,nan
(ii) Δc = −0.02,W60,6,0.714445,-0.008612,-0.001654,-0.006958,0.0084,-0.010611,-0.002793,-0.015669,-0.000519
(ii) Δc = −0.02,global (run-level prediction),6,1.145210,-0.008279,0.000000,-0.008279,0.2145,-0.020961,0.003530,nan,nan
(ii) Δc = −0.02,global (period-level prediction),6,1.145210,-0.008279,0.006560,-0.014839,0.0031,-0.022300,-0.006732,nan,nan
(ii) Δc = −0.02,W60,7,0.719802,-0.003553,0.002543,-0.006096,0.0002,-0.008110,-0.004163,-0.015157,0.000297
(ii) Δc = −0.02,global (run-level prediction),7,1.148215,-0.006118,0.000000,-0.006118,0.2954,-0.015740,0.004350,nan,nan
(ii) Δc = −0.02,global (period-level prediction),7,1.148215,-0.006118,0.005152,-0.011271,0.0039,-0.017082,-0.005801,nan,nan
(ii) Δc = −0.02,W60,8,0.718335,-0.004661,-0.001280,-0.003381,0.1002,-0.006923,0.000111,-0.015436,-0.000188
(ii) Δc = −0.02,global (run-level prediction),8,1.151884,-0.016915,0.000000,-0.016915,0.0028,-0.024740,-0.008989,nan,nan
(ii) Δc = −0.02,global (period-level prediction),8,1.151884,-0.016915,0.001179,-0.018094,0.0004,-0.023822,-0.012162,nan,nan
(ii) Δc = −0.02,W60,9,0.719036,-0.005862,0.001031,-0.006894,0.0006,-0.009645,-0.004313,-0.015302,-0.000688
(ii) Δc = −0.02,global (run-level prediction),9,1.147946,-0.008662,-0.000000,-0.008662,0.1156,-0.018032,0.000556,nan,nan
(ii) Δc = −0.02,global (period-level prediction),9,1.147946,-0.008662,0.007450,-0.016112,0.0002,-0.021727,-0.010812,nan,nan
(ii) Δc = −0.02,W60,10,0.714242,0.004109,0.005203,-0.001094,0.6241,-0.004925,0.003333,-0.014514,0.000554
(ii) Δc = −0.02,global (run-level prediction),10,1.142939,0.002269,0.000000,0.002269,0.6479,-0.006675,0.011290,nan,nan
(ii) Δc = −0.02,global (period-level prediction),10,1.142939,0.002269,0.007518,-0.005249,0.2247,-0.012916,0.003012,nan,nan
(ii) Δc = −0.02,W60,11,0.715738,-0.007211,-0.001590,-0.005622,0.0028,-0.008461,-0.002669,-0.014331,-0.000671
(ii) Δc = −0.02,global (run-level prediction),11,1.142864,-0.008256,-0.000000,-0.008256,0.0870,-0.016613,0.000245,nan,nan
(ii) Δc = −0.02,global (period-level prediction),11,1.142864,-0.008256,0.007196,-0.015452,0.0018,-0.023315,-0.008780,nan,nan
(ii) Δc = −0.02,W60,12,0.715307,-0.000584,0.003516,-0.004100,0.0841,-0.007989,-0.000019,-0.014918,-0.000244
(ii) Δc = −0.02,global (run-level prediction),12,1.146978,-0.011062,0.000000,-0.011062,0.0101,-0.018391,-0.003965,nan,nan
(ii) Δc = −0.02,global (period-level prediction),12,1.146978,-0.011062,0.006646,-0.017708,0.0001,-0.021183,-0.013855,nan,nan
(ii) Δc = −0.02,W60,13,0.714598,-0.001648,0.005597,-0.007245,0.0024,-0.011812,-0.003164,-0.014831,0.000125
(ii) Δc = −0.02,global (run-level prediction),13,1.141149,-0.005173,0.000000,-0.005173,0.2881,-0.013534,0.004756,nan,nan
(ii) Δc = −0.02,global (period-level prediction),13,1.141149,-0.005173,0.005976,-0.011149,0.0012,-0.016081,-0.006495,nan,nan
(ii) Δc = −0.02,W60,14,0.713071,-0.000736,0.002096,-0.002832,0.0342,-0.004937,-0.000555,-0.016494,0.000436
(ii) Δc = −0.02,global (run-level prediction),14,1.139322,-0.002544,-0.000000,-0.002544,0.6919,-0.015077,0.008353,nan,nan
(ii) Δc = −0.02,global (period-level prediction),14,1.139322,-0.002544,0.006039,-0.008583,0.0022,-0.013415,-0.004205,nan,nan
(ii) Δc = −0.02,W60,15,0.709574,0.004788,0.007858,-0.003069,0.1581,-0.006882,0.000914,-0.015151,0.000062
(ii) Δc = −0.02,global (run-level prediction),15,1.143658,-0.010140,0.000000,-0.010140,0.0695,-0.019222,-0.001111,nan,nan
(ii) Δc = −0.02,global (period-level prediction),15,1.143658,-0.010140,0.006002,-0.016142,0.0009,-0.023062,-0.009167,nan,nan
(ii) Δc = −0.02,W60,16,0.715848,-0.003114,0.006005,-0.009120,0.0001,-0.012234,-0.006446,-0.015096,-0.000464
(ii) Δc = −0.02,global (run-level prediction),16,1.142790,-0.004017,0.000000,-0.004017,0.5066,-0.015159,0.007025,nan,nan
(ii) Δc = −0.02,global (period-level prediction),16,1.142790,-0.004017,0.010720,-0.014737,0.0001,-0.019233,-0.010392,nan,nan
(ii) Δc = −0.02,W60,17,0.714373,-0.001456,0.002541,-0.003997,0.0181,-0.007030,-0.001113,-0.014564,-0.000989
(ii) Δc = −0.02,global (run-level prediction),17,1.139311,-0.003108,-0.000000,-0.003108,0.5261,-0.011289,0.006632,nan,nan
(ii) Δc = −0.02,global (period-level prediction),17,1.139311,-0.003108,0.011616,-0.014724,0.0013,-0.020839,-0.008890,nan,nan
(ii) Δc = −0.02,W60,18,0.715107,0.000146,0.006189,-0.006043,0.0042,-0.009845,-0.002729,-0.012979,0.001146
(ii) Δc = −0.02,global (run-level prediction),18,1.146138,-0.003946,0.000000,-0.003946,0.3732,-0.011745,0.003822,nan,nan
(ii) Δc = −0.02,global (period-level prediction),18,1.146138,-0.003946,0.006673,-0.010619,0.0063,-0.016980,-0.004042,nan,nan
(ii) Δc = −0.02,W60,19,0.721078,-0.002387,0.003029,-0.005416,0.0056,-0.008434,-0.002543,-0.013754,-0.000117
(ii) Δc = −0.02,global (run-level prediction),19,1.150756,0.000824,0.000000,0.000824,0.8566,-0.007852,0.008482,nan,nan
(ii) Δc = −0.02,global (period-level prediction),19,1.150756,0.000824,0.013077,-0.012253,0.0021,-0.017274,-0.006503,nan,nan
(ii) Δc = −0.02,W60,20,0.716552,-0.001790,0.005074,-0.006864,0.0079,-0.010772,-0.003049,-0.015076,-0.001228
(ii) Δc = −0.02,global (run-level prediction),20,1.143610,-0.007406,0.000000,-0.007406,0.1271,-0.015569,0.001283,nan,nan
(ii) Δc = −0.02,global (period-level prediction),20,1.143610,-0.007406,0.003946,-0.011352,0.0142,-0.018772,-0.003848,nan,nan
(ii) Δc = −0.02,W60,21,0.715609,0.005865,0.012889,-0.007024,0.0016,-0.010437,-0.003991,-0.015774,-0.000356
(ii) Δc = −0.02,global (run-level prediction),21,1.144371,-0.001837,-0.000000,-0.001837,0.6270,-0.009112,0.005660,nan,nan
(ii) Δc = −0.02,global (period-level prediction),21,1.144371,-0.001837,0.013772,-0.015608,0.0013,-0.023118,-0.008806,nan,nan
(ii) Δc = −0.02,W60,22,0.713076,0.004235,0.007416,-0.003180,0.0177,-0.005297,-0.001141,-0.014608,-0.000746
(ii) Δc = −0.02,global (run-level prediction),22,1.141178,-0.003143,0.000000,-0.003143,0.5474,-0.012017,0.006608,nan,nan
(ii) Δc = −0.02,global (period-level prediction),22,1.141178,-0.003143,0.007016,-0.010159,0.0038,-0.015863,-0.004498,nan,nan
(ii) Δc = −0.02,W60,23,0.713836,0.002555,0.006883,-0.004328,0.0078,-0.007014,-0.001798,-0.015082,-0.000309
(ii) Δc = −0.02,global (run-level prediction),23,1.146077,-0.004624,0.000000,-0.004624,0.4216,-0.014196,0.006184,nan,nan
(ii) Δc = −0.02,global (period-level prediction),23,1.146077,-0.004624,0.010404,-0.015029,0.0011,-0.021337,-0.008993,nan,nan
(ii) Δc = −0.02,W60,24,0.715799,-0.002913,0.003721,-0.006634,0.0015,-0.010168,-0.003222,-0.013698,-0.000698
(ii) Δc = −0.02,global (run-level prediction),24,1.144147,-0.003396,-0.000000,-0.003396,0.5972,-0.015581,0.008625,nan,nan
(ii) Δc = −0.02,global (period-level prediction),24,1.144147,-0.003396,0.008848,-0.012243,0.0032,-0.019027,-0.006252,nan,nan
(ii) Δc = −0.02,W60,25,0.717369,-0.000086,0.006197,-0.006283,0.0034,-0.009305,-0.003174,-0.015047,-0.000215
(ii) Δc = −0.02,global (run-level prediction),25,1.148764,-0.010599,-0.000000,-0.010599,0.0023,-0.016301,-0.005019,nan,nan
(ii) Δc = −0.02,global (period-level prediction),25,1.148764,-0.010599,0.004802,-0.015401,0.0001,-0.021300,-0.009517,nan,nan
(ii) Δc = −0.02,W60,26,0.717360,-0.004177,0.001222,-0.005399,0.0021,-0.007904,-0.002688,-0.014287,-0.000863
(ii) Δc = −0.02,global (run-level prediction),26,1.143314,-0.008102,-0.000000,-0.008102,0.0520,-0.015108,-0.001455,nan,nan
(ii) Δc = −0.02,global (period-level prediction),26,1.143314,-0.008102,0.005263,-0.013365,0.0023,-0.019914,-0.006879,nan,nan
(ii) Δc = −0.02,W60,27,0.714231,0.003235,0.009538,-0.006302,0.0140,-0.010015,-0.002311,-0.015097,-0.001665
(ii) Δc = −0.02,global (run-level prediction),27,1.143127,-0.004397,0.000000,-0.004397,0.2041,-0.010422,0.001703,nan,nan
(ii) Δc = −0.02,global (period-level prediction),27,1.143127,-0.004397,0.010620,-0.015017,0.0005,-0.020551,-0.009489,nan,nan
(ii) Δc = −0.02,W60,28,0.720273,-0.004605,0.004785,-0.009390,0.0002,-0.011796,-0.006918,-0.014931,0.000089
(ii) Δc = −0.02,global (run-level prediction),28,1.146639,-0.001160,-0.000000,-0.001160,0.7755,-0.008304,0.006841,nan,nan
(ii) Δc = −0.02,global (period-level prediction),28,1.146639,-0.001160,0.014704,-0.015864,0.0004,-0.021985,-0.009869,nan,nan
(ii) Δc = −0.02,W60,29,0.719308,-0.005939,0.000110,-0.006049,0.0206,-0.010090,-0.001778,-0.015262,-0.000498
(ii) Δc = −0.02,global (run-level prediction),29,1.146219,-0.011927,0.000000,-0.011927,0.0747,-0.025592,-0.001489,nan,nan
(ii) Δc = −0.02,global (period-level prediction),29,1.146219,-0.011927,0.003405,-0.015333,0.0004,-0.019461,-0.010737,nan,nan
(ii) Δc = −0.02,W60,30,0.712520,0.002179,0.005678,-0.003499,0.0975,-0.007442,-0.000021,-0.014591,-0.000348
(ii) Δc = −0.02,global (run-level prediction),30,1.145354,-0.008067,-0.000000,-0.008067,0.0995,-0.017355,0.000233,nan,nan
(ii) Δc = −0.02,global (period-level prediction),30,1.145354,-0.008067,0.008454,-0.016522,0.0004,-0.024494,-0.010236,nan,nan
(ii) Δc = −0.02,W60,31,0.712657,0.006327,0.010005,-0.003678,0.1055,-0.007994,0.000162,-0.015488,-0.000615
(ii) Δc = −0.02,global (run-level prediction),31,1.143067,-0.003256,0.000000,-0.003256,0.5498,-0.013557,0.006503,nan,nan
(ii) Δc = −0.02,global (period-level prediction),31,1.143067,-0.003256,0.011159,-0.014414,0.0001,-0.019864,-0.009627,nan,nan
(ii) Δc = −0.02,W60,32,0.715337,0.002783,0.006758,-0.003975,0.0734,-0.007751,-0.000470,-0.015074,0.000990
(ii) Δc = −0.02,global (run-level prediction),32,1.143865,0.000121,-0.000000,0.000121,0.9789,-0.008644,0.009545,nan,nan
(ii) Δc = −0.02,global (period-level prediction),32,1.143865,0.000121,0.010096,-0.009975,0.0129,-0.016217,-0.003510,nan,nan
(ii) Δc = −0.02,W60,33,0.716698,-0.001517,0.001327,-0.002844,0.0894,-0.005785,0.000020,-0.014467,-0.000087
(ii) Δc = −0.02,global (run-level prediction),33,1.142755,0.001224,-0.000000,0.001224,0.7727,-0.007089,0.008381,nan,nan
(ii) Δc = −0.02,global (period-level prediction),33,1.142755,0.001224,0.006867,-0.005644,0.0508,-0.010393,-0.000770,nan,nan
(ii) Δc = −0.02,W60,34,0.711060,0.004743,0.009870,-0.005126,0.0013,-0.007797,-0.002380,-0.014913,0.000015
(ii) Δc = −0.02,global (run-level prediction),34,1.139333,-0.002822,0.000000,-0.002822,0.2068,-0.007189,0.000907,nan,nan
(ii) Δc = −0.02,global (period-level prediction),34,1.139333,-0.002822,0.007686,-0.010508,0.0018,-0.014589,-0.005909,nan,nan
(ii) Δc = −0.02,W60,35,0.716423,-0.003544,0.003260,-0.006804,0.0005,-0.009139,-0.004192,-0.014643,0.000618
(ii) Δc = −0.02,global (run-level prediction),35,1.148650,-0.011823,0.000000,-0.011823,0.0425,-0.021032,-0.001547,nan,nan
(ii) Δc = −0.02,global (period-level prediction),35,1.148650,-0.011823,0.004416,-0.016239,0.0018,-0.023629,-0.008415,nan,nan
(ii) Δc = −0.02,W60,36,0.717046,0.002676,0.005601,-0.002925,0.1187,-0.006130,0.000183,-0.015119,0.000947
(ii) Δc = −0.02,global (run-level prediction),36,1.148674,-0.002853,0.000000,-0.002853,0.5005,-0.010658,0.004384,nan,nan
(ii) Δc = −0.02,global (period-level prediction),36,1.148674,-0.002853,0.009319,-0.012172,0.0096,-0.020587,-0.004891,nan,nan
(ii) Δc = −0.02,W60,37,0.718475,-0.000734,0.002851,-0.003585,0.0157,-0.006120,-0.001110,-0.014242,-0.000436
(ii) Δc = −0.02,global (run-level prediction),37,1.144295,-0.011093,0.000000,-0.011093,0.0101,-0.018004,-0.004178,nan,nan
(ii) Δc = −0.02,global (period-level prediction),37,1.144295,-0.011093,0.005690,-0.016782,0.0004,-0.022490,-0.010922,nan,nan
(ii) Δc = −0.02,W60,38,0.711913,0.001211,0.008774,-0.007564,0.0005,-0.010227,-0.004764,-0.014544,-0.000210
(ii) Δc = −0.02,global (run-level prediction),38,1.140483,-0.008151,0.000000,-0.008151,0.0717,-0.015814,-0.000143,nan,nan
(ii) Δc = −0.02,global (period-level prediction),38,1.140483,-0.008151,0.009159,-0.017310,0.0001,-0.022270,-0.012641,nan,nan
(ii) Δc = −0.02,W60,39,0.713945,0.004069,0.007375,-0.003306,0.0482,-0.006051,-0.000330,-0.014535,0.000559
(ii) Δc = −0.02,global (run-level prediction),39,1.141666,0.002261,0.000000,0.002261,0.6840,-0.008117,0.011823,nan,nan
(ii) Δc = −0.02,global (period-level prediction),39,1.141666,0.002261,0.012094,-0.009833,0.0094,-0.016997,-0.003841,nan,nan
(ii) Δc = −0.02,W60,40,0.712309,0.000871,0.005587,-0.004716,0.0403,-0.009096,-0.000587,-0.014739,-0.000620
(ii) Δc = −0.02,global (run-level prediction),40,1.147061,-0.005618,0.000000,-0.005618,0.2694,-0.014385,0.004073,nan,nan
(ii) Δc = −0.02,global (period-level prediction),40,1.147061,-0.005618,0.006683,-0.012301,0.0045,-0.018978,-0.005577,nan,nan
(ii) Δc = −0.02,W60,41,0.713119,0.000222,0.004137,-0.003916,0.0728,-0.007679,0.000002,-0.015166,-0.000454
(ii) Δc = −0.02,global (run-level prediction),41,1.144563,-0.000806,-0.000000,-0.000806,0.9075,-0.013852,0.012133,nan,nan
(ii) Δc = −0.02,global (period-level prediction),41,1.144563,-0.000806,0.007037,-0.007843,0.0551,-0.014184,-0.000688,nan,nan
(ii) Δc = −0.02,W60,42,0.713372,-0.002314,0.003509,-0.005824,0.0044,-0.008982,-0.002663,-0.015651,-0.000630
(ii) Δc = −0.02,global (run-level prediction),42,1.141899,-0.009049,0.000000,-0.009049,0.1014,-0.018521,0.001176,nan,nan
(ii) Δc = −0.02,global (period-level prediction),42,1.141899,-0.009049,0.005564,-0.014613,0.0007,-0.020637,-0.009183,nan,nan
(ii) Δc = −0.02,W60,43,0.717958,-0.000356,0.006556,-0.006912,0.0022,-0.009355,-0.003831,-0.015515,-0.001247
(ii) Δc = −0.02,global (run-level prediction),43,1.147654,-0.010419,-0.000000,-0.010419,0.0128,-0.017469,-0.003520,nan,nan
(ii) Δc = −0.02,global (period-level prediction),43,1.147654,-0.010419,0.009686,-0.020105,0.0001,-0.024674,-0.015720,nan,nan
(ii) Δc = −0.02,W60,44,0.715860,0.001785,0.009426,-0.007641,0.0005,-0.010469,-0.005080,-0.015638,-0.001425
(ii) Δc = −0.02,global (run-level prediction),44,1.140952,-0.000153,0.000000,-0.000153,0.9796,-0.011518,0.010839,nan,nan
(ii) Δc = −0.02,global (period-level prediction),44,1.140952,-0.000153,0.012460,-0.012614,0.0001,-0.017227,-0.008319,nan,nan
(ii) Δc = −0.02,W60,45,0.711762,0.003504,0.012329,-0.008826,0.0029,-0.012775,-0.004426,-0.015608,0.000701
(ii) Δc = −0.02,global (run-level prediction),45,1.138919,0.006419,0.000000,0.006419,0.2273,-0.002876,0.015988,nan,nan
(ii) Δc = −0.02,global (period-level prediction),45,1.138919,0.006419,0.020362,-0.013943,0.0005,-0.018358,-0.009232,nan,nan
(ii) Δc = −0.02,W60,46,0.714512,0.001093,0.009299,-0.008206,0.0031,-0.012595,-0.003661,-0.014303,-0.000471
(ii) Δc = −0.02,global (run-level prediction),46,1.142955,-0.005884,0.000000,-0.005884,0.3253,-0.016434,0.004605,nan,nan
(ii) Δc = −0.02,global (period-level prediction),46,1.142955,-0.005884,0.008519,-0.014403,0.0005,-0.020989,-0.008979,nan,nan
(ii) Δc = −0.02,W60,47,0.717695,-0.004935,0.001922,-0.006857,0.0001,-0.008438,-0.005316,-0.014558,-0.000820
(ii) Δc = −0.02,global (run-level prediction),47,1.145116,-0.006176,-0.000000,-0.006176,0.3009,-0.016996,0.005913,nan,nan
(ii) Δc = −0.02,global (period-level prediction),47,1.145116,-0.006176,0.009791,-0.015967,0.0002,-0.020625,-0.010926,nan,nan
(ii) Δc = −0.02,W60,48,0.712192,0.003400,0.009292,-0.005892,0.0084,-0.009617,-0.002419,-0.015527,-0.000185
(ii) Δc = −0.02,global (run-level prediction),48,1.139105,-0.000026,-0.000000,-0.000026,0.9949,-0.009237,0.007881,nan,nan
(ii) Δc = −0.02,global (period-level prediction),48,1.139105,-0.000026,0.011525,-0.011551,0.0034,-0.017033,-0.005735,nan,nan
(ii) Δc = −0.02,W60,49,0.710774,0.007161,0.012947,-0.005785,0.0062,-0.009038,-0.002372,-0.014311,-0.000435
(ii) Δc = −0.02,global (run-level prediction),49,1.141526,0.000523,0.000000,0.000523,0.8784,-0.005741,0.006648,nan,nan
(ii) Δc = −0.02,global (period-level prediction),49,1.141526,0.000523,0.018301,-0.017778,0.0002,-0.024296,-0.011470,nan,nan
(ii) Δc = −0.02,W60,50,0.711711,0.005274,0.010512,-0.005238,0.0167,-0.008927,-0.001696,-0.014454,-0.000198
(ii) Δc = −0.02,global (run-level prediction),50,1.139806,0.008141,-0.000000,0.008141,0.2059,-0.003941,0.018386,nan,nan
(ii) Δc = −0.02,global (period-level prediction),50,1.139806,0.008141,0.015275,-0.007134,0.0095,-0.011469,-0.002801,nan,nan
(iii) Δa = −0.015, Δc = +0.02,W60,1,0.715562,-0.041983,-0.041123,-0.000860,0.5137,-0.003397,0.001646,0.014648,0.000764
(iii) Δa = −0.015, Δc = +0.02,global (run-level prediction),1,1.134662,-0.069343,-0.000000,-0.069343,0.0001,-0.079775,-0.060140,nan,nan
(iii) Δa = −0.015, Δc = +0.02,global (period-level prediction),1,1.134662,-0.069343,-0.069590,0.000247,0.9467,-0.006799,0.006352,nan,nan
(iii) Δa = −0.015, Δc = +0.02,W60,2,0.717894,-0.048878,-0.049125,0.000247,0.9198,-0.004151,0.005315,0.014955,0.001606
(iii) Δa = −0.015, Δc = +0.02,global (run-level prediction),2,1.138889,-0.079840,-0.000000,-0.079840,0.0001,-0.084694,-0.074926,nan,nan
(iii) Δa = −0.015, Δc = +0.02,global (period-level prediction),2,1.138889,-0.079840,-0.071302,-0.008538,0.0518,-0.015590,-0.000939,nan,nan
(iii) Δa = −0.015, Δc = +0.02,W60,3,0.715551,-0.040210,-0.038593,-0.001618,0.4357,-0.005530,0.002083,0.015477,0.001125
(iii) Δa = −0.015, Δc = +0.02,global (run-level prediction),3,1.137542,-0.074037,-0.000000,-0.074037,0.0001,-0.080343,-0.067645,nan,nan
(iii) Δa = −0.015, Δc = +0.02,global (period-level prediction),3,1.137542,-0.074037,-0.066616,-0.007422,0.0455,-0.013698,-0.001475,nan,nan
(iii) Δa = −0.015, Δc = +0.02,W60,4,0.715107,-0.046223,-0.046528,0.000305,0.8807,-0.003324,0.003594,0.015362,0.000755
(iii) Δa = −0.015, Δc = +0.02,global (run-level prediction),4,1.137204,-0.072143,0.000000,-0.072143,0.0001,-0.079812,-0.064214,nan,nan
(iii) Δa = −0.015, Δc = +0.02,global (period-level prediction),4,1.137204,-0.072143,-0.070960,-0.001183,0.7051,-0.006706,0.004150,nan,nan
(iii) Δa = −0.015, Δc = +0.02,W60,5,0.719305,-0.046057,-0.044727,-0.001330,0.5092,-0.004987,0.002235,0.015349,0.002194
(iii) Δa = −0.015, Δc = +0.02,global (run-level prediction),5,1.140315,-0.071287,-0.000000,-0.071287,0.0001,-0.084028,-0.059390,nan,nan
(iii) Δa = −0.015, Δc = +0.02,global (period-level prediction),5,1.140315,-0.071287,-0.061046,-0.010241,0.0032,-0.017683,-0.004475,nan,nan
(iii) Δa = −0.015, Δc = +0.02,W60,6,0.715178,-0.046310,-0.048939,0.002629,0.1292,-0.000170,0.005714,0.015708,0.002424
(iii) Δa = −0.015, Δc = +0.02,global (run-level prediction),6,1.136136,-0.071529,0.000000,-0.071529,0.0001,-0.079649,-0.063524,nan,nan
(iii) Δa = −0.015, Δc = +0.02,global (period-level prediction),6,1.136136,-0.071529,-0.069416,-0.002112,0.5601,-0.008825,0.004042,nan,nan
(iii) Δa = −0.015, Δc = +0.02,W60,7,0.715633,-0.044858,-0.045080,0.000222,0.8979,-0.002929,0.003364,0.015520,0.001334
(iii) Δa = −0.015, Δc = +0.02,global (run-level prediction),7,1.136775,-0.078418,0.000000,-0.078418,0.0001,-0.089681,-0.067671,nan,nan
(iii) Δa = −0.015, Δc = +0.02,global (period-level prediction),7,1.136775,-0.078418,-0.077887,-0.000531,0.8590,-0.005673,0.005233,nan,nan
(iii) Δa = −0.015, Δc = +0.02,W60,8,0.711180,-0.040452,-0.040207,-0.000244,0.8817,-0.003547,0.002884,0.014420,0.000806
(iii) Δa = −0.015, Δc = +0.02,global (run-level prediction),8,1.129515,-0.070572,-0.000000,-0.070572,0.0001,-0.081230,-0.061698,nan,nan
(iii) Δa = −0.015, Δc = +0.02,global (period-level prediction),8,1.129515,-0.070572,-0.064507,-0.006066,0.0942,-0.012103,0.000881,nan,nan
(iii) Δa = −0.015, Δc = +0.02,W60,9,0.716740,-0.041877,-0.041265,-0.000612,0.7092,-0.003636,0.002165,0.014785,0.000663
(iii) Δa = −0.015, Δc = +0.02,global (run-level prediction),9,1.136803,-0.066218,-0.000000,-0.066218,0.0001,-0.076266,-0.056787,nan,nan
(iii) Δa = −0.015, Δc = +0.02,global (period-level prediction),9,1.136803,-0.066218,-0.069656,0.003438,0.3489,-0.003717,0.010765,nan,nan
(iii) Δa = −0.015, Δc = +0.02,W60,10,0.715660,-0.041258,-0.043112,0.001854,0.3538,-0.001829,0.005608,0.014353,0.001197
(iii) Δa = −0.015, Δc = +0.02,global (run-level prediction),10,1.134213,-0.061367,0.000000,-0.061367,0.0001,-0.072825,-0.050763,nan,nan
(iii) Δa = −0.015, Δc = +0.02,global (period-level prediction),10,1.134213,-0.061367,-0.064608,0.003242,0.5187,-0.006446,0.012680,nan,nan
(iii) Δa = −0.015, Δc = +0.02,W60,11,0.714653,-0.041771,-0.040425,-0.001346,0.5402,-0.005238,0.002720,0.015778,0.001285
(iii) Δa = −0.015, Δc = +0.02,global (run-level prediction),11,1.129580,-0.064553,0.000000,-0.064553,0.0001,-0.073118,-0.056891,nan,nan
(iii) Δa = −0.015, Δc = +0.02,global (period-level prediction),11,1.129580,-0.064553,-0.065967,0.001415,0.6545,-0.004473,0.007080,nan,nan
(iii) Δa = −0.015, Δc = +0.02,W60,12,0.712719,-0.041591,-0.042476,0.000885,0.5706,-0.001934,0.003817,0.015192,-0.000230
(iii) Δa = −0.015, Δc = +0.02,global (run-level prediction),12,1.132898,-0.062847,0.000000,-0.062847,0.0001,-0.071113,-0.054796,nan,nan
(iii) Δa = −0.015, Δc = +0.02,global (period-level prediction),12,1.132898,-0.062847,-0.064049,0.001202,0.7312,-0.005220,0.007220,nan,nan
(iii) Δa = −0.015, Δc = +0.02,W60,13,0.716394,-0.043257,-0.043552,0.000295,0.8820,-0.003588,0.004203,0.014315,-0.000165
(iii) Δa = −0.015, Δc = +0.02,global (run-level prediction),13,1.137174,-0.071711,-0.000000,-0.071711,0.0001,-0.079951,-0.063661,nan,nan
(iii) Δa = −0.015, Δc = +0.02,global (period-level prediction),13,1.137174,-0.071711,-0.072326,0.000615,0.8494,-0.005377,0.006625,nan,nan
(iii) Δa = −0.015, Δc = +0.02,W60,14,0.715902,-0.037596,-0.039553,0.001956,0.2788,-0.000736,0.005039,0.014713,0.000939
(iii) Δa = −0.015, Δc = +0.02,global (run-level prediction),14,1.134574,-0.062764,-0.000000,-0.062764,0.0001,-0.072231,-0.054683,nan,nan
(iii) Δa = −0.015, Δc = +0.02,global (period-level prediction),14,1.134574,-0.062764,-0.067341,0.004577,0.1178,-0.000132,0.009476,nan,nan
(iii) Δa = −0.015, Δc = +0.02,W60,15,0.716402,-0.049752,-0.049038,-0.000715,0.7953,-0.005022,0.004059,0.013805,0.001269
(iii) Δa = −0.015, Δc = +0.02,global (run-level prediction),15,1.136746,-0.080645,0.000000,-0.080645,0.0001,-0.086204,-0.075380,nan,nan
(iii) Δa = −0.015, Δc = +0.02,global (period-level prediction),15,1.136746,-0.080645,-0.076038,-0.004606,0.2515,-0.011181,0.003403,nan,nan
(iii) Δa = −0.015, Δc = +0.02,W60,16,0.715808,-0.046456,-0.046006,-0.000450,0.7502,-0.002854,0.002354,0.014932,0.000664
(iii) Δa = −0.015, Δc = +0.02,global (run-level prediction),16,1.138353,-0.073088,0.000000,-0.073088,0.0001,-0.082920,-0.062694,nan,nan
(iii) Δa = −0.015, Δc = +0.02,global (period-level prediction),16,1.138353,-0.073088,-0.071425,-0.001662,0.6672,-0.008757,0.005673,nan,nan
(iii) Δa = −0.015, Δc = +0.02,W60,17,0.714284,-0.039611,-0.041035,0.001424,0.4482,-0.002264,0.004534,0.014847,0.001075
(iii) Δa = −0.015, Δc = +0.02,global (run-level prediction),17,1.135081,-0.064932,-0.000000,-0.064932,0.0001,-0.074337,-0.055064,nan,nan
(iii) Δa = −0.015, Δc = +0.02,global (period-level prediction),17,1.135081,-0.064932,-0.065393,0.000461,0.8958,-0.005805,0.006733,nan,nan
(iii) Δa = −0.015, Δc = +0.02,W60,18,0.713028,-0.036770,-0.039707,0.002937,0.1141,-0.000155,0.006277,0.016191,0.001327
(iii) Δa = −0.015, Δc = +0.02,global (run-level prediction),18,1.134247,-0.067062,0.000000,-0.067062,0.0001,-0.075429,-0.057738,nan,nan
(iii) Δa = −0.015, Δc = +0.02,global (period-level prediction),18,1.134247,-0.067062,-0.065293,-0.001769,0.5919,-0.007600,0.003536,nan,nan
(iii) Δa = −0.015, Δc = +0.02,W60,19,0.714884,-0.040544,-0.041074,0.000529,0.6102,-0.001152,0.002410,0.015120,0.000467
(iii) Δa = −0.015, Δc = +0.02,global (run-level prediction),19,1.132671,-0.068198,-0.000000,-0.068198,0.0001,-0.077629,-0.060145,nan,nan
(iii) Δa = −0.015, Δc = +0.02,global (period-level prediction),19,1.132671,-0.068198,-0.067038,-0.001159,0.7244,-0.008091,0.004335,nan,nan
(iii) Δa = −0.015, Δc = +0.02,W60,20,0.716083,-0.038339,-0.040863,0.002524,0.1213,-0.000310,0.005274,0.016231,0.000948
(iii) Δa = −0.015, Δc = +0.02,global (run-level prediction),20,1.137068,-0.070965,0.000000,-0.070965,0.0001,-0.077367,-0.064378,nan,nan
(iii) Δa = −0.015, Δc = +0.02,global (period-level prediction),20,1.137068,-0.070965,-0.065800,-0.005165,0.0160,-0.008661,-0.001614,nan,nan
(iii) Δa = −0.015, Δc = +0.02,W60,21,0.714597,-0.043421,-0.044133,0.000712,0.5614,-0.001578,0.003017,0.015078,-0.000055
(iii) Δa = −0.015, Δc = +0.02,global (run-level prediction),21,1.134299,-0.066132,-0.000000,-0.066132,0.0001,-0.075867,-0.056370,nan,nan
(iii) Δa = −0.015, Δc = +0.02,global (period-level prediction),21,1.134299,-0.066132,-0.069583,0.003451,0.2714,-0.002486,0.008737,nan,nan
(iii) Δa = −0.015, Δc = +0.02,W60,22,0.709694,-0.038437,-0.038433,-0.000005,0.9983,-0.002401,0.002618,0.015529,0.001178
(iii) Δa = −0.015, Δc = +0.02,global (run-level prediction),22,1.136034,-0.065152,-0.000000,-0.065152,0.0001,-0.074898,-0.056960,nan,nan
(iii) Δa = −0.015, Δc = +0.02,global (period-level prediction),22,1.136034,-0.065152,-0.066759,0.001607,0.5385,-0.002728,0.006620,nan,nan
(iii) Δa = −0.015, Δc = +0.02,W60,23,0.715774,-0.043599,-0.047621,0.004022,0.0549,0.000525,0.007901,0.012594,0.000319
(iii) Δa = −0.015, Δc = +0.02,global (run-level prediction),23,1.139693,-0.073050,-0.000000,-0.073050,0.0001,-0.081726,-0.064440,nan,nan
(iii) Δa = −0.015, Δc = +0.02,global (period-level prediction),23,1.139693,-0.073050,-0.073148,0.000097,0.9783,-0.006601,0.005972,nan,nan
(iii) Δa = −0.015, Δc = +0.02,W60,24,0.715295,-0.042335,-0.045802,0.003467,0.0770,0.000096,0.006856,0.016230,0.000942
(iii) Δa = −0.015, Δc = +0.02,global (run-level prediction),24,1.137532,-0.067433,0.000000,-0.067433,0.0001,-0.076628,-0.057855,nan,nan
(iii) Δa = −0.015, Δc = +0.02,global (period-level prediction),24,1.137532,-0.067433,-0.068728,0.001294,0.7076,-0.005873,0.007015,nan,nan
(iii) Δa = −0.015, Δc = +0.02,W60,25,0.710993,-0.033988,-0.035461,0.001472,0.4586,-0.001924,0.005089,0.016587,0.000597
(iii) Δa = −0.015, Δc = +0.02,global (run-level prediction),25,1.135542,-0.065933,0.000000,-0.065933,0.0001,-0.074537,-0.057670,nan,nan
(iii) Δa = −0.015, Δc = +0.02,global (period-level prediction),25,1.135542,-0.065933,-0.064312,-0.001620,0.6835,-0.008432,0.006800,nan,nan
(iii) Δa = −0.015, Δc = +0.02,W60,26,0.718357,-0.043142,-0.043249,0.000107,0.9636,-0.003748,0.004033,0.014621,0.001072
(iii) Δa = −0.015, Δc = +0.02,global (run-level prediction),26,1.140122,-0.064058,-0.000000,-0.064058,0.0001,-0.072517,-0.055298,nan,nan
(iii) Δa = −0.015, Δc = +0.02,global (period-level prediction),26,1.140122,-0.064058,-0.065390,0.001332,0.5493,-0.003015,0.005516,nan,nan
(iii) Δa = −0.015, Δc = +0.02,W60,27,0.714258,-0.037003,-0.038085,0.001081,0.4904,-0.001924,0.003896,0.015021,0.000930
(iii) Δa = −0.015, Δc = +0.02,global (run-level prediction),27,1.134905,-0.066672,0.000000,-0.066672,0.0001,-0.077347,-0.056636,nan,nan
(iii) Δa = −0.015, Δc = +0.02,global (period-level prediction),27,1.134905,-0.066672,-0.063396,-0.003276,0.3335,-0.009280,0.002541,nan,nan
(iii) Δa = −0.015, Δc = +0.02,W60,28,0.718340,-0.043681,-0.044164,0.000483,0.8300,-0.003839,0.004324,0.016462,0.001054
(iii) Δa = −0.015, Δc = +0.02,global (run-level prediction),28,1.140279,-0.070387,0.000000,-0.070387,0.0001,-0.081658,-0.059613,nan,nan
(iii) Δa = −0.015, Δc = +0.02,global (period-level prediction),28,1.140279,-0.070387,-0.069818,-0.000569,0.8438,-0.006196,0.005227,nan,nan
(iii) Δa = −0.015, Δc = +0.02,W60,29,0.714703,-0.044037,-0.044739,0.000703,0.7196,-0.002932,0.003788,0.014374,0.001108
(iii) Δa = −0.015, Δc = +0.02,global (run-level prediction),29,1.140408,-0.078284,0.000000,-0.078284,0.0001,-0.088617,-0.068531,nan,nan
(iii) Δa = −0.015, Δc = +0.02,global (period-level prediction),29,1.140408,-0.078284,-0.072847,-0.005437,0.0879,-0.011265,0.000033,nan,nan
(iii) Δa = −0.015, Δc = +0.02,W60,30,0.715696,-0.043642,-0.042599,-0.001042,0.5645,-0.004336,0.002455,0.014652,0.001475
(iii) Δa = −0.015, Δc = +0.02,global (run-level prediction),30,1.138369,-0.071525,0.000000,-0.071525,0.0001,-0.081870,-0.059864,nan,nan
(iii) Δa = −0.015, Δc = +0.02,global (period-level prediction),30,1.138369,-0.071525,-0.068198,-0.003326,0.3325,-0.009358,0.003160,nan,nan
(iii) Δa = −0.015, Δc = +0.02,W60,31,0.714321,-0.040319,-0.042624,0.002306,0.2927,-0.001631,0.006329,0.015256,0.000978
(iii) Δa = −0.015, Δc = +0.02,global (run-level prediction),31,1.136386,-0.068267,0.000000,-0.068267,0.0001,-0.075758,-0.061421,nan,nan
(iii) Δa = −0.015, Δc = +0.02,global (period-level prediction),31,1.136386,-0.068267,-0.067595,-0.000672,0.8071,-0.005975,0.004279,nan,nan
(iii) Δa = −0.015, Δc = +0.02,W60,32,0.718273,-0.040143,-0.040279,0.000136,0.9430,-0.003177,0.003825,0.014152,0.001287
(iii) Δa = −0.015, Δc = +0.02,global (run-level prediction),32,1.133844,-0.061985,-0.000000,-0.061985,0.0001,-0.074477,-0.049894,nan,nan
(iii) Δa = −0.015, Δc = +0.02,global (period-level prediction),32,1.133844,-0.061985,-0.062765,0.000780,0.8196,-0.006126,0.006292,nan,nan
(iii) Δa = −0.015, Δc = +0.02,W60,33,0.713214,-0.043752,-0.046238,0.002486,0.1588,-0.000683,0.005930,0.014904,0.000905
(iii) Δa = −0.015, Δc = +0.02,global (run-level prediction),33,1.130746,-0.069387,-0.000000,-0.069387,0.0001,-0.074465,-0.064116,nan,nan
(iii) Δa = −0.015, Δc = +0.02,global (period-level prediction),33,1.130746,-0.069387,-0.071278,0.001892,0.4286,-0.002356,0.006399,nan,nan
(iii) Δa = −0.015, Δc = +0.02,W60,34,0.714402,-0.034942,-0.038733,0.003791,0.0962,-0.000092,0.007313,0.015152,0.001739
(iii) Δa = −0.015, Δc = +0.02,global (run-level prediction),34,1.139987,-0.071549,-0.000000,-0.071549,0.0001,-0.081559,-0.060666,nan,nan
(iii) Δa = −0.015, Δc = +0.02,global (period-level prediction),34,1.139987,-0.071549,-0.070158,-0.001390,0.7555,-0.009428,0.006499,nan,nan
(iii) Δa = −0.015, Δc = +0.02,W60,35,0.718897,-0.045569,-0.043996,-0.001573,0.4779,-0.005779,0.001621,0.014146,0.001268
(iii) Δa = −0.015, Δc = +0.02,global (run-level prediction),35,1.132995,-0.064860,0.000000,-0.064860,0.0001,-0.073847,-0.056595,nan,nan
(iii) Δa = −0.015, Δc = +0.02,global (period-level prediction),35,1.132995,-0.064860,-0.070657,0.005798,0.0452,0.000417,0.010674,nan,nan
(iii) Δa = −0.015, Δc = +0.02,W60,36,0.715954,-0.040495,-0.040574,0.000078,0.9690,-0.003786,0.003989,0.015640,0.000290
(iii) Δa = −0.015, Δc = +0.02,global (run-level prediction),36,1.138635,-0.075595,-0.000000,-0.075595,0.0001,-0.084017,-0.067203,nan,nan
(iii) Δa = −0.015, Δc = +0.02,global (period-level prediction),36,1.138635,-0.075595,-0.069684,-0.005911,0.1138,-0.014193,0.000459,nan,nan
(iii) Δa = −0.015, Δc = +0.02,W60,37,0.715724,-0.041241,-0.043387,0.002146,0.1293,-0.000289,0.004600,0.015609,0.000133
(iii) Δa = −0.015, Δc = +0.02,global (run-level prediction),37,1.138902,-0.071092,-0.000000,-0.071092,0.0001,-0.078596,-0.062752,nan,nan
(iii) Δa = −0.015, Δc = +0.02,global (period-level prediction),37,1.138902,-0.071092,-0.072816,0.001724,0.5012,-0.002373,0.006171,nan,nan
(iii) Δa = −0.015, Δc = +0.02,W60,38,0.717895,-0.041651,-0.042892,0.001241,0.4861,-0.001904,0.004583,0.015919,-0.000367
(iii) Δa = −0.015, Δc = +0.02,global (run-level prediction),38,1.141802,-0.074126,0.000000,-0.074126,0.0001,-0.086566,-0.061343,nan,nan
(iii) Δa = −0.015, Δc = +0.02,global (period-level prediction),38,1.141802,-0.074126,-0.073161,-0.000965,0.8077,-0.008656,0.005564,nan,nan
(iii) Δa = −0.015, Δc = +0.02,W60,39,0.709085,-0.034780,-0.036766,0.001986,0.3344,-0.001639,0.005835,0.015671,0.000913
(iii) Δa = −0.015, Δc = +0.02,global (run-level prediction),39,1.131017,-0.061488,-0.000000,-0.061488,0.0001,-0.072019,-0.050430,nan,nan
(iii) Δa = −0.015, Δc = +0.02,global (period-level prediction),39,1.131017,-0.061488,-0.066198,0.004711,0.1448,-0.001327,0.010719,nan,nan
(iii) Δa = −0.015, Δc = +0.02,W60,40,0.717594,-0.043700,-0.046657,0.002958,0.1506,-0.000826,0.006353,0.014903,0.000921
(iii) Δa = −0.015, Δc = +0.02,global (run-level prediction),40,1.137721,-0.068389,0.000000,-0.068389,0.0001,-0.078127,-0.058960,nan,nan
(iii) Δa = −0.015, Δc = +0.02,global (period-level prediction),40,1.137721,-0.068389,-0.068128,-0.000261,0.9561,-0.009010,0.008360,nan,nan
(iii) Δa = −0.015, Δc = +0.02,W60,41,0.713194,-0.038223,-0.042140,0.003917,0.0802,-0.000070,0.007516,0.013930,0.000354
(iii) Δa = −0.015, Δc = +0.02,global (run-level prediction),41,1.136851,-0.068126,-0.000000,-0.068126,0.0001,-0.078880,-0.057535,nan,nan
(iii) Δa = −0.015, Δc = +0.02,global (period-level prediction),41,1.136851,-0.068126,-0.069527,0.001402,0.6284,-0.003891,0.006371,nan,nan
(iii) Δa = −0.015, Δc = +0.02,W60,42,0.718976,-0.041698,-0.043156,0.001459,0.4843,-0.002539,0.004969,0.013495,0.000862
(iii) Δa = −0.015, Δc = +0.02,global (run-level prediction),42,1.138554,-0.073072,0.000000,-0.073072,0.0001,-0.084840,-0.061846,nan,nan
(iii) Δa = −0.015, Δc = +0.02,global (period-level prediction),42,1.138554,-0.073072,-0.072006,-0.001066,0.8115,-0.009870,0.007240,nan,nan
(iii) Δa = −0.015, Δc = +0.02,W60,43,0.712869,-0.039052,-0.041172,0.002120,0.3320,-0.002008,0.005942,0.013517,0.001343
(iii) Δa = −0.015, Δc = +0.02,global (run-level prediction),43,1.136980,-0.071136,-0.000000,-0.071136,0.0001,-0.080530,-0.062176,nan,nan
(iii) Δa = −0.015, Δc = +0.02,global (period-level prediction),43,1.136980,-0.071136,-0.071417,0.000281,0.9252,-0.005449,0.005720,nan,nan
(iii) Δa = −0.015, Δc = +0.02,W60,44,0.719111,-0.042883,-0.043976,0.001093,0.6066,-0.002561,0.005211,0.015705,0.001159
(iii) Δa = −0.015, Δc = +0.02,global (run-level prediction),44,1.137735,-0.072120,-0.000000,-0.072120,0.0001,-0.080374,-0.065466,nan,nan
(iii) Δa = −0.015, Δc = +0.02,global (period-level prediction),44,1.137735,-0.072120,-0.069152,-0.002967,0.2910,-0.007935,0.002123,nan,nan
(iii) Δa = −0.015, Δc = +0.02,W60,45,0.715844,-0.042042,-0.042505,0.000463,0.7319,-0.002044,0.002938,0.015342,0.000719
(iii) Δa = −0.015, Δc = +0.02,global (run-level prediction),45,1.138763,-0.070191,0.000000,-0.070191,0.0001,-0.080045,-0.059625,nan,nan
(iii) Δa = −0.015, Δc = +0.02,global (period-level prediction),45,1.138763,-0.070191,-0.066965,-0.003226,0.3660,-0.010280,0.003268,nan,nan
(iii) Δa = −0.015, Δc = +0.02,W60,46,0.716578,-0.045281,-0.043596,-0.001685,0.3628,-0.005027,0.001518,0.014903,0.000381
(iii) Δa = −0.015, Δc = +0.02,global (run-level prediction),46,1.138172,-0.074606,-0.000000,-0.074606,0.0001,-0.081204,-0.067677,nan,nan
(iii) Δa = −0.015, Δc = +0.02,global (period-level prediction),46,1.138172,-0.074606,-0.074444,-0.000161,0.9408,-0.004411,0.003670,nan,nan
(iii) Δa = −0.015, Δc = +0.02,W60,47,0.714754,-0.043564,-0.042843,-0.000721,0.7249,-0.004522,0.003252,0.014030,0.002088
(iii) Δa = −0.015, Δc = +0.02,global (run-level prediction),47,1.135668,-0.066027,0.000000,-0.066027,0.0001,-0.074734,-0.055953,nan,nan
(iii) Δa = −0.015, Δc = +0.02,global (period-level prediction),47,1.135668,-0.066027,-0.066861,0.000834,0.8138,-0.005810,0.007646,nan,nan
(iii) Δa = −0.015, Δc = +0.02,W60,48,0.713044,-0.041043,-0.043494,0.002451,0.3306,-0.001902,0.007170,0.014790,0.000729
(iii) Δa = −0.015, Δc = +0.02,global (run-level prediction),48,1.132230,-0.061907,-0.000000,-0.061907,0.0001,-0.074063,-0.049085,nan,nan
(iii) Δa = −0.015, Δc = +0.02,global (period-level prediction),48,1.132230,-0.061907,-0.065589,0.003682,0.3496,-0.003292,0.010777,nan,nan
(iii) Δa = −0.015, Δc = +0.02,W60,49,0.715824,-0.047607,-0.049869,0.002262,0.1703,-0.000636,0.005034,0.014571,0.001231
(iii) Δa = −0.015, Δc = +0.02,global (run-level prediction),49,1.137763,-0.073659,-0.000000,-0.073659,0.0001,-0.083248,-0.064283,nan,nan
(iii) Δa = −0.015, Δc = +0.02,global (period-level prediction),49,1.137763,-0.073659,-0.079743,0.006083,0.0106,0.002258,0.010042,nan,nan
(iii) Δa = −0.015, Δc = +0.02,W60,50,0.714880,-0.037728,-0.035945,-0.001783,0.3342,-0.005382,0.001478,0.015503,0.000732
(iii) Δa = −0.015, Δc = +0.02,global (run-level prediction),50,1.135504,-0.059805,-0.000000,-0.059805,0.0001,-0.066775,-0.052599,nan,nan
(iii) Δa = −0.015, Δc = +0.02,global (period-level prediction),50,1.135504,-0.059805,-0.058942,-0.000863,0.7961,-0.006968,0.005745,nan,nan
(iv) a_x − a_y = 0.03, Δa = −0.015,W60,1,0.712481,-0.043166,-0.051172,0.008006,0.0006,0.004366,0.012104,-0.000189,0.001470
(iv) a_x − a_y = 0.03, Δa = −0.015,global (run-level prediction),1,1.115291,-0.068419,-0.000000,-0.068419,0.0001,-0.078325,-0.059591,nan,nan
(iv) a_x − a_y = 0.03, Δa = −0.015,global (period-level prediction),1,1.115291,-0.068419,-0.077411,0.008992,0.0022,0.004251,0.013889,nan,nan
(iv) a_x − a_y = 0.03, Δa = −0.015,W60,2,0.712794,-0.043928,-0.049498,0.005570,0.0100,0.002302,0.008927,0.000015,0.001281
(iv) a_x − a_y = 0.03, Δa = −0.015,global (run-level prediction),2,1.111321,-0.066278,-0.000000,-0.066278,0.0001,-0.074675,-0.057492,nan,nan
(iv) a_x − a_y = 0.03, Δa = −0.015,global (period-level prediction),2,1.111321,-0.066278,-0.073763,0.007485,0.0302,0.001331,0.013056,nan,nan
(iv) a_x − a_y = 0.03, Δa = −0.015,W60,3,0.709619,-0.039083,-0.043390,0.004307,0.0303,0.001030,0.007373,0.000064,0.001265
(iv) a_x − a_y = 0.03, Δa = −0.015,global (run-level prediction),3,1.110518,-0.059074,0.000000,-0.059074,0.0001,-0.069313,-0.049153,nan,nan
(iv) a_x − a_y = 0.03, Δa = −0.015,global (period-level prediction),3,1.110518,-0.059074,-0.066761,0.007687,0.0068,0.003020,0.012705,nan,nan
(iv) a_x − a_y = 0.03, Δa = −0.015,W60,4,0.712067,-0.040386,-0.044051,0.003665,0.0677,0.000358,0.007058,-0.001071,0.001392
(iv) a_x − a_y = 0.03, Δa = −0.015,global (run-level prediction),4,1.110152,-0.063584,-0.000000,-0.063584,0.0001,-0.070406,-0.056885,nan,nan
(iv) a_x − a_y = 0.03, Δa = −0.015,global (period-level prediction),4,1.110152,-0.063584,-0.070548,0.006964,0.0209,0.001809,0.012010,nan,nan
(iv) a_x − a_y = 0.03, Δa = −0.015,W60,5,0.713659,-0.043819,-0.049738,0.005918,0.0001,0.003552,0.008283,-0.000349,0.000470
(iv) a_x − a_y = 0.03, Δa = −0.015,global (run-level prediction),5,1.110104,-0.069007,0.000000,-0.069007,0.0001,-0.076491,-0.061534,nan,nan
(iv) a_x − a_y = 0.03, Δa = −0.015,global (period-level prediction),5,1.110104,-0.069007,-0.077259,0.008252,0.0005,0.005250,0.011470,nan,nan
(iv) a_x − a_y = 0.03, Δa = −0.015,W60,6,0.714605,-0.041193,-0.048022,0.006829,0.0094,0.002411,0.010785,0.001191,0.002085
(iv) a_x − a_y = 0.03, Δa = −0.015,global (run-level prediction),6,1.114842,-0.072741,0.000000,-0.072741,0.0001,-0.082477,-0.062929,nan,nan
(iv) a_x − a_y = 0.03, Δa = −0.015,global (period-level prediction),6,1.114842,-0.072741,-0.073367,0.000626,0.8141,-0.004741,0.005440,nan,nan
(iv) a_x − a_y = 0.03, Δa = −0.015,W60,7,0.713160,-0.045236,-0.051353,0.006117,0.0018,0.003545,0.009355,0.000340,0.001148
(iv) a_x − a_y = 0.03, Δa = −0.015,global (run-level prediction),7,1.117167,-0.067240,0.000000,-0.067240,0.0001,-0.074033,-0.060452,nan,nan
(iv) a_x − a_y = 0.03, Δa = −0.015,global (period-level prediction),7,1.117167,-0.067240,-0.076478,0.009238,0.0007,0.005817,0.012057,nan,nan
(iv) a_x − a_y = 0.03, Δa = −0.015,W60,8,0.713032,-0.046193,-0.049888,0.003695,0.0828,-0.000107,0.007217,0.000857,0.001243
(iv) a_x − a_y = 0.03, Δa = −0.015,global (run-level prediction),8,1.109498,-0.065541,0.000000,-0.065541,0.0001,-0.074524,-0.056714,nan,nan
(iv) a_x − a_y = 0.03, Δa = −0.015,global (period-level prediction),8,1.109498,-0.065541,-0.070061,0.004520,0.0546,0.000044,0.008098,nan,nan
(iv) a_x − a_y = 0.03, Δa = −0.015,W60,9,0.715285,-0.043973,-0.050060,0.006087,0.0006,0.003364,0.008682,-0.000467,0.002186
(iv) a_x − a_y = 0.03, Δa = −0.015,global (run-level prediction),9,1.114959,-0.068157,0.000000,-0.068157,0.0001,-0.076736,-0.059216,nan,nan
(iv) a_x − a_y = 0.03, Δa = −0.015,global (period-level prediction),9,1.114959,-0.068157,-0.075895,0.007738,0.0066,0.003482,0.012323,nan,nan
(iv) a_x − a_y = 0.03, Δa = −0.015,W60,10,0.707941,-0.038817,-0.047934,0.009117,0.0015,0.004792,0.013265,-0.000041,0.001246
(iv) a_x − a_y = 0.03, Δa = −0.015,global (run-level prediction),10,1.107332,-0.071559,-0.000000,-0.071559,0.0001,-0.076904,-0.066326,nan,nan
(iv) a_x − a_y = 0.03, Δa = −0.015,global (period-level prediction),10,1.107332,-0.071559,-0.078770,0.007210,0.0264,0.002225,0.012884,nan,nan
(iv) a_x − a_y = 0.03, Δa = −0.015,W60,11,0.713776,-0.045992,-0.052048,0.006056,0.0056,0.002782,0.009624,0.001230,0.001089
(iv) a_x − a_y = 0.03, Δa = −0.015,global (run-level prediction),11,1.115777,-0.071496,0.000000,-0.071496,0.0001,-0.079420,-0.063526,nan,nan
(iv) a_x − a_y = 0.03, Δa = −0.015,global (period-level prediction),11,1.115777,-0.071496,-0.078804,0.007308,0.0093,0.003053,0.011536,nan,nan
(iv) a_x − a_y = 0.03, Δa = −0.015,W60,12,0.715172,-0.042356,-0.046437,0.004081,0.0687,0.000259,0.007892,0.000996,0.000745
(iv) a_x − a_y = 0.03, Δa = −0.015,global (run-level prediction),12,1.111297,-0.068903,-0.000000,-0.068903,0.0001,-0.077092,-0.060065,nan,nan
(iv) a_x − a_y = 0.03, Δa = −0.015,global (period-level prediction),12,1.111297,-0.068903,-0.076838,0.007935,0.0056,0.003746,0.012138,nan,nan
(iv) a_x − a_y = 0.03, Δa = −0.015,W60,13,0.717795,-0.042344,-0.044693,0.002348,0.1104,-0.000132,0.005214,0.000501,0.001243
(iv) a_x − a_y = 0.03, Δa = −0.015,global (run-level prediction),13,1.116681,-0.070046,0.000000,-0.070046,0.0001,-0.079862,-0.060145,nan,nan
(iv) a_x − a_y = 0.03, Δa = −0.015,global (period-level prediction),13,1.116681,-0.070046,-0.072639,0.002593,0.4756,-0.003652,0.009969,nan,nan
(iv) a_x − a_y = 0.03, Δa = −0.015,W60,14,0.715421,-0.047970,-0.051861,0.003891,0.0848,-0.000265,0.007849,-0.001631,0.001026
(iv) a_x − a_y = 0.03, Δa = −0.015,global (run-level prediction),14,1.114126,-0.074856,-0.000000,-0.074856,0.0001,-0.080771,-0.068548,nan,nan
(iv) a_x − a_y = 0.03, Δa = −0.015,global (period-level prediction),14,1.114126,-0.074856,-0.081444,0.006589,0.0723,0.000282,0.012421,nan,nan
(iv) a_x − a_y = 0.03, Δa = −0.015,W60,15,0.713817,-0.038529,-0.043627,0.005098,0.0332,0.001234,0.008769,0.000662,0.000155
(iv) a_x − a_y = 0.03, Δa = −0.015,global (run-level prediction),15,1.115710,-0.066022,0.000000,-0.066022,0.0001,-0.075729,-0.056466,nan,nan
(iv) a_x − a_y = 0.03, Δa = −0.015,global (period-level prediction),15,1.115710,-0.066022,-0.073522,0.007500,0.0050,0.003228,0.012344,nan,nan
(iv) a_x − a_y = 0.03, Δa = −0.015,W60,16,0.716378,-0.045999,-0.050411,0.004412,0.0813,-0.000074,0.008708,0.000343,0.001021
(iv) a_x − a_y = 0.03, Δa = −0.015,global (run-level prediction),16,1.116526,-0.074162,-0.000000,-0.074162,0.0001,-0.080690,-0.067297,nan,nan
(iv) a_x − a_y = 0.03, Δa = −0.015,global (period-level prediction),16,1.116526,-0.074162,-0.078918,0.004756,0.2490,-0.002615,0.012098,nan,nan
(iv) a_x − a_y = 0.03, Δa = −0.015,W60,17,0.709900,-0.035093,-0.040744,0.005652,0.0289,0.001506,0.009787,-0.000270,0.002063
(iv) a_x − a_y = 0.03, Δa = −0.015,global (run-level prediction),17,1.110912,-0.058204,0.000000,-0.058204,0.0001,-0.064956,-0.050524,nan,nan
(iv) a_x − a_y = 0.03, Δa = −0.015,global (period-level prediction),17,1.110912,-0.058204,-0.068401,0.010198,0.0016,0.005604,0.014573,nan,nan
(iv) a_x − a_y = 0.03, Δa = −0.015,W60,18,0.712591,-0.037504,-0.041728,0.004224,0.0156,0.001598,0.006736,0.001086,0.000549
(iv) a_x − a_y = 0.03, Δa = −0.015,global (run-level prediction),18,1.111106,-0.058811,0.000000,-0.058811,0.0001,-0.067585,-0.048955,nan,nan
(iv) a_x − a_y = 0.03, Δa = −0.015,global (period-level prediction),18,1.111106,-0.058811,-0.070260,0.011449,0.0089,0.004549,0.019903,nan,nan
(iv) a_x − a_y = 0.03, Δa = −0.015,W60,19,0.715833,-0.045181,-0.048468,0.003286,0.1077,-0.000284,0.006449,-0.000224,0.000699
(iv) a_x − a_y = 0.03, Δa = −0.015,global (run-level prediction),19,1.114940,-0.073882,-0.000000,-0.073882,0.0001,-0.081145,-0.067297,nan,nan
(iv) a_x − a_y = 0.03, Δa = −0.015,global (period-level prediction),19,1.114940,-0.073882,-0.075037,0.001156,0.6224,-0.003343,0.004819,nan,nan
(iv) a_x − a_y = 0.03, Δa = −0.015,W60,20,0.714738,-0.045883,-0.053422,0.007539,0.0005,0.004463,0.010628,-0.000226,0.002056
(iv) a_x − a_y = 0.03, Δa = −0.015,global (run-level prediction),20,1.115079,-0.076024,-0.000000,-0.076024,0.0001,-0.083147,-0.070077,nan,nan
(iv) a_x − a_y = 0.03, Δa = −0.015,global (period-level prediction),20,1.115079,-0.076024,-0.081767,0.005743,0.0282,0.001787,0.010145,nan,nan
(iv) a_x − a_y = 0.03, Δa = −0.015,W60,21,0.712820,-0.044562,-0.049507,0.004946,0.0016,0.002745,0.007285,-0.000311,0.001884
(iv) a_x − a_y = 0.03, Δa = −0.015,global (run-level prediction),21,1.115171,-0.070650,0.000000,-0.070650,0.0001,-0.078821,-0.063257,nan,nan
(iv) a_x − a_y = 0.03, Δa = −0.015,global (period-level prediction),21,1.115171,-0.070650,-0.077769,0.007119,0.0153,0.002413,0.011758,nan,nan
(iv) a_x − a_y = 0.03, Δa = −0.015,W60,22,0.717847,-0.050225,-0.054988,0.004763,0.0168,0.001508,0.007777,0.000323,0.001368
(iv) a_x − a_y = 0.03, Δa = −0.015,global (run-level prediction),22,1.120774,-0.071353,-0.000000,-0.071353,0.0001,-0.082795,-0.061032,nan,nan
(iv) a_x − a_y = 0.03, Δa = −0.015,global (period-level prediction),22,1.120774,-0.071353,-0.081830,0.010477,0.0071,0.003739,0.015818,nan,nan
(iv) a_x − a_y = 0.03, Δa = −0.015,W60,23,0.712357,-0.038485,-0.043928,0.005443,0.0042,0.002750,0.008772,0.001728,0.001293
(iv) a_x − a_y = 0.03, Δa = −0.015,global (run-level prediction),23,1.113011,-0.062781,-0.000000,-0.062781,0.0001,-0.070538,-0.055207,nan,nan
(iv) a_x − a_y = 0.03, Δa = −0.015,global (period-level prediction),23,1.113011,-0.062781,-0.071305,0.008524,0.0118,0.003445,0.013547,nan,nan
(iv) a_x − a_y = 0.03, Δa = −0.015,W60,24,0.713406,-0.041973,-0.048489,0.006516,0.0098,0.002584,0.010404,-0.000353,0.000802
(iv) a_x − a_y = 0.03, Δa = −0.015,global (run-level prediction),24,1.112293,-0.063517,0.000000,-0.063517,0.0001,-0.072975,-0.054681,nan,nan
(iv) a_x − a_y = 0.03, Δa = −0.015,global (period-level prediction),24,1.112293,-0.063517,-0.071001,0.007485,0.0084,0.002856,0.011420,nan,nan
(iv) a_x − a_y = 0.03, Δa = −0.015,W60,25,0.719346,-0.046939,-0.051222,0.004283,0.0498,0.000826,0.008004,0.000129,0.001930
(iv) a_x − a_y = 0.03, Δa = −0.015,global (run-level prediction),25,1.114275,-0.067646,0.000000,-0.067646,0.0001,-0.078887,-0.056442,nan,nan
(iv) a_x − a_y = 0.03, Δa = −0.015,global (period-level prediction),25,1.114275,-0.067646,-0.075929,0.008283,0.0201,0.002857,0.013860,nan,nan
(iv) a_x − a_y = 0.03, Δa = −0.015,W60,26,0.713367,-0.043703,-0.048904,0.005201,0.0322,0.001213,0.009435,-0.000239,0.001913
(iv) a_x − a_y = 0.03, Δa = −0.015,global (run-level prediction),26,1.115156,-0.070569,-0.000000,-0.070569,0.0001,-0.077879,-0.062829,nan,nan
(iv) a_x − a_y = 0.03, Δa = −0.015,global (period-level prediction),26,1.115156,-0.070569,-0.076273,0.005704,0.0428,0.000696,0.010183,nan,nan
(iv) a_x − a_y = 0.03, Δa = −0.015,W60,27,0.712972,-0.040816,-0.046553,0.005737,0.0010,0.003266,0.008227,-0.000568,-0.000062
(iv) a_x − a_y = 0.03, Δa = −0.015,global (run-level prediction),27,1.114802,-0.069319,0.000000,-0.069319,0.0001,-0.078728,-0.060147,nan,nan
(iv) a_x − a_y = 0.03, Δa = −0.015,global (period-level prediction),27,1.114802,-0.069319,-0.075653,0.006334,0.0325,0.001626,0.011155,nan,nan
(iv) a_x − a_y = 0.03, Δa = −0.015,W60,28,0.712760,-0.040349,-0.048749,0.008400,0.0007,0.005256,0.011317,0.000097,0.000711
(iv) a_x − a_y = 0.03, Δa = −0.015,global (run-level prediction),28,1.112875,-0.065063,0.000000,-0.065063,0.0001,-0.071552,-0.057917,nan,nan
(iv) a_x − a_y = 0.03, Δa = −0.015,global (period-level prediction),28,1.112875,-0.065063,-0.075842,0.010779,0.0001,0.006208,0.015630,nan,nan
(iv) a_x − a_y = 0.03, Δa = −0.015,W60,29,0.715419,-0.040181,-0.046305,0.006124,0.0005,0.003784,0.008631,-0.000462,0.001358
(iv) a_x − a_y = 0.03, Δa = −0.015,global (run-level prediction),29,1.114648,-0.066401,-0.000000,-0.066401,0.0001,-0.072534,-0.059022,nan,nan
(iv) a_x − a_y = 0.03, Δa = −0.015,global (period-level prediction),29,1.114648,-0.066401,-0.078271,0.011870,0.0002,0.007694,0.016380,nan,nan
(iv) a_x − a_y = 0.03, Δa = −0.015,W60,30,0.711355,-0.041699,-0.047646,0.005946,0.0004,0.003581,0.009069,0.000697,0.000321
(iv) a_x − a_y = 0.03, Δa = −0.015,global (run-level prediction),30,1.112705,-0.071049,-0.000000,-0.071049,0.0001,-0.080563,-0.062977,nan,nan
(iv) a_x − a_y = 0.03, Δa = −0.015,global (period-level prediction),30,1.112705,-0.071049,-0.074612,0.003563,0.1583,-0.001146,0.008236,nan,nan
(iv) a_x − a_y = 0.03, Δa = −0.015,W60,31,0.711404,-0.040315,-0.045390,0.005075,0.0050,0.002174,0.008215,0.000171,0.000639
(iv) a_x − a_y = 0.03, Δa = −0.015,global (run-level prediction),31,1.104658,-0.059205,0.000000,-0.059205,0.0001,-0.069582,-0.049526,nan,nan
(iv) a_x − a_y = 0.03, Δa = −0.015,global (period-level prediction),31,1.104658,-0.059205,-0.073008,0.013803,0.0035,0.006144,0.021042,nan,nan
(iv) a_x − a_y = 0.03, Δa = −0.015,W60,32,0.715968,-0.048454,-0.056527,0.008073,0.0039,0.004131,0.012055,0.000075,0.002278
(iv) a_x − a_y = 0.03, Δa = −0.015,global (run-level prediction),32,1.117066,-0.075689,-0.000000,-0.075689,0.0001,-0.085294,-0.066107,nan,nan
(iv) a_x − a_y = 0.03, Δa = −0.015,global (period-level prediction),32,1.117066,-0.075689,-0.084704,0.009015,0.0166,0.003026,0.015286,nan,nan
(iv) a_x − a_y = 0.03, Δa = −0.015,W60,33,0.709328,-0.042129,-0.048073,0.005944,0.0060,0.002357,0.008888,0.000748,0.000891
(iv) a_x − a_y = 0.03, Δa = −0.015,global (run-level prediction),33,1.112893,-0.074267,-0.000000,-0.074267,0.0001,-0.084235,-0.063786,nan,nan
(iv) a_x − a_y = 0.03, Δa = −0.015,global (period-level prediction),33,1.112893,-0.074267,-0.079036,0.004769,0.0881,-0.000316,0.009540,nan,nan
(iv) a_x − a_y = 0.03, Δa = −0.015,W60,34,0.713881,-0.046110,-0.049638,0.003529,0.0664,0.000382,0.006751,-0.000836,0.001675
(iv) a_x − a_y = 0.03, Δa = −0.015,global (run-level prediction),34,1.110595,-0.070401,0.000000,-0.070401,0.0001,-0.080276,-0.059517,nan,nan
(iv) a_x − a_y = 0.03, Δa = −0.015,global (period-level prediction),34,1.110595,-0.070401,-0.079967,0.009566,0.0007,0.005650,0.013726,nan,nan
(iv) a_x − a_y = 0.03, Δa = −0.015,W60,35,0.713246,-0.047583,-0.050440,0.002857,0.2388,-0.001057,0.006908,0.001066,0.001386
(iv) a_x − a_y = 0.03, Δa = −0.015,global (run-level prediction),35,1.111052,-0.068658,0.000000,-0.068658,0.0001,-0.077128,-0.059792,nan,nan
(iv) a_x − a_y = 0.03, Δa = −0.015,global (period-level prediction),35,1.111052,-0.068658,-0.075105,0.006447,0.0631,0.000590,0.012340,nan,nan
(iv) a_x − a_y = 0.03, Δa = −0.015,W60,36,0.710808,-0.030025,-0.036497,0.006472,0.0032,0.003329,0.009766,-0.000381,0.001990
(iv) a_x − a_y = 0.03, Δa = −0.015,global (run-level prediction),36,1.112557,-0.057582,-0.000000,-0.057582,0.0001,-0.065139,-0.048997,nan,nan
(iv) a_x − a_y = 0.03, Δa = −0.015,global (period-level prediction),36,1.112557,-0.057582,-0.062781,0.005199,0.0941,-0.000247,0.009951,nan,nan
(iv) a_x − a_y = 0.03, Δa = −0.015,W60,37,0.709760,-0.042465,-0.045480,0.003016,0.1066,-0.000339,0.006642,0.000624,0.001518
(iv) a_x − a_y = 0.03, Δa = −0.015,global (run-level prediction),37,1.107727,-0.065640,0.000000,-0.065640,0.0001,-0.076500,-0.054963,nan,nan
(iv) a_x − a_y = 0.03, Δa = −0.015,global (period-level prediction),37,1.107727,-0.065640,-0.071582,0.005941,0.1091,-0.000741,0.012179,nan,nan
(iv) a_x − a_y = 0.03, Δa = −0.015,W60,38,0.715312,-0.041879,-0.044941,0.003062,0.0851,-0.000167,0.006258,0.001192,0.002102
(iv) a_x − a_y = 0.03, Δa = −0.015,global (run-level prediction),38,1.110360,-0.059670,-0.000000,-0.059670,0.0001,-0.071995,-0.048653,nan,nan
(iv) a_x − a_y = 0.03, Δa = −0.015,global (period-level prediction),38,1.110360,-0.059670,-0.067738,0.008068,0.0250,0.002113,0.013616,nan,nan
(iv) a_x − a_y = 0.03, Δa = −0.015,W60,39,0.711114,-0.042844,-0.046888,0.004044,0.0292,0.000968,0.007191,0.000492,0.001481
(iv) a_x − a_y = 0.03, Δa = −0.015,global (run-level prediction),39,1.112602,-0.066321,-0.000000,-0.066321,0.0001,-0.074243,-0.057529,nan,nan
(iv) a_x − a_y = 0.03, Δa = −0.015,global (period-level prediction),39,1.112602,-0.066321,-0.078114,0.011793,0.0018,0.006287,0.017961,nan,nan
(iv) a_x − a_y = 0.03, Δa = −0.015,W60,40,0.715300,-0.040379,-0.043656,0.003278,0.0820,-0.000273,0.006445,-0.001016,0.001475
(iv) a_x − a_y = 0.03, Δa = −0.015,global (run-level prediction),40,1.118353,-0.068504,0.000000,-0.068504,0.0001,-0.080039,-0.059311,nan,nan
(iv) a_x − a_y = 0.03, Δa = −0.015,global (period-level prediction),40,1.118353,-0.068504,-0.070092,0.001588,0.6115,-0.004004,0.007244,nan,nan
(iv) a_x − a_y = 0.03, Δa = −0.015,W60,41,0.708273,-0.038960,-0.046114,0.007154,0.0035,0.003671,0.010721,-0.000958,0.001882
(iv) a_x − a_y = 0.03, Δa = −0.015,global (run-level prediction),41,1.108787,-0.068299,-0.000000,-0.068299,0.0001,-0.077219,-0.059945,nan,nan
(iv) a_x − a_y = 0.03, Δa = −0.015,global (period-level prediction),41,1.108787,-0.068299,-0.074621,0.006321,0.0149,0.002195,0.010770,nan,nan
(iv) a_x − a_y = 0.03, Δa = −0.015,W60,42,0.713356,-0.043347,-0.046773,0.003426,0.0212,0.000953,0.005712,-0.000386,0.001409
(iv) a_x − a_y = 0.03, Δa = −0.015,global (run-level prediction),42,1.112291,-0.072914,0.000000,-0.072914,0.0001,-0.079198,-0.066369,nan,nan
(iv) a_x − a_y = 0.03, Δa = −0.015,global (period-level prediction),42,1.112291,-0.072914,-0.076770,0.003856,0.1460,-0.000631,0.008441,nan,nan
(iv) a_x − a_y = 0.03, Δa = −0.015,W60,43,0.712817,-0.037162,-0.042819,0.005657,0.0038,0.002889,0.008527,0.000237,0.001356
(iv) a_x − a_y = 0.03, Δa = −0.015,global (run-level prediction),43,1.112522,-0.070842,-0.000000,-0.070842,0.0001,-0.077985,-0.063865,nan,nan
(iv) a_x − a_y = 0.03, Δa = −0.015,global (period-level prediction),43,1.112522,-0.070842,-0.072704,0.001861,0.4977,-0.003033,0.006937,nan,nan
(iv) a_x − a_y = 0.03, Δa = −0.015,W60,44,0.712204,-0.044206,-0.045945,0.001740,0.3754,-0.001798,0.005226,0.001172,0.001398
(iv) a_x − a_y = 0.03, Δa = −0.015,global (run-level prediction),44,1.106407,-0.066673,-0.000000,-0.066673,0.0001,-0.079684,-0.053834,nan,nan
(iv) a_x − a_y = 0.03, Δa = −0.015,global (period-level prediction),44,1.106407,-0.066673,-0.069110,0.002437,0.3845,-0.003067,0.007396,nan,nan
(iv) a_x − a_y = 0.03, Δa = −0.015,W60,45,0.713573,-0.042299,-0.045759,0.003459,0.0321,0.000706,0.006022,0.000705,0.000489
(iv) a_x − a_y = 0.03, Δa = −0.015,global (run-level prediction),45,1.114669,-0.069781,0.000000,-0.069781,0.0001,-0.077036,-0.061884,nan,nan
(iv) a_x − a_y = 0.03, Δa = −0.015,global (period-level prediction),45,1.114669,-0.069781,-0.073639,0.003858,0.0806,0.000049,0.007388,nan,nan
(iv) a_x − a_y = 0.03, Δa = −0.015,W60,46,0.711227,-0.039553,-0.040540,0.000987,0.5220,-0.001918,0.003728,0.000480,0.001682
(iv) a_x − a_y = 0.03, Δa = −0.015,global (run-level prediction),46,1.108702,-0.062958,-0.000000,-0.062958,0.0001,-0.071020,-0.055057,nan,nan
(iv) a_x − a_y = 0.03, Δa = −0.015,global (period-level prediction),46,1.108702,-0.062958,-0.064487,0.001529,0.6145,-0.004125,0.007099,nan,nan
(iv) a_x − a_y = 0.03, Δa = −0.015,W60,47,0.710143,-0.040016,-0.044941,0.004924,0.0129,0.001754,0.008542,-0.000004,0.002284
(iv) a_x − a_y = 0.03, Δa = −0.015,global (run-level prediction),47,1.107018,-0.063410,-0.000000,-0.063410,0.0001,-0.073072,-0.055006,nan,nan
(iv) a_x − a_y = 0.03, Δa = −0.015,global (period-level prediction),47,1.107018,-0.063410,-0.072730,0.009321,0.0013,0.005417,0.013459,nan,nan
(iv) a_x − a_y = 0.03, Δa = −0.015,W60,48,0.711721,-0.038853,-0.046335,0.007481,0.0023,0.003961,0.010714,-0.000717,0.000866
(iv) a_x − a_y = 0.03, Δa = −0.015,global (run-level prediction),48,1.113252,-0.067413,0.000000,-0.067413,0.0001,-0.075253,-0.059715,nan,nan
(iv) a_x − a_y = 0.03, Δa = −0.015,global (period-level prediction),48,1.113252,-0.067413,-0.078530,0.011117,0.0009,0.006797,0.015097,nan,nan
(iv) a_x − a_y = 0.03, Δa = −0.015,W60,49,0.711946,-0.041237,-0.045914,0.004677,0.0167,0.001326,0.008146,0.000795,0.001029
(iv) a_x − a_y = 0.03, Δa = −0.015,global (run-level prediction),49,1.111916,-0.067099,0.000000,-0.067099,0.0001,-0.076282,-0.058446,nan,nan
(iv) a_x − a_y = 0.03, Δa = −0.015,global (period-level prediction),49,1.111916,-0.067099,-0.074162,0.007063,0.0331,0.001739,0.012695,nan,nan
(iv) a_x − a_y = 0.03, Δa = −0.015,W60,50,0.711587,-0.039003,-0.043798,0.004795,0.0762,0.000523,0.009346,-0.000728,0.001329
(iv) a_x − a_y = 0.03, Δa = −0.015,global (run-level prediction),50,1.112230,-0.066119,-0.000000,-0.066119,0.0001,-0.078577,-0.054151,nan,nan
(iv) a_x − a_y = 0.03, Δa = −0.015,global (period-level prediction),50,1.112230,-0.066119,-0.072885,0.006767,0.1603,-0.001804,0.014876,nan,nan
