# partB21_inference_revision.py; one row per quantity; git=d5a65bd
group,label,set,field,source,quoted_at,n,mean,committed_mean,check,p_exact,committed_p,p_tol,pct_lo,pct_hi,inv_lo,inv_hi,t_lo,t_hi,width_ratio,zero_in_pct,zero_in_inv,zero_in_t,n_neg,grid_violations,note
pickle,CCS sts ts_gsr W60,primary,did,notes/review_results/inference_rows_ccs.pkl,,14,0.0036221440272097387,0.0036221440272097387,ok,0.0843505859375,0.0843505859375,1e-09,-6.10067079716513e-05,0.007172591568111523,-0.0005816477839693294,0.007802775002386143,-0.0005494087503949479,0.007793696804814425,1.159094335398377,yes,yes,yes,4,0,
pickle,CCS sts ts_gsr W60,sensitivity,did,notes/review_results/inference_rows_ccs.pkl,,14,0.003807208801796595,0.003807208801796595,ok,0.0516357421875,0.0516357421875,1e-09,0.000452679523988025,0.007084025247149835,-4.307810462044876e-05,0.0076699560159327294,-1.2677250014653946e-05,0.007627094853607844,1.1631174790982879,no,yes,yes,4,0,
pickle,CCS sts ts_gsr W60,early,did,notes/review_results/inference_rows_ccs.pkl,,14,0.0038314701541320466,0.0038314701541320466,ok,0.0966796875,0.0966796875,1e-09,-0.0002360698440705062,0.007992487387038545,-0.0008380463286305894,0.008552228114458636,-0.0008377746830130926,0.008500714991277185,1.1411811547701416,yes,yes,yes,5,0,
pickle,CCS sts ts_gsr W60,late,did,notes/review_results/inference_rows_ccs.pkl,,14,0.003454683125671893,0.003454683125671893,ok,0.13671875,0.13671875,1e-09,-0.0007730939014373232,0.0074920649132544405,-0.0012526671284012862,0.008101791033281817,-0.0012259138331171,0.008135280084460886,1.131794121736058,yes,yes,yes,3,0,
pickle,CCS sts ts_gsr W60,trend_a_placebo_line,did,notes/review_results/inference_rows_ccs.pkl,,14,0.003305886434303496,0.003305886434303496,ok,0.068359375,0.068359375,1e-09,0.0002611326258150698,0.006481516954410018,-0.0002556434939430395,0.006874029072353275,-0.0002750225860884011,0.0068867954546953936,1.1461787873011948,no,yes,yes,3,0,
pickle,CCS sts ts_gsr W60,trend_b_shared_slope,did,notes/review_results/inference_rows_ccs.pkl,,14,0.003316545159947817,0.003316545159947817,ok,0.030029296875,0.030029296875,1e-09,0.0007780084973077943,0.00602047371462502,0.00034062655725159227,0.00631978184854264,0.0003254419090842815,0.006307648410811353,1.14052359785628,no,no,no,4,0,
pickle,CCS xtx+yty ts_gsr W60,primary,did,notes/review_results/inference_rows_ccs.pkl,,14,-0.09091291005161249,-0.09091291005161249,ok,0.0048828125,0.0048828125,1e-09,-0.14405480124858025,-0.039985173376200236,-0.15084063904390616,-0.032808306726511416,-0.1509752484146969,-0.030850571688528103,1.1341669489021053,no,no,no,12,0,
pickle,CCS xtx+yty ts_gsr W60,sensitivity,did,notes/review_results/inference_rows_ccs.pkl,,14,-0.08114566521250413,-0.08114566521250413,ok,0.009521484375,0.009521484375,1e-09,-0.13373536493281032,-0.029300258442048647,-0.14058388450317388,-0.023166484072564643,-0.14083609667373745,-0.021455233751270814,1.124309673021648,no,no,no,12,0,
pickle,CCS xtx+yty ts_gsr W60,early,did,notes/review_results/inference_rows_ccs.pkl,,14,-0.11285341767301992,-0.11285341767301992,ok,0.001220703125,0.001220703125,1e-09,-0.16511992150687288,-0.06286186638164581,-0.1724365712643634,-0.05331296393750199,-0.17244592821585997,-0.053260907130179856,1.1649312827334775,no,no,no,12,0,
pickle,CCS xtx+yty ts_gsr W60,late,did,notes/review_results/inference_rows_ccs.pkl,,14,-0.07336050395448661,-0.07336050395448661,ok,0.0333251953125,0.0333251953125,1e-09,-0.1325973740448741,-0.013684069968695091,-0.14088385044753968,-0.006716897114788293,-0.14146295232287587,-0.005258055586097349,1.1282753799087148,no,no,no,10,0,
pickle,CCS xtx+yty ts_gsr W60,trend_a_placebo_line,did,notes/review_results/inference_rows_ccs.pkl,,14,-0.10050562456342657,-0.10050562456342657,ok,0.002197265625,0.002197265625,1e-09,-0.1529777654465385,-0.05135487886837235,-0.1569126010532524,-0.04460830594551391,-0.15774249938219498,-0.04326874974465818,1.1051082968535482,no,no,no,13,0,
pickle,CCS xtx+yty ts_gsr W60,trend_b_shared_slope,did,notes/review_results/inference_rows_ccs.pkl,,14,-0.1107638619187071,-0.1107638619187071,ok,0.0008544921875,0.0008544921875,1e-09,-0.16090260472080875,-0.06498465247410101,-0.16454876540512814,-0.05680030869197607,-0.16512397179605287,-0.056403752041361346,1.1233398356547004,no,no,no,13,0,
pickle,CCS rtr ts_gsr W60,primary,did,notes/review_results/inference_rows_ccs.pkl,,14,-0.01240827199024712,-0.01240827199024712,ok,0.0325927734375,0.0325927734375,1e-09,-0.021450405850468438,-0.0027530482992385464,-0.023519447239078974,-0.0012935367146780152,-0.02336276242581349,-0.0014537815546807505,1.1887193398052636,no,no,no,10,0,
pickle,CCS rtr ts_gsr W60,sensitivity,did,notes/review_results/inference_rows_ccs.pkl,,14,-0.011469388978984899,-0.011469388978984899,ok,0.041259765625,0.041259765625,1e-09,-0.020504382413280675,-0.0018939780267475284,-0.02246059810005145,-0.0005592754865340726,-0.022180503941609114,-0.0007582740163606817,1.176832171866486,no,no,no,10,0,
pickle,CCS rtr ts_gsr W60,early,did,notes/review_results/inference_rows_ccs.pkl,,14,-0.020687285323152255,-0.020687285323152255,ok,0.0009765625,0.0009765625,1e-09,-0.028905396401193908,-0.012320249246274494,-0.03023528151214186,-0.011207668469306806,-0.0301607992803643,-0.01121377136594021,1.1472682675107388,no,no,no,12,0,
pickle,CCS rtr ts_gsr W60,late,did,notes/review_results/inference_rows_ccs.pkl,,14,-0.0057850613239230145,-0.0057850613239230145,ok,0.35009765625,0.35009765625,1e-09,-0.016792677819636767,0.006346012361078258,-0.01916435801709662,0.007482718992642024,-0.018902092905393145,0.007331970257547116,1.1516242622906843,yes,yes,yes,9,0,
pickle,CCS rtr ts_gsr W60,trend_a_placebo_line,did,notes/review_results/inference_rows_ccs.pkl,,14,-0.011982881549980205,-0.011982881549980205,ok,0.03857421875,0.03857421875,1e-09,-0.021520487776413185,-0.0022079511655635244,-0.02318825932046544,-0.000747315893283973,-0.023101372724207266,-0.0008643903757531417,1.161988395381179,no,no,no,9,0,
pickle,CCS rtr ts_gsr W60,trend_b_shared_slope,did,notes/review_results/inference_rows_ccs.pkl,,14,-0.016077422103520915,-0.016077422103520915,ok,0.00537109375,0.00537109375,1e-09,-0.024692676933376276,-0.007134322974892208,-0.026074056662438942,-0.006020756151877707,-0.02604653266311567,-0.0061083115439261575,1.142094558406577,no,no,no,12,0,
pickle,CCS sts ts_gsr global-bins,primary,did,notes/review_results/inference_rows_ccs.pkl,,14,0.02101053861189865,0.02101053861189865,ok,0.0001220703125,0.0001220703125,1e-09,0.015373492610931504,0.026961645575813663,0.014421668522487645,0.027674153596414574,0.014382919208880112,0.027638158014917185,1.1436235881670287,no,no,no,0,0,
pickle,CCS sts ts_gsr global-bins,sensitivity,did,notes/review_results/inference_rows_ccs.pkl,,14,0.020465821745743854,0.020465821745743854,ok,0.0001220703125,0.0001220703125,1e-09,0.014955648195783966,0.026356168616038567,0.013963128370169333,0.02705261051702114,0.01390298189184926,0.02702866159963845,1.148147774341646,no,no,no,0,0,
pickle,CCS sts ts_gsr global-bins,early,did,notes/review_results/inference_rows_ccs.pkl,,14,0.0199062475056138,0.0199062475056138,ok,0.0001220703125,0.0001220703125,1e-09,0.01443048154431242,0.025778969910238026,0.013464247873988366,0.026592655935179024,0.01332962726710496,0.02648286774412264,1.156842007311683,no,no,no,0,0,
pickle,CCS sts ts_gsr global-bins,late,did,notes/review_results/inference_rows_ccs.pkl,,14,0.02189397149692653,0.02189397149692653,ok,0.000244140625,0.000244140625,1e-09,0.015205970965703993,0.028663509975020318,0.014343499802170562,0.02949216571661252,0.014342735732526934,0.029445207261326125,1.1256639051133277,no,no,no,1,0,
pickle,CCS sts ts_gsr global-bins,trend_a_placebo_line,did,notes/review_results/inference_rows_ccs.pkl,,14,0.024219612582023348,0.024219612582023348,ok,0.0001220703125,0.0001220703125,1e-09,0.018034355867412692,0.03033114428038622,0.017228259110917594,0.031210640246274228,0.017239256996372083,0.031199968167674612,1.1370758498702598,no,no,no,0,0,
pickle,CCS sts ts_gsr global-bins,trend_b_shared_slope,did,notes/review_results/inference_rows_ccs.pkl,,14,0.024164653587483688,0.024164653587483688,ok,0.0001220703125,0.0001220703125,1e-09,0.01815486742091859,0.030198416750457292,0.017279465413275824,0.03114582132741997,0.017214803548271734,0.03111450362669564,1.1513512781597302,no,no,no,0,0,
pickle,CCS xtx+yty ts_gsr global-bins,primary,did,notes/review_results/inference_rows_ccs.pkl,,14,-0.08071163618226825,-0.08071163618226825,ok,0.0201416015625,0.0201416015625,1e-09,-0.14242580316503073,-0.021498425934466,-0.14884331814424834,-0.013328954901108065,-0.14973473791538516,-0.011688534449151328,1.1206260017097984,no,no,no,13,0,
pickle,CCS xtx+yty ts_gsr global-bins,sensitivity,did,notes/review_results/inference_rows_ccs.pkl,,14,-0.07823513489801084,-0.07823513489801084,ok,0.023193359375,0.023193359375,1e-09,-0.14010529163403923,-0.019323431056530446,-0.14589914378565738,-0.01147083163374893,-0.14660092233016303,-0.009869347465858672,1.1129842801655006,no,no,no,13,0,
pickle,CCS xtx+yty ts_gsr global-bins,early,did,notes/review_results/inference_rows_ccs.pkl,,14,-0.10380436104184057,-0.10380436104184057,ok,0.0018310546875,0.0018310546875,1e-09,-0.16022281382505174,-0.05231516261537991,-0.16548597438460483,-0.043979933564625706,-0.16528609686902784,-0.04232262521465329,1.1260187712165535,no,no,no,13,0,
pickle,CCS xtx+yty ts_gsr global-bins,late,did,notes/review_results/inference_rows_ccs.pkl,,14,-0.062237456294610305,-0.062237456294610305,ok,0.120849609375,0.120849609375,1e-09,-0.13434367147359885,0.010236579933350132,-0.1421898847724487,0.01779496276320051,-0.1433189788865742,0.018844066297353565,1.1065470282337593,yes,yes,yes,11,0,
pickle,CCS xtx+yty ts_gsr global-bins,trend_a_placebo_line,did,notes/review_results/inference_rows_ccs.pkl,,14,-0.08287114289002119,-0.08287114289002119,ok,0.018798828125,0.018798828125,1e-09,-0.1429625825002793,-0.023231192344133456,-0.15022783639355342,-0.01520787117117343,-0.15164077729813244,-0.014101508481909941,1.1276906168574157,no,no,no,12,0,
pickle,CCS xtx+yty ts_gsr global-bins,trend_b_shared_slope,did,notes/review_results/inference_rows_ccs.pkl,,14,-0.09631900407464877,-0.09631900407464877,ok,0.0050048828125,0.0050048828125,1e-09,-0.15420146326778322,-0.041387455824546435,-0.15976132291884165,-0.034129691945050944,-0.16054467846545323,-0.032093329683844304,1.1136173053421863,no,no,no,13,0,
pickle,CCS rtr ts_gsr global-bins,primary,did,notes/review_results/inference_rows_ccs.pkl,,14,-0.02231198235272839,-0.02231198235272839,ok,0.0006103515625,0.0006103515625,1e-09,-0.031773977986574775,-0.012798377632924664,-0.033281450437037424,-0.011329777680873183,-0.03319653204813622,-0.011427432657320559,1.1568367981538807,no,no,no,13,0,
pickle,CCS rtr ts_gsr global-bins,sensitivity,did,notes/review_results/inference_rows_ccs.pkl,,14,-0.022155339130729954,-0.022155339130729954,ok,0.0006103515625,0.0006103515625,1e-09,-0.031614045263841886,-0.012962814540438348,-0.03297187948077854,-0.011343613710743019,-0.03288022816688227,-0.011430450094577643,1.1596160109100149,no,no,no,13,0,
pickle,CCS rtr ts_gsr global-bins,early,did,notes/review_results/inference_rows_ccs.pkl,,14,-0.026976474389873505,-0.026976474389873505,ok,0.000244140625,0.000244140625,1e-09,-0.034265831048326874,-0.019564589811003508,-0.03545003425641415,-0.018377305904349384,-0.0355058549670361,-0.01844709381271091,1.16131203321259,no,no,no,13,0,
pickle,CCS rtr ts_gsr global-bins,late,did,notes/review_results/inference_rows_ccs.pkl,,14,-0.018580388723012296,-0.018580388723012296,ok,0.011962890625,0.011962890625,1e-09,-0.029998707219801742,-0.007053435873850783,-0.03182996123585595,-0.005288735581289495,-0.031847062197614726,-0.005313715248409866,1.156718752827042,no,no,no,11,0,
pickle,CCS rtr ts_gsr global-bins,trend_a_placebo_line,did,notes/review_results/inference_rows_ccs.pkl,,14,-0.02461336258792007,-0.02461336258792007,ok,0.000732421875,0.000732421875,1e-09,-0.03489462009528928,-0.014660366896244113,-0.036246042536723255,-0.013025014596209576,-0.03614669875647933,-0.01308002641936081,1.147609833290485,no,no,no,12,0,
pickle,CCS rtr ts_gsr global-bins,trend_b_shared_slope,did,notes/review_results/inference_rows_ccs.pkl,,14,-0.027758429517563275,-0.027758429517563275,ok,0.0003662109375,0.0003662109375,1e-09,-0.0373231644969878,-0.018517762756980517,-0.03864531971565896,-0.01684317936865236,-0.03861893684496872,-0.01689792219015783,1.1593552027460254,no,no,no,13,0,
pickle,CCS sts ts_demean W60,primary,did,notes/review_results/inference_rows_ccs.pkl,,14,0.013371194608144375,0.013371194608144375,ok,0.0052490234375,0.0052490234375,1e-09,0.005618461641761496,0.02211445614505779,0.0038812936999671793,0.02309102324749826,0.0037429384584632755,0.022999450757825474,1.1645087262663987,no,no,no,3,0,
pickle,CCS sts ts_demean W60,sensitivity,did,notes/review_results/inference_rows_ccs.pkl,,14,0.011979314521072638,0.011979314521072638,ok,0.0064697265625,0.0064697265625,1e-09,0.004592910829554386,0.020363003911255586,0.0031634143320694312,0.021096693761212038,0.0029725104190991437,0.020986118623046134,1.1371701699054304,no,no,no,3,0,
pickle,CCS sts ts_demean W60,early,did,notes/review_results/inference_rows_ccs.pkl,,14,0.010232770503466371,0.010232770503466371,ok,0.015869140625,0.015869140625,1e-09,0.003121392286638667,0.017439106561791373,0.0020615697247318705,0.018456294729965503,0.002047805215376286,0.018417735791556457,1.1450658038123738,no,no,no,2,0,
pickle,CCS sts ts_demean W60,late,did,notes/review_results/inference_rows_ccs.pkl,,14,0.015881933891886777,0.015881933891886777,ok,0.010009765625,0.010009765625,1e-09,0.0058394658547252145,0.027435195403599608,0.0034682470781033812,0.02839005206138836,0.0035529335718425484,0.028210934211931007,1.1540154235995213,no,no,no,3,0,
pickle,CCS sts ts_demean W60,trend_a_placebo_line,did,notes/review_results/inference_rows_ccs.pkl,,14,0.011538715172435664,0.011538715172435664,ok,0.00927734375,0.00927734375,1e-09,0.0042684071322571186,0.01942457418287872,0.002925984819567809,0.020378238065431625,0.0027674686306879814,0.020309961714183346,1.1514951760279026,no,no,no,3,0,
pickle,CCS sts ts_demean W60,trend_b_shared_slope,did,notes/review_results/inference_rows_ccs.pkl,,14,0.00899861163419305,0.00899861163419305,ok,0.0218505859375,0.0218505859375,1e-09,0.0026019929024411067,0.016001770355497692,0.0012656100675591366,0.016778461182971355,0.0011808614194593423,0.016816361848926757,1.1576946833451796,no,no,no,2,0,
pickle,CCS xtx+yty ts_demean W60,primary,did,notes/review_results/inference_rows_ccs.pkl,,14,-0.13050406925450778,-0.13050406925450778,ok,0.0018310546875,0.0018310546875,1e-09,-0.18757525417643456,-0.07278356356287818,-0.19617222142662,-0.06419108569908702,-0.19642363373006533,-0.06458450477895021,1.1497446811881575,no,no,no,13,0,
pickle,CCS xtx+yty ts_demean W60,sensitivity,did,notes/review_results/inference_rows_ccs.pkl,,14,-0.11567493737454804,-0.11567493737454804,ok,0.00244140625,0.00244140625,1e-09,-0.16984485534590812,-0.058123142437177824,-0.17934095302783787,-0.05129946386540851,-0.17941454911335536,-0.05193532563574073,1.1460752420349238,no,no,no,12,0,
pickle,CCS xtx+yty ts_demean W60,early,did,notes/review_results/inference_rows_ccs.pkl,,14,-0.1392044616043437,-0.1392044616043437,ok,0.0006103515625,0.0006103515625,1e-09,-0.1898709435510599,-0.08674990938797343,-0.19821673131870726,-0.07934238756607154,-0.19848029713663184,-0.07992862607205553,1.152765240548648,no,no,no,13,0,
pickle,CCS xtx+yty ts_demean W60,late,did,notes/review_results/inference_rows_ccs.pkl,,14,-0.123543755374639,-0.123543755374639,ok,0.006591796875,0.006591796875,1e-09,-0.19333097058980808,-0.052301157477896244,-0.20528213698452402,-0.042703934434427174,-0.20382872895295276,-0.04325878179632525,1.1527931503467685,no,no,no,11,0,
pickle,CCS xtx+yty ts_demean W60,trend_a_placebo_line,did,notes/review_results/inference_rows_ccs.pkl,,14,-0.14003933819973588,-0.14003933819973588,ok,0.0013427734375,0.0013427734375,1e-09,-0.202709067714135,-0.0782845650787224,-0.20991444283020338,-0.06942152507441023,-0.21013088286811443,-0.06994779353135731,1.1291418874903125,no,no,no,13,0,
pickle,CCS xtx+yty ts_demean W60,trend_b_shared_slope,did,notes/review_results/inference_rows_ccs.pkl,,14,-0.14204623539256056,-0.14204623539256056,ok,0.001220703125,0.001220703125,1e-09,-0.2023345197772719,-0.08285510086428122,-0.20993871148728865,-0.07272196980170509,-0.21027657448862286,-0.07381589629649825,1.1484550471869122,no,no,no,13,0,
pickle,CCS rtr ts_demean W60,primary,did,notes/review_results/inference_rows_ccs.pkl,,14,0.004997235950505402,0.004997235950505402,ok,0.4976806640625,0.4976806640625,1e-09,-0.007942250927300961,0.019447347598130632,-0.01021875168833904,0.020652557234943372,-0.010423467385467757,0.020417939286478563,1.1271179785500691,yes,yes,yes,8,0,
pickle,CCS rtr ts_demean W60,sensitivity,did,notes/review_results/inference_rows_ccs.pkl,,14,0.006961462408566781,0.006961462408566781,ok,0.3916015625,0.3916015625,1e-09,-0.00532106884420285,0.02253287524302888,-0.007603398039144851,0.02297586380235614,-0.008701483959833342,0.022624408776966906,1.0978431544823324,yes,yes,yes,8,0,
pickle,CCS rtr ts_demean W60,early,did,notes/review_results/inference_rows_ccs.pkl,,14,-0.0005939093638320682,-0.0005939093638320682,ok,0.9522705078125,0.9522705078125,1e-09,-0.015342037772377236,0.017036256274220812,-0.017926060154335184,0.01844667217161518,-0.019484340586928273,0.018296521859264135,1.1233677806991198,yes,yes,yes,8,0,
pickle,CCS rtr ts_demean W60,late,did,notes/review_results/inference_rows_ccs.pkl,,14,0.009470152201975375,0.009470152201975375,ok,0.2525634765625,0.2525634765625,1e-09,-0.004812119194015561,0.024456529082694228,-0.006764397598570457,0.02630361179728776,-0.007270686610534189,0.026210991014484937,1.129809927784459,yes,yes,yes,5,0,
pickle,CCS rtr ts_demean W60,trend_a_placebo_line,did,notes/review_results/inference_rows_ccs.pkl,,14,0.006519551450339413,0.006519551450339413,ok,0.396484375,0.396484375,1e-09,-0.005304828587048007,0.020643725507536237,-0.007765354870840236,0.021741175596149298,-0.008547778434306444,0.021586881334985267,1.1371165560684509,yes,yes,yes,6,0,
pickle,CCS rtr ts_demean W60,trend_b_shared_slope,did,notes/review_results/inference_rows_ccs.pkl,,14,0.0029936490408656274,0.0029936490408656274,ok,0.658447265625,0.658447265625,1e-09,-0.008177973525112566,0.015956754416639393,-0.01079499190682626,0.016999302714675563,-0.010866724090192676,0.01685402217192393,1.151630740921632,yes,yes,yes,10,0,
pickle,CCS sts ts_demean global-bins,primary,did,notes/review_results/inference_rows_ccs.pkl,,14,0.032149055560726156,0.032149055560726156,ok,0.0001220703125,0.0001220703125,1e-09,0.02161231248900286,0.043107488951011755,0.019762495278541188,0.04471011630908161,0.019754123557383804,0.04454398756406851,1.160614851179913,no,no,no,0,0,
pickle,CCS sts ts_demean global-bins,sensitivity,did,notes/review_results/inference_rows_ccs.pkl,,14,0.03169897142426738,0.03169897142426738,ok,0.0001220703125,0.0001220703125,1e-09,0.021452536744197465,0.042786219234583894,0.019440238199135748,0.04413882946812054,0.019437228012230433,0.04396071483630432,1.157727517512023,no,no,no,0,0,
pickle,CCS sts ts_demean global-bins,early,did,notes/review_results/inference_rows_ccs.pkl,,14,0.029418484487962245,0.029418484487962245,ok,0.0001220703125,0.0001220703125,1e-09,0.02083161496463799,0.03859062774795044,0.019111154017723696,0.03988879993503439,0.019091391756681717,0.039745577219242774,1.1699775303295437,no,no,no,0,0,
pickle,CCS sts ts_demean global-bins,late,did,notes/review_results/inference_rows_ccs.pkl,,14,0.03433351241893729,0.03433351241893729,ok,0.0003662109375,0.0003662109375,1e-09,0.02129079297451459,0.04772986226120444,0.0190900906928395,0.04962418314262833,0.01920849488217591,0.049458529955698674,1.154885299429225,no,no,no,1,0,
pickle,CCS sts ts_demean global-bins,trend_a_placebo_line,did,notes/review_results/inference_rows_ccs.pkl,,14,0.0362224204169539,0.0362224204169539,ok,0.0001220703125,0.0001220703125,1e-09,0.024753290999525085,0.048488446376609526,0.02260903016503122,0.049871081652477625,0.022684922716503547,0.04975991811740425,1.1485937654222005,no,no,no,0,0,
pickle,CCS sts ts_demean global-bins,trend_b_shared_slope,did,notes/review_results/inference_rows_ccs.pkl,,14,0.0350363895668937,0.0350363895668937,ok,0.0001220703125,0.0001220703125,1e-09,0.024485454637523208,0.046374565052090866,0.022512944836836878,0.047678244805104755,0.022490944191813415,0.04758183494197399,1.149672119681933,no,no,no,0,0,
pickle,CCS xtx+yty ts_demean global-bins,primary,did,notes/review_results/inference_rows_ccs.pkl,,14,-0.1132564540727216,-0.1132564540727216,ok,0.0106201171875,0.0106201171875,1e-09,-0.1809835140419646,-0.042248572145909956,-0.19288944275181952,-0.0322368688800095,-0.19373206661123032,-0.03278084153421289,1.1579820604399496,no,no,no,12,0,
pickle,CCS xtx+yty ts_demean global-bins,sensitivity,did,notes/review_results/inference_rows_ccs.pkl,,14,-0.1099602877548862,-0.1099602877548862,ok,0.0125732421875,0.0125732421875,1e-09,-0.17787972719280434,-0.038908944930534026,-0.18863592757463288,-0.02988329228219162,-0.18957049035873208,-0.030350085151040304,1.1423454103671804,no,no,no,11,0,
pickle,CCS xtx+yty ts_demean global-bins,early,did,notes/review_results/inference_rows_ccs.pkl,,14,-0.12572785199150696,-0.12572785199150696,ok,0.00244140625,0.00244140625,1e-09,-0.18477112525001346,-0.06454003298328866,-0.1934604433638607,-0.05622959352856367,-0.19432746577994925,-0.05712823820306469,1.1413923574016893,no,no,no,12,0,
pickle,CCS xtx+yty ts_demean global-bins,late,did,notes/review_results/inference_rows_ccs.pkl,,14,-0.10327933573769332,-0.10327933573769332,ok,0.04052734375,0.04052734375,1e-09,-0.18655858914145057,-0.015657306035132396,-0.20040189500837352,-0.005121976956562347,-0.20074853229038414,-0.005810139185002519,1.1426474658492,no,no,no,11,0,
pickle,CCS xtx+yty ts_demean global-bins,trend_a_placebo_line,did,notes/review_results/inference_rows_ccs.pkl,,14,-0.11522188526140374,-0.11522188526140374,ok,0.01220703125,0.01220703125,1e-09,-0.18635997189872405,-0.04110451787366647,-0.1983578373925809,-0.030467797409669116,-0.19956969672828073,-0.030874073794526738,1.155826065945514,no,no,no,12,0,
pickle,CCS xtx+yty ts_demean global-bins,trend_b_shared_slope,did,notes/review_results/inference_rows_ccs.pkl,,14,-0.12395953120093609,-0.12395953120093609,ok,0.006591796875,0.006591796875,1e-09,-0.19562502528039,-0.05108318224105061,-0.20549411375046922,-0.04075852271995313,-0.20649756576721784,-0.041421496634654345,1.1397086654393958,no,no,no,12,0,
pickle,CCS rtr ts_demean global-bins,primary,did,notes/review_results/inference_rows_ccs.pkl,,14,-0.018269483459071555,-0.018269483459071555,ok,0.0081787109375,0.0081787109375,1e-09,-0.03133695314688791,-0.007176699351276193,-0.03229131662318836,-0.0049238427883223305,-0.032075986091790125,-0.004462980826352983,1.1327477793232805,no,no,no,11,0,
pickle,CCS rtr ts_demean global-bins,sensitivity,did,notes/review_results/inference_rows_ccs.pkl,,14,-0.01722155930009351,-0.01722155930009351,ok,0.0128173828125,0.0128173828125,1e-09,-0.0303613240654522,-0.005905260243247034,-0.031229378104191283,-0.00377505117000244,-0.031077187599510753,-0.0033659310006762654,1.1225979427344055,no,no,no,10,0,
pickle,CCS rtr ts_demean global-bins,early,did,notes/review_results/inference_rows_ccs.pkl,,14,-0.022271984951246254,-0.022271984951246254,ok,0.004638671875,0.004638671875,1e-09,-0.03379384704985529,-0.010588300384124835,-0.03592687817826119,-0.008662775798496176,-0.03580633220658318,-0.008737637695909333,1.1748959321017922,no,no,no,10,0,
pickle,CCS rtr ts_demean global-bins,late,did,notes/review_results/inference_rows_ccs.pkl,,14,-0.015067482265331781,-0.015067482265331781,ok,0.0732421875,0.0732421875,1e-09,-0.030969160900904107,-0.0012694774769208346,-0.03218015100008771,0.0013573453237488854,-0.03194663461177337,0.0018116700811098077,1.1292206669366107,no,yes,yes,10,0,
pickle,CCS rtr ts_demean global-bins,trend_a_placebo_line,did,notes/review_results/inference_rows_ccs.pkl,,14,-0.0209403409778769,-0.0209403409778769,ok,0.002197265625,0.002197265625,1e-09,-0.033983552220387646,-0.009704525107583736,-0.03526603885571046,-0.007372256043904948,-0.03499584638406589,-0.006884835571687913,1.1488838775214063,no,no,no,11,0,
pickle,CCS rtr ts_demean global-bins,trend_b_shared_slope,did,notes/review_results/inference_rows_ccs.pkl,,14,-0.024386067290170347,-0.024386067290170347,ok,0.0006103515625,0.0006103515625,1e-09,-0.03688155712726967,-0.013327597784130174,-0.03815289357376432,-0.011068111827637946,-0.03791725393939336,-0.010854880640947336,1.1499035619255789,no,no,no,12,0,
pickle,CCSpub sts ts_gsr W60,primary,did,notes/review_results/inference_rows_ccs_pub.pkl,,14,0.004378264941685652,0.004378264941685652,ok,0.055908203125,0.055908203125,1e-09,0.0003615164521787776,0.008128478677886209,-0.00012230471225737325,0.008820314846644991,-0.00012174718434700051,0.008878277067718304,1.151366428602381,no,yes,yes,3,0,
pickle,CCSpub sts ts_gsr W60,sensitivity,did,notes/review_results/inference_rows_ccs_pub.pkl,,14,0.004481097550647922,0.004481097550647922,ok,0.03564453125,0.03564453125,1e-09,0.0007892176585406001,0.00800019174472235,0.0003474284650643299,0.008580750107842835,0.00035612784922387994,0.008606067252071964,1.1417766232936353,no,no,no,3,0,
pickle,CCSpub sts ts_gsr W60,early,did,notes/review_results/inference_rows_ccs_pub.pkl,,14,0.005189463666564374,0.005189463666564374,ok,0.031982421875,0.031982421875,1e-09,0.0010940975510633207,0.009272143854317856,0.0005242297131897637,0.00990140405114004,0.0005253294298619817,0.009853597903266766,1.1466276895764866,no,no,no,3,0,
pickle,CCSpub sts ts_gsr W60,late,did,notes/review_results/inference_rows_ccs_pub.pkl,,14,0.0037293059617826744,0.0037293059617826744,ok,0.1505126953125,0.1505126953125,1e-09,-0.0010765746417977621,0.008176110810076553,-0.0015575191671455902,0.00893755415895067,-0.0015401851903889302,0.00899879711395428,1.1342732205351556,yes,yes,yes,4,0,
pickle,CCSpub sts ts_gsr W60,trend_a_placebo_line,did,notes/review_results/inference_rows_ccs_pub.pkl,,14,0.00406117728796529,0.00406117728796529,ok,0.048583984375,0.048583984375,1e-09,0.0006114096051308061,0.007634829133864231,2.7995098062281083e-05,0.008069515827353322,2.6281738896157328e-05,0.008096072837034422,1.1449580501908614,no,no,no,3,0,
pickle,CCSpub sts ts_gsr W60,trend_b_shared_slope,did,notes/review_results/inference_rows_ccs_pub.pkl,,14,0.004416718766008172,0.004416718766008172,ok,0.0107421875,0.0107421875,1e-09,0.001562595768331798,0.007396779116569824,0.0011141415917634838,0.00775751561854154,0.001092288472705138,0.007741149059311206,1.1386981913731615,no,no,no,2,0,
pickle,CCSpub xtx+yty ts_gsr W60,primary,did,notes/review_results/inference_rows_ccs_pub.pkl,,14,-0.08940066822266055,-0.08940066822266055,ok,0.0054931640625,0.0054931640625,1e-09,-0.143055946344314,-0.0382434173326785,-0.14975131289567334,-0.030917775505312144,-0.14974779310867412,-0.02905354333664697,1.1337722551964105,no,no,no,12,0,
pickle,CCSpub xtx+yty ts_gsr W60,sensitivity,did,notes/review_results/inference_rows_ccs_pub.pkl,,14,-0.07979788771480158,-0.07979788771480158,ok,0.0106201171875,0.0106201171875,1e-09,-0.13272013490961468,-0.027708300499975774,-0.13950516595505946,-0.021965185472756592,-0.13967301601474935,-0.019922759414853816,1.1193022304875957,no,no,no,12,0,
pickle,CCSpub xtx+yty ts_gsr W60,early,did,notes/review_results/inference_rows_ccs_pub.pkl,,14,-0.11013743064815515,-0.11013743064815515,ok,0.0015869140625,0.0015869140625,1e-09,-0.16314782505173872,-0.059235765798022096,-0.17096765518848805,-0.04922219503116432,-0.17089264282765398,-0.049382218468656314,1.1716201279397631,no,no,no,12,0,
pickle,CCSpub xtx+yty ts_gsr W60,late,did,notes/review_results/inference_rows_ccs_pub.pkl,,14,-0.07281125828226487,-0.07281125828226487,ok,0.0333251953125,0.0333251953125,1e-09,-0.1320585613348323,-0.01363071584215738,-0.140098977836337,-0.006479404711041923,-0.1405819746772265,-0.0050405418873032265,1.1282783417144902,no,no,no,10,0,
pickle,CCSpub xtx+yty ts_gsr W60,trend_a_placebo_line,did,notes/review_results/inference_rows_ccs_pub.pkl,,14,-0.09899504285610253,-0.09899504285610253,ok,0.0023193359375,0.0023193359375,1e-09,-0.15208937168999387,-0.049997901802325564,-0.15561817612233925,-0.04272532589529822,-0.1563822797282587,-0.04160780598394637,1.10580100718755,no,no,no,13,0,
pickle,CCSpub xtx+yty ts_gsr W60,trend_b_shared_slope,did,notes/review_results/inference_rows_ccs_pub.pkl,,14,-0.10856351470658607,-0.10856351470658607,ok,0.0009765625,0.0009765625,1e-09,-0.15892452029459145,-0.06257132958698644,-0.16297327720439836,-0.05403710628226302,-0.1632878681459313,-0.05383916126724084,1.1305922525463101,no,no,no,13,0,
pickle,CCSpub rtr ts_gsr W60,primary,did,notes/review_results/inference_rows_ccs_pub.pkl,,14,-0.011652151075771208,-0.011652151075771208,ok,0.029541015625,0.029541015625,1e-09,-0.019998711553848292,-0.002760338947662145,-0.021827436040830067,-0.0014080465494349566,-0.021750031249009375,-0.0015542709025330413,1.184531159517194,no,no,no,10,0,
pickle,CCSpub rtr ts_gsr W60,sensitivity,did,notes/review_results/inference_rows_ccs_pub.pkl,,14,-0.010795500230133556,-0.010795500230133556,ok,0.037353515625,0.037353515625,1e-09,-0.019164000263058725,-0.001974851148009111,-0.020832739582914185,-0.0008154536561050973,-0.020636077953097652,-0.0009549225071694579,1.1645303553323274,no,no,no,10,0,
pickle,CCSpub rtr ts_gsr W60,early,did,notes/review_results/inference_rows_ccs_pub.pkl,,14,-0.0193292918107199,-0.0193292918107199,ok,0.0006103515625,0.0006103515625,1e-09,-0.02676090537930663,-0.011783521276489196,-0.027931764329366823,-0.010741132132739833,-0.027889949020410847,-0.010768634601028951,1.1477726736936136,no,no,no,13,0,
pickle,CCSpub rtr ts_gsr W60,late,did,notes/review_results/inference_rows_ccs_pub.pkl,,14,-0.005510438487812253,-0.005510438487812253,ok,0.3385009765625,0.3385009765625,1e-09,-0.015786669075217773,0.005745668700917641,-0.017880019929261318,0.00681749021105716,-0.01768571215078341,0.006664835175158903,1.1469962247987335,yes,yes,yes,9,0,
pickle,CCSpub rtr ts_gsr W60,trend_a_placebo_line,did,notes/review_results/inference_rows_ccs_pub.pkl,,14,-0.011227590696318474,-0.011227590696318474,ok,0.0362548828125,0.0362548828125,1e-09,-0.02009359465855026,-0.002268254255118161,-0.02156110829834873,-0.0008220364274485423,-0.02151119303496364,-0.0009439883576733057,1.163460074339286,no,no,no,9,0,
pickle,CCSpub rtr ts_gsr W60,trend_b_shared_slope,did,notes/review_results/inference_rows_ccs_pub.pkl,,14,-0.014977248497460613,-0.014977248497460613,ok,0.00537109375,0.00537109375,1e-09,-0.022941233847413253,-0.006714367550439559,-0.02426241000443207,-0.005723406650278726,-0.024213274698614562,-0.005741222296306662,1.142488205354281,no,no,no,12,0,
pickle,CCSpub sts ts_gsr global-bins,primary,did,notes/review_results/inference_rows_ccs_pub.pkl,,14,0.019654192537662738,0.019654192537662738,ok,0.000244140625,0.000244140625,1e-09,0.01421679168270517,0.02541203246016066,0.013277801028347677,0.02608459655113092,0.013228047777610183,0.026080337297715292,1.143949985298488,no,no,no,1,0,
pickle,CCSpub sts ts_gsr global-bins,sensitivity,did,notes/review_results/inference_rows_ccs_pub.pkl,,14,0.019117276946620018,0.019117276946620018,ok,0.0001220703125,0.0001220703125,1e-09,0.013763164117102968,0.024832414908853198,0.01286043251798472,0.025497439917030372,0.012775987513803396,0.025458566379436637,1.1416316819259213,no,no,no,0,0,
pickle,CCSpub sts ts_gsr global-bins,early,did,notes/review_results/inference_rows_ccs_pub.pkl,,14,0.018417708959191266,0.018417708959191266,ok,0.0001220703125,0.0001220703125,1e-09,0.012886498333902393,0.024462010186501973,0.011898391413742784,0.025192296643907833,0.011736794926226701,0.02509862299215583,1.1484507466665121,no,no,no,0,0,
pickle,CCSpub sts ts_gsr global-bins,late,did,notes/review_results/inference_rows_ccs_pub.pkl,,14,0.02064337940043991,0.02064337940043991,ok,0.000244140625,0.000244140625,1e-09,0.014253891465289856,0.027002987067979763,0.013459864142930732,0.02782639220724919,0.013516655281009097,0.027770103519870724,1.1268664470040755,no,no,no,1,0,
pickle,CCSpub sts ts_gsr global-bins,trend_a_placebo_line,did,notes/review_results/inference_rows_ccs_pub.pkl,,14,0.022652247416668537,0.022652247416668537,ok,0.0001220703125,0.0001220703125,1e-09,0.016814684944867486,0.028395685200625815,0.016019046098801344,0.029296413876205074,0.016020076765492625,0.02928441806784445,1.1464784979002076,no,no,no,0,0,
pickle,CCSpub sts ts_gsr global-bins,trend_b_shared_slope,did,notes/review_results/inference_rows_ccs_pub.pkl,,14,0.022442636356327615,0.022442636356327615,ok,0.0001220703125,0.0001220703125,1e-09,0.016682191112769973,0.028353938095219012,0.015880183504165382,0.029141916317235582,0.01577633479515264,0.02910893791750259,1.136225179744904,no,no,no,0,0,
pickle,CCSpub xtx+yty ts_gsr global-bins,primary,did,notes/review_results/inference_rows_ccs_pub.pkl,,14,-0.0834243283307405,-0.0834243283307405,ok,0.016357421875,0.016357421875,1e-09,-0.14507869227152492,-0.024508890009122368,-0.1512492494252913,-0.016458831861227582,-0.15215111187418284,-0.01469754478729815,1.1179450827223893,no,no,no,13,0,
pickle,CCSpub xtx+yty ts_gsr global-bins,sensitivity,did,notes/review_results/inference_rows_ccs_pub.pkl,,14,-0.08093222449625889,-0.08093222449625889,ok,0.0194091796875,0.0194091796875,1e-09,-0.1422999242897433,-0.02186167549614558,-0.1482874003587413,-0.014025573546585148,-0.14904521512288288,-0.012819233869634905,1.1147773083470245,no,no,no,13,0,
pickle,CCSpub xtx+yty ts_gsr global-bins,early,did,notes/review_results/inference_rows_ccs_pub.pkl,,14,-0.10678143813468613,-0.10678143813468613,ok,0.00146484375,0.00146484375,1e-09,-0.16226102496341108,-0.05606102282640748,-0.16754352959764307,-0.0478538310417535,-0.1673625838904634,-0.04620029237890885,1.1270216209740143,no,no,no,13,0,
pickle,CCSpub xtx+yty ts_gsr global-bins,late,did,notes/review_results/inference_rows_ccs_pub.pkl,,14,-0.06473864048758372,-0.06473864048758372,ok,0.108154296875,0.108154296875,1e-09,-0.13685864951273835,0.008015786278095844,-0.14496577707163644,0.015371091457173523,-0.14586999152312918,0.016392710547961736,1.1067298909815946,yes,yes,yes,11,0,
pickle,CCSpub xtx+yty ts_gsr global-bins,trend_a_placebo_line,did,notes/review_results/inference_rows_ccs_pub.pkl,,14,-0.08600587322073101,-0.08600587322073101,ok,0.0150146484375,0.0150146484375,1e-09,-0.14592388827751696,-0.026461381456454925,-0.1533984706052243,-0.018431173298563464,-0.1545648518739348,-0.017446894567527238,1.129787921735334,no,no,no,12,0,
pickle,CCSpub xtx+yty ts_gsr global-bins,trend_b_shared_slope,did,notes/review_results/inference_rows_ccs_pub.pkl,,14,-0.09976303853696124,-0.09976303853696124,ok,0.00390625,0.00390625,1e-09,-0.15739157427393696,-0.04522730278348187,-0.16302557150666766,-0.03771594422992873,-0.16367899103120365,-0.035847086042718815,1.1171973535922486,no,no,no,13,0,
pickle,CCSpub rtr ts_gsr global-bins,primary,did,notes/review_results/inference_rows_ccs_pub.pkl,,14,-0.02366832842696433,-0.02366832842696433,ok,0.0008544921875,0.0008544921875,1e-09,-0.03365365037644154,-0.013623001931352453,-0.035203929075924664,-0.012086623975618747,-0.03515301663612565,-0.012183640217803014,1.1540966915613553,no,no,no,13,0,
pickle,CCSpub rtr ts_gsr global-bins,sensitivity,did,notes/review_results/inference_rows_ccs_pub.pkl,,14,-0.02350388392985383,-0.02350388392985383,ok,0.0008544921875,0.0008544921875,1e-09,-0.033503475352836404,-0.013753555376215944,-0.034856309425970865,-0.012113450034545135,-0.03482678027973128,-0.012180987579976373,1.1515418502124692,no,no,no,13,0,
pickle,CCSpub rtr ts_gsr global-bins,early,did,notes/review_results/inference_rows_ccs_pub.pkl,,14,-0.02846501293629609,-0.02846501293629609,ok,0.000244140625,0.000244140625,1e-09,-0.03629627009085233,-0.02043757877379808,-0.037549462265546195,-0.019227616453770663,-0.03759560604405736,-0.019334419828534823,1.1553189002469852,no,no,no,13,0,
pickle,CCSpub rtr ts_gsr global-bins,late,did,notes/review_results/inference_rows_ccs_pub.pkl,,14,-0.01983098081949893,-0.01983098081949893,ok,0.0106201171875,0.0106201171875,1e-09,-0.031864397406104875,-0.007681133684356978,-0.03372222538275657,-0.005778071327275412,-0.03379454174187277,-0.00586741989712509,1.155516243671904,no,no,no,11,0,
pickle,CCSpub rtr ts_gsr global-bins,trend_a_placebo_line,did,notes/review_results/inference_rows_ccs_pub.pkl,,14,-0.026180727753274905,-0.026180727753274905,ok,0.000732421875,0.000732421875,1e-09,-0.03697703405086071,-0.01571739297110309,-0.038505441978559055,-0.013915906199222637,-0.03839183273390747,-0.01396962277264234,1.156629864402996,no,no,no,12,0,
pickle,CCSpub rtr ts_gsr global-bins,trend_b_shared_slope,did,notes/review_results/inference_rows_ccs_pub.pkl,,14,-0.029480446748719375,-0.029480446748719375,ok,0.0003662109375,0.0003662109375,1e-09,-0.03958065717284605,-0.019702368681707865,-0.0410176380627342,-0.017917851229368127,-0.040973152739174436,-0.017987740758264315,1.1620611524812132,no,no,no,13,0,
pickle,CCSpub sts ts_demean W60,primary,did,notes/review_results/inference_rows_ccs_pub.pkl,,14,0.011971799884567985,0.011971799884567985,ok,0.0040283203125,0.0040283203125,1e-09,0.005410563199933823,0.019195156051162846,0.0041233869855705225,0.0201080289578449,0.003896336306750438,0.020047263462385532,1.1596020386521029,no,no,no,3,0,
pickle,CCSpub sts ts_demean W60,sensitivity,did,notes/review_results/inference_rows_ccs_pub.pkl,,14,0.01069935558326031,0.01069935558326031,ok,0.0050048828125,0.0050048828125,1e-09,0.004354625589402713,0.0177271026529055,0.003321322092689195,0.018463679390143484,0.0030220785507525617,0.01837663261576806,1.1323524598731225,no,no,no,3,0,
pickle,CCSpub sts ts_demean W60,early,did,notes/review_results/inference_rows_ccs_pub.pkl,,14,0.009436855470835042,0.009436855470835042,ok,0.0086669921875,0.0086669921875,1e-09,0.0036335242204536575,0.015177972392863533,0.0028548443121651597,0.016030457399638598,0.0028390631188773188,0.016034647822792764,1.1412943166016276,no,no,no,2,0,
pickle,CCSpub sts ts_demean W60,late,did,notes/review_results/inference_rows_ccs_pub.pkl,,14,0.013999755415554338,0.013999755415554338,ok,0.00830078125,0.00830078125,1e-09,0.005318325490879755,0.02392514510226669,0.0034930677430412187,0.024841707988347957,0.0033503742218556776,0.024649136609252997,1.1473556841622667,no,no,no,3,0,
pickle,CCSpub sts ts_demean W60,trend_a_placebo_line,did,notes/review_results/inference_rows_ccs_pub.pkl,,14,0.010074746539020478,0.010074746539020478,ok,0.008056640625,0.008056640625,1e-09,0.0038631371579432505,0.016736495944056056,0.0028591697420896106,0.017517057354931212,0.0026566037275358367,0.01749288935050512,1.1386218512494086,no,no,no,2,0,
pickle,CCSpub sts ts_demean W60,trend_b_shared_slope,did,notes/review_results/inference_rows_ccs_pub.pkl,,14,0.007995122753552427,0.007995122753552427,ok,0.0145263671875,0.0145263671875,1e-09,0.0026050508165500526,0.013735334239510271,0.0016962990789703702,0.014402725882422817,0.0015259166257388553,0.014464328881366,1.1416085575359982,no,no,no,2,0,
pickle,CCSpub xtx+yty ts_demean W60,primary,did,notes/review_results/inference_rows_ccs_pub.pkl,,14,-0.1333028587016607,-0.1333028587016607,ok,0.001953125,0.001953125,1e-09,-0.19174990933379676,-0.07405052288922859,-0.20058433467205267,-0.06526728770527791,-0.20091091083860813,-0.06569480656471328,1.1496835374796437,no,no,no,13,0,
pickle,CCSpub xtx+yty ts_demean W60,sensitivity,did,notes/review_results/inference_rows_ccs_pub.pkl,,14,-0.11823485525017279,-0.11823485525017279,ok,0.0029296875,0.0029296875,1e-09,-0.17394425551049705,-0.05948327943852542,-0.1831351200028162,-0.05248538592117747,-0.18339891606272016,-0.05307079443762541,1.1414347366694462,no,no,no,12,0,
pickle,CCSpub xtx+yty ts_demean W60,early,did,notes/review_results/inference_rows_ccs_pub.pkl,,14,-0.14079629166960692,-0.14079629166960692,ok,0.0006103515625,0.0006103515625,1e-09,-0.19286550469884914,-0.0865526369263564,-0.2014192252791004,-0.07880878023359109,-0.2021459227947554,-0.07944666054445843,1.1532982564997967,no,no,no,13,0,
pickle,CCSpub xtx+yty ts_demean W60,late,did,notes/review_results/inference_rows_ccs_pub.pkl,,14,-0.12730811232730366,-0.12730811232730366,ok,0.00634765625,0.00634765625,1e-09,-0.19903493590011362,-0.05491871968498355,-0.2108978027533413,-0.0448809108213072,-0.20927880277924432,-0.04533742187536298,1.151965381079751,no,no,no,11,0,
pickle,CCSpub xtx+yty ts_demean W60,trend_a_placebo_line,did,notes/review_results/inference_rows_ccs_pub.pkl,,14,-0.14296727546656637,-0.14296727546656637,ok,0.0013427734375,0.0013427734375,1e-09,-0.20681097205729454,-0.07985639408751062,-0.21439237321756605,-0.07103053798232128,-0.21460691903993903,-0.07132763189319372,1.1292372242721793,no,no,no,13,0,
pickle,CCSpub xtx+yty ts_demean W60,trend_b_shared_slope,did,notes/review_results/inference_rows_ccs_pub.pkl,,14,-0.14405321315384184,-0.14405321315384184,ok,0.001220703125,0.001220703125,1e-09,-0.20541798648107912,-0.08351652582768339,-0.21377675396801288,-0.07292029507987935,-0.21386923962733118,-0.07423718668035251,1.1554944307733346,no,no,no,13,0,
pickle,CCSpub rtr ts_demean W60,primary,did,notes/review_results/inference_rows_ccs_pub.pkl,,14,0.003597841226929202,0.003597841226929202,ok,0.5797119140625,0.5797119140625,1e-09,-0.007896365671273475,0.016335730365058577,-0.009898502066781346,0.01742084054377907,-0.010067711262440061,0.017263393716298467,1.1274031998552476,yes,yes,yes,8,0,
pickle,CCSpub rtr ts_demean W60,sensitivity,did,notes/review_results/inference_rows_ccs_pub.pkl,,14,0.005681503470754662,0.005681503470754662,ok,0.44482421875,0.44482421875,1e-09,-0.005291688760533578,0.019626423011711098,-0.007369160285433897,0.01992652380486333,-0.008375722665927286,0.01973872960743661,1.095415428736492,yes,yes,yes,8,0,
pickle,CCSpub rtr ts_demean W60,early,did,notes/review_results/inference_rows_ccs_pub.pkl,,14,-0.0013898243964632182,-0.0013898243964632182,ok,0.874755859375,0.874755859375,1e-09,-0.014397245739681487,0.014114943424601158,-0.016666009615310406,0.015417280653675897,-0.018109342976758563,0.015329694183832128,1.125248225736984,yes,yes,yes,8,0,
pickle,CCSpub rtr ts_demean W60,late,did,notes/review_results/inference_rows_ccs_pub.pkl,,14,0.0075879737256431355,0.0075879737256431355,ok,0.30810546875,0.30810546875,1e-09,-0.0052192553758740835,0.021095057314836196,-0.007017323480477953,0.02269763446815066,-0.007448824700408483,0.022624772151694755,1.1292317719975586,yes,yes,yes,5,0,
pickle,CCSpub rtr ts_demean W60,trend_a_placebo_line,did,notes/review_results/inference_rows_ccs_pub.pkl,,14,0.005055582816924388,0.005055582816924388,ok,0.4696044921875,0.4696044921875,1e-09,-0.005646246255734384,0.01778274318789473,-0.00775785502389683,0.01871073647249659,-0.008503857196300472,0.01861502283014925,1.1297367972305286,yes,yes,yes,6,0,
pickle,CCSpub rtr ts_demean W60,trend_b_shared_slope,did,notes/review_results/inference_rows_ccs_pub.pkl,,14,0.0019901601602250987,0.0019901601602250987,ok,0.7408447265625,0.7408447265625,1e-09,-0.00793122308515408,0.013417109997473732,-0.01027327096057578,0.014552316338429823,-0.010347621001034741,0.014327941321484938,1.1628817670643992,yes,yes,yes,10,0,
pickle,CCSpub sts ts_demean global-bins,primary,did,notes/review_results/inference_rows_ccs_pub.pkl,,14,0.0355046966080018,0.0355046966080018,ok,0.0001220703125,0.0001220703125,1e-09,0.023129245626147817,0.04845877091373306,0.02075376890724246,0.05031975952323824,0.020898568264285326,0.05011082495171827,1.1672540357669852,no,no,no,0,0,
pickle,CCSpub sts ts_demean global-bins,sensitivity,did,notes/review_results/inference_rows_ccs_pub.pkl,,14,0.035068144499254585,0.035068144499254585,ok,0.0001220703125,0.0001220703125,1e-09,0.023095849953749834,0.04800976656918175,0.020424921410512747,0.04979106349544945,0.020563864493643776,0.04957242450486539,1.1787043578185146,no,no,no,0,0,
pickle,CCSpub sts ts_demean global-bins,early,did,notes/review_results/inference_rows_ccs_pub.pkl,,14,0.03262356698296318,0.03262356698296318,ok,0.0001220703125,0.0001220703125,1e-09,0.02246551608164929,0.043533253024216505,0.020230766226504607,0.04501210434650278,0.02042377567004006,0.04482335829588631,1.1762695816619797,no,no,no,0,0,
pickle,CCSpub sts ts_demean global-bins,late,did,notes/review_results/inference_rows_ccs_pub.pkl,,14,0.037809600308032695,0.037809600308032695,ok,0.000244140625,0.000244140625,1e-09,0.02320365439165407,0.052949381721682315,0.020497001350950467,0.05517601390078758,0.020637164191291905,0.054982036424773485,1.1658485322975691,no,no,no,1,0,
pickle,CCSpub sts ts_demean global-bins,trend_a_placebo_line,did,notes/review_results/inference_rows_ccs_pub.pkl,,14,0.038964560415209924,0.038964560415209924,ok,0.0001220703125,0.0001220703125,1e-09,0.025902302431747813,0.05283641752193173,0.023501476186183236,0.05464224399065459,0.02352736319877423,0.05440175763164562,1.1561830674667513,no,no,no,0,0,
pickle,CCSpub sts ts_demean global-bins,trend_b_shared_slope,did,notes/review_results/inference_rows_ccs_pub.pkl,,14,0.037562398979282985,0.037562398979282985,ok,0.0001220703125,0.0001220703125,1e-09,0.025758928916307527,0.050265627864042796,0.023431534117308882,0.05197731510885714,0.0233564429212177,0.051768355037348265,1.164815426689128,no,no,no,0,0,
pickle,CCSpub xtx+yty ts_demean global-bins,primary,did,notes/review_results/inference_rows_ccs_pub.pkl,,14,-0.10654517197816969,-0.10654517197816969,ok,0.010986328125,0.010986328125,1e-09,-0.17025806514230815,-0.03984773823070499,-0.18122007414117994,-0.030751390514135134,-0.18225335442270235,-0.030836989533637033,1.153809573140921,no,no,no,12,0,
pickle,CCSpub xtx+yty ts_demean global-bins,sensitivity,did,notes/review_results/inference_rows_ccs_pub.pkl,,14,-0.10322194160491129,-0.10322194160491129,ok,0.0123291015625,0.0123291015625,1e-09,-0.16784133911109483,-0.03663886914499966,-0.1766404587285877,-0.028243422820686495,-0.17802346101897087,-0.028420422190851682,1.131053675637733,no,no,no,12,0,
pickle,CCSpub xtx+yty ts_demean global-bins,early,did,notes/review_results/inference_rows_ccs_pub.pkl,,14,-0.11931768700150422,-0.11931768700150422,ok,0.002197265625,0.002197265625,1e-09,-0.1749860331729085,-0.06308985510174922,-0.18214689032217307,-0.054438467415362124,-0.18317144756480375,-0.05546392643820468,1.1413117508409985,no,no,no,13,0,
pickle,CCSpub xtx+yty ts_demean global-bins,late,did,notes/review_results/inference_rows_ccs_pub.pkl,,14,-0.09632715995950182,-0.09632715995950182,ok,0.04345703125,0.04345703125,1e-09,-0.17551191335101668,-0.012379493877657159,-0.18810016514437042,-0.003568252582571667,-0.18858987569011848,-0.004064444228885175,1.1311786655131042,no,no,no,11,0,
pickle,CCSpub xtx+yty ts_demean global-bins,trend_a_placebo_line,did,notes/review_results/inference_rows_ccs_pub.pkl,,14,-0.10973760526489121,-0.10973760526489121,ok,0.011962890625,0.011962890625,1e-09,-0.1780946133099029,-0.03893462448803172,-0.1888162674806671,-0.029943712844266168,-0.19008994689633113,-0.0293852636334513,1.1416539767027607,no,no,no,12,0,
pickle,CCSpub xtx+yty ts_demean global-bins,trend_b_shared_slope,did,notes/review_results/inference_rows_ccs_pub.pkl,,14,-0.11890751237615682,-0.11890751237615682,ok,0.0062255859375,0.0062255859375,1e-09,-0.18789328374044006,-0.049985426452498864,-0.19630422687157784,-0.04051325579058514,-0.19734206688439135,-0.04047295786792229,1.1296743647877359,no,no,no,12,0,
pickle,CCSpub rtr ts_demean global-bins,primary,did,notes/review_results/inference_rows_ccs_pub.pkl,,14,-0.014913842411795924,-0.014913842411795924,ok,0.0740966796875,0.0740966796875,1e-09,-0.030518267816967263,-0.0010640102468110146,-0.0319805539133559,0.0015425938388161724,-0.031736183273813764,0.0019084984502219203,1.1381426835262864,no,yes,yes,9,0,
pickle,CCSpub rtr ts_demean global-bins,sensitivity,did,notes/review_results/inference_rows_ccs_pub.pkl,,14,-0.01385238622510633,-0.01385238622510633,ok,0.10009765625,0.10009765625,1e-09,-0.02948268208204955,0.00011280522916568885,-0.03097393112438526,0.0027296688957255573,-0.030809665403913406,0.003104892953700745,1.138808753702758,yes,yes,yes,9,0,
pickle,CCSpub rtr ts_demean global-bins,early,did,notes/review_results/inference_rows_ccs_pub.pkl,,14,-0.019066902456245354,-0.019066902456245354,ok,0.0355224609375,0.0355224609375,1e-09,-0.0335430791706477,-0.0036990210187886987,-0.03640853599234775,-0.0015611571379599146,-0.03637080476648144,-0.0017630001460092644,1.1676488055702698,no,no,no,10,0,
pickle,CCSpub rtr ts_demean global-bins,late,did,notes/review_results/inference_rows_ccs_pub.pkl,,14,-0.011591394376236365,-0.011591394376236365,ok,0.2403564453125,0.2403564453125,1e-09,-0.03017085367041928,0.004855031396923534,-0.031774136849549675,0.007933822873995404,-0.031561355515314374,0.008378566762841643,1.1336746993602085,yes,yes,yes,9,0,
pickle,CCSpub rtr ts_demean global-bins,trend_a_placebo_line,did,notes/review_results/inference_rows_ccs_pub.pkl,,14,-0.018198200979620882,-0.018198200979620882,ok,0.0252685546875,0.0252685546875,1e-09,-0.03341492570771884,-0.004851087324549432,-0.035070167241763546,-0.002216796848169796,-0.03474277072630686,-0.0016536312329349032,1.1501735149486019,no,no,no,10,0,
pickle,CCSpub rtr ts_demean global-bins,trend_b_shared_slope,did,notes/review_results/inference_rows_ccs_pub.pkl,,14,-0.021860057877781076,-0.021860057877781076,ok,0.0078125,0.0078125,1e-09,-0.03660798014563261,-0.008498941791453808,-0.03804900722747388,-0.0061270756802877585,-0.037904494302450076,-0.005815621453112079,1.1356465185668823,no,no,no,11,0,
pickle,autocorr_deconv ts_gsr W60,primary,did,notes/review_results/inference_rows_deconv.pkl,,14,-0.021985302890904408,-0.021985302890904408,ok,0.0020751953125,0.0020751953125,1e-09,-0.03269135329996358,-0.011562223261906535,-0.03417390169831399,-0.010119636786137084,-0.034226641393856186,-0.009743964387952626,1.1384408571886873,no,no,no,12,0,
pickle,autocorr_deconv ts_gsr W60,sensitivity,did,notes/review_results/inference_rows_deconv.pkl,,14,-0.020331919220280326,-0.020331919220280326,ok,0.00341796875,0.00341796875,1e-09,-0.03087718483986024,-0.0097486553725946,-0.03253875992511046,-0.008392171547160768,-0.032500451108918645,-0.008163387331642007,1.1428428284779555,no,no,no,12,0,
pickle,autocorr_deconv ts_gsr W60,early,did,notes/review_results/inference_rows_deconv.pkl,,14,-0.028540433088694892,-0.028540433088694892,ok,0.0003662109375,0.0003662109375,1e-09,-0.0384256563395205,-0.01849372461932828,-0.04012005735172415,-0.01699334822550299,-0.04009620831068563,-0.016984657866704153,1.1602843844178157,no,no,no,13,0,
pickle,autocorr_deconv ts_gsr W60,late,did,notes/review_results/inference_rows_deconv.pkl,,14,-0.016741198732671953,-0.016741198732671953,ok,0.0247802734375,0.0247802734375,1e-09,-0.029630758191711085,-0.003999724950190044,-0.031452747173466425,-0.002393511068036102,-0.03141286200913508,-0.0020695354562088267,1.133752035339557,no,no,no,10,0,
pickle,autocorr_deconv ts_gsr W60,trend_a_placebo_line,did,notes/review_results/inference_rows_deconv.pkl,,14,-0.02383628505374801,-0.02383628505374801,ok,0.0008544921875,0.0008544921875,1e-09,-0.03455942189647392,-0.01389437482273834,-0.03545644561333908,-0.012463256578430388,-0.035572402182966686,-0.012100167924529334,1.1126608593179583,no,no,no,13,0,
pickle,autocorr_deconv ts_gsr W60,trend_b_shared_slope,did,notes/review_results/inference_rows_deconv.pkl,,14,-0.025533825157755104,-0.025533825157755104,ok,0.00048828125,0.00048828125,1e-09,-0.0351932291923921,-0.01601931020522389,-0.03634873350731224,-0.01484122473465251,-0.036503021723661384,-0.014564628591848823,1.1217064590214043,no,no,no,13,0,
pickle,sts_deconv ts_gsr W60,primary,did,notes/review_results/inference_rows_deconv.pkl,,14,-0.07819359277964044,-0.07819359277964044,ok,0.0013427734375,0.0013427734375,1e-09,-0.11818023394480004,-0.04238457438497419,-0.12213047956169673,-0.036190409030209744,-0.12206397719623452,-0.03432320836304637,1.1338389431607772,no,no,no,13,0,
pickle,sts_deconv ts_gsr W60,sensitivity,did,notes/review_results/inference_rows_deconv.pkl,,14,-0.07273356502401798,-0.07273356502401798,ok,0.001708984375,0.001708984375,1e-09,-0.11168960670279882,-0.036700052993144196,-0.11635593575819142,-0.031172796616549238,-0.11604022237389094,-0.029426907674145013,1.13593340575749,no,no,no,12,0,
pickle,sts_deconv ts_gsr W60,early,did,notes/review_results/inference_rows_deconv.pkl,,14,-0.09587133081614785,-0.09587133081614785,ok,0.0006103515625,0.0006103515625,1e-09,-0.13538615116771524,-0.05676528424604904,-0.14210338182539384,-0.05004303303503958,-0.1414871498741921,-0.050255511758103624,1.1709403927341384,no,no,no,13,0,
pickle,sts_deconv ts_gsr W60,late,did,notes/review_results/inference_rows_deconv.pkl,,14,-0.06405140235043454,-0.06405140235043454,ok,0.0096435546875,0.0096435546875,1e-09,-0.10892874436432867,-0.023647719453346094,-0.114089206768564,-0.017430200072023047,-0.11354591159505568,-0.014556893105813387,1.133417507557336,no,no,no,12,0,
pickle,sts_deconv ts_gsr W60,trend_a_placebo_line,did,notes/review_results/inference_rows_deconv.pkl,,14,-0.08208695639785189,-0.08208695639785189,ok,0.0008544921875,0.0008544921875,1e-09,-0.12110096594140997,-0.04820648299173314,-0.1241219526238582,-0.042748084167200315,-0.12389811182187474,-0.040275800973829046,1.1163241052527235,no,no,no,13,0,
pickle,sts_deconv ts_gsr W60,trend_b_shared_slope,did,notes/review_results/inference_rows_deconv.pkl,,14,-0.08558202752423553,-0.08558202752423553,ok,0.0003662109375,0.0003662109375,1e-09,-0.12205521161251692,-0.0536469329448449,-0.12407718389522518,-0.048609100472894705,-0.1243251215238611,-0.04683893352460997,1.103201029058998,no,no,no,13,0,
pickle,PhiR_deconv ts_gsr W60,primary,did,notes/review_results/inference_rows_deconv.pkl,,14,0.017754052416858884,0.017754052416858884,ok,0.0098876953125,0.0098876953125,1e-09,0.006891282327772314,0.0292558972513606,0.005093922712370739,0.030685558600580393,0.00490215924941886,0.030605945584298907,1.144291371689024,no,no,no,3,0,
pickle,PhiR_deconv ts_gsr W60,sensitivity,did,notes/review_results/inference_rows_deconv.pkl,,14,0.017941917564738626,0.017941917564738626,ok,0.0076904296875,0.0076904296875,1e-09,0.0072538026634423455,0.02931319527864861,0.005223997348915208,0.030846064868443372,0.005259690713126021,0.03062414441635123,1.161503762432064,no,no,no,3,0,
pickle,PhiR_deconv ts_gsr W60,early,did,notes/review_results/inference_rows_deconv.pkl,,14,0.022895112127448918,0.022895112127448918,ok,0.0108642578125,0.0108642578125,1e-09,0.008655975366927965,0.03823443327608832,0.0056610557824072795,0.04028039151255938,0.005851280562204006,0.03993894369269383,1.1704239563966792,no,no,no,3,0,
pickle,PhiR_deconv ts_gsr W60,late,did,notes/review_results/inference_rows_deconv.pkl,,14,0.013641204648386843,0.013641204648386843,ok,0.015869140625,0.015869140625,1e-09,0.0037938529968822147,0.02356954355019467,0.0028721791323441043,0.024774135273628387,0.002458426260453608,0.02482398303632008,1.1075191575353447,no,no,no,3,0,
pickle,PhiR_deconv ts_gsr W60,trend_a_placebo_line,did,notes/review_results/inference_rows_deconv.pkl,,14,0.01503735673092643,0.01503735673092643,ok,0.0108642578125,0.0108642578125,1e-09,0.005548369684050586,0.025183209963724206,0.003753178732335951,0.026321506337181694,0.0037811282219054367,0.026293585239947424,1.1494021485985262,no,no,no,2,0,
pickle,PhiR_deconv ts_gsr W60,trend_b_shared_slope,did,notes/review_results/inference_rows_deconv.pkl,,14,0.015569480724817725,0.015569480724817725,ok,0.0079345703125,0.0079345703125,1e-09,0.00640200158646272,0.025467082862807185,0.004873632416909029,0.026360581769088197,0.004840276509064717,0.026298684940570735,1.1270316155871678,no,no,no,2,0,
pickle,sts_deconv ts_gsr global-bins,primary,did,notes/review_results/inference_rows_deconv.pkl,,14,-0.07716385732078244,-0.07716385732078244,ok,0.0018310546875,0.0018310546875,1e-09,-0.12303045038515148,-0.03816254440132582,-0.1262413065885955,-0.03189738040916558,-0.12595767306583175,-0.02837004157573314,1.1116561094061899,no,no,no,13,0,
pickle,sts_deconv ts_gsr global-bins,sensitivity,did,notes/review_results/inference_rows_deconv.pkl,,14,-0.07660258033424358,-0.07660258033424358,ok,0.001708984375,0.001708984375,1e-09,-0.12109204134641924,-0.037260894811552536,-0.12444202917121133,-0.03224978684330557,-0.12425364408943994,-0.028951516579047223,1.099737342725732,no,no,no,13,0,
pickle,sts_deconv ts_gsr global-bins,early,did,notes/review_results/inference_rows_deconv.pkl,,14,-0.09818752561994863,-0.09818752561994863,ok,0.00048828125,0.00048828125,1e-09,-0.14379703034645988,-0.05739322126669845,-0.14800718739344476,-0.05004291512208242,-0.14749343038938323,-0.04888162085051403,1.1337957587139378,no,no,no,13,0,
pickle,sts_deconv ts_gsr global-bins,late,did,notes/review_results/inference_rows_deconv.pkl,,14,-0.06034492268144958,-0.06034492268144958,ok,0.0203857421875,0.0203857421875,1e-09,-0.11260831982557279,-0.014931157410077672,-0.11576666386885565,-0.009042454617770052,-0.1154419574197987,-0.0052478879431004655,1.0926219252470348,no,no,no,11,0,
pickle,sts_deconv ts_gsr global-bins,trend_a_placebo_line,did,notes/review_results/inference_rows_deconv.pkl,,14,-0.07599443365367756,-0.07599443365367756,ok,0.0015869140625,0.0015869140625,1e-09,-0.12196471643137594,-0.03724541370359783,-0.12458453261048386,-0.03135192452237805,-0.12468101811965923,-0.027307849187695875,1.100488378518445,no,no,no,13,0,
pickle,sts_deconv ts_gsr global-bins,trend_b_shared_slope,did,notes/review_results/inference_rows_deconv.pkl,,14,-0.08245230768145857,-0.08245230768145857,ok,0.000732421875,0.000732421875,1e-09,-0.12443214439271444,-0.04672156240772803,-0.1270447894244064,-0.04134887572310094,-0.1271089450071214,-0.03779567035579575,1.1027573274108513,no,no,no,13,0,
pickle,PhiR_deconv ts_gsr global-bins,primary,did,notes/review_results/inference_rows_deconv.pkl,,14,-0.003220218416316668,-0.003220218416316668,ok,0.4105224609375,0.4105224609375,1e-09,-0.009953816463692552,0.004555717671446248,-0.011571369061920623,0.005149902643735951,-0.01154243439409857,0.005101997561465235,1.1524333965458924,yes,yes,yes,10,0,
pickle,PhiR_deconv ts_gsr global-bins,sensitivity,did,notes/review_results/inference_rows_deconv.pkl,,14,-0.003340968380820595,-0.003340968380820595,ok,0.3782958984375,0.3782958984375,1e-09,-0.01002270804656941,0.003971963236358752,-0.011375041969419384,0.004754110851833603,-0.011375674654047008,0.0046937378924058176,1.1525210199776996,yes,yes,yes,10,0,
pickle,PhiR_deconv ts_gsr global-bins,early,did,notes/review_results/inference_rows_deconv.pkl,,14,-0.0033687934351779693,-0.0033687934351779693,ok,0.4420166015625,0.4420166015625,1e-09,-0.011344643904318665,0.005033502470372438,-0.012735030483636955,0.006121589251358579,-0.012724271467824358,0.00598668459746842,1.1513280748384556,yes,yes,yes,9,0,
pickle,PhiR_deconv ts_gsr global-bins,late,did,notes/review_results/inference_rows_deconv.pkl,,14,-0.0031013584012276295,-0.0031013584012276295,ok,0.443603515625,0.443603515625,1e-09,-0.010361414444558105,0.004754523957255476,-0.011714033559770538,0.005720634171803115,-0.011773322574233523,0.005570605771778264,1.1533963203688284,yes,yes,yes,8,0,
pickle,PhiR_deconv ts_gsr global-bins,trend_a_placebo_line,did,notes/review_results/inference_rows_deconv.pkl,,14,-0.0048555423224529845,-0.0048555423224529845,ok,0.21240234375,0.21240234375,1e-09,-0.011872694144798612,0.0024867211423452843,-0.01307143350940236,0.0033928476128831948,-0.012999635439307437,0.003288550794401467,1.1465843694224904,yes,yes,yes,10,0,
pickle,PhiR_deconv ts_gsr global-bins,trend_b_shared_slope,did,notes/review_results/inference_rows_deconv.pkl,,14,-0.005559639401656277,-0.005559639401656277,ok,0.152587890625,0.152587890625,1e-09,-0.01235897515765125,0.001683495151701771,-0.013483662615496935,0.002509706429260945,-0.013507154531028399,0.002387875727715846,1.1389284572035347,yes,yes,yes,10,0,
pickle,autocorr_deconv ts_gsr run-standardised bins,primary,did,notes/review_results/inference_rows_deconv.pkl,,14,-0.35915041682995824,-0.35915041682995824,ok,0.0001220703125,0.0001220703125,1e-09,-0.47585339189730114,-0.24865858391398843,-0.49133189347528394,-0.23113646181444494,-0.4898675229953505,-0.22843331066456593,1.145252543270928,no,no,no,14,0,
pickle,autocorr_deconv ts_gsr run-standardised bins,sensitivity,did,notes/review_results/inference_rows_deconv.pkl,,14,-0.35632959256694946,-0.35632959256694946,ok,0.0001220703125,0.0001220703125,1e-09,-0.474869804688986,-0.24858849789804777,-0.4851840522053741,-0.231231206400282,-0.48443392203622937,-0.22822526309766955,1.1222882234798108,no,no,no,14,0,
pickle,autocorr_deconv ts_gsr run-standardised bins,early,did,notes/review_results/inference_rows_deconv.pkl,,14,-0.38600096504273707,-0.38600096504273707,ok,0.0001220703125,0.0001220703125,1e-09,-0.4825003336457322,-0.28940360639856316,-0.49708691494442925,-0.27578542193867067,-0.4974348060941626,-0.27456712399131156,1.146065477963729,no,no,no,14,0,
pickle,autocorr_deconv ts_gsr run-standardised bins,late,did,notes/review_results/inference_rows_deconv.pkl,,14,-0.33766997825973516,-0.33766997825973516,ok,0.0009765625,0.0009765625,1e-09,-0.47315369651414874,-0.20481174133156,-0.4898937319879496,-0.18679465327232486,-0.4902156307457197,-0.18512432577375063,1.1295254911196653,no,no,no,11,0,
pickle,autocorr_deconv ts_gsr run-standardised bins,trend_a_placebo_line,did,notes/review_results/inference_rows_deconv.pkl,,14,-0.41483225091627723,-0.41483225091627723,ok,0.0001220703125,0.0001220703125,1e-09,-0.5384666648498198,-0.29663966859488694,-0.5513217111391916,-0.27799985263149773,-0.552640605446852,-0.27702389638570246,1.1302371643385891,no,no,no,14,0,
pickle,autocorr_deconv ts_gsr run-standardised bins,trend_b_shared_slope,did,notes/review_results/inference_rows_deconv.pkl,,14,-0.44115628433450443,-0.44115628433450443,ok,0.0001220703125,0.0001220703125,1e-09,-0.5575617846995559,-0.3269238843768008,-0.5763107140989732,-0.30770930244422406,-0.5744783176234165,-0.30783425104559237,1.164602224000773,no,no,no,14,0,
pickle,autocorr_deconv ts_demean W60,primary,did,notes/review_results/inference_rows_deconv.pkl,,14,-0.026351904851560963,-0.026351904851560963,ok,0.0008544921875,0.0008544921875,1e-09,-0.03802884815108176,-0.015273537201599123,-0.039331843762140606,-0.013574278543666808,-0.03926044913799444,-0.013443360565127486,1.13193642027816,no,no,no,12,0,
pickle,autocorr_deconv ts_demean W60,sensitivity,did,notes/review_results/inference_rows_deconv.pkl,,14,-0.022994763966827727,-0.022994763966827727,ok,0.0023193359375,0.0023193359375,1e-09,-0.03446194668123002,-0.011375085674191945,-0.03623257288132606,-0.009811860338005676,-0.03614862341793845,-0.009840904515717,1.1444047129345984,no,no,no,12,0,
pickle,autocorr_deconv ts_demean W60,early,did,notes/review_results/inference_rows_deconv.pkl,,14,-0.028030234523452997,-0.028030234523452997,ok,0.000244140625,0.000244140625,1e-09,-0.03884019267091264,-0.017785791794170343,-0.040096887414700036,-0.015969308044257495,-0.040056521391752725,-0.016003947655153266,1.1459637114203056,no,no,no,13,0,
pickle,autocorr_deconv ts_demean W60,late,did,notes/review_results/inference_rows_deconv.pkl,,14,-0.02500924111404738,-0.02500924111404738,ok,0.0059814453125,0.0059814453125,1e-09,-0.03985904711789778,-0.010563471251652029,-0.041842892746801634,-0.008388071236472644,-0.04167850413818314,-0.008339978089911625,1.1419752137002879,no,no,no,11,0,
pickle,autocorr_deconv ts_demean W60,trend_a_placebo_line,did,notes/review_results/inference_rows_deconv.pkl,,14,-0.0294791268364694,-0.0294791268364694,ok,0.0008544921875,0.0008544921875,1e-09,-0.04280948649928447,-0.01699410527738846,-0.044196553238744954,-0.01528275341277301,-0.04417058116980413,-0.014787672503134664,1.1200221905477006,no,no,no,13,0,
pickle,autocorr_deconv ts_demean W60,trend_b_shared_slope,did,notes/review_results/inference_rows_deconv.pkl,,14,-0.028974282404712566,-0.028974282404712566,ok,0.0010986328125,0.0010986328125,1e-09,-0.04200771526497412,-0.016473108133230774,-0.04364989554894545,-0.014550968133239058,-0.04371397448790261,-0.014234590321522519,1.139587825478312,no,no,no,13,0,
pickle,sts_deconv ts_demean W60,primary,did,notes/review_results/inference_rows_deconv.pkl,,14,-0.10030921426824509,-0.10030921426824509,ok,0.0003662109375,0.0003662109375,1e-09,-0.1458519311550241,-0.059091709517257764,-0.1506302990061561,-0.05164256240423243,-0.1500859196049932,-0.050532508931496974,1.1409345750084479,no,no,no,13,0,
pickle,sts_deconv ts_demean W60,sensitivity,did,notes/review_results/inference_rows_deconv.pkl,,14,-0.09348616436142028,-0.09348616436142028,ok,0.0006103515625,0.0006103515625,1e-09,-0.13747705956034104,-0.052906091745838976,-0.14247574356916506,-0.045891977871174966,-0.14188268989006492,-0.045089638832775655,1.1420439920923797,no,no,no,12,0,
pickle,sts_deconv ts_demean W60,early,did,notes/review_results/inference_rows_deconv.pkl,,14,-0.11015396776279969,-0.11015396776279969,ok,0.000244140625,0.000244140625,1e-09,-0.15205692899907464,-0.06979768997864412,-0.15801252833673163,-0.06280129243301341,-0.1574976748054291,-0.06281026072017029,1.1574534002201362,no,no,no,13,0,
pickle,sts_deconv ts_demean W60,late,did,notes/review_results/inference_rows_deconv.pkl,,14,-0.0924334114726013,-0.0924334114726013,ok,0.001953125,0.001953125,1e-09,-0.14602842546651446,-0.044367627947283876,-0.15183927939909453,-0.036186843215657814,-0.15111497648681949,-0.033751846458383125,1.1376306207076472,no,no,no,11,0,
pickle,sts_deconv ts_demean W60,trend_a_placebo_line,did,notes/review_results/inference_rows_deconv.pkl,,14,-0.10736504677456206,-0.10736504677456206,ok,0.00048828125,0.00048828125,1e-09,-0.15749392613198368,-0.06348900566197133,-0.16153781797997108,-0.05513412436275853,-0.16110722805462271,-0.053622865494501404,1.1318949378948244,no,no,no,13,0,
pickle,sts_deconv ts_demean W60,trend_b_shared_slope,did,notes/review_results/inference_rows_deconv.pkl,,14,-0.10698944134209908,-0.10698944134209908,ok,0.0003662109375,0.0003662109375,1e-09,-0.15400918299270946,-0.06495565168027921,-0.15844517747339631,-0.056938144924631506,-0.1579641832531096,-0.056014699431088555,1.1398428681356094,no,no,no,13,0,
pickle,PhiR_deconv ts_demean W60,primary,did,notes/review_results/inference_rows_deconv.pkl,,14,0.034994701467344166,0.034994701467344166,ok,0.0008544921875,0.0008544921875,1e-09,0.018835748046502628,0.05233891029651764,0.015458616120662176,0.05474098019743749,0.015500286800176084,0.05448911613451225,1.172497204402182,no,no,no,1,0,
pickle,PhiR_deconv ts_demean W60,sensitivity,did,notes/review_results/inference_rows_deconv.pkl,,14,0.03213685474639812,0.03213685474639812,ok,0.0013427734375,0.0013427734375,1e-09,0.016775208293668555,0.049040141633934456,0.013894726251839223,0.050969830235715434,0.013534583969279635,0.050739125523516615,1.1490835450636847,no,no,no,1,0,
pickle,PhiR_deconv ts_demean W60,early,did,notes/review_results/inference_rows_deconv.pkl,,14,0.03325997988207533,0.03325997988207533,ok,0.0052490234375,0.0052490234375,1e-09,0.014670651938709279,0.05198115925062896,0.011582892220430425,0.054920373016042065,0.011796177978467395,0.05472378178568327,1.1615355544031025,no,no,no,2,0,
pickle,PhiR_deconv ts_demean W60,late,did,notes/review_results/inference_rows_deconv.pkl,,14,0.03638247873555923,0.03638247873555923,ok,0.0008544921875,0.0008544921875,1e-09,0.017392873199469236,0.05965404099474585,0.013931254715743541,0.061034443300441485,0.011750470097401943,0.06101448737371651,1.1145737574710965,no,no,no,1,0,
pickle,PhiR_deconv ts_demean W60,trend_a_placebo_line,did,notes/review_results/inference_rows_deconv.pkl,,14,0.034022396867227765,0.034022396867227765,ok,0.0013427734375,0.0013427734375,1e-09,0.018092464077792872,0.05157462424442498,0.014889399104555948,0.05328165506124651,0.014874229886039252,0.05317056384841628,1.1466481184494122,no,no,no,2,0,
pickle,PhiR_deconv ts_demean W60,trend_b_shared_slope,did,notes/review_results/inference_rows_deconv.pkl,,14,0.031562206825401715,0.031562206825401715,ok,0.0037841796875,0.0037841796875,1e-09,0.014987613300117414,0.04789090686811427,0.01235622548973609,0.050813210247532783,0.012678133869132774,0.050446279781670655,1.1687883062017108,no,no,no,3,0,
pickle,sts_deconv ts_demean global-bins,primary,did,notes/review_results/inference_rows_deconv.pkl,,14,-0.11354099268661437,-0.11354099268661437,ok,0.001953125,0.001953125,1e-09,-0.17120730128725395,-0.05856183804174478,-0.17878960866752713,-0.04811272698870918,-0.17859801280564344,-0.0484839725675853,1.1600723004175462,no,no,no,13,0,
pickle,sts_deconv ts_demean global-bins,sensitivity,did,notes/review_results/inference_rows_deconv.pkl,,14,-0.1122128958946469,-0.1122128958946469,ok,0.001953125,0.001953125,1e-09,-0.1696580317996896,-0.05737220831323858,-0.176087398812109,-0.048166841832903116,-0.17618159366888791,-0.04824419812040588,1.1392404936553848,no,no,no,13,0,
pickle,sts_deconv ts_demean global-bins,early,did,notes/review_results/inference_rows_deconv.pkl,,14,-0.12327332469274037,-0.12327332469274037,ok,0.0009765625,0.0009765625,1e-09,-0.17292160295534065,-0.07278304246253835,-0.18049155779632417,-0.064890060448755,-0.1807109381462133,-0.06583571123926743,1.1544154097948942,no,no,no,13,0,
pickle,sts_deconv ts_demean global-bins,late,did,notes/review_results/inference_rows_deconv.pkl,,14,-0.10575512708171357,-0.10575512708171357,ok,0.0072021484375,0.0072021484375,1e-09,-0.17771266258472238,-0.03956133706058208,-0.1862379436009134,-0.028371185874813652,-0.1857004291729436,-0.025809824990483524,1.142708961547491,no,no,no,12,0,
pickle,sts_deconv ts_demean global-bins,trend_a_placebo_line,did,notes/review_results/inference_rows_deconv.pkl,,14,-0.11807731654821065,-0.11807731654821065,ok,0.00244140625,0.00244140625,1e-09,-0.18276350862194055,-0.058468838343517966,-0.19103757310297376,-0.046192973510172874,-0.1903693388583317,-0.04578529423808958,1.1653323450502426,no,no,no,12,0,
pickle,sts_deconv ts_demean global-bins,trend_b_shared_slope,did,notes/review_results/inference_rows_deconv.pkl,,14,-0.12084345783392961,-0.12084345783392961,ok,0.00244140625,0.00244140625,1e-09,-0.18229543536472634,-0.06106412756681403,-0.1908141969086079,-0.050322422035281554,-0.19071857519879365,-0.050968340469065565,1.1588737053593487,no,no,no,13,0,
pickle,PhiR_deconv ts_demean global-bins,primary,did,notes/review_results/inference_rows_deconv.pkl,,14,0.0208667961245311,0.0208667961245311,ok,0.09326171875,0.09326171875,1e-09,0.0007082599400791956,0.042257327861258576,-0.0035475434621847135,0.04545117447774734,-0.0032660501806061545,0.044999642429668356,1.1792976447241856,no,yes,yes,3,0,
pickle,PhiR_deconv ts_demean global-bins,sensitivity,did,notes/review_results/inference_rows_deconv.pkl,,14,0.020617315326790033,0.020617315326790033,ok,0.0921630859375,0.0921630859375,1e-09,0.0006503127187756614,0.04175113519592362,-0.003351492794115408,0.044634260810436546,-0.0031174155423279414,0.044352046195908004,1.1675132202337806,no,yes,yes,3,0,
pickle,PhiR_deconv ts_demean global-bins,early,did,notes/review_results/inference_rows_deconv.pkl,,14,0.016685052885936743,0.016685052885936743,ok,0.1998291015625,0.1998291015625,1e-09,-0.0034875028045376582,0.04005204736202765,-0.0073252119522102446,0.04212037993670781,-0.008657431428534874,0.04202753720040836,1.1356477432531695,yes,yes,yes,5,0,
pickle,PhiR_deconv ts_demean global-bins,late,did,notes/review_results/inference_rows_deconv.pkl,,14,0.02421219071540659,0.02421219071540659,ok,0.0831298828125,0.0831298828125,1e-09,0.0013090560818521083,0.050739384429702813,-0.0031856764100239012,0.053286270644106015,-0.004417554094200936,0.052841935525014115,1.1424554305349945,no,yes,yes,4,0,
pickle,PhiR_deconv ts_demean global-bins,trend_a_placebo_line,did,notes/review_results/inference_rows_deconv.pkl,,14,0.01932645899926674,0.01932645899926674,ok,0.082763671875,0.082763671875,1e-09,0.0015870274695487156,0.03892467876621934,-0.0026050268259874302,0.04167194468719983,-0.00275048776863265,0.041403405767166127,1.1858531529307899,no,yes,yes,4,0,
pickle,PhiR_deconv ts_demean global-bins,trend_b_shared_slope,did,notes/review_results/inference_rows_deconv.pkl,,14,0.017273541803991866,0.017273541803991866,ok,0.1220703125,0.1220703125,1e-09,-0.0019490378206322577,0.03686483936735546,-0.005200825636314844,0.0402618062788076,-0.0054386905841143675,0.0399857741920981,1.1712983914215198,yes,yes,yes,4,0,
pickle,autocorr_deconv ts_demean run-standardised bins,primary,did,notes/review_results/inference_rows_deconv.pkl,,14,-0.2691265516338151,-0.2691265516338151,ok,0.0006103515625,0.0006103515625,1e-09,-0.40649749188228723,-0.15066897243886146,-0.4175174105411328,-0.13030528093625454,-0.4165357564717572,-0.12171734679587295,1.1226744001401012,no,no,no,13,0,
pickle,autocorr_deconv ts_demean run-standardised bins,sensitivity,did,notes/review_results/inference_rows_deconv.pkl,,14,-0.2638296169636014,-0.2638296169636014,ok,0.0006103515625,0.0006103515625,1e-09,-0.4046666887850243,-0.14522840083004937,-0.4113694228866815,-0.12635710959442287,-0.4099000099290485,-0.11775922399815428,1.0985745995275842,no,no,no,13,0,
pickle,autocorr_deconv ts_demean run-standardised bins,early,did,notes/review_results/inference_rows_deconv.pkl,,14,-0.2948116994100035,-0.2948116994100035,ok,0.0013427734375,0.0013427734375,1e-09,-0.42065364354798696,-0.1752146857984726,-0.4382555399976156,-0.1537568112344975,-0.4377614916430731,-0.15186190717693393,1.1591425068446821,no,no,no,11,0,
pickle,autocorr_deconv ts_demean run-standardised bins,late,did,notes/review_results/inference_rows_deconv.pkl,,14,-0.24857843341286448,-0.24857843341286448,ok,0.003662109375,0.003662109375,1e-09,-0.4110159926273229,-0.10665788458596784,-0.42212905827491837,-0.08501018208785167,-0.4206020593182793,-0.07655480750744967,1.1076388874820453,no,no,no,11,0,
pickle,autocorr_deconv ts_demean run-standardised bins,trend_a_placebo_line,did,notes/review_results/inference_rows_deconv.pkl,,14,-0.3287137829294474,-0.3287137829294474,ok,0.000244140625,0.000244140625,1e-09,-0.45994402778805993,-0.214620406597499,-0.4710398434949573,-0.19655205250968438,-0.46945310403089224,-0.18797446182800262,1.1188803982803517,no,no,no,13,0,
pickle,autocorr_deconv ts_demean run-standardised bins,trend_b_shared_slope,did,notes/review_results/inference_rows_deconv.pkl,,14,-0.35356339570568485,-0.35356339570568485,ok,0.0001220703125,0.0001220703125,1e-09,-0.4837679585264913,-0.24058478142638776,-0.49444328631378043,-0.21739360263094937,-0.49218334452929596,-0.21494344688207373,1.1392633610045597,no,no,no,14,0,
pickle,diag observed sts ts_gsr W60,primary,did,notes/review_results/inference_rows_diag.pkl,,14,-0.08086620932182363,-0.08086620932182363,ok,0.0037841796875,0.0037841796875,1e-09,-0.1261077869260334,-0.03769262554388038,-0.13174307947448008,-0.03101903689732711,-0.13206654868230175,-0.029665869961345508,1.139216860576636,no,no,no,13,0,
pickle,diag observed sts ts_gsr W60,sensitivity,did,notes/review_results/inference_rows_diag.pkl,,14,-0.0733438225215399,-0.0733438225215399,ok,0.0069580078125,0.0069580078125,1e-09,-0.11803364761841942,-0.02913972774924991,-0.12380905916771565,-0.02380743254892612,-0.1239579866731362,-0.022729658369943596,1.1249546286851553,no,no,no,12,0,
pickle,diag observed sts ts_gsr W60,early,did,notes/review_results/inference_rows_diag.pkl,,14,-0.10285440900837564,-0.10285440900837564,ok,0.0008544921875,0.0008544921875,1e-09,-0.14640131894591701,-0.06009453499429759,-0.1535360547090197,-0.05225092274757706,-0.15331012742233205,-0.052398690594419234,1.1735477482073664,no,no,no,13,0,
pickle,diag observed sts ts_gsr W60,late,did,notes/review_results/inference_rows_diag.pkl,,14,-0.06327564957258215,-0.06327564957258215,ok,0.03369140625,0.03369140625,1e-09,-0.11471734034379784,-0.01179356247932766,-0.12208249278506803,-0.005348524610947111,-0.122250262906174,-0.004301036238990301,1.1341788126727719,no,no,no,10,0,
pickle,diag observed sts ts_gsr W60,trend_a_placebo_line,did,notes/review_results/inference_rows_diag.pkl,,14,-0.08903770650320023,-0.08903770650320023,ok,0.0020751953125,0.0020751953125,1e-09,-0.1347369365853991,-0.0460997263197863,-0.13871126240866732,-0.040161746117744035,-0.1390790872785632,-0.038996325727837254,1.1118300767319618,no,no,no,13,0,
pickle,diag observed sts ts_gsr W60,trend_b_shared_slope,did,notes/review_results/inference_rows_diag.pkl,,14,-0.09952825827956988,-0.09952825827956988,ok,0.000732421875,0.000732421875,1e-09,-0.14242741208943496,-0.059881692292393006,-0.14607288654632736,-0.05312493435418317,-0.1464715159596521,-0.052585000599487654,1.126017828915643,no,no,no,13,0,
pickle,diag predicted sts ts_gsr W60,primary,did,notes/review_results/inference_rows_diag.pkl,,14,-0.09240043859248327,-0.09240043859248327,ok,0.003662109375,0.003662109375,1e-09,-0.1444018143078425,-0.04142206959709771,-0.15031663941746937,-0.03484021799537289,-0.1512092028472466,-0.033591674337719965,1.1213508224015611,no,no,no,13,0,
pickle,diag predicted sts ts_gsr W60,sensitivity,did,notes/review_results/inference_rows_diag.pkl,,14,-0.08418038966356618,-0.08418038966356618,ok,0.0068359375,0.0068359375,1e-09,-0.1358015157797791,-0.03367012193652407,-0.1425911685844411,-0.026864207684867025,-0.142624200086385,-0.025736579240747383,1.1331183933236504,no,no,no,12,0,
pickle,diag predicted sts ts_gsr W60,early,did,notes/review_results/inference_rows_diag.pkl,,14,-0.12077271649225678,-0.12077271649225678,ok,0.0006103515625,0.0006103515625,1e-09,-0.16976789132753634,-0.07255726975919004,-0.17564484493511404,-0.06646563907949563,-0.17555347919932943,-0.06599195378518413,1.1231201292016975,no,no,no,13,0,
pickle,diag predicted sts ts_gsr W60,late,did,notes/review_results/inference_rows_diag.pkl,,14,-0.06970261627266425,-0.06970261627266425,ok,0.047607421875,0.047607421875,1e-09,-0.13133565707016454,-0.01021898126174419,-0.13987869186730972,-0.0006263905565458814,-0.1399587550107319,0.000553522465403411,1.149736816844528,no,no,yes,11,0,
pickle,diag predicted sts ts_gsr W60,trend_a_placebo_line,did,notes/review_results/inference_rows_diag.pkl,,14,-0.09966767318039646,-0.09966767318039646,ok,0.00244140625,0.00244140625,1e-09,-0.1508460583590817,-0.04981584006428282,-0.15696351155313923,-0.04282641716079569,-0.15733710864910572,-0.04199823771168719,1.129732235748514,no,no,no,13,0,
pickle,diag predicted sts ts_gsr W60,trend_b_shared_slope,did,notes/review_results/inference_rows_diag.pkl,,14,-0.11295700857055466,-0.11295700857055466,ok,0.0008544921875,0.0008544921875,1e-09,-0.15994255706057464,-0.06830140859428908,-0.1655068942425743,-0.06045728160021758,-0.16609177364233177,-0.05982224349877754,1.1463148858397831,no,no,no,13,0,
pickle,diag residual sts ts_gsr W60,primary,did,notes/review_results/inference_rows_diag.pkl,supplementary.md:1584,14,0.011534229270659582,0.011534229270659582,ok,0.0421142578125,0.0421142578125,1e-09,0.0021357724540386315,0.02107451512739106,0.0004731947263604949,0.022647840166918946,0.00048466776454665107,0.022583790776772514,1.170861541498162,no,no,no,4,0,
pickle,diag residual sts ts_gsr W60,sensitivity,did,notes/review_results/inference_rows_diag.pkl,,14,0.010836567142026247,0.010836567142026247,ok,0.049072265625,0.049072265625,1e-09,0.0013449070053398562,0.020048200897258492,5.327856417463603e-05,0.02156799928912514,0.00010537908354206656,0.02156775520051043,1.1503172034443965,no,no,no,4,0,
pickle,diag residual sts ts_gsr W60,early,did,notes/review_results/inference_rows_diag.pkl,,14,0.01791830748388121,0.01791830748388121,ok,0.001220703125,0.001220703125,1e-09,0.009887889605261563,0.025971586931897647,0.008613624792172073,0.027247649701940442,0.008649992834163754,0.027186622133598667,1.1585660020416269,no,no,no,2,0,
pickle,diag residual sts ts_gsr W60,late,did,notes/review_results/inference_rows_diag.pkl,,14,0.0064269667000822735,0.0064269667000822735,ok,0.3240966796875,0.3240966796875,1e-09,-0.005809286986016382,0.01831719570769195,-0.007244060186613201,0.02014103871936619,-0.007205273857751013,0.02005920725791556,1.1350638737374197,yes,yes,yes,5,0,
pickle,diag residual sts ts_gsr W60,trend_a_placebo_line,did,notes/review_results/inference_rows_diag.pkl,,14,0.010629966677196151,0.010629966677196151,ok,0.0537109375,0.0537109375,1e-09,0.0014490711239909034,0.02002089782880231,-0.00010917045066675398,0.021464771418333806,-0.0001323300625227456,0.021392263416915046,1.1616488895737647,no,yes,yes,5,0,
pickle,diag residual sts ts_gsr W60,trend_b_shared_slope,did,notes/review_results/inference_rows_diag.pkl,,14,0.013428750290984772,0.013428750290984772,ok,0.0089111328125,0.0089111328125,1e-09,0.005302066881136414,0.021773310363049466,0.0039652494020993145,0.02293726161185755,0.0040289883132399885,0.022828512268729555,1.1518263469659265,no,no,no,3,0,
pickle,diag observed sts ts_gsr W30,primary,did,notes/review_results/inference_rows_diag.pkl,,14,-0.06862571925426515,-0.06862571925426515,ok,0.004150390625,0.004150390625,1e-09,-0.10835987566843105,-0.029308000958747495,-0.11424063572211965,-0.024215890839967683,-0.11467472393897502,-0.022576714569555283,1.1388059449920203,no,no,no,13,0,
pickle,diag observed sts ts_gsr W30,sensitivity,did,notes/review_results/inference_rows_diag.pkl,,14,-0.06584647091486402,-0.06584647091486402,ok,0.0067138671875,0.0067138671875,1e-09,-0.10715435493291485,-0.026121393728674183,-0.11153476740306673,-0.021202977261156934,-0.1120738313372525,-0.01961911049247554,1.1147536607261797,no,no,no,12,0,
pickle,diag observed sts ts_gsr W30,early,did,notes/review_results/inference_rows_diag.pkl,,14,-0.08393765839266328,-0.08393765839266328,ok,0.001220703125,0.001220703125,1e-09,-0.1266926542151637,-0.04511303182468206,-0.13026006979258592,-0.037948996919974144,-0.13013885328079167,-0.0377364635045349,1.1315457238912425,no,no,no,13,0,
pickle,diag observed sts ts_gsr W30,late,did,notes/review_results/inference_rows_diag.pkl,,14,-0.056376167943546725,-0.056376167943546725,ok,0.0321044921875,0.0321044921875,1e-09,-0.10243067835943243,-0.011751406891395344,-0.10810419484589776,-0.005310320531254962,-0.10861047015241165,-0.004141865734681796,1.1335983698421739,no,no,no,11,0,
pickle,diag observed sts ts_gsr W30,trend_a_placebo_line,did,notes/review_results/inference_rows_diag.pkl,,14,-0.07662815337686538,-0.07662815337686538,ok,0.0020751953125,0.0020751953125,1e-09,-0.11467949143711821,-0.03862222544239699,-0.11939277901030346,-0.03429860818725566,-0.12013323757360118,-0.03312306918012957,1.1188171137909924,no,no,no,13,0,
pickle,diag observed sts ts_gsr W30,trend_b_shared_slope,did,notes/review_results/inference_rows_diag.pkl,,14,-0.08492369298091136,-0.08492369298091136,ok,0.0009765625,0.0009765625,1e-09,-0.12253318127681365,-0.04947272970178023,-0.12555556280259234,-0.04389474447509396,-0.12637539273720474,-0.04347199322461797,1.1177157623181724,no,no,no,13,0,
pickle,diag predicted sts ts_gsr W30,primary,did,notes/review_results/inference_rows_diag.pkl,,14,-0.08689489146311238,-0.08689489146311238,ok,0.004638671875,0.004638671875,1e-09,-0.13675212202858503,-0.037403773212811964,-0.14301704228456785,-0.03174945355400252,-0.14353579520991822,-0.03025398771630656,1.1199742125246062,no,no,no,12,0,
pickle,diag predicted sts ts_gsr W30,sensitivity,did,notes/review_results/inference_rows_diag.pkl,,14,-0.0846617161585523,-0.0846617161585523,ok,0.0062255859375,0.0062255859375,1e-09,-0.1348225660496235,-0.035213697438288005,-0.1408101358428117,-0.02881338655445374,-0.14147485529865989,-0.027848577018444717,1.124365238253622,no,no,no,12,0,
pickle,diag predicted sts ts_gsr W30,early,did,notes/review_results/inference_rows_diag.pkl,,14,-0.1102278223392056,-0.1102278223392056,ok,0.000732421875,0.000732421875,1e-09,-0.15858982770857596,-0.06383825003810267,-0.16361338904430361,-0.05715844179435578,-0.1637392214019173,-0.0567164232764939,1.123516355792792,no,no,no,13,0,
pickle,diag predicted sts ts_gsr W30,late,did,notes/review_results/inference_rows_diag.pkl,,14,-0.06822854676223768,-0.06822854676223768,ok,0.042236328125,0.042236328125,1e-09,-0.12612933785478925,-0.010761751387789861,-0.13422247441260388,-0.0028031039582893727,-0.13469396216130075,-0.0017631313631746165,1.1391359954635671,no,no,no,11,0,
pickle,diag predicted sts ts_gsr W30,trend_a_placebo_line,did,notes/review_results/inference_rows_diag.pkl,,14,-0.09385403813712072,-0.09385403813712072,ok,0.00244140625,0.00244140625,1e-09,-0.1416736004770807,-0.04665852951988925,-0.14692750986328224,-0.040819848887533844,-0.1478847458225065,-0.03982333045173496,1.1167455847457575,no,no,no,13,0,
pickle,diag predicted sts ts_gsr W30,trend_b_shared_slope,did,notes/review_results/inference_rows_diag.pkl,,14,-0.10575297740400812,-0.10575297740400812,ok,0.000732421875,0.000732421875,1e-09,-0.1502190159163249,-0.06298735271318809,-0.1550088180791776,-0.05630646792172457,-0.15601891365293868,-0.055487041155077535,1.1314968273344093,no,no,no,13,0,
pickle,diag residual sts ts_gsr W30,primary,did,notes/review_results/inference_rows_diag.pkl,,14,0.018269172208847183,0.018269172208847183,ok,0.013427734375,0.013427734375,1e-09,0.006656607741082958,0.02986259569098911,0.0046741539519482445,0.03184599251819116,0.004787172203954309,0.031751172213740055,1.1708977279871768,no,no,no,2,0,
pickle,diag residual sts ts_gsr W30,sensitivity,did,notes/review_results/inference_rows_diag.pkl,,14,0.018815245243688154,0.018815245243688154,ok,0.0111083984375,0.0111083984375,1e-09,0.007187635138363026,0.0303909367174073,0.005214044217450765,0.032291892289291385,0.005415827548120625,0.032214662939255685,1.166982551151065,no,no,no,2,0,
pickle,diag residual sts ts_gsr W30,early,did,notes/review_results/inference_rows_diag.pkl,,14,0.0262901639465423,0.0262901639465423,ok,0.00048828125,0.00048828125,1e-09,0.01612133811770155,0.037214870112562456,0.014249008688699903,0.03824448022875983,0.01430633890827806,0.038273988984806544,1.137574852135054,no,no,no,1,0,
pickle,diag residual sts ts_gsr W30,late,did,notes/review_results/inference_rows_diag.pkl,,14,0.011852378818691082,0.011852378818691082,ok,0.1358642578125,0.1358642578125,1e-09,-0.0021112815145714935,0.025649798801348572,-0.004458330295900554,0.02806680859641466,-0.004272601824601619,0.027977359461983785,1.1716092645596043,yes,yes,yes,5,0,
pickle,diag residual sts ts_gsr W30,trend_a_placebo_line,did,notes/review_results/inference_rows_diag.pkl,,14,0.017225884760255585,0.017225884760255585,ok,0.0146484375,0.0146484375,1e-09,0.0057138098106264724,0.028467528764457607,0.004073159871242023,0.030366664697471662,0.00415608976661686,0.030295679753894307,1.1555695523699214,no,no,no,3,0,
pickle,diag residual sts ts_gsr W30,trend_b_shared_slope,did,notes/review_results/inference_rows_diag.pkl,,14,0.02082928442309668,0.02082928442309668,ok,0.0030517578125,0.0030517578125,1e-09,0.010358951076773691,0.031463580871260256,0.008779101861578181,0.03281584610425815,0.00890632446421228,0.03275224438198108,1.1389322853206076,no,no,no,2,0,
pickle,diag observed sts ts_demean W60,primary,did,notes/review_results/inference_rows_diag.pkl,,14,-0.10311246510896123,-0.10311246510896123,ok,0.0025634765625,0.0025634765625,1e-09,-0.15584609347384834,-0.05223916234713622,-0.16293286549141306,-0.04351761780829609,-0.16273636294926302,-0.04348856726865944,1.1525797201450851,no,no,no,12,0,
pickle,diag observed sts ts_demean W60,sensitivity,did,notes/review_results/inference_rows_diag.pkl,,14,-0.09352498363244531,-0.09352498363244531,ok,0.00390625,0.00390625,1e-09,-0.14309546269721363,-0.04255951173253342,-0.1505956471868006,-0.03609591803328534,-0.1507399528662512,-0.03631001439863943,1.1388933814704825,no,no,no,12,0,
pickle,diag observed sts ts_demean W60,early,did,notes/review_results/inference_rows_diag.pkl,,14,-0.11825395779537609,-0.11825395779537609,ok,0.001220703125,0.001220703125,1e-09,-0.16732995041126542,-0.06787891233033685,-0.17598590315949292,-0.06035499484490155,-0.17571050689537615,-0.060797408695376025,1.1626918184654482,no,no,no,13,0,
pickle,diag observed sts ts_demean W60,late,did,notes/review_results/inference_rows_diag.pkl,,14,-0.09099927095982932,-0.09099927095982932,ok,0.0128173828125,0.0128173828125,1e-09,-0.15221763392725993,-0.03192418846647479,-0.16052041525330693,-0.02216912654350963,-0.16021611427270252,-0.02178242764695612,1.150114939179283,no,no,no,11,0,
pickle,diag observed sts ts_demean W60,trend_a_placebo_line,did,notes/review_results/inference_rows_diag.pkl,,14,-0.1125983614576068,-0.1125983614576068,ok,0.0018310546875,0.0018310546875,1e-09,-0.16902535618004605,-0.05952687267247678,-0.1750238600425129,-0.051273143953344466,-0.17485925612978756,-0.05033746678542602,1.1301591777808864,no,no,no,13,0,
pickle,diag observed sts ts_demean W60,trend_b_shared_slope,did,notes/review_results/inference_rows_diag.pkl,,14,-0.11925115758763974,-0.11925115758763974,ok,0.001220703125,0.001220703125,1e-09,-0.1735709829192383,-0.06825697847081345,-0.17958426301152275,-0.05864011697522909,-0.1795574533592418,-0.058944861816037676,1.1484146545346048,no,no,no,13,0,
pickle,diag predicted sts ts_demean W60,primary,did,notes/review_results/inference_rows_diag.pkl,,14,-0.12133747081112332,-0.12133747081112332,ok,0.002197265625,0.002197265625,1e-09,-0.1776115183113446,-0.06310949117493411,-0.18741778457309372,-0.055405411285139386,-0.18731063009552273,-0.0553643115267239,1.1529260799084642,no,no,no,12,0,
pickle,diag predicted sts ts_demean W60,sensitivity,did,notes/review_results/inference_rows_diag.pkl,,14,-0.10708330631981856,-0.10708330631981856,ok,0.0035400390625,0.0035400390625,1e-09,-0.16151712153970124,-0.05297072265113106,-0.17022364587999675,-0.04392639521064786,-0.17034803441468344,-0.043818578224953705,1.1635323876474344,no,no,no,11,0,
pickle,diag predicted sts ts_demean W60,early,did,notes/review_results/inference_rows_diag.pkl,,14,-0.13651442448480977,-0.13651442448480977,ok,0.0006103515625,0.0006103515625,1e-09,-0.18654530864651436,-0.0846799926143496,-0.19454787591502548,-0.0776366598420585,-0.19445476100671297,-0.07857408796290657,1.1477038566890752,no,no,no,13,0,
pickle,diag predicted sts ts_demean W60,late,did,notes/review_results/inference_rows_diag.pkl,,14,-0.10919590787217419,-0.10919590787217419,ok,0.0118408203125,0.0118408203125,1e-09,-0.1785798558551656,-0.038746405465226744,-0.19041687807981356,-0.02862493854083916,-0.18954441670984834,-0.028847399034500024,1.1570331640090568,no,no,no,11,0,
pickle,diag predicted sts ts_demean W60,trend_a_placebo_line,did,notes/review_results/inference_rows_diag.pkl,,14,-0.12743104051692145,-0.12743104051692145,ok,0.0020751953125,0.0020751953125,1e-09,-0.18891201693428913,-0.06713529785463518,-0.19731583387747886,-0.05802777742673573,-0.19734400707868183,-0.05751807395516108,1.1437987285536493,no,no,no,12,0,
pickle,diag predicted sts ts_demean W60,trend_b_shared_slope,did,notes/review_results/inference_rows_diag.pkl,,14,-0.13345412053143094,-0.13345412053143094,ok,0.0013427734375,0.0013427734375,1e-09,-0.1922118491299596,-0.07513986541565094,-0.20144838080895724,-0.06507111984155023,-0.2012653344293056,-0.06564290663355625,1.164900915151563,no,no,no,13,0,
pickle,diag residual sts ts_demean W60,primary,did,notes/review_results/inference_rows_diag.pkl,,14,0.018225005702162112,0.018225005702162112,ok,0.0040283203125,0.0040283203125,1e-09,0.008937194198835822,0.02773845774361166,0.0071619182248215596,0.029312038348090243,0.00718633828939912,0.029263673114925105,1.17811869774164,no,no,no,2,0,
pickle,diag residual sts ts_demean W60,sensitivity,did,notes/review_results/inference_rows_diag.pkl,,14,0.013558322687373328,0.013558322687373328,ok,0.01611328125,0.01611328125,1e-09,0.00410483693302022,0.023065097123981977,0.0028189549688379723,0.024555788945111158,0.0026425667495324715,0.024474078625214182,1.1464417554056037,no,no,no,2,0,
pickle,diag residual sts ts_demean W60,early,did,notes/review_results/inference_rows_diag.pkl,,14,0.018260466689433794,0.018260466689433794,ok,0.0001220703125,0.0001220703125,1e-09,0.012818744912647475,0.023433114184941106,0.012090157451062115,0.02441041651813762,0.012141217008498979,0.02437971637036861,1.1607151353999627,no,no,no,0,0,
pickle,diag residual sts ts_demean W60,late,did,notes/review_results/inference_rows_diag.pkl,,14,0.018196636912344768,0.018196636912344768,ok,0.0321044921875,0.0321044921875,1e-09,0.003633013258352958,0.03285782951387119,0.001829431420489499,0.03473480335473543,0.001752486953448134,0.034640786871241405,1.125939395017847,no,no,no,4,0,
pickle,diag residual sts ts_demean W60,trend_a_placebo_line,did,notes/review_results/inference_rows_diag.pkl,,14,0.014832679059314789,0.014832679059314789,ok,0.016357421875,0.016357421875,1e-09,0.004890897081330555,0.024937298587302294,0.003245013885144829,0.02649772592651108,0.003214922010964988,0.02645043610766459,1.1599444436169437,no,no,no,3,0,
pickle,diag residual sts ts_demean W60,trend_b_shared_slope,did,notes/review_results/inference_rows_diag.pkl,,14,0.014202962943791178,0.014202962943791178,ok,0.0137939453125,0.0137939453125,1e-09,0.004924612584373158,0.023814532628041875,0.003388172254486198,0.025038109797277417,0.003385233681539838,0.02502069220604252,1.1461105972255063,no,no,no,3,0,
pickle,diag observed sts ts_demean W30,primary,did,notes/review_results/inference_rows_diag.pkl,,14,-0.0876928937143816,-0.0876928937143816,ok,0.0029296875,0.0029296875,1e-09,-0.13103659922462257,-0.04271260686680724,-0.13808880057287215,-0.03703859350434584,-0.13879977055282108,-0.03658601687594213,1.1440855918192074,no,no,no,13,0,
pickle,diag observed sts ts_demean W30,sensitivity,did,notes/review_results/inference_rows_diag.pkl,,14,-0.08551424785918431,-0.08551424785918431,ok,0.003662109375,0.003662109375,1e-09,-0.13069303361258858,-0.040185290801751455,-0.13646186900250995,-0.03457241698690715,-0.1366701932116405,-0.03435830250672812,1.1257539835962285,no,no,no,12,0,
pickle,diag observed sts ts_demean W30,early,did,notes/review_results/inference_rows_diag.pkl,,14,-0.09854783860762664,-0.09854783860762664,ok,0.0018310546875,0.0018310546875,1e-09,-0.1453008467059488,-0.05246672594459213,-0.1502237077421572,-0.046689751578408004,-0.15053437426446178,-0.0465613029507915,1.1152575724813292,no,no,no,13,0,
pickle,diag observed sts ts_demean W30,late,did,notes/review_results/inference_rows_diag.pkl,,14,-0.07900893779978549,-0.07900893779978549,ok,0.0113525390625,0.0113525390625,1e-09,-0.12976083690582133,-0.02925926817194698,-0.13762991223715904,-0.020764656748343387,-0.13740389815593218,-0.02061397744363879,1.1628202122722278,no,no,no,11,0,
pickle,diag observed sts ts_demean W30,trend_a_placebo_line,did,notes/review_results/inference_rows_diag.pkl,,14,-0.09506790984781306,-0.09506790984781306,ok,0.0015869140625,0.0015869140625,1e-09,-0.1397638741706699,-0.050635597469240304,-0.14596317727466696,-0.04461758144245071,-0.14619546461213434,-0.04394035508349178,1.1370756799406476,no,no,no,13,0,
pickle,diag observed sts ts_demean W30,trend_b_shared_slope,did,notes/review_results/inference_rows_diag.pkl,,14,-0.09916694383298039,-0.09916694383298039,ok,0.0010986328125,0.0010986328125,1e-09,-0.14340473294352885,-0.05587843454557111,-0.14840644837752115,-0.050215019596642214,-0.14859619457641315,-0.049737693089547605,1.1218505818037663,no,no,no,13,0,
pickle,diag predicted sts ts_demean W30,primary,did,notes/review_results/inference_rows_diag.pkl,,14,-0.11355197942927821,-0.11355197942927821,ok,0.0020751953125,0.0020751953125,1e-09,-0.1647288544969007,-0.05958988742430637,-0.17277420180333442,-0.05295463687101147,-0.1739092010861744,-0.053194757772382036,1.1396304174226122,no,no,no,12,0,
pickle,diag predicted sts ts_demean W30,sensitivity,did,notes/review_results/inference_rows_diag.pkl,,14,-0.10970762377540177,-0.10970762377540177,ok,0.0025634765625,0.0025634765625,1e-09,-0.16143955401600843,-0.05701832916500489,-0.16905106615407503,-0.04933499049875831,-0.16990411462154303,-0.049511132929260515,1.146472623991311,no,no,no,12,0,
pickle,diag predicted sts ts_demean W30,early,did,notes/review_results/inference_rows_diag.pkl,,14,-0.12577333189698067,-0.12577333189698067,ok,0.000732421875,0.000732421875,1e-09,-0.17241826728817283,-0.07571732375629556,-0.17927328949738974,-0.07072550935992108,-0.1804917587519283,-0.07105490504203305,1.12251004150426,no,no,no,13,0,
pickle,diag predicted sts ts_demean W30,late,did,notes/review_results/inference_rows_diag.pkl,,14,-0.10377489745511632,-0.10377489745511632,ok,0.0098876953125,0.0098876953125,1e-09,-0.16588092451705916,-0.0393045081595291,-0.176584634846001,-0.030971148558492152,-0.1762696994984394,-0.03128009541179326,1.1503998175790215,no,no,no,11,0,
pickle,diag predicted sts ts_demean W30,trend_a_placebo_line,did,notes/review_results/inference_rows_diag.pkl,,14,-0.11825442155635,-0.11825442155635,ok,0.0018310546875,0.0018310546875,1e-09,-0.1732366417965562,-0.06349661077387728,-0.18015822648025961,-0.05615729975245429,-0.18078567648359806,-0.055723166629101956,1.1299516281545359,no,no,no,13,0,
pickle,diag predicted sts ts_demean W30,trend_b_shared_slope,did,notes/review_results/inference_rows_diag.pkl,,14,-0.12295393988154009,-0.12295393988154009,ok,0.0013427734375,0.0013427734375,1e-09,-0.1750668616873801,-0.07004439588411694,-0.18328308418348838,-0.061708229520467124,-0.18392301037821027,-0.06198486938486991,1.1576080768353452,no,no,no,13,0,
pickle,diag residual sts ts_demean W30,primary,did,notes/review_results/inference_rows_diag.pkl,,14,0.02585908571489665,0.02585908571489665,ok,0.0018310546875,0.0018310546875,1e-09,0.01357114223352896,0.038281625553840785,0.011731008614993944,0.0403025482404966,0.01164430906376205,0.04007386236603125,1.1562517517420259,no,no,no,3,0,
pickle,diag residual sts ts_demean W30,sensitivity,did,notes/review_results/inference_rows_diag.pkl,,14,0.024193375916217553,0.024193375916217553,ok,0.0023193359375,0.0023193359375,1e-09,0.012229168500605398,0.03638422360639991,0.010516576002035339,0.03834855031479397,0.010301260921009168,0.038085490911425934,1.1522215201273571,no,no,no,3,0,
pickle,diag residual sts ts_demean W30,early,did,notes/review_results/inference_rows_diag.pkl,,14,0.02722549328935397,0.02722549328935397,ok,0.000244140625,0.000244140625,1e-09,0.01906435005865733,0.03519276113094204,0.017785887540589386,0.03664261909096485,0.01785163797284217,0.03659934860586577,1.169162384680233,no,no,no,1,0,
pickle,diag residual sts ts_demean W30,late,did,notes/review_results/inference_rows_diag.pkl,,14,0.024765959655330797,0.024765959655330797,ok,0.0174560546875,0.0174560546875,1e-09,0.008319418664251267,0.04184932542769598,0.005269663906988456,0.04449060721975685,0.00516837735438876,0.04436354195627283,1.1697301632681012,no,no,no,4,0,
pickle,diag residual sts ts_demean W30,trend_a_placebo_line,did,notes/review_results/inference_rows_diag.pkl,,14,0.023186511708536917,0.023186511708536917,ok,0.00537109375,0.00537109375,1e-09,0.01003354354686071,0.0363263990480319,0.00838384357560295,0.037996574413415016,0.008381859860845574,0.03799116355622826,1.126265301860918,no,no,no,3,0,
pickle,diag residual sts ts_demean W30,trend_b_shared_slope,did,notes/review_results/inference_rows_diag.pkl,,14,0.023786996048559734,0.023786996048559734,ok,0.00439453125,0.00439453125,1e-09,0.011114742103638803,0.03666443822084624,0.009059094096023242,0.03844245710585745,0.009157538001600634,0.03841645409551883,1.150047455556422,no,no,no,2,0,
pickle,autocorr lag1 ts_gsr W60,primary,did,notes/review_results/inference_rows_lag.pkl,,14,-0.014645416464981385,-0.014645416464981385,ok,0.0106201171875,0.0106201171875,1e-09,-0.025069607930071177,-0.0051635757910254085,-0.02608634080766899,-0.0037024976978093553,-0.02608994069057165,-0.0032008922393911184,1.1244753828139176,no,no,no,12,0,
pickle,autocorr lag1 ts_gsr W60,sensitivity,did,notes/review_results/inference_rows_lag.pkl,,14,-0.013068064994793556,-0.013068064994793556,ok,0.0211181640625,0.0211181640625,1e-09,-0.023063409249002808,-0.003218564927926143,-0.024341159442196177,-0.002174605505489189,-0.024379518702108978,-0.001756611287478135,1.116993087880488,no,no,no,10,0,
pickle,autocorr lag1 ts_gsr W60,early,did,notes/review_results/inference_rows_lag.pkl,,14,-0.021280185693256442,-0.021280185693256442,ok,0.0006103515625,0.0006103515625,1e-09,-0.03035962410997725,-0.012483180745072117,-0.03156386700808695,-0.011321168929162066,-0.031511044647054905,-0.01104932673945798,1.1323671977539538,no,no,no,13,0,
pickle,autocorr lag1 ts_gsr W60,late,did,notes/review_results/inference_rows_lag.pkl,,14,-0.009337601082361344,-0.009337601082361344,ok,0.1614990234375,0.1614990234375,1e-09,-0.02135226146228965,0.0021521804897968377,-0.022945013901595923,0.0037178549980519896,-0.022862148120196733,0.004186945955474046,1.1343757471034555,yes,yes,yes,9,0,
pickle,autocorr lag1 ts_gsr W60,trend_a_placebo_line,did,notes/review_results/inference_rows_lag.pkl,,14,-0.016234720617179392,-0.016234720617179392,ok,0.0048828125,0.0048828125,1e-09,-0.0261832303945576,-0.006921350031271031,-0.02705665626590478,-0.00563344546415743,-0.027138413974873703,-0.005331027259485083,1.1122076556232956,no,no,no,12,0,
pickle,autocorr lag1 ts_gsr W60,trend_b_shared_slope,did,notes/review_results/inference_rows_lag.pkl,,14,-0.01900645185863404,-0.01900645185863404,ok,0.0015869140625,0.0015869140625,1e-09,-0.02821700459744629,-0.010290141877389884,-0.029036109280086566,-0.008929046229723903,-0.0291737198991555,-0.008839183818112578,1.1216163901264815,no,no,no,13,0,
pickle,sts tau1 ts_gsr W60,primary,did,notes/review_results/inference_rows_lag.pkl,,14,-0.08086620932182376,-0.08086620932182376,ok,0.0037841796875,0.0037841796875,1e-09,-0.12610778692603342,-0.037692625543880684,-0.1317430794744799,-0.031019036897327025,-0.1320665486823018,-0.029665869961345716,1.1392168605766386,no,no,no,13,0,
pickle,sts tau1 ts_gsr W60,sensitivity,did,notes/review_results/inference_rows_lag.pkl,,14,-0.07334382252154002,-0.07334382252154002,ok,0.0069580078125,0.0069580078125,1e-09,-0.11803364761841952,-0.029139727749250104,-0.12380905916771551,-0.023807432548926036,-0.12395798667313625,-0.022729658369943798,1.1249546286851557,no,no,no,12,0,
pickle,sts tau1 ts_gsr W60,early,did,notes/review_results/inference_rows_lag.pkl,,14,-0.10285440900837571,-0.10285440900837571,ok,0.0008544921875,0.0008544921875,1e-09,-0.14640131894591688,-0.06009453499429789,-0.15353605470901965,-0.05225092274757691,-0.1533101274223321,-0.052398690594419324,1.1735477482073737,no,no,no,13,0,
pickle,sts tau1 ts_gsr W60,late,did,notes/review_results/inference_rows_lag.pkl,,14,-0.06327564957258228,-0.06327564957258228,ok,0.03369140625,0.03369140625,1e-09,-0.11471734034379805,-0.011793562479327712,-0.12208249278506865,-0.005348524610947555,-0.12225026290617415,-0.004301036238990405,1.134178812672772,no,no,no,10,0,
pickle,sts tau1 ts_gsr W60,trend_a_placebo_line,did,notes/review_results/inference_rows_lag.pkl,,14,-0.08903770650320027,-0.08903770650320027,ok,0.0020751953125,0.0020751953125,1e-09,-0.1347369365853992,-0.04609972631978637,-0.13871126240866727,-0.04016174611774384,-0.13907908727856325,-0.03899632572783728,1.1118300767319627,no,no,no,13,0,
pickle,sts tau1 ts_gsr W60,trend_b_shared_slope,did,notes/review_results/inference_rows_lag.pkl,,14,-0.0995282582795699,-0.0995282582795699,ok,0.000732421875,0.000732421875,1e-09,-0.14242741208943507,-0.059881692292392846,-0.1460728865463275,-0.05312493435418317,-0.1464715159596522,-0.05258500059948762,1.1260178289156408,no,no,no,13,0,
pickle,sts tau1 ts_gsr global-bins,primary,did,notes/review_results/inference_rows_lag.pkl,,14,-0.08008106904246151,-0.08008106904246151,ok,0.007080078125,0.007080078125,1e-09,-0.13102111242661274,-0.03151702831893454,-0.13623608387447855,-0.025059039503791455,-0.13727940168949682,-0.02288273639542622,1.117311368349233,no,no,no,12,0,
pickle,sts tau1 ts_gsr global-bins,sensitivity,did,notes/review_results/inference_rows_lag.pkl,,14,-0.0773036307944781,-0.0773036307944781,ok,0.008544921875,0.008544921875,1e-09,-0.12801319746476847,-0.027757241379328862,-0.13252026073100656,-0.022853367708293014,-0.13368149405015317,-0.020925767538803056,1.0938691056843923,no,no,no,12,0,
pickle,sts tau1 ts_gsr global-bins,early,did,notes/review_results/inference_rows_lag.pkl,,14,-0.10631190001513767,-0.10631190001513767,ok,0.0008544921875,0.0008544921875,1e-09,-0.1545355199429056,-0.061244445025752874,-0.1597346470763552,-0.05438352485075043,-0.15967135905538507,-0.05295244097489027,1.129273323510979,no,no,no,13,0,
pickle,sts tau1 ts_gsr global-bins,late,did,notes/review_results/inference_rows_lag.pkl,,14,-0.05909640426432087,-0.05909640426432087,ok,0.0772705078125,0.0772705078125,1e-09,-0.11939102427437628,0.0019155637721534678,-0.12507728459599501,0.007955198988985963,-0.1265074788721664,0.00831467034352467,1.0966633035128606,yes,yes,yes,10,0,
pickle,sts tau1 ts_gsr global-bins,trend_a_placebo_line,did,notes/review_results/inference_rows_lag.pkl,,14,-0.08299511582113513,-0.08299511582113513,ok,0.0069580078125,0.0069580078125,1e-09,-0.13537885638676464,-0.03215902949053521,-0.1405204433560744,-0.025969912749424656,-0.1418439970538353,-0.024146234588434956,1.109772550982976,no,no,no,13,0,
pickle,sts tau1 ts_gsr global-bins,trend_b_shared_slope,did,notes/review_results/inference_rows_lag.pkl,,14,-0.09813806693598177,-0.09813806693598177,ok,0.001953125,0.001953125,1e-09,-0.1481116885365251,-0.050775063453434646,-0.1524936677257858,-0.044769557701490874,-0.15325604646116137,-0.04302008741080219,1.1067171265937903,no,no,no,13,0,
pickle,autocorr lag2 ts_gsr W60,primary,did,notes/review_results/inference_rows_lag.pkl,,14,-0.04676351712449901,-0.04676351712449901,ok,0.009033203125,0.009033203125,1e-09,-0.07538835324594147,-0.017436322903747362,-0.0798523352538984,-0.013788632766332395,-0.0803523101494252,-0.013174724099572828,1.1399721821215623,no,no,no,12,0,
pickle,autocorr lag2 ts_gsr W60,sensitivity,did,notes/review_results/inference_rows_lag.pkl,,14,-0.041465704751157274,-0.041465704751157274,ok,0.017578125,0.017578125,1e-09,-0.07115938082653485,-0.012315383169118597,-0.07442973809287512,-0.008381901747290147,-0.07496129261540564,-0.007970116886908907,1.1224226594887168,no,no,no,11,0,
pickle,autocorr lag2 ts_gsr W60,early,did,notes/review_results/inference_rows_lag.pkl,,14,-0.06681528800067536,-0.06681528800067536,ok,0.0006103515625,0.0006103515625,1e-09,-0.09440901773999873,-0.04117431686783601,-0.09693783348981816,-0.036950064634183696,-0.09701833583087814,-0.036612240170472585,1.12685462438661,no,no,no,13,0,
pickle,autocorr lag2 ts_gsr W60,late,did,notes/review_results/inference_rows_lag.pkl,,14,-0.030722100423557948,-0.030722100423557948,ok,0.1197509765625,0.1197509765625,1e-09,-0.0656310216607624,0.0037987942324745317,-0.07034868299226521,0.00896980227425654,-0.07072658294419094,0.009282382097075048,1.1424268413514265,yes,yes,yes,11,0,
pickle,autocorr lag2 ts_gsr W60,trend_a_placebo_line,did,notes/review_results/inference_rows_lag.pkl,,14,-0.052007612933061505,-0.052007612933061505,ok,0.004150390625,0.004150390625,1e-09,-0.08004287192572648,-0.023080805405098492,-0.08434151814503105,-0.019468827798693095,-0.08463460931697445,-0.019380616549148556,1.1388752955942223,no,no,no,12,0,
pickle,autocorr lag2 ts_gsr W60,trend_b_shared_slope,did,notes/review_results/inference_rows_lag.pkl,,14,-0.06082813062955298,-0.06082813062955298,ok,0.0013427734375,0.0013427734375,1e-09,-0.0879057156996763,-0.034134932196865406,-0.09081875746161491,-0.03012417067129773,-0.09144736320368213,-0.030208898055423834,1.1287651552844555,no,no,no,13,0,
pickle,sts tau2 ts_gsr W60,primary,did,notes/review_results/inference_rows_lag.pkl,,14,-0.04287745907859948,-0.04287745907859948,ok,0.003662109375,0.003662109375,1e-09,-0.06536569695565878,-0.020441816119042604,-0.06917359825390243,-0.01734168835597604,-0.06915068359594344,-0.016604234561255524,1.1537718677162834,no,no,no,12,0,
pickle,sts tau2 ts_gsr W60,sensitivity,did,notes/review_results/inference_rows_lag.pkl,,14,-0.03883913999753904,-0.03883913999753904,ok,0.0059814453125,0.0059814453125,1e-09,-0.06179456978505616,-0.01660833111584884,-0.06457812555105161,-0.01342804756466498,-0.06454796940642318,-0.013130310588654898,1.1319835306682307,no,no,no,11,0,
pickle,sts tau2 ts_gsr W60,early,did,notes/review_results/inference_rows_lag.pkl,,14,-0.054262947926818385,-0.054262947926818385,ok,0.0003662109375,0.0003662109375,1e-09,-0.07620602503035093,-0.03384560047082737,-0.07848486953769929,-0.03006015555954298,-0.07823425353008907,-0.030291642323547693,1.1431593163121252,no,no,no,13,0,
pickle,sts tau2 ts_gsr W60,late,did,notes/review_results/inference_rows_lag.pkl,,14,-0.03376906800002434,-0.03376906800002434,ok,0.0338134765625,0.0338134765625,1e-09,-0.0608076212077546,-0.007370734930295441,-0.06496792337719148,-0.0029553050346792426,-0.06483867547146684,-0.0026994605285818422,1.160483378850435,no,no,no,11,0,
pickle,sts tau2 ts_gsr W60,trend_a_placebo_line,did,notes/review_results/inference_rows_lag.pkl,,14,-0.04765241186909384,-0.04765241186909384,ok,0.00146484375,0.00146484375,1e-09,-0.07078691366937556,-0.025248110277314596,-0.07355956411771819,-0.021960675683363743,-0.07371935687166199,-0.021585466866525686,1.1330751928222595,no,no,no,13,0,
pickle,sts tau2 ts_gsr W60,trend_b_shared_slope,did,notes/review_results/inference_rows_lag.pkl,,14,-0.05363473978046662,-0.05363473978046662,ok,0.00048828125,0.00048828125,1e-09,-0.07535691492851743,-0.03357253114009508,-0.0776246769600549,-0.030011204745185788,-0.07752731829034154,-0.02974216127059171,1.1395039940271152,no,no,no,13,0,
pickle,sts tau2 ts_gsr global-bins,primary,did,notes/review_results/inference_rows_lag.pkl,,14,-0.048512222898690616,-0.048512222898690616,ok,0.009765625,0.009765625,1e-09,-0.08106113572239092,-0.01731360646349884,-0.08457203445057154,-0.013354965477392348,-0.0850907002576499,-0.011933745539731325,1.1171737916924083,no,no,no,12,0,
pickle,sts tau2 ts_gsr global-bins,sensitivity,did,notes/review_results/inference_rows_lag.pkl,,14,-0.046468802313505274,-0.046468802313505274,ok,0.011962890625,0.011962890625,1e-09,-0.07922833479289143,-0.01578128201159663,-0.08198273793733284,-0.011656219858159686,-0.08252281088038631,-0.01041479374662424,1.1084284453935507,no,no,no,12,0,
pickle,sts tau2 ts_gsr global-bins,early,did,notes/review_results/inference_rows_lag.pkl,,14,-0.06655561020321052,-0.06655561020321052,ok,0.0010986328125,0.0010986328125,1e-09,-0.0971409566856687,-0.03748220667609054,-0.10019339019449691,-0.03411992125983085,-0.1002232736587349,-0.03288794674768613,1.1075235220995752,no,no,no,12,0,
pickle,sts tau2 ts_gsr global-bins,late,did,notes/review_results/inference_rows_lag.pkl,,14,-0.03407751305507476,-0.03407751305507476,ok,0.1104736328125,0.1104736328125,1e-09,-0.07274318351590021,0.0043912694169034976,-0.0762396783135407,0.008312507822479715,-0.07709976572490876,0.008944739614759244,1.0961662774697931,yes,yes,yes,9,0,
pickle,sts tau2 ts_gsr global-bins,trend_a_placebo_line,did,notes/review_results/inference_rows_lag.pkl,,14,-0.0504587767572237,-0.0504587767572237,ok,0.01025390625,0.01025390625,1e-09,-0.0846118540601684,-0.01847243500834117,-0.0879199413037556,-0.013503922656819677,-0.08835098281570372,-0.01256657069874368,1.1251386799848226,no,no,no,13,0,
pickle,sts tau2 ts_gsr global-bins,trend_b_shared_slope,did,notes/review_results/inference_rows_lag.pkl,,14,-0.060837206650663896,-0.060837206650663896,ok,0.001953125,0.001953125,1e-09,-0.09306945203159395,-0.03039483313959479,-0.09601595508027683,-0.026118854957797456,-0.0963542197962853,-0.02532019350504249,1.1152377367132618,no,no,no,13,0,
pickle,autocorr lag3 ts_gsr W60,primary,did,notes/review_results/inference_rows_lag.pkl,,14,-0.06807642878816633,-0.06807642878816633,ok,0.01318359375,0.01318359375,1e-09,-0.11198511938573996,-0.02130472101893032,-0.11847220329693763,-0.017273136353722025,-0.119312236905005,-0.016840620671327668,1.115997158877237,no,no,no,11,0,
pickle,autocorr lag3 ts_gsr W60,sensitivity,did,notes/review_results/inference_rows_lag.pkl,,14,-0.059492953838640436,-0.059492953838640436,ok,0.0257568359375,0.0257568359375,1e-09,-0.10255142440161868,-0.013918913444205955,-0.10957175853376686,-0.008624100653688564,-0.11058112608099877,-0.008404781596282114,1.138946158578119,no,no,no,10,0,
pickle,autocorr lag3 ts_gsr W60,early,did,notes/review_results/inference_rows_lag.pkl,,14,-0.0985304185779016,-0.0985304185779016,ok,0.00048828125,0.00048828125,1e-09,-0.13855379583328956,-0.059350345250525606,-0.14390472589823777,-0.05320930466212092,-0.14404670958978233,-0.05301412756602087,1.1450943180984812,no,no,no,13,0,
pickle,autocorr lag3 ts_gsr W60,late,did,notes/review_results/inference_rows_lag.pkl,,14,-0.043713236956378146,-0.043713236956378146,ok,0.150634765625,0.150634765625,1e-09,-0.09593524721526793,0.011926523808489768,-0.10448378992811098,0.018219212446248072,-0.10553431276836664,0.01810783885561034,1.1375949162500996,yes,yes,yes,10,0,
pickle,autocorr lag3 ts_gsr W60,trend_a_placebo_line,did,notes/review_results/inference_rows_lag.pkl,,14,-0.07709434345686669,-0.07709434345686669,ok,0.0069580078125,0.0069580078125,1e-09,-0.12069301419670202,-0.031624393323671125,-0.12668709949808105,-0.026070103920098217,-0.1279402771348444,-0.026248409778888968,1.129657050841894,no,no,no,12,0,
pickle,autocorr lag3 ts_gsr W60,trend_b_shared_slope,did,notes/review_results/inference_rows_lag.pkl,,14,-0.09140034865382436,-0.09140034865382436,ok,0.001708984375,0.001708984375,1e-09,-0.13175494441681673,-0.04790984975895209,-0.1382450073277978,-0.043592412938495737,-0.13912811030236613,-0.043672587005282586,1.1288984140996934,no,no,no,13,0,
pickle,sts tau3 ts_gsr W60,primary,did,notes/review_results/inference_rows_lag.pkl,,14,-0.004262982136159883,-0.004262982136159883,ok,0.0018310546875,0.0018310546875,1e-09,-0.0063457016119953125,-0.002232782505933145,-0.006601325379888021,-0.0019167673722199797,-0.006598681161213999,-0.001927283111105767,1.1389861766946296,no,no,no,12,0,
pickle,sts tau3 ts_gsr W60,sensitivity,did,notes/review_results/inference_rows_lag.pkl,,14,-0.003946718783828242,-0.003946718783828242,ok,0.0023193359375,0.0023193359375,1e-09,-0.005917023444128727,-0.0019539778298156563,-0.006245336398979568,-0.0016547551441021468,-0.006226086123503742,-0.0016673514441527411,1.15834681243585,no,no,no,12,0,
pickle,sts tau3 ts_gsr W60,early,did,notes/review_results/inference_rows_lag.pkl,,14,-0.004585522133908149,-0.004585522133908149,ok,0.00048828125,0.00048828125,1e-09,-0.00687512815943841,-0.0025193422255470723,-0.007111165843794542,-0.0020354165119245466,-0.007079482413752553,-0.002091561854063745,1.1652889762962853,no,no,no,12,0,
pickle,sts tau3 ts_gsr W60,late,did,notes/review_results/inference_rows_lag.pkl,,14,-0.0040049501379612685,-0.0040049501379612685,ok,0.0078125,0.0078125,1e-09,-0.006334276070602814,-0.0017132985033194376,-0.006742844220370637,-0.0012938767252881345,-0.006719435656075258,-0.0012904646198472788,1.1791806854162878,no,no,no,12,0,
pickle,sts tau3 ts_gsr W60,trend_a_placebo_line,did,notes/review_results/inference_rows_lag.pkl,,14,-0.004479119846133909,-0.004479119846133909,ok,0.0003662109375,0.0003662109375,1e-09,-0.006261470842996,-0.0027915899420895584,-0.006527395024569017,-0.002445924834318656,-0.006508648021086001,-0.002449591671181817,1.1762565652279744,no,no,no,13,0,
pickle,sts tau3 ts_gsr W60,trend_b_shared_slope,did,notes/review_results/inference_rows_lag.pkl,,14,-0.00475152340507366,-0.00475152340507366,ok,0.0001220703125,0.0001220703125,1e-09,-0.006421920669002804,-0.0032070315828245043,-0.006622331748478102,-0.0029200112540252844,-0.006597821245948685,-0.0029052255641986353,1.15161686615259,no,no,no,14,0,
pickle,sts tau3 ts_gsr global-bins,primary,did,notes/review_results/inference_rows_lag.pkl,,14,-0.011567039831401728,-0.011567039831401728,ok,0.001220703125,0.001220703125,1e-09,-0.01845564912675956,-0.005824874369273855,-0.018938947722097414,-0.0049368342888109745,-0.018882258965869113,-0.004251820696934344,1.1085712240247183,no,no,no,12,0,
pickle,sts tau3 ts_gsr global-bins,sensitivity,did,notes/review_results/inference_rows_lag.pkl,,14,-0.010987824494427917,-0.010987824494427917,ok,0.001708984375,0.001708984375,1e-09,-0.017853551237503786,-0.005436489372757536,-0.01812183279090245,-0.004537374269911174,-0.018041287352954665,-0.003934361635901169,1.0940155303211805,no,no,no,12,0,
pickle,sts tau3 ts_gsr global-bins,early,did,notes/review_results/inference_rows_lag.pkl,,14,-0.01428279528387982,-0.01428279528387982,ok,0.0006103515625,0.0006103515625,1e-09,-0.020902189151570518,-0.008422379173633155,-0.021565181529202983,-0.007527124506023197,-0.02148039036218618,-0.007085200205573461,1.1248614400377246,no,no,no,13,0,
pickle,sts tau3 ts_gsr global-bins,late,did,notes/review_results/inference_rows_lag.pkl,,14,-0.009394435469419255,-0.009394435469419255,ok,0.0150146484375,0.0150146484375,1e-09,-0.016896741056985663,-0.0028864952929566405,-0.017579750158742056,-0.001865540867614169,-0.0174922269649447,-0.0012966439738938077,1.1216226721356846,no,no,no,10,0,
pickle,sts tau3 ts_gsr global-bins,trend_a_placebo_line,did,notes/review_results/inference_rows_lag.pkl,,14,-0.01244015918673494,-0.01244015918673494,ok,0.0006103515625,0.0006103515625,1e-09,-0.019472480414196705,-0.0064475660740760474,-0.020136081137818215,-0.0052292896931069085,-0.02004498805036542,-0.00483533032310446,1.1444828776181584,no,no,no,13,0,
pickle,sts tau3 ts_gsr global-bins,trend_b_shared_slope,did,notes/review_results/inference_rows_lag.pkl,,14,-0.013791194829849958,-0.013791194829849958,ok,0.0003662109375,0.0003662109375,1e-09,-0.0206943161856965,-0.007863400012875835,-0.021179962226592165,-0.006837799488645355,-0.02109078504916318,-0.006491604610536732,1.1177816568022922,no,no,no,13,0,
pickle,autocorr lag5 ts_gsr W60,primary,did,notes/review_results/inference_rows_lag.pkl,,14,-0.01083469811868383,-0.01083469811868383,ok,0.5670166015625,0.5670166015625,1e-09,-0.0452621122905917,0.02634673121713576,-0.05143343139005179,0.030374731398307493,-0.051556550221712516,0.029887153984344855,1.1424310012705512,yes,yes,yes,9,0,
pickle,autocorr lag5 ts_gsr W60,sensitivity,did,notes/review_results/inference_rows_lag.pkl,,14,-0.00481626501104659,-0.00481626501104659,ok,0.79638671875,0.79638671875,1e-09,-0.03884699170873389,0.031367316387765666,-0.045314653696275506,0.03604597703991009,-0.045137773393470255,0.03550524337137708,1.1587471690864917,yes,yes,yes,9,0,
pickle,autocorr lag5 ts_gsr W60,early,did,notes/review_results/inference_rows_lag.pkl,,14,-0.02993028668091464,-0.02993028668091464,ok,0.09716796875,0.09716796875,1e-09,-0.062240353631525615,0.0008623973327671913,-0.06671639790775709,0.007257010713375721,-0.06643840599198565,0.006577832630156374,1.1722691561100282,yes,yes,yes,9,0,
pickle,autocorr lag5 ts_gsr W60,late,did,notes/review_results/inference_rows_lag.pkl,,14,0.0044417727311008215,0.0044417727311008215,ok,0.8592529296875,0.8592529296875,1e-09,-0.04154281737622988,0.0532359094989628,-0.04899513017266023,0.059330910100645604,-0.04941844808779894,0.05830199355000058,1.1429362246651893,yes,yes,yes,6,0,
pickle,autocorr lag5 ts_gsr W60,trend_a_placebo_line,did,notes/review_results/inference_rows_lag.pkl,,14,-0.02152491234144151,-0.02152491234144151,ok,0.292236328125,0.292236328125,1e-09,-0.05792430874222385,0.016278948329687026,-0.06425647651837058,0.02185212125439563,-0.06430919976516708,0.021259375082284062,1.1604422928405662,yes,yes,yes,9,0,
pickle,autocorr lag5 ts_gsr W60,trend_b_shared_slope,did,notes/review_results/inference_rows_lag.pkl,,14,-0.035173609716137075,-0.035173609716137075,ok,0.0728759765625,0.0728759765625,1e-09,-0.06788494682159517,-0.0008047344894915227,-0.0746068981240383,0.003956581499438898,-0.07401403625098586,0.003666816818711713,1.17118710409743,no,yes,yes,11,0,
pickle,sts tau5 ts_gsr W60,primary,did,notes/review_results/inference_rows_lag.pkl,,14,-0.0023924043259862353,-0.0023924043259862353,ok,0.3687744140625,0.3687744140625,1e-09,-0.0073205602438034725,0.0022325976618748074,-0.008143073936926778,0.003195586902095586,-0.007944147833330691,0.0031593391813582207,1.1869018549649224,yes,yes,yes,6,0,
pickle,sts tau5 ts_gsr W60,sensitivity,did,notes/review_results/inference_rows_lag.pkl,,14,-0.002943849602517347,-0.002943849602517347,ok,0.2689208984375,0.2689208984375,1e-09,-0.007844154130787965,0.00173410869783628,-0.008597519817995947,0.002548941636954645,-0.008398914463863812,0.0025112152588291185,1.1637247436601812,yes,yes,yes,6,0,
pickle,sts tau5 ts_gsr W60,early,did,notes/review_results/inference_rows_lag.pkl,,14,0.00042796475229491926,0.00042796475229491926,ok,0.87939453125,0.87939453125,1e-09,-0.004583147802763411,0.005755295961583851,-0.005354197639295295,0.006324295902533011,-0.005472561303285036,0.006328490807874875,1.1296181328666008,yes,yes,yes,9,0,
pickle,sts tau5 ts_gsr W60,late,did,notes/review_results/inference_rows_lag.pkl,,14,-0.00464869958861116,-0.00464869958861116,ok,0.169677734375,0.169677734375,1e-09,-0.011112476968467542,0.0011284262424973456,-0.011509361749545715,0.0019480293731085467,-0.011508073351538178,0.0022106741743158588,1.0993789339498816,yes,yes,yes,6,0,
pickle,sts tau5 ts_gsr W60,trend_a_placebo_line,did,notes/review_results/inference_rows_lag.pkl,,14,-0.0012336748775931858,-0.0012336748775931858,ok,0.64013671875,0.64013671875,1e-09,-0.006002961712715859,0.002890229924352497,-0.006468639781681423,0.0036736513273666165,-0.006409187221463232,0.003941837466276859,1.1404557017272878,yes,yes,yes,6,0,
pickle,sts tau5 ts_gsr W60,trend_b_shared_slope,did,notes/review_results/inference_rows_lag.pkl,,14,0.00028864740220145346,0.00028864740220145346,ok,0.894775390625,0.894775390625,1e-09,-0.0038650341687036993,0.004037714743939235,-0.004361649749881551,0.004739029058567318,-0.0043076834033509235,0.00488497820775383,1.1515839499708094,yes,yes,yes,6,0,
pickle,sts tau5 ts_gsr global-bins,primary,did,notes/review_results/inference_rows_lag.pkl,,14,0.001521286684285951,0.001521286684285951,ok,0.7996826171875,0.7996826171875,1e-09,-0.009774697175686886,0.011272931792921215,-0.010869418389212267,0.01326992022643531,-0.010670986643941964,0.013713560012513866,1.1468911130869262,yes,yes,yes,4,0,
pickle,sts tau5 ts_gsr global-bins,sensitivity,did,notes/review_results/inference_rows_lag.pkl,,14,0.0008159298434289105,0.0008159298434289105,ok,0.8909912109375,0.8909912109375,1e-09,-0.010855405933487886,0.010544852235502557,-0.011785603449886734,0.012787428975632092,-0.011590868017985267,0.013222727704843087,1.1482586906884058,yes,yes,yes,4,0,
pickle,sts tau5 ts_gsr global-bins,early,did,notes/review_results/inference_rows_lag.pkl,,14,0.010242653441695863,0.010242653441695863,ok,0.0205078125,0.0205078125,1e-09,0.0028285784591932693,0.01710813228260464,0.002017500977369198,0.018420348398962914,0.0020015695198565015,0.018483737363535223,1.1486946738280575,no,no,no,3,0,
pickle,sts tau5 ts_gsr global-bins,late,did,notes/review_results/inference_rows_lag.pkl,,14,-0.0054558067216419785,-0.0054558067216419785,ok,0.5250244140625,0.5250244140625,1e-09,-0.021242759335642687,0.008115221103111265,-0.022504330406767803,0.010422017869319771,-0.02219296541898226,0.011281351975698302,1.1215467748123167,yes,yes,yes,8,0,
pickle,sts tau5 ts_gsr global-bins,trend_a_placebo_line,did,notes/review_results/inference_rows_lag.pkl,,14,0.0034281539899611935,0.0034281539899611935,ok,0.58349609375,0.58349609375,1e-09,-0.008265913406647007,0.013588331649670195,-0.009654892885444438,0.01588304371022458,-0.009500180894772406,0.01635648887469479,1.1685572542020621,yes,yes,yes,5,0,
pickle,sts tau5 ts_gsr global-bins,trend_b_shared_slope,did,notes/review_results/inference_rows_lag.pkl,,14,0.009476288529530528,0.009476288529530528,ok,0.094482421875,0.094482421875,1e-09,-0.0006670948435875111,0.01893347345244303,-0.0019024079479965854,0.020766799951687544,-0.0018057914460675659,0.020758368505128622,1.1565587057123767,yes,yes,yes,3,0,
pickle,prewhiten arp MMI sts ts_gsr W60,primary,did,notes/review_results/inference_rows_prewhiten.pkl,,14,-0.02619510091368096,-0.02619510091368096,ok,0.140625,0.140625,1e-09,-0.05889677444444129,0.004873389770144763,-0.06362237359280624,0.01072597845768219,-0.06278837098584417,0.010398169158482243,1.1658798901678673,yes,yes,yes,8,0,
pickle,prewhiten arp MMI sts ts_gsr W60,sensitivity,did,notes/review_results/inference_rows_prewhiten.pkl,,14,-0.018568880679020332,-0.018568880679020332,ok,0.303466796875,0.303466796875,1e-09,-0.051018533312702265,0.014116004044800038,-0.057019835783142,0.01966288350276038,-0.05634815559144736,0.0192103942334067,1.1772973662961,yes,yes,yes,7,0,
pickle,prewhiten arp MMI sts ts_gsr W60,early,did,notes/review_results/inference_rows_prewhiten.pkl,,14,-0.037931045814761685,-0.037931045814761685,ok,0.1419677734375,0.1419677734375,1e-09,-0.0834420589026411,0.0084174310383478,-0.09154965035132692,0.015766324094201818,-0.09094350994907394,0.015081418319550566,1.168262250470465,yes,yes,yes,8,0,
pickle,prewhiten arp MMI sts ts_gsr W60,late,did,notes/review_results/inference_rows_prewhiten.pkl,,14,-0.016806344992816375,-0.016806344992816375,ok,0.2518310546875,0.2518310546875,1e-09,-0.04392711401905539,0.008569374021609247,-0.04726131724231776,0.012992532927469345,-0.04677396491448519,0.01316127492885244,1.1477691635888765,yes,yes,yes,7,0,
pickle,prewhiten arp MMI sts ts_gsr W60,trend_a_placebo_line,did,notes/review_results/inference_rows_prewhiten.pkl,,14,0.027316744110362206,0.027316744110362206,ok,0.029052734375,0.029052734375,1e-09,0.006686450671668168,0.047501428372950745,0.003530774532127279,0.051179414731713835,0.00367596467495181,0.0509575235457726,1.1674302641622964,no,no,no,4,0,
pickle,prewhiten arp MMI sts ts_gsr W60,trend_b_shared_slope,did,notes/review_results/inference_rows_prewhiten.pkl,,14,0.025952136097617737,0.025952136097617737,ok,0.066650390625,0.066650390625,1e-09,0.0008877308442365032,0.05070922386521351,-0.002142436846238955,0.0541467280657742,-0.0019877127168433165,0.05389198491207879,1.1298169022817717,no,yes,yes,4,0,
pickle,prewhiten arp MMI xtx+yty ts_gsr W60,primary,did,notes/review_results/inference_rows_prewhiten.pkl,,14,-0.04143283796002085,-0.04143283796002085,ok,0.0528564453125,0.0528564453125,1e-09,-0.07948639595110767,-0.005986301220193867,-0.08415481031158556,0.0006597069690312868,-0.08342018989864641,0.0005545139786047107,1.1539375233613711,no,yes,yes,8,0,
pickle,prewhiten arp MMI xtx+yty ts_gsr W60,sensitivity,did,notes/review_results/inference_rows_prewhiten.pkl,,14,-0.03254179685606654,-0.03254179685606654,ok,0.1240234375,0.1240234375,1e-09,-0.07043426186837956,0.003637177201843946,-0.07610843052679755,0.01036745586790319,-0.07529520479071031,0.010211611078577223,1.1674659960732934,yes,yes,yes,8,0,
pickle,prewhiten arp MMI xtx+yty ts_gsr W60,early,did,notes/review_results/inference_rows_prewhiten.pkl,,14,-0.04294273469086233,-0.04294273469086233,ok,0.1241455078125,0.1241455078125,1e-09,-0.09234494795680925,0.005114836068203644,-0.09998258144285288,0.013839960172746104,-0.09925411575806177,0.013368646376337112,1.1678924056140594,yes,yes,yes,8,0,
pickle,prewhiten arp MMI xtx+yty ts_gsr W60,late,did,notes/review_results/inference_rows_prewhiten.pkl,,14,-0.04022492057534766,-0.04022492057534766,ok,0.0284423828125,0.0284423828125,1e-09,-0.07574051873071282,-0.009932054959401982,-0.07848119688265459,-0.004030677652970856,-0.07789477443124873,-0.002555066719446601,1.1313213371520823,no,no,no,9,0,
pickle,prewhiten arp MMI xtx+yty ts_gsr W60,trend_a_placebo_line,did,notes/review_results/inference_rows_prewhiten.pkl,,14,0.049730454615920495,0.049730454615920495,ok,0.0074462890625,0.0074462890625,1e-09,0.020517915369309015,0.07743969970836663,0.0166902405627433,0.08208410921684729,0.017147219572692142,0.08231368965914884,1.1488372933740438,no,no,no,2,0,
pickle,prewhiten arp MMI xtx+yty ts_gsr W60,trend_b_shared_slope,did,notes/review_results/inference_rows_prewhiten.pkl,,14,0.07245866640417861,0.07245866640417861,ok,0.0023193359375,0.0023193359375,1e-09,0.037567678833806774,0.10302617341559522,0.03459232093127549,0.10872188801231573,0.03542943809254673,0.1094878947158105,1.1324667265058705,no,no,no,2,0,
pickle,prewhiten arp CCS sts ts_gsr W60,primary,did,notes/review_results/inference_rows_prewhiten.pkl,,14,-0.013456467732335168,-0.013456467732335168,ok,0.0159912109375,0.0159912109375,1e-09,-0.021650398515501636,-0.0041757752254678706,-0.02303162000645601,-0.0033661216381680953,-0.0234271141936121,-0.003485821271058235,1.125374667132519,no,no,no,11,0,
pickle,prewhiten arp CCS sts ts_gsr W60,sensitivity,did,notes/review_results/inference_rows_prewhiten.pkl,,14,-0.013423887857645284,-0.013423887857645284,ok,0.011962890625,0.011962890625,1e-09,-0.02100755158254874,-0.004699929101250199,-0.022334803191205194,-0.003904962523485876,-0.022851765798527116,-0.003996009916763452,1.1301365780851573,no,no,no,12,0,
pickle,prewhiten arp CCS sts ts_gsr W60,early,did,notes/review_results/inference_rows_prewhiten.pkl,,14,-0.01926286188138398,-0.01926286188138398,ok,0.00927734375,0.00927734375,1e-09,-0.03014546248955151,-0.006966685901804214,-0.0319319268639416,-0.0058031932716092055,-0.032572589471106216,-0.005953134291661742,1.1272697458132668,no,no,no,12,0,
pickle,prewhiten arp CCS sts ts_gsr W60,late,did,notes/review_results/inference_rows_prewhiten.pkl,,14,-0.008811352413096123,-0.008811352413096123,ok,0.10693359375,0.10693359375,1e-09,-0.01879377302470141,0.0007194682039422867,-0.019844485709470373,0.002069664289944234,-0.019887555574245954,0.002264850748053708,1.123039977963609,yes,yes,yes,9,0,
pickle,prewhiten arp CCS sts ts_gsr W60,trend_a_placebo_line,did,notes/review_results/inference_rows_prewhiten.pkl,,14,-0.02316866607329281,-0.02316866607329281,ok,0.0006103515625,0.0006103515625,1e-09,-0.03230080091409043,-0.014130893064137052,-0.03388925273561258,-0.01256401904112938,-0.033686406778447475,-0.012650925368138145,1.1736566784260225,no,no,no,12,0,
pickle,prewhiten arp CCS sts ts_gsr W60,trend_b_shared_slope,did,notes/review_results/inference_rows_prewhiten.pkl,,14,-0.02559915809435279,-0.02559915809435279,ok,0.0003662109375,0.0003662109375,1e-09,-0.033964462263219065,-0.016853754234642335,-0.03556055323031801,-0.015632182861495786,-0.03542774590181979,-0.01577057028688579,1.1646724574774867,no,no,no,13,0,
pickle,prewhiten arp autocorr ts_gsr W60,primary,did,notes/review_results/inference_rows_prewhiten.pkl,,14,-0.0543923423072466,-0.0543923423072466,ok,0.052001953125,0.052001953125,1e-09,-0.10234299497202448,-0.005339877247398224,-0.10771507139702655,0.0005575688997690735,-0.10952189700215603,0.0007372123876628334,1.1161769109747732,no,yes,yes,12,0,
pickle,prewhiten arp autocorr ts_gsr W60,sensitivity,did,notes/review_results/inference_rows_prewhiten.pkl,,14,-0.04806566205295026,-0.04806566205295026,ok,0.095458984375,0.095458984375,1e-09,-0.09626907097260655,0.0033813763178709537,-0.10238294499808523,0.008892046359850558,-0.10527879082956851,0.009147466723668,1.116653205113803,yes,yes,yes,12,0,
pickle,prewhiten arp autocorr ts_gsr W60,early,did,notes/review_results/inference_rows_prewhiten.pkl,,14,-0.03601689814638633,-0.03601689814638633,ok,0.3232421875,0.3232421875,1e-09,-0.09598892968813093,0.03395556967446726,-0.10520851503106426,0.03925412889468919,-0.11087845569843402,0.03884465940566136,1.1117257339431021,yes,yes,yes,11,0,
pickle,prewhiten arp autocorr ts_gsr W60,late,did,notes/review_results/inference_rows_prewhiten.pkl,,14,-0.06909269763593483,-0.06909269763593483,ok,0.005859375,0.005859375,1e-09,-0.11475832399019882,-0.02797903502016468,-0.11816538033802104,-0.022596408450234886,-0.11810962494468584,-0.020075770327183814,1.1012877959945855,no,no,no,10,0,
pickle,prewhiten arp autocorr ts_gsr W60,trend_a_placebo_line,did,notes/review_results/inference_rows_prewhiten.pkl,,14,0.09900789874078465,0.09900789874078465,ok,0.0008544921875,0.0008544921875,1e-09,0.05856565871422687,0.13471955543144776,0.05514386662165611,0.14110709537606836,0.055492354182762424,0.1425234432988069,1.1288093250646904,no,no,no,1,0,
pickle,prewhiten arp autocorr ts_gsr W60,trend_b_shared_slope,did,notes/review_results/inference_rows_prewhiten.pkl,,14,0.16041676917407657,0.16041676917407657,ok,0.0001220703125,0.0001220703125,1e-09,0.11516706002717203,0.19991904430675306,0.1108319241641745,0.20985095966787712,0.11149049869936684,0.2093430396487863,1.168338845932589,no,no,no,0,0,
pickle,prewhiten arp diag observed sts ts_gsr W60,primary,did,notes/review_results/inference_rows_prewhiten.pkl,,14,-0.02619510091368088,-0.02619510091368088,ok,0.140625,0.140625,1e-09,-0.0588967744444411,0.004873389770144831,-0.06362237359280608,0.01072597845768257,-0.06278837098584408,0.01039816915848233,1.1658798901678726,yes,yes,yes,8,0,
pickle,prewhiten arp diag observed sts ts_gsr W60,sensitivity,did,notes/review_results/inference_rows_prewhiten.pkl,,14,-0.018568880679020273,-0.018568880679020273,ok,0.303466796875,0.303466796875,1e-09,-0.05101853331270206,0.014116004044800172,-0.05701983578314178,0.019662883502760464,-0.05634815559144728,0.01921039423340673,1.177297366296099,yes,yes,yes,7,0,
pickle,prewhiten arp diag observed sts ts_gsr W60,early,did,notes/review_results/inference_rows_prewhiten.pkl,,14,-0.037931045814761685,-0.037931045814761685,ok,0.1419677734375,0.1419677734375,1e-09,-0.08344205890264114,0.008417431038347604,-0.09154965035132642,0.015766324094202235,-0.09094350994907391,0.015081418319550538,1.168262250470466,yes,yes,yes,8,0,
pickle,prewhiten arp diag observed sts ts_gsr W60,late,did,notes/review_results/inference_rows_prewhiten.pkl,,14,-0.0168063449928162,-0.0168063449928162,ok,0.2518310546875,0.2518310546875,1e-09,-0.04392711401905547,0.00856937402160936,-0.0472613172423175,0.012992532927469345,-0.04677396491448499,0.013161274928852586,1.1477691635888674,yes,yes,yes,7,0,
pickle,prewhiten arp diag observed sts ts_gsr W60,trend_a_placebo_line,did,notes/review_results/inference_rows_prewhiten.pkl,,14,0.027316744110362362,0.027316744110362362,ok,0.029052734375,0.029052734375,1e-09,0.006686450671668455,0.047501428372950724,0.003530774532127841,0.05117941473171428,0.003675964674951987,0.05095752354577274,1.1674302641623022,no,no,no,4,0,
pickle,prewhiten arp diag observed sts ts_gsr W60,trend_b_shared_slope,did,notes/review_results/inference_rows_prewhiten.pkl,,14,0.025952136097617814,0.025952136097617814,ok,0.066650390625,0.066650390625,1e-09,0.0008877308442366375,0.05070922386521348,-0.0021424368462388023,0.05414672806577428,-0.0019877127168431985,0.053891984912078826,1.129816902281774,no,yes,yes,4,0,
pickle,prewhiten arp diag predicted sts ts_gsr W60,primary,did,notes/review_results/inference_rows_prewhiten.pkl,,14,-0.018145720523415253,-0.018145720523415253,ok,0.37109375,0.37109375,1e-09,-0.055446749669345305,0.019167351160522792,-0.06057317152687666,0.024710773986826202,-0.06093186292946564,0.024640421882635134,1.143000378817989,yes,yes,yes,7,0,
pickle,prewhiten arp diag predicted sts ts_gsr W60,sensitivity,did,notes/review_results/inference_rows_prewhiten.pkl,,14,-0.010200029511231614,-0.010200029511231614,ok,0.6129150390625,0.6129150390625,1e-09,-0.049013582144548304,0.027493528946387003,-0.05384892635363428,0.03383662401948951,-0.05372176484380987,0.033321705821346644,1.1461098076086278,yes,yes,yes,7,0,
pickle,prewhiten arp diag predicted sts ts_gsr W60,early,did,notes/review_results/inference_rows_prewhiten.pkl,,14,-0.01975109021244937,-0.01975109021244937,ok,0.517578125,0.517578125,1e-09,-0.07663383350314545,0.036156731406407204,-0.08557292994469809,0.04613141451267943,-0.08496391416574561,0.04546173374084687,1.1676893768817624,yes,yes,yes,7,0,
pickle,prewhiten arp diag predicted sts ts_gsr W60,late,did,notes/review_results/inference_rows_prewhiten.pkl,,14,-0.016861424772188008,-0.016861424772188008,ok,0.2740478515625,0.2740478515625,1e-09,-0.04499943805991343,0.009387533856624995,-0.04902931146238146,0.014204351182371941,-0.048446493562278814,0.014723644017902798,1.1626619467211925,yes,yes,yes,7,0,
pickle,prewhiten arp diag predicted sts ts_gsr W60,trend_a_placebo_line,did,notes/review_results/inference_rows_prewhiten.pkl,,14,0.06944001902480047,0.06944001902480047,ok,0.0009765625,0.0009765625,1e-09,0.04204856432385212,0.09568036744680451,0.03852782271335531,0.10025783546665071,0.03899441629754817,0.09988562175205278,1.150996408078573,no,no,no,3,0,
pickle,prewhiten arp diag predicted sts ts_gsr W60,trend_b_shared_slope,did,notes/review_results/inference_rows_prewhiten.pkl,,14,0.08301034601757286,0.08301034601757286,ok,0.0009765625,0.0009765625,1e-09,0.05065284682430375,0.11394796062170207,0.046203487093184004,0.11930331011869053,0.04682318781780065,0.11919750421734507,1.1549046781003058,no,no,no,3,0,
pickle,prewhiten arp diag residual sts ts_gsr W60,primary,did,notes/review_results/inference_rows_prewhiten.pkl,,14,-0.008049380390265579,-0.008049380390265579,ok,0.3092041015625,0.3092041015625,1e-09,-0.021899503980316672,0.0066963958675126944,-0.023881225855880057,0.008313064586080386,-0.024301687737688746,0.008202926957157589,1.1258358930224124,yes,yes,yes,8,0,
pickle,prewhiten arp diag residual sts ts_gsr W60,sensitivity,did,notes/review_results/inference_rows_prewhiten.pkl,,14,-0.008368851167788639,-0.008368851167788639,ok,0.2847900390625,0.2847900390625,1e-09,-0.022023255298546162,0.005647161550265536,-0.024058260271529075,0.007699232550468428,-0.0244334986717197,0.007695796336142419,1.147705616273046,yes,yes,yes,9,0,
pickle,prewhiten arp diag residual sts ts_gsr W60,early,did,notes/review_results/inference_rows_prewhiten.pkl,,14,-0.018179955602312302,-0.018179955602312302,ok,0.0789794921875,0.0789794921875,1e-09,-0.03631253896242985,-5.7153404242767786e-05,-0.038559598452393554,0.002329893546246901,-0.038887315412274824,0.0025274042076502204,1.1278184294307392,no,yes,yes,11,0,
pickle,prewhiten arp diag residual sts ts_gsr W60,late,did,notes/review_results/inference_rows_prewhiten.pkl,,14,5.507977937180523e-05,5.507977937180523e-05,ok,0.9945068359375,0.9945068359375,1e-09,-0.012876791056429953,0.013548258180026782,-0.014852189631441068,0.015090142528365214,-0.014922104345845063,0.015032263904588672,1.133104119953616,yes,yes,yes,8,0,
pickle,prewhiten arp diag residual sts ts_gsr W60,trend_a_placebo_line,did,notes/review_results/inference_rows_prewhiten.pkl,,14,-0.04212327491443809,-0.04212327491443809,ok,0.0003662109375,0.0003662109375,1e-09,-0.05653304981676247,-0.02780903552690003,-0.05870854763164607,-0.02539895989709242,-0.05866003042926093,-0.025586519399615253,1.1596424997709875,no,no,no,13,0,
pickle,prewhiten arp diag residual sts ts_gsr W60,trend_b_shared_slope,did,notes/review_results/inference_rows_prewhiten.pkl,,14,-0.057058209919955014,-0.057058209919955014,ok,0.0001220703125,0.0001220703125,1e-09,-0.07226384963615196,-0.04112176226810627,-0.0749991375082924,-0.03908369410794141,-0.07496026979473465,-0.03915615004517538,1.1532766887425523,no,no,no,14,0,
pickle,prewhiten arp MMI sts ts_gsr global-bins,primary,did,notes/review_results/inference_rows_prewhiten.pkl,,14,-0.026398214352504522,-0.026398214352504522,ok,0.2735595703125,0.2735595703125,1e-09,-0.070011754203209,0.015893322418799406,-0.07708384669741503,0.023691850973087583,-0.07646234754249684,0.023665918837487802,1.173105264941751,yes,yes,yes,8,0,
pickle,prewhiten arp MMI sts ts_gsr global-bins,sensitivity,did,notes/review_results/inference_rows_prewhiten.pkl,,14,-0.025787824033020795,-0.025787824033020795,ok,0.2906494140625,0.2906494140625,1e-09,-0.0698017078128605,0.01746684617533797,-0.07693510563390614,0.025059116362033472,-0.07652799570812474,0.024952347642083157,1.1687396815321647,yes,yes,yes,8,0,
pickle,prewhiten arp MMI sts ts_gsr global-bins,early,did,notes/review_results/inference_rows_prewhiten.pkl,,14,-0.024146245729211358,-0.024146245729211358,ok,0.412109375,0.412109375,1e-09,-0.07776212295882433,0.030052693877855072,-0.087185663072362,0.039305584825216316,-0.08665240049510925,0.03835990903668654,1.1732269423523711,yes,yes,yes,8,0,
pickle,prewhiten arp MMI sts ts_gsr global-bins,late,did,notes/review_results/inference_rows_prewhiten.pkl,,14,-0.028199789251139057,-0.028199789251139057,ok,0.17529296875,0.17529296875,1e-09,-0.06771582800332697,0.006342087881631276,-0.07087861427925918,0.01258488540558032,-0.07052715359973613,0.01412757509745801,1.1270030851866248,yes,yes,yes,9,0,
pickle,prewhiten arp MMI sts ts_gsr global-bins,trend_a_placebo_line,did,notes/review_results/inference_rows_prewhiten.pkl,,14,-0.015932110978592956,-0.015932110978592956,ok,0.369384765625,0.369384765625,1e-09,-0.04712968203955926,0.016137552254470028,-0.05225007020320144,0.020200797477897547,-0.052242324369177286,0.020378102411991374,1.1451562327569043,yes,yes,yes,10,0,
pickle,prewhiten arp MMI sts ts_gsr global-bins,trend_b_shared_slope,did,notes/review_results/inference_rows_prewhiten.pkl,,14,-0.017851354696773535,-0.017851354696773535,ok,0.298095703125,0.298095703125,1e-09,-0.04782610351820328,0.014163832557166932,-0.052856194121095434,0.0181875415178666,-0.05352934266262885,0.01782663326908178,1.146052732698156,yes,yes,yes,11,0,
pickle,prewhiten arp MMI xtx+yty ts_gsr global-bins,primary,did,notes/review_results/inference_rows_prewhiten.pkl,,14,-0.05929317024200986,-0.05929317024200986,ok,0.0328369140625,0.0328369140625,1e-09,-0.10878255846767086,-0.012862693360626187,-0.11558129328178077,-0.005268860544450639,-0.11478889121723218,-0.003797449266787545,1.1500478301780725,no,no,no,9,0,
pickle,prewhiten arp MMI xtx+yty ts_gsr global-bins,sensitivity,did,notes/review_results/inference_rows_prewhiten.pkl,,14,-0.05821946234753783,-0.05821946234753783,ok,0.0377197265625,0.0377197265625,1e-09,-0.10872018624769743,-0.011335487386485854,-0.11491988221432103,-0.003611876587096772,-0.11420234192506097,-0.0022365827700146917,1.142972221805148,no,no,no,9,0,
pickle,prewhiten arp MMI xtx+yty ts_gsr global-bins,early,did,notes/review_results/inference_rows_prewhiten.pkl,,14,-0.0496059541586198,-0.0496059541586198,ok,0.11376953125,0.11376953125,1e-09,-0.10622335376320445,0.004353574072276344,-0.11406900311740792,0.014101299339391304,-0.11296853874741583,0.01375663043017624,1.1591052940763042,yes,yes,yes,8,0,
pickle,prewhiten arp MMI xtx+yty ts_gsr global-bins,late,did,notes/review_results/inference_rows_prewhiten.pkl,,14,-0.06704294310872196,-0.06704294310872196,ok,0.0074462890625,0.0074462890625,1e-09,-0.11748070878999804,-0.02598555331492456,-0.11970751413449912,-0.018733378407279636,-0.11923419763493981,-0.014851688582504102,1.1036008978063152,no,no,no,11,0,
pickle,prewhiten arp MMI xtx+yty ts_gsr global-bins,trend_a_placebo_line,did,notes/review_results/inference_rows_prewhiten.pkl,,14,-0.004197814702553543,-0.004197814702553543,ok,0.84423828125,0.84423828125,1e-09,-0.04443590245958623,0.03192985626875279,-0.047761534036047174,0.036879949933375705,-0.047556909022789515,0.039161279617682426,1.108369580540981,yes,yes,yes,6,0,
pickle,prewhiten arp MMI xtx+yty ts_gsr global-bins,trend_b_shared_slope,did,notes/review_results/inference_rows_prewhiten.pkl,,14,0.013479155483906366,0.013479155483906366,ok,0.48291015625,0.48291015625,1e-09,-0.023177995058796735,0.04752485956883853,-0.02709241485044318,0.05342593400399166,-0.02695492372485911,0.05391323469267184,1.1388274105549772,yes,yes,yes,6,0,
pickle,prewhiten arp CCS sts ts_gsr global-bins,primary,did,notes/review_results/inference_rows_prewhiten.pkl,,14,-0.004508494800653887,-0.004508494800653887,ok,0.260986328125,0.260986328125,1e-09,-0.011767591680820606,0.0026673936895684662,-0.0128781183453301,0.003856889423077315,-0.01281513050488621,0.0037981409035784362,1.159336662906251,yes,yes,yes,7,0,
pickle,prewhiten arp CCS sts ts_gsr global-bins,sensitivity,did,notes/review_results/inference_rows_prewhiten.pkl,,14,-0.004585652845273855,-0.004585652845273855,ok,0.25341796875,0.25341796875,1e-09,-0.011884607048964406,0.002501236079078103,-0.012971854480710308,0.0038013592612393256,-0.012912501699633882,0.0037411960090861715,1.1659527768138518,yes,yes,yes,8,0,
pickle,prewhiten arp CCS sts ts_gsr global-bins,early,did,notes/review_results/inference_rows_prewhiten.pkl,,14,-0.006137163084482832,-0.006137163084482832,ok,0.1827392578125,0.1827392578125,1e-09,-0.0142809751002127,0.0021110681313109177,-0.01565891118462684,0.0033758181040704745,-0.0155854039681236,0.003311077799157934,1.1612176114867445,yes,yes,yes,8,0,
pickle,prewhiten arp CCS sts ts_gsr global-bins,late,did,notes/review_results/inference_rows_prewhiten.pkl,,14,-0.003205560173590732,-0.003205560173590732,ok,0.4002685546875,0.4002685546875,1e-09,-0.01024989062138409,0.003672195289124388,-0.011264692556433588,0.0049330476860592505,-0.011263625870600168,0.004852505523418704,1.1634564207269174,yes,yes,yes,8,0,
pickle,prewhiten arp CCS sts ts_gsr global-bins,trend_a_placebo_line,did,notes/review_results/inference_rows_prewhiten.pkl,,14,-0.0014699574190413535,-0.0014699574190413535,ok,0.66455078125,0.66455078125,1e-09,-0.007796459246871907,0.004788878849537688,-0.00873597752341147,0.005740471795806362,-0.008678818225419103,0.0057389033873363965,1.1502630448480158,yes,yes,yes,7,0,
pickle,prewhiten arp CCS sts ts_gsr global-bins,trend_b_shared_slope,did,notes/review_results/inference_rows_prewhiten.pkl,,14,-0.0034859707550009985,-0.0034859707550009985,ok,0.2674560546875,0.2674560546875,1e-09,-0.009277732345255045,0.0019961193219152546,-0.010081022933408434,0.003033428788170081,-0.009995309283502136,0.0030233677735001393,1.163262752495501,yes,yes,yes,7,0,
pickle,prewhiten arp autocorr ts_gsr global-bins,primary,did,notes/review_results/inference_rows_prewhiten.pkl,,14,-0.20436051248812584,-0.20436051248812584,ok,0.0006103515625,0.0006103515625,1e-09,-0.2951264557729363,-0.12012143093846095,-0.30621023875239695,-0.10624056733837899,-0.3052510840178925,-0.10346994095835914,1.1426510273242434,no,no,no,13,0,
pickle,prewhiten arp autocorr ts_gsr global-bins,sensitivity,did,notes/review_results/inference_rows_prewhiten.pkl,,14,-0.2019044125575387,-0.2019044125575387,ok,0.000732421875,0.000732421875,1e-09,-0.2935260136135841,-0.11672056677920208,-0.3034409663718464,-0.1041488701355445,-0.30271290367571413,-0.10109592143936327,1.127183012766477,no,no,no,13,0,
pickle,prewhiten arp autocorr ts_gsr global-bins,early,did,notes/review_results/inference_rows_prewhiten.pkl,,14,-0.20263978591264498,-0.20263978591264498,ok,0.001953125,0.001953125,1e-09,-0.30067373576421524,-0.10683927926561572,-0.3101301071427105,-0.09388144348115815,-0.3118318712191352,-0.09344770060615475,1.1156358243412452,no,no,no,13,0,
pickle,prewhiten arp autocorr ts_gsr global-bins,late,did,notes/review_results/inference_rows_prewhiten.pkl,,14,-0.20573709374851054,-0.20573709374851054,ok,0.00048828125,0.00048828125,1e-09,-0.3038611681661197,-0.12006555821789155,-0.309708202518637,-0.10644112404735784,-0.3089465198558151,-0.10252766764120594,1.105940879265483,no,no,no,12,0,
pickle,prewhiten arp autocorr ts_gsr global-bins,trend_a_placebo_line,did,notes/review_results/inference_rows_prewhiten.pkl,,14,-0.09337491343617418,-0.09337491343617418,ok,0.05517578125,0.05517578125,1e-09,-0.18312924019967597,-0.01200391994864229,-0.1923745489487521,0.0018593363456164778,-0.1909954212835912,0.004245594411242851,1.1350388417648283,no,yes,yes,9,0,
pickle,prewhiten arp autocorr ts_gsr global-bins,trend_b_shared_slope,did,notes/review_results/inference_rows_prewhiten.pkl,,14,-0.05127158036725549,-0.05127158036725549,ok,0.2945556640625,0.2945556640625,1e-09,-0.14294407443098692,0.03200244004832213,-0.15263842154386972,0.04795624507019481,-0.15176078925530745,0.049217628520796475,1.1466056766611883,yes,yes,yes,7,0,
pickle,prewhiten arp MMI sts ts_demean W60,primary,did,notes/review_results/inference_rows_prewhiten.pkl,,14,-0.027435487930897322,-0.027435487930897322,ok,0.1654052734375,0.1654052734375,1e-09,-0.06290538798289139,0.007709545002743626,-0.068217730735019,0.013582764214704822,-0.06799139796799102,0.013120422106196374,1.15840221736618,yes,yes,yes,9,0,
pickle,prewhiten arp MMI sts ts_demean W60,sensitivity,did,notes/review_results/inference_rows_prewhiten.pkl,,14,-0.01788006979686251,-0.01788006979686251,ok,0.36767578125,0.36767578125,1e-09,-0.05428927220838764,0.018227356371310004,-0.06039319347989653,0.02480229086704107,-0.060053915088352255,0.024293775494627242,1.174840667796705,yes,yes,yes,8,0,
pickle,prewhiten arp MMI sts ts_demean W60,early,did,notes/review_results/inference_rows_prewhiten.pkl,,14,-0.03852224230808445,-0.03852224230808445,ok,0.1544189453125,0.1544189453125,1e-09,-0.08573337544753569,0.010594332630123656,-0.0943613511107983,0.017457209765637773,-0.09383979395809347,0.01679530934192456,1.1608140908562674,yes,yes,yes,9,0,
pickle,prewhiten arp MMI sts ts_demean W60,late,did,notes/review_results/inference_rows_prewhiten.pkl,,14,-0.018566084429147606,-0.018566084429147606,ok,0.2891845703125,0.2891845703125,1e-09,-0.05083392961590135,0.012755625451986538,-0.05555304388129224,0.018249139233747318,-0.054984592378872585,0.017852423520577376,1.1606022881627136,yes,yes,yes,7,0,
pickle,prewhiten arp MMI sts ts_demean W60,trend_a_placebo_line,did,notes/review_results/inference_rows_prewhiten.pkl,,14,0.017444228527663055,0.017444228527663055,ok,0.2413330078125,0.2413330078125,1e-09,-0.009826622209383441,0.04424717183021621,-0.0141571069877993,0.04873560963843991,-0.013700023004368605,0.04858848005969471,1.163090508873508,yes,yes,yes,5,0,
pickle,prewhiten arp MMI sts ts_demean W60,trend_b_shared_slope,did,notes/review_results/inference_rows_prewhiten.pkl,,14,0.015941083368534992,0.015941083368534992,ok,0.357177734375,0.357177734375,1e-09,-0.01834611949147475,0.04713842762482258,-0.021491258524860002,0.05307361019569502,-0.020939862338364767,0.05282202907543475,1.1386635779603314,yes,yes,yes,5,0,
pickle,prewhiten arp MMI xtx+yty ts_demean W60,primary,did,notes/review_results/inference_rows_prewhiten.pkl,,14,-0.036363010225672676,-0.036363010225672676,ok,0.1978759765625,0.1978759765625,1e-09,-0.08931877565062339,0.01220890931322981,-0.09451596103441637,0.020936883958120177,-0.09386114476503106,0.021135124313685708,1.137156284353781,yes,yes,yes,8,0,
pickle,prewhiten arp MMI xtx+yty ts_demean W60,sensitivity,did,notes/review_results/inference_rows_prewhiten.pkl,,14,-0.023802187328714,-0.023802187328714,ok,0.3837890625,0.3837890625,1e-09,-0.07329202350020872,0.022880427076080033,-0.08115702782231453,0.032159564881265174,-0.08031702489735976,0.032712650239931765,1.178264586423233,yes,yes,yes,7,0,
pickle,prewhiten arp MMI xtx+yty ts_demean W60,early,did,notes/review_results/inference_rows_prewhiten.pkl,,14,-0.032189221619553725,-0.032189221619553725,ok,0.4449462890625,0.4449462890625,1e-09,-0.10806581204429934,0.03763877305280539,-0.11827342617242566,0.050337610220942325,-0.11708591575232546,0.05270747251321802,1.1572116023733725,yes,yes,yes,8,0,
pickle,prewhiten arp MMI xtx+yty ts_demean W60,late,did,notes/review_results/inference_rows_prewhiten.pkl,,14,-0.039702041110567805,-0.039702041110567805,ok,0.086181640625,0.086181640625,1e-09,-0.08080686538532532,-0.00017722835711785734,-0.08618027509714626,0.0065430622164234144,-0.08563888330582076,0.006234801084685139,1.1499907568867183,no,yes,yes,8,0,
pickle,prewhiten arp MMI xtx+yty ts_demean W60,trend_a_placebo_line,did,notes/review_results/inference_rows_prewhiten.pkl,,14,0.028826417671944583,0.028826417671944583,ok,0.205078125,0.205078125,1e-09,-0.012399411628921306,0.07008156082961613,-0.018820044386823883,0.07612324956539651,-0.018225913985183896,0.07587874932907307,1.1510932900305908,yes,yes,yes,6,0,
pickle,prewhiten arp MMI xtx+yty ts_demean W60,trend_b_shared_slope,did,notes/review_results/inference_rows_prewhiten.pkl,,14,0.043910375050462344,0.043910375050462344,ok,0.1220703125,0.1220703125,1e-09,-0.0072084045619585846,0.09244074809265396,-0.014578500298180887,0.10140936987109654,-0.013496177693158438,0.10131692779408313,1.1639624329902278,yes,yes,yes,6,0,
pickle,prewhiten arp CCS sts ts_demean W60,primary,did,notes/review_results/inference_rows_prewhiten.pkl,,14,-0.0168114755588028,-0.0168114755588028,ok,0.1072998046875,0.1072998046875,1e-09,-0.03402736675041843,0.0030358082452514533,-0.03650104474180489,0.0042870697396069175,-0.03772411345550381,0.004101162337898215,1.1005024390429883,yes,yes,yes,10,0,
pickle,prewhiten arp CCS sts ts_demean W60,sensitivity,did,notes/review_results/inference_rows_prewhiten.pkl,,14,-0.017492161982845568,-0.017492161982845568,ok,0.0985107421875,0.0985107421875,1e-09,-0.03501812614120167,0.0019739229672375395,-0.03742510994211247,0.003945714717235227,-0.038634224046292444,0.003649900080601308,1.1183707217211043,yes,yes,yes,10,0,
pickle,prewhiten arp CCS sts ts_demean W60,early,did,notes/review_results/inference_rows_prewhiten.pkl,,14,-0.029117239734835026,-0.029117239734835026,ok,0.131103515625,0.131103515625,1e-09,-0.06184712471980203,0.005494568550286295,-0.06674557520867722,0.009328570484781456,-0.06764193990726379,0.009407460437593735,1.1296737875055647,yes,yes,yes,10,0,
pickle,prewhiten arp CCS sts ts_demean W60,late,did,notes/review_results/inference_rows_prewhiten.pkl,,14,-0.0069668642179770215,-0.0069668642179770215,ok,0.3154296875,0.3154296875,1e-09,-0.019927750334065502,0.005318153306120005,-0.021568054505634066,0.007573711687579804,-0.02136060634896464,0.007426877913010598,1.1543166213637552,yes,yes,yes,8,0,
pickle,prewhiten arp CCS sts ts_demean W60,trend_a_placebo_line,did,notes/review_results/inference_rows_prewhiten.pkl,,14,-0.01797648752661322,-0.01797648752661322,ok,0.029296875,0.029296875,1e-09,-0.031227226414406818,-0.0043411065527442,-0.03349975434879007,-0.0022298887508250664,-0.03355650044447658,-0.0023964746087498656,1.163048657034117,no,no,no,11,0,
pickle,prewhiten arp CCS sts ts_demean W60,trend_b_shared_slope,did,notes/review_results/inference_rows_prewhiten.pkl,,14,-0.019666298593748965,-0.019666298593748965,ok,0.046142578125,0.046142578125,1e-09,-0.03631870316996536,-0.0022386292704428185,-0.038935900518387724,-0.00038137110335799483,-0.038969900840570074,-0.00036269634692785713,1.1312924240921283,no,no,no,10,0,
pickle,prewhiten arp autocorr ts_demean W60,primary,did,notes/review_results/inference_rows_prewhiten.pkl,,14,-0.041790089730637574,-0.041790089730637574,ok,0.345947265625,0.345947265625,1e-09,-0.12381292230498388,0.03150173674564863,-0.1318000714656267,0.04344720681228499,-0.13064881236763118,0.04706863290635604,1.1283370117741505,yes,yes,yes,9,0,
pickle,prewhiten arp autocorr ts_demean W60,sensitivity,did,notes/review_results/inference_rows_prewhiten.pkl,,14,-0.03296535939187207,-0.03296535939187207,ok,0.45068359375,0.45068359375,1e-09,-0.11439310985604086,0.03955877535905602,-0.12268737299076242,0.05141960926885658,-0.12166740558406591,0.05573668680032178,1.1309181567758138,yes,yes,yes,9,0,
pickle,prewhiten arp autocorr ts_demean W60,early,did,notes/review_results/inference_rows_prewhiten.pkl,,14,-0.019423161414775496,-0.019423161414775496,ok,0.7794189453125,0.7794189453125,1e-09,-0.15215434161343697,0.09874994750691493,-0.16736817609955784,0.12133517653587567,-0.16539084674107513,0.12654452391152415,1.1506513246449543,yes,yes,yes,7,0,
pickle,prewhiten arp autocorr ts_demean W60,late,did,notes/review_results/inference_rows_prewhiten.pkl,,14,-0.059683632383327266,-0.059683632383327266,ok,0.0318603515625,0.0318603515625,1e-09,-0.11058941163509901,-0.012071851059316118,-0.11648430669759517,-0.005450124332006057,-0.11610783670062584,-0.003259428066028691,1.1270496520280566,no,no,no,10,0,
pickle,prewhiten arp autocorr ts_demean W60,trend_a_placebo_line,did,notes/review_results/inference_rows_prewhiten.pkl,,14,0.08427430232364234,0.08427430232364234,ok,0.027587890625,0.027587890625,1e-09,0.019202916472958947,0.14670006693752086,0.010828739018250693,0.15668715658004442,0.011120145280919258,0.15742845936636543,1.1440131566103933,no,no,no,2,0,
pickle,prewhiten arp autocorr ts_demean W60,trend_b_shared_slope,did,notes/review_results/inference_rows_prewhiten.pkl,,14,0.13259599661717975,0.13259599661717975,ok,0.0098876953125,0.0098876953125,1e-09,0.04656947666461951,0.21053370675516134,0.0393922511200155,0.22496720332115341,0.03906137081205881,0.2261306224223007,1.131801442904117,no,no,no,2,0,
pickle,prewhiten arp diag observed sts ts_demean W60,primary,did,notes/review_results/inference_rows_prewhiten.pkl,,14,-0.027435487930897222,-0.027435487930897222,ok,0.1654052734375,0.1654052734375,1e-09,-0.0629053879828912,0.00770954500274366,-0.06821773073501947,0.013582764214704647,-0.067991397967991,0.013120422106196551,1.1584022173661865,yes,yes,yes,9,0,
pickle,prewhiten arp diag observed sts ts_demean W60,sensitivity,did,notes/review_results/inference_rows_prewhiten.pkl,,14,-0.017880069796862404,-0.017880069796862404,ok,0.36767578125,0.36767578125,1e-09,-0.05428927220838764,0.01822735637131028,-0.06039319347989713,0.02480229086704077,-0.060053915088352255,0.024293775494627443,1.1748406677967045,yes,yes,yes,8,0,
pickle,prewhiten arp diag observed sts ts_demean W60,early,did,notes/review_results/inference_rows_prewhiten.pkl,,14,-0.038522242308084285,-0.038522242308084285,ok,0.1544189453125,0.1544189453125,1e-09,-0.08573337544753573,0.010594332630123904,-0.09436135111079799,0.017457209765638113,-0.09383979395809333,0.016795309341924768,1.1608140908562643,yes,yes,yes,9,0,
pickle,prewhiten arp diag observed sts ts_demean W60,late,did,notes/review_results/inference_rows_prewhiten.pkl,,14,-0.018566084429147537,-0.018566084429147537,ok,0.2891845703125,0.2891845703125,1e-09,-0.05083392961590129,0.012755625451986483,-0.055553043881292376,0.018249139233746818,-0.0549845923788726,0.01785242352057752,1.1606022881627098,yes,yes,yes,7,0,
pickle,prewhiten arp diag observed sts ts_demean W60,trend_a_placebo_line,did,notes/review_results/inference_rows_prewhiten.pkl,,14,0.01744422852766316,0.01744422852766316,ok,0.2413330078125,0.2413330078125,1e-09,-0.009826622209383651,0.044247171830216384,-0.014157106987799085,0.048735609638440175,-0.013700023004368553,0.04858848005969487,1.1630905088735004,yes,yes,yes,5,0,
pickle,prewhiten arp diag observed sts ts_demean W60,trend_b_shared_slope,did,notes/review_results/inference_rows_prewhiten.pkl,,14,0.015941083368535152,0.015941083368535152,ok,0.357177734375,0.357177734375,1e-09,-0.018346119491474508,0.04713842762482288,-0.02149125852485917,0.05307361019569605,-0.020939862338364635,0.05282202907543494,1.1386635779603334,yes,yes,yes,5,0,
pickle,prewhiten arp diag predicted sts ts_demean W60,primary,did,notes/review_results/inference_rows_prewhiten.pkl,,14,-0.011182409838688425,-0.011182409838688425,ok,0.702880859375,0.702880859375,1e-09,-0.06674477503079296,0.03991749054716399,-0.07253922075134228,0.04815733120199475,-0.0719006623353607,0.049535842657983845,1.1315768636577737,yes,yes,yes,7,0,
pickle,prewhiten arp diag predicted sts ts_demean W60,sensitivity,did,notes/review_results/inference_rows_prewhiten.pkl,,14,0.0012991535546455868,0.0012991535546455868,ok,0.966552734375,0.966552734375,1e-09,-0.05701167178225023,0.05342110487335853,-0.06213753058225323,0.0625882016515372,-0.06152440949119354,0.06412271660048471,1.1294267518307097,yes,yes,yes,7,0,
pickle,prewhiten arp diag predicted sts ts_demean W60,early,did,notes/review_results/inference_rows_prewhiten.pkl,,14,-0.004953673417730541,-0.004953673417730541,ok,0.9134521484375,0.9134521484375,1e-09,-0.09282447560319086,0.07883234246651352,-0.10553425982766332,0.09327562157585992,-0.10466818799822303,0.09476084116276196,1.1581822594590612,yes,yes,yes,7,0,
pickle,prewhiten arp diag predicted sts ts_demean W60,late,did,notes/review_results/inference_rows_prewhiten.pkl,,14,-0.016165398975454725,-0.016165398975454725,ok,0.3572998046875,0.3572998046875,1e-09,-0.04943022366413565,0.013748177282145786,-0.052768501715256,0.019651265158327366,-0.052287227071600495,0.01995642912069104,1.146274134654968,yes,yes,yes,7,0,
pickle,prewhiten arp diag predicted sts ts_demean W60,trend_a_placebo_line,did,notes/review_results/inference_rows_prewhiten.pkl,,14,0.053200100634251214,0.053200100634251214,ok,0.0233154296875,0.0233154296875,1e-09,0.01276644298569213,0.08902012022775002,0.009143532723149462,0.09632696249975475,0.009660868008056642,0.09673933326044579,1.1433341043980376,no,no,no,3,0,
pickle,prewhiten arp diag predicted sts ts_demean W60,trend_b_shared_slope,did,notes/review_results/inference_rows_prewhiten.pkl,,14,0.06291164012199915,0.06291164012199915,ok,0.034912109375,0.034912109375,1e-09,0.009205468991820434,0.10957943954650151,0.005275700197818863,0.11881642291190636,0.006172672622064959,0.11965060762193334,1.13117695839514,no,no,no,3,0,
pickle,prewhiten arp diag residual sts ts_demean W60,primary,did,notes/review_results/inference_rows_prewhiten.pkl,,14,-0.0162530780922088,-0.0162530780922088,ok,0.3489990234375,0.3489990234375,1e-09,-0.045416824462185576,0.017758590772710494,-0.05038379070137582,0.020319726369701335,-0.05229558085603736,0.01978942467161976,1.1191618892917512,yes,yes,yes,9,0,
pickle,prewhiten arp diag residual sts ts_demean W60,sensitivity,did,notes/review_results/inference_rows_prewhiten.pkl,,14,-0.01917922335150801,-0.01917922335150801,ok,0.2838134765625,0.2838134765625,1e-09,-0.05018742855531216,0.014749250344081626,-0.05419927968881007,0.018307728955681005,-0.05611749540212371,0.01775904869910769,1.1165801804682063,yes,yes,yes,9,0,
pickle,prewhiten arp diag residual sts ts_demean W60,early,did,notes/review_results/inference_rows_prewhiten.pkl,,14,-0.03356856889035375,-0.03356856889035375,ok,0.2762451171875,0.2762451171875,1e-09,-0.08693432842589296,0.024857084579687088,-0.09606644222670467,0.03197027656395929,-0.09814539346586035,0.031008255685152843,1.1453180110020886,yes,yes,yes,9,0,
pickle,prewhiten arp diag residual sts ts_demean W60,late,did,notes/review_results/inference_rows_prewhiten.pkl,,14,-0.002400685453692837,-0.002400685453692837,ok,0.777587890625,0.777587890625,1e-09,-0.016903087400764624,0.01413817188730848,-0.019292159748048703,0.015464587019115794,-0.020092684252611962,0.01529131334522629,1.1196951272050675,yes,yes,yes,11,0,
pickle,prewhiten arp diag residual sts ts_demean W60,trend_a_placebo_line,did,notes/review_results/inference_rows_prewhiten.pkl,,14,-0.03575587210658806,-0.03575587210658806,ok,0.017333984375,0.017333984375,1e-09,-0.06003376789163533,-0.010404756667488486,-0.06326747070374852,-0.007758997450397539,-0.06399736482034099,-0.00751437939283512,1.118468248393059,no,no,no,11,0,
pickle,prewhiten arp diag residual sts ts_demean W60,trend_b_shared_slope,did,notes/review_results/inference_rows_prewhiten.pkl,,14,-0.046970556753463975,-0.046970556753463975,ok,0.0169677734375,0.0169677734375,1e-09,-0.07846499294024183,-0.013447123847587209,-0.08332058080140248,-0.01035294087631148,-0.08426232470473269,-0.009678788802195262,1.1222705533629143,no,no,no,11,0,
pickle,prewhiten arp MMI sts ts_demean global-bins,primary,did,notes/review_results/inference_rows_prewhiten.pkl,,14,-0.026441703347272767,-0.026441703347272767,ok,0.2830810546875,0.2830810546875,1e-09,-0.07181769087664579,0.015549112444952556,-0.0769721119544804,0.022804346330169162,-0.07652599636459735,0.023642589670051815,1.1420408495131853,yes,yes,yes,8,0,
pickle,prewhiten arp MMI sts ts_demean global-bins,sensitivity,did,notes/review_results/inference_rows_prewhiten.pkl,,14,-0.025475620687763163,-0.025475620687763163,ok,0.3050537109375,0.3050537109375,1e-09,-0.0704944635184375,0.017474433136263175,-0.0766562646858818,0.024377886845335973,-0.0762425683872524,0.025291327011726067,1.148521299838526,yes,yes,yes,8,0,
pickle,prewhiten arp MMI sts ts_demean global-bins,early,did,notes/review_results/inference_rows_prewhiten.pkl,,14,-0.028596238664293522,-0.028596238664293522,ok,0.3614501953125,0.3614501953125,1e-09,-0.08853721457154166,0.02307931140620003,-0.09316654255532071,0.03372978275671329,-0.09233575353918798,0.03514327621060094,1.1368954928532657,yes,yes,yes,7,0,
pickle,prewhiten arp MMI sts ts_demean global-bins,late,did,notes/review_results/inference_rows_prewhiten.pkl,,14,-0.02471807509365615,-0.02471807509365615,ok,0.2332763671875,0.2332763671875,1e-09,-0.06244381519667488,0.011150041673730451,-0.06748714568063499,0.017600321533129668,-0.0671630302779059,0.01772688009059361,1.1561762194852614,yes,yes,yes,8,0,
pickle,prewhiten arp MMI sts ts_demean global-bins,trend_a_placebo_line,did,notes/review_results/inference_rows_prewhiten.pkl,,14,-0.01465390568638328,-0.01465390568638328,ok,0.459716796875,0.459716796875,1e-09,-0.051814258274395626,0.019788985847796148,-0.0562565743741844,0.026353056662029105,-0.055878580026685866,0.02657076865391931,1.153713523024728,yes,yes,yes,9,0,
pickle,prewhiten arp MMI sts ts_demean global-bins,trend_b_shared_slope,did,notes/review_results/inference_rows_prewhiten.pkl,,14,-0.018424666926572898,-0.018424666926572898,ok,0.39404296875,0.39404296875,1e-09,-0.0591399957932065,0.018238696352144913,-0.06338893739972636,0.025849202552668975,-0.06289141412849601,0.02604208027535022,1.1532650330244225,yes,yes,yes,8,0,
pickle,prewhiten arp MMI xtx+yty ts_demean global-bins,primary,did,notes/review_results/inference_rows_prewhiten.pkl,,14,-0.03877761028777922,-0.03877761028777922,ok,0.2144775390625,0.2144775390625,1e-09,-0.09538066009590762,0.017248022255526786,-0.10414060110574974,0.02632964727110317,-0.10340783263286492,0.025852612057306476,1.158410501241128,yes,yes,yes,9,0,
pickle,prewhiten arp MMI xtx+yty ts_demean global-bins,sensitivity,did,notes/review_results/inference_rows_prewhiten.pkl,,14,-0.037234107328590116,-0.037234107328590116,ok,0.230224609375,0.230224609375,1e-09,-0.0936836904437999,0.019135151316001475,-0.10282523793672416,0.027850034219117043,-0.10180720475013864,0.027338990092958412,1.1582752501045643,yes,yes,yes,9,0,
pickle,prewhiten arp MMI xtx+yty ts_demean global-bins,early,did,notes/review_results/inference_rows_prewhiten.pkl,,14,-0.03379765774492945,-0.03379765774492945,ok,0.3514404296875,0.3514404296875,1e-09,-0.10234851281869181,0.030445025459342755,-0.11145274888726629,0.04299342237967552,-0.11004765439530906,0.042452338905450145,1.1630548690070475,yes,yes,yes,8,0,
pickle,prewhiten arp MMI xtx+yty ts_demean global-bins,late,did,notes/review_results/inference_rows_prewhiten.pkl,,14,-0.042761572322059,-0.042761572322059,ok,0.1434326171875,0.1434326171875,1e-09,-0.09571753256798284,0.008880463988735706,-0.10256717151935967,0.016631619957913946,-0.10213187726347903,0.016608732619361022,1.1395896231400353,yes,yes,yes,8,0,
pickle,prewhiten arp MMI xtx+yty ts_demean global-bins,trend_a_placebo_line,did,notes/review_results/inference_rows_prewhiten.pkl,,14,0.0020474557871804555,0.0020474557871804555,ok,0.9361572265625,0.9361572265625,1e-09,-0.04457906532300952,0.04924616537594712,-0.05201898034269624,0.05600061004091024,-0.05175035105239662,0.055845262626757534,1.1512851029398818,yes,yes,yes,6,0,
pickle,prewhiten arp MMI xtx+yty ts_demean global-bins,trend_b_shared_slope,did,notes/review_results/inference_rows_prewhiten.pkl,,14,0.01124525215415416,0.01124525215415416,ok,0.6427001953125,0.6427001953125,1e-09,-0.034517034801556476,0.0551709328205765,-0.04075327733386212,0.06337326732823698,-0.04087003048229128,0.0633605347905996,1.1609867791942585,yes,yes,yes,7,0,
pickle,prewhiten arp CCS sts ts_demean global-bins,primary,did,notes/review_results/inference_rows_prewhiten.pkl,,14,-0.0027775816754292255,-0.0027775816754292255,ok,0.6385498046875,0.6385498046875,1e-09,-0.01352090756385281,0.008181860771875386,-0.015448208144462721,0.010025154970007145,-0.015436208717999746,0.009881045367141295,1.173737963766324,yes,yes,yes,7,0,
pickle,prewhiten arp CCS sts ts_demean global-bins,sensitivity,did,notes/review_results/inference_rows_prewhiten.pkl,,14,-0.0028475822869287472,-0.0028475822869287472,ok,0.632568359375,0.632568359375,1e-09,-0.013722788629158818,0.008255995797616725,-0.015550273938113769,0.009984951647852703,-0.015549158968812699,0.009853994394955204,1.1618124592394796,yes,yes,yes,7,0,
pickle,prewhiten arp CCS sts ts_demean global-bins,early,did,notes/review_results/inference_rows_prewhiten.pkl,,14,-0.005368855265891812,-0.005368855265891812,ok,0.45556640625,0.45556640625,1e-09,-0.018221247729103798,0.0075678455721914705,-0.020102641492668986,0.009548352185723469,-0.020336561012770028,0.009598850480986406,1.149749366213787,yes,yes,yes,8,0,
pickle,prewhiten arp CCS sts ts_demean global-bins,late,did,notes/review_results/inference_rows_prewhiten.pkl,,14,-0.000704562803059151,-0.000704562803059151,ok,0.904052734375,0.904052734375,1e-09,-0.012070397360507334,0.009652445962919693,-0.013280707826587955,0.011561690603700757,-0.013198770072612507,0.011789644466494205,1.1436071263975558,yes,yes,yes,6,0,
pickle,prewhiten arp CCS sts ts_demean global-bins,trend_a_placebo_line,did,notes/review_results/inference_rows_prewhiten.pkl,,14,0.0002517373789144699,0.0002517373789144699,ok,0.960205078125,0.960205078125,1e-09,-0.009143165620059727,0.009655423738236349,-0.010537834645760118,0.011032401483042156,-0.010454911743331935,0.010958386501160874,1.1474390826715426,yes,yes,yes,6,0,
pickle,prewhiten arp CCS sts ts_demean global-bins,trend_b_shared_slope,did,notes/review_results/inference_rows_prewhiten.pkl,,14,-0.0037191840538835564,-0.0037191840538835564,ok,0.444091796875,0.444091796875,1e-09,-0.01280243739823385,0.005236368127419438,-0.014239173279880384,0.006813344959346998,-0.01412465810928413,0.006686290001517018,1.1670683077817008,yes,yes,yes,7,0,
pickle,prewhiten arp autocorr ts_demean global-bins,primary,did,notes/review_results/inference_rows_prewhiten.pkl,,14,-0.14479810018850517,-0.14479810018850517,ok,0.0162353515625,0.0162353515625,1e-09,-0.2672063493475622,-0.04049805797899824,-0.2771594664536643,-0.025629485768006915,-0.2754447800005519,-0.014151420376458446,1.1094873467893607,no,no,no,11,0,
pickle,prewhiten arp autocorr ts_demean global-bins,sensitivity,did,notes/review_results/inference_rows_prewhiten.pkl,,14,-0.14127417973105835,-0.14127417973105835,ok,0.01953125,0.01953125,1e-09,-0.26605286859227933,-0.03826612068204989,-0.27398808578310246,-0.021540223546674106,-0.2728485629203485,-0.009699796541768224,1.1082640432441566,no,no,no,11,0,
pickle,prewhiten arp autocorr ts_demean global-bins,early,did,notes/review_results/inference_rows_prewhiten.pkl,,14,-0.13982481078485312,-0.13982481078485312,ok,0.06103515625,0.06103515625,1e-09,-0.2890071381569641,-0.013289541427334042,-0.2982519924785957,0.0057632813993245425,-0.2964770313450242,0.016827409775317936,1.102632829692183,no,yes,yes,11,0,
pickle,prewhiten arp autocorr ts_demean global-bins,late,did,notes/review_results/inference_rows_prewhiten.pkl,,14,-0.14877673171142677,-0.14877673171142677,ok,0.0103759765625,0.0103759765625,1e-09,-0.2625379535752167,-0.05261375274647243,-0.27018968351076944,-0.03724413539464532,-0.2685462770378733,-0.029007186384980246,1.1096650467001687,no,no,no,11,0,
pickle,prewhiten arp autocorr ts_demean global-bins,trend_a_placebo_line,did,notes/review_results/inference_rows_prewhiten.pkl,,14,-0.05176650917178791,-0.05176650917178791,ok,0.3804931640625,0.3804931640625,1e-09,-0.16049511805115416,0.043969496779528605,-0.17007698000146798,0.059125439497869955,-0.16854948401892883,0.06501646567535302,1.1209881948969047,yes,yes,yes,7,0,
pickle,prewhiten arp autocorr ts_demean global-bins,trend_b_shared_slope,did,notes/review_results/inference_rows_prewhiten.pkl,,14,-0.018243607556562284,-0.018243607556562284,ok,0.7728271484375,0.7728271484375,1e-09,-0.1334289365897743,0.0877338948727666,-0.14815359146479115,0.10612697253248699,-0.1460611184782493,0.10957390336512471,1.149743663145073,yes,yes,yes,6,0,
pickle,prewhiten ar1 MMI sts ts_gsr W60,primary,did,notes/review_results/inference_rows_prewhiten.pkl,,14,-0.061990110929853195,-0.061990110929853195,ok,0.0006103515625,0.0006103515625,1e-09,-0.08994436391844715,-0.0363869455564054,-0.09282776715253178,-0.03255389111404157,-0.09263655390510243,-0.03134366795460396,1.1254066734704427,no,no,no,13,0,
pickle,prewhiten ar1 MMI sts ts_gsr W60,sensitivity,did,notes/review_results/inference_rows_prewhiten.pkl,,14,-0.058005933699855475,-0.058005933699855475,ok,0.0008544921875,0.0008544921875,1e-09,-0.08588803073831341,-0.032943173258448984,-0.08875009249224655,-0.028478792744746708,-0.08852333316243391,-0.027488534237277044,1.1383787324467112,no,no,no,13,0,
pickle,prewhiten ar1 MMI sts ts_gsr W60,early,did,notes/review_results/inference_rows_prewhiten.pkl,,14,-0.07296134270859933,-0.07296134270859933,ok,0.00048828125,0.00048828125,1e-09,-0.10292794893878787,-0.043355578622448314,-0.10820421193071969,-0.03817232784171033,-0.10763206909736381,-0.038290616319834846,1.1755765922545633,no,no,no,13,0,
pickle,prewhiten ar1 MMI sts ts_gsr W60,late,did,notes/review_results/inference_rows_prewhiten.pkl,,14,-0.05321312550685633,-0.05321312550685633,ok,0.002685546875,0.002685546875,1e-09,-0.08516827586672097,-0.024978522631404175,-0.08808513382548001,-0.020416276079257625,-0.08773844144322368,-0.018687809570488982,1.1242587667981527,no,no,no,12,0,
pickle,prewhiten ar1 MMI sts ts_gsr W60,trend_a_placebo_line,did,notes/review_results/inference_rows_prewhiten.pkl,,14,-0.06285772140278742,-0.06285772140278742,ok,0.000244140625,0.000244140625,1e-09,-0.08923386313258182,-0.03982144838180927,-0.09131499938549432,-0.03661131688068772,-0.09105500773442764,-0.0346604350711472,1.1070837719775946,no,no,no,13,0,
pickle,prewhiten ar1 MMI sts ts_gsr W60,trend_b_shared_slope,did,notes/review_results/inference_rows_prewhiten.pkl,,14,-0.06576401150364496,-0.06576401150364496,ok,0.000244140625,0.000244140625,1e-09,-0.09005909952730864,-0.04419622137880016,-0.09223761348461862,-0.040420718255936766,-0.09217100522871645,-0.039357017778573464,1.129822142014151,no,no,no,13,0,
pickle,prewhiten ar1 MMI xtx+yty ts_gsr W60,primary,did,notes/review_results/inference_rows_prewhiten.pkl,,14,-0.08174711779814992,-0.08174711779814992,ok,0.0008544921875,0.0008544921875,1e-09,-0.1218780906100265,-0.04585881388493109,-0.1255268809742096,-0.040401937848872124,-0.12521856914189716,-0.03827566645440268,1.1197810186115087,no,no,no,13,0,
pickle,prewhiten ar1 MMI xtx+yty ts_gsr W60,sensitivity,did,notes/review_results/inference_rows_prewhiten.pkl,,14,-0.07663884057808036,-0.07663884057808036,ok,0.00146484375,0.00146484375,1e-09,-0.11638163676453855,-0.04134373085175461,-0.1200409221269941,-0.03505581047034346,-0.11981373466558048,-0.03346394649058024,1.1325624112622263,no,no,no,13,0,
pickle,prewhiten ar1 MMI xtx+yty ts_gsr W60,early,did,notes/review_results/inference_rows_prewhiten.pkl,,14,-0.09425262089310864,-0.09425262089310864,ok,0.001220703125,0.001220703125,1e-09,-0.13920422718428047,-0.05131167287717097,-0.14604512973689443,-0.043234459990518025,-0.14500105536084618,-0.04350418642537111,1.1697312765213401,no,no,no,12,0,
pickle,prewhiten ar1 MMI xtx+yty ts_gsr W60,late,did,notes/review_results/inference_rows_prewhiten.pkl,,14,-0.0717427153221829,-0.0717427153221829,ok,0.0023193359375,0.0023193359375,1e-09,-0.11426674085174357,-0.035319700795322526,-0.11698076828905615,-0.030039545258974665,-0.11694574240837105,-0.026539688235994757,1.101260072169232,no,no,no,12,0,
pickle,prewhiten ar1 MMI xtx+yty ts_gsr W60,trend_a_placebo_line,did,notes/review_results/inference_rows_prewhiten.pkl,,14,-0.0825648590673985,-0.0825648590673985,ok,0.0003662109375,0.0003662109375,1e-09,-0.11865061417808276,-0.05126845983544941,-0.121357388799237,-0.047436232456485636,-0.12094666024343052,-0.044183057891366465,1.097043528274084,no,no,no,13,0,
pickle,prewhiten ar1 MMI xtx+yty ts_gsr W60,trend_b_shared_slope,did,notes/review_results/inference_rows_prewhiten.pkl,,14,-0.08389167687901013,-0.08389167687901013,ok,0.0003662109375,0.0003662109375,1e-09,-0.11819596248053045,-0.053582094404707487,-0.12128858209943297,-0.04818651536813988,-0.12109865314660581,-0.04668470061141444,1.1313680624337397,no,no,no,13,0,
pickle,prewhiten ar1 CCS sts ts_gsr W60,primary,did,notes/review_results/inference_rows_prewhiten.pkl,,14,-0.005660323158457161,-0.005660323158457161,ok,0.0064697265625,0.0064697265625,1e-09,-0.009368025355609258,-0.002226266632937317,-0.009797525001910936,-0.0016645110097210179,-0.009744816005805275,-0.0015758303111090468,1.1387970817847959,no,no,no,12,0,
pickle,prewhiten ar1 CCS sts ts_gsr W60,sensitivity,did,notes/review_results/inference_rows_prewhiten.pkl,,14,-0.004943784210670957,-0.004943784210670957,ok,0.0181884765625,0.0181884765625,1e-09,-0.008646523672440683,-0.0015078652683767283,-0.009064440643826034,-0.0008952147312158694,-0.00901831530989727,-0.0008692531114446438,1.144364311921624,no,no,no,12,0,
pickle,prewhiten ar1 CCS sts ts_gsr W60,early,did,notes/review_results/inference_rows_prewhiten.pkl,,14,-0.007472467340232497,-0.007472467340232497,ok,0.0029296875,0.0029296875,1e-09,-0.011966204477659885,-0.003390876616939235,-0.01239811618552343,-0.002638331234824814,-0.012440939464911004,-0.0025039952155539906,1.138123825609442,no,no,no,11,0,
pickle,prewhiten ar1 CCS sts ts_gsr W60,late,did,notes/review_results/inference_rows_prewhiten.pkl,,14,-0.004210607813036889,-0.004210607813036889,ok,0.0330810546875,0.0330810546875,1e-09,-0.007776756031796865,-0.0009050237312656903,-0.008144425128150161,-0.00040074708757825093,-0.008096484659287782,-0.0003247309667859955,1.1268887817375155,no,no,no,9,0,
pickle,prewhiten ar1 CCS sts ts_gsr W60,trend_a_placebo_line,did,notes/review_results/inference_rows_prewhiten.pkl,,14,-0.00549494200679656,-0.00549494200679656,ok,0.0032958984375,0.0032958984375,1e-09,-0.008837276114229294,-0.002576207422604231,-0.00912352001165285,-0.0020318484343019596,-0.009067888543326795,-0.0019219954702663251,1.1326615194043246,no,no,no,10,0,
pickle,prewhiten ar1 CCS sts ts_gsr W60,trend_b_shared_slope,did,notes/review_results/inference_rows_prewhiten.pkl,,14,-0.005793927355381013,-0.005793927355381013,ok,0.0018310546875,0.0018310546875,1e-09,-0.0090727766225871,-0.002885782831074005,-0.009360290344447872,-0.0024342744126676034,-0.009291793035730389,-0.0022960616750316368,1.1194476938510776,no,no,no,12,0,
pickle,prewhiten ar1 autocorr ts_gsr W60,primary,did,notes/review_results/inference_rows_prewhiten.pkl,,14,-0.019631633206668355,-0.019631633206668355,ok,0.0009765625,0.0009765625,1e-09,-0.02815864200256012,-0.01159597908123183,-0.02912001237681917,-0.010568983559396207,-0.029083932512553055,-0.010179333900783656,1.1200510996051358,no,no,no,12,0,
pickle,prewhiten ar1 autocorr ts_gsr W60,sensitivity,did,notes/review_results/inference_rows_prewhiten.pkl,,14,-0.018146229645549888,-0.018146229645549888,ok,0.0013427734375,0.0013427734375,1e-09,-0.026517495730790833,-0.010105858018402924,-0.027699986329570277,-0.00879974457497414,-0.027650347079902285,-0.008642112211197492,1.1516365451041957,no,no,no,12,0,
pickle,prewhiten ar1 autocorr ts_gsr W60,early,did,notes/review_results/inference_rows_prewhiten.pkl,,14,-0.02469419901899358,-0.02469419901899358,ok,0.000244140625,0.000244140625,1e-09,-0.032315871960622425,-0.017227683511495197,-0.03334137282707064,-0.016115580127431948,-0.03335576406818874,-0.016032633969798416,1.141674015917737,no,no,no,13,0,
pickle,prewhiten ar1 autocorr ts_gsr W60,late,did,notes/review_results/inference_rows_prewhiten.pkl,,14,-0.015581580556808219,-0.015581580556808219,ok,0.013916015625,0.013916015625,1e-09,-0.026190123535955206,-0.005125649630003646,-0.027847679087935718,-0.0037460405952435966,-0.027717077490719652,-0.0034460836228967853,1.144184212731866,no,no,no,11,0,
pickle,prewhiten ar1 autocorr ts_gsr W60,trend_a_placebo_line,did,notes/review_results/inference_rows_prewhiten.pkl,,14,-0.019817319039433012,-0.019817319039433012,ok,0.000244140625,0.000244140625,1e-09,-0.027722262697236995,-0.012634100663996738,-0.028440375151081332,-0.0116325222363767,-0.028393883532022247,-0.011240754546843775,1.1139761673871063,no,no,no,13,0,
pickle,prewhiten ar1 autocorr ts_gsr W60,trend_b_shared_slope,did,notes/review_results/inference_rows_prewhiten.pkl,,14,-0.020846366029989183,-0.020846366029989183,ok,0.000244140625,0.000244140625,1e-09,-0.027627597371721175,-0.014599877823142149,-0.028336479511041426,-0.013535335019199127,-0.0283753441334609,-0.013317387926517467,1.1361270433133253,no,no,no,13,0,
pickle,prewhiten ar1 diag observed sts ts_gsr W60,primary,did,notes/review_results/inference_rows_prewhiten.pkl,,14,-0.06199011092985295,-0.06199011092985295,ok,0.0006103515625,0.0006103515625,1e-09,-0.08994436391844686,-0.036386945556405245,-0.09282776715253101,-0.032553891114040764,-0.09263655390510223,-0.031343667954603686,1.1254066734704462,no,no,no,13,0,
pickle,prewhiten ar1 diag observed sts ts_gsr W60,sensitivity,did,notes/review_results/inference_rows_prewhiten.pkl,,14,-0.058005933699855204,-0.058005933699855204,ok,0.0008544921875,0.0008544921875,1e-09,-0.08588803073831322,-0.032943173258448165,-0.0887500924922458,-0.028478792744745875,-0.08852333316243367,-0.027488534237276735,1.1383787324466992,no,no,no,13,0,
pickle,prewhiten ar1 diag observed sts ts_gsr W60,early,did,notes/review_results/inference_rows_prewhiten.pkl,,14,-0.07296134270859907,-0.07296134270859907,ok,0.00048828125,0.00048828125,1e-09,-0.1029279489387868,-0.04335557862244777,-0.10820421193071852,-0.03817232784170903,-0.10763206909736363,-0.038290616319834506,1.175576592254576,no,no,no,13,0,
pickle,prewhiten ar1 diag observed sts ts_gsr W60,late,did,notes/review_results/inference_rows_prewhiten.pkl,,14,-0.053213125506855995,-0.053213125506855995,ok,0.002685546875,0.002685546875,1e-09,-0.08516827586672099,-0.02497852263140313,-0.08808513382547976,-0.020416276079257265,-0.08773844144322354,-0.018687809570488448,1.1242587667981347,no,no,no,12,0,
pickle,prewhiten ar1 diag observed sts ts_gsr W60,trend_a_placebo_line,did,notes/review_results/inference_rows_prewhiten.pkl,,14,-0.06285772140278717,-0.06285772140278717,ok,0.000244140625,0.000244140625,1e-09,-0.08923386313258118,-0.039821448381808636,-0.09131499938549427,-0.03661131688068783,-0.09105500773442733,-0.03466043507114701,1.1070837719775912,no,no,no,13,0,
pickle,prewhiten ar1 diag observed sts ts_gsr W60,trend_b_shared_slope,did,notes/review_results/inference_rows_prewhiten.pkl,,14,-0.06576401150364473,-0.06576401150364473,ok,0.000244140625,0.000244140625,1e-09,-0.09005909952730826,-0.044196221378800214,-0.09223761348461817,-0.04042071825593657,-0.09217100522871613,-0.03935701777857334,1.1298221420141563,no,no,no,13,0,
pickle,prewhiten ar1 diag predicted sts ts_gsr W60,primary,did,notes/review_results/inference_rows_prewhiten.pkl,,14,-0.0625689555570825,-0.0625689555570825,ok,0.00048828125,0.00048828125,1e-09,-0.09074892052511051,-0.03672028930890522,-0.09382687866289341,-0.032510723759829274,-0.09368844316016876,-0.03144946795399624,1.1348826265410372,no,no,no,13,0,
pickle,prewhiten ar1 diag predicted sts ts_gsr W60,sensitivity,did,notes/review_results/inference_rows_prewhiten.pkl,,14,-0.05930168408867231,-0.05930168408867231,ok,0.0009765625,0.0009765625,1e-09,-0.08668415460955199,-0.033488174187203616,-0.09028759643584792,-0.029274647127175774,-0.09011788680597371,-0.02848548137137091,1.1469466080756687,no,no,no,13,0,
pickle,prewhiten ar1 diag predicted sts ts_gsr W60,early,did,notes/review_results/inference_rows_prewhiten.pkl,,14,-0.0755468016796849,-0.0755468016796849,ok,0.0003662109375,0.0003662109375,1e-09,-0.10466485532069814,-0.04771437154501153,-0.10834517358007204,-0.042799836062791356,-0.10812988609824481,-0.042963717261125,1.1509180110821708,no,no,no,13,0,
pickle,prewhiten ar1 diag predicted sts ts_gsr W60,late,did,notes/review_results/inference_rows_prewhiten.pkl,,14,-0.052186678659000625,-0.052186678659000625,ok,0.0072021484375,0.0072021484375,1e-09,-0.08643711945932456,-0.021214739061538437,-0.09048205712354021,-0.015864584712121974,-0.08980445936984384,-0.014568897948157411,1.1440470580241353,no,no,no,11,0,
pickle,prewhiten ar1 diag predicted sts ts_gsr W60,trend_a_placebo_line,did,notes/review_results/inference_rows_prewhiten.pkl,,14,-0.062241873308746754,-0.062241873308746754,ok,0.000244140625,0.000244140625,1e-09,-0.08982300282583494,-0.03887014064315044,-0.09156112314775192,-0.03516192856193393,-0.0913170899495997,-0.033166656667893805,1.1068896264081576,no,no,no,13,0,
pickle,prewhiten ar1 diag predicted sts ts_gsr W60,trend_b_shared_slope,did,notes/review_results/inference_rows_prewhiten.pkl,,14,-0.06631667416628624,-0.06631667416628624,ok,0.000244140625,0.000244140625,1e-09,-0.09027436067583126,-0.04543119649729636,-0.09239440855920616,-0.0411868142741519,-0.0922991361503455,-0.04033421218222698,1.1419264278760646,no,no,no,13,0,
pickle,prewhiten ar1 diag residual sts ts_gsr W60,primary,did,notes/review_results/inference_rows_prewhiten.pkl,,14,0.0005788446272296263,0.0005788446272296263,ok,0.863525390625,0.863525390625,1e-09,-0.005117690769790895,0.005463777907050788,-0.005671785154134872,0.006211013581124143,-0.0056041571000106484,0.006761846354469901,1.1229819884327954,yes,yes,yes,5,0,
pickle,prewhiten ar1 diag residual sts ts_gsr W60,sensitivity,did,notes/review_results/inference_rows_prewhiten.pkl,,14,0.0012957503888171697,0.0012957503888171697,ok,0.6805419921875,0.6805419921875,1e-09,-0.004439946268274955,0.005883494246345156,-0.004783742525385671,0.0066961854316926455,-0.004727806125563359,0.007319306903197698,1.1120253892895864,yes,yes,yes,5,0,
pickle,prewhiten ar1 diag residual sts ts_gsr W60,early,did,notes/review_results/inference_rows_prewhiten.pkl,,14,0.0025854589710858455,0.0025854589710858455,ok,0.410400390625,0.410400390625,1e-09,-0.0035959448290226867,0.007840831512613632,-0.003978055745777245,0.00864201317577225,-0.0038821293572279913,0.009053047299399682,1.1034638209724643,yes,yes,yes,5,0,
pickle,prewhiten ar1 diag residual sts ts_gsr W60,late,did,notes/review_results/inference_rows_prewhiten.pkl,,14,-0.0010264468478553476,-0.0010264468478553476,ok,0.7716064453125,0.7716064453125,1e-09,-0.007556697930875499,0.004121122513886453,-0.007635587803581095,0.005014502384221043,-0.007541922708735381,0.005489029013024685,1.0832578089069946,yes,yes,yes,7,0,
pickle,prewhiten ar1 diag residual sts ts_gsr W60,trend_a_placebo_line,did,notes/review_results/inference_rows_prewhiten.pkl,,14,-0.0006158480940404071,-0.0006158480940404071,ok,0.8345947265625,0.8345947265625,1e-09,-0.006054397382175917,0.003959792744492255,-0.006431475032766138,0.004802779619682927,-0.006395312832653297,0.005163616644572483,1.1218335692001506,yes,yes,yes,5,0,
pickle,prewhiten ar1 diag residual sts ts_gsr W60,trend_b_shared_slope,did,notes/review_results/inference_rows_prewhiten.pkl,,14,0.0005526626626415411,0.0005526626626415411,ok,0.8323974609375,0.8323974609375,1e-09,-0.0045472704448456785,0.004769288727324113,-0.004748949913930297,0.005471002828819054,-0.004727286367266145,0.005832611692549228,1.0969664394209138,yes,yes,yes,6,0,
pickle,prewhiten ar1 MMI sts ts_gsr global-bins,primary,did,notes/review_results/inference_rows_prewhiten.pkl,,14,-0.05590005621824417,-0.05590005621824417,ok,0.00146484375,0.00146484375,1e-09,-0.08769370614488155,-0.02804386274172651,-0.0903151585660934,-0.02388399056536119,-0.09003524467147017,-0.021764867765018167,1.113685538983636,no,no,no,13,0,
pickle,prewhiten ar1 MMI sts ts_gsr global-bins,sensitivity,did,notes/review_results/inference_rows_prewhiten.pkl,,14,-0.054874817663953815,-0.054874817663953815,ok,0.001708984375,0.001708984375,1e-09,-0.08695307840082014,-0.027009097571274142,-0.08893840051696121,-0.023030139057290178,-0.08878423915100142,-0.020965396176906202,1.0994975733607815,no,no,no,13,0,
pickle,prewhiten ar1 MMI sts ts_gsr global-bins,early,did,notes/review_results/inference_rows_prewhiten.pkl,,14,-0.06529672373269656,-0.06529672373269656,ok,0.00146484375,0.00146484375,1e-09,-0.1000628752170949,-0.033485692305607856,-0.10346792093023788,-0.028077150733977742,-0.10303787626615124,-0.027555571199241867,1.132381499176536,no,no,no,13,0,
pickle,prewhiten ar1 MMI sts ts_gsr global-bins,late,did,notes/review_results/inference_rows_prewhiten.pkl,,14,-0.04838272220668218,-0.04838272220668218,ok,0.007568359375,0.007568359375,1e-09,-0.08274881238627414,-0.018267514099350537,-0.08572562205607677,-0.01390334723721727,-0.08543219727273252,-0.011333247140631844,1.1138465993546007,no,no,no,12,0,
pickle,prewhiten ar1 MMI sts ts_gsr global-bins,trend_a_placebo_line,did,notes/review_results/inference_rows_prewhiten.pkl,,14,-0.05467409651853904,-0.05467409651853904,ok,0.0008544921875,0.0008544921875,1e-09,-0.08534396778154107,-0.029059302869071626,-0.08779386721816743,-0.025007313173730603,-0.0875676587919739,-0.021780534245104198,1.1155179504413633,no,no,no,13,0,
pickle,prewhiten ar1 MMI sts ts_gsr global-bins,trend_b_shared_slope,did,notes/review_results/inference_rows_prewhiten.pkl,,14,-0.057230220894134445,-0.057230220894134445,ok,0.0006103515625,0.0006103515625,1e-09,-0.08599695264278961,-0.03310430398550892,-0.08804168338819285,-0.02933988897244267,-0.08787183433111412,-0.026588607457154766,1.1098289820218683,no,no,no,13,0,
pickle,prewhiten ar1 MMI xtx+yty ts_gsr global-bins,primary,did,notes/review_results/inference_rows_prewhiten.pkl,,14,-0.06755732776522194,-0.06755732776522194,ok,0.001708984375,0.001708984375,1e-09,-0.10746620632710546,-0.03322042927837059,-0.11032530145814146,-0.02817194374630104,-0.11019284624304537,-0.02492180928739851,1.1065054603430848,no,no,no,13,0,
pickle,prewhiten ar1 MMI xtx+yty ts_gsr global-bins,sensitivity,did,notes/review_results/inference_rows_prewhiten.pkl,,14,-0.06637350506765015,-0.06637350506765015,ok,0.001953125,0.001953125,1e-09,-0.10651018933918575,-0.03215348041396069,-0.10865012050444792,-0.027463897911347297,-0.1084799282295445,-0.024267081905755807,1.0918479820663325,no,no,no,13,0,
pickle,prewhiten ar1 MMI xtx+yty ts_gsr global-bins,early,did,notes/review_results/inference_rows_prewhiten.pkl,,14,-0.07452508038924635,-0.07452508038924635,ok,0.0029296875,0.0029296875,1e-09,-0.11761263480524245,-0.03490187078337273,-0.12146767633539941,-0.028200516198129584,-0.12135518730162954,-0.027694973476863158,1.1276302575636814,no,no,no,12,0,
pickle,prewhiten ar1 MMI xtx+yty ts_gsr global-bins,late,did,notes/review_results/inference_rows_prewhiten.pkl,,14,-0.06198312566600247,-0.06198312566600247,ok,0.0042724609375,0.0042724609375,1e-09,-0.10402415372323279,-0.02553543411330162,-0.10740679471179071,-0.020896930616601663,-0.10731249779283276,-0.016653753539172172,1.1021948698503543,no,no,no,12,0,
pickle,prewhiten ar1 MMI xtx+yty ts_gsr global-bins,trend_a_placebo_line,did,notes/review_results/inference_rows_prewhiten.pkl,,14,-0.06712223136484394,-0.06712223136484394,ok,0.0006103515625,0.0006103515625,1e-09,-0.10536397218413879,-0.03631796247386729,-0.10665120503220579,-0.03158426299290442,-0.1069037205083638,-0.02734074222132407,1.0872017420600364,no,no,no,13,0,
pickle,prewhiten ar1 MMI xtx+yty ts_gsr global-bins,trend_b_shared_slope,did,notes/review_results/inference_rows_prewhiten.pkl,,14,-0.0680471744130038,-0.0680471744130038,ok,0.000732421875,0.000732421875,1e-09,-0.10345441144520426,-0.03766382431244527,-0.10579778740258969,-0.03355310290303322,-0.10594202602529151,-0.03015232280071608,1.0981006196794345,no,no,no,13,0,
pickle,prewhiten ar1 CCS sts ts_gsr global-bins,primary,did,notes/review_results/inference_rows_prewhiten.pkl,,14,0.013447004435473534,0.013447004435473534,ok,0.00048828125,0.00048828125,1e-09,0.008604403341732045,0.018561683430540838,0.0077421797869445955,0.01925213221907061,0.007674463039205927,0.019219545831741142,1.1559333803477423,no,no,no,1,0,
pickle,prewhiten ar1 CCS sts ts_gsr global-bins,sensitivity,did,notes/review_results/inference_rows_prewhiten.pkl,,14,0.013122758853580718,0.013122758853580718,ok,0.00048828125,0.00048828125,1e-09,0.008255996680922957,0.018337603242850088,0.0075206893139949,0.018847260290079625,0.0074369398354773115,0.018808577871684124,1.123488692651344,no,no,no,1,0,
pickle,prewhiten ar1 CCS sts ts_gsr global-bins,early,did,notes/review_results/inference_rows_prewhiten.pkl,,14,0.01242481245988514,0.01242481245988514,ok,0.000244140625,0.000244140625,1e-09,0.0081532668544121,0.016988167074223032,0.007355557518257011,0.01759037181041404,0.007307449578141938,0.017542175341628344,1.15845273149854,no,no,no,1,0,
pickle,prewhiten ar1 CCS sts ts_gsr global-bins,late,did,notes/review_results/inference_rows_prewhiten.pkl,,14,0.014264758015944247,0.014264758015944247,ok,0.0006103515625,0.0006103515625,1e-09,0.008358175771679648,0.02028509174802701,0.007585479516301551,0.021003353847153725,0.0075565771324861974,0.020972938899402296,1.1250078693822927,no,no,no,1,0,
pickle,prewhiten ar1 CCS sts ts_gsr global-bins,trend_a_placebo_line,did,notes/review_results/inference_rows_prewhiten.pkl,,14,0.015565458156457683,0.015565458156457683,ok,0.0003662109375,0.0003662109375,1e-09,0.0104582822066473,0.020741393859373233,0.00967605164864706,0.021484069337126897,0.00967699323999937,0.021453923072915996,1.1482922764287666,no,no,no,1,0,
pickle,prewhiten ar1 CCS sts ts_gsr global-bins,trend_b_shared_slope,did,notes/review_results/inference_rows_prewhiten.pkl,,14,0.015350215207122079,0.015350215207122079,ok,0.0001220703125,0.0001220703125,1e-09,0.01065376877229254,0.0202773373206599,0.009822713938291696,0.020958099009504245,0.009773446577574132,0.020926983836670025,1.1570952100820924,no,no,no,0,0,
pickle,prewhiten ar1 autocorr ts_gsr global-bins,primary,did,notes/review_results/inference_rows_prewhiten.pkl,,14,-0.31635365405196886,-0.31635365405196886,ok,0.0003662109375,0.0003662109375,1e-09,-0.425666565096813,-0.21571079541350788,-0.4375111493825279,-0.20190605093257907,-0.4358678110069854,-0.1968394970969523,1.1221653913361507,no,no,no,13,0,
pickle,prewhiten ar1 autocorr ts_gsr global-bins,sensitivity,did,notes/review_results/inference_rows_prewhiten.pkl,,14,-0.3128066819491761,-0.3128066819491761,ok,0.0003662109375,0.0003662109375,1e-09,-0.4235639193547878,-0.21446686628179845,-0.4319971482205696,-0.2008489353126568,-0.43008974498821206,-0.19552361891014014,1.1054589699417048,no,no,no,13,0,
pickle,prewhiten ar1 autocorr ts_gsr global-bins,early,did,notes/review_results/inference_rows_prewhiten.pkl,,14,-0.32838138529640204,-0.32838138529640204,ok,0.000244140625,0.000244140625,1e-09,-0.4236144876157988,-0.2372247326051799,-0.4361154587541496,-0.22369234103696384,-0.43568982632381703,-0.22107294426898705,1.1396716397051099,no,no,no,13,0,
pickle,prewhiten ar1 autocorr ts_gsr global-bins,late,did,notes/review_results/inference_rows_prewhiten.pkl,,14,-0.30673146905642223,-0.30673146905642223,ok,0.0006103515625,0.0006103515625,1e-09,-0.4334570594214604,-0.18892163246104823,-0.4445860139570723,-0.17423843532695382,-0.44353588323328574,-0.16992705487955873,1.1055558778969277,no,no,no,13,0,
pickle,prewhiten ar1 autocorr ts_gsr global-bins,trend_a_placebo_line,did,notes/review_results/inference_rows_prewhiten.pkl,,14,-0.3636967329914103,-0.3636967329914103,ok,0.0001220703125,0.0001220703125,1e-09,-0.4761462402028898,-0.2585727177996836,-0.48910405128488665,-0.24189504084517177,-0.4883314521755136,-0.23906201380730702,1.1362090741059399,no,no,no,14,0,
pickle,prewhiten ar1 autocorr ts_gsr global-bins,trend_b_shared_slope,did,notes/review_results/inference_rows_prewhiten.pkl,,14,-0.38191223392726664,-0.38191223392726664,ok,0.0001220703125,0.0001220703125,1e-09,-0.48853765595651205,-0.2814228365256443,-0.5026262380825188,-0.2636577185432353,-0.5014105589165654,-0.26241390893796784,1.1537973004343525,no,no,no,14,0,
pickle,prewhiten ar1 MMI sts ts_demean W60,primary,did,notes/review_results/inference_rows_prewhiten.pkl,,14,-0.0783505720441776,-0.0783505720441776,ok,0.0003662109375,0.0003662109375,1e-09,-0.10699814804370576,-0.05006608212471639,-0.11103140845862547,-0.04649186094185469,-0.11088791940661577,-0.04581322468173942,1.1336238458060939,no,no,no,13,0,
pickle,prewhiten ar1 MMI sts ts_demean W60,sensitivity,did,notes/review_results/inference_rows_prewhiten.pkl,,14,-0.07152509485318741,-0.07152509485318741,ok,0.00048828125,0.00048828125,1e-09,-0.09978310952970751,-0.04418824048288801,-0.10389832149374092,-0.03964783876516058,-0.10368734239280201,-0.0393628473135728,1.1556908727399193,no,no,no,12,0,
pickle,prewhiten ar1 MMI sts ts_demean W60,early,did,notes/review_results/inference_rows_prewhiten.pkl,,14,-0.08451583051460891,-0.08451583051460891,ok,0.00048828125,0.00048828125,1e-09,-0.11488930603668841,-0.054284432794821036,-0.11915593744931582,-0.049889733764071256,-0.11900767429268533,-0.05002398673653249,1.1429147522314052,no,no,no,13,0,
pickle,prewhiten ar1 MMI sts ts_demean W60,late,did,notes/review_results/inference_rows_prewhiten.pkl,,14,-0.07341836526783262,-0.07341836526783262,ok,0.0013427734375,0.0013427734375,1e-09,-0.10877810237041927,-0.041153590911607855,-0.11181880358330543,-0.035701505448400846,-0.11157291231006071,-0.035263818225604524,1.1255874015632032,no,no,no,11,0,
pickle,prewhiten ar1 MMI sts ts_demean W60,trend_a_placebo_line,did,notes/review_results/inference_rows_prewhiten.pkl,,14,-0.08149328676347622,-0.08149328676347622,ok,0.000244140625,0.000244140625,1e-09,-0.11290229531968747,-0.05259562964968279,-0.11640848543335544,-0.047994748823141455,-0.11605965129664544,-0.04692692223030701,1.134430760681926,no,no,no,13,0,
pickle,prewhiten ar1 MMI sts ts_demean W60,trend_b_shared_slope,did,notes/review_results/inference_rows_prewhiten.pkl,,14,-0.08022244633256612,-0.08022244633256612,ok,0.0003662109375,0.0003662109375,1e-09,-0.11189814365979463,-0.05155520754930317,-0.11525034219870488,-0.04599608383618366,-0.11489571395539858,-0.045549178709733656,1.1476779690619066,no,no,no,13,0,
pickle,prewhiten ar1 MMI xtx+yty ts_demean W60,primary,did,notes/review_results/inference_rows_prewhiten.pkl,,14,-0.12586012903668867,-0.12586012903668867,ok,0.000244140625,0.000244140625,1e-09,-0.17070888958931071,-0.08054170987702028,-0.1782489684015483,-0.07341340253078713,-0.17792131706739112,-0.07379894100598622,1.1626798820288635,no,no,no,13,0,
pickle,prewhiten ar1 MMI xtx+yty ts_demean W60,sensitivity,did,notes/review_results/inference_rows_prewhiten.pkl,,14,-0.11277296343129255,-0.11277296343129255,ok,0.0003662109375,0.0003662109375,1e-09,-0.15633788611099741,-0.06808588094748119,-0.1638343415483523,-0.061964473932149544,-0.16324714269855567,-0.062298784164029425,1.1543065500603065,no,no,no,13,0,
pickle,prewhiten ar1 MMI xtx+yty ts_demean W60,early,did,notes/review_results/inference_rows_prewhiten.pkl,,14,-0.12827658466109942,-0.12827658466109942,ok,0.000244140625,0.000244140625,1e-09,-0.17269404719857623,-0.08391807101141532,-0.17973582279045947,-0.0766937198209381,-0.17952569042180946,-0.07702747890038938,1.1606980558826419,no,no,no,13,0,
pickle,prewhiten ar1 MMI xtx+yty ts_demean W60,late,did,notes/review_results/inference_rows_prewhiten.pkl,,14,-0.1239269645371601,-0.1239269645371601,ok,0.0010986328125,0.0010986328125,1e-09,-0.1795215893614298,-0.07042810507845536,-0.18667706141781126,-0.061662111789332216,-0.18602901975649325,-0.06182490931782695,1.1459433205397158,no,no,no,11,0,
pickle,prewhiten ar1 MMI xtx+yty ts_demean W60,trend_a_placebo_line,did,notes/review_results/inference_rows_prewhiten.pkl,,14,-0.1279340144170216,-0.1279340144170216,ok,0.000244140625,0.000244140625,1e-09,-0.17430756864001598,-0.08275189440138586,-0.18062156310024796,-0.07474455461138023,-0.18065436316533157,-0.07521366566871164,1.156422137342472,no,no,no,13,0,
pickle,prewhiten ar1 MMI xtx+yty ts_demean W60,trend_b_shared_slope,did,notes/review_results/inference_rows_prewhiten.pkl,,14,-0.12128967567333926,-0.12128967567333926,ok,0.0003662109375,0.0003662109375,1e-09,-0.1681119725041726,-0.07455693300848734,-0.175030037816215,-0.06682358055873212,-0.17502077465479954,-0.06755857669187898,1.156607467013825,no,no,no,13,0,
pickle,prewhiten ar1 CCS sts ts_demean W60,primary,did,notes/review_results/inference_rows_prewhiten.pkl,,14,0.0034999831615098384,0.0034999831615098384,ok,0.5169677734375,0.5169677734375,1e-09,-0.00440100346622743,0.013029850715249569,-0.005728055095160103,0.013695112340835253,-0.006575128359068691,0.013575094682088368,1.1142980850953077,yes,yes,yes,5,0,
pickle,prewhiten ar1 CCS sts ts_demean W60,sensitivity,did,notes/review_results/inference_rows_prewhiten.pkl,,14,0.0028906889375054983,0.0028906889375054983,ok,0.5888671875,0.5888671875,1e-09,-0.004528125309057582,0.011552889605284462,-0.005558194476794738,0.01236951139083471,-0.006489970958432875,0.01227134883344387,1.1148367166577535,yes,yes,yes,7,0,
pickle,prewhiten ar1 CCS sts ts_demean W60,early,did,notes/review_results/inference_rows_prewhiten.pkl,,14,-0.0006663625864569039,-0.0006663625864569039,ok,0.8812255859375,0.8812255859375,1e-09,-0.008450333132031022,0.007711259264386296,-0.009802232501856474,0.0086593134638837,-0.009980991295844422,0.008648266122930614,1.1423098363644357,yes,yes,yes,7,0,
pickle,prewhiten ar1 CCS sts ts_demean W60,late,did,notes/review_results/inference_rows_prewhiten.pkl,,14,0.006833059759883236,0.006833059759883236,ok,0.2977294921875,0.2977294921875,1e-09,-0.0033093396784203257,0.018744311075979663,-0.005292808604559262,0.019998716060479375,-0.006042579611224276,0.01970869913099075,1.1468180459869055,yes,yes,yes,7,0,
pickle,prewhiten ar1 CCS sts ts_demean W60,trend_a_placebo_line,did,notes/review_results/inference_rows_prewhiten.pkl,,14,0.00349523821254366,0.00349523821254366,ok,0.5133056640625,0.5133056640625,1e-09,-0.0044662361116756455,0.013329156772971331,-0.005729018591061517,0.013755924594601478,-0.006744157804803685,0.013734634229891005,1.0949431300543908,yes,yes,yes,6,0,
pickle,prewhiten ar1 CCS sts ts_demean W60,trend_b_shared_slope,did,notes/review_results/inference_rows_prewhiten.pkl,,14,0.001409385910796167,0.001409385910796167,ok,0.790283203125,0.790283203125,1e-09,-0.005602594807085739,0.010385087716884761,-0.006895142111460679,0.010758846185966852,-0.007867897940220131,0.010686669761812465,1.1042243471471689,yes,yes,yes,8,0,
pickle,prewhiten ar1 autocorr ts_demean W60,primary,did,notes/review_results/inference_rows_prewhiten.pkl,,14,-0.027590469625965848,-0.027590469625965848,ok,0.0003662109375,0.0003662109375,1e-09,-0.037016552932869734,-0.018207124931448417,-0.0383676546207896,-0.01681160643149573,-0.038388421004487944,-0.016792518247443752,1.14602358921627,no,no,no,13,0,
pickle,prewhiten ar1 autocorr ts_demean W60,sensitivity,did,notes/review_results/inference_rows_prewhiten.pkl,,14,-0.024135826057286005,-0.024135826057286005,ok,0.0006103515625,0.0006103515625,1e-09,-0.03335156327333524,-0.014500892882467286,-0.03496996676353713,-0.013182535600816576,-0.0350169024120319,-0.01325474970254011,1.1557907867974442,no,no,no,12,0,
pickle,prewhiten ar1 autocorr ts_demean W60,early,did,notes/review_results/inference_rows_prewhiten.pkl,,14,-0.02934293796451904,-0.02934293796451904,ok,0.0001220703125,0.0001220703125,1e-09,-0.0394843994592655,-0.019795450820097264,-0.04055482254833661,-0.018055235094153597,-0.040489607019393144,-0.018196268909644937,1.1427521025385494,no,no,no,14,0,
pickle,prewhiten ar1 autocorr ts_demean W60,late,did,notes/review_results/inference_rows_prewhiten.pkl,,14,-0.02618849495512332,-0.02618849495512332,ok,0.001953125,0.001953125,1e-09,-0.03829776377958798,-0.014156688721850592,-0.03999984037004095,-0.012377165917350077,-0.03995684880191635,-0.012420141108330294,1.14421890436224,no,no,no,12,0,
pickle,prewhiten ar1 autocorr ts_demean W60,trend_a_placebo_line,did,notes/review_results/inference_rows_prewhiten.pkl,,14,-0.027465222146640118,-0.027465222146640118,ok,0.0003662109375,0.0003662109375,1e-09,-0.03775831124050571,-0.017606541478158384,-0.03883162727280101,-0.01617591307139394,-0.0388034822311763,-0.016126962062103935,1.1242543195257348,no,no,no,13,0,
pickle,prewhiten ar1 autocorr ts_demean W60,trend_b_shared_slope,did,notes/review_results/inference_rows_prewhiten.pkl,,14,-0.02559311615564034,-0.02559311615564034,ok,0.0003662109375,0.0003662109375,1e-09,-0.03542375942262871,-0.016043898886408545,-0.036719634846531166,-0.014408244917389835,-0.036781709310344024,-0.014404523000936658,1.1512667951063043,no,no,no,13,0,
pickle,prewhiten ar1 diag observed sts ts_demean W60,primary,did,notes/review_results/inference_rows_prewhiten.pkl,,14,-0.07835057204417763,-0.07835057204417763,ok,0.0003662109375,0.0003662109375,1e-09,-0.10699814804370544,-0.05006608212471657,-0.11103140845862525,-0.04649186094185463,-0.11088791940661577,-0.04581322468173949,1.133623845806101,no,no,no,13,0,
pickle,prewhiten ar1 diag observed sts ts_demean W60,sensitivity,did,notes/review_results/inference_rows_prewhiten.pkl,,14,-0.07152509485318756,-0.07152509485318756,ok,0.00048828125,0.00048828125,1e-09,-0.09978310952970747,-0.04418824048288865,-0.10389832149374101,-0.039647838765160884,-0.10368734239280211,-0.039362847313573,1.1556908727399293,no,no,no,12,0,
pickle,prewhiten ar1 diag observed sts ts_demean W60,early,did,notes/review_results/inference_rows_prewhiten.pkl,,14,-0.08451583051460901,-0.08451583051460901,ok,0.00048828125,0.00048828125,1e-09,-0.11488930603668861,-0.05428443279482069,-0.11915593744931569,-0.049889733764071284,-0.11900767429268562,-0.0500239867365324,1.1429147522313923,no,no,no,13,0,
pickle,prewhiten ar1 diag observed sts ts_demean W60,late,did,notes/review_results/inference_rows_prewhiten.pkl,,14,-0.07341836526783252,-0.07341836526783252,ok,0.0013427734375,0.0013427734375,1e-09,-0.10877810237041884,-0.04115359091160791,-0.1118188035833051,-0.03570150544840083,-0.11157291231006047,-0.03526381822560456,1.1255874015632061,no,no,no,11,0,
pickle,prewhiten ar1 diag observed sts ts_demean W60,trend_a_placebo_line,did,notes/review_results/inference_rows_prewhiten.pkl,,14,-0.08149328676347611,-0.08149328676347611,ok,0.000244140625,0.000244140625,1e-09,-0.11290229531968742,-0.05259562964968276,-0.11640848543335522,-0.047994748823141455,-0.1160596512966452,-0.04692692223030704,1.1344307606819226,no,no,no,13,0,
pickle,prewhiten ar1 diag observed sts ts_demean W60,trend_b_shared_slope,did,notes/review_results/inference_rows_prewhiten.pkl,,14,-0.08022244633256605,-0.08022244633256605,ok,0.0003662109375,0.0003662109375,1e-09,-0.11189814365979454,-0.051555207549303164,-0.11525034219870474,-0.04599608383618367,-0.11489571395539842,-0.04554917870973367,1.1476779690619054,no,no,no,13,0,
pickle,prewhiten ar1 diag predicted sts ts_demean W60,primary,did,notes/review_results/inference_rows_prewhiten.pkl,,14,-0.08674025267511275,-0.08674025267511275,ok,0.0003662109375,0.0003662109375,1e-09,-0.1180336024732727,-0.05491125431467828,-0.12289471554213835,-0.0502260356747916,-0.12298060330258077,-0.05049990204764472,1.1512353704708078,no,no,no,13,0,
pickle,prewhiten ar1 diag predicted sts ts_demean W60,sensitivity,did,notes/review_results/inference_rows_prewhiten.pkl,,14,-0.07810010819340882,-0.07810010819340882,ok,0.00048828125,0.00048828125,1e-09,-0.11001480409483111,-0.04694622824110617,-0.11503553127779825,-0.04141385235217959,-0.11440521242187711,-0.04179500396494053,1.167327435716474,no,no,no,12,0,
pickle,prewhiten ar1 diag predicted sts ts_demean W60,early,did,notes/review_results/inference_rows_prewhiten.pkl,,14,-0.09009651903778867,-0.09009651903778867,ok,0.0003662109375,0.0003662109375,1e-09,-0.12064906754627312,-0.05869202384223865,-0.12560297858655975,-0.05418373689176973,-0.12572486081658105,-0.054468177258996296,1.1527219090045027,no,no,no,13,0,
pickle,prewhiten ar1 diag predicted sts ts_demean W60,late,did,notes/review_results/inference_rows_prewhiten.pkl,,14,-0.084055239584972,-0.084055239584972,ok,0.00146484375,0.00146484375,1e-09,-0.12403042538627812,-0.04570861169654293,-0.12915177492944138,-0.03911093166334094,-0.12875006499480302,-0.03936041417514099,1.1496266368752532,no,no,no,12,0,
pickle,prewhiten ar1 diag predicted sts ts_demean W60,trend_a_placebo_line,did,notes/review_results/inference_rows_prewhiten.pkl,,14,-0.08800957636936688,-0.08800957636936688,ok,0.00048828125,0.00048828125,1e-09,-0.12311168731140552,-0.05570403569324613,-0.12659535701209756,-0.05040623260087175,-0.12640603308053533,-0.04961311965819843,1.1302741244096497,no,no,no,13,0,
pickle,prewhiten ar1 diag predicted sts ts_demean W60,trend_b_shared_slope,did,notes/review_results/inference_rows_prewhiten.pkl,,14,-0.08512575050475979,-0.08512575050475979,ok,0.00048828125,0.00048828125,1e-09,-0.11886679421217501,-0.05248162635063709,-0.12330038002524067,-0.04700642741916361,-0.12345767950763191,-0.04679382150188767,1.1492620274035652,no,no,no,13,0,
pickle,prewhiten ar1 diag residual sts ts_demean W60,primary,did,notes/review_results/inference_rows_prewhiten.pkl,,14,0.008389680630935092,0.008389680630935092,ok,0.0621337890625,0.0621337890625,1e-09,0.0006887916763755942,0.017431153524642397,-0.00041611408246848005,0.01811934226848213,-0.0012613816047096823,0.01804074286657987,1.1070992563017286,no,yes,yes,4,0,
pickle,prewhiten ar1 diag residual sts ts_demean W60,sensitivity,did,notes/review_results/inference_rows_prewhiten.pkl,,14,0.006575013340221291,0.006575013340221291,ok,0.1773681640625,0.1773681640625,1e-09,-0.0012488219770926397,0.01577128606023377,-0.0026005946990902175,0.01655702186502564,-0.003313300533830675,0.016463327214273255,1.1255872478659787,yes,yes,yes,5,0,
pickle,prewhiten ar1 diag residual sts ts_demean W60,early,did,notes/review_results/inference_rows_prewhiten.pkl,,14,0.005580688523179706,0.005580688523179706,ok,0.2044677734375,0.2044677734375,1e-09,-0.0017764075219770276,0.013830841184666313,-0.0028973694263425493,0.014537137919424457,-0.003302259611177089,0.0144636366575365,1.1170775627062237,yes,yes,yes,5,0,
pickle,prewhiten ar1 diag residual sts ts_demean W60,late,did,notes/review_results/inference_rows_prewhiten.pkl,,14,0.010636874317139403,0.010636874317139403,ok,0.0830078125,0.0830078125,1e-09,0.0007771232059675129,0.02194173203719599,-0.0013802530878305455,0.02322931480394296,-0.0017979399679099034,0.02307168860218871,1.1627697959369783,no,yes,yes,4,0,
pickle,prewhiten ar1 diag residual sts ts_demean W60,trend_a_placebo_line,did,notes/review_results/inference_rows_prewhiten.pkl,,14,0.006516289605890705,0.006516289605890705,ok,0.1510009765625,0.1510009765625,1e-09,-0.0007296024530049903,0.015547203303597896,-0.0018870443240304566,0.01602097671806675,-0.002956292793141779,0.015988872004923188,1.1002171623773662,yes,yes,yes,4,0,
pickle,prewhiten ar1 diag residual sts ts_demean W60,trend_b_shared_slope,did,notes/review_results/inference_rows_prewhiten.pkl,,14,0.004903304172193808,0.004903304172193808,ok,0.2882080078125,0.2882080078125,1e-09,-0.0019602310195658713,0.013455683256584403,-0.0030902176264951823,0.014001676510533734,-0.00411502380849249,0.013921632152880104,1.1087175130100149,yes,yes,yes,6,0,
pickle,prewhiten ar1 MMI sts ts_demean global-bins,primary,did,notes/review_results/inference_rows_prewhiten.pkl,,14,-0.08714749792343494,-0.08714749792343494,ok,0.001953125,0.001953125,1e-09,-0.1288875684200212,-0.04543350738962241,-0.13502892148448886,-0.03865882395964185,-0.13521857054349967,-0.03907642530337022,1.1547682202037293,no,no,no,13,0,
pickle,prewhiten ar1 MMI sts ts_demean global-bins,sensitivity,did,notes/review_results/inference_rows_prewhiten.pkl,,14,-0.0857984648692329,-0.0857984648692329,ok,0.0020751953125,0.0020751953125,1e-09,-0.1267926297620508,-0.044131857294163086,-0.1333750288160539,-0.03772127708911391,-0.13352912583015825,-0.03806780390830756,1.157184343566349,no,no,no,13,0,
pickle,prewhiten ar1 MMI sts ts_demean global-bins,early,did,notes/review_results/inference_rows_prewhiten.pkl,,14,-0.08998364339968966,-0.08998364339968966,ok,0.001953125,0.001953125,1e-09,-0.12997286654959386,-0.048348128000124176,-0.13558112363606334,-0.04318154297514382,-0.13595998832098383,-0.0440072984783955,1.1320046140781155,no,no,no,12,0,
pickle,prewhiten ar1 MMI sts ts_demean global-bins,late,did,notes/review_results/inference_rows_prewhiten.pkl,,14,-0.08487858154243112,-0.08487858154243112,ok,0.0045166015625,0.0045166015625,1e-09,-0.13695519327804817,-0.03659672068239559,-0.14237827086585986,-0.028357695321199194,-0.14190840356741666,-0.027848759517445594,1.136133029884314,no,no,no,12,0,
pickle,prewhiten ar1 MMI sts ts_demean global-bins,trend_a_placebo_line,did,notes/review_results/inference_rows_prewhiten.pkl,,14,-0.08873301335785512,-0.08873301335785512,ok,0.001708984375,0.001708984375,1e-09,-0.13237730396194952,-0.04762191174524433,-0.13857596890178958,-0.03940939303959631,-0.13836106210158958,-0.039104964614120656,1.1700326465204847,no,no,no,12,0,
pickle,prewhiten ar1 MMI sts ts_demean global-bins,trend_b_shared_slope,did,notes/review_results/inference_rows_prewhiten.pkl,,14,-0.08832920049450524,-0.08832920049450524,ok,0.0029296875,0.0029296875,1e-09,-0.13174340444254595,-0.0441533229945481,-0.13819594914900135,-0.03833190281931126,-0.13843548268618555,-0.03822291830282493,1.1401296206006988,no,no,no,12,0,
pickle,prewhiten ar1 MMI xtx+yty ts_demean global-bins,primary,did,notes/review_results/inference_rows_prewhiten.pkl,,14,-0.12618544807042859,-0.12618544807042859,ok,0.001708984375,0.001708984375,1e-09,-0.18710184732635168,-0.06669888107327937,-0.19656018257042143,-0.05617080513820049,-0.19582354183150383,-0.05654735430935334,1.1659960032640693,no,no,no,12,0,
pickle,prewhiten ar1 MMI xtx+yty ts_demean global-bins,sensitivity,did,notes/review_results/inference_rows_prewhiten.pkl,,14,-0.12426286085093181,-0.12426286085093181,ok,0.0018310546875,0.0018310546875,1e-09,-0.1838198847564617,-0.06580311378719153,-0.19352419453115785,-0.0552431414198738,-0.19291697234234512,-0.05560874935951851,1.1717068004452555,no,no,no,12,0,
pickle,prewhiten ar1 MMI xtx+yty ts_demean global-bins,early,did,notes/review_results/inference_rows_prewhiten.pkl,,14,-0.1246520878243365,-0.1246520878243365,ok,0.00146484375,0.00146484375,1e-09,-0.18433777010996116,-0.06681081441621958,-0.19096545782010793,-0.058637681063162195,-0.19055200032612057,-0.05875217532255242,1.1259355436872964,no,no,no,12,0,
pickle,prewhiten ar1 MMI xtx+yty ts_demean global-bins,late,did,notes/review_results/inference_rows_prewhiten.pkl,,14,-0.12741213626730233,-0.12741213626730233,ok,0.0028076171875,0.0028076171875,1e-09,-0.20251044511723293,-0.05917768853613045,-0.21066981389600584,-0.046920258347070615,-0.20965094606580578,-0.045173326468798874,1.1424433566676033,no,no,no,12,0,
pickle,prewhiten ar1 MMI xtx+yty ts_demean global-bins,trend_a_placebo_line,did,notes/review_results/inference_rows_prewhiten.pkl,,14,-0.12605135133029424,-0.12605135133029424,ok,0.001708984375,0.001708984375,1e-09,-0.1861270611180197,-0.06851321530653691,-0.1942092346851671,-0.05710003930144883,-0.19493804623910807,-0.057164656421480414,1.16575726639773,no,no,no,13,0,
pickle,prewhiten ar1 MMI xtx+yty ts_demean global-bins,trend_b_shared_slope,did,notes/review_results/inference_rows_prewhiten.pkl,,14,-0.12337235816132032,-0.12337235816132032,ok,0.0025634765625,0.0025634765625,1e-09,-0.1835004412036787,-0.06309022152135262,-0.19245244385627897,-0.05381571418007387,-0.19230160825082465,-0.054443108071815974,1.1513701249110364,no,no,no,13,0,
pickle,prewhiten ar1 CCS sts ts_demean global-bins,primary,did,notes/review_results/inference_rows_prewhiten.pkl,,14,0.02041797455160712,0.02041797455160712,ok,0.0003662109375,0.0003662109375,1e-09,0.01214460390324392,0.029839661850699487,0.01060263406187242,0.03070382883375692,0.010247727246817941,0.0305882218563963,1.1359779002461488,no,no,no,1,0,
pickle,prewhiten ar1 CCS sts ts_demean global-bins,sensitivity,did,notes/review_results/inference_rows_prewhiten.pkl,,14,0.019998343027692943,0.019998343027692943,ok,0.000244140625,0.000244140625,1e-09,0.011858626369343919,0.02928996049776362,0.010432678016973871,0.029937416720257105,0.01011811310250196,0.029878572952883927,1.1189469813147062,no,no,no,1,0,
pickle,prewhiten ar1 CCS sts ts_demean global-bins,early,did,notes/review_results/inference_rows_prewhiten.pkl,,14,0.018511031109290612,0.018511031109290612,ok,0.0001220703125,0.0001220703125,1e-09,0.01259840122137537,0.025373938921538143,0.011518335810125156,0.026059876350159192,0.011115713322865753,0.02590634889571547,1.1382331516151185,no,no,no,0,0,
pickle,prewhiten ar1 CCS sts ts_demean global-bins,late,did,notes/review_results/inference_rows_prewhiten.pkl,,14,0.021943529305460324,0.021943529305460324,ok,0.0010986328125,0.0010986328125,1e-09,0.011379111963330564,0.03400048480975775,0.00955829869405998,0.03501208542730043,0.009074472543675017,0.03481258606724563,1.1252096371887799,no,no,no,2,0,
pickle,prewhiten ar1 CCS sts ts_demean global-bins,trend_a_placebo_line,did,notes/review_results/inference_rows_prewhiten.pkl,,14,0.02344941207562425,0.02344941207562425,ok,0.0001220703125,0.0001220703125,1e-09,0.014688259808045084,0.0332985278655295,0.012934692193185668,0.03428734276166552,0.012689056247125586,0.03420976790412291,1.1473585712212537,no,no,no,0,0,
pickle,prewhiten ar1 CCS sts ts_demean global-bins,trend_b_shared_slope,did,notes/review_results/inference_rows_prewhiten.pkl,,14,0.022027185864489568,0.022027185864489568,ok,0.0001220703125,0.0001220703125,1e-09,0.014711458077825717,0.030084133671532447,0.013203405459113289,0.031054955163003828,0.013125778449509871,0.030928593279469264,1.1612519626185704,no,no,no,0,0,
pickle,prewhiten ar1 autocorr ts_demean global-bins,primary,did,notes/review_results/inference_rows_prewhiten.pkl,,14,-0.241229300359566,-0.241229300359566,ok,0.0013427734375,0.0013427734375,1e-09,-0.3762120016179411,-0.12509332097572629,-0.3871815291855945,-0.10652524195433072,-0.38606464709248794,-0.09639395362664405,1.1176240911807478,no,no,no,13,0,
pickle,prewhiten ar1 autocorr ts_demean global-bins,sensitivity,did,notes/review_results/inference_rows_prewhiten.pkl,,14,-0.23534606736570293,-0.23534606736570293,ok,0.0015869140625,0.0015869140625,1e-09,-0.3704073901585823,-0.11865127044269683,-0.38076056209518283,-0.10222879002266137,-0.3794355931522576,-0.09125654157914823,1.1063555173429471,no,no,no,13,0,
pickle,prewhiten ar1 autocorr ts_demean global-bins,early,did,notes/review_results/inference_rows_prewhiten.pkl,,14,-0.25541447739725864,-0.25541447739725864,ok,0.001953125,0.001953125,1e-09,-0.3849095420597817,-0.13424458878301948,-0.40079524239295916,-0.11207882903740526,-0.4003367079004758,-0.11049224689404147,1.151802075165963,no,no,no,10,0,
pickle,prewhiten ar1 autocorr ts_demean global-bins,late,did,notes/review_results/inference_rows_prewhiten.pkl,,14,-0.2298811587294119,-0.2298811587294119,ok,0.0040283203125,0.0040283203125,1e-09,-0.3901157379931679,-0.09916810105753096,-0.39705668619398077,-0.07679415592877731,-0.39526772746726313,-0.06449458999156069,1.1007565953733849,no,no,no,12,0,
pickle,prewhiten ar1 autocorr ts_demean global-bins,trend_a_placebo_line,did,notes/review_results/inference_rows_prewhiten.pkl,,14,-0.2880789221652541,-0.2880789221652541,ok,0.000244140625,0.000244140625,1e-09,-0.420119436512995,-0.17788194735236437,-0.430386891442709,-0.15983249621303108,-0.4293381738156796,-0.14681967051482858,1.1168972902054397,no,no,no,13,0,
pickle,prewhiten ar1 autocorr ts_demean global-bins,trend_b_shared_slope,did,notes/review_results/inference_rows_prewhiten.pkl,,14,-0.30742065007303393,-0.30742065007303393,ok,0.0001220703125,0.0001220703125,1e-09,-0.4401279580910494,-0.1976163655840931,-0.4469382480880193,-0.17765510540698426,-0.4453626852021866,-0.1694786149438813,1.110392867810271,no,no,no,14,0,
pickle,sts ts_gsr W60,primary,did,notes/review_results/inference_rows_raw.pkl,,14,-0.08086620932182391,-0.08086620932182391,ok,0.0037841796875,0.0037841796875,1e-09,-0.12610778692603367,-0.03769262554388087,-0.1317430794744802,-0.03101903689732733,-0.13206654868230194,-0.02966586996134587,1.1392168605766375,no,no,no,13,0,
pickle,sts ts_gsr W60,sensitivity,did,notes/review_results/inference_rows_raw.pkl,,14,-0.07334382252154015,-0.07334382252154015,ok,0.0069580078125,0.0069580078125,1e-09,-0.1180336476184194,-0.02913972774925039,-0.12380905916771565,-0.023807432548926286,-0.12395798667313634,-0.022729658369943957,1.1249546286851597,no,no,no,12,0,
pickle,sts ts_gsr W60,early,did,notes/review_results/inference_rows_raw.pkl,,14,-0.10285440900837588,-0.10285440900837588,ok,0.0008544921875,0.0008544921875,1e-09,-0.14640131894591732,-0.06009453499429766,-0.15353605470901982,-0.05225092274757728,-0.1533101274223323,-0.05239869059441945,1.173547748207362,no,no,no,13,0,
pickle,sts ts_gsr W60,late,did,notes/review_results/inference_rows_raw.pkl,,14,-0.06327564957258232,-0.06327564957258232,ok,0.03369140625,0.03369140625,1e-09,-0.11471734034379791,-0.011793562479327948,-0.12208249278506833,-0.005348524610947333,-0.12225026290617416,-0.0043010362389904674,1.1341788126727752,no,no,no,10,0,
pickle,sts ts_gsr W60,trend_a_placebo_line,did,notes/review_results/inference_rows_raw.pkl,,14,-0.08903770650320039,-0.08903770650320039,ok,0.0020751953125,0.0020751953125,1e-09,-0.13473693658539948,-0.046099726319786344,-0.1387112624086675,-0.04016174611774398,-0.13907908727856344,-0.03899632572783736,1.1118300767319598,no,no,no,13,0,
pickle,sts ts_gsr W60,trend_b_shared_slope,did,notes/review_results/inference_rows_raw.pkl,,14,-0.09952825827957,-0.09952825827957,ok,0.000732421875,0.000732421875,1e-09,-0.1424274120894352,-0.059881692292393145,-0.14607288654632755,-0.05312493435418339,-0.1464715159596522,-0.0525850005994878,1.1260178289156413,no,no,no,13,0,
pickle,PhiR ts_gsr W60,primary,did,notes/review_results/inference_rows_raw.pkl,,14,0.0006606576362334171,0.0006606576362334171,ok,0.8970947265625,0.8970947265625,1e-09,-0.007781006175950685,0.009958509990157774,-0.009344936418783437,0.011213907412493618,-0.009760481286426509,0.011081796558893343,1.158929231145264,yes,yes,yes,8,0,
pickle,PhiR ts_gsr W60,sensitivity,did,notes/review_results/inference_rows_raw.pkl,,14,0.0005783580854903381,0.0005783580854903381,ok,0.909423828125,0.909423828125,1e-09,-0.007380155270119612,0.010138913358035557,-0.00897507178504145,0.010732491381081385,-0.00947430943835081,0.010631025609331487,1.124920712648531,yes,yes,yes,8,0,
pickle,PhiR ts_gsr W60,early,did,notes/review_results/inference_rows_raw.pkl,,14,0.0004703874687859086,0.0004703874687859086,ok,0.935546875,0.935546875,1e-09,-0.008952898026721837,0.011335189003953444,-0.010883711060905917,0.012485125889236361,-0.011374156868305365,0.012314931805877182,1.1518501924212445,yes,yes,yes,8,0,
pickle,PhiR ts_gsr W60,late,did,notes/review_results/inference_rows_raw.pkl,,14,0.0008128737701914261,0.0008128737701914261,ok,0.8663330078125,0.8663330078125,1e-09,-0.008402538507887181,0.009903110427071062,-0.009585380691793943,0.011036842847465634,-0.009640116526832835,0.011265864067215688,1.1265497121971666,yes,yes,yes,7,0,
pickle,PhiR ts_gsr W60,trend_a_placebo_line,did,notes/review_results/inference_rows_raw.pkl,,14,7.69124041602751e-05,7.69124041602751e-05,ok,0.9862060546875,0.9862060546875,1e-09,-0.008216258154773228,0.008778745719789066,-0.009479875591289615,0.009708840981142122,-0.009571976184283503,0.009725800992604052,1.1290798586491022,yes,yes,yes,8,0,
pickle,PhiR ts_gsr W60,trend_b_shared_slope,did,notes/review_results/inference_rows_raw.pkl,,14,-0.0011140933956141996,-0.0011140933956141996,ok,0.7822265625,0.7822265625,1e-09,-0.008389177554089036,0.006918915645942273,-0.009714046584659648,0.0075795837060426054,-0.009748359225934238,0.007520172434705839,1.1297050563205926,yes,yes,yes,9,0,
pickle,autocorr ts_gsr W60,primary,did,notes/review_results/inference_rows_raw.pkl,,14,-0.014645416464981385,-0.014645416464981385,ok,0.0106201171875,0.0106201171875,1e-09,-0.025069607930071177,-0.0051635757910254085,-0.02608634080766899,-0.0037024976978093553,-0.02608994069057165,-0.0032008922393911184,1.1244753828139176,no,no,no,12,0,
pickle,autocorr ts_gsr W60,sensitivity,did,notes/review_results/inference_rows_raw.pkl,,14,-0.013068064994793556,-0.013068064994793556,ok,0.0211181640625,0.0211181640625,1e-09,-0.023063409249002808,-0.003218564927926143,-0.024341159442196177,-0.002174605505489189,-0.024379518702108978,-0.001756611287478135,1.116993087880488,no,no,no,10,0,
pickle,autocorr ts_gsr W60,early,did,notes/review_results/inference_rows_raw.pkl,,14,-0.021280185693256442,-0.021280185693256442,ok,0.0006103515625,0.0006103515625,1e-09,-0.03035962410997725,-0.012483180745072117,-0.03156386700808695,-0.011321168929162066,-0.031511044647054905,-0.01104932673945798,1.1323671977539538,no,no,no,13,0,
pickle,autocorr ts_gsr W60,late,did,notes/review_results/inference_rows_raw.pkl,,14,-0.009337601082361344,-0.009337601082361344,ok,0.1614990234375,0.1614990234375,1e-09,-0.02135226146228965,0.0021521804897968377,-0.022945013901595923,0.0037178549980519896,-0.022862148120196733,0.004186945955474046,1.1343757471034555,yes,yes,yes,9,0,
pickle,autocorr ts_gsr W60,trend_a_placebo_line,did,notes/review_results/inference_rows_raw.pkl,,14,-0.016234720617179392,-0.016234720617179392,ok,0.0048828125,0.0048828125,1e-09,-0.0261832303945576,-0.006921350031271031,-0.02705665626590478,-0.00563344546415743,-0.027138413974873703,-0.005331027259485083,1.1122076556232956,no,no,no,12,0,
pickle,autocorr ts_gsr W60,trend_b_shared_slope,did,notes/review_results/inference_rows_raw.pkl,,14,-0.01900645185863404,-0.01900645185863404,ok,0.0015869140625,0.0015869140625,1e-09,-0.02821700459744629,-0.010290141877389884,-0.029036109280086566,-0.008929046229723903,-0.0291737198991555,-0.008839183818112578,1.1216163901264815,no,no,no,13,0,
pickle,sts ts_gsr global-bins,primary,did,notes/review_results/inference_rows_raw.pkl,,14,-0.08008106904246186,-0.08008106904246186,ok,0.007080078125,0.007080078125,1e-09,-0.13102111242661363,-0.03151702831893534,-0.1362360838744774,-0.025059039503790178,-0.13727940168949704,-0.022882736395426664,1.117311368349233,no,no,no,12,0,
pickle,sts ts_gsr global-bins,sensitivity,did,notes/review_results/inference_rows_raw.pkl,,14,-0.07730363079447837,-0.07730363079447837,ok,0.008544921875,0.008544921875,1e-09,-0.1280131974647688,-0.02775724137932956,-0.13252026073100528,-0.022853367708291626,-0.1336814940501534,-0.02092576753880336,1.0938691056843974,no,no,no,12,0,
pickle,sts ts_gsr global-bins,early,did,notes/review_results/inference_rows_raw.pkl,,14,-0.10631190001513811,-0.10631190001513811,ok,0.0008544921875,0.0008544921875,1e-09,-0.154535519942906,-0.061244445025753644,-0.15973464707635482,-0.05438352485074993,-0.15967135905538538,-0.052952440974890845,1.1292733235109844,no,no,no,13,0,
pickle,sts ts_gsr global-bins,late,did,notes/review_results/inference_rows_raw.pkl,,14,-0.0590964042643209,-0.0590964042643209,ok,0.0772705078125,0.0772705078125,1e-09,-0.11939102427437567,0.001915563772152959,-0.1250772845959924,0.007955198988987819,-0.12650747887216604,0.008314670343524254,1.0966633035128641,yes,yes,yes,10,0,
pickle,sts ts_gsr global-bins,trend_a_placebo_line,did,notes/review_results/inference_rows_raw.pkl,,14,-0.08299511582113547,-0.08299511582113547,ok,0.0069580078125,0.0069580078125,1e-09,-0.13537885638676425,-0.032159029490535285,-0.1405204433560734,-0.02596991274942388,-0.14184399705383552,-0.02414623458843542,1.1097725509829788,no,no,no,13,0,
pickle,sts ts_gsr global-bins,trend_b_shared_slope,did,notes/review_results/inference_rows_raw.pkl,,14,-0.09813806693598216,-0.09813806693598216,ok,0.001953125,0.001953125,1e-09,-0.14811168853652523,-0.05077506345343425,-0.1524936677257853,-0.04476955770149071,-0.15325604646116153,-0.0430200874108028,1.1067171265937807,no,no,no,13,0,
pickle,PhiR ts_gsr global-bins,primary,did,notes/review_results/inference_rows_raw.pkl,,14,-0.006230548875827498,-0.006230548875827498,ok,0.0953369140625,0.0953369140625,1e-09,-0.012748295924119739,0.00026880708638338713,-0.013769222049479356,0.001312579591235773,-0.013719569502685589,0.0012584717510305933,1.1586142960185577,yes,yes,yes,9,0,
pickle,PhiR ts_gsr global-bins,sensitivity,did,notes/review_results/inference_rows_raw.pkl,,14,-0.006473706653431761,-0.006473706653431761,ok,0.0755615234375,0.0755615234375,1e-09,-0.012736626846079041,-0.0002833523952344104,-0.013777314310142973,0.0008127762322977804,-0.01368545490023744,0.0007380415933739169,1.1715866858977957,no,yes,yes,9,0,
pickle,PhiR ts_gsr global-bins,early,did,notes/review_results/inference_rows_raw.pkl,,14,-0.008777726575749696,-0.008777726575749696,ok,0.0369873046875,0.0369873046875,1e-09,-0.015721838477979595,-0.00170611645509028,-0.016821770215080765,-0.0007078647220752204,-0.016774128159132616,-0.0007813249923667772,1.1497021321263114,no,no,no,9,0,
pickle,PhiR ts_gsr global-bins,late,did,notes/review_results/inference_rows_raw.pkl,,14,-0.004192806715889737,-0.004192806715889737,ok,0.2735595703125,0.2735595703125,1e-09,-0.01123950020941604,0.0026637988358986686,-0.01217642815143417,0.0038306086785422615,-0.012164314589241611,0.0037787011574621377,1.1513121294309399,yes,yes,yes,9,0,
pickle,PhiR ts_gsr global-bins,trend_a_placebo_line,did,notes/review_results/inference_rows_raw.pkl,,14,-0.0071615429578999485,-0.0071615429578999485,ok,0.065185546875,0.065185546875,1e-09,-0.014064272220309385,-0.0006033135444756501,-0.014885974681531057,0.0005623706415125564,-0.014848060505588317,0.0005249745897884196,1.1476407955087036,no,yes,yes,10,0,
pickle,PhiR ts_gsr global-bins,trend_b_shared_slope,did,notes/review_results/inference_rows_raw.pkl,,14,-0.008984125371240331,-0.008984125371240331,ok,0.020751953125,0.020751953125,1e-09,-0.015307959055526003,-0.0026060837685356344,-0.016224653396196196,-0.0016962224751688425,-0.01619912233626035,-0.0017691284062203126,1.143802044404246,no,no,no,10,0,
pickle,autocorr ts_gsr run-standardised bins,primary,did,notes/review_results/inference_rows_raw.pkl,,14,-0.4580390662984503,-0.4580390662984503,ok,0.0001220703125,0.0001220703125,1e-09,-0.6018481096128406,-0.31997407200671224,-0.6215037058146355,-0.2974380210972941,-0.6204846249175766,-0.2955935076793241,1.1496826294096967,no,no,no,14,0,
pickle,autocorr ts_gsr run-standardised bins,sensitivity,did,notes/review_results/inference_rows_raw.pkl,,14,-0.4516617813484494,-0.4516617813484494,ok,0.000244140625,0.000244140625,1e-09,-0.5968126221015891,-0.3171193771615963,-0.6127322136343889,-0.2932674703372652,-0.6114135304373483,-0.29191003225955064,1.1421968498583643,no,no,no,13,0,
pickle,autocorr ts_gsr run-standardised bins,early,did,notes/review_results/inference_rows_raw.pkl,,14,-0.500846853874224,-0.500846853874224,ok,0.0001220703125,0.0001220703125,1e-09,-0.6157551417235048,-0.38715635129621484,-0.6329381636412615,-0.3695045439383067,-0.633179845971299,-0.36851386177714907,1.1523841364626328,no,no,no,14,0,
pickle,autocorr ts_gsr run-standardised bins,late,did,notes/review_results/inference_rows_raw.pkl,,14,-0.4237928362378311,-0.4237928362378311,ok,0.0008544921875,0.0008544921875,1e-09,-0.5956854579230297,-0.25506746640825595,-0.6203880022309335,-0.2291964561622627,-0.618721954324457,-0.22886371815120524,1.1484758756546876,no,no,no,12,0,
pickle,autocorr ts_gsr run-standardised bins,trend_a_placebo_line,did,notes/review_results/inference_rows_raw.pkl,,14,-0.5188717925509712,-0.5188717925509712,ok,0.0001220703125,0.0001220703125,1e-09,-0.6709094064175277,-0.37370666443535966,-0.6902029982177447,-0.349489425254748,-0.6886532147331768,-0.3490903703687656,1.1464011761487691,no,no,no,14,0,
pickle,autocorr ts_gsr run-standardised bins,trend_b_shared_slope,did,notes/review_results/inference_rows_raw.pkl,,14,-0.5584781647392076,-0.5584781647392076,ok,0.0001220703125,0.0001220703125,1e-09,-0.6989384557499153,-0.42041021467402445,-0.7221479338979674,-0.39534850899285323,-0.7202682241772913,-0.39668810530112397,1.1733080410186154,no,no,no,14,0,
pickle,sts ts_demean W60,primary,did,notes/review_results/inference_rows_raw.pkl,,14,-0.10311246510896124,-0.10311246510896124,ok,0.0025634765625,0.0025634765625,1e-09,-0.15584609347384842,-0.05223916234713621,-0.1629328654914135,-0.043517617808296535,-0.162736362949263,-0.043488567268659496,1.1525797201450843,no,no,no,12,0,
pickle,sts ts_demean W60,sensitivity,did,notes/review_results/inference_rows_raw.pkl,,14,-0.09352498363244537,-0.09352498363244537,ok,0.00390625,0.00390625,1e-09,-0.14309546269721377,-0.04255951173253353,-0.15059564718680116,-0.03609591803328585,-0.15073995286625125,-0.036310014398639484,1.1388933814704827,no,no,no,12,0,
pickle,sts ts_demean W60,early,did,notes/review_results/inference_rows_raw.pkl,,14,-0.11825395779537602,-0.11825395779537602,ok,0.001220703125,0.001220703125,1e-09,-0.1673299504112652,-0.06787891233033666,-0.17598590315949342,-0.060354994844902005,-0.1757105068953761,-0.06079740869537596,1.162691818465449,no,no,no,13,0,
pickle,sts ts_demean W60,late,did,notes/review_results/inference_rows_raw.pkl,,14,-0.09099927095982943,-0.09099927095982943,ok,0.0128173828125,0.0128173828125,1e-09,-0.1522176339272598,-0.03192418846647494,-0.160520415253307,-0.022169126543509853,-0.1602161142727025,-0.021782427646956384,1.1501149391792844,no,no,no,11,0,
pickle,sts ts_demean W60,trend_a_placebo_line,did,notes/review_results/inference_rows_raw.pkl,,14,-0.11259836145760675,-0.11259836145760675,ok,0.0018310546875,0.0018310546875,1e-09,-0.16902535618004597,-0.05952687267247687,-0.17502386004251314,-0.05127314395334469,-0.1748592561297875,-0.050337466785426006,1.1301591777808881,no,no,no,13,0,
pickle,sts ts_demean W60,trend_b_shared_slope,did,notes/review_results/inference_rows_raw.pkl,,14,-0.11925115758763975,-0.11925115758763975,ok,0.001220703125,0.001220703125,1e-09,-0.17357098291923834,-0.06825697847081366,-0.1795842630115228,-0.0586401169752292,-0.17955745335924178,-0.05894486181603774,1.1484146545346063,no,no,no,13,0,
pickle,PhiR ts_demean W60,primary,did,notes/review_results/inference_rows_raw.pkl,,14,0.01571869696976422,0.01571869696976422,ok,0.0853271484375,0.0853271484375,1e-09,0.0009673342680939615,0.032640449167640924,-0.00239995787246801,0.034111163472681685,-0.0024577194592979405,0.03389511339882638,1.1527480470723117,no,yes,yes,4,0,
pickle,PhiR ts_demean W60,sensitivity,did,notes/review_results/inference_rows_raw.pkl,,14,0.013610465155611592,0.013610465155611592,ok,0.1070556640625,0.1070556640625,1e-09,-0.0001997999104969056,0.029386338529900198,-0.002978952182897761,0.03073822164141374,-0.0032792564670486753,0.03050018677827186,1.139627393153608,yes,yes,yes,5,0,
pickle,PhiR ts_demean W60,early,did,notes/review_results/inference_rows_raw.pkl,,14,0.01274421155807383,0.01274421155807383,ok,0.15234375,0.15234375,1e-09,-0.001727385810756029,0.02930122113870103,-0.004431527195976605,0.03108450942951165,-0.0053854358666793525,0.03087385898282701,1.1446223378104226,yes,yes,yes,5,0,
pickle,PhiR ts_demean W60,late,did,notes/review_results/inference_rows_raw.pkl,,14,0.01809828529911653,0.01809828529911653,ok,0.0943603515625,0.0943603515625,1e-09,0.001315911018268278,0.03789567677782065,-0.0026177535359905753,0.039265555241393676,-0.002678650979242178,0.038875221577475236,1.1449857020051288,no,yes,yes,5,0,
pickle,PhiR ts_demean W60,trend_a_placebo_line,did,notes/review_results/inference_rows_raw.pkl,,14,0.016317138444774414,0.016317138444774414,ok,0.0440673828125,0.0440673828125,1e-09,0.003341780623129753,0.03033039484975944,0.0005281095755062607,0.03201598351482248,0.0007686065306850096,0.03186567035886382,1.166709549253074,no,no,no,4,0,
pickle,PhiR ts_demean W60,trend_b_shared_slope,did,notes/review_results/inference_rows_raw.pkl,,14,0.01393120832116222,0.01393120832116222,ok,0.0797119140625,0.0797119140625,1e-09,0.0005365192321119266,0.027964038392494533,-0.001899384324295119,0.029895888872228094,-0.0018503255948418302,0.029712742237166273,1.159247141916122,no,yes,yes,5,0,
pickle,autocorr ts_demean W60,primary,did,notes/review_results/inference_rows_raw.pkl,,14,-0.021574715662108866,-0.021574715662108866,ok,0.001708984375,0.001708984375,1e-09,-0.0318858645584285,-0.01164956162585883,-0.03313610836313851,-0.010202947552392445,-0.033177232903185694,-0.009972198421032037,1.133268309293586,no,no,no,13,0,
pickle,autocorr ts_demean W60,sensitivity,did,notes/review_results/inference_rows_raw.pkl,,14,-0.01811087756708098,-0.01811087756708098,ok,0.0047607421875,0.0047607421875,1e-09,-0.027880736564000665,-0.00799254433505266,-0.02947973945657098,-0.006687414046058746,-0.029596802571254948,-0.006624952562907013,1.1460229842980476,no,no,no,12,0,
pickle,autocorr ts_demean W60,early,did,notes/review_results/inference_rows_raw.pkl,,14,-0.02440108770556671,-0.02440108770556671,ok,0.00048828125,0.00048828125,1e-09,-0.03308025949762547,-0.01574731467858914,-0.03440460124860706,-0.014449677293767487,-0.03441069805566998,-0.014391477355463441,1.1512714177064471,no,no,no,12,0,
pickle,autocorr ts_demean W60,late,did,notes/review_results/inference_rows_raw.pkl,,14,-0.01931361802734251,-0.01931361802734251,ok,0.0113525390625,0.0113525390625,1e-09,-0.03161501562313863,-0.006889076671053392,-0.03359583278241953,-0.005233648008879767,-0.03356268672355962,-0.005064549331125403,1.147061991397009,no,no,no,11,0,
pickle,autocorr ts_demean W60,trend_a_placebo_line,did,notes/review_results/inference_rows_raw.pkl,,14,-0.02284079297259433,-0.02284079297259433,ok,0.001953125,0.001953125,1e-09,-0.03411821635682908,-0.011972894397739608,-0.03531817762211351,-0.010368172337008107,-0.035407962192903875,-0.010273623752284787,1.1266490201044361,no,no,no,13,0,
pickle,autocorr ts_demean W60,trend_b_shared_slope,did,notes/review_results/inference_rows_raw.pkl,,14,-0.023454464796233355,-0.023454464796233355,ok,0.002197265625,0.002197265625,1e-09,-0.034528374125896225,-0.012475906764398154,-0.036141049103775046,-0.010504910398314065,-0.036170482731510474,-0.010738446860956237,1.1625065932631071,no,no,no,13,0,
pickle,sts ts_demean global-bins,primary,did,notes/review_results/inference_rows_raw.pkl,,14,-0.10347081924166268,-0.10347081924166268,ok,0.01318359375,0.01318359375,1e-09,-0.16868250324512904,-0.036483653799166495,-0.17838462967130278,-0.026660484905119693,-0.1794823840356834,-0.02745925444764198,1.1476964088723154,no,no,no,11,0,
pickle,sts ts_demean global-bins,sensitivity,did,notes/review_results/inference_rows_raw.pkl,,14,-0.09993503677706961,-0.09993503677706961,ok,0.013916015625,0.013916015625,1e-09,-0.1640789071365233,-0.03382377613122967,-0.17354648119030883,-0.02415033318995717,-0.17493520747047836,-0.024934866083660842,1.1469501957222719,no,no,no,11,0,
pickle,sts ts_demean global-bins,early,did,notes/review_results/inference_rows_raw.pkl,,14,-0.1250279236662611,-0.1250279236662611,ok,0.00341796875,0.00341796875,1e-09,-0.18455322198007418,-0.0619982522473421,-0.19399120710008863,-0.05409094786273198,-0.19507152135820185,-0.05498432597432032,1.1415306906154128,no,no,no,12,0,
pickle,sts ts_demean global-bins,late,did,notes/review_results/inference_rows_raw.pkl,,14,-0.08622513570198398,-0.08622513570198398,ok,0.0594482421875,0.0594482421875,1e-09,-0.16399786611680858,-0.007778487110328163,-0.17487591058073407,0.0029495552212172333,-0.1754828266545967,0.0030325552506287184,1.138306059932389,no,yes,yes,10,0,
pickle,sts ts_demean global-bins,trend_a_placebo_line,did,notes/review_results/inference_rows_raw.pkl,,14,-0.1089152926283721,-0.1089152926283721,ok,0.00927734375,0.00927734375,1e-09,-0.1757865624715038,-0.042390449948675656,-0.18568423982104387,-0.030911314596041697,-0.1866612350250994,-0.031169350231644785,1.1602506422255434,no,no,no,13,0,
pickle,sts ts_demean global-bins,trend_b_shared_slope,did,notes/review_results/inference_rows_raw.pkl,,14,-0.12388293025143146,-0.12388293025143146,ok,0.0057373046875,0.0057373046875,1e-09,-0.1908037980639127,-0.054797403716403965,-0.1996660446807686,-0.04554615060662204,-0.2010031987365254,-0.04676266176633752,1.13318123617303,no,no,no,13,0,
pickle,PhiR ts_demean global-bins,primary,did,notes/review_results/inference_rows_raw.pkl,,14,0.01801328167425819,0.01801328167425819,ok,0.11767578125,0.11767578125,1e-09,-0.00021410183025909231,0.03799161133151558,-0.004026503501375078,0.04051626030232544,-0.004104042224400906,0.04013060557291728,1.1658665711877394,yes,yes,yes,5,0,
pickle,PhiR ts_demean global-bins,sensitivity,did,notes/review_results/inference_rows_raw.pkl,,14,0.018048659481592882,0.018048659481592882,ok,0.1170654296875,0.1170654296875,1e-09,-0.00014331965590897035,0.03780059075015109,-0.003948499916061953,0.040589085784790827,-0.004044419067613388,0.04014173803079915,1.1737742690257786,yes,yes,yes,5,0,
pickle,PhiR ts_demean global-bins,early,did,notes/review_results/inference_rows_raw.pkl,,14,0.013560073704657184,0.013560073704657184,ok,0.2484130859375,0.2484130859375,1e-09,-0.004353057178490291,0.03438973783979589,-0.00785172797749792,0.03657620641910772,-0.009041011260890892,0.03616115867020526,1.1467405584867105,yes,yes,yes,5,0,
pickle,PhiR ts_demean global-bins,late,did,notes/review_results/inference_rows_raw.pkl,,14,0.021575848049938985,0.021575848049938985,ok,0.0855712890625,0.0855712890625,1e-09,0.0010786563924134718,0.04452132895917839,-0.0032214710034954588,0.047073305293838894,-0.003499326560199082,0.04665102266007705,1.1577274906381225,no,yes,yes,5,0,
pickle,PhiR ts_demean global-bins,trend_a_placebo_line,did,notes/review_results/inference_rows_raw.pkl,,14,0.016831423894080596,0.016831423894080596,ok,0.083740234375,0.083740234375,1e-09,0.0015680924967687293,0.03389561480794334,-0.0023178645617349617,0.03611805399218326,-0.0022727106703731154,0.03593555845853431,1.188953430576773,no,yes,yes,4,0,
pickle,PhiR ts_demean global-bins,trend_b_shared_slope,did,notes/review_results/inference_rows_raw.pkl,,14,0.01418672862756938,0.01418672862756938,ok,0.135009765625,0.135009765625,1e-09,-0.001236947929988178,0.030580623771711793,-0.004585292726570074,0.033195256637226014,-0.004572810749225218,0.032946268004363975,1.187411463011727,yes,yes,yes,5,0,
pickle,autocorr ts_demean run-standardised bins,primary,did,notes/review_results/inference_rows_raw.pkl,,14,-0.38455693278105985,-0.38455693278105985,ok,0.0003662109375,0.0003662109375,1e-09,-0.5419163757762052,-0.24635436512348105,-0.5547890402205216,-0.2208597254197579,-0.5538941431269104,-0.21521972243520923,1.1298113518151691,no,no,no,13,0,
pickle,autocorr ts_demean run-standardised bins,sensitivity,did,notes/review_results/inference_rows_raw.pkl,,14,-0.3736855189086325,-0.3736855189086325,ok,0.00048828125,0.00048828125,1e-09,-0.5306245778452079,-0.23562856653352826,-0.5427853655953221,-0.2120628708717122,-0.5412285715915812,-0.20614246622568383,1.121108360933678,no,no,no,12,0,
pickle,autocorr ts_demean run-standardised bins,early,did,notes/review_results/inference_rows_raw.pkl,,14,-0.42022766953191926,-0.42022766953191926,ok,0.0001220703125,0.0001220703125,1e-09,-0.5544618268077633,-0.2918728640286999,-0.5746581990533273,-0.26760326077274865,-0.5735644922919341,-0.2668908467719044,1.1693368031577467,no,no,no,14,0,
pickle,autocorr ts_demean run-standardised bins,late,did,notes/review_results/inference_rows_raw.pkl,,14,-0.3560203433803725,-0.3560203433803725,ok,0.0010986328125,0.0010986328125,1e-09,-0.5454914431190778,-0.1849304190107959,-0.5620365756300507,-0.15772890142247098,-0.5601395378529226,-0.15190114890782233,1.121329392735916,no,no,no,11,0,
pickle,autocorr ts_demean run-standardised bins,trend_a_placebo_line,did,notes/review_results/inference_rows_raw.pkl,,14,-0.4426565429181165,-0.4426565429181165,ok,0.0001220703125,0.0001220703125,1e-09,-0.5985026189425421,-0.3030583887868284,-0.6123208892442952,-0.2804185402935304,-0.6107134897340873,-0.2745995961021457,1.1234010181069904,no,no,no,14,0,
pickle,autocorr ts_demean run-standardised bins,trend_b_shared_slope,did,notes/review_results/inference_rows_raw.pkl,,14,-0.4804710375931733,-0.4804710375931733,ok,0.0001220703125,0.0001220703125,1e-09,-0.6267726823837564,-0.34561075597390634,-0.6435330162670604,-0.3225355242244527,-0.6414020779045312,-0.31953999728181537,1.141681934468927,no,no,no,14,0,
pickle,sts ts_gsr W30,primary,did,notes/review_results/inference_rows_raw.pkl,,14,-0.06862571925426532,-0.06862571925426532,ok,0.004150390625,0.004150390625,1e-09,-0.10835987566843117,-0.029308000958747762,-0.11424063572211998,-0.02421589083996821,-0.1146747239389751,-0.022576714569555546,1.13880594499202,no,no,no,13,0,
pickle,sts ts_gsr W30,sensitivity,did,notes/review_results/inference_rows_raw.pkl,,14,-0.06584647091486409,-0.06584647091486409,ok,0.0067138671875,0.0067138671875,1e-09,-0.10715435493291493,-0.026121393728674364,-0.11153476740306659,-0.02120297726115708,-0.11207383133725243,-0.01961911049247575,1.1147536607261777,no,no,no,12,0,
pickle,sts ts_gsr W30,early,did,notes/review_results/inference_rows_raw.pkl,,14,-0.08393765839266336,-0.08393765839266336,ok,0.001220703125,0.001220703125,1e-09,-0.12669265421516382,-0.04511303182468227,-0.13026006979258592,-0.03794899691997431,-0.13013885328079167,-0.03773646350453504,1.1315457238912419,no,no,no,13,0,
pickle,sts ts_gsr W30,late,did,notes/review_results/inference_rows_raw.pkl,,14,-0.05637616794354663,-0.05637616794354663,ok,0.0321044921875,0.0321044921875,1e-09,-0.10243067835943233,-0.011751406891395387,-0.10810419484589776,-0.005310320531255073,-0.10861047015241153,-0.004141865734681727,1.1335983698421743,no,no,no,11,0,
pickle,sts ts_gsr W30,trend_a_placebo_line,did,notes/review_results/inference_rows_raw.pkl,,14,-0.07662815337686535,-0.07662815337686535,ok,0.0020751953125,0.0020751953125,1e-09,-0.11467949143711816,-0.03862222544239699,-0.1193927790103037,-0.034298608187255934,-0.12013323757360114,-0.03312306918012956,1.1188171137909928,no,no,no,13,0,
pickle,sts ts_gsr W30,trend_b_shared_slope,did,notes/review_results/inference_rows_raw.pkl,,14,-0.08492369298091132,-0.08492369298091132,ok,0.0009765625,0.0009765625,1e-09,-0.12253318127681351,-0.049472729701780314,-0.12555556280259228,-0.04389474447509412,-0.12637539273720463,-0.04347199322461801,1.1177157623181728,no,no,no,13,0,
pickle,autocorr ts_gsr W30,primary,did,notes/review_results/inference_rows_raw.pkl,,14,-0.014163986551769212,-0.014163986551769212,ok,0.0164794921875,0.0164794921875,1e-09,-0.023277307011487332,-0.004392215321376767,-0.02491997184556538,-0.0032056346168188978,-0.025107221914587696,-0.0032207511889507257,1.14981370411442,no,no,no,13,0,
pickle,autocorr ts_gsr W30,sensitivity,did,notes/review_results/inference_rows_raw.pkl,,14,-0.013903502033441659,-0.013903502033441659,ok,0.02099609375,0.02099609375,1e-09,-0.023417250377625945,-0.0039961754864375285,-0.024901494734707347,-0.0027005313152704867,-0.025047009478640386,-0.0027599945882429335,1.1431377276398698,no,no,no,11,0,
pickle,autocorr ts_gsr W30,early,did,notes/review_results/inference_rows_raw.pkl,,14,-0.02003007903402205,-0.02003007903402205,ok,0.001953125,0.001953125,1e-09,-0.028852881192825974,-0.010713470581660656,-0.03021555030699847,-0.009586944622889733,-0.030388137225415425,-0.009672020842628673,1.1372257967087005,no,no,no,12,0,
pickle,autocorr ts_gsr W30,late,did,notes/review_results/inference_rows_raw.pkl,,14,-0.00947111256596699,-0.00947111256596699,ok,0.12744140625,0.12744140625,1e-09,-0.02015336270442243,0.0015835914546157908,-0.0219349652332069,0.003169676141371965,-0.022030129732038762,0.003087904600104781,1.15492912166539,yes,yes,yes,10,0,
pickle,autocorr ts_gsr W30,trend_a_placebo_line,did,notes/review_results/inference_rows_raw.pkl,,14,-0.015107595962561917,-0.015107595962561917,ok,0.0089111328125,0.0089111328125,1e-09,-0.02366048417798718,-0.0058777285070729405,-0.02505743573240219,-0.004783620187014382,-0.025445507174808563,-0.004769684750315273,1.1400828938198813,no,no,no,12,0,
pickle,autocorr ts_gsr W30,trend_b_shared_slope,did,notes/review_results/inference_rows_raw.pkl,,14,-0.017745138349162907,-0.017745138349162907,ok,0.0028076171875,0.0028076171875,1e-09,-0.026244336704079104,-0.008849784293373169,-0.027162901269514296,-0.00787813615848712,-0.027604163452340347,-0.00788611324598547,1.108666935238751,no,no,no,13,0,
pickle,PhiR_deconv ts_gsr W30,primary,did,notes/review_results/inference_rows_w30.pkl,,14,0.030670866039169027,0.030670866039169027,ok,0.0023193359375,0.0023193359375,1e-09,0.014801572433288826,0.047151813736639334,0.012338884898746072,0.04943184988380338,0.012046475844635817,0.049295256233702234,1.1466055117559695,no,no,no,2,0,
pickle,PhiR_deconv ts_gsr W30,sensitivity,did,notes/review_results/inference_rows_w30.pkl,,14,0.030926037056461988,0.030926037056461988,ok,0.00244140625,0.00244140625,1e-09,0.01523028670297642,0.04758221678179624,0.012456292040301308,0.04964059076255811,0.012345114146938934,0.049506959965985045,1.1493687897959644,no,no,no,2,0,
pickle,PhiR_deconv ts_gsr W30,early,did,notes/review_results/inference_rows_w30.pkl,,14,0.03796504255646143,0.03796504255646143,ok,0.0023193359375,0.0023193359375,1e-09,0.01845634657919873,0.05905489784748857,0.014645565086216786,0.061284809820952385,0.014790354818364451,0.06113973029455841,1.1487908626720862,no,no,no,1,0,
pickle,PhiR_deconv ts_gsr W30,late,did,notes/review_results/inference_rows_w30.pkl,,14,0.02483552482533515,0.02483552482533515,ok,0.004150390625,0.004150390625,1e-09,0.01116728359393744,0.04032668917336952,0.008888768288441592,0.041658387642045464,0.008195079305165352,0.041475970345504945,1.123809580560116,no,no,no,2,0,
pickle,PhiR_deconv ts_gsr W30,trend_a_placebo_line,did,notes/review_results/inference_rows_w30.pkl,,14,0.028262189775304862,0.028262189775304862,ok,0.00146484375,0.00146484375,1e-09,0.014965176747957692,0.042590616715866995,0.012736785976555115,0.04443788610986886,0.012246191412759302,0.04427818813785042,1.147532859934136,no,no,no,1,0,
pickle,PhiR_deconv ts_gsr W30,trend_b_shared_slope,did,notes/review_results/inference_rows_w30.pkl,,14,0.030355940252017103,0.030355940252017103,ok,0.0006103515625,0.0006103515625,1e-09,0.017415472819308567,0.043914012007435055,0.015593443471691327,0.04536516010544665,0.015330405038215356,0.045381475465818846,1.123522939222834,no,no,no,1,0,
pickle,sts_deconv ts_gsr W30,primary,did,notes/review_results/inference_rows_w30.pkl,,14,-0.06706665423136796,-0.06706665423136796,ok,0.0013427734375,0.0013427734375,1e-09,-0.10115499291472073,-0.035157918629995774,-0.10550693958007533,-0.03058013068661448,-0.10535465826718377,-0.02877865019555214,1.1353050071615474,no,no,no,13,0,
pickle,sts_deconv ts_gsr W30,sensitivity,did,notes/review_results/inference_rows_w30.pkl,,14,-0.0663615191743563,-0.0663615191743563,ok,0.001708984375,0.001708984375,1e-09,-0.10124928063362824,-0.03493804426162232,-0.10458120186055275,-0.029785457991573915,-0.10437670468832658,-0.028346333660386018,1.1279497708257895,no,no,no,12,0,
pickle,sts_deconv ts_gsr W30,early,did,notes/review_results/inference_rows_w30.pkl,,14,-0.08013221068861189,-0.08013221068861189,ok,0.00048828125,0.00048828125,1e-09,-0.11600791544682909,-0.047646567478615516,-0.1192919204745981,-0.04171056712055814,-0.1188750030183659,-0.041389418358857864,1.1348716147334232,no,no,no,13,0,
pickle,sts_deconv ts_gsr W30,late,did,notes/review_results/inference_rows_w30.pkl,,14,-0.056614209065572775,-0.056614209065572775,ok,0.0093994140625,0.0093994140625,1e-09,-0.09647545728092753,-0.02131289802162298,-0.10001383507025811,-0.015589149303504475,-0.09969235231149623,-0.01353606581964932,1.1232279288880453,no,no,no,11,0,
pickle,sts_deconv ts_gsr W30,trend_a_placebo_line,did,notes/review_results/inference_rows_w30.pkl,,14,-0.0694147809214495,-0.0694147809214495,ok,0.0008544921875,0.0008544921875,1e-09,-0.10257628112726333,-0.039874016784664575,-0.10556161971617709,-0.034961271697965736,-0.10551871240695317,-0.033310849435945825,1.1259616978496705,no,no,no,13,0,
pickle,sts_deconv ts_gsr W30,trend_b_shared_slope,did,notes/review_results/inference_rows_w30.pkl,,14,-0.07085284769770953,-0.07085284769770953,ok,0.0006103515625,0.0006103515625,1e-09,-0.10179330123984612,-0.04299157998565394,-0.10431348114187566,-0.038792416137065966,-0.10430326607444257,-0.03740242932097648,1.1142712085173607,no,no,no,13,0,
pickle,PhiR_deconv ts_demean W30,primary,did,notes/review_results/inference_rows_w30.pkl,,14,0.050877256088425374,0.050877256088425374,ok,0.0013427734375,0.0013427734375,1e-09,0.028585760210679913,0.07287941777224004,0.025332766641711857,0.07640766624847303,0.02559319700546393,0.07616131517138681,1.1530973601756946,no,no,no,1,0,
pickle,PhiR_deconv ts_demean W30,sensitivity,did,notes/review_results/inference_rows_w30.pkl,,14,0.05081626416176547,0.05081626416176547,ok,0.00146484375,0.00146484375,1e-09,0.028832543919535533,0.07219391694373065,0.025088030313513122,0.07641832291549702,0.025461831580827158,0.07617069674270378,1.1837792261177298,no,no,no,2,0,
pickle,PhiR_deconv ts_demean W30,early,did,notes/review_results/inference_rows_w30.pkl,,14,0.05008253386232493,0.05008253386232493,ok,0.0023193359375,0.0023193359375,1e-09,0.025065098663383297,0.07433331405076381,0.02233041589697759,0.07749093153070752,0.022486746650653054,0.0776783210739968,1.1195963807501472,no,no,no,1,0,
pickle,PhiR_deconv ts_demean W30,late,did,notes/review_results/inference_rows_w30.pkl,,14,0.05151303386930574,0.05151303386930574,ok,0.001708984375,0.001708984375,1e-09,0.02677272257364562,0.07843408775356463,0.021963830455573145,0.08231536068328388,0.021533026535783394,0.08149304120282808,1.1682140032019446,no,no,no,3,0,
pickle,PhiR_deconv ts_demean W30,trend_a_placebo_line,did,notes/review_results/inference_rows_w30.pkl,,14,0.0506758245569353,0.0506758245569353,ok,0.0006103515625,0.0006103515625,1e-09,0.02893315637416022,0.07271396437783453,0.025294576366865572,0.0762210776686707,0.02551082595483752,0.07584082315903308,1.1632151991697164,no,no,no,1,0,
pickle,PhiR_deconv ts_demean W30,trend_b_shared_slope,did,notes/review_results/inference_rows_w30.pkl,,14,0.049093440412466154,0.049093440412466154,ok,0.001220703125,0.001220703125,1e-09,0.02756185412078676,0.07024934807242893,0.02453194410963458,0.07394138573158583,0.02467880201507477,0.07350807880985753,1.1574687817917804,no,no,no,2,0,
pickle,sts_deconv ts_demean W30,primary,did,notes/review_results/inference_rows_w30.pkl,,14,-0.07908655070098007,-0.07908655070098007,ok,0.000732421875,0.000732421875,1e-09,-0.11621516498932934,-0.04555659574778734,-0.12018015357491352,-0.03999313141575737,-0.11994630461536356,-0.03822679678659659,1.1348520500753663,no,no,no,12,0,
pickle,sts_deconv ts_demean W30,sensitivity,did,notes/review_results/inference_rows_w30.pkl,,14,-0.07812695192795752,-0.07812695192795752,ok,0.000732421875,0.000732421875,1e-09,-0.11511762148325248,-0.044893906399497245,-0.1187634493987175,-0.03922797975211702,-0.11840286110788018,-0.037851042748034865,1.1326012808029193,no,no,no,12,0,
pickle,sts_deconv ts_demean W30,early,did,notes/review_results/inference_rows_w30.pkl,,14,-0.08814117501933769,-0.08814117501933769,ok,0.0003662109375,0.0003662109375,1e-09,-0.1251262714307243,-0.054887227117753006,-0.12791936730169248,-0.049456241316432406,-0.12755638807530056,-0.04872596196337482,1.1170870383094038,no,no,no,13,0,
pickle,sts_deconv ts_demean W30,late,did,notes/review_results/inference_rows_w30.pkl,,14,-0.07184285124629397,-0.07184285124629397,ok,0.0030517578125,0.0030517578125,1e-09,-0.11453850014421445,-0.03349297048097457,-0.1194716886589684,-0.026528058684252384,-0.11891469095099635,-0.024771011541591587,1.1468076075375788,no,no,no,11,0,
pickle,sts_deconv ts_demean W30,trend_a_placebo_line,did,notes/review_results/inference_rows_w30.pkl,,14,-0.08193956607929419,-0.08193956607929419,ok,0.0006103515625,0.0006103515625,1e-09,-0.12141899229500203,-0.04674699602698993,-0.12510453794750315,-0.04056511879491971,-0.1251607852053595,-0.038718346953228885,1.1321435528408168,no,no,no,13,0,
pickle,sts_deconv ts_demean W30,trend_b_shared_slope,did,notes/review_results/inference_rows_w30.pkl,,14,-0.08107463672307468,-0.08107463672307468,ok,0.00048828125,0.00048828125,1e-09,-0.11970633276840716,-0.04727571509855081,-0.12284525763108839,-0.040984184043000985,-0.12236463865858944,-0.039784634787559905,1.130199855000764,no,no,no,13,0,
pickle,PhiR ts_gsr W30,primary,did,notes/review_results/inference_rows_w30.pkl,,14,0.0007234059600979717,0.0007234059600979717,ok,0.91552734375,0.91552734375,1e-09,-0.010845383102529546,0.013527802823630112,-0.01277962900217016,0.014846089729370765,-0.0132473842989496,0.014694196219145543,1.1334471749091422,yes,yes,yes,8,0,
pickle,PhiR ts_gsr W30,sensitivity,did,notes/review_results/inference_rows_w30.pkl,,14,0.0002593028437091828,0.0002593028437091828,ok,0.968505859375,0.968505859375,1e-09,-0.010853199175968898,0.012657119143698712,-0.012914345975015229,0.013997675697597623,-0.013311415343299682,0.01383002103071805,1.144689804140148,yes,yes,yes,8,0,
pickle,PhiR ts_gsr W30,early,did,notes/review_results/inference_rows_w30.pkl,,14,-0.00037835153445568703,-0.00037835153445568703,ok,0.9622802734375,0.9622802734375,1e-09,-0.013252414780696596,0.014568943072709891,-0.01600153946292841,0.01590778034267181,-0.016455544750281065,0.01569884168136969,1.1469361047628805,yes,yes,yes,9,0,
pickle,PhiR ts_gsr W30,late,did,notes/review_results/inference_rows_w30.pkl,,14,0.0016048119557409066,0.0016048119557409066,ok,0.8033447265625,0.8033447265625,1e-09,-0.009918803343018161,0.013634142790055336,-0.011686090868759585,0.015229398722046927,-0.01190659216211634,0.015116216073598152,1.142765301577762,yes,yes,yes,6,0,
pickle,PhiR ts_gsr W30,trend_a_placebo_line,did,notes/review_results/inference_rows_w30.pkl,,14,0.0012253389887729132,0.0012253389887729132,ok,0.8377685546875,0.8377685546875,1e-09,-0.00883877725247451,0.012478000114337603,-0.010693712427316027,0.013632047381302932,-0.011084126093144804,0.013534804070690631,1.1411555973039105,yes,yes,yes,6,0,
pickle,PhiR ts_gsr W30,trend_b_shared_slope,did,notes/review_results/inference_rows_w30.pkl,,14,0.00037525238411433313,0.00037525238411433313,ok,0.946044921875,0.946044921875,1e-09,-0.009272787781704142,0.011129301523038463,-0.010832078132968062,0.011987519484240785,-0.011117187267340142,0.01186769203556881,1.118493173731196,yes,yes,yes,7,0,
engine,sts ts_gsr W60,primary,dmt_change,"recomputed as rev_inference.Engine (Table 2, S1 Table); committed: results/primary_b_ts_gsr_win60.csv",,14,-0.04847102940570617,-0.04847102940570617,ok,0.0267333984375,0.0267333984375,1e-09,-0.0819488978543902,-0.011298403602805372,-0.08824131062885593,-0.006760993934032669,-0.08942403134078636,-0.007518027470625972,1.1532872849363753,no,no,no,11,0,
engine,sts ts_gsr W60,primary,pcb_change,"recomputed as rev_inference.Engine (Table 2, S1 Table); committed: results/primary_b_ts_gsr_win60.csv",,14,0.03239517991611775,0.03239517991611775,ok,0.04248046875,0.04248046875,1e-09,0.005313358357159267,0.06059653332378101,0.0013304899132193715,0.06375856943147623,0.0012897384632868138,0.06350062136894868,1.1292419358321766,no,no,no,4,0,
engine,sts ts_gsr W60,primary,fd_did,"recomputed as rev_inference.Engine (Table 2, S1 Table); committed: results/primary_b_ts_gsr_win60.csv",,14,0.014346739579365077,0.014346739579365077,ok,0.2452392578125,0.2452392578125,1e-09,-0.007038787851562497,0.03645704179645336,-0.011465358932213045,0.040255455109786564,-0.011155299133355192,0.03984877829208534,1.1890982298887809,yes,yes,yes,6,0,
engine,sts ts_gsr W60,primary,resid_did,"recomputed as rev_inference.Engine (Table 2, S1 Table); committed: results/primary_b_ts_gsr_win60.csv",,14,-0.06491128009344917,-0.06491128009344917,ok,0.0047607421875,0.0047607421875,1e-09,-0.09662419062350419,-0.028892759156511946,-0.10096097846374896,-0.02600254264169737,-0.10348035512307059,-0.026342205063827742,1.106700894968997,no,no,no,13,0,
engine,sts ts_gsr W60,sensitivity,dmt_change,"recomputed as rev_inference.Engine (Table 2, S1 Table); committed: results/primary_b_ts_gsr_win60.csv",,14,-0.049143529301426674,-0.049143529301426674,ok,0.022705078125,0.022705078125,1e-09,-0.08226660899098062,-0.012784139936951744,-0.08770366686018913,-0.008886211264378885,-0.08910274710609664,-0.009184311496756706,1.1343502421383813,no,no,no,11,0,
engine,sts ts_gsr W60,sensitivity,pcb_change,"recomputed as rev_inference.Engine (Table 2, S1 Table); committed: results/primary_b_ts_gsr_win60.csv",,14,0.024200293220113474,0.024200293220113474,ok,0.10400390625,0.10400390625,1e-09,-0.0019634897565507198,0.04957587567578743,-0.0059690143140885814,0.05440688761691309,-0.005847087915149693,0.05424767435537664,1.1714521788256065,yes,yes,yes,4,0,
engine,sts ts_gsr W60,sensitivity,fd_did,"recomputed as rev_inference.Engine (Table 2, S1 Table); committed: results/primary_b_ts_gsr_win60.csv",,14,0.019114751916666665,0.019114751916666665,ok,0.1082763671875,0.1082763671875,1e-09,-0.0008026585178125139,0.04022990842482142,-0.004982969350751605,0.04335392684230765,-0.004765451147708669,0.042994954981042,1.1780129734665936,yes,yes,yes,6,0,
engine,sts ts_gsr W60,sensitivity,resid_did,"recomputed as rev_inference.Engine (Table 2, S1 Table); committed: results/primary_b_ts_gsr_win60.csv",,14,-0.05548212257183054,-0.05548212257183054,ok,0.010009765625,0.010009765625,1e-09,-0.08638680092618022,-0.02102213231428486,-0.09087597526346977,-0.017403848543580902,-0.09323897888746163,-0.017725266256199454,1.1240342570407844,no,no,no,13,0,
engine,sts ts_demean W60,primary,dmt_change,"recomputed as rev_inference.Engine (Table 2, S1 Table); committed: results/primary_b_ts_demean_win60.csv",,14,-0.06333443767759757,-0.06333443767759757,ok,0.0333251953125,0.0333251953125,1e-09,-0.10880481704598163,-0.012282015892696424,-0.11749008335439508,-0.006603510999909966,-0.1195768078636484,-0.007092067491546741,1.14881220840648,no,no,no,10,0,
engine,sts ts_demean W60,primary,pcb_change,"recomputed as rev_inference.Engine (Table 2, S1 Table); committed: results/primary_b_ts_demean_win60.csv",,14,0.03977802743136368,0.03977802743136368,ok,0.0306396484375,0.0306396484375,1e-09,0.008939273789936478,0.06918841051695114,0.005106471383303564,0.07425226637418372,0.005371012732762061,0.0741850421299653,1.1476644935872815,no,no,no,3,0,
engine,sts ts_demean W60,primary,fd_did,"recomputed as rev_inference.Engine (Table 2, S1 Table); committed: results/primary_b_ts_demean_win60.csv",,14,0.014346739579365077,0.014346739579365077,ok,0.2452392578125,0.2452392578125,1e-09,-0.007038787851562497,0.03645704179645336,-0.011465358932213045,0.040255455109786564,-0.011155299133355192,0.03984877829208534,1.1890982298887809,yes,yes,yes,6,0,
engine,sts ts_demean W60,primary,resid_did,"recomputed as rev_inference.Engine (Table 2, S1 Table); committed: results/primary_b_ts_demean_win60.csv",,14,-0.08241714721210373,-0.08241714721210373,ok,0.0047607421875,0.0047607421875,1e-09,-0.12236833536309964,-0.037228241482666166,-0.13018483621843474,-0.032202899872207605,-0.13147569012113647,-0.033358604303071,1.1508319039890667,no,no,no,13,0,
engine,sts ts_demean W60,sensitivity,dmt_change,"recomputed as rev_inference.Engine (Table 2, S1 Table); committed: results/primary_b_ts_demean_win60.csv",,14,-0.06208512382718984,-0.06208512382718984,ok,0.030029296875,0.030029296875,1e-09,-0.10553287023191449,-0.013007177885790729,-0.11374819514744361,-0.0077328831578131075,-0.11603764836331634,-0.008132599291063337,1.1457932310632624,no,no,no,10,0,
engine,sts ts_demean W60,sensitivity,pcb_change,"recomputed as rev_inference.Engine (Table 2, S1 Table); committed: results/primary_b_ts_demean_win60.csv",,14,0.03143985980525551,0.03143985980525551,ok,0.063720703125,0.063720703125,1e-09,0.0013383528311590122,0.05848653157019336,-0.0021010901805361623,0.06457292705797565,-0.0017850026234259991,0.06466472223393702,1.166686650557614,no,yes,yes,4,0,
engine,sts ts_demean W60,sensitivity,fd_did,"recomputed as rev_inference.Engine (Table 2, S1 Table); committed: results/primary_b_ts_demean_win60.csv",,14,0.019114751916666665,0.019114751916666665,ok,0.1082763671875,0.1082763671875,1e-09,-0.0008026585178125139,0.04022990842482142,-0.004982969350751605,0.04335392684230765,-0.004765451147708669,0.042994954981042,1.1780129734665936,yes,yes,yes,6,0,
engine,sts ts_demean W60,sensitivity,resid_did,"recomputed as rev_inference.Engine (Table 2, S1 Table); committed: results/primary_b_ts_demean_win60.csv",,14,-0.0713802246123498,-0.0713802246123498,ok,0.00732421875,0.00732421875,1e-09,-0.11056733997643665,-0.029783710928345815,-0.11703925434558142,-0.023690077296312888,-0.1183168522092834,-0.0244435970154162,1.1555457231773703,no,no,no,12,0,
engine,sts ts_gsr W30,primary,dmt_change,recomputed as rev_inference.Engine (S1 Table (W = 30)); committed: results/primary_b_ts_gsr_win30.csv,,14,-0.03901842484685597,-0.03901842484685597,ok,0.035400390625,0.035400390625,1e-09,-0.06800261832937615,-0.005839826499168169,-0.0727459355163046,-0.0033828558768251513,-0.07437650191341111,-0.003660347780300832,1.1158295436430588,no,no,no,11,0,
engine,sts ts_gsr W30,primary,pcb_change,recomputed as rev_inference.Engine (S1 Table (W = 30)); committed: results/primary_b_ts_gsr_win30.csv,,14,0.029607294407409352,0.029607294407409352,ok,0.02685546875,0.02685546875,1e-09,0.007602138148985033,0.05314034756586316,0.004143265718493509,0.056031264298465236,0.0037242268983763704,0.055490361916442334,1.1394387096990277,no,no,no,4,0,
engine,sts ts_gsr W30,primary,fd_did,recomputed as rev_inference.Engine (S1 Table (W = 30)); committed: results/primary_b_ts_gsr_win30.csv,,14,0.014346739579365081,0.014346739579365081,ok,0.2452392578125,0.2452392578125,1e-09,-0.006960127706795631,0.03683391050170303,-0.011465358932213073,0.040255455109786537,-0.011155299133355188,0.03984877829208535,1.1810012540008854,yes,yes,yes,6,0,
engine,sts ts_gsr W30,primary,resid_did,recomputed as rev_inference.Engine (S1 Table (W = 30)); committed: results/primary_b_ts_gsr_win30.csv,,14,-0.05447880130814443,-0.05447880130814443,ok,0.0064697265625,0.0064697265625,1e-09,-0.08363129688188625,-0.02152965963837962,-0.08753230258323719,-0.018666772290156796,-0.08980956078449695,-0.01914804183179191,1.1089165012357383,no,no,no,13,0,
engine,sts ts_gsr W30,sensitivity,dmt_change,recomputed as rev_inference.Engine (S1 Table (W = 30)); committed: results/primary_b_ts_gsr_win30.csv,,14,-0.040685457578845355,-0.040685457578845355,ok,0.0311279296875,0.0311279296875,1e-09,-0.06977295917516292,-0.008433123980120508,-0.07412368840331574,-0.005127595087079375,-0.07605921520131881,-0.005311699956371901,1.1248170637702128,no,no,no,12,0,
engine,sts ts_gsr W30,sensitivity,pcb_change,recomputed as rev_inference.Engine (S1 Table (W = 30)); committed: results/primary_b_ts_gsr_win30.csv,,14,0.02516101333601873,0.02516101333601873,ok,0.0489501953125,0.0489501953125,1e-09,0.0034757475794077335,0.04762720896907345,0.00021831259384770427,0.05067727208480325,-0.00016264044743399125,0.05048466711947145,1.142860460396135,no,no,yes,4,0,
engine,sts ts_gsr W30,sensitivity,fd_did,recomputed as rev_inference.Engine (S1 Table (W = 30)); committed: results/primary_b_ts_gsr_win30.csv,,14,0.01739740427443608,0.01739740427443608,ok,0.155029296875,0.155029296875,1e-09,-0.003764680665922632,0.03932980495497726,-0.00773667975698745,0.0426491006883518,-0.00751438344404361,0.04230919199291577,1.1691932208816815,yes,yes,yes,6,0,
engine,sts ts_gsr W30,sensitivity,resid_did,recomputed as rev_inference.Engine (S1 Table (W = 30)); committed: results/primary_b_ts_gsr_win30.csv,,14,-0.051355872652373714,-0.051355872652373714,ok,0.0108642578125,0.0108642578125,1e-09,-0.07992415881364072,-0.01793359049033752,-0.08456363656276131,-0.015450243226573318,-0.08688175600393014,-0.015829989300817297,1.114901753694799,no,no,no,12,0,
engine,diag residual sts ts_gsr W60,primary,dmt_change,recomputed as rev_inference.Engine (S3 Text); committed: notes/review_results/inference_rows_diag.pkl,,14,0.007711051175894385,0.007711051175894385,ok,0.0797119140625,0.0797119140625,1e-09,-0.00011155856577382982,0.0149320474468925,-0.001123034639975901,0.016433505982557096,-0.0010038434970924453,0.016425945848881216,1.1670433676440901,yes,yes,yes,4,0,
engine,diag residual sts ts_gsr W60,primary,pcb_change,recomputed as rev_inference.Engine (S3 Text); committed: notes/review_results/inference_rows_diag.pkl,,14,-0.0038231780947651935,-0.0038231780947651935,ok,0.1917724609375,0.1917724609375,1e-09,-0.009088890560690097,0.001356026619073812,-0.009861006907520363,0.002192763478626533,-0.00981410449828487,0.002167748308754484,1.1540321649940886,yes,yes,yes,10,0,
engine,diag residual sts ts_gsr W60,primary,fd_did,recomputed as rev_inference.Engine (S3 Text); committed: notes/review_results/inference_rows_diag.pkl,,14,0.014346739579365077,0.014346739579365077,ok,0.2452392578125,0.2452392578125,1e-09,-0.007038787851562497,0.03645704179645336,-0.011465358932213045,0.040255455109786564,-0.011155299133355192,0.03984877829208534,1.1890982298887809,yes,yes,yes,6,0,
engine,diag residual sts ts_gsr W60,primary,resid_did,recomputed as rev_inference.Engine (S3 Text); committed: notes/review_results/inference_rows_diag.pkl,,14,0.009988936543632459,0.009988936543632459,ok,0.057861328125,0.057861328125,1e-09,0.0008557118900611418,0.018493965097484164,-0.0004036926613882017,0.020142859891459496,-0.00026834540781863966,0.020246218495083557,1.1648859051530525,no,yes,yes,3,0,
engine,CCSpub sts ts_gsr W60,primary,dmt_change,recomputed as rev_inference.Engine (S3 Text); committed: notes/review_results/inference_rows_ccs_pub.pkl,,14,0.0021201371550985436,0.0021201371550985436,ok,0.166748046875,0.166748046875,1e-09,-0.0005540107129411906,0.004847364916642862,-0.0009655111629080742,0.0052441856002969685,-0.000992543944904947,0.005232818255102034,1.1496509757984072,yes,yes,yes,4,0,
engine,CCSpub sts ts_gsr W60,primary,pcb_change,recomputed as rev_inference.Engine (S3 Text); committed: notes/review_results/inference_rows_ccs_pub.pkl,,14,-0.002258127786587107,-0.002258127786587107,ok,0.1092529296875,0.1092529296875,1e-09,-0.004692233088675415,0.00016973523494886807,-0.0051090726506109845,0.0006112374343872706,-0.005095732888656245,0.0005794773154820312,1.176542030766283,yes,yes,yes,9,0,
engine,CCSpub sts ts_gsr W60,primary,fd_did,recomputed as rev_inference.Engine (S3 Text); committed: notes/review_results/inference_rows_ccs_pub.pkl,,14,0.014346739579365077,0.014346739579365077,ok,0.2452392578125,0.2452392578125,1e-09,-0.007038787851562497,0.03645704179645336,-0.011465358932213045,0.040255455109786564,-0.011155299133355192,0.03984877829208534,1.1890982298887809,yes,yes,yes,6,0,
engine,CCSpub sts ts_gsr W60,primary,resid_did,recomputed as rev_inference.Engine (S3 Text); committed: notes/review_results/inference_rows_ccs_pub.pkl,,14,0.0038789489661103685,0.0038789489661103685,ok,0.053466796875,0.053466796875,1e-09,0.00046832732843777523,0.007259031251810426,-6.153059957509014e-05,0.0076990177464048345,-4.3251441104064526e-05,0.007801149373324802,1.142819423958274,no,yes,yes,2,0,
engine,autocorr ts_gsr W60,primary,dmt_change,recomputed as rev_inference.Engine (S3 Text); committed: notes/review_results/inference_rows_raw.pkl,,14,-0.009667975729322811,-0.009667975729322811,ok,0.04296875,0.04296875,1e-09,-0.01719620057870239,-0.0013743150742285466,-0.018771568867581998,-0.00036157577774534625,-0.018925749725000544,-0.0004102017336450759,1.1635776965160687,no,no,no,11,0,
engine,autocorr ts_gsr W60,primary,pcb_change,recomputed as rev_inference.Engine (S3 Text); committed: notes/review_results/inference_rows_raw.pkl,,14,0.004977440735658574,0.004977440735658574,ok,0.142333984375,0.142333984375,1e-09,-0.0007636604712855463,0.01132255540034812,-0.0017484555543665228,0.01186351124043647,-0.0018557098820455352,0.011810591353362682,1.126238927003634,yes,yes,yes,4,0,
engine,autocorr ts_gsr W60,primary,fd_did,recomputed as rev_inference.Engine (S3 Text); committed: notes/review_results/inference_rows_raw.pkl,,14,0.014346739579365077,0.014346739579365077,ok,0.2452392578125,0.2452392578125,1e-09,-0.007038787851562497,0.03645704179645336,-0.011465358932213045,0.040255455109786564,-0.011155299133355192,0.03984877829208534,1.1890982298887809,yes,yes,yes,6,0,
engine,autocorr ts_gsr W60,primary,resid_did,recomputed as rev_inference.Engine (S3 Text); committed: notes/review_results/inference_rows_raw.pkl,,14,-0.012261384436320815,-0.012261384436320815,ok,0.0135498046875,0.0135498046875,1e-09,-0.019938095797168202,-0.004104777603931236,-0.020950757557306788,-0.0030513771019625114,-0.021361008520253577,-0.0031617603523880506,1.1304882676449846,no,no,no,12,0,
saved,"run-level residual (observed − AR(1)-substituted sts, whole-run matrices) ts_gsr",run level,mean of the two runs,notes/review_results/partB/crosslag_deviation.csv; committed interval: notes/fresh_review_2026-09-17/checks/check_C1_residual_vs_null.log,,14,-0.013732555882173671,-0.01373,ok,0.0001220703125,,1e-09,-0.01448,-0.01302,-0.014573026926473193,-0.01290657783119089,-0.014572163320059433,-0.01289294844428791,1.1414034899193861,no,no,no,14,0,
saved,"run-level residual (observed − AR(1)-substituted sts, whole-run matrices) ts_demean",run level,mean of the two runs,notes/review_results/partB/crosslag_deviation.csv; committed interval: notes/fresh_review_2026-09-17/checks/check_C1_residual_vs_null.log,,14,0.0007936469557071613,0.00079,ok,0.7904052734375,,1e-09,-0.00482,0.00669,-0.005980668966502175,0.007415031681595182,-0.005721144442723002,0.007308438354137325,1.1638315072195793,yes,yes,yes,9,0,
saved,"signed mean cross-lag deviation, run level (superseded; S9 Table) ts_gsr",run level,grand mean (mean of the two runs),notes/review_results/partB/crosslag_deviation.csv; committed: crosslag_deviation_tables.md,supplementary.md:1587,14,9.063978782063838e-05,9e-05,ok,0.0003662109375,0.0004,5.1e-05,5e-05,0.00013,4.394602260519416e-05,0.00013829469317684336,4.347779338287072e-05,0.00013780178225840606,1.179358382145615,no,no,no,1,0,
saved,"slope of the deviation on q, run level (superseded; S9 Table) ts_gsr",run level,grand mean (mean of the two runs),notes/review_results/partB/crosslag_deviation.csv; committed: crosslag_deviation_tables.md,,14,0.016331037793836593,0.0163,ok,0.0001220703125,0.0001,5.1e-05,0.0141,0.0187,0.013683447640597358,0.019013618849134564,0.013679544170831077,0.01898253141684211,1.1587328714211313,no,no,no,0,0,
saved,"slope of the deviation on q, W = 60 (superseded; S9 Table) ts_gsr",W = 60,grand mean (mean of the two runs),notes/review_results/partB/crosslag_deviation.csv; committed: crosslag_deviation_tables.md,,14,0.020138651650693454,0.0201,ok,0.0001220703125,0.0001,5.1e-05,0.0184,0.0222,0.01802518409750149,0.0223251575385763,0.017973745332120115,0.022303557969266793,1.1315719581775814,no,no,no,0,0,
saved,"signed mean cross-lag deviation, run level (superseded; S9 Table) ts_demean",run level,grand mean (mean of the two runs),notes/review_results/partB/crosslag_deviation.csv; committed: crosslag_deviation_tables.md,,14,-0.007380874479078281,-0.00738,ok,0.0001220703125,0.0001,5.1e-05,-0.00902,-0.00588,-0.00919950068711076,-0.005625790276978989,-0.009174943187473033,-0.00558680577068353,1.1381243344368697,no,no,no,14,0,
saved,"slope of the deviation on q, run level (superseded; S9 Table) ts_demean",run level,grand mean (mean of the two runs),notes/review_results/partB/crosslag_deviation.csv; committed: crosslag_deviation_tables.md,,14,0.021057614951736796,0.0211,ok,0.0001220703125,0.0001,5.1e-05,0.0194,0.0227,0.019130748534739256,0.023005329009872434,0.019130642000430798,0.022984587903042794,1.1741152954949021,no,no,no,0,0,
saved,"slope of the deviation on q, W = 60 (superseded; S9 Table) ts_demean",W = 60,grand mean (mean of the two runs),notes/review_results/partB/crosslag_deviation.csv; committed: crosslag_deviation_tables.md,,14,0.0236964173342784,0.0237,ok,0.0001220703125,0.0001,5.1e-05,0.0219,0.0255,0.021593089797406404,0.025806973991614583,0.02160706506215992,0.02578576960639688,1.1705233872800498,no,no,no,0,0,
saved,"closed-form response of sts to δ_anti alone (directed share), run level ts_gsr",run level,mean of the two runs,notes/review_results/partB/directed_crosslag.csv (six decimals); committed: directed_crosslag_tables.md,,14,-0.006405642857142857,-0.00641,ok,0.0001220703125,,1e-09,-0.00692,-0.00586,-0.00700199611328125,-0.0057969064960937495,-0.007011051500659954,-0.00580023421362576,1.1368769973466981,no,no,no,14,0,per-subject values from a CSV written to six decimals
saved,"closed-form response of sts to δ_anti alone (directed share), run level ts_demean",run level,mean of the two runs,notes/review_results/partB/directed_crosslag.csv (six decimals); committed: directed_crosslag_tables.md,,14,-0.008512249999999999,-0.00851,ok,0.0001220703125,,1e-09,-0.00991,-0.0072,-0.010069108451171874,-0.0069417249589843735,-0.010056642107256488,-0.00696785789274351,1.1540160487776754,no,no,no,14,0,per-subject values from a CSV written to six decimals
saved,CCS-sts decomposition: s (selected share) (code mask) ts_gsr W60,primary,DiD,notes/review_results/partB/ccs_decomposition.csv (six decimals); committed: ccs_decomposition_tables.md,,14,-0.020393571428571435,-0.02039,ok,0.0103759765625,0.0104,5.1e-05,-0.0321,-0.00768,-0.03455110891357424,-0.0061811092358398465,-0.03440399845671559,-0.006383144400427282,1.1617526485558722,no,no,no,11,0,per-subject values from a CSV written to six decimals: for the small terms the exact p and the interval carry that rounding
saved,CCS-sts decomposition: c̄_rej (nats) (code mask) ts_gsr W60,primary,DiD,notes/review_results/partB/ccs_decomposition.csv (six decimals); committed: ccs_decomposition_tables.md,,14,-0.0067570714285714265,-0.00676,ok,0.042236328125,0.0422,5.1e-05,-0.01227,-0.00111,-0.013266009125976558,-0.0002478699443359383,-0.013236787136545095,-0.0002773557205977594,1.1664999266703064,no,no,no,10,0,per-subject values from a CSV written to six decimals: for the small terms the exact p and the interval carry that rounding
saved,CCS-sts decomposition: CCS-sts (nats) (code mask) ts_gsr W60,primary,DiD,notes/review_results/partB/ccs_decomposition.csv (six decimals); committed: ccs_decomposition_tables.md,,14,0.0036210714285714284,0.00362,ok,0.08447265625,0.0845,5.1e-05,-0.0001,0.00724,-0.0005814016142578129,0.007802689198242185,-0.000550322896604144,0.007792465753747001,1.1422467047002722,yes,yes,yes,4,0,per-subject values from a CSV written to six decimals: for the small terms the exact p and the interval carry that rounding
saved,CCS-sts decomposition: share term c̄_pre Δs (code mask) ts_gsr W60,primary,DiD,notes/review_results/partB/ccs_decomposition.csv (six decimals); committed: ccs_decomposition_tables.md,,14,-0.0012176428571428568,-0.00122,ok,0.018798828125,0.0188,5.1e-05,-0.00202,-0.00038,-0.002170671796875,-0.0002615574218750003,-0.0021590599716672103,-0.0002762257426185034,1.1640941310975608,no,no,no,11,0,per-subject values from a CSV written to six decimals: for the small terms the exact p and the interval carry that rounding
saved,CCS-sts decomposition: co-information term −(1 − s_pre) Δc̄ (code mask) ts_gsr W60,primary,DiD,notes/review_results/partB/ccs_decomposition.csv (six decimals); committed: ccs_decomposition_tables.md,,14,0.004749642857142857,0.00475,ok,0.043212890625,0.0432,5.1e-05,0.00072,0.00858,0.00017323872949218753,0.009335019084960938,0.00018271438278358483,0.009316571331502129,1.1656209103649808,no,no,no,4,0,per-subject values from a CSV written to six decimals: for the small terms the exact p and the interval carry that rounding
saved,CCS-sts decomposition: interaction Δs Δc̄ (code mask) ts_gsr W60,primary,DiD,notes/review_results/partB/ccs_decomposition.csv (six decimals); committed: ccs_decomposition_tables.md,,14,8.914285714285715e-05,9e-05,ok,0.522705078125,0.5233,5.1e-05,-0.00016,0.00034,-0.00019427250000000003,0.00037962049999999995,-0.00019883454007812708,0.00037712025436384134,1.147786,yes,yes,yes,4,0,per-subject values from a CSV written to six decimals: for the small terms the exact p and the interval carry that rounding
saved,CCS-sts decomposition: s (selected share) (pub mask) ts_gsr W60,primary,DiD,notes/review_results/partB/ccs_decomposition.csv (six decimals); committed: ccs_decomposition_tables.md,,14,-0.020962071428571427,-0.02096,ok,0.0089111328125,0.0089,5.1e-05,-0.03262,-0.00829,-0.03512199709277341,-0.006813766831054688,-0.034953818311861305,-0.006970324545281551,1.163511313675245,no,no,no,11,0,per-subject values from a CSV written to six decimals: for the small terms the exact p and the interval carry that rounding
saved,CCS-sts decomposition: c̄_rej (nats) (pub mask) ts_gsr W60,primary,DiD,notes/review_results/partB/ccs_decomposition.csv (six decimals); committed: ccs_decomposition_tables.md,,14,-0.00943907142857143,-0.00944,ok,0.025634765625,0.0256,5.1e-05,-0.01613,-0.00236,-0.017447006777343746,-0.0014022996679687472,-0.0174480576657092,-0.0014300851914336634,1.165192963643791,no,no,no,11,0,per-subject values from a CSV written to six decimals: for the small terms the exact p and the interval carry that rounding
saved,CCS-sts decomposition: CCS-sts (nats) (pub mask) ts_gsr W60,primary,DiD,notes/review_results/partB/ccs_decomposition.csv (six decimals); committed: ccs_decomposition_tables.md,,14,0.004377071428571429,0.00438,ok,0.05615234375,0.0562,5.1e-05,0.00033,0.0082,-0.0001224109921874981,0.008820405273437503,-0.00012301191916296462,0.008877154776305823,1.1363171875000002,no,yes,yes,3,0,per-subject values from a CSV written to six decimals: for the small terms the exact p and the interval carry that rounding
saved,CCS-sts decomposition: share term c̄_pre Δs (pub mask) ts_gsr W60,primary,DiD,notes/review_results/partB/ccs_decomposition.csv (six decimals); committed: ccs_decomposition_tables.md,,14,-0.001790642857142857,-0.00179,ok,0.0126953125,0.0127,5.1e-05,-0.00287,-0.00066,-0.0030829973593750003,-0.0004937032656250006,-0.003065159355616847,-0.000516126358668867,1.1716262867647056,no,no,no,11,0,per-subject values from a CSV written to six decimals: for the small terms the exact p and the interval carry that rounding
saved,CCS-sts decomposition: co-information term −(1 − s_pre) Δc̄ (pub mask) ts_gsr W60,primary,DiD,notes/review_results/partB/ccs_decomposition.csv (six decimals); committed: ccs_decomposition_tables.md,,14,0.005925214285714286,0.00593,ok,0.0272216796875,0.0272,5.1e-05,0.00143,0.01018,0.0008373679638671879,0.011000995565429689,0.00082017601544674,0.011030252555981833,1.1615574401785718,no,no,no,2,0,per-subject values from a CSV written to six decimals: for the small terms the exact p and the interval carry that rounding
saved,CCS-sts decomposition: interaction Δs Δc̄ (pub mask) ts_gsr W60,primary,DiD,notes/review_results/partB/ccs_decomposition.csv (six decimals); committed: ccs_decomposition_tables.md,,14,0.00024285714285714283,0.00024,ok,0.1175537109375,0.1178,5.1e-05,-3e-05,0.00052,-6.619343749999997e-05,0.0005559755625000001,-7.076348728510422e-05,0.0005564777729993899,1.131216363636364,yes,yes,yes,4,0,per-subject values from a CSV written to six decimals: for the small terms the exact p and the interval carry that rounding
saved,CCS-sts decomposition: s (selected share) (code mask) ts_gsr global,primary,DiD,notes/review_results/partB/ccs_decomposition.csv (six decimals); committed: ccs_decomposition_tables.md,,14,0.028057928571428577,0.02806,ok,0.0035400390625,0.0035,5.1e-05,0.01339,0.04222,0.011636645656738262,0.04427897256396483,0.011717620917538904,0.04439823622531825,1.1322347175590208,no,no,no,2,0,per-subject values from a CSV written to six decimals: for the small terms the exact p and the interval carry that rounding
saved,CCS-sts decomposition: c̄_rej (nats) (code mask) ts_gsr global,primary,DiD,notes/review_results/partB/ccs_decomposition.csv (six decimals); committed: ccs_decomposition_tables.md,,14,-0.030080785714285716,-0.03008,ok,0.0001220703125,0.0001,5.1e-05,-0.03868,-0.02219,-0.039621596340332035,-0.020681016979980475,-0.0395459623427229,-0.02061560908584853,1.1486100279170142,no,no,no,14,0,per-subject values from a CSV written to six decimals: for the small terms the exact p and the interval carry that rounding
saved,CCS-sts decomposition: CCS-sts (nats) (code mask) ts_gsr global,primary,DiD,notes/review_results/partB/ccs_decomposition.csv (six decimals); committed: ccs_decomposition_tables.md,,14,0.021017571428571424,0.02102,ok,0.0001220703125,0.0001,5.1e-05,0.01533,0.02693,0.01442687239355469,0.027685356092773436,0.014390236843299119,0.02764490601384373,1.1429727326912713,no,no,no,0,0,per-subject values from a CSV written to six decimals: for the small terms the exact p and the interval carry that rounding
saved,CCS-sts decomposition: share term c̄_pre Δs (code mask) ts_gsr global,primary,DiD,notes/review_results/partB/ccs_decomposition.csv (six decimals); committed: ccs_decomposition_tables.md,,14,0.0016542142857142856,0.00165,ok,0.0032958984375,0.0033,5.1e-05,0.0008,0.00254,0.0006526688281249998,0.002654756328125,0.0006592672577369959,0.002649161313691575,1.150625,no,no,no,2,0,per-subject values from a CSV written to six decimals: for the small terms the exact p and the interval carry that rounding
saved,CCS-sts decomposition: co-information term −(1 − s_pre) Δc̄ (code mask) ts_gsr global,primary,DiD,notes/review_results/partB/ccs_decomposition.csv (six decimals); committed: ccs_decomposition_tables.md,,14,0.019808285714285716,0.01981,ok,0.0001220703125,0.0001,5.1e-05,0.01468,0.0253,0.013689437511718753,0.026016466886718752,0.013646838859309814,0.02596973256926162,1.1607372292843692,no,no,no,0,0,per-subject values from a CSV written to six decimals: for the small terms the exact p and the interval carry that rounding
saved,CCS-sts decomposition: interaction Δs Δc̄ (code mask) ts_gsr global,primary,DiD,notes/review_results/partB/ccs_decomposition.csv (six decimals); committed: ccs_decomposition_tables.md,,14,-0.00044514285714285717,-0.00045,ok,0.0592041015625,0.0588,5.1e-05,-0.00086,-6e-05,-0.0009136560781250001,1.563945312500015e-05,-0.0009050108246529886,1.472511036727434e-05,1.1616194140625002,no,yes,yes,11,0,per-subject values from a CSV written to six decimals: for the small terms the exact p and the interval carry that rounding
saved,CCS-sts decomposition: s (selected share) (pub mask) ts_gsr global,primary,DiD,notes/review_results/partB/ccs_decomposition.csv (six decimals); committed: ccs_decomposition_tables.md,,14,0.042170285714285716,0.04217,ok,0.000732421875,0.0007,5.1e-05,0.02551,0.05845,0.023211484712158184,0.0608661965710449,0.023312885361944802,0.06102768606662663,1.1431302932266765,no,no,no,2,0,per-subject values from a CSV written to six decimals: for the small terms the exact p and the interval carry that rounding
saved,CCS-sts decomposition: c̄_rej (nats) (pub mask) ts_gsr global,primary,DiD,notes/review_results/partB/ccs_decomposition.csv (six decimals); committed: ccs_decomposition_tables.md,,14,-0.029205357142857134,-0.02921,ok,0.0001220703125,0.0001,5.1e-05,-0.03811,-0.02105,-0.03909058165039063,-0.019506314482421863,-0.03902078554292156,-0.019389928742792713,1.1479640778410767,no,no,no,14,0,per-subject values from a CSV written to six decimals: for the small terms the exact p and the interval carry that rounding
saved,CCS-sts decomposition: CCS-sts (nats) (pub mask) ts_gsr global,primary,DiD,notes/review_results/partB/ccs_decomposition.csv (six decimals); committed: ccs_decomposition_tables.md,,14,0.01966192857142857,0.01966,ok,0.000244140625,0.0002,5.1e-05,0.01416,0.0254,0.013284371982421876,0.02610150642382813,0.013235362029525792,0.026088495113331348,1.140314452082407,no,no,no,1,0,per-subject values from a CSV written to six decimals: for the small terms the exact p and the interval carry that rounding
saved,CCS-sts decomposition: share term c̄_pre Δs (pub mask) ts_gsr global,primary,DiD,notes/review_results/partB/ccs_decomposition.csv (six decimals); committed: ccs_decomposition_tables.md,,14,0.002751214285714286,0.00275,ok,0.0009765625,0.001,5.1e-05,0.0016,0.00395,0.0014159780585937499,0.004086374847656249,0.0014190924087665255,0.004083336162662047,1.1363390591755316,no,no,no,1,0,per-subject values from a CSV written to six decimals: for the small terms the exact p and the interval carry that rounding
saved,CCS-sts decomposition: co-information term −(1 − s_pre) Δc̄ (pub mask) ts_gsr global,primary,DiD,notes/review_results/partB/ccs_decomposition.csv (six decimals); committed: ccs_decomposition_tables.md,,14,0.017414142857142857,0.01741,ok,0.0001220703125,0.0001,5.1e-05,0.0127,0.02243,0.011767969890624999,0.023132033640625,0.011742757831367459,0.023085527882918254,1.1679407759506684,no,no,no,0,0,per-subject values from a CSV written to six decimals: for the small terms the exact p and the interval carry that rounding
saved,CCS-sts decomposition: interaction Δs Δc̄ (pub mask) ts_gsr global,primary,DiD,notes/review_results/partB/ccs_decomposition.csv (six decimals); committed: ccs_decomposition_tables.md,,14,-0.0005034999999999999,-0.0005,ok,0.061767578125,0.0618,5.1e-05,-0.00099,-5e-05,-0.001043040890625,2.6362734374999887e-05,-0.0010349712809189528,2.797128091895293e-05,1.1376634308510638,no,yes,yes,9,0,per-subject values from a CSV written to six decimals: for the small terms the exact p and the interval carry that rounding
saved,CCS-sts decomposition: s (selected share) (code mask) ts_demean W60,primary,DiD,notes/review_results/partB/ccs_decomposition.csv (six decimals); committed: ccs_decomposition_tables.md,,14,-0.0035207142857142898,-0.00352,ok,0.5748291015625,0.5747,5.1e-05,-0.01521,0.00762,-0.01693301882568361,0.009792033187011717,-0.016828472905854933,0.009787044334426353,1.1706111262678636,yes,yes,yes,8,0,per-subject values from a CSV written to six decimals: for the small terms the exact p and the interval carry that rounding
saved,CCS-sts decomposition: c̄_rej (nats) (code mask) ts_demean W60,primary,DiD,notes/review_results/partB/ccs_decomposition.csv (six decimals); committed: ccs_decomposition_tables.md,,14,-0.020410285714285718,-0.02041,ok,0.004150390625,0.0042,5.1e-05,-0.03321,-0.00891,-0.034427369621582035,-0.006588885500488282,-0.03434566116255506,-0.006474910266016378,1.1456166304976851,no,no,no,12,0,per-subject values from a CSV written to six decimals: for the small terms the exact p and the interval carry that rounding
saved,CCS-sts decomposition: CCS-sts (nats) (code mask) ts_demean W60,primary,DiD,notes/review_results/partB/ccs_decomposition.csv (six decimals); committed: ccs_decomposition_tables.md,,14,0.013371071428571427,0.01337,ok,0.0052490234375,0.0052,5.1e-05,0.00545,0.02229,0.003880983408203125,0.02309098752929687,0.003742819128656292,0.02299932372848656,1.1407365867632866,no,no,no,3,0,per-subject values from a CSV written to six decimals: for the small terms the exact p and the interval carry that rounding
saved,CCS-sts decomposition: share term c̄_pre Δs (code mask) ts_demean W60,primary,DiD,notes/review_results/partB/ccs_decomposition.csv (six decimals); committed: ccs_decomposition_tables.md,,14,-0.0001882142857142857,-0.00019,ok,0.6429443359375,0.6429,5.1e-05,-0.00097,0.00054,-0.0010577966796875002,0.0006640228515624996,-0.0010485594785091764,0.0006721309070806051,1.1402778352649006,yes,yes,yes,7,0,per-subject values from a CSV written to six decimals: for the small terms the exact p and the interval carry that rounding
saved,CCS-sts decomposition: co-information term −(1 − s_pre) Δc̄ (code mask) ts_demean W60,primary,DiD,notes/review_results/partB/ccs_decomposition.csv (six decimals); committed: ccs_decomposition_tables.md,,14,0.01396092857142857,0.01396,ok,0.004638671875,0.0046,5.1e-05,0.00572,0.02311,0.00430300007861328,0.023859762954589837,0.0041551336897655,0.02376672345309164,1.1245982102344196,no,no,no,3,0,per-subject values from a CSV written to six decimals: for the small terms the exact p and the interval carry that rounding
saved,CCS-sts decomposition: interaction Δs Δc̄ (code mask) ts_demean W60,primary,DiD,notes/review_results/partB/ccs_decomposition.csv (six decimals); committed: ccs_decomposition_tables.md,,14,-0.00040200000000000007,-0.0004,ok,0.289306640625,0.2893,5.1e-05,-0.00109,0.00028,-0.0011833203203125001,0.00039768449218750016,-0.001188628705943549,0.00038462870594354893,1.1540181113138688,yes,yes,yes,9,0,per-subject values from a CSV written to six decimals: for the small terms the exact p and the interval carry that rounding
saved,CCS-sts decomposition: s (selected share) (pub mask) ts_demean W60,primary,DiD,notes/review_results/partB/ccs_decomposition.csv (six decimals); committed: ccs_decomposition_tables.md,,14,-0.001709214285714292,-0.00171,ok,0.801513671875,0.8014,5.1e-05,-0.01433,0.01052,-0.016127991425781286,0.012599448222656226,-0.016075886943540566,0.012657458372111983,1.1560337886695176,yes,yes,yes,8,0,per-subject values from a CSV written to six decimals: for the small terms the exact p and the interval carry that rounding
saved,CCS-sts decomposition: c̄_rej (nats) (pub mask) ts_demean W60,primary,DiD,notes/review_results/partB/ccs_decomposition.csv (six decimals); committed: ccs_decomposition_tables.md,,14,-0.02051657142857142,-0.02052,ok,0.0028076171875,0.0028,5.1e-05,-0.03217,-0.00993,-0.03326322619042968,-0.008103565026367178,-0.033199753226771905,-0.007833389630370929,1.1312797285999328,no,no,no,12,0,per-subject values from a CSV written to six decimals: for the small terms the exact p and the interval carry that rounding
saved,CCS-sts decomposition: CCS-sts (nats) (pub mask) ts_demean W60,primary,DiD,notes/review_results/partB/ccs_decomposition.csv (six decimals); committed: ccs_decomposition_tables.md,,14,0.0119715,0.01197,ok,0.0040283203125,0.004,5.1e-05,0.00522,0.01944,0.004122571625488283,0.02010815486865234,0.003895836270143862,0.020047163729856137,1.1241619720931122,no,no,no,3,0,per-subject values from a CSV written to six decimals: for the small terms the exact p and the interval carry that rounding
saved,CCS-sts decomposition: share term c̄_pre Δs (pub mask) ts_demean W60,primary,DiD,notes/review_results/partB/ccs_decomposition.csv (six decimals); committed: ccs_decomposition_tables.md,,14,-0.0003497142857142858,-0.00035,ok,0.5244140625,0.524,5.1e-05,-0.00138,0.00063,-0.0015195158750000001,0.000810974125,-0.0015046871106793314,0.0008052585392507597,1.15944776119403,yes,yes,yes,8,0,per-subject values from a CSV written to six decimals: for the small terms the exact p and the interval carry that rounding
saved,CCS-sts decomposition: co-information term −(1 − s_pre) Δc̄ (pub mask) ts_demean W60,primary,DiD,notes/review_results/partB/ccs_decomposition.csv (six decimals); committed: ccs_decomposition_tables.md,,14,0.012445214285714285,0.01245,ok,0.0032958984375,0.0033,5.1e-05,0.0056,0.01982,0.004673201247070314,0.02049868537011719,0.004420677643176357,0.020469750928252213,1.1129032435335355,no,no,no,2,0,per-subject values from a CSV written to six decimals: for the small terms the exact p and the interval carry that rounding
saved,CCS-sts decomposition: interaction Δs Δc̄ (pub mask) ts_demean W60,primary,DiD,notes/review_results/partB/ccs_decomposition.csv (six decimals); committed: ccs_decomposition_tables.md,,14,-0.00012371428571428567,-0.00012,ok,0.689697265625,0.6893,5.1e-05,-0.00075,0.00048,-0.0008183868046875,0.0005588650546875002,-0.0008262929928745757,0.0005788644214460043,1.1197169588414635,yes,yes,yes,7,0,per-subject values from a CSV written to six decimals: for the small terms the exact p and the interval carry that rounding
saved,CCS-sts decomposition: s (selected share) (code mask) ts_demean global,primary,DiD,notes/review_results/partB/ccs_decomposition.csv (six decimals); committed: ccs_decomposition_tables.md,,14,0.04077000000000001,0.04077,ok,0.0003662109375,0.0004,5.1e-05,0.0235,0.05883,0.02099223181713874,0.061242521524169986,0.020423201409182804,0.061116798590817215,1.1392666206349065,no,no,no,1,0,per-subject values from a CSV written to six decimals: for the small terms the exact p and the interval carry that rounding
saved,CCS-sts decomposition: c̄_rej (nats) (code mask) ts_demean global,primary,DiD,notes/review_results/partB/ccs_decomposition.csv (six decimals); committed: ccs_decomposition_tables.md,,14,-0.048028428571428576,-0.04803,ok,0.0001220703125,0.0001,5.1e-05,-0.06454,-0.03194,-0.06711085082568358,-0.029156186230957025,-0.06682102675243817,-0.029235830390418972,1.1642535151756612,no,no,no,14,0,per-subject values from a CSV written to six decimals: for the small terms the exact p and the interval carry that rounding
saved,CCS-sts decomposition: CCS-sts (nats) (code mask) ts_demean global,primary,DiD,notes/review_results/partB/ccs_decomposition.csv (six decimals); committed: ccs_decomposition_tables.md,,14,0.03215914285714286,0.03216,ok,0.0001220703125,0.0001,5.1e-05,0.02145,0.04336,0.019771006623046875,0.04470698447070312,0.01976363576320018,0.04455464995108554,1.1381094407875967,no,no,no,0,0,per-subject values from a CSV written to six decimals: for the small terms the exact p and the interval carry that rounding
saved,CCS-sts decomposition: share term c̄_pre Δs (code mask) ts_demean global,primary,DiD,notes/review_results/partB/ccs_decomposition.csv (six decimals); committed: ccs_decomposition_tables.md,,14,0.0021662142857142856,0.00217,ok,0.001708984375,0.0017,5.1e-05,0.00106,0.00335,0.0008562806054687501,0.0035043361914062505,0.0008494714508778304,0.003482957120550741,1.1563561510644105,no,no,no,2,0,per-subject values from a CSV written to six decimals: for the small terms the exact p and the interval carry that rounding
saved,CCS-sts decomposition: co-information term −(1 − s_pre) Δc̄ (code mask) ts_demean global,primary,DiD,notes/review_results/partB/ccs_decomposition.csv (six decimals); committed: ccs_decomposition_tables.md,,14,0.031970428571428566,0.03197,ok,0.0001220703125,0.0001,5.1e-05,0.02115,0.04348,0.019039830624511714,0.045052028199707043,0.019079720911808155,0.04486113623104898,1.1648991301027913,no,no,no,0,0,per-subject values from a CSV written to six decimals: for the small terms the exact p and the interval carry that rounding
saved,CCS-sts decomposition: interaction Δs Δc̄ (code mask) ts_demean global,primary,DiD,notes/review_results/partB/ccs_decomposition.csv (six decimals); committed: ccs_decomposition_tables.md,,14,-0.0019777857142857145,-0.00198,ok,0.0233154296875,0.0233,5.1e-05,-0.00376,-0.00048,-0.00388396749609375,-0.00021636092578125005,-0.0038553996517933058,-0.0001001717767781234,1.1181727348513721,no,no,no,10,0,per-subject values from a CSV written to six decimals: for the small terms the exact p and the interval carry that rounding
saved,CCS-sts decomposition: s (selected share) (pub mask) ts_demean global,primary,DiD,notes/review_results/partB/ccs_decomposition.csv (six decimals); committed: ccs_decomposition_tables.md,,14,0.05863742857142857,0.05864,ok,0.0003662109375,0.0004,5.1e-05,0.03652,0.08176,0.03340756315820312,0.08466121148242184,0.03275174861406402,0.08452310852879312,1.1329276817908647,no,no,no,1,0,per-subject values from a CSV written to six decimals: for the small terms the exact p and the interval carry that rounding
saved,CCS-sts decomposition: c̄_rej (nats) (pub mask) ts_demean global,primary,DiD,notes/review_results/partB/ccs_decomposition.csv (six decimals); committed: ccs_decomposition_tables.md,,14,-0.058615714285714285,-0.05862,ok,0.0001220703125,0.0001,5.1e-05,-0.08014,-0.03753,-0.08377786288842776,-0.03359163827270508,-0.08347723300232915,-0.03375419556909942,1.1778039102493,no,no,no,14,0,per-subject values from a CSV written to six decimals: for the small terms the exact p and the interval carry that rounding
saved,CCS-sts decomposition: CCS-sts (nats) (pub mask) ts_demean global,primary,DiD,notes/review_results/partB/ccs_decomposition.csv (six decimals); committed: ccs_decomposition_tables.md,,14,0.03551878571428572,0.03552,ok,0.0001220703125,0.0001,5.1e-05,0.02295,0.04858,0.02076260100390625,0.05033331524609375,0.02090886151958614,0.0501287099089853,1.1537539696522632,no,no,no,0,0,per-subject values from a CSV written to six decimals: for the small terms the exact p and the interval carry that rounding
saved,CCS-sts decomposition: share term c̄_pre Δs (pub mask) ts_demean global,primary,DiD,notes/review_results/partB/ccs_decomposition.csv (six decimals); committed: ccs_decomposition_tables.md,,14,0.004432500000000001,0.00443,ok,0.00048828125,0.0005,5.1e-05,0.00238,0.0068,0.0019825928417968753,0.006987496603515626,0.0018996387875771718,0.006965361212422829,1.1323311678096721,no,no,no,1,0,per-subject values from a CSV written to six decimals: for the small terms the exact p and the interval carry that rounding
saved,CCS-sts decomposition: co-information term −(1 − s_pre) Δc̄ (pub mask) ts_demean global,primary,DiD,notes/review_results/partB/ccs_decomposition.csv (six decimals); committed: ccs_decomposition_tables.md,,14,0.03432385714285714,0.03432,ok,0.0001220703125,0.0001,5.1e-05,0.02168,0.04778,0.019195167108886718,0.04952576199072265,0.019319102988852633,0.049328611296861655,1.1620917579247483,no,no,no,0,0,per-subject values from a CSV written to six decimals: for the small terms the exact p and the interval carry that rounding
saved,CCS-sts decomposition: interaction Δs Δc̄ (pub mask) ts_demean global,primary,DiD,notes/review_results/partB/ccs_decomposition.csv (six decimals); committed: ccs_decomposition_tables.md,,14,-0.0032377142857142856,-0.00324,ok,0.02099609375,0.021,5.1e-05,-0.00626,-0.00084,-0.006379682791015624,-0.00040803822851562477,-0.006340385708509002,-0.00013504286291956928,1.1017794395756457,no,no,no,9,0,per-subject values from a CSV written to six decimals: for the small terms the exact p and the interval carry that rounding
saved,cross-lag budget δ_run ts_gsr,grand mean (mean of the two runs),S9 Table,notes/review_results/partB/crosslag_budget.csv; committed: crosslag_budget_tables.md,supplementary.md:1589,14,0.003400310085984496,0.0034,ok,0.0001220703125,0.0001,5.1e-05,0.003,0.0038,0.0029396834551233286,0.003860313454255664,0.002942896564904299,0.003857723607064693,1.1507874989154194,no,no,no,0,0,
saved,cross-lag budget δ_run ts_gsr,DMT run,S9 Table,notes/review_results/partB/crosslag_budget.csv; committed: crosslag_budget_tables.md,,14,0.003807782703933737,0.00381,ok,0.0001220703125,,5.1e-05,0.00339,0.00424,0.003322084684720692,0.0042939128512430765,0.0033262112325773757,0.004289354175290098,1.143327254732217,no,no,no,0,0,
saved,cross-lag budget δ_run ts_gsr,placebo run,S9 Table,notes/review_results/partB/crosslag_budget.csv; committed: crosslag_budget_tables.md,,14,0.002992837468035254,0.00299,ok,0.0001220703125,,5.1e-05,0.00235,0.00363,0.0022496412901629893,0.003732449411816733,0.0022571158187199075,0.003728559117350601,1.1584438450419876,no,no,no,0,0,
saved,"cross-lag budget δ_run ts_gsr, null-corrected (primary configuration)",grand mean − null,S9 Table,crosslag_budget.csv minus the configuration-0 null of crosslag_budget_null.csv (mean over the two run types); committed: crosslag_budget_null.csv,,14,0.003006687773169244,0.003006687773169194,ok,0.0001220703125,,1e-09,0.0026064552559837326,0.003404757143084713,0.002546061142308077,0.0034666911414404124,0.0025492742520890465,0.0034641012942494415,1.1532354038089372,no,no,no,0,0,the inverted interval of the data shifted by the null value
saved,cross-lag budget δ_wd ts_gsr,grand mean (mean of the two runs),S9 Table,notes/review_results/partB/crosslag_budget.csv; committed: crosslag_budget_tables.md,,14,0.003388277942703418,0.00339,ok,0.0001220703125,0.0001,5.1e-05,0.00299,0.00378,0.002931079795683869,0.0038422629530421555,0.0029359278194267427,0.003840628065980093,1.15339640171935,no,no,no,0,0,
saved,cross-lag budget δ_wd ts_gsr,DMT run,S9 Table,notes/review_results/partB/crosslag_budget.csv; committed: crosslag_budget_tables.md,,14,0.0037872414255985336,0.00379,ok,0.0001220703125,,5.1e-05,0.00338,0.00421,0.003310208736380073,0.004263815410096153,0.003314245865906075,0.004260236985290993,1.1489237032723856,no,no,no,0,0,
saved,cross-lag budget δ_wd ts_gsr,placebo run,S9 Table,notes/review_results/partB/crosslag_budget.csv; committed: crosslag_budget_tables.md,,14,0.0029893144598083024,0.00299,ok,0.0001220703125,,5.1e-05,0.00235,0.00363,0.002252250275842367,0.003723783691520018,0.0022590343774943804,0.0037195945421222244,1.1496354809981648,no,no,no,0,0,
saved,"cross-lag budget δ_wd ts_gsr, null-corrected (primary configuration)",grand mean − null,S9 Table,crosslag_budget.csv minus the configuration-0 null of crosslag_budget_null.csv (mean over the two run types); committed: crosslag_budget_null.csv,,14,0.0029716295362981634,0.0029716295362981135,ok,0.0001220703125,,1e-09,0.002576547036275294,0.0033639789026521827,0.0025144313892786147,0.0034256145466369007,0.0025192794130214882,0.0034239796595748385,1.1571580936275778,no,no,no,0,0,the inverted interval of the data shifted by the null value
saved,cross-lag budget δ_means ts_gsr,grand mean (mean of the two runs),S9 Table,notes/review_results/partB/crosslag_budget.csv; committed: crosslag_budget_tables.md,supplementary.md:161,14,1.2032143281077903e-05,1e-05,ok,0.136474609375,0.1365,5.1e-05,-0.0,3e-05,-4.998109375696204e-06,2.9146767557790908e-05,-4.862594029547206e-06,2.892688059170301e-05,1.1381625644495703,yes,yes,yes,6,0,
saved,cross-lag budget δ_means ts_gsr,DMT run,S9 Table,notes/review_results/partB/crosslag_budget.csv; committed: crosslag_budget_tables.md,,14,2.0541278335204055e-05,2e-05,ok,0.1077880859375,,5.1e-05,-0.0,4e-05,-4.538230069777299e-06,4.6977701956220805e-05,-5.467453093165184e-06,4.65500097635733e-05,1.2878983006499525,yes,yes,yes,5,0,
saved,cross-lag budget δ_means ts_gsr,placebo run,S9 Table,notes/review_results/partB/crosslag_budget.csv; committed: crosslag_budget_tables.md,supplementary.md:174;supplementary.md:176,14,3.5230082269517368e-06,0.0,ok,0.725341796875,,5.1e-05,-2e-05,2e-05,-1.8231372194111274e-05,2.505842344573944e-05,-1.801876810233574e-05,2.5064784556239212e-05,1.0822448909962679,yes,yes,yes,5,0,
saved,"cross-lag budget δ_means ts_gsr, null-corrected (primary configuration)",grand mean − null,S9 Table,crosslag_budget.csv minus the configuration-0 null of crosslag_budget_null.csv (mean over the two run types); committed: crosslag_budget_null.csv,supplementary.md:167,14,3.505823687108089e-05,3.505823687108026e-05,ok,0.0001220703125,,1e-09,2.0788076891080713e-05,5.01886606412181e-05,1.8027984214306783e-05,5.2172861147793896e-05,1.8163499560455782e-05,5.1952974181706e-05,1.1613673124203718,no,no,no,0,0,the inverted interval of the data shifted by the null value
saved,cross-lag budget δ_within ts_gsr,grand mean (mean of the two runs),S9 Table,notes/review_results/partB/crosslag_budget.csv; committed: crosslag_budget_tables.md,,14,0.0029093484946389804,0.00291,ok,0.0001220703125,0.0001,5.1e-05,0.00257,0.00325,0.0025175105025548403,0.0032989944355126515,0.0025209701927635334,0.0032977267965144273,1.149241077879134,no,no,no,0,0,
saved,cross-lag budget δ_within ts_gsr,DMT run,S9 Table,notes/review_results/partB/crosslag_budget.csv; committed: crosslag_budget_tables.md,,14,0.003101824520452539,0.0031,ok,0.0001220703125,,5.1e-05,0.00277,0.00343,0.0027273084167243255,0.0034749856844763696,0.0027297398407246185,0.0034739092001804597,1.1328443450788546,no,no,no,0,0,
saved,cross-lag budget δ_within ts_gsr,placebo run,S9 Table,notes/review_results/partB/crosslag_budget.csv; committed: crosslag_budget_tables.md,,14,0.0027168724688254203,0.00272,ok,0.0001220703125,,5.1e-05,0.00215,0.00327,0.002067564367160402,0.0033633052800662415,0.0020725756177716478,0.003361169319879193,1.156911529380214,no,no,no,0,0,
saved,"cross-lag budget δ_within ts_gsr, null-corrected (primary configuration)",grand mean − null,S9 Table,crosslag_budget.csv minus the configuration-0 null of crosslag_budget_null.csv (mean over the two run types); committed: crosslag_budget_null.csv,,14,0.002504682637413023,0.002504682637412979,ok,0.0001220703125,,1e-09,0.002168742664052489,0.00284649868399474,0.0021128446453288832,0.0028943285782866944,0.002116304335537576,0.0028930609392884697,1.1530460961813347,no,no,no,0,0,the inverted interval of the data shifted by the null value
saved,cross-lag budget δ_pool ts_gsr,grand mean (mean of the two runs),S9 Table,notes/review_results/partB/crosslag_budget.csv; committed: crosslag_budget_tables.md,,14,0.0004961361150157411,0.0005,ok,0.0001220703125,0.0001,5.1e-05,0.00038,0.00062,0.000358023289615391,0.0006334112712812778,0.0003609111370772367,0.0006313610929542454,1.1474499236078617,no,no,no,0,0,
saved,cross-lag budget δ_pool ts_gsr,DMT run,S9 Table,notes/review_results/partB/crosslag_budget.csv; committed: crosslag_budget_tables.md,,14,0.0006883588171587636,0.00069,ok,0.0001220703125,,5.1e-05,0.00053,0.00086,0.0004973435110511043,0.0008769848816910159,0.0005020392073526796,0.0008746784269648476,1.15042839587852,no,no,no,0,0,
saved,cross-lag budget δ_pool ts_gsr,placebo run,S9 Table,notes/review_results/partB/crosslag_budget.csv; committed: crosslag_budget_tables.md,,14,0.00030391341287271833,0.0003,ok,0.000244140625,,5.1e-05,0.00019,0.00042,0.0001726817879286867,0.00043730067698792563,0.00017195356896387075,0.0004358732567815659,1.1505169089532128,no,no,no,1,0,
saved,"cross-lag budget δ_pool ts_gsr, null-corrected (primary configuration)",grand mean − null,S9 Table,crosslag_budget.csv minus the configuration-0 null of crosslag_budget_null.csv (mean over the two run types); committed: crosslag_budget_null.csv,,14,0.0004640084101329443,0.0004640084101328978,ok,0.0001220703125,,1e-09,0.00035050482508198105,0.0005860635335474551,0.00032589558473259425,0.0006012835663984812,0.00032878343219443993,0.0005992333880714487,1.169084273979413,no,no,no,0,0,the inverted interval of the data shifted by the null value
saved,cross-lag budget δ_eps ts_gsr,grand mean (mean of the two runs),S9 Table,notes/review_results/partB/crosslag_budget.csv; committed: crosslag_budget_tables.md,supplementary.md:161,14,-1.7206666951303204e-05,-2e-05,ok,0.206787109375,0.2068,5.1e-05,-4e-05,1e-05,-4.484526258074049e-05,1.0253854588975633e-05,-4.4957635384735857e-05,1.0544301482129445e-05,1.1019823433943225,yes,yes,yes,9,0,
saved,cross-lag budget δ_eps ts_gsr,DMT run,S9 Table,notes/review_results/partB/crosslag_budget.csv; committed: crosslag_budget_tables.md,,14,-2.9419120127705367e-06,-0.0,ok,0.8984375,,5.1e-05,-5e-05,4e-05,-5.460637211615907e-05,4.8789536068349036e-05,-5.494440709941962e-05,4.906058307387854e-05,1.1488434242723122,yes,yes,yes,8,0,
saved,cross-lag budget δ_eps ts_gsr,placebo run,S9 Table,notes/review_results/partB/crosslag_budget.csv; committed: crosslag_budget_tables.md,supplementary.md:163,14,-3.147142188983587e-05,-3e-05,ok,0.0072021484375,,5.1e-05,-5e-05,-1e-05,-5.315496090988891e-05,-9.961662249024582e-06,-5.2898366560413785e-05,-1.0044477219257953e-05,1.0798324665216081,no,no,no,10,0,
saved,"cross-lag budget δ_eps ts_gsr, null-corrected (primary configuration)",grand mean − null,S9 Table,crosslag_budget.csv minus the configuration-0 null of crosslag_budget_null.csv (mean over the two run types); committed: crosslag_budget_null.csv,supplementary.md:163;supplementary.md:167,14,2.9384887521958694e-06,2.938488752194798e-06,ok,0.818359375,,1e-09,-2.1207045375924052e-05,2.7711177260747624e-05,-2.4700106877241416e-05,3.039901029247471e-05,-2.481247968123678e-05,3.068945718562852e-05,1.1263515761590839,yes,yes,yes,6,0,the inverted interval of the data shifted by the null value
saved,cross-lag budget δ_60 (run-level sign) ts_gsr,grand mean (mean of the two runs),S9 Table,notes/review_results/partB/crosslag_budget.csv; committed: crosslag_budget_tables.md,,14,0.0024506303440100133,0.00245,ok,0.0001220703125,0.0001,5.1e-05,0.00212,0.00281,0.0020548873350295536,0.00285025312812139,0.002053986113342847,0.0028472745746771794,1.1527040479591828,no,no,no,0,0,
saved,cross-lag budget δ_60 (run-level sign) ts_gsr,DMT run,S9 Table,notes/review_results/partB/crosslag_budget.csv; committed: crosslag_budget_tables.md,,14,0.0026446475590765034,0.00264,ok,0.0001220703125,,5.1e-05,0.00227,0.00301,0.002218892030503305,0.003064762229503061,0.002224881724956637,0.0030644133931963698,1.1430678364861566,no,no,no,0,0,
saved,cross-lag budget δ_60 (run-level sign) ts_gsr,placebo run,S9 Table,notes/review_results/partB/crosslag_budget.csv; committed: crosslag_budget_tables.md,,14,0.0022566131289435236,0.00226,ok,0.0001220703125,,5.1e-05,0.0017,0.0028,0.0016241294750336589,0.0028928347697255202,0.0016268289342479358,0.0028863973236391114,1.153368449719874,no,no,no,0,0,
saved,"cross-lag budget δ_60 (run-level sign) ts_gsr, null-corrected (primary configuration)",grand mean − null,S9 Table,crosslag_budget.csv minus the configuration-0 null of crosslag_budget_null.csv (mean over the two run types); committed: crosslag_budget_null.csv,,14,0.002276165562364241,0.002276165562364192,ok,0.0001220703125,,1e-09,0.0019421071549426275,0.0026341899475951134,0.0018804225533837803,0.0026757883464756166,0.0018795213316970746,0.002672809793031407,1.1492350359463592,no,no,no,0,0,the inverted interval of the data shifted by the null value
saved,cross-lag budget window-sign value (partB10) ts_gsr,grand mean (mean of the two runs),S9 Table,notes/review_results/partB/crosslag_budget.csv; committed: crosslag_budget_tables.md,,14,0.006112373887761201,0.00611,ok,0.0001220703125,0.0001,5.1e-05,0.00563,0.00665,0.005523781440245731,0.0067097167578864456,0.005525942541473135,0.006698805234049267,1.162681683961485,no,no,no,0,0,
saved,cross-lag budget window-sign value (partB10) ts_gsr,DMT run,S9 Table,notes/review_results/partB/crosslag_budget.csv; committed: crosslag_budget_tables.md,,14,0.006146318985247297,0.00615,ok,0.0001220703125,,5.1e-05,0.00575,0.0066,0.0056792593748608445,0.006632390504012193,0.005665860592860474,0.0066267773776341205,1.1213307401780572,no,no,no,0,0,
saved,cross-lag budget window-sign value (partB10) ts_gsr,placebo run,S9 Table,notes/review_results/partB/crosslag_budget.csv; committed: crosslag_budget_tables.md,,14,0.006078428790275104,0.00608,ok,0.0001220703125,,5.1e-05,0.00535,0.00685,0.005222310538153308,0.0069482048614938315,0.005217693656322106,0.006939163924228103,1.1505962155603484,no,no,no,0,0,
saved,"cross-lag budget window-sign value (partB10) ts_gsr, null-corrected (primary configuration)",grand mean − null,S9 Table,crosslag_budget.csv minus the configuration-0 null of crosslag_budget_null.csv (mean over the two run types); committed: crosslag_budget_null.csv,,14,0.0025940363641812495,0.0025940363641811953,ok,0.0001220703125,,1e-09,0.0021112790781041084,0.003134219193281333,0.0020054439166657784,0.003191379234306494,0.0020076050178931834,0.0031804677104693155,1.15933992620404,no,no,no,0,0,the inverted interval of the data shifted by the null value
saved,cross-lag budget δ_run ts_demean,grand mean (mean of the two runs),S9 Table,notes/review_results/partB/crosslag_budget.csv; committed: crosslag_budget_tables.md,,14,-0.002616688685467098,-0.00262,ok,0.05322265625,0.0532,5.1e-05,-0.00495,-0.00037,-0.005277571960942022,6.225233567495897e-05,-0.005233207917405216,-1.6945352897951294e-07,1.1659005014447554,no,yes,no,9,0,
saved,cross-lag budget δ_run ts_demean,DMT run,S9 Table,notes/review_results/partB/crosslag_budget.csv; committed: crosslag_budget_tables.md,,14,-0.0032417899162370573,-0.00324,ok,0.02734375,,5.1e-05,-0.00614,-0.00079,-0.006381475167832404,-0.0003574813973868696,-0.006342384918698106,-0.00014119491377600872,1.1259801440085113,no,no,no,9,0,
saved,cross-lag budget δ_run ts_demean,placebo run,S9 Table,notes/review_results/partB/crosslag_budget.csv; committed: crosslag_budget_tables.md,,14,-0.001991587454697139,-0.00199,ok,0.171142578125,,5.1e-05,-0.00465,0.00041,-0.004925362888146919,0.0008925777431230512,-0.004892267042273922,0.0009090921328796442,1.1497906385909034,yes,yes,yes,9,0,
saved,cross-lag budget δ_wd ts_demean,grand mean (mean of the two runs),S9 Table,notes/review_results/partB/crosslag_budget.csv; committed: crosslag_budget_tables.md,,14,-0.0026175300733683317,-0.00262,ok,0.0535888671875,0.0536,5.1e-05,-0.00495,-0.00037,-0.005274618197250556,6.432507469471597e-05,-0.005237425786920531,2.3656401838671216e-06,1.1657081379793168,no,yes,yes,9,0,
saved,cross-lag budget δ_wd ts_demean,DMT run,S9 Table,notes/review_results/partB/crosslag_budget.csv; committed: crosslag_budget_tables.md,,14,-0.003240612871053531,-0.00324,ok,0.028076171875,,5.1e-05,-0.00615,-0.00078,-0.00638688641551796,-0.00034407268623732994,-0.006349788819951871,-0.00013143692215519158,1.1252911972589628,no,no,no,9,0,
saved,cross-lag budget δ_wd ts_demean,placebo run,S9 Table,notes/review_results/partB/crosslag_budget.csv; committed: crosslag_budget_tables.md,,14,-0.0019944472756831333,-0.00199,ok,0.169189453125,,5.1e-05,-0.00465,0.0004,-0.004914184554314409,0.0008767142455450132,-0.004886061291587136,0.0008971667402208694,1.146712633635529,yes,yes,yes,9,0,
saved,cross-lag budget δ_means ts_demean,grand mean (mean of the two runs),S9 Table,notes/review_results/partB/crosslag_budget.csv; committed: crosslag_budget_tables.md,,14,8.413879012338295e-07,0.0,ok,0.9149169921875,0.9149,5.1e-05,-1e-05,2e-05,-1.5010327645479102e-05,1.742211191746043e-05,-1.5574885782795125e-05,1.7257661585262784e-05,1.0810813187646509,yes,yes,yes,8,0,
saved,cross-lag budget δ_means ts_demean,DMT run,S9 Table,notes/review_results/partB/crosslag_budget.csv; committed: crosslag_budget_tables.md,,14,-1.1770451835271321e-06,-0.0,ok,0.9552001953125,,5.1e-05,-3e-05,3e-05,-3.372671492631099e-05,3.552842314284767e-05,-3.752431862579573e-05,3.517022825874147e-05,1.1542523011526442,yes,yes,yes,9,0,
saved,cross-lag budget δ_means ts_demean,placebo run,S9 Table,notes/review_results/partB/crosslag_budget.csv; committed: crosslag_budget_tables.md,supplementary.md:174;supplementary.md:176,14,2.8598209859947914e-06,0.0,ok,0.7657470703125,,5.1e-05,-2e-05,2e-05,-1.8000322220708093e-05,2.3540666180733727e-05,-1.773241650915572e-05,2.3452058481145303e-05,1.0385247100360455,yes,yes,yes,6,0,
saved,cross-lag budget δ_within ts_demean,grand mean (mean of the two runs),S9 Table,notes/review_results/partB/crosslag_budget.csv; committed: crosslag_budget_tables.md,,14,-0.002260210577000887,-0.00226,ok,0.0537109375,0.0537,5.1e-05,-0.00428,-0.00034,-0.004547963479844544,5.4011646987753515e-05,-0.004506701092916106,-1.3720061085667826e-05,1.1680139915818015,no,yes,no,8,0,
saved,cross-lag budget δ_within ts_demean,DMT run,S9 Table,notes/review_results/partB/crosslag_budget.csv; committed: crosslag_budget_tables.md,,14,-0.002699858702555912,-0.0027,ok,0.023681640625,,5.1e-05,-0.00498,-0.00073,-0.005175432446149387,-0.00036202410249872757,-0.005149255173257962,-0.00025046223185386197,1.1325666690942728,no,no,no,9,0,
saved,cross-lag budget δ_within ts_demean,placebo run,S9 Table,notes/review_results/partB/crosslag_budget.csv; committed: crosslag_budget_tables.md,,14,-0.0018205624514458629,-0.00182,ok,0.158935546875,,5.1e-05,-0.00418,0.00036,-0.0044513110229794425,0.0007700019378510837,-0.004412217595948084,0.0007710926930563581,1.15006893410364,yes,yes,yes,9,0,
saved,cross-lag budget δ_pool ts_demean,grand mean (mean of the two runs),S9 Table,notes/review_results/partB/crosslag_budget.csv; committed: crosslag_budget_tables.md,,14,-0.00030377431038402673,-0.0003,ok,0.129638671875,0.1296,5.1e-05,-0.00069,1e-05,-0.0007136378919034637,6.99698897966383e-05,-0.0007079728222301178,0.00010042420146206442,1.1194396881430029,yes,yes,yes,8,0,
saved,cross-lag budget δ_pool ts_demean,DMT run,S9 Table,notes/review_results/partB/crosslag_budget.csv; committed: crosslag_budget_tables.md,,14,-0.0004702844360864989,-0.00047,ok,0.270263671875,,5.1e-05,-0.0012,0.00011,-0.001241754415972635,0.00019716636732546928,-0.001232606630284715,0.00029203775811171727,1.0984128116779424,yes,yes,yes,8,0,
saved,cross-lag budget δ_pool ts_demean,placebo run,S9 Table,notes/review_results/partB/crosslag_budget.csv; committed: crosslag_budget_tables.md,,14,-0.00013726418468155453,-0.00014,ok,0.35009765625,,5.1e-05,-0.00041,9e-05,-0.00042184903863914545,0.00012626134089477176,-0.0004179593764917119,0.00014343100712860282,1.0962207590678343,yes,yes,yes,6,0,
saved,cross-lag budget δ_eps ts_demean,grand mean (mean of the two runs),S9 Table,notes/review_results/partB/crosslag_budget.csv; committed: crosslag_budget_tables.md,,14,-5.354518598341792e-05,-5e-05,ok,0.1116943359375,0.1117,5.1e-05,-0.00011,0.0,-0.00012152773100854264,1.390540266821884e-05,-0.00012123167177734989,1.4141299810514047e-05,1.2312103061523771,yes,yes,yes,10,0,
saved,cross-lag budget δ_eps ts_demean,DMT run,S9 Table,notes/review_results/partB/crosslag_budget.csv; committed: crosslag_budget_tables.md,,14,-7.046973241111962e-05,-7e-05,ok,0.0478515625,,5.1e-05,-0.00013,-1e-05,-0.00014109619366383647,-6.823440320389862e-07,-0.00014022322500586672,-7.162398163725281e-07,1.1701154135983123,no,no,no,9,0,
saved,cross-lag budget δ_eps ts_demean,placebo run,S9 Table,notes/review_results/partB/crosslag_budget.csv; committed: crosslag_budget_tables.md,,14,-3.662063955571623e-05,-4e-05,ok,0.493408203125,,5.1e-05,-0.00014,5e-05,-0.0001495657351716891,6.800746564564592e-05,-0.00014771760258029725,7.447632346886478e-05,1.1451221095649213,yes,yes,yes,7,0,
saved,cross-lag budget δ_60 (run-level sign) ts_demean,grand mean (mean of the two runs),S9 Table,notes/review_results/partB/crosslag_budget.csv; committed: crosslag_budget_tables.md,,14,-0.0027385538756186305,-0.00274,ok,0.0269775390625,0.027,5.1e-05,-0.00478,-0.00079,-0.00504951186335713,-0.000407569320059332,-0.005004008156274539,-0.0004730995949627213,1.1633941211272676,no,no,no,11,0,
saved,cross-lag budget δ_60 (run-level sign) ts_demean,DMT run,S9 Table,notes/review_results/partB/crosslag_budget.csv; committed: crosslag_budget_tables.md,,14,-0.003131979985168298,-0.00313,ok,0.01123046875,,5.1e-05,-0.00549,-0.00109,-0.005683578735038889,-0.0007313121719190881,-0.005652616240023437,-0.0006113437303131592,1.125515127981773,no,no,no,10,0,
saved,cross-lag budget δ_60 (run-level sign) ts_demean,placebo run,S9 Table,notes/review_results/partB/crosslag_budget.csv; committed: crosslag_budget_tables.md,,14,-0.002345127766068963,-0.00235,ok,0.0762939453125,,5.1e-05,-0.00472,-0.00017,-0.005007029334277182,0.0002556883714186395,-0.004953800263196556,0.0002635447310586304,1.1566412539990816,no,yes,yes,9,0,
saved,cross-lag budget window-sign value (partB10) ts_demean,grand mean (mean of the two runs),S9 Table,notes/review_results/partB/crosslag_budget.csv; committed: crosslag_budget_tables.md,,14,0.0016008140741261164,0.0016,ok,0.1060791015625,0.1061,5.1e-05,-0.00019,0.00326,-0.00039764757004988956,0.0036666412572654737,-0.00038355585690359197,0.0035851840051558245,1.1780547325551778,yes,yes,yes,5,0,
saved,cross-lag budget window-sign value (partB10) ts_demean,DMT run,S9 Table,notes/review_results/partB/crosslag_budget.csv; committed: crosslag_budget_tables.md,,14,0.0010834576106765568,0.00108,ok,0.298583984375,,5.1e-05,-0.0009,0.00285,-0.0011218971388955155,0.0031827273966123304,-0.001089673024729697,0.0032565882460828107,1.1478998761354258,yes,yes,yes,5,0,
saved,cross-lag budget window-sign value (partB10) ts_demean,placebo run,S9 Table,notes/review_results/partB/crosslag_budget.csv; committed: crosslag_budget_tables.md,,14,0.0021181705375756766,0.00212,ok,0.0623779296875,,5.1e-05,0.0001,0.00393,-0.00011493174730567744,0.0042973741993434615,-9.14587246735217e-05,0.004327799799824875,1.1520381061747098,no,yes,yes,4,0,
saved,S8 Table: ratio sts/TDMI: DiD ts_gsr windowed_W60,primary,scripts/14,results/atoms_win60_115regions-all_ts_gsr_window.npy as scripts/14_proportionality.py forms it; committed: results/proportionality.csv,,14,0.0005340954855786451,0.0005340954855786451,ok,0.913818359375,0.913818359375,1e-09,-0.00814580723209913,0.008329151879620399,-0.009139806370945141,0.009626558991175255,-0.009063801873069148,0.010131992844226438,1.1390841843589687,yes,yes,yes,6,0,
saved,S8 Table: ratio sts/TDMI: DMT post - pre ts_gsr windowed_W60,primary,scripts/14,results/atoms_win60_115regions-all_ts_gsr_window.npy as scripts/14_proportionality.py forms it; committed: results/proportionality.csv,,14,0.0033833771040534533,0.0033833771040534533,ok,0.1097412109375,0.1097412109375,1e-09,-0.00037599927434291315,0.006984146619707663,-0.0009063786101728339,0.007655039234018493,-0.0009267953313832414,0.007693549539490148,1.1632130622725527,yes,yes,yes,4,0,
saved,S8 Table: ratio sts/TDMI: PCB post - pre ts_gsr windowed_W60,primary,scripts/14,results/atoms_win60_115regions-all_ts_gsr_window.npy as scripts/14_proportionality.py forms it; committed: results/proportionality.csv,,14,0.002849281618474808,0.002849281618474808,ok,0.3990478515625,0.3990478515625,1e-09,-0.0029978112015094705,0.009020019254625792,-0.0038156337083022898,0.0097706050696599,-0.004025151764747614,0.00972371500169723,1.1305067772050514,yes,yes,yes,7,0,
saved,"S8 Table: (i) sts share of TDMI, pre-injection DMT (subject mean) ts_gsr windowed_W60",primary,scripts/14,results/atoms_win60_115regions-all_ts_gsr_window.npy as scripts/14_proportionality.py forms it; committed: results/proportionality.csv,,14,0.7819629554128344,0.7819629554128344,ok,0.0001220703125,,1e-09,0.7779271461480123,0.7856904281369463,0.7774841561773067,0.7863640891455929,0.7775572248892908,0.7863686859363781,1.1438374879263427,no,no,no,0,0,
saved,"S8 Table: sts share of TDMI, pre-injection PCB (subject mean) ts_gsr windowed_W60",primary,scripts/14,results/atoms_win60_115regions-all_ts_gsr_window.npy as scripts/14_proportionality.py forms it; committed: results/proportionality.csv,,14,0.7795100864577272,0.7795100864577272,ok,0.0001220703125,,1e-09,0.7736903251172617,0.7848835870548834,0.7730152035052944,0.7857611685932322,0.7730573777503165,0.785962795165138,1.1387176641598358,no,no,no,0,0,
saved,S8 Table: sts DiD (nats) ts_gsr windowed_W60,primary,scripts/14,results/atoms_win60_115regions-all_ts_gsr_window.npy as scripts/14_proportionality.py forms it; committed: results/proportionality.csv,,14,-0.08086620932182391,-0.08086620932182391,ok,0.0037841796875,0.0037841796875,1e-09,-0.12657685161547705,-0.03714649677267141,-0.1317430794744802,-0.03101903689732733,-0.13206654868230194,-0.02966586996134587,1.1262847246239653,no,no,no,13,0,
saved,S8 Table: TDMI DiD (nats) ts_gsr windowed_W60,primary,scripts/14,results/atoms_win60_115regions-all_ts_gsr_window.npy as scripts/14_proportionality.py forms it; committed: results/proportionality.csv,,14,-0.10371790101971512,-0.10371790101971512,ok,0.00341796875,0.00341796875,1e-09,-0.15974051059490071,-0.04811026412870665,-0.1671383306450063,-0.04102629403369684,-0.1676254792618651,-0.03981032277756512,1.1297299845118682,no,no,no,12,0,
saved,S8 Table: ratio sts/TDMI: DiD ts_demean windowed_W60,primary,scripts/14,results/atoms_win60_115regions-all_ts_demean_window.npy as scripts/14_proportionality.py forms it; committed: results/proportionality.csv,,14,-0.0094667086793745,-0.0094667086793745,ok,0.219482421875,0.219482421875,1e-09,-0.023501785584566663,0.0048926162531934,-0.025481722206045936,0.0066892640380142206,-0.025479659923043525,0.006546242564294523,1.1330045418064711,yes,yes,yes,9,0,
saved,S8 Table: ratio sts/TDMI: DMT post - pre ts_demean windowed_W60,primary,scripts/14,results/atoms_win60_115regions-all_ts_demean_window.npy as scripts/14_proportionality.py forms it; committed: results/proportionality.csv,,14,-0.00934467567553708,-0.00934467567553708,ok,0.162109375,0.162109375,1e-09,-0.02150266514703521,0.0019233212051948032,-0.023134354803222228,0.003923974919713084,-0.02289902855817559,0.00420967720710143,1.1550561549934275,yes,yes,yes,9,0,
saved,S8 Table: ratio sts/TDMI: PCB post - pre ts_demean windowed_W60,primary,scripts/14,results/atoms_win60_115regions-all_ts_demean_window.npy as scripts/14_proportionality.py forms it; committed: results/proportionality.csv,,14,0.00012203300383742002,0.00012203300383742002,ok,0.97119140625,0.97119140625,1e-09,-0.007059396249802961,0.007415273088575623,-0.008128427619156893,0.00846796426569645,-0.008072819856784626,0.008316885864459467,1.146581762724566,yes,yes,yes,7,0,
saved,"S8 Table: (i) sts share of TDMI, pre-injection DMT (subject mean) ts_demean windowed_W60",primary,scripts/14,results/atoms_win60_115regions-all_ts_demean_window.npy as scripts/14_proportionality.py forms it; committed: results/proportionality.csv,,14,0.7669934919909965,0.7669934919909965,ok,0.0001220703125,,1e-09,0.7590446669566484,0.7748488320446414,0.7579039584155323,0.7760251260413977,0.7580019720810617,0.7759850119009314,1.146607082688145,no,no,no,0,0,
saved,"S8 Table: sts share of TDMI, pre-injection PCB (subject mean) ts_demean windowed_W60",primary,scripts/14,results/atoms_win60_115regions-all_ts_demean_window.npy as scripts/14_proportionality.py forms it; committed: results/proportionality.csv,,14,0.7688479531411947,0.7688479531411947,ok,0.0001220703125,,1e-09,0.7614863094105112,0.7752578266561473,0.7608164735447047,0.7767922085359116,0.7609463048736651,0.7767496014087243,1.1600562745741942,no,no,no,0,0,
saved,S8 Table: sts DiD (nats) ts_demean windowed_W60,primary,scripts/14,results/atoms_win60_115regions-all_ts_demean_window.npy as scripts/14_proportionality.py forms it; committed: results/proportionality.csv,,14,-0.10311246510896124,-0.10311246510896124,ok,0.0025634765625,0.0025634765625,1e-09,-0.15404021651754676,-0.051553184156783755,-0.1629328654914135,-0.043517617808296535,-0.162736362949263,-0.043488567268659496,1.1651742169952313,no,no,no,12,0,
saved,S8 Table: TDMI DiD (nats) ts_demean windowed_W60,primary,scripts/14,results/atoms_win60_115regions-all_ts_demean_window.npy as scripts/14_proportionality.py forms it; committed: results/proportionality.csv,,14,-0.11856362566234462,-0.11856362566234462,ok,0.0008544921875,0.0008544921875,1e-09,-0.17043370733364477,-0.06753863960745798,-0.17850633491092666,-0.05960453868706489,-0.1785306336279909,-0.05859661769669832,1.155563613022447,no,no,no,13,0,
saved,S8 Table: ratio sts/TDMI: DiD ts_gsr global_fit,primary,scripts/14,results/atoms_bins_115regions-all_ts_gsr_global.npy as scripts/14_proportionality.py forms it; committed: results/proportionality.csv,,14,0.0203859178263812,0.0203859178263812,ok,0.0247802734375,0.0247802734375,1e-09,0.004808066651488997,0.034037530619666974,0.0031785167239445334,0.03800445480458166,0.0035447584455646254,0.03722707720719777,1.1914668746081698,no,no,no,4,0,
saved,S8 Table: ratio sts/TDMI: DMT post - pre ts_gsr global_fit,primary,scripts/14,results/atoms_bins_115regions-all_ts_gsr_global.npy as scripts/14_proportionality.py forms it; committed: results/proportionality.csv,,14,0.01672251715159882,0.01672251715159882,ok,0.018310546875,0.018310546875,1e-09,0.005216634885158357,0.027851734363141183,0.0034527885240016186,0.029887713915738558,0.0036491406185110466,0.029795893684686593,1.1678731704912633,no,no,no,5,0,
saved,S8 Table: ratio sts/TDMI: PCB post - pre ts_gsr global_fit,primary,scripts/14,results/atoms_bins_115regions-all_ts_gsr_global.npy as scripts/14_proportionality.py forms it; committed: results/proportionality.csv,,14,-0.00366340067478238,-0.00366340067478238,ok,0.3948974609375,0.3948974609375,1e-09,-0.011621288311210298,0.004350415961723403,-0.012705362842002441,0.005407168817987996,-0.012716268007181548,0.005389466657616788,1.1340387569462247,yes,yes,yes,8,0,
saved,"S8 Table: (i) sts share of TDMI, pre-injection DMT (subject mean) ts_gsr global_fit",primary,scripts/14,results/atoms_bins_115regions-all_ts_gsr_global.npy as scripts/14_proportionality.py forms it; committed: results/proportionality.csv,,14,0.9081928989669806,0.9081928989669806,ok,0.0001220703125,,1e-09,0.8994413728237612,0.9166930425996016,0.8983113804857785,0.9180398964341712,0.8984199671114792,0.9179658308224821,1.1435713878560854,no,no,no,0,0,
saved,"S8 Table: sts share of TDMI, pre-injection PCB (subject mean) ts_gsr global_fit",primary,scripts/14,results/atoms_bins_115regions-all_ts_gsr_global.npy as scripts/14_proportionality.py forms it; committed: results/proportionality.csv,,14,0.9180110670299405,0.9180110670299405,ok,0.0001220703125,,1e-09,0.9126080178104666,0.9233659981787612,0.911846961979939,0.9241982697074642,0.9118995103352711,0.92412262372461,1.1481065501779926,no,no,no,0,0,
saved,S8 Table: sts DiD (nats) ts_gsr global_fit,primary,scripts/14,results/atoms_bins_115regions-all_ts_gsr_global.npy as scripts/14_proportionality.py forms it; committed: results/proportionality.csv,,14,-0.08008106904246186,-0.08008106904246186,ok,0.007080078125,0.007080078125,1e-09,-0.1319760417650841,-0.031580552874901774,-0.1362360838744774,-0.025059039503790178,-0.13727940168949704,-0.022882736395426664,1.1073908359796754,no,no,no,12,0,
saved,S8 Table: TDMI DiD (nats) ts_gsr global_fit,primary,scripts/14,results/atoms_bins_115regions-all_ts_gsr_global.npy as scripts/14_proportionality.py forms it; committed: results/proportionality.csv,,14,-0.12163717700499177,-0.12163717700499177,ok,0.005126953125,0.005126953125,1e-09,-0.1914140301740428,-0.051915397378619346,-0.19983242310655167,-0.04390088279769751,-0.20093980601361228,-0.04233454799637126,1.1177997746940629,no,no,no,13,0,
saved,S8 Table: ratio sts/TDMI: DiD ts_demean global_fit,primary,scripts/14,results/atoms_bins_115regions-all_ts_demean_global.npy as scripts/14_proportionality.py forms it; committed: results/proportionality.csv,,14,0.007124822639388509,0.007124822639388509,ok,0.562255859375,0.562255859375,1e-09,-0.01672003215571682,0.029164632400342776,-0.019703309110669767,0.033420635831112044,-0.019301078887143802,0.03355072416592082,1.1577712391659227,yes,yes,yes,5,0,
saved,S8 Table: ratio sts/TDMI: DMT post - pre ts_demean global_fit,primary,scripts/14,results/atoms_bins_115regions-all_ts_demean_global.npy as scripts/14_proportionality.py forms it; committed: results/proportionality.csv,,14,0.0015462337216733085,0.0015462337216733085,ok,0.8798828125,0.8798828125,1e-09,-0.018313941356852777,0.020292349867256625,-0.02078868430324747,0.023928786369669643,-0.020511901145827148,0.023604368589173766,1.1582949114001222,yes,yes,yes,5,0,
saved,S8 Table: ratio sts/TDMI: PCB post - pre ts_demean global_fit,primary,scripts/14,results/atoms_bins_115regions-all_ts_demean_global.npy as scripts/14_proportionality.py forms it; committed: results/proportionality.csv,,14,-0.0055785889177152005,-0.0055785889177152005,ok,0.2752685546875,0.2752685546875,1e-09,-0.014301308310865724,0.004166680377228761,-0.015576883712507511,0.0050483993997766825,-0.016122859869397706,0.004965682033967306,1.1168126351290448,yes,yes,yes,8,0,
saved,"S8 Table: (i) sts share of TDMI, pre-injection DMT (subject mean) ts_demean global_fit",primary,scripts/14,results/atoms_bins_115regions-all_ts_demean_global.npy as scripts/14_proportionality.py forms it; committed: results/proportionality.csv,,14,0.8966855321468289,0.8966855321468289,ok,0.0001220703125,,1e-09,0.8856032733429853,0.9074187022327366,0.8840828174913411,0.9092486419701247,0.8841890896446423,0.9091819746490155,1.1535791758192873,no,no,no,0,0,
saved,"S8 Table: sts share of TDMI, pre-injection PCB (subject mean) ts_demean global_fit",primary,scripts/14,results/atoms_bins_115regions-all_ts_demean_global.npy as scripts/14_proportionality.py forms it; committed: results/proportionality.csv,,14,0.9088753047425618,0.9088753047425618,ok,0.0001220703125,,1e-09,0.8994313844683096,0.9163278035222896,0.8990143408877639,0.9175723397682707,0.8991176694413952,0.9186329400437285,1.0983391700465328,no,no,no,0,0,
saved,S8 Table: sts DiD (nats) ts_demean global_fit,primary,scripts/14,results/atoms_bins_115regions-all_ts_demean_global.npy as scripts/14_proportionality.py forms it; committed: results/proportionality.csv,,14,-0.10347081924166268,-0.10347081924166268,ok,0.01318359375,0.01318359375,1e-09,-0.16780011994911576,-0.035941780081045246,-0.17838462967130278,-0.026660484905119693,-0.1794823840356834,-0.02745925444764198,1.150660207901822,no,no,no,11,0,
saved,S8 Table: TDMI DiD (nats) ts_demean global_fit,primary,scripts/14,results/atoms_bins_115regions-all_ts_demean_global.npy as scripts/14_proportionality.py forms it; committed: results/proportionality.csv,,14,-0.1315312895966212,-0.1315312895966212,ok,0.00390625,0.00390625,1e-09,-0.20014375247269725,-0.0610194418634868,-0.2103709636636023,-0.052398389572540144,-0.21114534279116148,-0.051917236402080916,1.135477857171886,no,no,no,12,0,
saved,S7 Table: mean_r DiD ts_gsr primary_bins11-28,primary_bins11-28,scripts/09,"results/global_fc_bins_115regions-all_ts_gsr.npy and the global-fit atoms, as scripts/09 forms them; committed: results/global_fc_did_ts_gsr.csv",,14,-0.0033542429891225516,-0.003354,ok,0.00244140625,0.0024,5.1e-05,-0.00506,-0.001733,-0.005289036093456706,-0.0014260675799028545,-0.005268920037238029,-0.0014395659410070736,1.1610966376777432,no,no,no,11,0,
saved,S7 Table: sts_global_fit_nats DiD ts_gsr primary_bins11-28,primary_bins11-28,scripts/09,"results/global_fc_bins_115regions-all_ts_gsr.npy and the global-fit atoms, as scripts/09 forms them; committed: results/global_fc_did_ts_gsr.csv",,14,-0.08008106904246191,-0.080081,ok,0.007080078125,0.0071,5.1e-05,-0.130251,-0.031045,-0.13623608387447728,-0.025059039503790067,-0.13727940168949715,-0.022882736395426678,1.12066855200983,no,no,no,12,0,
saved,S7 Table: mean_r DiD ts_gsr sensitivity_bins9-28,sensitivity_bins9-28,scripts/09,"results/global_fc_bins_115regions-all_ts_gsr.npy and the global-fit atoms, as scripts/09 forms them; committed: results/global_fc_did_ts_gsr.csv",,14,-0.0031975983739915793,-0.003198,ok,0.001708984375,0.0017,5.1e-05,-0.004744,-0.00168,-0.005004395849551122,-0.0014200876805992384,-0.0049591549739226234,-0.001436041774060535,1.1698133710678473,no,no,no,11,0,
saved,S7 Table: sts_global_fit_nats DiD ts_gsr sensitivity_bins9-28,sensitivity_bins9-28,scripts/09,"results/global_fc_bins_115regions-all_ts_gsr.npy and the global-fit atoms, as scripts/09 forms them; committed: results/global_fc_did_ts_gsr.csv",,14,-0.07353121896107855,-0.073531,ok,0.01123046875,0.0112,5.1e-05,-0.123677,-0.023566,-0.12894601693750152,-0.019004083497032913,-0.13004994200004458,-0.017012495922112514,1.098200332036126,no,no,no,12,0,
saved,S7 Table: mean_r DiD ts_gsr peak_bins9-14,peak_bins9-14,scripts/09,"results/global_fc_bins_115regions-all_ts_gsr.npy and the global-fit atoms, as scripts/09 forms them; committed: results/global_fc_did_ts_gsr.csv",,14,-0.003219573888990542,-0.00322,ok,0.0023193359375,0.0023,5.1e-05,-0.00504,-0.001525,-0.005267977720291541,-0.0012329923917409544,-0.005233335434785235,-0.001205812343195849,1.1479332371409918,no,no,no,12,0,
saved,S7 Table: sts_global_fit_nats DiD ts_gsr peak_bins9-14,peak_bins9-14,scripts/09,"results/global_fc_bins_115regions-all_ts_gsr.npy and the global-fit atoms, as scripts/09 forms them; committed: results/global_fc_did_ts_gsr.csv",,14,-0.07519424319433185,-0.075194,ok,0.00439453125,0.0044,5.1e-05,-0.111434,-0.033522,-0.11624012087417121,-0.030252083326843402,-0.1195850395767033,-0.030803446811960393,1.1036558880188905,no,no,no,13,0,
saved,S7 Table: mean_r DiD ts_demean primary_bins11-28,primary_bins11-28,scripts/09,"results/global_fc_bins_115regions-all_ts_demean.npy and the global-fit atoms, as scripts/09 forms them; committed: results/global_fc_did_ts_demean.csv",,14,0.052638276762018786,0.052638,ok,0.0469970703125,0.047,5.1e-05,0.007337,0.097622,0.0008277023622361498,0.1040902753893381,0.0012016465571210583,0.10407490696691651,1.143740078940045,no,no,no,4,0,
saved,S7 Table: sts_global_fit_nats DiD ts_demean primary_bins11-28,primary_bins11-28,scripts/09,"results/global_fc_bins_115regions-all_ts_demean.npy and the global-fit atoms, as scripts/09 forms them; committed: results/global_fc_did_ts_demean.csv",,14,-0.10347081924166271,-0.103471,ok,0.01318359375,0.0132,5.1e-05,-0.167809,-0.035706,-0.17838462967130295,-0.026660484905119804,-0.1794823840356834,-0.02745925444764201,1.148529138370689,no,no,no,11,0,
saved,S7 Table: mean_r DiD ts_demean sensitivity_bins9-28,sensitivity_bins9-28,scripts/09,"results/global_fc_bins_115regions-all_ts_demean.npy and the global-fit atoms, as scripts/09 forms them; committed: results/global_fc_did_ts_demean.csv",,14,0.053178582096272284,0.053179,ok,0.0322265625,0.0322,5.1e-05,0.011328,0.09299,0.005920846373205321,0.09999377487377603,0.0063111707621715946,0.10004599343037297,1.1519792375960753,no,no,no,4,0,
saved,S7 Table: sts_global_fit_nats DiD ts_demean sensitivity_bins9-28,sensitivity_bins9-28,scripts/09,"results/global_fc_bins_115regions-all_ts_demean.npy and the global-fit atoms, as scripts/09 forms them; committed: results/global_fc_did_ts_demean.csv",,14,-0.09092599089170549,-0.090926,ok,0.0174560546875,0.0175,5.1e-05,-0.153552,-0.025397,-0.16397587789656373,-0.0168518134551097,-0.1649277075603928,-0.016924274223018176,1.1480165771249975,no,no,no,11,0,
saved,S7 Table: mean_r DiD ts_demean peak_bins9-14,peak_bins9-14,scripts/09,"results/global_fc_bins_115regions-all_ts_demean.npy and the global-fit atoms, as scripts/09 forms them; committed: results/global_fc_did_ts_demean.csv",,14,0.07464152174903337,0.074642,ok,0.004638671875,0.0046,5.1e-05,0.029285,0.128159,0.023215212264882906,0.13137284576089464,0.018673101183248303,0.13060994231481843,1.0938935766330051,no,no,no,3,0,
saved,S7 Table: sts_global_fit_nats DiD ts_demean peak_bins9-14,peak_bins9-14,scripts/09,"results/global_fc_bins_115regions-all_ts_demean.npy and the global-fit atoms, as scripts/09 forms them; committed: results/global_fc_did_ts_demean.csv",,14,-0.08104599019368534,-0.081046,ok,0.0347900390625,0.0348,5.1e-05,-0.144584,-0.017646,-0.15448594533759752,-0.006817232019958929,-0.1545760242974108,-0.007515956089959905,1.1633136910746869,no,no,no,11,0,
saved,"Robustness C, placebo-fitted: (i) within-DMT step, primary (bins 11-28) (sts, ts_gsr)",bins,scripts/08,results/atoms_bins_115regions-all_ts_gsr_placebo.npy as scripts/08 forms it; committed: results/robustness_c_ts_gsr.csv,,14,-0.05076977204084295,-0.05076977204084294,ok,0.1337890625,0.1337890625,1e-09,-0.10469015294546627,0.013748360414200047,-0.1126525763501145,0.0177908625998924,-0.11866849009062905,0.017128946008943137,1.1013599820683735,yes,yes,yes,11,0,
saved,"Robustness C, placebo-fitted: (ii) DMT minus PCB, bins 15-28 (sts, ts_gsr)",bins,scripts/08,results/atoms_bins_115regions-all_ts_gsr_placebo.npy as scripts/08 forms it; committed: results/robustness_c_ts_gsr.csv,,14,-0.11101131933552502,-0.111011319335525,ok,0.00048828125,0.00048828125,1e-09,-0.18029574023183734,-0.05926822781286523,-0.1815807781274785,-0.05182902464284394,-0.18139148591988657,-0.04063115275116347,1.0720847755298888,no,no,no,13,0,
saved,"ΦR, placebo window 4 − window 1, raw series ts_gsr",W = 60,S2 Text,results/atoms_win60 via rev_series.phir_from_atoms; committed: notes/review_results/logs/phir_baseline_and_slope.log,,14,-0.00839800337590291,-0.0084,ok,0.0390625,0.0391,5.1e-05,-0.0168,-0.0015,-0.017443292384346585,-0.00029460949732371973,-0.01729754795204986,0.0005015412002440395,1.1208289468642396,no,no,yes,11,0,
saved,"ΦR, placebo window 4 − window 1, raw series ts_demean",W = 60,S2 Text,results/atoms_win60 via rev_series.phir_from_atoms; committed: notes/review_results/logs/phir_baseline_and_slope.log,,14,-0.0019308898814030747,-0.0019,ok,0.8883056640625,0.8883,5.1e-05,-0.0249,0.0246,-0.0289180064702882,0.026940906615280792,-0.030452636337180778,0.02659085657437463,1.1284628906175553,yes,yes,yes,9,0,
