# partB26_positive_definite.py; git=d5a65bd; run 29 Sep 2026 10:04 UTC; python 3.12.3, numpy 2.5.3
kind,step,script,args,exit,seconds,file,line,col,chain,path,calls,matrices,nonfinite,not_pd,negdet,min_eig,near_singular,old_sts_n,old_sts_min,old_sts_max,old_sts_sum,bad_calls_n,bad_calls,examples
step,logs/phiid_fast_validate,notes/rev_phiid_fast_validate.py,,0,62,,,,,,,,,,,,,,,,,,,
site,logs/phiid_fast_validate,,,,,notes/rev_phiid_fast_validate.py,49,21,notes/rev_phiid_fast_validate.py:87,PairPhiID,784,5139120,0,0,0,0.0012953228058595544,0,0,,,,0,,
site,logs/phiid_fast_validate,,,,,notes/rev_phiid_fast_validate.py,49,21,notes/rev_phiid_fast_validate.py:90,PairPhiID,784,5139120,0,0,0,0.00040266540677843,14,0,,,,0,,
site,logs/phiid_fast_validate,,,,,notes/rev_phiid_fast_validate.py,66,17,notes/rev_phiid_fast_validate.py:92,PairPhiID,56,367080,0,0,0,0.0047842085336807115,0,0,,,,0,,
site,logs/phiid_fast_validate,,,,,notes/rev_phiid_fast_validate.py,119,9,,PairPhiID,200,1311000,0,0,0,0.0016572937874241547,0,0,,,,0,,
step,logs/rev_run_raw,notes/rev_run.py,raw,0,103,,,,,,,,,,,,,,,,,,,
step,partB/prewhiten_run,notes/partB16_prewhiten.py,,0,1284,,,,,,,,,,,,,,,,,,,
site,partB/prewhiten_run,,,,,notes/partB16_prewhiten.py,118,21,notes/partB16_prewhiten.py:161,PairPhiID,1568,10278240,0,0,0,0.0012084352434747225,0,0,,,,0,,
site,partB/prewhiten_run,,,,,notes/partB16_prewhiten.py,124,20,notes/partB16_prewhiten.py:161,atoms_from_corr,1568,10278240,0,26593,26593,-0.2590318559228575,624,0,,,,486,"[[1, 23], [2, 27], [3, 4], [12, 42], [13, 47], [14, 142], [15, 152], [16, 64], [17, 21], [21, 2], [22, 2], [26, 13], [27, 60], [28, 111], [29, 16], [30, 69], [31, 11], [35, 2], [36, 1], [40, 2], [41, 43], [42, 185], [43, 23], [44, 54], [45, 13], [46, 2], [54, 9], [55, 73], [56, 155], [57, 53], [58, 50], [59, 18], [60, 1], [68, 14], [69, 84], [70, 235], [71, 146], [72, 162], [73, 27], [74, 4], [76, 1], [77, 8], [78, 5], [79, 1], [81, 1], [82, 1], [83, 185], [84, 141], [85, 24], [86, 49], [87, 10], [88, 9], [92, 2], [95, 1], [96, 7], [97, 54], [98, 108], [99, 7], [100, 11], [101, 9], [106, 1], [109, 2], [110, 9], [111, 67], [112, 155], [113, 30], [114, 37], [115, 2], [123, 1], [124, 2], [125, 21], [126, 63], [127, 41], [128, 107], [129, 46], [134, 6], [137, 2], [138, 9], [139, 54], [140, 157], [141, 64], [142, 79], [143, 35], [144, 1], [148, 1], [152, 13], [153, 55], [154, 206], [155, 35], [156, 66], [157, 14], [158, 1], [163, 1], [166, 9], [167, 37], [168, 213], [169, 29], [170, 46], [171, 28], [173, 1], [175, 3], [176, 12], [179, 1], [180, 8], [181, 44], [182, 233], [183, 24], [184, 115], [185, 46], [194, 3], [195, 25], [196, 126], [197, 77], [198, 65], [199, 5], [200, 1], [207, 1], [208, 6], [209, 116], [210, 299], [211, 47], [212, 109], [213, 37], [221, 2], [222, 22], [223, 21], [224, 161], [225, 84], [226, 82], [227, 13], [228, 2], [231, 1], [232, 1], [236, 18], [237, 70], [238, 162], [239, 14], [240, 16], [241, 10], [242, 1], [246, 1], [250, 5], [251, 44], [252, 149], [253, 8], [254, 29], [255, 1], [260, 1], [263, 3], [264, 39], [265, 40], [266, 176], [267, 124], [268, 131], [269, 33], [273, 6], [274, 2], [275, 2], [278, 6], [279, 51], [280, 192], [281, 33], [282, 14], [283, 1], [292, 3], [293, 39], [294, 68], [295, 7], [296, 7], [297, 1], [299, 10], [300, 35], [301, 98], [302, 4], [303, 17], [304, 7], [305, 7], [306, 2], [307, 6], [308, 17], [309, 13], [310, 99], [311, 8], [312, 2], [320, 5], [321, 49], [322, 81], [323, 58], [324, 80], [325, 17], [329, 1], [330, 4], [333, 1], [334, 33], [335, 60], [336, 178], [337, 113], [338, 120], [339, 11], [343, 1], [344, 1], [347, 1], [348, 5], [349, 148], [350, 318], [351, 162], [352, 215], [353, 24], [354, 1], [356, 1], [357, 1], [361, 1], [362, 17], [363, 107], [364, 168], [365, 15], [366, 79], [367, 2], [370, 3], [371, 7], [372, 2], [376, 32], [377, 80], [378, 70], [379, 76], [380, 73], [381, 22], [382, 1], [384, 21], [385, 15], [386, 13], [387, 4], [389, 1], [391, 33], [392, 120], [393, 46], [394, 53], [395, 8], [398, 2], [399, 27], [400, 25], [401, 25], [404, 37], [405, 94], [406, 251], [407, 240], [408, 444], [409, 164], [410, 3], [413, 1], [418, 23], [419, 113], [420, 140], [421, 14], [422, 44], [423, 10], [427, 3], [432, 13], [433, 25], [434, 149], [435, 23], [436, 84], [437, 17], [440, 2], [442, 3], [446, 11], [447, 94], [448, 201], [449, 42], [450, 72], [451, 19], [452, 2], [460, 31], [461, 107], [462, 305], [463, 105], [464, 122], [465, 23], [466, 9], [468, 4], [469, 1], [470, 3], [471, 7], [473, 6], [474, 27], [475, 175], [476, 191], [477, 20], [478, 50], [479, 4], [484, 1], [488, 8], [489, 37], [490, 66], [491, 15], [492, 19], [493, 21], [497, 4], [498, 13], [502, 8], [503, 55], [504, 84], [505, 12], [506, 35], [507, 3], [512, 1], [515, 1], [516, 2], [517, 13], [518, 77], [519, 83], [520, 82], [521, 53], [525, 1], [526, 13], [529, 2], [530, 12], [531, 33], [532, 138], [533, 30], [534, 62], [535, 34], [536, 1], [539, 1], [540, 2], [544, 9], [545, 57], [546, 333], [547, 30], [548, 37], [549, 16], [550, 3], [553, 3], [554, 1], [558, 18], [559, 33], [560, 219], [561, 33], [562, 45], [563, 19], [565, 2], [566, 21], [567, 104], [568, 73], [569, 8], [570, 4], [572, 31], [573, 54], [574, 103], [575, 37], [576, 101], [577, 38], [578, 1], [581, 1], [582, 2], [587, 21], [588, 88], [589, 82], [590, 101], [591, 23], [592, 5], [595, 1], [600, 10], [601, 121], [602, 350], [603, 70], [604, 190], [605, 30], [606, 1], [610, 2], [611, 3], [613, 2], [614, 19], [615, 34], [616, 162], [617, 130], [618, 260], [619, 67], [620, 10], [623, 14], [624, 17], [625, 3], [627, 22], [628, 79], [629, 73], [630, 431], [631, 34], [632, 125], [633, 4], [638, 7], [639, 2], [642, 11], [643, 193], [644, 123], [645, 81], [646, 190], [647, 20], [648, 1], [652, 1], [655, 2], [656, 97], [657, 282], [658, 338], [659, 255], [660, 437], [661, 37], [664, 3], [665, 3], [666, 6], [667, 1], [670, 3], [671, 52], [672, 401], [673, 6], [674, 10], [684, 2], [685, 24], [686, 47], [687, 21], [688, 18], [689, 3], [691, 3], [692, 12], [693, 118], [694, 4], [695, 6], [698, 8], [699, 35], [700, 35], [701, 33], [702, 122], [703, 12], [704, 3], [712, 34], [713, 60], [714, 189], [715, 368], [716, 277], [717, 16], [720, 7], [721, 71], [722, 29], [723, 2], [725, 4], [726, 58], [727, 179], [728, 334], [729, 52], [730, 127], [731, 39], [732, 4], [736, 1], [739, 7], [740, 13], [741, 124], [742, 297], [743, 144], [744, 168], [745, 45], [746, 1], [750, 1], [753, 13], [754, 59], [755, 193], [756, 169], [757, 16], [758, 68], [762, 1], [763, 2], [764, 11], [768, 37], [769, 77], [770, 95], [771, 48], [772, 76], [773, 16], [774, 2], [775, 4], [776, 59], [777, 55], [778, 71], [779, 19], [781, 1], [782, 11], [783, 54], [784, 144]]",
site,partB/prewhiten_run,,,,,notes/partB16_prewhiten.py,124,20,notes/partB16_prewhiten.py:161,atoms_from_corr sts,0,0,0,0,0,,0,26593,-5.114310767622829,5.537875422735996,-5249.558465775396,,,"[[0.3205737345965835, -0.46804497759349384, -0.7534359452988435, 0.35264191013553003, -0.24153177476375745, -0.025261383964662376, -0.5893934616547318], [0.22886968356753762, -0.43570880239442106, -0.8000418233346299, 0.3485852647105806, -0.18310531894739257, -0.0032100455141164832, 0.1679110511091011], [0.03645395944130566, -0.5058430984566771, 0.8628582683774244, -0.4364709000049994, 0.03145460031902586, -0.014510682191301439, -0.0043594043814880745], [0.6095119936496963, -0.6113451085512612, 0.5045331298143412, -0.30844386101405596, 0.3075189938154601, -0.047870429855800624, 0.19046101119818637], [0.2000017456257571, -0.6665720832713892, -0.727555760836249, 0.48496835919671905, -0.14551242220732563, -0.07210586436387144, -0.4957347533773364], [0.6275504198510965, -0.21152136938782914, 0.6961127610894975, -0.14724272447399325, 0.43684585548542015, -0.02150503019435267, -0.1983047126144133], [0.560183389905944, -0.5814036181651423, 0.5933182210961562, -0.3449573604686111, 0.3323670123866091, -0.08597124711422528, -1.1020645397847737], [0.560183389905944, -0.6665720832713892, 0.4743505368853336, -0.31618882557255873, 0.2657232917561307, -0.024507978713967253, 0.5147587684399022], [0.745073939994016, -0.293145018644265, 0.523589193098591, -0.15348756377282213, 0.3901126630402549, -0.00017998408503119018, 2.190634772739285], [0.6050597016416035, -0.5058430984566771, -0.5486491775836836, 0.2775303999546382, -0.33196550769469474, -0.022644704032943403, 0.3588305306291011], [-0.0664040921671123, -0.5058430984566771, -0.9025475289400324, 0.45654743854344343, 0.05993284929693336, -0.009997730376935484, -0.01548827544227338], [0.008803034599900526, -0.6113451085512612, -0.8001742015645945, 0.4891825841154258, -0.007043961182320904, -0.010469060759382842, -0.00041622101122529287], [0.8186430721443557, -0.48992095485007137, -0.40994245322570966, 0.2008393981179204, -0.3355965493110888, -0.04531511560093762, -0.8122578768256119], [-0.5058430984566771, 0.5156767170540637, 0.6182356552579991, 0.31880973306921284, -0.31273023943210027, -0.03218512965825017, 0.03618473125542465], [-0.5058430984566771, 0.5363400997628812, -0.6820617598569729, -0.3658170723261352, 0.3450162339448652, -0.11076043195226315, -0.28699472275450466], [-0.5058430984566771, -0.011883352469801305, -0.8711786659761702, 0.01035252315196613, 0.44067971570674047, -0.0029182128131874274, -0.0021741842216775886], [-0.5058430984566771, 0.3398138946319918, -0.7658076036514159, -0.2602320643355804, 0.3873784910527151, -0.07267113577798638, -0.505029104929902], [-0.5058430984566771, 0.38828142337780114, -0.6814340937831413, -0.26458819987228016, 0.3446987333932821, -0.01684343495644088, -0.0712742538867921], [0.24288682097710299, -0.46804497759349384, -0.7766398471468642, 0.36350237985606854, -0.18863558351764503, -0.006683185467040193, -0.4827123424258686], [0.6342594920928049, -0.46804497759349384, 0.5348465721231712, -0.25033225186534663, 0.3392315151824203, -0.007814219459662082, 0.9167720389926992]]"
site,partB/prewhiten_run,,,,,notes/partB16_prewhiten.py,129,17,notes/partB16_prewhiten.py:161,PairPhiID,112,734160,0,0,0,0.007796166705766657,0,0,,,,0,,
step,partB/whitened_spectrum_run,notes/partB16b_whitened_spectrum.py,,0,8,,,,,,,,,,,,,,,,,,,
step,logs/rev_extra,notes/rev_extra.py,,0,2,,,,,,,,,,,,,,,,,,,
step,logs/sts_matched_null_F1,notes/rev_sts_matched_null.py,f1,0,65,,,,,,,,,,,,,,,,,,,
step,logs/sts_matched_null_F2,notes/rev_sts_matched_null.py,f2,0,34,,,,,,,,,,,,,,,,,,,
step,logs/sts_matched_null_F3,notes/rev_sts_matched_null.py,f3,0,72,,,,,,,,,,,,,,,,,,,
step,logs/review_checks,notes/review_checks.py,,0,80,,,,,,,,,,,,,,,,,,,
step,rev_assemble,notes/rev_assemble.py,,0,0,,,,,,,,,,,,,,,,,,,
step,partB/scope_map_run,notes/partB1_scope_map.py,,0,4,,,,,,,,,,,,,,,,,,,
site,partB/scope_map_run,,,,,notes/partB1_scope_map.py,53,8,notes/partB1_scope_map.py:64,atoms_from_corr,1,11616,0,0,0,0.020000000000000382,0,0,,,,0,,
site,partB/scope_map_run,,,,,notes/partB1_scope_map.py,56,12,notes/partB1_scope_map.py:64,atoms_from_corr,1,11616,0,0,0,0.0196,0,0,,,,0,,
site,partB/scope_map_run,,,,,notes/partB1_scope_map.py,57,14,notes/partB1_scope_map.py:64,atoms_from_corr,1,11616,0,0,0,0.020400000000000116,0,0,,,,0,,
site,partB/scope_map_run,,,,,notes/partB1_scope_map.py,58,11,notes/partB1_scope_map.py:64,atoms_from_corr,1,11616,0,0,0,0.019950000000000016,0,0,,,,0,,
site,partB/scope_map_run,,,,,notes/partB1_scope_map.py,59,13,notes/partB1_scope_map.py:64,atoms_from_corr,1,11616,0,0,0,0.019950000000000016,0,0,,,,0,,
site,partB/scope_map_run,,,,,notes/partB1_scope_map.py,53,8,notes/partB1_scope_map.py:65,atoms_from_corr,1,18336,0,0,0,0.002500000000000106,0,0,,,,0,,
site,partB/scope_map_run,,,,,notes/partB1_scope_map.py,56,12,notes/partB1_scope_map.py:65,atoms_from_corr,1,18336,0,0,0,0.0024499999999997896,0,0,,,,0,,
site,partB/scope_map_run,,,,,notes/partB1_scope_map.py,57,14,notes/partB1_scope_map.py:65,atoms_from_corr,1,18336,0,0,0,0.0025500000000000544,0,0,,,,0,,
site,partB/scope_map_run,,,,,notes/partB1_scope_map.py,58,11,notes/partB1_scope_map.py:65,atoms_from_corr,1,18336,0,0,0,0.002449999999999956,0,0,,,,0,,
site,partB/scope_map_run,,,,,notes/partB1_scope_map.py,59,13,notes/partB1_scope_map.py:65,atoms_from_corr,1,18336,0,0,0,0.002449999999999956,0,0,,,,0,,
site,partB/scope_map_run,,,,,notes/partB1_scope_map.py,123,17,,PairPhiID,20,131100,0,0,0,0.001833423692268634,0,0,,,,0,,
site,partB/scope_map_run,,,,,notes/partB1_scope_map.py,127,20,,atoms_from_corr,20,131100,0,0,0,0.001570947044473922,0,0,,,,0,,
step,partB/overlay_points_run,notes/partB1_overlay_points.py,,0,1,,,,,,,,,,,,,,,,,,,
site,partB/overlay_points_run,,,,,notes/partB1_overlay_points.py,34,13,,PairPhiID,10,65550,0,0,0,0.001833423692268634,0,0,,,,0,,
step,partB/calibration_run,notes/partB17_calibration.py,,0,4171,,,,,,,,,,,,,,,,,,,
site,partB/calibration_run,,,,,notes/partB17_calibration.py,102,13,notes/partB17_calibration.py:150,PairPhiID,137200,41160000,0,0,0,0.00036132398690177735,81,0,,,,0,,
site,partB/calibration_run,,,,,notes/partB17_calibration.py,104,72,notes/partB17_calibration.py:150,atoms_from_corr,137200,41160000,0,11494,11494,-0.03947375455444629,5173,0,,,,11049,"[[20, 1], [31, 1], [45, 1], [52, 1], [71, 1], [72, 2], [77, 1], [104, 1], [127, 1], [148, 1], [156, 1], [174, 1], [188, 1], [190, 1], [212, 1], [216, 1], [231, 1], [255, 1], [259, 1], [260, 1], [272, 1], [297, 1], [299, 1], [331, 1], [360, 1], [375, 1], [397, 1], [406, 1], [412, 1], [427, 1], [429, 1], [434, 1], [438, 1], [444, 1], [460, 1], [465, 1], [484, 1], [485, 1], [486, 1], [498, 1], [500, 1], [506, 1], [507, 1], [510, 1], [528, 1], [556, 1], [603, 1], [632, 1], [633, 1], [638, 1], [649, 1], [662, 1], [697, 1], [709, 1], [722, 1], [727, 2], [736, 1], [743, 1], [753, 1], [768, 1], [785, 1], [792, 1], [813, 1], [823, 1], [829, 1], [840, 2], [851, 1], [858, 1], [860, 1], [870, 1], [874, 1], [895, 1], [915, 1], [979, 1], [988, 1], [991, 1], [993, 1], [1033, 1], [1101, 2], [1102, 1], [1108, 1], [1111, 1], [1114, 1], [1116, 1], [1134, 1], [1146, 1], [1148, 1], [1154, 1], [1163, 1], [1167, 1], [1181, 1], [1239, 1], [1248, 1], [1255, 1], [1259, 1], [1286, 1], [1292, 1], [1301, 1], [1317, 1], [1331, 1], [1332, 2], [1345, 1], [1347, 1], [1367, 1], [1372, 1], [1382, 1], [1401, 1], [1405, 1], [1408, 1], [1414, 1], [1420, 1], [1428, 1], [1433, 1], [1450, 1], [1451, 1], [1469, 1], [1471, 1], [1481, 1], [1484, 1], [1491, 1], [1495, 1], [1508, 1], [1532, 1], [1547, 1], [1548, 1], [1563, 1], [1630, 1], [1631, 1], [1642, 1], [1662, 1], [1672, 1], [1684, 1], [1685, 1], [1710, 1], [1718, 2], [1756, 1], [1761, 1], [1787, 1], [1794, 1], [1806, 1], [1857, 1], [1911, 1], [1931, 1], [1943, 1], [1962, 1], [1968, 1], [1991, 1], [1994, 1], [1996, 2], [1997, 1], [2001, 1], [2005, 1], [2014, 1], [2022, 1], [2040, 2], [2058, 1], [2077, 1], [2141, 1], [2154, 2], [2180, 1], [2191, 1], [2194, 1], [2201, 1], [2206, 1], [2217, 1], [2245, 1], [2258, 1], [2269, 1], [2270, 1], [2284, 1], [2316, 1], [2346, 1], [2371, 1], [2383, 1], [2395, 1], [2400, 1], [2405, 1], [2464, 1], [2480, 1], [2482, 1], [2492, 2], [2495, 1], [2516, 1], [2519, 1], [2535, 1], [2576, 1], [2605, 1], [2611, 1], [2653, 1], [2654, 1], [2721, 1], [2732, 1], [2747, 1], [2756, 1], [2760, 1], [2766, 1], [2795, 1], [2807, 1], [2814, 1], [2817, 1], [2849, 1], [2858, 1], [2871, 1], [2881, 1], [2882, 1], [2905, 1], [2913, 1], [2926, 1], [2937, 1], [2963, 1], [2979, 1], [2996, 1], [3011, 1], [3017, 1], [3033, 1], [3039, 1], [3055, 1], [3064, 1], [3070, 1], [3116, 1], [3140, 1], [3179, 1], [3206, 1], [3207, 1], [3229, 1], [3236, 1], [3239, 1], [3243, 1], [3278, 1], [3300, 1], [3307, 1], [3312, 1], [3317, 1], [3319, 1], [3327, 1], [3331, 1], [3359, 1], [3393, 1], [3406, 1], [3413, 1], [3420, 1], [3435, 1], [3452, 1], [3456, 1], [3459, 1], [3488, 1], [3560, 1], [3568, 1], [3579, 1], [3601, 1], [3603, 1], [3635, 1], [3645, 1], [3647, 1], [3712, 1], [3715, 1], [3720, 1], [3741, 1], [3746, 1], [3776, 1], [3797, 1], [3799, 1], [3830, 1], [3847, 1], [3850, 1], [3861, 1], [3862, 1], [3887, 1], [3947, 1], [3959, 1], [3981, 1], [4003, 1], [4005, 1], [4019, 2], [4028, 1], [4032, 1], [4051, 1], [4077, 1], [4084, 1], [4094, 1], [4112, 1], [4146, 1], [4148, 1], [4217, 1], [4218, 1], [4219, 2], [4234, 1], [4252, 1], [4269, 1], [4288, 1], [4313, 1], [4333, 1], [4338, 1], [4342, 1], [4351, 1], [4353, 1], [4382, 1], [4409, 1], [4444, 2], [4451, 1], [4452, 1], [4470, 1], [4506, 1], [4524, 1], [4530, 1], [4534, 1], [4557, 2], [4586, 1], [4614, 1], [4624, 1], [4630, 1], [4657, 1], [4681, 1], [4684, 1], [4686, 1], [4699, 1], [4719, 1], [4729, 1], [4749, 1], [4755, 1], [4772, 1], [4813, 1], [4817, 1], [4838, 1], [4841, 1], [4853, 1], [4859, 1], [4861, 1], [4865, 1], [4866, 1], [4867, 1], [4868, 1], [4897, 1], [4899, 1], [4925, 1], [4951, 1], [4954, 1], [5024, 2], [5027, 1], [5044, 1], [5056, 1], [5063, 1], [5069, 1], [5105, 1], [5108, 1], [5142, 1], [5143, 2], [5157, 1], [5178, 1], [5196, 1], [5212, 1], [5217, 1], [5220, 1], [5230, 1], [5245, 1], [5248, 1], [5252, 1], [5253, 1], [5260, 1], [5266, 1], [5275, 1], [5285, 1], [5342, 1], [5354, 1], [5356, 1], [5383, 1], [5385, 1], [5420, 2], [5421, 1], [5426, 1], [5453, 1], [5463, 2], [5476, 1], [5478, 1], [5502, 1], [5519, 1], [5533, 1], [5546, 1], [5564, 1], [5567, 1], [5568, 1], [5591, 1], [5601, 1], [5611, 1], [5617, 1], [5624, 2], [5626, 1], [5639, 1], [5658, 1], [5660, 1], [5691, 1], [5692, 1], [5703, 1], [5714, 1], [5718, 1], [5729, 1], [5735, 1], [5738, 1], [5754, 1], [5767, 1], [5811, 1], [5813, 1], [5818, 1], [5824, 1], [5834, 1], [5842, 1], [5844, 1], [5850, 1], [5852, 1], [5884, 1], [5885, 1], [5889, 1], [5896, 1], [5901, 1], [5904, 1], [5906, 1], [5924, 1], [5926, 1], [5948, 1], [5960, 1], [5977, 1], [5983, 1], [5989, 1], [5993, 1], [6014, 1], [6044, 1], [6049, 1], [6050, 1], [6055, 2], [6057, 1], [6060, 1], [6072, 1], [6074, 1], [6093, 1], [6098, 1], [6101, 1], [6105, 1], [6116, 1], [6132, 2], [6135, 1], [6148, 1], [6154, 1], [6189, 1], [6192, 2], [6201, 1], [6207, 1], [6245, 1], [6264, 1], [6317, 1], [6328, 1], [6329, 1], [6356, 2], [6362, 1], [6364, 1], [6370, 1], [6377, 1], [6397, 1], [6436, 1], [6470, 1], [6471, 1], [6473, 1], [6476, 1], [6502, 1], [6510, 1], [6515, 1], [6533, 1], [6553, 1], [6554, 1], [6556, 1], [6573, 1], [6578, 1], [6601, 1], [6632, 1], [6635, 1], [6644, 1], [6681, 1], [6689, 1], [6694, 1], [6706, 1], [6715, 1], [6717, 1], [6725, 1], [6748, 1], [6758, 1], [6775, 1], [6779, 1], [6780, 1], [6837, 1], [6864, 1], [6865, 1], [6871, 1], [6877, 2], [6903, 1], [6906, 1], [6917, 1], [6923, 1], [6930, 1], [6936, 1], [6938, 1], [6980, 1], [7033, 1], [7056, 2], [7057, 1], [7073, 1], [7082, 1], [7099, 1], [7100, 1], [7107, 1], [7109, 1], [7135, 1], [7170, 1], [7175, 1], [7208, 1], [7212, 1], [7226, 1], [7233, 1], [7235, 1], [7269, 1], [7270, 2], [7277, 1], [7280, 1], [7296, 1], [7299, 1], [7302, 1], [7310, 2], [7314, 1], [7326, 1], [7335, 1], [7342, 1], [7368, 1], [7419, 1], [7423, 1], [7438, 1], [7471, 1], [7479, 2], [7497, 1], [7498, 1], [7548, 1], [7551, 1], [7554, 1], [7555, 1], [7558, 1], [7559, 1], [7584, 1], [7601, 1], [7635, 1], [7639, 1], [7640, 1], [7652, 1], [7663, 1], [7678, 1], [7703, 1], [7705, 1], [7733, 1], [7746, 1], [7754, 1], [7756, 1], [7785, 1], [7790, 1], [7804, 1], [7815, 1], [7823, 1], [7843, 1], [7844, 1], [7858, 1], [7864, 1], [7872, 1], [7883, 1], [7887, 1], [7891, 1], [7913, 1], [7938, 1], [7953, 1], [7968, 1], [7973, 1], [7988, 1], [8020, 1], [8037, 1], [8055, 1], [8062, 1], [8067, 1], [8068, 2], [8081, 1], [8093, 1], [8114, 1], [8138, 1], [8148, 1], [8149, 1], [8162, 1], [8168, 1], [8172, 1], [8185, 1], [8195, 1], [8196, 1], [8200, 1], [8239, 1], [8276, 1], [8284, 1], [8289, 1], [8305, 1], [8306, 1], [8313, 1], [8319, 1], [8321, 1], [8377, 1], [8390, 1], [8416, 1], [8432, 1], [8437, 1], [8451, 1], [8454, 1], [8464, 1], [8493, 1], [8497, 1], [8503, 1], [8506, 1], [8515, 1], [8524, 1], [8525, 1], [8526, 1], [8531, 1], [8534, 1], [8557, 1], [8564, 1], [8569, 1], [8596, 2], [8620, 1], [8632, 1], [8668, 1], [8681, 1], [8682, 1], [8791, 1], [8811, 1], [8815, 1], [8824, 1], [8845, 1], [8869, 1], [8872, 1], [8876, 1], [8884, 1], [8927, 1], [8947, 1], [8949, 1], [8978, 1], [8997, 1], [9003, 1], [9006, 1], [9034, 1], [9084, 1], [9093, 1], [9100, 1], [9111, 1], [9115, 1], [9146, 1], [9148, 1], [9152, 1], [9153, 1], [9188, 1], [9204, 1], [9209, 1], [9226, 1], [9244, 1], [9250, 1], [9256, 1], [9260, 1], [9287, 1], [9300, 1], [9317, 1], [9320, 1], [9340, 1], [9347, 1], [9381, 1], [9384, 1], [9395, 1], [9401, 2], [9411, 3], [9422, 1], [9427, 1], [9434, 2], [9438, 1], [9469, 2], [9495, 1], [9511, 1], [9516, 1], [9521, 1], [9532, 1], [9533, 1], [9546, 1], [9552, 2], [9570, 1], [9588, 1], [9603, 1], [9605, 1], [9628, 1], [9658, 1], [9675, 1], [9685, 1], [9713, 1], [9766, 1], [9773, 1], [9803, 1], [9817, 1], [9862, 1], [9867, 1], [9872, 1], [9884, 1], [9927, 1], [9956, 1], [9960, 1], [9961, 2], [9967, 1], [9995, 1], [10020, 1], [10051, 1], [10052, 1], [10058, 1], [10085, 1], [10089, 1], [10092, 1], [10096, 1], [10099, 1], [10101, 1], [10117, 1], [10125, 1], [10127, 1], [10151, 1], [10158, 1], [10187, 1], [10211, 1], [10229, 1], [10246, 1], [10248, 1], [10263, 1], [10267, 1], [10301, 1], [10302, 1], [10337, 1], [10357, 1], [10383, 1], [10406, 1], [10451, 1], [10458, 1], [10493, 1], [10495, 1], [10526, 1], [10548, 1], [10566, 1], [10577, 1], [10588, 1], [10612, 1], [10655, 1], [10683, 1], [10693, 1], [10721, 1], [10730, 1], [10737, 1], [10782, 1], [10804, 1], [10807, 1], [10810, 1], [10812, 1], [10835, 1], [10853, 1], [10855, 1], [10914, 1], [10920, 1], [10923, 1], [10926, 1], [10930, 1], [10935, 1], [10947, 1], [10953, 1], [10962, 1], [10981, 1], [10993, 1], [11008, 1], [11017, 1], [11023, 1], [11036, 1], [11064, 1], [11110, 1], [11115, 1], [11134, 1], [11138, 1], [11147, 1], [11176, 1], [11187, 1], [11188, 1], [11198, 1], [11239, 1], [11243, 1], [11274, 1], [11275, 1], [11280, 1], [11289, 1], [11294, 1], [11311, 1], [11332, 1], [11333, 1], [11337, 1], [11340, 1], [11357, 1], [11359, 1], [11370, 2], [11392, 1], [11413, 1], [11440, 1], [11442, 1], [11446, 1], [11455, 1], [11456, 1], [11460, 1], [11481, 1], [11488, 1], [11491, 1], [11537, 1], [11562, 1], [11567, 1], [11569, 1], [11601, 1], [11603, 1], [11605, 1], [11612, 1], [11621, 1], [11633, 1], [11645, 1], [11653, 1], [11665, 1], [11668, 1], [11670, 1], [11693, 1], [11710, 1], [11719, 1], [11747, 1], [11755, 1], [11776, 1], [11781, 1], [11787, 1], [11789, 1], [11792, 1], [11805, 1], [11816, 1], [11818, 1], [11820, 1], [11830, 1], [11837, 1], [11839, 1], [11868, 1], [11877, 1], [11932, 1], [11933, 1], [11939, 1], [11940, 1], [11975, 2], [11981, 1], [12005, 1], [12014, 1], [12023, 1], [12031, 1], [12057, 1], [12071, 1], [12078, 1], [12084, 1], [12091, 1], [12113, 1], [12126, 1], [12132, 1], [12142, 1], [12149, 1], [12155, 1], [12167, 1], [12195, 1], [12212, 1], [12226, 1], [12264, 1], [12275, 1], [12282, 1], [12290, 1], [12291, 1], [12305, 1], [12312, 1], [12334, 1], [12339, 1], [12347, 1], [12350, 1], [12360, 1], [12397, 1], [12407, 1], [12420, 1], [12426, 1], [12441, 1], [12457, 1], [12465, 1], [12470, 1], [12479, 1], [12482, 1], [12483, 1], [12484, 1], [12498, 1], [12503, 1], [12535, 1], [12548, 1], [12556, 1], [12566, 1], [12567, 1], [12570, 1], [12582, 1], [12617, 1], [12619, 1], [12630, 1], [12655, 1], [12666, 1], [12669, 1], [12680, 1], [12715, 1], [12723, 1], [12733, 1], [12734, 1], [12779, 1], [12798, 1], [12812, 1], [12813, 1], [12852, 1], [12855, 1], [12904, 1], [12964, 1], [13009, 1], [13015, 1], [13021, 1], [13051, 1], [13088, 1], [13096, 1], [13098, 1], [13117, 1], [13118, 1], [13137, 1], [13143, 1], [13145, 1], [13179, 1], [13186, 1], [13205, 1], [13222, 1], [13232, 1], [13244, 1], [13255, 1], [13283, 1], [13299, 1], [13304, 1], [13309, 1], [13330, 1], [13378, 1], [13453, 1], [13485, 1], [13511, 1], [13518, 1], [13542, 1], [13614, 1], [13616, 1], [13621, 1], [13632, 1], [13635, 1], [13680, 1], [13689, 1], [13698, 1], [13745, 1], [13762, 1], [13767, 1], [13792, 1], [13802, 1], [13832, 1], [13859, 1], [13888, 1], [13895, 1], [13900, 1], [13903, 1], [13938, 1], [13954, 1], [13960, 1], [13970, 1], [13978, 1], [13995, 1], [13997, 1], [13998, 1], [14000, 1], [14054, 1], [14057, 1], [14108, 1], [14119, 1], [14136, 1], [14147, 1], [14165, 1], [14186, 1], [14202, 1], [14225, 1], [14239, 1], [14251, 1], [14273, 1], [14305, 1], [14327, 1], [14332, 1], [14356, 1], [14358, 1], [14368, 1], [14392, 1], [14410, 2], [14421, 1], [14445, 1], [14471, 1], [14504, 1], [14531, 1], [14556, 1], [14558, 1], [14589, 1], [14632, 1], [14639, 1], [14737, 1], [14745, 1], [14752, 1], [14753, 1], [14755, 1], [14762, 1], [14789, 1], [14794, 1], [14836, 1], [14874, 1], [14893, 1], [14916, 1], [14935, 1], [14944, 1], [14953, 1], [14967, 1], [14987, 1], [15031, 1], [15044, 1], [15058, 1], [15063, 1], [15094, 1], [15110, 1], [15113, 1], [15115, 1], [15120, 1], [15189, 1], [15200, 1], [15222, 1], [15228, 1], [15242, 1], [15255, 1], [15257, 1], [15281, 1], [15299, 1], [15305, 1], [15319, 1], [15339, 1], [15341, 1], [15362, 1], [15425, 1], [15440, 1], [15477, 1], [15485, 1], [15506, 2], [15512, 1], [15516, 1], [15538, 1], [15554, 1], [15565, 1], [15566, 1], [15570, 1], [15587, 1], [15609, 1], [15613, 1], [15645, 1], [15672, 1], [15687, 1], [15713, 1], [15716, 1], [15722, 1], [15723, 1], [15749, 1], [15758, 1], [15764, 1], [15793, 1], [15803, 1], [15850, 1], [15862, 1], [15867, 1], [15872, 1], [15876, 1], [15877, 1], [15938, 1], [15947, 1], [15949, 1], [15950, 1], [15969, 1], [15982, 1], [16014, 1], [16035, 1], [16085, 1], [16103, 1], [16108, 1], [16143, 1], [16169, 1], [16199, 1], [16229, 1], [16244, 1], [16252, 1], [16258, 1], [16275, 1], [16284, 1], [16286, 1], [16309, 1], [16342, 1], [16343, 1], [16347, 1], [16353, 1], [16372, 1], [16392, 1], [16421, 1], [16456, 1], [16462, 1], [16465, 1], [16487, 2], [16509, 1], [16514, 1], [16515, 1], [16516, 1], [16517, 1], [16536, 1], [16539, 1], [16593, 1], [16600, 1], [16602, 1], [16647, 1], [16649, 1], [16672, 1], [16685, 1], [16687, 1], [16691, 1], [16692, 1], [16699, 1], [16711, 1], [16732, 1], [16758, 1], [16780, 1], [16812, 1], [16820, 1], [16835, 1], [16849, 1], [16855, 1], [16857, 1], [16895, 1], [16897, 1], [16908, 1], [16910, 1], [16924, 1], [16927, 1], [16945, 1], [16962, 1], [16983, 1], [17009, 1], [17017, 1], [17026, 1], [17038, 1], [17051, 1], [17056, 1], [17083, 1], [17095, 1], [17108, 1], [17120, 1], [17166, 2], [17169, 1], [17202, 2], [17218, 1], [17219, 1], [17238, 1], [17245, 2], [17266, 1], [17287, 1], [17311, 1], [17325, 1], [17348, 1], [17362, 1], [17368, 1], [17372, 1], [17378, 1], [17387, 1], [17402, 1], [17422, 1], [17433, 1], [17454, 1], [17469, 1], [17475, 1], [17516, 1], [17530, 1], [17532, 1], [17539, 1], [17572, 1], [17584, 1], [17586, 1], [17613, 1], [17628, 1], [17639, 1], [17659, 1], [17662, 1], [17684, 1], [17686, 1], [17687, 1], [17702, 1], [17714, 1], [17722, 1], [17733, 1], [17775, 1], [17788, 1], [17805, 1], [17828, 1], [17887, 2], [17888, 1], [17911, 1], [17924, 1], [17945, 1], [17950, 1], [17961, 1], [17996, 1], [18003, 1], [18024, 1], [18030, 1], [18067, 1], [18077, 1], [18082, 1], [18085, 1], [18158, 1], [18162, 1], [18165, 1], [18215, 1], [18227, 1], [18257, 1], [18292, 1], [18311, 1], [18319, 1], [18346, 1], [18356, 1], [18359, 1], [18383, 1], [18389, 1], [18391, 1], [18396, 1], [18397, 1], [18399, 1], [18417, 2], [18431, 1], [18446, 1], [18453, 1], [18478, 1], [18498, 1], [18531, 1], [18561, 1], [18580, 1], [18590, 1], [18601, 1], [18602, 1], [18614, 1], [18616, 1], [18647, 1], [18648, 1], [18724, 1], [18734, 2], [18739, 1], [18762, 1], [18774, 1], [18810, 1], [18819, 1], [18831, 1], [18835, 2], [18843, 1], [18881, 1], [18897, 1], [18917, 1], [18947, 1], [18968, 1], [18974, 1], [18975, 1], [18999, 1], [19008, 1], [19061, 1], [19064, 1], [19067, 1], [19101, 1], [19136, 1], [19144, 1], [19145, 1], [19155, 1], [19157, 1], [19167, 1], [19173, 1], [19211, 1], [19213, 1], [19238, 1], [19244, 1], [19313, 1], [19315, 1], [19323, 1], [19354, 1], [19361, 1], [19365, 1], [19374, 1], [19378, 1], [19414, 1], [19423, 1], [19425, 2], [19449, 1], [19458, 1], [19461, 1], [19504, 1], [19543, 1], [19567, 1], [19571, 1], [19626, 1], [19644, 1], [19650, 2], [19660, 1], [19662, 2], [19674, 1], [19684, 1], [19776, 1], [19787, 1], [19797, 1], [19798, 1], [19822, 1], [19830, 1], [19854, 1], [19932, 1], [19934, 1], [19956, 1], [19961, 1], [19998, 1], [20001, 1], [20016, 1], [20041, 1], [20054, 1], [20056, 1], [20069, 1], [20089, 1], [20099, 1], [20104, 1], [20108, 1], [20113, 1], [20118, 1], [20132, 1], [20142, 1], [20195, 1], [20206, 1], [20212, 1], [20255, 1], [20268, 1], [20277, 1], [20282, 1], [20290, 1], [20317, 1], [20320, 1], [20336, 1], [20356, 1], [20368, 1], [20382, 1], [20385, 1], [20398, 1], [20400, 1], [20405, 1], [20425, 1], [20430, 1], [20435, 1], [20440, 1], [20458, 1], [20513, 1], [20566, 1], [20576, 1], [20590, 1], [20600, 1], [20608, 1], [20649, 1], [20655, 1], [20679, 1], [20700, 1], [20714, 2], [20718, 1], [20723, 1], [20729, 1], [20765, 1], [20810, 1], [20831, 1], [20832, 1], [20835, 1], [20841, 1], [20842, 1], [20849, 1], [20858, 1], [20864, 1], [20868, 1], [20869, 1], [20872, 1], [20874, 1], [20877, 1], [20908, 1], [20934, 1], [20944, 1], [20949, 1], [20956, 1], [20986, 1], [20994, 1], [20996, 1], [21004, 1], [21020, 1], [21028, 1], [21029, 1], [21055, 1], [21056, 1], [21069, 1], [21071, 1], [21075, 1], [21096, 1], [21105, 1], [21117, 1], [21123, 1], [21126, 1], [21134, 1], [21135, 1], [21171, 1], [21199, 1], [21200, 1], [21230, 1], [21232, 1], [21234, 1], [21241, 1], [21257, 1], [21276, 1], [21304, 1], [21321, 1], [21331, 1], [21348, 1], [21367, 1], [21368, 1], [21372, 1], [21374, 1], [21400, 1], [21424, 1], [21440, 1], [21443, 1], [21445, 1], [21465, 1], [21473, 1], [21488, 1], [21498, 1], [21499, 1], [21508, 1], [21521, 1], [21522, 1], [21561, 1], [21573, 1], [21581, 1], [21582, 1], [21587, 1], [21610, 1], [21643, 1], [21657, 1], [21662, 1], [21669, 1], [21676, 1], [21678, 1], [21686, 1], [21691, 1], [21702, 1], [21712, 1], [21731, 1], [21768, 1], [21775, 1], [21782, 1], [21793, 1], [21796, 1], [21803, 1], [21828, 1], [21838, 1], [21871, 1], [21932, 1], [21941, 1], [21946, 1], [21948, 1], [21955, 1], [21958, 1], [21980, 1], [21983, 1], [22010, 1], [22016, 1], [22021, 1], [22033, 2], [22038, 1], [22046, 1], [22072, 1], [22079, 1], [22087, 1], [22093, 1], [22108, 1], [22121, 1], [22162, 1], [22167, 1], [22196, 1], [22201, 1], [22203, 1], [22205, 1], [22216, 1], [22242, 1], [22302, 1], [22306, 1], [22311, 2], [22312, 1], [22319, 1], [22321, 1], [22340, 1], [22353, 1], [22375, 1], [22380, 1], [22382, 1], [22386, 1], [22390, 1], [22392, 1], [22402, 1], [22406, 1], [22407, 1], [22415, 1], [22426, 1], [22471, 2], [22479, 1], [22482, 1], [22486, 1], [22492, 1], [22511, 1], [22522, 1], [22540, 1], [22544, 2], [22550, 1], [22567, 1], [22582, 1], [22588, 1], [22605, 1], [22611, 1], [22650, 1], [22662, 1], [22682, 1], [22691, 1], [22696, 1], [22701, 2], [22717, 1], [22720, 2], [22723, 1], [22726, 1], [22732, 1], [22741, 1], [22778, 1], [22809, 1], [22815, 1], [22822, 1], [22826, 1], [22840, 1], [22847, 1], [22866, 1], [22867, 1], [22938, 1], [22941, 1], [22942, 1], [22952, 1], [22965, 1], [22981, 1], [22995, 1], [23011, 1], [23012, 1], [23042, 1], [23058, 1], [23059, 1], [23072, 1], [23073, 1], [23094, 1], [23122, 1], [23131, 1], [23173, 1], [23197, 1], [23238, 1], [23241, 1], [23245, 1], [23248, 1], [23252, 1], [23260, 1], [23269, 1], [23291, 1], [23293, 1], [23314, 1], [23328, 1], [23329, 1], [23330, 1], [23342, 1], [23358, 1], [23369, 1], [23382, 1], [23389, 1], [23396, 1], [23408, 1], [23413, 1], [23419, 2], [23422, 1], [23443, 1], [23451, 1], [23455, 1], [23466, 1], [23473, 1], [23489, 1], [23491, 1], [23494, 1], [23503, 1], [23505, 1], [23513, 1], [23525, 1], [23534, 1], [23566, 1], [23579, 1], [23585, 1], [23605, 1], [23609, 1], [23639, 1], [23642, 1], [23677, 1], [23678, 1], [23680, 1], [23693, 1], [23699, 1], [23702, 1], [23703, 1], [23724, 1], [23736, 1], [23751, 1], [23755, 1], [23759, 1], [23772, 1], [23851, 1], [23885, 1], [23931, 1], [23939, 1], [23942, 1], [23969, 1], [24030, 1], [24040, 1], [24062, 2], [24063, 1], [24092, 1], [24093, 1], [24095, 1], [24104, 1], [24172, 1], [24190, 1], [24235, 1], [24244, 1], [24255, 1], [24272, 1], [24282, 1], [24287, 1], [24289, 1], [24295, 1], [24299, 1], [24303, 1], [24304, 1], [24309, 1], [24321, 1], [24336, 1], [24337, 1], [24360, 1], [24373, 1], [24377, 1], [24378, 1], [24400, 1], [24418, 1], [24423, 1], [24455, 1], [24457, 1], [24470, 1], [24482, 1], [24483, 1], [24490, 1], [24493, 1], [24505, 1], [24510, 1], [24543, 1], [24544, 1], [24579, 1], [24587, 1], [24590, 1], [24611, 1], [24612, 1], [24634, 1], [24661, 3], [24686, 1], [24700, 1], [24735, 1], [24739, 1], [24745, 1], [24760, 1], [24767, 1], [24781, 1], [24803, 1], [24811, 1], [24813, 1], [24816, 1], [24823, 1], [24877, 1], [24878, 1], [24894, 1], [24913, 1], [24948, 1], [24958, 1], [24970, 1], [24990, 1], [24996, 1], [25012, 1], [25014, 1], [25019, 1], [25037, 1], [25041, 1], [25069, 1], [25110, 1], [25124, 1], [25136, 1], [25146, 1], [25156, 1], [25157, 1], [25159, 2], [25162, 1], [25182, 1], [25220, 1], [25229, 1], [25255, 1], [25257, 1], [25270, 1], [25294, 1], [25295, 1], [25296, 1], [25342, 1], [25343, 1], [25346, 1], [25361, 1], [25377, 1], [25380, 1], [25387, 1], [25445, 1], [25451, 1], [25457, 1], [25460, 1], [25481, 1], [25484, 1], [25487, 1], [25491, 1], [25527, 1], [25528, 1], [25536, 1], [25543, 1], [25554, 1], [25557, 1], [25572, 1], [25578, 1], [25580, 1], [25586, 1], [25587, 1], [25600, 1], [25601, 1], [25622, 1], [25632, 1], [25638, 1], [25643, 1], [25669, 1], [25685, 1], [25710, 1], [25716, 1], [25722, 1], [25724, 1], [25725, 1], [25743, 2], [25763, 1], [25769, 1], [25772, 1], [25786, 2], [25787, 1], [25864, 1], [25865, 1], [25873, 1], [25874, 1], [25878, 1], [25886, 1], [25893, 1], [25897, 1], [25910, 1], [25942, 1], [25944, 1], [25968, 1], [25971, 1], [25977, 1], [25981, 1], [26005, 1], [26008, 1], [26016, 1], [26025, 1], [26037, 1], [26063, 1], [26071, 1], [26072, 1], [26075, 3], [26090, 1], [26094, 1], [26104, 1], [26140, 1], [26143, 1], [26144, 2], [26161, 1], [26173, 1], [26209, 1], [26214, 1], [26217, 1], [26221, 2], [26224, 1], [26230, 1], [26239, 1], [26261, 1], [26267, 1], [26268, 1], [26289, 1], [26345, 1], [26348, 3], [26371, 1], [26373, 1], [26374, 1], [26380, 1], [26392, 1], [26400, 1], [26429, 1], [26430, 1], [26432, 1], [26447, 1], [26468, 1], [26471, 1], [26521, 1], [26532, 1], [26548, 1], [26551, 1], [26557, 1], [26565, 1], [26633, 1], [26645, 1], [26657, 1], [26658, 1], [26664, 1], [26670, 1], [26674, 1], [26675, 1], [26680, 2], [26683, 1], [26706, 1], [26712, 1], [26715, 1], [26717, 1], [26724, 1], [26732, 1], [26744, 1], [26745, 1], [26749, 1], [26754, 1], [26757, 1], [26767, 1], [26769, 1], [26835, 1], [26849, 1], [26861, 1], [26869, 1], [26877, 1], [26878, 1], [26890, 1], [26923, 1], [26939, 1], [26943, 1], [26955, 1], [26995, 1], [26996, 1], [27020, 1], [27023, 1], [27024, 1], [27034, 1], [27043, 1], [27062, 1], [27069, 1], [27071, 1], [27074, 1], [27089, 1], [27100, 1], [27107, 2], [27113, 1], [27126, 1], [27127, 1], [27152, 1], [27156, 1], [27189, 1], [27190, 1], [27199, 1], [27207, 1], [27209, 1], [27245, 1], [27257, 1], [27268, 1], [27269, 1], [27304, 1], [27312, 1], [27339, 1], [27356, 1], [27357, 1], [27412, 1], [27417, 1], [27422, 1], [27439, 1], [27464, 1], [27475, 1], [27502, 2], [27509, 1], [27516, 1], [27525, 1], [27535, 1], [27536, 1], [27563, 1], [27571, 1], [27572, 1], [27584, 1], [27589, 1], [27609, 1], [27615, 1], [27627, 1], [27641, 1], [27646, 1], [27648, 1], [27654, 1], [27669, 1], [27704, 1], [27705, 1], [27713, 1], [27723, 1], [27741, 1], [27743, 1], [27752, 1], [27768, 1], [27773, 1], [27791, 1], [27796, 1], [27814, 1], [27840, 1], [27843, 1], [27856, 1], [27860, 1], [27865, 1], [27894, 2], [27920, 1], [27921, 1], [27930, 1], [27933, 1], [27944, 1], [27947, 1], [27948, 1], [27950, 1], [27956, 1], [27960, 1], [27977, 1], [28014, 1], [28016, 1], [28019, 1], [28030, 1], [28053, 1], [28056, 1], [28065, 1], [28068, 1], [28071, 1], [28094, 1], [28096, 1], [28112, 1], [28120, 1], [28121, 1], [28132, 1], [28141, 1], [28147, 1], [28175, 1], [28190, 1], [28192, 1], [28215, 1], [28228, 1], [28236, 1], [28240, 1], [28259, 1], [28264, 1], [28296, 2], [28303, 1], [28315, 1], [28342, 1], [28380, 1], [28383, 1], [28387, 1], [28411, 1], [28422, 1], [28431, 1], [28433, 1], [28434, 1], [28446, 1], [28448, 1], [28463, 1], [28480, 1], [28513, 1], [28514, 1], [28518, 1], [28519, 1], [28524, 1], [28525, 1], [28559, 1], [28572, 1], [28582, 1], [28595, 1], [28600, 1], [28603, 1], [28621, 1], [28626, 1], [28656, 1], [28660, 1], [28685, 1], [28698, 1], [28706, 1], [28770, 2], [28773, 1], [28807, 1], [28817, 1], [28819, 1], [28820, 1], [28836, 1], [28860, 1], [28863, 1], [28865, 1], [28895, 1], [28907, 1], [28908, 1], [28913, 1], [28919, 1], [28923, 1], [28940, 1], [28952, 1], [28957, 1], [28959, 1], [28973, 1], [28981, 1], [28989, 1], [29004, 1], [29017, 2], [29021, 1], [29045, 1], [29065, 1], [29066, 1], [29069, 1], [29078, 1], [29082, 1], [29090, 1], [29103, 1], [29145, 1], [29151, 1], [29157, 1], [29169, 1], [29172, 1], [29184, 1], [29186, 1], [29193, 1], [29202, 1], [29223, 1], [29230, 1], [29235, 1], [29299, 1], [29302, 1], [29306, 1], [29327, 1], [29340, 1], [29341, 1], [29371, 1], [29394, 1], [29422, 1], [29436, 1], [29439, 1], [29454, 1], [29456, 2], [29463, 1], [29488, 1], [29509, 1], [29526, 1], [29545, 1], [29546, 1], [29559, 1], [29569, 1], [29596, 1], [29607, 1], [29610, 1], [29631, 1], [29644, 1], [29673, 1], [29688, 1], [29696, 1], [29699, 1], [29702, 1], [29705, 1], [29712, 1], [29739, 1], [29771, 1], [29776, 1], [29833, 1], [29837, 1], [29845, 1], [29857, 1], [29870, 1], [29886, 1], [29915, 1], [29917, 1], [29920, 1], [29926, 1], [29935, 1], [29944, 1], [29966, 1], [29967, 1], [29987, 1], [29988, 1], [30016, 1], [30023, 1], [30025, 1], [30073, 1], [30091, 1], [30115, 1], [30129, 1], [30143, 1], [30161, 1], [30176, 1], [30177, 1], [30202, 1], [30216, 1], [30224, 1], [30243, 1], [30259, 1], [30260, 1], [30273, 1], [30287, 1], [30289, 1], [30303, 1], [30322, 1], [30324, 2], [30331, 1], [30337, 1], [30344, 1], [30350, 1], [30356, 1], [30364, 1], [30372, 1], [30403, 1], [30426, 1], [30436, 1], [30446, 1], [30450, 1], [30451, 1], [30455, 1], [30464, 1], [30468, 1], [30476, 1], [30479, 1], [30480, 2], [30489, 1], [30506, 1], [30514, 1], [30525, 1], [30534, 1], [30550, 1], [30563, 1], [30564, 1], [30576, 1], [30584, 1], [30593, 1], [30599, 1], [30636, 1], [30653, 1], [30659, 1], [30663, 1], [30670, 1], [30681, 1], [30700, 2], [30729, 1], [30745, 1], [30769, 1], [30783, 1], [30807, 1], [30847, 1], [30855, 1], [30863, 2], [30869, 1], [30871, 1], [30880, 1], [30885, 1], [30908, 1], [30915, 1], [30928, 1], [30932, 1], [30939, 1], [30944, 1], [30949, 1], [30960, 1], [30975, 1], [30995, 1], [31040, 1], [31046, 1], [31050, 1], [31051, 1], [31053, 1], [31058, 1], [31061, 1], [31080, 1], [31090, 1], [31138, 1], [31158, 1], [31160, 1], [31165, 1], [31177, 1], [31180, 1], [31184, 1], [31238, 1], [31240, 1], [31252, 1], [31262, 1], [31284, 1], [31285, 1], [31293, 1], [31313, 1], [31324, 1], [31326, 1], [31328, 1], [31332, 1], [31336, 1], [31348, 1], [31362, 1], [31388, 1], [31396, 1], [31409, 1], [31436, 1], [31443, 1], [31451, 1], [31484, 1], [31489, 1], [31490, 1], [31519, 1], [31520, 1], [31530, 1], [31540, 1], [31550, 1], [31568, 1], [31573, 1], [31582, 1], [31604, 1], [31635, 1], [31642, 1], [31660, 1], [31663, 1], [31677, 1], [31679, 1], [31680, 1], [31694, 1], [31700, 1], [31709, 1], [31716, 1], [31717, 1], [31722, 1], [31746, 1], [31759, 1], [31775, 1], [31783, 1], [31791, 1], [31796, 1], [31798, 1], [31808, 1], [31832, 1], [31854, 1], [31859, 1], [31872, 1], [31882, 1], [31890, 1], [31903, 1], [31957, 1], [31974, 1], [31977, 1], [31987, 1], [32012, 1], [32021, 1], [32065, 1], [32091, 1], [32094, 1], [32099, 1], [32109, 1], [32119, 1], [32145, 1], [32149, 1], [32171, 1], [32205, 1], [32228, 1], [32231, 1], [32232, 1], [32234, 1], [32236, 1], [32257, 1], [32281, 1], [32288, 1], [32294, 1], [32302, 1], [32305, 1], [32308, 1], [32314, 1], [32323, 1], [32328, 2], [32339, 1], [32363, 1], [32377, 1], [32384, 1], [32394, 1], [32399, 1], [32432, 1], [32443, 1], [32457, 1], [32461, 1], [32469, 1], [32471, 1], [32474, 1], [32476, 1], [32497, 1], [32531, 1], [32552, 1], [32556, 1], [32576, 1], [32587, 1], [32596, 2], [32601, 1], [32608, 1], [32630, 1], [32660, 1], [32662, 1], [32671, 1], [32672, 1], [32702, 1], [32743, 1], [32752, 1], [32763, 1], [32780, 1], [32781, 1], [32797, 2], [32802, 1], [32809, 1], [32829, 1], [32832, 1], [32881, 1], [32883, 1], [32904, 1], [32906, 2], [32912, 1], [32928, 1], [32938, 1], [32952, 1], [32953, 1], [32972, 1], [33022, 1], [33026, 1], [33035, 1], [33036, 1], [33043, 1], [33051, 1], [33054, 1], [33064, 1], [33065, 1], [33066, 1], [33068, 1], [33080, 1], [33125, 1], [33144, 1], [33148, 1], [33153, 1], [33162, 1], [33164, 1], [33174, 1], [33186, 1], [33196, 1], [33197, 1], [33199, 1], [33272, 1], [33283, 1], [33296, 1], [33335, 1], [33341, 1], [33374, 1], [33383, 1], [33391, 2], [33413, 1], [33414, 1], [33419, 1], [33420, 1], [33437, 1], [33456, 1], [33459, 1], [33464, 1], [33465, 1], [33472, 1], [33525, 1], [33531, 1], [33561, 1], [33581, 1], [33584, 1], [33598, 1], [33613, 2], [33614, 1], [33628, 1], [33644, 1], [33676, 1], [33680, 1], [33681, 1], [33702, 1], [33704, 1], [33713, 1], [33721, 1], [33740, 1], [33780, 1], [33793, 1], [33812, 1], [33819, 1], [33820, 1], [33840, 1], [33852, 1], [33863, 1], [33880, 1], [33887, 1], [33889, 1], [33895, 1], [33921, 1], [33936, 1], [33937, 1], [33961, 1], [33963, 1], [33976, 1], [34000, 1], [34007, 1], [34008, 1], [34021, 1], [34024, 1], [34042, 1], [34051, 1], [34079, 1], [34109, 1], [34121, 1], [34128, 1], [34130, 1], [34135, 1], [34141, 1], [34143, 1], [34162, 1], [34163, 1], [34166, 1], [34168, 1], [34170, 1], [34176, 1], [34191, 1], [34199, 1], [34213, 1], [34220, 1], [34236, 1], [34238, 1], [34245, 1], [34259, 1], [34270, 1], [34290, 1], [34307, 1], [34309, 1], [34314, 1], [34318, 1], [34336, 1], [34373, 1], [34376, 1], [34377, 1], [34380, 1], [34381, 1], [34388, 1], [34394, 1], [34404, 1], [34422, 1], [34430, 1], [34438, 1], [34471, 1], [34490, 1], [34514, 1], [34539, 1], [34540, 1], [34554, 1], [34596, 1], [34601, 1], [34615, 1], [34618, 1], [34620, 1], [34623, 1], [34626, 1], [34652, 1], [34657, 1], [34665, 1], [34668, 1], [34672, 1], [34694, 1], [34697, 1], [34713, 1], [34733, 1], [34783, 1], [34789, 1], [34794, 1], [34796, 1], [34798, 1], [34822, 1], [34857, 2], [34891, 1], [34918, 1], [34928, 1], [34947, 1], [34987, 1], [34999, 1], [35001, 1], [35005, 1], [35018, 1], [35020, 1], [35027, 1], [35030, 1], [35032, 1], [35037, 1], [35045, 1], [35056, 1], [35069, 1], [35083, 1], [35094, 1], [35105, 1], [35108, 1], [35119, 1], [35150, 1], [35153, 1], [35185, 1], [35212, 1], [35214, 1], [35228, 1], [35235, 1], [35242, 1], [35246, 1], [35250, 1], [35265, 1], [35284, 1], [35286, 1], [35302, 1], [35309, 1], [35336, 1], [35337, 1], [35356, 1], [35360, 1], [35367, 1], [35375, 1], [35378, 1], [35397, 1], [35403, 1], [35422, 1], [35437, 1], [35451, 1], [35471, 1], [35474, 1], [35477, 1], [35485, 1], [35489, 1], [35493, 1], [35500, 1], [35503, 1], [35506, 1], [35509, 1], [35525, 1], [35562, 1], [35571, 1], [35592, 1], [35596, 1], [35600, 1], [35634, 1], [35659, 1], [35661, 1], [35676, 1], [35752, 1], [35756, 1], [35761, 1], [35762, 1], [35780, 1], [35782, 1], [35783, 1], [35823, 1], [35826, 1], [35832, 1], [35898, 1], [35905, 1], [35906, 1], [35909, 1], [35911, 1], [35912, 1], [35913, 1], [35923, 1], [35955, 1], [35974, 1], [35977, 1], [36038, 1], [36050, 1], [36053, 1], [36054, 1], [36060, 1], [36065, 1], [36107, 1], [36122, 1], [36123, 1], [36133, 1], [36135, 1], [36141, 1], [36143, 1], [36152, 1], [36164, 1], [36166, 2], [36195, 1], [36212, 1], [36219, 1], [36233, 1], [36234, 1], [36260, 1], [36267, 1], [36273, 1], [36294, 1], [36296, 2], [36314, 1], [36319, 1], [36320, 1], [36328, 1], [36341, 1], [36343, 1], [36346, 1], [36355, 1], [36362, 1], [36375, 1], [36382, 1], [36404, 1], [36413, 1], [36421, 1], [36422, 1], [36425, 1], [36431, 1], [36457, 1], [36482, 1], [36494, 1], [36515, 1], [36516, 1], [36519, 1], [36543, 1], [36571, 1], [36572, 1], [36587, 1], [36590, 1], [36612, 1], [36621, 1], [36649, 1], [36653, 1], [36692, 1], [36712, 1], [36716, 1], [36743, 1], [36754, 2], [36794, 1], [36801, 1], [36802, 1], [36817, 1], [36823, 1], [36855, 1], [36866, 1], [36879, 1], [36880, 1], [36892, 1], [36902, 1], [36906, 1], [36932, 1], [36962, 1], [36967, 1], [36973, 1], [36974, 1], [37006, 1], [37011, 1], [37068, 1], [37083, 2], [37140, 1], [37143, 1], [37144, 1], [37152, 1], [37167, 1], [37168, 1], [37169, 1], [37171, 1], [37184, 1], [37203, 1], [37246, 1], [37254, 1], [37262, 1], [37266, 1], [37291, 1], [37308, 1], [37315, 1], [37321, 1], [37322, 1], [37327, 1], [37367, 1], [37390, 1], [37397, 1], [37409, 1], [37423, 1], [37425, 1], [37426, 1], [37437, 1], [37456, 1], [37457, 1], [37474, 1], [37492, 1], [37495, 1], [37518, 1], [37526, 1], [37543, 2], [37544, 1], [37550, 1], [37554, 1], [37559, 1], [37596, 1], [37625, 1], [37634, 1], [37641, 1], [37652, 1], [37663, 1], [37664, 1], [37683, 1], [37705, 1], [37740, 1], [37787, 1], [37791, 1], [37796, 1], [37813, 1], [37835, 1], [37845, 1], [37890, 1], [37917, 1], [37939, 1], [37940, 1], [37951, 1], [37958, 1], [37971, 1], [37972, 1], [38028, 1], [38096, 1], [38106, 1], [38117, 1], [38118, 1], [38131, 1], [38164, 1], [38172, 1], [38193, 1], [38194, 1], [38227, 1], [38242, 2], [38258, 1], [38265, 1], [38274, 2], [38276, 1], [38279, 1], [38300, 1], [38310, 1], [38320, 1], [38337, 1], [38353, 1], [38367, 1], [38377, 1], [38382, 1], [38426, 1], [38432, 1], [38440, 1], [38443, 1], [38450, 1], [38452, 1], [38453, 1], [38463, 1], [38473, 1], [38475, 1], [38495, 1], [38530, 1], [38562, 1], [38563, 1], [38567, 1], [38571, 1], [38578, 1], [38609, 1], [38639, 1], [38650, 1], [38654, 1], [38657, 1], [38716, 1], [38717, 1], [38726, 1], [38732, 1], [38737, 1], [38819, 2], [38822, 1], [38831, 1], [38854, 1], [38862, 1], [38908, 1], [38911, 1], [38912, 1], [38922, 1], [38931, 1], [38937, 2], [38938, 1], [38946, 1], [38956, 1], [38957, 1], [38958, 1], [38990, 1], [38997, 1], [39006, 1], [39009, 1], [39015, 1], [39025, 1], [39039, 1], [39052, 1], [39070, 1], [39071, 1], [39079, 1], [39083, 1], [39086, 1], [39096, 1], [39101, 1], [39159, 1], [39164, 1], [39169, 1], [39180, 1], [39186, 1], [39200, 1], [39201, 1], [39240, 1], [39277, 1], [39289, 1], [39354, 1], [39380, 1], [39415, 1], [39476, 1], [39493, 1], [39513, 1], [39520, 1], [39528, 1], [39530, 1], [39533, 1], [39543, 1], [39552, 1], [39563, 1], [39567, 1], [39575, 1], [39590, 1], [39610, 1], [39627, 1], [39643, 1], [39660, 1], [39662, 1], [39669, 1], [39682, 1], [39686, 1], [39709, 1], [39716, 1], [39744, 1], [39748, 1], [39754, 1], [39759, 1], [39770, 1], [39781, 1], [39791, 2], [39792, 1], [39811, 1], [39813, 1], [39842, 1], [39880, 1], [39891, 1], [39895, 1], [39904, 1], [39908, 1], [39925, 1], [39934, 1], [39942, 1], [39960, 1], [39961, 1], [39972, 1], [39982, 1], [39983, 1], [39997, 2], [40008, 1], [40014, 1], [40017, 1], [40046, 1], [40060, 1], [40062, 1], [40068, 1], [40103, 1], [40136, 1], [40146, 1], [40150, 1], [40194, 1], [40220, 1], [40237, 1], [40247, 1], [40261, 1], [40272, 1], [40278, 1], [40283, 1], [40285, 1], [40294, 1], [40298, 1], [40322, 1], [40338, 1], [40348, 1], [40366, 1], [40384, 1], [40385, 1], [40401, 1], [40408, 1], [40415, 1], [40423, 1], [40466, 1], [40482, 1], [40495, 1], [40506, 1], [40508, 1], [40526, 1], [40542, 1], [40545, 1], [40566, 1], [40582, 1], [40587, 1], [40619, 1], [40623, 1], [40642, 1], [40649, 1], [40651, 2], [40659, 1], [40662, 1], [40666, 1], [40677, 1], [40682, 1], [40686, 1], [40703, 1], [40713, 1], [40741, 2], [40742, 1], [40756, 1], [40773, 1], [40785, 1], [40800, 2], [40815, 1], [40834, 1], [40842, 1], [40847, 1], [40859, 1], [40921, 1], [40926, 1], [40930, 1], [40965, 1], [40968, 1], [40972, 1], [40976, 1], [40986, 1], [40989, 1], [41010, 1], [41026, 1], [41031, 1], [41045, 1], [41053, 1], [41061, 1], [41073, 2], [41087, 1], [41097, 1], [41104, 1], [41122, 1], [41123, 1], [41137, 1], [41156, 1], [41166, 1], [41171, 1], [41173, 1], [41183, 1], [41189, 1], [41193, 1], [41204, 1], [41232, 1], [41236, 1], [41241, 1], [41258, 1], [41263, 1], [41265, 1], [41277, 1], [41300, 1], [41360, 1], [41367, 1], [41385, 1], [41400, 1], [41405, 1], [41412, 1], [41418, 1], [41454, 1], [41457, 1], [41459, 1], [41461, 1], [41468, 1], [41469, 1], [41480, 1], [41487, 1], [41488, 1], [41501, 1], [41508, 1], [41510, 1], [41514, 1], [41518, 1], [41520, 1], [41602, 1], [41604, 1], [41609, 1], [41624, 1], [41690, 1], [41693, 1], [41715, 1], [41725, 1], [41731, 1], [41736, 1], [41739, 1], [41753, 1], [41761, 1], [41769, 1], [41771, 1], [41782, 1], [41799, 1], [41804, 1], [41814, 1], [41818, 1], [41823, 1], [41827, 1], [41853, 1], [41858, 1], [41859, 1], [41868, 1], [41893, 1], [41920, 1], [41956, 1], [41957, 1], [41970, 1], [41972, 1], [41997, 1], [42017, 1], [42045, 1], [42061, 1], [42075, 1], [42076, 1], [42078, 2], [42080, 1], [42082, 1], [42097, 1], [42103, 1], [42111, 1], [42115, 1], [42119, 1], [42155, 1], [42157, 1], [42162, 1], [42179, 1], [42184, 1], [42198, 1], [42203, 1], [42220, 1], [42226, 1], [42241, 1], [42249, 1], [42281, 1], [42341, 1], [42344, 1], [42349, 1], [42372, 1], [42375, 1], [42379, 1], [42381, 1], [42400, 1], [42408, 1], [42410, 1], [42416, 1], [42423, 1], [42443, 1], [42449, 1], [42452, 1], [42455, 1], [42459, 1], [42463, 1], [42469, 1], [42486, 1], [42490, 1], [42493, 1], [42504, 1], [42505, 1], [42512, 1], [42544, 1], [42551, 1], [42567, 1], [42568, 1], [42573, 1], [42579, 1], [42597, 1], [42605, 1], [42612, 1], [42641, 1], [42644, 1], [42649, 1], [42662, 1], [42691, 1], [42699, 1], [42716, 1], [42719, 1], [42729, 2], [42731, 1], [42735, 1], [42742, 1], [42751, 1], [42761, 1], [42780, 1], [42801, 1], [42811, 1], [42814, 1], [42820, 1], [42825, 1], [42846, 1], [42847, 2], [42849, 1], [42861, 1], [42869, 1], [42877, 2], [42909, 1], [42919, 1], [42940, 1], [42945, 1], [42949, 1], [42957, 1], [42960, 1], [42978, 1], [42989, 1], [43050, 1], [43056, 1], [43058, 1], [43074, 1], [43076, 1], [43107, 1], [43112, 1], [43124, 1], [43142, 1], [43143, 1], [43150, 1], [43156, 1], [43157, 1], [43186, 1], [43188, 1], [43190, 1], [43193, 1], [43195, 1], [43220, 1], [43226, 1], [43242, 2], [43260, 1], [43273, 1], [43283, 1], [43292, 1], [43319, 1], [43348, 1], [43356, 1], [43361, 2], [43363, 1], [43366, 1], [43370, 1], [43384, 1], [43387, 1], [43410, 1], [43426, 1], [43431, 1], [43465, 1], [43481, 1], [43505, 1], [43537, 1], [43552, 1], [43559, 1], [43561, 1], [43580, 1], [43592, 1], [43598, 1], [43615, 1], [43617, 1], [43620, 1], [43665, 1], [43674, 1], [43712, 1], [43713, 1], [43760, 1], [43761, 1], [43767, 1], [43790, 1], [43794, 1], [43796, 1], [43825, 1], [43829, 1], [43831, 2], [43906, 1], [43924, 1], [43942, 1], [43943, 1], [43945, 2], [43962, 1], [43974, 1], [43981, 1], [43998, 1], [44003, 1], [44018, 1], [44024, 1], [44026, 1], [44035, 1], [44036, 1], [44039, 1], [44050, 2], [44068, 1], [44089, 1], [44103, 1], [44114, 1], [44118, 1], [44120, 1], [44128, 1], [44135, 1], [44147, 1], [44151, 1], [44156, 1], [44163, 1], [44167, 1], [44177, 1], [44194, 1], [44201, 1], [44230, 1], [44239, 1], [44245, 1], [44257, 1], [44260, 1], [44302, 1], [44311, 1], [44322, 1], [44361, 1], [44382, 1], [44401, 1], [44414, 1], [44422, 1], [44424, 1], [44448, 1], [44482, 1], [44497, 1], [44498, 1], [44504, 1], [44548, 1], [44550, 1], [44560, 1], [44561, 1], [44563, 1], [44568, 1], [44573, 1], [44590, 1], [44591, 1], [44608, 1], [44610, 1], [44613, 1], [44617, 1], [44643, 1], [44667, 1], [44683, 1], [44688, 1], [44706, 1], [44724, 1], [44727, 1], [44730, 1], [44732, 1], [44737, 1], [44739, 1], [44744, 2], [44753, 1], [44758, 1], [44764, 1], [44772, 1], [44774, 1], [44790, 1], [44796, 1], [44817, 1], [44828, 1], [44832, 1], [44850, 1], [44853, 1], [44862, 1], [44871, 1], [44872, 1], [44875, 1], [44888, 1], [44890, 1], [44899, 1], [44903, 1], [44906, 1], [44910, 1], [44912, 1], [44935, 1], [44937, 2], [44953, 1], [44960, 1], [44972, 1], [44991, 1], [45004, 1], [45025, 1], [45048, 1], [45049, 1], [45110, 1], [45116, 1], [45126, 1], [45137, 1], [45142, 1], [45143, 1], [45156, 1], [45172, 1], [45193, 1], [45210, 1], [45227, 1], [45235, 1], [45257, 1], [45268, 1], [45277, 1], [45285, 1], [45300, 1], [45302, 1], [45311, 1], [45324, 1], [45326, 1], [45346, 1], [45348, 1], [45358, 1], [45366, 1], [45370, 1], [45380, 1], [45381, 1], [45403, 1], [45413, 1], [45414, 1], [45417, 1], [45420, 1], [45454, 1], [45460, 1], [45471, 1], [45492, 1], [45515, 1], [45544, 1], [45545, 1], [45556, 1], [45558, 1], [45562, 1], [45573, 1], [45581, 1], [45588, 1], [45603, 1], [45607, 1], [45612, 1], [45614, 1], [45628, 1], [45650, 1], [45677, 1], [45703, 1], [45713, 1], [45715, 1], [45720, 1], [45726, 1], [45729, 1], [45749, 1], [45756, 1], [45793, 1], [45794, 1], [45812, 1], [45820, 1], [45835, 2], [45841, 1], [45843, 1], [45848, 1], [45857, 1], [45877, 1], [45880, 1], [45899, 1], [45910, 1], [45911, 1], [45952, 1], [45953, 1], [45972, 1], [45979, 1], [45984, 1], [46003, 1], [46009, 1], [46021, 1], [46027, 1], [46048, 1], [46056, 1], [46105, 1], [46108, 1], [46115, 1], [46120, 1], [46122, 1], [46139, 1], [46173, 1], [46174, 1], [46183, 1], [46208, 1], [46219, 1], [46248, 1], [46264, 1], [46274, 1], [46285, 1], [46289, 1], [46293, 1], [46308, 1], [46318, 1], [46337, 1], [46351, 1], [46357, 1], [46384, 2], [46391, 1], [46406, 1], [46408, 2], [46413, 1], [46425, 1], [46454, 1], [46458, 1], [46459, 1], [46482, 1], [46484, 1], [46492, 1], [46509, 1], [46513, 1], [46516, 1], [46533, 1], [46549, 1], [46569, 1], [46570, 1], [46576, 1], [46581, 1], [46596, 1], [46604, 1], [46624, 1], [46647, 1], [46655, 1], [46668, 1], [46678, 1], [46725, 1], [46726, 1], [46736, 1], [46740, 1], [46742, 1], [46754, 1], [46762, 1], [46769, 1], [46772, 1], [46775, 1], [46781, 1], [46792, 1], [46814, 1], [46834, 1], [46851, 1], [46856, 1], [46860, 1], [46871, 1], [46877, 1], [46912, 1], [46916, 1], [46929, 1], [46959, 1], [46965, 1], [46968, 1], [46987, 1], [47000, 1], [47006, 1], [47017, 1], [47022, 1], [47033, 1], [47052, 1], [47053, 1], [47067, 1], [47086, 1], [47090, 1], [47096, 1], [47110, 2], [47115, 1], [47142, 1], [47146, 1], [47162, 1], [47184, 1], [47187, 1], [47207, 1], [47221, 1], [47224, 1], [47229, 1], [47306, 2], [47317, 1], [47320, 1], [47327, 1], [47331, 1], [47355, 1], [47364, 1], [47371, 1], [47387, 1], [47391, 1], [47404, 1], [47408, 2], [47422, 1], [47426, 1], [47429, 1], [47437, 1], [47453, 1], [47462, 1], [47463, 1], [47468, 1], [47472, 1], [47517, 1], [47527, 1], [47544, 1], [47548, 1], [47551, 1], [47557, 1], [47566, 1], [47583, 1], [47591, 1], [47596, 1], [47598, 1], [47627, 1], [47636, 1], [47669, 1], [47702, 1], [47719, 2], [47739, 1], [47740, 1], [47741, 1], [47757, 1], [47785, 1], [47788, 1], [47791, 1], [47793, 1], [47799, 1], [47817, 1], [47829, 1], [47840, 1], [47847, 1], [47875, 1], [47892, 1], [47916, 1], [47920, 1], [47922, 1], [47926, 1], [47932, 1], [47940, 1], [47946, 1], [47959, 1], [47962, 1], [47993, 1], [48001, 1], [48002, 1], [48031, 1], [48112, 1], [48125, 1], [48137, 1], [48139, 1], [48166, 1], [48177, 1], [48188, 1], [48197, 1], [48211, 1], [48230, 1], [48240, 1], [48244, 1], [48249, 1], [48263, 1], [48269, 1], [48277, 1], [48282, 1], [48284, 1], [48303, 1], [48310, 1], [48317, 1], [48326, 1], [48330, 1], [48346, 1], [48351, 1], [48355, 1], [48372, 1], [48392, 1], [48417, 1], [48424, 1], [48429, 1], [48432, 1], [48486, 1], [48493, 1], [48495, 1], [48514, 1], [48517, 1], [48528, 1], [48545, 1], [48561, 1], [48576, 2], [48587, 1], [48601, 1], [48606, 1], [48635, 1], [48637, 1], [48643, 1], [48649, 1], [48658, 1], [48666, 1], [48675, 1], [48676, 1], [48687, 1], [48693, 1], [48696, 1], [48700, 1], [48705, 1], [48723, 1], [48725, 1], [48726, 1], [48742, 1], [48746, 2], [48764, 1], [48773, 1], [48790, 1], [48792, 1], [48798, 1], [48810, 1], [48814, 1], [48848, 1], [48853, 1], [48860, 1], [48875, 1], [48880, 1], [48905, 1], [48911, 1], [48915, 1], [48931, 1], [48942, 1], [48946, 1], [48954, 1], [48957, 1], [48984, 1], [48989, 1], [49005, 1], [49029, 1], [49032, 1], [49045, 1], [49054, 1], [49071, 1], [49120, 1], [49128, 1], [49162, 1], [49163, 1], [49169, 1], [49170, 1], [49175, 1], [49185, 1], [49197, 1], [49226, 1], [49238, 1], [49255, 1], [49267, 1], [49269, 1], [49311, 1], [49321, 1], [49347, 1], [49361, 1], [49363, 1], [49399, 2], [49413, 1], [49425, 1], [49462, 1], [49483, 1], [49510, 1], [49527, 1], [49540, 1], [49565, 1], [49585, 1], [49602, 1], [49644, 1], [49659, 1], [49716, 2], [49720, 1], [49733, 1], [49741, 1], [49742, 1], [49743, 1], [49746, 2], [49754, 1], [49761, 1], [49762, 1], [49831, 1], [49895, 1], [49897, 1], [49904, 1], [49907, 1], [49914, 1], [49926, 1], [49928, 1], [49932, 1], [49940, 1], [49950, 1], [49959, 1], [49968, 1], [49983, 1], [49987, 1], [49996, 2], [50010, 1], [50024, 1], [50025, 1], [50052, 1], [50075, 1], [50089, 1], [50090, 1], [50118, 1], [50120, 1], [50140, 1], [50141, 1], [50175, 1], [50187, 1], [50222, 1], [50232, 1], [50247, 1], [50251, 1], [50252, 1], [50272, 1], [50289, 1], [50290, 1], [50300, 1], [50314, 1], [50321, 1], [50324, 1], [50337, 1], [50349, 1], [50351, 2], [50352, 1], [50355, 1], [50359, 2], [50360, 1], [50365, 1], [50366, 1], [50373, 1], [50381, 1], [50386, 1], [50387, 1], [50393, 1], [50408, 1], [50416, 1], [50424, 1], [50431, 1], [50452, 1], [50458, 1], [50466, 1], [50487, 1], [50492, 1], [50497, 1], [50515, 1], [50540, 1], [50542, 1], [50559, 1], [50569, 1], [50615, 1], [50622, 1], [50624, 1], [50625, 1], [50626, 1], [50628, 1], [50629, 1], [50635, 1], [50636, 1], [50641, 1], [50642, 1], [50668, 1], [50671, 1], [50676, 2], [50687, 1], [50709, 1], [50713, 1], [50715, 1], [50725, 1], [50740, 1], [50747, 1], [50752, 1], [50763, 1], [50770, 1], [50785, 1], [50792, 2], [50801, 1], [50835, 1], [50845, 1], [50848, 1], [50862, 1], [50893, 1], [50899, 1], [50930, 1], [50974, 1], [50975, 1], [51010, 1], [51013, 1], [51020, 1], [51052, 1], [51062, 1], [51077, 1], [51083, 1], [51091, 1], [51095, 1], [51129, 1], [51143, 1], [51157, 1], [51165, 1], [51170, 1], [51176, 1], [51195, 1], [51205, 1], [51217, 1], [51229, 1], [51234, 1], [51238, 1], [51244, 1], [51248, 1], [51251, 1], [51263, 1], [51269, 1], [51270, 1], [51291, 1], [51294, 1], [51303, 1], [51323, 2], [51334, 1], [51349, 1], [51365, 1], [51375, 1], [51382, 1], [51391, 1], [51395, 1], [51429, 1], [51467, 1], [51482, 1], [51500, 1], [51502, 1], [51504, 1], [51516, 1], [51518, 1], [51522, 1], [51549, 1], [51575, 1], [51579, 1], [51580, 1], [51594, 1], [51614, 1], [51620, 1], [51650, 1], [51667, 1], [51675, 2], [51680, 1], [51689, 1], [51693, 1], [51725, 1], [51768, 1], [51770, 2], [51781, 1], [51783, 1], [51787, 1], [51790, 1], [51792, 1], [51804, 1], [51819, 1], [51835, 1], [51840, 1], [51853, 1], [51856, 1], [51873, 1], [51882, 1], [51889, 1], [51890, 1], [51892, 1], [51894, 2], [51910, 1], [51913, 1], [51938, 1], [51944, 1], [51950, 1], [51973, 1], [51975, 1], [52011, 1], [52021, 1], [52057, 1], [52065, 1], [52066, 1], [52067, 1], [52116, 1], [52132, 1], [52133, 1], [52138, 1], [52151, 1], [52161, 1], [52177, 1], [52185, 1], [52189, 1], [52195, 1], [52196, 1], [52219, 1], [52247, 1], [52263, 1], [52267, 1], [52304, 1], [52319, 1], [52320, 1], [52357, 1], [52371, 1], [52389, 1], [52393, 1], [52394, 1], [52410, 1], [52423, 1], [52445, 1], [52447, 1], [52463, 1], [52478, 1], [52499, 1], [52516, 1], [52531, 1], [52540, 2], [52555, 1], [52571, 1], [52584, 1], [52592, 1], [52612, 1], [52619, 1], [52626, 1], [52627, 1], [52629, 1], [52650, 1], [52651, 1], [52696, 1], [52729, 1], [52746, 1], [52755, 2], [52765, 1], [52767, 1], [52768, 1], [52778, 1], [52781, 1], [52801, 1], [52815, 1], [52826, 1], [52842, 1], [52854, 1], [52878, 1], [52886, 1], [52894, 1], [52904, 1], [52909, 1], [52914, 1], [52929, 1], [52948, 1], [52969, 1], [52975, 1], [53014, 1], [53015, 1], [53023, 1], [53036, 1], [53048, 1], [53055, 1], [53057, 1], [53075, 1], [53086, 1], [53127, 1], [53138, 1], [53140, 1], [53156, 1], [53158, 1], [53178, 1], [53183, 1], [53186, 1], [53198, 1], [53233, 1], [53249, 1], [53260, 2], [53278, 1], [53296, 1], [53302, 1], [53309, 1], [53326, 1], [53335, 1], [53346, 1], [53413, 1], [53435, 1], [53515, 3], [53541, 2], [53574, 1], [53584, 1], [53589, 1], [53604, 1], [53626, 1], [53628, 1], [53637, 1], [53673, 1], [53674, 1], [53688, 1], [53697, 1], [53724, 1], [53733, 1], [53740, 1], [53770, 1], [53791, 1], [53792, 1], [53798, 1], [53803, 1], [53810, 1], [53852, 1], [53853, 1], [53856, 1], [53862, 1], [53869, 1], [53876, 1], [53897, 1], [53912, 1], [53937, 1], [53943, 1], [53944, 2], [53947, 1], [53949, 1], [53950, 1], [53953, 1], [53960, 1], [53972, 1], [53975, 1], [53989, 1], [53995, 1], [54004, 1], [54008, 1], [54032, 1], [54040, 1], [54049, 1], [54119, 1], [54145, 1], [54160, 1], [54179, 1], [54235, 1], [54248, 1], [54249, 1], [54265, 1], [54292, 1], [54295, 1], [54303, 1], [54331, 2], [54332, 1], [54357, 1], [54373, 1], [54374, 1], [54383, 1], [54435, 1], [54445, 1], [54448, 1], [54459, 1], [54462, 1], [54498, 1], [54502, 1], [54526, 1], [54546, 1], [54570, 1], [54572, 1], [54597, 1], [54605, 1], [54609, 1], [54615, 1], [54645, 1], [54675, 1], [54681, 1], [54683, 1], [54687, 1], [54690, 1], [54693, 1], [54698, 1], [54736, 2], [54738, 1], [54755, 1], [54761, 1], [54818, 1], [54823, 1], [54830, 1], [54836, 1], [54851, 1], [54874, 1], [54883, 1], [54889, 1], [54898, 1], [54907, 1], [54911, 1], [54913, 1], [54926, 1], [54953, 1], [54957, 1], [54958, 1], [54965, 1], [54968, 1], [54977, 1], [55005, 1], [55020, 1], [55021, 1], [55023, 2], [55024, 1], [55047, 1], [55055, 1], [55059, 1], [55065, 1], [55073, 1], [55079, 1], [55096, 1], [55115, 1], [55120, 1], [55125, 1], [55128, 1], [55134, 1], [55156, 1], [55192, 1], [55212, 1], [55217, 1], [55233, 1], [55239, 1], [55240, 1], [55257, 1], [55315, 1], [55325, 1], [55327, 1], [55354, 1], [55371, 1], [55389, 1], [55406, 1], [55409, 1], [55411, 1], [55424, 2], [55439, 1], [55459, 1], [55463, 1], [55469, 1], [55479, 1], [55481, 1], [55487, 1], [55494, 1], [55504, 1], [55509, 1], [55510, 1], [55516, 1], [55522, 1], [55541, 1], [55563, 1], [55593, 1], [55598, 1], [55600, 1], [55624, 1], [55627, 1], [55647, 2], [55666, 1], [55670, 1], [55689, 1], [55702, 1], [55703, 1], [55708, 1], [55723, 1], [55725, 1], [55727, 1], [55736, 1], [55761, 1], [55765, 1], [55768, 1], [55770, 1], [55777, 1], [55786, 1], [55790, 2], [55802, 1], [55813, 1], [55826, 1], [55832, 1], [55837, 1], [55841, 1], [55844, 1], [55860, 1], [55894, 1], [55907, 1], [55908, 1], [55931, 1], [55934, 1], [55938, 1], [55966, 1], [55990, 1], [56006, 2], [56016, 1], [56019, 1], [56033, 1], [56052, 1], [56055, 1], [56057, 1], [56070, 1], [56076, 1], [56091, 1], [56122, 2], [56160, 1], [56161, 1], [56165, 1], [56166, 1], [56172, 1], [56199, 1], [56210, 1], [56211, 1], [56226, 1], [56232, 1], [56236, 1], [56255, 1], [56259, 1], [56274, 1], [56284, 1], [56339, 1], [56341, 1], [56342, 2], [56349, 1], [56361, 1], [56370, 1], [56381, 1], [56389, 1], [56393, 1], [56396, 1], [56412, 1], [56414, 1], [56429, 1], [56437, 1], [56498, 2], [56507, 1], [56518, 1], [56526, 1], [56533, 1], [56548, 1], [56560, 1], [56622, 1], [56625, 1], [56635, 1], [56640, 1], [56646, 1], [56651, 1], [56653, 1], [56661, 1], [56668, 1], [56675, 1], [56677, 1], [56703, 1], [56713, 1], [56714, 1], [56767, 1], [56773, 1], [56774, 1], [56777, 1], [56787, 1], [56789, 1], [56806, 1], [56808, 1], [56810, 1], [56830, 1], [56838, 2], [56839, 1], [56841, 1], [56861, 1], [56884, 1], [56890, 1], [56903, 1], [56905, 1], [56924, 1], [56935, 1], [56937, 1], [56939, 1], [56940, 1], [56961, 1], [56975, 1], [56984, 1], [57005, 1], [57008, 1], [57015, 1], [57017, 1], [57022, 1], [57042, 1], [57044, 1], [57074, 1], [57079, 1], [57141, 1], [57160, 1], [57168, 1], [57178, 1], [57198, 1], [57210, 1], [57219, 1], [57221, 1], [57236, 1], [57242, 1], [57246, 1], [57253, 2], [57265, 1], [57269, 1], [57270, 1], [57282, 1], [57300, 1], [57322, 1], [57323, 1], [57325, 1], [57332, 1], [57354, 1], [57359, 1], [57376, 2], [57380, 1], [57384, 1], [57391, 1], [57415, 1], [57435, 1], [57448, 1], [57452, 1], [57502, 1], [57504, 1], [57517, 1], [57523, 1], [57563, 1], [57573, 1], [57576, 1], [57591, 1], [57596, 1], [57609, 1], [57610, 1], [57617, 1], [57632, 1], [57635, 1], [57657, 1], [57660, 1], [57662, 1], [57676, 1], [57681, 1], [57688, 1], [57691, 1], [57708, 1], [57725, 2], [57741, 1], [57749, 1], [57786, 1], [57799, 2], [57800, 1], [57802, 1], [57806, 1], [57813, 1], [57814, 1], [57817, 1], [57849, 1], [57859, 1], [57865, 1], [57871, 1], [57876, 1], [57888, 1], [57909, 2], [57916, 2], [57921, 1], [57947, 1], [57978, 1], [57980, 1], [57995, 1], [57999, 1], [58013, 1], [58027, 1], [58028, 1], [58029, 1], [58034, 1], [58036, 1], [58057, 1], [58097, 1], [58101, 1], [58158, 1], [58163, 1], [58175, 1], [58179, 1], [58233, 1], [58234, 1], [58238, 1], [58256, 1], [58264, 1], [58270, 1], [58319, 1], [58324, 1], [58328, 1], [58333, 1], [58335, 1], [58356, 1], [58364, 1], [58386, 1], [58402, 1], [58408, 1], [58409, 1], [58413, 1], [58460, 1], [58478, 1], [58494, 1], [58502, 1], [58523, 1], [58553, 1], [58561, 1], [58562, 1], [58569, 2], [58612, 2], [58615, 1], [58620, 1], [58622, 1], [58628, 1], [58635, 1], [58682, 1], [58686, 1], [58701, 1], [58704, 1], [58727, 1], [58732, 1], [58752, 1], [58756, 1], [58775, 1], [58786, 1], [58789, 1], [58790, 1], [58797, 1], [58802, 1], [58805, 1], [58812, 1], [58824, 1], [58853, 1], [58874, 1], [58894, 1], [58896, 1], [58905, 1], [58908, 1], [58911, 1], [58914, 1], [58937, 1], [58949, 1], [58957, 1], [58964, 1], [58965, 1], [58995, 1], [59037, 1], [59046, 1], [59052, 1], [59064, 1], [59086, 2], [59090, 1], [59116, 1], [59119, 1], [59122, 1], [59126, 1], [59141, 1], [59153, 1], [59187, 1], [59196, 1], [59205, 1], [59209, 1], [59221, 1], [59233, 1], [59238, 1], [59249, 1], [59262, 1], [59274, 1], [59279, 1], [59281, 1], [59284, 1], [59292, 1], [59308, 1], [59319, 1], [59330, 1], [59355, 1], [59364, 1], [59385, 1], [59387, 1], [59390, 1], [59396, 1], [59418, 1], [59448, 1], [59454, 1], [59458, 1], [59470, 1], [59479, 1], [59482, 1], [59505, 1], [59519, 1], [59537, 1], [59566, 1], [59574, 1], [59575, 1], [59582, 1], [59586, 1], [59600, 1], [59623, 1], [59625, 1], [59635, 1], [59638, 1], [59645, 1], [59656, 1], [59664, 1], [59667, 1], [59683, 1], [59688, 1], [59694, 1], [59726, 1], [59741, 1], [59745, 2], [59761, 1], [59764, 1], [59768, 1], [59786, 1], [59799, 1], [59822, 1], [59826, 1], [59857, 1], [59876, 1], [59877, 1], [59897, 1], [59901, 1], [59918, 1], [59924, 1], [59936, 1], [59939, 1], [59941, 1], [59944, 1], [59953, 1], [59965, 1], [59970, 1], [59981, 1], [59985, 1], [59987, 1], [60003, 1], [60011, 1], [60019, 1], [60052, 1], [60053, 1], [60073, 1], [60076, 1], [60087, 1], [60101, 1], [60109, 1], [60113, 1], [60173, 1], [60210, 1], [60268, 1], [60289, 1], [60301, 1], [60407, 1], [60416, 1], [60419, 1], [60421, 1], [60449, 1], [60458, 1], [60462, 1], [60475, 1], [60498, 1], [60500, 1], [60506, 1], [60554, 1], [60557, 1], [60563, 1], [60564, 1], [60578, 1], [60579, 1], [60583, 1], [60604, 1], [60605, 1], [60609, 1], [60628, 1], [60642, 1], [60661, 1], [60682, 1], [60683, 1], [60698, 1], [60704, 1], [60716, 1], [60718, 1], [60755, 1], [60786, 1], [60797, 1], [60827, 1], [60838, 1], [60843, 1], [60857, 1], [60867, 1], [60869, 2], [60882, 1], [60885, 1], [60902, 1], [60907, 1], [60912, 1], [60915, 1], [60927, 1], [60932, 1], [60961, 1], [60970, 1], [60987, 1], [60989, 1], [60994, 1], [60995, 1], [60998, 1], [61011, 1], [61028, 1], [61030, 1], [61031, 1], [61033, 1], [61058, 1], [61073, 1], [61077, 1], [61102, 1], [61110, 1], [61114, 1], [61122, 1], [61134, 1], [61148, 1], [61165, 1], [61172, 1], [61173, 1], [61180, 1], [61190, 1], [61197, 1], [61211, 1], [61213, 1], [61219, 1], [61225, 1], [61254, 1], [61264, 1], [61269, 1], [61275, 1], [61281, 1], [61287, 1], [61291, 1], [61295, 1], [61300, 1], [61306, 1], [61347, 1], [61352, 1], [61354, 1], [61355, 1], [61405, 2], [61419, 2], [61435, 1], [61441, 1], [61465, 1], [61493, 1], [61544, 1], [61546, 1], [61557, 1], [61580, 1], [61582, 1], [61591, 1], [61594, 1], [61608, 1], [61611, 1], [61614, 1], [61625, 1], [61658, 1], [61666, 1], [61714, 1], [61720, 1], [61721, 1], [61723, 1], [61733, 1], [61753, 2], [61788, 1], [61815, 1], [61822, 1], [61824, 1], [61870, 1], [61890, 1], [61925, 1], [61926, 1], [61948, 1], [61959, 1], [61985, 1], [61990, 1], [61998, 1], [62011, 1], [62021, 1], [62026, 1], [62028, 1], [62044, 1], [62077, 1], [62089, 1], [62102, 1], [62111, 1], [62115, 1], [62118, 1], [62147, 1], [62162, 1], [62170, 1], [62187, 1], [62188, 1], [62215, 1], [62220, 1], [62230, 1], [62244, 1], [62275, 1], [62276, 1], [62278, 1], [62281, 1], [62302, 1], [62319, 1], [62321, 1], [62323, 1], [62351, 1], [62353, 1], [62374, 1], [62387, 1], [62392, 1], [62394, 1], [62396, 1], [62423, 1], [62451, 1], [62452, 1], [62454, 1], [62462, 1], [62469, 1], [62470, 1], [62471, 1], [62472, 1], [62474, 1], [62481, 1], [62485, 1], [62497, 1], [62503, 1], [62520, 1], [62565, 1], [62576, 1], [62583, 1], [62591, 1], [62598, 1], [62602, 1], [62603, 1], [62615, 1], [62624, 1], [62630, 1], [62647, 1], [62657, 1], [62665, 1], [62686, 1], [62687, 1], [62696, 1], [62709, 1], [62721, 1], [62728, 1], [62731, 1], [62737, 1], [62754, 1], [62766, 1], [62767, 1], [62777, 1], [62779, 1], [62784, 1], [62785, 1], [62796, 1], [62819, 1], [62827, 1], [62851, 2], [62864, 2], [62872, 1], [62878, 1], [62885, 1], [62888, 1], [62896, 1], [62899, 1], [62918, 1], [62932, 1], [62938, 1], [62951, 1], [62977, 1], [63019, 1], [63034, 1], [63039, 1], [63050, 2], [63076, 1], [63079, 1], [63086, 1], [63098, 1], [63100, 1], [63106, 1], [63143, 1], [63157, 1], [63172, 1], [63188, 1], [63201, 1], [63230, 1], [63232, 1], [63238, 1], [63252, 1], [63261, 1], [63275, 1], [63280, 1], [63287, 1], [63293, 1], [63301, 1], [63306, 1], [63320, 1], [63330, 1], [63332, 1], [63333, 1], [63334, 1], [63342, 1], [63345, 1], [63348, 1], [63355, 1], [63360, 1], [63364, 1], [63376, 1], [63396, 1], [63410, 1], [63415, 1], [63420, 1], [63432, 1], [63442, 1], [63447, 2], [63452, 1], [63457, 1], [63458, 1], [63492, 1], [63533, 1], [63542, 1], [63546, 1], [63547, 1], [63549, 1], [63562, 1], [63575, 1], [63579, 1], [63593, 1], [63609, 1], [63616, 1], [63618, 1], [63621, 1], [63623, 1], [63630, 1], [63641, 1], [63646, 2], [63648, 1], [63675, 1], [63687, 1], [63706, 1], [63722, 1], [63725, 1], [63729, 2], [63730, 1], [63750, 1], [63770, 1], [63776, 1], [63791, 1], [63800, 1], [63801, 1], [63808, 1], [63811, 1], [63812, 1], [63819, 1], [63822, 1], [63833, 2], [63858, 1], [63898, 1], [63930, 1], [63933, 1], [63936, 1], [63959, 1], [63963, 1], [63980, 1], [63982, 1], [63998, 1], [64022, 1], [64048, 1], [64058, 1], [64061, 1], [64071, 1], [64074, 1], [64093, 1], [64098, 1], [64124, 2], [64149, 1], [64150, 1], [64162, 1], [64173, 1], [64174, 1], [64177, 1], [64231, 1], [64233, 1], [64236, 1], [64252, 1], [64253, 1], [64265, 1], [64270, 1], [64272, 1], [64281, 1], [64295, 1], [64296, 1], [64303, 1], [64304, 1], [64323, 1], [64326, 1], [64327, 1], [64356, 1], [64361, 1], [64380, 1], [64382, 1], [64410, 1], [64411, 1], [64429, 1], [64441, 1], [64444, 1], [64470, 1], [64488, 1], [64497, 1], [64498, 1], [64499, 1], [64502, 1], [64538, 1], [64553, 1], [64560, 1], [64571, 1], [64573, 1], [64577, 1], [64582, 1], [64621, 1], [64624, 1], [64628, 1], [64637, 1], [64642, 1], [64645, 1], [64653, 1], [64659, 1], [64665, 1], [64666, 1], [64667, 1], [64672, 1], [64686, 1], [64694, 1], [64699, 1], [64706, 1], [64724, 1], [64734, 1], [64738, 1], [64740, 1], [64744, 1], [64747, 1], [64753, 1], [64769, 1], [64773, 1], [64790, 1], [64791, 1], [64792, 1], [64807, 1], [64808, 1], [64813, 1], [64859, 1], [64868, 1], [64878, 1], [64910, 1], [64911, 2], [64919, 1], [64934, 1], [64936, 1], [64948, 1], [64950, 1], [64974, 1], [64992, 1], [64998, 1], [65006, 1], [65012, 1], [65050, 1], [65056, 1], [65062, 1], [65077, 1], [65078, 1], [65102, 1], [65109, 1], [65111, 1], [65126, 1], [65149, 1], [65150, 1], [65159, 1], [65169, 1], [65175, 1], [65183, 1], [65197, 1], [65198, 2], [65202, 1], [65205, 1], [65207, 1], [65218, 1], [65221, 1], [65224, 1], [65237, 1], [65240, 1], [65254, 1], [65264, 1], [65265, 1], [65267, 1], [65286, 1], [65291, 1], [65299, 1], [65305, 1], [65307, 1], [65308, 1], [65324, 1], [65327, 1], [65329, 1], [65349, 1], [65351, 1], [65358, 1], [65359, 1], [65364, 1], [65368, 1], [65369, 1], [65372, 1], [65380, 1], [65404, 2], [65439, 1], [65440, 1], [65449, 1], [65459, 1], [65461, 1], [65482, 1], [65483, 1], [65503, 1], [65514, 1], [65519, 1], [65524, 1], [65538, 1], [65554, 1], [65572, 1], [65575, 1], [65585, 1], [65589, 1], [65598, 1], [65617, 1], [65623, 1], [65633, 1], [65637, 1], [65642, 1], [65644, 1], [65661, 1], [65671, 1], [65673, 1], [65708, 1], [65712, 1], [65725, 1], [65744, 1], [65765, 1], [65768, 1], [65795, 1], [65800, 1], [65804, 1], [65822, 1], [65850, 1], [65858, 1], [65874, 1], [65888, 1], [65892, 1], [65894, 1], [65925, 1], [65946, 1], [66006, 1], [66017, 1], [66066, 2], [66107, 1], [66110, 1], [66114, 1], [66135, 1], [66137, 1], [66146, 2], [66147, 1], [66154, 1], [66174, 1], [66194, 1], [66195, 1], [66197, 1], [66204, 1], [66241, 1], [66272, 1], [66278, 1], [66286, 1], [66291, 1], [66293, 1], [66296, 1], [66299, 1], [66302, 1], [66303, 1], [66317, 1], [66319, 1], [66330, 1], [66337, 1], [66352, 1], [66356, 1], [66364, 1], [66368, 1], [66421, 1], [66439, 1], [66445, 2], [66449, 1], [66453, 1], [66459, 1], [66484, 2], [66488, 1], [66490, 1], [66499, 1], [66536, 1], [66538, 1], [66539, 1], [66547, 1], [66557, 1], [66602, 1], [66603, 1], [66620, 1], [66629, 1], [66655, 1], [66662, 1], [66665, 1], [66674, 1], [66676, 2], [66710, 1], [66715, 1], [66716, 1], [66721, 1], [66730, 1], [66732, 1], [66747, 1], [66750, 2], [66756, 1], [66765, 1], [66783, 1], [66786, 1], [66803, 1], [66811, 1], [66827, 1], [66831, 1], [66841, 1], [66846, 1], [66853, 1], [66861, 1], [66866, 1], [66873, 1], [66882, 1], [66928, 1], [66973, 1], [66993, 1], [66994, 1], [67001, 1], [67006, 1], [67007, 1], [67012, 1], [67040, 1], [67044, 1], [67050, 1], [67069, 2], [67086, 1], [67092, 1], [67095, 1], [67112, 1], [67138, 1], [67141, 1], [67147, 1], [67153, 1], [67156, 1], [67164, 1], [67171, 1], [67178, 1], [67180, 1], [67189, 1], [67207, 1], [67228, 1], [67237, 1], [67246, 1], [67302, 1], [67311, 1], [67316, 1], [67326, 2], [67333, 1], [67350, 1], [67377, 1], [67384, 1], [67392, 2], [67398, 1], [67426, 1], [67443, 1], [67450, 2], [67508, 1], [67541, 1], [67562, 1], [67579, 1], [67595, 1], [67602, 1], [67617, 1], [67620, 1], [67671, 1], [67683, 1], [67694, 1], [67710, 1], [67712, 1], [67713, 1], [67727, 1], [67749, 1], [67766, 1], [67796, 1], [67799, 1], [67806, 1], [67808, 1], [67820, 1], [67822, 1], [67824, 1], [67825, 1], [67834, 1], [67848, 1], [67869, 1], [67872, 1], [67883, 1], [67884, 1], [67891, 1], [67897, 1], [67904, 1], [67905, 1], [67907, 1], [67932, 1], [67958, 1], [67963, 1], [67974, 1], [67979, 2], [67997, 1], [68005, 1], [68017, 1], [68023, 1], [68026, 1], [68041, 1], [68045, 1], [68069, 1], [68083, 1], [68096, 1], [68104, 1], [68109, 1], [68140, 1], [68159, 1], [68168, 1], [68175, 1], [68188, 1], [68196, 1], [68207, 1], [68208, 1], [68209, 1], [68210, 1], [68214, 1], [68220, 1], [68247, 1], [68272, 1], [68312, 1], [68330, 2], [68341, 1], [68348, 1], [68349, 1], [68351, 1], [68361, 1], [68374, 1], [68383, 1], [68385, 1], [68393, 1], [68396, 1], [68400, 1], [68421, 1], [68422, 1], [68441, 1], [68444, 1], [68454, 1], [68461, 1], [68468, 1], [68469, 1], [68512, 1], [68535, 1], [68546, 1], [68552, 1], [68553, 1], [68567, 1], [68571, 1], [68578, 1], [68599, 1], [68603, 1], [68624, 1], [68638, 1], [68641, 1], [68645, 1], [68661, 1], [68663, 1], [68664, 1], [68690, 1], [68692, 1], [68697, 1], [68713, 1], [68740, 1], [68767, 1], [68771, 1], [68782, 1], [68783, 2], [68789, 1], [68794, 1], [68809, 1], [68810, 1], [68858, 1], [68859, 1], [68862, 1], [68883, 1], [68886, 1], [68892, 1], [68955, 1], [68959, 1], [68984, 1], [69032, 1], [69033, 1], [69034, 1], [69037, 1], [69052, 1], [69068, 2], [69076, 1], [69078, 1], [69086, 1], [69088, 1], [69097, 1], [69137, 1], [69159, 1], [69163, 1], [69166, 1], [69170, 1], [69175, 1], [69186, 1], [69195, 1], [69200, 2], [69209, 1], [69212, 1], [69224, 1], [69246, 1], [69251, 1], [69272, 1], [69286, 1], [69297, 1], [69308, 1], [69313, 1], [69317, 1], [69333, 1], [69340, 1], [69349, 1], [69350, 1], [69368, 2], [69428, 1], [69430, 1], [69452, 1], [69464, 1], [69465, 1], [69481, 1], [69483, 1], [69485, 1], [69504, 1], [69505, 1], [69509, 1], [69516, 1], [69524, 1], [69532, 1], [69539, 1], [69560, 2], [69570, 1], [69581, 1], [69583, 1], [69586, 1], [69604, 1], [69608, 1], [69611, 1], [69612, 1], [69618, 1], [69640, 1], [69642, 1], [69649, 1], [69658, 1], [69660, 1], [69669, 1], [69670, 1], [69675, 1], [69682, 1], [69712, 1], [69717, 1], [69735, 1], [69740, 1], [69742, 1], [69772, 1], [69782, 1], [69791, 1], [69798, 1], [69814, 1], [69818, 1], [69832, 1], [69849, 1], [69856, 1], [69860, 1], [69861, 1], [69889, 1], [69899, 1], [69922, 1], [69924, 1], [69932, 1], [69949, 1], [69959, 1], [69960, 1], [69965, 1], [69969, 1], [70000, 1], [70002, 1], [70008, 1], [70009, 1], [70017, 1], [70022, 1], [70033, 1], [70052, 1], [70064, 1], [70065, 1], [70072, 1], [70092, 1], [70095, 1], [70098, 1], [70122, 1], [70123, 1], [70136, 1], [70141, 1], [70152, 1], [70167, 1], [70174, 1], [70205, 1], [70211, 1], [70221, 1], [70224, 1], [70232, 1], [70248, 1], [70253, 1], [70256, 1], [70258, 1], [70290, 1], [70292, 1], [70293, 1], [70311, 1], [70313, 1], [70319, 1], [70323, 1], [70328, 1], [70329, 1], [70331, 1], [70335, 1], [70343, 1], [70352, 1], [70356, 1], [70364, 1], [70365, 1], [70366, 1], [70368, 1], [70379, 1], [70388, 1], [70394, 1], [70396, 1], [70407, 1], [70413, 1], [70425, 1], [70426, 1], [70450, 1], [70451, 2], [70500, 1], [70503, 1], [70505, 1], [70534, 2], [70575, 1], [70594, 1], [70601, 1], [70667, 1], [70682, 1], [70688, 1], [70693, 1], [70707, 1], [70716, 1], [70722, 1], [70725, 1], [70728, 1], [70742, 1], [70749, 1], [70753, 1], [70763, 1], [70786, 1], [70792, 1], [70810, 1], [70815, 1], [70826, 1], [70839, 1], [70850, 1], [70855, 1], [70857, 1], [70867, 1], [70894, 1], [70970, 2], [70986, 1], [70992, 1], [71010, 1], [71021, 1], [71043, 1], [71045, 1], [71047, 1], [71053, 1], [71059, 1], [71068, 1], [71083, 1], [71096, 1], [71106, 1], [71114, 1], [71116, 1], [71129, 1], [71135, 1], [71137, 1], [71167, 1], [71184, 1], [71190, 1], [71197, 1], [71198, 1], [71223, 1], [71225, 1], [71247, 1], [71250, 1], [71264, 1], [71273, 1], [71283, 1], [71289, 1], [71292, 1], [71299, 1], [71302, 1], [71304, 1], [71344, 1], [71346, 1], [71370, 1], [71372, 1], [71377, 1], [71379, 1], [71386, 1], [71387, 1], [71403, 1], [71416, 1], [71441, 1], [71449, 1], [71450, 1], [71460, 1], [71480, 1], [71497, 1], [71519, 1], [71526, 1], [71534, 1], [71541, 1], [71551, 1], [71564, 1], [71565, 1], [71571, 1], [71608, 1], [71622, 1], [71658, 1], [71659, 1], [71683, 1], [71685, 1], [71687, 1], [71690, 1], [71693, 1], [71710, 1], [71765, 1], [71780, 1], [71807, 1], [71812, 2], [71815, 1], [71845, 1], [71852, 1], [71879, 1], [71889, 1], [71891, 1], [71899, 1], [71921, 1], [71925, 1], [71944, 1], [71949, 1], [71951, 1], [71972, 2], [71977, 1], [71987, 1], [71995, 1], [72004, 1], [72024, 1], [72048, 1], [72051, 1], [72060, 1], [72064, 1], [72079, 1], [72081, 1], [72095, 1], [72107, 1], [72111, 1], [72130, 1], [72132, 1], [72140, 1], [72144, 1], [72155, 1], [72167, 1], [72174, 1], [72180, 1], [72181, 1], [72183, 1], [72194, 1], [72195, 1], [72208, 1], [72209, 1], [72211, 1], [72213, 1], [72221, 1], [72223, 1], [72225, 1], [72229, 1], [72238, 1], [72245, 1], [72253, 1], [72263, 1], [72276, 1], [72300, 1], [72320, 1], [72326, 1], [72366, 1], [72398, 1], [72402, 1], [72404, 1], [72411, 1], [72416, 1], [72438, 1], [72446, 1], [72450, 1], [72461, 1], [72475, 1], [72491, 2], [72512, 1], [72513, 1], [72557, 1], [72559, 1], [72561, 1], [72577, 1], [72599, 1], [72605, 1], [72615, 1], [72616, 1], [72620, 1], [72628, 1], [72686, 1], [72712, 1], [72763, 1], [72768, 1], [72784, 1], [72799, 1], [72823, 1], [72830, 1], [72836, 1], [72838, 1], [72839, 1], [72843, 1], [72862, 1], [72868, 1], [72875, 1], [72885, 1], [72920, 1], [72925, 1], [72967, 1], [73003, 1], [73010, 1], [73046, 1], [73061, 1], [73069, 1], [73101, 1], [73109, 1], [73114, 1], [73124, 1], [73147, 1], [73161, 1], [73170, 1], [73190, 1], [73192, 1], [73198, 1], [73211, 1], [73229, 1], [73253, 1], [73257, 1], [73266, 1], [73279, 1], [73301, 1], [73311, 1], [73324, 1], [73325, 1], [73336, 1], [73346, 1], [73354, 1], [73356, 1], [73375, 1], [73386, 1], [73389, 1], [73412, 1], [73415, 1], [73429, 1], [73437, 1], [73469, 1], [73473, 1], [73480, 1], [73516, 1], [73520, 1], [73527, 1], [73531, 1], [73532, 1], [73537, 1], [73556, 2], [73565, 1], [73589, 2], [73598, 1], [73603, 1], [73606, 1], [73618, 1], [73620, 1], [73627, 1], [73630, 1], [73647, 1], [73694, 1], [73728, 1], [73730, 1], [73731, 1], [73733, 1], [73743, 1], [73771, 1], [73774, 1], [73775, 1], [73780, 1], [73811, 1], [73815, 1], [73828, 1], [73848, 1], [73849, 1], [73869, 1], [73874, 1], [73893, 1], [73895, 1], [73916, 1], [73922, 1], [73950, 1], [73956, 1], [73964, 1], [73975, 1], [73985, 1], [73990, 1], [74000, 1], [74017, 1], [74068, 1], [74072, 1], [74075, 1], [74099, 1], [74110, 1], [74136, 1], [74139, 1], [74147, 1], [74148, 1], [74152, 1], [74154, 1], [74162, 1], [74169, 1], [74197, 1], [74209, 1], [74231, 1], [74241, 1], [74242, 1], [74243, 1], [74252, 1], [74269, 1], [74276, 1], [74280, 1], [74286, 1], [74297, 1], [74306, 1], [74348, 1], [74374, 2], [74390, 1], [74408, 1], [74412, 1], [74417, 1], [74418, 1], [74451, 1], [74455, 1], [74461, 1], [74479, 1], [74487, 1], [74497, 1], [74502, 1], [74557, 1], [74585, 1], [74597, 1], [74602, 1], [74607, 1], [74608, 1], [74616, 1], [74618, 1], [74636, 1], [74642, 1], [74657, 1], [74672, 1], [74685, 1], [74699, 1], [74730, 1], [74746, 1], [74778, 1], [74802, 1], [74820, 1], [74830, 1], [74841, 1], [74848, 1], [74860, 1], [74868, 1], [74888, 1], [74890, 1], [74893, 1], [74904, 1], [74925, 1], [74927, 1], [74939, 1], [74985, 1], [74996, 1], [74997, 1], [75025, 1], [75051, 1], [75052, 1], [75054, 1], [75055, 2], [75056, 1], [75109, 1], [75112, 1], [75143, 1], [75160, 1], [75216, 1], [75220, 1], [75239, 1], [75256, 1], [75262, 1], [75278, 1], [75308, 1], [75315, 1], [75354, 1], [75355, 1], [75373, 1], [75376, 1], [75381, 1], [75388, 1], [75399, 1], [75430, 1], [75441, 1], [75459, 1], [75478, 1], [75489, 1], [75519, 1], [75523, 1], [75530, 1], [75539, 1], [75544, 1], [75554, 1], [75557, 1], [75558, 1], [75565, 2], [75566, 1], [75583, 1], [75586, 1], [75608, 1], [75619, 1], [75621, 1], [75628, 1], [75639, 1], [75642, 1], [75649, 1], [75697, 1], [75760, 1], [75767, 1], [75774, 1], [75818, 1], [75849, 2], [75852, 1], [75856, 1], [75867, 2], [75876, 1], [75886, 1], [75892, 1], [75900, 1], [75912, 1], [75925, 1], [75933, 1], [75934, 1], [75939, 1], [75945, 1], [75946, 1], [75953, 1], [75962, 1], [75971, 1], [75976, 1], [75993, 1], [75995, 1], [75999, 1], [76009, 1], [76020, 1], [76034, 1], [76044, 1], [76048, 1], [76086, 1], [76087, 1], [76090, 1], [76093, 1], [76111, 1], [76116, 1], [76135, 1], [76138, 1], [76145, 1], [76151, 1], [76181, 1], [76191, 1], [76201, 1], [76202, 1], [76207, 1], [76214, 1], [76217, 1], [76262, 1], [76264, 1], [76270, 1], [76290, 1], [76342, 1], [76368, 1], [76393, 1], [76416, 1], [76417, 1], [76434, 1], [76458, 1], [76502, 1], [76508, 1], [76532, 1], [76558, 1], [76562, 1], [76591, 1], [76629, 1], [76648, 1], [76654, 1], [76660, 1], [76671, 2], [76694, 1], [76705, 1], [76707, 1], [76715, 1], [76748, 1], [76757, 1], [76775, 1], [76783, 1], [76793, 1], [76810, 1], [76817, 1], [76845, 1], [76879, 1], [76895, 1], [76901, 1], [76902, 1], [76920, 1], [76935, 1], [76943, 1], [76944, 1], [76949, 1], [76952, 2], [76957, 1], [76959, 1], [76980, 1], [76986, 1], [76995, 1], [77031, 1], [77032, 1], [77051, 1], [77103, 1], [77114, 1], [77125, 1], [77129, 1], [77145, 2], [77148, 1], [77166, 1], [77169, 1], [77170, 1], [77171, 1], [77176, 1], [77177, 1], [77194, 1], [77209, 1], [77223, 1], [77239, 1], [77289, 1], [77291, 1], [77300, 1], [77305, 1], [77307, 1], [77314, 1], [77322, 1], [77332, 1], [77334, 1], [77338, 1], [77340, 1], [77341, 1], [77354, 2], [77357, 1], [77376, 1], [77379, 1], [77383, 1], [77399, 1], [77404, 1], [77455, 1], [77483, 2], [77488, 1], [77501, 1], [77505, 1], [77520, 1], [77522, 1], [77525, 1], [77531, 1], [77540, 1], [77553, 1], [77564, 1], [77572, 1], [77585, 1], [77588, 1], [77621, 2], [77626, 1], [77656, 1], [77665, 1], [77668, 1], [77677, 1], [77678, 1], [77682, 1], [77711, 1], [77721, 1], [77726, 1], [77746, 1], [77748, 1], [77764, 1], [77801, 1], [77818, 1], [77823, 1], [77852, 1], [77853, 1], [77878, 1], [77882, 1], [77908, 1], [77910, 2], [77913, 1], [77927, 1], [77951, 1], [77976, 1], [77981, 1], [77982, 1], [77983, 1], [77987, 1], [77992, 1], [78001, 2], [78009, 1], [78011, 1], [78017, 1], [78019, 1], [78031, 1], [78033, 1], [78034, 1], [78044, 1], [78052, 1], [78067, 1], [78072, 1], [78082, 1], [78126, 1], [78146, 1], [78153, 1], [78169, 1], [78177, 1], [78192, 1], [78214, 1], [78219, 1], [78266, 1], [78287, 1], [78296, 1], [78319, 1], [78324, 1], [78329, 2], [78336, 1], [78339, 1], [78409, 1], [78440, 1], [78444, 1], [78454, 1], [78467, 1], [78473, 1], [78484, 1], [78497, 1], [78499, 1], [78509, 1], [78526, 1], [78539, 1], [78557, 1], [78569, 1], [78574, 1], [78595, 1], [78597, 1], [78643, 1], [78658, 2], [78677, 1], [78678, 1], [78692, 1], [78705, 1], [78721, 1], [78777, 1], [78783, 1], [78784, 1], [78819, 1], [78841, 1], [78846, 1], [78849, 1], [78899, 2], [78900, 1], [78902, 1], [78943, 1], [78944, 1], [78946, 1], [78954, 1], [78970, 1], [78976, 1], [78983, 1], [78987, 1], [78991, 1], [78993, 1], [78996, 1], [79000, 1], [79004, 1], [79019, 1], [79025, 1], [79033, 1], [79035, 1], [79037, 1], [79052, 1], [79063, 1], [79130, 1], [79138, 1], [79146, 1], [79147, 1], [79179, 1], [79195, 1], [79196, 1], [79198, 1], [79221, 1], [79229, 1], [79244, 1], [79250, 1], [79309, 1], [79315, 1], [79330, 1], [79357, 1], [79366, 1], [79367, 1], [79375, 1], [79377, 1], [79401, 1], [79415, 1], [79416, 1], [79417, 1], [79427, 2], [79461, 1], [79481, 1], [79489, 1], [79512, 1], [79513, 1], [79515, 1], [79517, 1], [79532, 1], [79537, 1], [79538, 1], [79542, 1], [79543, 1], [79549, 1], [79562, 1], [79601, 1], [79628, 1], [79640, 1], [79651, 1], [79658, 1], [79664, 1], [79683, 1], [79684, 1], [79691, 1], [79718, 1], [79731, 1], [79735, 1], [79736, 2], [79737, 1], [79738, 1], [79744, 1], [79747, 1], [79752, 1], [79765, 1], [79778, 1], [79779, 2], [79780, 1], [79815, 1], [79832, 1], [79841, 1], [79847, 1], [79853, 1], [79864, 2], [79865, 1], [79876, 1], [79877, 1], [79885, 1], [79894, 2], [79896, 1], [79898, 1], [79925, 1], [79930, 1], [79932, 1], [79941, 1], [79944, 1], [79963, 1], [79969, 1], [79974, 1], [79992, 1], [79993, 1], [79994, 1], [80031, 1], [80040, 1], [80047, 1], [80053, 1], [80063, 1], [80068, 1], [80072, 1], [80085, 1], [80092, 1], [80113, 1], [80124, 1], [80135, 1], [80137, 1], [80141, 1], [80145, 1], [80148, 1], [80160, 1], [80178, 1], [80189, 1], [80202, 1], [80224, 1], [80225, 1], [80246, 1], [80289, 1], [80302, 2], [80309, 1], [80311, 1], [80317, 1], [80326, 1], [80344, 1], [80357, 1], [80365, 1], [80389, 1], [80399, 1], [80401, 1], [80423, 1], [80443, 1], [80455, 1], [80464, 1], [80482, 1], [80484, 1], [80492, 1], [80502, 1], [80510, 1], [80514, 1], [80547, 1], [80549, 1], [80571, 1], [80577, 1], [80581, 1], [80588, 1], [80589, 1], [80606, 1], [80612, 1], [80621, 1], [80625, 1], [80646, 1], [80650, 1], [80651, 1], [80665, 1], [80701, 1], [80723, 1], [80753, 1], [80759, 1], [80766, 1], [80785, 1], [80794, 1], [80796, 1], [80801, 1], [80813, 1], [80835, 1], [80860, 1], [80862, 1], [80873, 1], [80875, 1], [80877, 1], [80879, 1], [80880, 1], [80884, 1], [80887, 1], [80904, 1], [80920, 1], [80928, 1], [80936, 1], [80949, 1], [80953, 1], [80957, 1], [81000, 1], [81049, 1], [81066, 1], [81071, 1], [81073, 1], [81074, 1], [81095, 1], [81111, 1], [81114, 2], [81119, 1], [81137, 1], [81144, 1], [81145, 1], [81160, 1], [81163, 1], [81167, 1], [81175, 1], [81187, 1], [81188, 1], [81222, 1], [81242, 1], [81258, 1], [81267, 1], [81280, 1], [81288, 1], [81290, 1], [81302, 1], [81319, 1], [81332, 1], [81343, 1], [81344, 1], [81363, 1], [81378, 1], [81389, 1], [81390, 1], [81418, 1], [81434, 1], [81435, 1], [81437, 1], [81485, 1], [81491, 1], [81513, 1], [81528, 1], [81534, 1], [81565, 1], [81578, 1], [81587, 1], [81590, 1], [81591, 1], [81603, 1], [81608, 1], [81641, 2], [81642, 1], [81660, 1], [81667, 1], [81682, 1], [81703, 1], [81706, 1], [81710, 1], [81711, 1], [81730, 1], [81732, 1], [81747, 1], [81760, 1], [81766, 2], [81774, 1], [81775, 1], [81813, 1], [81815, 1], [81851, 1], [81873, 1], [81884, 1], [81887, 1], [81895, 1], [81939, 1], [81949, 1], [81965, 1], [81978, 1], [81991, 1], [81997, 1], [81998, 1], [82013, 1], [82015, 1], [82045, 1], [82051, 1], [82058, 1], [82060, 1], [82078, 1], [82082, 1], [82098, 1], [82109, 1], [82111, 1], [82112, 1], [82115, 1], [82122, 1], [82139, 1], [82157, 2], [82165, 1], [82176, 1], [82177, 1], [82186, 1], [82187, 1], [82189, 1], [82195, 1], [82196, 1], [82203, 1], [82225, 1], [82248, 1], [82289, 1], [82292, 1], [82299, 1], [82326, 1], [82339, 1], [82344, 1], [82346, 1], [82371, 1], [82375, 1], [82387, 1], [82388, 1], [82404, 1], [82415, 1], [82461, 1], [82467, 1], [82473, 1], [82487, 1], [82493, 1], [82503, 1], [82527, 1], [82528, 1], [82531, 1], [82567, 1], [82572, 1], [82574, 1], [82580, 1], [82615, 1], [82619, 1], [82621, 2], [82628, 1], [82651, 1], [82662, 1], [82691, 1], [82698, 1], [82704, 2], [82715, 1], [82719, 1], [82726, 1], [82750, 1], [82764, 1], [82780, 1], [82808, 1], [82809, 1], [82842, 1], [82845, 1], [82851, 1], [82885, 1], [82896, 1], [82900, 1], [82902, 2], [82904, 1], [82909, 1], [82917, 1], [82928, 1], [82934, 1], [82940, 1], [82944, 1], [82948, 1], [82950, 1], [82996, 1], [83006, 1], [83012, 1], [83022, 1], [83035, 1], [83048, 1], [83051, 1], [83052, 1], [83103, 1], [83127, 1], [83128, 1], [83135, 1], [83145, 1], [83155, 1], [83157, 1], [83166, 1], [83178, 1], [83184, 1], [83191, 1], [83193, 1], [83201, 1], [83261, 1], [83275, 1], [83279, 1], [83295, 1], [83299, 1], [83323, 1], [83338, 1], [83341, 1], [83352, 1], [83372, 1], [83379, 1], [83387, 1], [83399, 1], [83407, 1], [83422, 1], [83427, 1], [83436, 1], [83511, 1], [83521, 1], [83529, 1], [83533, 1], [83552, 1], [83565, 1], [83608, 1], [83611, 1], [83614, 1], [83615, 1], [83616, 1], [83622, 1], [83628, 2], [83636, 1], [83656, 1], [83674, 1], [83691, 1], [83694, 1], [83700, 1], [83716, 1], [83720, 1], [83729, 1], [83732, 1], [83759, 1], [83762, 1], [83769, 1], [83772, 1], [83786, 1], [83824, 1], [83837, 1], [83839, 1], [83864, 1], [83870, 1], [83886, 1], [83896, 1], [83908, 1], [83911, 1], [83936, 1], [83965, 1], [83971, 1], [83988, 1], [84006, 1], [84007, 1], [84011, 1], [84012, 1], [84015, 1], [84035, 1], [84044, 1], [84054, 1], [84059, 1], [84067, 1], [84070, 1], [84074, 1], [84107, 1], [84112, 1], [84114, 1], [84133, 1], [84166, 1], [84241, 1], [84261, 1], [84262, 1], [84264, 1], [84275, 1], [84278, 1], [84303, 1], [84316, 1], [84325, 1], [84328, 1], [84334, 1], [84345, 1], [84353, 1], [84359, 1], [84363, 1], [84405, 1], [84426, 1], [84434, 1], [84435, 1], [84455, 1], [84483, 1], [84488, 1], [84537, 1], [84541, 1], [84543, 1], [84547, 1], [84548, 1], [84593, 1], [84600, 1], [84607, 1], [84611, 1], [84627, 1], [84641, 2], [84643, 1], [84644, 1], [84651, 1], [84653, 1], [84663, 1], [84666, 1], [84669, 1], [84700, 1], [84707, 1], [84727, 1], [84741, 1], [84753, 1], [84755, 1], [84767, 1], [84829, 1], [84831, 1], [84832, 1], [84848, 2], [84868, 1], [84878, 1], [84881, 1], [84884, 1], [84893, 1], [84894, 1], [84913, 1], [84934, 1], [84948, 1], [84967, 1], [84968, 1], [84999, 1], [85000, 1], [85016, 1], [85040, 1], [85045, 2], [85052, 1], [85059, 1], [85061, 1], [85106, 1], [85109, 1], [85114, 1], [85118, 1], [85130, 1], [85143, 1], [85150, 1], [85159, 1], [85162, 1], [85171, 1], [85185, 1], [85218, 1], [85228, 1], [85254, 1], [85267, 1], [85294, 1], [85295, 1], [85305, 1], [85354, 1], [85355, 1], [85360, 1], [85363, 2], [85365, 1], [85371, 1], [85403, 1], [85406, 1], [85427, 1], [85443, 1], [85456, 1], [85461, 1], [85487, 1], [85495, 1], [85513, 1], [85531, 1], [85540, 1], [85550, 1], [85557, 1], [85564, 1], [85566, 1], [85569, 1], [85590, 1], [85614, 1], [85615, 1], [85635, 1], [85637, 1], [85673, 2], [85679, 1], [85682, 1], [85694, 1], [85705, 1], [85711, 1], [85720, 1], [85726, 1], [85758, 1], [85765, 1], [85784, 1], [85802, 1], [85816, 1], [85831, 1], [85836, 1], [85856, 1], [85857, 1], [85862, 1], [85869, 1], [85879, 1], [85888, 1], [85892, 1], [85895, 1], [85902, 1], [85908, 2], [85959, 1], [85961, 1], [85967, 1], [85969, 1], [85976, 1], [85988, 1], [86003, 1], [86036, 1], [86039, 1], [86050, 1], [86079, 1], [86104, 1], [86111, 1], [86144, 1], [86150, 1], [86158, 1], [86174, 1], [86175, 1], [86211, 1], [86213, 1], [86220, 1], [86227, 1], [86228, 1], [86261, 2], [86286, 1], [86303, 1], [86336, 1], [86340, 1], [86344, 1], [86349, 1], [86364, 1], [86443, 1], [86454, 1], [86459, 1], [86462, 1], [86493, 1], [86515, 1], [86534, 1], [86589, 1], [86608, 1], [86611, 1], [86624, 1], [86682, 2], [86692, 1], [86698, 1], [86719, 1], [86724, 1], [86738, 1], [86746, 1], [86759, 1], [86761, 1], [86766, 1], [86772, 1], [86795, 1], [86796, 1], [86798, 1], [86805, 1], [86827, 1], [86834, 1], [86855, 1], [86880, 1], [86884, 1], [86885, 1], [86894, 1], [86915, 1], [86921, 1], [86924, 1], [86969, 1], [86975, 1], [86976, 1], [86977, 1], [86986, 1], [87000, 1], [87018, 1], [87019, 1], [87050, 1], [87053, 1], [87065, 1], [87081, 1], [87095, 1], [87107, 1], [87108, 1], [87147, 1], [87153, 1], [87181, 1], [87239, 1], [87260, 1], [87265, 1], [87269, 1], [87276, 3], [87278, 1], [87282, 1], [87287, 1], [87330, 1], [87369, 1], [87392, 1], [87393, 1], [87403, 1], [87411, 1], [87414, 1], [87421, 1], [87446, 1], [87467, 1], [87469, 1], [87484, 1], [87490, 1], [87525, 1], [87527, 1], [87541, 1], [87547, 1], [87548, 1], [87559, 1], [87573, 1], [87593, 1], [87614, 1], [87621, 1], [87639, 2], [87646, 1], [87654, 1], [87684, 1], [87685, 1], [87688, 1], [87692, 1], [87694, 1], [87695, 1], [87697, 1], [87734, 1], [87776, 1], [87790, 1], [87797, 2], [87800, 1], [87801, 1], [87812, 1], [87820, 1], [87838, 1], [87842, 1], [87857, 1], [87864, 1], [87868, 1], [87876, 1], [87877, 1], [87892, 1], [87908, 1], [87909, 1], [87921, 1], [87946, 1], [87982, 1], [87987, 1], [88012, 1], [88017, 1], [88039, 1], [88048, 1], [88050, 1], [88084, 2], [88091, 1], [88094, 1], [88100, 1], [88102, 1], [88109, 1], [88120, 1], [88124, 1], [88128, 1], [88196, 1], [88197, 1], [88203, 1], [88205, 1], [88208, 1], [88231, 1], [88240, 1], [88249, 1], [88250, 1], [88254, 1], [88325, 1], [88335, 1], [88337, 1], [88339, 1], [88363, 1], [88377, 1], [88379, 1], [88393, 1], [88405, 1], [88415, 1], [88417, 1], [88419, 1], [88423, 1], [88442, 1], [88468, 1], [88478, 1], [88486, 1], [88501, 1], [88508, 1], [88515, 1], [88518, 1], [88519, 1], [88526, 1], [88548, 1], [88549, 1], [88556, 1], [88617, 1], [88618, 1], [88636, 1], [88665, 1], [88669, 1], [88673, 1], [88675, 1], [88684, 1], [88699, 1], [88708, 1], [88713, 2], [88726, 1], [88751, 1], [88777, 1], [88783, 1], [88814, 1], [88837, 1], [88843, 1], [88847, 1], [88850, 1], [88858, 1], [88864, 1], [88880, 1], [88882, 1], [88889, 1], [88910, 1], [88917, 1], [88944, 1], [88951, 1], [88955, 1], [88956, 2], [88957, 1], [88960, 1], [88968, 1], [88969, 1], [88984, 1], [89012, 1], [89018, 1], [89023, 2], [89027, 1], [89048, 1], [89052, 1], [89080, 1], [89086, 1], [89093, 1], [89099, 1], [89100, 1], [89124, 1], [89135, 1], [89166, 1], [89175, 1], [89177, 1], [89201, 1], [89236, 1], [89240, 1], [89258, 1], [89273, 1], [89279, 1], [89335, 1], [89341, 1], [89354, 1], [89411, 1], [89421, 1], [89426, 1], [89455, 1], [89474, 2], [89484, 1], [89488, 1], [89496, 1], [89502, 1], [89506, 1], [89511, 1], [89541, 1], [89548, 1], [89565, 1], [89590, 1], [89596, 1], [89598, 1], [89602, 2], [89603, 1], [89607, 1], [89628, 1], [89636, 1], [89654, 1], [89667, 1], [89713, 1], [89717, 1], [89761, 1], [89779, 1], [89800, 1], [89810, 1], [89811, 1], [89819, 1], [89837, 1], [89843, 1], [89848, 1], [89850, 1], [89878, 1], [89927, 1], [89933, 1], [89938, 1], [89975, 1], [89984, 1], [89985, 1], [90006, 1], [90007, 1], [90010, 1], [90019, 1], [90027, 1], [90063, 1], [90067, 1], [90111, 1], [90129, 1], [90137, 1], [90141, 1], [90144, 1], [90147, 1], [90150, 1], [90182, 1], [90199, 1], [90237, 1], [90275, 1], [90280, 1], [90286, 1], [90290, 1], [90328, 1], [90329, 1], [90343, 1], [90345, 1], [90354, 1], [90355, 1], [90383, 1], [90385, 1], [90395, 1], [90398, 1], [90421, 1], [90430, 1], [90431, 1], [90438, 1], [90441, 1], [90452, 1], [90455, 1], [90468, 1], [90469, 1], [90477, 2], [90508, 1], [90509, 1], [90510, 1], [90512, 1], [90517, 1], [90554, 1], [90561, 1], [90578, 1], [90582, 2], [90600, 1], [90604, 1], [90624, 1], [90629, 1], [90635, 1], [90655, 1], [90661, 1], [90674, 1], [90688, 1], [90731, 1], [90736, 1], [90739, 1], [90744, 1], [90778, 1], [90804, 1], [90811, 1], [90827, 1], [90830, 1], [90846, 1], [90882, 1], [90887, 1], [90894, 1], [90903, 1], [90919, 1], [90925, 1], [90930, 1], [90959, 1], [90962, 1], [90966, 1], [90977, 1], [90997, 1], [91027, 1], [91044, 1], [91056, 1], [91058, 1], [91070, 2], [91071, 1], [91080, 1], [91082, 1], [91090, 1], [91092, 1], [91094, 1], [91100, 1], [91119, 1], [91124, 1], [91131, 1], [91134, 1], [91142, 1], [91151, 1], [91156, 1], [91158, 1], [91180, 1], [91197, 1], [91204, 1], [91209, 1], [91222, 1], [91228, 1], [91236, 1], [91241, 1], [91244, 1], [91248, 1], [91258, 1], [91267, 2], [91272, 1], [91284, 1], [91308, 1], [91324, 1], [91335, 1], [91348, 1], [91359, 1], [91371, 1], [91377, 1], [91383, 1], [91387, 1], [91392, 1], [91393, 1], [91394, 1], [91398, 1], [91422, 1], [91424, 1], [91426, 1], [91430, 1], [91437, 1], [91455, 1], [91484, 1], [91497, 1], [91498, 1], [91544, 1], [91554, 1], [91563, 1], [91570, 1], [91571, 1], [91573, 1], [91578, 1], [91583, 1], [91584, 1], [91586, 1], [91590, 1], [91614, 1], [91639, 1], [91641, 1], [91647, 1], [91650, 1], [91651, 1], [91656, 1], [91688, 2], [91718, 1], [91719, 1], [91726, 1], [91756, 1], [91758, 1], [91766, 1], [91770, 1], [91777, 2], [91792, 1], [91801, 1], [91810, 1], [91811, 2], [91814, 1], [91831, 1], [91832, 1], [91836, 1], [91846, 1], [91858, 1], [91877, 1], [91885, 1], [91889, 1], [91892, 1], [91919, 1], [91920, 1], [91926, 1], [91928, 1], [91929, 1], [91933, 1], [91934, 1], [91936, 1], [91938, 1], [91942, 1], [91953, 2], [91964, 1], [91970, 2], [91985, 1], [92006, 1], [92011, 1], [92024, 1], [92025, 1], [92029, 1], [92037, 1], [92057, 1], [92059, 1], [92064, 1], [92091, 1], [92095, 1], [92114, 1], [92127, 1], [92132, 1], [92162, 1], [92185, 1], [92206, 1], [92209, 1], [92232, 1], [92274, 1], [92282, 1], [92284, 1], [92311, 1], [92313, 1], [92341, 1], [92345, 1], [92358, 1], [92363, 1], [92405, 2], [92420, 1], [92436, 1], [92454, 1], [92470, 1], [92475, 1], [92488, 1], [92520, 1], [92541, 1], [92567, 1], [92595, 1], [92600, 1], [92613, 1], [92625, 1], [92650, 1], [92666, 1], [92672, 1], [92682, 1], [92686, 1], [92687, 1], [92697, 2], [92703, 1], [92704, 1], [92705, 1], [92712, 1], [92716, 1], [92718, 1], [92728, 1], [92730, 1], [92741, 1], [92744, 1], [92776, 1], [92800, 1], [92820, 1], [92832, 1], [92852, 1], [92854, 1], [92863, 1], [92897, 1], [92900, 2], [92902, 1], [92939, 1], [92966, 1], [92986, 1], [93006, 1], [93030, 1], [93031, 1], [93038, 1], [93049, 1], [93062, 1], [93081, 1], [93087, 1], [93096, 1], [93101, 1], [93102, 1], [93109, 1], [93147, 1], [93151, 1], [93160, 1], [93161, 1], [93171, 1], [93205, 1], [93206, 1], [93209, 1], [93285, 1], [93292, 1], [93313, 1], [93335, 1], [93336, 1], [93343, 1], [93347, 1], [93358, 1], [93359, 1], [93387, 1], [93388, 1], [93390, 1], [93393, 1], [93400, 1], [93438, 1], [93447, 1], [93459, 1], [93483, 1], [93500, 1], [93512, 1], [93520, 1], [93523, 1], [93528, 1], [93537, 1], [93539, 1], [93570, 1], [93574, 1], [93577, 1], [93625, 1], [93627, 1], [93629, 1], [93640, 1], [93676, 1], [93696, 1], [93704, 1], [93720, 2], [93723, 1], [93726, 1], [93742, 1], [93746, 1], [93747, 1], [93749, 1], [93756, 1], [93760, 1], [93794, 1], [93799, 2], [93801, 1], [93812, 1], [93813, 1], [93835, 1], [93836, 1], [93857, 1], [93858, 1], [93871, 1], [93873, 1], [93874, 1], [93900, 1], [93904, 1], [93910, 1], [93921, 1], [93931, 1], [93944, 1], [93960, 1], [93962, 1], [93967, 1], [93970, 1], [94002, 1], [94009, 1], [94069, 1], [94080, 1], [94113, 1], [94117, 2], [94135, 1], [94136, 1], [94139, 1], [94149, 1], [94154, 1], [94157, 1], [94162, 1], [94196, 1], [94200, 1], [94208, 1], [94218, 1], [94223, 1], [94230, 1], [94250, 1], [94257, 1], [94274, 1], [94290, 1], [94292, 1], [94295, 1], [94316, 1], [94362, 1], [94363, 1], [94367, 1], [94381, 1], [94402, 1], [94412, 1], [94418, 1], [94424, 1], [94434, 1], [94435, 1], [94444, 1], [94502, 1], [94518, 1], [94521, 1], [94523, 1], [94528, 1], [94536, 1], [94546, 1], [94549, 1], [94559, 1], [94560, 1], [94566, 1], [94594, 1], [94613, 1], [94619, 1], [94621, 2], [94631, 1], [94635, 1], [94653, 1], [94665, 2], [94669, 1], [94684, 1], [94698, 1], [94707, 1], [94710, 1], [94724, 1], [94732, 1], [94733, 1], [94768, 1], [94777, 1], [94812, 1], [94814, 1], [94822, 1], [94846, 1], [94851, 1], [94871, 1], [94892, 1], [94896, 1], [94910, 1], [94933, 1], [94946, 1], [94972, 1], [94973, 1], [94975, 1], [95028, 1], [95034, 1], [95041, 1], [95046, 1], [95060, 1], [95071, 1], [95074, 1], [95103, 1], [95107, 1], [95111, 1], [95123, 2], [95127, 1], [95128, 1], [95136, 1], [95161, 1], [95181, 1], [95192, 1], [95204, 1], [95217, 1], [95287, 1], [95301, 1], [95306, 1], [95339, 1], [95343, 1], [95347, 1], [95349, 1], [95367, 1], [95369, 1], [95385, 1], [95393, 1], [95420, 1], [95428, 1], [95452, 1], [95460, 1], [95465, 1], [95471, 1], [95509, 1], [95510, 2], [95517, 1], [95522, 1], [95543, 1], [95546, 1], [95547, 1], [95549, 2], [95561, 1], [95563, 1], [95573, 1], [95591, 1], [95602, 1], [95605, 1], [95659, 1], [95675, 1], [95695, 1], [95712, 1], [95721, 1], [95722, 1], [95746, 1], [95781, 1], [95806, 1], [95817, 1], [95819, 1], [95820, 1], [95821, 1], [95824, 1], [95828, 1], [95840, 1], [95841, 1], [95858, 1], [95875, 1], [95881, 1], [95886, 1], [95890, 1], [95905, 1], [95923, 1], [95925, 1], [95934, 1], [95967, 1], [95971, 1], [95975, 1], [95985, 1], [95997, 1], [96014, 1], [96018, 1], [96025, 1], [96026, 1], [96030, 1], [96042, 1], [96067, 1], [96081, 1], [96086, 1], [96089, 1], [96100, 1], [96113, 1], [96139, 1], [96157, 1], [96171, 1], [96177, 1], [96183, 1], [96188, 1], [96189, 1], [96249, 1], [96257, 1], [96282, 1], [96287, 1], [96297, 1], [96301, 1], [96329, 1], [96334, 1], [96348, 1], [96355, 1], [96377, 1], [96385, 1], [96391, 1], [96408, 1], [96413, 1], [96421, 1], [96425, 1], [96482, 1], [96505, 1], [96514, 1], [96519, 1], [96541, 1], [96542, 1], [96557, 1], [96575, 1], [96588, 1], [96598, 1], [96610, 1], [96612, 1], [96623, 1], [96664, 1], [96676, 1], [96678, 1], [96689, 1], [96697, 1], [96701, 1], [96707, 1], [96708, 1], [96715, 1], [96718, 1], [96733, 1], [96740, 1], [96742, 1], [96743, 1], [96744, 1], [96764, 1], [96769, 2], [96770, 1], [96773, 1], [96778, 1], [96796, 1], [96812, 1], [96816, 1], [96820, 1], [96828, 1], [96841, 1], [96844, 1], [96849, 1], [96854, 1], [96870, 1], [96894, 1], [96917, 1], [96937, 1], [96943, 1], [96958, 1], [97037, 2], [97049, 1], [97072, 1], [97088, 1], [97096, 1], [97162, 1], [97171, 1], [97200, 1], [97224, 1], [97230, 1], [97242, 1], [97275, 1], [97281, 1], [97292, 1], [97323, 1], [97346, 1], [97353, 1], [97377, 1], [97426, 1], [97430, 1], [97443, 1], [97504, 1], [97506, 1], [97552, 1], [97580, 1], [97589, 1], [97598, 1], [97601, 1], [97602, 1], [97616, 1], [97627, 1], [97628, 1], [97648, 1], [97650, 1], [97662, 1], [97686, 1], [97704, 1], [97718, 1], [97731, 1], [97734, 1], [97752, 1], [97755, 1], [97772, 1], [97780, 1], [97790, 1], [97812, 1], [97824, 1], [97830, 1], [97836, 1], [97849, 1], [97864, 1], [97884, 1], [97918, 1], [97919, 1], [97924, 1], [97929, 1], [97935, 1], [97936, 1], [97944, 1], [97960, 1], [97963, 1], [97971, 1], [97992, 1], [97997, 1], [98011, 1], [98015, 1], [98028, 1], [98041, 1], [98087, 1], [98088, 1], [98094, 1], [98101, 2], [98102, 1], [98106, 1], [98110, 1], [98116, 1], [98135, 2], [98150, 1], [98153, 1], [98159, 1], [98165, 1], [98166, 1], [98171, 1], [98192, 1], [98202, 1], [98216, 1], [98217, 1], [98224, 1], [98231, 1], [98235, 1], [98242, 1], [98270, 1], [98274, 1], [98277, 1], [98282, 1], [98287, 1], [98292, 1], [98304, 1], [98309, 1], [98319, 1], [98320, 1], [98327, 1], [98388, 1], [98389, 1], [98415, 1], [98455, 1], [98466, 1], [98473, 2], [98486, 1], [98503, 1], [98504, 1], [98511, 1], [98555, 1], [98560, 2], [98570, 1], [98608, 2], [98612, 1], [98617, 1], [98621, 1], [98637, 1], [98639, 1], [98641, 1], [98645, 1], [98656, 1], [98662, 1], [98667, 1], [98671, 1], [98675, 1], [98701, 1], [98708, 1], [98712, 1], [98737, 1], [98744, 1], [98758, 1], [98761, 1], [98773, 1], [98776, 1], [98805, 1], [98812, 1], [98821, 1], [98829, 1], [98836, 1], [98844, 1], [98854, 1], [98857, 1], [98870, 1], [98904, 1], [98907, 1], [98967, 1], [98969, 1], [98988, 1], [99003, 1], [99004, 1], [99009, 1], [99010, 1], [99022, 1], [99034, 1], [99036, 1], [99038, 1], [99055, 1], [99066, 1], [99079, 1], [99082, 1], [99103, 1], [99115, 1], [99133, 1], [99142, 1], [99215, 1], [99254, 1], [99262, 1], [99264, 1], [99265, 1], [99274, 1], [99284, 1], [99288, 1], [99292, 1], [99303, 1], [99307, 1], [99321, 1], [99335, 1], [99339, 1], [99357, 1], [99359, 1], [99363, 1], [99410, 1], [99415, 1], [99418, 1], [99425, 1], [99427, 1], [99432, 1], [99437, 1], [99446, 1], [99475, 1], [99483, 1], [99489, 1], [99516, 1], [99559, 1], [99563, 1], [99573, 1], [99587, 2], [99592, 1], [99609, 1], [99622, 1], [99624, 1], [99625, 1], [99645, 1], [99679, 1], [99686, 1], [99691, 1], [99722, 1], [99743, 1], [99762, 1], [99763, 1], [99765, 1], [99788, 1], [99793, 1], [99796, 1], [99810, 1], [99825, 1], [99828, 1], [99855, 1], [99870, 1], [99919, 2], [99923, 1], [99936, 1], [99940, 1], [99960, 1], [99962, 1], [99963, 1], [99975, 1], [99977, 1], [99989, 1], [99993, 1], [100004, 1], [100007, 1], [100077, 1], [100092, 1], [100096, 1], [100098, 1], [100108, 1], [100144, 2], [100152, 1], [100156, 2], [100162, 1], [100221, 1], [100228, 1], [100239, 1], [100243, 1], [100244, 1], [100259, 1], [100265, 1], [100291, 1], [100294, 1], [100309, 1], [100357, 1], [100384, 1], [100408, 1], [100409, 2], [100426, 1], [100435, 1], [100437, 1], [100475, 1], [100485, 1], [100496, 1], [100501, 1], [100542, 1], [100556, 1], [100565, 1], [100591, 1], [100593, 1], [100613, 1], [100626, 1], [100643, 1], [100730, 1], [100732, 1], [100756, 1], [100805, 1], [100812, 1], [100822, 1], [100825, 1], [100833, 1], [100848, 1], [100854, 1], [100859, 1], [100920, 1], [100926, 1], [100943, 1], [100944, 1], [100994, 1], [101008, 1], [101043, 1], [101045, 1], [101048, 1], [101058, 1], [101069, 1], [101074, 1], [101076, 1], [101101, 1], [101111, 1], [101137, 1], [101144, 1], [101151, 2], [101170, 1], [101179, 1], [101193, 1], [101196, 1], [101208, 1], [101215, 1], [101217, 1], [101258, 1], [101276, 1], [101310, 1], [101345, 1], [101354, 2], [101356, 2], [101386, 1], [101396, 1], [101405, 1], [101468, 2], [101471, 1], [101473, 1], [101500, 1], [101525, 1], [101526, 1], [101527, 1], [101561, 1], [101577, 1], [101597, 1], [101616, 1], [101638, 2], [101648, 1], [101657, 1], [101664, 1], [101672, 1], [101685, 1], [101697, 1], [101703, 1], [101718, 1], [101743, 1], [101749, 1], [101772, 1], [101774, 1], [101777, 1], [101781, 1], [101789, 1], [101791, 1], [101815, 1], [101818, 1], [101823, 2], [101824, 1], [101834, 1], [101844, 1], [101856, 1], [101857, 1], [101859, 1], [101869, 1], [101889, 1], [101893, 1], [101909, 1], [101918, 1], [101946, 1], [101953, 1], [101957, 1], [101980, 1], [101986, 2], [102008, 1], [102010, 1], [102017, 1], [102109, 1], [102110, 1], [102113, 1], [102135, 2], [102142, 1], [102148, 1], [102182, 1], [102189, 1], [102210, 1], [102235, 1], [102247, 1], [102252, 1], [102276, 1], [102277, 1], [102280, 1], [102282, 1], [102287, 1], [102313, 1], [102363, 1], [102365, 1], [102367, 1], [102374, 1], [102377, 1], [102378, 1], [102384, 1], [102395, 1], [102397, 1], [102401, 1], [102411, 1], [102418, 1], [102425, 1], [102433, 1], [102443, 1], [102469, 1], [102531, 1], [102552, 1], [102553, 1], [102560, 1], [102566, 1], [102594, 1], [102611, 1], [102619, 1], [102654, 1], [102659, 1], [102660, 1], [102663, 1], [102666, 1], [102670, 1], [102672, 1], [102676, 1], [102684, 1], [102691, 1], [102698, 1], [102716, 1], [102725, 1], [102756, 1], [102766, 1], [102778, 2], [102780, 1], [102818, 1], [102834, 1], [102859, 1], [102864, 1], [102867, 1], [102872, 1], [102876, 1], [102879, 1], [102890, 1], [102896, 1], [102929, 1], [102940, 1], [102959, 1], [103006, 1], [103009, 2], [103045, 1], [103076, 1], [103086, 1], [103126, 1], [103129, 2], [103144, 1], [103146, 1], [103147, 1], [103155, 1], [103164, 1], [103172, 1], [103210, 1], [103227, 1], [103240, 1], [103253, 1], [103257, 1], [103265, 1], [103273, 1], [103280, 1], [103299, 1], [103367, 1], [103390, 1], [103394, 1], [103426, 1], [103428, 1], [103429, 1], [103471, 1], [103484, 1], [103507, 1], [103508, 1], [103542, 1], [103556, 1], [103557, 1], [103574, 1], [103581, 1], [103592, 1], [103622, 1], [103627, 1], [103633, 1], [103642, 1], [103648, 1], [103653, 1], [103660, 1], [103664, 1], [103666, 1], [103673, 1], [103702, 1], [103705, 1], [103707, 1], [103712, 1], [103724, 2], [103727, 1], [103731, 1], [103771, 1], [103772, 1], [103782, 1], [103791, 1], [103820, 1], [103849, 1], [103854, 1], [103874, 1], [103880, 1], [103902, 1], [103956, 1], [103965, 1], [103967, 1], [103972, 1], [103987, 1], [103996, 1], [104003, 1], [104016, 1], [104021, 1], [104026, 1], [104039, 1], [104040, 1], [104052, 1], [104056, 1], [104100, 1], [104112, 1], [104116, 1], [104122, 1], [104136, 1], [104151, 1], [104152, 1], [104153, 1], [104159, 1], [104161, 1], [104162, 1], [104190, 1], [104231, 1], [104242, 1], [104264, 1], [104285, 1], [104297, 1], [104298, 1], [104317, 1], [104333, 1], [104355, 1], [104358, 1], [104409, 1], [104417, 1], [104436, 1], [104445, 1], [104448, 1], [104449, 1], [104456, 1], [104464, 2], [104490, 1], [104518, 1], [104595, 1], [104602, 1], [104634, 1], [104653, 1], [104659, 1], [104671, 1], [104697, 1], [104709, 1], [104713, 1], [104718, 1], [104727, 1], [104736, 2], [104738, 1], [104760, 1], [104762, 2], [104763, 1], [104824, 1], [104845, 1], [104857, 1], [104897, 1], [104915, 1], [104927, 1], [104993, 1], [104997, 1], [105002, 1], [105026, 1], [105058, 1], [105065, 1], [105078, 1], [105092, 1], [105096, 1], [105106, 1], [105121, 1], [105129, 1], [105135, 1], [105136, 1], [105140, 1], [105141, 1], [105165, 1], [105192, 1], [105200, 1], [105231, 1], [105267, 1], [105296, 1], [105297, 1], [105321, 1], [105325, 1], [105329, 1], [105346, 1], [105357, 1], [105358, 1], [105363, 1], [105407, 1], [105415, 1], [105425, 1], [105466, 2], [105470, 1], [105491, 1], [105492, 1], [105533, 1], [105535, 1], [105539, 1], [105540, 1], [105553, 1], [105557, 1], [105568, 2], [105569, 1], [105576, 1], [105601, 1], [105608, 1], [105621, 1], [105625, 1], [105660, 1], [105663, 1], [105671, 1], [105681, 1], [105687, 1], [105708, 1], [105719, 1], [105722, 1], [105725, 1], [105744, 1], [105781, 1], [105785, 1], [105819, 1], [105833, 1], [105883, 1], [105905, 1], [105916, 1], [105925, 1], [105927, 1], [105930, 1], [105934, 1], [105978, 2], [105994, 1], [105999, 1], [106002, 1], [106012, 1], [106072, 1], [106074, 1], [106082, 1], [106088, 1], [106109, 1], [106116, 1], [106200, 1], [106202, 1], [106222, 1], [106253, 1], [106263, 1], [106278, 1], [106285, 1], [106303, 1], [106319, 1], [106328, 1], [106391, 1], [106395, 1], [106396, 1], [106402, 1], [106424, 1], [106432, 1], [106435, 1], [106439, 1], [106460, 1], [106463, 1], [106478, 1], [106504, 1], [106510, 1], [106538, 1], [106555, 1], [106597, 1], [106598, 1], [106646, 1], [106648, 1], [106658, 1], [106672, 1], [106676, 1], [106699, 1], [106715, 1], [106799, 1], [106816, 1], [106848, 1], [106872, 1], [106886, 1], [106928, 1], [106944, 1], [106974, 1], [106980, 1], [107071, 1], [107082, 1], [107095, 1], [107105, 1], [107128, 1], [107131, 1], [107145, 1], [107155, 1], [107157, 1], [107162, 1], [107173, 1], [107174, 1], [107189, 2], [107205, 1], [107232, 1], [107282, 1], [107285, 1], [107287, 1], [107296, 1], [107297, 1], [107298, 1], [107311, 1], [107325, 1], [107339, 1], [107341, 1], [107354, 1], [107372, 1], [107375, 2], [107377, 1], [107382, 1], [107385, 2], [107403, 1], [107404, 1], [107410, 1], [107411, 1], [107445, 1], [107456, 1], [107495, 1], [107521, 1], [107530, 1], [107562, 1], [107565, 1], [107583, 1], [107590, 1], [107600, 1], [107602, 1], [107611, 1], [107636, 1], [107641, 1], [107682, 1], [107699, 1], [107724, 1], [107749, 1], [107791, 1], [107817, 1], [107821, 1], [107827, 1], [107828, 2], [107878, 1], [107909, 1], [107913, 1], [107932, 1], [107935, 1], [107943, 1], [107951, 1], [107961, 1], [107973, 1], [107984, 1], [107985, 1], [107997, 1], [108011, 1], [108016, 1], [108029, 1], [108032, 1], [108036, 1], [108042, 1], [108076, 1], [108082, 1], [108093, 1], [108095, 1], [108096, 1], [108100, 1], [108105, 1], [108118, 1], [108123, 1], [108130, 1], [108152, 1], [108207, 1], [108246, 1], [108280, 1], [108308, 1], [108309, 1], [108328, 1], [108338, 1], [108346, 1], [108348, 1], [108363, 1], [108365, 1], [108386, 1], [108402, 1], [108425, 1], [108432, 1], [108473, 1], [108488, 1], [108498, 1], [108517, 1], [108520, 1], [108522, 1], [108523, 1], [108528, 1], [108529, 1], [108532, 1], [108546, 1], [108551, 1], [108553, 1], [108556, 1], [108578, 1], [108585, 1], [108614, 1], [108645, 1], [108651, 1], [108657, 1], [108662, 1], [108663, 1], [108680, 1], [108683, 2], [108686, 1], [108691, 1], [108732, 1], [108735, 1], [108736, 1], [108739, 1], [108770, 1], [108785, 1], [108793, 1], [108806, 1], [108836, 1], [108840, 1], [108853, 1], [108880, 1], [108885, 1], [108934, 1], [108943, 1], [108952, 1], [108953, 1], [109005, 1], [109014, 2], [109021, 1], [109042, 1], [109051, 1], [109052, 1], [109056, 1], [109078, 1], [109144, 1], [109152, 1], [109169, 1], [109188, 1], [109190, 1], [109191, 1], [109231, 1], [109235, 1], [109259, 1], [109284, 1], [109314, 1], [109317, 1], [109329, 2], [109355, 1], [109368, 2], [109398, 1], [109464, 1], [109468, 1], [109485, 1], [109491, 1], [109492, 1], [109499, 1], [109500, 1], [109517, 1], [109524, 1], [109542, 1], [109549, 1], [109554, 1], [109566, 1], [109592, 1], [109617, 1], [109699, 1], [109700, 1], [109709, 1], [109727, 1], [109748, 1], [109755, 1], [109764, 1], [109774, 1], [109791, 1], [109793, 1], [109797, 1], [109801, 1], [109813, 1], [109817, 1], [109842, 1], [109847, 1], [109848, 1], [109927, 1], [109932, 2], [109937, 1], [109954, 1], [109961, 1], [109966, 1], [109967, 1], [109983, 1], [109988, 1], [110003, 1], [110007, 1], [110029, 1], [110040, 1], [110042, 1], [110043, 1], [110046, 1], [110053, 1], [110066, 1], [110072, 1], [110087, 1], [110094, 1], [110125, 2], [110126, 1], [110138, 1], [110155, 1], [110167, 1], [110179, 1], [110195, 1], [110196, 1], [110197, 1], [110205, 1], [110209, 1], [110226, 1], [110227, 1], [110231, 1], [110232, 1], [110318, 1], [110321, 1], [110332, 1], [110344, 1], [110358, 1], [110363, 1], [110366, 1], [110368, 1], [110397, 1], [110420, 1], [110423, 1], [110425, 1], [110445, 1], [110464, 1], [110547, 1], [110575, 1], [110589, 1], [110627, 1], [110651, 1], [110653, 1], [110682, 1], [110704, 1], [110708, 1], [110727, 1], [110749, 1], [110751, 1], [110753, 1], [110761, 1], [110772, 1], [110774, 1], [110779, 1], [110785, 1], [110799, 1], [110821, 1], [110868, 1], [110870, 1], [110874, 1], [110875, 1], [110885, 1], [110896, 1], [110901, 1], [110908, 1], [110916, 1], [110922, 1], [110924, 1], [110928, 1], [110931, 1], [110932, 1], [110955, 1], [110960, 1], [110961, 1], [110966, 1], [110989, 1], [110992, 1], [110996, 1], [111031, 1], [111056, 1], [111063, 1], [111101, 1], [111138, 1], [111164, 1], [111197, 1], [111204, 1], [111207, 1], [111240, 1], [111292, 1], [111303, 1], [111326, 1], [111355, 1], [111384, 1], [111385, 1], [111397, 1], [111402, 2], [111426, 1], [111439, 1], [111456, 1], [111458, 1], [111462, 1], [111486, 1], [111490, 1], [111495, 1], [111501, 1], [111529, 1], [111544, 1], [111549, 1], [111581, 1], [111628, 1], [111647, 1], [111654, 1], [111655, 1], [111656, 1], [111659, 1], [111660, 1], [111747, 1], [111753, 1], [111773, 1], [111802, 1], [111820, 1], [111821, 1], [111854, 1], [111875, 1], [111889, 1], [111890, 1], [111893, 1], [111896, 1], [111937, 1], [111943, 2], [111962, 1], [111980, 1], [112012, 1], [112023, 1], [112053, 1], [112075, 1], [112094, 1], [112099, 1], [112105, 1], [112106, 1], [112129, 1], [112136, 1], [112155, 1], [112161, 1], [112175, 1], [112179, 1], [112203, 1], [112211, 1], [112217, 1], [112239, 1], [112250, 1], [112264, 1], [112277, 1], [112296, 1], [112312, 1], [112326, 1], [112353, 1], [112393, 1], [112407, 1], [112408, 1], [112422, 1], [112430, 1], [112438, 1], [112439, 2], [112479, 1], [112480, 1], [112486, 1], [112490, 1], [112504, 1], [112521, 1], [112527, 1], [112539, 1], [112577, 1], [112607, 1], [112619, 1], [112629, 1], [112668, 1], [112672, 1], [112678, 1], [112688, 1], [112692, 1], [112693, 1], [112697, 1], [112734, 1], [112785, 2], [112798, 1], [112800, 1], [112806, 1], [112899, 1], [112903, 1], [112944, 1], [112969, 1], [112975, 1], [112999, 1], [113002, 1], [113010, 1], [113017, 1], [113018, 1], [113027, 1], [113054, 1], [113073, 1], [113080, 1], [113097, 1], [113115, 1], [113117, 1], [113136, 1], [113146, 1], [113171, 1], [113187, 1], [113192, 1], [113212, 1], [113238, 1], [113262, 1], [113312, 1], [113327, 1], [113410, 1], [113421, 1], [113453, 1], [113457, 2], [113467, 1], [113473, 1], [113483, 1], [113492, 1], [113501, 1], [113506, 2], [113513, 1], [113527, 1], [113538, 1], [113540, 1], [113564, 1], [113568, 1], [113571, 1], [113637, 1], [113640, 1], [113645, 1], [113648, 1], [113653, 1], [113699, 1], [113752, 1], [113768, 1], [113777, 1], [113783, 1], [113818, 1], [113822, 1], [113845, 1], [113847, 1], [113858, 1], [113860, 1], [113863, 1], [113866, 1], [113868, 1], [113873, 1], [113878, 1], [113882, 1], [113892, 1], [113896, 1], [113919, 1], [113927, 1], [113930, 1], [113936, 1], [113943, 1], [113953, 1], [113961, 1], [113969, 1], [113991, 1], [114004, 1], [114005, 1], [114009, 1], [114010, 1], [114022, 1], [114035, 1], [114061, 1], [114090, 1], [114093, 1], [114132, 1], [114171, 1], [114182, 1], [114214, 1], [114228, 1], [114247, 1], [114252, 1], [114257, 1], [114269, 1], [114318, 1], [114339, 1], [114347, 1], [114354, 2], [114355, 1], [114359, 1], [114367, 1], [114375, 1], [114379, 1], [114390, 1], [114401, 1], [114439, 1], [114457, 1], [114460, 1], [114485, 1], [114489, 1], [114499, 1], [114514, 1], [114519, 1], [114531, 1], [114533, 1], [114547, 1], [114554, 1], [114565, 2], [114600, 1], [114603, 1], [114610, 1], [114611, 1], [114634, 1], [114651, 1], [114681, 1], [114708, 1], [114739, 1], [114740, 1], [114764, 1], [114765, 1], [114797, 1], [114818, 1], [114827, 1], [114834, 1], [114841, 1], [114855, 1], [114858, 1], [114859, 1], [114870, 1], [114882, 1], [114884, 1], [114901, 1], [114902, 1], [114938, 1], [114968, 1], [114980, 1], [114997, 1], [115004, 1], [115005, 1], [115013, 1], [115058, 1], [115078, 1], [115101, 1], [115142, 1], [115152, 1], [115153, 1], [115159, 1], [115206, 1], [115223, 1], [115228, 1], [115238, 1], [115253, 1], [115266, 1], [115272, 1], [115306, 1], [115317, 1], [115321, 1], [115322, 1], [115342, 1], [115351, 1], [115353, 1], [115392, 1], [115403, 1], [115405, 1], [115432, 1], [115434, 1], [115466, 1], [115467, 1], [115473, 1], [115502, 1], [115504, 2], [115530, 1], [115546, 2], [115547, 1], [115549, 1], [115560, 1], [115563, 1], [115566, 1], [115571, 1], [115576, 1], [115580, 1], [115590, 1], [115592, 1], [115629, 1], [115650, 1], [115651, 1], [115671, 1], [115698, 1], [115704, 1], [115709, 1], [115725, 1], [115751, 1], [115827, 1], [115840, 1], [115854, 1], [115881, 1], [115891, 1], [115909, 1], [115922, 1], [115936, 1], [115973, 1], [115978, 1], [115985, 1], [115989, 1], [116032, 1], [116033, 1], [116083, 1], [116110, 1], [116113, 1], [116114, 1], [116130, 1], [116176, 2], [116200, 1], [116201, 1], [116230, 1], [116240, 1], [116243, 1], [116255, 1], [116258, 1], [116261, 1], [116269, 1], [116275, 1], [116278, 1], [116300, 1], [116305, 1], [116315, 1], [116339, 1], [116341, 1], [116350, 1], [116357, 1], [116405, 1], [116412, 1], [116427, 2], [116446, 1], [116501, 1], [116521, 1], [116532, 1], [116594, 1], [116598, 1], [116599, 1], [116601, 1], [116607, 1], [116620, 1], [116624, 1], [116629, 1], [116643, 1], [116676, 1], [116693, 1], [116728, 1], [116733, 1], [116749, 1], [116751, 1], [116754, 1], [116763, 1], [116779, 1], [116782, 1], [116802, 1], [116805, 1], [116809, 1], [116811, 1], [116822, 1], [116836, 1], [116844, 1], [116846, 1], [116864, 1], [116875, 1], [116900, 1], [116916, 1], [116919, 1], [116939, 1], [116951, 1], [116978, 1], [116999, 2], [117002, 1], [117003, 1], [117013, 1], [117015, 1], [117016, 1], [117025, 1], [117026, 1], [117028, 1], [117041, 1], [117062, 1], [117064, 2], [117075, 1], [117076, 1], [117085, 1], [117088, 1], [117089, 1], [117106, 1], [117111, 1], [117157, 1], [117160, 1], [117170, 1], [117176, 1], [117177, 1], [117184, 1], [117187, 1], [117195, 1], [117229, 1], [117235, 1], [117244, 1], [117252, 1], [117264, 1], [117303, 1], [117319, 1], [117334, 1], [117347, 1], [117363, 1], [117438, 1], [117445, 1], [117446, 1], [117461, 1], [117481, 1], [117510, 1], [117516, 1], [117570, 1], [117576, 1], [117582, 1], [117588, 1], [117590, 1], [117598, 1], [117602, 1], [117603, 1], [117618, 1], [117629, 1], [117632, 1], [117634, 1], [117652, 1], [117667, 1], [117671, 1], [117684, 1], [117701, 1], [117705, 1], [117713, 1], [117715, 1], [117742, 1], [117743, 1], [117768, 1], [117770, 1], [117795, 1], [117800, 1], [117807, 1], [117814, 1], [117818, 1], [117822, 1], [117825, 1], [117839, 2], [117853, 1], [117857, 2], [117870, 1], [117872, 1], [117873, 1], [117878, 1], [117886, 1], [117891, 1], [117895, 1], [117897, 2], [117910, 1], [117930, 1], [117934, 1], [117939, 1], [117941, 1], [117962, 1], [117969, 1], [117974, 1], [117976, 1], [117982, 1], [117990, 1], [117992, 1], [118035, 2], [118041, 1], [118046, 1], [118047, 1], [118049, 1], [118064, 1], [118108, 1], [118122, 1], [118123, 1], [118129, 1], [118132, 1], [118159, 1], [118164, 1], [118184, 1], [118201, 1], [118206, 2], [118232, 1], [118241, 1], [118249, 1], [118254, 1], [118257, 2], [118261, 1], [118278, 1], [118292, 1], [118299, 1], [118300, 1], [118310, 1], [118316, 1], [118317, 1], [118321, 1], [118323, 1], [118327, 1], [118355, 1], [118365, 1], [118371, 1], [118376, 1], [118382, 1], [118404, 1], [118407, 1], [118456, 1], [118479, 1], [118521, 1], [118523, 1], [118529, 1], [118548, 1], [118551, 1], [118554, 1], [118555, 2], [118566, 1], [118569, 1], [118570, 1], [118572, 1], [118579, 1], [118586, 1], [118589, 1], [118598, 1], [118605, 1], [118627, 1], [118631, 1], [118633, 1], [118635, 1], [118638, 1], [118648, 1], [118657, 1], [118672, 2], [118680, 1], [118681, 1], [118688, 1], [118693, 1], [118700, 2], [118712, 1], [118714, 1], [118732, 1], [118742, 1], [118743, 1], [118769, 1], [118770, 1], [118772, 1], [118800, 1], [118820, 1], [118828, 1], [118829, 1], [118850, 1], [118855, 1], [118870, 1], [118880, 2], [118882, 1], [118884, 1], [118895, 1], [118902, 1], [118910, 1], [118932, 1], [118937, 1], [118938, 1], [118944, 1], [118949, 1], [118968, 1], [118978, 1], [119001, 1], [119005, 1], [119015, 1], [119016, 1], [119022, 1], [119024, 1], [119034, 1], [119042, 1], [119043, 1], [119055, 1], [119076, 1], [119080, 1], [119085, 1], [119110, 1], [119127, 1], [119138, 1], [119157, 1], [119158, 1], [119165, 1], [119202, 1], [119219, 1], [119225, 1], [119226, 1], [119233, 1], [119234, 1], [119243, 1], [119252, 2], [119277, 1], [119279, 1], [119293, 1], [119306, 1], [119312, 1], [119314, 1], [119316, 1], [119329, 1], [119337, 1], [119340, 1], [119344, 1], [119348, 1], [119352, 1], [119382, 2], [119390, 1], [119402, 1], [119410, 1], [119411, 2], [119425, 1], [119440, 1], [119463, 1], [119465, 1], [119468, 1], [119475, 1], [119482, 1], [119485, 1], [119500, 1], [119528, 1], [119539, 1], [119571, 1], [119573, 1], [119578, 1], [119581, 2], [119587, 1], [119593, 1], [119597, 1], [119607, 1], [119613, 1], [119614, 1], [119623, 1], [119648, 1], [119661, 1], [119667, 1], [119677, 2], [119696, 1], [119706, 1], [119718, 1], [119727, 1], [119742, 1], [119744, 1], [119750, 1], [119752, 1], [119753, 1], [119756, 1], [119766, 1], [119781, 1], [119791, 1], [119792, 1], [119793, 1], [119797, 1], [119801, 1], [119807, 1], [119809, 1], [119823, 1], [119826, 1], [119838, 1], [119854, 1], [119886, 1], [119909, 1], [119910, 1], [119912, 1], [119917, 1], [119922, 2], [119925, 1], [119927, 1], [119962, 2], [119967, 1], [119986, 1], [120000, 1], [120007, 1], [120008, 1], [120027, 1], [120047, 1], [120061, 1], [120070, 1], [120121, 1], [120124, 1], [120140, 1], [120147, 1], [120157, 1], [120162, 1], [120168, 1], [120174, 1], [120197, 1], [120220, 1], [120224, 1], [120227, 1], [120240, 1], [120252, 1], [120270, 1], [120271, 1], [120275, 1], [120276, 2], [120285, 1], [120292, 1], [120293, 1], [120359, 1], [120363, 1], [120365, 1], [120368, 2], [120369, 1], [120376, 1], [120389, 1], [120396, 1], [120426, 1], [120429, 1], [120430, 1], [120439, 1], [120444, 2], [120450, 2], [120455, 1], [120457, 1], [120466, 2], [120479, 1], [120481, 1], [120488, 1], [120504, 1], [120513, 1], [120527, 1], [120548, 1], [120549, 1], [120558, 1], [120561, 1], [120565, 1], [120575, 1], [120587, 2], [120589, 1], [120596, 1], [120601, 1], [120603, 1], [120607, 1], [120617, 1], [120620, 2], [120629, 1], [120637, 1], [120641, 1], [120642, 1], [120646, 1], [120647, 1], [120710, 1], [120723, 1], [120728, 1], [120730, 1], [120731, 1], [120737, 1], [120743, 1], [120748, 1], [120756, 1], [120757, 1], [120761, 1], [120765, 1], [120780, 1], [120791, 1], [120796, 1], [120809, 1], [120836, 1], [120854, 1], [120864, 1], [120867, 1], [120868, 1], [120880, 1], [120902, 1], [120925, 1], [120928, 1], [120957, 1], [120967, 1], [120968, 1], [120972, 1], [120973, 1], [120975, 1], [120981, 1], [120986, 1], [120989, 1], [120993, 1], [121006, 1], [121018, 1], [121021, 1], [121022, 1], [121026, 1], [121029, 1], [121044, 1], [121047, 1], [121059, 1], [121061, 1], [121074, 1], [121086, 1], [121087, 1], [121088, 1], [121093, 1], [121094, 1], [121105, 1], [121122, 1], [121125, 1], [121134, 1], [121149, 1], [121151, 1], [121158, 1], [121164, 1], [121183, 1], [121188, 2], [121194, 1], [121199, 1], [121203, 1], [121211, 1], [121219, 1], [121238, 1], [121244, 1], [121259, 1], [121262, 1], [121286, 1], [121296, 1], [121302, 1], [121307, 1], [121316, 1], [121319, 1], [121342, 1], [121353, 1], [121358, 1], [121360, 1], [121368, 1], [121376, 1], [121400, 1], [121404, 1], [121411, 2], [121427, 1], [121433, 1], [121437, 1], [121438, 1], [121442, 1], [121460, 2], [121465, 1], [121469, 1], [121484, 1], [121489, 1], [121492, 1], [121501, 1], [121510, 1], [121516, 2], [121519, 1], [121522, 1], [121527, 1], [121529, 1], [121551, 1], [121560, 2], [121564, 1], [121569, 1], [121585, 1], [121595, 1], [121597, 1], [121607, 1], [121626, 2], [121630, 1], [121635, 1], [121675, 2], [121690, 1], [121692, 1], [121717, 1], [121730, 1], [121732, 1], [121738, 1], [121740, 1], [121741, 1], [121766, 1], [121799, 1], [121804, 1], [121817, 1], [121848, 1], [121856, 1], [121858, 1], [121885, 1], [121890, 1], [121893, 1], [121899, 1], [121908, 1], [121913, 1], [121918, 1], [121927, 1], [121931, 1], [121936, 1], [121941, 1], [121956, 1], [121967, 1], [121972, 1], [121975, 1], [121983, 1], [121988, 1], [121998, 1], [122011, 1], [122017, 2], [122021, 1], [122026, 2], [122033, 1], [122040, 1], [122044, 1], [122071, 1], [122077, 1], [122079, 1], [122081, 1], [122082, 1], [122084, 1], [122090, 1], [122095, 1], [122105, 1], [122108, 1], [122112, 1], [122123, 1], [122126, 1], [122130, 1], [122143, 1], [122144, 1], [122151, 1], [122162, 1], [122169, 1], [122185, 1], [122190, 1], [122194, 1], [122196, 1], [122240, 1], [122251, 1], [122252, 2], [122260, 1], [122261, 1], [122264, 1], [122291, 1], [122304, 1], [122313, 1], [122314, 1], [122328, 1], [122329, 2], [122330, 2], [122337, 1], [122341, 1], [122372, 1], [122381, 1], [122390, 1], [122425, 1], [122433, 1], [122441, 1], [122443, 1], [122445, 1], [122457, 1], [122463, 1], [122474, 2], [122477, 1], [122481, 1], [122488, 1], [122499, 1], [122515, 1], [122536, 1], [122538, 1], [122539, 1], [122548, 1], [122553, 2], [122572, 1], [122584, 1], [122600, 1], [122601, 1], [122602, 1], [122620, 1], [122631, 1], [122633, 1], [122639, 1], [122654, 1], [122659, 1], [122668, 1], [122677, 1], [122679, 1], [122686, 1], [122688, 1], [122697, 1], [122701, 1], [122712, 1], [122713, 1], [122726, 1], [122729, 1], [122751, 2], [122791, 1], [122798, 2], [122812, 1], [122813, 1], [122826, 2], [122835, 1], [122839, 1], [122848, 1], [122879, 1], [122890, 1], [122911, 1], [122915, 1], [122930, 1], [122933, 1], [122940, 1], [122956, 1], [122962, 1], [122966, 1], [122981, 1], [122990, 1], [122993, 1], [122994, 1], [122995, 1], [123007, 1], [123028, 1], [123029, 1], [123031, 1], [123036, 1], [123045, 1], [123055, 1], [123059, 1], [123066, 1], [123072, 1], [123086, 1], [123090, 1], [123101, 1], [123105, 1], [123107, 1], [123120, 1], [123164, 1], [123174, 1], [123177, 1], [123192, 1], [123194, 1], [123196, 1], [123252, 1], [123253, 1], [123264, 1], [123286, 1], [123292, 1], [123322, 1], [123331, 1], [123333, 1], [123342, 1], [123345, 1], [123412, 1], [123414, 1], [123418, 1], [123422, 2], [123435, 2], [123437, 1], [123447, 1], [123451, 1], [123452, 1], [123464, 1], [123473, 1], [123477, 1], [123498, 1], [123502, 1], [123511, 1], [123519, 1], [123523, 1], [123527, 1], [123529, 1], [123534, 1], [123553, 1], [123561, 1], [123578, 1], [123589, 1], [123590, 1], [123622, 2], [123629, 1], [123648, 1], [123666, 1], [123680, 1], [123683, 1], [123688, 1], [123693, 1], [123695, 1], [123704, 1], [123717, 1], [123721, 1], [123726, 1], [123753, 2], [123760, 1], [123782, 1], [123791, 1], [123792, 1], [123795, 1], [123798, 2], [123814, 1], [123841, 1], [123856, 1], [123860, 1], [123862, 1], [123872, 1], [123888, 1], [123889, 1], [123898, 1], [123904, 1], [123909, 1], [123916, 1], [123932, 1], [123960, 1], [123961, 1], [123962, 1], [123964, 1], [123968, 1], [123981, 1], [123988, 1], [124015, 1], [124017, 1], [124023, 1], [124047, 1], [124048, 1], [124062, 1], [124065, 1], [124066, 1], [124069, 1], [124073, 2], [124075, 1], [124083, 1], [124085, 1], [124102, 1], [124120, 1], [124125, 1], [124130, 1], [124141, 2], [124150, 1], [124151, 1], [124162, 1], [124170, 1], [124175, 1], [124177, 1], [124179, 1], [124182, 1], [124185, 1], [124193, 1], [124201, 1], [124217, 1], [124223, 1], [124233, 1], [124238, 1], [124243, 1], [124251, 1], [124274, 1], [124276, 1], [124278, 1], [124283, 1], [124289, 1], [124301, 1], [124305, 1], [124327, 1], [124346, 1], [124356, 1], [124380, 1], [124384, 1], [124387, 1], [124397, 1], [124432, 1], [124462, 1], [124467, 1], [124479, 1], [124485, 1], [124508, 1], [124559, 1], [124564, 1], [124566, 1], [124570, 1], [124573, 1], [124589, 1], [124594, 1], [124616, 1], [124619, 1], [124646, 1], [124659, 1], [124660, 1], [124667, 1], [124672, 1], [124673, 1], [124701, 1], [124716, 1], [124721, 1], [124724, 1], [124755, 1], [124756, 1], [124769, 1], [124785, 1], [124800, 1], [124811, 1], [124812, 1], [124819, 1], [124820, 1], [124847, 1], [124870, 1], [124875, 1], [124879, 1], [124881, 1], [124884, 1], [124896, 2], [124899, 1], [124900, 1], [124919, 2], [124942, 1], [124953, 2], [124959, 1], [124962, 1], [124969, 2], [124977, 1], [124999, 1], [125034, 1], [125059, 1], [125079, 1], [125119, 1], [125132, 1], [125138, 1], [125153, 1], [125187, 1], [125199, 1], [125214, 1], [125223, 1], [125235, 1], [125239, 1], [125247, 1], [125258, 1], [125264, 1], [125265, 1], [125270, 1], [125289, 2], [125291, 1], [125298, 1], [125323, 1], [125346, 2], [125349, 2], [125352, 1], [125361, 1], [125376, 2], [125378, 1], [125381, 1], [125384, 1], [125405, 2], [125413, 1], [125421, 1], [125425, 1], [125461, 1], [125473, 1], [125487, 1], [125491, 1], [125506, 1], [125520, 1], [125522, 2], [125523, 1], [125525, 1], [125550, 1], [125555, 1], [125568, 1], [125569, 1], [125578, 1], [125579, 1], [125599, 1], [125614, 1], [125621, 1], [125626, 1], [125634, 1], [125635, 1], [125687, 1], [125689, 1], [125705, 1], [125708, 1], [125712, 1], [125713, 1], [125720, 1], [125730, 1], [125731, 1], [125732, 1], [125736, 1], [125737, 1], [125744, 1], [125747, 1], [125753, 1], [125762, 1], [125782, 1], [125788, 1], [125792, 1], [125795, 1], [125800, 1], [125809, 1], [125828, 1], [125857, 1], [125897, 1], [125945, 1], [125954, 1], [125961, 1], [125968, 1], [125976, 1], [125977, 1], [125980, 1], [125983, 1], [125993, 1], [125999, 1], [126001, 1], [126033, 1], [126035, 1], [126038, 1], [126052, 1], [126070, 1], [126071, 1], [126074, 2], [126077, 1], [126079, 1], [126089, 1], [126099, 1], [126105, 1], [126118, 1], [126120, 1], [126146, 1], [126158, 1], [126178, 1], [126190, 1], [126198, 1], [126199, 1], [126204, 1], [126212, 1], [126213, 1], [126230, 1], [126236, 1], [126243, 1], [126244, 1], [126248, 1], [126253, 1], [126270, 1], [126279, 1], [126283, 1], [126288, 1], [126295, 1], [126304, 1], [126308, 1], [126325, 1], [126328, 1], [126332, 1], [126345, 1], [126365, 1], [126366, 1], [126381, 1], [126384, 1], [126385, 1], [126387, 1], [126399, 1], [126402, 1], [126405, 1], [126409, 1], [126420, 1], [126424, 1], [126425, 1], [126438, 1], [126440, 2], [126448, 1], [126450, 1], [126454, 1], [126457, 1], [126461, 1], [126472, 1], [126518, 1], [126525, 1], [126527, 1], [126547, 1], [126559, 1], [126585, 1], [126591, 1], [126611, 1], [126626, 1], [126635, 1], [126648, 1], [126666, 1], [126693, 1], [126697, 1], [126705, 1], [126737, 1], [126747, 1], [126754, 1], [126760, 1], [126765, 1], [126771, 1], [126772, 1], [126780, 1], [126785, 2], [126794, 1], [126828, 1], [126843, 1], [126846, 1], [126848, 1], [126857, 1], [126880, 1], [126886, 1], [126918, 1], [126929, 1], [126932, 1], [126935, 1], [126943, 1], [126950, 1], [126953, 1], [126978, 1], [126985, 1], [127052, 1], [127062, 1], [127071, 1], [127073, 1], [127083, 1], [127090, 3], [127097, 1], [127131, 1], [127134, 1], [127137, 1], [127146, 1], [127159, 1], [127167, 1], [127169, 1], [127180, 1], [127181, 1], [127200, 1], [127218, 1], [127237, 1], [127249, 1], [127250, 1], [127264, 1], [127277, 1], [127278, 1], [127288, 1], [127305, 1], [127306, 1], [127309, 1], [127310, 1], [127329, 1], [127333, 1], [127338, 2], [127339, 1], [127360, 1], [127378, 1], [127387, 1], [127391, 1], [127400, 1], [127405, 1], [127431, 1], [127447, 1], [127500, 1], [127502, 1], [127509, 1], [127529, 1], [127558, 1], [127560, 1], [127568, 1], [127586, 1], [127595, 1], [127598, 2], [127599, 1], [127613, 1], [127645, 1], [127649, 2], [127680, 1], [127684, 1], [127693, 1], [127733, 1], [127734, 1], [127742, 1], [127750, 1], [127757, 1], [127764, 1], [127766, 1], [127780, 2], [127782, 1], [127786, 1], [127792, 1], [127811, 1], [127815, 1], [127816, 1], [127818, 1], [127821, 1], [127823, 1], [127846, 1], [127852, 1], [127854, 1], [127874, 1], [127896, 1], [127903, 1], [127906, 1], [127911, 1], [127926, 1], [127937, 2], [127938, 1], [127947, 1], [127956, 1], [127964, 1], [127966, 1], [127969, 1], [127989, 1], [127998, 1], [128003, 1], [128011, 1], [128017, 1], [128025, 1], [128027, 1], [128031, 1], [128053, 1], [128065, 1], [128085, 1], [128088, 1], [128093, 1], [128105, 1], [128106, 1], [128151, 1], [128188, 1], [128209, 1], [128216, 1], [128241, 1], [128242, 1], [128279, 1], [128287, 1], [128296, 2], [128307, 1], [128317, 1], [128328, 1], [128333, 1], [128348, 1], [128365, 1], [128370, 1], [128371, 1], [128377, 1], [128387, 1], [128403, 1], [128412, 1], [128420, 1], [128435, 1], [128438, 1], [128442, 1], [128446, 1], [128451, 1], [128455, 1], [128459, 2], [128474, 1], [128488, 1], [128490, 1], [128494, 1], [128497, 1], [128498, 1], [128505, 1], [128527, 1], [128536, 1], [128540, 1], [128550, 1], [128580, 1], [128583, 1], [128602, 1], [128605, 1], [128606, 1], [128623, 1], [128625, 1], [128636, 1], [128649, 1], [128659, 1], [128691, 1], [128708, 1], [128722, 1], [128723, 1], [128741, 1], [128762, 2], [128766, 1], [128773, 1], [128784, 1], [128789, 1], [128798, 1], [128806, 1], [128850, 1], [128860, 1], [128873, 2], [128889, 1], [128908, 1], [128924, 1], [128926, 1], [128934, 1], [128935, 1], [128941, 1], [128944, 1], [128951, 1], [128963, 1], [128979, 1], [128980, 1], [128998, 1], [129018, 1], [129023, 1], [129039, 1], [129044, 1], [129047, 1], [129063, 1], [129065, 1], [129075, 1], [129081, 1], [129083, 1], [129085, 1], [129089, 1], [129098, 1], [129101, 1], [129102, 1], [129119, 1], [129120, 1], [129142, 1], [129144, 1], [129145, 2], [129147, 1], [129165, 1], [129191, 1], [129204, 1], [129209, 1], [129221, 1], [129247, 1], [129267, 1], [129268, 1], [129269, 2], [129307, 1], [129311, 1], [129318, 1], [129328, 1], [129334, 1], [129335, 1], [129360, 1], [129362, 1], [129367, 1], [129371, 1], [129377, 1], [129378, 1], [129384, 1], [129386, 1], [129387, 1], [129392, 1], [129394, 1], [129406, 1], [129431, 1], [129433, 1], [129438, 1], [129469, 1], [129473, 1], [129502, 1], [129506, 1], [129510, 1], [129523, 1], [129529, 1], [129547, 1], [129549, 1], [129573, 1], [129578, 1], [129601, 1], [129616, 1], [129646, 1], [129647, 1], [129656, 1], [129657, 1], [129669, 1], [129673, 1], [129684, 1], [129691, 2], [129696, 1], [129714, 1], [129718, 1], [129722, 2], [129752, 1], [129767, 1], [129768, 1], [129774, 1], [129778, 1], [129787, 1], [129788, 1], [129796, 1], [129802, 1], [129812, 1], [129818, 1], [129823, 1], [129854, 1], [129860, 1], [129862, 1], [129866, 1], [129872, 1], [129874, 1], [129880, 1], [129889, 2], [129891, 1], [129893, 1], [129910, 1], [129913, 1], [129948, 1], [129951, 1], [129956, 1], [129960, 1], [129972, 1], [129978, 1], [129979, 1], [129980, 2], [129984, 1], [130033, 1], [130034, 1], [130040, 1], [130046, 1], [130050, 1], [130079, 1], [130090, 1], [130094, 1], [130115, 1], [130131, 1], [130132, 1], [130153, 1], [130162, 1], [130164, 1], [130184, 1], [130190, 1], [130214, 1], [130215, 1], [130226, 1], [130236, 1], [130242, 1], [130250, 1], [130251, 1], [130255, 1], [130259, 1], [130261, 1], [130278, 1], [130281, 1], [130282, 1], [130300, 1], [130312, 1], [130314, 1], [130317, 1], [130319, 1], [130341, 1], [130345, 1], [130359, 1], [130383, 1], [130394, 1], [130396, 1], [130397, 1], [130419, 1], [130433, 1], [130434, 1], [130442, 1], [130455, 1], [130475, 1], [130479, 1], [130484, 1], [130505, 2], [130527, 1], [130535, 1], [130546, 1], [130548, 1], [130557, 1], [130561, 1], [130570, 1], [130583, 1], [130586, 1], [130594, 2], [130595, 1], [130596, 1], [130608, 1], [130615, 1], [130629, 1], [130637, 1], [130648, 1], [130666, 1], [130669, 1], [130672, 1], [130691, 1], [130693, 1], [130694, 1], [130706, 1], [130725, 1], [130728, 1], [130738, 1], [130763, 1], [130776, 1], [130783, 1], [130788, 1], [130793, 1], [130797, 1], [130814, 1], [130821, 1], [130827, 1], [130856, 1], [130864, 1], [130898, 1], [130911, 1], [130921, 1], [130928, 1], [130931, 1], [130957, 1], [130959, 1], [130975, 1], [130998, 1], [131004, 1], [131014, 1], [131019, 1], [131025, 1], [131030, 1], [131034, 1], [131081, 1], [131092, 1], [131111, 1], [131118, 1], [131154, 1], [131169, 1], [131178, 1], [131190, 1], [131206, 1], [131222, 1], [131295, 2], [131296, 1], [131306, 1], [131320, 1], [131326, 1], [131334, 1], [131341, 1], [131344, 1], [131356, 1], [131389, 1], [131396, 1], [131400, 1], [131403, 1], [131424, 1], [131426, 1], [131436, 1], [131449, 1], [131467, 1], [131488, 2], [131489, 1], [131492, 1], [131493, 1], [131516, 1], [131523, 1], [131537, 1], [131542, 1], [131543, 1], [131548, 1], [131550, 1], [131551, 1], [131564, 1], [131583, 1], [131596, 1], [131623, 1], [131632, 1], [131635, 1], [131645, 1], [131678, 1], [131679, 1], [131680, 1], [131682, 1], [131685, 1], [131686, 1], [131687, 1], [131701, 1], [131721, 1], [131724, 1], [131727, 1], [131747, 1], [131751, 1], [131763, 1], [131773, 1], [131792, 1], [131793, 1], [131801, 1], [131807, 1], [131823, 1], [131828, 1], [131829, 1], [131836, 1], [131840, 1], [131842, 1], [131846, 1], [131856, 1], [131860, 1], [131863, 1], [131867, 1], [131895, 1], [131905, 1], [131921, 1], [131927, 1], [131954, 1], [131959, 1], [131967, 1], [131970, 2], [131972, 1], [131984, 1], [131987, 1], [132004, 2], [132010, 1], [132026, 1], [132036, 1], [132038, 2], [132040, 1], [132041, 1], [132045, 1], [132046, 1], [132049, 1], [132055, 1], [132065, 1], [132066, 1], [132069, 1], [132124, 1], [132125, 1], [132186, 2], [132201, 1], [132210, 1], [132211, 1], [132235, 1], [132239, 1], [132245, 1], [132261, 1], [132267, 1], [132277, 1], [132292, 1], [132301, 1], [132304, 1], [132306, 1], [132310, 1], [132344, 1], [132348, 1], [132367, 1], [132374, 1], [132384, 1], [132387, 1], [132408, 1], [132412, 1], [132415, 1], [132435, 1], [132452, 1], [132456, 1], [132460, 1], [132467, 1], [132469, 1], [132470, 1], [132484, 1], [132496, 1], [132497, 1], [132507, 1], [132519, 1], [132526, 1], [132527, 1], [132540, 1], [132552, 1], [132553, 1], [132601, 1], [132616, 2], [132621, 2], [132624, 1], [132632, 1], [132641, 1], [132649, 1], [132659, 1], [132662, 1], [132681, 1], [132686, 2], [132689, 1], [132710, 2], [132711, 1], [132739, 1], [132757, 1], [132795, 1], [132805, 1], [132809, 1], [132810, 1], [132823, 1], [132846, 1], [132847, 1], [132857, 1], [132888, 1], [132895, 1], [132919, 1], [132929, 1], [132934, 1], [132942, 1], [132952, 1], [132958, 1], [132959, 1], [132961, 2], [132970, 1], [132982, 1], [132985, 1], [132998, 1], [133018, 1], [133023, 1], [133030, 1], [133032, 1], [133033, 2], [133041, 1], [133046, 1], [133061, 1], [133073, 1], [133085, 1], [133111, 1], [133113, 1], [133119, 1], [133130, 1], [133138, 1], [133142, 1], [133160, 1], [133162, 1], [133173, 1], [133178, 1], [133181, 1], [133196, 1], [133228, 1], [133259, 1], [133269, 1], [133273, 1], [133274, 1], [133282, 1], [133305, 1], [133331, 1], [133339, 1], [133354, 1], [133359, 1], [133368, 1], [133370, 1], [133371, 1], [133372, 1], [133380, 1], [133397, 1], [133407, 1], [133413, 1], [133414, 1], [133419, 1], [133423, 1], [133437, 1], [133444, 1], [133447, 1], [133457, 2], [133485, 1], [133494, 1], [133498, 1], [133500, 1], [133503, 2], [133513, 1], [133522, 1], [133523, 1], [133529, 1], [133537, 1], [133541, 1], [133551, 1], [133555, 1], [133578, 1], [133581, 1], [133614, 1], [133616, 1], [133620, 1], [133624, 1], [133640, 1], [133673, 1], [133684, 1], [133695, 1], [133722, 1], [133768, 1], [133769, 1], [133773, 1], [133775, 1], [133778, 1], [133780, 1], [133781, 1], [133787, 1], [133796, 1], [133797, 1], [133806, 1], [133823, 1], [133837, 1], [133849, 1], [133850, 1], [133868, 1], [133871, 1], [133872, 1], [133883, 1], [133893, 1], [133896, 1], [133911, 1], [133915, 1], [133920, 1], [133926, 1], [133928, 1], [133949, 1], [133953, 1], [133957, 1], [133965, 1], [133971, 1], [133982, 1], [134005, 1], [134009, 1], [134015, 1], [134021, 1], [134033, 1], [134040, 1], [134086, 1], [134091, 1], [134098, 1], [134100, 1], [134102, 1], [134110, 1], [134113, 1], [134121, 1], [134126, 1], [134131, 1], [134141, 1], [134158, 1], [134159, 1], [134169, 1], [134190, 1], [134198, 1], [134217, 1], [134224, 2], [134229, 1], [134234, 1], [134248, 1], [134254, 2], [134262, 1], [134279, 2], [134291, 1], [134292, 1], [134298, 1], [134311, 1], [134339, 1], [134344, 2], [134349, 1], [134376, 1], [134391, 1], [134395, 1], [134402, 1], [134404, 1], [134406, 1], [134444, 1], [134451, 1], [134453, 1], [134458, 1], [134462, 1], [134483, 1], [134489, 1], [134502, 1], [134503, 1], [134515, 1], [134516, 1], [134532, 1], [134541, 1], [134547, 1], [134552, 1], [134556, 1], [134560, 1], [134573, 1], [134610, 1], [134617, 1], [134618, 1], [134623, 1], [134629, 1], [134635, 1], [134677, 1], [134700, 2], [134723, 1], [134740, 2], [134751, 1], [134777, 1], [134783, 1], [134798, 1], [134810, 1], [134835, 1], [134838, 1], [134839, 1], [134840, 1], [134867, 1], [134875, 1], [134877, 1], [134879, 1], [134881, 1], [134888, 1], [134895, 1], [134900, 1], [134908, 2], [134916, 1], [134926, 1], [134929, 1], [134947, 2], [134959, 1], [134965, 1], [134994, 1], [135002, 1], [135017, 1], [135020, 1], [135088, 1], [135091, 1], [135116, 1], [135117, 1], [135118, 1], [135126, 1], [135129, 1], [135130, 1], [135132, 1], [135137, 1], [135148, 1], [135160, 1], [135177, 2], [135191, 1], [135201, 1], [135211, 1], [135212, 1], [135227, 1], [135234, 1], [135247, 1], [135249, 1], [135255, 1], [135262, 1], [135263, 1], [135266, 1], [135268, 1], [135270, 1], [135295, 1], [135299, 1], [135302, 1], [135318, 1], [135324, 1], [135331, 1], [135341, 1], [135342, 1], [135345, 1], [135354, 1], [135355, 1], [135382, 1], [135387, 1], [135393, 1], [135398, 1], [135399, 1], [135408, 1], [135413, 1], [135469, 1], [135481, 1], [135493, 1], [135500, 2], [135507, 1], [135508, 1], [135513, 1], [135515, 1], [135516, 1], [135517, 1], [135519, 1], [135538, 1], [135543, 1], [135559, 1], [135568, 1], [135575, 1], [135577, 1], [135588, 1], [135589, 1], [135592, 1], [135593, 1], [135603, 1], [135611, 1], [135643, 1], [135650, 1], [135651, 1], [135665, 1], [135668, 1], [135675, 1], [135698, 1], [135699, 1], [135704, 2], [135708, 1], [135728, 1], [135730, 1], [135734, 1], [135736, 1], [135737, 1], [135740, 1], [135751, 1], [135758, 1], [135768, 1], [135798, 1], [135807, 1], [135815, 1], [135818, 2], [135827, 2], [135829, 1], [135834, 1], [135856, 1], [135858, 1], [135869, 1], [135873, 1], [135878, 1], [135906, 1], [135912, 1], [135916, 1], [135934, 1], [135941, 1], [135955, 1], [135970, 1], [135987, 1], [135998, 1], [136000, 1], [136011, 1], [136014, 1], [136017, 1], [136027, 1], [136031, 1], [136045, 1], [136051, 1], [136057, 2], [136063, 1], [136070, 1], [136075, 1], [136079, 1], [136096, 1], [136099, 1], [136115, 1], [136138, 1], [136149, 1], [136154, 1], [136178, 1], [136187, 1], [136189, 1], [136237, 1], [136245, 1], [136263, 2], [136265, 1], [136278, 1], [136289, 1], [136303, 1], [136306, 1], [136308, 1], [136309, 1], [136310, 1], [136324, 1], [136344, 1], [136349, 1], [136365, 1], [136372, 1], [136378, 1], [136379, 1], [136384, 1], [136404, 1], [136446, 1], [136456, 1], [136460, 1], [136464, 1], [136465, 1], [136469, 1], [136475, 2], [136483, 1], [136485, 2], [136490, 1], [136506, 1], [136507, 1], [136537, 1], [136547, 1], [136548, 1], [136566, 1], [136570, 1], [136574, 1], [136578, 2], [136597, 2], [136623, 1], [136627, 1], [136628, 1], [136637, 1], [136638, 2], [136643, 1], [136648, 1], [136653, 1], [136655, 1], [136657, 1], [136661, 1], [136688, 1], [136713, 1], [136715, 1], [136723, 1], [136725, 1], [136727, 1], [136741, 1], [136745, 1], [136756, 1], [136757, 1], [136768, 1], [136776, 1], [136780, 1], [136795, 1], [136830, 1], [136833, 1], [136840, 1], [136862, 1], [136876, 1], [136878, 1], [136879, 1], [136897, 1], [136899, 1], [136902, 1], [136905, 1], [136908, 1], [136914, 1], [136921, 1], [136923, 1], [136927, 1], [136933, 1], [136952, 1], [136969, 1], [136976, 1], [136989, 1], [137003, 1], [137004, 1], [137026, 2], [137030, 1], [137035, 1], [137054, 2], [137064, 1], [137069, 1], [137082, 1], [137093, 1], [137118, 1], [137121, 1], [137155, 1], [137171, 1], [137187, 2], [137192, 1], [137198, 1], [137200, 1]]",
site,partB/calibration_run,,,,,notes/partB17_calibration.py,106,9,notes/partB17_calibration.py:150,PairPhiID,9800,2940000,0,0,0,0.0008328895174223933,2,0,,,,0,,
site,partB/calibration_run,,,,,notes/partB17_calibration.py,109,36,notes/partB17_calibration.py:150,atoms_from_corr,9800,2940000,0,0,0,0.0005860957629734595,6,0,,,,0,,
site,partB/calibration_run,,,,,notes/partB17_calibration.py,112,13,notes/partB17_calibration.py:150,PairPhiID,19600,5880000,0,0,0,0.0008009101061965914,6,0,,,,0,,
site,partB/calibration_run,,,,,notes/partB17_calibration.py,114,33,notes/partB17_calibration.py:150,atoms_from_corr,19600,5880000,0,0,0,0.0003966868694218056,22,0,,,,0,,
site,partB/calibration_run,,,,,notes/partB17_calibration.py,104,72,notes/partB17_calibration.py:150,atoms_from_corr sts,0,0,0,0,0,,0,11494,-3.1617999655689615,5.823852017647858,12277.798890719256,,,"[[0.9242703433751591, 0.8597074271390669, 0.9658764414929454, 0.8303711504501375, 0.8927309502366614, -0.0018421453971340335, 0.7406725385564028], [0.8224978793565905, 0.9598079411426019, -0.8020061995473582, -0.7697719191711526, -0.6596483983585406, -0.003993865712486092, 0.9456904686262058], [0.7487099837407103, 0.9324498380742935, 0.8070917424547317, 0.7525725645630139, 0.6042776453705437, -0.001942546816523211, 1.2335656831543935], [0.7643404293732136, 0.9390218024902409, -0.8085384192262476, -0.7592352038044411, -0.6179986025161295, -0.003007162001262656, 0.9947630366049323], [0.5491212165940956, 0.9420884872704506, -0.6758927717476969, -0.6367507988928197, -0.3711470611092507, -0.018822940206096164, -0.5405869464811639], [0.7988181507675215, 0.9458008597492841, 0.8254424319471241, 0.7807041618091298, 0.6593783970530473, -0.0029697657451562627, 1.037445572377202], [0.8274456502729096, 0.9500980762521439, -0.8263044405882065, -0.7850702594014589, -0.6837220151659014, -0.0007022436528604012, 1.921427329996331], [0.8170764301444529, 0.9503750769013247, 0.8204816931964838, 0.7797653522677374, 0.6703962528758591, -0.0018179295450752718, 1.3869168617058238], [0.7290239606183635, 0.9263863067343022, 0.8087370228290619, 0.7492029036979098, 0.5895886674815466, -0.0022877186936567603, 1.1236944067601466], [0.9500688866375481, 0.8533692936143812, 0.8686608873277095, 0.741288527809289, 0.8252876820890216, -0.000818345508570325, 1.7804187063057273], [0.9524650619096479, 0.8269453688986003, 0.8885553817684267, 0.7347867579633283, 0.8463179567062153, -0.008214844648020619, 0.06229939675207263], [0.8785046759586312, 0.9562950552773293, 0.9128971692429116, 0.8729990489236676, 0.8019844318492958, -0.0030379677949541302, 0.8388490946066854], [0.7813307585981812, 0.9159430160326836, -0.8814773949591683, -0.8073830637035336, -0.6887254016905956, -9.283156255785575e-05, 2.7425419097640362], [0.7662636281605029, 0.941075736004432, -0.7934696137346515, -0.7467150007424895, -0.6080069050554269, -0.0018186384640982679, 1.3253570488816684], [0.6729836057321351, 0.9053028502664672, 0.8183313860273145, 0.7408377362330364, 0.5507236068524378, -0.002811113602842545, 0.946091363530841], [0.6622723462850519, 0.903106196297796, 0.8054246425186607, 0.7273839853095397, 0.5334104677566327, -0.000980561721570719, 1.5352632765437213], [0.8899330615085507, 0.6401405829745404, -0.8222313701501887, -0.5263436686278968, -0.7317308805061278, -0.0017859192868916116, 1.1732018675434241], [0.9454734983349906, 0.8552723803337511, 0.885495920160962, 0.7573402034118912, 0.8372129253959463, -0.0003324024771652941, 2.190742077840923], [0.8771579650652451, 0.9556254027867731, -0.9051332870832922, -0.8649683620446871, -0.7939448722107969, -0.002394310057956195, 1.0483205531287556], [0.671305652558863, 0.8921009271205967, -0.8452704766102894, -0.7540665758517079, -0.5674348488896115, -0.0021920973989784944, 1.0610692222547167]]"
step,partB/calibration_filtered_run,notes/partB17b_calibration_filtered.py,,0,3904,,,,,,,,,,,,,,,,,,,
site,partB/calibration_filtered_run,,,,,notes/review_v2_residual_null.py,67,10,notes/partB17b_calibration_filtered.py:121 < notes/partB17b_calibration_filtered.py:126,atoms_from_corr,12,1800000,0,0,0,0.0006416124535528325,7,0,,,,0,,
site,partB/calibration_filtered_run,,,,,notes/review_v2_residual_null.py,69,11,notes/partB17b_calibration_filtered.py:121 < notes/partB17b_calibration_filtered.py:126,atoms_from_corr,12,1800000,0,4,4,-0.0013449165075373052,27,0,,,,1,"[[2, 4]]",
site,partB/calibration_filtered_run,,,,,notes/review_v2_residual_null.py,69,11,notes/partB17b_calibration_filtered.py:121 < notes/partB17b_calibration_filtered.py:126,atoms_from_corr sts,0,0,0,0,0,,0,4,1.9711691965122626,2.7796184537545785,10.212411327859693,,,"[[0.9648775872518546, 0.990394317096854, -0.8447110510061222, -0.8365970245053742, -0.8150427608197655, -0.0004942277975969415, 2.7640104410666306], [0.9128793700828575, 0.9815274640765722, 0.7833749008281818, 0.7689039798311216, 0.7151267860067516, -0.0013449165075373052, 1.9711691965122626], [0.9572169690819454, 0.9887668423733904, 0.8311813520188907, 0.821844560875364, 0.7956208945369561, -0.0005206679078112414, 2.6976132365262213], [0.9669688630755595, 0.9901920193560337, 0.861857816631616, 0.8534047318482421, 0.8333896730810577, -0.0004432149251255114, 2.7796184537545785]]"
site,partB/calibration_filtered_run,,,,,notes/review_v2_residual_null.py,67,10,notes/partB17b_calibration_filtered.py:121 < notes/partB17b_calibration_filtered.py:127,atoms_from_corr,6,900000,0,0,0,0.0005795938662310796,41,0,,,,0,,
site,partB/calibration_filtered_run,,,,,notes/review_v2_residual_null.py,69,11,notes/partB17b_calibration_filtered.py:121 < notes/partB17b_calibration_filtered.py:127,atoms_from_corr,6,900000,0,2,2,-0.0003205060878443692,220,0,,,,1,"[[2, 2]]",
site,partB/calibration_filtered_run,,,,,notes/review_v2_residual_null.py,69,11,notes/partB17b_calibration_filtered.py:121 < notes/partB17b_calibration_filtered.py:127,atoms_from_corr sts,0,0,0,0,0,,0,2,1.8238047076818233,2.1297471738455513,3.9535518815273747,,,"[[0.9534571832013615, 0.9160142861715687, -0.960221968132099, -0.8795770407047835, -0.9155305329832987, -0.0003205060878443692, 1.8238047076818233], [0.8819263882709782, 0.9342077075807357, 0.9568751872097333, 0.8939201750840923, 0.8438934778819962, -0.00018133465577132603, 2.1297471738455513]]"
site,partB/calibration_filtered_run,,,,,notes/review_v2_residual_null.py,67,10,notes/partB17b_calibration_filtered.py:121 < notes/partB17b_calibration_filtered.py:128,atoms_from_corr,8,1200000,0,0,0,0.0008110707014235513,2,0,,,,0,,
site,partB/calibration_filtered_run,,,,,notes/review_v2_residual_null.py,69,11,notes/partB17b_calibration_filtered.py:121 < notes/partB17b_calibration_filtered.py:128,atoms_from_corr,8,1200000,0,0,0,0.0003402990894174013,11,0,,,,0,,
site,partB/calibration_filtered_run,,,,,notes/review_v2_residual_null.py,67,10,notes/partB17b_calibration_filtered.py:121 < notes/partB17b_calibration_filtered.py:129,atoms_from_corr,5,750000,0,0,0,0.00150192747768112,0,0,,,,0,,
site,partB/calibration_filtered_run,,,,,notes/review_v2_residual_null.py,69,11,notes/partB17b_calibration_filtered.py:121 < notes/partB17b_calibration_filtered.py:129,atoms_from_corr,5,750000,0,2,2,-0.0022022376106187735,6,0,,,,1,"[[2, 2]]",
site,partB/calibration_filtered_run,,,,,notes/review_v2_residual_null.py,69,11,notes/partB17b_calibration_filtered.py:121 < notes/partB17b_calibration_filtered.py:129,atoms_from_corr sts,0,0,0,0,0,,0,2,0.9377626242597199,1.1045286228104996,2.0422912470702195,,,"[[0.9381556111337921, 0.856168154870637, -0.9309288074614332, -0.7970315994001779, -0.8733560842860332, -0.0022022376106187735, 0.9377626242597199], [0.9502480998029642, 0.8749694685550484, -0.9177023442288399, -0.8029615324216302, -0.8720449087881809, -0.0019149175343344102, 1.1045286228104996]]"
site,partB/calibration_filtered_run,,,,,notes/review_v2_residual_null.py,67,10,notes/partB17b_calibration_filtered.py:121 < notes/partB17b_calibration_filtered.py:130,atoms_from_corr,3,450000,0,0,0,0.001972207516323748,0,0,,,,0,,
site,partB/calibration_filtered_run,,,,,notes/review_v2_residual_null.py,69,11,notes/partB17b_calibration_filtered.py:121 < notes/partB17b_calibration_filtered.py:130,atoms_from_corr,3,450000,0,0,0,0.0008531725139178765,1,0,,,,0,,
site,partB/calibration_filtered_run,,,,,notes/partB17b_calibration_filtered.py,164,13,notes/partB17b_calibration_filtered.py:209,PairPhiID,137200,41160000,0,0,0,0.0005892649399997714,15,0,,,,0,,
site,partB/calibration_filtered_run,,,,,notes/partB17b_calibration_filtered.py,166,72,notes/partB17b_calibration_filtered.py:209,atoms_from_corr,137200,41160000,0,15,15,-0.0020293460637109727,106,0,,,,15,"[[15024, 1], [21871, 1], [37533, 1], [59321, 1], [70236, 1], [92666, 1], [120975, 1], [121932, 1], [121962, 1], [125200, 1], [128464, 1], [133954, 1], [135046, 1], [135497, 1], [135525, 1]]",
site,partB/calibration_filtered_run,,,,,notes/partB17b_calibration_filtered.py,168,9,notes/partB17b_calibration_filtered.py:209,PairPhiID,9800,2940000,0,0,0,0.003486256557230111,0,0,,,,0,,
site,partB/calibration_filtered_run,,,,,notes/partB17b_calibration_filtered.py,171,36,notes/partB17b_calibration_filtered.py:209,atoms_from_corr,9800,2940000,0,0,0,0.0033499921975710385,0,0,,,,0,,
site,partB/calibration_filtered_run,,,,,notes/partB17b_calibration_filtered.py,174,13,notes/partB17b_calibration_filtered.py:209,PairPhiID,19600,5880000,0,0,0,0.0031123352457972714,0,0,,,,0,,
site,partB/calibration_filtered_run,,,,,notes/partB17b_calibration_filtered.py,176,33,notes/partB17b_calibration_filtered.py:209,atoms_from_corr,19600,5880000,0,0,0,0.0021046137100474544,0,0,,,,0,,
site,partB/calibration_filtered_run,,,,,notes/partB17b_calibration_filtered.py,166,72,notes/partB17b_calibration_filtered.py:209,atoms_from_corr sts,0,0,0,0,0,,0,15,0.8433523626847552,2.7564279284709263,28.203032309576876,,,"[[0.9509042422102707, 0.891147098989259, -0.9274737242134116, -0.8265155187215458, -0.8819386988930917, -0.0005594193816793922, 1.7820328362551212], [0.9770004007470541, 0.8974427266601437, 0.8034233845259676, 0.7210264728715055, 0.7849449686514249, -0.0020293460637109727, 1.6098600607591433], [0.9175081600765213, 0.9652160016008312, 0.9112570100734878, 0.8795598476938603, 0.8360857426693578, -0.00012981735934609954, 2.7564279284709263], [0.9150152435610109, 0.9759257858288262, -0.8468016788894834, -0.8264155939113884, -0.7748364444569337, -0.001152357260368093, 1.9005276787701169], [0.9294005779619143, 0.9719544977114355, -0.9108102910412106, -0.8852661589393662, -0.8465076109073605, -0.0005917872043067108, 2.026894394728944], [0.8853261303821188, 0.9734460552074146, 0.7900019095863229, 0.7690242424931306, 0.6994093336085437, -0.0011358484303806522, 1.933219513447811], [0.9643753695031803, 0.9194376971715303, -0.9400325554397303, -0.8643013680397745, -0.9065442429972087, -0.0012279041498839066, 1.3173164519301035], [0.9442395782852365, 0.8597280972160183, 0.8988147753156501, 0.7727363165317669, 0.8486964844005891, -0.00049289662412291, 1.9358335969191107], [0.9471433672669863, 0.8971148581416326, -0.9513489900353086, -0.8534693142387113, -0.9010638858680888, -0.0006453884939240859, 1.5212060280886384], [0.9577627133419557, 0.8643835939411847, -0.8441101076470262, -0.7296349285300168, -0.8084571870593862, -0.0003215133153258371, 2.388748386749363], [0.9406414180369168, 0.8849317383577576, 0.9625076551776578, 0.8517535724790138, 0.9053745656376998, -0.00170577620208658, 0.8433523626847552], [0.9471812147596944, 0.9164189253219136, 0.9739032432785115, 0.8925033635728197, 0.9224628570269467, -9.940634228886524e-05, 2.249156250680783], [0.9635569721081421, 0.9353815000964346, -0.9705885428049943, -0.9078705671453481, -0.9352173574680341, -0.0006128501757052263, 1.349678084499029], [0.9593245700750772, 0.913292622291477, 0.9360533991374782, 0.854890663503118, 0.8979790246948759, -0.0004727316872144583, 1.8752879429434173], [0.9737457277813505, 0.902355646180066, 0.8137983564407063, 0.7343355417863292, 0.7924326728596225, -0.00027243364875423684, 2.713490792649611]]"
site,partB/calibration_filtered_run,,,,,notes/partB17b_calibration_filtered.py,231,11,notes/partB17b_calibration_filtered.py:249,atoms_from_corr,2,40000,0,0,0,0.0017349695295652146,0,0,,,,0,,
site,partB/calibration_filtered_run,,,,,notes/partB17b_calibration_filtered.py,231,11,notes/partB17b_calibration_filtered.py:250,atoms_from_corr,2,40000,0,0,0,0.0019122079617547906,0,0,,,,0,,
step,partB2_ccs_verify,notes/partB2_ccs_verify.py,,0,2,,,,,,,,,,,,,,,,,,,
step,partB2_ccs_run,notes/partB2_ccs_run.py,,0,380,,,,,,,,,,,,,,,,,,,
site,partB2_ccs_run,,,,,notes/partB2_ccs_run.py,54,21,notes/partB2_ccs_run.py:79,PairPhiID,784,5139120,0,0,0,0.0012953228058595544,0,0,,,,0,,
site,partB2_ccs_run,,,,,notes/partB2_ccs_run.py,59,17,notes/partB2_ccs_run.py:79,PairPhiID,56,367080,0,0,0,0.0047842085336807115,0,0,,,,0,,
site,partB2_ccs_run,,,,,notes/partB2_ccs_run.py,124,21,,PairPhiID,4,26220,0,0,0,0.004716876544036795,0,0,,,,0,,
step,partB3_lag,notes/partB3_lag.py,,0,521,,,,,,,,,,,,,,,,,,,
site,partB3_lag,,,,,notes/partB3_lag.py,49,10,,atoms_from_corr,1,36481,0,0,0,0.002500000000000106,0,0,,,,0,,
site,partB3_lag,,,,,notes/partB3_lag.py,50,7,,atoms_from_corr,1,36481,0,0,0,0.0024499999999997896,0,0,,,,0,,
site,partB3_lag,,,,,notes/partB3_lag.py,50,89,,atoms_from_corr,1,36481,0,0,0,0.0024499999999997896,0,0,,,,0,,
site,partB3_lag,,,,,notes/partB3_lag.py,51,7,,atoms_from_corr,1,36481,0,0,0,0.002449999999999956,0,0,,,,0,,
site,partB3_lag,,,,,notes/partB3_lag.py,51,83,,atoms_from_corr,1,36481,0,0,0,0.002449999999999956,0,0,,,,0,,
site,partB3_lag,,,,,notes/partB3_lag.py,123,21,,PairPhiID,1568,10278240,0,0,0,0.0016572937874241547,0,0,,,,0,,
site,partB3_lag,,,,,notes/partB3_lag.py,127,17,,PairPhiID,112,734160,0,0,0,0.006518333850785495,0,0,,,,0,,
site,partB3_lag,,,,,notes/partB3_lag.py,150,17,,PairPhiID,40,262200,0,0,0,0.001833423692268634,0,0,,,,0,,
step,partB4_diagnostic,notes/partB4_diagnostic.py,,0,523,,,,,,,,,,,,,,,,,,,
site,partB4_diagnostic,,,,,notes/partB4_diagnostic.py,71,25,,PairPhiID,2352,15417360,0,0,0,0.00021399576934499974,94,0,,,,0,,
site,partB4_diagnostic,,,,,notes/partB4_diagnostic.py,75,24,,atoms_from_corr,2352,15417360,0,3286,3286,-0.024893802033602058,2427,0,,,,629,"[[19, 1], [277, 1], [325, 2], [398, 1], [399, 3], [402, 2], [412, 1], [413, 3], [415, 40], [422, 2], [425, 1], [426, 1], [429, 17], [430, 1], [433, 3], [434, 2], [436, 4], [437, 5], [439, 2], [441, 1], [445, 11], [446, 2], [448, 4], [453, 2], [457, 2], [458, 3], [460, 1], [461, 1], [464, 5], [465, 2], [469, 1], [475, 15], [477, 1], [479, 3], [481, 14], [482, 1], [483, 1], [484, 1], [488, 4], [490, 1], [492, 3], [495, 1], [496, 2], [498, 7], [504, 1], [509, 1], [511, 3], [518, 3], [520, 1], [522, 1], [523, 1], [524, 1], [536, 5], [538, 1], [539, 5], [540, 33], [543, 3], [544, 3], [548, 5], [550, 4], [553, 1], [554, 3], [555, 7], [561, 3], [564, 2], [569, 1], [570, 8], [572, 2], [574, 1], [575, 1], [577, 1], [578, 1], [579, 1], [580, 1], [584, 3], [585, 2], [586, 15], [594, 1], [597, 1], [598, 2], [599, 12], [600, 3], [601, 2], [602, 11], [604, 8], [605, 5], [608, 2], [609, 14], [610, 2], [613, 1], [615, 1], [622, 1], [623, 1], [624, 1], [625, 3], [631, 1], [633, 1], [635, 3], [640, 15], [641, 2], [643, 1], [644, 12], [648, 2], [649, 1], [650, 20], [651, 1], [652, 3], [653, 3], [660, 12], [661, 2], [663, 2], [665, 22], [666, 3], [669, 2], [670, 1], [672, 1], [673, 4], [675, 1], [678, 4], [680, 9], [682, 3], [683, 10], [687, 3], [690, 4], [691, 2], [693, 1], [694, 1], [698, 3], [699, 12], [700, 1], [702, 1], [704, 1], [705, 1], [710, 11], [711, 2], [716, 2], [718, 1], [719, 21], [720, 3], [721, 1], [722, 5], [723, 10], [726, 1], [728, 2], [731, 2], [732, 3], [733, 2], [734, 10], [737, 1], [741, 1], [742, 2], [745, 2], [748, 10], [754, 2], [756, 2], [760, 2], [764, 1], [765, 19], [770, 3], [772, 1], [773, 1], [775, 3], [776, 9], [777, 1], [782, 1], [783, 1], [785, 1], [786, 2], [788, 8], [789, 3], [790, 1], [791, 1], [792, 13], [794, 1], [796, 4], [800, 1], [805, 1], [808, 2], [809, 1], [810, 1], [813, 3], [814, 1], [815, 36], [819, 3], [823, 1], [825, 2], [826, 2], [828, 3], [829, 1], [830, 1], [831, 3], [832, 91], [833, 1], [834, 65], [835, 2], [836, 4], [837, 3], [838, 2], [839, 1], [840, 8], [845, 2], [846, 19], [847, 5], [848, 1], [852, 9], [853, 7], [854, 4], [855, 1], [856, 1], [857, 1], [860, 1], [865, 1], [869, 2], [870, 2], [874, 2], [875, 15], [876, 1], [877, 4], [880, 3], [883, 1], [885, 1], [886, 2], [887, 1], [888, 1], [889, 3], [893, 1], [894, 5], [895, 2], [896, 10], [897, 1], [901, 1], [903, 3], [904, 3], [905, 1], [907, 1], [913, 8], [918, 11], [919, 5], [920, 1], [922, 8], [924, 4], [926, 6], [929, 3], [932, 1], [934, 3], [939, 1], [940, 1], [942, 1], [946, 2], [947, 8], [948, 1], [950, 3], [951, 10], [952, 1], [956, 1], [960, 2], [968, 2], [969, 7], [970, 1], [973, 24], [976, 2], [977, 8], [979, 6], [984, 3], [985, 1], [987, 1], [992, 1], [993, 5], [997, 11], [1001, 1], [1004, 1], [1009, 4], [1010, 8], [1012, 18], [1016, 1], [1017, 1], [1018, 1], [1021, 12], [1023, 1], [1026, 1], [1027, 25], [1030, 2], [1031, 13], [1037, 5], [1040, 1], [1042, 112], [1043, 27], [1045, 4], [1046, 7], [1048, 4], [1049, 1], [1051, 7], [1054, 1], [1056, 1], [1058, 1], [1059, 1], [1061, 2], [1063, 19], [1064, 1], [1066, 1], [1071, 3], [1078, 2], [1079, 1], [1082, 11], [1083, 1], [1087, 1], [1091, 2], [1092, 1], [1093, 3], [1094, 4], [1096, 4], [1097, 2], [1105, 1], [1107, 6], [1108, 3], [1109, 5], [1114, 8], [1117, 1], [1118, 8], [1119, 3], [1120, 3], [1129, 1], [1130, 14], [1131, 1], [1142, 2], [1144, 1], [1145, 2], [1146, 7], [1149, 1], [1162, 1], [1165, 1], [1166, 1], [1167, 2], [1175, 1], [1224, 1], [1396, 1], [1463, 1], [1489, 1], [1574, 1], [1575, 4], [1576, 1], [1578, 25], [1585, 1], [1587, 13], [1588, 6], [1589, 2], [1591, 10], [1594, 1], [1602, 2], [1605, 1], [1613, 3], [1617, 1], [1621, 2], [1622, 2], [1624, 1], [1629, 1], [1630, 1], [1637, 1], [1638, 2], [1640, 1], [1648, 1], [1651, 2], [1653, 9], [1657, 4], [1658, 2], [1664, 5], [1667, 8], [1668, 2], [1674, 18], [1676, 5], [1677, 2], [1678, 1], [1683, 1], [1685, 1], [1687, 1], [1690, 2], [1694, 1], [1696, 1], [1698, 1], [1699, 1], [1712, 3], [1715, 6], [1716, 10], [1717, 5], [1719, 3], [1720, 2], [1724, 3], [1726, 27], [1729, 2], [1730, 2], [1731, 35], [1732, 3], [1736, 30], [1737, 8], [1743, 1], [1746, 8], [1748, 3], [1749, 1], [1750, 2], [1754, 3], [1760, 1], [1762, 9], [1768, 1], [1770, 8], [1772, 2], [1773, 1], [1775, 3], [1776, 5], [1777, 2], [1778, 13], [1779, 1], [1780, 2], [1783, 1], [1784, 2], [1785, 1], [1787, 4], [1789, 1], [1795, 2], [1796, 1], [1800, 2], [1809, 5], [1811, 2], [1813, 1], [1814, 3], [1816, 6], [1820, 2], [1822, 1], [1824, 1], [1825, 2], [1826, 27], [1827, 1], [1829, 2], [1834, 3], [1836, 6], [1837, 2], [1839, 3], [1840, 1], [1841, 1], [1842, 3], [1848, 1], [1849, 1], [1853, 6], [1854, 6], [1855, 6], [1856, 9], [1857, 5], [1858, 3], [1859, 3], [1860, 1], [1862, 1], [1866, 4], [1867, 1], [1870, 1], [1871, 25], [1875, 1], [1878, 1], [1880, 2], [1881, 12], [1883, 1], [1884, 2], [1886, 20], [1887, 3], [1892, 2], [1895, 9], [1896, 3], [1897, 3], [1898, 26], [1899, 8], [1900, 1], [1906, 5], [1908, 6], [1909, 5], [1912, 2], [1913, 2], [1914, 65], [1917, 1], [1918, 2], [1920, 1], [1924, 1], [1928, 11], [1932, 1], [1936, 10], [1940, 2], [1941, 4], [1947, 1], [1951, 5], [1952, 3], [1953, 3], [1959, 1], [1964, 5], [1965, 3], [1966, 18], [1967, 1], [1968, 5], [1969, 5], [1972, 5], [1983, 1], [1984, 1], [1985, 1], [1986, 1], [1988, 3], [1989, 1], [1990, 1], [1991, 29], [1995, 11], [1996, 1], [1998, 1], [2003, 2], [2004, 1], [2007, 1], [2008, 113], [2010, 16], [2011, 1], [2014, 1], [2016, 8], [2020, 11], [2021, 4], [2023, 6], [2024, 4], [2025, 1], [2028, 3], [2030, 16], [2033, 1], [2034, 12], [2036, 1], [2042, 1], [2043, 1], [2051, 8], [2053, 25], [2059, 1], [2061, 1], [2062, 26], [2063, 2], [2064, 2], [2065, 13], [2067, 1], [2069, 3], [2070, 4], [2072, 2], [2075, 3], [2076, 2], [2080, 1], [2081, 1], [2083, 10], [2089, 3], [2090, 1], [2098, 2], [2104, 1], [2105, 8], [2111, 1], [2112, 2], [2117, 1], [2120, 2], [2123, 7], [2124, 4], [2127, 2], [2128, 3], [2141, 1], [2144, 7], [2145, 7], [2149, 5], [2152, 1], [2153, 20], [2155, 6], [2160, 1], [2161, 1], [2164, 2], [2169, 11], [2170, 1], [2173, 6], [2174, 1], [2177, 3], [2179, 5], [2180, 1], [2186, 6], [2187, 5], [2188, 1], [2190, 5], [2192, 5], [2193, 135], [2194, 11], [2195, 1], [2196, 2], [2202, 2], [2207, 1], [2208, 24], [2211, 1], [2216, 6], [2218, 26], [2219, 62], [2221, 4], [2222, 10], [2224, 3], [2225, 1], [2227, 1], [2235, 3], [2236, 9], [2240, 1], [2241, 1], [2247, 1], [2249, 7], [2254, 1], [2260, 3], [2263, 2], [2269, 2], [2270, 2], [2272, 1], [2273, 1], [2275, 2], [2281, 2], [2284, 1], [2289, 1], [2292, 6], [2293, 4], [2294, 3], [2305, 3], [2306, 3], [2307, 7], [2318, 2], [2321, 2], [2322, 4], [2323, 2], [2330, 3], [2335, 3], [2338, 1], [2341, 2], [2343, 1], [2349, 1], [2351, 5]]",
site,partB4_diagnostic,,,,,notes/partB4_diagnostic.py,77,25,,atoms_from_corr,2352,15417360,0,0,0,0.00010653284298121481,273,0,,,,0,,
site,partB4_diagnostic,,,,,notes/partB4_diagnostic.py,75,24,,atoms_from_corr sts,0,0,0,0,0,,0,3286,-1.9437379665014585,5.621827338808773,5158.707498258207,,,"[[0.8806917280638076, 0.949555440421798, 0.9198374087129807, 0.8734366157468998, 0.8100931970171699, -0.0010248302065855649, 1.4740602422565747], [0.9567606698696425, 0.8427570990662916, 0.8144459856493377, 0.6863801362120224, 0.7792298868025015, -0.0005237944856474695, 2.1478426960801906], [0.8447195722046104, 0.9675782523579741, -0.7437847215876041, -0.7196699210442964, -0.6282895118318061, -0.0002801586331421127, 2.602408799920638], [0.8447195722046104, 0.9583095654869394, -0.8079044821749637, -0.7742225932680402, -0.6824527285650226, -0.0004343906396170868, 2.2661440168408475], [0.9622235253387227, 0.8546837264002527, 0.8083369495456819, 0.6908724362247165, 0.7778008292533952, -0.0009740117902290181, 1.869266934807149], [0.8022926286465989, 0.9470948197906986, 0.8293358384121317, 0.7854596764269058, 0.6653700298305001, -0.0034884692198286784, 0.9311212296857636], [0.8444052492954727, 0.9632788465085864, -0.7726832693205659, -0.744309448387598, -0.6524578086570733, -0.00014722038748414253, 2.886349991405735], [0.8782375914609597, 0.9445495350000653, 0.9348002560573871, 0.8829651471769471, 0.8209767253769281, -0.0011750836526415417, 1.2952608567741208], [0.8717691614439333, 0.9594198365927035, 0.8653259125367057, 0.8302108456053982, 0.7543644451478303, -0.0015888419119102627, 1.4777868664754983], [0.8087693037526931, 0.9340619425651037, -0.8602437281733544, -0.8035209278170504, -0.6957387210923848, -0.0001734953125738978, 2.4989519873718704], [0.9618103696765046, 0.7881209793206045, -0.7082953478984971, -0.5582224232339918, -0.681245810402402, -0.001160582150692195, 1.7284211924893758], [0.7948758838448375, 0.9641705142715893, 0.7709918312483384, 0.7433675904339048, 0.6128428133006728, -0.00778789023875793, 0.38079633097021404], [0.7948758838448375, 0.9538853379700981, 0.7699141471740026, 0.7344098164850333, 0.6119861882195797, -0.0017330262150587114, 1.4553679629897214], [0.9641705142715893, 0.8898475845055934, 0.8556120250823019, 0.7613642937934256, 0.824955886240559, -0.0002247546939569689, 2.627324340928756], [0.8630349992300699, 0.9646967941690843, 0.8122283552813974, 0.783554090473192, 0.7009814979749217, -0.0012911774813563286, 1.7315221936116272], [0.8630349992300699, 0.9715263226652331, 0.7425769902771553, 0.7214330926597812, 0.6408699322321123, -0.00010902704265949972, 3.147794517665296], [0.8630349992300699, 0.9643518188829765, 0.822818382736763, 0.7934864040025466, 0.7101210623117096, -0.0019066867430293797, 1.4798060043043217], [0.8809434071832408, 0.9614981019074523, -0.9162866941450742, -0.8810079172235432, -0.8071967222968298, -0.004820255919244481, 0.4455037730745013], [0.8254388273744425, 0.9715263226652331, -0.7324742080637796, -0.7116179738073326, -0.6046126513861897, -0.004368440396512793, 0.9830429946652282], [0.7497765040518953, 0.9614981019074523, -0.6768316301717212, -0.6507723277210367, -0.5074724535018984, -0.002709785132709541, 1.1641757158496437]]"
site,partB4_diagnostic,,,,,notes/partB4_diagnostic.py,130,17,,PairPhiID,56,367080,0,0,0,0.0047842085336807115,0,0,,,,0,,
site,partB4_diagnostic,,,,,notes/partB4_diagnostic.py,132,40,,atoms_from_corr,56,367080,0,0,0,0.004033295385384042,0,0,,,,0,,
step,partB/family_atoms_run,notes/partB14_family_atoms.py,,0,58,,,,,,,,,,,,,,,,,,,
site,partB/family_atoms_run,,,,,notes/partB14_family_atoms.py,81,21,,PairPhiID,784,5139120,0,0,0,0.0012953228058595544,0,0,,,,0,,
site,partB/family_atoms_run,,,,,notes/partB14_family_atoms.py,85,43,,atoms_from_corr,784,5139120,0,8,8,-0.0013036896967438827,35,0,,,,7,"[[19, 1], [277, 1], [325, 2], [440, 1], [612, 1], [679, 1], [705, 1]]",
site,partB/family_atoms_run,,,,,notes/partB14_family_atoms.py,85,43,,atoms_from_corr sts,0,0,0,0,0,,0,8,1.4740602422565747,3.351499440253299,17.64364426085399,,,"[[0.8806917280638076, 0.949555440421798, 0.9198374087129807, 0.8734366157468998, 0.8100931970171699, -0.0010248302065855649, 1.4740602422565747], [0.9567606698696425, 0.8427570990662916, 0.8144459856493377, 0.6863801362120224, 0.7792298868025015, -0.0005237944856474695, 2.1478426960801906], [0.8447195722046104, 0.9675782523579741, -0.7437847215876041, -0.7196699210442964, -0.6282895118318061, -0.0002801586331421127, 2.602408799920638], [0.8447195722046104, 0.9583095654869394, -0.8079044821749637, -0.7742225932680402, -0.6824527285650226, -0.0004343906396170868, 2.2661440168408475], [0.9066832898808422, 0.9588976928718619, 0.9212207274745181, 0.8833564302010536, 0.8352554398930189, -0.00029783757944041813, 2.214153102753383], [0.8863927690934569, 0.9736035946612192, -0.7726445787812823, -0.75224953929696, -0.6848665677109884, -8.010383314062363e-05, 3.351499440253299], [0.968469904414982, 0.9143295548808589, 0.9052897947504552, 0.8277332150723679, 0.8767459209898321, -0.0013036896967438827, 1.544257618879724], [0.9558328296595997, 0.89343322277627, 0.9101703210487316, 0.8131764032098806, 0.8699706734401955, -0.0004332581831980967, 2.043278343869335]]"
site,partB/family_atoms_run,,,,,notes/partB14_family_atoms.py,135,17,,PairPhiID,56,367080,0,0,0,0.0047842085336807115,0,0,,,,0,,
site,partB/family_atoms_run,,,,,notes/partB14_family_atoms.py,137,40,,atoms_from_corr,56,367080,0,0,0,0.004033295385384042,0,0,,,,0,,
step,partB/directed_crosslag_run,notes/partB15_directed_crosslag.py,,0,77,,,,,,,,,,,,,,,,,,,
site,partB/directed_crosslag_run,,,,,notes/partB15_directed_crosslag.py,109,17,,PairPhiID,56,367080,0,0,0,0.0047842085336807115,0,0,,,,0,,
site,partB/directed_crosslag_run,,,,,notes/partB15_directed_crosslag.py,88,11,notes/partB15_directed_crosslag.py:111,atoms_from_corr,56,367080,0,0,0,0.004033295385384042,0,0,,,,0,,
site,partB/directed_crosslag_run,,,,,notes/partB15_directed_crosslag.py,89,13,notes/partB15_directed_crosslag.py:111,atoms_from_corr,56,367080,0,0,0,0.003704210133309847,0,0,,,,0,,
site,partB/directed_crosslag_run,,,,,notes/partB15_directed_crosslag.py,90,12,notes/partB15_directed_crosslag.py:111,atoms_from_corr,56,367080,0,0,0,0.005098373405711678,0,0,,,,0,,
site,partB/directed_crosslag_run,,,,,notes/partB15_directed_crosslag.py,91,13,notes/partB15_directed_crosslag.py:111,atoms_from_corr,56,367080,0,0,0,0.004784345000256695,0,0,,,,0,,
site,partB/directed_crosslag_run,,,,,notes/partB15_directed_crosslag.py,121,21,,PairPhiID,784,5139120,0,0,0,0.0012953228058595544,0,0,,,,0,,
site,partB/directed_crosslag_run,,,,,notes/review_v2_residual_null.py,67,10,notes/partB15_directed_crosslag.py:165 < notes/partB15_directed_crosslag.py:165,atoms_from_corr,6,900000,0,0,0,0.0006416124535528325,7,0,,,,0,,
site,partB/directed_crosslag_run,,,,,notes/review_v2_residual_null.py,69,11,notes/partB15_directed_crosslag.py:165 < notes/partB15_directed_crosslag.py:165,atoms_from_corr,6,900000,0,4,4,-0.0013449165075373052,26,0,,,,1,"[[2, 4]]",
site,partB/directed_crosslag_run,,,,,notes/review_v2_residual_null.py,69,11,notes/partB15_directed_crosslag.py:165 < notes/partB15_directed_crosslag.py:165,atoms_from_corr sts,0,0,0,0,0,,0,4,1.9711691965122626,2.7796184537545785,10.212411327859693,,,"[[0.9648775872518546, 0.990394317096854, -0.8447110510061222, -0.8365970245053742, -0.8150427608197655, -0.0004942277975969415, 2.7640104410666306], [0.9128793700828575, 0.9815274640765722, 0.7833749008281818, 0.7689039798311216, 0.7151267860067516, -0.0013449165075373052, 1.9711691965122626], [0.9572169690819454, 0.9887668423733904, 0.8311813520188907, 0.821844560875364, 0.7956208945369561, -0.0005206679078112414, 2.6976132365262213], [0.9669688630755595, 0.9901920193560337, 0.861857816631616, 0.8534047318482421, 0.8333896730810577, -0.0004432149251255114, 2.7796184537545785]]"
site,partB/directed_crosslag_run,,,,,notes/review_v2_residual_null.py,67,10,notes/partB15_directed_crosslag.py:166 < notes/partB15_directed_crosslag.py:166,atoms_from_corr,7,1050000,0,0,0,0.00022279023100666348,38,0,,,,0,,
site,partB/directed_crosslag_run,,,,,notes/review_v2_residual_null.py,69,11,notes/partB15_directed_crosslag.py:166 < notes/partB15_directed_crosslag.py:166,atoms_from_corr,7,1050000,0,0,0,6.769601275579524e-05,224,0,,,,0,,
site,partB/directed_crosslag_run,,,,,notes/review_v2_residual_null.py,67,10,notes/partB15_directed_crosslag.py:171 < notes/partB15_directed_crosslag.py:182,atoms_from_corr,1,150000,0,0,0,0.001544088562346963,0,0,,,,0,,
site,partB/directed_crosslag_run,,,,,notes/review_v2_residual_null.py,69,11,notes/partB15_directed_crosslag.py:171 < notes/partB15_directed_crosslag.py:182,atoms_from_corr,1,150000,0,1,1,-7.637333253140208e-05,1,0,,,,1,"[[1, 1]]",
site,partB/directed_crosslag_run,,,,,notes/review_v2_residual_null.py,69,11,notes/partB15_directed_crosslag.py:171 < notes/partB15_directed_crosslag.py:182,atoms_from_corr sts,0,0,0,0,0,,0,1,2.8839878355990782,2.8839878355990782,2.8839878355990782,,,"[[0.8815210426034905, 0.9490314804813724, 0.9116104017844295, 0.865146969227696, 0.8036037518291972, -7.637333253140208e-05, 2.8839878355990782]]"
site,partB/directed_crosslag_run,,,,,notes/partB15_directed_crosslag.py,88,11,notes/partB15_directed_crosslag.py:173 < notes/partB15_directed_crosslag.py:182,atoms_from_corr,1,150000,0,1,1,-7.637333253140208e-05,1,0,,,,1,"[[1, 1]]",
site,partB/directed_crosslag_run,,,,,notes/partB15_directed_crosslag.py,88,11,notes/partB15_directed_crosslag.py:173 < notes/partB15_directed_crosslag.py:182,atoms_from_corr sts,0,0,0,0,0,,0,1,2.8839878355990782,2.8839878355990782,2.8839878355990782,,,"[[0.8815210426034905, 0.9490314804813724, 0.9116104017844295, 0.865146969227696, 0.8036037518291972, -7.637333253140208e-05, 2.8839878355990782]]"
site,partB/directed_crosslag_run,,,,,notes/partB15_directed_crosslag.py,89,13,notes/partB15_directed_crosslag.py:173 < notes/partB15_directed_crosslag.py:182,atoms_from_corr,1,150000,0,0,0,0.00042321540426487316,2,0,,,,0,,
site,partB/directed_crosslag_run,,,,,notes/partB15_directed_crosslag.py,90,12,notes/partB15_directed_crosslag.py:173 < notes/partB15_directed_crosslag.py:182,atoms_from_corr,1,150000,0,0,0,0.0015260723319869417,0,0,,,,0,,
site,partB/directed_crosslag_run,,,,,notes/partB15_directed_crosslag.py,91,13,notes/partB15_directed_crosslag.py:173 < notes/partB15_directed_crosslag.py:182,atoms_from_corr,1,150000,0,0,0,0.0015466922748020968,0,0,,,,0,,
site,partB/directed_crosslag_run,,,,,notes/review_v2_residual_null.py,67,10,notes/partB15_directed_crosslag.py:171 < notes/partB15_directed_crosslag.py:194,atoms_from_corr,1,150000,0,0,0,0.002577733401621478,0,0,,,,0,,
site,partB/directed_crosslag_run,,,,,notes/review_v2_residual_null.py,69,11,notes/partB15_directed_crosslag.py:171 < notes/partB15_directed_crosslag.py:194,atoms_from_corr,1,150000,0,0,0,0.001992021782051395,0,0,,,,0,,
site,partB/directed_crosslag_run,,,,,notes/partB15_directed_crosslag.py,88,11,notes/partB15_directed_crosslag.py:173 < notes/partB15_directed_crosslag.py:194,atoms_from_corr,1,150000,0,0,0,0.001992021782051395,0,0,,,,0,,
site,partB/directed_crosslag_run,,,,,notes/partB15_directed_crosslag.py,89,13,notes/partB15_directed_crosslag.py:173 < notes/partB15_directed_crosslag.py:194,atoms_from_corr,1,150000,0,11,11,-0.006635034372178904,23,0,,,,1,"[[1, 11]]",
site,partB/directed_crosslag_run,,,,,notes/partB15_directed_crosslag.py,89,13,notes/partB15_directed_crosslag.py:173 < notes/partB15_directed_crosslag.py:194,atoms_from_corr sts,0,0,0,0,0,,0,11,0.5166462136275132,2.035385607608335,11.933813616732548,,,"[[0.8770021470723841, 0.8953323447148778, -0.8910095768281867, -0.9822942856138686, -0.5968727199114991, -0.0006004873035066075, 0.8934073476595694], [0.8730135944099686, 0.8418744233289384, -0.8090058446113959, -0.9717416048583455, -0.4156128243464814, -0.002116887684970133, 0.6676825938791331], [0.9544315213917909, 0.9318184168310012, -0.925708389465989, -0.964724246566106, -0.781393145876436, -0.0005518204565303796, 1.263821046348491], [0.8443714687005096, 0.8883108951221194, 0.7886157978280008, 0.9645737848799931, 0.40184689984849586, -0.006635034372178904, 0.5166462136275132], [0.9017730280972894, 0.9183922978661889, 0.8901663436584224, 0.9797884077456979, 0.6404615053210522, -0.0003320759878664934, 1.4806733542240877], [0.8845642526402159, 0.833018300662725, 0.8469916496747267, 0.9488754275703716, 0.5059026527042155, -0.0008641517243227497, 0.8742068678913677], [0.8640114790085311, 0.9020528868210491, 0.8158489020158288, 0.9507464844980806, 0.4900951892532634, -0.000542211828452278, 0.9747032653595133], [0.8632057199001567, 0.8830836125001905, -0.8795830570821029, -0.9816992014605349, -0.5543073080820271, -0.0006622762104613359, 0.6198193617382826], [0.8550682304142553, 0.8747567821163851, 0.8601954814945713, 0.98023788283751, 0.5077497767176369, -0.0001221188338452504, 2.035385607608335], [0.8490082703202972, 0.824334280666984, 0.8283043008912436, 0.9827363329041199, 0.40330049894297026, -0.0018811686410598843, 1.024146390060689], [0.9014219957112624, 0.9198087046068324, 0.8928017455668729, 0.9774199164392885, 0.6485780318846848, -0.0003034544668759665, 1.5833215683355646]]"
site,partB/directed_crosslag_run,,,,,notes/partB15_directed_crosslag.py,90,12,notes/partB15_directed_crosslag.py:173 < notes/partB15_directed_crosslag.py:194,atoms_from_corr,1,150000,0,0,0,0.006531511078917038,0,0,,,,0,,
site,partB/directed_crosslag_run,,,,,notes/partB15_directed_crosslag.py,91,13,notes/partB15_directed_crosslag.py:173 < notes/partB15_directed_crosslag.py:194,atoms_from_corr,1,150000,0,2,2,-0.004027044364934191,0,0,,,,1,"[[1, 2]]",
site,partB/directed_crosslag_run,,,,,notes/partB15_directed_crosslag.py,91,13,notes/partB15_directed_crosslag.py:173 < notes/partB15_directed_crosslag.py:194,atoms_from_corr sts,0,0,0,0,0,,0,2,0.22576414823047175,4.051240967984578,4.277005116215049,,,"[[0.8443714687005096, 0.8883108951221194, 0.7886157978280008, 0.9734814516457784, 0.4107545666142811, -0.004027044364934191, 0.22576414823047175], [0.8490082703202972, 0.824334280666984, 0.8283043008912436, 0.9928884277778952, 0.4134525938167456, -7.3379607473029006e-06, 4.051240967984578]]"
site,partB/directed_crosslag_run,,,,,notes/review_v2_residual_null.py,67,10,notes/partB15_directed_crosslag.py:171 < notes/partB15_directed_crosslag.py:224,atoms_from_corr,3,450000,0,0,0,5.9836547860669545e-05,220,0,,,,0,,
site,partB/directed_crosslag_run,,,,,notes/review_v2_residual_null.py,69,11,notes/partB15_directed_crosslag.py:171 < notes/partB15_directed_crosslag.py:224,atoms_from_corr,3,450000,0,202,202,-0.0214504050143178,76,0,,,,3,"[[1, 33], [2, 81], [3, 88]]",
site,partB/directed_crosslag_run,,,,,notes/review_v2_residual_null.py,69,11,notes/partB15_directed_crosslag.py:171 < notes/partB15_directed_crosslag.py:224,atoms_from_corr sts,0,0,0,0,0,,0,202,-2.0880062998017483,3.8235900576661432,192.85130048946195,,,"[[0.8442360248400318, 0.8797424504989747, -0.9910329534285348, -0.8718537589744555, -0.8366657210879825, -8.824190512320769e-05, 1.7846402279948208], [0.7993400972744931, 0.7166224348895232, 0.9858179782591435, 0.7064592799379344, 0.7880038386366078, -0.0013043903686667244, 0.3628468816867958], [0.804320272308358, 0.949748428851655, -0.7914115715976244, -0.7516418966998629, -0.6365483707753868, -0.0003842272146907317, 2.249323015565938], [0.7287547845359938, 0.9465326243899779, -0.7829292676562825, -0.7410680944264244, -0.5705634497577776, -0.009624015044165692, 0.0478962523312938], [0.8876509013374422, 0.9324296623161084, -0.9774247878378436, -0.9113798648630344, -0.86761199391382, -0.001095164612652983, 0.8754364766034741], [0.8527733927494532, 0.9019230622069571, -0.9893368452921061, -0.8923057170600268, -0.8436801381317902, -0.0016603379615574075, 0.10721751358951837], [0.8407180512482246, 0.951491723693048, -0.8624208137094425, -0.8205862665851584, -0.7250527458577106, -0.0027866990863503103, 1.0619932331757678], [0.7740967350181553, 0.9503555712120026, 0.7671850613946911, 0.729098597247067, 0.5938754511803335, -0.0025182307867100875, 1.1924015716839313], [0.7774613526702773, 0.81920785839184, -0.9955788376944268, -0.8155860074878886, -0.7740240698438114, -0.0005073235273347329, 0.353108450275907], [0.9176735675544794, 0.7792425530300714, 0.9132936431300982, 0.7116772701388326, 0.8381054357160247, -0.0058805404512696155, 0.2915568917804616], [0.9351962645069896, 0.7160019697186399, 0.7541643781792075, 0.5399831802679458, 0.7052917092974313, -0.000879593047655993, 1.6732781402843855], [0.9712015773013929, 0.7845519094474407, 0.6209557969909967, 0.4871720562117438, 0.6030732494720995, -2.7379132524500786e-05, 3.671472297318131], [0.7041381907717944, 0.9035367369977708, -0.8381428263665258, -0.7572928344733, -0.5901683733660837, -0.00032468132865119686, 2.117621855085429], [0.8058699536550563, 0.8524253274450829, -0.9889939839558655, -0.8430435206147957, -0.7970005360156428, -2.084886773016454e-05, 2.5841382332262404], [0.6871671693911425, 0.9673585682154358, -0.5540675115781303, -0.5359819546949095, -0.3807370035827379, -0.0005478652441023452, 1.903420393778626], [0.8339533562513318, 0.9465427321783845, 0.873494029884293, 0.8267994255881861, 0.7284532778875074, -0.0028601685425944266, 0.9873814960026963], [0.8122143559022715, 0.5971390724139315, 0.9086600343078038, 0.5425964100261732, 0.7380267244994488, -1.2910669136174356e-05, 3.487851083609641], [0.8499986284421132, 0.9559034090278843, 0.8915246504572698, 0.8522114526044972, 0.7577947301110137, -0.005858742613886011, 0.3927721808033282], [0.8438711976061452, 0.7356827380781725, 0.9640603593259107, 0.7092425648215128, 0.8135427699889669, -0.0012791209515767559, 0.9015706650124027], [0.724387213828481, 0.7809640875045895, -0.9920143195829144, -0.7747275578845569, -0.7186024890406237, -0.0001485892883459342, 1.3612093087323833]]"
site,partB/directed_crosslag_run,,,,,notes/partB15_directed_crosslag.py,88,11,notes/partB15_directed_crosslag.py:173 < notes/partB15_directed_crosslag.py:224,atoms_from_corr,3,450000,0,202,202,-0.0214504050143178,76,0,,,,3,"[[1, 33], [2, 81], [3, 88]]",
site,partB/directed_crosslag_run,,,,,notes/partB15_directed_crosslag.py,88,11,notes/partB15_directed_crosslag.py:173 < notes/partB15_directed_crosslag.py:224,atoms_from_corr sts,0,0,0,0,0,,0,202,-2.0880062998017483,3.8235900576661432,192.85130048946195,,,"[[0.8442360248400318, 0.8797424504989747, -0.9910329534285348, -0.8718537589744555, -0.8366657210879825, -8.824190512320769e-05, 1.7846402279948208], [0.7993400972744931, 0.7166224348895232, 0.9858179782591435, 0.7064592799379344, 0.7880038386366078, -0.0013043903686667244, 0.3628468816867958], [0.804320272308358, 0.949748428851655, -0.7914115715976244, -0.7516418966998629, -0.6365483707753868, -0.0003842272146907317, 2.249323015565938], [0.7287547845359938, 0.9465326243899779, -0.7829292676562825, -0.7410680944264244, -0.5705634497577776, -0.009624015044165692, 0.0478962523312938], [0.8876509013374422, 0.9324296623161084, -0.9774247878378436, -0.9113798648630344, -0.86761199391382, -0.001095164612652983, 0.8754364766034741], [0.8527733927494532, 0.9019230622069571, -0.9893368452921061, -0.8923057170600268, -0.8436801381317902, -0.0016603379615574075, 0.10721751358951837], [0.8407180512482246, 0.951491723693048, -0.8624208137094425, -0.8205862665851584, -0.7250527458577106, -0.0027866990863503103, 1.0619932331757678], [0.7740967350181553, 0.9503555712120026, 0.7671850613946911, 0.729098597247067, 0.5938754511803335, -0.0025182307867100875, 1.1924015716839313], [0.7774613526702773, 0.81920785839184, -0.9955788376944268, -0.8155860074878886, -0.7740240698438114, -0.0005073235273347329, 0.353108450275907], [0.9176735675544794, 0.7792425530300714, 0.9132936431300982, 0.7116772701388326, 0.8381054357160247, -0.0058805404512696155, 0.2915568917804616], [0.9351962645069896, 0.7160019697186399, 0.7541643781792075, 0.5399831802679458, 0.7052917092974313, -0.000879593047655993, 1.6732781402843855], [0.9712015773013929, 0.7845519094474407, 0.6209557969909967, 0.4871720562117438, 0.6030732494720995, -2.7379132524500786e-05, 3.671472297318131], [0.7041381907717944, 0.9035367369977708, -0.8381428263665258, -0.7572928344733, -0.5901683733660837, -0.00032468132865119686, 2.117621855085429], [0.8058699536550563, 0.8524253274450829, -0.9889939839558655, -0.8430435206147957, -0.7970005360156428, -2.084886773016454e-05, 2.5841382332262404], [0.6871671693911425, 0.9673585682154358, -0.5540675115781303, -0.5359819546949095, -0.3807370035827379, -0.0005478652441023452, 1.903420393778626], [0.8339533562513318, 0.9465427321783845, 0.873494029884293, 0.8267994255881861, 0.7284532778875074, -0.0028601685425944266, 0.9873814960026963], [0.8122143559022715, 0.5971390724139315, 0.9086600343078038, 0.5425964100261732, 0.7380267244994488, -1.2910669136174356e-05, 3.487851083609641], [0.8499986284421132, 0.9559034090278843, 0.8915246504572698, 0.8522114526044972, 0.7577947301110137, -0.005858742613886011, 0.3927721808033282], [0.8438711976061452, 0.7356827380781725, 0.9640603593259107, 0.7092425648215128, 0.8135427699889669, -0.0012791209515767559, 0.9015706650124027], [0.724387213828481, 0.7809640875045895, -0.9920143195829144, -0.7747275578845569, -0.7186024890406237, -0.0001485892883459342, 1.3612093087323833]]"
site,partB/directed_crosslag_run,,,,,notes/partB15_directed_crosslag.py,89,13,notes/partB15_directed_crosslag.py:173 < notes/partB15_directed_crosslag.py:224,atoms_from_corr,3,450000,0,149,149,-0.016966223441339145,82,0,,,,3,"[[1, 21], [2, 63], [3, 65]]",
site,partB/directed_crosslag_run,,,,,notes/partB15_directed_crosslag.py,89,13,notes/partB15_directed_crosslag.py:173 < notes/partB15_directed_crosslag.py:224,atoms_from_corr sts,0,0,0,0,0,,0,149,-0.3936558426337389,4.506339891697472,177.55460647988156,,,"[[0.8442360248400318, 0.8797424504989747, -0.9910329534285348, -0.8728989884296146, -0.8356204916328236, -0.0001108492593274271, 1.6609303171006227], [0.7993400972744931, 0.7166224348895232, 0.9858179782591435, 0.7310020028793054, 0.7634611156952369, -0.0003042556765472051, 1.348955940733895], [0.7287547845359938, 0.9465326243899779, -0.7829292676562825, -0.6452952575013046, -0.6663362866828975, -0.005088621643368899, 0.8668819803477945], [0.8876509013374422, 0.9324296623161084, -0.9774247878378436, -0.9009415227709555, -0.8780503360058989, -0.0008605074866787209, 1.0590220475266343], [0.8527733927494532, 0.9019230622069571, -0.9893368452921061, -0.8863483573719341, -0.849637497819883, -0.0014355729462678338, 0.29881084207038366], [0.8407180512482246, 0.951491723693048, -0.8624208137094425, -0.7811013839813947, -0.7645376284614744, -0.001482697549367278, 1.5818849620896516], [0.7440602277415864, 0.889241844439727, -0.9022018976990842, -0.807275346323195, -0.6662928827146326, -0.00021372306035203023, 2.225697194645292], [0.7774613526702773, 0.81920785839184, -0.9955788376944268, -0.8063637512738788, -0.7832463260578213, -0.0002845459833250096, 0.8150919075368641], [0.9176735675544794, 0.7792425530300714, 0.9132936431300982, 0.7472861656448366, 0.8024965402100207, -0.003700776215769877, 0.7524515299741215], [0.8058699536550563, 0.8524253274450829, -0.9889939839558655, -0.843793818809011, -0.7962502378214276, -4.18265051970692e-05, 2.2293262041610102], [0.8752787800777253, 0.9063995212485665, -0.9883741326423706, -0.8976045516757478, -0.863360194045358, -6.297424441295147e-06, 3.2491816234829085], [0.8339533562513318, 0.9465427321783845, 0.873494029884293, 0.7687470603986795, 0.7865056430770139, -0.001468366859328533, 1.5363794403539393], [0.8499986284421132, 0.9559034090278843, 0.8915246504572698, 0.7625751632271164, 0.8474310194883945, -0.005571363916247459, 0.46825316789289007], [0.7004860694509649, 0.7700400741971846, -0.9927260224160207, -0.742173858255981, -0.7176557111866162, -0.00047774319795444584, 0.7703816678389859], [0.7671562302398923, 0.891092877694571, -0.9322820769645527, -0.7859258906550064, -0.7600300318147517, -0.0001583976934342354, 2.365922954090368], [0.7608250061766549, 0.9190699563835413, -0.8891695524309458, -0.7549756197593281, -0.7387358322313219, -0.0028191845289323703, 1.0250591816003745], [0.8486998194535198, 0.8981300707467961, -0.9895039875035052, -0.8798638600963729, -0.8486312817471499, -0.0012837236724390722, 0.39219176849405724], [0.8204315295597362, 0.9436327793638672, -0.8791336236315537, -0.7920363051142363, -0.7588119431088638, -0.002825107507045619, 1.1005020357818647], [0.9607252183034091, 0.8159581526695047, 0.7603383747037513, 0.6622219262087499, 0.6886586204399776, -6.37229882707705e-06, 4.506339891697472], [0.8986555426937097, 0.8465449546461618, 0.9783509621133396, 0.8242362266407428, 0.8831823590123992, -0.000447578028449514, 1.3256914680091292]]"
site,partB/directed_crosslag_run,,,,,notes/partB15_directed_crosslag.py,90,12,notes/partB15_directed_crosslag.py:173 < notes/partB15_directed_crosslag.py:224,atoms_from_corr,3,450000,0,33,33,-0.00529969125844703,95,0,,,,3,"[[1, 6], [2, 11], [3, 16]]",
site,partB/directed_crosslag_run,,,,,notes/partB15_directed_crosslag.py,90,12,notes/partB15_directed_crosslag.py:173 < notes/partB15_directed_crosslag.py:224,atoms_from_corr sts,0,0,0,0,0,,0,33,-0.8697352426256679,3.1826153804624715,47.14924270609055,,,"[[0.8527733927494532, 0.9019230622069571, -0.9893368452921061, -0.8938588484163315, -0.8452332694880949, -0.00021357872647821251, 1.2234572344808452], [0.7774613526702773, 0.81920785839184, -0.9955788376944268, -0.8160545617119235, -0.7744926240678462, -7.030363719170656e-05, 1.3906712840331883], [0.7243680811857829, 0.7823535343100848, -0.9898248222513166, -0.7739456798521505, -0.7165502390202262, -0.00011102871340890005, 1.679864225227512], [0.724387213828481, 0.7809640875045895, -0.9920143195829144, -0.7747667326919031, -0.7186416638479699, -0.00011145621330208399, 1.5072467647431487], [0.7004860694509649, 0.7700400741971846, -0.9927260224160207, -0.7650740011614384, -0.6960259306866188, -0.0007544265727900453, 0.11966209011547857], [0.8486998194535198, 0.8981300707467961, -0.9895039875035052, -0.890132797017629, -0.841221366259632, -0.000254578841126388, 1.1310702494669784], [0.7992048933809769, 0.8889450752363974, -0.9556355697993903, -0.8501599152259639, -0.7644010054046582, -0.00018086037215107447, 2.064386869375352], [0.8142097886473908, 0.8859093190191724, -0.970033848790949, -0.8598833730467528, -0.7903324016437101, -8.748222716466376e-05, 2.283532738624862], [0.7582096361714447, 0.8585513752700474, -0.9644597931864762, -0.8286879333486379, -0.731912360409628, -0.0007684455132247552, 1.1775174832726336], [0.773684205987161, 0.8979659023360881, -0.945595037602257, -0.8530484452435565, -0.7355282899112205, -0.0020776029454516944, 0.6688703892382144], [0.626370947018573, 0.8237498411253096, -0.9422741866620826, -0.785190589117442, -0.5992055522087554, -0.001758943502844705, 0.37115067384807765], [0.6892778069905854, 0.7978011946664485, -0.9570192370695731, -0.7595464235077225, -0.6556874538299624, -0.00011382071874191867, 2.3470946044281296], [0.7757316050527819, 0.8807144818355873, -0.9375319796841108, -0.8242448629488106, -0.725820058645694, -0.0003032724036260078, 1.9756086987847576], [0.8203532530248091, 0.9291804164408453, -0.931403847564928, -0.8707598672689274, -0.7693978285436542, -0.0006484391948993412, 1.4329589065087196], [0.7801700351242394, 0.9033881303991955, -0.9641387580016902, -0.8783328618498901, -0.75953352050816, -0.00366887605580257, -0.8697352426256679], [0.658308490249431, 0.8025679886626983, -0.9064780582416425, -0.7139095660215831, -0.5831414960170112, -0.00019915345936998534, 2.4305107547526514], [0.7740609489517725, 0.8525512125043937, -0.9720015192025058, -0.8283319371721163, -0.7520392817563635, -0.00013499862193150534, 2.045372283149638], [0.6856988888700022, 0.4255574294192749, 0.9079385624746976, 0.3678858449688851, 0.6040783077026484, -0.00529969125844703, 0.45081118733861236], [0.6491559807913722, 0.8329698950096242, -0.8875822491388661, -0.7306024721505328, -0.5674525047456781, -0.00021468087578490401, 2.3431735324486365], [0.7500313765215824, 0.49802601162212273, 0.8199324297338613, 0.3670684773625284, 0.5736958485105107, -0.0006979903652961421, 2.0044640093668464]]"
site,partB/directed_crosslag_run,,,,,notes/partB15_directed_crosslag.py,91,13,notes/partB15_directed_crosslag.py:173 < notes/partB15_directed_crosslag.py:224,atoms_from_corr,3,450000,0,39,39,-0.0011181438016801895,174,0,,,,2,"[[2, 7], [3, 32]]",
site,partB/directed_crosslag_run,,,,,notes/partB15_directed_crosslag.py,91,13,notes/partB15_directed_crosslag.py:173 < notes/partB15_directed_crosslag.py:224,atoms_from_corr sts,0,0,0,0,0,,0,39,0.796779343166004,3.5753569025719987,94.46142871444455,,,"[[0.773684205987161, 0.8979659023360881, -0.945595037602257, -0.8248925499430325, -0.7636841852117444, -9.738177385154736e-05, 2.4277794099103307], [0.7757316050527819, 0.8807144818355873, -0.9375319796841108, -0.8192061790841596, -0.7308587425103451, -4.348094497384302e-05, 2.9683245639744156], [0.8630982920133881, 0.9260965030107841, -0.9593729605594318, -0.8935530726590577, -0.8254839520059051, -3.185455977262109e-05, 2.9051853107766377], [0.7855714669479186, 0.8439908579838589, -0.9434465429124914, -0.8333347149563118, -0.6913886650782263, -3.6593946651819766e-05, 3.0840719676853467], [0.8107782864330055, 0.8819732615881459, -0.9583494719179035, -0.858881546106008, -0.761135549890816, -0.0001292885721459678, 2.2403739896816264], [0.87236044456742, 0.9285668223831467, -0.9538205814450766, -0.9037178356121769, -0.8149318098698132, -0.00015009513886890397, 2.1635606590017735], [0.8342983620137097, 0.8753054492266088, -0.9706690593274554, -0.8841907248623306, -0.7720282632542701, -9.470404077576226e-05, 2.265601400353984], [0.6491559807913722, 0.8329698950096242, -0.8875822491388661, -0.7356324730333488, -0.5624225038628621, -0.0006686512359284198, 1.7537351990211845], [0.7500313765215824, 0.49802601162212273, 0.8199324297338613, 0.37121551059048, 0.5695488152825591, -0.00029494661229845286, 2.4447499156256756], [0.7620635396528815, 0.8558457136078019, -0.8999373149352269, -0.8105063671314631, -0.6255343647454648, -0.00024908949044337745, 2.3054012808399706], [0.7759659906404837, 0.8533820954020696, -0.9292486149820424, -0.8438328901250962, -0.6584109371885842, -0.0004480180941184359, 1.810510263305917], [0.854873012889423, 0.774122526547938, 0.9147002795494332, 0.6491731307262864, 0.8236814204142413, -0.00024962007612160575, 2.252004208182647], [0.7961301404092836, 0.8564794760434474, -0.9326699758226435, -0.853478274498817, -0.6753685185355135, -0.00016465874393913957, 2.341322764691175], [0.9166831465830911, 0.8106171308882202, 0.9244710349158587, 0.7451558952147707, 0.8554399727288299, -0.0005785191734929826, 1.6196373523541145], [0.6544699304031983, 0.844888104428836, -0.8708380022581452, -0.7157169667440368, -0.5677917890613794, -0.0005914780180119271, 1.9078041267623287], [0.7078868495683488, 0.8666741193350508, -0.9086593957152969, -0.7702929250448002, -0.6554281183218168, -0.0004569417171541127, 1.882724662997778], [0.8882439724951076, 0.710230494466133, 0.8892800199636886, 0.6405553428366996, 0.7826942275728732, -0.0011181438016801895, 1.3909172990666825], [0.79820457651375, 0.9141975363848579, -0.8162435994669561, -0.7708071095626825, -0.6045337833981008, -0.0002876904784964546, 2.4756752354003098], [0.7765244111850979, 0.8668721244033648, -0.8405984959885149, -0.7863825442478665, -0.5594163518018975, -0.00014183467988739706, 2.8039786839795173], [0.9162472484928146, 0.835994832203663, 0.8907616973287901, 0.6996670178976397, 0.8526570361165858, -0.00014221483978821975, 2.5623489159080384]]"
step,partB4_residual_source,notes/partB4_residual_source.py,,0,40,,,,,,,,,,,,,,,,,,,
site,partB4_residual_source,,,,,notes/partB4_residual_source.py,47,17,,PairPhiID,392,2569560,0,0,0,0.0016572937874241547,0,0,,,,0,,
site,partB4_residual_source,,,,,notes/partB4_residual_source.py,50,39,,atoms_from_corr,392,2569560,0,4,4,-0.0010248302065855649,8,0,,,,3,"[[19, 1], [277, 1], [325, 2]]",
site,partB4_residual_source,,,,,notes/partB4_residual_source.py,53,42,,atoms_from_corr,392,2569560,0,4,4,-0.000825259874225024,9,0,,,,3,"[[19, 1], [277, 1], [325, 2]]",
site,partB4_residual_source,,,,,notes/partB4_residual_source.py,53,99,,atoms_from_corr,392,2569560,0,0,0,0.001657621032123995,0,0,,,,0,,
site,partB4_residual_source,,,,,notes/partB4_residual_source.py,50,39,,atoms_from_corr sts,0,0,0,0,0,,0,4,1.4740602422565747,2.602408799920638,8.49045575509825,,,"[[0.8806917280638076, 0.949555440421798, 0.9198374087129807, 0.8734366157468998, 0.8100931970171699, -0.0010248302065855649, 1.4740602422565747], [0.9567606698696425, 0.8427570990662916, 0.8144459856493377, 0.6863801362120224, 0.7792298868025015, -0.0005237944856474695, 2.1478426960801906], [0.8447195722046104, 0.9675782523579741, -0.7437847215876041, -0.7196699210442964, -0.6282895118318061, -0.0002801586331421127, 2.602408799920638], [0.8447195722046104, 0.9583095654869394, -0.8079044821749637, -0.7742225932680402, -0.6824527285650226, -0.0004343906396170868, 2.2661440168408475]]"
site,partB4_residual_source,,,,,notes/partB4_residual_source.py,53,42,,atoms_from_corr sts,0,0,0,0,0,,0,4,1.6015000752875452,2.928887505818564,8.812147394761462,,,"[[0.8806917280638076, 0.949555440421798, 0.9198374087129807, 0.8734366157468998, 0.8100931970171699, -0.000825259874225024, 1.6015000752875452], [0.9567606698696425, 0.8427570990662916, 0.8144459856493377, 0.6863801362120224, 0.7792298868025015, -0.0007673646884883011, 1.941340966268256], [0.8447195722046104, 0.9675782523579741, -0.7437847215876041, -0.7196699210442964, -0.6282895118318061, -0.00014860384205343352, 2.928887505818564], [0.8447195722046104, 0.9583095654869394, -0.8079044821749637, -0.7742225932680402, -0.6824527285650226, -0.00037727571584540335, 2.3404188473870975]]"
step,partB5_family_checks,notes/partB5_family_checks.py,,0,0,,,,,,,,,,,,,,,,,,,
site,partB5_family_checks,,,,,notes/partB5_family_checks.py,27,11,notes/partB5_family_checks.py:43,atoms_from_corr,15,15,0,0,0,0.021750000000000224,0,0,,,,0,,
site,partB5_family_checks,,,,,notes/partB5_family_checks.py,27,11,notes/partB5_family_checks.py:50,atoms_from_corr,1,2000,0,0,0,0.005752594003922334,0,0,,,,0,,
site,partB5_family_checks,,,,,notes/partB5_family_checks.py,55,6,,atoms_from_corr,1,2000,0,171,171,-0.2483135708619415,3,0,,,,1,"[[1, 171]]",
site,partB5_family_checks,,,,,notes/partB5_family_checks.py,55,6,,atoms_from_corr sts,0,0,0,0,0,,0,171,-2.255480296699302,2.054956299538885,-47.24873233617518,,,"[[0.0641204342508493, 0.6656755511989211, -0.7858298776889697, -0.5231077369791857, -0.05038775300470853, -0.005682771155128404, -0.04014348308132454], [0.4399414649189869, 0.9468637158267056, 0.6483458453221468, 0.6138951562425344, 0.28523422096516415, -0.0355655428510329, -0.10816780590697284], [0.676735107914694, 0.24369340989311697, 0.887404658343332, 0.21625466714672303, 0.600537887227977, -0.020475056717826158, -0.09554826371910685], [0.0123975759831906, 0.9449986586665443, -0.4293010884779025, -0.4056889527757053, -0.005322292864071226, -0.036002301959437356, -9.181526375234839e-05], [0.034315361148456514, 0.7545940029905436, 0.7983341815043757, 0.602418185745566, 0.027395125755480084, -0.08637437328341632, -0.8551453930033535], [0.08377830085891678, 0.793527176662912, 0.858872966314208, 0.6815390400714137, 0.07195491777146201, -0.1380460744546402, -0.45341578700722435], [0.8740124699647434, 0.031661255254084315, -0.7350393481632816, -0.023272268423993412, -0.6424335562094647, -0.13389711435019713, -0.6435774493774656], [0.9364053468402416, 0.5748032624770418, -0.6599550591582997, -0.3793443210924198, -0.6179854460700998, -0.007287055596677399, 0.09412842738713989], [0.7039421312840463, 0.0005494868852258528, 0.8414709073218619, 0.00046237722787246215, 0.5923468239136717, -0.10002955425827763, -0.6230886158832754], [0.8442673375428745, 0.405065864767329, -0.8399877989973192, -0.3402503841948544, -0.709174262627966, -0.03766430201456005, -0.11918696320430722], [0.7463153046301879, 0.14750267439196593, 0.784910790238832, 0.11577644071933911, 0.5857909355246155, -0.027608597096051273, -0.035133326710751644], [0.2289838807564294, 0.8991599335004374, 0.5842468190967368, 0.525331331006864, 0.13378310395637036, -0.01754645827648076, -0.10893688039273397], [0.6661714475072159, 0.005278088509470857, -0.8102920669475284, -0.00427679324787114, -0.5397934391420489, -0.047511927481215854, -0.2625938362528467], [0.9192524991726514, 0.5097435539397802, 0.747857637711593, 0.381215610088116, 0.6874700024917372, -0.02755731758388631, -0.2641774674566517], [0.8598745162874791, 0.21458503760149492, 0.6397217089956101, 0.13727470697931557, 0.5500803950811998, -0.012151306182045582, -0.17919150712341247], [0.45646946303536023, 0.9228194285327798, -0.7762281461138961, -0.7163184142078847, -0.3543244450495433, -0.051225909907833836, -0.07874826614446062], [0.10780128406072316, 0.9459398951484039, 0.6203559181293764, 0.5868194121499942, 0.06687516454901563, -0.10151874725147515, -0.0018253007830513202], [0.7599822995514403, 0.1975008765506066, 0.8699964421885155, 0.17182505992814096, 0.6611818967359996, -0.07348308298932403, -1.5906677796205237], [0.13024018678295032, 0.7672749101535116, 0.8982688507254121, 0.6892191517340387, 0.11699070289978379, -0.12849290261566534, -0.29725895013062315], [0.8368255875415059, 0.19429367657328392, -0.6808851861125, -0.13229168613408232, -0.5697821459169005, -0.018791774273991247, -0.0903914253101954]]"
site,partB5_family_checks,,,,,notes/partB5_family_checks.py,27,11,notes/partB5_family_checks.py:64,atoms_from_corr,32,32,0,0,0,0.011599999999999965,0,0,,,,0,,
step,partB6_ccs_definition,notes/partB6_ccs_definition.py,,0,527,,,,,,,,,,,,,,,,,,,
site,partB6_ccs_definition,,,,,notes/partB6_ccs_definition.py,127,9,,PairPhiID,2,13110,0,0,0,0.009250745907345221,0,0,,,,0,,
site,partB6_ccs_definition,,,,,notes/partB6_ccs_definition.py,101,21,notes/partB6_ccs_definition.py:161,PairPhiID,784,5139120,0,0,0,0.0012953228058595544,0,0,,,,0,,
site,partB6_ccs_definition,,,,,notes/partB6_ccs_definition.py,108,21,notes/partB6_ccs_definition.py:161,PairPhiID,56,367080,0,0,0,0.0047842085336807115,0,0,,,,0,,
site,partB6_ccs_definition,,,,,notes/partB6_ccs_definition.py,211,21,,PairPhiID,4,26220,0,0,0,0.004716876544036795,0,0,,,,0,,
site,partB6_ccs_definition,,,,,notes/partB6_ccs_definition.py,101,21,notes/partB6_ccs_definition.py:225,PairPhiID,784,5139120,0,0,0,0.0016572937874241547,0,0,,,,0,,
step,partB/ccs_decomposition_run,notes/partB18_ccs_decomposition.py,,0,196,,,,,,,,,,,,,,,,,,,
site,partB/ccs_decomposition_run,,,,,notes/partB18_ccs_decomposition.py,124,21,,PairPhiID,728,4772040,0,0,0,0.0012953228058595544,0,0,,,,0,,
site,partB/ccs_decomposition_run,,,,,notes/partB18_ccs_decomposition.py,134,17,,PairPhiID,56,367080,0,0,0,0.0047842085336807115,0,0,,,,0,,
step,partB7_splithalf,notes/partB7_splithalf.py,,0,1,,,,,,,,,,,,,,,,,,,
step,partB/regional_sts_r1_run,notes/partB11_regional_sts_r1.py,,0,25,,,,,,,,,,,,,,,,,,,
step,partB/exchange_rates_run,notes/partB19_exchange_rates.py,,0,44,,,,,,,,,,,,,,,,,,,
site,partB/exchange_rates_run,,,,,notes/partB19_exchange_rates.py,72,11,notes/partB19_exchange_rates.py:99,atoms_from_corr,2,2,0,0,0,0.11242500000000018,0,0,,,,0,,
site,partB/exchange_rates_run,,,,,notes/partB19_exchange_rates.py,72,11,notes/partB19_exchange_rates.py:100,atoms_from_corr,2,2,0,0,0,0.11248499999999993,0,0,,,,0,,
site,partB/exchange_rates_run,,,,,notes/partB19_exchange_rates.py,85,11,notes/partB19_exchange_rates.py:101,atoms_from_corr,2,2,0,0,0,0.11242500000000043,0,0,,,,0,,
site,partB/exchange_rates_run,,,,,notes/partB19_exchange_rates.py,95,11,notes/partB19_exchange_rates.py:102,atoms_from_corr,2,2,0,0,0,0.11240625000003777,0,0,,,,0,,
site,partB/exchange_rates_run,,,,,notes/partB19_exchange_rates.py,72,11,notes/partB19_exchange_rates.py:103,atoms_from_corr,2,2,0,0,0,0.11249986638281245,0,0,,,,0,,
site,partB/exchange_rates_run,,,,,notes/partB19_exchange_rates.py,72,11,notes/partB19_exchange_rates.py:115,atoms_from_corr,6,6,0,0,0,0.08741754983269756,0,0,,,,0,,
site,partB/exchange_rates_run,,,,,notes/partB19_exchange_rates.py,85,11,notes/partB19_exchange_rates.py:120,atoms_from_corr,1,1,0,0,0,0.11250000000000013,0,0,,,,0,,
site,partB/exchange_rates_run,,,,,notes/partB19_exchange_rates.py,72,11,notes/partB19_exchange_rates.py:120,atoms_from_corr,1,1,0,0,0,0.11249999999999971,0,0,,,,0,,
site,partB/exchange_rates_run,,,,,notes/partB19_exchange_rates.py,123,8,,atoms_from_corr,4,4,0,0,0,0.04999999999999982,0,0,,,,0,,
site,partB/exchange_rates_run,,,,,notes/partB19_exchange_rates.py,146,25,,PairPhiID,784,5139120,0,0,0,0.0012953228058595544,0,0,,,,0,,
site,partB/exchange_rates_run,,,,,notes/partB19_exchange_rates.py,149,27,,atoms_from_corr,784,5139120,0,8,8,-0.0013036896967438827,35,0,,,,7,"[[19, 1], [277, 1], [325, 2], [440, 1], [612, 1], [679, 1], [705, 1]]",
site,partB/exchange_rates_run,,,,,notes/partB19_exchange_rates.py,149,27,,atoms_from_corr sts,0,0,0,0,0,,0,8,1.4740602422565747,3.351499440253299,17.64364426085399,,,"[[0.8806917280638076, 0.949555440421798, 0.9198374087129807, 0.8734366157468998, 0.8100931970171699, -0.0010248302065855649, 1.4740602422565747], [0.9567606698696425, 0.8427570990662916, 0.8144459856493377, 0.6863801362120224, 0.7792298868025015, -0.0005237944856474695, 2.1478426960801906], [0.8447195722046104, 0.9675782523579741, -0.7437847215876041, -0.7196699210442964, -0.6282895118318061, -0.0002801586331421127, 2.602408799920638], [0.8447195722046104, 0.9583095654869394, -0.8079044821749637, -0.7742225932680402, -0.6824527285650226, -0.0004343906396170868, 2.2661440168408475], [0.9066832898808422, 0.9588976928718619, 0.9212207274745181, 0.8833564302010536, 0.8352554398930189, -0.00029783757944041813, 2.214153102753383], [0.8863927690934569, 0.9736035946612192, -0.7726445787812823, -0.75224953929696, -0.6848665677109884, -8.010383314062363e-05, 3.351499440253299], [0.968469904414982, 0.9143295548808589, 0.9052897947504552, 0.8277332150723679, 0.8767459209898321, -0.0013036896967438827, 1.544257618879724], [0.9558328296595997, 0.89343322277627, 0.9101703210487316, 0.8131764032098806, 0.8699706734401955, -0.0004332581831980967, 2.043278343869335]]"
step,partB/coupling_map_run,notes/partB8_coupling_map.py,,0,1,,,,,,,,,,,,,,,,,,,
site,partB/coupling_map_run,,,,,notes/partB8_coupling_map.py,41,9,notes/partB8_coupling_map.py:69,atoms_from_corr,23,23,0,0,0,0.01875000000001065,0,0,,,,0,,
site,partB/coupling_map_run,,,,,notes/partB8_coupling_map.py,44,11,notes/partB8_coupling_map.py:69,atoms_from_corr,23,23,0,0,0,0.11249999999999988,0,0,,,,0,,
site,partB/coupling_map_run,,,,,notes/partB8_coupling_map.py,41,9,notes/partB8_coupling_map.py:86,atoms_from_corr,23,23,0,0,0,0.058971774193548064,0,0,,,,0,,
site,partB/coupling_map_run,,,,,notes/partB8_coupling_map.py,44,11,notes/partB8_coupling_map.py:86,atoms_from_corr,23,23,0,0,0,0.01735862708116515,0,0,,,,0,,
site,partB/coupling_map_run,,,,,notes/partB8_coupling_map.py,87,16,,atoms_from_corr,23,23,0,0,0,0.017335038371488306,0,0,,,,0,,
site,partB/coupling_map_run,,,,,notes/partB8_coupling_map.py,87,98,,atoms_from_corr,23,23,0,0,0,0.017382215790843043,0,0,,,,0,,
step,logs/review_v2_residual_null,notes/review_v2_residual_null.py,,0,130,,,,,,,,,,,,,,,,,,,
site,logs/review_v2_residual_null,,,,,notes/review_v2_residual_null.py,67,10,notes/review_v2_residual_null.py:114,atoms_from_corr,3,860000,0,0,0,0.00040115360014844647,6,0,,,,0,,
site,logs/review_v2_residual_null,,,,,notes/review_v2_residual_null.py,69,11,notes/review_v2_residual_null.py:114,atoms_from_corr,3,860000,0,115,115,-0.015223217689696054,98,0,,,,1,"[[1, 115]]",
site,logs/review_v2_residual_null,,,,,notes/review_v2_residual_null.py,69,11,notes/review_v2_residual_null.py:114,atoms_from_corr sts,0,0,0,0,0,,0,115,-1.4797800907964889,5.990310725323024,189.22615231211228,,,"[[0.7961705102285047, 0.9548751465256832, -0.7765710969805444, -0.7415284400169079, -0.6182830065117096, -0.0027930981445885676, 1.165365519115094], [0.9677403300434939, 0.8652004338074887, -0.8292520989172936, -0.7174692757190129, -0.8025006998954818, -0.003712083496206789, 1.0361761720059115], [0.9043663506424092, 0.9779415773708757, -0.7849750034973642, -0.767659693116921, -0.7099049792584237, -0.0006534975954482424, 2.330810179713656], [0.9534572493405049, 0.9008662739308553, 0.9300106159923067, 0.8378151983451289, 0.8867253637814934, -0.00014852804121287346, 2.4848377001486996], [0.9606515123408057, 0.8441816672251521, 0.813658358890996, 0.6868754699602821, 0.7816421329973734, -0.0021619823048100615, 1.3719383839261112], [0.7476329714097523, 0.9742320727146332, 0.5887735336746844, 0.5736020600714067, 0.4401865064686242, -0.0033198109201736273, 1.0059586246483652], [0.8965212063262697, 0.9754108297074351, -0.8083761966935744, -0.7884988967326202, -0.7247264030251652, -0.0016092566497396973, 1.7363097285653408], [0.9574973662551532, 0.8999295680895217, 0.9188623364919829, 0.826911385612959, 0.87980826714213, -0.0006505182999807314, 1.791654872099138], [0.8792881512703689, 0.9580054999737104, -0.8802106843643667, -0.843246676756687, -0.7739588253831702, -0.001029932788127021, 1.6860813202908695], [0.884058179272052, 0.9406340141699252, -0.951814520290206, -0.8953091129657982, -0.8414594118124611, -0.0008665861194435405, 1.3503377305596005], [0.9745424888498475, 0.9363694068277353, -0.9080862860331824, -0.8503042170012922, -0.8849686692811921, -0.00034424816581735476, 2.3772339096982664], [0.8603344497217739, 0.9715127316603304, 0.7605325116609456, 0.7388670179202174, 0.6543123199153382, -0.0016442721265145866, 1.6829534591156532], [0.9738700980706343, 0.8708873983975991, 0.7517018633391861, 0.6546476801340914, 0.7320599673700117, -0.0010176654000466718, 2.0040788836533654], [0.9718788092152612, 0.8785406694993194, 0.8016188243182921, 0.7042547385998497, 0.7790763484229993, -0.0019697917177000524, 1.5625007293109445], [0.9495764632121262, 0.9019899603516832, -0.9448204772056421, -0.8522185847741756, -0.8971792871153269, -0.00010304777282799742, 2.545556231249681], [0.9384781017670889, 0.977069701152025, -0.9273789526415107, -0.9061138761121188, -0.870324839093756, -0.001632415681466024, 1.3370925047028095], [0.9711340980104032, 0.855526109808032, -0.7441801354091923, -0.6366655362430408, -0.7226987045578657, -0.0009584106852035673, 1.992558058820414], [0.8514596029033117, 0.9609355727891444, -0.8244667729511115, -0.7922594507113938, -0.7020001511039282, -0.0021060187448076633, 1.3814620171473944], [0.8052843259140181, 0.9731289863391781, 0.7113364735559258, 0.6922221414575637, 0.5728281126055385, -0.006427868207184663, 0.6269011760946464], [0.9846969540320271, 0.944372572698228, -0.8765326839130343, -0.827773425761035, -0.8631190639586824, -0.0017733262661610357, 1.6652429708486378]]"
site,logs/review_v2_residual_null,,,,,notes/review_v2_residual_null.py,67,10,notes/review_v2_residual_null.py:75 < notes/review_v2_residual_null.py:76,atoms_from_corr,30,4500000,0,0,0,0.00020347399739083496,22,0,,,,0,,
site,logs/review_v2_residual_null,,,,,notes/review_v2_residual_null.py,69,11,notes/review_v2_residual_null.py:75 < notes/review_v2_residual_null.py:76,atoms_from_corr,30,4500000,0,6,6,-0.002262663069260546,137,0,,,,4,"[[2, 1], [4, 1], [9, 3], [26, 1]]",
site,logs/review_v2_residual_null,,,,,notes/review_v2_residual_null.py,69,11,notes/review_v2_residual_null.py:75 < notes/review_v2_residual_null.py:76,atoms_from_corr sts,0,0,0,0,0,,0,6,1.4531445456348393,3.5723219729252413,16.18356080160294,,,"[[0.9144579374194406, 0.9778653652963786, -0.833436875089241, -0.814989054310613, -0.7621429657634113, -0.0014912637014700904, 1.7910777862528506], [0.8459502089258943, 0.9696580624203162, 0.7565475475626532, 0.7335924290984442, 0.6400015559229995, -0.002262663069260546, 1.4531445456348393], [0.9684736211231049, 0.9924978510430446, 0.8322836311563961, 0.826039715381025, 0.8060447420675215, -0.0007416062884453051, 2.615851121424252], [0.9624596526282074, 0.990343430922342, -0.8111698532047916, -0.8033367354836058, -0.7807182551379578, -0.00014899434391566415, 3.4865699066325853], [0.9893918065501521, 0.9417879031658379, 0.7207231444582844, 0.678768338982457, 0.7130775739180883, -0.00011655776938242153, 3.5723219729252413], [0.9861491931438576, 0.9707541289456236, 0.9362179801834014, 0.908837469856169, 0.9232506057646334, -7.129326561186583e-05, 3.26459546873317]]"
site,logs/review_v2_residual_null,,,,,notes/review_v2_residual_null.py,67,10,notes/review_v2_residual_null.py:75 < notes/review_v2_residual_null.py:77,atoms_from_corr,27,4050000,0,0,0,0.0004627694376753177,154,0,,,,0,,
site,logs/review_v2_residual_null,,,,,notes/review_v2_residual_null.py,69,11,notes/review_v2_residual_null.py:75 < notes/review_v2_residual_null.py:77,atoms_from_corr,27,4050000,0,5,5,-0.0009509863462387205,792,0,,,,3,"[[2, 3], [8, 1], [16, 1]]",
site,logs/review_v2_residual_null,,,,,notes/review_v2_residual_null.py,69,11,notes/review_v2_residual_null.py:75 < notes/review_v2_residual_null.py:77,atoms_from_corr sts,0,0,0,0,0,,0,5,1.2804990886802585,2.6022512498711317,8.695213494142685,,,"[[0.9302062890757187, 0.9525594345409876, -0.9835593393120421, -0.9368987280925861, -0.9149130831072203, -0.0001784639940987922, 1.751321142915489], [0.9501687494955469, 0.9754950995255556, 0.9423204434249299, 0.9192289747437676, 0.8953634373531549, -0.00015079373899361286, 2.6022512498711317], [0.9607358723269027, 0.9177100976291661, -0.9476283880782731, -0.8696481405394814, -0.9104205860621164, -0.0009509863462387205, 1.3820057082074912], [0.9603281745819081, 0.9296963130419305, 0.970805318436371, 0.9025541252317913, 0.9322916993284082, -0.0006865612755491846, 1.2804990886802585], [0.9072471785096318, 0.941123668343723, -0.976325983809697, -0.9188434913822764, -0.8857689941169881, -0.00027403619538318475, 1.679136304468315]]"
site,logs/review_v2_residual_null,,,,,notes/review_v2_residual_null.py,67,10,notes/review_v2_residual_null.py:75 < notes/review_v2_residual_null.py:78,atoms_from_corr,4,600000,0,0,0,0.0018171586149991533,0,0,,,,0,,
site,logs/review_v2_residual_null,,,,,notes/review_v2_residual_null.py,69,11,notes/review_v2_residual_null.py:75 < notes/review_v2_residual_null.py:78,atoms_from_corr,4,600000,0,0,0,0.0006453741031069993,1,0,,,,0,,
step,partB9_leave_two_out,notes/partB9_leave_two_out.py,,0,1,,,,,,,,,,,,,,,,,,,
step,partB/crosslag_deviation_run,notes/partB10_crosslag_deviation.py,,0,149,,,,,,,,,,,,,,,,,,,
site,partB/crosslag_deviation_run,,,,,notes/partB10_crosslag_deviation.py,91,11,notes/partB10_crosslag_deviation.py:95,atoms_from_corr,1,1,0,0,0,0.11249999999999971,0,0,,,,0,,
site,partB/crosslag_deviation_run,,,,,notes/partB10_crosslag_deviation.py,91,11,notes/partB10_crosslag_deviation.py:96,atoms_from_corr,2,2,0,0,0,0.13130000000000033,0,0,,,,0,,
site,partB/crosslag_deviation_run,,,,,notes/partB10_crosslag_deviation.py,91,11,notes/partB10_crosslag_deviation.py:97,atoms_from_corr,1,1,0,0,0,0.09369999999999977,0,0,,,,0,,
site,partB/crosslag_deviation_run,,,,,notes/partB10_crosslag_deviation.py,91,11,notes/partB10_crosslag_deviation.py:98,atoms_from_corr,1,1,0,0,0,0.11849999999999988,0,0,,,,0,,
site,partB/crosslag_deviation_run,,,,,notes/partB10_crosslag_deviation.py,91,11,notes/partB10_crosslag_deviation.py:99,atoms_from_corr,1,1,0,0,0,0.10649999999999962,0,0,,,,0,,
site,partB/crosslag_deviation_run,,,,,notes/partB10_crosslag_deviation.py,176,13,,PairPhiID,56,367080,0,0,0,0.0047842085336807115,0,0,,,,0,,
site,partB/crosslag_deviation_run,,,,,notes/partB10_crosslag_deviation.py,185,74,,atoms_from_corr,56,367080,0,0,0,0.004033295385384042,0,0,,,,0,,
site,partB/crosslag_deviation_run,,,,,notes/partB10_crosslag_deviation.py,256,17,,PairPhiID,784,5139120,0,0,0,0.0012953228058595544,0,0,,,,0,,
site,partB/crosslag_deviation_run,,,,,notes/review_v2_residual_null.py,67,10,notes/partB10_crosslag_deviation.py:348,atoms_from_corr,3,860000,0,0,0,0.00040115360014844647,6,0,,,,0,,
site,partB/crosslag_deviation_run,,,,,notes/review_v2_residual_null.py,69,11,notes/partB10_crosslag_deviation.py:348,atoms_from_corr,3,860000,0,115,115,-0.015223217689696054,98,0,,,,1,"[[1, 115]]",
site,partB/crosslag_deviation_run,,,,,notes/review_v2_residual_null.py,69,11,notes/partB10_crosslag_deviation.py:348,atoms_from_corr sts,0,0,0,0,0,,0,115,-1.4797800907964889,5.990310725323024,189.22615231211228,,,"[[0.7961705102285047, 0.9548751465256832, -0.7765710969805444, -0.7415284400169079, -0.6182830065117096, -0.0027930981445885676, 1.165365519115094], [0.9677403300434939, 0.8652004338074887, -0.8292520989172936, -0.7174692757190129, -0.8025006998954818, -0.003712083496206789, 1.0361761720059115], [0.9043663506424092, 0.9779415773708757, -0.7849750034973642, -0.767659693116921, -0.7099049792584237, -0.0006534975954482424, 2.330810179713656], [0.9534572493405049, 0.9008662739308553, 0.9300106159923067, 0.8378151983451289, 0.8867253637814934, -0.00014852804121287346, 2.4848377001486996], [0.9606515123408057, 0.8441816672251521, 0.813658358890996, 0.6868754699602821, 0.7816421329973734, -0.0021619823048100615, 1.3719383839261112], [0.7476329714097523, 0.9742320727146332, 0.5887735336746844, 0.5736020600714067, 0.4401865064686242, -0.0033198109201736273, 1.0059586246483652], [0.8965212063262697, 0.9754108297074351, -0.8083761966935744, -0.7884988967326202, -0.7247264030251652, -0.0016092566497396973, 1.7363097285653408], [0.9574973662551532, 0.8999295680895217, 0.9188623364919829, 0.826911385612959, 0.87980826714213, -0.0006505182999807314, 1.791654872099138], [0.8792881512703689, 0.9580054999737104, -0.8802106843643667, -0.843246676756687, -0.7739588253831702, -0.001029932788127021, 1.6860813202908695], [0.884058179272052, 0.9406340141699252, -0.951814520290206, -0.8953091129657982, -0.8414594118124611, -0.0008665861194435405, 1.3503377305596005], [0.9745424888498475, 0.9363694068277353, -0.9080862860331824, -0.8503042170012922, -0.8849686692811921, -0.00034424816581735476, 2.3772339096982664], [0.8603344497217739, 0.9715127316603304, 0.7605325116609456, 0.7388670179202174, 0.6543123199153382, -0.0016442721265145866, 1.6829534591156532], [0.9738700980706343, 0.8708873983975991, 0.7517018633391861, 0.6546476801340914, 0.7320599673700117, -0.0010176654000466718, 2.0040788836533654], [0.9718788092152612, 0.8785406694993194, 0.8016188243182921, 0.7042547385998497, 0.7790763484229993, -0.0019697917177000524, 1.5625007293109445], [0.9495764632121262, 0.9019899603516832, -0.9448204772056421, -0.8522185847741756, -0.8971792871153269, -0.00010304777282799742, 2.545556231249681], [0.9384781017670889, 0.977069701152025, -0.9273789526415107, -0.9061138761121188, -0.870324839093756, -0.001632415681466024, 1.3370925047028095], [0.9711340980104032, 0.855526109808032, -0.7441801354091923, -0.6366655362430408, -0.7226987045578657, -0.0009584106852035673, 1.992558058820414], [0.8514596029033117, 0.9609355727891444, -0.8244667729511115, -0.7922594507113938, -0.7020001511039282, -0.0021060187448076633, 1.3814620171473944], [0.8052843259140181, 0.9731289863391781, 0.7113364735559258, 0.6922221414575637, 0.5728281126055385, -0.006427868207184663, 0.6269011760946464], [0.9846969540320271, 0.944372572698228, -0.8765326839130343, -0.827773425761035, -0.8631190639586824, -0.0017733262661610357, 1.6652429708486378]]"
site,partB/crosslag_deviation_run,,,,,notes/review_v2_residual_null.py,67,10,notes/partB10_crosslag_deviation.py:362 < notes/partB10_crosslag_deviation.py:363,atoms_from_corr,30,4500000,0,0,0,0.00020347399739083496,22,0,,,,0,,
site,partB/crosslag_deviation_run,,,,,notes/review_v2_residual_null.py,69,11,notes/partB10_crosslag_deviation.py:362 < notes/partB10_crosslag_deviation.py:363,atoms_from_corr,30,4500000,0,6,6,-0.002262663069260546,137,0,,,,4,"[[2, 1], [4, 1], [9, 3], [26, 1]]",
site,partB/crosslag_deviation_run,,,,,notes/review_v2_residual_null.py,69,11,notes/partB10_crosslag_deviation.py:362 < notes/partB10_crosslag_deviation.py:363,atoms_from_corr sts,0,0,0,0,0,,0,6,1.4531445456348393,3.5723219729252413,16.18356080160294,,,"[[0.9144579374194406, 0.9778653652963786, -0.833436875089241, -0.814989054310613, -0.7621429657634113, -0.0014912637014700904, 1.7910777862528506], [0.8459502089258943, 0.9696580624203162, 0.7565475475626532, 0.7335924290984442, 0.6400015559229995, -0.002262663069260546, 1.4531445456348393], [0.9684736211231049, 0.9924978510430446, 0.8322836311563961, 0.826039715381025, 0.8060447420675215, -0.0007416062884453051, 2.615851121424252], [0.9624596526282074, 0.990343430922342, -0.8111698532047916, -0.8033367354836058, -0.7807182551379578, -0.00014899434391566415, 3.4865699066325853], [0.9893918065501521, 0.9417879031658379, 0.7207231444582844, 0.678768338982457, 0.7130775739180883, -0.00011655776938242153, 3.5723219729252413], [0.9861491931438576, 0.9707541289456236, 0.9362179801834014, 0.908837469856169, 0.9232506057646334, -7.129326561186583e-05, 3.26459546873317]]"
site,partB/crosslag_deviation_run,,,,,notes/review_v2_residual_null.py,67,10,notes/partB10_crosslag_deviation.py:362 < notes/partB10_crosslag_deviation.py:364,atoms_from_corr,27,4050000,0,0,0,0.0004627694376753177,154,0,,,,0,,
site,partB/crosslag_deviation_run,,,,,notes/review_v2_residual_null.py,69,11,notes/partB10_crosslag_deviation.py:362 < notes/partB10_crosslag_deviation.py:364,atoms_from_corr,27,4050000,0,5,5,-0.0009509863462387205,792,0,,,,3,"[[2, 3], [8, 1], [16, 1]]",
site,partB/crosslag_deviation_run,,,,,notes/review_v2_residual_null.py,69,11,notes/partB10_crosslag_deviation.py:362 < notes/partB10_crosslag_deviation.py:364,atoms_from_corr sts,0,0,0,0,0,,0,5,1.2804990886802585,2.6022512498711317,8.695213494142685,,,"[[0.9302062890757187, 0.9525594345409876, -0.9835593393120421, -0.9368987280925861, -0.9149130831072203, -0.0001784639940987922, 1.751321142915489], [0.9501687494955469, 0.9754950995255556, 0.9423204434249299, 0.9192289747437676, 0.8953634373531549, -0.00015079373899361286, 2.6022512498711317], [0.9607358723269027, 0.9177100976291661, -0.9476283880782731, -0.8696481405394814, -0.9104205860621164, -0.0009509863462387205, 1.3820057082074912], [0.9603281745819081, 0.9296963130419305, 0.970805318436371, 0.9025541252317913, 0.9322916993284082, -0.0006865612755491846, 1.2804990886802585], [0.9072471785096318, 0.941123668343723, -0.976325983809697, -0.9188434913822764, -0.8857689941169881, -0.00027403619538318475, 1.679136304468315]]"
site,partB/crosslag_deviation_run,,,,,notes/review_v2_residual_null.py,67,10,notes/partB10_crosslag_deviation.py:362 < notes/partB10_crosslag_deviation.py:365,atoms_from_corr,4,600000,0,0,0,0.0018171586149991533,0,0,,,,0,,
site,partB/crosslag_deviation_run,,,,,notes/review_v2_residual_null.py,69,11,notes/partB10_crosslag_deviation.py:362 < notes/partB10_crosslag_deviation.py:365,atoms_from_corr,4,600000,0,0,0,0.0006453741031069993,1,0,,,,0,,
step,partB/crosslag_budget_run,notes/partB12_crosslag_budget.py,,0,21,,,,,,,,,,,,,,,,,,,
site,partB/crosslag_budget_run,,,,,notes/partB12_crosslag_budget.py,101,15,,atoms_from_corr,1,1,0,0,0,0.15000000000000008,0,0,,,,0,,
site,partB/crosslag_budget_run,,,,,notes/partB12_crosslag_budget.py,132,13,,PairPhiID,56,367080,0,0,0,0.0047842085336807115,0,0,,,,0,,
site,partB/crosslag_budget_run,,,,,notes/partB12_crosslag_budget.py,143,17,,PairPhiID,784,5139120,0,0,0,0.0012953228058595544,0,0,,,,0,,
site,partB/crosslag_budget_run,,,,,notes/partB12_crosslag_budget.py,156,15,,PairPhiID,56,367080,0,0,0,0.0047862966238194846,0,0,,,,0,,
step,partB/crosslag_budget_null_run,notes/partB13_crosslag_budget_null.py,,0,321,,,,,,,,,,,,,,,,,,,
site,partB/crosslag_budget_null_run,,,,,notes/partB13_crosslag_budget_null.py,229,16,,PairPhiID,28,183540,0,0,0,0.006518333850785495,0,0,,,,0,,
site,partB/crosslag_budget_null_run,,,,,notes/partB13_crosslag_budget_null.py,233,21,,PairPhiID,392,2569560,0,0,0,0.0016572937874241547,0,0,,,,0,,
step,partB/regional_partial_run,notes/partB20_regional_partial.py,,0,1,,,,,,,,,,,,,,,,,,,
step,partB/inference_revision_run,notes/partB21_inference_revision.py,,0,173,,,,,,,,,,,,,,,,,,,
step,partB/aligned_directed_run,notes/partB22_aligned_directed.py,,0,137,,,,,,,,,,,,,,,,,,,
site,partB/aligned_directed_run,,,,,notes/partB22_aligned_directed.py,167,11,notes/partB22_aligned_directed.py:216 < notes/partB22_aligned_directed.py:331,atoms_from_corr,2,2,0,0,0,0.11242500000000018,0,0,,,,0,,
site,partB/aligned_directed_run,,,,,notes/partB22_aligned_directed.py,167,11,notes/partB22_aligned_directed.py:217 < notes/partB22_aligned_directed.py:331,atoms_from_corr,2,2,0,0,0,0.11248499999999993,0,0,,,,0,,
site,partB/aligned_directed_run,,,,,notes/partB22_aligned_directed.py,231,21,notes/partB22_aligned_directed.py:331,PairPhiID,56,367080,0,0,0,0.0047842085336807115,0,0,,,,0,,
site,partB/aligned_directed_run,,,,,notes/partB22_aligned_directed.py,239,25,notes/partB22_aligned_directed.py:331,PairPhiID,784,5139120,0,0,0,0.0012953228058595544,0,0,,,,0,,
site,partB/aligned_directed_run,,,,,notes/partB22_aligned_directed.py,119,11,notes/partB22_aligned_directed.py:130 < notes/partB22_aligned_directed.py:241,atoms_from_corr,784,5139120,0,8,8,-0.0013036896967438827,35,0,,,,7,"[[19, 1], [277, 1], [325, 2], [440, 1], [612, 1], [679, 1], [705, 1]]",
site,partB/aligned_directed_run,,,,,notes/partB22_aligned_directed.py,120,13,notes/partB22_aligned_directed.py:130 < notes/partB22_aligned_directed.py:241,atoms_from_corr,784,5139120,0,13,13,-0.010999607339404645,60,0,,,,9,"[[19, 1], [277, 1], [330, 1], [440, 2], [474, 1], [563, 1], [679, 1], [705, 4], [746, 1]]",
site,partB/aligned_directed_run,,,,,notes/partB22_aligned_directed.py,121,12,notes/partB22_aligned_directed.py:130 < notes/partB22_aligned_directed.py:241,atoms_from_corr,784,5139120,0,0,0,0.0012979664468180995,0,0,,,,0,,
site,partB/aligned_directed_run,,,,,notes/partB22_aligned_directed.py,122,13,notes/partB22_aligned_directed.py:130 < notes/partB22_aligned_directed.py:241,atoms_from_corr,784,5139120,0,1,1,-0.0012015168611406292,0,0,,,,1,"[[746, 1]]",
site,partB/aligned_directed_run,,,,,notes/partB22_aligned_directed.py,119,11,notes/partB22_aligned_directed.py:130 < notes/partB22_aligned_directed.py:241,atoms_from_corr sts,0,0,0,0,0,,0,8,1.4740602422565747,3.351499440253299,17.64364426085399,,,"[[0.8806917280638076, 0.949555440421798, 0.9198374087129807, 0.8734366157468998, 0.8100931970171699, -0.0010248302065855649, 1.4740602422565747], [0.9567606698696425, 0.8427570990662916, 0.8144459856493377, 0.6863801362120224, 0.7792298868025015, -0.0005237944856474695, 2.1478426960801906], [0.8447195722046104, 0.9675782523579741, -0.7437847215876041, -0.7196699210442964, -0.6282895118318061, -0.0002801586331421127, 2.602408799920638], [0.8447195722046104, 0.9583095654869394, -0.8079044821749637, -0.7742225932680402, -0.6824527285650226, -0.0004343906396170868, 2.2661440168408475], [0.9066832898808422, 0.9588976928718619, 0.9212207274745181, 0.8833564302010536, 0.8352554398930189, -0.00029783757944041813, 2.214153102753383], [0.8863927690934569, 0.9736035946612192, -0.7726445787812823, -0.75224953929696, -0.6848665677109884, -8.010383314062363e-05, 3.351499440253299], [0.968469904414982, 0.9143295548808589, 0.9052897947504552, 0.8277332150723679, 0.8767459209898321, -0.0013036896967438827, 1.544257618879724], [0.9558328296595997, 0.89343322277627, 0.9101703210487316, 0.8131764032098806, 0.8699706734401955, -0.0004332581831980967, 2.043278343869335]]"
site,partB/aligned_directed_run,,,,,notes/partB22_aligned_directed.py,120,13,notes/partB22_aligned_directed.py:130 < notes/partB22_aligned_directed.py:241,atoms_from_corr sts,0,0,0,0,0,,0,13,-0.00021099422479409213,3.501961966533986,29.006326250310515,,,"[[0.8806917280638076, 0.949555440421798, 0.9198374087129807, 0.8407673516390949, 0.8427624611249748, -0.00045214816153413344, 2.051227448400637], [0.9567606698696425, 0.8427570990662916, 0.8144459856493377, 0.6905932301781315, 0.7750167928363925, -0.00031527988506950517, 2.426211567386859], [0.8939566893849873, 0.9552655086162364, 0.8969804275109339, 0.8770821971924343, 0.7816339205334122, -4.598502382175838e-05, 3.1472785642134617], [0.9424115319395003, 0.9025860694089914, 0.9430596076751316, 0.809521170547423, 0.9304215435418446, -1.0591761007593755e-05, 3.501961966533986], [0.9066832898808422, 0.9588976928718619, 0.9212207274745181, 0.8490834118713178, 0.8695284582227547, -4.0507648893119376e-05, 3.29988597143302], [0.9569378207794731, 0.9010921804331694, 0.8766693216764976, 0.7372040200462371, 0.8916738807714324, -0.00019186658656745716, 2.3181406397335036], [0.9284837110193751, 0.9541001355077694, 0.9226388336283404, 0.9543529265175197, 0.7825920378498396, -7.240742979607327e-05, 2.403548980060071], [0.968469904414982, 0.9143295548808589, 0.9052897947504552, 0.8646355057106629, 0.8398436303515371, -0.0010452448992520397, 1.7382057314349568], [0.9558328296595997, 0.8966743382606891, 0.8989365619795306, 0.9009429925929509, 0.7643434319797506, -0.0013619132737292448, 1.1887947731724278], [0.9567374983168806, 0.851294745233536, 0.7141864182449325, 0.7829019402794494, 0.508370131813172, -0.00017814061009713183, 2.383661922697068], [0.9528631797187785, 0.8787389207774747, 0.8422661352524881, 0.8628007820388055, 0.679895640466513, -3.936895142498244e-05, 3.167117804037861], [0.9384973395897138, 0.8077683446522305, 0.7868090925759126, 0.8132545283657606, 0.5607231900490987, -0.0010306153578540402, 1.3805018754314595], [0.731838680541414, 0.8963389810972608, 0.6584314079598516, 0.8412730860344251, 0.23077022412710646, -0.010999607339404645, -0.00021099422479409213]]"
site,partB/aligned_directed_run,,,,,notes/partB22_aligned_directed.py,122,13,notes/partB22_aligned_directed.py:130 < notes/partB22_aligned_directed.py:241,atoms_from_corr sts,0,0,0,0,0,,0,1,-0.5462637942093487,-0.5462637942093487,-0.5462637942093487,,,"[[0.731838680541414, 0.8963389810972608, 0.6584314079598516, 0.8657595239790264, 0.2552566620717079, -0.0012015168611406292, -0.5462637942093487]]"
step,partB/diagnostic_alternatives_run,notes/partB23_diagnostic_alternatives.py,,0,76,,,,,,,,,,,,,,,,,,,
site,partB/diagnostic_alternatives_run,,,,,notes/partB23_diagnostic_alternatives.py,119,11,notes/partB23_diagnostic_alternatives.py:134 < notes/partB23_diagnostic_alternatives.py:284,atoms_from_corr,48,960000,0,0,0,0.007360000000000211,0,0,,,,0,,
site,partB/diagnostic_alternatives_run,,,,,notes/partB23_diagnostic_alternatives.py,119,11,notes/partB23_diagnostic_alternatives.py:296,atoms_from_corr,12808,12808,0,0,0,0.020159999999999824,0,0,,,,0,,
site,partB/diagnostic_alternatives_run,,,,,notes/partB23_diagnostic_alternatives.py,119,11,notes/partB23_diagnostic_alternatives.py:302,atoms_from_corr,40,40,0,0,0,0.020159999999999824,0,0,,,,0,,
site,partB/diagnostic_alternatives_run,,,,,notes/partB23_diagnostic_alternatives.py,119,11,notes/partB23_diagnostic_alternatives.py:134 < notes/partB23_diagnostic_alternatives.py:325,atoms_from_corr,16,320000,0,0,0,0.01518154934509654,0,0,,,,0,,
site,partB/diagnostic_alternatives_run,,,,,notes/partB23_diagnostic_alternatives.py,119,11,notes/partB23_diagnostic_alternatives.py:134 < notes/partB23_diagnostic_alternatives.py:345,atoms_from_corr,4,80000,0,0,0,0.027360000000000117,0,0,,,,0,,
site,partB/diagnostic_alternatives_run,,,,,notes/partB23_diagnostic_alternatives.py,119,11,notes/partB23_diagnostic_alternatives.py:134 < notes/partB23_diagnostic_alternatives.py:352,atoms_from_corr,16,320000,0,0,0,0.028960000000000072,0,0,,,,0,,
site,partB/diagnostic_alternatives_run,,,,,notes/partB23_diagnostic_alternatives.py,119,11,notes/partB23_diagnostic_alternatives.py:134 < notes/partB23_diagnostic_alternatives.py:358,atoms_from_corr,4,80000,0,0,0,0.030360000000000324,0,0,,,,0,,
site,partB/diagnostic_alternatives_run,,,,,notes/partB23_diagnostic_alternatives.py,200,11,notes/partB23_diagnostic_alternatives.py:406 < notes/partB23_diagnostic_alternatives.py:423,atoms_from_corr,9,378000,0,95,95,-0.04043407402208566,26,0,,,,9,"[[1, 11], [2, 5], [3, 12], [4, 18], [5, 5], [6, 16], [7, 7], [8, 10], [9, 11]]",
site,partB/diagnostic_alternatives_run,,,,,notes/partB23_diagnostic_alternatives.py,200,11,notes/partB23_diagnostic_alternatives.py:406 < notes/partB23_diagnostic_alternatives.py:423,atoms_from_corr sts,0,0,0,0,0,,0,95,-1.274611550606957,3.3135790886768053,86.97599981158965,,,"[[0.9144674896178221, 0.5409122018679328, 0.8154682062884407, 0.4410967030167741, 0.7457191634677387, -0.03591814185661712, -0.1764143787430854], [0.9299220733752939, 0.7712368039867866, 0.8316043538853529, 0.6413638840720363, 0.773327244992989, -0.0005269582202263654, 1.9299419400998272], [0.6618530457668614, 0.8672901029854824, 0.9007769409949331, 0.7812349259224433, 0.5961819619540529, -0.006010018100316665, 0.224030283917531], [0.9571770480155103, 0.7466695557340856, 0.6758686348754459, 0.5046505333370521, 0.6469259447763521, -9.948591511591618e-05, 2.916373189785703], [0.9184557800235077, 0.5657156803897531, 0.688534075334247, 0.38951452289924304, 0.6323881012338805, -0.0020822690973118347, 1.0174062974596045], [0.8433974075906471, 0.9326672113111982, -0.9192703086607175, -0.8573732752197758, -0.7753101951995031, -0.0011998461626359402, 1.343815455261733], [0.774121448364393, 0.9061964714051401, -0.9195199590451046, -0.8332657422732728, -0.7118201224959637, -0.003649130000226079, 0.6261948941048028], [0.7263772379793967, 0.9541645449115284, 0.6769887778359152, 0.6459586891140178, 0.49174923858749947, -0.0008277564783246557, 1.7837478762117933], [0.9308847232875261, 0.7666570302252231, 0.8254437465496107, 0.6328322513477064, 0.7683929735962532, -0.0008622763033285561, 1.6752689229005842], [0.9437752249970391, 0.4851109607771621, 0.5364981215772588, 0.26026111921348677, 0.5063336354020663, -0.0006552016144886771, 1.4069918644100539], [0.770225709836781, 0.9266300832026582, 0.8798279285033268, 0.8152750265930601, 0.6776660907656995, -0.00607105689318804, 0.39086494124232773], [0.9069086125836399, 0.5138982371751437, 0.8076834284460546, 0.4150670900740038, 0.7324950574988089, -0.03552051209329793, -0.17440862653259015], [0.6374025724824504, 0.8533070536338756, 0.8939608178333416, 0.7628230715294985, 0.5698129249854871, -0.003451694856536075, 0.6386919607186787], [0.8237368133982985, 0.9226433413309019, -0.9114639980564123, -0.8409561886695909, -0.7508064492862621, -4.249978922343216e-05, 3.0813750065340497], [0.7628058349451846, 0.8986651046167927, -0.9180942995226584, -0.8250593097286109, -0.7003276887057959, -0.002769507960539805, 0.8071802686954128], [0.7431980318707103, 0.9168596726748421, 0.8719225325048015, 0.7994306077501717, 0.6480111101012939, -0.005445873075090519, 0.4823528187783577], [0.9081539022910883, 0.48230060729976093, 0.697385314472052, 0.33634936069180543, 0.6333331947382917, -0.01178521328945002, -1.1754270636760906], [0.8913418290240245, 0.7929047889173215, -0.9438440700613082, -0.7483784831428272, -0.841287699721926, -0.00030275370014377483, 1.9099353674092623], [0.8433299067631126, 0.6793513541315286, -0.9267310012845684, -0.6295759606383389, -0.7815399689078011, -0.0008504581295245009, 1.3707318847128964], [0.794086809702145, 0.919153577338009, -0.9294506275383896, -0.8543078692609681, -0.7380644835976163, -0.006199387236964829, 0.14345119021140462]]"
site,partB/diagnostic_alternatives_run,,,,,notes/partB23_diagnostic_alternatives.py,201,13,notes/partB23_diagnostic_alternatives.py:406 < notes/partB23_diagnostic_alternatives.py:423,atoms_from_corr,9,378000,0,53,53,-0.019459924960946912,24,0,,,,9,"[[1, 5], [2, 3], [3, 7], [4, 10], [5, 4], [6, 8], [7, 5], [8, 7], [9, 4]]",
site,partB/diagnostic_alternatives_run,,,,,notes/partB23_diagnostic_alternatives.py,201,13,notes/partB23_diagnostic_alternatives.py:406 < notes/partB23_diagnostic_alternatives.py:423,atoms_from_corr sts,0,0,0,0,0,,0,53,-0.42016010374375257,2.461988719071187,63.252972676380864,,,"[[0.9144674896178221, 0.5409122018679328, 0.8154682062884407, 0.6298733097624646, 0.5569425567220482, -0.01887702582689111, -0.3704257397322466], [0.6618530457668614, 0.8672901029854824, 0.9007769409949331, 0.6983655997088523, 0.679051288167644, -0.00026843086870868566, 2.191936747626205], [0.8433974075906471, 0.9326672113111982, -0.9192703086607175, -0.7954448016606871, -0.8372386687585918, -0.0004719775744896794, 1.8989758513823911], [0.774121448364393, 0.9061964714051401, -0.9195199590451046, -0.8024855157542559, -0.7426003490149806, -0.0018506924023384051, 1.1279746722784476], [0.770225709836781, 0.9266300832026582, 0.8798279285033268, 0.7512423624438693, 0.7416987549148901, -0.0030377093144406155, 1.0305637387789384], [0.9069086125836399, 0.5138982371751437, 0.8076834284460546, 0.6127948185722542, 0.5347673290005586, -0.017066438260469247, -0.24697939545865988], [0.7628058349451846, 0.8986651046167927, -0.9180942995226584, -0.7936353928612894, -0.7317516055731172, -0.0009209326529886332, 1.507806905721325], [0.7431980318707103, 0.9168596726748421, 0.8719225325048015, 0.7281423151243204, 0.7192994027271452, -0.0018063432678889903, 1.3240165841143707], [0.9081539022910883, 0.48230060729976093, 0.697385314472052, 0.5606232804990616, 0.4090592749310355, -0.00016277521402400876, 2.461988719071187], [0.794086809702145, 0.919153577338009, -0.9294506275383896, -0.7953146527667411, -0.7970577000918434, -0.0038274946138504903, 0.683020055397465], [0.9467449307220485, 0.8963798131118871, -0.9485743406866878, -0.8624486455356946, -0.8858921931499012, -0.00018818630841314305, 2.256332615176174], [0.9085801211655241, 0.658063192194413, -0.8376551294000143, -0.6518888303951079, -0.6604179769810773, -0.0038616469007945785, 0.9058884365078166], [0.8298323752441967, 0.9610032631407344, -0.7908579226855657, -0.7414345950923273, -0.674861957752058, -0.0016058206129428787, 1.6206805222592187], [0.710926695581849, 0.8948142140752927, -0.9019093792663639, -0.7136439023424515, -0.7345888847490278, -0.0031031671216321484, 0.9117319826709169], [0.8264143798945027, 0.932733498198901, 0.9053428417777158, 0.7893886325348791, 0.8032433065254418, -0.000898436980967154, 1.662055893003768], [0.9163131594519667, 0.668605879703825, 0.8821097904919063, 0.6950328446364336, 0.7030397569399153, -0.013504763185676533, -0.07458306758888344], [0.6055093387984105, 0.8587626425947907, 0.8991353295994408, 0.675844194171803, 0.6407344764413992, -0.0044651309941373465, 0.6725415442593332], [0.9317990364604306, 0.8294592692705475, -0.9086694100393984, -0.7731006607662763, -0.827300884829282, -0.0009908406453726936, 1.5279557850227887], [0.8074227069671195, 0.9283624956437933, 0.9445387135813921, 0.8103544038062347, 0.8291619185214927, -0.006623131914410289, 0.1808138709961391], [0.9571242699744656, 0.7547018806934545, 0.7269123829542729, 0.5948063028205831, 0.6495413235648748, -0.0020061894040368042, 1.4679810344899096]]"
site,partB/diagnostic_alternatives_run,,,,,notes/partB23_diagnostic_alternatives.py,202,12,notes/partB23_diagnostic_alternatives.py:406 < notes/partB23_diagnostic_alternatives.py:423,atoms_from_corr,9,378000,0,2,2,-0.0017322369004960751,0,0,,,,2,"[[6, 1], [9, 1]]",
site,partB/diagnostic_alternatives_run,,,,,notes/partB23_diagnostic_alternatives.py,203,13,notes/partB23_diagnostic_alternatives.py:406 < notes/partB23_diagnostic_alternatives.py:423,atoms_from_corr,9,378000,0,0,0,0.0025964614278332935,0,0,,,,0,,
site,partB/diagnostic_alternatives_run,,,,,notes/partB23_diagnostic_alternatives.py,119,11,notes/partB23_diagnostic_alternatives.py:407 < notes/partB23_diagnostic_alternatives.py:423,atoms_from_corr,9,378000,0,0,0,0.0025912537810659077,0,0,,,,0,,
site,partB/diagnostic_alternatives_run,,,,,notes/partB23_diagnostic_alternatives.py,202,12,notes/partB23_diagnostic_alternatives.py:406 < notes/partB23_diagnostic_alternatives.py:423,atoms_from_corr sts,0,0,0,0,0,,0,2,-1.1906967110297524,-0.5848701710114057,-1.775566882041158,,,"[[0.9161247543098476, 0.5970482605889436, 0.8573277103489597, 0.5792362093173229, 0.8527893291052397, -0.0007528755088044154, -1.1906967110297524], [0.9110304753657794, 0.438650006842772, 0.754960275799811, 0.4159520137612267, 0.7725805025598004, -0.0017322369004960751, -0.5848701710114057]]"
site,partB/diagnostic_alternatives_run,,,,,notes/partB23_diagnostic_alternatives.py,200,11,notes/partB23_diagnostic_alternatives.py:406 < notes/partB23_diagnostic_alternatives.py:486,atoms_from_corr,3,126000,0,14,14,-0.00661330375772578,10,0,,,,3,"[[1, 5], [2, 5], [3, 4]]",
site,partB/diagnostic_alternatives_run,,,,,notes/partB23_diagnostic_alternatives.py,200,11,notes/partB23_diagnostic_alternatives.py:406 < notes/partB23_diagnostic_alternatives.py:486,atoms_from_corr sts,0,0,0,0,0,,0,14,0.036422557823804436,2.735699194333419,16.796004400318733,,,"[[0.9277473303543813, 0.7819216142844096, 0.8669579995416445, 0.6778931985183851, 0.8043179696041356, -0.0026788632124490927, 0.9959984388450907], [0.9056411476061242, 0.7227059082271704, 0.8504121856344531, 0.6145979109864005, 0.7701682677362185, -0.00037269893101220947, 2.0473055349029754], [0.8246934398277641, 0.9239553506332484, -0.9319436645011381, -0.8610743353045834, -0.7685678264031353, -0.002885617874431418, 0.7455635612260365], [0.955523569029168, 0.8315565805704164, -0.8250068590384005, -0.6860398826491119, -0.7883134984219162, -0.0025509757881155516, 1.2097357775665427], [0.49427155893188146, 0.8371082862946628, 0.8305393809531054, 0.6952513978898842, 0.4105119945780112, -0.00661330375772578, 0.036422557823804436], [0.9171590801194959, 0.7617313413604971, 0.8661866565552534, 0.6598015237663974, 0.7944309571379979, -0.001442862419143891, 1.3398402819554283], [0.7894313313646454, 0.9087016037996185, -0.9276469754279956, -0.8429542943312849, -0.732313586848509, -0.003201273186776859, 0.6820408786839143], [0.9497226821340901, 0.8700130905702701, 0.8983287331174712, 0.7815577574476065, 0.853163173854444, -0.0008320008554675147, 1.687442726592956], [0.947889781762193, 0.8063878539106332, -0.8107603506695947, -0.6537872992122868, -0.7685114518576411, -0.0011965898865802713, 1.617143032593153], [0.4605646758962778, 0.8150400345326335, 0.834449033784224, 0.6801093693112166, 0.38431774879679326, -0.0041802510310518775, 0.3510622485965429], [0.9304708737252066, 0.768174230638792, 0.8411206092832603, 0.6461271769106004, 0.7826382282280734, -0.0025941971168820022, 1.0469977615221715], [0.7960445681926541, 0.9225757057657039, -0.8964341829992647, -0.8270283990530488, -0.7136015621187843, -0.002343944594615031, 1.0135573965331182], [0.9556783088816719, 0.8224644003455881, -0.8070585308207325, -0.6637769105952651, -0.7712883319032844, -0.0023184553032706335, 1.2871950091435804], [0.4345284078126845, 0.8450508415915787, 0.7611676671061839, 0.6432253776803794, 0.33074897446614554, -5.495149659252114e-05, 2.735699194333419]]"
site,partB/diagnostic_alternatives_run,,,,,notes/partB23_diagnostic_alternatives.py,201,13,notes/partB23_diagnostic_alternatives.py:406 < notes/partB23_diagnostic_alternatives.py:486,atoms_from_corr,3,126000,0,8,8,-0.0015826838726681778,6,0,,,,3,"[[1, 3], [2, 3], [3, 2]]",
site,partB/diagnostic_alternatives_run,,,,,notes/partB23_diagnostic_alternatives.py,201,13,notes/partB23_diagnostic_alternatives.py:406 < notes/partB23_diagnostic_alternatives.py:486,atoms_from_corr sts,0,0,0,0,0,,0,8,1.2083087338936926,2.978933650929732,15.576916934027887,,,"[[0.9277473303543813, 0.7819216142844096, 0.8669579995416445, 0.7307078121935584, 0.7515033559289623, -0.0003460941464778521, 2.2357040054964097], [0.8246934398277641, 0.9239553506332484, -0.9319436645011381, -0.8084132106693155, -0.8212289510384032, -0.0015540223354820464, 1.2083087338936926], [0.955523569029168, 0.8315565805704164, -0.8250068590384005, -0.706398500748497, -0.7679548803225311, -0.0015826838726681778, 1.5690940982839008], [0.7894313313646454, 0.9087016037996185, -0.9276469754279956, -0.7851154932939187, -0.7901523878858752, -0.0012544875924211556, 1.3329467725361894], [0.9497226821340901, 0.8700130905702701, 0.8983287331174712, 0.8300162464125953, 0.8047046848894552, -0.00020210772556256072, 2.524771927148519], [0.947889781762193, 0.8063878539106332, -0.8107603506695947, -0.6740773384913146, -0.7482214125786133, -9.799727930688196e-05, 2.978933650929732], [0.7960445681926541, 0.9225757057657039, -0.8964341829992647, -0.7611856735437263, -0.7794442876281068, -0.00045701857404535385, 2.009841942639115], [0.9556783088816719, 0.8224644003455881, -0.8070585308207325, -0.6852492073550511, -0.7498160351434984, -0.001252017593761498, 1.7173158031003268]]"
site,partB/diagnostic_alternatives_run,,,,,notes/partB23_diagnostic_alternatives.py,202,12,notes/partB23_diagnostic_alternatives.py:406 < notes/partB23_diagnostic_alternatives.py:486,atoms_from_corr,3,126000,0,0,0,0.013761970730966392,0,0,,,,0,,
site,partB/diagnostic_alternatives_run,,,,,notes/partB23_diagnostic_alternatives.py,203,13,notes/partB23_diagnostic_alternatives.py:406 < notes/partB23_diagnostic_alternatives.py:486,atoms_from_corr,3,126000,0,0,0,0.013748595535031586,0,0,,,,0,,
site,partB/diagnostic_alternatives_run,,,,,notes/partB23_diagnostic_alternatives.py,119,11,notes/partB23_diagnostic_alternatives.py:407 < notes/partB23_diagnostic_alternatives.py:486,atoms_from_corr,3,126000,0,0,0,0.013732852471664152,0,0,,,,0,,
site,partB/diagnostic_alternatives_run,,,,,notes/partB23_diagnostic_alternatives.py,509,9,notes/partB23_diagnostic_alternatives.py:520,PairPhiID,15,15,0,0,0,0.06009612680784295,0,0,,,,0,,
site,partB/diagnostic_alternatives_run,,,,,notes/partB23_diagnostic_alternatives.py,119,11,notes/partB23_diagnostic_alternatives.py:511 < notes/partB23_diagnostic_alternatives.py:520,atoms_from_corr,15,15,0,0,0,0.06000000000000009,0,0,,,,0,,
site,partB/diagnostic_alternatives_run,,,,,notes/partB23_diagnostic_alternatives.py,509,9,notes/partB23_diagnostic_alternatives.py:523,PairPhiID,1,1,0,0,0,0.12382835842076494,0,0,,,,0,,
site,partB/diagnostic_alternatives_run,,,,,notes/partB23_diagnostic_alternatives.py,119,11,notes/partB23_diagnostic_alternatives.py:511 < notes/partB23_diagnostic_alternatives.py:523,atoms_from_corr,1,1,0,0,0,0.12375000000000011,0,0,,,,0,,
site,partB/diagnostic_alternatives_run,,,,,notes/partB23_diagnostic_alternatives.py,119,11,notes/partB23_diagnostic_alternatives.py:549,atoms_from_corr,12,12,0,0,0,0.020132707022880662,0,0,,,,0,,
site,partB/diagnostic_alternatives_run,,,,,notes/partB23_diagnostic_alternatives.py,119,11,notes/partB23_diagnostic_alternatives.py:552,atoms_from_corr,36,36,0,0,0,0.010679538231073517,0,0,,,,0,,
site,partB/diagnostic_alternatives_run,,,,,notes/partB23_diagnostic_alternatives.py,119,11,notes/partB23_diagnostic_alternatives.py:576,atoms_from_corr,2,40000,0,0,0,0.006041106814462993,0,0,,,,0,,
site,partB/diagnostic_alternatives_run,,,,,notes/partB23_diagnostic_alternatives.py,603,13,,atoms_from_corr,18,3618,0,0,0,0.013403899224614305,0,0,,,,0,,
step,partB/bandpassed_expectations_run,notes/partB24_bandpassed_expectations.py,,0,323,,,,,,,,,,,,,,,,,,,
site,partB/bandpassed_expectations_run,,,,,notes/partB24_bandpassed_expectations.py,156,13,notes/partB24_bandpassed_expectations.py:241,PairPhiID,7840,2352000,0,0,0,0.0007716046687391529,1,0,,,,0,,
site,partB/bandpassed_expectations_run,,,,,notes/partB24_bandpassed_expectations.py,158,72,notes/partB24_bandpassed_expectations.py:241,atoms_from_corr,7840,2352000,0,0,0,0.0005682208461767609,3,0,,,,0,,
site,partB/bandpassed_expectations_run,,,,,notes/partB24_bandpassed_expectations.py,160,9,notes/partB24_bandpassed_expectations.py:241,PairPhiID,560,168000,0,0,0,0.004426581639478548,0,0,,,,0,,
site,partB/bandpassed_expectations_run,,,,,notes/partB24_bandpassed_expectations.py,163,36,notes/partB24_bandpassed_expectations.py:241,atoms_from_corr,560,168000,0,0,0,0.004378004495804583,0,0,,,,0,,
site,partB/bandpassed_expectations_run,,,,,notes/partB24_bandpassed_expectations.py,166,13,notes/partB24_bandpassed_expectations.py:241,PairPhiID,1120,336000,0,0,0,0.0031916153961835513,0,0,,,,0,,
site,partB/bandpassed_expectations_run,,,,,notes/partB24_bandpassed_expectations.py,168,33,notes/partB24_bandpassed_expectations.py:241,atoms_from_corr,1120,336000,0,0,0,0.0030179071465159107,0,0,,,,0,,
site,partB/bandpassed_expectations_run,,,,,notes/partB24_bandpassed_expectations.py,242,17,,PairPhiID,560,168000,0,0,0,0.004426581639478548,0,0,,,,0,,
site,partB/bandpassed_expectations_run,,,,,notes/partB24_bandpassed_expectations.py,212,13,notes/partB24_bandpassed_expectations.py:245,PairPhiID,7840,2352000,0,0,0,0.0007716046687391529,1,0,,,,0,,
site,partB/bandpassed_expectations_run,,,,,notes/partB24_bandpassed_expectations.py,193,11,notes/partB24_bandpassed_expectations.py:214 < notes/partB24_bandpassed_expectations.py:245,atoms_from_corr,7840,2352000,0,0,0,0.0005682208461767609,3,0,,,,0,,
site,partB/bandpassed_expectations_run,,,,,notes/partB24_bandpassed_expectations.py,194,13,notes/partB24_bandpassed_expectations.py:214 < notes/partB24_bandpassed_expectations.py:245,atoms_from_corr,7840,2352000,0,0,0,0.0006446656930813971,6,0,,,,0,,
site,partB/bandpassed_expectations_run,,,,,notes/partB24_bandpassed_expectations.py,195,12,notes/partB24_bandpassed_expectations.py:214 < notes/partB24_bandpassed_expectations.py:245,atoms_from_corr,7840,2352000,0,0,0,0.0010067329331627205,0,0,,,,0,,
site,partB/bandpassed_expectations_run,,,,,notes/partB24_bandpassed_expectations.py,196,13,notes/partB24_bandpassed_expectations.py:214 < notes/partB24_bandpassed_expectations.py:245,atoms_from_corr,7840,2352000,0,0,0,0.0007977217651152752,1,0,,,,0,,
step,15_figures_v2,scripts/15_figures_v2.py,,0,12,,,,,,,,,,,,,,,,,,,
site,15_figures_v2,,,,,scripts/15_figures_v2.py,147,8,scripts/15_figures_v2.py:161,atoms_from_corr,1,11616,0,0,0,0.020000000000000382,0,0,,,,0,,
