git=d5a65bd
python 3.12.3, numpy 2.5.3; 39 of the 39 steps of run_all.sh's section 6 (B25 excepted)
=== 2026-09-29 13:04:14  notes/rev_phiid_fast_validate.py   -> notes/review_results/logs/phiid_fast_validate.log
git=d5a65bd
== raw data
  (1) W60 window means vs saved, ts_gsr                                  max|diff| = 7.99e-15   (nan pattern equal: True)
  (2) W30 window means vs saved, ts_gsr                                  max|diff| = 9.33e-15   (nan pattern equal: True)
  (3) global bin means vs saved, ts_gsr                                  max|diff| = 1.24e-14   (nan pattern equal: True)
  (4) 11's per-region global sts vs closed form, ts_gsr                  max|diff| = 2.21e-14   (nan pattern equal: True)
  (4) 11's per-region global rtr vs closed form, ts_gsr                  max|diff| = 8.60e-16   (nan pattern equal: True)
     (39s)
  (1) W60 window means vs saved, ts_demean                               max|diff| = 7.99e-15   (nan pattern equal: True)
  (3) global bin means vs saved, ts_demean                               max|diff| = 1.22e-14   (nan pattern equal: True)
  (4) 11's per-region global sts vs closed form, ts_demean               max|diff| = 1.70e-14   (nan pattern equal: True)
  (4) 11's per-region global rtr vs closed form, ts_demean               max|diff| = 8.05e-16   (nan pattern equal: True)
     (56s)
== deconvolved data
  deconvolved .mat not present; skipped
== (6) direct comparison with phyid.calc_PhiID on 200 random (subject, condition, window, pair) draws, W = 60, ts_gsr
  max|diff| over 200 draws × 16 atoms = 6.66e-15
done in 62s
=== 2026-09-29 13:05:17  notes/rev_run.py raw   -> notes/review_results/logs/rev_run_raw.log
git=d5a65bd
sts ts_gsr W60                     primary                DiD -0.0809 [-0.1261, -0.0377] p=0.0038 neg 13/14 | phase p=0.0020 | DMT -0.0485 (p=0.027) PCB +0.0324 (p=0.042) placebo share 0.40 | FD DiD +0.0143 (p=0.245) | FD-resid -0.0649 [-0.0966, -0.0289] p=0.0048 13/14 SURVIVES
sts ts_gsr W60                     sensitivity            DiD -0.0733 [-0.1180, -0.0291] p=0.0070 neg 12/14 | phase p=0.0020 | DMT -0.0491 (p=0.023) PCB +0.0242 (p=0.104) placebo share 0.33 | FD DiD +0.0191 (p=0.108) | FD-resid -0.0555 [-0.0864, -0.0210] p=0.0100 13/14 SURVIVES
sts ts_gsr W60                     early                  DiD -0.1029 [-0.1464, -0.0601] p=0.0009 neg 13/14 | phase p=0.0010 | DMT -0.0842 (p=0.001) PCB +0.0187 (p=0.221) placebo share 0.18 | FD DiD +0.0366 (p=0.010) | FD-resid -0.0806 [-0.1151, -0.0455] p=0.0018 12/14 SURVIVES
sts ts_gsr W60                     late                   DiD -0.0633 [-0.1147, -0.0118] p=0.0337 neg 10/14 | phase p=0.0060 | DMT -0.0199 (p=0.388) PCB +0.0434 (p=0.014) placebo share 0.69 | FD DiD -0.0034 (p=0.807) | FD-resid -0.0523 [-0.0909, -0.0078] p=0.0345 11/14 SURVIVES
sts ts_gsr W60                     trend_a_placebo_line   DiD -0.0890 [-0.1347, -0.0461] p=0.0021 neg 13/14
sts ts_gsr W60                     trend_b_shared_slope   DiD -0.0995 [-0.1424, -0.0599] p=0.0007 neg 13/14
PhiR ts_gsr W60                    primary                DiD +0.0007 [-0.0078, +0.0100] p=0.8971 neg 8/14 | phase p=0.8372 | DMT -0.0026 (p=0.165) PCB -0.0033 (p=0.406) placebo share 5.01 | FD DiD +0.0143 (p=0.245) | FD-resid +0.0007 [-0.0056, +0.0077] p=0.8381 7/14 does NOT survive
PhiR ts_gsr W60                    sensitivity            DiD +0.0006 [-0.0074, +0.0101] p=0.9094 neg 8/14 | phase p=0.8541 | DMT -0.0022 (p=0.264) PCB -0.0028 (p=0.466) placebo share 4.76 | FD DiD +0.0191 (p=0.108) | FD-resid +0.0006 [-0.0052, +0.0072] p=0.8628 7/14 does NOT survive
PhiR ts_gsr W60                    early                  DiD +0.0005 [-0.0090, +0.0113] p=0.9355 neg 8/14 | phase p=0.9071 | DMT -0.0033 (p=0.183) PCB -0.0038 (p=0.364) placebo share 8.06 | FD DiD +0.0366 (p=0.010) | FD-resid +0.0001 [-0.0080, +0.0088] p=0.9910 7/14 does NOT survive
PhiR ts_gsr W60                    late                   DiD +0.0008 [-0.0084, +0.0099] p=0.8663 neg 7/14 | phase p=0.8352 | DMT -0.0021 (p=0.188) PCB -0.0029 (p=0.496) placebo share 3.59 | FD DiD -0.0034 (p=0.807) | FD-resid +0.0013 [-0.0049, +0.0076] p=0.6975 4/14 does NOT survive
PhiR ts_gsr W60                    trend_a_placebo_line   DiD +0.0001 [-0.0082, +0.0088] p=0.9862 neg 8/14
PhiR ts_gsr W60                    trend_b_shared_slope   DiD -0.0011 [-0.0084, +0.0069] p=0.7822 neg 9/14
autocorr ts_gsr W60                primary                DiD -0.0146 [-0.0251, -0.0052] p=0.0106 neg 12/14 | phase p=0.0729 | DMT -0.0097 (p=0.043) PCB +0.0050 (p=0.142) placebo share 0.34 | FD DiD +0.0143 (p=0.245) | FD-resid -0.0123 [-0.0199, -0.0041] p=0.0135 12/14 SURVIVES
autocorr ts_gsr W60                sensitivity            DiD -0.0131 [-0.0231, -0.0032] p=0.0211 neg 10/14 | phase p=0.1229 | DMT -0.0099 (p=0.035) PCB +0.0032 (p=0.313) placebo share 0.24 | FD DiD +0.0191 (p=0.108) | FD-resid -0.0102 [-0.0178, -0.0018] p=0.0369 11/14 SURVIVES
autocorr ts_gsr W60                early                  DiD -0.0213 [-0.0304, -0.0125] p=0.0006 neg 13/14 | phase p=0.0250 | DMT -0.0180 (p=0.001) PCB +0.0033 (p=0.346) placebo share 0.16 | FD DiD +0.0366 (p=0.010) | FD-resid -0.0170 [-0.0241, -0.0096] p=0.0012 12/14 SURVIVES
autocorr ts_gsr W60                late                   DiD -0.0093 [-0.0214, +0.0022] p=0.1615 neg 9/14 | phase p=0.3387 | DMT -0.0030 (p=0.555) PCB +0.0063 (p=0.075) placebo share 0.67 | FD DiD -0.0034 (p=0.807) | FD-resid -0.0085 [-0.0178, +0.0018] p=0.1240 10/14 does NOT survive
autocorr ts_gsr W60                trend_a_placebo_line   DiD -0.0162 [-0.0262, -0.0069] p=0.0049 neg 12/14
autocorr ts_gsr W60                trend_b_shared_slope   DiD -0.0190 [-0.0282, -0.0103] p=0.0016 neg 13/14
sts ts_gsr global-bins             primary                DiD -0.0801 [-0.1310, -0.0315] p=0.0071 neg 12/14 | phase p=0.0010 | DMT -0.0521 (p=0.045) PCB +0.0280 (p=0.047) placebo share 0.35 | FD DiD +0.0143 (p=0.245) | FD-resid -0.0637 [-0.1023, -0.0182] p=0.0161 12/14 SURVIVES
sts ts_gsr global-bins             sensitivity            DiD -0.0773 [-0.1280, -0.0278] p=0.0085 neg 12/14 | phase p=0.0010 | DMT -0.0538 (p=0.037) PCB +0.0235 (p=0.083) placebo share 0.30 | FD DiD +0.0174 (p=0.155) | FD-resid -0.0605 [-0.0967, -0.0150] p=0.0183 12/14 SURVIVES
sts ts_gsr global-bins             early                  DiD -0.1063 [-0.1545, -0.0612] p=0.0009 neg 13/14 | phase p=0.0010 | DMT -0.0873 (p=0.002) PCB +0.0190 (p=0.157) placebo share 0.18 | FD DiD +0.0366 (p=0.010) | FD-resid -0.0847 [-0.1209, -0.0450] p=0.0024 11/14 SURVIVES
sts ts_gsr global-bins             late                   DiD -0.0591 [-0.1194, +0.0019] p=0.0773 neg 10/14 | phase p=0.0320 | DMT -0.0240 (p=0.399) PCB +0.0351 (p=0.032) placebo share 0.59 | FD DiD -0.0034 (p=0.807) | FD-resid -0.0469 [-0.0952, +0.0090] p=0.1147 11/14 does NOT survive
sts ts_gsr global-bins             trend_a_placebo_line   DiD -0.0830 [-0.1354, -0.0322] p=0.0070 neg 13/14
sts ts_gsr global-bins             trend_b_shared_slope   DiD -0.0981 [-0.1481, -0.0508] p=0.0020 neg 13/14
PhiR ts_gsr global-bins            primary                DiD -0.0062 [-0.0127, +0.0003] p=0.0953 neg 9/14 | phase p=0.0230 | DMT -0.0075 (p=0.002) PCB -0.0013 (p=0.535) placebo share -0.21 | FD DiD +0.0143 (p=0.245) | FD-resid -0.0059 [-0.0111, -0.0006] p=0.0581 9/14 SURVIVES
PhiR ts_gsr global-bins            sensitivity            DiD -0.0065 [-0.0127, -0.0003] p=0.0756 neg 9/14 | phase p=0.0120 | DMT -0.0078 (p=0.001) PCB -0.0014 (p=0.499) placebo share -0.21 | FD DiD +0.0174 (p=0.155) | FD-resid -0.0061 [-0.0112, -0.0009] p=0.0455 10/14 SURVIVES
PhiR ts_gsr global-bins            early                  DiD -0.0088 [-0.0157, -0.0017] p=0.0370 neg 9/14 | phase p=0.0050 | DMT -0.0103 (p=0.001) PCB -0.0015 (p=0.422) placebo share -0.17 | FD DiD +0.0366 (p=0.010) | FD-resid -0.0080 [-0.0140, -0.0018] p=0.0304 9/14 SURVIVES
PhiR ts_gsr global-bins            late                   DiD -0.0042 [-0.0112, +0.0027] p=0.2736 neg 9/14 | phase p=0.1588 | DMT -0.0054 (p=0.016) PCB -0.0012 (p=0.661) placebo share -0.28 | FD DiD -0.0034 (p=0.807) | FD-resid -0.0042 [-0.0094, +0.0012] p=0.1512 10/14 does NOT survive
PhiR ts_gsr global-bins            trend_a_placebo_line   DiD -0.0072 [-0.0141, -0.0006] p=0.0652 neg 10/14
PhiR ts_gsr global-bins            trend_b_shared_slope   DiD -0.0090 [-0.0153, -0.0026] p=0.0208 neg 10/14
autocorr ts_gsr run-standardised bins primary                DiD -0.4580 [-0.6018, -0.3200] p=0.0001 neg 14/14 | phase p=0.0010 | DMT -0.3448 (p=0.000) PCB +0.1133 (p=0.002) placebo share 0.25 | FD DiD +0.0143 (p=0.245) | FD-resid -0.3705 [-0.5024, -0.2456] p=0.0004 13/14 SURVIVES
autocorr ts_gsr run-standardised bins sensitivity            DiD -0.4517 [-0.5968, -0.3171] p=0.0002 neg 13/14 | phase p=0.0010 | DMT -0.3536 (p=0.000) PCB +0.0980 (p=0.008) placebo share 0.22 | FD DiD +0.0174 (p=0.155) | FD-resid -0.3670 [-0.4952, -0.2451] p=0.0005 12/14 SURVIVES
autocorr ts_gsr run-standardised bins early                  DiD -0.5008 [-0.6158, -0.3872] p=0.0001 neg 14/14 | phase p=0.0010 | DMT -0.4728 (p=0.000) PCB +0.0280 (p=0.298) placebo share 0.06 | FD DiD +0.0366 (p=0.010) | FD-resid -0.4310 [-0.5547, -0.3188] p=0.0001 14/14 SURVIVES
autocorr ts_gsr run-standardised bins late                   DiD -0.4238 [-0.5957, -0.2551] p=0.0009 neg 12/14 | phase p=0.0010 | DMT -0.2423 (p=0.011) PCB +0.1815 (p=0.000) placebo share 0.43 | FD DiD -0.0034 (p=0.807) | FD-resid -0.3220 [-0.4636, -0.1744] p=0.0017 11/14 SURVIVES
autocorr ts_gsr run-standardised bins trend_a_placebo_line   DiD -0.5189 [-0.6709, -0.3737] p=0.0001 neg 14/14
autocorr ts_gsr run-standardised bins trend_b_shared_slope   DiD -0.5585 [-0.6989, -0.4204] p=0.0001 neg 14/14
sts ts_demean W60                  primary                DiD -0.1031 [-0.1558, -0.0522] p=0.0026 neg 12/14 | phase p=0.0010 | DMT -0.0633 (p=0.033) PCB +0.0398 (p=0.031) placebo share 0.39 | FD DiD +0.0143 (p=0.245) | FD-resid -0.0824 [-0.1224, -0.0372] p=0.0048 13/14 SURVIVES
sts ts_demean W60                  sensitivity            DiD -0.0935 [-0.1431, -0.0426] p=0.0039 neg 12/14 | phase p=0.0010 | DMT -0.0621 (p=0.030) PCB +0.0314 (p=0.064) placebo share 0.34 | FD DiD +0.0191 (p=0.108) | FD-resid -0.0714 [-0.1106, -0.0298] p=0.0073 12/14 SURVIVES
sts ts_demean W60                  early                  DiD -0.1183 [-0.1673, -0.0679] p=0.0012 neg 13/14 | phase p=0.0010 | DMT -0.0975 (p=0.003) PCB +0.0208 (p=0.177) placebo share 0.18 | FD DiD +0.0366 (p=0.010) | FD-resid -0.0953 [-0.1394, -0.0518] p=0.0020 13/14 SURVIVES
sts ts_demean W60                  late                   DiD -0.0910 [-0.1522, -0.0319] p=0.0128 neg 11/14 | phase p=0.0030 | DMT -0.0360 (p=0.245) PCB +0.0550 (p=0.012) placebo share 0.60 | FD DiD -0.0034 (p=0.807) | FD-resid -0.0721 [-0.1229, -0.0177] p=0.0233 11/14 SURVIVES
sts ts_demean W60                  trend_a_placebo_line   DiD -0.1126 [-0.1690, -0.0595] p=0.0018 neg 13/14
sts ts_demean W60                  trend_b_shared_slope   DiD -0.1193 [-0.1736, -0.0683] p=0.0012 neg 13/14
PhiR ts_demean W60                 primary                DiD +0.0157 [+0.0010, +0.0326] p=0.0853 neg 4/14 | phase p=0.0380 | DMT +0.0116 (p=0.129) PCB -0.0041 (p=0.378) placebo share 0.26 | FD DiD +0.0143 (p=0.245) | FD-resid +0.0152 [+0.0007, +0.0320] p=0.0928 5/14 SURVIVES
PhiR ts_demean W60                 sensitivity            DiD +0.0136 [-0.0002, +0.0294] p=0.1071 neg 5/14 | phase p=0.0649 | DMT +0.0111 (p=0.129) PCB -0.0025 (p=0.558) placebo share 0.18 | FD DiD +0.0191 (p=0.108) | FD-resid +0.0126 [-0.0004, +0.0281] p=0.1334 6/14 does NOT survive
PhiR ts_demean W60                 early                  DiD +0.0127 [-0.0017, +0.0293] p=0.1523 neg 5/14 | phase p=0.1239 | DMT +0.0107 (p=0.183) PCB -0.0020 (p=0.620) placebo share 0.16 | FD DiD +0.0366 (p=0.010) | FD-resid +0.0107 [-0.0028, +0.0269] p=0.2152 6/14 does NOT survive
PhiR ts_demean W60                 late                   DiD +0.0181 [+0.0013, +0.0379] p=0.0944 neg 5/14 | phase p=0.0260 | DMT +0.0123 (p=0.161) PCB -0.0058 (p=0.284) placebo share 0.32 | FD DiD -0.0034 (p=0.807) | FD-resid +0.0188 [+0.0016, +0.0384] p=0.0901 6/14 SURVIVES
PhiR ts_demean W60                 trend_a_placebo_line   DiD +0.0163 [+0.0033, +0.0303] p=0.0441 neg 4/14
PhiR ts_demean W60                 trend_b_shared_slope   DiD +0.0139 [+0.0005, +0.0280] p=0.0797 neg 5/14
autocorr ts_demean W60             primary                DiD -0.0216 [-0.0319, -0.0116] p=0.0017 neg 13/14 | phase p=0.0390 | DMT -0.0114 (p=0.055) PCB +0.0102 (p=0.008) placebo share 0.47 | FD DiD +0.0143 (p=0.245) | FD-resid -0.0175 [-0.0250, -0.0085] p=0.0033 13/14 SURVIVES
autocorr ts_demean W60             sensitivity            DiD -0.0181 [-0.0279, -0.0080] p=0.0048 neg 12/14 | phase p=0.0939 | DMT -0.0101 (p=0.067) PCB +0.0081 (p=0.022) placebo share 0.44 | FD DiD +0.0191 (p=0.108) | FD-resid -0.0141 [-0.0218, -0.0050] p=0.0103 12/14 SURVIVES
autocorr ts_demean W60             early                  DiD -0.0244 [-0.0331, -0.0157] p=0.0005 neg 12/14 | phase p=0.0539 | DMT -0.0181 (p=0.006) PCB +0.0063 (p=0.073) placebo share 0.26 | FD DiD +0.0366 (p=0.010) | FD-resid -0.0211 [-0.0286, -0.0134] p=0.0007 13/14 SURVIVES
autocorr ts_demean W60             late                   DiD -0.0193 [-0.0316, -0.0069] p=0.0114 neg 11/14 | phase p=0.1179 | DMT -0.0060 (p=0.321) PCB +0.0133 (p=0.003) placebo share 0.69 | FD DiD -0.0034 (p=0.807) | FD-resid -0.0146 [-0.0245, -0.0028] p=0.0294 12/14 SURVIVES
autocorr ts_demean W60             trend_a_placebo_line   DiD -0.0228 [-0.0341, -0.0120] p=0.0020 neg 13/14
autocorr ts_demean W60             trend_b_shared_slope   DiD -0.0235 [-0.0345, -0.0125] p=0.0022 neg 13/14
sts ts_demean global-bins          primary                DiD -0.1035 [-0.1687, -0.0365] p=0.0132 neg 11/14 | phase p=0.0010 | DMT -0.0684 (p=0.064) PCB +0.0351 (p=0.054) placebo share 0.34 | FD DiD +0.0143 (p=0.245) | FD-resid -0.0854 [-0.1468, -0.0178] p=0.0281 10/14 SURVIVES
sts ts_demean global-bins          sensitivity            DiD -0.0999 [-0.1641, -0.0338] p=0.0139 neg 11/14 | phase p=0.0010 | DMT -0.0684 (p=0.061) PCB +0.0315 (p=0.078) placebo share 0.32 | FD DiD +0.0174 (p=0.155) | FD-resid -0.0815 [-0.1413, -0.0131] p=0.0311 10/14 SURVIVES
sts ts_demean global-bins          early                  DiD -0.1250 [-0.1846, -0.0620] p=0.0034 neg 12/14 | phase p=0.0030 | DMT -0.1080 (p=0.008) PCB +0.0171 (p=0.294) placebo share 0.14 | FD DiD +0.0366 (p=0.010) | FD-resid -0.1056 [-0.1641, -0.0461] p=0.0070 11/14 SURVIVES
sts ts_demean global-bins          late                   DiD -0.0862 [-0.1640, -0.0078] p=0.0594 neg 10/14 | phase p=0.0080 | DMT -0.0367 (p=0.348) PCB +0.0495 (p=0.025) placebo share 0.57 | FD DiD -0.0034 (p=0.807) | FD-resid -0.0692 [-0.1407, +0.0045] p=0.1088 9/14 does NOT survive
sts ts_demean global-bins          trend_a_placebo_line   DiD -0.1089 [-0.1758, -0.0424] p=0.0093 neg 13/14
sts ts_demean global-bins          trend_b_shared_slope   DiD -0.1239 [-0.1908, -0.0548] p=0.0057 neg 13/14
PhiR ts_demean global-bins         primary                DiD +0.0180 [-0.0002, +0.0380] p=0.1177 neg 5/14 | phase p=0.0190 | DMT +0.0137 (p=0.160) PCB -0.0043 (p=0.278) placebo share 0.24 | FD DiD +0.0143 (p=0.245) | FD-resid +0.0181 [+0.0002, +0.0399] p=0.1166 5/14 SURVIVES
PhiR ts_demean global-bins         sensitivity            DiD +0.0180 [-0.0001, +0.0378] p=0.1171 neg 5/14 | phase p=0.0180 | DMT +0.0131 (p=0.171) PCB -0.0049 (p=0.221) placebo share 0.27 | FD DiD +0.0174 (p=0.155) | FD-resid +0.0176 [-0.0003, +0.0390] p=0.1243 5/14 does NOT survive
PhiR ts_demean global-bins         early                  DiD +0.0136 [-0.0044, +0.0344] p=0.2484 neg 5/14 | phase p=0.1399 | DMT +0.0115 (p=0.275) PCB -0.0020 (p=0.616) placebo share 0.15 | FD DiD +0.0366 (p=0.010) | FD-resid +0.0111 [-0.0044, +0.0301] p=0.2698 6/14 does NOT survive
PhiR ts_demean global-bins         late                   DiD +0.0216 [+0.0011, +0.0445] p=0.0856 neg 5/14 | phase p=0.0100 | DMT +0.0155 (p=0.145) PCB -0.0061 (p=0.153) placebo share 0.28 | FD DiD -0.0034 (p=0.807) | FD-resid +0.0236 [+0.0023, +0.0489] p=0.0950 6/14 SURVIVES
PhiR ts_demean global-bins         trend_a_placebo_line   DiD +0.0168 [+0.0016, +0.0339] p=0.0837 neg 4/14
PhiR ts_demean global-bins         trend_b_shared_slope   DiD +0.0142 [-0.0012, +0.0306] p=0.1350 neg 5/14
autocorr ts_demean run-standardised bins primary                DiD -0.3846 [-0.5419, -0.2464] p=0.0004 neg 13/14 | phase p=0.0010 | DMT -0.2685 (p=0.000) PCB +0.1160 (p=0.017) placebo share 0.30 | FD DiD +0.0143 (p=0.245) | FD-resid -0.2964 [-0.4293, -0.1812] p=0.0007 12/14 SURVIVES
autocorr ts_demean run-standardised bins sensitivity            DiD -0.3737 [-0.5306, -0.2356] p=0.0005 neg 12/14 | phase p=0.0010 | DMT -0.2755 (p=0.000) PCB +0.0982 (p=0.031) placebo share 0.26 | FD DiD +0.0174 (p=0.155) | FD-resid -0.2932 [-0.4269, -0.1746] p=0.0007 12/14 SURVIVES
autocorr ts_demean run-standardised bins early                  DiD -0.4202 [-0.5545, -0.2919] p=0.0001 neg 14/14 | phase p=0.0010 | DMT -0.3888 (p=0.000) PCB +0.0314 (p=0.385) placebo share 0.07 | FD DiD +0.0366 (p=0.010) | FD-resid -0.3788 [-0.4981, -0.2723] p=0.0001 14/14 SURVIVES
autocorr ts_demean run-standardised bins late                   DiD -0.3560 [-0.5455, -0.1849] p=0.0011 neg 11/14 | phase p=0.0010 | DMT -0.1723 (p=0.044) PCB +0.1837 (p=0.005) placebo share 0.52 | FD DiD -0.0034 (p=0.807) | FD-resid -0.2304 [-0.3878, -0.0788] p=0.0121 10/14 SURVIVES
autocorr ts_demean run-standardised bins trend_a_placebo_line   DiD -0.4427 [-0.5985, -0.3031] p=0.0001 neg 14/14
autocorr ts_demean run-standardised bins trend_b_shared_slope   DiD -0.4805 [-0.6268, -0.3456] p=0.0001 neg 14/14
sts ts_gsr W30                     primary                DiD -0.0686 [-0.1084, -0.0293] p=0.0042 neg 13/14 | phase p=0.0010 | DMT -0.0390 (p=0.035) PCB +0.0296 (p=0.027) placebo share 0.43 | FD DiD +0.0143 (p=0.245) | FD-resid -0.0545 [-0.0836, -0.0215] p=0.0065 13/14 SURVIVES
sts ts_gsr W30                     sensitivity            DiD -0.0658 [-0.1072, -0.0261] p=0.0067 neg 12/14 | phase p=0.0010 | DMT -0.0407 (p=0.031) PCB +0.0252 (p=0.049) placebo share 0.38 | FD DiD +0.0174 (p=0.155) | FD-resid -0.0514 [-0.0799, -0.0179] p=0.0109 12/14 SURVIVES
sts ts_gsr W30                     early                  DiD -0.0839 [-0.1267, -0.0451] p=0.0012 neg 13/14 | phase p=0.0010 | DMT -0.0686 (p=0.002) PCB +0.0154 (p=0.236) placebo share 0.18 | FD DiD +0.0366 (p=0.010) | FD-resid -0.0678 [-0.0978, -0.0364] p=0.0020 12/14 SURVIVES
sts ts_gsr W30                     late                   DiD -0.0564 [-0.1024, -0.0118] p=0.0321 neg 11/14 | phase p=0.0080 | DMT -0.0154 (p=0.444) PCB +0.0410 (p=0.005) placebo share 0.73 | FD DiD -0.0034 (p=0.807) | FD-resid -0.0439 [-0.0783, -0.0035] p=0.0474 11/14 SURVIVES
sts ts_gsr W30                     trend_a_placebo_line   DiD -0.0766 [-0.1147, -0.0386] p=0.0021 neg 13/14
sts ts_gsr W30                     trend_b_shared_slope   DiD -0.0849 [-0.1225, -0.0495] p=0.0010 neg 13/14
autocorr ts_gsr W30                primary                DiD -0.0142 [-0.0233, -0.0044] p=0.0165 neg 13/14 | phase p=0.0110 | DMT -0.0087 (p=0.068) PCB +0.0054 (p=0.062) placebo share 0.38 | FD DiD +0.0143 (p=0.245) | FD-resid -0.0126 [-0.0206, -0.0035] p=0.0175 13/14 SURVIVES
autocorr ts_gsr W30                sensitivity            DiD -0.0139 [-0.0234, -0.0040] p=0.0210 neg 11/14 | phase p=0.0120 | DMT -0.0094 (p=0.054) PCB +0.0045 (p=0.107) placebo share 0.32 | FD DiD +0.0174 (p=0.155) | FD-resid -0.0122 [-0.0204, -0.0029] p=0.0228 13/14 SURVIVES
autocorr ts_gsr W30                early                  DiD -0.0200 [-0.0289, -0.0107] p=0.0020 neg 12/14 | phase p=0.0010 | DMT -0.0159 (p=0.003) PCB +0.0041 (p=0.212) placebo share 0.20 | FD DiD +0.0366 (p=0.010) | FD-resid -0.0171 [-0.0249, -0.0083] p=0.0034 12/14 SURVIVES
autocorr ts_gsr W30                late                   DiD -0.0095 [-0.0202, +0.0016] p=0.1274 neg 10/14 | phase p=0.1658 | DMT -0.0030 (p=0.570) PCB +0.0065 (p=0.025) placebo share 0.69 | FD DiD -0.0034 (p=0.807) | FD-resid -0.0090 [-0.0182, +0.0015] p=0.1090 10/14 does NOT survive
autocorr ts_gsr W30                trend_a_placebo_line   DiD -0.0151 [-0.0237, -0.0059] p=0.0089 neg 12/14
autocorr ts_gsr W30                trend_b_shared_slope   DiD -0.0177 [-0.0262, -0.0088] p=0.0028 neg 13/14

wrote /home/vilalius/dmt-phiid/notes/review_results/inference_rows_raw.csv (84 rows)
=== 2026-09-29 13:07:00  notes/partB16_prewhiten.py   -> notes/review_results/partB/prewhiten_run.log
git=d5a65bd
   arp ts_gsr: whitened (2s); orders: p=1: 0, p=2: 0, p=3: 0, p=4: 2, p=5: 3218
   arp ts_gsr: subject 1/14 done (20s)
   arp ts_gsr: subject 2/14 done (38s)
   arp ts_gsr: subject 3/14 done (56s)
   arp ts_gsr: subject 4/14 done (74s)
   arp ts_gsr: subject 5/14 done (93s)
   arp ts_gsr: subject 6/14 done (111s)
   arp ts_gsr: subject 7/14 done (129s)
   arp ts_gsr: subject 8/14 done (147s)
   arp ts_gsr: subject 9/14 done (165s)
   arp ts_gsr: subject 10/14 done (182s)
   arp ts_gsr: subject 11/14 done (200s)
   arp ts_gsr: subject 12/14 done (217s)
   arp ts_gsr: subject 13/14 done (234s)
   arp ts_gsr: subject 14/14 done (252s)
prewhiten arp MMI sts ts_gsr W60   primary                DiD -0.0262 [-0.0589, +0.0049] p=0.1406 neg 8/14 | phase p=0.4176 | DMT +0.0636 (p=0.000) PCB +0.0898 (p=0.000) placebo share 3.43 | FD DiD +0.0143 (p=0.245) | FD-resid -0.0062 [-0.0460, +0.0330] p=0.7714 9/14 does NOT survive
prewhiten arp MMI sts ts_gsr W60   sensitivity            DiD -0.0186 [-0.0510, +0.0141] p=0.3035 neg 7/14 | phase p=0.5455 | DMT +0.0838 (p=0.000) PCB +0.1023 (p=0.000) placebo share 5.51 | FD DiD +0.0191 (p=0.108) | FD-resid -0.0039 [-0.0444, +0.0373] p=0.8583 7/14 does NOT survive
prewhiten arp MMI sts ts_gsr W60   early                  DiD -0.0379 [-0.0834, +0.0084] p=0.1420 neg 8/14 | phase p=0.3357 | DMT +0.0573 (p=0.000) PCB +0.0953 (p=0.000) placebo share 2.51 | FD DiD +0.0366 (p=0.010) | FD-resid -0.0343 [-0.0857, +0.0171] p=0.2229 9/14 does NOT survive
prewhiten arp MMI sts ts_gsr W60   late                   DiD -0.0168 [-0.0439, +0.0086] p=0.2518 neg 7/14 | phase p=0.6474 | DMT +0.0685 (p=0.000) PCB +0.0853 (p=0.000) placebo share 5.08 | FD DiD -0.0034 (p=0.807) | FD-resid +0.0163 [-0.0241, +0.0548] p=0.4487 5/14 does NOT survive
prewhiten arp MMI sts ts_gsr W60   trend_a_placebo_line   DiD +0.0273 [+0.0067, +0.0475] p=0.0291 neg 4/14
prewhiten arp MMI sts ts_gsr W60   trend_b_shared_slope   DiD +0.0260 [+0.0009, +0.0507] p=0.0667 neg 4/14
prewhiten arp MMI xtx+yty ts_gsr W60 primary                DiD -0.0414 [-0.0795, -0.0060] p=0.0529 neg 8/14 | phase p=0.4515 | DMT +0.0883 (p=0.000) PCB +0.1297 (p=0.000) placebo share 3.13 | FD DiD +0.0143 (p=0.245) | FD-resid -0.0267 [-0.0775, +0.0250] p=0.3474 8/14 does NOT survive
prewhiten arp MMI xtx+yty ts_gsr W60 sensitivity            DiD -0.0325 [-0.0704, +0.0036] p=0.1240 neg 8/14 | phase p=0.5305 | DMT +0.1110 (p=0.000) PCB +0.1435 (p=0.000) placebo share 4.41 | FD DiD +0.0191 (p=0.108) | FD-resid -0.0248 [-0.0761, +0.0278] p=0.3820 8/14 does NOT survive
prewhiten arp MMI xtx+yty ts_gsr W60 early                  DiD -0.0429 [-0.0923, +0.0051] p=0.1241 neg 8/14 | phase p=0.5265 | DMT +0.1218 (p=0.000) PCB +0.1648 (p=0.000) placebo share 3.84 | FD DiD +0.0366 (p=0.010) | FD-resid -0.0480 [-0.1083, +0.0150] p=0.1609 9/14 does NOT survive
prewhiten arp MMI xtx+yty ts_gsr W60 late                   DiD -0.0402 [-0.0757, -0.0099] p=0.0284 neg 9/14 | phase p=0.5165 | DMT +0.0614 (p=0.001) PCB +0.1017 (p=0.000) placebo share 2.53 | FD DiD -0.0034 (p=0.807) | FD-resid -0.0097 [-0.0657, +0.0432] p=0.7463 8/14 does NOT survive
prewhiten arp MMI xtx+yty ts_gsr W60 trend_a_placebo_line   DiD +0.0497 [+0.0205, +0.0774] p=0.0074 neg 2/14
prewhiten arp MMI xtx+yty ts_gsr W60 trend_b_shared_slope   DiD +0.0725 [+0.0376, +0.1030] p=0.0023 neg 2/14
prewhiten arp CCS sts ts_gsr W60   primary                DiD -0.0135 [-0.0217, -0.0042] p=0.0160 neg 11/14 | phase p=0.0569 | DMT -0.0158 (p=0.003) PCB -0.0023 (p=0.588) placebo share -0.17 | FD DiD +0.0143 (p=0.245) | FD-resid -0.0150 [-0.0234, -0.0065] p=0.0065 12/14 SURVIVES
prewhiten arp CCS sts ts_gsr W60   sensitivity            DiD -0.0134 [-0.0210, -0.0047] p=0.0120 neg 12/14 | phase p=0.0539 | DMT -0.0202 (p=0.000) PCB -0.0068 (p=0.128) placebo share -0.51 | FD DiD +0.0191 (p=0.108) | FD-resid -0.0134 [-0.0210, -0.0057] p=0.0062 13/14 SURVIVES
prewhiten arp CCS sts ts_gsr W60   early                  DiD -0.0193 [-0.0301, -0.0070] p=0.0093 neg 12/14 | phase p=0.0160 | DMT -0.0222 (p=0.001) PCB -0.0029 (p=0.607) placebo share -0.15 | FD DiD +0.0366 (p=0.010) | FD-resid -0.0177 [-0.0294, -0.0052] p=0.0188 11/14 SURVIVES
prewhiten arp CCS sts ts_gsr W60   late                   DiD -0.0088 [-0.0188, +0.0007] p=0.1069 neg 9/14 | phase p=0.2238 | DMT -0.0107 (p=0.026) PCB -0.0019 (p=0.626) placebo share -0.21 | FD DiD -0.0034 (p=0.807) | FD-resid -0.0128 [-0.0213, -0.0042] p=0.0159 9/14 SURVIVES
prewhiten arp CCS sts ts_gsr W60   trend_a_placebo_line   DiD -0.0232 [-0.0323, -0.0141] p=0.0006 neg 12/14
prewhiten arp CCS sts ts_gsr W60   trend_b_shared_slope   DiD -0.0256 [-0.0340, -0.0169] p=0.0004 neg 13/14
prewhiten arp autocorr ts_gsr W60  primary                DiD -0.0544 [-0.1023, -0.0053] p=0.0520 neg 12/14 | phase p=0.5784 | DMT +0.1605 (p=0.000) PCB +0.2149 (p=0.000) placebo share 3.95 | FD DiD +0.0143 (p=0.245) | FD-resid -0.0470 [-0.1214, +0.0296] p=0.2617 9/14 does NOT survive
prewhiten arp autocorr ts_gsr W60  sensitivity            DiD -0.0481 [-0.0963, +0.0034] p=0.0955 neg 12/14 | phase p=0.5974 | DMT +0.1857 (p=0.000) PCB +0.2337 (p=0.000) placebo share 4.86 | FD DiD +0.0191 (p=0.108) | FD-resid -0.0500 [-0.1225, +0.0275] p=0.2322 9/14 does NOT survive
prewhiten arp autocorr ts_gsr W60  early                  DiD -0.0360 [-0.0960, +0.0340] p=0.3232 neg 11/14 | phase p=0.7582 | DMT +0.2658 (p=0.000) PCB +0.3018 (p=0.000) placebo share 8.38 | FD DiD +0.0366 (p=0.010) | FD-resid -0.0595 [-0.1457, +0.0344] p=0.2316 9/14 does NOT survive
prewhiten arp autocorr ts_gsr W60  late                   DiD -0.0691 [-0.1148, -0.0280] p=0.0059 neg 10/14 | phase p=0.5195 | DMT +0.0763 (p=0.001) PCB +0.1454 (p=0.000) placebo share 2.10 | FD DiD -0.0034 (p=0.807) | FD-resid -0.0369 [-0.1202, +0.0432] p=0.4167 7/14 does NOT survive
prewhiten arp autocorr ts_gsr W60  trend_a_placebo_line   DiD +0.0990 [+0.0586, +0.1347] p=0.0009 neg 1/14
prewhiten arp autocorr ts_gsr W60  trend_b_shared_slope   DiD +0.1604 [+0.1152, +0.1999] p=0.0001 neg 0/14
prewhiten arp diag observed sts ts_gsr W60 primary                DiD -0.0262 [-0.0589, +0.0049] p=0.1406 neg 8/14 | phase p=0.4176 | DMT +0.0636 (p=0.000) PCB +0.0898 (p=0.000) placebo share 3.43 | FD DiD +0.0143 (p=0.245) | FD-resid -0.0062 [-0.0460, +0.0330] p=0.7714 9/14 does NOT survive
prewhiten arp diag observed sts ts_gsr W60 sensitivity            DiD -0.0186 [-0.0510, +0.0141] p=0.3035 neg 7/14 | phase p=0.5455 | DMT +0.0838 (p=0.000) PCB +0.1023 (p=0.000) placebo share 5.51 | FD DiD +0.0191 (p=0.108) | FD-resid -0.0039 [-0.0444, +0.0373] p=0.8583 7/14 does NOT survive
prewhiten arp diag observed sts ts_gsr W60 early                  DiD -0.0379 [-0.0834, +0.0084] p=0.1420 neg 8/14 | phase p=0.3357 | DMT +0.0573 (p=0.000) PCB +0.0953 (p=0.000) placebo share 2.51 | FD DiD +0.0366 (p=0.010) | FD-resid -0.0343 [-0.0857, +0.0171] p=0.2229 9/14 does NOT survive
prewhiten arp diag observed sts ts_gsr W60 late                   DiD -0.0168 [-0.0439, +0.0086] p=0.2518 neg 7/14 | phase p=0.6474 | DMT +0.0685 (p=0.000) PCB +0.0853 (p=0.000) placebo share 5.08 | FD DiD -0.0034 (p=0.807) | FD-resid +0.0163 [-0.0241, +0.0548] p=0.4487 5/14 does NOT survive
prewhiten arp diag observed sts ts_gsr W60 trend_a_placebo_line   DiD +0.0273 [+0.0067, +0.0475] p=0.0291 neg 4/14
prewhiten arp diag observed sts ts_gsr W60 trend_b_shared_slope   DiD +0.0260 [+0.0009, +0.0507] p=0.0667 neg 4/14
prewhiten arp diag predicted sts ts_gsr W60 primary                DiD -0.0181 [-0.0554, +0.0192] p=0.3711 neg 7/14 | DMT +0.0913 (p=0.000) PCB +0.1094 (p=0.000) placebo share 6.03 | FD DiD +0.0143 (p=0.245) | FD-resid -0.0004 [-0.0528, +0.0517] p=0.9894 8/14 does NOT survive
prewhiten arp diag predicted sts ts_gsr W60 sensitivity            DiD -0.0102 [-0.0490, +0.0275] p=0.6129 neg 7/14 | DMT +0.1184 (p=0.000) PCB +0.1286 (p=0.000) placebo share 12.61 | FD DiD +0.0191 (p=0.108) | FD-resid -0.0004 [-0.0523, +0.0513] p=0.9910 8/14 does NOT survive
prewhiten arp diag predicted sts ts_gsr W60 early                  DiD -0.0198 [-0.0766, +0.0362] p=0.5176 neg 7/14 | DMT +0.1151 (p=0.000) PCB +0.1348 (p=0.000) placebo share 6.83 | FD DiD +0.0366 (p=0.010) | FD-resid -0.0232 [-0.0942, +0.0459] p=0.5298 8/14 does NOT survive
prewhiten arp diag predicted sts ts_gsr W60 late                   DiD -0.0169 [-0.0450, +0.0094] p=0.2740 neg 7/14 | DMT +0.0722 (p=0.000) PCB +0.0891 (p=0.000) placebo share 5.28 | FD DiD -0.0034 (p=0.807) | FD-resid +0.0178 [-0.0358, +0.0682] p=0.5310 6/14 does NOT survive
prewhiten arp diag predicted sts ts_gsr W60 trend_a_placebo_line   DiD +0.0694 [+0.0420, +0.0957] p=0.0010 neg 3/14
prewhiten arp diag predicted sts ts_gsr W60 trend_b_shared_slope   DiD +0.0830 [+0.0507, +0.1139] p=0.0010 neg 3/14
prewhiten arp diag residual sts ts_gsr W60 primary                DiD -0.0080 [-0.0219, +0.0067] p=0.3092 neg 8/14 | phase p=0.6893 | DMT -0.0277 (p=0.001) PCB -0.0197 (p=0.010) placebo share -2.44 | FD DiD +0.0143 (p=0.245) | FD-resid -0.0058 [-0.0242, +0.0116] p=0.5483 9/14 does NOT survive
prewhiten arp diag residual sts ts_gsr W60 sensitivity            DiD -0.0084 [-0.0220, +0.0056] p=0.2848 neg 9/14 | phase p=0.6503 | DMT -0.0346 (p=0.000) PCB -0.0263 (p=0.003) placebo share -3.14 | FD DiD +0.0191 (p=0.108) | FD-resid -0.0035 [-0.0208, +0.0132] p=0.7104 8/14 does NOT survive
prewhiten arp diag residual sts ts_gsr W60 early                  DiD -0.0182 [-0.0363, -0.0001] p=0.0790 neg 11/14 | phase p=0.4545 | DMT -0.0577 (p=0.000) PCB -0.0395 (p=0.003) placebo share -2.18 | FD DiD +0.0366 (p=0.010) | FD-resid -0.0111 [-0.0343, +0.0126] p=0.3804 10/14 does NOT survive
prewhiten arp diag residual sts ts_gsr W60 late                   DiD +0.0001 [-0.0129, +0.0135] p=0.9945 neg 8/14 | phase p=0.9990 | DMT -0.0037 (p=0.409) PCB -0.0038 (p=0.421) placebo share 68.18 | FD DiD -0.0034 (p=0.807) | FD-resid -0.0015 [-0.0189, +0.0152] p=0.8652 8/14 does NOT survive
prewhiten arp diag residual sts ts_gsr W60 trend_a_placebo_line   DiD -0.0421 [-0.0565, -0.0278] p=0.0004 neg 13/14
prewhiten arp diag residual sts ts_gsr W60 trend_b_shared_slope   DiD -0.0571 [-0.0723, -0.0411] p=0.0001 neg 14/14
prewhiten arp MMI sts ts_gsr global-bins primary                DiD -0.0264 [-0.0700, +0.0159] p=0.2736 neg 8/14 | phase p=0.4166 | DMT +0.0716 (p=0.000) PCB +0.0980 (p=0.000) placebo share 3.71 | FD DiD +0.0143 (p=0.245) | FD-resid -0.0027 [-0.0485, +0.0394] p=0.9108 8/14 does NOT survive
prewhiten arp MMI sts ts_gsr global-bins sensitivity            DiD -0.0258 [-0.0698, +0.0175] p=0.2906 neg 8/14 | phase p=0.4176 | DMT +0.0718 (p=0.000) PCB +0.0976 (p=0.000) placebo share 3.79 | FD DiD +0.0174 (p=0.155) | FD-resid -0.0016 [-0.0465, +0.0392] p=0.9465 8/14 does NOT survive
prewhiten arp MMI sts ts_gsr global-bins early                  DiD -0.0241 [-0.0778, +0.0301] p=0.4121 neg 8/14 | phase p=0.5265 | DMT +0.0692 (p=0.000) PCB +0.0934 (p=0.002) placebo share 3.87 | FD DiD +0.0366 (p=0.010) | FD-resid -0.0146 [-0.0631, +0.0333] p=0.5704 8/14 does NOT survive
prewhiten arp MMI sts ts_gsr global-bins late                   DiD -0.0282 [-0.0677, +0.0063] p=0.1753 neg 9/14 | phase p=0.4136 | DMT +0.0735 (p=0.000) PCB +0.1017 (p=0.000) placebo share 3.61 | FD DiD -0.0034 (p=0.807) | FD-resid +0.0068 [-0.0394, +0.0491] p=0.7820 7/14 does NOT survive
prewhiten arp MMI sts ts_gsr global-bins trend_a_placebo_line   DiD -0.0159 [-0.0471, +0.0161] p=0.3694 neg 10/14
prewhiten arp MMI sts ts_gsr global-bins trend_b_shared_slope   DiD -0.0179 [-0.0478, +0.0142] p=0.2981 neg 11/14
prewhiten arp MMI xtx+yty ts_gsr global-bins primary                DiD -0.0593 [-0.1088, -0.0129] p=0.0328 neg 9/14 | phase p=0.3317 | DMT +0.1309 (p=0.000) PCB +0.1902 (p=0.000) placebo share 3.21 | FD DiD +0.0143 (p=0.245) | FD-resid -0.0252 [-0.0883, +0.0368] p=0.4680 8/14 does NOT survive
prewhiten arp MMI xtx+yty ts_gsr global-bins sensitivity            DiD -0.0582 [-0.1087, -0.0113] p=0.0377 neg 9/14 | phase p=0.3437 | DMT +0.1334 (p=0.000) PCB +0.1917 (p=0.000) placebo share 3.29 | FD DiD +0.0174 (p=0.155) | FD-resid -0.0241 [-0.0875, +0.0369] p=0.4810 8/14 does NOT survive
prewhiten arp MMI xtx+yty ts_gsr global-bins early                  DiD -0.0496 [-0.1062, +0.0044] p=0.1138 neg 8/14 | phase p=0.4875 | DMT +0.1600 (p=0.000) PCB +0.2096 (p=0.000) placebo share 4.23 | FD DiD +0.0366 (p=0.010) | FD-resid -0.0405 [-0.1004, +0.0196] p=0.2218 8/14 does NOT survive
prewhiten arp MMI xtx+yty ts_gsr global-bins late                   DiD -0.0670 [-0.1175, -0.0260] p=0.0074 neg 11/14 | phase p=0.3137 | DMT +0.1075 (p=0.000) PCB +0.1746 (p=0.000) placebo share 2.60 | FD DiD -0.0034 (p=0.807) | FD-resid -0.0129 [-0.0840, +0.0564] p=0.7280 8/14 does NOT survive
prewhiten arp MMI xtx+yty ts_gsr global-bins trend_a_placebo_line   DiD -0.0042 [-0.0444, +0.0319] p=0.8442 neg 6/14
prewhiten arp MMI xtx+yty ts_gsr global-bins trend_b_shared_slope   DiD +0.0135 [-0.0232, +0.0475] p=0.4829 neg 6/14
prewhiten arp CCS sts ts_gsr global-bins primary                DiD -0.0045 [-0.0118, +0.0027] p=0.2610 neg 7/14 | phase p=0.5465 | DMT +0.0315 (p=0.000) PCB +0.0360 (p=0.000) placebo share 7.99 | FD DiD +0.0143 (p=0.245) | FD-resid +0.0039 [-0.0057, +0.0140] p=0.4655 5/14 does NOT survive
prewhiten arp CCS sts ts_gsr global-bins sensitivity            DiD -0.0046 [-0.0119, +0.0025] p=0.2534 neg 8/14 | phase p=0.5385 | DMT +0.0313 (p=0.000) PCB +0.0359 (p=0.000) placebo share 7.83 | FD DiD +0.0174 (p=0.155) | FD-resid +0.0042 [-0.0054, +0.0144] p=0.4410 5/14 does NOT survive
prewhiten arp CCS sts ts_gsr global-bins early                  DiD -0.0061 [-0.0143, +0.0021] p=0.1827 neg 8/14 | phase p=0.4745 | DMT +0.0287 (p=0.000) PCB +0.0348 (p=0.000) placebo share 5.68 | FD DiD +0.0366 (p=0.010) | FD-resid -0.0017 [-0.0121, +0.0085] p=0.7565 5/14 does NOT survive
prewhiten arp CCS sts ts_gsr global-bins late                   DiD -0.0032 [-0.0102, +0.0037] p=0.4003 neg 8/14 | phase p=0.6963 | DMT +0.0338 (p=0.000) PCB +0.0370 (p=0.000) placebo share 11.54 | FD DiD -0.0034 (p=0.807) | FD-resid +0.0085 [-0.0012, +0.0190] p=0.1439 6/14 does NOT survive
prewhiten arp CCS sts ts_gsr global-bins trend_a_placebo_line   DiD -0.0015 [-0.0078, +0.0048] p=0.6646 neg 7/14
prewhiten arp CCS sts ts_gsr global-bins trend_b_shared_slope   DiD -0.0035 [-0.0093, +0.0020] p=0.2675 neg 7/14
prewhiten arp autocorr ts_gsr global-bins primary                DiD -0.2044 [-0.2951, -0.1201] p=0.0006 neg 13/14 | phase p=0.0290 | DMT +0.0069 (p=0.863) PCB +0.2113 (p=0.000) placebo share 1.03 | FD DiD +0.0143 (p=0.245) | FD-resid -0.1732 [-0.2781, -0.0739] p=0.0055 12/14 SURVIVES
prewhiten arp autocorr ts_gsr global-bins sensitivity            DiD -0.2019 [-0.2935, -0.1167] p=0.0007 neg 13/14 | phase p=0.0290 | DMT +0.0121 (p=0.758) PCB +0.2140 (p=0.000) placebo share 1.06 | FD DiD +0.0174 (p=0.155) | FD-resid -0.1736 [-0.2800, -0.0732] p=0.0056 12/14 SURVIVES
prewhiten arp autocorr ts_gsr global-bins early                  DiD -0.2026 [-0.3007, -0.1068] p=0.0020 neg 13/14 | phase p=0.0649 | DMT +0.0668 (p=0.139) PCB +0.2694 (p=0.000) placebo share 1.33 | FD DiD +0.0366 (p=0.010) | FD-resid -0.1944 [-0.2945, -0.0909] p=0.0042 12/14 SURVIVES
prewhiten arp autocorr ts_gsr global-bins late                   DiD -0.2057 [-0.3039, -0.1201] p=0.0005 neg 12/14 | phase p=0.0500 | DMT -0.0410 (p=0.346) PCB +0.1647 (p=0.000) placebo share 0.80 | FD DiD -0.0034 (p=0.807) | FD-resid -0.1562 [-0.2736, -0.0490] p=0.0157 10/14 SURVIVES
prewhiten arp autocorr ts_gsr global-bins trend_a_placebo_line   DiD -0.0934 [-0.1831, -0.0120] p=0.0552 neg 9/14
prewhiten arp autocorr ts_gsr global-bins trend_b_shared_slope   DiD -0.0513 [-0.1429, +0.0320] p=0.2946 neg 7/14
   arp ts_demean: whitened (324s); orders: p=1: 0, p=2: 0, p=3: 0, p=4: 5, p=5: 3215
   arp ts_demean: subject 1/14 done (342s)
   arp ts_demean: subject 2/14 done (360s)
   arp ts_demean: subject 3/14 done (378s)
   arp ts_demean: subject 4/14 done (395s)
   arp ts_demean: subject 5/14 done (413s)
   arp ts_demean: subject 6/14 done (431s)
   arp ts_demean: subject 7/14 done (449s)
   arp ts_demean: subject 8/14 done (466s)
   arp ts_demean: subject 9/14 done (484s)
   arp ts_demean: subject 10/14 done (501s)
   arp ts_demean: subject 11/14 done (519s)
   arp ts_demean: subject 12/14 done (536s)
   arp ts_demean: subject 13/14 done (554s)
   arp ts_demean: subject 14/14 done (572s)
prewhiten arp MMI sts ts_demean W60 primary                DiD -0.0274 [-0.0629, +0.0077] p=0.1654 neg 9/14 | phase p=0.4026 | DMT +0.0523 (p=0.003) PCB +0.0797 (p=0.000) placebo share 2.91 | FD DiD +0.0143 (p=0.245) | FD-resid -0.0085 [-0.0481, +0.0322] p=0.6930 9/14 does NOT survive
prewhiten arp MMI sts ts_demean W60 sensitivity            DiD -0.0179 [-0.0543, +0.0182] p=0.3677 neg 8/14 | phase p=0.5524 | DMT +0.0722 (p=0.001) PCB +0.0901 (p=0.000) placebo share 5.04 | FD DiD +0.0191 (p=0.108) | FD-resid -0.0043 [-0.0460, +0.0400] p=0.8488 8/14 does NOT survive
prewhiten arp MMI sts ts_demean W60 early                  DiD -0.0385 [-0.0857, +0.0106] p=0.1544 neg 9/14 | phase p=0.3197 | DMT +0.0433 (p=0.023) PCB +0.0818 (p=0.001) placebo share 2.12 | FD DiD +0.0366 (p=0.010) | FD-resid -0.0364 [-0.0880, +0.0172] p=0.2089 9/14 does NOT survive
prewhiten arp MMI sts ts_demean W60 late                   DiD -0.0186 [-0.0508, +0.0128] p=0.2892 neg 7/14 | phase p=0.5994 | DMT +0.0595 (p=0.001) PCB +0.0781 (p=0.000) placebo share 4.20 | FD DiD -0.0034 (p=0.807) | FD-resid +0.0137 [-0.0247, +0.0528] p=0.5051 7/14 does NOT survive
prewhiten arp MMI sts ts_demean W60 trend_a_placebo_line   DiD +0.0174 [-0.0098, +0.0442] p=0.2413 neg 5/14
prewhiten arp MMI sts ts_demean W60 trend_b_shared_slope   DiD +0.0159 [-0.0183, +0.0471] p=0.3572 neg 5/14
prewhiten arp MMI xtx+yty ts_demean W60 primary                DiD -0.0364 [-0.0893, +0.0122] p=0.1979 neg 8/14 | phase p=0.4785 | DMT +0.0667 (p=0.010) PCB +0.1030 (p=0.000) placebo share 2.83 | FD DiD +0.0143 (p=0.245) | FD-resid -0.0231 [-0.0804, +0.0354] p=0.4691 8/14 does NOT survive
prewhiten arp MMI xtx+yty ts_demean W60 sensitivity            DiD -0.0238 [-0.0733, +0.0229] p=0.3838 neg 7/14 | phase p=0.6204 | DMT +0.0894 (p=0.002) PCB +0.1132 (p=0.000) placebo share 4.76 | FD DiD +0.0191 (p=0.108) | FD-resid -0.0162 [-0.0742, +0.0409] p=0.6036 8/14 does NOT survive
prewhiten arp MMI xtx+yty ts_demean W60 early                  DiD -0.0322 [-0.1081, +0.0376] p=0.4449 neg 8/14 | phase p=0.6254 | DMT +0.0835 (p=0.017) PCB +0.1156 (p=0.002) placebo share 3.59 | FD DiD +0.0366 (p=0.010) | FD-resid -0.0368 [-0.1208, +0.0428] p=0.4136 8/14 does NOT survive
prewhiten arp MMI xtx+yty ts_demean W60 late                   DiD -0.0397 [-0.0808, -0.0002] p=0.0862 neg 8/14 | phase p=0.4865 | DMT +0.0532 (p=0.010) PCB +0.0929 (p=0.000) placebo share 2.34 | FD DiD -0.0034 (p=0.807) | FD-resid -0.0122 [-0.0656, +0.0400] p=0.6714 9/14 does NOT survive
prewhiten arp MMI xtx+yty ts_demean W60 trend_a_placebo_line   DiD +0.0288 [-0.0124, +0.0701] p=0.2051 neg 6/14
prewhiten arp MMI xtx+yty ts_demean W60 trend_b_shared_slope   DiD +0.0439 [-0.0072, +0.0924] p=0.1221 neg 6/14
prewhiten arp CCS sts ts_demean W60 primary                DiD -0.0168 [-0.0340, +0.0030] p=0.1073 neg 10/14 | phase p=0.0899 | DMT -0.0066 (p=0.343) PCB +0.0102 (p=0.232) placebo share 0.60 | FD DiD +0.0143 (p=0.245) | FD-resid -0.0218 [-0.0389, -0.0048] p=0.0315 11/14 SURVIVES
prewhiten arp CCS sts ts_demean W60 sensitivity            DiD -0.0175 [-0.0350, +0.0020] p=0.0985 neg 10/14 | phase p=0.0619 | DMT -0.0117 (p=0.118) PCB +0.0058 (p=0.472) placebo share 0.33 | FD DiD +0.0191 (p=0.108) | FD-resid -0.0206 [-0.0371, -0.0042] p=0.0320 11/14 SURVIVES
prewhiten arp CCS sts ts_demean W60 early                  DiD -0.0291 [-0.0618, +0.0055] p=0.1311 neg 10/14 | phase p=0.0100 | DMT -0.0110 (p=0.315) PCB +0.0181 (p=0.222) placebo share 0.62 | FD DiD +0.0366 (p=0.010) | FD-resid -0.0316 [-0.0650, +0.0015] p=0.0903 9/14 does NOT survive
prewhiten arp CCS sts ts_demean W60 late                   DiD -0.0070 [-0.0199, +0.0053] p=0.3154 neg 8/14 | phase p=0.5135 | DMT -0.0032 (p=0.579) PCB +0.0038 (p=0.433) placebo share 0.55 | FD DiD -0.0034 (p=0.807) | FD-resid -0.0139 [-0.0221, -0.0057] p=0.0101 11/14 SURVIVES
prewhiten arp CCS sts ts_demean W60 trend_a_placebo_line   DiD -0.0180 [-0.0312, -0.0043] p=0.0293 neg 11/14
prewhiten arp CCS sts ts_demean W60 trend_b_shared_slope   DiD -0.0197 [-0.0363, -0.0022] p=0.0461 neg 10/14
prewhiten arp autocorr ts_demean W60 primary                DiD -0.0418 [-0.1238, +0.0315] p=0.3459 neg 9/14 | phase p=0.6743 | DMT +0.1435 (p=0.001) PCB +0.1853 (p=0.000) placebo share 4.43 | FD DiD +0.0143 (p=0.245) | FD-resid -0.0315 [-0.1319, +0.0631] p=0.5577 7/14 does NOT survive
prewhiten arp autocorr ts_demean W60 sensitivity            DiD -0.0330 [-0.1144, +0.0396] p=0.4507 neg 9/14 | phase p=0.7133 | DMT +0.1711 (p=0.000) PCB +0.2041 (p=0.000) placebo share 6.19 | FD DiD +0.0191 (p=0.108) | FD-resid -0.0321 [-0.1289, +0.0569] p=0.5320 7/14 does NOT survive
prewhiten arp autocorr ts_demean W60 early                  DiD -0.0194 [-0.1522, +0.0987] p=0.7794 neg 7/14 | phase p=0.8791 | DMT +0.2232 (p=0.001) PCB +0.2426 (p=0.000) placebo share 12.49 | FD DiD +0.0366 (p=0.010) | FD-resid -0.0408 [-0.1828, +0.0916] p=0.5880 8/14 does NOT survive
prewhiten arp autocorr ts_demean W60 late                   DiD -0.0597 [-0.1106, -0.0121] p=0.0319 neg 10/14 | phase p=0.5794 | DMT +0.0798 (p=0.002) PCB +0.1394 (p=0.000) placebo share 2.34 | FD DiD -0.0034 (p=0.807) | FD-resid -0.0240 [-0.1199, +0.0587] p=0.6528 8/14 does NOT survive
prewhiten arp autocorr ts_demean W60 trend_a_placebo_line   DiD +0.0843 [+0.0192, +0.1467] p=0.0276 neg 2/14
prewhiten arp autocorr ts_demean W60 trend_b_shared_slope   DiD +0.1326 [+0.0466, +0.2105] p=0.0099 neg 2/14
prewhiten arp diag observed sts ts_demean W60 primary                DiD -0.0274 [-0.0629, +0.0077] p=0.1654 neg 9/14 | phase p=0.4026 | DMT +0.0523 (p=0.003) PCB +0.0797 (p=0.000) placebo share 2.91 | FD DiD +0.0143 (p=0.245) | FD-resid -0.0085 [-0.0481, +0.0322] p=0.6930 9/14 does NOT survive
prewhiten arp diag observed sts ts_demean W60 sensitivity            DiD -0.0179 [-0.0543, +0.0182] p=0.3677 neg 8/14 | phase p=0.5524 | DMT +0.0722 (p=0.001) PCB +0.0901 (p=0.000) placebo share 5.04 | FD DiD +0.0191 (p=0.108) | FD-resid -0.0043 [-0.0460, +0.0400] p=0.8488 8/14 does NOT survive
prewhiten arp diag observed sts ts_demean W60 early                  DiD -0.0385 [-0.0857, +0.0106] p=0.1544 neg 9/14 | phase p=0.3197 | DMT +0.0433 (p=0.023) PCB +0.0818 (p=0.001) placebo share 2.12 | FD DiD +0.0366 (p=0.010) | FD-resid -0.0364 [-0.0880, +0.0172] p=0.2089 9/14 does NOT survive
prewhiten arp diag observed sts ts_demean W60 late                   DiD -0.0186 [-0.0508, +0.0128] p=0.2892 neg 7/14 | phase p=0.5994 | DMT +0.0595 (p=0.001) PCB +0.0781 (p=0.000) placebo share 4.20 | FD DiD -0.0034 (p=0.807) | FD-resid +0.0137 [-0.0247, +0.0528] p=0.5051 7/14 does NOT survive
prewhiten arp diag observed sts ts_demean W60 trend_a_placebo_line   DiD +0.0174 [-0.0098, +0.0442] p=0.2413 neg 5/14
prewhiten arp diag observed sts ts_demean W60 trend_b_shared_slope   DiD +0.0159 [-0.0183, +0.0471] p=0.3572 neg 5/14
prewhiten arp diag predicted sts ts_demean W60 primary                DiD -0.0112 [-0.0667, +0.0399] p=0.7029 neg 7/14 | DMT +0.0746 (p=0.005) PCB +0.0858 (p=0.001) placebo share 7.67 | FD DiD +0.0143 (p=0.245) | FD-resid +0.0088 [-0.0524, +0.0701] p=0.7906 6/14 does NOT survive
prewhiten arp diag predicted sts ts_demean W60 sensitivity            DiD +0.0013 [-0.0570, +0.0534] p=0.9666 neg 7/14 | DMT +0.1038 (p=0.001) PCB +0.1025 (p=0.000) placebo share -78.92 | FD DiD +0.0191 (p=0.108) | FD-resid +0.0126 [-0.0497, +0.0741] p=0.7054 7/14 does NOT survive
prewhiten arp diag predicted sts ts_demean W60 early                  DiD -0.0050 [-0.0928, +0.0788] p=0.9135 neg 7/14 | DMT +0.0874 (p=0.015) PCB +0.0923 (p=0.018) placebo share 18.64 | FD DiD +0.0366 (p=0.010) | FD-resid -0.0090 [-0.1050, +0.0848] p=0.8556 7/14 does NOT survive
prewhiten arp diag predicted sts ts_demean W60 late                   DiD -0.0162 [-0.0494, +0.0137] p=0.3573 neg 7/14 | DMT +0.0644 (p=0.002) PCB +0.0806 (p=0.000) placebo share 4.99 | FD DiD -0.0034 (p=0.807) | FD-resid +0.0230 [-0.0258, +0.0702] p=0.3789 6/14 does NOT survive
prewhiten arp diag predicted sts ts_demean W60 trend_a_placebo_line   DiD +0.0532 [+0.0128, +0.0890] p=0.0233 neg 3/14
prewhiten arp diag predicted sts ts_demean W60 trend_b_shared_slope   DiD +0.0629 [+0.0092, +0.1096] p=0.0349 neg 3/14
prewhiten arp diag residual sts ts_demean W60 primary                DiD -0.0163 [-0.0454, +0.0178] p=0.3490 neg 9/14 | phase p=0.4416 | DMT -0.0223 (p=0.080) PCB -0.0061 (p=0.586) placebo share -0.37 | FD DiD +0.0143 (p=0.245) | FD-resid -0.0173 [-0.0481, +0.0152] p=0.3147 9/14 does NOT survive
prewhiten arp diag residual sts ts_demean W60 sensitivity            DiD -0.0192 [-0.0502, +0.0147] p=0.2838 neg 9/14 | phase p=0.3487 | DMT -0.0316 (p=0.022) PCB -0.0125 (p=0.269) placebo share -0.65 | FD DiD +0.0191 (p=0.108) | FD-resid -0.0169 [-0.0460, +0.0140] p=0.3015 9/14 does NOT survive
prewhiten arp diag residual sts ts_demean W60 early                  DiD -0.0336 [-0.0869, +0.0249] p=0.2762 neg 9/14 | phase p=0.1958 | DMT -0.0441 (p=0.042) PCB -0.0105 (p=0.587) placebo share -0.31 | FD DiD +0.0366 (p=0.010) | FD-resid -0.0274 [-0.0789, +0.0279] p=0.3473 7/14 does NOT survive
prewhiten arp diag residual sts ts_demean W60 late                   DiD -0.0024 [-0.0169, +0.0141] p=0.7776 neg 11/14 | phase p=0.9181 | DMT -0.0049 (p=0.462) PCB -0.0025 (p=0.674) placebo share -1.06 | FD DiD -0.0034 (p=0.807) | FD-resid -0.0092 [-0.0280, +0.0089] p=0.3617 8/14 does NOT survive
prewhiten arp diag residual sts ts_demean W60 trend_a_placebo_line   DiD -0.0358 [-0.0600, -0.0104] p=0.0173 neg 11/14
prewhiten arp diag residual sts ts_demean W60 trend_b_shared_slope   DiD -0.0470 [-0.0785, -0.0134] p=0.0170 neg 11/14
prewhiten arp MMI sts ts_demean global-bins primary                DiD -0.0264 [-0.0718, +0.0155] p=0.2831 neg 8/14 | phase p=0.4046 | DMT +0.0550 (p=0.009) PCB +0.0814 (p=0.000) placebo share 3.08 | FD DiD +0.0143 (p=0.245) | FD-resid -0.0082 [-0.0545, +0.0310] p=0.7645 8/14 does NOT survive
prewhiten arp MMI sts ts_demean global-bins sensitivity            DiD -0.0255 [-0.0705, +0.0175] p=0.3051 neg 8/14 | phase p=0.4186 | DMT +0.0554 (p=0.009) PCB +0.0809 (p=0.000) placebo share 3.17 | FD DiD +0.0174 (p=0.155) | FD-resid -0.0078 [-0.0537, +0.0316] p=0.7715 8/14 does NOT survive
prewhiten arp MMI sts ts_demean global-bins early                  DiD -0.0286 [-0.0885, +0.0231] p=0.3615 neg 7/14 | phase p=0.4476 | DMT +0.0511 (p=0.031) PCB +0.0796 (p=0.001) placebo share 2.79 | FD DiD +0.0366 (p=0.010) | FD-resid -0.0256 [-0.0791, +0.0210] p=0.3851 8/14 does NOT survive
prewhiten arp MMI sts ts_demean global-bins late                   DiD -0.0247 [-0.0624, +0.0112] p=0.2333 neg 8/14 | phase p=0.4585 | DMT +0.0581 (p=0.003) PCB +0.0828 (p=0.000) placebo share 3.35 | FD DiD -0.0034 (p=0.807) | FD-resid +0.0057 [-0.0362, +0.0413] p=0.8057 4/14 does NOT survive
prewhiten arp MMI sts ts_demean global-bins trend_a_placebo_line   DiD -0.0147 [-0.0518, +0.0198] p=0.4597 neg 9/14
prewhiten arp MMI sts ts_demean global-bins trend_b_shared_slope   DiD -0.0184 [-0.0591, +0.0182] p=0.3940 neg 8/14
prewhiten arp MMI xtx+yty ts_demean global-bins primary                DiD -0.0388 [-0.0954, +0.0172] p=0.2145 neg 9/14 | phase p=0.4456 | DMT +0.0866 (p=0.004) PCB +0.1254 (p=0.000) placebo share 3.23 | FD DiD +0.0143 (p=0.245) | FD-resid -0.0189 [-0.0778, +0.0402] p=0.5568 8/14 does NOT survive
prewhiten arp MMI xtx+yty ts_demean global-bins sensitivity            DiD -0.0372 [-0.0937, +0.0191] p=0.2302 neg 9/14 | phase p=0.4555 | DMT +0.0893 (p=0.003) PCB +0.1266 (p=0.000) placebo share 3.40 | FD DiD +0.0174 (p=0.155) | FD-resid -0.0182 [-0.0778, +0.0415] p=0.5701 8/14 does NOT survive
prewhiten arp MMI xtx+yty ts_demean global-bins early                  DiD -0.0338 [-0.1023, +0.0304] p=0.3514 neg 8/14 | phase p=0.5564 | DMT +0.1044 (p=0.002) PCB +0.1382 (p=0.000) placebo share 4.09 | FD DiD +0.0366 (p=0.010) | FD-resid -0.0335 [-0.0972, +0.0314] p=0.3396 9/14 does NOT survive
prewhiten arp MMI xtx+yty ts_demean global-bins late                   DiD -0.0428 [-0.0957, +0.0089] p=0.1434 neg 8/14 | phase p=0.4366 | DMT +0.0724 (p=0.009) PCB +0.1152 (p=0.000) placebo share 2.69 | FD DiD -0.0034 (p=0.807) | FD-resid -0.0071 [-0.0681, +0.0528] p=0.8281 5/14 does NOT survive
prewhiten arp MMI xtx+yty ts_demean global-bins trend_a_placebo_line   DiD +0.0020 [-0.0446, +0.0492] p=0.9362 neg 6/14
prewhiten arp MMI xtx+yty ts_demean global-bins trend_b_shared_slope   DiD +0.0112 [-0.0345, +0.0552] p=0.6427 neg 7/14
prewhiten arp CCS sts ts_demean global-bins primary                DiD -0.0028 [-0.0135, +0.0082] p=0.6385 neg 7/14 | phase p=0.7093 | DMT +0.0307 (p=0.000) PCB +0.0335 (p=0.000) placebo share 12.06 | FD DiD +0.0143 (p=0.245) | FD-resid +0.0005 [-0.0118, +0.0117] p=0.9403 7/14 does NOT survive
prewhiten arp CCS sts ts_demean global-bins sensitivity            DiD -0.0028 [-0.0137, +0.0083] p=0.6326 neg 7/14 | phase p=0.7173 | DMT +0.0304 (p=0.000) PCB +0.0333 (p=0.000) placebo share 11.69 | FD DiD +0.0174 (p=0.155) | FD-resid +0.0007 [-0.0115, +0.0118] p=0.9062 6/14 does NOT survive
prewhiten arp CCS sts ts_demean global-bins early                  DiD -0.0054 [-0.0182, +0.0076] p=0.4556 neg 8/14 | phase p=0.5534 | DMT +0.0274 (p=0.000) PCB +0.0328 (p=0.000) placebo share 6.11 | FD DiD +0.0366 (p=0.010) | FD-resid -0.0059 [-0.0208, +0.0075] p=0.4647 7/14 does NOT survive
prewhiten arp CCS sts ts_demean global-bins late                   DiD -0.0007 [-0.0121, +0.0097] p=0.9041 neg 6/14 | phase p=0.9271 | DMT +0.0333 (p=0.000) PCB +0.0340 (p=0.000) placebo share 48.31 | FD DiD -0.0034 (p=0.807) | FD-resid +0.0056 [-0.0052, +0.0157] p=0.3282 4/14 does NOT survive
prewhiten arp CCS sts ts_demean global-bins trend_a_placebo_line   DiD +0.0003 [-0.0091, +0.0097] p=0.9602 neg 6/14
prewhiten arp CCS sts ts_demean global-bins trend_b_shared_slope   DiD -0.0037 [-0.0128, +0.0052] p=0.4441 neg 7/14
prewhiten arp autocorr ts_demean global-bins primary                DiD -0.1448 [-0.2672, -0.0405] p=0.0162 neg 11/14 | phase p=0.1119 | DMT +0.0231 (p=0.629) PCB +0.1679 (p=0.000) placebo share 1.16 | FD DiD +0.0143 (p=0.245) | FD-resid -0.1291 [-0.2603, -0.0175] p=0.0455 10/14 SURVIVES
prewhiten arp autocorr ts_demean global-bins sensitivity            DiD -0.1413 [-0.2661, -0.0383] p=0.0195 neg 11/14 | phase p=0.1189 | DMT +0.0282 (p=0.557) PCB +0.1695 (p=0.000) placebo share 1.20 | FD DiD +0.0174 (p=0.155) | FD-resid -0.1301 [-0.2634, -0.0207] p=0.0417 10/14 SURVIVES
prewhiten arp autocorr ts_demean global-bins early                  DiD -0.1398 [-0.2890, -0.0133] p=0.0610 neg 11/14 | phase p=0.1968 | DMT +0.0742 (p=0.201) PCB +0.2140 (p=0.000) placebo share 1.53 | FD DiD +0.0366 (p=0.010) | FD-resid -0.1519 [-0.2859, -0.0260] p=0.0396 11/14 SURVIVES
prewhiten arp autocorr ts_demean global-bins late                   DiD -0.1488 [-0.2625, -0.0526] p=0.0104 neg 11/14 | phase p=0.1339 | DMT -0.0177 (p=0.721) PCB +0.1311 (p=0.000) placebo share 0.88 | FD DiD -0.0034 (p=0.807) | FD-resid -0.1109 [-0.2583, +0.0018] p=0.1007 8/14 does NOT survive
prewhiten arp autocorr ts_demean global-bins trend_a_placebo_line   DiD -0.0518 [-0.1605, +0.0440] p=0.3805 neg 7/14
prewhiten arp autocorr ts_demean global-bins trend_b_shared_slope   DiD -0.0182 [-0.1334, +0.0877] p=0.7728 neg 6/14
   ar1 ts_gsr: whitened (642s); orders: p=1: 3220, p=2: 0, p=3: 0, p=4: 0, p=5: 0
   ar1 ts_gsr: subject 1/14 done (660s)
   ar1 ts_gsr: subject 2/14 done (678s)
   ar1 ts_gsr: subject 3/14 done (695s)
   ar1 ts_gsr: subject 4/14 done (713s)
   ar1 ts_gsr: subject 5/14 done (730s)
   ar1 ts_gsr: subject 6/14 done (748s)
   ar1 ts_gsr: subject 7/14 done (767s)
   ar1 ts_gsr: subject 8/14 done (785s)
   ar1 ts_gsr: subject 9/14 done (802s)
   ar1 ts_gsr: subject 10/14 done (820s)
   ar1 ts_gsr: subject 11/14 done (838s)
   ar1 ts_gsr: subject 12/14 done (856s)
   ar1 ts_gsr: subject 13/14 done (874s)
   ar1 ts_gsr: subject 14/14 done (891s)
prewhiten ar1 MMI sts ts_gsr W60   primary                DiD -0.0620 [-0.0899, -0.0364] p=0.0006 neg 13/14 | phase p=0.0010 | DMT -0.0269 (p=0.017) PCB +0.0351 (p=0.001) placebo share 0.57 | FD DiD +0.0143 (p=0.245) | FD-resid -0.0488 [-0.0702, -0.0264] p=0.0021 13/14 SURVIVES
prewhiten ar1 MMI sts ts_gsr W60   sensitivity            DiD -0.0580 [-0.0859, -0.0329] p=0.0009 neg 13/14 | phase p=0.0010 | DMT -0.0283 (p=0.012) PCB +0.0297 (p=0.004) placebo share 0.51 | FD DiD +0.0191 (p=0.108) | FD-resid -0.0441 [-0.0649, -0.0220] p=0.0028 13/14 SURVIVES
prewhiten ar1 MMI sts ts_gsr W60   early                  DiD -0.0730 [-0.1029, -0.0434] p=0.0005 neg 13/14 | phase p=0.0010 | DMT -0.0458 (p=0.001) PCB +0.0272 (p=0.009) placebo share 0.37 | FD DiD +0.0366 (p=0.010) | FD-resid -0.0584 [-0.0849, -0.0328] p=0.0012 13/14 SURVIVES
prewhiten ar1 MMI sts ts_gsr W60   late                   DiD -0.0532 [-0.0852, -0.0250] p=0.0027 neg 12/14 | phase p=0.0020 | DMT -0.0118 (p=0.314) PCB +0.0415 (p=0.000) placebo share 0.78 | FD DiD -0.0034 (p=0.807) | FD-resid -0.0410 [-0.0637, -0.0162] p=0.0083 12/14 SURVIVES
prewhiten ar1 MMI sts ts_gsr W60   trend_a_placebo_line   DiD -0.0629 [-0.0892, -0.0398] p=0.0002 neg 13/14
prewhiten ar1 MMI sts ts_gsr W60   trend_b_shared_slope   DiD -0.0658 [-0.0901, -0.0442] p=0.0002 neg 13/14
prewhiten ar1 MMI xtx+yty ts_gsr W60 primary                DiD -0.0817 [-0.1219, -0.0459] p=0.0009 neg 13/14 | phase p=0.0010 | DMT -0.0355 (p=0.015) PCB +0.0462 (p=0.002) placebo share 0.57 | FD DiD +0.0143 (p=0.245) | FD-resid -0.0635 [-0.0917, -0.0338] p=0.0028 13/14 SURVIVES
prewhiten ar1 MMI xtx+yty ts_gsr W60 sensitivity            DiD -0.0766 [-0.1164, -0.0413] p=0.0015 neg 13/14 | phase p=0.0010 | DMT -0.0377 (p=0.010) PCB +0.0390 (p=0.008) placebo share 0.51 | FD DiD +0.0191 (p=0.108) | FD-resid -0.0576 [-0.0844, -0.0280] p=0.0035 13/14 SURVIVES
prewhiten ar1 MMI xtx+yty ts_gsr W60 early                  DiD -0.0943 [-0.1392, -0.0513] p=0.0012 neg 12/14 | phase p=0.0010 | DMT -0.0569 (p=0.002) PCB +0.0373 (p=0.021) placebo share 0.40 | FD DiD +0.0366 (p=0.010) | FD-resid -0.0734 [-0.1099, -0.0371] p=0.0032 11/14 SURVIVES
prewhiten ar1 MMI xtx+yty ts_gsr W60 late                   DiD -0.0717 [-0.1143, -0.0353] p=0.0023 neg 12/14 | phase p=0.0030 | DMT -0.0184 (p=0.211) PCB +0.0533 (p=0.001) placebo share 0.74 | FD DiD -0.0034 (p=0.807) | FD-resid -0.0556 [-0.0829, -0.0237] p=0.0056 13/14 SURVIVES
prewhiten ar1 MMI xtx+yty ts_gsr W60 trend_a_placebo_line   DiD -0.0826 [-0.1187, -0.0513] p=0.0004 neg 13/14
prewhiten ar1 MMI xtx+yty ts_gsr W60 trend_b_shared_slope   DiD -0.0839 [-0.1182, -0.0536] p=0.0004 neg 13/14
prewhiten ar1 CCS sts ts_gsr W60   primary                DiD -0.0057 [-0.0094, -0.0022] p=0.0065 neg 12/14 | phase p=0.0030 | DMT -0.0038 (p=0.005) PCB +0.0019 (p=0.214) placebo share 0.33 | FD DiD +0.0143 (p=0.245) | FD-resid -0.0043 [-0.0070, -0.0017] p=0.0074 11/14 SURVIVES
prewhiten ar1 CCS sts ts_gsr W60   sensitivity            DiD -0.0049 [-0.0086, -0.0015] p=0.0182 neg 12/14 | phase p=0.0040 | DMT -0.0035 (p=0.008) PCB +0.0014 (p=0.325) placebo share 0.29 | FD DiD +0.0191 (p=0.108) | FD-resid -0.0036 [-0.0061, -0.0009] p=0.0233 11/14 SURVIVES
prewhiten ar1 CCS sts ts_gsr W60   early                  DiD -0.0075 [-0.0120, -0.0034] p=0.0029 neg 11/14 | phase p=0.0010 | DMT -0.0053 (p=0.001) PCB +0.0022 (p=0.131) placebo share 0.29 | FD DiD +0.0366 (p=0.010) | FD-resid -0.0058 [-0.0086, -0.0029] p=0.0027 11/14 SURVIVES
prewhiten ar1 CCS sts ts_gsr W60   late                   DiD -0.0042 [-0.0078, -0.0009] p=0.0331 neg 9/14 | phase p=0.0330 | DMT -0.0026 (p=0.081) PCB +0.0016 (p=0.318) placebo share 0.38 | FD DiD -0.0034 (p=0.807) | FD-resid -0.0031 [-0.0062, -0.0002] p=0.0673 8/14 SURVIVES
prewhiten ar1 CCS sts ts_gsr W60   trend_a_placebo_line   DiD -0.0055 [-0.0088, -0.0026] p=0.0033 neg 10/14
prewhiten ar1 CCS sts ts_gsr W60   trend_b_shared_slope   DiD -0.0058 [-0.0091, -0.0029] p=0.0018 neg 12/14
prewhiten ar1 autocorr ts_gsr W60  primary                DiD -0.0196 [-0.0282, -0.0116] p=0.0010 neg 12/14 | phase p=0.0080 | DMT -0.0111 (p=0.005) PCB +0.0085 (p=0.014) placebo share 0.43 | FD DiD +0.0143 (p=0.245) | FD-resid -0.0164 [-0.0229, -0.0093] p=0.0015 12/14 SURVIVES
prewhiten ar1 autocorr ts_gsr W60  sensitivity            DiD -0.0181 [-0.0265, -0.0101] p=0.0013 neg 12/14 | phase p=0.0190 | DMT -0.0117 (p=0.003) PCB +0.0064 (p=0.049) placebo share 0.35 | FD DiD +0.0191 (p=0.108) | FD-resid -0.0146 [-0.0209, -0.0073] p=0.0031 11/14 SURVIVES
prewhiten ar1 autocorr ts_gsr W60  early                  DiD -0.0247 [-0.0323, -0.0172] p=0.0002 neg 13/14 | phase p=0.0010 | DMT -0.0175 (p=0.000) PCB +0.0072 (p=0.019) placebo share 0.29 | FD DiD +0.0366 (p=0.010) | FD-resid -0.0206 [-0.0272, -0.0140] p=0.0004 13/14 SURVIVES
prewhiten ar1 autocorr ts_gsr W60  late                   DiD -0.0156 [-0.0262, -0.0051] p=0.0139 neg 11/14 | phase p=0.0799 | DMT -0.0060 (p=0.142) PCB +0.0096 (p=0.016) placebo share 0.62 | FD DiD -0.0034 (p=0.807) | FD-resid -0.0130 [-0.0209, -0.0042] p=0.0167 11/14 SURVIVES
prewhiten ar1 autocorr ts_gsr W60  trend_a_placebo_line   DiD -0.0198 [-0.0277, -0.0126] p=0.0002 neg 13/14
prewhiten ar1 autocorr ts_gsr W60  trend_b_shared_slope   DiD -0.0208 [-0.0276, -0.0146] p=0.0002 neg 13/14
prewhiten ar1 diag observed sts ts_gsr W60 primary                DiD -0.0620 [-0.0899, -0.0364] p=0.0006 neg 13/14 | phase p=0.0010 | DMT -0.0269 (p=0.017) PCB +0.0351 (p=0.001) placebo share 0.57 | FD DiD +0.0143 (p=0.245) | FD-resid -0.0488 [-0.0702, -0.0264] p=0.0021 13/14 SURVIVES
prewhiten ar1 diag observed sts ts_gsr W60 sensitivity            DiD -0.0580 [-0.0859, -0.0329] p=0.0009 neg 13/14 | phase p=0.0010 | DMT -0.0283 (p=0.012) PCB +0.0297 (p=0.004) placebo share 0.51 | FD DiD +0.0191 (p=0.108) | FD-resid -0.0441 [-0.0649, -0.0220] p=0.0028 13/14 SURVIVES
prewhiten ar1 diag observed sts ts_gsr W60 early                  DiD -0.0730 [-0.1029, -0.0434] p=0.0005 neg 13/14 | phase p=0.0010 | DMT -0.0458 (p=0.001) PCB +0.0272 (p=0.009) placebo share 0.37 | FD DiD +0.0366 (p=0.010) | FD-resid -0.0584 [-0.0849, -0.0328] p=0.0012 13/14 SURVIVES
prewhiten ar1 diag observed sts ts_gsr W60 late                   DiD -0.0532 [-0.0852, -0.0250] p=0.0027 neg 12/14 | phase p=0.0020 | DMT -0.0118 (p=0.314) PCB +0.0415 (p=0.000) placebo share 0.78 | FD DiD -0.0034 (p=0.807) | FD-resid -0.0410 [-0.0637, -0.0162] p=0.0083 12/14 SURVIVES
prewhiten ar1 diag observed sts ts_gsr W60 trend_a_placebo_line   DiD -0.0629 [-0.0892, -0.0398] p=0.0002 neg 13/14
prewhiten ar1 diag observed sts ts_gsr W60 trend_b_shared_slope   DiD -0.0658 [-0.0901, -0.0442] p=0.0002 neg 13/14
prewhiten ar1 diag predicted sts ts_gsr W60 primary                DiD -0.0626 [-0.0907, -0.0367] p=0.0005 neg 13/14 | DMT -0.0280 (p=0.019) PCB +0.0346 (p=0.002) placebo share 0.55 | FD DiD +0.0143 (p=0.245) | FD-resid -0.0501 [-0.0714, -0.0264] p=0.0022 13/14 SURVIVES
prewhiten ar1 diag predicted sts ts_gsr W60 sensitivity            DiD -0.0593 [-0.0867, -0.0335] p=0.0010 neg 13/14 | DMT -0.0297 (p=0.012) PCB +0.0296 (p=0.006) placebo share 0.50 | FD DiD +0.0191 (p=0.108) | FD-resid -0.0461 [-0.0674, -0.0228] p=0.0029 13/14 SURVIVES
prewhiten ar1 diag predicted sts ts_gsr W60 early                  DiD -0.0755 [-0.1047, -0.0477] p=0.0004 neg 13/14 | DMT -0.0478 (p=0.001) PCB +0.0277 (p=0.007) placebo share 0.37 | FD DiD +0.0366 (p=0.010) | FD-resid -0.0611 [-0.0878, -0.0357] p=0.0009 13/14 SURVIVES
prewhiten ar1 diag predicted sts ts_gsr W60 late                   DiD -0.0522 [-0.0864, -0.0212] p=0.0072 neg 11/14 | DMT -0.0121 (p=0.341) PCB +0.0401 (p=0.001) placebo share 0.77 | FD DiD -0.0034 (p=0.807) | FD-resid -0.0413 [-0.0660, -0.0142] p=0.0135 11/14 SURVIVES
prewhiten ar1 diag predicted sts ts_gsr W60 trend_a_placebo_line   DiD -0.0622 [-0.0898, -0.0389] p=0.0002 neg 13/14
prewhiten ar1 diag predicted sts ts_gsr W60 trend_b_shared_slope   DiD -0.0663 [-0.0903, -0.0454] p=0.0002 neg 13/14
prewhiten ar1 diag residual sts ts_gsr W60 primary                DiD +0.0006 [-0.0051, +0.0055] p=0.8635 neg 5/14 | phase p=0.8362 | DMT +0.0011 (p=0.481) PCB +0.0005 (p=0.815) placebo share -0.87 | FD DiD +0.0143 (p=0.245) | FD-resid +0.0013 [-0.0033, +0.0053] p=0.5774 5/14 does NOT survive
prewhiten ar1 diag residual sts ts_gsr W60 sensitivity            DiD +0.0013 [-0.0044, +0.0059] p=0.6805 neg 5/14 | phase p=0.6713 | DMT +0.0014 (p=0.345) PCB +0.0001 (p=0.966) placebo share -0.07 | FD DiD +0.0191 (p=0.108) | FD-resid +0.0020 [-0.0024, +0.0056] p=0.3804 5/14 does NOT survive
prewhiten ar1 diag residual sts ts_gsr W60 early                  DiD +0.0026 [-0.0036, +0.0078] p=0.4104 neg 5/14 | phase p=0.4515 | DMT +0.0020 (p=0.205) PCB -0.0006 (p=0.766) placebo share 0.23 | FD DiD +0.0366 (p=0.010) | FD-resid +0.0027 [-0.0023, +0.0072] p=0.2947 4/14 does NOT survive
prewhiten ar1 diag residual sts ts_gsr W60 late                   DiD -0.0010 [-0.0076, +0.0041] p=0.7716 neg 7/14 | phase p=0.7572 | DMT +0.0003 (p=0.850) PCB +0.0014 (p=0.548) placebo share 1.34 | FD DiD -0.0034 (p=0.807) | FD-resid +0.0002 [-0.0046, +0.0044] p=0.9231 4/14 does NOT survive
prewhiten ar1 diag residual sts ts_gsr W60 trend_a_placebo_line   DiD -0.0006 [-0.0061, +0.0040] p=0.8346 neg 5/14
prewhiten ar1 diag residual sts ts_gsr W60 trend_b_shared_slope   DiD +0.0006 [-0.0045, +0.0048] p=0.8324 neg 6/14
prewhiten ar1 MMI sts ts_gsr global-bins primary                DiD -0.0559 [-0.0877, -0.0280] p=0.0015 neg 13/14 | phase p=0.0010 | DMT -0.0226 (p=0.057) PCB +0.0333 (p=0.002) placebo share 0.60 | FD DiD +0.0143 (p=0.245) | FD-resid -0.0427 [-0.0657, -0.0172] p=0.0066 13/14 SURVIVES
prewhiten ar1 MMI sts ts_gsr global-bins sensitivity            DiD -0.0549 [-0.0870, -0.0270] p=0.0017 neg 13/14 | phase p=0.0010 | DMT -0.0247 (p=0.039) PCB +0.0302 (p=0.004) placebo share 0.55 | FD DiD +0.0174 (p=0.155) | FD-resid -0.0417 [-0.0638, -0.0171] p=0.0067 13/14 SURVIVES
prewhiten ar1 MMI sts ts_gsr global-bins early                  DiD -0.0653 [-0.1001, -0.0335] p=0.0015 neg 13/14 | phase p=0.0010 | DMT -0.0385 (p=0.005) PCB +0.0268 (p=0.008) placebo share 0.41 | FD DiD +0.0366 (p=0.010) | FD-resid -0.0521 [-0.0815, -0.0235] p=0.0054 12/14 SURVIVES
prewhiten ar1 MMI sts ts_gsr global-bins late                   DiD -0.0484 [-0.0827, -0.0183] p=0.0076 neg 12/14 | phase p=0.0020 | DMT -0.0099 (p=0.423) PCB +0.0385 (p=0.001) placebo share 0.80 | FD DiD -0.0034 (p=0.807) | FD-resid -0.0351 [-0.0589, -0.0094] p=0.0236 12/14 SURVIVES
prewhiten ar1 MMI sts ts_gsr global-bins trend_a_placebo_line   DiD -0.0547 [-0.0853, -0.0291] p=0.0009 neg 13/14
prewhiten ar1 MMI sts ts_gsr global-bins trend_b_shared_slope   DiD -0.0572 [-0.0860, -0.0331] p=0.0006 neg 13/14
prewhiten ar1 MMI xtx+yty ts_gsr global-bins primary                DiD -0.0676 [-0.1075, -0.0332] p=0.0017 neg 13/14 | phase p=0.0010 | DMT -0.0282 (p=0.050) PCB +0.0393 (p=0.002) placebo share 0.58 | FD DiD +0.0143 (p=0.245) | FD-resid -0.0503 [-0.0780, -0.0204] p=0.0074 13/14 SURVIVES
prewhiten ar1 MMI xtx+yty ts_gsr global-bins sensitivity            DiD -0.0664 [-0.1065, -0.0322] p=0.0020 neg 13/14 | phase p=0.0010 | DMT -0.0304 (p=0.036) PCB +0.0360 (p=0.005) placebo share 0.54 | FD DiD +0.0174 (p=0.155) | FD-resid -0.0489 [-0.0753, -0.0200] p=0.0072 13/14 SURVIVES
prewhiten ar1 MMI xtx+yty ts_gsr global-bins early                  DiD -0.0745 [-0.1176, -0.0349] p=0.0029 neg 12/14 | phase p=0.0010 | DMT -0.0434 (p=0.008) PCB +0.0311 (p=0.024) placebo share 0.42 | FD DiD +0.0366 (p=0.010) | FD-resid -0.0558 [-0.0908, -0.0217] p=0.0099 10/14 SURVIVES
prewhiten ar1 MMI xtx+yty ts_gsr global-bins late                   DiD -0.0620 [-0.1040, -0.0255] p=0.0043 neg 12/14 | phase p=0.0010 | DMT -0.0161 (p=0.281) PCB +0.0459 (p=0.000) placebo share 0.74 | FD DiD -0.0034 (p=0.807) | FD-resid -0.0460 [-0.0733, -0.0154] p=0.0128 12/14 SURVIVES
prewhiten ar1 MMI xtx+yty ts_gsr global-bins trend_a_placebo_line   DiD -0.0671 [-0.1054, -0.0363] p=0.0006 neg 13/14
prewhiten ar1 MMI xtx+yty ts_gsr global-bins trend_b_shared_slope   DiD -0.0680 [-0.1035, -0.0377] p=0.0007 neg 13/14
prewhiten ar1 CCS sts ts_gsr global-bins primary                DiD +0.0134 [+0.0086, +0.0186] p=0.0005 neg 1/14 | phase p=0.0010 | DMT +0.0091 (p=0.000) PCB -0.0044 (p=0.008) placebo share 0.32 | FD DiD +0.0143 (p=0.245) | FD-resid +0.0106 [+0.0070, +0.0147] p=0.0002 1/14 SURVIVES
prewhiten ar1 CCS sts ts_gsr global-bins sensitivity            DiD +0.0131 [+0.0083, +0.0183] p=0.0005 neg 1/14 | phase p=0.0010 | DMT +0.0092 (p=0.000) PCB -0.0039 (p=0.012) placebo share 0.30 | FD DiD +0.0174 (p=0.155) | FD-resid +0.0105 [+0.0069, +0.0146] p=0.0002 1/14 SURVIVES
prewhiten ar1 CCS sts ts_gsr global-bins early                  DiD +0.0124 [+0.0082, +0.0170] p=0.0002 neg 1/14 | phase p=0.0010 | DMT +0.0114 (p=0.000) PCB -0.0010 (p=0.391) placebo share 0.08 | FD DiD +0.0366 (p=0.010) | FD-resid +0.0110 [+0.0072, +0.0153] p=0.0002 1/14 SURVIVES
prewhiten ar1 CCS sts ts_gsr global-bins late                   DiD +0.0143 [+0.0084, +0.0203] p=0.0006 neg 1/14 | phase p=0.0010 | DMT +0.0072 (p=0.001) PCB -0.0071 (p=0.003) placebo share 0.50 | FD DiD -0.0034 (p=0.807) | FD-resid +0.0102 [+0.0062, +0.0144] p=0.0004 1/14 SURVIVES
prewhiten ar1 CCS sts ts_gsr global-bins trend_a_placebo_line   DiD +0.0156 [+0.0105, +0.0207] p=0.0004 neg 1/14
prewhiten ar1 CCS sts ts_gsr global-bins trend_b_shared_slope   DiD +0.0154 [+0.0107, +0.0203] p=0.0001 neg 0/14
prewhiten ar1 autocorr ts_gsr global-bins primary                DiD -0.3164 [-0.4257, -0.2157] p=0.0004 neg 13/14 | phase p=0.0010 | DMT -0.2419 (p=0.000) PCB +0.0745 (p=0.005) placebo share 0.24 | FD DiD +0.0143 (p=0.245) | FD-resid -0.2556 [-0.3535, -0.1688] p=0.0002 13/14 SURVIVES
prewhiten ar1 autocorr ts_gsr global-bins sensitivity            DiD -0.3128 [-0.4236, -0.2145] p=0.0004 neg 13/14 | phase p=0.0010 | DMT -0.2481 (p=0.000) PCB +0.0647 (p=0.011) placebo share 0.21 | FD DiD +0.0174 (p=0.155) | FD-resid -0.2555 [-0.3542, -0.1711] p=0.0002 13/14 SURVIVES
prewhiten ar1 autocorr ts_gsr global-bins early                  DiD -0.3284 [-0.4236, -0.2372] p=0.0002 neg 13/14 | phase p=0.0010 | DMT -0.3194 (p=0.000) PCB +0.0090 (p=0.666) placebo share 0.03 | FD DiD +0.0366 (p=0.010) | FD-resid -0.2912 [-0.3986, -0.1968] p=0.0002 13/14 SURVIVES
prewhiten ar1 autocorr ts_gsr global-bins late                   DiD -0.3067 [-0.4335, -0.1889] p=0.0006 neg 13/14 | phase p=0.0010 | DMT -0.1798 (p=0.002) PCB +0.1269 (p=0.001) placebo share 0.41 | FD DiD -0.0034 (p=0.807) | FD-resid -0.2272 [-0.3232, -0.1356] p=0.0002 13/14 SURVIVES
prewhiten ar1 autocorr ts_gsr global-bins trend_a_placebo_line   DiD -0.3637 [-0.4761, -0.2586] p=0.0001 neg 14/14
prewhiten ar1 autocorr ts_gsr global-bins trend_b_shared_slope   DiD -0.3819 [-0.4885, -0.2814] p=0.0001 neg 14/14
   ar1 ts_demean: whitened (957s); orders: p=1: 3220, p=2: 0, p=3: 0, p=4: 0, p=5: 0
   ar1 ts_demean: subject 1/14 done (975s)
   ar1 ts_demean: subject 2/14 done (994s)
   ar1 ts_demean: subject 3/14 done (1012s)
   ar1 ts_demean: subject 4/14 done (1031s)
   ar1 ts_demean: subject 5/14 done (1050s)
   ar1 ts_demean: subject 6/14 done (1068s)
   ar1 ts_demean: subject 7/14 done (1087s)
   ar1 ts_demean: subject 8/14 done (1105s)
   ar1 ts_demean: subject 9/14 done (1124s)
   ar1 ts_demean: subject 10/14 done (1143s)
   ar1 ts_demean: subject 11/14 done (1161s)
   ar1 ts_demean: subject 12/14 done (1180s)
   ar1 ts_demean: subject 13/14 done (1199s)
   ar1 ts_demean: subject 14/14 done (1218s)
prewhiten ar1 MMI sts ts_demean W60 primary                DiD -0.0784 [-0.1070, -0.0501] p=0.0004 neg 13/14 | phase p=0.0010 | DMT -0.0392 (p=0.018) PCB +0.0391 (p=0.003) placebo share 0.50 | FD DiD +0.0143 (p=0.245) | FD-resid -0.0631 [-0.0863, -0.0381] p=0.0007 13/14 SURVIVES
prewhiten ar1 MMI sts ts_demean W60 sensitivity            DiD -0.0715 [-0.0998, -0.0442] p=0.0005 neg 12/14 | phase p=0.0010 | DMT -0.0391 (p=0.014) PCB +0.0324 (p=0.010) placebo share 0.45 | FD DiD +0.0191 (p=0.108) | FD-resid -0.0561 [-0.0786, -0.0312] p=0.0017 12/14 SURVIVES
prewhiten ar1 MMI sts ts_demean W60 early                  DiD -0.0845 [-0.1149, -0.0543] p=0.0005 neg 13/14 | phase p=0.0010 | DMT -0.0578 (p=0.003) PCB +0.0267 (p=0.014) placebo share 0.32 | FD DiD +0.0366 (p=0.010) | FD-resid -0.0713 [-0.0969, -0.0459] p=0.0005 13/14 SURVIVES
prewhiten ar1 MMI sts ts_demean W60 late                   DiD -0.0734 [-0.1088, -0.0412] p=0.0013 neg 11/14 | phase p=0.0010 | DMT -0.0244 (p=0.137) PCB +0.0491 (p=0.002) placebo share 0.67 | FD DiD -0.0034 (p=0.807) | FD-resid -0.0566 [-0.0850, -0.0263] p=0.0050 12/14 SURVIVES
prewhiten ar1 MMI sts ts_demean W60 trend_a_placebo_line   DiD -0.0815 [-0.1129, -0.0526] p=0.0002 neg 13/14
prewhiten ar1 MMI sts ts_demean W60 trend_b_shared_slope   DiD -0.0802 [-0.1119, -0.0516] p=0.0004 neg 13/14
prewhiten ar1 MMI xtx+yty ts_demean W60 primary                DiD -0.1259 [-0.1707, -0.0805] p=0.0002 neg 13/14 | phase p=0.0010 | DMT -0.0681 (p=0.012) PCB +0.0577 (p=0.004) placebo share 0.46 | FD DiD +0.0143 (p=0.245) | FD-resid -0.1039 [-0.1449, -0.0632] p=0.0006 13/14 SURVIVES
prewhiten ar1 MMI xtx+yty ts_demean W60 sensitivity            DiD -0.1128 [-0.1563, -0.0681] p=0.0004 neg 13/14 | phase p=0.0010 | DMT -0.0655 (p=0.011) PCB +0.0473 (p=0.010) placebo share 0.42 | FD DiD +0.0191 (p=0.108) | FD-resid -0.0905 [-0.1289, -0.0517] p=0.0009 13/14 SURVIVES
prewhiten ar1 MMI xtx+yty ts_demean W60 early                  DiD -0.1283 [-0.1727, -0.0839] p=0.0002 neg 13/14 | phase p=0.0010 | DMT -0.0867 (p=0.003) PCB +0.0415 (p=0.012) placebo share 0.32 | FD DiD +0.0366 (p=0.010) | FD-resid -0.1089 [-0.1495, -0.0695] p=0.0004 13/14 SURVIVES
prewhiten ar1 MMI xtx+yty ts_demean W60 late                   DiD -0.1239 [-0.1795, -0.0704] p=0.0011 neg 11/14 | phase p=0.0010 | DMT -0.0532 (p=0.054) PCB +0.0707 (p=0.002) placebo share 0.57 | FD DiD -0.0034 (p=0.807) | FD-resid -0.0998 [-0.1523, -0.0481] p=0.0033 12/14 SURVIVES
prewhiten ar1 MMI xtx+yty ts_demean W60 trend_a_placebo_line   DiD -0.1279 [-0.1743, -0.0828] p=0.0002 neg 13/14
prewhiten ar1 MMI xtx+yty ts_demean W60 trend_b_shared_slope   DiD -0.1213 [-0.1681, -0.0746] p=0.0004 neg 13/14
prewhiten ar1 CCS sts ts_demean W60 primary                DiD +0.0035 [-0.0044, +0.0130] p=0.5170 neg 5/14 | phase p=0.3477 | DMT +0.0035 (p=0.477) PCB -0.0000 (p=0.984) placebo share 0.01 | FD DiD +0.0143 (p=0.245) | FD-resid +0.0055 [-0.0009, +0.0131] p=0.1704 6/14 does NOT survive
prewhiten ar1 CCS sts ts_demean W60 sensitivity            DiD +0.0029 [-0.0045, +0.0116] p=0.5889 neg 7/14 | phase p=0.4396 | DMT +0.0030 (p=0.528) PCB +0.0001 (p=0.948) placebo share -0.05 | FD DiD +0.0191 (p=0.108) | FD-resid +0.0049 [-0.0011, +0.0118] p=0.1902 6/14 does NOT survive
prewhiten ar1 CCS sts ts_demean W60 early                  DiD -0.0007 [-0.0085, +0.0077] p=0.8812 neg 7/14 | phase p=0.8921 | DMT -0.0002 (p=0.961) PCB +0.0005 (p=0.789) placebo share 0.70 | FD DiD +0.0366 (p=0.010) | FD-resid +0.0014 [-0.0035, +0.0068] p=0.6172 7/14 does NOT survive
prewhiten ar1 CCS sts ts_demean W60 late                   DiD +0.0068 [-0.0033, +0.0187] p=0.2977 neg 7/14 | phase p=0.0839 | DMT +0.0064 (p=0.210) PCB -0.0004 (p=0.822) placebo share 0.07 | FD DiD -0.0034 (p=0.807) | FD-resid +0.0087 [-0.0005, +0.0195] p=0.1324 6/14 does NOT survive
prewhiten ar1 CCS sts ts_demean W60 trend_a_placebo_line   DiD +0.0035 [-0.0045, +0.0133] p=0.5133 neg 6/14
prewhiten ar1 CCS sts ts_demean W60 trend_b_shared_slope   DiD +0.0014 [-0.0056, +0.0104] p=0.7903 neg 8/14
prewhiten ar1 autocorr ts_demean W60 primary                DiD -0.0276 [-0.0370, -0.0182] p=0.0004 neg 13/14 | phase p=0.0070 | DMT -0.0139 (p=0.014) PCB +0.0137 (p=0.005) placebo share 0.50 | FD DiD +0.0143 (p=0.245) | FD-resid -0.0221 [-0.0297, -0.0134] p=0.0012 12/14 SURVIVES
prewhiten ar1 autocorr ts_demean W60 sensitivity            DiD -0.0241 [-0.0334, -0.0145] p=0.0006 neg 12/14 | phase p=0.0220 | DMT -0.0131 (p=0.015) PCB +0.0110 (p=0.014) placebo share 0.46 | FD DiD +0.0191 (p=0.108) | FD-resid -0.0190 [-0.0264, -0.0100] p=0.0017 12/14 SURVIVES
prewhiten ar1 autocorr ts_demean W60 early                  DiD -0.0293 [-0.0395, -0.0198] p=0.0001 neg 14/14 | phase p=0.0090 | DMT -0.0187 (p=0.004) PCB +0.0107 (p=0.007) placebo share 0.36 | FD DiD +0.0366 (p=0.010) | FD-resid -0.0253 [-0.0318, -0.0186] p=0.0002 13/14 SURVIVES
prewhiten ar1 autocorr ts_demean W60 late                   DiD -0.0262 [-0.0383, -0.0142] p=0.0020 neg 12/14 | phase p=0.0340 | DMT -0.0101 (p=0.074) PCB +0.0161 (p=0.004) placebo share 0.61 | FD DiD -0.0034 (p=0.807) | FD-resid -0.0196 [-0.0309, -0.0073] p=0.0112 12/14 SURVIVES
prewhiten ar1 autocorr ts_demean W60 trend_a_placebo_line   DiD -0.0275 [-0.0378, -0.0176] p=0.0004 neg 13/14
prewhiten ar1 autocorr ts_demean W60 trend_b_shared_slope   DiD -0.0256 [-0.0354, -0.0160] p=0.0004 neg 13/14
prewhiten ar1 diag observed sts ts_demean W60 primary                DiD -0.0784 [-0.1070, -0.0501] p=0.0004 neg 13/14 | phase p=0.0010 | DMT -0.0392 (p=0.018) PCB +0.0391 (p=0.003) placebo share 0.50 | FD DiD +0.0143 (p=0.245) | FD-resid -0.0631 [-0.0863, -0.0381] p=0.0007 13/14 SURVIVES
prewhiten ar1 diag observed sts ts_demean W60 sensitivity            DiD -0.0715 [-0.0998, -0.0442] p=0.0005 neg 12/14 | phase p=0.0010 | DMT -0.0391 (p=0.014) PCB +0.0324 (p=0.010) placebo share 0.45 | FD DiD +0.0191 (p=0.108) | FD-resid -0.0561 [-0.0786, -0.0312] p=0.0017 12/14 SURVIVES
prewhiten ar1 diag observed sts ts_demean W60 early                  DiD -0.0845 [-0.1149, -0.0543] p=0.0005 neg 13/14 | phase p=0.0010 | DMT -0.0578 (p=0.003) PCB +0.0267 (p=0.014) placebo share 0.32 | FD DiD +0.0366 (p=0.010) | FD-resid -0.0713 [-0.0969, -0.0459] p=0.0005 13/14 SURVIVES
prewhiten ar1 diag observed sts ts_demean W60 late                   DiD -0.0734 [-0.1088, -0.0412] p=0.0013 neg 11/14 | phase p=0.0010 | DMT -0.0244 (p=0.137) PCB +0.0491 (p=0.002) placebo share 0.67 | FD DiD -0.0034 (p=0.807) | FD-resid -0.0566 [-0.0850, -0.0263] p=0.0050 12/14 SURVIVES
prewhiten ar1 diag observed sts ts_demean W60 trend_a_placebo_line   DiD -0.0815 [-0.1129, -0.0526] p=0.0002 neg 13/14
prewhiten ar1 diag observed sts ts_demean W60 trend_b_shared_slope   DiD -0.0802 [-0.1119, -0.0516] p=0.0004 neg 13/14
prewhiten ar1 diag predicted sts ts_demean W60 primary                DiD -0.0867 [-0.1180, -0.0549] p=0.0004 neg 13/14 | DMT -0.0425 (p=0.026) PCB +0.0442 (p=0.003) placebo share 0.51 | FD DiD +0.0143 (p=0.245) | FD-resid -0.0709 [-0.0963, -0.0412] p=0.0012 13/14 SURVIVES
prewhiten ar1 diag predicted sts ts_demean W60 sensitivity            DiD -0.0781 [-0.1100, -0.0469] p=0.0005 neg 12/14 | DMT -0.0401 (p=0.027) PCB +0.0380 (p=0.008) placebo share 0.49 | FD DiD +0.0191 (p=0.108) | FD-resid -0.0627 [-0.0880, -0.0339] p=0.0020 12/14 SURVIVES
prewhiten ar1 diag predicted sts ts_demean W60 early                  DiD -0.0901 [-0.1206, -0.0587] p=0.0004 neg 13/14 | DMT -0.0589 (p=0.005) PCB +0.0312 (p=0.011) placebo share 0.35 | FD DiD +0.0366 (p=0.010) | FD-resid -0.0790 [-0.1041, -0.0526] p=0.0002 13/14 SURVIVES
prewhiten ar1 diag predicted sts ts_demean W60 late                   DiD -0.0841 [-0.1240, -0.0457] p=0.0015 neg 12/14 | DMT -0.0294 (p=0.135) PCB +0.0546 (p=0.002) placebo share 0.65 | FD DiD -0.0034 (p=0.807) | FD-resid -0.0645 [-0.1005, -0.0274] p=0.0066 12/14 SURVIVES
prewhiten ar1 diag predicted sts ts_demean W60 trend_a_placebo_line   DiD -0.0880 [-0.1231, -0.0557] p=0.0005 neg 13/14
prewhiten ar1 diag predicted sts ts_demean W60 trend_b_shared_slope   DiD -0.0851 [-0.1189, -0.0525] p=0.0005 neg 13/14
prewhiten ar1 diag residual sts ts_demean W60 primary                DiD +0.0084 [+0.0007, +0.0174] p=0.0621 neg 4/14 | phase p=0.1129 | DMT +0.0033 (p=0.462) PCB -0.0051 (p=0.133) placebo share 0.60 | FD DiD +0.0143 (p=0.245) | FD-resid +0.0078 [+0.0009, +0.0155] p=0.0554 4/14 SURVIVES
prewhiten ar1 diag residual sts ts_demean W60 sensitivity            DiD +0.0066 [-0.0012, +0.0158] p=0.1774 neg 5/14 | phase p=0.2268 | DMT +0.0010 (p=0.818) PCB -0.0056 (p=0.133) placebo share 0.85 | FD DiD +0.0191 (p=0.108) | FD-resid +0.0066 [-0.0004, +0.0141] p=0.1066 5/14 does NOT survive
prewhiten ar1 diag residual sts ts_demean W60 early                  DiD +0.0056 [-0.0018, +0.0138] p=0.2045 neg 5/14 | phase p=0.4006 | DMT +0.0011 (p=0.799) PCB -0.0045 (p=0.092) placebo share 0.80 | FD DiD +0.0366 (p=0.010) | FD-resid +0.0077 [+0.0007, +0.0148] p=0.0576 4/14 SURVIVES
prewhiten ar1 diag residual sts ts_demean W60 late                   DiD +0.0106 [+0.0008, +0.0219] p=0.0830 neg 4/14 | phase p=0.0689 | DMT +0.0051 (p=0.300) PCB -0.0055 (p=0.229) placebo share 0.52 | FD DiD -0.0034 (p=0.807) | FD-resid +0.0079 [-0.0012, +0.0181] p=0.1539 5/14 does NOT survive
prewhiten ar1 diag residual sts ts_demean W60 trend_a_placebo_line   DiD +0.0065 [-0.0007, +0.0155] p=0.1510 neg 4/14
prewhiten ar1 diag residual sts ts_demean W60 trend_b_shared_slope   DiD +0.0049 [-0.0020, +0.0135] p=0.2882 neg 6/14
prewhiten ar1 MMI sts ts_demean global-bins primary                DiD -0.0871 [-0.1289, -0.0454] p=0.0020 neg 13/14 | phase p=0.0010 | DMT -0.0446 (p=0.054) PCB +0.0426 (p=0.004) placebo share 0.49 | FD DiD +0.0143 (p=0.245) | FD-resid -0.0728 [-0.1116, -0.0321] p=0.0048 12/14 SURVIVES
prewhiten ar1 MMI sts ts_demean global-bins sensitivity            DiD -0.0858 [-0.1268, -0.0441] p=0.0021 neg 13/14 | phase p=0.0010 | DMT -0.0459 (p=0.047) PCB +0.0399 (p=0.007) placebo share 0.46 | FD DiD +0.0174 (p=0.155) | FD-resid -0.0710 [-0.1101, -0.0314] p=0.0052 12/14 SURVIVES
prewhiten ar1 MMI sts ts_demean global-bins early                  DiD -0.0900 [-0.1300, -0.0483] p=0.0020 neg 12/14 | phase p=0.0010 | DMT -0.0629 (p=0.013) PCB +0.0271 (p=0.034) placebo share 0.30 | FD DiD +0.0366 (p=0.010) | FD-resid -0.0771 [-0.1142, -0.0398] p=0.0024 13/14 SURVIVES
prewhiten ar1 MMI sts ts_demean global-bins late                   DiD -0.0849 [-0.1370, -0.0366] p=0.0045 neg 12/14 | phase p=0.0020 | DMT -0.0300 (p=0.215) PCB +0.0549 (p=0.002) placebo share 0.65 | FD DiD -0.0034 (p=0.807) | FD-resid -0.0692 [-0.1179, -0.0240] p=0.0150 12/14 SURVIVES
prewhiten ar1 MMI sts ts_demean global-bins trend_a_placebo_line   DiD -0.0887 [-0.1324, -0.0476] p=0.0017 neg 12/14
prewhiten ar1 MMI sts ts_demean global-bins trend_b_shared_slope   DiD -0.0883 [-0.1317, -0.0442] p=0.0029 neg 12/14
prewhiten ar1 MMI xtx+yty ts_demean global-bins primary                DiD -0.1262 [-0.1871, -0.0667] p=0.0017 neg 12/14 | phase p=0.0010 | DMT -0.0744 (p=0.030) PCB +0.0518 (p=0.006) placebo share 0.41 | FD DiD +0.0143 (p=0.245) | FD-resid -0.1077 [-0.1672, -0.0495] p=0.0033 12/14 SURVIVES
prewhiten ar1 MMI xtx+yty ts_demean global-bins sensitivity            DiD -0.1243 [-0.1838, -0.0658] p=0.0018 neg 12/14 | phase p=0.0010 | DMT -0.0746 (p=0.027) PCB +0.0497 (p=0.009) placebo share 0.40 | FD DiD +0.0174 (p=0.155) | FD-resid -0.1050 [-0.1647, -0.0484] p=0.0038 12/14 SURVIVES
prewhiten ar1 MMI xtx+yty ts_demean global-bins early                  DiD -0.1247 [-0.1843, -0.0668] p=0.0015 neg 12/14 | phase p=0.0010 | DMT -0.0913 (p=0.011) PCB +0.0334 (p=0.049) placebo share 0.27 | FD DiD +0.0366 (p=0.010) | FD-resid -0.1048 [-0.1602, -0.0545] p=0.0022 11/14 SURVIVES
prewhiten ar1 MMI xtx+yty ts_demean global-bins late                   DiD -0.1274 [-0.2025, -0.0592] p=0.0028 neg 12/14 | phase p=0.0010 | DMT -0.0609 (p=0.097) PCB +0.0665 (p=0.002) placebo share 0.52 | FD DiD -0.0034 (p=0.807) | FD-resid -0.1100 [-0.1840, -0.0442] p=0.0093 12/14 SURVIVES
prewhiten ar1 MMI xtx+yty ts_demean global-bins trend_a_placebo_line   DiD -0.1261 [-0.1861, -0.0685] p=0.0017 neg 13/14
prewhiten ar1 MMI xtx+yty ts_demean global-bins trend_b_shared_slope   DiD -0.1234 [-0.1835, -0.0631] p=0.0026 neg 13/14
prewhiten ar1 CCS sts ts_demean global-bins primary                DiD +0.0204 [+0.0121, +0.0298] p=0.0004 neg 1/14 | phase p=0.0010 | DMT +0.0148 (p=0.000) PCB -0.0056 (p=0.009) placebo share 0.27 | FD DiD +0.0143 (p=0.245) | FD-resid +0.0170 [+0.0095, +0.0260] p=0.0001 0/14 SURVIVES
prewhiten ar1 CCS sts ts_demean global-bins sensitivity            DiD +0.0200 [+0.0119, +0.0293] p=0.0002 neg 1/14 | phase p=0.0010 | DMT +0.0150 (p=0.000) PCB -0.0050 (p=0.017) placebo share 0.25 | FD DiD +0.0174 (p=0.155) | FD-resid +0.0170 [+0.0097, +0.0256] p=0.0001 0/14 SURVIVES
prewhiten ar1 CCS sts ts_demean global-bins early                  DiD +0.0185 [+0.0126, +0.0254] p=0.0001 neg 0/14 | phase p=0.0010 | DMT +0.0167 (p=0.000) PCB -0.0018 (p=0.354) placebo share 0.10 | FD DiD +0.0366 (p=0.010) | FD-resid +0.0175 [+0.0108, +0.0259] p=0.0001 0/14 SURVIVES
prewhiten ar1 CCS sts ts_demean global-bins late                   DiD +0.0219 [+0.0114, +0.0340] p=0.0011 neg 2/14 | phase p=0.0010 | DMT +0.0133 (p=0.003) PCB -0.0086 (p=0.005) placebo share 0.39 | FD DiD -0.0034 (p=0.807) | FD-resid +0.0167 [+0.0081, +0.0263] p=0.0004 1/14 SURVIVES
prewhiten ar1 CCS sts ts_demean global-bins trend_a_placebo_line   DiD +0.0234 [+0.0147, +0.0333] p=0.0001 neg 0/14
prewhiten ar1 CCS sts ts_demean global-bins trend_b_shared_slope   DiD +0.0220 [+0.0147, +0.0301] p=0.0001 neg 0/14
prewhiten ar1 autocorr ts_demean global-bins primary                DiD -0.2412 [-0.3762, -0.1251] p=0.0013 neg 13/14 | phase p=0.0010 | DMT -0.1751 (p=0.003) PCB +0.0661 (p=0.078) placebo share 0.27 | FD DiD +0.0143 (p=0.245) | FD-resid -0.1799 [-0.2981, -0.0818] p=0.0024 11/14 SURVIVES
prewhiten ar1 autocorr ts_demean global-bins sensitivity            DiD -0.2353 [-0.3704, -0.1187] p=0.0016 neg 13/14 | phase p=0.0010 | DMT -0.1821 (p=0.003) PCB +0.0533 (p=0.133) placebo share 0.23 | FD DiD +0.0174 (p=0.155) | FD-resid -0.1805 [-0.3001, -0.0816] p=0.0026 12/14 SURVIVES
prewhiten ar1 autocorr ts_demean global-bins early                  DiD -0.2554 [-0.3849, -0.1342] p=0.0020 neg 10/14 | phase p=0.0010 | DMT -0.2482 (p=0.001) PCB +0.0072 (p=0.844) placebo share 0.03 | FD DiD +0.0366 (p=0.010) | FD-resid -0.2350 [-0.3549, -0.1282] p=0.0010 11/14 SURVIVES
prewhiten ar1 autocorr ts_demean global-bins late                   DiD -0.2299 [-0.3901, -0.0992] p=0.0040 neg 12/14 | phase p=0.0020 | DMT -0.1167 (p=0.057) PCB +0.1132 (p=0.016) placebo share 0.49 | FD DiD -0.0034 (p=0.807) | FD-resid -0.1359 [-0.2674, -0.0216] p=0.0394 11/14 SURVIVES
prewhiten ar1 autocorr ts_demean global-bins trend_a_placebo_line   DiD -0.2881 [-0.4201, -0.1779] p=0.0002 neg 13/14
prewhiten ar1 autocorr ts_demean global-bins trend_b_shared_slope   DiD -0.3074 [-0.4401, -0.1976] p=0.0001 neg 14/14
# The atoms and the DMT contrast after prewhitening (partB16_prewhiten.py)
git=d5a65bd

Whitening per region and run: 'arp' = residuals of the region's AR(p) fit, p by BIC over 1–5; 'ar1' = p = 1. The first p TRs of each run are dropped (non-finite). Atoms as partB2_ccs_run.py (MMI: PairPhiID.atoms_mean / atoms_bins; CCS: atoms_ccs, phyid's mask); inference as the primary (rev_inference.Engine, seed 20261120); the diagnostic as partB4 (per-pair AR(1) prediction from the whitened window's a_x, a_y, q). Level = DMT pre-injection (windows 1–4; bins 1–8); DiD = post minus pre, DMT minus placebo.

## arp ts_gsr W60: sixteen atoms, DMT pre-injection level and primary DiD, MMI and CCS (nats)

| atom | MMI level | MMI DiD (neg/14) | CCS level | CCS DiD (neg/14) |
|---|---|---|---|---|
| rtr | +0.0172 | +0.0012 (6) | +0.0262 | +0.0017 (6) |
| rtx | +0.0212 | +0.0022 (4) | +0.0071 | +0.0003 (6) |
| rty | +0.0213 | +0.0015 (2) | +0.0073 | -0.0003 (8) |
| rts | +0.0857 | -0.0073 (7) | -0.0121 | -0.0007 (8) |
| xtr | +0.0226 | +0.0028 (3) | +0.0093 | +0.0009 (4) |
| xtx | +0.1034 | -0.0236 (8) | +0.1218 | -0.0203 (8) |
| xty | +0.0114 | +0.0029 (5) | +0.0297 | +0.0062 (2) |
| xts | -0.0393 | +0.0074 (7) | +0.0543 | -0.0007 (6) |
| ytr | +0.0232 | +0.0013 (5) | +0.0097 | -0.0002 (6) |
| ytx | +0.0113 | +0.0028 (5) | +0.0299 | +0.0057 (2) |
| yty | +0.1026 | -0.0179 (9) | +0.1211 | -0.0149 (8) |
| yts | -0.0394 | +0.0099 (7) | +0.0539 | +0.0022 (6) |
| str | +0.0882 | -0.0068 (7) | -0.0093 | -0.0002 (6) |
| stx | -0.0362 | +0.0075 (7) | +0.0562 | -0.0005 (7) |
| sty | -0.0372 | +0.0102 (7) | +0.0553 | +0.0023 (6) |
| sts | +0.2202 | -0.0262 (8) | +0.0159 | -0.0135 (11) |
| TDMI (sum) | +0.5762 | -0.0321 | +0.5762 | -0.0321 |

Whitened series: mean lag-1 autocorrelation, DMT pre-injection +0.2625; its DiD -0.0544 (raw series -0.0146); per subject r(MMI sts DiD, whitened autocorrelation DiD) = +0.495; r(MMI sts DiD, raw autocorrelation DiD) = +0.552; r(MMI sts DiD whitened, MMI sts DiD raw) = +0.473; raw MMI sts DiD -0.0809.
Diagnostic on the whitened series (W = 60): observed sts level 0.2766, predicted 0.2438, residual +0.0328; DiD observed -0.0262, predicted -0.0181, residual -0.0080 (negative in 8/14).

## arp ts_gsr global-bins: sixteen atoms, DMT pre-injection level and primary DiD, MMI and CCS (nats)

| atom | MMI level | MMI DiD (neg/14) | CCS level | CCS DiD (neg/14) |
|---|---|---|---|---|
| rtr | +0.0074 | +0.0007 (8) | +0.0089 | -0.0017 (10) |
| rtx | +0.0079 | -0.0025 (11) | +0.0009 | -0.0004 (5) |
| rty | +0.0080 | -0.0015 (9) | +0.0010 | -0.0003 (8) |
| rts | +0.0350 | -0.0093 (8) | -0.0199 | -0.0002 (5) |
| xtr | +0.0071 | -0.0019 (11) | +0.0054 | -0.0006 (8) |
| xtx | +0.0412 | -0.0325 (11) | +0.0485 | -0.0336 (10) |
| xty | +0.0187 | +0.0079 (2) | +0.0261 | +0.0079 (1) |
| xts | -0.0105 | +0.0057 (6) | +0.0441 | -0.0044 (10) |
| ytr | +0.0078 | -0.0017 (10) | +0.0059 | -0.0009 (10) |
| ytx | +0.0187 | +0.0079 (3) | +0.0262 | +0.0072 (2) |
| yty | +0.0380 | -0.0268 (9) | +0.0455 | -0.0264 (9) |
| yts | -0.0109 | +0.0083 (6) | +0.0436 | -0.0023 (10) |
| str | +0.0370 | -0.0085 (8) | -0.0139 | +0.0019 (5) |
| stx | -0.0051 | +0.0067 (7) | +0.0403 | -0.0040 (10) |
| sty | -0.0058 | +0.0094 (7) | +0.0395 | -0.0023 (9) |
| sts | +0.1042 | -0.0264 (8) | -0.0030 | -0.0045 (7) |
| TDMI (sum) | +0.2989 | -0.0646 | +0.2989 | -0.0646 |

Whitened series: mean lag-1 autocorrelation, DMT pre-injection +0.2831; its DiD -0.2044 (raw series -0.4580); per subject r(MMI sts DiD, whitened autocorrelation DiD) = +0.362; r(MMI sts DiD, raw autocorrelation DiD) = +0.508; r(MMI sts DiD whitened, MMI sts DiD raw) = +0.457; raw MMI sts DiD -0.0801.

Chosen AR orders (arp ts_gsr), count over 115 regions × 28 runs: p = 1: 0, p = 2: 0, p = 3: 0, p = 4: 2, p = 5: 3218.

## arp ts_demean W60: sixteen atoms, DMT pre-injection level and primary DiD, MMI and CCS (nats)

| atom | MMI level | MMI DiD (neg/14) | CCS level | CCS DiD (neg/14) |
|---|---|---|---|---|
| rtr | +0.0193 | +0.0033 (7) | +0.0314 | +0.0091 (6) |
| rtx | +0.0221 | +0.0051 (6) | +0.0058 | -0.0002 (8) |
| rty | +0.0221 | +0.0009 (7) | +0.0056 | -0.0037 (9) |
| rts | +0.0816 | -0.0084 (8) | -0.0143 | -0.0004 (5) |
| xtr | +0.0240 | +0.0030 (6) | +0.0090 | -0.0019 (7) |
| xtx | +0.0939 | -0.0188 (9) | +0.1131 | -0.0144 (8) |
| xty | +0.0109 | +0.0011 (7) | +0.0304 | +0.0049 (4) |
| xts | -0.0374 | +0.0081 (6) | +0.0557 | +0.0010 (9) |
| ytr | +0.0237 | +0.0046 (6) | +0.0081 | -0.0004 (9) |
| ytx | +0.0110 | -0.0022 (8) | +0.0309 | +0.0022 (4) |
| yty | +0.0940 | -0.0176 (7) | +0.1142 | -0.0138 (7) |
| yts | -0.0347 | +0.0067 (6) | +0.0577 | -0.0004 (6) |
| str | +0.0839 | -0.0075 (8) | -0.0106 | +0.0010 (5) |
| stx | -0.0324 | +0.0063 (7) | +0.0578 | -0.0016 (9) |
| sty | -0.0310 | +0.0098 (6) | +0.0591 | +0.0025 (6) |
| sts | +0.2350 | -0.0274 (9) | +0.0324 | -0.0168 (10) |
| TDMI (sum) | +0.5860 | -0.0329 | +0.5860 | -0.0329 |

Whitened series: mean lag-1 autocorrelation, DMT pre-injection +0.2583; its DiD -0.0418 (raw series -0.0216); per subject r(MMI sts DiD, whitened autocorrelation DiD) = +0.429; r(MMI sts DiD, raw autocorrelation DiD) = +0.426; r(MMI sts DiD whitened, MMI sts DiD raw) = +0.353; raw MMI sts DiD -0.1031.
Diagnostic on the whitened series (W = 60): observed sts level 0.2822, predicted 0.2266, residual +0.0555; DiD observed -0.0274, predicted -0.0112, residual -0.0163 (negative in 9/14).

## arp ts_demean global-bins: sixteen atoms, DMT pre-injection level and primary DiD, MMI and CCS (nats)

| atom | MMI level | MMI DiD (neg/14) | CCS level | CCS DiD (neg/14) |
|---|---|---|---|---|
| rtr | +0.0072 | +0.0039 (5) | +0.0135 | -0.0016 (6) |
| rtx | +0.0072 | +0.0007 (9) | +0.0007 | +0.0025 (8) |
| rty | +0.0086 | -0.0013 (9) | +0.0009 | +0.0014 (7) |
| rts | +0.0410 | -0.0098 (8) | -0.0141 | -0.0009 (7) |
| xtr | +0.0083 | -0.0014 (9) | +0.0062 | +0.0003 (7) |
| xtx | +0.0504 | -0.0219 (9) | +0.0526 | -0.0199 (7) |
| xty | +0.0185 | +0.0027 (5) | +0.0220 | +0.0038 (4) |
| xts | -0.0168 | +0.0083 (7) | +0.0425 | -0.0044 (12) |
| ytr | +0.0069 | +0.0023 (7) | +0.0051 | +0.0025 (5) |
| ytx | +0.0195 | -0.0008 (5) | +0.0215 | +0.0027 (4) |
| yty | +0.0459 | -0.0168 (8) | +0.0492 | -0.0142 (7) |
| yts | -0.0146 | +0.0079 (6) | +0.0450 | -0.0063 (11) |
| str | +0.0418 | -0.0100 (8) | -0.0103 | -0.0008 (6) |
| stx | -0.0117 | +0.0077 (7) | +0.0403 | -0.0053 (11) |
| sty | -0.0118 | +0.0124 (6) | +0.0389 | +0.0003 (11) |
| sts | +0.1306 | -0.0264 (8) | +0.0171 | -0.0028 (7) |
| TDMI (sum) | +0.3308 | -0.0426 | +0.3308 | -0.0426 |

Whitened series: mean lag-1 autocorrelation, DMT pre-injection +0.2703; its DiD -0.1448 (raw series -0.3846); per subject r(MMI sts DiD, whitened autocorrelation DiD) = +0.075; r(MMI sts DiD, raw autocorrelation DiD) = +0.459; r(MMI sts DiD whitened, MMI sts DiD raw) = +0.602; raw MMI sts DiD -0.1035.

Chosen AR orders (arp ts_demean), count over 115 regions × 28 runs: p = 1: 0, p = 2: 0, p = 3: 0, p = 4: 5, p = 5: 3215.

## ar1 ts_gsr W60: sixteen atoms, DMT pre-injection level and primary DiD, MMI and CCS (nats)

| atom | MMI level | MMI DiD (neg/14) | CCS level | CCS DiD (neg/14) |
|---|---|---|---|---|
| rtr | +0.0218 | -0.0019 (10) | +0.0634 | -0.0044 (9) |
| rtx | +0.0323 | +0.0016 (7) | +0.0016 | +0.0000 (7) |
| rty | +0.0317 | +0.0022 (6) | +0.0010 | +0.0007 (6) |
| rts | +0.3541 | -0.0286 (12) | -0.0115 | -0.0017 (12) |
| xtr | +0.0317 | +0.0022 (6) | +0.0011 | +0.0005 (6) |
| xtx | +0.3651 | -0.0451 (13) | +0.3848 | -0.0394 (13) |
| xty | -0.0314 | -0.0019 (8) | -0.0117 | +0.0037 (3) |
| xts | -0.3088 | +0.0340 (1) | +0.0678 | +0.0029 (5) |
| ytr | +0.0323 | +0.0016 (8) | +0.0013 | +0.0002 (7) |
| ytx | -0.0319 | -0.0014 (6) | -0.0118 | +0.0040 (3) |
| yty | +0.3580 | -0.0366 (13) | +0.3781 | -0.0313 (13) |
| yts | -0.3094 | +0.0348 (1) | +0.0669 | +0.0040 (2) |
| str | +0.3542 | -0.0288 (13) | -0.0113 | -0.0018 (12) |
| stx | -0.3087 | +0.0343 (2) | +0.0677 | +0.0034 (3) |
| sty | -0.3094 | +0.0346 (1) | +0.0670 | +0.0037 (4) |
| sts | +0.7176 | -0.0620 (13) | -0.0552 | -0.0057 (12) |
| TDMI (sum) | +0.9992 | -0.0610 | +0.9992 | -0.0610 |

Whitened series: mean lag-1 autocorrelation, DMT pre-injection +0.7506; its DiD -0.0196 (raw series -0.0146); per subject r(MMI sts DiD, whitened autocorrelation DiD) = +0.899; r(MMI sts DiD, raw autocorrelation DiD) = +0.912; r(MMI sts DiD whitened, MMI sts DiD raw) = +0.918; raw MMI sts DiD -0.0809.
Diagnostic on the whitened series (W = 60): observed sts level 0.7062, predicted 0.7511, residual -0.0449; DiD observed -0.0620, predicted -0.0626, residual +0.0006 (negative in 5/14).

## ar1 ts_gsr global-bins: sixteen atoms, DMT pre-injection level and primary DiD, MMI and CCS (nats)

| atom | MMI level | MMI DiD (neg/14) | CCS level | CCS DiD (neg/14) |
|---|---|---|---|---|
| rtr | +0.0122 | -0.0021 (10) | +0.0406 | -0.0110 (13) |
| rtx | +0.0087 | -0.0024 (10) | +0.0012 | +0.0004 (6) |
| rty | +0.0081 | -0.0017 (9) | +0.0007 | +0.0003 (5) |
| rts | +0.3946 | -0.0278 (13) | -0.0083 | +0.0023 (5) |
| xtr | +0.0081 | -0.0017 (9) | +0.0006 | +0.0008 (5) |
| xtx | +0.4139 | -0.0378 (13) | +0.4005 | -0.0342 (13) |
| xty | -0.0081 | +0.0017 (5) | -0.0216 | +0.0061 (2) |
| xts | -0.3885 | +0.0258 (2) | +0.0352 | -0.0108 (13) |
| ytr | +0.0087 | -0.0024 (10) | +0.0014 | -0.0002 (8) |
| ytx | -0.0087 | +0.0024 (4) | -0.0222 | +0.0064 (2) |
| yty | +0.4051 | -0.0297 (13) | +0.3915 | -0.0250 (13) |
| yts | -0.3886 | +0.0260 (2) | +0.0352 | -0.0109 (13) |
| str | +0.3946 | -0.0278 (13) | -0.0083 | +0.0024 (5) |
| stx | -0.3885 | +0.0259 (2) | +0.0353 | -0.0105 (13) |
| sty | -0.3886 | +0.0259 (2) | +0.0353 | -0.0113 (13) |
| sts | +0.8043 | -0.0559 (13) | -0.0298 | +0.0134 (1) |
| TDMI (sum) | +0.8874 | -0.0817 | +0.8874 | -0.0817 |

Whitened series: mean lag-1 autocorrelation, DMT pre-injection +0.9215; its DiD -0.3164 (raw series -0.4580); per subject r(MMI sts DiD, whitened autocorrelation DiD) = +0.024; r(MMI sts DiD, raw autocorrelation DiD) = +0.381; r(MMI sts DiD whitened, MMI sts DiD raw) = +0.877; raw MMI sts DiD -0.0801.

Chosen AR orders (ar1 ts_gsr), count over 115 regions × 28 runs: p = 1: 3220, p = 2: 0, p = 3: 0, p = 4: 0, p = 5: 0.

## ar1 ts_demean W60: sixteen atoms, DMT pre-injection level and primary DiD, MMI and CCS (nats)

| atom | MMI level | MMI DiD (neg/14) | CCS level | CCS DiD (neg/14) |
|---|---|---|---|---|
| rtr | +0.0289 | +0.0025 (7) | +0.0829 | +0.0097 (6) |
| rtx | +0.0395 | +0.0076 (2) | -0.0040 | -0.0032 (10) |
| rty | +0.0389 | +0.0043 (3) | -0.0049 | -0.0052 (10) |
| rts | +0.3240 | -0.0483 (13) | -0.0136 | -0.0037 (13) |
| xtr | +0.0389 | +0.0043 (4) | -0.0047 | -0.0055 (9) |
| xtx | +0.3317 | -0.0700 (13) | +0.3648 | -0.0566 (13) |
| xty | -0.0379 | -0.0032 (11) | -0.0045 | +0.0089 (2) |
| xts | -0.2750 | +0.0522 (1) | +0.0730 | +0.0050 (5) |
| ytr | +0.0395 | +0.0078 (2) | -0.0047 | -0.0022 (8) |
| ytx | -0.0385 | -0.0059 (11) | -0.0049 | +0.0078 (2) |
| yty | +0.3197 | -0.0558 (13) | +0.3537 | -0.0435 (13) |
| yts | -0.2759 | +0.0528 (1) | +0.0716 | +0.0054 (4) |
| str | +0.3240 | -0.0480 (13) | -0.0134 | -0.0036 (12) |
| stx | -0.2747 | +0.0510 (1) | +0.0733 | +0.0029 (5) |
| sty | -0.2763 | +0.0537 (1) | +0.0714 | +0.0069 (4) |
| sts | +0.6822 | -0.0784 (13) | -0.0469 | +0.0035 (5) |
| TDMI (sum) | +0.9891 | -0.0733 | +0.9891 | -0.0733 |

Whitened series: mean lag-1 autocorrelation, DMT pre-injection +0.7426; its DiD -0.0276 (raw series -0.0216); per subject r(MMI sts DiD, whitened autocorrelation DiD) = +0.908; r(MMI sts DiD, raw autocorrelation DiD) = +0.948; r(MMI sts DiD whitened, MMI sts DiD raw) = +0.953; raw MMI sts DiD -0.1031.
Diagnostic on the whitened series (W = 60): observed sts level 0.6682, predicted 0.7097, residual -0.0415; DiD observed -0.0784, predicted -0.0867, residual +0.0084 (negative in 4/14).

## ar1 ts_demean global-bins: sixteen atoms, DMT pre-injection level and primary DiD, MMI and CCS (nats)

| atom | MMI level | MMI DiD (neg/14) | CCS level | CCS DiD (neg/14) |
|---|---|---|---|---|
| rtr | +0.0215 | +0.0079 (5) | +0.0769 | -0.0070 (9) |
| rtx | +0.0107 | +0.0056 (4) | -0.0095 | +0.0015 (10) |
| rty | +0.0117 | -0.0000 (6) | -0.0116 | -0.0012 (7) |
| rts | +0.3622 | -0.0550 (13) | -0.0068 | -0.0086 (10) |
| xtr | +0.0117 | -0.0000 (6) | -0.0116 | -0.0008 (8) |
| xtx | +0.3857 | -0.0713 (13) | +0.3738 | -0.0515 (13) |
| xty | -0.0117 | +0.0000 (8) | -0.0205 | +0.0168 (2) |
| xts | -0.3560 | +0.0543 (3) | +0.0451 | -0.0077 (11) |
| ytr | +0.0107 | +0.0056 (4) | -0.0100 | +0.0015 (9) |
| ytx | -0.0107 | -0.0056 (10) | -0.0253 | +0.0175 (1) |
| yty | +0.3703 | -0.0549 (11) | +0.3588 | -0.0348 (12) |
| yts | -0.3563 | +0.0545 (3) | +0.0475 | -0.0109 (13) |
| str | +0.3624 | -0.0551 (13) | -0.0067 | -0.0088 (10) |
| stx | -0.3564 | +0.0544 (3) | +0.0479 | -0.0109 (13) |
| sty | -0.3566 | +0.0547 (3) | +0.0446 | -0.0076 (11) |
| sts | +0.7648 | -0.0871 (13) | -0.0287 | +0.0204 (1) |
| TDMI (sum) | +0.8640 | -0.0920 | +0.8640 | -0.0920 |

Whitened series: mean lag-1 autocorrelation, DMT pre-injection +0.8631; its DiD -0.2412 (raw series -0.3846); per subject r(MMI sts DiD, whitened autocorrelation DiD) = -0.304; r(MMI sts DiD, raw autocorrelation DiD) = +0.076; r(MMI sts DiD whitened, MMI sts DiD raw) = +0.962; raw MMI sts DiD -0.1035.

Chosen AR orders (ar1 ts_demean), count over 115 regions × 28 runs: p = 1: 3220, p = 2: 0, p = 3: 0, p = 4: 0, p = 5: 0.

## Reading under the rule of the pre-run entry

A remedy check, reported as such: not a finding about DMT, and the primary result (the raw MMI-sts DiD at W = 60) is unchanged by it. The prediction recorded — MMI-sts near zero after whitening and the DMT contrast shrunk to the order of the cross-lag contrast — is read against the tables above in the outcome entry.
done (1283s)
=== 2026-09-29 13:28:24  notes/partB16b_whitened_spectrum.py   -> notes/review_results/partB/whitened_spectrum_run.log
git=d5a65bd
   ts_gsr: subject 1/14 done (1s)
   ts_gsr: subject 2/14 done (1s)
   ts_gsr: subject 3/14 done (1s)
   ts_gsr: subject 4/14 done (1s)
   ts_gsr: subject 5/14 done (2s)
   ts_gsr: subject 6/14 done (2s)
   ts_gsr: subject 7/14 done (2s)
   ts_gsr: subject 8/14 done (3s)
   ts_gsr: subject 9/14 done (3s)
   ts_gsr: subject 10/14 done (3s)
   ts_gsr: subject 11/14 done (3s)
   ts_gsr: subject 12/14 done (4s)
   ts_gsr: subject 13/14 done (4s)
   ts_gsr: subject 14/14 done (4s)
   ts_demean: subject 1/14 done (4s)
   ts_demean: subject 2/14 done (5s)
   ts_demean: subject 3/14 done (5s)
   ts_demean: subject 4/14 done (5s)
   ts_demean: subject 5/14 done (5s)
   ts_demean: subject 6/14 done (6s)
   ts_demean: subject 7/14 done (6s)
   ts_demean: subject 8/14 done (6s)
   ts_demean: subject 9/14 done (6s)
   ts_demean: subject 10/14 done (7s)
   ts_demean: subject 11/14 done (7s)
   ts_demean: subject 12/14 done (7s)
   ts_demean: subject 13/14 done (7s)
   ts_demean: subject 14/14 done (8s)
# Where the power of the prewhitened series lies (partB16b_whitened_spectrum.py)
git=d5a65bd

Per region and run: the raw series and the residuals of AR(1), AR(p) with p by BIC over 1–5 (B16's whitening, recomputed), and fixed p = 10 and p = 20 (OLS with intercept; the first p samples dropped). In-band share = periodogram power at 0.01 ≤ f ≤ 0.08 Hz over the total, the run's kept samples pooled over regions, as rev_extra.py (c); run-level r₁ as rev_extra.py's r1_obs; window-level r₁ = rev_series.autocorr_series (window mode, W = 60), DMT windows 1–4, as B16. Reference values: raw in-band share 0.992 and r₁ of ideal flat-spectrum noise on the band at TR 2 s 0.8176 (rev_extra.log); the band's share of the Nyquist range 0.07/0.25 = 0.28. Seed 20261120 (no random draws). Region 20 excluded.

## ts_gsr: power shares and lag-1 autocorrelation of the raw and the whitened series (mean over the 28 runs; SD over runs in brackets)

| series | in-band share (0.01–0.08 Hz) | share below 0.01 Hz | share above 0.08 Hz | run-level r₁ | W = 60 r₁, DMT windows 1–4 | kept samples per run |
|---|---|---|---|---|---|---|
| raw | 0.992 (0.003) | 0.007 (0.003) | 0.001 (0.000) | +0.8661 (0.0076) | +0.8479 (0.0147) | 840.0 |
| ar1 | 0.996 (0.001) | 0.001 (0.000) | 0.003 (0.001) | +0.7572 (0.0055) | +0.7506 (0.0107) | 839.0 |
| arp | 0.655 (0.051) | 0.007 (0.002) | 0.338 (0.050) | +0.2944 (0.0698) | +0.2625 (0.0814) | 835.0 |
| p10 | 0.479 (0.049) | 0.008 (0.002) | 0.512 (0.050) | +0.0943 (0.0794) | +0.1368 (0.0844) | 830.0 |
| p20 | 0.391 (0.015) | 0.012 (0.002) | 0.597 (0.015) | +0.0002 (0.0076) | +0.0524 (0.0429) | 820.0 |

Consistency: BIC orders recomputed (ts_gsr), count over 115 regions × 28 runs: p = 1: 0, p = 2: 0, p = 3: 0, p = 4: 2, p = 5: 3218 (B16: p = 5 for 3,218); raw in-band share 0.992 (rev_extra.log: 0.992); raw W = 60 r₁ of DMT windows 1–4 0.8479 (inference_rows_raw.csv, pre_dmt of 'autocorr ts_gsr W60': 0.8479).

## ts_demean: power shares and lag-1 autocorrelation of the raw and the whitened series (mean over the 28 runs; SD over runs in brackets)

| series | in-band share (0.01–0.08 Hz) | share below 0.01 Hz | share above 0.08 Hz | run-level r₁ | W = 60 r₁, DMT windows 1–4 | kept samples per run |
|---|---|---|---|---|---|---|
| raw | 0.992 (0.003) | 0.007 (0.003) | 0.001 (0.000) | +0.8561 (0.0104) | +0.8382 (0.0165) | 840.0 |
| ar1 | 0.996 (0.002) | 0.001 (0.001) | 0.003 (0.001) | +0.7483 (0.0091) | +0.7426 (0.0131) | 839.0 |
| arp | 0.670 (0.070) | 0.006 (0.002) | 0.324 (0.070) | +0.3011 (0.1061) | +0.2583 (0.1153) | 835.0 |
| p10 | 0.457 (0.042) | 0.008 (0.002) | 0.535 (0.042) | +0.0346 (0.0584) | +0.0739 (0.0855) | 830.0 |
| p20 | 0.387 (0.018) | 0.012 (0.002) | 0.600 (0.017) | -0.0024 (0.0089) | +0.0323 (0.0445) | 820.0 |

Consistency: BIC orders recomputed (ts_demean), count over 115 regions × 28 runs: p = 1: 0, p = 2: 0, p = 3: 0, p = 4: 5, p = 5: 3215 (B16: p = 5 for 3,215); raw in-band share 0.992 (rev_extra.log: 0.992); raw W = 60 r₁ of DMT windows 1–4 0.8382 (inference_rows_raw.csv, pre_dmt of 'autocorr ts_demean W60': 0.8382).

## Prediction and rule of the pre-run entry

Prediction: the AR(1) residual keeps most of its power in band (share above 0.9) with r₁ near 0.75; the AR(p ≤ 5) residual's in-band share falls to about 0.5–0.6 (a mixture of flattened in-band noise at r₁ = 0.82 and amplified above-band residue at r₁ ≈ −0.4 has r₁ = 0.26 at an in-band share of 0.54); at p = 10 and 20 the share falls further toward 0.28 as r₁ approaches zero — the whitened series is increasingly the amplified stop-band residue. Rule: descriptive; quoted in the Remedies paragraph; no atoms are computed at p = 10 or 20. If the prediction fails (the AR(p) share stays above 0.9), the "amplified residue" explanation is dropped from the text and the remaining autocorrelation is reported without it.
done (8s)
=== 2026-09-29 13:28:32  notes/rev_extra.py   -> notes/review_results/logs/rev_extra.log
git=d5a65bd
(a) per-subject DiD agreement (primary set):
   ts_gsr W60: autocorr vs sts  Pearson r = +0.953 (p = 0.0000), Spearman rho = +0.903 | PhiR vs sts  Pearson r = -0.552 (p = 0.041), Spearman rho = -0.477
      subject DiDs autocorr: [-0.0161 -0.0024 -0.0260 -0.0200  0.0005 -0.0186 -0.0084 -0.0642 -0.0312 -0.0201 -0.0143 -0.0080 -0.0003  0.0242]
      subject DiDs sts     : [-0.0813 -0.0446 -0.1572 -0.1379 -0.0118 -0.0536 -0.0653 -0.2795 -0.1316 -0.1533 -0.0405 -0.0677 -0.0027  0.0949]
   ts_gsr global/bins: autocorr(run-std) vs sts  Pearson r = +0.448 (p = 0.1083), Spearman rho = +0.574
   ts_demean W60: autocorr vs sts  Pearson r = +0.958 (p = 0.0000), Spearman rho = +0.925 | PhiR vs sts  Pearson r = -0.548 (p = 0.043), Spearman rho = -0.701
      subject DiDs autocorr: [-0.0135 -0.0086 -0.0264 -0.0308 -0.0007 -0.0161 -0.0105 -0.0667 -0.0365 -0.0358 -0.0164 -0.0291 -0.0304  0.0196]
      subject DiDs sts     : [-0.0343  0.0040 -0.1578 -0.1458 -0.0292 -0.0305 -0.0863 -0.3111 -0.2125 -0.1967 -0.0683 -0.1544 -0.1141  0.0935]
   ts_demean global/bins: autocorr(run-std) vs sts  Pearson r = +0.070 (p = 0.8112), Spearman rho = +0.143

(b) group-mean window series (W60), autocorr vs sts:
   ts_gsr: r over 28 condition-windows = +0.977; within DMT r = +0.986; within PCB r = +0.945
      DMT autocorr by window: [0.851 0.847 0.843 0.851 0.836 0.823 0.829 0.833 0.835 0.841 0.843 0.841 0.845 0.855]
      DMT sts      by window: [1.163 1.145 1.139 1.176 1.100 1.047 1.069 1.079 1.090 1.101 1.130 1.127 1.140 1.179]
      PCB autocorr by window: [0.844 0.841 0.849 0.848 0.833 0.848 0.844 0.851 0.852 0.851 0.851 0.850 0.853 0.853]
      PCB sts      by window: [1.121 1.128 1.150 1.152 1.088 1.146 1.140 1.174 1.166 1.171 1.181 1.182 1.193 1.178]
   ts_demean: r over 28 condition-windows = +0.938; within DMT r = +0.920; within PCB r = +0.956
      DMT autocorr by window: [0.841 0.839 0.835 0.839 0.840 0.822 0.816 0.819 0.824 0.828 0.828 0.832 0.826 0.847]
      DMT sts      by window: [1.109 1.101 1.084 1.107 1.050 0.996 0.981 1.014 1.020 1.039 1.055 1.057 1.050 1.121]
      PCB autocorr by window: [0.831 0.832 0.838 0.830 0.822 0.835 0.833 0.844 0.845 0.845 0.849 0.845 0.842 0.849]
      PCB sts      by window: [1.054 1.083 1.107 1.084 1.038 1.085 1.079 1.124 1.123 1.123 1.148 1.143 1.135 1.135]

(c) band-pass and the level of r1:
   ideal 0.01–0.08 Hz band-pass, flat in-band spectrum, TR 2 s: implied lag-1 autocorrelation r1 = 0.8176
   ts_gsr: observed run-level r1 (mean over subjects × conditions × regions) = 0.8661; share of power inside 0.01–0.08 Hz = 0.992
      in-band spectral centroid (Hz): DMT pre 0.0369 post 0.0383 | PCB pre 0.0374 post 0.0364 | DiD +0.00231 Hz [+0.00060, +0.00395] sign-flip p = 0.0217, 12/14 positive
   ts_demean: observed run-level r1 (mean over subjects × conditions × regions) = 0.8561; share of power inside 0.01–0.08 Hz = 0.992
      in-band spectral centroid (Hz): DMT pre 0.0385 post 0.0402 | PCB pre 0.0390 post 0.0378 | DiD +0.00292 Hz [+0.00105, +0.00469] sign-flip p = 0.0105, 12/14 positive

(d) variance non-stationarity: window variance / run variance (mean over regions), W60, primary-form DiD:
   raw         ts_gsr   : DMT pre 1.277 post 0.889 | PCB pre 0.936 post 1.062 | DiD -0.5137 [-0.6740, -0.3581] p = 0.0001, 14/14 negative
      DMT group mean by window: [1.138 1.222 1.323 1.425 0.998 0.707 0.755 0.745 0.791 0.911 0.937 0.989 1.067 1.102]
      PCB group mean by window: [0.819 0.953 1.010 0.964 0.798 0.904 0.925 1.011 1.022 1.037 1.094 1.097 1.199 1.273]
   raw         ts_demean: DMT pre 1.207 post 0.907 | PCB pre 0.930 post 1.059 | DiD -0.4278 [-0.6169, -0.2669] p = 0.0004, 13/14 negative
      DMT group mean by window: [1.077 1.129 1.262 1.359 1.127 0.752 0.834 0.719 0.797 0.901 0.959 1.038 1.082 1.086]
      PCB group mean by window: [0.834 0.906 0.971 1.010 0.862 0.854 0.936 1.027 1.036 1.033 1.092 1.089 1.187 1.274]

(e) correlation of each series with the window-variance ratio (raw data):
   ts_gsr global-fit sts per 30-TR bin        : mean r over the 28 runs +0.365 (min -0.533, max +0.747); group-mean series r = +0.662
   ts_gsr run-standardised autocorr per bin   : mean r over the 28 runs +0.995 (min +0.987, max +0.999); group-mean series r = +0.999
   ts_gsr windowed W60 sts                    : mean r over the 28 runs +0.492 (min -0.417, max +0.896); group-mean series r = +0.766
   ts_gsr window-standardised autocorr W60    : mean r over the 28 runs +0.543 (min -0.170, max +0.869); group-mean series r = +0.726
   ts_demean global-fit sts per 30-TR bin        : mean r over the 28 runs +0.115 (min -0.646, max +0.504); group-mean series r = +0.561
   ts_demean run-standardised autocorr per bin   : mean r over the 28 runs +0.993 (min +0.984, max +0.999); group-mean series r = +0.998
   ts_demean windowed W60 sts                    : mean r over the 28 runs +0.246 (min -0.520, max +0.804); group-mean series r = +0.686
   ts_demean window-standardised autocorr W60    : mean r over the 28 runs +0.371 (min -0.283, max +0.770); group-mean series r = +0.698

(f) slopes behind the trend corrections (sts, W60, nats per window, mean over subjects):
   ts_gsr: placebo run over all 14 windows +0.00541; shared slope b of model (b) +0.00681; DMT run over windows 6–14 alone +0.01464
      window-index gap post − pre = 7.50; implied placebo change: placebo line +0.0406, shared slope +0.0511; raw placebo change +0.0324
   ts_demean: placebo run over all 14 windows +0.00657; shared slope b of model (b) +0.00746; DMT run over windows 6–14 alone +0.01376
      window-index gap post − pre = 7.50; implied placebo change: placebo line +0.0493, shared slope +0.0559; raw placebo change +0.0398

(g) rsHRF outputs:
   ts_gsr: deconvolution outputs not present
   ts_demean: deconvolution outputs not present
=== 2026-09-29 13:28:34  notes/rev_sts_matched_null.py f1   -> notes/review_results/logs/sts_matched_null_F1.log
git=d5a65bd

=== F1-i asym VAR(1): a 0.55->0.50 (both scaled), c compensates
   baseline: a=(0.55, 0.4) c=(0.15, 0.05) q=0.2000 s=(1.0, 1.4) | autocorr (0.605,0.413) corr(x,y) 0.306 | analytic sts 0.0942 rtr 0.0137 xtx 0.1633
   shifted : a=(0.5, 0.3636) c=(0.1072, 0.0357) q=0.2000 s=(1.0, 1.4) | autocorr (0.536,0.371) corr(x,y) 0.268 | analytic sts 0.0942 rtr 0.0080 xtx 0.1319
   W= 30: est sts baseline 0.0563, shifted 0.0515; manufactured difference -0.0048 ± 0.0016  = -6 % of the real |DiD|   (9s)
   W= 60: est sts baseline 0.0780, shifted 0.0706; manufactured difference -0.0075 ± 0.0015  = -9 % of the real |DiD|   (19s)
   W=840: est sts baseline 0.0925, shifted 0.0938; manufactured difference +0.0013 ± 0.0006  = +2 % of the real |DiD|   (32s)

=== F1-ii asym VAR(1): q 0.20->0.60, a compensates
   baseline: a=(0.55, 0.4) c=(0.15, 0.05) q=0.2000 s=(1.0, 1.4) | autocorr (0.605,0.413) corr(x,y) 0.306 | analytic sts 0.0942 rtr 0.0137 xtx 0.1633
   shifted : a=(0.7255, 0.5276) c=(0.15, 0.05) q=0.6000 s=(1.0, 1.4) | autocorr (0.818,0.561) corr(x,y) 0.646 | analytic sts 0.0942 rtr 0.0838 xtx 0.3188
   W= 30: est sts baseline 0.0586, shifted 0.0857; manufactured difference +0.0270 ± 0.0018  = +33 % of the real |DiD|   (42s)
   W= 60: est sts baseline 0.0787, shifted 0.0914; manufactured difference +0.0127 ± 0.0016  = +16 % of the real |DiD|   (51s)
   W=840: est sts baseline 0.0931, shifted 0.0937; manufactured difference +0.0006 ± 0.0005  = +1 % of the real |DiD|   (65s)
done
=== 2026-09-29 13:29:39  notes/rev_sts_matched_null.py f2   -> notes/review_results/logs/sts_matched_null_F2.log
git=d5a65bd
F2 (c): no sign change: sts difference ranges -0.6933 .. -0.1038 over the stable range 0.001-0.237
F2 (q): no sign change: sts difference ranges -0.6961 .. -0.0963 over the stable range -0.900-0.900

=== F2-ii AR VAR(1) a=0.87: q 0.05 -> 0.30, a compensates
   baseline: a=(0.87, 0.87) c=(0.025, 0.01) q=0.0500 s=(1.0, 1.4) | autocorr (0.877,0.871) corr(x,y) 0.197 | analytic sts 1.3844 rtr 0.0163 xtx 0.7104
   shifted : a=(0.8836, 0.8836) c=(0.025, 0.01) q=0.3000 s=(1.0, 1.4) | autocorr (0.898,0.887) corr(x,y) 0.442 | analytic sts 1.3844 rtr 0.0862 xtx 0.7233
   W= 30: est sts baseline 0.4777, shifted 0.4827; manufactured difference +0.0051 ± 0.0068  = +6 % of the real |DiD|   (10s)
   W= 60: est sts baseline 0.8056, shifted 0.8112; manufactured difference +0.0055 ± 0.0065  = +7 % of the real |DiD|   (20s)
   W=840: est sts baseline 1.3037, shifted 1.3273; manufactured difference +0.0236 ± 0.0023  = +29 % of the real |DiD|   (33s)
done
=== 2026-09-29 13:30:13  notes/rev_sts_matched_null.py f3   -> notes/review_results/logs/sts_matched_null_F3.log
git=d5a65bd

F3 empirical ACFs (realised after taper/clip): placebo lags 1-6 [ 0.868  0.539  0.172 -0.085 -0.174 -0.145] | DMT post [ 0.858  0.507  0.123 -0.13  -0.194 -0.133]
   analytic sts as a function of lag-1 autocorrelation r1 (rows) and cross-correlation q (cols):
        q=    0.00    0.20    0.40    0.60    0.80
   r1=0.80   1.022   1.009   0.968   0.891   0.758
   r1=0.84   1.223   1.209   1.163   1.076   0.922
   r1=0.86   1.346   1.331   1.283   1.191   1.025
   r1=0.87   1.414   1.399   1.350   1.255   1.083
   r1=0.88   1.489   1.473   1.423   1.326   1.147
   r1=0.90   1.661   1.644   1.591   1.488   1.295
   matching by q: sts difference over q in [0, 0.95] ranges -0.5994 .. -0.0538 -> NO matched pair: the true sts cannot be held fixed while r1 falls, at any cross-correlation

=== F3-b identical S4 (r1 0.8681 vs 0.8681, q = 0.2), DMT-like higher-lag ACF: lags 2-6 placebo [ 0.539  0.172 -0.085 -0.174 -0.145] vs modified-DMT [ 0.539  0.172 -0.085 -0.173 -0.14 ]
   analytic sts baseline 1.3853 vs shifted 1.3853 (difference +0.00000); xtx 0.6850 vs 0.6850
   W= 30: est sts baseline 1.0344, shifted 1.0333; manufactured difference -0.0010 ± 0.0067 = -1 % of the real |DiD|  (11s)
   W= 60: est sts baseline 1.1862, shifted 1.1800; manufactured difference -0.0062 ± 0.0047 = -8 % of the real |DiD|  (22s)
   W=840: est sts baseline 1.3396, shifted 1.3409; manufactured difference +0.0013 ± 0.0013 = +2 % of the real |DiD|  (36s)

=== F3-c reference, unmatched: placebo ACF vs DMT-post ACF at q = 0.2: analytic sts 1.3853 vs 1.3166 (true difference -0.0688; real windowed DiD -0.0809)
   W= 30: est sts baseline 1.0345 (analytic 1.3853), shifted 0.9834 (analytic 1.3166); estimated difference -0.0511 ± 0.0066 vs true -0.0688  (47s)
   W= 60: est sts baseline 1.1837 (analytic 1.3853), shifted 1.1280 (analytic 1.3166); estimated difference -0.0557 ± 0.0046 vs true -0.0688  (57s)
   W=840: est sts baseline 1.3418 (analytic 1.3853), shifted 1.2738 (analytic 1.3166); estimated difference -0.0680 ± 0.0013 vs true -0.0688  (72s)
done
=== 2026-09-29 13:31:25  notes/review_checks.py   -> notes/review_results/logs/review_checks.log
git=d5a65bd

==============================================================================
1. All 16 atoms: baseline level and DiD (the draft's Table 2 shows 6 of them)
==============================================================================

[windowed W60, ts_gsr]  DMT pre-injection whole-brain means:
   rtr=+0.039  rtx=+0.026  rty=+0.025  rts=+0.567  xtr=+0.025  xtx=+0.627  xty=-0.025  xts=-0.535  ytr=+0.026  ytx=-0.026  yty=+0.613  yts=-0.536  str=+0.567  stx=-0.535  sty=-0.536  sts=+1.155
   DiD per atom:
   rtr=-0.0078  rtx=-0.0012  rty=-0.0012  rts=-0.0407  xtr=-0.0012  xtx=-0.0523  xty=+0.0012  xts=+0.0399  ytr=-0.0012  ytx=+0.0012  yty=-0.0396  yts=+0.0404  str=-0.0408  stx=+0.0401  sty=+0.0403  sts=-0.0809
   TDMI DiD -0.1037 | sts+rts+str+xts+yts+stx+sty -0.0017 | xtx+yty -0.0919 | rtr -0.0078
   PhiR     level +0.0961  DiD +0.0007  p=0.8971  negative 8/14
   xtx+yty  level +1.2398  DiD -0.0919  p=0.0089  negative 12/14

[windowed W60, ts_demean]  DMT pre-injection whole-brain means:
   rtr=+0.044  rtx=+0.029  rty=+0.029  rts=+0.526  xtr=+0.029  xtx=+0.587  xty=-0.029  xts=-0.493  ytr=+0.029  ytx=-0.029  yty=+0.566  yts=-0.494  str=+0.526  stx=-0.493  sty=-0.494  sts=+1.100
   DiD per atom:
   rtr=+0.0005  rtx=+0.0040  rty=+0.0003  rts=-0.0643  xtr=+0.0003  xtx=-0.0823  xty=-0.0002  xts=+0.0621  ytr=+0.0040  ytx=-0.0039  yty=-0.0610  yts=+0.0635  str=-0.0646  stx=+0.0627  sty=+0.0636  sts=-0.1031
   TDMI DiD -0.1186 | sts+rts+str+xts+yts+stx+sty +0.0199 | xtx+yty -0.1433 | rtr +0.0005
   PhiR     level +0.1208  DiD +0.0157  p=0.0853  negative 4/14
   xtx+yty  level +1.1529  DiD -0.1433  p=0.0024  negative 13/14

[global fit, ts_gsr]  DMT pre-injection whole-brain means:
   rtr=+0.025  rtx=+0.008  rty=+0.007  rts=+0.644  xtr=+0.007  xtx=+0.690  xty=-0.007  xts=-0.639  ytr=+0.008  ytx=-0.008  yty=+0.672  yts=-0.639  str=+0.644  stx=-0.639  sty=-0.639  sts=+1.309
   DiD per atom:
   rtr=-0.0060  rtx=-0.0031  rty=-0.0028  rts=-0.0396  xtr=-0.0028  xtx=-0.0544  xty=+0.0028  xts=+0.0367  ytr=-0.0031  ytx=+0.0031  yty=-0.0431  yts=+0.0368  str=-0.0397  stx=+0.0368  sty=+0.0368  sts=-0.0801
   TDMI DiD -0.1216 | sts+rts+str+xts+yts+stx+sty -0.0122 | xtx+yty -0.0975 | rtr -0.0060
   PhiR     level +0.0257  DiD -0.0062  p=0.0953  negative 9/14
   xtx+yty  level +1.3616  DiD -0.0975  p=0.0093  negative 12/14

[global fit, ts_demean]  DMT pre-injection whole-brain means:
   rtr=+0.030  rtx=+0.007  rty=+0.009  rts=+0.598  xtr=+0.009  xtx=+0.652  xty=-0.009  xts=-0.593  ytr=+0.007  ytx=-0.007  yty=+0.624  yts=-0.593  str=+0.598  stx=-0.593  sty=-0.594  sts=+1.240
   DiD per atom:
   rtr=+0.0078  rtx=+0.0017  rty=-0.0022  rts=-0.0644  xtr=-0.0022  xtx=-0.0901  xty=+0.0022  xts=+0.0624  ytr=+0.0017  ytx=-0.0017  yty=-0.0664  yts=+0.0625  str=-0.0648  stx=+0.0626  sty=+0.0628  sts=-0.1035
   TDMI DiD -0.1315 | sts+rts+str+xts+yts+stx+sty +0.0176 | xtx+yty -0.1565 | rtr +0.0078
   PhiR     level +0.0464  DiD +0.0180  p=0.1177  negative 5/14
   xtx+yty  level +1.2758  DiD -0.1565  p=0.0049  negative 11/14

==============================================================================
2. The thresholded tracking statistic (group-mean-series rho vs template) on the PLACEBO run
==============================================================================
   ts_gsr     windows 6-14: DMT -0.9833  PLACEBO -0.8333  (placebo vs plain time index +0.8333)
   ts_gsr     windows 5-14: DMT -0.8667  PLACEBO -0.8788  (placebo vs plain time index +0.8788)
   ts_demean  windows 6-14: DMT -0.9333  PLACEBO -0.7667  (placebo vs plain time index +0.7667)
   ts_demean  windows 5-14: DMT -0.6727  PLACEBO -0.8303  (placebo vs plain time index +0.8303)

==============================================================================
3. Where the DiD comes from: drug-present windows 6-9 vs tail windows 10-14 (W60)
==============================================================================
   ts_gsr     post 6-14   DiD -0.0809 p=0.0038 neg 13/14 | DMT -0.0485 PCB +0.0324 | placebo share 0.40
   ts_gsr     post 6-9    DiD -0.1029 p=0.0009 neg 13/14 | DMT -0.0842 PCB +0.0187 | placebo share 0.18
   ts_gsr     post 10-14  DiD -0.0633 p=0.0337 neg 10/14 | DMT -0.0199 PCB +0.0434 | placebo share 0.69
   ts_gsr     baseline windows 1-3 (bin 8 dropped), post 6-14: DiD -0.0787 p=0.0033
   ts_demean  post 6-14   DiD -0.1031 p=0.0026 neg 12/14 | DMT -0.0633 PCB +0.0398 | placebo share 0.39
   ts_demean  post 6-9    DiD -0.1183 p=0.0012 neg 13/14 | DMT -0.0975 PCB +0.0208 | placebo share 0.18
   ts_demean  post 10-14  DiD -0.0910 p=0.0128 neg 11/14 | DMT -0.0360 PCB +0.0550 | placebo share 0.60
   ts_demean  baseline windows 1-3 (bin 8 dropped), post 6-14: DiD -0.1014 p=0.0016

==============================================================================
4. Mean regional lag-1 autocorrelation per 60-TR window vs the sts contrast (ts_gsr)
==============================================================================
   lag-1 autocorr: DMT pre 0.8632 post 0.8532; PCB pre 0.8603 post 0.8657
   DiD -0.0155 p=0.0056 negative 12/14
   per-subject r(autocorr DiD, sts DiD) = 0.973; across 28 condition x window group means r = 0.984

==============================================================================
5. How independent was the 'pre-specified' windowed test of the global-fit result already in hand?
==============================================================================
   per-subject r(global-fit DiD, windowed DiD) = 0.954
   20-region sanity run (written 12 Sep 10:12, git=nogit): DiD -0.0994, negative 12/14, p=0.0156; r with the primary windowed DiD = 0.791

==============================================================================
6. Robustness C: the pre-drug offset inside contrast (ii)
==============================================================================
   DMT pre-injection (bins 1-8) under the placebo-fitted model: 1.3549
   PCB held-out half (bins 15-28) under the same model:        1.4323   -> pre-drug offset -0.0774
   contrast (ii) DMT - PCB bins 15-28: -0.1110 (p=0.0005);  contrast (i) within-DMT step: -0.0508 [-0.1047, +0.0137] p=0.1338

==============================================================================
7. Redundancy-function dependence: MMI vs CCS on 400 random pairs, global fit (about 2 min)
==============================================================================
   ts_gsr     MMI: sts baseline +1.306; sts DiD -0.0815 (negative 12/14, p=0.0088); xtx+yty DiD -0.0954; TDMI DiD -0.1189
   ts_gsr     CCS: sts baseline -0.033; sts DiD +0.0212 (negative 0/14, p=0.0001); xtx+yty DiD -0.0781; TDMI DiD -0.1189
   ts_demean  MMI: sts baseline +1.242; sts DiD -0.1080 (negative 12/14, p=0.0126); xtx+yty DiD -0.1586; TDMI DiD -0.1312
   ts_demean  CCS: sts baseline -0.029; sts DiD +0.0330 (negative 0/14, p=0.0001); xtx+yty DiD -0.1148; TDMI DiD -0.1312

done
=== 2026-09-29 13:32:45  notes/rev_assemble.py
git=d5a65bd
wrote /home/vilalius/dmt-phiid/notes/review_computations_2026-09-14.md (384 lines); unfilled markers: []
=== 2026-09-29 13:32:45  notes/partB1_scope_map.py   -> notes/review_results/partB/scope_map_run.log
git=d5a65bd
map computed (1s)
| ts_gsr | PCB | 4 | 6555 | 100.0 % | 0.0 % | 0.0 % | 4.9 % | 0.852 (0.809–0.898) | -0.021 (-0.501–+0.556) | 0.237 | 1.0996 | 1.2702 |
| ts_gsr | PCB | 6 | 6555 | 100.0 % | 0.0 % | 0.0 % | 5.6 % | 0.849 (0.801–0.892) | -0.015 (-0.516–+0.540) | 0.234 | 1.0796 | 1.2447 |
| ts_demean | DMT | 1 | 6555 | 100.0 % | 0.0 % | 0.0 % | 12.5 % | 0.816 (0.775–0.863) | +0.267 (-0.235–+0.707) | 0.294 | 0.9538 | 1.0567 |
| ts_demean | DMT | 2 | 6555 | 100.0 % | 0.0 % | 0.0 % | 21.3 % | 0.835 (0.789–0.878) | +0.350 (-0.222–+0.775) | 0.364 | 0.9927 | 1.1235 |
| ts_demean | DMT | 3 | 6555 | 100.0 % | 0.0 % | 0.0 % | 15.7 % | 0.849 (0.806–0.884) | +0.278 (-0.267–+0.757) | 0.308 | 1.0621 | 1.2044 |
| ts_demean | DMT | 4 | 6555 | 100.0 % | 0.0 % | 0.0 % | 30.2 % | 0.857 (0.807–0.896) | +0.392 (-0.245–+0.859) | 0.410 | 1.0032 | 1.2119 |
| ts_demean | DMT | 6 | 6555 | 100.0 % | 0.0 % | 0.0 % | 13.2 % | 0.860 (0.804–0.910) | +0.289 (-0.240–+0.718) | 0.313 | 1.0562 | 1.2955 |
| ts_demean | PCB | 1 | 6555 | 100.0 % | 0.0 % | 0.0 % | 14.2 % | 0.835 (0.795–0.875) | +0.274 (-0.269–+0.748) | 0.308 | 1.0167 | 1.1399 |
| ts_demean | PCB | 2 | 6555 | 100.0 % | 0.0 % | 0.0 % | 11.9 % | 0.832 (0.785–0.873) | +0.283 (-0.192–+0.707) | 0.297 | 1.0116 | 1.1244 |
| ts_demean | PCB | 3 | 6555 | 100.0 % | 0.0 % | 0.0 % | 7.9 % | 0.832 (0.776–0.883) | +0.182 (-0.315–+0.654) | 0.247 | 1.0064 | 1.1462 |
| ts_demean | PCB | 4 | 6555 | 100.0 % | 0.0 % | 0.0 % | 10.4 % | 0.846 (0.812–0.884) | +0.213 (-0.281–+0.698) | 0.257 | 1.0916 | 1.2183 |
| ts_demean | PCB | 6 | 6555 | 100.0 % | 0.0 % | 0.0 % | 6.8 % | 0.840 (0.788–0.889) | +0.131 (-0.362–+0.631) | 0.228 | 1.0333 | 1.1968 |
wrote /home/vilalius/dmt-phiid/notes/review_results/partB/scope_map.png (4s)
=== 2026-09-29 13:32:49  notes/partB1_overlay_points.py   -> notes/review_results/partB/overlay_points_run.log
git=d5a65bd
dmt_w6: n = 6555, r1 median 0.840, |q| median 0.225
pcb_w2: n = 6555, r1 median 0.847, |q| median 0.236
pre_w1to4: n = 52440, r1 median 0.855, |q| median 0.249
=== 2026-09-29 13:32:50  notes/partB17_calibration.py   -> notes/review_results/partB/calibration_run.log
git=d5a65bd
   (i) Δa = −0.015, Δc = 0: replicate 10/50 (107s)
   (i) Δa = −0.015, Δc = 0: replicate 20/50 (224s)
   (i) Δa = −0.015, Δc = 0: replicate 30/50 (326s)
   (i) Δa = −0.015, Δc = 0: replicate 40/50 (439s)
   (i) Δa = −0.015, Δc = 0: replicate 50/50 (539s)
   (ii) Δc = +0.01: replicate 10/50 (634s)
   (ii) Δc = +0.01: replicate 20/50 (740s)
   (ii) Δc = +0.01: replicate 30/50 (856s)
   (ii) Δc = +0.01: replicate 40/50 (973s)
   (ii) Δc = +0.01: replicate 50/50 (1099s)
   (ii) Δc = +0.02: replicate 10/50 (1228s)
   (ii) Δc = +0.02: replicate 20/50 (1352s)
   (ii) Δc = +0.02: replicate 30/50 (1442s)
   (ii) Δc = +0.02: replicate 40/50 (1567s)
   (ii) Δc = +0.02: replicate 50/50 (1672s)
   (ii) Δc = +0.03: replicate 10/50 (1777s)
   (ii) Δc = +0.03: replicate 20/50 (1871s)
   (ii) Δc = +0.03: replicate 30/50 (1977s)
   (ii) Δc = +0.03: replicate 40/50 (2101s)
   (ii) Δc = +0.03: replicate 50/50 (2232s)
   (ii) Δc = −0.02: replicate 10/50 (2364s)
   (ii) Δc = −0.02: replicate 20/50 (2479s)
   (ii) Δc = −0.02: replicate 30/50 (2594s)
   (ii) Δc = −0.02: replicate 40/50 (2714s)
   (ii) Δc = −0.02: replicate 50/50 (2829s)
   (iii) Δa = −0.015, Δc = +0.02: replicate 10/50 (2952s)
   (iii) Δa = −0.015, Δc = +0.02: replicate 20/50 (3064s)
   (iii) Δa = −0.015, Δc = +0.02: replicate 30/50 (3234s)
   (iii) Δa = −0.015, Δc = +0.02: replicate 40/50 (3358s)
   (iii) Δa = −0.015, Δc = +0.02: replicate 50/50 (3522s)
   (iv) a_x − a_y = 0.03, Δa = −0.015: replicate 10/50 (3632s)
   (iv) a_x − a_y = 0.03, Δa = −0.015: replicate 20/50 (3752s)
   (iv) a_x − a_y = 0.03, Δa = −0.015: replicate 30/50 (3907s)
   (iv) a_x − a_y = 0.03, Δa = −0.015: replicate 40/50 (4047s)
   (iv) a_x − a_y = 0.03, Δa = −0.015: replicate 50/50 (4171s)
# Ground-truth calibration of the residual diagnostic (partB17_calibration.py)
git=d5a65bd

N_PAIRS = 300 independent VAR(1) pairs per subject, 14 subjects × 2 runs × 840 samples, burn-in 200; a_x, a_y ~ N(0.85, 0.0125); q from the data's window-level q (scope_map_overlay_points.npz, pre_w1to4_q, 52440 values); change at sample 300 of the DMT run only; W = 60; bins of 30; 50 replicates per condition; bootstrap 1000 draws; sign-flip exact over 2^14; seed 20261120. DiD = windows 6–14 minus 1–4 (bins 11–28 minus 1–8), DMT minus placebo, mean over subjects. At the global fit two predictions are tabulated: the pipeline's run-level prediction (constant across a run's bins, so its DiD is zero and the residual DiD equals the observed DiD, as partB4 records for the data) and a period-level prediction from (a_x, a_y, q) measured on the pre (samples 0–299) and post (samples 300–839) samples of each run separately, which is the reading the recorded prediction (i) refers to.

| condition | estimator | sts level (pre) | sts DiD | predicted DiD | residual DiD | residual p (mean; share < 0.05) | δ_sym DiD | RMS δ_anti DiD |
|---|---|---|---|---|---|---|---|---|
| (i) Δa = −0.015, Δc = 0 | W60 | 0.7152 | -0.0422 ± 0.0034 | -0.0471 ± 0.0036 | +0.0049 ± 0.0017 | 0.055; 0.80 | +0.00014 ± 0.00065 | +0.00130 ± 0.00050 |
| (i) Δa = −0.015, Δc = 0 | global (run-level prediction) | 1.1317 | -0.0675 ± 0.0058 | -0.0000 ± 0.0000 | -0.0675 ± 0.0058 | 0.000; 1.00 | — | — |
| (i) Δa = −0.015, Δc = 0 | global (period-level prediction) | 1.1317 | -0.0675 ± 0.0058 | -0.0764 ± 0.0048 | +0.0089 ± 0.0028 | 0.046; 0.62 | — | — |
| (ii) Δc = +0.01 | W60 | 0.7153 | +0.0010 ± 0.0036 | +0.0020 ± 0.0037 | -0.0010 ± 0.0018 | 0.459; 0.10 | +0.00758 ± 0.00072 | -0.00014 ± 0.00065 |
| (ii) Δc = +0.01 | global (run-level prediction) | 1.1390 | +0.0003 ± 0.0049 | -0.0000 ± 0.0000 | +0.0003 ± 0.0049 | 0.537; 0.04 | — | — |
| (ii) Δc = +0.01 | global (period-level prediction) | 1.1390 | +0.0003 ± 0.0049 | +0.0028 ± 0.0040 | -0.0025 ± 0.0027 | 0.461; 0.12 | — | — |
| (ii) Δc = +0.02 | W60 | 0.7154 | +0.0002 ± 0.0039 | +0.0054 ± 0.0037 | -0.0052 ± 0.0016 | 0.052; 0.76 | +0.01480 ± 0.00069 | -0.00037 ± 0.00063 |
| (ii) Δc = +0.02 | global (run-level prediction) | 1.1446 | -0.0033 ± 0.0050 | -0.0000 ± 0.0000 | -0.0033 ± 0.0050 | 0.403; 0.14 | — | — |
| (ii) Δc = +0.02 | global (period-level prediction) | 1.1446 | -0.0033 ± 0.0050 | +0.0092 ± 0.0039 | -0.0124 ± 0.0029 | 0.010; 0.92 | — | — |
| (ii) Δc = +0.03 | W60 | 0.7152 | +0.0001 ± 0.0031 | +0.0110 ± 0.0033 | -0.0108 ± 0.0017 | 0.001; 1.00 | +0.02210 ± 0.00071 | -0.00083 ± 0.00055 |
| (ii) Δc = +0.03 | global (run-level prediction) | 1.1512 | -0.0080 ± 0.0037 | -0.0000 ± 0.0000 | -0.0080 ± 0.0037 | 0.206; 0.26 | — | — |
| (ii) Δc = +0.03 | global (period-level prediction) | 1.1512 | -0.0080 ± 0.0037 | +0.0198 ± 0.0035 | -0.0278 ± 0.0027 | 0.000; 1.00 | — | — |
| (ii) Δc = −0.02 | W60 | 0.7152 | -0.0002 ± 0.0038 | +0.0054 ± 0.0037 | -0.0056 ± 0.0018 | 0.037; 0.80 | -0.01495 ± 0.00066 | -0.00027 ± 0.00059 |
| (ii) Δc = −0.02 | global (run-level prediction) | 1.1438 | -0.0045 ± 0.0050 | +0.0000 ± 0.0000 | -0.0045 ± 0.0050 | 0.408; 0.14 | — | — |
| (ii) Δc = −0.02 | global (period-level prediction) | 1.1438 | -0.0045 ± 0.0050 | +0.0089 ± 0.0041 | -0.0134 ± 0.0033 | 0.009; 0.94 | — | — |
| (iii) Δa = −0.015, Δc = +0.02 | W60 | 0.7153 | -0.0419 ± 0.0035 | -0.0428 ± 0.0033 | +0.0009 ± 0.0016 | 0.505; 0.00 | +0.01500 ± 0.00080 | +0.00093 ± 0.00056 |
| (iii) Δa = −0.015, Δc = +0.02 | global (run-level prediction) | 1.1364 | -0.0694 ± 0.0049 | -0.0000 ± 0.0000 | -0.0694 ± 0.0049 | 0.000; 1.00 | — | — |
| (iii) Δa = −0.015, Δc = +0.02 | global (period-level prediction) | 1.1364 | -0.0694 ± 0.0049 | -0.0687 ± 0.0040 | -0.0006 ± 0.0035 | 0.525; 0.10 | — | — |
| (iv) a_x − a_y = 0.03, Δa = −0.015 | W60 | 0.7131 | -0.0422 ± 0.0036 | -0.0472 ± 0.0038 | +0.0051 ± 0.0017 | 0.051; 0.70 | +0.00013 ± 0.00071 | +0.00130 ± 0.00056 |
| (iv) a_x − a_y = 0.03, Δa = −0.015 | global (run-level prediction) | 1.1127 | -0.0677 ± 0.0046 | +0.0000 ± 0.0000 | -0.0677 ± 0.0046 | 0.000; 1.00 | — | — |
| (iv) a_x − a_y = 0.03, Δa = −0.015 | global (period-level prediction) | 1.1127 | -0.0677 ± 0.0046 | -0.0746 ± 0.0045 | +0.0069 ± 0.0030 | 0.114; 0.64 | — | — |

Predictions recorded (plan §5, B17): (i) residual ≈ its finite-sample expectation (+0.004 to +0.008 at W = 60; near zero at the global fit); (ii) residual ≈ −1.77 Δc at the global fit (first order), smaller in magnitude at W = 60 through the bias, δ_sym ≈ 0.94 Δc; (iii) additive to first order; (iv) sts level lowered by the asymmetry with the residual near its expectation. Rule: this is the calibration the diagnostic lacked; its table is quoted wherever a residual is interpreted, and the finite-sample null of Results 4 is superseded by it where they overlap. Each condition's row is read against these in the outcome entry.
Note: the diagnostic's prediction uses the measured (a_x, a_y, q); a Δc changes the measured lag-0 q and the lag-1 autocorrelations of the coupled pair as well as the cross-lag entries, so the residual under (ii) is the estimator's response to the part of the change the AR(1) substitution cannot follow.
done (4171s)
=== 2026-09-29 14:42:22  notes/partB17b_calibration_filtered.py   -> notes/review_results/partB/calibration_filtered_run.log
git=d5a65bd
   filter fitted to the placebo ACF: beta=200 lo=0.0064 hi=0.080; lags 1-6 [ 0.872  0.549  0.179 -0.091 -0.196 -0.168]
   solving the generator's parameters on calibration draws (3,000 pairs × 3,000 samples) ...
   solved: β̄ = 185.4, σ_q = 0.2637, β̄_post = 105.7, δ = 82.6; check draws: pre a = 0.8637, |q| = 0.2844; post a = 0.8483; asymmetry a_x − a_y = 0.0300 (106s)
   (i) Δa (post filter): replicate 10/50 (205s)
   (i) Δa (post filter): replicate 20/50 (311s)
   (i) Δa (post filter): replicate 30/50 (423s)
   (i) Δa (post filter): replicate 40/50 (568s)
   (i) Δa (post filter): replicate 50/50 (683s)
   (ii) Δc = +0.01: replicate 10/50 (809s)
   (ii) Δc = +0.01: replicate 20/50 (919s)
   (ii) Δc = +0.01: replicate 30/50 (1050s)
   (ii) Δc = +0.01: replicate 40/50 (1144s)
   (ii) Δc = +0.01: replicate 50/50 (1238s)
   (ii) Δc = +0.02: replicate 10/50 (1352s)
   (ii) Δc = +0.02: replicate 20/50 (1482s)
   (ii) Δc = +0.02: replicate 30/50 (1581s)
   (ii) Δc = +0.02: replicate 40/50 (1714s)
   (ii) Δc = +0.02: replicate 50/50 (1842s)
   (ii) Δc = +0.03: replicate 10/50 (1966s)
   (ii) Δc = +0.03: replicate 20/50 (2088s)
   (ii) Δc = +0.03: replicate 30/50 (2251s)
   (ii) Δc = +0.03: replicate 40/50 (2387s)
   (ii) Δc = +0.03: replicate 50/50 (2515s)
   (ii) Δc = −0.02: replicate 10/50 (2660s)
   (ii) Δc = −0.02: replicate 20/50 (2810s)
   (ii) Δc = −0.02: replicate 30/50 (2953s)
   (ii) Δc = −0.02: replicate 40/50 (3062s)
   (ii) Δc = −0.02: replicate 50/50 (3138s)
   (iii) Δa and Δc = +0.02: replicate 10/50 (3220s)
   (iii) Δa and Δc = +0.02: replicate 20/50 (3308s)
   (iii) Δa and Δc = +0.02: replicate 30/50 (3387s)
   (iii) Δa and Δc = +0.02: replicate 40/50 (3466s)
   (iii) Δa and Δc = +0.02: replicate 50/50 (3534s)
   (iv) a_x − a_y = 0.03 with Δa: replicate 10/50 (3611s)
   (iv) a_x − a_y = 0.03 with Δa: replicate 20/50 (3698s)
   (iv) a_x − a_y = 0.03 with Δa: replicate 30/50 (3767s)
   (iv) a_x − a_y = 0.03 with Δa: replicate 40/50 (3834s)
   (iv) a_x − a_y = 0.03 with Δa: replicate 50/50 (3903s)
# Calibration of the residual diagnostic on the band-passed generator (partB17b_calibration_filtered.py)
git=d5a65bd

Generator of review_v2_residual_null.py: smooth 0.0064–0.080 Hz band-pass (0.004 Hz cosine edges) with tilt exp(−β f²) applied to two white noises of correlation q, circularly over the run's 840 samples; per pair β ~ N(β̄, 0.5 β̄) (clipped below at 5), q ~ N(0, σ_q) (clipped to ±0.95). Solved once on calibration draws of 3000 pairs × 3000 samples (W = 60): β̄ = 185.4 (window-level mean a 0.8637, target 0.8632), σ_q = 0.2637 (mean |q| 0.2844, target 0.2842), β̄_post = 105.7 (mean a 0.8483, target 0.8482), δ = 82.6 (mean a_x − a_y 0.0300, target 0.03); held fixed. N_PAIRS = 300 pairs per subject, 14 subjects × 2 runs × 840 samples; the DMT run's white noises filtered at the pre and at the post parameters (β scaled by β̄_post/β̄) and spliced at sample 300; (ii): x_t ← x_t + c y_(t−1), y_t ← y_t + c x_(t−1) on the post samples, each post segment rescaled to its SD before the coupling; (iv): x at β + δ, y at β − δ. W = 60; bins of 30; 50 replicates per condition; bootstrap 1000 draws; sign-flip exact over 2^14; seed 20261120. DiD = windows 6–14 minus 1–4 (bins 11–28 minus 1–8), DMT minus placebo, mean over subjects; ± is the SD over replicates. At the global fit the run-level prediction (constant across a run's bins; its DiD is zero and the residual DiD equals the observed DiD) and the period-level prediction ((a_x, a_y, q) measured on the pre and the post samples separately) are both tabulated, as in B17.

| condition | estimator | sts level (pre) | sts DiD | predicted DiD | residual DiD | residual p (mean; share < 0.05) | δ_sym DiD | RMS δ_anti DiD |
|---|---|---|---|---|---|---|---|---|
| (i) Δa (post filter) | W60 | 1.1883 | -0.0940 ± 0.0028 | -0.0966 ± 0.0027 | +0.0027 ± 0.0014 | 0.136; 0.54 | -0.00005 ± 0.00030 | +0.00641 ± 0.00104 |
| (i) Δa (post filter) | global (run-level prediction) | 1.3262 | -0.1046 ± 0.0035 | +0.0000 ± 0.0000 | -0.1046 ± 0.0035 | 0.000; 1.00 | — | — |
| (i) Δa (post filter) | global (period-level prediction) | 1.3262 | -0.1046 ± 0.0035 | -0.1089 ± 0.0030 | +0.0043 ± 0.0020 | 0.116; 0.62 | — | — |
| (ii) Δc = +0.01 | W60 | 1.1878 | +0.0001 ± 0.0029 | -0.0002 ± 0.0025 | +0.0003 ± 0.0011 | 0.465; 0.04 | +0.00025 ± 0.00031 | -0.00021 ± 0.00096 |
| (ii) Δc = +0.01 | global (run-level prediction) | 1.3349 | -0.0003 ± 0.0034 | -0.0000 ± 0.0000 | -0.0003 ± 0.0034 | 0.494; 0.08 | — | — |
| (ii) Δc = +0.01 | global (period-level prediction) | 1.3349 | -0.0003 ± 0.0034 | -0.0002 ± 0.0024 | -0.0002 ± 0.0021 | 0.459; 0.06 | — | — |
| (ii) Δc = +0.02 | W60 | 1.1878 | +0.0002 ± 0.0025 | +0.0004 ± 0.0026 | -0.0002 ± 0.0012 | 0.517; 0.04 | +0.00045 ± 0.00024 | -0.00002 ± 0.00103 |
| (ii) Δc = +0.02 | global (run-level prediction) | 1.3353 | -0.0001 ± 0.0034 | +0.0000 ± 0.0000 | -0.0001 ± 0.0034 | 0.569; 0.02 | — | — |
| (ii) Δc = +0.02 | global (period-level prediction) | 1.3353 | -0.0001 ± 0.0034 | -0.0000 ± 0.0028 | -0.0001 ± 0.0020 | 0.477; 0.04 | — | — |
| (ii) Δc = +0.03 | W60 | 1.1883 | -0.0009 ± 0.0028 | -0.0005 ± 0.0026 | -0.0004 ± 0.0012 | 0.452; 0.06 | +0.00069 ± 0.00024 | -0.00018 ± 0.00096 |
| (ii) Δc = +0.03 | global (run-level prediction) | 1.3361 | -0.0010 ± 0.0041 | -0.0000 ± 0.0000 | -0.0010 ± 0.0041 | 0.440; 0.16 | — | — |
| (ii) Δc = +0.03 | global (period-level prediction) | 1.3361 | -0.0010 ± 0.0041 | -0.0005 ± 0.0028 | -0.0005 ± 0.0022 | 0.390; 0.08 | — | — |
| (ii) Δc = −0.02 | W60 | 1.1879 | -0.0002 ± 0.0026 | +0.0000 ± 0.0024 | -0.0002 ± 0.0012 | 0.469; 0.04 | -0.00044 ± 0.00030 | +0.00019 ± 0.00077 |
| (ii) Δc = −0.02 | global (run-level prediction) | 1.3354 | -0.0004 ± 0.0039 | -0.0000 ± 0.0000 | -0.0004 ± 0.0039 | 0.422; 0.14 | — | — |
| (ii) Δc = −0.02 | global (period-level prediction) | 1.3354 | -0.0004 ± 0.0039 | -0.0004 ± 0.0027 | -0.0000 ± 0.0019 | 0.518; 0.04 | — | — |
| (iii) Δa and Δc = +0.02 | W60 | 1.1875 | -0.0944 ± 0.0026 | -0.0971 ± 0.0026 | +0.0027 ± 0.0011 | 0.115; 0.50 | +0.00060 ± 0.00031 | +0.00645 ± 0.00092 |
| (iii) Δa and Δc = +0.02 | global (run-level prediction) | 1.3255 | -0.1055 ± 0.0028 | +0.0000 ± 0.0000 | -0.1055 ± 0.0028 | 0.000; 1.00 | — | — |
| (iii) Δa and Δc = +0.02 | global (period-level prediction) | 1.3255 | -0.1055 ± 0.0028 | -0.1091 ± 0.0024 | +0.0036 ± 0.0014 | 0.132; 0.44 | — | — |
| (iv) a_x − a_y = 0.03 with Δa | W60 | 1.1668 | -0.0889 ± 0.0026 | -0.0920 ± 0.0027 | +0.0031 ± 0.0012 | 0.064; 0.62 | -0.00002 ± 0.00028 | +0.00592 ± 0.00108 |
| (iv) a_x − a_y = 0.03 with Δa | global (run-level prediction) | 1.2526 | -0.0913 ± 0.0028 | -0.0000 ± 0.0000 | -0.0913 ± 0.0028 | 0.000; 1.00 | — | — |
| (iv) a_x − a_y = 0.03 with Δa | global (period-level prediction) | 1.2526 | -0.0913 ± 0.0028 | -0.1014 ± 0.0028 | +0.0101 ± 0.0016 | 0.001; 1.00 | — | — |

## Population reference for B17's AR(1) conditions (closed form at the drawn (a_x, a_y, q); 20000 draws of B17's distributions and its Q_POOL; post = (a_x − 0.015, a_y − 0.015) with the innovation correlation held as B17 holds it)

| condition | population sts, pre | population sts, post | population change | B17 W60 level (pre) | B17 W60 sts DiD | B17 global level (pre) | B17 global sts DiD |
|---|---|---|---|---|---|---|---|
| (i) | 1.1936 | 1.1121 | -0.0816 | 0.7152 | -0.0422 | 1.1317 | -0.0675 |
| (iv) | 1.1474 | 1.0699 | -0.0775 | 0.7131 | -0.0422 | 1.1127 | -0.0677 |
| (iv) − (i), pre level | -0.0463 | — | — | -0.0021 | — | -0.0190 | — |

Predictions recorded (pre-run entry, B17b): the W = 60 sts level near the null's 1.18 rather than B17's 0.715; under (i) the sts DiD between −0.07 and −0.10 (the data's is −0.0809) and the residual DiD near the data's own null, +0.004 to +0.008; (ii) residual negative for either sign of Δc; (iii) additive; (iv) level lowered, residual near its (i) value; the population reference for B17 (i): a change of about −0.08 (1.19 → 1.11), and for (iv) − (i) a level difference of about −0.045. Rule: where B17 and B17b differ, the main text quotes B17b (the generator closer to the data) and S3 Text carries both; the finite-sample null of Results 4 is superseded by B17b where they overlap; the null's own DiD (+0.0054, review_v2_residual_null.log) is quoted beside B17b's (i). Each condition's row is read against these in the outcome entry.
done (3904s)
=== 2026-09-29 15:47:26  notes/partB2_ccs_verify.py
git=d5a65bd
== (A) reference MATLAB toolbox pinned by phyid
   (checkout not found)
   phyid.measures.redundancy_ccs docstring: To be implemented.
   phyid.measures.double_redundacy_ccs docstring: To be implemented.

== (B) D ≡ rtr − sts on the lattice; pointwise exclusivity under phyid's CCS
   max |D − (rtr − sts)| over 1,000 random consistent atom vectors: 3.2e-15

== (C1) independent Gaussian CCS vs phyid.calc_PhiID(redundancy='CCS'), 200 random real-data draws (W = 60 windows, ts_gsr)
   max |atom difference| over 200 draws × 16 atoms × all samples: 2.1e-13
   max |single-target CCS redundancy difference| (Ince definition vs phyid), six redundancies: 2.1e-13
   pointwise exclusivity in phyid's output (sts = 0 where signs agree, sts = −D elsewhere): max deviation 1.8e-13
   share of samples with all five signs agreeing: mean 0.283, range 0.017–0.661

== (C2) binary hand case: tabulated joint distribution of (x_t, y_t, x_{t+1}, y_{t+1}), every local MI = log2 of a ratio of table probabilities
   56 samples over 16 cells; local MIs (bits) from the table vs phyid: max |diff| 7.2e-16; six CCS redundancies: 1.8e-15; double redundancy: 1.0e-15; all 16 atoms: 3.3e-15
   sign-agreeing samples: 20/56; mean atoms (bits): rtr +0.0284, sts -0.0706, xtx +0.1401, yty +0.1467; mean D +0.0990
   hand check of the exclusivity: max |sts| at agreeing samples 2.2e-16; max |sts + D| elsewhere 4.4e-16
   sample 0 = (np.int64(0), np.int64(0), np.int64(0), np.int64(0)): p(x_t,x_t+1) = 0.3750, p(x_t) = 0.5179, p(x_t+1) = 0.4821 → i(x_t; x_t+1) = +0.5868 bits (phyid +0.5868)
=== 2026-09-29 15:47:28  notes/partB2_ccs_run.py
git=d5a65bd
   ts_gsr: subject 1/14 done (11s)
   ts_gsr: subject 2/14 done (21s)
   ts_gsr: subject 3/14 done (32s)
   ts_gsr: subject 4/14 done (43s)
   ts_gsr: subject 5/14 done (53s)
   ts_gsr: subject 6/14 done (64s)
   ts_gsr: subject 7/14 done (74s)
   ts_gsr: subject 8/14 done (85s)
   ts_gsr: subject 9/14 done (95s)
   ts_gsr: subject 10/14 done (105s)
   ts_gsr: subject 11/14 done (116s)
   ts_gsr: subject 12/14 done (126s)
   ts_gsr: subject 13/14 done (137s)
   ts_gsr: subject 14/14 done (147s)
CCS sts ts_gsr W60                 primary                DiD +0.0036 [-0.0001, +0.0072] p=0.0844 neg 4/14 | phase p=0.0160 | DMT +0.0012 (p=0.388) PCB -0.0024 (p=0.063) placebo share 0.67 | FD DiD +0.0143 (p=0.245) | FD-resid +0.0032 [+0.0001, +0.0064] p=0.0841 3/14 SURVIVES
CCS sts ts_gsr W60                 sensitivity            DiD +0.0038 [+0.0005, +0.0071] p=0.0516 neg 4/14 | phase p=0.0110 | DMT +0.0015 (p=0.268) PCB -0.0023 (p=0.062) placebo share 0.61 | FD DiD +0.0191 (p=0.108) | FD-resid +0.0034 [+0.0005, +0.0063] p=0.0481 3/14 SURVIVES
CCS sts ts_gsr W60                 early                  DiD +0.0038 [-0.0002, +0.0080] p=0.0967 neg 5/14 | phase p=0.0290 | DMT +0.0016 (p=0.148) PCB -0.0022 (p=0.169) placebo share 0.57 | FD DiD +0.0366 (p=0.010) | FD-resid +0.0031 [-0.0004, +0.0069] p=0.1270 6/14 does NOT survive
CCS sts ts_gsr W60                 late                   DiD +0.0035 [-0.0008, +0.0075] p=0.1367 neg 3/14 | phase p=0.0360 | DMT +0.0008 (p=0.624) PCB -0.0026 (p=0.065) placebo share 0.76 | FD DiD -0.0034 (p=0.807) | FD-resid +0.0033 [-0.0003, +0.0067] p=0.0995 4/14 does NOT survive
CCS sts ts_gsr W60                 trend_a_placebo_line   DiD +0.0033 [+0.0003, +0.0065] p=0.0684 neg 3/14
CCS sts ts_gsr W60                 trend_b_shared_slope   DiD +0.0033 [+0.0008, +0.0060] p=0.0300 neg 4/14
CCS xtx+yty ts_gsr W60             primary                DiD -0.0909 [-0.1441, -0.0400] p=0.0049 neg 12/14 | phase p=0.0020 | DMT -0.0532 (p=0.030) PCB +0.0377 (p=0.037) placebo share 0.41 | FD DiD +0.0143 (p=0.245) | FD-resid -0.0711 [-0.1087, -0.0293] p=0.0068 13/14 SURVIVES
CCS xtx+yty ts_gsr W60             sensitivity            DiD -0.0811 [-0.1337, -0.0293] p=0.0095 neg 12/14 | phase p=0.0020 | DMT -0.0527 (p=0.028) PCB +0.0284 (p=0.093) placebo share 0.35 | FD DiD +0.0191 (p=0.108) | FD-resid -0.0596 [-0.0962, -0.0193] p=0.0148 13/14 SURVIVES
CCS xtx+yty ts_gsr W60             early                  DiD -0.1129 [-0.1651, -0.0629] p=0.0012 neg 12/14 | phase p=0.0010 | DMT -0.0914 (p=0.001) PCB +0.0214 (p=0.226) placebo share 0.19 | FD DiD +0.0366 (p=0.010) | FD-resid -0.0865 [-0.1279, -0.0454] p=0.0023 11/14 SURVIVES
CCS xtx+yty ts_gsr W60             late                   DiD -0.0734 [-0.1326, -0.0137] p=0.0333 neg 10/14 | phase p=0.0040 | DMT -0.0226 (p=0.388) PCB +0.0508 (p=0.010) placebo share 0.69 | FD DiD -0.0034 (p=0.807) | FD-resid -0.0589 [-0.1033, -0.0068] p=0.0388 11/14 SURVIVES
CCS xtx+yty ts_gsr W60             trend_a_placebo_line   DiD -0.1005 [-0.1530, -0.0514] p=0.0022 neg 13/14
CCS xtx+yty ts_gsr W60             trend_b_shared_slope   DiD -0.1108 [-0.1609, -0.0650] p=0.0009 neg 13/14
CCS rtr ts_gsr W60                 primary                DiD -0.0124 [-0.0215, -0.0028] p=0.0326 neg 10/14 | phase p=0.0050 | DMT -0.0116 (p=0.011) PCB +0.0008 (p=0.781) placebo share 0.06 | FD DiD +0.0143 (p=0.245) | FD-resid -0.0114 [-0.0207, -0.0014] p=0.0452 10/14 SURVIVES
CCS rtr ts_gsr W60                 sensitivity            DiD -0.0115 [-0.0205, -0.0019] p=0.0413 neg 10/14 | phase p=0.0060 | DMT -0.0112 (p=0.014) PCB +0.0003 (p=0.921) placebo share 0.03 | FD DiD +0.0191 (p=0.108) | FD-resid -0.0102 [-0.0190, -0.0011] p=0.0576 10/14 SURVIVES
CCS rtr ts_gsr W60                 early                  DiD -0.0207 [-0.0289, -0.0123] p=0.0010 neg 12/14 | phase p=0.0010 | DMT -0.0184 (p=0.000) PCB +0.0023 (p=0.466) placebo share 0.11 | FD DiD +0.0366 (p=0.010) | FD-resid -0.0177 [-0.0258, -0.0095] p=0.0024 11/14 SURVIVES
CCS rtr ts_gsr W60                 late                   DiD -0.0058 [-0.0168, +0.0063] p=0.3501 neg 9/14 | phase p=0.2617 | DMT -0.0062 (p=0.191) PCB -0.0004 (p=0.896) placebo share -0.08 | FD DiD -0.0034 (p=0.807) | FD-resid -0.0063 [-0.0172, +0.0054] p=0.3065 10/14 does NOT survive
CCS rtr ts_gsr W60                 trend_a_placebo_line   DiD -0.0120 [-0.0215, -0.0022] p=0.0386 neg 9/14
CCS rtr ts_gsr W60                 trend_b_shared_slope   DiD -0.0161 [-0.0247, -0.0071] p=0.0054 neg 12/14
CCS sts ts_gsr global-bins         primary                DiD +0.0210 [+0.0154, +0.0270] p=0.0001 neg 0/14 | phase p=0.0010 | DMT +0.0135 (p=0.000) PCB -0.0076 (p=0.001) placebo share 0.36 | FD DiD +0.0143 (p=0.245) | FD-resid +0.0164 [+0.0119, +0.0213] p=0.0001 0/14 SURVIVES
CCS sts ts_gsr global-bins         sensitivity            DiD +0.0205 [+0.0150, +0.0264] p=0.0001 neg 0/14 | phase p=0.0010 | DMT +0.0137 (p=0.000) PCB -0.0068 (p=0.001) placebo share 0.33 | FD DiD +0.0174 (p=0.155) | FD-resid +0.0161 [+0.0116, +0.0209] p=0.0001 0/14 SURVIVES
CCS sts ts_gsr global-bins         early                  DiD +0.0199 [+0.0144, +0.0258] p=0.0001 neg 0/14 | phase p=0.0010 | DMT +0.0176 (p=0.000) PCB -0.0023 (p=0.118) placebo share 0.11 | FD DiD +0.0366 (p=0.010) | FD-resid +0.0169 [+0.0120, +0.0220] p=0.0001 0/14 SURVIVES
CCS sts ts_gsr global-bins         late                   DiD +0.0219 [+0.0152, +0.0287] p=0.0002 neg 1/14 | phase p=0.0010 | DMT +0.0101 (p=0.003) PCB -0.0118 (p=0.000) placebo share 0.54 | FD DiD -0.0034 (p=0.807) | FD-resid +0.0161 [+0.0111, +0.0209] p=0.0001 0/14 SURVIVES
CCS sts ts_gsr global-bins         trend_a_placebo_line   DiD +0.0242 [+0.0180, +0.0303] p=0.0001 neg 0/14
CCS sts ts_gsr global-bins         trend_b_shared_slope   DiD +0.0242 [+0.0182, +0.0302] p=0.0001 neg 0/14
CCS xtx+yty ts_gsr global-bins     primary                DiD -0.0807 [-0.1424, -0.0215] p=0.0201 neg 13/14 | phase p=0.0010 | DMT -0.0521 (p=0.079) PCB +0.0287 (p=0.072) placebo share 0.36 | FD DiD +0.0143 (p=0.245) | FD-resid -0.0645 [-0.1120, -0.0115] p=0.0315 13/14 SURVIVES
CCS xtx+yty ts_gsr global-bins     sensitivity            DiD -0.0782 [-0.1401, -0.0193] p=0.0232 neg 13/14 | phase p=0.0010 | DMT -0.0535 (p=0.070) PCB +0.0247 (p=0.112) placebo share 0.32 | FD DiD +0.0174 (p=0.155) | FD-resid -0.0610 [-0.1068, -0.0087] p=0.0360 11/14 SURVIVES
CCS xtx+yty ts_gsr global-bins     early                  DiD -0.1038 [-0.1602, -0.0523] p=0.0018 neg 13/14 | phase p=0.0010 | DMT -0.0830 (p=0.005) PCB +0.0208 (p=0.208) placebo share 0.20 | FD DiD +0.0366 (p=0.010) | FD-resid -0.0789 [-0.1221, -0.0338] p=0.0065 11/14 SURVIVES
CCS xtx+yty ts_gsr global-bins     late                   DiD -0.0622 [-0.1343, +0.0102] p=0.1208 neg 11/14 | phase p=0.0330 | DMT -0.0273 (p=0.408) PCB +0.0349 (p=0.052) placebo share 0.56 | FD DiD -0.0034 (p=0.807) | FD-resid -0.0530 [-0.1107, +0.0114] p=0.1284 11/14 does NOT survive
CCS xtx+yty ts_gsr global-bins     trend_a_placebo_line   DiD -0.0829 [-0.1430, -0.0232] p=0.0188 neg 12/14
CCS xtx+yty ts_gsr global-bins     trend_b_shared_slope   DiD -0.0963 [-0.1542, -0.0414] p=0.0050 neg 13/14
CCS rtr ts_gsr global-bins         primary                DiD -0.0223 [-0.0318, -0.0128] p=0.0006 neg 13/14 | phase p=0.0010 | DMT -0.0176 (p=0.002) PCB +0.0047 (p=0.051) placebo share 0.21 | FD DiD +0.0143 (p=0.245) | FD-resid -0.0183 [-0.0272, -0.0094] p=0.0023 12/14 SURVIVES
CCS rtr ts_gsr global-bins         sensitivity            DiD -0.0222 [-0.0316, -0.0130] p=0.0006 neg 13/14 | phase p=0.0010 | DMT -0.0182 (p=0.001) PCB +0.0039 (p=0.092) placebo share 0.18 | FD DiD +0.0174 (p=0.155) | FD-resid -0.0182 [-0.0268, -0.0096] p=0.0021 12/14 SURVIVES
CCS rtr ts_gsr global-bins         early                  DiD -0.0270 [-0.0343, -0.0196] p=0.0002 neg 13/14 | phase p=0.0010 | DMT -0.0250 (p=0.000) PCB +0.0019 (p=0.336) placebo share 0.07 | FD DiD +0.0366 (p=0.010) | FD-resid -0.0227 [-0.0303, -0.0154] p=0.0002 13/14 SURVIVES
CCS rtr ts_gsr global-bins         late                   DiD -0.0186 [-0.0300, -0.0071] p=0.0120 neg 11/14 | phase p=0.0020 | DMT -0.0117 (p=0.049) PCB +0.0069 (p=0.030) placebo share 0.37 | FD DiD -0.0034 (p=0.807) | FD-resid -0.0148 [-0.0252, -0.0042] p=0.0223 11/14 SURVIVES
CCS rtr ts_gsr global-bins         trend_a_placebo_line   DiD -0.0246 [-0.0349, -0.0147] p=0.0007 neg 12/14
CCS rtr ts_gsr global-bins         trend_b_shared_slope   DiD -0.0278 [-0.0373, -0.0185] p=0.0004 neg 13/14
   ts_demean: subject 1/14 done (201s)
   ts_demean: subject 2/14 done (212s)
   ts_demean: subject 3/14 done (222s)
   ts_demean: subject 4/14 done (232s)
   ts_demean: subject 5/14 done (242s)
   ts_demean: subject 6/14 done (253s)
   ts_demean: subject 7/14 done (264s)
   ts_demean: subject 8/14 done (274s)
   ts_demean: subject 9/14 done (284s)
   ts_demean: subject 10/14 done (295s)
   ts_demean: subject 11/14 done (305s)
   ts_demean: subject 12/14 done (316s)
   ts_demean: subject 13/14 done (326s)
   ts_demean: subject 14/14 done (336s)
CCS sts ts_demean W60              primary                DiD +0.0134 [+0.0056, +0.0221] p=0.0052 neg 3/14 | phase p=0.0030 | DMT +0.0063 (p=0.090) PCB -0.0070 (p=0.003) placebo share 0.53 | FD DiD +0.0143 (p=0.245) | FD-resid +0.0128 [+0.0056, +0.0207] p=0.0044 3/14 SURVIVES
CCS sts ts_demean W60              sensitivity            DiD +0.0120 [+0.0046, +0.0204] p=0.0065 neg 3/14 | phase p=0.0050 | DMT +0.0054 (p=0.107) PCB -0.0066 (p=0.004) placebo share 0.55 | FD DiD +0.0191 (p=0.108) | FD-resid +0.0115 [+0.0046, +0.0191] p=0.0068 3/14 SURVIVES
CCS sts ts_demean W60              early                  DiD +0.0102 [+0.0031, +0.0174] p=0.0159 neg 2/14 | phase p=0.0539 | DMT +0.0036 (p=0.285) PCB -0.0066 (p=0.002) placebo share 0.65 | FD DiD +0.0366 (p=0.010) | FD-resid +0.0106 [+0.0054, +0.0165] p=0.0013 1/14 SURVIVES
CCS sts ts_demean W60              late                   DiD +0.0159 [+0.0058, +0.0274] p=0.0100 neg 3/14 | phase p=0.0010 | DMT +0.0085 (p=0.075) PCB -0.0074 (p=0.010) placebo share 0.46 | FD DiD -0.0034 (p=0.807) | FD-resid +0.0145 [+0.0049, +0.0252] p=0.0137 4/14 SURVIVES
CCS sts ts_demean W60              trend_a_placebo_line   DiD +0.0115 [+0.0043, +0.0194] p=0.0093 neg 3/14
CCS sts ts_demean W60              trend_b_shared_slope   DiD +0.0090 [+0.0026, +0.0160] p=0.0219 neg 2/14
CCS xtx+yty ts_demean W60          primary                DiD -0.1305 [-0.1876, -0.0728] p=0.0018 neg 13/14 | phase p=0.0010 | DMT -0.0806 (p=0.022) PCB +0.0499 (p=0.011) placebo share 0.38 | FD DiD +0.0143 (p=0.245) | FD-resid -0.1077 [-0.1549, -0.0566] p=0.0022 13/14 SURVIVES
CCS xtx+yty ts_demean W60          sensitivity            DiD -0.1157 [-0.1698, -0.0581] p=0.0024 neg 12/14 | phase p=0.0010 | DMT -0.0764 (p=0.023) PCB +0.0392 (p=0.029) placebo share 0.34 | FD DiD +0.0191 (p=0.108) | FD-resid -0.0918 [-0.1369, -0.0437] p=0.0040 13/14 SURVIVES
CCS xtx+yty ts_demean W60          early                  DiD -0.1392 [-0.1899, -0.0867] p=0.0006 neg 13/14 | phase p=0.0010 | DMT -0.1113 (p=0.003) PCB +0.0279 (p=0.094) placebo share 0.20 | FD DiD +0.0366 (p=0.010) | FD-resid -0.1147 [-0.1646, -0.0666] p=0.0010 13/14 SURVIVES
CCS xtx+yty ts_demean W60          late                   DiD -0.1235 [-0.1933, -0.0523] p=0.0066 neg 11/14 | phase p=0.0010 | DMT -0.0561 (p=0.124) PCB +0.0674 (p=0.004) placebo share 0.55 | FD DiD -0.0034 (p=0.807) | FD-resid -0.1021 [-0.1632, -0.0374] p=0.0104 11/14 SURVIVES
CCS xtx+yty ts_demean W60          trend_a_placebo_line   DiD -0.1400 [-0.2027, -0.0783] p=0.0013 neg 13/14
CCS xtx+yty ts_demean W60          trend_b_shared_slope   DiD -0.1420 [-0.2023, -0.0829] p=0.0012 neg 13/14
CCS rtr ts_demean W60              primary                DiD +0.0050 [-0.0079, +0.0194] p=0.4977 neg 8/14 | phase p=0.4276 | DMT +0.0085 (p=0.316) PCB +0.0035 (p=0.370) placebo share -0.70 | FD DiD +0.0143 (p=0.245) | FD-resid +0.0071 [-0.0073, +0.0242] p=0.4414 8/14 does NOT survive
CCS rtr ts_demean W60              sensitivity            DiD +0.0070 [-0.0053, +0.0225] p=0.3916 neg 8/14 | phase p=0.2917 | DMT +0.0119 (p=0.233) PCB +0.0050 (p=0.266) placebo share -0.71 | FD DiD +0.0191 (p=0.108) | FD-resid +0.0074 [-0.0060, +0.0246] p=0.4407 8/14 does NOT survive
CCS rtr ts_demean W60              early                  DiD -0.0006 [-0.0153, +0.0170] p=0.9523 neg 8/14 | phase p=0.9471 | DMT +0.0038 (p=0.636) PCB +0.0044 (p=0.361) placebo share 7.40 | FD DiD +0.0366 (p=0.010) | FD-resid -0.0038 [-0.0149, +0.0094] p=0.5969 9/14 does NOT survive
CCS rtr ts_demean W60              late                   DiD +0.0095 [-0.0048, +0.0245] p=0.2526 neg 5/14 | phase p=0.1898 | DMT +0.0123 (p=0.201) PCB +0.0028 (p=0.518) placebo share -0.30 | FD DiD -0.0034 (p=0.807) | FD-resid +0.0158 [-0.0028, +0.0364] p=0.1630 6/14 does NOT survive
CCS rtr ts_demean W60              trend_a_placebo_line   DiD +0.0065 [-0.0053, +0.0206] p=0.3965 neg 6/14
CCS rtr ts_demean W60              trend_b_shared_slope   DiD +0.0030 [-0.0082, +0.0160] p=0.6584 neg 10/14
CCS sts ts_demean global-bins      primary                DiD +0.0321 [+0.0216, +0.0431] p=0.0001 neg 0/14 | phase p=0.0010 | DMT +0.0225 (p=0.001) PCB -0.0096 (p=0.000) placebo share 0.30 | FD DiD +0.0143 (p=0.245) | FD-resid +0.0262 [+0.0164, +0.0374] p=0.0001 0/14 SURVIVES
CCS sts ts_demean global-bins      sensitivity            DiD +0.0317 [+0.0215, +0.0428] p=0.0001 neg 0/14 | phase p=0.0010 | DMT +0.0228 (p=0.000) PCB -0.0089 (p=0.000) placebo share 0.28 | FD DiD +0.0174 (p=0.155) | FD-resid +0.0262 [+0.0163, +0.0373] p=0.0001 0/14 SURVIVES
CCS sts ts_demean global-bins      early                  DiD +0.0294 [+0.0208, +0.0386] p=0.0001 neg 0/14 | phase p=0.0010 | DMT +0.0256 (p=0.000) PCB -0.0038 (p=0.060) placebo share 0.13 | FD DiD +0.0366 (p=0.010) | FD-resid +0.0264 [+0.0172, +0.0369] p=0.0001 0/14 SURVIVES
CCS sts ts_demean global-bins      late                   DiD +0.0343 [+0.0213, +0.0477] p=0.0004 neg 1/14 | phase p=0.0010 | DMT +0.0200 (p=0.004) PCB -0.0143 (p=0.000) placebo share 0.42 | FD DiD -0.0034 (p=0.807) | FD-resid +0.0261 [+0.0152, +0.0381] p=0.0001 0/14 SURVIVES
CCS sts ts_demean global-bins      trend_a_placebo_line   DiD +0.0362 [+0.0248, +0.0485] p=0.0001 neg 0/14
CCS sts ts_demean global-bins      trend_b_shared_slope   DiD +0.0350 [+0.0245, +0.0464] p=0.0001 neg 0/14
CCS xtx+yty ts_demean global-bins  primary                DiD -0.1133 [-0.1810, -0.0422] p=0.0106 neg 12/14 | phase p=0.0010 | DMT -0.0721 (p=0.070) PCB +0.0412 (p=0.033) placebo share 0.36 | FD DiD +0.0143 (p=0.245) | FD-resid -0.0981 [-0.1597, -0.0292] p=0.0178 11/14 SURVIVES
CCS xtx+yty ts_demean global-bins  sensitivity            DiD -0.1100 [-0.1779, -0.0389] p=0.0126 neg 11/14 | phase p=0.0010 | DMT -0.0713 (p=0.069) PCB +0.0386 (p=0.042) placebo share 0.35 | FD DiD +0.0174 (p=0.155) | FD-resid -0.0942 [-0.1543, -0.0250] p=0.0193 11/14 SURVIVES
CCS xtx+yty ts_demean global-bins  early                  DiD -0.1257 [-0.1848, -0.0645] p=0.0024 neg 12/14 | phase p=0.0020 | DMT -0.1008 (p=0.013) PCB +0.0249 (p=0.157) placebo share 0.20 | FD DiD +0.0366 (p=0.010) | FD-resid -0.1063 [-0.1641, -0.0487] p=0.0055 12/14 SURVIVES
CCS xtx+yty ts_demean global-bins  late                   DiD -0.1033 [-0.1866, -0.0157] p=0.0405 neg 11/14 | phase p=0.0040 | DMT -0.0491 (p=0.252) PCB +0.0541 (p=0.018) placebo share 0.52 | FD DiD -0.0034 (p=0.807) | FD-resid -0.0914 [-0.1675, -0.0109] p=0.0549 10/14 SURVIVES
CCS xtx+yty ts_demean global-bins  trend_a_placebo_line   DiD -0.1152 [-0.1864, -0.0411] p=0.0122 neg 12/14
CCS xtx+yty ts_demean global-bins  trend_b_shared_slope   DiD -0.1240 [-0.1956, -0.0511] p=0.0066 neg 12/14
CCS rtr ts_demean global-bins      primary                DiD -0.0183 [-0.0313, -0.0072] p=0.0082 neg 11/14 | phase p=0.0060 | DMT -0.0104 (p=0.112) PCB +0.0078 (p=0.035) placebo share 0.43 | FD DiD +0.0143 (p=0.245) | FD-resid -0.0128 [-0.0245, -0.0015] p=0.0533 11/14 SURVIVES
CCS rtr ts_demean global-bins      sensitivity            DiD -0.0172 [-0.0304, -0.0059] p=0.0128 neg 10/14 | phase p=0.0070 | DMT -0.0106 (p=0.106) PCB +0.0066 (p=0.061) placebo share 0.39 | FD DiD +0.0174 (p=0.155) | FD-resid -0.0127 [-0.0241, -0.0013] p=0.0544 11/14 SURVIVES
CCS rtr ts_demean global-bins      early                  DiD -0.0223 [-0.0338, -0.0106] p=0.0046 neg 10/14 | phase p=0.0030 | DMT -0.0187 (p=0.004) PCB +0.0036 (p=0.276) placebo share 0.16 | FD DiD +0.0366 (p=0.010) | FD-resid -0.0221 [-0.0310, -0.0135] p=0.0005 12/14 SURVIVES
CCS rtr ts_demean global-bins      late                   DiD -0.0151 [-0.0310, -0.0013] p=0.0732 neg 10/14 | phase p=0.0340 | DMT -0.0039 (p=0.604) PCB +0.0112 (p=0.018) placebo share 0.74 | FD DiD -0.0034 (p=0.807) | FD-resid -0.0055 [-0.0211, +0.0104] p=0.5178 9/14 does NOT survive
CCS rtr ts_demean global-bins      trend_a_placebo_line   DiD -0.0209 [-0.0340, -0.0097] p=0.0022 neg 11/14
CCS rtr ts_demean global-bins      trend_b_shared_slope   DiD -0.0244 [-0.0369, -0.0133] p=0.0006 neg 12/14
# CCS tables (partB2_ccs_run.py)
git=d5a65bd

## ts_gsr W60: 16 atoms, DMT pre-injection level and primary DiD, CCS vs MMI (nats)

| atom | CCS level | MMI level | CCS DiD (mean, neg/14) | MMI DiD |
|---|---|---|---|---|
| rtr | +0.0916 | +0.0388 | -0.0124 (10) | -0.0078 |
| rtx | +0.0008 | +0.0258 | +0.0007 (5) | -0.0012 |
| rty | +0.0001 | +0.0254 | +0.0011 (4) | -0.0012 |
| rts | -0.0038 | +0.5669 | -0.0008 (10) | -0.0407 |
| xtr | +0.0005 | +0.0254 | +0.0008 (4) | -0.0012 |
| xtx | +0.6245 | +0.6273 | -0.0515 (12) | -0.0523 |
| xty | -0.0279 | -0.0254 | +0.0016 (6) | +0.0012 |
| xts | +0.0633 | -0.5352 | -0.0026 (9) | +0.0399 |
| ytr | +0.0004 | +0.0258 | +0.0010 (4) | -0.0012 |
| ytx | -0.0281 | -0.0258 | +0.0018 (7) | +0.0012 |
| yty | +0.6105 | +0.6125 | -0.0394 (12) | -0.0396 |
| yts | +0.0622 | -0.5358 | -0.0020 (10) | +0.0404 |
| str | -0.0039 | +0.5667 | -0.0008 (10) | -0.0408 |
| stx | +0.0634 | -0.5350 | -0.0027 (9) | +0.0401 |
| sty | +0.0623 | -0.5357 | -0.0021 (9) | +0.0403 |
| sts | -0.0387 | +1.1554 | +0.0036 (4) | -0.0809 |
| TDMI (sum) | +1.4772 | +1.4772 | -0.1037 | -0.1037 |

Per-subject CCS sts DiD vs the autocorrelation contrast (W60, window-standardised r1): Pearson r = -0.439 (p = 0.117), Spearman -0.336; vs the MMI sts DiD of the same estimator: r = -0.299; CCS (xtx+yty) DiD vs autocorrelation contrast: r = +0.955
CCS sts level / CCS (xtx + yty) level (DMT pre): -0.0387 / +1.2350; MMI: +1.1554 / +1.2398
share of samples with all five signs agreeing (mean over runs): 0.294
Group-mean window series, CCS sts vs mean r1 (28 condition-windows): r = -0.433; MMI sts vs r1: +0.977; CCS sts vs MMI sts: -0.395
Per-pair, subject 1 DMT window 6: CCS sts vs pair r1 r = -0.011, vs |q| +0.014, vs MMI sts +0.216; MMI sts vs r1 +0.742; CCS sts pair mean -0.0354 (SD 0.0698), CCS xtx+yty +1.1113, MMI sts +1.0314; agree share 0.269
Per-pair, subject 1 PCB window 2: CCS sts vs pair r1 r = +0.003, vs |q| +0.110, vs MMI sts +0.223; MMI sts vs r1 +0.697; CCS sts pair mean -0.0367 (SD 0.0744), CCS xtx+yty +1.1407, MMI sts +1.0669; agree share 0.278

## ts_gsr global-bins: 16 atoms, DMT pre-injection level and primary DiD, CCS vs MMI (nats)

| atom | CCS level | MMI level | CCS DiD (mean, neg/14) | MMI DiD |
|---|---|---|---|---|
| rtr | +0.0665 | +0.0248 | -0.0223 (13) | -0.0060 |
| rtx | +0.0001 | +0.0076 | +0.0013 (4) | -0.0031 |
| rty | -0.0001 | +0.0074 | +0.0008 (3) | -0.0028 |
| rts | -0.0065 | +0.6435 | +0.0027 (5) | -0.0396 |
| xtr | +0.0000 | +0.0074 | +0.0014 (2) | -0.0028 |
| xtx | +0.6629 | +0.6897 | -0.0468 (12) | -0.0544 |
| xty | -0.0342 | -0.0074 | +0.0112 (1) | +0.0028 |
| xts | +0.0456 | -0.6386 | -0.0176 (14) | +0.0367 |
| ytr | +0.0003 | +0.0076 | +0.0004 (6) | -0.0031 |
| ytx | -0.0346 | -0.0076 | +0.0115 (1) | +0.0031 |
| yty | +0.6450 | +0.6719 | -0.0339 (12) | -0.0431 |
| yts | +0.0456 | -0.6388 | -0.0182 (14) | +0.0368 |
| str | -0.0068 | +0.6435 | +0.0029 (5) | -0.0397 |
| stx | +0.0459 | -0.6387 | -0.0177 (14) | +0.0368 |
| sty | +0.0457 | -0.6388 | -0.0184 (14) | +0.0368 |
| sts | -0.0335 | +1.3085 | +0.0210 (0) | -0.0801 |
| TDMI (sum) | +1.4421 | +1.4421 | -0.1216 | -0.1216 |

Per-subject CCS sts DiD vs the autocorrelation contrast (W60, window-standardised r1): Pearson r = -0.253 (p = 0.383), Spearman -0.486; vs the MMI sts DiD of the same estimator: r = -0.250; CCS (xtx+yty) DiD vs autocorrelation contrast: r = +0.961
CCS sts level / CCS (xtx + yty) level (DMT pre): -0.0335 / +1.3078; MMI: +1.3085 / +1.3616
share of samples with all five signs agreeing (mean over runs): 0.304

## ts_demean W60: 16 atoms, DMT pre-injection level and primary DiD, CCS vs MMI (nats)

| atom | CCS level | MMI level | CCS DiD (mean, neg/14) | MMI DiD |
|---|---|---|---|---|
| rtr | +0.1047 | +0.0444 | +0.0050 (8) | +0.0005 |
| rtx | -0.0042 | +0.0293 | -0.0024 (9) | +0.0040 |
| rty | -0.0053 | +0.0288 | -0.0043 (8) | +0.0003 |
| rts | -0.0064 | +0.5265 | -0.0040 (11) | -0.0643 |
| xtr | -0.0046 | +0.0287 | -0.0050 (10) | +0.0003 |
| xtx | +0.5935 | +0.5871 | -0.0751 (13) | -0.0823 |
| xty | -0.0215 | -0.0286 | +0.0051 (4) | -0.0002 |
| xts | +0.0665 | -0.4933 | +0.0010 (7) | +0.0621 |
| ytr | -0.0049 | +0.0292 | -0.0015 (7) | +0.0040 |
| ytx | -0.0219 | -0.0291 | +0.0035 (4) | -0.0039 |
| yty | +0.5738 | +0.5658 | -0.0554 (12) | -0.0610 |
| yts | +0.0648 | -0.4942 | +0.0022 (6) | +0.0635 |
| str | -0.0064 | +0.5264 | -0.0040 (12) | -0.0646 |
| stx | +0.0668 | -0.4929 | +0.0002 (7) | +0.0627 |
| sty | +0.0647 | -0.4943 | +0.0028 (7) | +0.0636 |
| sts | -0.0255 | +1.1004 | +0.0134 (3) | -0.1031 |
| TDMI (sum) | +1.4341 | +1.4341 | -0.1186 | -0.1186 |

Per-subject CCS sts DiD vs the autocorrelation contrast (W60, window-standardised r1): Pearson r = -0.390 (p = 0.168), Spearman -0.398; vs the MMI sts DiD of the same estimator: r = -0.350; CCS (xtx+yty) DiD vs autocorrelation contrast: r = +0.932
CCS sts level / CCS (xtx + yty) level (DMT pre): -0.0255 / +1.1673; MMI: +1.1004 / +1.1529
share of samples with all five signs agreeing (mean over runs): 0.303
Group-mean window series, CCS sts vs mean r1 (28 condition-windows): r = -0.623; MMI sts vs r1: +0.938; CCS sts vs MMI sts: -0.546
Per-pair, subject 1 DMT window 6: CCS sts vs pair r1 r = -0.154, vs |q| +0.019, vs MMI sts +0.109; MMI sts vs r1 +0.518; CCS sts pair mean -0.0452 (SD 0.0700), CCS xtx+yty +1.1647, MMI sts +1.0562; agree share 0.331
Per-pair, subject 1 PCB window 2: CCS sts vs pair r1 r = -0.012, vs |q| +0.276, vs MMI sts +0.259; MMI sts vs r1 +0.628; CCS sts pair mean -0.0128 (SD 0.0885), CCS xtx+yty +1.0240, MMI sts +1.0116; agree share 0.279

## ts_demean global-bins: 16 atoms, DMT pre-injection level and primary DiD, CCS vs MMI (nats)

| atom | CCS level | MMI level | CCS DiD (mean, neg/14) | MMI DiD |
|---|---|---|---|---|
| rtr | +0.0938 | +0.0301 | -0.0183 (11) | +0.0078 |
| rtx | -0.0088 | +0.0074 | +0.0031 (2) | +0.0017 |
| rty | -0.0095 | +0.0085 | +0.0010 (5) | -0.0022 |
| rts | -0.0052 | +0.5979 | -0.0100 (9) | -0.0644 |
| xtr | -0.0094 | +0.0085 | +0.0016 (5) | -0.0022 |
| xtx | +0.6226 | +0.6522 | -0.0692 (12) | -0.0901 |
| xty | -0.0363 | -0.0085 | +0.0213 (0) | +0.0022 |
| xts | +0.0555 | -0.5933 | -0.0144 (12) | +0.0624 |
| ytr | -0.0088 | +0.0074 | +0.0024 (4) | +0.0017 |
| ytx | -0.0387 | -0.0074 | +0.0223 (0) | -0.0017 |
| yty | +0.5941 | +0.6236 | -0.0441 (11) | -0.0664 |
| yts | +0.0571 | -0.5934 | -0.0174 (13) | +0.0625 |
| str | -0.0053 | +0.5979 | -0.0098 (9) | -0.0648 |
| stx | +0.0574 | -0.5934 | -0.0172 (13) | +0.0626 |
| sty | +0.0553 | -0.5937 | -0.0152 (12) | +0.0628 |
| sts | -0.0297 | +1.2403 | +0.0321 (0) | -0.1035 |
| TDMI (sum) | +1.3841 | +1.3841 | -0.1315 | -0.1315 |

Per-subject CCS sts DiD vs the autocorrelation contrast (W60, window-standardised r1): Pearson r = -0.207 (p = 0.477), Spearman -0.301; vs the MMI sts DiD of the same estimator: r = -0.263; CCS (xtx+yty) DiD vs autocorrelation contrast: r = +0.911
CCS sts level / CCS (xtx + yty) level (DMT pre): -0.0297 / +1.2167; MMI: +1.2403 / +1.2758
share of samples with all five signs agreeing (mean over runs): 0.310

done (380s)
=== 2026-09-29 15:53:49  notes/partB3_lag.py
git=d5a65bd
   τ = 1: subject 1/14 done (10s)
   τ = 1: subject 2/14 done (18s)
   τ = 1: subject 3/14 done (26s)
   τ = 1: subject 4/14 done (34s)
   τ = 1: subject 5/14 done (42s)
   τ = 1: subject 6/14 done (50s)
   τ = 1: subject 7/14 done (58s)
   τ = 1: subject 8/14 done (67s)
   τ = 1: subject 9/14 done (75s)
   τ = 1: subject 10/14 done (83s)
   τ = 1: subject 11/14 done (91s)
   τ = 1: subject 12/14 done (99s)
   τ = 1: subject 13/14 done (107s)
   τ = 1: subject 14/14 done (115s)
autocorr lag1 ts_gsr W60           primary                DiD -0.0146 [-0.0251, -0.0052] p=0.0106 neg 12/14 | phase p=0.0729 | DMT -0.0097 (p=0.043) PCB +0.0050 (p=0.142) placebo share 0.34 | FD DiD +0.0143 (p=0.245) | FD-resid -0.0123 [-0.0199, -0.0041] p=0.0135 12/14 SURVIVES
autocorr lag1 ts_gsr W60           sensitivity            DiD -0.0131 [-0.0231, -0.0032] p=0.0211 neg 10/14 | phase p=0.1229 | DMT -0.0099 (p=0.035) PCB +0.0032 (p=0.313) placebo share 0.24 | FD DiD +0.0191 (p=0.108) | FD-resid -0.0102 [-0.0178, -0.0018] p=0.0369 11/14 SURVIVES
autocorr lag1 ts_gsr W60           early                  DiD -0.0213 [-0.0304, -0.0125] p=0.0006 neg 13/14 | phase p=0.0250 | DMT -0.0180 (p=0.001) PCB +0.0033 (p=0.346) placebo share 0.16 | FD DiD +0.0366 (p=0.010) | FD-resid -0.0170 [-0.0241, -0.0096] p=0.0012 12/14 SURVIVES
autocorr lag1 ts_gsr W60           late                   DiD -0.0093 [-0.0214, +0.0022] p=0.1615 neg 9/14 | phase p=0.3387 | DMT -0.0030 (p=0.555) PCB +0.0063 (p=0.075) placebo share 0.67 | FD DiD -0.0034 (p=0.807) | FD-resid -0.0085 [-0.0178, +0.0018] p=0.1240 10/14 does NOT survive
autocorr lag1 ts_gsr W60           trend_a_placebo_line   DiD -0.0162 [-0.0262, -0.0069] p=0.0049 neg 12/14
autocorr lag1 ts_gsr W60           trend_b_shared_slope   DiD -0.0190 [-0.0282, -0.0103] p=0.0016 neg 13/14
sts tau1 ts_gsr W60                primary                DiD -0.0809 [-0.1261, -0.0377] p=0.0038 neg 13/14 | phase p=0.0020 | DMT -0.0485 (p=0.027) PCB +0.0324 (p=0.042) placebo share 0.40 | FD DiD +0.0143 (p=0.245) | FD-resid -0.0649 [-0.0966, -0.0289] p=0.0048 13/14 SURVIVES
sts tau1 ts_gsr W60                sensitivity            DiD -0.0733 [-0.1180, -0.0291] p=0.0070 neg 12/14 | phase p=0.0020 | DMT -0.0491 (p=0.023) PCB +0.0242 (p=0.104) placebo share 0.33 | FD DiD +0.0191 (p=0.108) | FD-resid -0.0555 [-0.0864, -0.0210] p=0.0100 13/14 SURVIVES
sts tau1 ts_gsr W60                early                  DiD -0.1029 [-0.1464, -0.0601] p=0.0009 neg 13/14 | phase p=0.0010 | DMT -0.0842 (p=0.001) PCB +0.0187 (p=0.221) placebo share 0.18 | FD DiD +0.0366 (p=0.010) | FD-resid -0.0806 [-0.1151, -0.0455] p=0.0018 12/14 SURVIVES
sts tau1 ts_gsr W60                late                   DiD -0.0633 [-0.1147, -0.0118] p=0.0337 neg 10/14 | phase p=0.0060 | DMT -0.0199 (p=0.388) PCB +0.0434 (p=0.014) placebo share 0.69 | FD DiD -0.0034 (p=0.807) | FD-resid -0.0523 [-0.0909, -0.0078] p=0.0345 11/14 SURVIVES
sts tau1 ts_gsr W60                trend_a_placebo_line   DiD -0.0890 [-0.1347, -0.0461] p=0.0021 neg 13/14
sts tau1 ts_gsr W60                trend_b_shared_slope   DiD -0.0995 [-0.1424, -0.0599] p=0.0007 neg 13/14
sts tau1 ts_gsr global-bins        primary                DiD -0.0801 [-0.1310, -0.0315] p=0.0071 neg 12/14 | phase p=0.0010 | DMT -0.0521 (p=0.045) PCB +0.0280 (p=0.047) placebo share 0.35 | FD DiD +0.0143 (p=0.245) | FD-resid -0.0637 [-0.1023, -0.0182] p=0.0161 12/14 SURVIVES
sts tau1 ts_gsr global-bins        sensitivity            DiD -0.0773 [-0.1280, -0.0278] p=0.0085 neg 12/14 | phase p=0.0010 | DMT -0.0538 (p=0.037) PCB +0.0235 (p=0.083) placebo share 0.30 | FD DiD +0.0174 (p=0.155) | FD-resid -0.0605 [-0.0967, -0.0150] p=0.0183 12/14 SURVIVES
sts tau1 ts_gsr global-bins        early                  DiD -0.1063 [-0.1545, -0.0612] p=0.0009 neg 13/14 | phase p=0.0010 | DMT -0.0873 (p=0.002) PCB +0.0190 (p=0.157) placebo share 0.18 | FD DiD +0.0366 (p=0.010) | FD-resid -0.0847 [-0.1209, -0.0450] p=0.0024 11/14 SURVIVES
sts tau1 ts_gsr global-bins        late                   DiD -0.0591 [-0.1194, +0.0019] p=0.0773 neg 10/14 | phase p=0.0320 | DMT -0.0240 (p=0.399) PCB +0.0351 (p=0.032) placebo share 0.59 | FD DiD -0.0034 (p=0.807) | FD-resid -0.0469 [-0.0952, +0.0090] p=0.1147 11/14 does NOT survive
sts tau1 ts_gsr global-bins        trend_a_placebo_line   DiD -0.0830 [-0.1354, -0.0322] p=0.0070 neg 13/14
sts tau1 ts_gsr global-bins        trend_b_shared_slope   DiD -0.0981 [-0.1481, -0.0508] p=0.0020 neg 13/14
   τ = 2: subject 1/14 done (143s)
   τ = 2: subject 2/14 done (150s)
   τ = 2: subject 3/14 done (158s)
   τ = 2: subject 4/14 done (166s)
   τ = 2: subject 5/14 done (174s)
   τ = 2: subject 6/14 done (181s)
   τ = 2: subject 7/14 done (189s)
   τ = 2: subject 8/14 done (197s)
   τ = 2: subject 9/14 done (205s)
   τ = 2: subject 10/14 done (213s)
   τ = 2: subject 11/14 done (221s)
   τ = 2: subject 12/14 done (229s)
   τ = 2: subject 13/14 done (237s)
   τ = 2: subject 14/14 done (245s)
autocorr lag2 ts_gsr W60           primary                DiD -0.0468 [-0.0754, -0.0174] p=0.0090 neg 12/14 | phase p=0.0040 | DMT -0.0310 (p=0.040) PCB +0.0157 (p=0.100) placebo share 0.34 | FD DiD +0.0143 (p=0.245) | FD-resid -0.0383 [-0.0606, -0.0122] p=0.0126 13/14 SURVIVES
autocorr lag2 ts_gsr W60           sensitivity            DiD -0.0415 [-0.0712, -0.0123] p=0.0176 neg 11/14 | phase p=0.0080 | DMT -0.0310 (p=0.036) PCB +0.0105 (p=0.249) placebo share 0.25 | FD DiD +0.0191 (p=0.108) | FD-resid -0.0317 [-0.0540, -0.0056] p=0.0326 13/14 SURVIVES
autocorr lag2 ts_gsr W60           early                  DiD -0.0668 [-0.0944, -0.0412] p=0.0006 neg 13/14 | phase p=0.0010 | DMT -0.0565 (p=0.001) PCB +0.0103 (p=0.305) placebo share 0.15 | FD DiD +0.0366 (p=0.010) | FD-resid -0.0526 [-0.0737, -0.0300] p=0.0011 13/14 SURVIVES
autocorr lag2 ts_gsr W60           late                   DiD -0.0307 [-0.0656, +0.0038] p=0.1198 neg 11/14 | phase p=0.0919 | DMT -0.0106 (p=0.514) PCB +0.0201 (p=0.055) placebo share 0.65 | FD DiD -0.0034 (p=0.807) | FD-resid -0.0268 [-0.0553, +0.0061] p=0.1229 11/14 does NOT survive
autocorr lag2 ts_gsr W60           trend_a_placebo_line   DiD -0.0520 [-0.0800, -0.0231] p=0.0042 neg 12/14
autocorr lag2 ts_gsr W60           trend_b_shared_slope   DiD -0.0608 [-0.0879, -0.0341] p=0.0013 neg 13/14
sts tau2 ts_gsr W60                primary                DiD -0.0429 [-0.0654, -0.0204] p=0.0037 neg 12/14 | phase p=0.0010 | DMT -0.0270 (p=0.016) PCB +0.0159 (p=0.056) placebo share 0.37 | FD DiD +0.0143 (p=0.245) | FD-resid -0.0342 [-0.0500, -0.0164] p=0.0035 13/14 SURVIVES
sts tau2 ts_gsr W60                sensitivity            DiD -0.0388 [-0.0618, -0.0166] p=0.0060 neg 11/14 | phase p=0.0010 | DMT -0.0269 (p=0.014) PCB +0.0119 (p=0.125) placebo share 0.31 | FD DiD +0.0191 (p=0.108) | FD-resid -0.0292 [-0.0449, -0.0117] p=0.0071 12/14 SURVIVES
sts tau2 ts_gsr W60                early                  DiD -0.0543 [-0.0762, -0.0338] p=0.0004 neg 13/14 | phase p=0.0010 | DMT -0.0455 (p=0.000) PCB +0.0087 (p=0.266) placebo share 0.16 | FD DiD +0.0366 (p=0.010) | FD-resid -0.0427 [-0.0587, -0.0262] p=0.0006 13/14 SURVIVES
sts tau2 ts_gsr W60                late                   DiD -0.0338 [-0.0608, -0.0074] p=0.0338 neg 11/14 | phase p=0.0080 | DMT -0.0121 (p=0.305) PCB +0.0217 (p=0.022) placebo share 0.64 | FD DiD -0.0034 (p=0.807) | FD-resid -0.0274 [-0.0472, -0.0047] p=0.0330 11/14 SURVIVES
sts tau2 ts_gsr W60                trend_a_placebo_line   DiD -0.0477 [-0.0708, -0.0252] p=0.0015 neg 13/14
sts tau2 ts_gsr W60                trend_b_shared_slope   DiD -0.0536 [-0.0754, -0.0336] p=0.0005 neg 13/14
sts tau2 ts_gsr global-bins        primary                DiD -0.0485 [-0.0811, -0.0173] p=0.0098 neg 12/14 | phase p=0.0010 | DMT -0.0325 (p=0.047) PCB +0.0160 (p=0.073) placebo share 0.33 | FD DiD +0.0143 (p=0.245) | FD-resid -0.0382 [-0.0627, -0.0087] p=0.0206 12/14 SURVIVES
sts tau2 ts_gsr global-bins        sensitivity            DiD -0.0465 [-0.0792, -0.0158] p=0.0120 neg 12/14 | phase p=0.0010 | DMT -0.0334 (p=0.040) PCB +0.0131 (p=0.138) placebo share 0.28 | FD DiD +0.0174 (p=0.155) | FD-resid -0.0359 [-0.0594, -0.0071] p=0.0247 12/14 SURVIVES
sts tau2 ts_gsr global-bins        early                  DiD -0.0666 [-0.0971, -0.0375] p=0.0011 neg 12/14 | phase p=0.0010 | DMT -0.0552 (p=0.002) PCB +0.0114 (p=0.189) placebo share 0.17 | FD DiD +0.0366 (p=0.010) | FD-resid -0.0526 [-0.0756, -0.0276] p=0.0027 11/14 SURVIVES
sts tau2 ts_gsr global-bins        late                   DiD -0.0341 [-0.0727, +0.0044] p=0.1105 neg 9/14 | phase p=0.0430 | DMT -0.0143 (p=0.417) PCB +0.0198 (p=0.064) placebo share 0.58 | FD DiD -0.0034 (p=0.807) | FD-resid -0.0267 [-0.0572, +0.0081] p=0.1525 11/14 does NOT survive
sts tau2 ts_gsr global-bins        trend_a_placebo_line   DiD -0.0505 [-0.0846, -0.0185] p=0.0103 neg 13/14
sts tau2 ts_gsr global-bins        trend_b_shared_slope   DiD -0.0608 [-0.0931, -0.0304] p=0.0020 neg 13/14
   τ = 3: subject 1/14 done (272s)
   τ = 3: subject 2/14 done (279s)
   τ = 3: subject 3/14 done (287s)
   τ = 3: subject 4/14 done (294s)
   τ = 3: subject 5/14 done (302s)
   τ = 3: subject 6/14 done (310s)
   τ = 3: subject 7/14 done (318s)
   τ = 3: subject 8/14 done (325s)
   τ = 3: subject 9/14 done (333s)
   τ = 3: subject 10/14 done (341s)
   τ = 3: subject 11/14 done (348s)
   τ = 3: subject 12/14 done (356s)
   τ = 3: subject 13/14 done (363s)
   τ = 3: subject 14/14 done (371s)
autocorr lag3 ts_gsr W60           primary                DiD -0.0681 [-0.1120, -0.0213] p=0.0132 neg 11/14 | phase p=0.0020 | DMT -0.0462 (p=0.049) PCB +0.0219 (p=0.132) placebo share 0.32 | FD DiD +0.0143 (p=0.245) | FD-resid -0.0550 [-0.0889, -0.0145] p=0.0173 13/14 SURVIVES
autocorr lag3 ts_gsr W60           sensitivity            DiD -0.0595 [-0.1026, -0.0139] p=0.0258 neg 10/14 | phase p=0.0070 | DMT -0.0452 (p=0.050) PCB +0.0143 (p=0.294) placebo share 0.24 | FD DiD +0.0191 (p=0.108) | FD-resid -0.0446 [-0.0787, -0.0057] p=0.0435 12/14 SURVIVES
autocorr lag3 ts_gsr W60           early                  DiD -0.0985 [-0.1386, -0.0594] p=0.0005 neg 13/14 | phase p=0.0010 | DMT -0.0852 (p=0.001) PCB +0.0134 (p=0.386) placebo share 0.14 | FD DiD +0.0366 (p=0.010) | FD-resid -0.0767 [-0.1089, -0.0442] p=0.0010 13/14 SURVIVES
autocorr lag3 ts_gsr W60           late                   DiD -0.0437 [-0.0959, +0.0119] p=0.1506 neg 10/14 | phase p=0.0769 | DMT -0.0150 (p=0.563) PCB +0.0287 (p=0.074) placebo share 0.66 | FD DiD -0.0034 (p=0.807) | FD-resid -0.0376 [-0.0825, +0.0132] p=0.1636 11/14 does NOT survive
autocorr lag3 ts_gsr W60           trend_a_placebo_line   DiD -0.0771 [-0.1207, -0.0316] p=0.0070 neg 12/14
autocorr lag3 ts_gsr W60           trend_b_shared_slope   DiD -0.0914 [-0.1318, -0.0479] p=0.0017 neg 13/14
sts tau3 ts_gsr W60                primary                DiD -0.0043 [-0.0063, -0.0022] p=0.0018 neg 12/14 | phase p=0.0010 | DMT -0.0027 (p=0.001) PCB +0.0015 (p=0.110) placebo share 0.36 | FD DiD +0.0143 (p=0.245) | FD-resid -0.0033 [-0.0049, -0.0017] p=0.0017 12/14 SURVIVES
sts tau3 ts_gsr W60                sensitivity            DiD -0.0039 [-0.0059, -0.0020] p=0.0023 neg 12/14 | phase p=0.0010 | DMT -0.0026 (p=0.001) PCB +0.0013 (p=0.134) placebo share 0.34 | FD DiD +0.0191 (p=0.108) | FD-resid -0.0029 [-0.0044, -0.0014] p=0.0026 12/14 SURVIVES
sts tau3 ts_gsr W60                early                  DiD -0.0046 [-0.0069, -0.0025] p=0.0005 neg 12/14 | phase p=0.0010 | DMT -0.0037 (p=0.000) PCB +0.0009 (p=0.385) placebo share 0.19 | FD DiD +0.0366 (p=0.010) | FD-resid -0.0035 [-0.0055, -0.0016] p=0.0026 12/14 SURVIVES
sts tau3 ts_gsr W60                late                   DiD -0.0040 [-0.0063, -0.0017] p=0.0078 neg 12/14 | phase p=0.0010 | DMT -0.0019 (p=0.030) PCB +0.0021 (p=0.063) placebo share 0.52 | FD DiD -0.0034 (p=0.807) | FD-resid -0.0031 [-0.0049, -0.0014] p=0.0050 12/14 SURVIVES
sts tau3 ts_gsr W60                trend_a_placebo_line   DiD -0.0045 [-0.0063, -0.0028] p=0.0004 neg 13/14
sts tau3 ts_gsr W60                trend_b_shared_slope   DiD -0.0048 [-0.0064, -0.0032] p=0.0001 neg 14/14
sts tau3 ts_gsr global-bins        primary                DiD -0.0116 [-0.0185, -0.0058] p=0.0012 neg 12/14 | phase p=0.0010 | DMT -0.0081 (p=0.005) PCB +0.0035 (p=0.119) placebo share 0.30 | FD DiD +0.0143 (p=0.245) | FD-resid -0.0091 [-0.0132, -0.0048] p=0.0022 11/14 SURVIVES
sts tau3 ts_gsr global-bins        sensitivity            DiD -0.0110 [-0.0179, -0.0054] p=0.0017 neg 12/14 | phase p=0.0010 | DMT -0.0082 (p=0.004) PCB +0.0028 (p=0.201) placebo share 0.25 | FD DiD +0.0174 (p=0.155) | FD-resid -0.0084 [-0.0123, -0.0042] p=0.0028 11/14 SURVIVES
sts tau3 ts_gsr global-bins        early                  DiD -0.0143 [-0.0209, -0.0084] p=0.0006 neg 13/14 | phase p=0.0010 | DMT -0.0116 (p=0.000) PCB +0.0027 (p=0.241) placebo share 0.19 | FD DiD +0.0366 (p=0.010) | FD-resid -0.0111 [-0.0156, -0.0064] p=0.0015 11/14 SURVIVES
sts tau3 ts_gsr global-bins        late                   DiD -0.0094 [-0.0169, -0.0029] p=0.0150 neg 10/14 | phase p=0.0050 | DMT -0.0053 (p=0.064) PCB +0.0041 (p=0.117) placebo share 0.43 | FD DiD -0.0034 (p=0.807) | FD-resid -0.0074 [-0.0121, -0.0027] p=0.0116 11/14 SURVIVES
sts tau3 ts_gsr global-bins        trend_a_placebo_line   DiD -0.0124 [-0.0195, -0.0064] p=0.0006 neg 13/14
sts tau3 ts_gsr global-bins        trend_b_shared_slope   DiD -0.0138 [-0.0207, -0.0079] p=0.0004 neg 13/14
   τ = 5: subject 1/14 done (397s)
   τ = 5: subject 2/14 done (404s)
   τ = 5: subject 3/14 done (412s)
   τ = 5: subject 4/14 done (420s)
   τ = 5: subject 5/14 done (428s)
   τ = 5: subject 6/14 done (436s)
   τ = 5: subject 7/14 done (444s)
   τ = 5: subject 8/14 done (452s)
   τ = 5: subject 9/14 done (461s)
   τ = 5: subject 10/14 done (470s)
   τ = 5: subject 11/14 done (478s)
   τ = 5: subject 12/14 done (486s)
   τ = 5: subject 13/14 done (494s)
   τ = 5: subject 14/14 done (502s)
autocorr lag5 ts_gsr W60           primary                DiD -0.0108 [-0.0453, +0.0263] p=0.5670 neg 9/14 | phase p=0.5834 | DMT -0.0142 (p=0.401) PCB -0.0034 (p=0.771) placebo share -0.31 | FD DiD +0.0143 (p=0.245) | FD-resid -0.0068 [-0.0346, +0.0228] p=0.6635 9/14 does NOT survive
autocorr lag5 ts_gsr W60           sensitivity            DiD -0.0048 [-0.0388, +0.0314] p=0.7964 neg 9/14 | phase p=0.8022 | DMT -0.0107 (p=0.513) PCB -0.0059 (p=0.615) placebo share -1.22 | FD DiD +0.0191 (p=0.108) | FD-resid +0.0001 [-0.0276, +0.0300] p=0.9944 9/14 does NOT survive
autocorr lag5 ts_gsr W60           early                  DiD -0.0299 [-0.0622, +0.0009] p=0.0972 neg 9/14 | phase p=0.1868 | DMT -0.0385 (p=0.016) PCB -0.0085 (p=0.563) placebo share -0.29 | FD DiD +0.0366 (p=0.010) | FD-resid -0.0201 [-0.0512, +0.0079] p=0.2458 9/14 does NOT survive
autocorr lag5 ts_gsr W60           late                   DiD +0.0044 [-0.0415, +0.0532] p=0.8593 neg 6/14 | phase p=0.8452 | DMT +0.0051 (p=0.818) PCB +0.0007 (p=0.963) placebo share -0.16 | FD DiD -0.0034 (p=0.807) | FD-resid +0.0039 [-0.0348, +0.0462] p=0.8558 7/14 does NOT survive
autocorr lag5 ts_gsr W60           trend_a_placebo_line   DiD -0.0215 [-0.0579, +0.0163] p=0.2922 neg 9/14
autocorr lag5 ts_gsr W60           trend_b_shared_slope   DiD -0.0352 [-0.0679, -0.0008] p=0.0729 neg 11/14
sts tau5 ts_gsr W60                primary                DiD -0.0024 [-0.0073, +0.0022] p=0.3688 neg 6/14 | phase p=0.2607 | DMT -0.0008 (p=0.669) PCB +0.0016 (p=0.331) placebo share 0.67 | FD DiD +0.0143 (p=0.245) | FD-resid -0.0020 [-0.0058, +0.0017] p=0.3260 8/14 does NOT survive
sts tau5 ts_gsr W60                sensitivity            DiD -0.0029 [-0.0078, +0.0017] p=0.2689 neg 6/14 | phase p=0.1708 | DMT -0.0010 (p=0.566) PCB +0.0019 (p=0.231) placebo share 0.65 | FD DiD +0.0191 (p=0.108) | FD-resid -0.0029 [-0.0068, +0.0009] p=0.1873 8/14 does NOT survive
sts tau5 ts_gsr W60                early                  DiD +0.0004 [-0.0046, +0.0058] p=0.8794 neg 9/14 | phase p=0.8432 | DMT +0.0020 (p=0.255) PCB +0.0016 (p=0.384) placebo share -3.67 | FD DiD +0.0366 (p=0.010) | FD-resid -0.0000 [-0.0043, +0.0046] p=0.9875 6/14 does NOT survive
sts tau5 ts_gsr W60                late                   DiD -0.0046 [-0.0111, +0.0011] p=0.1697 neg 6/14 | phase p=0.0569 | DMT -0.0030 (p=0.246) PCB +0.0016 (p=0.387) placebo share 0.35 | FD DiD -0.0034 (p=0.807) | FD-resid -0.0037 [-0.0088, +0.0010] p=0.1857 8/14 does NOT survive
sts tau5 ts_gsr W60                trend_a_placebo_line   DiD -0.0012 [-0.0060, +0.0029] p=0.6401 neg 6/14
sts tau5 ts_gsr W60                trend_b_shared_slope   DiD +0.0003 [-0.0039, +0.0040] p=0.8948 neg 6/14
sts tau5 ts_gsr global-bins        primary                DiD +0.0015 [-0.0098, +0.0113] p=0.7997 neg 4/14 | phase p=0.7692 | DMT +0.0032 (p=0.552) PCB +0.0017 (p=0.532) placebo share -1.10 | FD DiD +0.0143 (p=0.245) | FD-resid +0.0011 [-0.0093, +0.0106] p=0.8411 5/14 does NOT survive
sts tau5 ts_gsr global-bins        sensitivity            DiD +0.0008 [-0.0109, +0.0105] p=0.8910 neg 4/14 | phase p=0.8521 | DMT +0.0030 (p=0.574) PCB +0.0022 (p=0.417) placebo share -2.72 | FD DiD +0.0174 (p=0.155) | FD-resid +0.0002 [-0.0107, +0.0102] p=0.9711 5/14 does NOT survive
sts tau5 ts_gsr global-bins        early                  DiD +0.0102 [+0.0028, +0.0171] p=0.0205 neg 3/14 | phase p=0.0899 | DMT +0.0125 (p=0.010) PCB +0.0022 (p=0.378) placebo share -0.22 | FD DiD +0.0366 (p=0.010) | FD-resid +0.0076 [+0.0007, +0.0150] p=0.0620 3/14 SURVIVES
sts tau5 ts_gsr global-bins        late                   DiD -0.0055 [-0.0212, +0.0081] p=0.5250 neg 8/14 | phase p=0.3437 | DMT -0.0042 (p=0.560) PCB +0.0012 (p=0.725) placebo share 0.22 | FD DiD -0.0034 (p=0.807) | FD-resid -0.0042 [-0.0191, +0.0091] p=0.5995 6/14 does NOT survive
sts tau5 ts_gsr global-bins        trend_a_placebo_line   DiD +0.0034 [-0.0083, +0.0136] p=0.5835 neg 5/14
sts tau5 ts_gsr global-bins        trend_b_shared_slope   DiD +0.0095 [-0.0007, +0.0189] p=0.0945 neg 3/14
# Lag-dependence tables (partB3_lag.py)

## Summary across τ (ts_gsr)

| τ | estimator | DMT pre r_τ (window-std.) | sts level (DMT pre) | xtx+yty level | sts DiD [CI], p, phase p, neg/14 | survives FD | r(sts DiD, lag-1 autocorr DiD) | r(sts DiD, lag-τ autocorr DiD) | r_τ DiD [CI], p | real pairs r-dominated (subj. 1, w1–4 & 6) | pair r_τ median | ∂sts/∂r ÷ ∂sts/∂q at (median r_τ, median \|q\|) |
|---|---|---|---|---|---|---|---|---|---|---|---|---|
| 1 | W60 | 0.848 | 1.1554 | 1.2398 | -0.0809 [-0.1261, -0.0377], 0.0038, 0.0020, 13 | yes | +0.953 | +0.953 | -0.0146, 0.0106 | 100.0 % | +0.853 | 32.1 |
| 1 | global-bins | 0.848 | 1.3085 | 1.3616 | -0.0801 [-0.1310, -0.0315], 0.0071, 0.0010, 12 | yes | +0.967 | +0.967 | -0.0146, 0.0106 | 100.0 % | +0.853 | 32.1 |
| 2 | W60 | 0.513 | 0.1797 | 0.2315 | -0.0429 [-0.0654, -0.0204], 0.0037, 0.0010, 12 | yes | +0.952 | +0.970 | -0.0468, 0.0090 | 100.0 % | +0.486 | 20.7 |
| 2 | global-bins | 0.513 | 0.2805 | 0.3213 | -0.0485 [-0.0811, -0.0173], 0.0098, 0.0010, 12 | yes | +0.962 | +0.963 | -0.0468, 0.0090 | 100.0 % | +0.486 | 20.7 |
| 3 | W60 | 0.139 | 0.0262 | 0.0245 | -0.0043 [-0.0063, -0.0022], 0.0018, 0.0010, 12 | yes | +0.675 | +0.626 | -0.0681, 0.0132 | 97.7 % | +0.076 | 97.5 |
| 3 | global-bins | 0.139 | 0.0156 | 0.0292 | -0.0116 [-0.0185, -0.0058], 0.0012, 0.0010, 12 | yes | +0.911 | +0.885 | -0.0681, 0.0132 | 97.7 % | +0.076 | 97.5 |
| 5 | W60 | -0.202 | 0.0415 | 0.0452 | -0.0024 [-0.0073, +0.0022], 0.3688, 0.2607, 6 | no | -0.371 | -0.832 | -0.0108, 0.5670 | 99.5 % | -0.275 | 30.9 |
| 5 | global-bins | -0.202 | 0.0230 | 0.0328 | +0.0015 [-0.0098, +0.0113], 0.7997, 0.7692, 4 | no | -0.671 | -0.912 | -0.0108, 0.5670 | 99.5 % | -0.275 | 30.9 |

Scope map re-evaluated on r ∈ [−0.95, 0.95] × q ∈ [−0.95, 0.95]: r-dominated 99.5 %, q-dominated 0.0 %, flat 0.5 % of cells; q-dominated cells lie at |r| ≤ 0.00.

| r (lag-τ autocorrelation) | model sts at |q| = 0.25 | ∂sts/∂r | ∂sts/∂q | ratio |
|---|---|---|---|---|
| -0.30 | 0.0915 | -0.640 | -0.023 | 28.3 |
| -0.20 | 0.0396 | -0.404 | -0.010 | 40.3 |
| -0.10 | 0.0097 | -0.196 | -0.003 | 78.3 |
| +0.00 | 0.0000 | +0.000 | +0.000 | inf |
| +0.10 | 0.0097 | +0.196 | -0.003 | 78.3 |
| +0.15 | 0.0221 | +0.298 | -0.006 | 52.8 |
| +0.20 | 0.0396 | +0.404 | -0.010 | 40.3 |
| +0.30 | 0.0915 | +0.640 | -0.023 | 28.3 |
| +0.50 | 0.2798 | +1.302 | -0.063 | 20.5 |
| +0.85 | 1.2588 | +6.071 | -0.189 | 32.1 |

τ = 1: subject-1 pairs (both runs, windows 1–4 and 6): r_τ median +0.853 (5–95 % +0.800–+0.896), |q| median 0.245; r-dominated 100.0 %, q-dominated 0.0 %, flat 0.0 %; ∂sts/∂r = +6.071, ∂sts/∂q = -0.189 at the medians

## τ = 1, W60: 16-atom DMT pre level and primary DiD (τ = 1 MMI in brackets)

| atom | level τ | DiD τ (neg/14) |
|---|---|---|
| rtr | +0.0388 (+0.0388) | -0.0078 (10) [-0.0078] |
| rtx | +0.0258 (+0.0258) | -0.0012 (9) [-0.0012] |
| rty | +0.0254 (+0.0254) | -0.0012 (9) [-0.0012] |
| rts | +0.5669 (+0.5669) | -0.0407 (12) [-0.0407] |
| xtr | +0.0254 (+0.0254) | -0.0012 (9) [-0.0012] |
| xtx | +0.6273 (+0.6273) | -0.0523 (12) [-0.0523] |
| xty | -0.0254 (-0.0254) | +0.0012 (5) [+0.0012] |
| xts | -0.5352 (-0.5352) | +0.0399 (2) [+0.0399] |
| ytr | +0.0258 (+0.0258) | -0.0012 (9) [-0.0012] |
| ytx | -0.0258 (-0.0258) | +0.0012 (5) [+0.0012] |
| yty | +0.6125 (+0.6125) | -0.0396 (13) [-0.0396] |
| yts | -0.5358 (-0.5358) | +0.0404 (2) [+0.0404] |
| str | +0.5667 (+0.5667) | -0.0408 (12) [-0.0408] |
| stx | -0.5350 (-0.5350) | +0.0401 (2) [+0.0401] |
| sty | -0.5357 (-0.5357) | +0.0403 (2) [+0.0403] |
| sts | +1.1554 (+1.1554) | -0.0809 (13) [-0.0809] |
done (520s)
=== 2026-09-29 16:02:29  notes/partB4_diagnostic.py
git=d5a65bd
   ts_gsr W60: subject 1/14 done (7s)
   ts_gsr W60: subject 2/14 done (14s)
   ts_gsr W60: subject 3/14 done (20s)
   ts_gsr W60: subject 4/14 done (27s)
   ts_gsr W60: subject 5/14 done (34s)
   ts_gsr W60: subject 6/14 done (40s)
   ts_gsr W60: subject 7/14 done (47s)
   ts_gsr W60: subject 8/14 done (54s)
   ts_gsr W60: subject 9/14 done (61s)
   ts_gsr W60: subject 10/14 done (68s)
   ts_gsr W60: subject 11/14 done (74s)
   ts_gsr W60: subject 12/14 done (81s)
   ts_gsr W60: subject 13/14 done (87s)
   ts_gsr W60: subject 14/14 done (94s)
diag observed sts ts_gsr W60       primary                DiD -0.0809 [-0.1261, -0.0377] p=0.0038 neg 13/14 | phase p=0.0020 | DMT -0.0485 (p=0.027) PCB +0.0324 (p=0.042) placebo share 0.40 | FD DiD +0.0143 (p=0.245) | FD-resid -0.0649 [-0.0966, -0.0289] p=0.0048 13/14 SURVIVES
diag observed sts ts_gsr W60       sensitivity            DiD -0.0733 [-0.1180, -0.0291] p=0.0070 neg 12/14 | phase p=0.0020 | DMT -0.0491 (p=0.023) PCB +0.0242 (p=0.104) placebo share 0.33 | FD DiD +0.0191 (p=0.108) | FD-resid -0.0555 [-0.0864, -0.0210] p=0.0100 13/14 SURVIVES
diag observed sts ts_gsr W60       early                  DiD -0.1029 [-0.1464, -0.0601] p=0.0009 neg 13/14 | phase p=0.0010 | DMT -0.0842 (p=0.001) PCB +0.0187 (p=0.221) placebo share 0.18 | FD DiD +0.0366 (p=0.010) | FD-resid -0.0806 [-0.1151, -0.0455] p=0.0018 12/14 SURVIVES
diag observed sts ts_gsr W60       late                   DiD -0.0633 [-0.1147, -0.0118] p=0.0337 neg 10/14 | phase p=0.0060 | DMT -0.0199 (p=0.388) PCB +0.0434 (p=0.014) placebo share 0.69 | FD DiD -0.0034 (p=0.807) | FD-resid -0.0523 [-0.0909, -0.0078] p=0.0345 11/14 SURVIVES
diag observed sts ts_gsr W60       trend_a_placebo_line   DiD -0.0890 [-0.1347, -0.0461] p=0.0021 neg 13/14
diag observed sts ts_gsr W60       trend_b_shared_slope   DiD -0.0995 [-0.1424, -0.0599] p=0.0007 neg 13/14
diag predicted sts ts_gsr W60      primary                DiD -0.0924 [-0.1444, -0.0414] p=0.0037 neg 13/14 | DMT -0.0562 (p=0.030) PCB +0.0362 (p=0.043) placebo share 0.39 | FD DiD +0.0143 (p=0.245) | FD-resid -0.0749 [-0.1113, -0.0323] p=0.0055 13/14 SURVIVES
diag predicted sts ts_gsr W60      sensitivity            DiD -0.0842 [-0.1358, -0.0337] p=0.0068 neg 12/14 | DMT -0.0568 (p=0.026) PCB +0.0274 (p=0.110) placebo share 0.33 | FD DiD +0.0191 (p=0.108) | FD-resid -0.0647 [-0.1015, -0.0217] p=0.0111 13/14 SURVIVES
diag predicted sts ts_gsr W60      early                  DiD -0.1208 [-0.1698, -0.0726] p=0.0006 neg 13/14 | DMT -0.0972 (p=0.001) PCB +0.0236 (p=0.185) placebo share 0.20 | FD DiD +0.0366 (p=0.010) | FD-resid -0.0948 [-0.1321, -0.0551] p=0.0011 13/14 SURVIVES
diag predicted sts ts_gsr W60      late                   DiD -0.0697 [-0.1313, -0.0102] p=0.0476 neg 11/14 | DMT -0.0234 (p=0.399) PCB +0.0463 (p=0.020) placebo share 0.66 | FD DiD -0.0034 (p=0.807) | FD-resid -0.0590 [-0.1055, -0.0061] p=0.0491 11/14 SURVIVES
diag predicted sts ts_gsr W60      trend_a_placebo_line   DiD -0.0997 [-0.1508, -0.0498] p=0.0024 neg 13/14
diag predicted sts ts_gsr W60      trend_b_shared_slope   DiD -0.1130 [-0.1599, -0.0683] p=0.0009 neg 13/14
diag residual sts ts_gsr W60       primary                DiD +0.0115 [+0.0021, +0.0211] p=0.0421 neg 4/14 | phase p=0.0190 | DMT +0.0077 (p=0.080) PCB -0.0038 (p=0.192) placebo share 0.33 | FD DiD +0.0143 (p=0.245) | FD-resid +0.0100 [+0.0009, +0.0185] p=0.0579 3/14 SURVIVES
diag residual sts ts_gsr W60       sensitivity            DiD +0.0108 [+0.0013, +0.0200] p=0.0491 neg 4/14 | phase p=0.0300 | DMT +0.0077 (p=0.081) PCB -0.0032 (p=0.251) placebo share 0.29 | FD DiD +0.0191 (p=0.108) | FD-resid +0.0092 [+0.0002, +0.0172] p=0.0673 4/14 SURVIVES
diag residual sts ts_gsr W60       early                  DiD +0.0179 [+0.0099, +0.0260] p=0.0012 neg 2/14 | phase p=0.0030 | DMT +0.0130 (p=0.003) PCB -0.0049 (p=0.168) placebo share 0.27 | FD DiD +0.0366 (p=0.010) | FD-resid +0.0141 [+0.0063, +0.0212] p=0.0049 2/14 SURVIVES
diag residual sts ts_gsr W60       late                   DiD +0.0064 [-0.0058, +0.0183] p=0.3241 neg 5/14 | phase p=0.2408 | DMT +0.0035 (p=0.484) PCB -0.0030 (p=0.346) placebo share 0.46 | FD DiD -0.0034 (p=0.807) | FD-resid +0.0067 [-0.0050, +0.0174] p=0.2733 4/14 does NOT survive
diag residual sts ts_gsr W60       trend_a_placebo_line   DiD +0.0106 [+0.0014, +0.0200] p=0.0537 neg 5/14
diag residual sts ts_gsr W60       trend_b_shared_slope   DiD +0.0134 [+0.0053, +0.0218] p=0.0089 neg 3/14
   ts_gsr W30: subject 1/14 done (113s)
   ts_gsr W30: subject 2/14 done (123s)
   ts_gsr W30: subject 3/14 done (133s)
   ts_gsr W30: subject 4/14 done (143s)
   ts_gsr W30: subject 5/14 done (154s)
   ts_gsr W30: subject 6/14 done (165s)
   ts_gsr W30: subject 7/14 done (174s)
   ts_gsr W30: subject 8/14 done (184s)
   ts_gsr W30: subject 9/14 done (194s)
   ts_gsr W30: subject 10/14 done (204s)
   ts_gsr W30: subject 11/14 done (214s)
   ts_gsr W30: subject 12/14 done (224s)
   ts_gsr W30: subject 13/14 done (234s)
   ts_gsr W30: subject 14/14 done (244s)
diag observed sts ts_gsr W30       primary                DiD -0.0686 [-0.1084, -0.0293] p=0.0042 neg 13/14 | phase p=0.0010 | DMT -0.0390 (p=0.035) PCB +0.0296 (p=0.027) placebo share 0.43 | FD DiD +0.0143 (p=0.245) | FD-resid -0.0545 [-0.0836, -0.0215] p=0.0065 13/14 SURVIVES
diag observed sts ts_gsr W30       sensitivity            DiD -0.0658 [-0.1072, -0.0261] p=0.0067 neg 12/14 | phase p=0.0010 | DMT -0.0407 (p=0.031) PCB +0.0252 (p=0.049) placebo share 0.38 | FD DiD +0.0174 (p=0.155) | FD-resid -0.0514 [-0.0799, -0.0179] p=0.0109 12/14 SURVIVES
diag observed sts ts_gsr W30       early                  DiD -0.0839 [-0.1267, -0.0451] p=0.0012 neg 13/14 | phase p=0.0010 | DMT -0.0686 (p=0.002) PCB +0.0154 (p=0.236) placebo share 0.18 | FD DiD +0.0366 (p=0.010) | FD-resid -0.0678 [-0.0978, -0.0364] p=0.0020 12/14 SURVIVES
diag observed sts ts_gsr W30       late                   DiD -0.0564 [-0.1024, -0.0118] p=0.0321 neg 11/14 | phase p=0.0080 | DMT -0.0154 (p=0.444) PCB +0.0410 (p=0.005) placebo share 0.73 | FD DiD -0.0034 (p=0.807) | FD-resid -0.0439 [-0.0783, -0.0035] p=0.0474 11/14 SURVIVES
diag observed sts ts_gsr W30       trend_a_placebo_line   DiD -0.0766 [-0.1147, -0.0386] p=0.0021 neg 13/14
diag observed sts ts_gsr W30       trend_b_shared_slope   DiD -0.0849 [-0.1225, -0.0495] p=0.0010 neg 13/14
diag predicted sts ts_gsr W30      primary                DiD -0.0869 [-0.1368, -0.0374] p=0.0046 neg 12/14 | DMT -0.0513 (p=0.031) PCB +0.0356 (p=0.033) placebo share 0.41 | FD DiD +0.0143 (p=0.245) | FD-resid -0.0693 [-0.1062, -0.0263] p=0.0084 13/14 SURVIVES
diag predicted sts ts_gsr W30      sensitivity            DiD -0.0847 [-0.1348, -0.0352] p=0.0062 neg 12/14 | DMT -0.0541 (p=0.025) PCB +0.0306 (p=0.054) placebo share 0.36 | FD DiD +0.0174 (p=0.155) | FD-resid -0.0666 [-0.1032, -0.0233] p=0.0115 12/14 SURVIVES
diag predicted sts ts_gsr W30      early                  DiD -0.1102 [-0.1586, -0.0638] p=0.0007 neg 13/14 | DMT -0.0882 (p=0.002) PCB +0.0220 (p=0.182) placebo share 0.20 | FD DiD +0.0366 (p=0.010) | FD-resid -0.0880 [-0.1246, -0.0494] p=0.0016 12/14 SURVIVES
diag predicted sts ts_gsr W30      late                   DiD -0.0682 [-0.1261, -0.0108] p=0.0422 neg 11/14 | DMT -0.0218 (p=0.402) PCB +0.0464 (p=0.010) placebo share 0.68 | FD DiD -0.0034 (p=0.807) | FD-resid -0.0543 [-0.0990, -0.0028] p=0.0592 11/14 SURVIVES
diag predicted sts ts_gsr W30      trend_a_placebo_line   DiD -0.0939 [-0.1417, -0.0467] p=0.0024 neg 13/14
diag predicted sts ts_gsr W30      trend_b_shared_slope   DiD -0.1058 [-0.1502, -0.0630] p=0.0007 neg 13/14
diag residual sts ts_gsr W30       primary                DiD +0.0183 [+0.0067, +0.0299] p=0.0134 neg 2/14 | phase p=0.0040 | DMT +0.0123 (p=0.036) PCB -0.0060 (p=0.116) placebo share 0.33 | FD DiD +0.0143 (p=0.245) | FD-resid +0.0148 [+0.0029, +0.0257] p=0.0309 3/14 SURVIVES
diag residual sts ts_gsr W30       sensitivity            DiD +0.0188 [+0.0072, +0.0304] p=0.0111 neg 2/14 | phase p=0.0020 | DMT +0.0134 (p=0.023) PCB -0.0054 (p=0.152) placebo share 0.29 | FD DiD +0.0174 (p=0.155) | FD-resid +0.0152 [+0.0036, +0.0259] p=0.0255 3/14 SURVIVES
diag residual sts ts_gsr W30       early                  DiD +0.0263 [+0.0161, +0.0372] p=0.0005 neg 1/14 | phase p=0.0010 | DMT +0.0197 (p=0.001) PCB -0.0066 (p=0.157) placebo share 0.25 | FD DiD +0.0366 (p=0.010) | FD-resid +0.0203 [+0.0093, +0.0305] p=0.0042 2/14 SURVIVES
diag residual sts ts_gsr W30       late                   DiD +0.0119 [-0.0021, +0.0256] p=0.1359 neg 5/14 | phase p=0.0829 | DMT +0.0064 (p=0.313) PCB -0.0055 (p=0.157) placebo share 0.46 | FD DiD -0.0034 (p=0.807) | FD-resid +0.0104 [-0.0038, +0.0231] p=0.1630 4/14 does NOT survive
diag residual sts ts_gsr W30       trend_a_placebo_line   DiD +0.0172 [+0.0057, +0.0285] p=0.0146 neg 3/14
diag residual sts ts_gsr W30       trend_b_shared_slope   DiD +0.0208 [+0.0104, +0.0315] p=0.0031 neg 2/14
   ts_demean W60: subject 1/14 done (267s)
   ts_demean W60: subject 2/14 done (274s)
   ts_demean W60: subject 3/14 done (280s)
   ts_demean W60: subject 4/14 done (287s)
   ts_demean W60: subject 5/14 done (293s)
   ts_demean W60: subject 6/14 done (300s)
   ts_demean W60: subject 7/14 done (306s)
   ts_demean W60: subject 8/14 done (313s)
   ts_demean W60: subject 9/14 done (320s)
   ts_demean W60: subject 10/14 done (326s)
   ts_demean W60: subject 11/14 done (333s)
   ts_demean W60: subject 12/14 done (339s)
   ts_demean W60: subject 13/14 done (346s)
   ts_demean W60: subject 14/14 done (353s)
diag observed sts ts_demean W60    primary                DiD -0.1031 [-0.1558, -0.0522] p=0.0026 neg 12/14 | phase p=0.0010 | DMT -0.0633 (p=0.033) PCB +0.0398 (p=0.031) placebo share 0.39 | FD DiD +0.0143 (p=0.245) | FD-resid -0.0824 [-0.1224, -0.0372] p=0.0048 13/14 SURVIVES
diag observed sts ts_demean W60    sensitivity            DiD -0.0935 [-0.1431, -0.0426] p=0.0039 neg 12/14 | phase p=0.0010 | DMT -0.0621 (p=0.030) PCB +0.0314 (p=0.064) placebo share 0.34 | FD DiD +0.0191 (p=0.108) | FD-resid -0.0714 [-0.1106, -0.0298] p=0.0073 12/14 SURVIVES
diag observed sts ts_demean W60    early                  DiD -0.1183 [-0.1673, -0.0679] p=0.0012 neg 13/14 | phase p=0.0010 | DMT -0.0975 (p=0.003) PCB +0.0208 (p=0.177) placebo share 0.18 | FD DiD +0.0366 (p=0.010) | FD-resid -0.0953 [-0.1394, -0.0518] p=0.0020 13/14 SURVIVES
diag observed sts ts_demean W60    late                   DiD -0.0910 [-0.1522, -0.0319] p=0.0128 neg 11/14 | phase p=0.0030 | DMT -0.0360 (p=0.245) PCB +0.0550 (p=0.012) placebo share 0.60 | FD DiD -0.0034 (p=0.807) | FD-resid -0.0721 [-0.1229, -0.0177] p=0.0233 11/14 SURVIVES
diag observed sts ts_demean W60    trend_a_placebo_line   DiD -0.1126 [-0.1690, -0.0595] p=0.0018 neg 13/14
diag observed sts ts_demean W60    trend_b_shared_slope   DiD -0.1193 [-0.1736, -0.0683] p=0.0012 neg 13/14
diag predicted sts ts_demean W60   primary                DiD -0.1213 [-0.1776, -0.0631] p=0.0022 neg 12/14 | DMT -0.0706 (p=0.039) PCB +0.0508 (p=0.021) placebo share 0.42 | FD DiD +0.0143 (p=0.245) | FD-resid -0.0990 [-0.1434, -0.0473] p=0.0033 13/14 SURVIVES
diag predicted sts ts_demean W60   sensitivity            DiD -0.1071 [-0.1615, -0.0530] p=0.0035 neg 11/14 | DMT -0.0647 (p=0.043) PCB +0.0424 (p=0.038) placebo share 0.40 | FD DiD +0.0191 (p=0.108) | FD-resid -0.0847 [-0.1273, -0.0354] p=0.0065 12/14 SURVIVES
diag predicted sts ts_demean W60   early                  DiD -0.1365 [-0.1865, -0.0847] p=0.0006 neg 13/14 | DMT -0.1050 (p=0.004) PCB +0.0315 (p=0.080) placebo share 0.23 | FD DiD +0.0366 (p=0.010) | FD-resid -0.1161 [-0.1624, -0.0689] p=0.0007 13/14 SURVIVES
diag predicted sts ts_demean W60   late                   DiD -0.1092 [-0.1786, -0.0387] p=0.0118 neg 11/14 | DMT -0.0430 (p=0.235) PCB +0.0662 (p=0.011) placebo share 0.61 | FD DiD -0.0034 (p=0.807) | FD-resid -0.0853 [-0.1442, -0.0207] p=0.0253 11/14 SURVIVES
diag predicted sts ts_demean W60   trend_a_placebo_line   DiD -0.1274 [-0.1889, -0.0671] p=0.0021 neg 12/14
diag predicted sts ts_demean W60   trend_b_shared_slope   DiD -0.1335 [-0.1922, -0.0751] p=0.0013 neg 13/14
diag residual sts ts_demean W60    primary                DiD +0.0182 [+0.0089, +0.0277] p=0.0040 neg 2/14 | phase p=0.0180 | DMT +0.0072 (p=0.242) PCB -0.0110 (p=0.027) placebo share 0.60 | FD DiD +0.0143 (p=0.245) | FD-resid +0.0166 [+0.0070, +0.0255] p=0.0070 2/14 SURVIVES
diag residual sts ts_demean W60    sensitivity            DiD +0.0136 [+0.0041, +0.0231] p=0.0161 neg 2/14 | phase p=0.0939 | DMT +0.0026 (p=0.666) PCB -0.0109 (p=0.034) placebo share 0.80 | FD DiD +0.0191 (p=0.108) | FD-resid +0.0133 [+0.0042, +0.0221] p=0.0170 2/14 SURVIVES
diag residual sts ts_demean W60    early                  DiD +0.0183 [+0.0128, +0.0234] p=0.0001 neg 0/14 | phase p=0.0509 | DMT +0.0075 (p=0.155) PCB -0.0107 (p=0.021) placebo share 0.59 | FD DiD +0.0366 (p=0.010) | FD-resid +0.0208 [+0.0147, +0.0275] p=0.0001 0/14 SURVIVES
diag residual sts ts_demean W60    late                   DiD +0.0182 [+0.0036, +0.0329] p=0.0321 neg 4/14 | phase p=0.0320 | DMT +0.0070 (p=0.344) PCB -0.0112 (p=0.057) placebo share 0.62 | FD DiD -0.0034 (p=0.807) | FD-resid +0.0132 [-0.0008, +0.0270] p=0.0936 3/14 does NOT survive
diag residual sts ts_demean W60    trend_a_placebo_line   DiD +0.0148 [+0.0049, +0.0249] p=0.0164 neg 3/14
diag residual sts ts_demean W60    trend_b_shared_slope   DiD +0.0142 [+0.0049, +0.0238] p=0.0138 neg 3/14
   ts_demean W30: subject 1/14 done (372s)
   ts_demean W30: subject 2/14 done (382s)
   ts_demean W30: subject 3/14 done (392s)
   ts_demean W30: subject 4/14 done (401s)
   ts_demean W30: subject 5/14 done (411s)
   ts_demean W30: subject 6/14 done (421s)
   ts_demean W30: subject 7/14 done (431s)
   ts_demean W30: subject 8/14 done (441s)
   ts_demean W30: subject 9/14 done (451s)
   ts_demean W30: subject 10/14 done (461s)
   ts_demean W30: subject 11/14 done (472s)
   ts_demean W30: subject 12/14 done (482s)
   ts_demean W30: subject 13/14 done (492s)
   ts_demean W30: subject 14/14 done (502s)
diag observed sts ts_demean W30    primary                DiD -0.0877 [-0.1310, -0.0427] p=0.0029 neg 13/14 | phase p=0.0010 | DMT -0.0519 (p=0.031) PCB +0.0358 (p=0.015) placebo share 0.41 | FD DiD +0.0143 (p=0.245) | FD-resid -0.0700 [-0.1060, -0.0294] p=0.0070 13/14 SURVIVES
diag observed sts ts_demean W30    sensitivity            DiD -0.0855 [-0.1307, -0.0402] p=0.0037 neg 12/14 | phase p=0.0010 | DMT -0.0534 (p=0.026) PCB +0.0322 (p=0.024) placebo share 0.38 | FD DiD +0.0174 (p=0.155) | FD-resid -0.0677 [-0.1036, -0.0263] p=0.0078 13/14 SURVIVES
diag observed sts ts_demean W30    early                  DiD -0.0985 [-0.1453, -0.0525] p=0.0018 neg 13/14 | phase p=0.0010 | DMT -0.0791 (p=0.003) PCB +0.0194 (p=0.143) placebo share 0.20 | FD DiD +0.0366 (p=0.010) | FD-resid -0.0793 [-0.1168, -0.0393] p=0.0028 13/14 SURVIVES
diag observed sts ts_demean W30    late                   DiD -0.0790 [-0.1298, -0.0293] p=0.0114 neg 11/14 | phase p=0.0030 | DMT -0.0301 (p=0.237) PCB +0.0489 (p=0.005) placebo share 0.62 | FD DiD -0.0034 (p=0.807) | FD-resid -0.0626 [-0.1071, -0.0130] p=0.0282 11/14 SURVIVES
diag observed sts ts_demean W30    trend_a_placebo_line   DiD -0.0951 [-0.1398, -0.0506] p=0.0016 neg 13/14
diag observed sts ts_demean W30    trend_b_shared_slope   DiD -0.0992 [-0.1434, -0.0559] p=0.0011 neg 13/14
diag predicted sts ts_demean W30   primary                DiD -0.1136 [-0.1647, -0.0596] p=0.0021 neg 12/14 | DMT -0.0653 (p=0.031) PCB +0.0483 (p=0.010) placebo share 0.42 | FD DiD +0.0143 (p=0.245) | FD-resid -0.0932 [-0.1358, -0.0416] p=0.0044 12/14 SURVIVES
diag predicted sts ts_demean W30   sensitivity            DiD -0.1097 [-0.1614, -0.0570] p=0.0026 neg 12/14 | DMT -0.0657 (p=0.031) PCB +0.0440 (p=0.017) placebo share 0.40 | FD DiD +0.0174 (p=0.155) | FD-resid -0.0898 [-0.1324, -0.0382] p=0.0054 12/14 SURVIVES
diag predicted sts ts_demean W30   early                  DiD -0.1258 [-0.1724, -0.0757] p=0.0007 neg 13/14 | DMT -0.0951 (p=0.004) PCB +0.0307 (p=0.051) placebo share 0.24 | FD DiD +0.0366 (p=0.010) | FD-resid -0.1067 [-0.1496, -0.0616] p=0.0011 13/14 SURVIVES
diag predicted sts ts_demean W30   late                   DiD -0.1038 [-0.1659, -0.0393] p=0.0099 neg 11/14 | DMT -0.0415 (p=0.197) PCB +0.0623 (p=0.006) placebo share 0.60 | FD DiD -0.0034 (p=0.807) | FD-resid -0.0824 [-0.1382, -0.0193] p=0.0251 11/14 SURVIVES
diag predicted sts ts_demean W30   trend_a_placebo_line   DiD -0.1183 [-0.1732, -0.0635] p=0.0018 neg 13/14
diag predicted sts ts_demean W30   trend_b_shared_slope   DiD -0.1230 [-0.1751, -0.0700] p=0.0013 neg 13/14
diag residual sts ts_demean W30    primary                DiD +0.0259 [+0.0136, +0.0383] p=0.0018 neg 3/14 | phase p=0.0090 | DMT +0.0134 (p=0.097) PCB -0.0124 (p=0.044) placebo share 0.48 | FD DiD +0.0143 (p=0.245) | FD-resid +0.0231 [+0.0109, +0.0336] p=0.0038 2/14 SURVIVES
diag residual sts ts_demean W30    sensitivity            DiD +0.0242 [+0.0122, +0.0364] p=0.0023 neg 3/14 | phase p=0.0130 | DMT +0.0123 (p=0.122) PCB -0.0119 (p=0.056) placebo share 0.49 | FD DiD +0.0174 (p=0.155) | FD-resid +0.0221 [+0.0103, +0.0324] p=0.0043 2/14 SURVIVES
diag residual sts ts_demean W30    early                  DiD +0.0272 [+0.0191, +0.0352] p=0.0002 neg 1/14 | phase p=0.0180 | DMT +0.0159 (p=0.030) PCB -0.0113 (p=0.061) placebo share 0.42 | FD DiD +0.0366 (p=0.010) | FD-resid +0.0273 [+0.0184, +0.0367] p=0.0004 1/14 SURVIVES
diag residual sts ts_demean W30    late                   DiD +0.0248 [+0.0083, +0.0418] p=0.0175 neg 4/14 | phase p=0.0290 | DMT +0.0114 (p=0.228) PCB -0.0133 (p=0.054) placebo share 0.54 | FD DiD -0.0034 (p=0.807) | FD-resid +0.0198 [+0.0028, +0.0357] p=0.0432 3/14 SURVIVES
diag residual sts ts_demean W30    trend_a_placebo_line   DiD +0.0232 [+0.0100, +0.0363] p=0.0054 neg 3/14
diag residual sts ts_demean W30    trend_b_shared_slope   DiD +0.0238 [+0.0111, +0.0367] p=0.0044 neg 2/14
# Diagnostic tables (partB4_diagnostic.py)
git=d5a65bd

## ts_gsr, W = 60

Levels (all subjects, runs, windows): observed sts 1.1377, predicted (AR(1) from a_x, a_y, q) 1.1865, residual -0.0489 (-4.3 % of observed); SD of the residual across subject × run × window 0.0161 vs SD of observed 0.0790; symmetric-a prediction 1.3212. AR(1)-substituted matrices that are not positive definite, left out of the substituted means (B26): 4 of 2,569,560 pair-windows.
Per-pair R² of predicted vs observed sts within a window: mean 0.796 (min 0.553, max 0.887). AR(1) lag-1 cross-correlation check: mean |corr(x_t, y_(t+1)) − a_y q| = 0.0906; correlation across pairs between observed and model lag-1 cross-correlations, mean 0.933 (min 0.867).
Subject 1 DMT window 2: pair-level r(obs, pred) = +0.885; obs mean 1.0807 SD 0.2250; pred mean 1.1443 SD 0.2037; residual mean -0.0635 SD 0.1050; r(residual, mean a) = -0.244, r(residual, |q|) = -0.522, r(residual, |a_x − a_y|) = +0.111
Subject 1 DMT window 6: pair-level r(obs, pred) = +0.914; obs mean 1.0314 SD 0.2079; pred mean 1.0698 SD 0.1939; residual mean -0.0384 SD 0.0845; r(residual, mean a) = -0.151, r(residual, |q|) = -0.399, r(residual, |a_x − a_y|) = +0.038
Subject 1 PCB window 2: pair-level r(obs, pred) = +0.903; obs mean 1.0669 SD 0.2121; pred mean 1.1047 SD 0.1947; residual mean -0.0378 SD 0.0914; r(residual, mean a) = -0.175, r(residual, |q|) = -0.376, r(residual, |a_x − a_y|) = +0.008
Subject 1 PCB window 6: pair-level r(obs, pred) = +0.893; obs mean 1.0796 SD 0.1992; pred mean 1.1240 SD 0.1761; residual mean -0.0444 SD 0.0897; r(residual, mean a) = -0.133, r(residual, |q|) = -0.428, r(residual, |a_x − a_y|) = +0.010
Primary DiD: observed -0.0809, predicted -0.0924 (114 % of observed), residual +0.0115. Per subject: r(residual DiD, autocorrelation contrast) = -0.780 (Spearman -0.635); r(predicted DiD, autocorrelation contrast) = +0.976; r(observed DiD, autocorrelation contrast) = +0.953; r(predicted DiD, observed DiD) = +0.989; r(residual DiD, observed DiD) = -0.632; residual DiD negative in 4/14.
Per-subject residual DiDs: [ 0.0367 -0.0029  0.0178  0.0116 -0.0076  0.0284  0.0105  0.0474  0.0252 -0.0127  0.0099  0.0065  0.0127 -0.0222]
Group-mean window series: observed DMT [1.163 1.145 1.139 1.176 1.100 1.047 1.069 1.079 1.090 1.101 1.130 1.127 1.140 1.179]; predicted DMT [1.207 1.200 1.192 1.235 1.146 1.081 1.108 1.122 1.134 1.151 1.176 1.175 1.191 1.232]; residual DMT [-0.045 -0.055 -0.053 -0.059 -0.046 -0.034 -0.039 -0.042 -0.045 -0.050 -0.046 -0.048 -0.051 -0.053]; residual PCB [-0.041 -0.043 -0.057 -0.051 -0.045 -0.056 -0.048 -0.051 -0.056 -0.054 -0.051 -0.046 -0.052 -0.050]

## ts_gsr, W = 30

Levels (all subjects, runs, windows): observed sts 1.0082, predicted (AR(1) from a_x, a_y, q) 1.1061, residual -0.0979 (-9.7 % of observed); SD of the residual across subject × run × window 0.0280 vs SD of observed 0.0811; symmetric-a prediction 1.2706. AR(1)-substituted matrices that are not positive definite, left out of the substituted means (B26): 1,617 of 5,139,120 pair-windows.
Per-pair R² of predicted vs observed sts within a window: mean 0.625 (min 0.335, max 0.762). AR(1) lag-1 cross-correlation check: mean |corr(x_t, y_(t+1)) − a_y q| = 0.1283; correlation across pairs between observed and model lag-1 cross-correlations, mean 0.912 (min 0.817).
Subject 1 DMT window 2: pair-level r(obs, pred) = +0.785; obs mean 0.9474 SD 0.2851; pred mean 1.0294 SD 0.2373; residual mean -0.0820 SD 0.1773; r(residual, mean a) = -0.209, r(residual, |q|) = -0.372, r(residual, |a_x − a_y|) = +0.032
Subject 1 DMT window 6: pair-level r(obs, pred) = +0.784; obs mean 0.9852 SD 0.3115; pred mean 1.1142 SD 0.2445; residual mean -0.1289 SD 0.1934; r(residual, mean a) = -0.181, r(residual, |q|) = -0.467, r(residual, |a_x − a_y|) = +0.063 [1 pairs without the substituted estimate]
Subject 1 PCB window 2: pair-level r(obs, pred) = +0.807; obs mean 1.0301 SD 0.2952; pred mean 1.0921 SD 0.2495; residual mean -0.0620 SD 0.1746; r(residual, mean a) = -0.172, r(residual, |q|) = -0.350, r(residual, |a_x − a_y|) = +0.060 [2 pairs without the substituted estimate]
Subject 1 PCB window 6: pair-level r(obs, pred) = +0.848; obs mean 0.9596 SD 0.3044; pred mean 1.0285 SD 0.2741; residual mean -0.0689 SD 0.1619; r(residual, mean a) = -0.159, r(residual, |q|) = -0.362, r(residual, |a_x − a_y|) = +0.085 [1 pairs without the substituted estimate]
Primary DiD: observed -0.0686, predicted -0.0869 (127 % of observed), residual +0.0183. Per subject: r(residual DiD, autocorrelation contrast) = -0.825 (Spearman -0.767); r(predicted DiD, autocorrelation contrast) = +0.975; r(observed DiD, autocorrelation contrast) = +0.958; r(predicted DiD, observed DiD) = +0.987; r(residual DiD, observed DiD) = -0.730; residual DiD negative in 2/14.
Per-subject residual DiDs: [ 0.0516  0.0020  0.0323  0.0228 -0.0120  0.0332  0.0154  0.0566  0.0423  0.0022  0.0149  0.0032  0.0153 -0.0241]
Group-mean window series: observed DMT [1.057 1.001 1.014 1.019 1.008 1.007 1.026 1.046 1.002 0.952 0.917 0.942 0.945 0.958 0.962 0.964 0.960 0.982 0.966 0.988 0.990 1.004 0.998 1.001 1.024 1.005 1.054 1.039]; predicted DMT [1.156 1.090 1.120 1.126 1.101 1.115 1.140 1.159 1.104 1.022 0.988 1.023 1.029 1.042 1.051 1.047 1.049 1.069 1.056 1.091 1.079 1.100 1.093 1.096 1.121 1.106 1.157 1.141]; residual DMT [-0.099 -0.089 -0.106 -0.107 -0.093 -0.109 -0.113 -0.113 -0.102 -0.071 -0.071 -0.081 -0.084 -0.084 -0.089 -0.083 -0.090 -0.088 -0.091 -0.103 -0.088 -0.096 -0.095 -0.095 -0.097 -0.101 -0.103 -0.102]; residual PCB [-0.089 -0.092 -0.085 -0.097 -0.112 -0.106 -0.109 -0.096 -0.092 -0.094 -0.102 -0.105 -0.106 -0.096 -0.103 -0.104 -0.110 -0.111 -0.108 -0.114 -0.104 -0.107 -0.102 -0.095 -0.101 -0.103 -0.096 -0.105]

## ts_demean, W = 60

Levels (all subjects, runs, windows): observed sts 1.0802, predicted (AR(1) from a_x, a_y, q) 1.1181, residual -0.0378 (-3.5 % of observed); SD of the residual across subject × run × window 0.0329 vs SD of observed 0.0987; symmetric-a prediction 1.2484. AR(1)-substituted matrices that are not positive definite, left out of the substituted means (B26): 4 of 2,569,560 pair-windows.
Per-pair R² of predicted vs observed sts within a window: mean 0.741 (min 0.263, max 0.874). AR(1) lag-1 cross-correlation check: mean |corr(x_t, y_(t+1)) − a_y q| = 0.0933; correlation across pairs between observed and model lag-1 cross-correlations, mean 0.913 (min 0.730).
Subject 1 DMT window 2: pair-level r(obs, pred) = +0.856; obs mean 0.9927 SD 0.2075; pred mean 1.0099 SD 0.1748; residual mean -0.0172 SD 0.1074; r(residual, mean a) = -0.115, r(residual, |q|) = -0.214, r(residual, |a_x − a_y|) = +0.042
Subject 1 DMT window 6: pair-level r(obs, pred) = +0.817; obs mean 1.0562 SD 0.2167; pred mean 1.1440 SD 0.2037; residual mean -0.0879 SD 0.1277; r(residual, mean a) = -0.431, r(residual, |q|) = -0.615, r(residual, |a_x − a_y|) = +0.092
Subject 1 PCB window 2: pair-level r(obs, pred) = +0.848; obs mean 1.0116 SD 0.1894; pred mean 1.0193 SD 0.1619; residual mean -0.0078 SD 0.1005; r(residual, mean a) = -0.120, r(residual, |q|) = -0.111, r(residual, |a_x − a_y|) = -0.024
Subject 1 PCB window 6: pair-level r(obs, pred) = +0.890; obs mean 1.0333 SD 0.2019; pred mean 1.0689 SD 0.1853; residual mean -0.0357 SD 0.0920; r(residual, mean a) = -0.162, r(residual, |q|) = -0.326, r(residual, |a_x − a_y|) = +0.051
Primary DiD: observed -0.1031, predicted -0.1213 (118 % of observed), residual +0.0182. Per subject: r(residual DiD, autocorrelation contrast) = -0.597 (Spearman -0.525); r(predicted DiD, autocorrelation contrast) = +0.965; r(observed DiD, autocorrelation contrast) = +0.958; r(predicted DiD, observed DiD) = +0.990; r(residual DiD, observed DiD) = -0.513; residual DiD negative in 2/14.
Per-subject residual DiDs: [ 0.0216  0.0025  0.0088  0.0033 -0.0123  0.0257  0.0290  0.0314  0.0207  0.0255  0.0153  0.0399  0.0561 -0.0123]
Group-mean window series: observed DMT [1.109 1.101 1.084 1.107 1.050 0.996 0.981 1.014 1.020 1.039 1.055 1.057 1.050 1.121]; predicted DMT [1.147 1.142 1.121 1.151 1.128 1.037 1.002 1.046 1.056 1.072 1.084 1.091 1.077 1.163]; residual DMT [-0.038 -0.041 -0.037 -0.044 -0.078 -0.041 -0.020 -0.032 -0.036 -0.033 -0.029 -0.034 -0.027 -0.042]; residual PCB [-0.023 -0.031 -0.037 -0.028 -0.040 -0.038 -0.040 -0.043 -0.041 -0.042 -0.045 -0.044 -0.033 -0.042]

## ts_demean, W = 30

Levels (all subjects, runs, windows): observed sts 0.9636, predicted (AR(1) from a_x, a_y, q) 1.0470, residual -0.0834 (-8.7 % of observed); SD of the residual across subject × run × window 0.0507 vs SD of observed 0.0954; symmetric-a prediction 1.2055. AR(1)-substituted matrices that are not positive definite, left out of the substituted means (B26): 1,661 of 5,139,120 pair-windows.
Per-pair R² of predicted vs observed sts within a window: mean 0.574 (min 0.059, max 0.769). AR(1) lag-1 cross-correlation check: mean |corr(x_t, y_(t+1)) − a_y q| = 0.1299; correlation across pairs between observed and model lag-1 cross-correlations, mean 0.892 (min 0.678).
Subject 1 DMT window 2: pair-level r(obs, pred) = +0.711; obs mean 0.8905 SD 0.2522; pred mean 0.9190 SD 0.1974; residual mean -0.0285 SD 0.1783; r(residual, mean a) = -0.154, r(residual, |q|) = -0.097, r(residual, |a_x − a_y|) = +0.004
Subject 1 DMT window 6: pair-level r(obs, pred) = +0.795; obs mean 0.9485 SD 0.2800; pred mean 1.0161 SD 0.2268; residual mean -0.0676 SD 0.1700; r(residual, mean a) = -0.157, r(residual, |q|) = -0.273, r(residual, |a_x − a_y|) = +0.113 [1 pairs without the substituted estimate]
Subject 1 PCB window 2: pair-level r(obs, pred) = +0.745; obs mean 0.9606 SD 0.2737; pred mean 1.0349 SD 0.2166; residual mean -0.0743 SD 0.1829; r(residual, mean a) = -0.193, r(residual, |q|) = -0.307, r(residual, |a_x − a_y|) = +0.065
Subject 1 PCB window 6: pair-level r(obs, pred) = +0.761; obs mean 0.8663 SD 0.2764; pred mean 0.8765 SD 0.2372; residual mean -0.0101 SD 0.1813; r(residual, mean a) = -0.228, r(residual, |q|) = -0.105, r(residual, |a_x − a_y|) = +0.011 [2 pairs without the substituted estimate]
Primary DiD: observed -0.0877, predicted -0.1136 (129 % of observed), residual +0.0259. Per subject: r(residual DiD, autocorrelation contrast) = -0.604 (Spearman -0.631); r(predicted DiD, autocorrelation contrast) = +0.968; r(observed DiD, autocorrelation contrast) = +0.976; r(predicted DiD, observed DiD) = +0.981; r(residual DiD, observed DiD) = -0.571; residual DiD negative in 3/14.
Per-subject residual DiDs: [ 0.0305 -0.0007  0.0288  0.0009 -0.0102  0.0306  0.0379  0.0395  0.0374  0.0338  0.0255  0.0469  0.0763 -0.0152]
Group-mean window series: observed DMT [1.010 0.965 0.960 1.005 0.967 0.970 0.980 0.990 0.961 0.901 0.888 0.895 0.890 0.873 0.921 0.906 0.925 0.916 0.920 0.949 0.930 0.959 0.936 0.939 0.941 0.946 1.004 0.982]; predicted DMT [1.098 1.044 1.038 1.106 1.046 1.057 1.077 1.081 1.114 0.996 0.963 0.980 0.941 0.942 0.987 0.980 1.015 0.981 0.977 1.042 1.003 1.025 0.999 1.025 0.992 1.030 1.100 1.077]; residual DMT [-0.088 -0.080 -0.078 -0.102 -0.080 -0.087 -0.097 -0.092 -0.154 -0.095 -0.076 -0.084 -0.051 -0.068 -0.066 -0.074 -0.089 -0.066 -0.057 -0.093 -0.073 -0.067 -0.063 -0.086 -0.051 -0.084 -0.096 -0.094]; residual PCB [-0.072 -0.063 -0.073 -0.080 -0.088 -0.085 -0.086 -0.066 -0.083 -0.078 -0.085 -0.077 -0.091 -0.078 -0.097 -0.084 -0.091 -0.101 -0.093 -0.092 -0.096 -0.097 -0.109 -0.084 -0.076 -0.078 -0.082 -0.093]

## Global fit (run-level r1 and q)

ts_gsr: run-level observed sts (whole run, plug-in) 1.2883 vs AR(1) prediction from run-level (a_x, a_y, q) 1.3021 (residual -0.0137, -1.1 %); the prediction is constant across the run's bins, so the bin-level residual DiD equals the observed global-fit DiD (-0.0801); no decomposition is possible at this estimator.
ts_demean: run-level observed sts (whole run, plug-in) 1.2205 vs AR(1) prediction from run-level (a_x, a_y, q) 1.2197 (residual +0.0008, +0.1 %); the prediction is constant across the run's bins, so the bin-level residual DiD equals the observed global-fit DiD (-0.1035); no decomposition is possible at this estimator.
done (522s)
=== 2026-09-29 16:11:12  notes/partB14_family_atoms.py   -> notes/review_results/partB/family_atoms_run.log
git=d5a65bd
   ts_gsr: subject 1/14 done (2s)
   ts_gsr: subject 2/14 done (4s)
   ts_gsr: subject 3/14 done (6s)
   ts_gsr: subject 4/14 done (8s)
   ts_gsr: subject 5/14 done (10s)
   ts_gsr: subject 6/14 done (12s)
   ts_gsr: subject 7/14 done (14s)
   ts_gsr: subject 8/14 done (16s)
   ts_gsr: subject 9/14 done (18s)
   ts_gsr: subject 10/14 done (20s)
   ts_gsr: subject 11/14 done (22s)
   ts_gsr: subject 12/14 done (24s)
   ts_gsr: subject 13/14 done (26s)
   ts_gsr: subject 14/14 done (28s)
   ts_demean: subject 1/14 done (30s)
   ts_demean: subject 2/14 done (32s)
   ts_demean: subject 3/14 done (34s)
   ts_demean: subject 4/14 done (36s)
   ts_demean: subject 5/14 done (38s)
   ts_demean: subject 6/14 done (40s)
   ts_demean: subject 7/14 done (42s)
   ts_demean: subject 8/14 done (44s)
   ts_demean: subject 9/14 done (46s)
   ts_demean: subject 10/14 done (48s)
   ts_demean: subject 11/14 done (50s)
   ts_demean: subject 12/14 done (52s)
   ts_demean: subject 13/14 done (53s)
   ts_demean: subject 14/14 done (54s)
# Family-predicted sixteen atoms per pair, asymmetric diagonal family (partB14_family_atoms.py)
git=d5a65bd

Per window and pair: observed MMI atoms (PairPhiID.atoms_mean) and predicted atoms atoms_from_corr(ar1_corr(a_x, a_y, q)) from the window's measured (a_x, a_y, q), averaged over the 6,555 pairs; level = DMT windows 1–4, DiD = windows 6–14 minus 1–4, DMT minus placebo (mean over 14 subjects; in brackets the number of subjects with a negative DiD). W = 60; seed 20261120; region 20 excluded.

## ts_gsr, W = 60: Table 1's columns with the family-predicted atoms

| atom | observed level | predicted level | residual level | observed DiD (neg/14) | predicted DiD (neg/14) | residual DiD (neg/14) |
|---|---|---|---|---|---|---|
| rtr | +0.0388 | +0.0504 | -0.0116 | -0.0078 (10) | -0.0086 (10) | +0.0008 (4) |
| rtx | +0.0258 | +0.0027 | +0.0231 | -0.0012 (9) | -0.0003 (10) | -0.0008 (8) |
| rty | +0.0254 | +0.0024 | +0.0230 | -0.0012 (9) | -0.0000 (10) | -0.0011 (9) |
| rts | +0.5669 | +0.5756 | -0.0087 | -0.0407 (12) | -0.0414 (13) | +0.0008 (4) |
| xtr | +0.0254 | +0.0024 | +0.0230 | -0.0012 (9) | -0.0000 (10) | -0.0011 (9) |
| xtx | +0.6273 | +0.6617 | -0.0345 | -0.0523 (12) | -0.0535 (12) | +0.0012 (5) |
| xty | -0.0254 | -0.0024 | -0.0230 | +0.0012 (5) | +0.0000 (4) | +0.0011 (5) |
| xts | -0.5352 | -0.5747 | +0.0395 | +0.0399 (2) | +0.0413 (2) | -0.0014 (9) |
| ytr | +0.0258 | +0.0027 | +0.0231 | -0.0012 (9) | -0.0003 (10) | -0.0008 (8) |
| ytx | -0.0258 | -0.0027 | -0.0230 | +0.0012 (5) | +0.0003 (4) | +0.0008 (6) |
| yty | +0.6125 | +0.6470 | -0.0345 | -0.0396 (13) | -0.0408 (12) | +0.0012 (5) |
| yts | -0.5358 | -0.5747 | +0.0389 | +0.0404 (2) | +0.0414 (2) | -0.0010 (9) |
| str | +0.5667 | +0.5750 | -0.0082 | -0.0408 (12) | -0.0414 (12) | +0.0006 (5) |
| stx | -0.5350 | -0.5750 | +0.0400 | +0.0401 (2) | +0.0414 (2) | -0.0013 (9) |
| sty | -0.5357 | -0.5750 | +0.0392 | +0.0403 (2) | +0.0414 (2) | -0.0011 (9) |
| sts | +1.1554 | +1.2084 | -0.0530 | -0.0809 (13) | -0.0924 (13) | +0.0115 (4) |
| TDMI (sum) | +1.4772 | +1.4240 | +0.0532 | -0.1037 (12) | -0.1130 (12) | +0.0092 (5) |

Excess sts − (xtx + yty), DMT windows 1–4: observed -0.0844; family-predicted from each pair's (a_x, a_y, q) -0.1003; rtr observed +0.0388, predicted +0.0504.
Ordering rts = str below xtx, yty: predicted yes (rts +0.5756, str +0.5750, xtx +0.6617, yty +0.6470); observed yes (rts +0.5669, str +0.5667, xtx +0.6273, yty +0.6125).
Mirror atoms (xts, yts, stx, sty): predicted [-0.5747 -0.5747 -0.5750 -0.5750] against −rts predicted -0.5756; observed [-0.5352 -0.5358 -0.5350 -0.5357] against −rts observed -0.5669.
sts residual, all subjects, runs and windows: -0.0489 (the diagnostic's, diag_tables.md: −0.0489 on ts_gsr); observed sts level 1.1554, predicted 1.2084; sts DiD observed -0.0809, predicted -0.0924, residual +0.0115.
Largest |residual level| over the sixteen atoms: sts (-0.0530); largest |residual DiD|: sts (+0.0115).

Check against diag_series_ts_gsr_W60.npz: max |sts residual here − diagnostic's res| = 9.99e-15 (identical by construction up to floating point).

## ts_demean, W = 60: Table 1's columns with the family-predicted atoms

| atom | observed level | predicted level | residual level | observed DiD (neg/14) | predicted DiD (neg/14) | residual DiD (neg/14) |
|---|---|---|---|---|---|---|
| rtr | +0.0444 | +0.0593 | -0.0149 | +0.0005 (8) | +0.0030 (8) | -0.0025 (8) |
| rtx | +0.0293 | +0.0035 | +0.0257 | +0.0040 (6) | +0.0002 (7) | +0.0038 (6) |
| rty | +0.0288 | +0.0030 | +0.0258 | +0.0003 (5) | +0.0010 (4) | -0.0007 (7) |
| rts | +0.5265 | +0.5364 | -0.0099 | -0.0643 (12) | -0.0624 (12) | -0.0019 (11) |
| xtr | +0.0287 | +0.0030 | +0.0258 | +0.0003 (5) | +0.0010 (4) | -0.0007 (7) |
| xtx | +0.5871 | +0.6237 | -0.0366 | -0.0823 (13) | -0.0817 (13) | -0.0006 (7) |
| xty | -0.0286 | -0.0030 | -0.0257 | -0.0002 (8) | -0.0010 (10) | +0.0008 (7) |
| xts | -0.4933 | -0.5352 | +0.0419 | +0.0621 (2) | +0.0625 (2) | -0.0003 (7) |
| ytr | +0.0292 | +0.0035 | +0.0257 | +0.0040 (6) | +0.0002 (7) | +0.0038 (6) |
| ytx | -0.0291 | -0.0035 | -0.0256 | -0.0039 (8) | -0.0002 (7) | -0.0037 (8) |
| yty | +0.5658 | +0.6024 | -0.0366 | -0.0610 (12) | -0.0604 (12) | -0.0006 (7) |
| yts | -0.4942 | -0.5353 | +0.0411 | +0.0635 (2) | +0.0626 (2) | +0.0009 (7) |
| str | +0.5264 | +0.5356 | -0.0091 | -0.0646 (13) | -0.0625 (12) | -0.0021 (10) |
| stx | -0.4929 | -0.5356 | +0.0427 | +0.0627 (2) | +0.0625 (2) | +0.0002 (7) |
| sty | -0.4943 | -0.5356 | +0.0412 | +0.0636 (2) | +0.0625 (2) | +0.0010 (6) |
| sts | +1.1004 | +1.1403 | -0.0399 | -0.1031 (12) | -0.1213 (12) | +0.0182 (2) |
| TDMI (sum) | +1.4341 | +1.3625 | +0.0716 | -0.1186 (13) | -0.1341 (12) | +0.0155 (5) |

Excess sts − (xtx + yty), DMT windows 1–4: observed -0.0525; family-predicted from each pair's (a_x, a_y, q) -0.0858; rtr observed +0.0444, predicted +0.0593.
Ordering rts = str below xtx, yty: predicted yes (rts +0.5364, str +0.5356, xtx +0.6237, yty +0.6024); observed yes (rts +0.5265, str +0.5264, xtx +0.5871, yty +0.5658).
Mirror atoms (xts, yts, stx, sty): predicted [-0.5352 -0.5353 -0.5356 -0.5356] against −rts predicted -0.5364; observed [-0.4933 -0.4942 -0.4929 -0.4943] against −rts observed -0.5265.
sts residual, all subjects, runs and windows: -0.0378 (the diagnostic's, diag_tables.md: −0.0489 on ts_gsr); observed sts level 1.1004, predicted 1.1403; sts DiD observed -0.1031, predicted -0.1213, residual +0.0182.
Largest |residual level| over the sixteen atoms: stx (+0.0427); largest |residual DiD|: sts (+0.0182).

Check against diag_series_ts_demean_W60.npz: max |sts residual here − diagnostic's res| = 9.10e-15 (identical by construction up to floating point).

## Global fit (run-level a_x, a_y, q; levels, placebo and DMT pre-injection bins 1–8 of the observed bins; the prediction is constant across a run's bins)

| variant | atom | observed level (bins 1–8, DMT) | predicted level (run-level, DMT) | residual |
|---|---|---|---|---|
| ts_gsr | rtr | +0.0248 | +0.0234 | +0.0014 |
| ts_gsr | rtx | +0.0076 | +0.0006 | +0.0070 |
| ts_gsr | rty | +0.0074 | +0.0005 | +0.0070 |
| ts_gsr | rts | +0.6435 | +0.6306 | +0.0129 |
| ts_gsr | xtr | +0.0074 | +0.0005 | +0.0070 |
| ts_gsr | xtx | +0.6897 | +0.6736 | +0.0160 |
| ts_gsr | xty | -0.0074 | -0.0005 | -0.0070 |
| ts_gsr | xts | -0.6386 | -0.6306 | -0.0080 |
| ts_gsr | ytr | +0.0076 | +0.0006 | +0.0070 |
| ts_gsr | ytx | -0.0076 | -0.0006 | -0.0070 |
| ts_gsr | yty | +0.6719 | +0.6585 | +0.0134 |
| ts_gsr | yts | -0.6388 | -0.6306 | -0.0082 |
| ts_gsr | str | +0.6435 | +0.6306 | +0.0130 |
| ts_gsr | stx | -0.6387 | -0.6306 | -0.0081 |
| ts_gsr | sty | -0.6388 | -0.6306 | -0.0082 |
| ts_gsr | sts | +1.3085 | +1.2858 | +0.0227 |
| ts_gsr | excess sts − (xtx + yty) | -0.0531 | -0.0463 | -0.0067 |
| ts_demean | rtr | +0.0301 | +0.0444 | -0.0144 |
| ts_demean | rtx | +0.0074 | +0.0012 | +0.0062 |
| ts_demean | rty | +0.0085 | +0.0010 | +0.0075 |
| ts_demean | rts | +0.5979 | +0.5740 | +0.0239 |
| ts_demean | xtr | +0.0085 | +0.0010 | +0.0075 |
| ts_demean | xtx | +0.6522 | +0.6199 | +0.0323 |
| ts_demean | xty | -0.0085 | -0.0010 | -0.0075 |
| ts_demean | xts | -0.5933 | -0.5739 | -0.0195 |
| ts_demean | ytr | +0.0074 | +0.0012 | +0.0062 |
| ts_demean | ytx | -0.0074 | -0.0012 | -0.0062 |
| ts_demean | yty | +0.6236 | +0.6010 | +0.0227 |
| ts_demean | yts | -0.5934 | -0.5739 | -0.0195 |
| ts_demean | str | +0.5979 | +0.5739 | +0.0240 |
| ts_demean | stx | -0.5934 | -0.5739 | -0.0195 |
| ts_demean | sty | -0.5937 | -0.5739 | -0.0198 |
| ts_demean | sts | +1.2403 | +1.1948 | +0.0455 |
| ts_demean | excess sts − (xtx + yty) | -0.0355 | -0.0261 | -0.0095 |

## The rule of the pre-run entry

ts_gsr: predicted excess -0.1003 against observed -0.0844 — sign matches; predicted ordering rts = str < xtx, yty holds and the observed ordering holds; sts residual -0.0489.
ts_demean: predicted excess -0.0858 against observed -0.0525 — sign matches; predicted ordering rts = str < xtx, yty holds and the observed ordering holds; sts residual -0.0378.
Reading under the rule: the predicted sign of the excess and the ordering rts < xtx, yty match the data on both variants, so Results 1's "two departures" and their ACF attribution are replaced by the asymmetric-family account and the per-atom residuals (round 14).
done (58s)
=== 2026-09-29 16:12:10  notes/partB15_directed_crosslag.py   -> notes/review_results/partB/directed_crosslag_run.log
git=d5a65bd
   ts_gsr: subject 1/14 done (1s)
   ts_gsr: subject 2/14 done (2s)
   ts_gsr: subject 3/14 done (3s)
   ts_gsr: subject 4/14 done (4s)
   ts_gsr: subject 5/14 done (4s)
   ts_gsr: subject 6/14 done (5s)
   ts_gsr: subject 7/14 done (6s)
   ts_gsr: subject 8/14 done (7s)
   ts_gsr: subject 9/14 done (7s)
   ts_gsr: subject 10/14 done (8s)
   ts_gsr: subject 11/14 done (9s)
   ts_gsr: subject 12/14 done (10s)
   ts_gsr: subject 13/14 done (11s)
   ts_gsr: subject 14/14 done (12s)
   ts_demean: subject 1/14 done (13s)
   ts_demean: subject 2/14 done (14s)
   ts_demean: subject 3/14 done (15s)
   ts_demean: subject 4/14 done (15s)
   ts_demean: subject 5/14 done (16s)
   ts_demean: subject 6/14 done (18s)
   ts_demean: subject 7/14 done (19s)
   ts_demean: subject 8/14 done (20s)
   ts_demean: subject 9/14 done (21s)
   ts_demean: subject 10/14 done (21s)
   ts_demean: subject 11/14 done (22s)
   ts_demean: subject 12/14 done (23s)
   ts_demean: subject 13/14 done (24s)
   ts_demean: subject 14/14 done (25s)
# The directed (antisymmetric) cross-lag component (partB15_directed_crosslag.py)
git=d5a65bd

Per pair d_xy = corr(x_t, y_{t+1}) − a_y q and d_yx = corr(y_t, x_{t+1}) − a_x q; δ_sym = (d_xy + d_yx)/2 (partB10's d), δ_anti = (d_xy − d_yx)/2. Run level from the whole-run 4 × 4 matrices; W = 60 from each window's own. Seed 20261120; subject bootstrap 10000 draws; exact sign-flip p over 2^14 assignments. Region 20 excluded.

## ts_gsr, run level (whole-run matrices; 28 runs)

RMS of δ_anti over pairs: mean over runs 0.03783 (DMT 0.03757, placebo 0.03809); per subject (mean of the two runs) min 0.03128, max 0.04489. RMS of δ_sym: 0.00941. For reference, 1/√(kept TRs) ≈ 0.0345.
Mean pair a 0.8666, mean pair |q| 0.1945.
Closed-form response of the pair-mean sts (mean over runs): to δ_anti alone -0.00641 [-0.00692, -0.00586] (subject bootstrap of the per-subject mean of the two runs) — the directed share; to δ_sym alone -0.00712 — the symmetric share; to both -0.01373; run-level residual of the diagnostic (observed − AR(1) prediction) -0.01373 (DMT -0.01418, placebo -0.01328); the responses account for 100 % of the residual (directed alone 47 %, symmetric alone 52 %; the responses over the pairs whose four matrices are positive definite, the residual over those whose AR(1) matrix is, B26).
Per-subject directed response (mean of the two runs): [-0.00710 -0.00790 -0.00608 -0.00431 -0.00581 -0.00477 -0.00728 -0.00602 -0.00592 -0.00793 -0.00675 -0.00620 -0.00699 -0.00664]; negative in 14/14; sign-flip p = 0.0001.
DMT − placebo of the run-level RMS of δ_anti: -0.00052, sign-flip p = 0.7313; of the directed response: +0.00044, p = 0.3800.

## ts_gsr, W = 60 (each window's own matrices)

RMS of δ_anti per window, mean over runs and windows 0.10982 (DMT pre 0.10805, DMT post 0.11222, placebo pre 0.10958, placebo post 0.10745); for reference 1/√60 = 0.1291.
DiD of the RMS of δ_anti (windows 6–14 minus 1–4, DMT minus placebo): +0.00631 [+0.00006, +0.01278], sign-flip p = 0.0829, negative in 6/14.
DiD of the sign(q)-weighted mean of δ_sym (partB10's W = 60 statistic, for reference): -0.00119 [-0.00288, +0.00062], p = 0.2233.

## ts_demean, run level (whole-run matrices; 28 runs)

RMS of δ_anti over pairs: mean over runs 0.04013 (DMT 0.03884, placebo 0.04142); per subject (mean of the two runs) min 0.03410, max 0.05350. RMS of δ_sym: 0.01312. For reference, 1/√(kept TRs) ≈ 0.0345.
Mean pair a 0.8567, mean pair |q| 0.2544.
Closed-form response of the pair-mean sts (mean over runs): to δ_anti alone -0.00851 [-0.00991, -0.00720] (subject bootstrap of the per-subject mean of the two runs) — the directed share; to δ_sym alone +0.00920 — the symmetric share; to both +0.00079; run-level residual of the diagnostic (observed − AR(1) prediction) +0.00079 (DMT +0.00163, placebo -0.00005); the responses account for 100 % of the residual (directed alone -1073 %, symmetric alone 1160 %; the responses over the pairs whose four matrices are positive definite, the residual over those whose AR(1) matrix is, B26).
Per-subject directed response (mean of the two runs): [-0.00953 -0.00768 -0.00685 -0.00549 -0.00660 -0.00528 -0.00743 -0.00771 -0.01253 -0.00991 -0.00704 -0.01346 -0.01260 -0.00706]; negative in 14/14; sign-flip p = 0.0001.
DMT − placebo of the run-level RMS of δ_anti: -0.00258, sign-flip p = 0.2714; of the directed response: -0.00012, p = 0.8330.

## ts_demean, W = 60 (each window's own matrices)

RMS of δ_anti per window, mean over runs and windows 0.11285 (DMT pre 0.11211, DMT post 0.11471, placebo pre 0.11241, placebo post 0.11150); for reference 1/√60 = 0.1291.
DiD of the RMS of δ_anti (windows 6–14 minus 1–4, DMT minus placebo): +0.00352 [-0.00250, +0.00965], sign-flip p = 0.2977, negative in 5/14.
DiD of the sign(q)-weighted mean of δ_sym (partB10's W = 60 statistic, for reference): -0.00390 [-0.00633, -0.00137], p = 0.0128.

## The finite-sample null with within-pair lead–lag asymmetry (DMT pre operating point, W = 60, 3,000 pairs, T = 3,000)

(0) symmetric filter null, as review_v2_residual_null.py (solved bmean 184, qsd 0.266): window a 0.8629, |q| 0.2824; residual -0.03534 (-2.98 %); RMS δ_anti 0.10389, RMS δ_sym 0.02342; closed-form response to δ_anti -0.03484, to δ_sym -0.00008, to both -0.03574.
(1) y = x delayed by one sample mixed with independent noise at the pair's q (w = q / r₁ of x, clipped to ±0.99): window a 0.8637, |q| 0.2828; residual -0.06505 (-5.59 %); RMS δ_anti 0.12579, RMS δ_sym 0.02347; closed-form response to δ_anti -0.04955, to δ_sym -0.01157, to both -0.06553.
(2) symmetric VAR(1), population a = 0.8632, c_xy = +0.02, c_yx = −0.02, q ~ N(0, 0.266) clipped to the reachable lag-0 range -0.987 to +0.987 (window a and |q| as measured, see the note in the script): window a 0.7987, |q| 0.3126; residual -0.07343 (-9.51 %); RMS δ_anti 0.06488, RMS δ_sym 0.05227; closed-form response to δ_anti -0.01310, to δ_sym -0.05837, to both -0.07372.
(2) symmetric VAR(1), population a = 0.8632, c_xy = +0.04, c_yx = −0.04, q ~ N(0, 0.266) clipped to the reachable lag-0 range -0.949 to +0.949 (window a and |q| as measured, see the note in the script): window a 0.8012, |q| 0.3133; residual -0.07245 (-9.21 %); RMS δ_anti 0.07516, RMS δ_sym 0.05067; closed-form response to δ_anti -0.01880, to δ_sym -0.05141, to both -0.07290.
(2) symmetric VAR(1), population a = 0.8632, c_xy = +0.06, c_yx = −0.06, q ~ N(0, 0.266) clipped to the reachable lag-0 range -0.888 to +0.888 (window a and |q| as measured, see the note in the script): window a 0.8043, |q| 0.3091; residual -0.06847 (-8.47 %); RMS δ_anti 0.08931, RMS δ_sym 0.04900; closed-form response to δ_anti -0.02712, to δ_sym -0.03945, to both -0.06955.

Null residual levels: symmetric -0.03534; delayed-copy -0.06505; antisymmetric VAR(1) c = 0.02: -0.07343, c = 0.04: -0.07245, c = 0.06: -0.06847. These are W = 60 window-level residuals; the data's W = 60 residual is −0.0489 on ts_gsr (diag_tables.md) and its run-level residual −0.0137 (this script's run-level section above). Reported with their sizes; no branch labels (rule of the pre-run entry).

done (77s)
=== 2026-09-29 16:13:28  notes/partB4_residual_source.py
git=d5a65bd
   subject 1/14 done (3s)
   subject 2/14 done (6s)
   subject 3/14 done (8s)
   subject 4/14 done (13s)
   subject 5/14 done (16s)
   subject 6/14 done (18s)
   subject 7/14 done (21s)
   subject 8/14 done (23s)
   subject 9/14 done (26s)
   subject 10/14 done (28s)
   subject 11/14 done (31s)
   subject 12/14 done (34s)
   subject 13/14 done (36s)
   subject 14/14 done (39s)
# Residual source (partB4_residual_source.py; ts_gsr, W = 60, all subjects, both runs, 14 windows)
git=d5a65bd

Means over all cells: observed sts 1.1377; AR(1) prediction 1.1865 (residual -0.0489); cross-lag substitution only 1.1866 (residual -0.0489); lag-0 substitution only 1.1372 (residual +0.0005). max |prediction − cross-lag-only| over cells 0.00057.
Cross-lag deviation corr(x_t, y_(t+1)) − a_y q (and the y→x mirror), pooled over pairs: mean signed +0.00014 (per-cell range -0.0004 to +0.0014); mean absolute 0.0906; SD across pairs within a window 0.1128. Mean |lag-0 correlation of the past block − of the future block| 0.0168. Mean pair a 0.860, mean pair |q| 0.277. For reference, 1/sqrt(60) = 0.129.
residual: DMT pre -0.0530 post -0.0453; PCB pre -0.0479 post -0.0517; primary DiD +0.0115 (negative in 4/14)
cross-lag |deviation|: DMT pre +0.0891 post +0.0926; PCB pre +0.0904 post +0.0887; primary DiD +0.0053 (negative in 5/14)
cross-lag deviation SD: DMT pre +0.1110 post +0.1154; PCB pre +0.1127 post +0.1103; primary DiD +0.0068 (negative in 5/14)
cross-lag signed deviation: DMT pre +0.0002 post +0.0001; PCB pre +0.0000 post +0.0002; primary DiD -0.0002 (negative in 9/14)
pair a: DMT pre +0.8632 post +0.8532; PCB pre +0.8603 post +0.8657; primary DiD -0.0155 (negative in 12/14)
pair |q|: DMT pre +0.2842 post +0.2662; PCB pre +0.2839 post +0.2824; primary DiD -0.0164 (negative in 10/14)
Per subject: r(residual DiD, cross-lag |deviation| DiD) = +0.241; r(residual DiD, cross-lag deviation SD DiD) = +0.278; r(residual DiD, pair a DiD) = -0.777; r(residual DiD, pair |q| DiD) = -0.741
Across all 392 subject × run × window cells: r(residual, cross-lag deviation SD) = +0.432; r(residual, pair a) = -0.736; r(residual, pair |q|) = -0.711; r(cross-lag deviation SD, pair a) = -0.789
Joint regression of the cell residual on (pair a, pair |q|, cross-lag deviation SD), standardised: coefficients -0.743, -0.437, -0.262; partial correlations -0.629, -0.601, -0.297; R² 0.744
Group-mean window series of the cross-lag deviation SD: DMT [0.1115 0.1104 0.1125 0.1095 0.1149 0.1196 0.1208 0.1191 0.1157 0.1165 0.1122 0.1125 0.1129 0.1091]; PCB [0.1173 0.1127 0.1113 0.1093 0.1188 0.1103 0.1138 0.1084 0.1087 0.1120 0.1090 0.1078 0.1079 0.1146]

done (39s)
=== 2026-09-29 16:14:07  notes/partB5_family_checks.py
git=d5a65bd
# Family checks (partB5_family_checks.py)
git=d5a65bd

(0.85, 0.25): levels sts 1.2588, xtx+yty 1.2357, TDMI 1.2819, rtr 0.0231, rts+str 1.2357, mirrors -2.4715, PhiR 0.0231
   d/dr1: sts +6.071, xtx+yty +6.015, TDMI +6.126, rtr +0.056, rts+str +6.015, mirrors -12.030, PhiR +0.056
   d/dq:  sts -0.189, xtx+yty -0.378, TDMI +0.000, rtr +0.189, rts+str -0.378, mirrors +0.757, PhiR +0.189
   ratio |dsts/dr1| / |dsts/dq| = 32.1; rtr / sts level = 1.84 %
(0.85, 0.5): levels sts 1.1823, xtx+yty 1.0827, TDMI 1.2819, rtr 0.0996, rts+str 1.0827, mirrors -2.1654, PhiR 0.0996
   d/dr1: sts +5.867, xtx+yty +5.608, TDMI +6.126, rtr +0.259, rts+str +5.608, mirrors -11.215, PhiR +0.259
   d/dq:  sts -0.441, xtx+yty -0.882, TDMI +0.000, rtr +0.441, rts+str -0.882, mirrors +1.764, PhiR +0.441
   ratio |dsts/dr1| / |dsts/dq| = 13.3; rtr / sts level = 8.42 %
(0.97, 0.25): levels sts 2.7982, xtx+yty 2.7679, TDMI 2.8285, rtr 0.0303, rts+str 2.7679, mirrors -5.5358, PhiR 0.0303
   d/dr1: sts +32.774, xtx+yty +32.709, TDMI +32.838, rtr +0.064, rts+str +32.709, mirrors -65.418, PhiR +0.064
   d/dq:  sts -0.250, xtx+yty -0.500, TDMI +0.000, rtr +0.250, rts+str -0.500, mirrors +1.000, PhiR +0.250
   ratio |dsts/dr1| / |dsts/dq| = 131.1; rtr / sts level = 1.08 %

Symmetric family, 2,000 draws a ~ U(0, 0.95), q ~ U(−0.9, 0.9), seed 20261120: max |TDMI + ln(1 − a²)| = 3.6e-15; max |rtr + sts − TDMI| = 1.8e-15; max |rtr + ½ ln(1 − a²q²)| = 0.0e+00; max |ΦR − rtr| = 3.6e-15
Unequal a_x, a_y (2,000 draws, same seed stream; 171 not positive definite and excluded, 1829 kept): ΦR − rtr min +0.000, max +4.585, mean +0.094, share |ΦR − rtr| > 0.01: 0.53

Ratio |dsts/dr1| / |dsts/dq| at the implied operating points:
   r1 = 0.78: |q| = 0.25: 24.9; |q| = 0.6: 7.8
   r1 = 0.85: |q| = 0.25: 32.1; |q| = 0.6: 9.8
   r1 = 0.93: |q| = 0.25: 60.0; |q| = 0.6: 17.6
   r1 = 0.97: |q| = 0.25: 131.1; |q| = 0.6: 37.8

Lag-1 autocorrelation of ideal band-passed white noise, r1 = [sin(2π f_hi TR) − sin(2π f_lo TR)] / [2π (f_hi − f_lo) TR]:
   0.008–0.09 Hz, TR 2 s: 0.781
   0.008–0.09 Hz, TR 0.72 s: 0.970
   0.0025–0.05 Hz, TR 2 s: 0.932
   0.0025–0.05 Hz, TR 3 s: 0.851
   0.01–0.08 Hz, TR 2 s (this repository): 0.817
   0.01–0.08 Hz, TR 3 s: 0.614
   0.01–0.1 Hz, TR 3 s: 0.450

=== 2026-09-29 16:14:08  notes/partB6_ccs_definition.py
git=d5a65bd
git=d5a65bd
# CCS definition check (partB6_ccs_definition.py)

## 0. The four masks on identical samples: subject 1, ts_gsr, DMT window 6 and placebo window 2, all 6,555 pairs
subject 1 DMT window 6: share of samples selected — code 0.264, pub 0.320, both 0.261, either 0.324; share where the two masks disagree 0.063
   code: pair-mean sts -0.0354 (SD 0.0698), rtr +0.0682, xtx+yty +1.1113, agree share 0.269
   pub : pair-mean sts -0.0430 (SD 0.0663), rtr +0.0606, xtx+yty +1.0962, agree share 0.325
   pub8: pair-mean sts -0.0419 (SD 0.0665), rtr +0.0616, xtx+yty +1.0983, agree share 0.314
   pubD: pair-mean sts -0.0386 (SD 0.0690), rtr +0.0650, xtx+yty +1.1050, agree share 0.266
   code mask vs saved ccs_atoms_win60_ts_gsr.npy: max|diff| 0.0e+00
subject 1 PCB window 2: share of samples selected — code 0.280, pub 0.337, both 0.275, either 0.341; share where the two masks disagree 0.066
   code: pair-mean sts -0.0367 (SD 0.0744), rtr +0.0795, xtx+yty +1.1407, agree share 0.278
   pub : pair-mean sts -0.0452 (SD 0.0700), rtr +0.0709, xtx+yty +1.1235, agree share 0.335
   pub8: pair-mean sts -0.0441 (SD 0.0702), rtr +0.0721, xtx+yty +1.1259, agree share 0.324
   pubD: pair-mean sts -0.0405 (SD 0.0725), rtr +0.0756, xtx+yty +1.1330, agree share 0.274
   code mask vs saved ccs_atoms_win60_ts_gsr.npy: max|diff| 0.0e+00
   (2s)
   ts_gsr [pub]: subject 1/14 done (13s)
   ts_gsr [pub]: subject 2/14 done (24s)
   ts_gsr [pub]: subject 3/14 done (34s)
   ts_gsr [pub]: subject 4/14 done (45s)
   ts_gsr [pub]: subject 5/14 done (56s)
   ts_gsr [pub]: subject 6/14 done (67s)
   ts_gsr [pub]: subject 7/14 done (77s)
   ts_gsr [pub]: subject 8/14 done (88s)
   ts_gsr [pub]: subject 9/14 done (99s)
   ts_gsr [pub]: subject 10/14 done (110s)
   ts_gsr [pub]: subject 11/14 done (120s)
   ts_gsr [pub]: subject 12/14 done (131s)
   ts_gsr [pub]: subject 13/14 done (142s)
   ts_gsr [pub]: subject 14/14 done (153s)
CCSpub sts ts_gsr W60              primary                DiD +0.0044 [+0.0004, +0.0081] p=0.0559 neg 3/14 | phase p=0.0060 | DMT +0.0021 (p=0.167) PCB -0.0023 (p=0.109) placebo share 0.52 | FD DiD +0.0143 (p=0.245) | FD-resid +0.0039 [+0.0005, +0.0073] p=0.0535 2/14 SURVIVES
CCSpub sts ts_gsr W60              sensitivity            DiD +0.0045 [+0.0008, +0.0080] p=0.0356 neg 3/14 | phase p=0.0050 | DMT +0.0023 (p=0.115) PCB -0.0021 (p=0.108) placebo share 0.48 | FD DiD +0.0191 (p=0.108) | FD-resid +0.0040 [+0.0008, +0.0069] p=0.0326 2/14 SURVIVES
CCSpub sts ts_gsr W60              early                  DiD +0.0052 [+0.0011, +0.0093] p=0.0320 neg 3/14 | phase p=0.0070 | DMT +0.0031 (p=0.018) PCB -0.0021 (p=0.192) placebo share 0.41 | FD DiD +0.0366 (p=0.010) | FD-resid +0.0043 [+0.0008, +0.0079] p=0.0385 3/14 SURVIVES
CCSpub sts ts_gsr W60              late                   DiD +0.0037 [-0.0011, +0.0082] p=0.1505 neg 4/14 | phase p=0.0280 | DMT +0.0013 (p=0.467) PCB -0.0024 (p=0.130) placebo share 0.64 | FD DiD -0.0034 (p=0.807) | FD-resid +0.0036 [-0.0006, +0.0073] p=0.1128 3/14 does NOT survive
CCSpub sts ts_gsr W60              trend_a_placebo_line   DiD +0.0041 [+0.0006, +0.0076] p=0.0486 neg 3/14
CCSpub sts ts_gsr W60              trend_b_shared_slope   DiD +0.0044 [+0.0016, +0.0074] p=0.0107 neg 2/14
CCSpub xtx+yty ts_gsr W60          primary                DiD -0.0894 [-0.1431, -0.0382] p=0.0055 neg 12/14 | phase p=0.0020 | DMT -0.0513 (p=0.031) PCB +0.0381 (p=0.036) placebo share 0.43 | FD DiD +0.0143 (p=0.245) | FD-resid -0.0698 [-0.1076, -0.0281] p=0.0071 12/14 SURVIVES
CCSpub xtx+yty ts_gsr W60          sensitivity            DiD -0.0798 [-0.1327, -0.0277] p=0.0106 neg 12/14 | phase p=0.0020 | DMT -0.0510 (p=0.032) PCB +0.0288 (p=0.090) placebo share 0.36 | FD DiD +0.0191 (p=0.108) | FD-resid -0.0584 [-0.0948, -0.0186] p=0.0155 12/14 SURVIVES
CCSpub xtx+yty ts_gsr W60          early                  DiD -0.1101 [-0.1631, -0.0592] p=0.0016 neg 12/14 | phase p=0.0010 | DMT -0.0886 (p=0.002) PCB +0.0216 (p=0.227) placebo share 0.20 | FD DiD +0.0366 (p=0.010) | FD-resid -0.0841 [-0.1264, -0.0421] p=0.0028 11/14 SURVIVES
CCSpub xtx+yty ts_gsr W60          late                   DiD -0.0728 [-0.1321, -0.0136] p=0.0333 neg 10/14 | phase p=0.0030 | DMT -0.0215 (p=0.402) PCB +0.0513 (p=0.009) placebo share 0.70 | FD DiD -0.0034 (p=0.807) | FD-resid -0.0583 [-0.1019, -0.0072] p=0.0367 12/14 SURVIVES
CCSpub xtx+yty ts_gsr W60          trend_a_placebo_line   DiD -0.0990 [-0.1521, -0.0500] p=0.0023 neg 13/14
CCSpub xtx+yty ts_gsr W60          trend_b_shared_slope   DiD -0.1086 [-0.1589, -0.0626] p=0.0010 neg 13/14
CCSpub rtr ts_gsr W60              primary                DiD -0.0117 [-0.0200, -0.0028] p=0.0295 neg 10/14 | phase p=0.0050 | DMT -0.0107 (p=0.012) PCB +0.0010 (p=0.712) placebo share 0.08 | FD DiD +0.0143 (p=0.245) | FD-resid -0.0107 [-0.0192, -0.0015] p=0.0424 10/14 SURVIVES
CCSpub rtr ts_gsr W60              sensitivity            DiD -0.0108 [-0.0192, -0.0020] p=0.0374 neg 10/14 | phase p=0.0050 | DMT -0.0103 (p=0.014) PCB +0.0005 (p=0.855) placebo share 0.04 | FD DiD +0.0191 (p=0.108) | FD-resid -0.0096 [-0.0177, -0.0012] p=0.0532 10/14 SURVIVES
CCSpub rtr ts_gsr W60              early                  DiD -0.0193 [-0.0268, -0.0118] p=0.0006 neg 13/14 | phase p=0.0010 | DMT -0.0169 (p=0.000) PCB +0.0024 (p=0.407) placebo share 0.12 | FD DiD +0.0366 (p=0.010) | FD-resid -0.0165 [-0.0238, -0.0090] p=0.0020 11/14 SURVIVES
CCSpub rtr ts_gsr W60              late                   DiD -0.0055 [-0.0158, +0.0057] p=0.3385 neg 9/14 | phase p=0.2428 | DMT -0.0057 (p=0.200) PCB -0.0002 (p=0.953) placebo share -0.03 | FD DiD -0.0034 (p=0.807) | FD-resid -0.0060 [-0.0161, +0.0049] p=0.2948 10/14 does NOT survive
CCSpub rtr ts_gsr W60              trend_a_placebo_line   DiD -0.0112 [-0.0201, -0.0023] p=0.0363 neg 9/14
CCSpub rtr ts_gsr W60              trend_b_shared_slope   DiD -0.0150 [-0.0229, -0.0067] p=0.0054 neg 12/14
CCSpub sts ts_gsr global-bins      primary                DiD +0.0197 [+0.0142, +0.0254] p=0.0002 neg 1/14 | phase p=0.0010 | DMT +0.0122 (p=0.000) PCB -0.0075 (p=0.001) placebo share 0.38 | FD DiD +0.0143 (p=0.245) | FD-resid +0.0152 [+0.0108, +0.0198] p=0.0001 0/14 SURVIVES
CCSpub sts ts_gsr global-bins      sensitivity            DiD +0.0191 [+0.0138, +0.0248] p=0.0001 neg 0/14 | phase p=0.0010 | DMT +0.0124 (p=0.000) PCB -0.0067 (p=0.001) placebo share 0.35 | FD DiD +0.0174 (p=0.155) | FD-resid +0.0149 [+0.0106, +0.0194] p=0.0001 0/14 SURVIVES
CCSpub sts ts_gsr global-bins      early                  DiD +0.0184 [+0.0129, +0.0245] p=0.0001 neg 0/14 | phase p=0.0010 | DMT +0.0160 (p=0.000) PCB -0.0024 (p=0.123) placebo share 0.13 | FD DiD +0.0366 (p=0.010) | FD-resid +0.0154 [+0.0105, +0.0203] p=0.0002 1/14 SURVIVES
CCSpub sts ts_gsr global-bins      late                   DiD +0.0206 [+0.0143, +0.0270] p=0.0002 neg 1/14 | phase p=0.0010 | DMT +0.0092 (p=0.003) PCB -0.0115 (p=0.000) placebo share 0.56 | FD DiD -0.0034 (p=0.807) | FD-resid +0.0150 [+0.0104, +0.0196] p=0.0001 0/14 SURVIVES
CCSpub sts ts_gsr global-bins      trend_a_placebo_line   DiD +0.0227 [+0.0168, +0.0284] p=0.0001 neg 0/14
CCSpub sts ts_gsr global-bins      trend_b_shared_slope   DiD +0.0224 [+0.0167, +0.0284] p=0.0001 neg 0/14
CCSpub xtx+yty ts_gsr global-bins  primary                DiD -0.0834 [-0.1451, -0.0245] p=0.0164 neg 13/14 | phase p=0.0010 | DMT -0.0546 (p=0.069) PCB +0.0289 (p=0.069) placebo share 0.35 | FD DiD +0.0143 (p=0.245) | FD-resid -0.0670 [-0.1141, -0.0140] p=0.0271 13/14 SURVIVES
CCSpub xtx+yty ts_gsr global-bins  sensitivity            DiD -0.0809 [-0.1423, -0.0219] p=0.0194 neg 13/14 | phase p=0.0010 | DMT -0.0560 (p=0.059) PCB +0.0249 (p=0.109) placebo share 0.31 | FD DiD +0.0174 (p=0.155) | FD-resid -0.0635 [-0.1091, -0.0113] p=0.0302 12/14 SURVIVES
CCSpub xtx+yty ts_gsr global-bins  early                  DiD -0.1068 [-0.1623, -0.0561] p=0.0015 neg 13/14 | phase p=0.0010 | DMT -0.0862 (p=0.004) PCB +0.0205 (p=0.208) placebo share 0.19 | FD DiD +0.0366 (p=0.010) | FD-resid -0.0817 [-0.1240, -0.0374] p=0.0043 12/14 SURVIVES
CCSpub xtx+yty ts_gsr global-bins  late                   DiD -0.0647 [-0.1369, +0.0080] p=0.1082 neg 11/14 | phase p=0.0280 | DMT -0.0292 (p=0.378) PCB +0.0355 (p=0.047) placebo share 0.55 | FD DiD -0.0034 (p=0.807) | FD-resid -0.0551 [-0.1129, +0.0096] p=0.1165 11/14 does NOT survive
CCSpub xtx+yty ts_gsr global-bins  trend_a_placebo_line   DiD -0.0860 [-0.1459, -0.0265] p=0.0150 neg 12/14
CCSpub xtx+yty ts_gsr global-bins  trend_b_shared_slope   DiD -0.0998 [-0.1574, -0.0452] p=0.0039 neg 13/14
CCSpub rtr ts_gsr global-bins      primary                DiD -0.0237 [-0.0337, -0.0136] p=0.0009 neg 13/14 | phase p=0.0010 | DMT -0.0189 (p=0.002) PCB +0.0048 (p=0.054) placebo share 0.20 | FD DiD +0.0143 (p=0.245) | FD-resid -0.0195 [-0.0290, -0.0103] p=0.0021 12/14 SURVIVES
CCSpub rtr ts_gsr global-bins      sensitivity            DiD -0.0235 [-0.0335, -0.0138] p=0.0009 neg 13/14 | phase p=0.0010 | DMT -0.0195 (p=0.001) PCB +0.0040 (p=0.095) placebo share 0.17 | FD DiD +0.0174 (p=0.155) | FD-resid -0.0194 [-0.0285, -0.0104] p=0.0020 12/14 SURVIVES
CCSpub rtr ts_gsr global-bins      early                  DiD -0.0285 [-0.0363, -0.0204] p=0.0002 neg 13/14 | phase p=0.0010 | DMT -0.0267 (p=0.000) PCB +0.0018 (p=0.378) placebo share 0.06 | FD DiD +0.0366 (p=0.010) | FD-resid -0.0241 [-0.0323, -0.0163] p=0.0002 13/14 SURVIVES
CCSpub rtr ts_gsr global-bins      late                   DiD -0.0198 [-0.0319, -0.0077] p=0.0106 neg 11/14 | phase p=0.0020 | DMT -0.0127 (p=0.042) PCB +0.0072 (p=0.032) placebo share 0.36 | FD DiD -0.0034 (p=0.807) | FD-resid -0.0159 [-0.0268, -0.0048] p=0.0200 11/14 SURVIVES
CCSpub rtr ts_gsr global-bins      trend_a_placebo_line   DiD -0.0262 [-0.0370, -0.0157] p=0.0007 neg 12/14
CCSpub rtr ts_gsr global-bins      trend_b_shared_slope   DiD -0.0295 [-0.0396, -0.0197] p=0.0004 neg 13/14
   ts_demean [pub]: subject 1/14 done (206s)
   ts_demean [pub]: subject 2/14 done (217s)
   ts_demean [pub]: subject 3/14 done (227s)
   ts_demean [pub]: subject 4/14 done (237s)
   ts_demean [pub]: subject 5/14 done (248s)
   ts_demean [pub]: subject 6/14 done (258s)
   ts_demean [pub]: subject 7/14 done (268s)
   ts_demean [pub]: subject 8/14 done (278s)
   ts_demean [pub]: subject 9/14 done (289s)
   ts_demean [pub]: subject 10/14 done (299s)
   ts_demean [pub]: subject 11/14 done (309s)
   ts_demean [pub]: subject 12/14 done (319s)
   ts_demean [pub]: subject 13/14 done (330s)
   ts_demean [pub]: subject 14/14 done (340s)
CCSpub sts ts_demean W60           primary                DiD +0.0120 [+0.0054, +0.0192] p=0.0040 neg 3/14 | phase p=0.0020 | DMT +0.0051 (p=0.098) PCB -0.0069 (p=0.003) placebo share 0.57 | FD DiD +0.0143 (p=0.245) | FD-resid +0.0111 [+0.0051, +0.0175] p=0.0046 3/14 SURVIVES
CCSpub sts ts_demean W60           sensitivity            DiD +0.0107 [+0.0044, +0.0177] p=0.0050 neg 3/14 | phase p=0.0040 | DMT +0.0040 (p=0.170) PCB -0.0067 (p=0.004) placebo share 0.62 | FD DiD +0.0191 (p=0.108) | FD-resid +0.0101 [+0.0042, +0.0163] p=0.0066 2/14 SURVIVES
CCSpub sts ts_demean W60           early                  DiD +0.0094 [+0.0036, +0.0152] p=0.0087 neg 2/14 | phase p=0.0420 | DMT +0.0029 (p=0.298) PCB -0.0065 (p=0.002) placebo share 0.69 | FD DiD +0.0366 (p=0.010) | FD-resid +0.0099 [+0.0055, +0.0145] p=0.0013 1/14 SURVIVES
CCSpub sts ts_demean W60           late                   DiD +0.0140 [+0.0053, +0.0239] p=0.0083 neg 3/14 | phase p=0.0020 | DMT +0.0069 (p=0.085) PCB -0.0071 (p=0.010) placebo share 0.51 | FD DiD -0.0034 (p=0.807) | FD-resid +0.0121 [+0.0039, +0.0208] p=0.0151 3/14 SURVIVES
CCSpub sts ts_demean W60           trend_a_placebo_line   DiD +0.0101 [+0.0039, +0.0167] p=0.0081 neg 2/14
CCSpub sts ts_demean W60           trend_b_shared_slope   DiD +0.0080 [+0.0026, +0.0137] p=0.0145 neg 2/14
CCSpub xtx+yty ts_demean W60       primary                DiD -0.1333 [-0.1917, -0.0741] p=0.0020 neg 13/14 | phase p=0.0010 | DMT -0.0831 (p=0.022) PCB +0.0502 (p=0.011) placebo share 0.38 | FD DiD +0.0143 (p=0.245) | FD-resid -0.1111 [-0.1607, -0.0586] p=0.0021 13/14 SURVIVES
CCSpub xtx+yty ts_demean W60       sensitivity            DiD -0.1182 [-0.1739, -0.0595] p=0.0029 neg 12/14 | phase p=0.0010 | DMT -0.0792 (p=0.023) PCB +0.0391 (p=0.029) placebo share 0.33 | FD DiD +0.0191 (p=0.108) | FD-resid -0.0947 [-0.1418, -0.0457] p=0.0038 13/14 SURVIVES
CCSpub xtx+yty ts_demean W60       early                  DiD -0.1408 [-0.1929, -0.0866] p=0.0006 neg 13/14 | phase p=0.0010 | DMT -0.1127 (p=0.003) PCB +0.0281 (p=0.095) placebo share 0.20 | FD DiD +0.0366 (p=0.010) | FD-resid -0.1161 [-0.1677, -0.0666] p=0.0012 12/14 SURVIVES
CCSpub xtx+yty ts_demean W60       late                   DiD -0.1273 [-0.1990, -0.0549] p=0.0063 neg 11/14 | phase p=0.0010 | DMT -0.0594 (p=0.113) PCB +0.0679 (p=0.003) placebo share 0.53 | FD DiD -0.0034 (p=0.807) | FD-resid -0.1070 [-0.1706, -0.0410] p=0.0090 11/14 SURVIVES
CCSpub xtx+yty ts_demean W60       trend_a_placebo_line   DiD -0.1430 [-0.2068, -0.0799] p=0.0013 neg 13/14
CCSpub xtx+yty ts_demean W60       trend_b_shared_slope   DiD -0.1441 [-0.2054, -0.0835] p=0.0012 neg 13/14
CCSpub rtr ts_demean W60           primary                DiD +0.0036 [-0.0079, +0.0163] p=0.5797 neg 8/14 | phase p=0.5335 | DMT +0.0073 (p=0.347) PCB +0.0037 (p=0.318) placebo share -1.03 | FD DiD +0.0143 (p=0.245) | FD-resid +0.0054 [-0.0074, +0.0205] p=0.5049 8/14 does NOT survive
CCSpub rtr ts_demean W60           sensitivity            DiD +0.0057 [-0.0053, +0.0196] p=0.4448 neg 8/14 | phase p=0.3467 | DMT +0.0106 (p=0.247) PCB +0.0049 (p=0.245) placebo share -0.86 | FD DiD +0.0191 (p=0.108) | FD-resid +0.0060 [-0.0061, +0.0214] p=0.4990 8/14 does NOT survive
CCSpub rtr ts_demean W60           early                  DiD -0.0014 [-0.0144, +0.0141] p=0.8748 neg 8/14 | phase p=0.8442 | DMT +0.0031 (p=0.663) PCB +0.0045 (p=0.318) placebo share 3.23 | FD DiD +0.0366 (p=0.010) | FD-resid -0.0045 [-0.0142, +0.0070] p=0.4628 9/14 does NOT survive
CCSpub rtr ts_demean W60           late                   DiD +0.0076 [-0.0052, +0.0211] p=0.3081 neg 5/14 | phase p=0.2557 | DMT +0.0106 (p=0.226) PCB +0.0030 (p=0.462) placebo share -0.40 | FD DiD -0.0034 (p=0.807) | FD-resid +0.0133 [-0.0035, +0.0318] p=0.1919 7/14 does NOT survive
CCSpub rtr ts_demean W60           trend_a_placebo_line   DiD +0.0051 [-0.0056, +0.0178] p=0.4696 neg 6/14
CCSpub rtr ts_demean W60           trend_b_shared_slope   DiD +0.0020 [-0.0079, +0.0134] p=0.7408 neg 10/14
CCSpub sts ts_demean global-bins   primary                DiD +0.0355 [+0.0231, +0.0485] p=0.0001 neg 0/14 | phase p=0.0010 | DMT +0.0248 (p=0.000) PCB -0.0107 (p=0.000) placebo share 0.30 | FD DiD +0.0143 (p=0.245) | FD-resid +0.0294 [+0.0173, +0.0429] p=0.0001 0/14 SURVIVES
CCSpub sts ts_demean global-bins   sensitivity            DiD +0.0351 [+0.0231, +0.0480] p=0.0001 neg 0/14 | phase p=0.0010 | DMT +0.0251 (p=0.000) PCB -0.0100 (p=0.000) placebo share 0.29 | FD DiD +0.0174 (p=0.155) | FD-resid +0.0293 [+0.0173, +0.0425] p=0.0001 0/14 SURVIVES
CCSpub sts ts_demean global-bins   early                  DiD +0.0326 [+0.0225, +0.0435] p=0.0001 neg 0/14 | phase p=0.0010 | DMT +0.0279 (p=0.000) PCB -0.0047 (p=0.023) placebo share 0.14 | FD DiD +0.0366 (p=0.010) | FD-resid +0.0286 [+0.0179, +0.0404] p=0.0001 0/14 SURVIVES
CCSpub sts ts_demean global-bins   late                   DiD +0.0378 [+0.0232, +0.0529] p=0.0002 neg 1/14 | phase p=0.0010 | DMT +0.0224 (p=0.005) PCB -0.0154 (p=0.000) placebo share 0.41 | FD DiD -0.0034 (p=0.807) | FD-resid +0.0300 [+0.0169, +0.0445] p=0.0001 0/14 SURVIVES
CCSpub sts ts_demean global-bins   trend_a_placebo_line   DiD +0.0390 [+0.0259, +0.0528] p=0.0001 neg 0/14
CCSpub sts ts_demean global-bins   trend_b_shared_slope   DiD +0.0376 [+0.0258, +0.0503] p=0.0001 neg 0/14
CCSpub xtx+yty ts_demean global-bins primary                DiD -0.1065 [-0.1703, -0.0398] p=0.0110 neg 12/14 | phase p=0.0010 | DMT -0.0674 (p=0.073) PCB +0.0391 (p=0.033) placebo share 0.37 | FD DiD +0.0143 (p=0.245) | FD-resid -0.0917 [-0.1479, -0.0266] p=0.0171 12/14 SURVIVES
CCSpub xtx+yty ts_demean global-bins sensitivity            DiD -0.1032 [-0.1678, -0.0366] p=0.0123 neg 12/14 | phase p=0.0010 | DMT -0.0668 (p=0.073) PCB +0.0364 (p=0.045) placebo share 0.35 | FD DiD +0.0174 (p=0.155) | FD-resid -0.0880 [-0.1434, -0.0233] p=0.0186 12/14 SURVIVES
CCSpub xtx+yty ts_demean global-bins early                  DiD -0.1193 [-0.1750, -0.0631] p=0.0022 neg 13/14 | phase p=0.0020 | DMT -0.0962 (p=0.011) PCB +0.0231 (p=0.163) placebo share 0.19 | FD DiD +0.0366 (p=0.010) | FD-resid -0.1019 [-0.1551, -0.0482] p=0.0043 12/14 SURVIVES
CCSpub xtx+yty ts_demean global-bins late                   DiD -0.0963 [-0.1755, -0.0124] p=0.0435 neg 11/14 | phase p=0.0080 | DMT -0.0444 (p=0.275) PCB +0.0519 (p=0.019) placebo share 0.54 | FD DiD -0.0034 (p=0.807) | FD-resid -0.0836 [-0.1546, -0.0067] p=0.0610 10/14 SURVIVES
CCSpub xtx+yty ts_demean global-bins trend_a_placebo_line   DiD -0.1097 [-0.1781, -0.0389] p=0.0120 neg 12/14
CCSpub xtx+yty ts_demean global-bins trend_b_shared_slope   DiD -0.1189 [-0.1879, -0.0500] p=0.0062 neg 12/14
CCSpub rtr ts_demean global-bins   primary                DiD -0.0149 [-0.0305, -0.0011] p=0.0741 neg 9/14 | phase p=0.0310 | DMT -0.0081 (p=0.295) PCB +0.0068 (p=0.067) placebo share 0.46 | FD DiD +0.0143 (p=0.245) | FD-resid -0.0097 [-0.0237, +0.0051] p=0.2335 10/14 does NOT survive
CCSpub rtr ts_demean global-bins   sensitivity            DiD -0.0139 [-0.0295, +0.0001] p=0.1001 neg 9/14 | phase p=0.0460 | DMT -0.0083 (p=0.282) PCB +0.0055 (p=0.121) placebo share 0.40 | FD DiD +0.0174 (p=0.155) | FD-resid -0.0096 [-0.0237, +0.0049] p=0.2365 10/14 does NOT survive
CCSpub rtr ts_demean global-bins   early                  DiD -0.0191 [-0.0335, -0.0037] p=0.0355 neg 10/14 | phase p=0.0250 | DMT -0.0164 (p=0.036) PCB +0.0027 (p=0.458) placebo share 0.14 | FD DiD +0.0366 (p=0.010) | FD-resid -0.0198 [-0.0308, -0.0085] p=0.0045 12/14 SURVIVES
CCSpub rtr ts_demean global-bins   late                   DiD -0.0116 [-0.0302, +0.0049] p=0.2404 neg 9/14 | phase p=0.1518 | DMT -0.0015 (p=0.866) PCB +0.0101 (p=0.030) placebo share 0.87 | FD DiD -0.0034 (p=0.807) | FD-resid -0.0016 [-0.0203, +0.0179] p=0.8794 7/14 does NOT survive
CCSpub rtr ts_demean global-bins   trend_a_placebo_line   DiD -0.0182 [-0.0334, -0.0049] p=0.0253 neg 10/14
CCSpub rtr ts_demean global-bins   trend_b_shared_slope   DiD -0.0219 [-0.0366, -0.0085] p=0.0078 neg 11/14

## 2. Sensitivity masks (ts_gsr, W = 60, whole-brain window means only; decide nothing)
   ts_gsr [pub8]: subject 1/14 done (389s)
   ts_gsr [pub8]: subject 2/14 done (394s)
   ts_gsr [pub8]: subject 3/14 done (399s)
   ts_gsr [pub8]: subject 4/14 done (404s)
   ts_gsr [pub8]: subject 5/14 done (409s)
   ts_gsr [pub8]: subject 6/14 done (414s)
   ts_gsr [pub8]: subject 7/14 done (419s)
   ts_gsr [pub8]: subject 8/14 done (425s)
   ts_gsr [pub8]: subject 9/14 done (430s)
   ts_gsr [pub8]: subject 10/14 done (435s)
   ts_gsr [pub8]: subject 11/14 done (440s)
   ts_gsr [pub8]: subject 12/14 done (445s)
   ts_gsr [pub8]: subject 13/14 done (450s)
   ts_gsr [pub8]: subject 14/14 done (456s)
   pub8: CCS sts level -0.0468, primary DiD +0.0044 (negative in 4/14), selected share 0.340
   ts_gsr [pubD]: subject 1/14 done (461s)
   ts_gsr [pubD]: subject 2/14 done (466s)
   ts_gsr [pubD]: subject 3/14 done (471s)
   ts_gsr [pubD]: subject 4/14 done (476s)
   ts_gsr [pubD]: subject 5/14 done (481s)
   ts_gsr [pubD]: subject 6/14 done (486s)
   ts_gsr [pubD]: subject 7/14 done (491s)
   ts_gsr [pubD]: subject 8/14 done (496s)
   ts_gsr [pubD]: subject 9/14 done (501s)
   ts_gsr [pubD]: subject 10/14 done (506s)
   ts_gsr [pubD]: subject 11/14 done (512s)
   ts_gsr [pubD]: subject 12/14 done (517s)
   ts_gsr [pubD]: subject 13/14 done (522s)
   ts_gsr [pubD]: subject 14/14 done (527s)
   pubD: CCS sts level -0.0425, primary DiD +0.0038 (negative in 4/14), selected share 0.290

## 3. Verdict under the rule recorded in the analysis record (agree = every whole-brain CCS-sts level and primary DiD within 0.001 nats and no sign-flip p crossing 0.05)
   ts_gsr W60: level pub -0.0480 vs code -0.0387 (|Δ| 0.0094); DiD pub +0.0044 vs code +0.0036 (|Δ| 0.0008); p pub 0.0559 vs code 0.0844 → DIFFERS
   ts_gsr global-bins: level pub -0.0358 vs code -0.0335 (|Δ| 0.0023); DiD pub +0.0197 vs code +0.0210 (|Δ| 0.0014); p pub 0.0002 vs code 0.0001 → DIFFERS
   ts_demean W60: level pub -0.0378 vs code -0.0255 (|Δ| 0.0122); DiD pub +0.0120 vs code +0.0134 (|Δ| 0.0014); p pub 0.0040 vs code 0.0052 → DIFFERS
   ts_demean global-bins: level pub -0.0386 vs code -0.0297 (|Δ| 0.0088); DiD pub +0.0355 vs code +0.0321 (|Δ| 0.0034); p pub 0.0001 vs code 0.0001 → DIFFERS
   VERDICT: the definitions differ on these data; every CCS number in the manuscript is replaced by the published-definition value (this file), phyid values reported alongside as the code variant
done (527s)
=== 2026-09-29 16:22:55  notes/partB18_ccs_decomposition.py   -> notes/review_results/partB/ccs_decomposition_run.log
git=d5a65bd
   ts_gsr: subject 1/14 done (7s)
   ts_gsr: subject 2/14 done (14s)
   ts_gsr: subject 3/14 done (21s)
   ts_gsr: subject 4/14 done (28s)
   ts_gsr: subject 5/14 done (35s)
   ts_gsr: subject 6/14 done (42s)
   ts_gsr: subject 7/14 done (49s)
   ts_gsr: subject 8/14 done (56s)
   ts_gsr: subject 9/14 done (63s)
   ts_gsr: subject 10/14 done (70s)
   ts_gsr: subject 11/14 done (77s)
   ts_gsr: subject 12/14 done (84s)
   ts_gsr: subject 13/14 done (91s)
   ts_gsr: subject 14/14 done (98s)
   ts_demean: subject 1/14 done (105s)
   ts_demean: subject 2/14 done (112s)
   ts_demean: subject 3/14 done (119s)
   ts_demean: subject 4/14 done (126s)
   ts_demean: subject 5/14 done (133s)
   ts_demean: subject 6/14 done (140s)
   ts_demean: subject 7/14 done (147s)
   ts_demean: subject 8/14 done (154s)
   ts_demean: subject 9/14 done (161s)
   ts_demean: subject 10/14 done (168s)
   ts_demean: subject 11/14 done (175s)
   ts_demean: subject 12/14 done (182s)
   ts_demean: subject 13/14 done (189s)
   ts_demean: subject 14/14 done (196s)
# The CCS-sts increase decomposed: mask-selected share and double co-information of the rejected samples (partB18_ccs_decomposition.py)
git=d5a65bd

Per pair and period CCS-sts = −(1 − s) c̄_rej exactly (samples of the period's windows or bins pooled): s the mask-selected share, c̄_rej the mean double co-information over the rejected samples. Masks: code (phyid's), pub (published). The pre → post change of the pair-mean CCS-sts is split per pair into c̄_pre Δs (share term), −(1 − s_pre) Δc̄ (co-information term) and +Δs Δc̄ (interaction), averaged over pairs. DiD = DMT minus placebo (pre = windows 1–4 / bins 1–8; post = windows 6–14 / bins 11–28). Seed 20261120; bootstrap 10000 draws; exact sign-flip p over 2^14. Region 20 excluded.

## ts_gsr, W60

| mask | quantity | DMT pre | DMT post | PCB pre | PCB post | DMT change | PCB change | DiD [95 % CI], sign-flip p, neg/14 |
|---|---|---|---|---|---|---|---|---|
| code | s (selected share) | 0.2994 | 0.2838 | 0.2957 | 0.3005 | -0.01560 | +0.00479 | -0.02039 [-0.03210, -0.00768], p = 0.0104, 11 |
| code | c̄_rej (nats) | 0.0555 | 0.0524 | 0.0509 | 0.0545 | -0.00314 | +0.00362 | -0.00676 [-0.01227, -0.00111], p = 0.0422, 10 |
| code | CCS-sts (nats) | -0.0387 | -0.0375 | -0.0357 | -0.0382 | +0.00119 | -0.00243 | +0.00362 [-0.00010, +0.00724], p = 0.0845, 4 |
| code | share term c̄_pre Δs | — | — | — | — | -0.00147 | -0.00026 | -0.00122 [-0.00202, -0.00038], p = 0.0188, 11 |
| code | co-information term −(1 − s_pre) Δc̄ | — | — | — | — | +0.00176 | -0.00299 | +0.00475 [+0.00072, +0.00858], p = 0.0432, 4 |
| code | interaction Δs Δc̄ | — | — | — | — | +0.00091 | +0.00082 | +0.00009 [-0.00016, +0.00034], p = 0.5233, 4 |
| code | exactness of the split | — | — | — | — | — | — | max abs(sum of terms − change) = 1.7e-18 |
| pub | s (selected share) | 0.3569 | 0.3405 | 0.3545 | 0.3591 | -0.01637 | +0.00459 | -0.02096 [-0.03262, -0.00829], p = 0.0089, 11 |
| pub | c̄_rej (nats) | 0.0755 | 0.0700 | 0.0709 | 0.0749 | -0.00546 | +0.00398 | -0.00944 [-0.01613, -0.00236], p = 0.0256, 11 |
| pub | CCS-sts (nats) | -0.0480 | -0.0459 | -0.0454 | -0.0477 | +0.00212 | -0.00226 | +0.00438 [+0.00033, +0.00820], p = 0.0562, 3 |
| pub | share term c̄_pre Δs | — | — | — | — | -0.00176 | +0.00003 | -0.00179 [-0.00287, -0.00066], p = 0.0127, 11 |
| pub | co-information term −(1 − s_pre) Δc̄ | — | — | — | — | +0.00311 | -0.00282 | +0.00593 [+0.00143, +0.01018], p = 0.0272, 2 |
| pub | interaction Δs Δc̄ | — | — | — | — | +0.00077 | +0.00053 | +0.00024 [-0.00003, +0.00052], p = 0.1178, 4 |
| pub | exactness of the split | — | — | — | — | — | — | max abs(sum of terms − change) = 1.7e-18 |

## ts_gsr, global

| mask | quantity | DMT pre | DMT post | PCB pre | PCB post | DMT change | PCB change | DiD [95 % CI], sign-flip p, neg/14 |
|---|---|---|---|---|---|---|---|---|
| code | s (selected share) | 0.2872 | 0.3077 | 0.3099 | 0.3024 | +0.02055 | -0.00751 | +0.02806 [+0.01339, +0.04222], p = 0.0035, 2 |
| code | c̄_rej (nats) | 0.0491 | 0.0310 | 0.0287 | 0.0406 | -0.01813 | +0.01195 | -0.03008 [-0.03868, -0.02219], p = 0.0001, 14 |
| code | CCS-sts (nats) | -0.0335 | -0.0200 | -0.0191 | -0.0267 | +0.01347 | -0.00755 | +0.02102 [+0.01533, +0.02693], p = 0.0001, 0 |
| code | share term c̄_pre Δs | — | — | — | — | +0.00212 | +0.00046 | +0.00165 [+0.00080, +0.00254], p = 0.0033, 2 |
| code | co-information term −(1 − s_pre) Δc̄ | — | — | — | — | +0.01295 | -0.00686 | +0.01981 [+0.01468, +0.02530], p = 0.0001, 0 |
| code | interaction Δs Δc̄ | — | — | — | — | -0.00160 | -0.00115 | -0.00045 [-0.00086, -0.00006], p = 0.0588, 11 |
| code | exactness of the split | — | — | — | — | — | — | max abs(sum of terms − change) = 6.9e-18 |
| pub | s (selected share) | 0.3405 | 0.3717 | 0.3740 | 0.3630 | +0.03120 | -0.01097 | +0.04217 [+0.02551, +0.05845], p = 0.0007, 2 |
| pub | c̄_rej (nats) | 0.0570 | 0.0408 | 0.0385 | 0.0515 | -0.01622 | +0.01299 | -0.02921 [-0.03811, -0.02105], p = 0.0001, 14 |
| pub | CCS-sts (nats) | -0.0358 | -0.0236 | -0.0230 | -0.0305 | +0.01221 | -0.00745 | +0.01966 [+0.01416, +0.02540], p = 0.0002, 1 |
| pub | share term c̄_pre Δs | — | — | — | — | +0.00314 | +0.00039 | +0.00275 [+0.00160, +0.00395], p = 0.0010, 1 |
| pub | co-information term −(1 − s_pre) Δc̄ | — | — | — | — | +0.01102 | -0.00640 | +0.01741 [+0.01270, +0.02243], p = 0.0001, 0 |
| pub | interaction Δs Δc̄ | — | — | — | — | -0.00195 | -0.00145 | -0.00050 [-0.00099, -0.00005], p = 0.0618, 9 |
| pub | exactness of the split | — | — | — | — | — | — | max abs(sum of terms − change) = 3.5e-18 |

## ts_demean, W60

| mask | quantity | DMT pre | DMT post | PCB pre | PCB post | DMT change | PCB change | DiD [95 % CI], sign-flip p, neg/14 |
|---|---|---|---|---|---|---|---|---|
| code | s (selected share) | 0.3003 | 0.3042 | 0.2950 | 0.3024 | +0.00394 | +0.00746 | -0.00352 [-0.01521, +0.00762], p = 0.5747, 8 |
| code | c̄_rej (nats) | 0.0351 | 0.0250 | 0.0276 | 0.0379 | -0.01010 | +0.01031 | -0.02041 [-0.03321, -0.00891], p = 0.0042, 12 |
| code | CCS-sts (nats) | -0.0255 | -0.0192 | -0.0206 | -0.0277 | +0.00633 | -0.00704 | +0.01337 [+0.00545, +0.02229], p = 0.0052, 3 |
| code | share term c̄_pre Δs | — | — | — | — | -0.00049 | -0.00030 | -0.00019 [-0.00097, +0.00054], p = 0.6429, 7 |
| code | co-information term −(1 − s_pre) Δc̄ | — | — | — | — | +0.00651 | -0.00745 | +0.01396 [+0.00572, +0.02311], p = 0.0046, 3 |
| code | interaction Δs Δc̄ | — | — | — | — | +0.00030 | +0.00071 | -0.00040 [-0.00109, +0.00028], p = 0.2893, 9 |
| code | exactness of the split | — | — | — | — | — | — | max abs(sum of terms − change) = 6.9e-18 |
| pub | s (selected share) | 0.3624 | 0.3664 | 0.3587 | 0.3643 | +0.00395 | +0.00566 | -0.00171 [-0.01433, +0.01052], p = 0.8014, 8 |
| pub | c̄_rej (nats) | 0.0586 | 0.0497 | 0.0502 | 0.0618 | -0.00891 | +0.01160 | -0.02052 [-0.03217, -0.00993], p = 0.0028, 12 |
| pub | CCS-sts (nats) | -0.0378 | -0.0327 | -0.0331 | -0.0400 | +0.00510 | -0.00687 | +0.01197 [+0.00522, +0.01944], p = 0.0040, 3 |
| pub | share term c̄_pre Δs | — | — | — | — | -0.00021 | +0.00014 | -0.00035 [-0.00138, +0.00063], p = 0.5240, 8 |
| pub | co-information term −(1 − s_pre) Δc̄ | — | — | — | — | +0.00517 | -0.00727 | +0.01245 [+0.00560, +0.01982], p = 0.0033, 2 |
| pub | interaction Δs Δc̄ | — | — | — | — | +0.00014 | +0.00027 | -0.00012 [-0.00075, +0.00048], p = 0.6893, 7 |
| pub | exactness of the split | — | — | — | — | — | — | max abs(sum of terms − change) = 6.9e-18 |

## ts_demean, global

| mask | quantity | DMT pre | DMT post | PCB pre | PCB post | DMT change | PCB change | DiD [95 % CI], sign-flip p, neg/14 |
|---|---|---|---|---|---|---|---|---|
| code | s (selected share) | 0.2905 | 0.3240 | 0.3076 | 0.3003 | +0.03351 | -0.00726 | +0.04077 [+0.02350, +0.05883], p = 0.0004, 1 |
| code | c̄_rej (nats) | 0.0426 | 0.0103 | 0.0129 | 0.0287 | -0.03231 | +0.01572 | -0.04803 [-0.06454, -0.03194], p = 0.0001, 14 |
| code | CCS-sts (nats) | -0.0297 | -0.0072 | -0.0096 | -0.0192 | +0.02252 | -0.00964 | +0.03216 [+0.02145, +0.04336], p = 0.0001, 0 |
| code | share term c̄_pre Δs | — | — | — | — | +0.00300 | +0.00084 | +0.00217 [+0.00106, +0.00335], p = 0.0017, 2 |
| code | co-information term −(1 − s_pre) Δc̄ | — | — | — | — | +0.02299 | -0.00898 | +0.03197 [+0.02115, +0.04348], p = 0.0001, 0 |
| code | interaction Δs Δc̄ | — | — | — | — | -0.00348 | -0.00150 | -0.00198 [-0.00376, -0.00048], p = 0.0233, 10 |
| code | exactness of the split | — | — | — | — | — | — | max abs(sum of terms − change) = 6.9e-18 |
| pub | s (selected share) | 0.3584 | 0.4049 | 0.3833 | 0.3712 | +0.04649 | -0.01214 | +0.05864 [+0.03652, +0.08176], p = 0.0004, 1 |
| pub | c̄_rej (nats) | 0.0624 | 0.0235 | 0.0247 | 0.0445 | -0.03887 | +0.01974 | -0.05862 [-0.08014, -0.03753], p = 0.0001, 14 |
| pub | CCS-sts (nats) | -0.0386 | -0.0137 | -0.0156 | -0.0262 | +0.02485 | -0.01067 | +0.03552 [+0.02295, +0.04858], p = 0.0001, 0 |
| pub | share term c̄_pre Δs | — | — | — | — | +0.00537 | +0.00094 | +0.00443 [+0.00238, +0.00680], p = 0.0005, 1 |
| pub | co-information term −(1 − s_pre) Δc̄ | — | — | — | — | +0.02487 | -0.00946 | +0.03432 [+0.02168, +0.04778], p = 0.0001, 0 |
| pub | interaction Δs Δc̄ | — | — | — | — | -0.00538 | -0.00215 | -0.00324 [-0.00626, -0.00084], p = 0.0210, 9 |
| pub | exactness of the split | — | — | — | — | — | — | max abs(sum of terms − change) = 1.4e-17 |

Check of the identity CCS-sts = −(1 − s) c̄_rej against PairPhiID.atoms_ccs (phyid's mask; subject 1 DMT windows 1 and 6, per pair): max |difference| = 2.2e-16.

Rule of the pre-run entry: the plain reading (which of the share and the co-information terms carries the CCS-sts change) replaces "no established reading"; it does not make the CCS increase a finding about DMT. No prediction was recorded.
done (196s)
=== 2026-09-29 16:26:12  notes/partB7_splithalf.py
git=d5a65bd
git=d5a65bd
# ts_gsr, W = 60
full-set check: r(res, pub CCS) = +0.799 (p = 0.001; ρ +0.736); r(res, code CCS) = +0.729 (p = 0.003; ρ +0.710); r(res, autocorr) = -0.780 (p = 0.001; ρ -0.635)
split-half reliability (odd vs even) — residual DiD: +0.494 (p = 0.073; ρ +0.446); pub CCS-sts DiD: +0.302 (p = 0.294; ρ +0.174); code CCS-sts DiD: +0.196 (p = 0.501; ρ +0.042); autocorrelation DiD: +0.741 (p = 0.002; ρ +0.538); MMI sts DiD: +0.717 (p = 0.004; ρ +0.525)
group means — residual DiD odd +0.0067, even +0.0164; pub CCS-sts DiD odd +0.0033, even +0.0054; code CCS-sts DiD odd +0.0027, even +0.0046
[pub] within-half: r(CCS_odd, res_odd) = +0.847 (p = 0.000; ρ +0.780), r(CCS_even, res_even) = +0.783 (p = 0.001; ρ +0.802) (mean +0.815)
[pub] cross-half:  r(CCS_odd, res_even) = +0.160 (p = 0.585; ρ +0.191), r(CCS_even, res_odd) = +0.477 (p = 0.085; ρ +0.367) (mean +0.318); cross/within = 0.39
[pub] partial on the same-half autocorrelation DiD: within +0.814, +0.816 (mean +0.815); cross +0.132, +0.175 (mean +0.154)
[code] within-half: r(CCS_odd, res_odd) = +0.773 (p = 0.001; ρ +0.648), r(CCS_even, res_even) = +0.752 (p = 0.002; ρ +0.793) (mean +0.763)
[code] cross-half:  r(CCS_odd, res_even) = +0.075 (p = 0.800; ρ +0.042), r(CCS_even, res_odd) = +0.384 (p = 0.175; ρ +0.292) (mean +0.229); cross/within = 0.30
[code] partial on the same-half autocorrelation DiD: within +0.711, +0.718 (mean +0.715); cross +0.003, +0.022 (mean +0.012)
context — r(res_odd, ac_odd) = -0.758 (p = 0.002; ρ -0.776); r(res_even, ac_even) = -0.777 (p = 0.001; ρ -0.732); r(pubCCS_odd, ac_odd) = -0.518 (p = 0.058; ρ -0.556); r(pubCCS_even, ac_even) = -0.402 (p = 0.154; ρ -0.341); cross r(res_odd, ac_even) = -0.385 (p = 0.175; ρ -0.389); r(res_even, ac_odd) = -0.700 (p = 0.005; ρ -0.547)

# ts_demean, W = 60
full-set check: r(res, pub CCS) = +0.876 (p = 0.000; ρ +0.793); r(res, code CCS) = +0.838 (p = 0.000; ρ +0.736); r(res, autocorr) = -0.597 (p = 0.024; ρ -0.525)
split-half reliability (odd vs even) — residual DiD: +0.216 (p = 0.459; ρ +0.143); pub CCS-sts DiD: +0.417 (p = 0.138; ρ +0.398); code CCS-sts DiD: +0.518 (p = 0.058; ρ +0.495); autocorrelation DiD: +0.712 (p = 0.004; ρ +0.565); MMI sts DiD: +0.686 (p = 0.007; ρ +0.684)
group means — residual DiD odd +0.0193, even +0.0179; pub CCS-sts DiD odd +0.0137, even +0.0106; code CCS-sts DiD odd +0.0153, even +0.0118
[pub] within-half: r(CCS_odd, res_odd) = +0.884 (p = 0.000; ρ +0.829), r(CCS_even, res_even) = +0.878 (p = 0.000; ρ +0.670) (mean +0.881)
[pub] cross-half:  r(CCS_odd, res_even) = +0.274 (p = 0.344; ρ +0.196), r(CCS_even, res_odd) = +0.292 (p = 0.311; ρ +0.327) (mean +0.283); cross/within = 0.32
[pub] partial on the same-half autocorrelation DiD: within +0.823, +0.874 (mean +0.849); cross +0.248, +0.327 (mean +0.287)
[code] within-half: r(CCS_odd, res_odd) = +0.856 (p = 0.000; ρ +0.798), r(CCS_even, res_even) = +0.821 (p = 0.000; ρ +0.582) (mean +0.838)
[code] cross-half:  r(CCS_odd, res_even) = +0.323 (p = 0.259; ρ +0.244), r(CCS_even, res_odd) = +0.313 (p = 0.276; ρ +0.310) (mean +0.318); cross/within = 0.38
[code] partial on the same-half autocorrelation DiD: within +0.796, +0.814 (mean +0.805); cross +0.289, +0.365 (mean +0.327)
context — r(res_odd, ac_odd) = -0.688 (p = 0.007; ρ -0.600); r(res_even, ac_even) = -0.386 (p = 0.173; ρ -0.424); r(pubCCS_odd, ac_odd) = -0.575 (p = 0.031; ρ -0.508); r(pubCCS_even, ac_even) = -0.250 (p = 0.388; ρ -0.174); cross r(res_odd, ac_even) = -0.598 (p = 0.024; ρ -0.508); r(res_even, ac_odd) = -0.051 (p = 0.861; ρ -0.059)

RULE BRANCH (rule of the record B7 applied as recorded, ts_gsr, published CCS; the reading is in the ceiling block below): within-half mean +0.815, cross-half mean +0.318 (+0.160, +0.477) → shared component is estimation noise: both reported as null with this test as the evidence
CEILING [ts_gsr, pub]: rule branch = estimation noise; threshold 0.407 > ceiling 0.386 (rel_res +0.494, rel_CCS +0.302); mean cross-half +0.318, disattenuated +0.82 → reading UNDETERMINED (pass branch unreachable)
CEILING [ts_gsr, code]: rule branch = estimation noise; threshold 0.381 > ceiling 0.311 (rel_res +0.494, rel_CCS +0.196); mean cross-half +0.229, disattenuated +0.74 → reading UNDETERMINED (pass branch unreachable)
CEILING [ts_demean, pub]: rule branch = estimation noise; threshold 0.440 > ceiling 0.300 (rel_res +0.216, rel_CCS +0.417); mean cross-half +0.283, disattenuated +0.94 → reading UNDETERMINED (pass branch unreachable)
CEILING [ts_demean, code]: rule branch = estimation noise; threshold 0.419 > ceiling 0.334 (rel_res +0.216, rel_CCS +0.518); mean cross-half +0.318, disattenuated +0.95 → reading UNDETERMINED (pass branch unreachable)
=== 2026-09-29 16:26:13  notes/partB11_regional_sts_r1.py   -> notes/review_results/partB/regional_sts_r1_run.log
# Regional MMI-sts against regional lag-1 autocorrelation, placebo run, pre-injection (partB11_regional_sts_r1.py; git=d5a65bd; seed=20261120)

Regional sts = mean over the region's 114 pairs of the global-fit local sts (scripts/11 atoms), placebo run, bins 1–8, mean over subjects; regional r₁ = windowed lag-1 autocorrelation (W = 60, windows 1–4, standardised within window), mean over windows and subjects; ts_gsr; 115 regions. Prediction recorded before the run (analysis_record.md, pre-run entry of 15 Sep 2026): positive correlation of regional sts with regional r₁ if the spatial-map exposure is real on these data. Spin test: Vasa rotations of the 100 Schaefer parcels (10,000, both directions), region 20 NaN, two-sided p and Vasa one-sided-average p.

Regional r₁: mean 0.8455, min 0.8118, max 0.8742 (windowed); whole-span TRs 0–239: mean 0.8618, r(windowed, span) across regions +0.9633. Regional sts: mean 1.2893, min 1.1248, max 1.3635; regional rtr: mean 0.0225, min 0.0033, max 0.0416.

| map | against | Pearson r (115) | Spearman ρ (115) | Spearman ρ (99 cortical) | spin p two-sided | Vasa p | null SD |
|---|---|---|---|---|---|---|---|
| sts | r₁ windowed | +0.863 | +0.835 | +0.771 | 0.0000 | 0.0000 | 0.131 |
| sts | r₁ whole-span | +0.908 | +0.887 | +0.827 | 0.0000 | 0.0000 | 0.133 |
| rtr | r₁ windowed | +0.638 | +0.635 | +0.504 | 0.0002 | 0.0002 | 0.137 |
| rtr | r₁ whole-span | +0.661 | +0.640 | +0.494 | 0.0003 | 0.0003 | 0.141 |
| sts − rtr | r₁ windowed | +0.792 | +0.729 | +0.618 | 0.0000 | 0.0000 | 0.115 |
| sts − rtr | r₁ whole-span | +0.837 | +0.780 | +0.672 | 0.0000 | 0.0000 | 0.116 |

Per-subject Pearson r(regional sts, regional r₁) across the 115 regions: mean +0.756 [+0.715, +0.790] (subject bootstrap), min +0.563, max +0.867, positive in 14/14.
Per-subject Pearson r(regional sts − rtr, regional r₁): mean +0.711, positive in 14/14.
Share of the between-region variance of sts carried by regional r₁ (r² of the 115-region Pearson): 0.745. SD across regions: sts 0.0447, rtr 0.0098, r₁ 0.0125.
Cortical (99) vs subcortical (16) means: sts 1.3015 vs 1.2143; r₁ 0.8482 vs 0.8288.
Reading under the pre-run entry: the pre-specified correlation (regional sts vs windowed regional r₁, Pearson) is positive (+0.863; spin p = 0.0000 on the 99 cortical parcels).

done in 24 s; wrote /home/vilalius/dmt-phiid/notes/review_results/partB/regional_sts_r1_tables.md and regional_sts_r1.csv
=== 2026-09-29 16:26:38  notes/partB19_exchange_rates.py   -> notes/review_results/partB/exchange_rates_run.log
git=d5a65bd
   (b) ts_gsr: subject 1/14 done (2s)
   (b) ts_gsr: subject 2/14 done (4s)
   (b) ts_gsr: subject 3/14 done (6s)
   (b) ts_gsr: subject 4/14 done (8s)
   (b) ts_gsr: subject 5/14 done (9s)
   (b) ts_gsr: subject 6/14 done (11s)
   (b) ts_gsr: subject 7/14 done (13s)
   (b) ts_gsr: subject 8/14 done (15s)
   (b) ts_gsr: subject 9/14 done (16s)
   (b) ts_gsr: subject 10/14 done (18s)
   (b) ts_gsr: subject 11/14 done (20s)
   (b) ts_gsr: subject 12/14 done (22s)
   (b) ts_gsr: subject 13/14 done (23s)
   (b) ts_gsr: subject 14/14 done (25s)
   (b) ts_demean: subject 1/14 done (27s)
   (b) ts_demean: subject 2/14 done (29s)
   (b) ts_demean: subject 3/14 done (30s)
   (b) ts_demean: subject 4/14 done (31s)
   (b) ts_demean: subject 5/14 done (32s)
   (b) ts_demean: subject 6/14 done (33s)
   (b) ts_demean: subject 7/14 done (35s)
   (b) ts_demean: subject 8/14 done (36s)
   (b) ts_demean: subject 9/14 done (37s)
   (b) ts_demean: subject 10/14 done (38s)
   (b) ts_demean: subject 11/14 done (39s)
   (b) ts_demean: subject 12/14 done (41s)
   (b) ts_demean: subject 13/14 done (42s)
   (b) ts_demean: subject 14/14 done (43s)
# Exchange rates in data units, the within-window regression, the cross-half correlation and BCa intervals (partB19_exchange_rates.py)
git=d5a65bd

## (a) Exchange rates at the operating point (r₁, q) = (0.85, 0.25), closed form, central differences h = 1e-4

| input | ∂sts/∂input (nats per unit) | sts change per step in data units | per SD of the data's variation |
|---|---|---|---|
| r₁ (both members) | +6.0705 | +0.0607 per 0.01 of r₁ | +0.0758 per regional SD 0.0125 (regional_sts_r1.csv); +0.1821 per window-level scatter 0.03 |
| q (lag-0 correlation) | -0.1892 | -0.0189 per 0.1 of \|q\| | -0.0370 per SD of pair \|q\| 0.1957 (SD of q 0.3424; scope_map_overlay_points.npz) |
| c (symmetric VAR(1) coupling), measured r₁ and q held at (0.85, 0.25) — partB8's matched view, the coupling map's convention | -1.7402 | -0.0174 per 0.01 of c | — (no data value of c) |
| c (symmetric VAR(1) coupling), a held at 0.85 and q at 0.25 (r₁ then moves with c) | -0.2225 | -0.0022 per 0.01 of c | — |
| \|a_x − a_y\| at fixed mean 0.85 (one-sided at 0) | -3.0897 | -0.0309 per 0.01 of \|a_x − a_y\| | -0.0927 per 0.03 (the window-level scatter of one member's a; see the next line) |

sts against the within-pair asymmetry a_x − a_y at fixed mean 0.85 and q = 0.25: 0.00 → 1.2588; 0.01 → 1.2285; 0.02 → 1.1993; 0.03 → 1.1711; 0.05 → 1.1176; 0.10 → 0.9988 (the response is first-order in the asymmetry because MMI takes the minimum of the two self-informations: sts ≈ 2 min(S_x, S_y) − C).
Ratio |∂sts/∂r₁| / |∂sts/∂q| per unit: 32.1; per SD of the data's variation (regional r₁ SD against pair |q| SD): 2.05; with the window-level scatter of a (0.03) in place of the regional SD: 4.92.
Coupled family check: sts at c = 0 through the Lyapunov construction 1.258831 against the diagonal closed form 1.258831.

Identity at q = 0 with unequal coefficients (sts = 2 min(S_x, S_y), rtr = 0):
  (a_x, a_y) = (0.83, 0.87): sts 1.167641, 2 min(S_x, S_y) 1.167641, difference -2.2e-16; rtr 0.0e+00.
  (a_x, a_y) = (0.85, 0.85): sts 1.281934, 2 min(S_x, S_y) 1.281934, difference -2.2e-16; rtr 0.0e+00.
  (a_x, a_y) = (0.8, 0.9): sts 1.021651, 2 min(S_x, S_y) 1.021651, difference -2.2e-16; rtr 0.0e+00.
  (a_x, a_y) = (0.95, 0.6): sts 0.446287, 2 min(S_x, S_y) 0.446287, difference -5.6e-17; rtr 0.0e+00.

## (b) Within-window regression of pair sts on (mean r₁, |q|, |a_x − a_y|), W = 60, all 392 windows per variant

| variant | mean R² (3 regressors) | mean r² (r₁ alone) | mean R² of the full AR(1) prediction | mean standardised coefficients (r₁, \|q\|, \|a_x − a_y\|) |
|---|---|---|---|---|
| ts_gsr | 0.808 (min 0.677, max 0.882) | 0.462 | 0.796 | +0.661, -0.463, -0.426 |
| ts_demean | 0.741 (min 0.249, max 0.869) | 0.398 | 0.741 | +0.594, -0.476, -0.413 |

Prediction recorded (b): R² close to 0.80 with |a_x − a_y| carrying the difference between 0.55 and 0.80.

## (c) Cross-half correlation of the MMI-sts DiD and the r₁ DiD (halves of partB7; per-subject half DiDs recomputed)

| variant | r(sts_odd, r₁_even) | r(sts_even, r₁_odd) | mean | rel(sts) odd/even | rel(r₁) odd/even | ceiling √(rel × rel) | disattenuated mean / ceiling | full-set r |
|---|---|---|---|---|---|---|---|---|
| ts_gsr | +0.742 | +0.645 | +0.694 | +0.717 | +0.741 | 0.729 | +0.95 | +0.953 |
| ts_demean | +0.707 | +0.674 | +0.690 | +0.686 | +0.712 | 0.699 | +0.99 | +0.958 |

Prediction recorded (c): below 0.953 and near the ceiling 0.729 (√(0.717 × 0.741), the split-half reliabilities of splithalf_tables.md).

## (d) BCa intervals beside the percentile intervals, per-subject DiDs (N = 14), 10,000 draws, seed 20261120

| quantity | DiD | sign-flip p | committed percentile CI | percentile CI recomputed | BCa CI | z₀ | a | width ratio BCa/percentile | differ by > 10 % of width |
|---|---|---|---|---|---|---|---|---|---|
| sts ts_gsr W60 [primary] | -0.0809 | 0.0038 | [-0.1261, -0.0377] | [-0.1253, -0.0365] | [-0.1280, -0.0384] | -0.025 | -0.013 | 1.01 | no |
| sts ts_demean W60 [primary] | -0.1031 | 0.0026 | [-0.1558, -0.0522] | [-0.1544, -0.0502] | [-0.1554, -0.0513] | -0.011 | -0.005 | 1.00 | no |
| sts ts_gsr global-bins [primary] | -0.0801 | 0.0071 | [-0.1310, -0.0315] | [-0.1304, -0.0298] | [-0.1327, -0.0318] | -0.015 | -0.010 | 1.00 | no |
| sts ts_demean global-bins [primary] | -0.1035 | 0.0132 | [-0.1687, -0.0365] | [-0.1669, -0.0354] | [-0.1643, -0.0316] | +0.017 | +0.014 | 1.01 | no |
| autocorr ts_gsr W60 [primary] | -0.0146 | 0.0106 | [-0.0251, -0.0052] | [-0.0248, -0.0049] | [-0.0259, -0.0057] | -0.037 | -0.028 | 1.01 | no |
| autocorr ts_demean W60 [primary] | -0.0216 | 0.0017 | [-0.0319, -0.0116] | [-0.0316, -0.0112] | [-0.0319, -0.0115] | -0.010 | -0.008 | 1.00 | no |
| autocorr ts_gsr run-standardised bins [primary] | -0.4580 | 0.0001 | [-0.6018, -0.3200] | [-0.5973, -0.3181] | [-0.6052, -0.3227] | -0.016 | -0.010 | 1.01 | no |
| PhiR ts_gsr W60 [primary] | +0.0007 | 0.8971 | [-0.0078, +0.0100] | [-0.0079, +0.0099] | [-0.0071, +0.0113] | +0.038 | +0.036 | 1.04 | no |
| diag observed sts ts_gsr W60 [primary] | -0.0809 | 0.0038 | [-0.1261, -0.0377] | [-0.1253, -0.0365] | [-0.1280, -0.0384] | -0.025 | -0.013 | 1.01 | no |
| diag predicted sts ts_gsr W60 [primary] | -0.0924 | 0.0037 | [-0.1444, -0.0414] | [-0.1434, -0.0409] | [-0.1460, -0.0431] | -0.017 | -0.012 | 1.00 | no |
| diag residual sts ts_gsr W60 [primary] | +0.0115 | 0.0421 | [+0.0021, +0.0211] | [+0.0018, +0.0211] | [+0.0020, +0.0212] | +0.011 | +0.004 | 1.00 | no |
| diag residual sts ts_gsr W60 [early] | +0.0179 | 0.0012 | [+0.0099, +0.0260] | [+0.0098, +0.0262] | [+0.0101, +0.0264] | +0.014 | +0.010 | 1.00 | no |
| diag residual sts ts_gsr W60 [late] | +0.0064 | 0.3241 | [-0.0058, +0.0183] | [-0.0056, +0.0180] | [-0.0056, +0.0180] | +0.001 | -0.002 | 1.00 | no |
| diag residual sts ts_demean W60 [primary] | +0.0182 | 0.0040 | [+0.0089, +0.0277] | [+0.0085, +0.0276] | [+0.0085, +0.0276] | -0.004 | +0.002 | 1.00 | no |
| diag residual sts ts_gsr W30 [primary] | +0.0183 | 0.0134 | [+0.0067, +0.0299] | [+0.0062, +0.0298] | [+0.0064, +0.0298] | +0.011 | -0.001 | 1.00 | no |
| CCSpub sts ts_gsr W60 [primary] | +0.0044 | 0.0559 | [+0.0004, +0.0081] | [+0.0003, +0.0083] | [+0.0002, +0.0081] | -0.009 | -0.014 | 1.00 | no |
| CCSpub sts ts_gsr global-bins [primary] | +0.0197 | 0.0002 | [+0.0142, +0.0254] | [+0.0141, +0.0252] | [+0.0144, +0.0256] | +0.023 | +0.013 | 1.01 | no |
| CCSpub sts ts_demean W60 [primary] | +0.0120 | 0.0040 | [+0.0054, +0.0192] | [+0.0050, +0.0193] | [+0.0056, +0.0200] | +0.026 | +0.033 | 1.01 | no |
| CCSpub sts ts_demean global-bins [primary] | +0.0355 | 0.0001 | [+0.0231, +0.0485] | [+0.0232, +0.0484] | [+0.0238, +0.0492] | +0.026 | +0.016 | 1.01 | no |
| sts tau1 ts_gsr W60 [primary] | -0.0809 | 0.0038 | [-0.1261, -0.0377] | [-0.1253, -0.0365] | [-0.1280, -0.0384] | -0.025 | -0.013 | 1.01 | no |
| sts tau2 ts_gsr W60 [primary] | -0.0429 | 0.0037 | [-0.0654, -0.0204] | [-0.0657, -0.0200] | [-0.0670, -0.0210] | -0.025 | -0.014 | 1.01 | no |
| sts tau3 ts_gsr W60 [primary] | -0.0043 | 0.0018 | [-0.0063, -0.0022] | [-0.0063, -0.0022] | [-0.0063, -0.0023] | -0.023 | -0.009 | 1.00 | no |
| sts tau5 ts_gsr W60 [primary] | -0.0024 | 0.3688 | [-0.0073, +0.0022] | [-0.0072, +0.0023] | [-0.0074, +0.0022] | -0.005 | -0.014 | 1.00 | no |
| autocorr lag1 ts_gsr W60 [primary] | -0.0146 | 0.0106 | [-0.0251, -0.0052] | [-0.0248, -0.0049] | [-0.0259, -0.0057] | -0.037 | -0.028 | 1.01 | no |
| autocorr lag2 ts_gsr W60 [primary] | -0.0468 | 0.0090 | [-0.0754, -0.0174] | [-0.0756, -0.0172] | [-0.0760, -0.0177] | -0.011 | -0.003 | 1.00 | no |
| autocorr lag3 ts_gsr W60 [primary] | -0.0681 | 0.0132 | [-0.1120, -0.0213] | [-0.1110, -0.0227] | [-0.1102, -0.0221] | +0.002 | +0.009 | 1.00 | no |
| autocorr lag5 ts_gsr W60 [primary] | -0.0108 | 0.5670 | [-0.0453, +0.0263] | [-0.0455, +0.0252] | [-0.0438, +0.0270] | +0.019 | +0.016 | 1.00 | no |
| Table 2 primary sts DiD ts_gsr W60 (from results/atoms_win60) | -0.0809 | 0.0038 | — | [-0.1253, -0.0365] | [-0.1280, -0.0384] | -0.025 | -0.013 | 1.01 | no |
| Table 2 primary sts DiD ts_demean W60 (from results/atoms_win60) | -0.1031 | 0.0026 | — | [-0.1544, -0.0502] | [-0.1554, -0.0513] | -0.011 | -0.005 | 1.00 | no |

Rule recorded (d): point estimates and sign-flip p values unchanged (they do not depend on the interval); both interval types tabulated where they differ by more than 10 % of the interval width. Prediction: BCa intervals wider at N = 14. The committed percentile interval was drawn in the writing script's own generator order; the recomputed one uses a fresh generator (seed 20261120) per quantity, so the two percentile intervals differ by Monte-Carlo error only.
done (43s)
=== 2026-09-29 16:27:22  notes/partB8_coupling_map.py   -> notes/review_results/partB/coupling_map_run.log
git=d5a65bd
# Lagged coupling on the symmetric VAR(1) family (partB8_coupling_map.py)
git=d5a65bd

## (r1, q) held at (0.85, 0.25) — the data's operating point; a and q_ε re-solved for each c (matched view)

| c | a | q_ε | corr(x_t, y_t+1) | a_y q (AR(1)) | sts | xtx + yty | sts − (xtx+yty) | rtr | six cross atoms | TDMI | ΦR | sts_pred (B4) | residual = sts − sts_pred |
|---|---|---|---|---|---|---|---|---|---|---|---|---|---|
| -0.10 | 0.8750 | +0.8619 | +0.1188 | +0.2125 | 1.9216 | 1.2677 | +0.6539 | 0.0071 | +0.0000 | 1.9631 | 0.6882 | 1.2588 | +0.6628 |
| -0.05 | 0.8625 | +0.5439 | +0.1656 | +0.2125 | 1.4111 | 1.2541 | +0.1570 | 0.0139 | +0.0000 | 1.4335 | 0.1655 | 1.2588 | +0.1523 |
| -0.02 | 0.8550 | +0.3657 | +0.1937 | +0.2125 | 1.3023 | 1.2437 | +0.0586 | 0.0191 | +0.0000 | 1.3228 | 0.0600 | 1.2588 | +0.0435 |
| +0.00 | 0.8500 | +0.2500 | +0.2125 | +0.2125 | 1.2588 | 1.2357 | +0.0231 | 0.0231 | +0.0000 | 1.2819 | 0.0231 | 1.2588 | +0.0000 |
| +0.02 | 0.8450 | +0.1357 | +0.2313 | +0.2125 | 1.2315 | 1.2270 | +0.0045 | 0.0275 | +0.0000 | 1.2603 | 0.0058 | 1.2588 | -0.0274 |
| +0.05 | 0.8375 | -0.0353 | +0.2594 | +0.2125 | 1.2155 | 1.2123 | +0.0032 | 0.0348 | +0.0000 | 1.2588 | 0.0117 | 1.2588 | -0.0434 |
| +0.10 | 0.8250 | -0.3269 | +0.3062 | +0.2125 | 1.2569 | 1.1835 | +0.0735 | 0.0492 | +0.0000 | 1.3405 | 0.1079 | 1.2588 | -0.0019 |

Residual at c = 0: +0.00000; first derivative in c at 0: -1.7711 nats per unit c; second derivative: +40.318 nats per unit c². A spread of pair-specific coupling with zero mean and SD σ_c gives an expected residual of ½·+40.318·σ_c² at fixed (r1, q); σ_c = 0.022 gives −0.01 nats (sign of curvature positive: coupling would raise the residual, not lower it).

### Raw view at the same point: a = 0.8500, q_ε = +0.2500 fixed, c varied (r1 and q move with c)

| c | r1 | q | sts | xtx + yty | ∂sts/∂c ≈ Δsts/Δc | for comparison ∂sts/∂r1 |
|---|---|---|---|---|---|---|
| -0.10 | 0.8958 | -0.4583 | 1.3995 | 1.3481 |  | +8.846 |
| -0.05 | 0.8532 | -0.0640 | 1.3265 | 1.2908 | -1.459 | +6.269 |
| -0.02 | 0.8474 | +0.1313 | 1.2854 | 1.2576 | -1.372 | +5.996 |
| +0.00 | 0.8500 | +0.2500 | 1.2588 | 1.2357 | -1.326 | +6.070 |
| +0.02 | 0.8572 | +0.3616 | 1.2330 | 1.2141 | -1.293 | +6.342 |
| +0.05 | 0.8759 | +0.5190 | 1.1953 | 1.1819 | -1.256 | +7.231 |
| +0.10 | 0.9264 | +0.7641 | 1.1350 | 1.1287 | -1.205 | +11.986 |

## (r1, q) held at (0.85, 0.0) — no instantaneous correlation; a and q_ε re-solved for each c (matched view)

| c | a | q_ε | corr(x_t, y_t+1) | a_y q (AR(1)) | sts | xtx + yty | sts − (xtx+yty) | rtr | six cross atoms | TDMI | ΦR | sts_pred (B4) | residual = sts − sts_pred |
|---|---|---|---|---|---|---|---|---|---|---|---|---|---|
| -0.10 | 0.8500 | +0.6355 | -0.1000 | -0.0000 | 1.5356 | 1.2719 | +0.2637 | 0.0050 | +0.0000 | 1.5773 | 0.3004 | 1.2819 | +0.2536 |
| -0.05 | 0.8500 | +0.3091 | -0.0500 | -0.0000 | 1.3309 | 1.2794 | +0.0515 | 0.0013 | +0.0000 | 1.3412 | 0.0605 | 1.2819 | +0.0490 |
| -0.02 | 0.8500 | +0.1227 | -0.0200 | -0.0000 | 1.2893 | 1.2815 | +0.0078 | 0.0002 | +0.0000 | 1.2910 | 0.0092 | 1.2819 | +0.0074 |
| +0.00 | 0.8500 | +0.0000 | +0.0000 | +0.0000 | 1.2819 | 1.2819 | +0.0000 | 0.0000 | +0.0000 | 1.2819 | 0.0000 | 1.2819 | +0.0000 |
| +0.02 | 0.8500 | -0.1227 | +0.0200 | +0.0000 | 1.2893 | 1.2815 | +0.0078 | 0.0002 | +0.0000 | 1.2910 | 0.0092 | 1.2819 | +0.0074 |
| +0.05 | 0.8500 | -0.3091 | +0.0500 | +0.0000 | 1.3309 | 1.2794 | +0.0515 | 0.0013 | +0.0000 | 1.3412 | 0.0605 | 1.2819 | +0.0490 |
| +0.10 | 0.8500 | -0.6355 | +0.1000 | +0.0000 | 1.5356 | 1.2719 | +0.2637 | 0.0050 | +0.0000 | 1.5773 | 0.3004 | 1.2819 | +0.2536 |

Residual at c = 0: +0.00000; first derivative in c at 0: +0.0000 nats per unit c; second derivative: +36.924 nats per unit c². A spread of pair-specific coupling with zero mean and SD σ_c gives an expected residual of ½·+36.924·σ_c² at fixed (r1, q); σ_c = 0.023 gives −0.01 nats (sign of curvature positive: coupling would raise the residual, not lower it).

### Raw view at the same point: a = 0.8500, q_ε = +0.0000 fixed, c varied (r1 and q move with c)

| c | r1 | q | sts | xtx + yty | ∂sts/∂c ≈ Δsts/Δc | for comparison ∂sts/∂r1 |
|---|---|---|---|---|---|---|
| -0.10 | 0.9136 | -0.6355 | 1.2769 | 1.2719 |  | +10.488 |
| -0.05 | 0.8655 | -0.3091 | 1.2807 | 1.2794 | +0.075 | +6.807 |
| -0.02 | 0.8525 | -0.1227 | 1.2817 | 1.2815 | +0.035 | +6.225 |
| +0.00 | 0.8500 | +0.0000 | 1.2819 | 1.2819 | +0.010 | +6.126 |
| +0.02 | 0.8525 | +0.1227 | 1.2817 | 1.2815 | -0.010 | +6.225 |
| +0.05 | 0.8655 | +0.3091 | 1.2807 | 1.2794 | -0.035 | +6.807 |
| +0.10 | 0.9136 | +0.6355 | 1.2769 | 1.2719 | -0.075 | +10.488 |

## (r1, q) held at (0.6, 0.25) — lower autocorrelation; a and q_ε re-solved for each c (matched view)

| c | a | q_ε | corr(x_t, y_t+1) | a_y q (AR(1)) | sts | xtx + yty | sts − (xtx+yty) | rtr | six cross atoms | TDMI | ΦR | sts_pred (B4) | residual = sts − sts_pred |
|---|---|---|---|---|---|---|---|---|---|---|---|---|---|
| -0.14 | 0.6350 | +0.5181 | +0.0187 | +0.1500 | 0.5702 | 0.4459 | +0.1242 | 0.0002 | +0.0000 | 0.5995 | 0.1534 | 0.4349 | +0.1352 |
| -0.10 | 0.6250 | +0.4358 | +0.0562 | +0.1500 | 0.5178 | 0.4431 | +0.0746 | 0.0016 | +0.0000 | 0.5341 | 0.0894 | 0.4349 | +0.0829 |
| -0.05 | 0.6125 | +0.3401 | +0.1031 | +0.1500 | 0.4701 | 0.4356 | +0.0345 | 0.0053 | +0.0000 | 0.4791 | 0.0382 | 0.4349 | +0.0352 |
| -0.02 | 0.6050 | +0.2855 | +0.1312 | +0.1500 | 0.4478 | 0.4289 | +0.0189 | 0.0087 | +0.0000 | 0.4571 | 0.0195 | 0.4349 | +0.0129 |
| +0.00 | 0.6000 | +0.2500 | +0.1500 | +0.1500 | 0.4349 | 0.4235 | +0.0114 | 0.0114 | +0.0000 | 0.4463 | 0.0114 | 0.4349 | +0.0000 |
| +0.02 | 0.5950 | +0.2151 | +0.1688 | +0.1500 | 0.4233 | 0.4174 | +0.0059 | 0.0144 | +0.0000 | 0.4383 | 0.0065 | 0.4349 | -0.0116 |
| +0.05 | 0.5875 | +0.1636 | +0.1969 | +0.1500 | 0.4078 | 0.4068 | +0.0011 | 0.0198 | +0.0000 | 0.4313 | 0.0047 | 0.4349 | -0.0271 |
| +0.10 | 0.5750 | +0.0790 | +0.2438 | +0.1500 | 0.3865 | 0.3850 | +0.0015 | 0.0306 | +0.0000 | 0.4319 | 0.0162 | 0.4349 | -0.0484 |
| +0.14 | 0.5650 | +0.0114 | +0.2813 | +0.1500 | 0.3729 | 0.3639 | +0.0090 | 0.0412 | +0.0000 | 0.4432 | 0.0381 | 0.4349 | -0.0620 |

Residual at c = 0: +0.00000; first derivative in c at 0: -0.6142 nats per unit c; second derivative: +3.195 nats per unit c². A spread of pair-specific coupling with zero mean and SD σ_c gives an expected residual of ½·+3.195·σ_c² at fixed (r1, q); σ_c = 0.079 gives −0.01 nats (sign of curvature positive: coupling would raise the residual, not lower it).

### Raw view at the same point: a = 0.6000, q_ε = +0.2500 fixed, c varied (r1 and q move with c)

| c | r1 | q | sts | xtx + yty | ∂sts/∂c ≈ Δsts/Δc | for comparison ∂sts/∂r1 |
|---|---|---|---|---|---|---|
| -0.14 | 0.6031 | -0.0223 | 0.4723 | 0.4284 |  | +1.896 |
| -0.10 | 0.5938 | +0.0625 | 0.4631 | 0.4308 | -0.231 | +1.832 |
| -0.05 | 0.5920 | +0.1596 | 0.4498 | 0.4294 | -0.264 | +1.808 |
| -0.02 | 0.5957 | +0.2145 | 0.4411 | 0.4264 | -0.292 | +1.819 |
| +0.00 | 0.6000 | +0.2500 | 0.4349 | 0.4235 | -0.309 | +1.837 |
| +0.02 | 0.6057 | +0.2849 | 0.4285 | 0.4200 | -0.322 | +1.863 |
| +0.05 | 0.6168 | +0.3362 | 0.4183 | 0.4133 | -0.338 | +1.918 |
| +0.10 | 0.6420 | +0.4205 | 0.4002 | 0.3989 | -0.363 | +2.062 |
| +0.14 | 0.6683 | +0.4878 | 0.3845 | 0.3844 | -0.392 | +2.237 |

=== 2026-09-29 16:27:22  notes/review_v2_residual_null.py   -> notes/review_results/logs/review_v2_residual_null.log
git=d5a65bd
filter fitted to the placebo ACF: beta=200 lo=0.0064 hi=0.080; lags 1-6 [ 0.872  0.549  0.179 -0.091 -0.196 -0.168] (target [0.868, 0.539, 0.172, -0.085, -0.174, -0.145])
filter fitted to the DMTpost ACF: beta=100 lo=0.0030 hi=0.080; lags 1-6 [ 0.858  0.508  0.124 -0.127 -0.182 -0.099] (target [0.858, 0.507, 0.123, -0.13, -0.194, -0.133])

== residual level under the null, homogeneous filter (placebo ACF), by window length ==
W= 30: a=0.856 |q|=0.354 residual=-0.0885 (-8.51 %)   [data: W30 -9.7 %, W60 -4.3 %, run-level -1.1 %]
W= 60: a=0.866 |q|=0.291 residual=-0.0373 (-3.10 %)   [data: W30 -9.7 %, W60 -4.3 %, run-level -1.1 %]
W=840: a=0.870 |q|=0.222 residual=-0.0045 (-0.34 %)   [data: W30 -9.7 %, W60 -4.3 %, run-level -1.1 %]

== residual at the four operating points of residual_source.log (W = 60) ==
DMT pre  : window a=0.8625 (SD 0.031) |q|=0.2803  obs sts=1.1835  AR(1) pred=1.2189  residual=-0.0353 (-3.0 %)
DMT post : window a=0.8532 (SD 0.030) |q|=0.2679  obs sts=1.1279  AR(1) pred=1.1592  residual=-0.0313 (-2.8 %)
PCB pre  : window a=0.8602 (SD 0.031) |q|=0.2854  obs sts=1.1670  AR(1) pred=1.2020  residual=-0.0350 (-3.0 %)
PCB post : window a=0.8655 (SD 0.032) |q|=0.2833  obs sts=1.2024  AR(1) pred=1.2387  residual=-0.0364 (-3.0 %)

null residual change: DMT +0.0041, PCB -0.0013, DiD +0.0054
data (inference_rows_diag.csv): DMT +0.0077, PCB -0.0038, DiD +0.0115 [+0.0021, +0.0211]
=== 2026-09-29 16:29:32  notes/partB9_leave_two_out.py
git=d5a65bd
git=d5a65bd
# Leave-two-out on r(MMI-sts DiD, lag-1 autocorrelation DiD), ts_gsr, W = 60, primary set (partB9_leave_two_out.py)
full set (N = 14): Pearson r = +0.953, Spearman ρ = +0.903
leave-two-out (91 refits, N = 12 each): Pearson r range +0.846 to +0.973, median +0.954; minimum +0.846 without subjects 8 and 14; maximum +0.973 without subjects 6 and 10
Spearman ρ range +0.846 to +0.944, median +0.902; minimum without subjects 8 and 14
refits with r below 0.90: 1 of 91; below 0.85: 1
  pairs containing subject  1: r range +0.921 to +0.964
  pairs containing subject  2: r range +0.923 to +0.966
  pairs containing subject  3: r range +0.913 to +0.968
  pairs containing subject  4: r range +0.923 to +0.971
  pairs containing subject  5: r range +0.916 to +0.963
  pairs containing subject  6: r range +0.943 to +0.973
  pairs containing subject  7: r range +0.922 to +0.965
  pairs containing subject  8: r range +0.846 to +0.943
  pairs containing subject  9: r range +0.923 to +0.966
  pairs containing subject 10: r range +0.932 to +0.973
  pairs containing subject 11: r range +0.937 to +0.973
  pairs containing subject 12: r range +0.923 to +0.966
  pairs containing subject 13: r range +0.917 to +0.963
  pairs containing subject 14: r range +0.846 to +0.947
wrote /home/vilalius/dmt-phiid/notes/review_results/partB/leave_two_out.csv and /home/vilalius/dmt-phiid/notes/review_results/partB/leave_two_out.log
=== 2026-09-29 16:29:33  notes/partB10_crosslag_deviation.py   -> notes/review_results/partB/crosslag_deviation_run.log
Per-subject signed mean deviation (two runs): [ 3.75264e-05  7.15375e-05  2.19891e-05  2.66087e-04  9.34147e-05  1.57059e-04 -1.70303e-05  1.25757e-04  2.05576e-04  7.91719e-05  3.42781e-05  1.53955e-04  3.10311e-05  8.60420e-06]
Reading under the pre-run entry of 15:35 UTC: positive.

Share of pairs with q < 0: 0.545 (DMT 0.543, PCB 0.546); mean deviation among the q > 0 pairs +0.00384, among the q < 0 pairs -0.00304 (descriptive).
Sign(q)-weighted mean cross-lag deviation: DMT +0.00381, PCB +0.00299; grand mean +0.00340 [+0.00300, +0.00380] (subject bootstrap, 10000 draws), exact sign-flip p = 0.0001, positive in 14/14 subjects; r(statistic, run-level residual) across the 28 runs -0.767.
Per-subject sign(q)-weighted mean deviation (two runs): [0.00337 0.00200 0.00316 0.00440 0.00279 0.00453 0.00350 0.00386 0.00459 0.00245 0.00258 0.00372 0.00304 0.00361]
Reading under the pre-run entry for this statistic: positive and of the order required (within a factor of two of +0.006): consistent with pooling as the source of the run-level residual.
Slope of the deviation on q across pairs (OLS, per run): DMT +0.0184, PCB +0.0142; grand mean +0.0163 [+0.0141, +0.0187] (subject bootstrap, 10000 draws), exact sign-flip p = 0.0001, positive in 14/14 subjects; r(statistic, run-level residual) across the 28 runs -0.545.
Per-subject slope (two runs): [0.0163 0.0095 0.0144 0.0244 0.0137 0.0248 0.0151 0.0180 0.0209 0.0101 0.0131 0.0174 0.0141 0.0166]
Reading: positive.

Per-subject signed mean deviation (two runs): [-0.00890 -0.00631 -0.00775 -0.00567 -0.00676 -0.00454 -0.00484 -0.00705 -0.00863 -0.01276 -0.00414 -0.00889 -0.01393 -0.00316]
Reading under the pre-run entry of 15:35 UTC: negative.

Share of pairs with q < 0: 0.196 (DMT 0.162, PCB 0.230); mean deviation among the q > 0 pairs -0.00582, among the q < 0 pairs -0.01441 (descriptive).
Sign(q)-weighted mean cross-lag deviation: DMT -0.00324, PCB -0.00199; grand mean -0.00262 [-0.00495, -0.00037] (subject bootstrap, 10000 draws), exact sign-flip p = 0.0532, positive in 5/14 subjects; r(statistic, run-level residual) across the 28 runs -0.969.
Per-subject sign(q)-weighted mean deviation (two runs): [-0.00559 -0.00065 -0.00046 -0.00090  0.00046  0.00245  0.00035 -0.00172 -0.00725 -0.00902  0.00188 -0.00828 -0.01042  0.00253]
Reading under the pre-run entry for this statistic: negative (CI excludes zero): the mechanism's signature is absent and the deviation has the sign that raises sts above the prediction.
Slope of the deviation on q across pairs (OLS, per run): DMT +0.0228, PCB +0.0193; grand mean +0.0211 [+0.0194, +0.0227] (subject bootstrap, 10000 draws), exact sign-flip p = 0.0001, positive in 14/14 subjects; r(statistic, run-level residual) across the 28 runs -0.289.
Per-subject slope (two runs): [0.0216 0.0161 0.0207 0.0238 0.0192 0.0256 0.0204 0.0232 0.0274 0.0171 0.0183 0.0221 0.0169 0.0223]
Reading: positive.

run-level section done in 4 s
### ts_gsr (W = 60; 392 windows checked against diag_series xcorr_dev)

Share of pairs with q < 0 (window q): 0.515; mean deviation among the q > 0 pairs +0.00643, among the q < 0 pairs -0.00581; mean pair a 0.8596, mean pair |q| 0.2774; W = 60 residual of the diagnostic -0.0489 (descriptive).
W = 60 signed mean cross-lag deviation: DMT +0.00013, PCB +0.00014; grand mean +0.00014 [+0.00010, +0.00018] (subject bootstrap, 10000 draws), exact sign-flip p = 0.0001, positive in 14/14 subjects; r(statistic, W = 60 residual of the diagnostic, mean over the run's windows) across the 28 runs -0.283.
W = 60 sign(q)-weighted mean cross-lag deviation: DMT +0.00615, PCB +0.00608; grand mean +0.00611 [+0.00563, +0.00665] (subject bootstrap, 10000 draws), exact sign-flip p = 0.0001, positive in 14/14 subjects; r(statistic, W = 60 residual of the diagnostic, mean over the run's windows) across the 28 runs -0.635.
Per-subject W = 60 sign(q)-weighted mean deviation (two runs): [0.00573 0.00539 0.00524 0.00819 0.00614 0.00746 0.00527 0.00717 0.00694 0.00557 0.00514 0.00684 0.00544 0.00505]
Reading under the rule of 16 Sep 2026: comparable to the run-level +0.00340 (ratio 1.80, within a factor of two): a stationary mechanism is indicated and pooling is not distinguished by run length.
W = 60 slope of the deviation on q across pairs (OLS per window, mean over windows): DMT +0.0205, PCB +0.0198; grand mean +0.0201 [+0.0184, +0.0222] (subject bootstrap, 10000 draws), exact sign-flip p = 0.0001, positive in 14/14 subjects; r(statistic, W = 60 residual of the diagnostic, mean over the run's windows) across the 28 runs -0.416.

### ts_demean (W = 60; 392 windows checked against diag_series xcorr_dev)

Share of pairs with q < 0 (window q): 0.275; mean deviation among the q > 0 pairs -0.00303, among the q < 0 pairs -0.01649; mean pair a 0.8504, mean pair |q| 0.3229; W = 60 residual of the diagnostic -0.0378 (descriptive).
W = 60 signed mean cross-lag deviation: DMT -0.00651, PCB -0.00696; grand mean -0.00674 [-0.00820, -0.00537] (subject bootstrap, 10000 draws), exact sign-flip p = 0.0001, positive in 0/14 subjects; r(statistic, W = 60 residual of the diagnostic, mean over the run's windows) across the 28 runs -0.888.
W = 60 sign(q)-weighted mean cross-lag deviation: DMT +0.00108, PCB +0.00212; grand mean +0.00160 [-0.00019, +0.00326] (subject bootstrap, 10000 draws), exact sign-flip p = 0.1061, positive in 9/14 subjects; r(statistic, W = 60 residual of the diagnostic, mean over the run's windows) across the 28 runs -0.779.
Per-subject W = 60 sign(q)-weighted mean deviation (two runs): [-0.00151  0.00345  0.00330  0.00458  0.00463  0.00566  0.00301  0.00270 -0.00063 -0.00328  0.00435 -0.00402 -0.00361  0.00377]
Ratio to the run-level value -0.00262: -0.61 (no rule for this variant).
W = 60 slope of the deviation on q across pairs (OLS per window, mean over windows): DMT +0.0236, PCB +0.0238; grand mean +0.0237 [+0.0219, +0.0255] (subject bootstrap, 10000 draws), exact sign-flip p = 0.0001, positive in 14/14 subjects; r(statistic, W = 60 residual of the diagnostic, mean over the run's windows) across the 28 runs +0.029.

W = 60 section done in 18 s
W = 30: residual -0.0885 (-8.51 %); share of pair-windows with q < 0 0.503, mean |q| 0.354; sign(q)-weighted mean deviation +0.00662 ± 0.00008 (SE; 95 % [+0.00647, +0.00677]); signed mean +0.00000 ± 0.00005; slope on q +0.0169 ± 0.0001 over 280 window indices (6 s)
W = 60: residual -0.0373 (-3.10 %); share of pair-windows with q < 0 0.505, mean |q| 0.291; sign(q)-weighted mean deviation +0.00348 ± 0.00007 (SE; 95 % [+0.00335, +0.00361]); signed mean +0.00000 ± 0.00005; slope on q +0.0107 ± 0.0001 over 140 window indices (10 s)
W = 840: residual -0.0045 (-0.34 %); share of pair-windows with q < 0 0.516, mean |q| 0.222; sign(q)-weighted mean deviation +0.00025 ± 0.00005 (SE; 95 % [+0.00015, +0.00034]); signed mean +0.00000 ± 0.00005; slope on q +0.0012 ± 0.0001 over 10 window indices (12 s)
DMT pre: residual -0.0353 (-2.99 %); share of pair-windows with q < 0 0.496, mean |q| 0.280; sign(q)-weighted mean deviation +0.00344 ± 0.00007 (SE; 95 % [+0.00330, +0.00357]); signed mean -0.00015 ± 0.00006; slope on q +0.0112 ± 0.0002 over 50 window indices (39 s)
DMT post: residual -0.0313 (-2.77 %); share of pair-windows with q < 0 0.507, mean |q| 0.268; sign(q)-weighted mean deviation +0.00311 ± 0.00007 (SE; 95 % [+0.00297, +0.00325]); signed mean -0.00007 ± 0.00007; slope on q +0.0106 ± 0.0002 over 50 window indices (76 s)
PCB pre: residual -0.0350 (-3.00 %); share of pair-windows with q < 0 0.502, mean |q| 0.285; sign(q)-weighted mean deviation +0.00325 ± 0.00007 (SE; 95 % [+0.00311, +0.00339]); signed mean -0.00006 ± 0.00006; slope on q +0.0102 ± 0.0001 over 50 window indices (104 s)
PCB post: residual -0.0364 (-3.02 %); share of pair-windows with q < 0 0.499, mean |q| 0.283; sign(q)-weighted mean deviation +0.00356 ± 0.00007 (SE; 95 % [+0.00342, +0.00369]); signed mean -0.00001 ± 0.00006; slope on q +0.0114 ± 0.0002 over 50 window indices (129 s)

Reading under the rule of 16 Sep 2026 (W = 840 against the run-level ts_gsr value): near zero (|+0.00025| below a tenth of the run-level +0.00340; share +0.073): finite sampling is removed as a source of the signature.
At W = 60 (descriptive, no rule): null +0.00348 (homogeneous filter) and +0.00334 (four cells) against the data's ts_gsr W = 60 value +0.00611.

done in 148 s
wrote /home/vilalius/dmt-phiid/notes/review_results/partB/crosslag_deviation_tables.md and crosslag_deviation.csv
=== 2026-09-29 16:32:02  notes/partB12_crosslag_budget.py   -> notes/review_results/partB/crosslag_budget_run.log
# The cross-lag budget on the data (partB12_crosslag_budget.py; git=d5a65bd; seed=20261120)

Per subject and run, over the 6,555 pairs: δ_run = s·d at the run level (s = sign of the run-level q; d = mean of the two directions of corr(x_t, y_(t+1)) − a_y q), δ_wd = the same after removing each region's mean within each W = 60 window, δ_means = δ_run − δ_wd, δ_within = s·Σ_w π_w d_w, δ_pool = s·Σ_w π_w (a_(y,w) − ā_y) q_w, ε = δ_wd − δ_within − δ_pool (definitions and weights: notes/rev_crosslag_budget.py); beside them δ_60 = s·mean_w d_w and partB10's window-sign value mean_w sign(q_w) d_w. Mean over pairs per run; per subject the mean of the two runs; grand mean with subject-bootstrap 95 % CI (10,000 draws, seed 20261120, one set of draws per variant), exact sign-flip p, count positive; per run type. Rules recorded before the run: analysis_record.md, "The cross-lag budget: pre-run entry, 16 Sep 2026"; the null-corrected budget and the reading under those rules are in crosslag_budget_null_tables.md (partB13).

Population checks (no data):
  shared slow component λ_x = 0.25, λ_y = 0.25, a_s = 0.95, a_n = 0.8, loading +1: q = +0.2500, a_x = 0.8375, a_y = 0.8375, cross-lag +0.23750; d(x→y) = +0.028125 = q(1 − λ_y)(a_s − a_n) = +0.028125; d(y→x) = +0.028125 = q(1 − λ_x)(a_s − a_n) = +0.028125
  shared slow component λ_x = 0.25, λ_y = 0.25, a_s = 0.95, a_n = 0.8, loading -1: q = -0.2500, a_x = 0.8375, a_y = 0.8375, cross-lag -0.23750; d(x→y) = -0.028125 = q(1 − λ_y)(a_s − a_n) = -0.028125; d(y→x) = -0.028125 = q(1 − λ_x)(a_s − a_n) = -0.028125
  shared slow component λ_x = 0.3, λ_y = 0.2, a_s = 0.95, a_n = 0.8, loading +1: q = +0.2449, a_x = 0.8450, a_y = 0.8300, cross-lag +0.23270; d(x→y) = +0.029394 = q(1 − λ_y)(a_s − a_n) = +0.029394; d(y→x) = +0.025720 = q(1 − λ_x)(a_s − a_n) = +0.025720
  shared slow component λ_x = 0.1, λ_y = 0.4, a_s = 0.9, a_n = 0.85, loading -1: q = -0.2000, a_x = 0.8550, a_y = 0.8700, cross-lag -0.18000; d(x→y) = -0.006000 = q(1 − λ_y)(a_s − a_n) = -0.006000; d(y→x) = -0.009000 = q(1 − λ_x)(a_s − a_n) = -0.009000
  τ = 1 equivalence, worked example λ = 0.25, a_s = 0.95, a_n = 0.80: a = 0.8375, q = 0.2500, cross-lag 0.2375, d = +0.028125; A = Γ₁Γ₀⁻¹ = [[0.8300, 0.0300], [0.0300, 0.8300]], innovation correlation q_ε = 0.0932, c(1 − q²) = +0.028125; the VAR(1) with this A and Σ has the same Γ₀ and Γ₁ (Lyapunov check passed), so the same 4 × 4 matrix and the same sixteen τ = 1 atoms (sts = 1.15173, rtr = 0.02903).

   ts_gsr subject 1 DMT: run +0.00412 within +0.00363 pool +0.00052 means +0.00004 eps -0.000071 d60 +0.00333 winsign +0.00620 (1 s)
   ts_gsr subject 1 PCB: run +0.00263 within +0.00261 pool +0.00012 means -0.00003 eps -0.000065 d60 +0.00229 winsign +0.00526 (1 s)
   ts_gsr subject 2 DMT: run +0.00325 within +0.00273 pool +0.00060 means +0.00001 eps -0.000090 d60 +0.00219 winsign +0.00539 (1 s)
   ts_gsr subject 2 PCB: run +0.00075 within +0.00061 pool +0.00014 means -0.00001 eps -0.000003 d60 +0.00038 winsign +0.00539 (2 s)
   ts_gsr subject 3 DMT: run +0.00335 within +0.00282 pool +0.00055 means -0.00001 eps -0.000005 d60 +0.00198 winsign +0.00510 (2 s)
   ts_gsr subject 3 PCB: run +0.00298 within +0.00282 pool +0.00008 means +0.00006 eps +0.000015 d60 +0.00269 winsign +0.00538 (3 s)
   ts_gsr subject 4 DMT: run +0.00389 within +0.00350 pool +0.00037 means +0.00005 eps -0.000036 d60 +0.00313 winsign +0.00806 (3 s)
   ts_gsr subject 4 PCB: run +0.00492 within +0.00442 pool +0.00050 means +0.00003 eps -0.000029 d60 +0.00407 winsign +0.00833 (3 s)
   ts_gsr subject 5 DMT: run +0.00294 within +0.00260 pool +0.00025 means +0.00001 eps +0.000081 d60 +0.00215 winsign +0.00632 (4 s)
   ts_gsr subject 5 PCB: run +0.00264 within +0.00238 pool +0.00035 means -0.00005 eps -0.000042 d60 +0.00200 winsign +0.00595 (4 s)
   ts_gsr subject 6 DMT: run +0.00463 within +0.00388 pool +0.00076 means +0.00000 eps -0.000022 d60 +0.00359 winsign +0.00731 (5 s)
   ts_gsr subject 6 PCB: run +0.00444 within +0.00412 pool +0.00031 means +0.00000 eps +0.000001 d60 +0.00377 winsign +0.00760 (5 s)
   ts_gsr subject 7 DMT: run +0.00520 within +0.00384 pool +0.00113 means +0.00004 eps +0.000191 d60 +0.00345 winsign +0.00667 (6 s)
   ts_gsr subject 7 PCB: run +0.00179 within +0.00138 pool +0.00038 means +0.00006 eps -0.000035 d60 +0.00081 winsign +0.00386 (6 s)
   ts_gsr subject 8 DMT: run +0.00313 within +0.00210 pool +0.00108 means -0.00004 eps -0.000007 d60 +0.00132 winsign +0.00563 (6 s)
   ts_gsr subject 8 PCB: run +0.00459 within +0.00390 pool +0.00076 means +0.00000 eps -0.000073 d60 +0.00300 winsign +0.00870 (7 s)
   ts_gsr subject 9 DMT: run +0.00490 within +0.00391 pool +0.00105 means +0.00013 eps -0.000196 d60 +0.00322 winsign +0.00646 (7 s)
   ts_gsr subject 9 PCB: run +0.00428 within +0.00366 pool +0.00066 means +0.00000 eps -0.000047 d60 +0.00305 winsign +0.00741 (7 s)
   ts_gsr subject 10 DMT: run +0.00321 within +0.00269 pool +0.00041 means +0.00008 eps +0.000030 d60 +0.00216 winsign +0.00589 (8 s)
   ts_gsr subject 10 PCB: run +0.00170 within +0.00179 pool -0.00003 means +0.00001 eps -0.000070 d60 +0.00130 winsign +0.00526 (8 s)
   ts_gsr subject 11 DMT: run +0.00345 within +0.00298 pool +0.00048 means +0.00003 eps -0.000033 d60 +0.00285 winsign +0.00560 (8 s)
   ts_gsr subject 11 PCB: run +0.00171 within +0.00168 pool +0.00009 means -0.00007 eps +0.000014 d60 +0.00104 winsign +0.00468 (9 s)
   ts_gsr subject 12 DMT: run +0.00396 within +0.00329 pool +0.00066 means -0.00002 eps +0.000016 d60 +0.00287 winsign +0.00657 (9 s)
   ts_gsr subject 12 PCB: run +0.00348 within +0.00314 pool +0.00042 means +0.00001 eps -0.000101 d60 +0.00266 winsign +0.00711 (9 s)
   ts_gsr subject 13 DMT: run +0.00245 within +0.00196 pool +0.00048 means -0.00001 eps +0.000018 d60 +0.00162 winsign +0.00527 (10 s)
   ts_gsr subject 13 PCB: run +0.00363 within +0.00329 pool +0.00028 means +0.00004 eps +0.000014 d60 +0.00261 winsign +0.00561 (10 s)
   ts_gsr subject 14 DMT: run +0.00484 within +0.00349 pool +0.00128 means -0.00001 eps +0.000083 d60 +0.00316 winsign +0.00556 (10 s)
   ts_gsr subject 14 PCB: run +0.00238 within +0.00223 pool +0.00019 means -0.00002 eps -0.000020 d60 +0.00191 winsign +0.00454 (11 s)
δ_run: DMT +0.00381 [+0.00339, +0.00424], PCB +0.00299 [+0.00235, +0.00363]; grand mean +0.00340 [+0.00300, +0.00380] (subject bootstrap, 10000 draws), exact sign-flip p = 0.0001, positive in 14/14 subjects
δ_wd: DMT +0.00379 [+0.00338, +0.00421], PCB +0.00299 [+0.00235, +0.00363]; grand mean +0.00339 [+0.00299, +0.00378] (subject bootstrap, 10000 draws), exact sign-flip p = 0.0001, positive in 14/14 subjects
δ_means: DMT +0.00002 [-0.00000, +0.00004], PCB +0.00000 [-0.00002, +0.00002]; grand mean +0.00001 [-0.00000, +0.00003] (subject bootstrap, 10000 draws), exact sign-flip p = 0.1365, positive in 8/14 subjects
δ_within: DMT +0.00310 [+0.00277, +0.00343], PCB +0.00272 [+0.00215, +0.00327]; grand mean +0.00291 [+0.00257, +0.00325] (subject bootstrap, 10000 draws), exact sign-flip p = 0.0001, positive in 14/14 subjects
δ_pool: DMT +0.00069 [+0.00053, +0.00086], PCB +0.00030 [+0.00019, +0.00042]; grand mean +0.00050 [+0.00038, +0.00062] (subject bootstrap, 10000 draws), exact sign-flip p = 0.0001, positive in 14/14 subjects
δ_eps: DMT -0.00000 [-0.00005, +0.00004], PCB -0.00003 [-0.00005, -0.00001]; grand mean -0.00002 [-0.00004, +0.00001] (subject bootstrap, 10000 draws), exact sign-flip p = 0.2068, positive in 5/14 subjects
δ_60 (run-level sign): DMT +0.00264 [+0.00227, +0.00301], PCB +0.00226 [+0.00170, +0.00280]; grand mean +0.00245 [+0.00212, +0.00281] (subject bootstrap, 10000 draws), exact sign-flip p = 0.0001, positive in 14/14 subjects
window-sign value (partB10): DMT +0.00615 [+0.00575, +0.00660], PCB +0.00608 [+0.00535, +0.00685]; grand mean +0.00611 [+0.00563, +0.00665] (subject bootstrap, 10000 draws), exact sign-flip p = 0.0001, positive in 14/14 subjects
Shares of δ_run (grand means): δ_within +0.856, δ_pool +0.146, δ_means +0.004, δ_eps -0.005
Per-subject δ_run (mean of the two runs): [0.00337 0.00200 0.00316 0.00440 0.00279 0.00453 0.00350 0.00386 0.00459 0.00245 0.00258 0.00372 0.00304 0.00361]
Per-subject δ_within: [0.00312 0.00167 0.00282 0.00396 0.00249 0.00400 0.00261 0.00300 0.00379 0.00224 0.00233 0.00322 0.00263 0.00286]
Per-subject δ_pool: [0.00032 0.00037 0.00032 0.00044 0.00030 0.00054 0.00076 0.00092 0.00086 0.00019 0.00028 0.00054 0.00038 0.00074]
Per-subject δ_means: [ 2.84342e-06 -1.43874e-06  2.27692e-05  4.24604e-05 -1.92625e-05  2.39385e-06  5.04457e-05 -1.99602e-05  6.76595e-05  4.34749e-05 -2.10285e-05 -1.69346e-06  1.71125e-05 -1.73262e-05]

   ts_demean subject 1 DMT: run -0.00670 within -0.00623 pool -0.00036 means +0.00006 eps -0.000169 d60 -0.00717 winsign -0.00233 (11 s)
   ts_demean subject 1 PCB: run -0.00448 within -0.00434 pool -0.00028 means +0.00002 eps +0.000116 d60 -0.00486 winsign -0.00068 (11 s)
   ts_demean subject 2 DMT: run +0.00005 within +0.00001 pool +0.00009 means -0.00000 eps -0.000058 d60 -0.00009 winsign +0.00389 (12 s)
   ts_demean subject 2 PCB: run -0.00135 within -0.00138 pool +0.00001 means -0.00000 eps +0.000019 d60 -0.00149 winsign +0.00301 (12 s)
   ts_demean subject 3 DMT: run -0.00396 within -0.00285 pool -0.00077 means -0.00004 eps -0.000304 d60 -0.00321 winsign +0.00114 (12 s)
   ts_demean subject 3 PCB: run +0.00303 within +0.00291 pool +0.00004 means +0.00005 eps +0.000026 d60 +0.00264 winsign +0.00547 (13 s)
   ts_demean subject 4 DMT: run -0.00081 within -0.00082 pool -0.00007 means +0.00003 eps +0.000050 d60 -0.00125 winsign +0.00415 (13 s)
   ts_demean subject 4 PCB: run -0.00100 within -0.00102 pool -0.00012 means +0.00001 eps +0.000138 d60 -0.00156 winsign +0.00501 (13 s)
   ts_demean subject 5 DMT: run -0.00051 within -0.00044 pool -0.00016 means -0.00000 eps +0.000088 d60 -0.00085 winsign +0.00448 (14 s)
   ts_demean subject 5 PCB: run +0.00143 within +0.00127 pool +0.00027 means -0.00005 eps -0.000058 d60 +0.00070 winsign +0.00478 (14 s)
   ts_demean subject 6 DMT: run +0.00172 within +0.00123 pool +0.00048 means -0.00002 eps +0.000026 d60 +0.00077 winsign +0.00505 (14 s)
   ts_demean subject 6 PCB: run +0.00318 within +0.00297 pool +0.00021 means +0.00001 eps -0.000007 d60 +0.00265 winsign +0.00628 (15 s)
   ts_demean subject 7 DMT: run +0.00116 within +0.00106 pool +0.00025 means -0.00007 eps -0.000082 d60 +0.00086 winsign +0.00461 (15 s)
   ts_demean subject 7 PCB: run -0.00046 within -0.00058 pool +0.00003 means +0.00004 eps +0.000048 d60 -0.00121 winsign +0.00142 (15 s)
   ts_demean subject 8 DMT: run -0.00247 within -0.00200 pool -0.00037 means -0.00006 eps -0.000031 d60 -0.00332 winsign +0.00170 (16 s)
   ts_demean subject 8 PCB: run -0.00098 within -0.00076 pool -0.00020 means +0.00002 eps -0.000031 d60 -0.00154 winsign +0.00370 (16 s)
   ts_demean subject 9 DMT: run -0.00771 within -0.00491 pool -0.00285 means +0.00001 eps +0.000043 d60 -0.00433 winsign -0.00080 (16 s)
   ts_demean subject 9 PCB: run -0.00679 within -0.00653 pool +0.00027 means -0.00007 eps -0.000463 d60 -0.00711 winsign -0.00046 (17 s)
   ts_demean subject 10 DMT: run -0.00766 within -0.00717 pool -0.00050 means +0.00018 eps -0.000169 d60 -0.00778 winsign -0.00209 (17 s)
   ts_demean subject 10 PCB: run -0.01037 within -0.00886 pool -0.00104 means -0.00005 eps -0.000419 d60 -0.00927 winsign -0.00447 (17 s)
   ts_demean subject 11 DMT: run +0.00103 within +0.00090 pool +0.00023 means +0.00001 eps -0.000102 d60 +0.00069 winsign +0.00336 (18 s)
   ts_demean subject 11 PCB: run +0.00272 within +0.00252 pool +0.00022 means +0.00003 eps -0.000047 d60 +0.00201 winsign +0.00533 (18 s)
   ts_demean subject 12 DMT: run -0.00399 within -0.00446 pool +0.00074 means -0.00007 eps -0.000207 d60 -0.00529 winsign -0.00222 (18 s)
   ts_demean subject 12 PCB: run -0.01257 within -0.01116 pool -0.00127 means -0.00001 eps -0.000127 d60 -0.01201 winsign -0.00582 (19 s)
   ts_demean subject 13 DMT: run -0.01763 within -0.01354 pool -0.00390 means -0.00003 eps -0.000159 d60 -0.01412 winsign -0.00808 (19 s)
   ts_demean subject 13 PCB: run -0.00320 within -0.00294 pool -0.00039 means +0.00004 eps +0.000080 d60 -0.00306 winsign +0.00086 (19 s)
   ts_demean subject 14 DMT: run +0.00209 within +0.00142 pool +0.00061 means -0.00002 eps +0.000087 d60 +0.00125 winsign +0.00230 (20 s)
   ts_demean subject 14 PCB: run +0.00296 within +0.00242 pool +0.00033 means -0.00000 eps +0.000213 d60 +0.00129 winsign +0.00523 (20 s)
δ_run: DMT -0.00324 [-0.00614, -0.00079], PCB -0.00199 [-0.00465, +0.00041]; grand mean -0.00262 [-0.00495, -0.00037] (subject bootstrap, 10000 draws), exact sign-flip p = 0.0532, positive in 5/14 subjects
δ_wd: DMT -0.00324 [-0.00615, -0.00078], PCB -0.00199 [-0.00465, +0.00040]; grand mean -0.00262 [-0.00495, -0.00037] (subject bootstrap, 10000 draws), exact sign-flip p = 0.0536, positive in 5/14 subjects
δ_means: DMT -0.00000 [-0.00003, +0.00003], PCB +0.00000 [-0.00002, +0.00002]; grand mean +0.00000 [-0.00001, +0.00002] (subject bootstrap, 10000 draws), exact sign-flip p = 0.9149, positive in 6/14 subjects
δ_within: DMT -0.00270 [-0.00498, -0.00073], PCB -0.00182 [-0.00418, +0.00036]; grand mean -0.00226 [-0.00428, -0.00034] (subject bootstrap, 10000 draws), exact sign-flip p = 0.0537, positive in 6/14 subjects
δ_pool: DMT -0.00047 [-0.00120, +0.00011], PCB -0.00014 [-0.00041, +0.00009]; grand mean -0.00030 [-0.00069, +0.00001] (subject bootstrap, 10000 draws), exact sign-flip p = 0.1296, positive in 6/14 subjects
δ_eps: DMT -0.00007 [-0.00013, -0.00001], PCB -0.00004 [-0.00014, +0.00005]; grand mean -0.00005 [-0.00011, +0.00000] (subject bootstrap, 10000 draws), exact sign-flip p = 0.1117, positive in 4/14 subjects
δ_60 (run-level sign): DMT -0.00313 [-0.00549, -0.00109], PCB -0.00235 [-0.00472, -0.00017]; grand mean -0.00274 [-0.00478, -0.00079] (subject bootstrap, 10000 draws), exact sign-flip p = 0.0270, positive in 3/14 subjects
window-sign value (partB10): DMT +0.00108 [-0.00090, +0.00285], PCB +0.00212 [+0.00010, +0.00393]; grand mean +0.00160 [-0.00019, +0.00326] (subject bootstrap, 10000 draws), exact sign-flip p = 0.1061, positive in 9/14 subjects
Shares of δ_run (grand means): δ_within +0.864, δ_pool +0.116, δ_means -0.000, δ_eps +0.020
Per-subject δ_run (mean of the two runs): [-0.00559 -0.00065 -0.00046 -0.00090  0.00046  0.00245  0.00035 -0.00172 -0.00725 -0.00902  0.00188 -0.00828 -0.01042  0.00253]
Per-subject δ_within: [-5.28493e-03 -6.81841e-04  2.99972e-05 -9.22317e-04  4.14634e-04  2.10184e-03  2.40307e-04 -1.38265e-03 -5.72414e-03 -8.01739e-03  1.71123e-03 -7.80996e-03 -8.23768e-03  1.91994e-03]
Per-subject δ_pool: [-3.18937e-04  4.97321e-05 -3.62001e-04 -9.63657e-05  5.32312e-05  3.46460e-04  1.38382e-04 -2.84217e-04 -1.29174e-03 -7.69849e-04  2.21743e-04 -2.64544e-04 -2.14365e-03  4.68918e-04]
Per-subject δ_means: [ 4.13964e-05 -1.82712e-06  7.94587e-06  1.99351e-05 -2.59160e-05 -3.68599e-06 -1.35827e-05 -2.33879e-05 -2.78091e-05  6.54788e-05  1.70373e-05 -3.74814e-05  5.46367e-06 -1.17876e-05]

done in 20 s
wrote /home/vilalius/dmt-phiid/notes/review_results/partB/crosslag_budget_tables.md and crosslag_budget.csv
=== 2026-09-29 16:32:23  notes/partB13_crosslag_budget_null.py   -> notes/review_results/partB/crosslag_budget_null_run.log
# The cross-lag budget on the finite-sample null, the controls, and the null-corrected budget of the data (partB13_crosslag_budget_null.py; git=d5a65bd; seed=20261120)

Data targets (ts_gsr), computed here: DMT run level: mean a 0.8638, mean |q̂| 0.1904, fraction q̂ < 0 0.543, |q̂| < 0.05 0.174, |q̂| < 0.10 0.337; DMT window level: mean a 0.8561, mean |q̂| 0.2721, fraction q̂ < 0 0.515, |q̂| < 0.05 0.111, |q̂| < 0.10 0.219; PCB run level: mean a 0.8694, mean |q̂| 0.1987, fraction q̂ < 0 0.546, |q̂| < 0.05 0.162, |q̂| < 0.10 0.319; PCB window level: mean a 0.8631, mean |q̂| 0.2828, fraction q̂ < 0 0.516, |q̂| < 0.05 0.106, |q̂| < 0.10 0.210

   DMT terms (mean ± Monte-Carlo SE): run +0.00031 ± 0.00004  wd +0.00035 ± 0.00004  means -0.00004 ± 0.00001  within +0.00034 ± 0.00004  pool +0.00003 ± 0.00001  eps -0.00002 ± 0.00000  d60 +0.00013 ± 0.00004  d60_winsign +0.00330 ± 0.00004
   solved PCB (k = 0, targets at the run level: a 0.8694, |q̂| 0.1987, fraction |q̂| < 0.05 0.162): beta = 197.4144, w = 0.0741, sig2 = 0.2530; achieved on the solver batch a 0.8694, |q̂| 0.1987, fraction 0.162
   PCB (25000 pair-runs): null run-level mean a 0.8698 (data 0.8694), mean |q̂| 0.1982 (data 0.1987), fraction q̂ < 0 0.506 (data 0.546), |q̂| < 0.05 0.176 (data 0.162), |q̂| < 0.10 0.337 (data 0.319)
   PCB terms (mean ± Monte-Carlo SE): run +0.00047 ± 0.00004  wd +0.00048 ± 0.00004  means -0.00001 ± 0.00000  within +0.00047 ± 0.00004  pool +0.00004 ± 0.00001  eps -0.00002 ± 0.00000  d60 +0.00022 ± 0.00004  d60_winsign +0.00373 ± 0.00004
   null value (mean over the two run types): run +0.00039 ± 0.00003  wd +0.00042 ± 0.00003  means -0.00002 ± 0.00000  within +0.00040 ± 0.00003  pool +0.00003 ± 0.00001  eps -0.00002 ± 0.00000  d60 +0.00017 ± 0.00003  d60_winsign +0.00352 ± 0.00003
 (61 s)
   DMT terms (mean ± Monte-Carlo SE): run +0.00029 ± 0.00004  wd +0.00032 ± 0.00004  means -0.00003 ± 0.00001  within +0.00031 ± 0.00004  pool +0.00003 ± 0.00001  eps -0.00002 ± 0.00000  d60 +0.00009 ± 0.00004  d60_winsign +0.00351 ± 0.00004
   solved PCB (k = 1, targets at the run level: a 0.8694, |q̂| 0.1987, fraction |q̂| < 0.05 0.162): beta = 190.9599, w = 0.0062, sig2 = 0.2438; achieved on the solver batch a 0.8694, |q̂| 0.1987, fraction 0.162
   PCB (25000 pair-runs): null run-level mean a 0.8693 (data 0.8694), mean |q̂| 0.1994 (data 0.1987), fraction q̂ < 0 0.500 (data 0.546), |q̂| < 0.05 0.160 (data 0.162), |q̂| < 0.10 0.314 (data 0.319)
   PCB terms (mean ± Monte-Carlo SE): run +0.00029 ± 0.00004  wd +0.00030 ± 0.00004  means -0.00001 ± 0.00000  within +0.00030 ± 0.00004  pool +0.00002 ± 0.00001  eps -0.00002 ± 0.00000  d60 +0.00004 ± 0.00004  d60_winsign +0.00378 ± 0.00004
   null value (mean over the two run types): run +0.00029 ± 0.00003  wd +0.00031 ± 0.00003  means -0.00002 ± 0.00000  within +0.00031 ± 0.00003  pool +0.00002 ± 0.00001  eps -0.00002 ± 0.00000  d60 +0.00007 ± 0.00003  d60_winsign +0.00364 ± 0.00003
 (112 s)
   DMT terms (mean ± Monte-Carlo SE): run +0.00026 ± 0.00004  wd +0.00028 ± 0.00004  means -0.00002 ± 0.00001  within +0.00028 ± 0.00004  pool +0.00003 ± 0.00001  eps -0.00003 ± 0.00000  d60 +0.00008 ± 0.00004  d60_winsign +0.00322 ± 0.00004
   solved PCB (k = 2, targets at the run level: a 0.8694, |q̂| 0.1987, fraction |q̂| < 0.05 0.162): beta = 198.5249, w = 0.0478, sig2 = 0.2486; achieved on the solver batch a 0.8694, |q̂| 0.1987, fraction 0.162
   PCB (25000 pair-runs): null run-level mean a 0.8704 (data 0.8694), mean |q̂| 0.1986 (data 0.1987), fraction q̂ < 0 0.510 (data 0.546), |q̂| < 0.05 0.167 (data 0.162), |q̂| < 0.10 0.318 (data 0.319)
   PCB terms (mean ± Monte-Carlo SE): run +0.00037 ± 0.00004  wd +0.00038 ± 0.00004  means -0.00001 ± 0.00000  within +0.00037 ± 0.00004  pool +0.00003 ± 0.00001  eps -0.00002 ± 0.00000  d60 +0.00012 ± 0.00004  d60_winsign +0.00341 ± 0.00004
   null value (mean over the two run types): run +0.00031 ± 0.00003  wd +0.00033 ± 0.00003  means -0.00001 ± 0.00000  within +0.00033 ± 0.00003  pool +0.00003 ± 0.00001  eps -0.00002 ± 0.00000  d60 +0.00010 ± 0.00003  d60_winsign +0.00332 ± 0.00003
 (160 s)
   DMT terms (mean ± Monte-Carlo SE): run +0.00045 ± 0.00004  wd +0.00046 ± 0.00004  means -0.00001 ± 0.00000  within +0.00045 ± 0.00004  pool +0.00003 ± 0.00001  eps -0.00002 ± 0.00000  d60 +0.00022 ± 0.00004  d60_winsign +0.00354 ± 0.00004
   solved PCB (k = 3, targets at the run level: a 0.8694, |q̂| 0.1987, fraction |q̂| < 0.05 0.162): beta = 196.9044, w = 0.0566, sig2 = 0.2555; achieved on the solver batch a 0.8694, |q̂| 0.1987, fraction 0.162
   PCB (25000 pair-runs): null run-level mean a 0.8694 (data 0.8694), mean |q̂| 0.1995 (data 0.1987), fraction q̂ < 0 0.504 (data 0.546), |q̂| < 0.05 0.172 (data 0.162), |q̂| < 0.10 0.331 (data 0.319)
   PCB terms (mean ± Monte-Carlo SE): run +0.00047 ± 0.00004  wd +0.00048 ± 0.00004  means -0.00001 ± 0.00000  within +0.00043 ± 0.00004  pool +0.00006 ± 0.00001  eps -0.00002 ± 0.00000  d60 +0.00019 ± 0.00004  d60_winsign +0.00371 ± 0.00004
   null value (mean over the two run types): run +0.00046 ± 0.00003  wd +0.00047 ± 0.00003  means -0.00001 ± 0.00000  within +0.00044 ± 0.00003  pool +0.00005 ± 0.00001  eps -0.00002 ± 0.00000  d60 +0.00021 ± 0.00003  d60_winsign +0.00363 ± 0.00003
 (213 s)
   DMT terms (mean ± Monte-Carlo SE): run +0.00032 ± 0.00004  wd +0.00034 ± 0.00004  means -0.00001 ± 0.00001  within +0.00033 ± 0.00004  pool +0.00002 ± 0.00001  eps -0.00002 ± 0.00000  d60 +0.00012 ± 0.00004  d60_winsign +0.00349 ± 0.00004
   solved PCB (k = 4, targets at the run level: a 0.8694, |q̂| 0.1987, fraction |q̂| < 0.05 0.162): beta = 197.1746, sigq = 0.2394; achieved on the solver batch a 0.8694, |q̂| 0.1987, fraction 0.156
   PCB (25000 pair-runs): null run-level mean a 0.8697 (data 0.8694), mean |q̂| 0.1971 (data 0.1987), fraction q̂ < 0 0.501 (data 0.546), |q̂| < 0.05 0.158 (data 0.162), |q̂| < 0.10 0.312 (data 0.319)
   PCB terms (mean ± Monte-Carlo SE): run +0.00032 ± 0.00004  wd +0.00032 ± 0.00004  means -0.00000 ± 0.00000  within +0.00033 ± 0.00004  pool +0.00001 ± 0.00001  eps -0.00001 ± 0.00000  d60 +0.00007 ± 0.00004  d60_winsign +0.00368 ± 0.00004
   null value (mean over the two run types): run +0.00032 ± 0.00003  wd +0.00033 ± 0.00003  means -0.00001 ± 0.00000  within +0.00033 ± 0.00003  pool +0.00002 ± 0.00001  eps -0.00002 ± 0.00000  d60 +0.00009 ± 0.00003  d60_winsign +0.00359 ± 0.00003
 (229 s)
   DMT terms (mean ± Monte-Carlo SE): run +0.00027 ± 0.00004  wd +0.00030 ± 0.00004  means -0.00003 ± 0.00001  within +0.00031 ± 0.00004  pool +0.00002 ± 0.00001  eps -0.00003 ± 0.00000  d60 +0.00009 ± 0.00004  d60_winsign +0.00319 ± 0.00004
   solved PCB (k = 5, targets at the window level: a 0.8631, |q̂| 0.2828, fraction |q̂| < 0.05 0.106): beta = 186.0153, w = 0.1258, sig2 = 0.2809; achieved on the solver batch a 0.8631, |q̂| 0.2828, fraction 0.106
   PCB (25000 pair-runs): null run-level mean a 0.8674 (data 0.8694), mean |q̂| 0.2094 (data 0.1987), fraction q̂ < 0 0.504 (data 0.546), |q̂| < 0.05 0.188 (data 0.162), |q̂| < 0.10 0.341 (data 0.319)
   PCB terms (mean ± Monte-Carlo SE): run +0.00045 ± 0.00004  wd +0.00045 ± 0.00004  means -0.00001 ± 0.00000  within +0.00044 ± 0.00004  pool +0.00003 ± 0.00001  eps -0.00002 ± 0.00000  d60 +0.00019 ± 0.00004  d60_winsign +0.00353 ± 0.00004
   null value (mean over the two run types): run +0.00036 ± 0.00003  wd +0.00038 ± 0.00003  means -0.00002 ± 0.00000  within +0.00038 ± 0.00003  pool +0.00003 ± 0.00001  eps -0.00002 ± 0.00000  d60 +0.00014 ± 0.00003  d60_winsign +0.00336 ± 0.00003
 (299 s)
   (i) common drive, DMT: λ = 0.2, regional parts at β̄ = 129.2 (population lag-1 a_n = 0.8650), shared part at β_s = 1258.6 (a_s = 0.9650); population d = λ(1 − λ)(a_s − a_n) = +0.01600; empirical/analytic variance ratios 1.0021 (regional), 0.9997 (shared); realised run-level mean a 0.8823, |q̂| 0.1998; 25000 pair-runs
      terms: run +0.01428 ± 0.00005  wd +0.01387 ± 0.00005  means +0.00041 ± 0.00001  within +0.01275 ± 0.00005  pool +0.00127 ± 0.00001  eps -0.00015 ± 0.00000  d60 +0.01231 ± 0.00005  d60_winsign +0.01147 ± 0.00005; shares of δ_run: within +0.893, pool +0.089, means +0.029, eps -0.010
   (ii) pooling, DMT: TRs 0–239 at β₁ ~ N(6.0 β̄, h·6.0 β̄) (population lag-1 0.9461) with q₁ from the primary mixture; TRs 240–839 at β₂ ~ N(β̄/5, h·β̄/5) (population lag-1 0.8402) with q₂ = q₁(1 − g), g ~ U(0.5, 1.0); last batch's segment means: a 0.9350, |q̂| 0.2214 before TR 240 and a 0.8400, |q̂| 0.0777 after; realised run-level mean a 0.8522, |q̂| 0.0875; 25000 pair-runs
      terms: run +0.00133 ± 0.00005  wd +0.00136 ± 0.00006  means -0.00003 ± 0.00001  within +0.00037 ± 0.00005  pool +0.00101 ± 0.00002  eps -0.00002 ± 0.00001  d60 +0.00031 ± 0.00004  d60_winsign +0.00299 ± 0.00004; shares of δ_run: within +0.280, pool +0.757, means -0.025, eps -0.013; δ_pool = 49.1 Monte-Carlo SEs (309 s)
   (i) common drive, PCB: λ = 0.2, regional parts at β̄ = 197.4 (population lag-1 a_n = 0.8713), shared part at β_s = 1923.9 (a_s = 0.9713); population d = λ(1 − λ)(a_s − a_n) = +0.01600; empirical/analytic variance ratios 0.9983 (regional), 0.9977 (shared); realised run-level mean a 0.8878, |q̂| 0.1989; 25000 pair-runs
      terms: run +0.01449 ± 0.00005  wd +0.01435 ± 0.00005  means +0.00014 ± 0.00000  within +0.01307 ± 0.00005  pool +0.00132 ± 0.00001  eps -0.00004 ± 0.00000  d60 +0.01265 ± 0.00005  d60_winsign +0.01195 ± 0.00004; shares of δ_run: within +0.902, pool +0.091, means +0.009, eps -0.003
   (ii) pooling, PCB: TRs 0–239 at β₁ ~ N(6.0 β̄, h·6.0 β̄) (population lag-1 0.9571) with q₁ from the primary mixture; TRs 240–839 at β₂ ~ N(β̄/5, h·β̄/5) (population lag-1 0.8359) with q₂ = q₁(1 − g), g ~ U(0.5, 1.0); last batch's segment means: a 0.9457, |q̂| 0.2321 before TR 240 and a 0.8358, |q̂| 0.0804 after; realised run-level mean a 0.8465, |q̂| 0.0861; 25000 pair-runs
      terms: run +0.00130 ± 0.00006  wd +0.00130 ± 0.00006  means -0.00001 ± 0.00000  within +0.00042 ± 0.00005  pool +0.00089 ± 0.00002  eps -0.00001 ± 0.00001  d60 +0.00032 ± 0.00004  d60_winsign +0.00269 ± 0.00004; shares of δ_run: within +0.326, pool +0.688, means -0.005, eps -0.009; δ_pool = 43.7 Monte-Carlo SEs (320 s)
k = 2, null-corrected: δ_run,c +0.00309 [+0.00269, +0.00348]  δ_within,c +0.00258 [+0.00225, +0.00293]  δ_pool,c +0.00047 [+0.00036, +0.00059]  δ_means,c +0.00003 [+0.00001, +0.00004]  δ_eps,c +0.00001 [-0.00002, +0.00003]; shares within +0.837, pool +0.152, means +0.009, eps +0.002; labels within: most, pool: a minor part, means: a minor part
k = 3, null-corrected: δ_run,c +0.00294 [+0.00254, +0.00334]  δ_within,c +0.00247 [+0.00213, +0.00281]  δ_pool,c +0.00045 [+0.00034, +0.00057]  δ_means,c +0.00002 [+0.00001, +0.00004]  δ_eps,c +0.00000 [-0.00002, +0.00003]; shares within +0.839, pool +0.153, means +0.007, eps +0.001; labels within: most, pool: a minor part, means: a minor part
k = 4, null-corrected: δ_run,c +0.00308 [+0.00268, +0.00348]  δ_within,c +0.00258 [+0.00224, +0.00292]  δ_pool,c +0.00048 [+0.00036, +0.00060]  δ_means,c +0.00002 [+0.00001, +0.00004]  δ_eps,c -0.00000 [-0.00002, +0.00002]; shares within +0.838, pool +0.155, means +0.007, eps -0.000; labels within: most, pool: a minor part, means: a minor part
k = 5, null-corrected: δ_run,c +0.00304 [+0.00264, +0.00344]  δ_within,c +0.00253 [+0.00220, +0.00288]  δ_pool,c +0.00047 [+0.00036, +0.00059]  δ_means,c +0.00003 [+0.00002, +0.00005]  δ_eps,c +0.00001 [-0.00002, +0.00003]; shares within +0.833, pool +0.155, means +0.011, eps +0.002; labels within: most, pool: a minor part, means: a minor part
(b) Apportioning. gate passed: the CI of δ_run,c lies above zero in every configuration; ε check passed in every configuration (|ε_c| ≤ δ_run,c / 10); validity from the controls: control (i) shares pool +0.090, means +0.019; control (ii) share within +0.303. Read: δ_within: most; δ_pool: a minor part; δ_means: a minor part.

(c) Reading: δ_within most: the signature is present inside 2-minute windows, where pooling across windows cannot act. The candidates are common slow drive or lagged coupling (not separable at τ = 1), non-stationarity faster than 2 minutes, or a within-window finite-sample effect that the null as specified does not reproduce. Pooling is not the principal account.

(d) δ_60 with the run-level sign, data +0.00245 [+0.00212, +0.00281], null (primary) +0.00017 ± 0.00003; partB10's window-sign value, data +0.00611, null (primary) +0.00352 ± 0.00003. The 10:32 UTC W = 60 reading, as recorded: "comparable to the run-level +0.00340 (ratio 1.80, within a factor of two): a stationary mechanism is indicated and pooling is not distinguished by run length"; superseded for the reasons of the correction note of 16 Sep 2026 (the window's sign selects on the same samples; the null's W = 60 value was read at a different q̂ density; the ratio compares two differently biased statistics).

(e) Run type (rule applied at the primary configuration k = 0; the others reported). k = 0: DMT − placebo per subject, null-corrected: δ_pool,c +0.00039 (sign-flip p = 0.0006, positive in 12/14) → pooling is larger on the DMT run: +0.00039, 0.11 of the DMT-run δ_run,c (+0.00349); δ_within,c +0.00052 (p = 0.1368), δ_means,c +0.00005 (p = 0.0112) (no rule) | k = 1: DMT − placebo per subject, null-corrected: δ_pool,c +0.00037 (sign-flip p = 0.0007, positive in 12/14) → pooling is larger on the DMT run: +0.00037, 0.11 of the DMT-run δ_run,c (+0.00352); δ_within,c +0.00037 (p = 0.2710), δ_means,c +0.00004 (p = 0.0189) (no rule) | k = 2: DMT − placebo per subject, null-corrected: δ_pool,c +0.00039 (sign-flip p = 0.0006, positive in 12/14) → pooling is larger on the DMT run: +0.00039, 0.11 of the DMT-run δ_run,c (+0.00355); δ_within,c +0.00047 (p = 0.1764), δ_means,c +0.00003 (p = 0.0795) (no rule) | k = 3: DMT − placebo per subject, null-corrected: δ_pool,c +0.00041 (sign-flip p = 0.0005, positive in 12/14) → pooling is larger on the DMT run: +0.00041, 0.12 of the DMT-run δ_run,c (+0.00336); δ_within,c +0.00037 (p = 0.2738), δ_means,c +0.00002 (p = 0.2560) (no rule) | k = 4: DMT − placebo per subject, null-corrected: δ_pool,c +0.00037 (sign-flip p = 0.0007, positive in 12/14) → pooling is larger on the DMT run: +0.00037, 0.11 of the DMT-run δ_run,c (+0.00349); δ_within,c +0.00038 (p = 0.2678), δ_means,c +0.00003 (p = 0.1044) (no rule) | k = 5: DMT − placebo per subject, null-corrected: δ_pool,c +0.00040 (sign-flip p = 0.0005, positive in 12/14) → pooling is larger on the DMT run: +0.00040, 0.11 of the DMT-run δ_run,c (+0.00354); δ_within,c +0.00052 (p = 0.1389), δ_means,c +0.00004 (p = 0.0157) (no rule)

(f) ts_demean, data only (no null; not read): δ_run -0.00262 [-0.00495, -0.00037]  δ_wd -0.00262 [-0.00495, -0.00037]  δ_means +0.00000 [-0.00001, +0.00002]  δ_within -0.00226 [-0.00428, -0.00034]  δ_pool -0.00030 [-0.00069, +0.00001]  δ_eps -0.00005 [-0.00011, +0.00000]  δ_d60 -0.00274 [-0.00478, -0.00079]  δ_d60_winsign +0.00160 [-0.00019, +0.00326]

done in 320 s
wrote /home/vilalius/dmt-phiid/notes/review_results/partB/crosslag_budget_null_tables.md and crosslag_budget_null.csv
=== 2026-09-29 16:37:44  notes/partB20_regional_partial.py   -> notes/review_results/partB/regional_partial_run.log
git=d5a65bd
# The regional sts and sts − rtr maps with regional r₁ partialled out (partB20_regional_partial.py)
git=d5a65bd

Group maps from regional_sts_r1.csv (partB11: placebo run, pre-injection; ts_gsr; 115 regions); OLS with intercept on regional r₁ (windowed W = 60 windows 1–4; whole-span TRs 0–239 as a sensitivity); Yeo-7 networks from the parcel names, the 16 subcortical parcels as one class; sensory = Vis + SomMot (31 parcels), association = Default + Cont (37 parcels). No spin test (the maps are algebraically linked). Seed 20261120.

## sts map on regional r₁ (windowed)

Slope +3.0887 nats per unit r₁ (r² = 0.745); SD across regions of the map 0.0447, of the residual map 0.0226.
Sensory − association contrast: before partialling -0.0202 nats (-0.45 map SD); after partialling +0.0037 nats (+0.16 residual-map SD); the same contrast of r₁ itself -0.0078.

| network | n | map mean | residual mean | r₁ mean |
|---|---|---|---|---|
| Vis | 17 | +1.2837 | +0.0102 | 0.8403 |
| SomMot | 14 | +1.2931 | -0.0082 | 0.8493 |
| DorsAttn | 14 | +1.3082 | +0.0207 | 0.8449 |
| SalVentAttn | 12 | +1.3003 | -0.0000 | 0.8490 |
| Limbic | 5 | +1.3194 | +0.0191 | 0.8490 |
| Cont | 13 | +1.3238 | -0.0078 | 0.8591 |
| Default | 24 | +1.2998 | +0.0015 | 0.8484 |
| Subcortex | 16 | +1.2143 | -0.0235 | 0.8288 |

## sts map on regional r₁ (whole-span)

Slope +2.9095 nats per unit r₁ (r² = 0.825); SD across regions of the map 0.0447, of the residual map 0.0187.
Sensory − association contrast: before partialling -0.0202 nats (-0.45 map SD); after partialling +0.0060 nats (+0.32 residual-map SD); the same contrast of r₁ itself -0.0090.

| network | n | map mean | residual mean | r₁ mean |
|---|---|---|---|---|
| Vis | 17 | +1.2837 | +0.0094 | 0.8566 |
| SomMot | 14 | +1.2931 | -0.0069 | 0.8655 |
| DorsAttn | 14 | +1.3082 | +0.0107 | 0.8646 |
| SalVentAttn | 12 | +1.3003 | +0.0014 | 0.8651 |
| Limbic | 5 | +1.3194 | +0.0236 | 0.8640 |
| Cont | 13 | +1.3238 | -0.0107 | 0.8773 |
| Default | 24 | +1.2998 | -0.0003 | 0.8655 |
| Subcortex | 16 | +1.2143 | -0.0126 | 0.8404 |

## sts − rtr map on regional r₁ (windowed)

Slope +2.5906 nats per unit r₁ (r² = 0.628); SD across regions of the map 0.0408, of the residual map 0.0249.
Sensory − association contrast: before partialling -0.0215 nats (-0.53 map SD); after partialling -0.0014 nats (-0.06 residual-map SD); the same contrast of r₁ itself -0.0078.

| network | n | map mean | residual mean | r₁ mean |
|---|---|---|---|---|
| Vis | 17 | +1.2593 | +0.0058 | 0.8403 |
| SomMot | 14 | +1.2618 | -0.0150 | 0.8493 |
| DorsAttn | 14 | +1.2871 | +0.0218 | 0.8449 |
| SalVentAttn | 12 | +1.2790 | +0.0030 | 0.8490 |
| Limbic | 5 | +1.3086 | +0.0325 | 0.8490 |
| Cont | 13 | +1.2944 | -0.0078 | 0.8591 |
| Default | 24 | +1.2752 | +0.0009 | 0.8484 |
| Subcortex | 16 | +1.2042 | -0.0195 | 0.8288 |

## sts − rtr map on regional r₁ (whole-span)

Slope +2.4479 nats per unit r₁ (r² = 0.700); SD across regions of the map 0.0408, of the residual map 0.0224.
Sensory − association contrast: before partialling -0.0215 nats (-0.53 map SD); after partialling +0.0006 nats (+0.02 residual-map SD); the same contrast of r₁ itself -0.0090.

| network | n | map mean | residual mean | r₁ mean |
|---|---|---|---|---|
| Vis | 17 | +1.2593 | +0.0051 | 0.8566 |
| SomMot | 14 | +1.2618 | -0.0140 | 0.8655 |
| DorsAttn | 14 | +1.2871 | +0.0134 | 0.8646 |
| SalVentAttn | 12 | +1.2790 | +0.0042 | 0.8651 |
| Limbic | 5 | +1.3086 | +0.0363 | 0.8640 |
| Cont | 13 | +1.2944 | -0.0103 | 0.8773 |
| Default | 24 | +1.2752 | -0.0006 | 0.8655 |
| Subcortex | 16 | +1.2042 | -0.0101 | 0.8404 |

## Per-subject version (regional sts from results/regional_atoms_bins, placebo bins 1–8; regional r₁ recomputed as partB11, placebo windows 1–4)

| map | contrast before partialling (mean ± SD over subjects; sign-flip p) | contrast after partialling (mean ± SD; p) | mean slope | mean r² |
|---|---|---|---|---|
| sts | -0.0202 ± 0.0243; p = 0.0062 | +0.0007 ± 0.0203; p = 0.8992 | +2.6450 | 0.576 |
| sts − rtr | -0.0215 ± 0.0233; p = 0.0035 | -0.0021 ± 0.0207; p = 0.7135 | +2.4267 | 0.511 |

Prediction recorded (plan §5, B20): the residual map's sensory–association contrast is reduced; its sign is not predicted. Rule: reported as the partialled map; no spin test.
done (1s)
=== 2026-09-29 16:37:45  notes/partB21_inference_revision.py   -> notes/review_results/partB/inference_revision_run.log
git=d5a65bd
   (a)(i): 738 pickle rows (134s)
   (a)(ii): Engine recomputations done (141s)
   (a)(iii): saved per-subject quantities done (169s)
   (b)–(d) done (171s)
# Inverted sign-flip intervals, the residual against its calibrated expectations, the per-subject regressions and the correlation intervals (partB21_inference_revision.py)
git=d5a65bd

Exploratory (decision D1): effect sizes and intervals; no threshold language. N = 14 subjects; the exact sign-flip test over 2^14 assignments, two-sided; the inverted interval {μ : p(μ) > 0.05} of notes/rev_inference_inverted.py (relative tolerance 1e-12; bounds bisected to 1e-7 after a 2,001-point monotonicity grid); the t interval mean ± t(0.975, 13)·SD/√14; the percentile interval as committed. Seed 20261120.

Checks: 1025 run, 0 failed.
Mode: full (the .mat and FDlong.mat present).

## (a) Summary

Quantities: 932 (738 pickle rows, 36 Engine recomputations, 158 other saved per-subject quantities); 10 of them matched to an interval quoted in draft_v2.md, S1–S5 Text or supplementary.md.
Width of the inverted interval over the committed percentile interval (932 quantities with a committed interval): median 1.143, quartiles 1.127–1.156, range 1.039–1.288; share with a ratio in 1.05–1.20: 0.997, below 1.05: 0.001, above 1.20: 0.002.
   checks: 1025 run, 0 failed
done (172s)
=== 2026-09-29 16:40:37  notes/partB22_aligned_directed.py   -> notes/review_results/partB/aligned_directed_run.log
git=d5a65bd
   ts_gsr: subject 1/14 done (4s)
   ts_gsr: subject 2/14 done (9s)
   ts_gsr: subject 3/14 done (14s)
   ts_gsr: subject 4/14 done (20s)
   ts_gsr: subject 5/14 done (25s)
   ts_gsr: subject 6/14 done (30s)
   ts_gsr: subject 7/14 done (35s)
   ts_gsr: subject 8/14 done (41s)
   ts_gsr: subject 9/14 done (46s)
   ts_gsr: subject 10/14 done (51s)
   ts_gsr: subject 11/14 done (56s)
   ts_gsr: subject 12/14 done (62s)
   ts_gsr: subject 13/14 done (67s)
   ts_gsr: subject 14/14 done (72s)
   ts_demean: subject 1/14 done (83s)
   ts_demean: subject 2/14 done (86s)
   ts_demean: subject 3/14 done (90s)
   ts_demean: subject 4/14 done (94s)
   ts_demean: subject 5/14 done (97s)
   ts_demean: subject 6/14 done (100s)
   ts_demean: subject 7/14 done (103s)
   ts_demean: subject 8/14 done (107s)
   ts_demean: subject 9/14 done (110s)
   ts_demean: subject 10/14 done (113s)
   ts_demean: subject 11/14 done (116s)
   ts_demean: subject 12/14 done (119s)
   ts_demean: subject 13/14 done (124s)
   ts_demean: subject 14/14 done (129s)
# The aligned and directed cross-lag statistics without selection, the per-SD exchange rate and the network spin test (partB22_aligned_directed.py)
git=d5a65bd

Exploratory; no threshold language. Per subject, run and W = 60 window, over the 6,555 pairs (region 20 excluded; non-finite TRs dropped as scripts/01): partB15's deviations of the window's 4 × 4 matrix. A_other = mean of sign(q̄_other)·δ_sym, q̄_other the pair's lag-0 correlation over the whole other run of the same subject; A_same with the whole same run's q̄; the window-sign statistic takes the sign of the window's own q (partB15, selected on the same samples). B = OLS slope of δ_sym on q across pairs. D and Sym = the closed-form response of the pair-mean sts to δ_anti alone and to δ_sym alone (partB15's response). Level = DMT windows 1–4; change = windows 6–14 minus 1–4; DiD = DMT minus placebo. Each cell: mean over subjects [inverted sign-flip 95 % interval], exact sign-flip p, negative/14.

## ts_gsr: (a)–(c) the per-window statistics

Pairs whose sign of q̄ differs between the two runs: mean share over subjects 0.209 (min 0.161, max 0.287).

| statistic | DMT pre-injection level | DMT post − pre | placebo post − pre | DiD |
|---|---|---|---|---|
| A_other (sign from the other run) | +0.00196 [+0.00124, +0.00268], p = 0.0002, 1 | -0.00028 [-0.00132, +0.00076], p = 0.5717, 7 | +0.00032 [-0.00037, +0.00101], p = 0.3280, 6 | -0.00059 [-0.00166, +0.00041], p = 0.2679, 9 |
| A_same (sign from the same run) | +0.00265 [+0.00181, +0.00349], p = 0.0001, 0 | +0.00002 [-0.00124, +0.00128], p = 0.9779, 7 | +0.00092 [-0.00005, +0.00189], p = 0.0612, 4 | -0.00090 [-0.00238, +0.00052], p = 0.2144, 10 |
| window-sign statistic (selected; partB15) | +0.00642 [+0.00505, +0.00770], p = 0.0001, 0 | -0.00044 [-0.00199, +0.00120], p = 0.5699, 10 | +0.00075 [-0.00052, +0.00204], p = 0.2231, 6 | -0.00119 [-0.00314, +0.00083], p = 0.2233, 10 |
| B, slope of δ_sym on q | +0.02019 [+0.01616, +0.02394], p = 0.0001, 0 | +0.00022 [-0.00421, +0.00486], p = 0.9198, 8 | +0.00255 [-0.00117, +0.00629], p = 0.1589, 6 | -0.00233 [-0.00837, +0.00387], p = 0.4226, 7 |
| D, response to δ_anti alone | -0.03823 [-0.04012, -0.03659], p = 0.0001, 14 | +0.00127 [-0.00062, +0.00335], p = 0.2274, 4 | +0.00015 [-0.00266, +0.00315], p = 0.9092, 9 | +0.00112 [-0.00332, +0.00518], p = 0.6136, 4 |
| Sym, response to δ_sym alone | -0.01338 [-0.01921, -0.00744], p = 0.0007, 12 | +0.00635 [-0.00114, +0.01368], p = 0.0869, 3 | -0.00399 [-0.00971, +0.00168], p = 0.1537, 10 | +0.01034 [+0.00138, +0.01945], p = 0.0264, 3 |
| D + Sym | -0.05161 [-0.05727, -0.04586], p = 0.0001, 14 | +0.00762 [-0.00065, +0.01578], p = 0.0670, 4 | -0.00383 [-0.00949, +0.00181], p = 0.1631, 10 | +0.01146 [+0.00104, +0.02192], p = 0.0341, 4 |
| response to both (reference) | -0.05357 [-0.05964, -0.04745], p = 0.0001, 14 | +0.00789 [-0.00095, +0.01658], p = 0.0735, 4 | -0.00409 [-0.01008, +0.00189], p = 0.1621, 10 | +0.01197 [+0.00092, +0.02309], p = 0.0360, 4 |
| RMS δ_anti | +0.10805 [+0.10271, +0.11348], p = 0.0001, 0 | +0.00417 [-0.00076, +0.00905], p = 0.0873, 4 | -0.00213 [-0.00723, +0.00295], p = 0.3828, 9 | +0.00631 [-0.00091, +0.01365], p = 0.0829, 6 |
| residual (observed − AR(1)-substituted sts) | -0.05302 [-0.05911, -0.04686], p = 0.0001, 14 | +0.00771 [-0.00112, +0.01643], p = 0.0797, 4 | -0.00382 [-0.00986, +0.00219], p = 0.1918, 10 | +0.01153 [+0.00047, +0.02265], p = 0.0421, 4 |

The residual DiD +0.01153 beside the DiD of D + Sym +0.01146 (their difference +0.00008: the lag-0 substitution, the non-additivity of the two responses and, where a pair's matrices are not positive definite, the pairs each is taken over, B26).

## ts_gsr: (d) the per-SD exchange rate and the within-window regression

Within windows (the 112 pre-injection windows, windows 1–4 of both runs): mean between-pair SD of r₁ 0.0284, of |q| 0.1957; ratio (6.0705 × SD_r₁)/(0.1892 × SD_|q|) 4.66 (mean of the per-window ratios 4.69).
Group level (each pair averaged over the 14 subjects × 8 pre windows first; 112 windows): SD over the 6,555 pairs of r₁ 0.0082, of |q| 0.0799; ratio 3.28.
Within-window OLS of pair sts on (r₁, |q|, |a_x − a_y|) over 392 windows: mean unstandardised partial slopes +5.126 per unit r₁, -0.528 per unit |q|, -2.707 per unit |a_x − a_y|; mean standardised coefficients +0.661, -0.463, -0.426 (exchange_rates_tables.md (b): +0.661, -0.463, -0.426).

## ts_demean: (a)–(c) the per-window statistics

Pairs whose sign of q̄ differs between the two runs: mean share over subjects 0.186 (min 0.024, max 0.295).

| statistic | DMT pre-injection level | DMT post − pre | placebo post − pre | DiD |
|---|---|---|---|---|
| A_other (sign from the other run) | -0.00251 [-0.00458, -0.00047], p = 0.0221, 10 | -0.00019 [-0.00223, +0.00187], p = 0.8475, 8 | +0.00230 [+0.00031, +0.00436], p = 0.0245, 3 | -0.00249 [-0.00474, -0.00026], p = 0.0282, 11 |
| A_same (sign from the same run) | -0.00355 [-0.00604, -0.00106], p = 0.0043, 12 | +0.00006 [-0.00217, +0.00227], p = 0.9564, 7 | +0.00218 [+0.00020, +0.00417], p = 0.0289, 5 | -0.00212 [-0.00425, -0.00004], p = 0.0453, 10 |
| window-sign statistic (selected; partB15) | +0.00200 [-0.00025, +0.00424], p = 0.0760, 4 | -0.00176 [-0.00478, +0.00138], p = 0.2561, 9 | +0.00214 [+0.00022, +0.00407], p = 0.0321, 4 | -0.00390 [-0.00677, -0.00101], p = 0.0128, 12 |
| B, slope of δ_sym on q | +0.02441 [+0.01898, +0.02937], p = 0.0002, 1 | -0.00074 [-0.00674, +0.00536], p = 0.7946, 8 | -0.00037 [-0.00418, +0.00345], p = 0.8351, 9 | -0.00037 [-0.00814, +0.00747], p = 0.9203, 6 |
| D, response to δ_anti alone | -0.04231 [-0.04533, -0.03947], p = 0.0001, 14 | -0.00238 [-0.00608, +0.00123], p = 0.1891, 9 | -0.00097 [-0.00350, +0.00154], p = 0.4215, 8 | -0.00142 [-0.00612, +0.00328], p = 0.5219, 7 |
| Sym, response to δ_sym alone | +0.00252 [-0.00658, +0.01099], p = 0.5664, 5 | +0.00904 [-0.00317, +0.02124], p = 0.1382, 4 | -0.00955 [-0.01918, -0.00010], p = 0.0486, 10 | +0.01859 [+0.00698, +0.03041], p = 0.0048, 3 |
| D + Sym | -0.03979 [-0.04760, -0.03263], p = 0.0001, 14 | +0.00665 [-0.00509, +0.01836], p = 0.2456, 4 | -0.01052 [-0.01962, -0.00154], p = 0.0244, 11 | +0.01717 [+0.00696, +0.02745], p = 0.0038, 2 |
| response to both (reference) | -0.04047 [-0.04884, -0.03272], p = 0.0001, 14 | +0.00729 [-0.00541, +0.01999], p = 0.2408, 4 | -0.01126 [-0.02103, -0.00165], p = 0.0245, 11 | +0.01856 [+0.00749, +0.02964], p = 0.0034, 2 |
| RMS δ_anti | +0.11211 [+0.10687, +0.11727], p = 0.0001, 0 | +0.00261 [-0.00207, +0.00731], p = 0.2451, 6 | -0.00091 [-0.00652, +0.00471], p = 0.7211, 7 | +0.00352 [-0.00356, +0.01064], p = 0.2977, 5 |
| residual (observed − AR(1)-substituted sts) | -0.03987 [-0.04814, -0.03221], p = 0.0001, 14 | +0.00723 [-0.00543, +0.01987], p = 0.2424, 5 | -0.01100 [-0.02072, -0.00144], p = 0.0269, 11 | +0.01823 [+0.00716, +0.02931], p = 0.0040, 2 |

The residual DiD +0.01823 beside the DiD of D + Sym +0.01717 (their difference +0.00105: the lag-0 substitution, the non-additivity of the two responses and, where a pair's matrices are not positive definite, the pairs each is taken over, B26).

## ts_demean: (d) the per-SD exchange rate and the within-window regression

Within windows (the 112 pre-injection windows, windows 1–4 of both runs): mean between-pair SD of r₁ 0.0294, of |q| 0.2087; ratio (6.0705 × SD_r₁)/(0.1892 × SD_|q|) 4.52 (mean of the per-window ratios 4.56).
Group level (each pair averaged over the 14 subjects × 8 pre windows first; 112 windows): SD over the 6,555 pairs of r₁ 0.0081, of |q| 0.1039; ratio 2.51.
Within-window OLS of pair sts on (r₁, |q|, |a_x − a_y|) over 392 windows: mean unstandardised partial slopes +4.523 per unit r₁, -0.506 per unit |q|, -2.583 per unit |a_x − a_y|; mean standardised coefficients +0.594, -0.476, -0.413 (exchange_rates_tables.md (b): +0.594, -0.476, -0.413).

## (e) Spin test of the network structure of the regional maps (regional_partial.csv; eight classes: the seven Yeo networks and the subcortex)

| map | one-way F (8 classes) | spin p (F_spin ≥ F_obs) | SomMot − Default | spin p, two-sided | Vis − Default | spin p, two-sided | rotations | regions |
|---|---|---|---|---|---|---|---|---|
| sts (unpartialled) | 16.933 | 0.0564 | -0.00665 | 0.6107 | -0.01606 | 0.1990 | 10000 | 115 |
| sts with regional r₁ partialled out (sts_resid_win) | 8.146 | 0.0009 | -0.00965 | 0.2240 | +0.00875 | 0.3089 | 10000 | 115 |

Rotations: perm_id of the Schaefer-100 rotation file, one direction (the classes are fixed labels); region 20's missing value moves with its parcel and is dropped wherever it lands; the 16 subcortical values are not rotated.

## Checks

22 checks run, 0 failed.
- ok: the copy of notes/partB15_directed_crosslag.py l. 70–92 is verbatim (|difference| 0, tolerance 0)
- ok: (d) ∂sts/∂r₁ at (0.85, 0.25) = 6.0705 (|difference| 0, tolerance 1e-09)
- ok: (d) ∂sts/∂q at (0.85, 0.25) = −0.1892 (|difference| 0, tolerance 1e-09)
- ok: ts_gsr residual per window = diag_series res (|difference| 0, tolerance 1e-10)
- ok: ts_gsr winsign run means = crosslag_deviation.csv w60_signq_weighted_mean_deviation (|difference| 1.73e-18, tolerance 1e-10)
- ok: ts_gsr B run means = crosslag_deviation.csv w60_slope_deviation_on_q (|difference| 1.39e-17, tolerance 1e-10)
- ok: ts_gsr winsign DiD = directed_crosslag_tables.md (5 decimals) (|difference| 6.65e-07, tolerance 5e-06)
- ok: ts_gsr winsign DiD sign-flip p = directed_crosslag_tables.md (4 decimals) (|difference| 3.34e-05, tolerance 5e-05)
- ok: ts_gsr rms_anti DiD = directed_crosslag_tables.md (5 decimals) (|difference| 3.09e-06, tolerance 5e-06)
- ok: ts_gsr rms_anti DiD sign-flip p = directed_crosslag_tables.md (4 decimals) (|difference| 1.43e-05, tolerance 5e-05)
- ok: ts_gsr (d) mean standardised coefficients = exchange_rates_tables.md (b) (3 decimals) (|difference| 0.000404, tolerance 0.0005)
- ok: ts_demean residual per window = diag_series res (|difference| 2.22e-16, tolerance 1e-10)
- ok: ts_demean winsign run means = crosslag_deviation.csv w60_signq_weighted_mean_deviation (|difference| 1.73e-18, tolerance 1e-10)
- ok: ts_demean B run means = crosslag_deviation.csv w60_slope_deviation_on_q (|difference| 2.08e-17, tolerance 1e-10)
- ok: ts_demean winsign DiD = directed_crosslag_tables.md (5 decimals) (|difference| 2.77e-06, tolerance 5e-06)
- ok: ts_demean winsign DiD sign-flip p = directed_crosslag_tables.md (4 decimals) (|difference| 1.74e-05, tolerance 5e-05)
- ok: ts_demean rms_anti DiD = directed_crosslag_tables.md (5 decimals) (|difference| 2.6e-07, tolerance 5e-06)
- ok: ts_demean rms_anti DiD sign-flip p = directed_crosslag_tables.md (4 decimals) (|difference| 2.95e-05, tolerance 5e-05)
- ok: ts_demean (d) mean standardised coefficients = exchange_rates_tables.md (b) (3 decimals) (|difference| 0.000444, tolerance 0.0005)
- ok: (e) the network column of regional_partial.csv = the LUT class of each cortical parcel (|difference| 0, tolerance 0)
- ok: (e) identity rotation = the direct class means (|difference| 2.22e-16, tolerance 1e-12)
- ok: (e) identity rotation = the direct class means (|difference| 2.6e-18, tolerance 1e-12)

## Predictions and rule (pre-run entry, B22)

Predictions: (a) ts_gsr A_other level +0.001 to +0.004, DiD −0.003 to +0.001; ts_demean level −0.001 to −0.004, DiD −0.005 to 0; A_same near A_other; ts_gsr level below the window-sign +0.0061 and near the run-sign +0.00245; ts_demean level of the sign of δ_run (−0.0026). (b) B level about +0.020 (ts_gsr) and +0.024 (ts_demean); the DiD negative if a shared slow structure weakened, near B24's expectation if not. (c) D DiD −0.002 to −0.006 on ts_gsr; the directed part lowers the residual DiD; Sym's DiD exceeds the residual DiD. (d) within windows SD r₁ 0.025–0.035, SD |q| 0.18–0.22, ratio 4–6; group level 0.010–0.016, 0.12–0.18, 2–4; unstandardised slopes +5 to +6 per r₁, −0.40 to −0.55 per |q|, −3 to −5 per asymmetry. (e) spin p < 0.05 for the unpartialled F; 0.01–0.3 for the residual F; > 0.05 for both contrasts (the last two uncertain).
Rule: A_other reported, A_same and B beside it; the DiDs read against B24's (quoted) and B23 (b)'s expectations and converted to residual-DiD equivalents with B23's two aligned conversions, in the outcome entry; (d) replaces the per-SD ratio of the abstract and Results 1; (e) decides the network-structure statement.
   checks: 22 run, 0 failed
done (137s)
=== 2026-09-29 16:42:54  notes/partB23_diagnostic_alternatives.py   -> notes/review_results/partB/diagnostic_alternatives_run.log
git=d5a65bd
/home/vilalius/dmt-phiid/notes/partB23_diagnostic_alternatives.py:174: RuntimeWarning: The iteration is not making good progress, as measured by the 
 improvement from the last ten iterations.
  x2 = fsolve(f, x, xtol=1e-14)
/home/vilalius/dmt-phiid/notes/partB23_diagnostic_alternatives.py:174: RuntimeWarning: xtol=0.000000 is too small, no further improvement in the approximate
 solution is possible.
  x2 = fsolve(f, x, xtol=1e-14)
   (a) done (39s)
   (b) (i) Δa = −0.015 done (51s)
   (b) (a1) δ = +0.02 done (53s)
   (b) (a1) δ = −0.02 done (54s)
   (b) (a2) δ = +0.01 × sign(q) done (56s)
   (b) (a2) δ = −0.01 × sign(q) done (57s)
   (b) (a3) c = +0.02, r₁ and q held done (58s)
   (b) (a4) c = +0.02, B17's construction done (60s)
   (b) (a4) c = -0.02, B17's construction done (61s)
   (b) done (65s)
   (c) done (74s)
   (e) done (75s)
# The residual's response to the alternatives of the direction argument, CCS-sts against autocorrelation, exposure across datasets and the unequal-coefficient grid (partB23_diagnostic_alternatives.py)
git=d5a65bd

No data. Seed 20261120, one generator, parts (a)–(f) in order; scale 1/1. residual = pool mean of sts(true matrix) − sts(AR(1) matrix of the measured a_x, a_y and q) (partB4's substitution). q pool: 20000 draws of N(0, 0.3424) clipped to ±0.8.
Checks: 63 run, 0 failed.


## (a) Population residual changes, closed form (pool means; the unperturbed residual is 0 on the AR(1) family)

### a = 0.85

| alternative | perturbation | residual change | share excluded (not positive definite) | notes |
|---|---|---|---|---|
| (a1) δ at fixed (a, q) | δ = +0.005 | +0.00105 | 0.0000 | |
| (a1) δ at fixed (a, q) | δ = -0.005 | +0.00073 | 0.0000 | |
| (a1) δ at fixed (a, q) | δ = +0.010 | +0.00393 | 0.0000 | |
| (a1) δ at fixed (a, q) | δ = -0.010 | +0.00329 | 0.0000 | |
| (a1) δ at fixed (a, q) | δ = +0.020 | +0.01609 | 0.0000 | |
| (a1) δ at fixed (a, q) | δ = -0.020 | +0.01482 | 0.0000 | |
| (a2) δ·sign(q) | δ = +0.005 × sign(q) | -0.01201 | 0.0000 | |
| (a2) δ·sign(q) | δ = -0.005 × sign(q) | +0.01379 | 0.0000 | |
| (a2) δ·sign(q) | δ = +0.010 × sign(q) | -0.02245 | 0.0000 | |
| (a2) δ·sign(q) | δ = -0.010 × sign(q) | +0.02968 | 0.0000 | |
| (a2) δ·sign(q) | δ = +0.020 × sign(q) | -0.03925 | 0.0000 | |
| (a2) δ·sign(q) | δ = -0.020 × sign(q) | +0.07015 | 0.0000 | |
| (a3) coupled family, r₁ and q held | c = +0.01 | +0.00237 | 0.0000 | grid step 0.001; step doubled: +0.00237 (difference 1.6e-16) |
| (a3) coupled family, r₁ and q held | c = +0.01 × sign(q) | -0.01671 | 0.0000 | grid step 0.001; step doubled: -0.01671 (difference 5.1e-15) |
| (a3) coupled family, r₁ and q held | c = -0.01 | +0.00188 | 0.0000 | grid step 0.001; step doubled: +0.00188 (difference 2.9e-16) |
| (a3) coupled family, r₁ and q held | c = -0.01 × sign(q) | +0.02097 | 0.0000 | grid step 0.001; step doubled: +0.02097 (difference 4.9e-15) |
| (a3) coupled family, r₁ and q held | c = +0.02 | +0.00912 | 0.0000 | grid step 0.001; step doubled: +0.00912 (difference 1.2e-16) |
| (a3) coupled family, r₁ and q held | c = +0.02 × sign(q) | -0.02960 | 0.0000 | grid step 0.001; step doubled: -0.02960 (difference 1.0e-14) |
| (a3) coupled family, r₁ and q held | c = -0.02 | +0.00813 | 0.0000 | grid step 0.001; step doubled: +0.00813 (difference 7.5e-16) |
| (a3) coupled family, r₁ and q held | c = -0.02 × sign(q) | +0.04684 | 0.0000 | grid step 0.001; step doubled: +0.04684 (difference 9.7e-15) |

(a4) B17's construction at a = 0.85: A = [[a, c], [c, a]], unit innovations with correlation q (the c = 0 lag-0 correlation).

| c | Δr₁ | Δ mean q | Δ mean \|q\| | mean δ_sym | residual change | residual / (mean δ_sym)² |
|---|---|---|---|---|---|---|
| +0.01 | +0.00051 | +0.05437 | +0.00320 | +0.00885 | -0.00190 | -24.28 |
| +0.02 | +0.00211 | +0.10899 | +0.01320 | +0.01755 | -0.00815 | -26.45 |
| +0.03 | +0.00482 | +0.16409 | +0.03016 | +0.02597 | -0.01893 | -28.08 |
| -0.02 | +0.00225 | -0.10891 | +0.01488 | -0.01753 | -0.00913 | -29.71 |

(a5) shared slow component at a = 0.85 (λ = |q|, a_n = a − 0.06λ, a_s = a_n + 0.06): base residual -0.02724, base mean(sign(q)·δ_sym) +0.00950.

| change | Δr₁ | Δ mean(sign(q)·δ_sym) | residual change | residual change / Δr₁ | share excluded |
|---|---|---|---|---|---|
| Δa_s = −0.01 | -0.00272 | -0.00158 | +0.00466 | -1.716 | 0.0000 |
| Δa_s = −0.02 | -0.00543 | -0.00317 | +0.00928 | -1.708 | 0.0000 |
| Δa_s = −0.03 | -0.00815 | -0.00475 | +0.01385 | -1.700 | 0.0000 |
| λ → 0.9λ | -0.00163 | -0.00034 | +0.00471 | -2.892 | 0.0000 |

(a6) pure Δa = −0.015 at a = 0.85: largest |residual| over the pool 0.0e+00.

### a = 0.8632

| alternative | perturbation | residual change | share excluded (not positive definite) | notes |
|---|---|---|---|---|
| (a1) δ at fixed (a, q) | δ = +0.005 | +0.00126 | 0.0000 | |
| (a1) δ at fixed (a, q) | δ = -0.005 | +0.00091 | 0.0000 | |
| (a1) δ at fixed (a, q) | δ = +0.010 | +0.00476 | 0.0000 | |
| (a1) δ at fixed (a, q) | δ = -0.010 | +0.00407 | 0.0000 | |
| (a1) δ at fixed (a, q) | δ = +0.020 | +0.01994 | 0.0000 | |
| (a1) δ at fixed (a, q) | δ = -0.020 | +0.01856 | 0.0000 | |
| (a2) δ·sign(q) | δ = +0.005 × sign(q) | -0.01307 | 0.0000 | |
| (a2) δ·sign(q) | δ = -0.005 × sign(q) | +0.01524 | 0.0000 | |
| (a2) δ·sign(q) | δ = +0.010 × sign(q) | -0.02425 | 0.0000 | |
| (a2) δ·sign(q) | δ = -0.010 × sign(q) | +0.03308 | 0.0000 | |
| (a2) δ·sign(q) | δ = +0.020 × sign(q) | -0.04170 | 0.0000 | |
| (a2) δ·sign(q) | δ = -0.020 × sign(q) | +0.08019 | 0.0000 | |
| (a3) coupled family, r₁ and q held | c = +0.01 | +0.00287 | 0.0000 | grid step 0.001; step doubled: +0.00287 (difference 1.8e-16) |
| (a3) coupled family, r₁ and q held | c = +0.01 × sign(q) | -0.01807 | 0.0000 | grid step 0.001; step doubled: -0.01807 (difference 5.3e-15) |
| (a3) coupled family, r₁ and q held | c = -0.01 | +0.00234 | 0.0000 | grid step 0.001; step doubled: +0.00234 (difference 2.9e-16) |
| (a3) coupled family, r₁ and q held | c = -0.01 × sign(q) | +0.02328 | 0.0000 | grid step 0.001; step doubled: +0.02328 (difference 5.2e-15) |
| (a3) coupled family, r₁ and q held | c = +0.02 | +0.01112 | 0.0000 | grid step 0.001; step doubled: +0.01112 (difference 1.8e-16) |
| (a3) coupled family, r₁ and q held | c = +0.02 × sign(q) | -0.03149 | 0.0000 | grid step 0.001; step doubled: -0.03149 (difference 1.1e-14) |
| (a3) coupled family, r₁ and q held | c = -0.02 | +0.01002 | 0.0000 | grid step 0.001; step doubled: +0.01002 (difference 7.4e-16) |
| (a3) coupled family, r₁ and q held | c = -0.02 × sign(q) | +0.05263 | 0.0000 | grid step 0.001; step doubled: +0.05263 (difference 1.0e-14) |

(a4) B17's construction at a = 0.8632: A = [[a, c], [c, a]], unit innovations with correlation q (the c = 0 lag-0 correlation).

| c | Δr₁ | Δ mean q | Δ mean \|q\| | mean δ_sym | residual change | residual / (mean δ_sym)² |
|---|---|---|---|---|---|---|
| +0.01 | +0.00057 | +0.06012 | +0.00393 | +0.00884 | -0.00230 | -29.48 |
| +0.02 | +0.00234 | +0.12056 | +0.01623 | +0.01751 | -0.00984 | -32.09 |
| +0.03 | +0.00534 | +0.18162 | +0.03698 | +0.02582 | -0.02287 | -34.31 |
| -0.02 | +0.00248 | -0.12046 | +0.01809 | -0.01748 | -0.01091 | -35.70 |

(a5) shared slow component at a = 0.8632 (λ = |q|, a_n = a − 0.06λ, a_s = a_n + 0.06): base residual -0.02942, base mean(sign(q)·δ_sym) +0.00950.

| change | Δr₁ | Δ mean(sign(q)·δ_sym) | residual change | residual change / Δr₁ | share excluded |
|---|---|---|---|---|---|
| Δa_s = −0.01 | -0.00272 | -0.00158 | +0.00502 | -1.850 | 0.0000 |
| Δa_s = −0.02 | -0.00543 | -0.00317 | +0.01001 | -1.842 | 0.0000 |
| Δa_s = −0.03 | -0.00815 | -0.00475 | +0.01495 | -1.834 | 0.0000 |
| λ → 0.9λ | -0.00163 | -0.00034 | +0.00514 | -3.152 | 0.0000 |

(a6) pure Δa = −0.015 at a = 0.8632: largest |residual| over the pool 0.0e+00.

## (b) W = 60 simulation: changes against the unperturbed pairs (common random numbers; mean ± SE)

3000 pairs, q ~ N(0, 0.3424) clipped to ±0.8, a = 0.85; runs of 840 samples after a burn-in of 200; 14 windows of 60; the other run an independent realisation. SE over pairs of each pair's 14-window mean; B's SE over the 14 windows. A number in brackets after a mean: the pairs left out of it because the quantity does not exist for them, one of their windows' matrices not being positive definite (B26); the column 'pairs excluded' counts the pairs left out of every quantity, and the last column divides the residual's change by r₁'s over the residual's pairs.

Unperturbed AR(1) pairs, levels: observed sts +0.71753; AR(1)-substituted sts +0.78788 [11]; residual -0.06998 [11]; r₁ +0.78638; A_other -0.00291; A_same -0.00117; D -0.01138 [11]; B +0.06122.

| condition | pairs excluded | Δ observed sts | Δ AR(1)-substituted sts | Δ residual | Δ r₁ | Δ A_other | Δ A_same | Δ D | Δ B | residual change / Δr₁ |
|---|---|---|---|---|---|---|---|---|---|---|
| (i) Δa = −0.015 | 0 | -0.04240 ± 0.00011 | -0.04775 ± 0.00010 [11] | +0.00532 ± 0.00006 [11] | -0.01377 ± 0.00002 | +0.00001 ± 0.00004 | +0.00001 ± 0.00005 | +0.00017 ± 0.00001 [11] | +0.00034 ± 0.00004 | -0.387 |
| (a1) δ = +0.02 | 0 | +0.00521 ± 0.00078 | -0.00450 ± 0.00034 [20] | +0.00931 ± 0.00091 [20] | -0.00092 ± 0.00004 | +0.00041 ± 0.00034 | +0.00017 ± 0.00034 | +0.00017 ± 0.00005 [20] | +0.00045 ± 0.00010 | -10.112 |
| (a1) δ = −0.02 | 0 | +0.00608 ± 0.00079 | -0.00381 ± 0.00035 [19] | +0.00951 ± 0.00092 [19] | -0.00089 ± 0.00004 | +0.00059 ± 0.00034 | +0.00070 ± 0.00034 | +0.00016 ± 0.00005 [19] | +0.00032 ± 0.00011 | -10.713 |
| (a2) δ = +0.01 × sign(q) | 0 | -0.01064 ± 0.00028 | +0.00292 ± 0.00015 [12] | -0.01348 ± 0.00029 [12] | -0.00023 ± 0.00002 | +0.00782 ± 0.00011 | +0.00781 ± 0.00010 | -0.00008 ± 0.00002 [12] | +0.01661 ± 0.00010 | +57.951 |
| (a2) δ = −0.01 × sign(q) | 0 | +0.01339 ± 0.00033 | -0.00489 ± 0.00017 [16] | +0.01808 ± 0.00036 [16] | -0.00021 ± 0.00002 | -0.00748 ± 0.00010 | -0.00762 ± 0.00010 | +0.00011 ± 0.00007 [16] | -0.01680 ± 0.00009 | -85.875 |
| (a3) c = +0.02, r₁ and q held | 0 | +0.00335 ± 0.00047 | -0.00338 ± 0.00028 [13] | +0.00678 ± 0.00055 [13] | -0.00069 ± 0.00004 | +0.00014 ± 0.00031 | -0.00008 ± 0.00031 | +0.00009 ± 0.00003 [13] | -0.00004 ± 0.00008 | -9.830 |
| (a4) c = +0.02, B17's construction | 0 | -0.00011 ± 0.00040 | +0.00466 ± 0.00036 [12] | -0.00471 ± 0.00064 [12] | +0.00129 ± 0.00012 | +0.00387 ± 0.00034 | +0.00401 ± 0.00035 | -0.00005 ± 0.00003 [12] | -0.00165 ± 0.00012 | -3.750 |
| (a4) c = -0.02, B17's construction | 0 | +0.00006 ± 0.00040 | +0.00565 ± 0.00037 [16] | -0.00565 ± 0.00065 [16] | +0.00134 ± 0.00012 | +0.00405 ± 0.00033 | +0.00440 ± 0.00034 | -0.00019 ± 0.00011 [16] | -0.00191 ± 0.00010 | -4.130 |
| (a5) base, against the unperturbed AR(1) pairs (levels differ by construction) | 0 | -0.01423 | +0.00039 [16] | -0.01442 [16] | -0.00170 | +0.00793 | +0.00802 | -0.00028 [16] | +0.02031 | — |
| (a5) Δa_s = −0.03 (against the (a5) base) | 0 | -0.01470 ± 0.00020 | -0.02482 ± 0.00038 [6] | +0.01012 ± 0.00023 [6] | -0.00642 ± 0.00010 | -0.00371 ± 0.00006 | -0.00377 ± 0.00006 | +0.00004 ± 0.00002 [6] | -0.01066 ± 0.00007 | -1.581 |
| (a5) λ → 0.9λ (against the (a5) base) | 0 | +0.00354 ± 0.00016 | -0.00043 ± 0.00011 [5] | +0.00394 ± 0.00010 [5] | -0.00143 ± 0.00003 | -0.00010 ± 0.00005 | -0.00003 ± 0.00005 | +0.00021 ± 0.00002 [5] | +0.01095 ± 0.00007 | -2.762 |

Predictions (pre-run entry): (a4) within 2 SE of Table 7's AR(1) rows (the review's −0.0049 and −0.0052 at c = +0.02 and −0.02); (a1) ±0.02 +0.0066 and +0.0064; (a2) +0.01 −0.0102 and −0.01 +0.0135; (i) +0.003 to +0.007.

## (c) Population CCS-sts (published mask) and MMI-sts on the symmetric AR(1) family

One series of 1000000 samples per point, fitted globally; the same two standard-normal streams at every point.

| r₁ | q | CCS-sts | MMI-sts (the fit) | MMI-sts (closed form) |
|---|---|---|---|---|
| 0.80 | 0.10 | -0.01535 | +1.01701 | +1.01844 |
| 0.83 | 0.10 | -0.01577 | +1.16230 | +1.16418 |
| 0.85 | 0.10 | -0.01597 | +1.27600 | +1.27831 |
| 0.87 | 0.10 | -0.01607 | +1.40763 | +1.41048 |
| 0.90 | 0.10 | -0.01585 | +1.65264 | +1.65666 |
| 0.80 | 0.25 | -0.03041 | +1.00004 | +1.00124 |
| 0.83 | 0.25 | -0.03135 | +1.14405 | +1.14564 |
| 0.85 | 0.25 | -0.03175 | +1.25689 | +1.25883 |
| 0.87 | 0.25 | -0.03189 | +1.38766 | +1.39005 |
| 0.90 | 0.25 | -0.03130 | +1.63141 | +1.63476 |
| 0.80 | 0.40 | -0.03412 | +0.96672 | +0.96764 |
| 0.83 | 0.40 | -0.03558 | +1.10804 | +1.10925 |
| 0.85 | 0.40 | -0.03613 | +1.21904 | +1.22051 |
| 0.87 | 0.40 | -0.03637 | +1.34795 | +1.34974 |
| 0.90 | 0.40 | -0.03547 | +1.58889 | +1.59133 |

Central-difference slope of CCS-sts in r₁ at q = 0.25 (0.83 to 0.87): -0.0134 per unit r₁ (MMI-sts from the same fits: +6.0903). Change of CCS-sts from Δa = −0.015 at (0.85, 0.25): +0.00034 (MMI-sts: -0.08607).

## (d) Exposure per unit of spectral difference: a flat band against the same band tilted by exp(−βf²), q = 0.25

| band | TR (s) | r₁ flat | β | Δr₁ | Δsts | Δsts / Δr₁ |
|---|---|---|---|---|---|---|
| 0.008–0.09 Hz | 2 | 0.7807 | 100 | +0.03759 | +0.1652 | +4.39 |
| 0.008–0.09 Hz | 2 | 0.7807 | 200 | +0.06887 | +0.3353 | +4.87 |
| 0.008–0.09 Hz | 2 | 0.7807 | 400 | +0.11319 | +0.6581 | +5.81 |
| 0.008–0.09 Hz | 1.838 | 0.8129 | 100 | +0.03221 | +0.1696 | +5.27 |
| 0.008–0.09 Hz | 1.838 | 0.8129 | 200 | +0.05900 | +0.3436 | +5.82 |
| 0.008–0.09 Hz | 1.838 | 0.8129 | 400 | +0.09690 | +0.6722 | +6.94 |
| 0.008–0.09 Hz | 0.72 | 0.9699 | 100 | +0.00528 | +0.1904 | +36.02 |
| 0.008–0.09 Hz | 0.72 | 0.9699 | 200 | +0.00966 | +0.3822 | +39.57 |
| 0.008–0.09 Hz | 0.72 | 0.9699 | 400 | +0.01581 | +0.7379 | +46.66 |
| 0.0025–0.05 Hz | 2 | 0.9321 | 100 | +0.00410 | +0.0599 | +14.61 |
| 0.0025–0.05 Hz | 2 | 0.9321 | 200 | +0.00800 | +0.1208 | +15.09 |
| 0.0025–0.05 Hz | 2 | 0.9321 | 400 | +0.01517 | +0.2440 | +16.09 |
| 0.0025–0.05 Hz | 2.4 | 0.9031 | 100 | +0.00583 | +0.0586 | +10.06 |
| 0.0025–0.05 Hz | 2.4 | 0.9031 | 200 | +0.01138 | +0.1182 | +10.39 |
| 0.0025–0.05 Hz | 2.4 | 0.9031 | 400 | +0.02157 | +0.2392 | +11.09 |
| 0.0025–0.05 Hz | 2.6 | 0.8868 | 100 | +0.00679 | +0.0579 | +8.52 |
| 0.0025–0.05 Hz | 2.6 | 0.8868 | 200 | +0.01326 | +0.1168 | +8.81 |
| 0.0025–0.05 Hz | 2.6 | 0.8868 | 400 | +0.02514 | +0.2364 | +9.40 |
| 0.0025–0.05 Hz | 3 | 0.8510 | 100 | +0.00890 | +0.0563 | +6.32 |
| 0.0025–0.05 Hz | 3 | 0.8510 | 200 | +0.01737 | +0.1136 | +6.54 |
| 0.0025–0.05 Hz | 3 | 0.8510 | 400 | +0.03295 | +0.2303 | +6.99 |
| 0.0025–0.05 Hz | 1.25 | 0.9732 | 100 | +0.00163 | +0.0617 | +37.86 |
| 0.0025–0.05 Hz | 1.25 | 0.9732 | 200 | +0.00318 | +0.1243 | +39.08 |
| 0.0025–0.05 Hz | 1.25 | 0.9732 | 400 | +0.00603 | +0.2508 | +41.62 |
| 0.01–0.1 Hz | 2 | 0.7301 | 100 | +0.05468 | +0.1926 | +3.52 |
| 0.01–0.1 Hz | 2 | 0.7301 | 200 | +0.09796 | +0.3908 | +3.99 |
| 0.01–0.1 Hz | 2 | 0.7301 | 400 | +0.15397 | +0.7517 | +4.88 |
| 0.01–0.1 Hz | 1 | 0.9284 | 100 | +0.01491 | +0.2249 | +15.08 |
| 0.01–0.1 Hz | 1 | 0.9284 | 200 | +0.02663 | +0.4497 | +16.89 |
| 0.01–0.1 Hz | 1 | 0.9284 | 400 | +0.04166 | +0.8477 | +20.35 |
| 0.01–0.1 Hz | 1.2 | 0.8978 | 100 | +0.02120 | +0.2201 | +10.38 |
| 0.01–0.1 Hz | 1.2 | 0.8978 | 200 | +0.03789 | +0.4410 | +11.64 |
| 0.01–0.1 Hz | 1.2 | 0.8978 | 400 | +0.05930 | +0.8334 | +14.05 |
| 0.01–0.08 Hz (this study) | 2 | 0.8174 | 100 | +0.02387 | +0.1257 | +5.27 |
| 0.01–0.08 Hz (this study) | 2 | 0.8174 | 200 | +0.04484 | +0.2549 | +5.68 |
| 0.01–0.08 Hz (this study) | 2 | 0.8174 | 400 | +0.07761 | +0.5071 | +6.53 |

## (e) Population Δr₁ and Δsts under condition (i)

Band-passed generator (B17b; β̄ = 185.4, σ_q = 0.2637, β̄_post = 105.7 from calibration_filtered_tables.md; filter edges 0.0064–0.080 Hz; 20000 pairs; exact circular lag-1 autocorrelation on the 840-sample grid): population r₁ 0.8678 → 0.8515 (Δr₁ -0.01629); population sts 1.3795 → 1.2669 (Δsts -0.11263).
AR(1) generator (B17's (i), simulated: calibration.csv holds no window-level r₁; 3000 pairs): population Δr₁ −0.015 by construction; window-level Δr₁ DiD (windows 6–14 minus 1–4, DMT minus placebo) -0.01243 ± 0.00101 (SE over pairs).

## (f) Unequal coefficients: mean a × q × |a_x − a_y| (0 to 0.10 in steps of 0.0005)

| mean a | q | max \|str − min(xtx, yty)\| | min(rts − str) | max(sts − (xtx + yty + rtr)) | asymmetry at which sts − (xtx + yty) first turns negative |
|---|---|---|---|---|---|
| 0.80 | 0.05 | 3.3e-16 | +0.0e+00 | -2.2e-16 | 0.0005 |
| 0.80 | 0.10 | 3.3e-16 | +1.1e-16 | +2.2e-16 | 0.0015 |
| 0.80 | 0.25 | 2.8e-16 | +0.0e+00 | +0.0e+00 | 0.0095 |
| 0.80 | 0.40 | 3.3e-16 | +0.0e+00 | -1.1e-16 | 0.0255 |
| 0.80 | 0.50 | 3.3e-16 | +0.0e+00 | +3.3e-16 | 0.0420 |
| 0.80 | 0.70 | 2.2e-16 | -1.1e-16 | +1.1e-16 | none |
| 0.85 | 0.05 | 4.4e-16 | +2.2e-16 | +0.0e+00 | 0.0005 |
| 0.85 | 0.10 | 4.4e-16 | +0.0e+00 | +0.0e+00 | 0.0015 |
| 0.85 | 0.25 | 4.4e-16 | +0.0e+00 | +0.0e+00 | 0.0080 |
| 0.85 | 0.40 | 4.4e-16 | +0.0e+00 | +0.0e+00 | 0.0210 |
| 0.85 | 0.50 | 3.3e-16 | +0.0e+00 | -2.2e-16 | 0.0345 |
| 0.85 | 0.70 | 3.3e-16 | -1.1e-16 | -2.2e-16 | 0.0915 |
| 0.90 | 0.05 | 5.6e-16 | +0.0e+00 | +2.2e-16 | 0.0005 |
| 0.90 | 0.10 | 5.6e-16 | +0.0e+00 | -6.7e-16 | 0.0010 |
| 0.90 | 0.25 | 5.6e-16 | +0.0e+00 | +0.0e+00 | 0.0060 |
| 0.90 | 0.40 | 5.6e-16 | -1.1e-16 | +4.4e-16 | 0.0150 |
| 0.90 | 0.50 | 5.6e-16 | +0.0e+00 | -2.2e-16 | 0.0250 |
| 0.90 | 0.70 | 4.4e-16 | -2.2e-16 | -4.4e-16 | 0.0680 |

## Checks

- ok: the copy of notes/partB19_exchange_rates.py l. 75–79 is verbatim (|difference| 0, tolerance 0)
- ok: the copy of notes/partB15_directed_crosslag.py l. 70–92 is verbatim (|difference| 0, tolerance 0)
- ok: the copy of notes/partB6_ccs_definition.py l. 51–80 is verbatim (|difference| 0, tolerance 0)
- ok: the copy of notes/partB17_calibration.py l. 67–86 is verbatim (|difference| 0, tolerance 0)
- ok: (a3) a = 0.85, c = 0.01: every grid solve holds r₁ and q to 1e-10 (|difference| 9.9e-13, tolerance 1e-10)
- ok: (a3) a = 0.85: residual(−0.01, −q) = residual(0.01, q) at q = -0.800 (|difference| 0, tolerance 1e-08)
- ok: (a3) a = 0.85: residual(−0.01, −q) = residual(0.01, q) at q = -0.400 (|difference| 0, tolerance 1e-08)
- ok: (a3) a = 0.85: residual(−0.01, −q) = residual(0.01, q) at q = +0.000 (|difference| 2.22e-15, tolerance 1e-08)
- ok: (a3) a = 0.85: residual(−0.01, −q) = residual(0.01, q) at q = +0.400 (|difference| 0, tolerance 1e-08)
- ok: (a3) a = 0.85: residual(−0.01, −q) = residual(0.01, q) at q = +0.800 (|difference| 0, tolerance 1e-08)
- ok: (a3) a = 0.85, c = +0.01 uniform: pool mean stable when the grid step is doubled (|difference| 1.55e-16, tolerance 1e-05)
- ok: (a3) a = 0.85, c = +0.01 aligned: pool mean stable when the grid step is doubled (|difference| 5.07e-15, tolerance 1e-05)
- ok: (a3) a = 0.85, c = -0.01 uniform: pool mean stable when the grid step is doubled (|difference| 2.87e-16, tolerance 1e-05)
- ok: (a3) a = 0.85, c = -0.01 aligned: pool mean stable when the grid step is doubled (|difference| 4.94e-15, tolerance 1e-05)
- ok: (a3) a = 0.85, c = 0.02: every grid solve holds r₁ and q to 1e-10 (|difference| 9.93e-13, tolerance 1e-10)
- ok: (a3) a = 0.85: residual(−0.02, −q) = residual(0.02, q) at q = -0.800 (|difference| 0, tolerance 1e-08)
- ok: (a3) a = 0.85: residual(−0.02, −q) = residual(0.02, q) at q = -0.400 (|difference| 0, tolerance 1e-08)
- ok: (a3) a = 0.85: residual(−0.02, −q) = residual(0.02, q) at q = +0.000 (|difference| 0, tolerance 1e-08)
- ok: (a3) a = 0.85: residual(−0.02, −q) = residual(0.02, q) at q = +0.400 (|difference| 0, tolerance 1e-08)
- ok: (a3) a = 0.85: residual(−0.02, −q) = residual(0.02, q) at q = +0.800 (|difference| 0, tolerance 1e-08)
- ok: (a3) a = 0.85, c = +0.02 uniform: pool mean stable when the grid step is doubled (|difference| 1.16e-16, tolerance 1e-05)
- ok: (a3) a = 0.85, c = +0.02 aligned: pool mean stable when the grid step is doubled (|difference| 1.03e-14, tolerance 1e-05)
- ok: (a3) a = 0.85, c = -0.02 uniform: pool mean stable when the grid step is doubled (|difference| 7.48e-16, tolerance 1e-05)
- ok: (a3) a = 0.85, c = -0.02 aligned: pool mean stable when the grid step is doubled (|difference| 9.7e-15, tolerance 1e-05)
- ok: (a4) a = 0.85: the batched Lyapunov matrix = coupled_corr4 (|difference| 3.33e-16, tolerance 1e-10)
- ok: (a5) a = 0.85: base r₁ = a (|difference| 1.11e-16, tolerance 1e-12)
- ok: (a6) a = 0.85: the residual of a pure Δa = −0.015 is zero (|difference| 0, tolerance 1e-12)
- ok: (a3) a = 0.8632, c = 0.01: every grid solve holds r₁ and q to 1e-10 (|difference| 9.95e-13, tolerance 1e-10)
- ok: (a3) a = 0.8632: residual(−0.01, −q) = residual(0.01, q) at q = -0.800 (|difference| 0, tolerance 1e-08)
- ok: (a3) a = 0.8632: residual(−0.01, −q) = residual(0.01, q) at q = -0.400 (|difference| 1.11e-15, tolerance 1e-08)
- ok: (a3) a = 0.8632: residual(−0.01, −q) = residual(0.01, q) at q = +0.000 (|difference| 0, tolerance 1e-08)
- ok: (a3) a = 0.8632: residual(−0.01, −q) = residual(0.01, q) at q = +0.400 (|difference| 0, tolerance 1e-08)
- ok: (a3) a = 0.8632: residual(−0.01, −q) = residual(0.01, q) at q = +0.800 (|difference| 0, tolerance 1e-08)
- ok: (a3) a = 0.8632, c = +0.01 uniform: pool mean stable when the grid step is doubled (|difference| 1.83e-16, tolerance 1e-05)
- ok: (a3) a = 0.8632, c = +0.01 aligned: pool mean stable when the grid step is doubled (|difference| 5.27e-15, tolerance 1e-05)
- ok: (a3) a = 0.8632, c = -0.01 uniform: pool mean stable when the grid step is doubled (|difference| 2.87e-16, tolerance 1e-05)
- ok: (a3) a = 0.8632, c = -0.01 aligned: pool mean stable when the grid step is doubled (|difference| 5.17e-15, tolerance 1e-05)
- ok: (a3) a = 0.8632, c = 0.02: every grid solve holds r₁ and q to 1e-10 (|difference| 9.88e-13, tolerance 1e-10)
- ok: (a3) a = 0.8632: residual(−0.02, −q) = residual(0.02, q) at q = -0.800 (|difference| 0, tolerance 1e-08)
- ok: (a3) a = 0.8632: residual(−0.02, −q) = residual(0.02, q) at q = -0.400 (|difference| 0, tolerance 1e-08)
- ok: (a3) a = 0.8632: residual(−0.02, −q) = residual(0.02, q) at q = +0.000 (|difference| 0, tolerance 1e-08)
- ok: (a3) a = 0.8632: residual(−0.02, −q) = residual(0.02, q) at q = +0.400 (|difference| 0, tolerance 1e-08)
- ok: (a3) a = 0.8632: residual(−0.02, −q) = residual(0.02, q) at q = +0.800 (|difference| 0, tolerance 1e-08)
- ok: (a3) a = 0.8632, c = +0.02 uniform: pool mean stable when the grid step is doubled (|difference| 1.82e-16, tolerance 1e-05)
- ok: (a3) a = 0.8632, c = +0.02 aligned: pool mean stable when the grid step is doubled (|difference| 1.06e-14, tolerance 1e-05)
- ok: (a3) a = 0.8632, c = -0.02 uniform: pool mean stable when the grid step is doubled (|difference| 7.37e-16, tolerance 1e-05)
- ok: (a3) a = 0.8632, c = -0.02 aligned: pool mean stable when the grid step is doubled (|difference| 1e-14, tolerance 1e-05)
- ok: (a4) a = 0.8632: the batched Lyapunov matrix = coupled_corr4 (|difference| 3.33e-16, tolerance 1e-10)
- ok: (a5) a = 0.8632: base r₁ = a (|difference| 2.22e-16, tolerance 1e-12)
- ok: (a6) a = 0.8632: the residual of a pure Δa = −0.015 is zero (|difference| 0, tolerance 1e-12)
- ok: (b) (a3) every per-pair solve holds r₁ and q to 1e-10 (|difference| 9.93e-13, tolerance 1e-10)
- ok: (d) 0.008–0.09 Hz TR 2.0: flat r₁ by quadrature = the closed formula (|difference| 0, tolerance 1e-10)
- ok: (d) 0.008–0.09 Hz TR 1.838: flat r₁ by quadrature = the closed formula (|difference| 2.22e-16, tolerance 1e-10)
- ok: (d) 0.008–0.09 Hz TR 0.72: flat r₁ by quadrature = the closed formula (|difference| 4.44e-16, tolerance 1e-10)
- ok: (d) 0.0025–0.05 Hz TR 2.0: flat r₁ by quadrature = the closed formula (|difference| 2.22e-16, tolerance 1e-10)
- ok: (d) 0.0025–0.05 Hz TR 2.4: flat r₁ by quadrature = the closed formula (|difference| 0, tolerance 1e-10)
- ok: (d) 0.0025–0.05 Hz TR 2.6: flat r₁ by quadrature = the closed formula (|difference| 3.33e-16, tolerance 1e-10)
- ok: (d) 0.0025–0.05 Hz TR 3.0: flat r₁ by quadrature = the closed formula (|difference| 0, tolerance 1e-10)
- ok: (d) 0.0025–0.05 Hz TR 1.25: flat r₁ by quadrature = the closed formula (|difference| 1.11e-16, tolerance 1e-10)
- ok: (d) 0.01–0.1 Hz TR 2.0: flat r₁ by quadrature = the closed formula (|difference| 1.11e-16, tolerance 1e-10)
- ok: (d) 0.01–0.1 Hz TR 1.0: flat r₁ by quadrature = the closed formula (|difference| 0, tolerance 1e-10)
- ok: (d) 0.01–0.1 Hz TR 1.2: flat r₁ by quadrature = the closed formula (|difference| 1.11e-16, tolerance 1e-10)
- ok: (d) 0.01–0.08 Hz (this study) TR 2.0: flat r₁ by quadrature = the closed formula (|difference| 1.11e-16, tolerance 1e-10)

## Predictions and rule (pre-run entry, B23)

Predictions: (a1) +0.0036 and +0.0037 at ±0.01, +0.0154 and +0.0158 at ±0.02; (a2) −0.0224 at +0.01 and +0.0297 at −0.01; (a3) +0.0029 at +0.01, +0.0102 at +0.02, +0.0070 at −0.02 (a 400-draw pool), the aligned version at first order; (a4) negative for either sign, about −22 δ_sym²; (a5) the residual rises as the shared component weakens, about −1.2 per unit Δr₁. (b) (a4) within 2 SE of Table 7's AR(1) rows; (a1) ±0.02 +0.0066 and +0.0064; (a2) +0.01 −0.0102, −0.01 +0.0135; (i) +0.003 to +0.007. (c) CCS-sts falls as r₁ rises at fixed q, slope at (0.85, 0.25) between −2 and −0.1. (d) Δsts within ±15 % across TR 0.72–2 s while Δr₁ varies about sevenfold (0.008–0.09 Hz: β = 100 +0.190/+0.165; 200 +0.382/+0.335; 400 +0.738/+0.658). (e) population Δr₁ −0.010 to −0.020, Δsts −0.08 to −0.15. (f) extremes zero to rounding; at a = 0.85 the sign change at about 0.008 (q 0.25), 0.035 (0.5), 0.09 (0.7); none within 0.10 at (0.80, 0.70). Several are values already computed on 22 Sep on other pools or designs (the pre-run entry lists them).
Rule: (a) and (b) replace the direction argument; (c) replaces "does not follow autocorrelation"; (d) replaces "most exposed dataset"; (e) completes Table 5's Δr₁ column; (f) replaces Results 1's two wrong statements (Finding 12).
   checks: 63 run, 0 failed
done (75s)
=== 2026-09-29 16:44:10  notes/partB24_bandpassed_expectations.py   -> notes/review_results/partB/bandpassed_expectations_run.log
git=d5a65bd
   generator: β̄ = 185.4, σ_q = 0.2637, β̄_post = 105.7; filter 0.0064–0.080 Hz
   replicate 1/20 (13s)
   replicate 2/20 (30s)
   replicate 3/20 (43s)
   replicate 4/20 (57s)
   replicate 5/20 (71s)
   replicate 6/20 (85s)
   replicate 7/20 (99s)
   replicate 8/20 (112s)
   replicate 9/20 (126s)
   replicate 10/20 (142s)
   replicate 11/20 (160s)
   replicate 12/20 (177s)
   replicate 13/20 (195s)
   replicate 14/20 (213s)
   replicate 15/20 (226s)
   replicate 16/20 (242s)
   replicate 17/20 (260s)
   replicate 18/20 (288s)
   replicate 19/20 (304s)
   replicate 20/20 (323s)
# The pure-autocorrelation expectations of the new statistics on the band-passed generator (partB24_bandpassed_expectations.py)
git=d5a65bd

B17b's generator at its solved parameters (β̄ = 185.4, σ_q = 0.2637, β̄_post = 105.7, read from calibration_filtered_tables.md; filter 0.0064–0.080 Hz), condition (i) only: 20 replicates × 14 subjects × 2 runs × 840 samples × 300 pairs, the DMT run spliced at sample 300. Seed 20261120. ± is the SD over replicates. DiD = windows 6–14 minus 1–4 (bins 11–28 minus 1–8), DMT minus placebo; level = the DMT pre-injection mean.

Checks: 10 run, 0 failed.

## The check against B17b's condition (i), W = 60

| DiD | B24 (mean ± SD) | B17b (committed) | within one of B17b's SDs |
|---|---|---|---|
| observed sts | -0.09441 ± 0.00222 | -0.09400 ± 0.00280 | yes |
| AR(1)-substituted sts | -0.09719 ± 0.00205 | -0.09660 ± 0.00270 | yes |
| residual | +0.00279 ± 0.00122 | +0.00270 ± 0.00140 | yes |
| RMS δ_anti | +0.00669 ± 0.00100 | +0.00641 ± 0.00104 | yes |

## B17b's statistics, condition (i)

| estimator | sts level (pre) | sts DiD | predicted DiD | residual DiD | residual p (mean; share < 0.05) | δ_sym DiD | RMS δ_anti DiD |
|---|---|---|---|---|---|---|---|
| W60 | 1.1881 | -0.0944 ± 0.0022 | -0.0972 ± 0.0020 | +0.0028 ± 0.0012 | 0.121; 0.70 | -0.00008 ± 0.00032 | +0.00669 ± 0.00100 |
| global (run-level prediction) | 1.3261 | -0.1050 ± 0.0031 | +0.0000 ± 0.0000 | -0.1050 ± 0.0031 | 0.000; 1.00 | — | — |
| global (period-level prediction) | 1.3261 | -0.1050 ± 0.0031 | -0.1091 ± 0.0028 | +0.0041 ± 0.0016 | 0.112; 0.50 | — | — |

## B22's statistics under a pure autocorrelation change (W = 60)

| statistic | DMT pre-injection level | DiD |
|---|---|---|
| A_other (sign from the other run) | -0.00028 ± 0.00019 | +0.00001 ± 0.00031 |
| A_same (sign from the same run) | -0.00001 ± 0.00018 | +0.00004 ± 0.00037 |
| window-sign statistic (selected) | +0.00340 ± 0.00015 | -0.00087 ± 0.00033 |
| B, slope of δ_sym on q | +0.01092 ± 0.00045 | -0.00263 ± 0.00077 |
| D, response to δ_anti alone | -0.03508 ± 0.00030 | -0.00100 ± 0.00041 |
| Sym, response to δ_sym alone | -0.00030 ± 0.00049 | +0.00373 ± 0.00092 |
| D + Sym | -0.03538 ± 0.00056 | +0.00273 ± 0.00114 |
| window-level mean pair r₁ | +0.86339 ± 0.00028 | -0.01540 ± 0.00035 |

Sym's DiD minus (the residual DiD − D's DiD): -0.00006 ± 0.00017.

## Checks

- ok: the filter edges = those in calibration_filtered_tables.md (printed precision) (|difference| 0, tolerance 1e-12)
- ok: the copy of notes/partB17b_calibration_filtered.py l. 81–88 is verbatim (|difference| 0, tolerance 0)
- ok: the copy of notes/partB17b_calibration_filtered.py l. 97–112 is verbatim (|difference| 0, tolerance 0)
- ok: the copy of notes/partB17b_calibration_filtered.py l. 135–150 is verbatim (|difference| 0, tolerance 0)
- ok: the copy of notes/partB17b_calibration_filtered.py l. 154–186 is verbatim (|difference| 0, tolerance 0)
- ok: the copy of notes/partB15_directed_crosslag.py l. 78–92 is verbatim (|difference| 0, tolerance 0)
- ok: (i) W60 sts DiD within one of B17b's replicate SDs of B17b's mean (-0.09400 ± 0.00280) (|difference| 0.000408, tolerance 0.003)
- ok: (i) W60 pred DiD within one of B17b's replicate SDs of B17b's mean (-0.09660 ± 0.00270) (|difference| 0.000595, tolerance 0.003)
- ok: (i) W60 res DiD within one of B17b's replicate SDs of B17b's mean (+0.00270 ± 0.00140) (|difference| 8.73e-05, tolerance 0.001)
- ok: (i) W60 anti DiD within one of B17b's replicate SDs of B17b's mean (+0.00641 ± 0.00104) (|difference| 0.000275, tolerance 0.001)

## Prediction and rule (pre-run entry, B24)

Prediction: the check passes; the A_other DiD within ±0.0005, the A_same DiD within ±0.001, the B DiD within ±0.003; the D DiD −0.002 to −0.006; Sym's DiD equal to the residual DiD minus D's within 0.001.
Rule: these are the pure-autocorrelation expectations against which B22's DiDs are read.
   checks: 10 run, 0 failed
done (323s)
=== 2026-09-29 16:49:34  scripts/15_figures_v2.py   -> results/run_15_figures_v2.log
wrote /home/vilalius/dmt-phiid/manuscript/figures/fig1_v2_scope_map.png
wrote /home/vilalius/dmt-phiid/manuscript/figures/fig2_v2_atoms_observed_substituted.png
wrote /home/vilalius/dmt-phiid/manuscript/figures/fig3_v2_per_subject.png
wrote /home/vilalius/dmt-phiid/manuscript/figures/fig4_v2_regional.png
wrote /home/vilalius/dmt-phiid/manuscript/figures/fig5_v2_residual_diagnostic.png
wrote /home/vilalius/dmt-phiid/manuscript/figures/fig6_v2_lag_dependence.png
wrote /home/vilalius/dmt-phiid/manuscript/figures/captions_v2.md
=== all done in 225 min
# B26: the matrices that are not positive definite, corrected and counted (partB26_positive_definite.py)
git=d5a65bd
run 29 Sep 2026 10:04 UTC; python 3.12.3, numpy 2.5.3
positive_definite.csv sha256 f056c3fdb07734ce5494e7e51aa3822fd8e778f420d755f677b8b2cb9e793d55

Pre-run entry: record, "The matrices that are not positive definite (B26): pre-run entry". Made from positive_definite.csv alone (its first line: the commit, the time of the run, the versions and any re-run). Steps: 39 of run_all.sh's section 6, B25 excepted, run in place with rev_phiid_fast.atoms_from_corr returning NaN for a matrix that is not positive definite; 39 ran to the end; they took 13,529 s in all, by their rows.

Evaluations of matrices by rev_phiid_fast, summed over the steps (a data window evaluated by several steps is counted in each; the number of the data's pair-windows without a substituted estimate is partB4_diagnostic.py's, on its level lines; the whole-run pairs without one are in the site rows of each step's run-level line): 473,262,025; with a non-finite entry 0; not positive definite 42,681, of which 42,681 with a block determinant ≤ 0; near-singular (smallest eigenvalue in (0, 10⁻³]) 12,889; smallest eigenvalue -0.259.

## By step

| step | script | exit | s | matrices (PairPhiID) | matrices (atoms_from_corr) | not positive definite | non-finite | near-singular | smallest eigenvalue |
|---|---|---|---|---|---|---|---|---|---|
| logs/phiid_fast_validate | notes/rev_phiid_fast_validate.py | 0 | 62 | 11,956,320 | 0 | 0 | 0 | 14 | 0.000403 |
| logs/rev_run_raw | notes/rev_run.py raw | 0 | 103 | 0 | 0 | 0 | 0 | 0 | nan |
| partB/prewhiten_run | notes/partB16_prewhiten.py | 0 | 1284 | 11,012,400 | 10,278,240 | 26,593 | 0 | 624 | -0.259 |
| partB/whitened_spectrum_run | notes/partB16b_whitened_spectrum.py | 0 | 8 | 0 | 0 | 0 | 0 | 0 | nan |
| logs/rev_extra | notes/rev_extra.py | 0 | 2 | 0 | 0 | 0 | 0 | 0 | nan |
| logs/sts_matched_null_F1 | notes/rev_sts_matched_null.py f1 | 0 | 65 | 0 | 0 | 0 | 0 | 0 | nan |
| logs/sts_matched_null_F2 | notes/rev_sts_matched_null.py f2 | 0 | 34 | 0 | 0 | 0 | 0 | 0 | nan |
| logs/sts_matched_null_F3 | notes/rev_sts_matched_null.py f3 | 0 | 72 | 0 | 0 | 0 | 0 | 0 | nan |
| logs/review_checks | notes/review_checks.py | 0 | 80 | 0 | 0 | 0 | 0 | 0 | nan |
| rev_assemble | notes/rev_assemble.py | 0 | 0 | 0 | 0 | 0 | 0 | 0 | nan |
| partB/scope_map_run | notes/partB1_scope_map.py | 0 | 4 | 131,100 | 280,860 | 0 | 0 | 0 | 0.00157 |
| partB/overlay_points_run | notes/partB1_overlay_points.py | 0 | 1 | 65,550 | 0 | 0 | 0 | 0 | 0.00183 |
| partB/calibration_run | notes/partB17_calibration.py | 0 | 4171 | 49,980,000 | 49,980,000 | 11,494 | 0 | 5,290 | -0.0395 |
| partB/calibration_filtered_run | notes/partB17b_calibration_filtered.py | 0 | 3904 | 49,980,000 | 60,260,000 | 23 | 0 | 436 | -0.0022 |
| partB2_ccs_verify | notes/partB2_ccs_verify.py | 0 | 2 | 0 | 0 | 0 | 0 | 0 | nan |
| partB2_ccs_run | notes/partB2_ccs_run.py | 0 | 380 | 5,532,420 | 0 | 0 | 0 | 0 | 0.0013 |
| partB3_lag | notes/partB3_lag.py | 0 | 521 | 11,274,600 | 182,405 | 0 | 0 | 0 | 0.00166 |
| partB4_diagnostic | notes/partB4_diagnostic.py | 0 | 523 | 15,784,440 | 31,201,800 | 3,286 | 0 | 2,794 | -0.0249 |
| partB/family_atoms_run | notes/partB14_family_atoms.py | 0 | 58 | 5,506,200 | 5,506,200 | 8 | 0 | 35 | -0.0013 |
| partB/directed_crosslag_run | notes/partB15_directed_crosslag.py | 0 | 77 | 5,506,200 | 9,868,320 | 644 | 0 | 1,045 | -0.0215 |
| partB4_residual_source | notes/partB4_residual_source.py | 0 | 40 | 2,569,560 | 7,708,680 | 8 | 0 | 17 | -0.00102 |
| partB5_family_checks | notes/partB5_family_checks.py | 0 | 0 | 0 | 4,047 | 171 | 0 | 3 | -0.248 |
| partB6_ccs_definition | notes/partB6_ccs_definition.py | 0 | 527 | 10,684,650 | 0 | 0 | 0 | 0 | 0.0013 |
| partB/ccs_decomposition_run | notes/partB18_ccs_decomposition.py | 0 | 196 | 5,139,120 | 0 | 0 | 0 | 0 | 0.0013 |
| partB7_splithalf | notes/partB7_splithalf.py | 0 | 1 | 0 | 0 | 0 | 0 | 0 | nan |
| partB/regional_sts_r1_run | notes/partB11_regional_sts_r1.py | 0 | 25 | 0 | 0 | 0 | 0 | 0 | nan |
| partB/exchange_rates_run | notes/partB19_exchange_rates.py | 0 | 44 | 5,139,120 | 5,139,142 | 8 | 0 | 35 | -0.0013 |
| partB/coupling_map_run | notes/partB8_coupling_map.py | 0 | 1 | 0 | 138 | 0 | 0 | 0 | 0.0173 |
| logs/review_v2_residual_null | notes/review_v2_residual_null.py | 0 | 130 | 0 | 20,020,000 | 126 | 0 | 1,210 | -0.0152 |
| partB9_leave_two_out | notes/partB9_leave_two_out.py | 0 | 1 | 0 | 0 | 0 | 0 | 0 | nan |
| partB/crosslag_deviation_run | notes/partB10_crosslag_deviation.py | 0 | 149 | 5,506,200 | 20,387,086 | 126 | 0 | 1,210 | -0.0152 |
| partB/crosslag_budget_run | notes/partB12_crosslag_budget.py | 0 | 21 | 5,873,280 | 1 | 0 | 0 | 0 | 0.0013 |
| partB/crosslag_budget_null_run | notes/partB13_crosslag_budget_null.py | 0 | 321 | 2,753,100 | 0 | 0 | 0 | 0 | 0.00166 |
| partB/regional_partial_run | notes/partB20_regional_partial.py | 0 | 1 | 0 | 0 | 0 | 0 | 0 | nan |
| partB/inference_revision_run | notes/partB21_inference_revision.py | 0 | 173 | 0 | 0 | 0 | 0 | 0 | nan |
| partB/aligned_directed_run | notes/partB22_aligned_directed.py | 0 | 137 | 5,506,200 | 20,556,484 | 22 | 0 | 95 | -0.011 |
| partB/diagnostic_alternatives_run | notes/partB23_diagnostic_alternatives.py | 0 | 76 | 16 | 4,336,530 | 172 | 0 | 66 | -0.0404 |
| partB/bandpassed_expectations_run | notes/partB24_bandpassed_expectations.py | 0 | 323 | 5,376,000 | 12,264,000 | 0 | 0 | 15 | 0.000568 |
| 15_figures_v2 | scripts/15_figures_v2.py | 0 | 12 | 0 | 11,616 | 0 | 0 | 0 | 0.02 |

## Sites with matrices that are not positive definite or not finite

A site is a calling line and column (file:line:column), with the frames of the repository that led to it in brackets; the last column gives the number of the site's calls that held such matrices and, for the first ten, the call's ordinal and its number of such matrices (#ordinal: matrices); the CSV lists every one.

| step | site | path | calls | matrices | not positive definite | non-finite | share | block determinant ≤ 0 | smallest eigenvalue | calls that held them |
|---|---|---|---|---|---|---|---|---|---|---|
| partB/prewhiten_run | notes/partB16_prewhiten.py:124:20 (notes/partB16_prewhiten.py:161) | atoms_from_corr | 1,568 | 10,278,240 | 26,593 | 0 | 2.59e-03 | 26,593 | -0.259 | 486 — #1: 23, #2: 27, #3: 4, #12: 42, #13: 47, #14: 142, #15: 152, #16: 64, #17: 21, #21: 2 … |
| partB/calibration_run | notes/partB17_calibration.py:104:72 (notes/partB17_calibration.py:150) | atoms_from_corr | 137,200 | 41,160,000 | 11,494 | 0 | 2.79e-04 | 11,494 | -0.0395 | 11,049 — #20: 1, #31: 1, #45: 1, #52: 1, #71: 1, #72: 2, #77: 1, #104: 1, #127: 1, #148: 1 … |
| partB/calibration_filtered_run | notes/review_v2_residual_null.py:69:11 (notes/partB17b_calibration_filtered.py:121 < notes/partB17b_calibration_filtered.py:126) | atoms_from_corr | 12 | 1,800,000 | 4 | 0 | 2.22e-06 | 4 | -0.00134 | 1 — #2: 4 |
| partB/calibration_filtered_run | notes/review_v2_residual_null.py:69:11 (notes/partB17b_calibration_filtered.py:121 < notes/partB17b_calibration_filtered.py:127) | atoms_from_corr | 6 | 900,000 | 2 | 0 | 2.22e-06 | 2 | -0.000321 | 1 — #2: 2 |
| partB/calibration_filtered_run | notes/review_v2_residual_null.py:69:11 (notes/partB17b_calibration_filtered.py:121 < notes/partB17b_calibration_filtered.py:129) | atoms_from_corr | 5 | 750,000 | 2 | 0 | 2.67e-06 | 2 | -0.0022 | 1 — #2: 2 |
| partB/calibration_filtered_run | notes/partB17b_calibration_filtered.py:166:72 (notes/partB17b_calibration_filtered.py:209) | atoms_from_corr | 137,200 | 41,160,000 | 15 | 0 | 3.64e-07 | 15 | -0.00203 | 15 — #15024: 1, #21871: 1, #37533: 1, #59321: 1, #70236: 1, #92666: 1, #120975: 1, #121932: 1, #121962: 1, #125200: 1 … |
| partB4_diagnostic | notes/partB4_diagnostic.py:75:24 | atoms_from_corr | 2,352 | 15,417,360 | 3,286 | 0 | 2.13e-04 | 3,286 | -0.0249 | 629 — #19: 1, #277: 1, #325: 2, #398: 1, #399: 3, #402: 2, #412: 1, #413: 3, #415: 40, #422: 2 … |
| partB/family_atoms_run | notes/partB14_family_atoms.py:85:43 | atoms_from_corr | 784 | 5,139,120 | 8 | 0 | 1.56e-06 | 8 | -0.0013 | 7 — #19: 1, #277: 1, #325: 2, #440: 1, #612: 1, #679: 1, #705: 1 |
| partB/directed_crosslag_run | notes/review_v2_residual_null.py:69:11 (notes/partB15_directed_crosslag.py:165 < notes/partB15_directed_crosslag.py:165) | atoms_from_corr | 6 | 900,000 | 4 | 0 | 4.44e-06 | 4 | -0.00134 | 1 — #2: 4 |
| partB/directed_crosslag_run | notes/review_v2_residual_null.py:69:11 (notes/partB15_directed_crosslag.py:171 < notes/partB15_directed_crosslag.py:182) | atoms_from_corr | 1 | 150,000 | 1 | 0 | 6.67e-06 | 1 | -7.64e-05 | 1 — #1: 1 |
| partB/directed_crosslag_run | notes/partB15_directed_crosslag.py:88:11 (notes/partB15_directed_crosslag.py:173 < notes/partB15_directed_crosslag.py:182) | atoms_from_corr | 1 | 150,000 | 1 | 0 | 6.67e-06 | 1 | -7.64e-05 | 1 — #1: 1 |
| partB/directed_crosslag_run | notes/partB15_directed_crosslag.py:89:13 (notes/partB15_directed_crosslag.py:173 < notes/partB15_directed_crosslag.py:194) | atoms_from_corr | 1 | 150,000 | 11 | 0 | 7.33e-05 | 11 | -0.00664 | 1 — #1: 11 |
| partB/directed_crosslag_run | notes/partB15_directed_crosslag.py:91:13 (notes/partB15_directed_crosslag.py:173 < notes/partB15_directed_crosslag.py:194) | atoms_from_corr | 1 | 150,000 | 2 | 0 | 1.33e-05 | 2 | -0.00403 | 1 — #1: 2 |
| partB/directed_crosslag_run | notes/review_v2_residual_null.py:69:11 (notes/partB15_directed_crosslag.py:171 < notes/partB15_directed_crosslag.py:224) | atoms_from_corr | 3 | 450,000 | 202 | 0 | 4.49e-04 | 202 | -0.0215 | 3 — #1: 33, #2: 81, #3: 88 |
| partB/directed_crosslag_run | notes/partB15_directed_crosslag.py:88:11 (notes/partB15_directed_crosslag.py:173 < notes/partB15_directed_crosslag.py:224) | atoms_from_corr | 3 | 450,000 | 202 | 0 | 4.49e-04 | 202 | -0.0215 | 3 — #1: 33, #2: 81, #3: 88 |
| partB/directed_crosslag_run | notes/partB15_directed_crosslag.py:89:13 (notes/partB15_directed_crosslag.py:173 < notes/partB15_directed_crosslag.py:224) | atoms_from_corr | 3 | 450,000 | 149 | 0 | 3.31e-04 | 149 | -0.017 | 3 — #1: 21, #2: 63, #3: 65 |
| partB/directed_crosslag_run | notes/partB15_directed_crosslag.py:90:12 (notes/partB15_directed_crosslag.py:173 < notes/partB15_directed_crosslag.py:224) | atoms_from_corr | 3 | 450,000 | 33 | 0 | 7.33e-05 | 33 | -0.0053 | 3 — #1: 6, #2: 11, #3: 16 |
| partB/directed_crosslag_run | notes/partB15_directed_crosslag.py:91:13 (notes/partB15_directed_crosslag.py:173 < notes/partB15_directed_crosslag.py:224) | atoms_from_corr | 3 | 450,000 | 39 | 0 | 8.67e-05 | 39 | -0.00112 | 2 — #2: 7, #3: 32 |
| partB4_residual_source | notes/partB4_residual_source.py:50:39 | atoms_from_corr | 392 | 2,569,560 | 4 | 0 | 1.56e-06 | 4 | -0.00102 | 3 — #19: 1, #277: 1, #325: 2 |
| partB4_residual_source | notes/partB4_residual_source.py:53:42 | atoms_from_corr | 392 | 2,569,560 | 4 | 0 | 1.56e-06 | 4 | -0.000825 | 3 — #19: 1, #277: 1, #325: 2 |
| partB5_family_checks | notes/partB5_family_checks.py:55:6 | atoms_from_corr | 1 | 2,000 | 171 | 0 | 8.55e-02 | 171 | -0.248 | 1 — #1: 171 |
| partB/exchange_rates_run | notes/partB19_exchange_rates.py:149:27 | atoms_from_corr | 784 | 5,139,120 | 8 | 0 | 1.56e-06 | 8 | -0.0013 | 7 — #19: 1, #277: 1, #325: 2, #440: 1, #612: 1, #679: 1, #705: 1 |
| logs/review_v2_residual_null | notes/review_v2_residual_null.py:69:11 (notes/review_v2_residual_null.py:114) | atoms_from_corr | 3 | 860,000 | 115 | 0 | 1.34e-04 | 115 | -0.0152 | 1 — #1: 115 |
| logs/review_v2_residual_null | notes/review_v2_residual_null.py:69:11 (notes/review_v2_residual_null.py:75 < notes/review_v2_residual_null.py:76) | atoms_from_corr | 30 | 4,500,000 | 6 | 0 | 1.33e-06 | 6 | -0.00226 | 4 — #2: 1, #4: 1, #9: 3, #26: 1 |
| logs/review_v2_residual_null | notes/review_v2_residual_null.py:69:11 (notes/review_v2_residual_null.py:75 < notes/review_v2_residual_null.py:77) | atoms_from_corr | 27 | 4,050,000 | 5 | 0 | 1.23e-06 | 5 | -0.000951 | 3 — #2: 3, #8: 1, #16: 1 |
| partB/crosslag_deviation_run | notes/review_v2_residual_null.py:69:11 (notes/partB10_crosslag_deviation.py:348) | atoms_from_corr | 3 | 860,000 | 115 | 0 | 1.34e-04 | 115 | -0.0152 | 1 — #1: 115 |
| partB/crosslag_deviation_run | notes/review_v2_residual_null.py:69:11 (notes/partB10_crosslag_deviation.py:362 < notes/partB10_crosslag_deviation.py:363) | atoms_from_corr | 30 | 4,500,000 | 6 | 0 | 1.33e-06 | 6 | -0.00226 | 4 — #2: 1, #4: 1, #9: 3, #26: 1 |
| partB/crosslag_deviation_run | notes/review_v2_residual_null.py:69:11 (notes/partB10_crosslag_deviation.py:362 < notes/partB10_crosslag_deviation.py:364) | atoms_from_corr | 27 | 4,050,000 | 5 | 0 | 1.23e-06 | 5 | -0.000951 | 3 — #2: 3, #8: 1, #16: 1 |
| partB/aligned_directed_run | notes/partB22_aligned_directed.py:119:11 (notes/partB22_aligned_directed.py:130 < notes/partB22_aligned_directed.py:241) | atoms_from_corr | 784 | 5,139,120 | 8 | 0 | 1.56e-06 | 8 | -0.0013 | 7 — #19: 1, #277: 1, #325: 2, #440: 1, #612: 1, #679: 1, #705: 1 |
| partB/aligned_directed_run | notes/partB22_aligned_directed.py:120:13 (notes/partB22_aligned_directed.py:130 < notes/partB22_aligned_directed.py:241) | atoms_from_corr | 784 | 5,139,120 | 13 | 0 | 2.53e-06 | 13 | -0.011 | 9 — #19: 1, #277: 1, #330: 1, #440: 2, #474: 1, #563: 1, #679: 1, #705: 4, #746: 1 |
| partB/aligned_directed_run | notes/partB22_aligned_directed.py:122:13 (notes/partB22_aligned_directed.py:130 < notes/partB22_aligned_directed.py:241) | atoms_from_corr | 784 | 5,139,120 | 1 | 0 | 1.95e-07 | 1 | -0.0012 | 1 — #746: 1 |
| partB/diagnostic_alternatives_run | notes/partB23_diagnostic_alternatives.py:200:11 (notes/partB23_diagnostic_alternatives.py:406 < notes/partB23_diagnostic_alternatives.py:423) | atoms_from_corr | 9 | 378,000 | 95 | 0 | 2.51e-04 | 95 | -0.0404 | 9 — #1: 11, #2: 5, #3: 12, #4: 18, #5: 5, #6: 16, #7: 7, #8: 10, #9: 11 |
| partB/diagnostic_alternatives_run | notes/partB23_diagnostic_alternatives.py:201:13 (notes/partB23_diagnostic_alternatives.py:406 < notes/partB23_diagnostic_alternatives.py:423) | atoms_from_corr | 9 | 378,000 | 53 | 0 | 1.40e-04 | 53 | -0.0195 | 9 — #1: 5, #2: 3, #3: 7, #4: 10, #5: 4, #6: 8, #7: 5, #8: 7, #9: 4 |
| partB/diagnostic_alternatives_run | notes/partB23_diagnostic_alternatives.py:202:12 (notes/partB23_diagnostic_alternatives.py:406 < notes/partB23_diagnostic_alternatives.py:423) | atoms_from_corr | 9 | 378,000 | 2 | 0 | 5.29e-06 | 2 | -0.00173 | 2 — #6: 1, #9: 1 |
| partB/diagnostic_alternatives_run | notes/partB23_diagnostic_alternatives.py:200:11 (notes/partB23_diagnostic_alternatives.py:406 < notes/partB23_diagnostic_alternatives.py:486) | atoms_from_corr | 3 | 126,000 | 14 | 0 | 1.11e-04 | 14 | -0.00661 | 3 — #1: 5, #2: 5, #3: 4 |
| partB/diagnostic_alternatives_run | notes/partB23_diagnostic_alternatives.py:201:13 (notes/partB23_diagnostic_alternatives.py:406 < notes/partB23_diagnostic_alternatives.py:486) | atoms_from_corr | 3 | 126,000 | 8 | 0 | 6.35e-05 | 8 | -0.00158 | 3 — #1: 3, #2: 3, #3: 2 |

The sts that the code before B26 gave the matrices that are not positive definite (atoms_from_corr path), and the first examples (a_x, a_y, q, C[0, 3], C[1, 2], smallest eigenvalue, sts before B26):

- partB/prewhiten_run, notes/partB16_prewhiten.py:124:20 (notes/partB16_prewhiten.py:161): 26,593 values, from -5.1143 to +5.5379; examples: (+0.3206, -0.4680, -0.7534, +0.3526, -0.2415, -2.53e-02, -0.5894); (+0.2289, -0.4357, -0.8000, +0.3486, -0.1831, -3.21e-03, +0.1679); (+0.0365, -0.5058, +0.8629, -0.4365, +0.0315, -1.45e-02, -0.0044); (+0.6095, -0.6113, +0.5045, -0.3084, +0.3075, -4.79e-02, +0.1905); (+0.2000, -0.6666, -0.7276, +0.4850, -0.1455, -7.21e-02, -0.4957)
- partB/calibration_run, notes/partB17_calibration.py:104:72 (notes/partB17_calibration.py:150): 11,494 values, from -3.1618 to +5.8239; examples: (+0.9243, +0.8597, +0.9659, +0.8304, +0.8927, -1.84e-03, +0.7407); (+0.8225, +0.9598, -0.8020, -0.7698, -0.6596, -3.99e-03, +0.9457); (+0.7487, +0.9324, +0.8071, +0.7526, +0.6043, -1.94e-03, +1.2336); (+0.7643, +0.9390, -0.8085, -0.7592, -0.6180, -3.01e-03, +0.9948); (+0.5491, +0.9421, -0.6759, -0.6368, -0.3711, -1.88e-02, -0.5406)
- partB/calibration_filtered_run, notes/review_v2_residual_null.py:69:11 (notes/partB17b_calibration_filtered.py:121 < notes/partB17b_calibration_filtered.py:126): 4 values, from +1.9712 to +2.7796; examples: (+0.9649, +0.9904, -0.8447, -0.8366, -0.8150, -4.94e-04, +2.7640); (+0.9129, +0.9815, +0.7834, +0.7689, +0.7151, -1.34e-03, +1.9712); (+0.9572, +0.9888, +0.8312, +0.8218, +0.7956, -5.21e-04, +2.6976); (+0.9670, +0.9902, +0.8619, +0.8534, +0.8334, -4.43e-04, +2.7796)
- partB/calibration_filtered_run, notes/review_v2_residual_null.py:69:11 (notes/partB17b_calibration_filtered.py:121 < notes/partB17b_calibration_filtered.py:127): 2 values, from +1.8238 to +2.1297; examples: (+0.9535, +0.9160, -0.9602, -0.8796, -0.9155, -3.21e-04, +1.8238); (+0.8819, +0.9342, +0.9569, +0.8939, +0.8439, -1.81e-04, +2.1297)
- partB/calibration_filtered_run, notes/review_v2_residual_null.py:69:11 (notes/partB17b_calibration_filtered.py:121 < notes/partB17b_calibration_filtered.py:129): 2 values, from +0.9378 to +1.1045; examples: (+0.9382, +0.8562, -0.9309, -0.7970, -0.8734, -2.20e-03, +0.9378); (+0.9502, +0.8750, -0.9177, -0.8030, -0.8720, -1.91e-03, +1.1045)
- partB/calibration_filtered_run, notes/partB17b_calibration_filtered.py:166:72 (notes/partB17b_calibration_filtered.py:209): 15 values, from +0.8434 to +2.7564; examples: (+0.9509, +0.8911, -0.9275, -0.8265, -0.8819, -5.59e-04, +1.7820); (+0.9770, +0.8974, +0.8034, +0.7210, +0.7849, -2.03e-03, +1.6099); (+0.9175, +0.9652, +0.9113, +0.8796, +0.8361, -1.30e-04, +2.7564); (+0.9150, +0.9759, -0.8468, -0.8264, -0.7748, -1.15e-03, +1.9005); (+0.9294, +0.9720, -0.9108, -0.8853, -0.8465, -5.92e-04, +2.0269)
- partB4_diagnostic, notes/partB4_diagnostic.py:75:24: 3,286 values, from -1.9437 to +5.6218; examples: (+0.8807, +0.9496, +0.9198, +0.8734, +0.8101, -1.02e-03, +1.4741); (+0.9568, +0.8428, +0.8144, +0.6864, +0.7792, -5.24e-04, +2.1478); (+0.8447, +0.9676, -0.7438, -0.7197, -0.6283, -2.80e-04, +2.6024); (+0.8447, +0.9583, -0.8079, -0.7742, -0.6825, -4.34e-04, +2.2661); (+0.9622, +0.8547, +0.8083, +0.6909, +0.7778, -9.74e-04, +1.8693)
- partB/family_atoms_run, notes/partB14_family_atoms.py:85:43: 8 values, from +1.4741 to +3.3515; examples: (+0.8807, +0.9496, +0.9198, +0.8734, +0.8101, -1.02e-03, +1.4741); (+0.9568, +0.8428, +0.8144, +0.6864, +0.7792, -5.24e-04, +2.1478); (+0.8447, +0.9676, -0.7438, -0.7197, -0.6283, -2.80e-04, +2.6024); (+0.8447, +0.9583, -0.8079, -0.7742, -0.6825, -4.34e-04, +2.2661); (+0.9067, +0.9589, +0.9212, +0.8834, +0.8353, -2.98e-04, +2.2142)
- partB/directed_crosslag_run, notes/review_v2_residual_null.py:69:11 (notes/partB15_directed_crosslag.py:165 < notes/partB15_directed_crosslag.py:165): 4 values, from +1.9712 to +2.7796; examples: (+0.9649, +0.9904, -0.8447, -0.8366, -0.8150, -4.94e-04, +2.7640); (+0.9129, +0.9815, +0.7834, +0.7689, +0.7151, -1.34e-03, +1.9712); (+0.9572, +0.9888, +0.8312, +0.8218, +0.7956, -5.21e-04, +2.6976); (+0.9670, +0.9902, +0.8619, +0.8534, +0.8334, -4.43e-04, +2.7796)
- partB/directed_crosslag_run, notes/review_v2_residual_null.py:69:11 (notes/partB15_directed_crosslag.py:171 < notes/partB15_directed_crosslag.py:182): 1 values, from +2.8840 to +2.8840; examples: (+0.8815, +0.9490, +0.9116, +0.8651, +0.8036, -7.64e-05, +2.8840)
- partB/directed_crosslag_run, notes/partB15_directed_crosslag.py:88:11 (notes/partB15_directed_crosslag.py:173 < notes/partB15_directed_crosslag.py:182): 1 values, from +2.8840 to +2.8840; examples: (+0.8815, +0.9490, +0.9116, +0.8651, +0.8036, -7.64e-05, +2.8840)
- partB/directed_crosslag_run, notes/partB15_directed_crosslag.py:89:13 (notes/partB15_directed_crosslag.py:173 < notes/partB15_directed_crosslag.py:194): 11 values, from +0.5166 to +2.0354; examples: (+0.8770, +0.8953, -0.8910, -0.9823, -0.5969, -6.00e-04, +0.8934); (+0.8730, +0.8419, -0.8090, -0.9717, -0.4156, -2.12e-03, +0.6677); (+0.9544, +0.9318, -0.9257, -0.9647, -0.7814, -5.52e-04, +1.2638); (+0.8444, +0.8883, +0.7886, +0.9646, +0.4018, -6.64e-03, +0.5166); (+0.9018, +0.9184, +0.8902, +0.9798, +0.6405, -3.32e-04, +1.4807)
- partB/directed_crosslag_run, notes/partB15_directed_crosslag.py:91:13 (notes/partB15_directed_crosslag.py:173 < notes/partB15_directed_crosslag.py:194): 2 values, from +0.2258 to +4.0512; examples: (+0.8444, +0.8883, +0.7886, +0.9735, +0.4108, -4.03e-03, +0.2258); (+0.8490, +0.8243, +0.8283, +0.9929, +0.4135, -7.34e-06, +4.0512)
- partB/directed_crosslag_run, notes/review_v2_residual_null.py:69:11 (notes/partB15_directed_crosslag.py:171 < notes/partB15_directed_crosslag.py:224): 202 values, from -2.0880 to +3.8236; examples: (+0.8442, +0.8797, -0.9910, -0.8719, -0.8367, -8.82e-05, +1.7846); (+0.7993, +0.7166, +0.9858, +0.7065, +0.7880, -1.30e-03, +0.3628); (+0.8043, +0.9497, -0.7914, -0.7516, -0.6365, -3.84e-04, +2.2493); (+0.7288, +0.9465, -0.7829, -0.7411, -0.5706, -9.62e-03, +0.0479); (+0.8877, +0.9324, -0.9774, -0.9114, -0.8676, -1.10e-03, +0.8754)
- partB/directed_crosslag_run, notes/partB15_directed_crosslag.py:88:11 (notes/partB15_directed_crosslag.py:173 < notes/partB15_directed_crosslag.py:224): 202 values, from -2.0880 to +3.8236; examples: (+0.8442, +0.8797, -0.9910, -0.8719, -0.8367, -8.82e-05, +1.7846); (+0.7993, +0.7166, +0.9858, +0.7065, +0.7880, -1.30e-03, +0.3628); (+0.8043, +0.9497, -0.7914, -0.7516, -0.6365, -3.84e-04, +2.2493); (+0.7288, +0.9465, -0.7829, -0.7411, -0.5706, -9.62e-03, +0.0479); (+0.8877, +0.9324, -0.9774, -0.9114, -0.8676, -1.10e-03, +0.8754)
- partB/directed_crosslag_run, notes/partB15_directed_crosslag.py:89:13 (notes/partB15_directed_crosslag.py:173 < notes/partB15_directed_crosslag.py:224): 149 values, from -0.3937 to +4.5063; examples: (+0.8442, +0.8797, -0.9910, -0.8729, -0.8356, -1.11e-04, +1.6609); (+0.7993, +0.7166, +0.9858, +0.7310, +0.7635, -3.04e-04, +1.3490); (+0.7288, +0.9465, -0.7829, -0.6453, -0.6663, -5.09e-03, +0.8669); (+0.8877, +0.9324, -0.9774, -0.9009, -0.8781, -8.61e-04, +1.0590); (+0.8528, +0.9019, -0.9893, -0.8863, -0.8496, -1.44e-03, +0.2988)
- partB/directed_crosslag_run, notes/partB15_directed_crosslag.py:90:12 (notes/partB15_directed_crosslag.py:173 < notes/partB15_directed_crosslag.py:224): 33 values, from -0.8697 to +3.1826; examples: (+0.8528, +0.9019, -0.9893, -0.8939, -0.8452, -2.14e-04, +1.2235); (+0.7775, +0.8192, -0.9956, -0.8161, -0.7745, -7.03e-05, +1.3907); (+0.7244, +0.7824, -0.9898, -0.7739, -0.7166, -1.11e-04, +1.6799); (+0.7244, +0.7810, -0.9920, -0.7748, -0.7186, -1.11e-04, +1.5072); (+0.7005, +0.7700, -0.9927, -0.7651, -0.6960, -7.54e-04, +0.1197)
- partB/directed_crosslag_run, notes/partB15_directed_crosslag.py:91:13 (notes/partB15_directed_crosslag.py:173 < notes/partB15_directed_crosslag.py:224): 39 values, from +0.7968 to +3.5754; examples: (+0.7737, +0.8980, -0.9456, -0.8249, -0.7637, -9.74e-05, +2.4278); (+0.7757, +0.8807, -0.9375, -0.8192, -0.7309, -4.35e-05, +2.9683); (+0.8631, +0.9261, -0.9594, -0.8936, -0.8255, -3.19e-05, +2.9052); (+0.7856, +0.8440, -0.9434, -0.8333, -0.6914, -3.66e-05, +3.0841); (+0.8108, +0.8820, -0.9583, -0.8589, -0.7611, -1.29e-04, +2.2404)
- partB4_residual_source, notes/partB4_residual_source.py:50:39: 4 values, from +1.4741 to +2.6024; examples: (+0.8807, +0.9496, +0.9198, +0.8734, +0.8101, -1.02e-03, +1.4741); (+0.9568, +0.8428, +0.8144, +0.6864, +0.7792, -5.24e-04, +2.1478); (+0.8447, +0.9676, -0.7438, -0.7197, -0.6283, -2.80e-04, +2.6024); (+0.8447, +0.9583, -0.8079, -0.7742, -0.6825, -4.34e-04, +2.2661)
- partB4_residual_source, notes/partB4_residual_source.py:53:42: 4 values, from +1.6015 to +2.9289; examples: (+0.8807, +0.9496, +0.9198, +0.8734, +0.8101, -8.25e-04, +1.6015); (+0.9568, +0.8428, +0.8144, +0.6864, +0.7792, -7.67e-04, +1.9413); (+0.8447, +0.9676, -0.7438, -0.7197, -0.6283, -1.49e-04, +2.9289); (+0.8447, +0.9583, -0.8079, -0.7742, -0.6825, -3.77e-04, +2.3404)
- partB5_family_checks, notes/partB5_family_checks.py:55:6: 171 values, from -2.2555 to +2.0550; examples: (+0.0641, +0.6657, -0.7858, -0.5231, -0.0504, -5.68e-03, -0.0401); (+0.4399, +0.9469, +0.6483, +0.6139, +0.2852, -3.56e-02, -0.1082); (+0.6767, +0.2437, +0.8874, +0.2163, +0.6005, -2.05e-02, -0.0955); (+0.0124, +0.9450, -0.4293, -0.4057, -0.0053, -3.60e-02, -0.0001); (+0.0343, +0.7546, +0.7983, +0.6024, +0.0274, -8.64e-02, -0.8551)
- partB/exchange_rates_run, notes/partB19_exchange_rates.py:149:27: 8 values, from +1.4741 to +3.3515; examples: (+0.8807, +0.9496, +0.9198, +0.8734, +0.8101, -1.02e-03, +1.4741); (+0.9568, +0.8428, +0.8144, +0.6864, +0.7792, -5.24e-04, +2.1478); (+0.8447, +0.9676, -0.7438, -0.7197, -0.6283, -2.80e-04, +2.6024); (+0.8447, +0.9583, -0.8079, -0.7742, -0.6825, -4.34e-04, +2.2661); (+0.9067, +0.9589, +0.9212, +0.8834, +0.8353, -2.98e-04, +2.2142)
- logs/review_v2_residual_null, notes/review_v2_residual_null.py:69:11 (notes/review_v2_residual_null.py:114): 115 values, from -1.4798 to +5.9903; examples: (+0.7962, +0.9549, -0.7766, -0.7415, -0.6183, -2.79e-03, +1.1654); (+0.9677, +0.8652, -0.8293, -0.7175, -0.8025, -3.71e-03, +1.0362); (+0.9044, +0.9779, -0.7850, -0.7677, -0.7099, -6.53e-04, +2.3308); (+0.9535, +0.9009, +0.9300, +0.8378, +0.8867, -1.49e-04, +2.4848); (+0.9607, +0.8442, +0.8137, +0.6869, +0.7816, -2.16e-03, +1.3719)
- logs/review_v2_residual_null, notes/review_v2_residual_null.py:69:11 (notes/review_v2_residual_null.py:75 < notes/review_v2_residual_null.py:76): 6 values, from +1.4531 to +3.5723; examples: (+0.9145, +0.9779, -0.8334, -0.8150, -0.7621, -1.49e-03, +1.7911); (+0.8460, +0.9697, +0.7565, +0.7336, +0.6400, -2.26e-03, +1.4531); (+0.9685, +0.9925, +0.8323, +0.8260, +0.8060, -7.42e-04, +2.6159); (+0.9625, +0.9903, -0.8112, -0.8033, -0.7807, -1.49e-04, +3.4866); (+0.9894, +0.9418, +0.7207, +0.6788, +0.7131, -1.17e-04, +3.5723)
- logs/review_v2_residual_null, notes/review_v2_residual_null.py:69:11 (notes/review_v2_residual_null.py:75 < notes/review_v2_residual_null.py:77): 5 values, from +1.2805 to +2.6023; examples: (+0.9302, +0.9526, -0.9836, -0.9369, -0.9149, -1.78e-04, +1.7513); (+0.9502, +0.9755, +0.9423, +0.9192, +0.8954, -1.51e-04, +2.6023); (+0.9607, +0.9177, -0.9476, -0.8696, -0.9104, -9.51e-04, +1.3820); (+0.9603, +0.9297, +0.9708, +0.9026, +0.9323, -6.87e-04, +1.2805); (+0.9072, +0.9411, -0.9763, -0.9188, -0.8858, -2.74e-04, +1.6791)
- partB/crosslag_deviation_run, notes/review_v2_residual_null.py:69:11 (notes/partB10_crosslag_deviation.py:348): 115 values, from -1.4798 to +5.9903; examples: (+0.7962, +0.9549, -0.7766, -0.7415, -0.6183, -2.79e-03, +1.1654); (+0.9677, +0.8652, -0.8293, -0.7175, -0.8025, -3.71e-03, +1.0362); (+0.9044, +0.9779, -0.7850, -0.7677, -0.7099, -6.53e-04, +2.3308); (+0.9535, +0.9009, +0.9300, +0.8378, +0.8867, -1.49e-04, +2.4848); (+0.9607, +0.8442, +0.8137, +0.6869, +0.7816, -2.16e-03, +1.3719)
- partB/crosslag_deviation_run, notes/review_v2_residual_null.py:69:11 (notes/partB10_crosslag_deviation.py:362 < notes/partB10_crosslag_deviation.py:363): 6 values, from +1.4531 to +3.5723; examples: (+0.9145, +0.9779, -0.8334, -0.8150, -0.7621, -1.49e-03, +1.7911); (+0.8460, +0.9697, +0.7565, +0.7336, +0.6400, -2.26e-03, +1.4531); (+0.9685, +0.9925, +0.8323, +0.8260, +0.8060, -7.42e-04, +2.6159); (+0.9625, +0.9903, -0.8112, -0.8033, -0.7807, -1.49e-04, +3.4866); (+0.9894, +0.9418, +0.7207, +0.6788, +0.7131, -1.17e-04, +3.5723)
- partB/crosslag_deviation_run, notes/review_v2_residual_null.py:69:11 (notes/partB10_crosslag_deviation.py:362 < notes/partB10_crosslag_deviation.py:364): 5 values, from +1.2805 to +2.6023; examples: (+0.9302, +0.9526, -0.9836, -0.9369, -0.9149, -1.78e-04, +1.7513); (+0.9502, +0.9755, +0.9423, +0.9192, +0.8954, -1.51e-04, +2.6023); (+0.9607, +0.9177, -0.9476, -0.8696, -0.9104, -9.51e-04, +1.3820); (+0.9603, +0.9297, +0.9708, +0.9026, +0.9323, -6.87e-04, +1.2805); (+0.9072, +0.9411, -0.9763, -0.9188, -0.8858, -2.74e-04, +1.6791)
- partB/aligned_directed_run, notes/partB22_aligned_directed.py:119:11 (notes/partB22_aligned_directed.py:130 < notes/partB22_aligned_directed.py:241): 8 values, from +1.4741 to +3.3515; examples: (+0.8807, +0.9496, +0.9198, +0.8734, +0.8101, -1.02e-03, +1.4741); (+0.9568, +0.8428, +0.8144, +0.6864, +0.7792, -5.24e-04, +2.1478); (+0.8447, +0.9676, -0.7438, -0.7197, -0.6283, -2.80e-04, +2.6024); (+0.8447, +0.9583, -0.8079, -0.7742, -0.6825, -4.34e-04, +2.2661); (+0.9067, +0.9589, +0.9212, +0.8834, +0.8353, -2.98e-04, +2.2142)
- partB/aligned_directed_run, notes/partB22_aligned_directed.py:120:13 (notes/partB22_aligned_directed.py:130 < notes/partB22_aligned_directed.py:241): 13 values, from -0.0002 to +3.5020; examples: (+0.8807, +0.9496, +0.9198, +0.8408, +0.8428, -4.52e-04, +2.0512); (+0.9568, +0.8428, +0.8144, +0.6906, +0.7750, -3.15e-04, +2.4262); (+0.8940, +0.9553, +0.8970, +0.8771, +0.7816, -4.60e-05, +3.1473); (+0.9424, +0.9026, +0.9431, +0.8095, +0.9304, -1.06e-05, +3.5020); (+0.9067, +0.9589, +0.9212, +0.8491, +0.8695, -4.05e-05, +3.2999)
- partB/aligned_directed_run, notes/partB22_aligned_directed.py:122:13 (notes/partB22_aligned_directed.py:130 < notes/partB22_aligned_directed.py:241): 1 values, from -0.5463 to -0.5463; examples: (+0.7318, +0.8963, +0.6584, +0.8658, +0.2553, -1.20e-03, -0.5463)
- partB/diagnostic_alternatives_run, notes/partB23_diagnostic_alternatives.py:200:11 (notes/partB23_diagnostic_alternatives.py:406 < notes/partB23_diagnostic_alternatives.py:423): 95 values, from -1.2746 to +3.3136; examples: (+0.9145, +0.5409, +0.8155, +0.4411, +0.7457, -3.59e-02, -0.1764); (+0.9299, +0.7712, +0.8316, +0.6414, +0.7733, -5.27e-04, +1.9299); (+0.6619, +0.8673, +0.9008, +0.7812, +0.5962, -6.01e-03, +0.2240); (+0.9572, +0.7467, +0.6759, +0.5047, +0.6469, -9.95e-05, +2.9164); (+0.9185, +0.5657, +0.6885, +0.3895, +0.6324, -2.08e-03, +1.0174)
- partB/diagnostic_alternatives_run, notes/partB23_diagnostic_alternatives.py:201:13 (notes/partB23_diagnostic_alternatives.py:406 < notes/partB23_diagnostic_alternatives.py:423): 53 values, from -0.4202 to +2.4620; examples: (+0.9145, +0.5409, +0.8155, +0.6299, +0.5569, -1.89e-02, -0.3704); (+0.6619, +0.8673, +0.9008, +0.6984, +0.6791, -2.68e-04, +2.1919); (+0.8434, +0.9327, -0.9193, -0.7954, -0.8372, -4.72e-04, +1.8990); (+0.7741, +0.9062, -0.9195, -0.8025, -0.7426, -1.85e-03, +1.1280); (+0.7702, +0.9266, +0.8798, +0.7512, +0.7417, -3.04e-03, +1.0306)
- partB/diagnostic_alternatives_run, notes/partB23_diagnostic_alternatives.py:202:12 (notes/partB23_diagnostic_alternatives.py:406 < notes/partB23_diagnostic_alternatives.py:423): 2 values, from -1.1907 to -0.5849; examples: (+0.9161, +0.5970, +0.8573, +0.5792, +0.8528, -7.53e-04, -1.1907); (+0.9110, +0.4387, +0.7550, +0.4160, +0.7726, -1.73e-03, -0.5849)
- partB/diagnostic_alternatives_run, notes/partB23_diagnostic_alternatives.py:200:11 (notes/partB23_diagnostic_alternatives.py:406 < notes/partB23_diagnostic_alternatives.py:486): 14 values, from +0.0364 to +2.7357; examples: (+0.9277, +0.7819, +0.8670, +0.6779, +0.8043, -2.68e-03, +0.9960); (+0.9056, +0.7227, +0.8504, +0.6146, +0.7702, -3.73e-04, +2.0473); (+0.8247, +0.9240, -0.9319, -0.8611, -0.7686, -2.89e-03, +0.7456); (+0.9555, +0.8316, -0.8250, -0.6860, -0.7883, -2.55e-03, +1.2097); (+0.4943, +0.8371, +0.8305, +0.6953, +0.4105, -6.61e-03, +0.0364)
- partB/diagnostic_alternatives_run, notes/partB23_diagnostic_alternatives.py:201:13 (notes/partB23_diagnostic_alternatives.py:406 < notes/partB23_diagnostic_alternatives.py:486): 8 values, from +1.2083 to +2.9789; examples: (+0.9277, +0.7819, +0.8670, +0.7307, +0.7515, -3.46e-04, +2.2357); (+0.8247, +0.9240, -0.9319, -0.8084, -0.8212, -1.55e-03, +1.2083); (+0.9555, +0.8316, -0.8250, -0.7064, -0.7680, -1.58e-03, +1.5691); (+0.7894, +0.9087, -0.9276, -0.7851, -0.7902, -1.25e-03, +1.3329); (+0.9497, +0.8700, +0.8983, +0.8300, +0.8047, -2.02e-04, +2.5248)
