# partB16_prewhiten.py; chosen AR order per region and run; git=f1f5fcc
whitening,variant,subject,run,region_index,p
arp,ts_gsr,1,DMT,0,5
arp,ts_gsr,1,DMT,1,5
arp,ts_gsr,1,DMT,2,5
arp,ts_gsr,1,DMT,3,5
arp,ts_gsr,1,DMT,4,5
arp,ts_gsr,1,DMT,5,5
arp,ts_gsr,1,DMT,6,5
arp,ts_gsr,1,DMT,7,5
arp,ts_gsr,1,DMT,8,5
arp,ts_gsr,1,DMT,9,5
arp,ts_gsr,1,DMT,10,5
arp,ts_gsr,1,DMT,11,5
arp,ts_gsr,1,DMT,12,5
arp,ts_gsr,1,DMT,13,5
arp,ts_gsr,1,DMT,14,5
arp,ts_gsr,1,DMT,15,5
arp,ts_gsr,1,DMT,16,5
arp,ts_gsr,1,DMT,17,5
arp,ts_gsr,1,DMT,18,5
arp,ts_gsr,1,DMT,19,5
arp,ts_gsr,1,DMT,21,5
arp,ts_gsr,1,DMT,22,5
arp,ts_gsr,1,DMT,23,5
arp,ts_gsr,1,DMT,24,5
arp,ts_gsr,1,DMT,25,5
arp,ts_gsr,1,DMT,26,5
arp,ts_gsr,1,DMT,27,5
arp,ts_gsr,1,DMT,28,5
arp,ts_gsr,1,DMT,29,5
arp,ts_gsr,1,DMT,30,5
arp,ts_gsr,1,DMT,31,5
arp,ts_gsr,1,DMT,32,5
arp,ts_gsr,1,DMT,33,5
arp,ts_gsr,1,DMT,34,5
arp,ts_gsr,1,DMT,35,5
arp,ts_gsr,1,DMT,36,5
arp,ts_gsr,1,DMT,37,5
arp,ts_gsr,1,DMT,38,5
arp,ts_gsr,1,DMT,39,5
arp,ts_gsr,1,DMT,40,5
arp,ts_gsr,1,DMT,41,5
arp,ts_gsr,1,DMT,42,5
arp,ts_gsr,1,DMT,43,5
arp,ts_gsr,1,DMT,44,5
arp,ts_gsr,1,DMT,45,5
arp,ts_gsr,1,DMT,46,5
arp,ts_gsr,1,DMT,47,5
arp,ts_gsr,1,DMT,48,5
arp,ts_gsr,1,DMT,49,5
arp,ts_gsr,1,DMT,50,5
arp,ts_gsr,1,DMT,51,5
arp,ts_gsr,1,DMT,52,5
arp,ts_gsr,1,DMT,53,5
arp,ts_gsr,1,DMT,54,5
arp,ts_gsr,1,DMT,55,5
arp,ts_gsr,1,DMT,56,5
arp,ts_gsr,1,DMT,57,5
arp,ts_gsr,1,DMT,58,5
arp,ts_gsr,1,DMT,59,5
arp,ts_gsr,1,DMT,60,5
arp,ts_gsr,1,DMT,61,5
arp,ts_gsr,1,DMT,62,5
arp,ts_gsr,1,DMT,63,5
arp,ts_gsr,1,DMT,64,5
arp,ts_gsr,1,DMT,65,5
arp,ts_gsr,1,DMT,66,5
arp,ts_gsr,1,DMT,67,5
arp,ts_gsr,1,DMT,68,5
arp,ts_gsr,1,DMT,69,5
arp,ts_gsr,1,DMT,70,5
arp,ts_gsr,1,DMT,71,5
arp,ts_gsr,1,DMT,72,5
arp,ts_gsr,1,DMT,73,5
arp,ts_gsr,1,DMT,74,5
arp,ts_gsr,1,DMT,75,5
arp,ts_gsr,1,DMT,76,5
arp,ts_gsr,1,DMT,77,5
arp,ts_gsr,1,DMT,78,5
arp,ts_gsr,1,DMT,79,5
arp,ts_gsr,1,DMT,80,5
arp,ts_gsr,1,DMT,81,5
arp,ts_gsr,1,DMT,82,5
arp,ts_gsr,1,DMT,83,5
arp,ts_gsr,1,DMT,84,5
arp,ts_gsr,1,DMT,85,5
arp,ts_gsr,1,DMT,86,5
arp,ts_gsr,1,DMT,87,5
arp,ts_gsr,1,DMT,88,5
arp,ts_gsr,1,DMT,89,5
arp,ts_gsr,1,DMT,90,5
arp,ts_gsr,1,DMT,91,5
arp,ts_gsr,1,DMT,92,5
arp,ts_gsr,1,DMT,93,5
arp,ts_gsr,1,DMT,94,5
arp,ts_gsr,1,DMT,95,5
arp,ts_gsr,1,DMT,96,5
arp,ts_gsr,1,DMT,97,5
arp,ts_gsr,1,DMT,98,5
arp,ts_gsr,1,DMT,99,5
arp,ts_gsr,1,DMT,100,5
arp,ts_gsr,1,DMT,101,5
arp,ts_gsr,1,DMT,102,5
arp,ts_gsr,1,DMT,103,5
arp,ts_gsr,1,DMT,104,5
arp,ts_gsr,1,DMT,105,5
arp,ts_gsr,1,DMT,106,5
arp,ts_gsr,1,DMT,107,5
arp,ts_gsr,1,DMT,108,5
arp,ts_gsr,1,DMT,109,5
arp,ts_gsr,1,DMT,110,5
arp,ts_gsr,1,DMT,111,5
arp,ts_gsr,1,DMT,112,5
arp,ts_gsr,1,DMT,113,5
arp,ts_gsr,1,DMT,114,5
arp,ts_gsr,1,DMT,115,5
arp,ts_gsr,1,PCB,0,5
arp,ts_gsr,1,PCB,1,5
arp,ts_gsr,1,PCB,2,5
arp,ts_gsr,1,PCB,3,5
arp,ts_gsr,1,PCB,4,5
arp,ts_gsr,1,PCB,5,5
arp,ts_gsr,1,PCB,6,5
arp,ts_gsr,1,PCB,7,5
arp,ts_gsr,1,PCB,8,5
arp,ts_gsr,1,PCB,9,5
arp,ts_gsr,1,PCB,10,5
arp,ts_gsr,1,PCB,11,5
arp,ts_gsr,1,PCB,12,5
arp,ts_gsr,1,PCB,13,5
arp,ts_gsr,1,PCB,14,5
arp,ts_gsr,1,PCB,15,5
arp,ts_gsr,1,PCB,16,5
arp,ts_gsr,1,PCB,17,5
arp,ts_gsr,1,PCB,18,5
arp,ts_gsr,1,PCB,19,5
arp,ts_gsr,1,PCB,21,5
arp,ts_gsr,1,PCB,22,5
arp,ts_gsr,1,PCB,23,5
arp,ts_gsr,1,PCB,24,5
arp,ts_gsr,1,PCB,25,5
arp,ts_gsr,1,PCB,26,5
arp,ts_gsr,1,PCB,27,5
arp,ts_gsr,1,PCB,28,5
arp,ts_gsr,1,PCB,29,5
arp,ts_gsr,1,PCB,30,5
arp,ts_gsr,1,PCB,31,5
arp,ts_gsr,1,PCB,32,5
arp,ts_gsr,1,PCB,33,5
arp,ts_gsr,1,PCB,34,5
arp,ts_gsr,1,PCB,35,5
arp,ts_gsr,1,PCB,36,5
arp,ts_gsr,1,PCB,37,5
arp,ts_gsr,1,PCB,38,5
arp,ts_gsr,1,PCB,39,5
arp,ts_gsr,1,PCB,40,5
arp,ts_gsr,1,PCB,41,5
arp,ts_gsr,1,PCB,42,5
arp,ts_gsr,1,PCB,43,5
arp,ts_gsr,1,PCB,44,5
arp,ts_gsr,1,PCB,45,5
arp,ts_gsr,1,PCB,46,5
arp,ts_gsr,1,PCB,47,5
arp,ts_gsr,1,PCB,48,5
arp,ts_gsr,1,PCB,49,5
arp,ts_gsr,1,PCB,50,5
arp,ts_gsr,1,PCB,51,5
arp,ts_gsr,1,PCB,52,5
arp,ts_gsr,1,PCB,53,5
arp,ts_gsr,1,PCB,54,5
arp,ts_gsr,1,PCB,55,5
arp,ts_gsr,1,PCB,56,5
arp,ts_gsr,1,PCB,57,5
arp,ts_gsr,1,PCB,58,5
arp,ts_gsr,1,PCB,59,5
arp,ts_gsr,1,PCB,60,5
arp,ts_gsr,1,PCB,61,5
arp,ts_gsr,1,PCB,62,5
arp,ts_gsr,1,PCB,63,5
arp,ts_gsr,1,PCB,64,5
arp,ts_gsr,1,PCB,65,5
arp,ts_gsr,1,PCB,66,5
arp,ts_gsr,1,PCB,67,5
arp,ts_gsr,1,PCB,68,5
arp,ts_gsr,1,PCB,69,5
arp,ts_gsr,1,PCB,70,5
arp,ts_gsr,1,PCB,71,5
arp,ts_gsr,1,PCB,72,5
arp,ts_gsr,1,PCB,73,5
arp,ts_gsr,1,PCB,74,5
arp,ts_gsr,1,PCB,75,5
arp,ts_gsr,1,PCB,76,5
arp,ts_gsr,1,PCB,77,5
arp,ts_gsr,1,PCB,78,5
arp,ts_gsr,1,PCB,79,5
arp,ts_gsr,1,PCB,80,5
arp,ts_gsr,1,PCB,81,5
arp,ts_gsr,1,PCB,82,5
arp,ts_gsr,1,PCB,83,5
arp,ts_gsr,1,PCB,84,5
arp,ts_gsr,1,PCB,85,5
arp,ts_gsr,1,PCB,86,5
arp,ts_gsr,1,PCB,87,5
arp,ts_gsr,1,PCB,88,5
arp,ts_gsr,1,PCB,89,5
arp,ts_gsr,1,PCB,90,5
arp,ts_gsr,1,PCB,91,5
arp,ts_gsr,1,PCB,92,5
arp,ts_gsr,1,PCB,93,5
arp,ts_gsr,1,PCB,94,5
arp,ts_gsr,1,PCB,95,5
arp,ts_gsr,1,PCB,96,5
arp,ts_gsr,1,PCB,97,5
arp,ts_gsr,1,PCB,98,5
arp,ts_gsr,1,PCB,99,5
arp,ts_gsr,1,PCB,100,5
arp,ts_gsr,1,PCB,101,5
arp,ts_gsr,1,PCB,102,5
arp,ts_gsr,1,PCB,103,5
arp,ts_gsr,1,PCB,104,5
arp,ts_gsr,1,PCB,105,5
arp,ts_gsr,1,PCB,106,5
arp,ts_gsr,1,PCB,107,5
arp,ts_gsr,1,PCB,108,5
arp,ts_gsr,1,PCB,109,5
arp,ts_gsr,1,PCB,110,5
arp,ts_gsr,1,PCB,111,5
arp,ts_gsr,1,PCB,112,5
arp,ts_gsr,1,PCB,113,5
arp,ts_gsr,1,PCB,114,5
arp,ts_gsr,1,PCB,115,5
arp,ts_gsr,2,DMT,0,5
arp,ts_gsr,2,DMT,1,5
arp,ts_gsr,2,DMT,2,5
arp,ts_gsr,2,DMT,3,5
arp,ts_gsr,2,DMT,4,5
arp,ts_gsr,2,DMT,5,5
arp,ts_gsr,2,DMT,6,5
arp,ts_gsr,2,DMT,7,5
arp,ts_gsr,2,DMT,8,5
arp,ts_gsr,2,DMT,9,5
arp,ts_gsr,2,DMT,10,5
arp,ts_gsr,2,DMT,11,5
arp,ts_gsr,2,DMT,12,5
arp,ts_gsr,2,DMT,13,5
arp,ts_gsr,2,DMT,14,5
arp,ts_gsr,2,DMT,15,5
arp,ts_gsr,2,DMT,16,5
arp,ts_gsr,2,DMT,17,5
arp,ts_gsr,2,DMT,18,5
arp,ts_gsr,2,DMT,19,5
arp,ts_gsr,2,DMT,21,5
arp,ts_gsr,2,DMT,22,5
arp,ts_gsr,2,DMT,23,5
arp,ts_gsr,2,DMT,24,5
arp,ts_gsr,2,DMT,25,5
arp,ts_gsr,2,DMT,26,5
arp,ts_gsr,2,DMT,27,5
arp,ts_gsr,2,DMT,28,5
arp,ts_gsr,2,DMT,29,5
arp,ts_gsr,2,DMT,30,5
arp,ts_gsr,2,DMT,31,5
arp,ts_gsr,2,DMT,32,5
arp,ts_gsr,2,DMT,33,5
arp,ts_gsr,2,DMT,34,5
arp,ts_gsr,2,DMT,35,5
arp,ts_gsr,2,DMT,36,5
arp,ts_gsr,2,DMT,37,5
arp,ts_gsr,2,DMT,38,5
arp,ts_gsr,2,DMT,39,5
arp,ts_gsr,2,DMT,40,5
arp,ts_gsr,2,DMT,41,5
arp,ts_gsr,2,DMT,42,5
arp,ts_gsr,2,DMT,43,5
arp,ts_gsr,2,DMT,44,5
arp,ts_gsr,2,DMT,45,5
arp,ts_gsr,2,DMT,46,5
arp,ts_gsr,2,DMT,47,4
arp,ts_gsr,2,DMT,48,5
arp,ts_gsr,2,DMT,49,5
arp,ts_gsr,2,DMT,50,5
arp,ts_gsr,2,DMT,51,5
arp,ts_gsr,2,DMT,52,5
arp,ts_gsr,2,DMT,53,5
arp,ts_gsr,2,DMT,54,5
arp,ts_gsr,2,DMT,55,5
arp,ts_gsr,2,DMT,56,5
arp,ts_gsr,2,DMT,57,5
arp,ts_gsr,2,DMT,58,5
arp,ts_gsr,2,DMT,59,5
arp,ts_gsr,2,DMT,60,5
arp,ts_gsr,2,DMT,61,5
arp,ts_gsr,2,DMT,62,5
arp,ts_gsr,2,DMT,63,5
arp,ts_gsr,2,DMT,64,5
arp,ts_gsr,2,DMT,65,5
arp,ts_gsr,2,DMT,66,5
arp,ts_gsr,2,DMT,67,5
arp,ts_gsr,2,DMT,68,5
arp,ts_gsr,2,DMT,69,5
arp,ts_gsr,2,DMT,70,5
arp,ts_gsr,2,DMT,71,5
arp,ts_gsr,2,DMT,72,5
arp,ts_gsr,2,DMT,73,5
arp,ts_gsr,2,DMT,74,5
arp,ts_gsr,2,DMT,75,5
arp,ts_gsr,2,DMT,76,5
arp,ts_gsr,2,DMT,77,5
arp,ts_gsr,2,DMT,78,5
arp,ts_gsr,2,DMT,79,5
arp,ts_gsr,2,DMT,80,5
arp,ts_gsr,2,DMT,81,5
arp,ts_gsr,2,DMT,82,5
arp,ts_gsr,2,DMT,83,5
arp,ts_gsr,2,DMT,84,5
arp,ts_gsr,2,DMT,85,5
arp,ts_gsr,2,DMT,86,5
arp,ts_gsr,2,DMT,87,5
arp,ts_gsr,2,DMT,88,5
arp,ts_gsr,2,DMT,89,5
arp,ts_gsr,2,DMT,90,5
arp,ts_gsr,2,DMT,91,5
arp,ts_gsr,2,DMT,92,5
arp,ts_gsr,2,DMT,93,5
arp,ts_gsr,2,DMT,94,5
arp,ts_gsr,2,DMT,95,5
arp,ts_gsr,2,DMT,96,5
arp,ts_gsr,2,DMT,97,5
arp,ts_gsr,2,DMT,98,5
arp,ts_gsr,2,DMT,99,5
arp,ts_gsr,2,DMT,100,5
arp,ts_gsr,2,DMT,101,5
arp,ts_gsr,2,DMT,102,5
arp,ts_gsr,2,DMT,103,5
arp,ts_gsr,2,DMT,104,5
arp,ts_gsr,2,DMT,105,5
arp,ts_gsr,2,DMT,106,5
arp,ts_gsr,2,DMT,107,5
arp,ts_gsr,2,DMT,108,5
arp,ts_gsr,2,DMT,109,5
arp,ts_gsr,2,DMT,110,5
arp,ts_gsr,2,DMT,111,5
arp,ts_gsr,2,DMT,112,5
arp,ts_gsr,2,DMT,113,5
arp,ts_gsr,2,DMT,114,5
arp,ts_gsr,2,DMT,115,5
arp,ts_gsr,2,PCB,0,5
arp,ts_gsr,2,PCB,1,5
arp,ts_gsr,2,PCB,2,5
arp,ts_gsr,2,PCB,3,5
arp,ts_gsr,2,PCB,4,5
arp,ts_gsr,2,PCB,5,5
arp,ts_gsr,2,PCB,6,5
arp,ts_gsr,2,PCB,7,5
arp,ts_gsr,2,PCB,8,5
arp,ts_gsr,2,PCB,9,5
arp,ts_gsr,2,PCB,10,5
arp,ts_gsr,2,PCB,11,5
arp,ts_gsr,2,PCB,12,5
arp,ts_gsr,2,PCB,13,5
arp,ts_gsr,2,PCB,14,5
arp,ts_gsr,2,PCB,15,5
arp,ts_gsr,2,PCB,16,5
arp,ts_gsr,2,PCB,17,5
arp,ts_gsr,2,PCB,18,5
arp,ts_gsr,2,PCB,19,5
arp,ts_gsr,2,PCB,21,5
arp,ts_gsr,2,PCB,22,5
arp,ts_gsr,2,PCB,23,5
arp,ts_gsr,2,PCB,24,5
arp,ts_gsr,2,PCB,25,5
arp,ts_gsr,2,PCB,26,5
arp,ts_gsr,2,PCB,27,5
arp,ts_gsr,2,PCB,28,5
arp,ts_gsr,2,PCB,29,5
arp,ts_gsr,2,PCB,30,5
arp,ts_gsr,2,PCB,31,5
arp,ts_gsr,2,PCB,32,5
arp,ts_gsr,2,PCB,33,5
arp,ts_gsr,2,PCB,34,5
arp,ts_gsr,2,PCB,35,5
arp,ts_gsr,2,PCB,36,5
arp,ts_gsr,2,PCB,37,5
arp,ts_gsr,2,PCB,38,5
arp,ts_gsr,2,PCB,39,5
arp,ts_gsr,2,PCB,40,5
arp,ts_gsr,2,PCB,41,5
arp,ts_gsr,2,PCB,42,5
arp,ts_gsr,2,PCB,43,5
arp,ts_gsr,2,PCB,44,5
arp,ts_gsr,2,PCB,45,5
arp,ts_gsr,2,PCB,46,5
arp,ts_gsr,2,PCB,47,5
arp,ts_gsr,2,PCB,48,5
arp,ts_gsr,2,PCB,49,5
arp,ts_gsr,2,PCB,50,5
arp,ts_gsr,2,PCB,51,5
arp,ts_gsr,2,PCB,52,5
arp,ts_gsr,2,PCB,53,5
arp,ts_gsr,2,PCB,54,5
arp,ts_gsr,2,PCB,55,5
arp,ts_gsr,2,PCB,56,5
arp,ts_gsr,2,PCB,57,5
arp,ts_gsr,2,PCB,58,5
arp,ts_gsr,2,PCB,59,5
arp,ts_gsr,2,PCB,60,5
arp,ts_gsr,2,PCB,61,5
arp,ts_gsr,2,PCB,62,5
arp,ts_gsr,2,PCB,63,5
arp,ts_gsr,2,PCB,64,5
arp,ts_gsr,2,PCB,65,5
arp,ts_gsr,2,PCB,66,5
arp,ts_gsr,2,PCB,67,5
arp,ts_gsr,2,PCB,68,5
arp,ts_gsr,2,PCB,69,5
arp,ts_gsr,2,PCB,70,5
arp,ts_gsr,2,PCB,71,5
arp,ts_gsr,2,PCB,72,5
arp,ts_gsr,2,PCB,73,5
arp,ts_gsr,2,PCB,74,5
arp,ts_gsr,2,PCB,75,5
arp,ts_gsr,2,PCB,76,5
arp,ts_gsr,2,PCB,77,5
arp,ts_gsr,2,PCB,78,5
arp,ts_gsr,2,PCB,79,5
arp,ts_gsr,2,PCB,80,5
arp,ts_gsr,2,PCB,81,5
arp,ts_gsr,2,PCB,82,5
arp,ts_gsr,2,PCB,83,5
arp,ts_gsr,2,PCB,84,5
arp,ts_gsr,2,PCB,85,5
arp,ts_gsr,2,PCB,86,5
arp,ts_gsr,2,PCB,87,5
arp,ts_gsr,2,PCB,88,5
arp,ts_gsr,2,PCB,89,5
arp,ts_gsr,2,PCB,90,5
arp,ts_gsr,2,PCB,91,5
arp,ts_gsr,2,PCB,92,5
arp,ts_gsr,2,PCB,93,5
arp,ts_gsr,2,PCB,94,5
arp,ts_gsr,2,PCB,95,5
arp,ts_gsr,2,PCB,96,5
arp,ts_gsr,2,PCB,97,5
arp,ts_gsr,2,PCB,98,5
arp,ts_gsr,2,PCB,99,5
arp,ts_gsr,2,PCB,100,5
arp,ts_gsr,2,PCB,101,5
arp,ts_gsr,2,PCB,102,5
arp,ts_gsr,2,PCB,103,5
arp,ts_gsr,2,PCB,104,5
arp,ts_gsr,2,PCB,105,5
arp,ts_gsr,2,PCB,106,5
arp,ts_gsr,2,PCB,107,5
arp,ts_gsr,2,PCB,108,5
arp,ts_gsr,2,PCB,109,5
arp,ts_gsr,2,PCB,110,5
arp,ts_gsr,2,PCB,111,5
arp,ts_gsr,2,PCB,112,5
arp,ts_gsr,2,PCB,113,5
arp,ts_gsr,2,PCB,114,5
arp,ts_gsr,2,PCB,115,5
arp,ts_gsr,3,DMT,0,5
arp,ts_gsr,3,DMT,1,5
arp,ts_gsr,3,DMT,2,5
arp,ts_gsr,3,DMT,3,5
arp,ts_gsr,3,DMT,4,5
arp,ts_gsr,3,DMT,5,5
arp,ts_gsr,3,DMT,6,5
arp,ts_gsr,3,DMT,7,5
arp,ts_gsr,3,DMT,8,5
arp,ts_gsr,3,DMT,9,5
arp,ts_gsr,3,DMT,10,5
arp,ts_gsr,3,DMT,11,5
arp,ts_gsr,3,DMT,12,5
arp,ts_gsr,3,DMT,13,5
arp,ts_gsr,3,DMT,14,5
arp,ts_gsr,3,DMT,15,5
arp,ts_gsr,3,DMT,16,5
arp,ts_gsr,3,DMT,17,5
arp,ts_gsr,3,DMT,18,5
arp,ts_gsr,3,DMT,19,5
arp,ts_gsr,3,DMT,21,5
arp,ts_gsr,3,DMT,22,5
arp,ts_gsr,3,DMT,23,5
arp,ts_gsr,3,DMT,24,5
arp,ts_gsr,3,DMT,25,5
arp,ts_gsr,3,DMT,26,5
arp,ts_gsr,3,DMT,27,5
arp,ts_gsr,3,DMT,28,5
arp,ts_gsr,3,DMT,29,5
arp,ts_gsr,3,DMT,30,5
arp,ts_gsr,3,DMT,31,5
arp,ts_gsr,3,DMT,32,5
arp,ts_gsr,3,DMT,33,5
arp,ts_gsr,3,DMT,34,5
arp,ts_gsr,3,DMT,35,5
arp,ts_gsr,3,DMT,36,5
arp,ts_gsr,3,DMT,37,5
arp,ts_gsr,3,DMT,38,5
arp,ts_gsr,3,DMT,39,5
arp,ts_gsr,3,DMT,40,5
arp,ts_gsr,3,DMT,41,5
arp,ts_gsr,3,DMT,42,5
arp,ts_gsr,3,DMT,43,5
arp,ts_gsr,3,DMT,44,5
arp,ts_gsr,3,DMT,45,5
arp,ts_gsr,3,DMT,46,5
arp,ts_gsr,3,DMT,47,5
arp,ts_gsr,3,DMT,48,5
arp,ts_gsr,3,DMT,49,5
arp,ts_gsr,3,DMT,50,5
arp,ts_gsr,3,DMT,51,5
arp,ts_gsr,3,DMT,52,5
arp,ts_gsr,3,DMT,53,5
arp,ts_gsr,3,DMT,54,5
arp,ts_gsr,3,DMT,55,5
arp,ts_gsr,3,DMT,56,5
arp,ts_gsr,3,DMT,57,5
arp,ts_gsr,3,DMT,58,5
arp,ts_gsr,3,DMT,59,5
arp,ts_gsr,3,DMT,60,5
arp,ts_gsr,3,DMT,61,5
arp,ts_gsr,3,DMT,62,5
arp,ts_gsr,3,DMT,63,5
arp,ts_gsr,3,DMT,64,5
arp,ts_gsr,3,DMT,65,5
arp,ts_gsr,3,DMT,66,5
arp,ts_gsr,3,DMT,67,5
arp,ts_gsr,3,DMT,68,5
arp,ts_gsr,3,DMT,69,5
arp,ts_gsr,3,DMT,70,5
arp,ts_gsr,3,DMT,71,5
arp,ts_gsr,3,DMT,72,5
arp,ts_gsr,3,DMT,73,5
arp,ts_gsr,3,DMT,74,5
arp,ts_gsr,3,DMT,75,5
arp,ts_gsr,3,DMT,76,5
arp,ts_gsr,3,DMT,77,5
arp,ts_gsr,3,DMT,78,5
arp,ts_gsr,3,DMT,79,5
arp,ts_gsr,3,DMT,80,5
arp,ts_gsr,3,DMT,81,5
arp,ts_gsr,3,DMT,82,5
arp,ts_gsr,3,DMT,83,5
arp,ts_gsr,3,DMT,84,5
arp,ts_gsr,3,DMT,85,5
arp,ts_gsr,3,DMT,86,5
arp,ts_gsr,3,DMT,87,5
arp,ts_gsr,3,DMT,88,5
arp,ts_gsr,3,DMT,89,5
arp,ts_gsr,3,DMT,90,5
arp,ts_gsr,3,DMT,91,5
arp,ts_gsr,3,DMT,92,5
arp,ts_gsr,3,DMT,93,5
arp,ts_gsr,3,DMT,94,5
arp,ts_gsr,3,DMT,95,5
arp,ts_gsr,3,DMT,96,5
arp,ts_gsr,3,DMT,97,5
arp,ts_gsr,3,DMT,98,5
arp,ts_gsr,3,DMT,99,5
arp,ts_gsr,3,DMT,100,5
arp,ts_gsr,3,DMT,101,5
arp,ts_gsr,3,DMT,102,5
arp,ts_gsr,3,DMT,103,5
arp,ts_gsr,3,DMT,104,5
arp,ts_gsr,3,DMT,105,5
arp,ts_gsr,3,DMT,106,5
arp,ts_gsr,3,DMT,107,5
arp,ts_gsr,3,DMT,108,5
arp,ts_gsr,3,DMT,109,5
arp,ts_gsr,3,DMT,110,5
arp,ts_gsr,3,DMT,111,5
arp,ts_gsr,3,DMT,112,5
arp,ts_gsr,3,DMT,113,5
arp,ts_gsr,3,DMT,114,5
arp,ts_gsr,3,DMT,115,5
arp,ts_gsr,3,PCB,0,5
arp,ts_gsr,3,PCB,1,5
arp,ts_gsr,3,PCB,2,5
arp,ts_gsr,3,PCB,3,5
arp,ts_gsr,3,PCB,4,5
arp,ts_gsr,3,PCB,5,5
arp,ts_gsr,3,PCB,6,5
arp,ts_gsr,3,PCB,7,5
arp,ts_gsr,3,PCB,8,5
arp,ts_gsr,3,PCB,9,5
arp,ts_gsr,3,PCB,10,5
arp,ts_gsr,3,PCB,11,5
arp,ts_gsr,3,PCB,12,5
arp,ts_gsr,3,PCB,13,5
arp,ts_gsr,3,PCB,14,5
arp,ts_gsr,3,PCB,15,5
arp,ts_gsr,3,PCB,16,5
arp,ts_gsr,3,PCB,17,5
arp,ts_gsr,3,PCB,18,5
arp,ts_gsr,3,PCB,19,5
arp,ts_gsr,3,PCB,21,5
arp,ts_gsr,3,PCB,22,5
arp,ts_gsr,3,PCB,23,5
arp,ts_gsr,3,PCB,24,5
arp,ts_gsr,3,PCB,25,5
arp,ts_gsr,3,PCB,26,5
arp,ts_gsr,3,PCB,27,5
arp,ts_gsr,3,PCB,28,5
arp,ts_gsr,3,PCB,29,5
arp,ts_gsr,3,PCB,30,5
arp,ts_gsr,3,PCB,31,5
arp,ts_gsr,3,PCB,32,5
arp,ts_gsr,3,PCB,33,5
arp,ts_gsr,3,PCB,34,5
arp,ts_gsr,3,PCB,35,5
arp,ts_gsr,3,PCB,36,5
arp,ts_gsr,3,PCB,37,5
arp,ts_gsr,3,PCB,38,5
arp,ts_gsr,3,PCB,39,5
arp,ts_gsr,3,PCB,40,5
arp,ts_gsr,3,PCB,41,5
arp,ts_gsr,3,PCB,42,5
arp,ts_gsr,3,PCB,43,5
arp,ts_gsr,3,PCB,44,5
arp,ts_gsr,3,PCB,45,5
arp,ts_gsr,3,PCB,46,5
arp,ts_gsr,3,PCB,47,5
arp,ts_gsr,3,PCB,48,5
arp,ts_gsr,3,PCB,49,5
arp,ts_gsr,3,PCB,50,5
arp,ts_gsr,3,PCB,51,5
arp,ts_gsr,3,PCB,52,5
arp,ts_gsr,3,PCB,53,5
arp,ts_gsr,3,PCB,54,5
arp,ts_gsr,3,PCB,55,5
arp,ts_gsr,3,PCB,56,5
arp,ts_gsr,3,PCB,57,5
arp,ts_gsr,3,PCB,58,5
arp,ts_gsr,3,PCB,59,5
arp,ts_gsr,3,PCB,60,5
arp,ts_gsr,3,PCB,61,5
arp,ts_gsr,3,PCB,62,5
arp,ts_gsr,3,PCB,63,5
arp,ts_gsr,3,PCB,64,5
arp,ts_gsr,3,PCB,65,5
arp,ts_gsr,3,PCB,66,5
arp,ts_gsr,3,PCB,67,5
arp,ts_gsr,3,PCB,68,5
arp,ts_gsr,3,PCB,69,5
arp,ts_gsr,3,PCB,70,5
arp,ts_gsr,3,PCB,71,5
arp,ts_gsr,3,PCB,72,5
arp,ts_gsr,3,PCB,73,5
arp,ts_gsr,3,PCB,74,5
arp,ts_gsr,3,PCB,75,5
arp,ts_gsr,3,PCB,76,5
arp,ts_gsr,3,PCB,77,5
arp,ts_gsr,3,PCB,78,5
arp,ts_gsr,3,PCB,79,5
arp,ts_gsr,3,PCB,80,5
arp,ts_gsr,3,PCB,81,5
arp,ts_gsr,3,PCB,82,5
arp,ts_gsr,3,PCB,83,5
arp,ts_gsr,3,PCB,84,5
arp,ts_gsr,3,PCB,85,5
arp,ts_gsr,3,PCB,86,5
arp,ts_gsr,3,PCB,87,5
arp,ts_gsr,3,PCB,88,5
arp,ts_gsr,3,PCB,89,5
arp,ts_gsr,3,PCB,90,5
arp,ts_gsr,3,PCB,91,5
arp,ts_gsr,3,PCB,92,5
arp,ts_gsr,3,PCB,93,5
arp,ts_gsr,3,PCB,94,5
arp,ts_gsr,3,PCB,95,5
arp,ts_gsr,3,PCB,96,5
arp,ts_gsr,3,PCB,97,5
arp,ts_gsr,3,PCB,98,5
arp,ts_gsr,3,PCB,99,5
arp,ts_gsr,3,PCB,100,5
arp,ts_gsr,3,PCB,101,5
arp,ts_gsr,3,PCB,102,5
arp,ts_gsr,3,PCB,103,5
arp,ts_gsr,3,PCB,104,5
arp,ts_gsr,3,PCB,105,5
arp,ts_gsr,3,PCB,106,5
arp,ts_gsr,3,PCB,107,5
arp,ts_gsr,3,PCB,108,5
arp,ts_gsr,3,PCB,109,5
arp,ts_gsr,3,PCB,110,5
arp,ts_gsr,3,PCB,111,5
arp,ts_gsr,3,PCB,112,5
arp,ts_gsr,3,PCB,113,5
arp,ts_gsr,3,PCB,114,5
arp,ts_gsr,3,PCB,115,5
arp,ts_gsr,4,DMT,0,5
arp,ts_gsr,4,DMT,1,5
arp,ts_gsr,4,DMT,2,5
arp,ts_gsr,4,DMT,3,5
arp,ts_gsr,4,DMT,4,5
arp,ts_gsr,4,DMT,5,5
arp,ts_gsr,4,DMT,6,5
arp,ts_gsr,4,DMT,7,5
arp,ts_gsr,4,DMT,8,5
arp,ts_gsr,4,DMT,9,5
arp,ts_gsr,4,DMT,10,5
arp,ts_gsr,4,DMT,11,5
arp,ts_gsr,4,DMT,12,5
arp,ts_gsr,4,DMT,13,5
arp,ts_gsr,4,DMT,14,5
arp,ts_gsr,4,DMT,15,5
arp,ts_gsr,4,DMT,16,5
arp,ts_gsr,4,DMT,17,5
arp,ts_gsr,4,DMT,18,5
arp,ts_gsr,4,DMT,19,5
arp,ts_gsr,4,DMT,21,5
arp,ts_gsr,4,DMT,22,5
arp,ts_gsr,4,DMT,23,5
arp,ts_gsr,4,DMT,24,5
arp,ts_gsr,4,DMT,25,5
arp,ts_gsr,4,DMT,26,5
arp,ts_gsr,4,DMT,27,5
arp,ts_gsr,4,DMT,28,5
arp,ts_gsr,4,DMT,29,5
arp,ts_gsr,4,DMT,30,5
arp,ts_gsr,4,DMT,31,5
arp,ts_gsr,4,DMT,32,5
arp,ts_gsr,4,DMT,33,5
arp,ts_gsr,4,DMT,34,5
arp,ts_gsr,4,DMT,35,5
arp,ts_gsr,4,DMT,36,5
arp,ts_gsr,4,DMT,37,5
arp,ts_gsr,4,DMT,38,5
arp,ts_gsr,4,DMT,39,5
arp,ts_gsr,4,DMT,40,5
arp,ts_gsr,4,DMT,41,5
arp,ts_gsr,4,DMT,42,5
arp,ts_gsr,4,DMT,43,5
arp,ts_gsr,4,DMT,44,5
arp,ts_gsr,4,DMT,45,5
arp,ts_gsr,4,DMT,46,5
arp,ts_gsr,4,DMT,47,5
arp,ts_gsr,4,DMT,48,5
arp,ts_gsr,4,DMT,49,5
arp,ts_gsr,4,DMT,50,5
arp,ts_gsr,4,DMT,51,5
arp,ts_gsr,4,DMT,52,5
arp,ts_gsr,4,DMT,53,5
arp,ts_gsr,4,DMT,54,5
arp,ts_gsr,4,DMT,55,5
arp,ts_gsr,4,DMT,56,5
arp,ts_gsr,4,DMT,57,5
arp,ts_gsr,4,DMT,58,5
arp,ts_gsr,4,DMT,59,5
arp,ts_gsr,4,DMT,60,5
arp,ts_gsr,4,DMT,61,5
arp,ts_gsr,4,DMT,62,5
arp,ts_gsr,4,DMT,63,5
arp,ts_gsr,4,DMT,64,5
arp,ts_gsr,4,DMT,65,5
arp,ts_gsr,4,DMT,66,5
arp,ts_gsr,4,DMT,67,5
arp,ts_gsr,4,DMT,68,4
arp,ts_gsr,4,DMT,69,5
arp,ts_gsr,4,DMT,70,5
arp,ts_gsr,4,DMT,71,5
arp,ts_gsr,4,DMT,72,5
arp,ts_gsr,4,DMT,73,5
arp,ts_gsr,4,DMT,74,5
arp,ts_gsr,4,DMT,75,5
arp,ts_gsr,4,DMT,76,5
arp,ts_gsr,4,DMT,77,5
arp,ts_gsr,4,DMT,78,5
arp,ts_gsr,4,DMT,79,5
arp,ts_gsr,4,DMT,80,5
arp,ts_gsr,4,DMT,81,5
arp,ts_gsr,4,DMT,82,5
arp,ts_gsr,4,DMT,83,5
arp,ts_gsr,4,DMT,84,5
arp,ts_gsr,4,DMT,85,5
arp,ts_gsr,4,DMT,86,5
arp,ts_gsr,4,DMT,87,5
arp,ts_gsr,4,DMT,88,5
arp,ts_gsr,4,DMT,89,5
arp,ts_gsr,4,DMT,90,5
arp,ts_gsr,4,DMT,91,5
arp,ts_gsr,4,DMT,92,5
arp,ts_gsr,4,DMT,93,5
arp,ts_gsr,4,DMT,94,5
arp,ts_gsr,4,DMT,95,5
arp,ts_gsr,4,DMT,96,5
arp,ts_gsr,4,DMT,97,5
arp,ts_gsr,4,DMT,98,5
arp,ts_gsr,4,DMT,99,5
arp,ts_gsr,4,DMT,100,5
arp,ts_gsr,4,DMT,101,5
arp,ts_gsr,4,DMT,102,5
arp,ts_gsr,4,DMT,103,5
arp,ts_gsr,4,DMT,104,5
arp,ts_gsr,4,DMT,105,5
arp,ts_gsr,4,DMT,106,5
arp,ts_gsr,4,DMT,107,5
arp,ts_gsr,4,DMT,108,5
arp,ts_gsr,4,DMT,109,5
arp,ts_gsr,4,DMT,110,5
arp,ts_gsr,4,DMT,111,5
arp,ts_gsr,4,DMT,112,5
arp,ts_gsr,4,DMT,113,5
arp,ts_gsr,4,DMT,114,5
arp,ts_gsr,4,DMT,115,5
arp,ts_gsr,4,PCB,0,5
arp,ts_gsr,4,PCB,1,5
arp,ts_gsr,4,PCB,2,5
arp,ts_gsr,4,PCB,3,5
arp,ts_gsr,4,PCB,4,5
arp,ts_gsr,4,PCB,5,5
arp,ts_gsr,4,PCB,6,5
arp,ts_gsr,4,PCB,7,5
arp,ts_gsr,4,PCB,8,5
arp,ts_gsr,4,PCB,9,5
arp,ts_gsr,4,PCB,10,5
arp,ts_gsr,4,PCB,11,5
arp,ts_gsr,4,PCB,12,5
arp,ts_gsr,4,PCB,13,5
arp,ts_gsr,4,PCB,14,5
arp,ts_gsr,4,PCB,15,5
arp,ts_gsr,4,PCB,16,5
arp,ts_gsr,4,PCB,17,5
arp,ts_gsr,4,PCB,18,5
arp,ts_gsr,4,PCB,19,5
arp,ts_gsr,4,PCB,21,5
arp,ts_gsr,4,PCB,22,5
arp,ts_gsr,4,PCB,23,5
arp,ts_gsr,4,PCB,24,5
arp,ts_gsr,4,PCB,25,5
arp,ts_gsr,4,PCB,26,5
arp,ts_gsr,4,PCB,27,5
arp,ts_gsr,4,PCB,28,5
arp,ts_gsr,4,PCB,29,5
arp,ts_gsr,4,PCB,30,5
arp,ts_gsr,4,PCB,31,5
arp,ts_gsr,4,PCB,32,5
arp,ts_gsr,4,PCB,33,5
arp,ts_gsr,4,PCB,34,5
arp,ts_gsr,4,PCB,35,5
arp,ts_gsr,4,PCB,36,5
arp,ts_gsr,4,PCB,37,5
arp,ts_gsr,4,PCB,38,5
arp,ts_gsr,4,PCB,39,5
arp,ts_gsr,4,PCB,40,5
arp,ts_gsr,4,PCB,41,5
arp,ts_gsr,4,PCB,42,5
arp,ts_gsr,4,PCB,43,5
arp,ts_gsr,4,PCB,44,5
arp,ts_gsr,4,PCB,45,5
arp,ts_gsr,4,PCB,46,5
arp,ts_gsr,4,PCB,47,5
arp,ts_gsr,4,PCB,48,5
arp,ts_gsr,4,PCB,49,5
arp,ts_gsr,4,PCB,50,5
arp,ts_gsr,4,PCB,51,5
arp,ts_gsr,4,PCB,52,5
arp,ts_gsr,4,PCB,53,5
arp,ts_gsr,4,PCB,54,5
arp,ts_gsr,4,PCB,55,5
arp,ts_gsr,4,PCB,56,5
arp,ts_gsr,4,PCB,57,5
arp,ts_gsr,4,PCB,58,5
arp,ts_gsr,4,PCB,59,5
arp,ts_gsr,4,PCB,60,5
arp,ts_gsr,4,PCB,61,5
arp,ts_gsr,4,PCB,62,5
arp,ts_gsr,4,PCB,63,5
arp,ts_gsr,4,PCB,64,5
arp,ts_gsr,4,PCB,65,5
arp,ts_gsr,4,PCB,66,5
arp,ts_gsr,4,PCB,67,5
arp,ts_gsr,4,PCB,68,5
arp,ts_gsr,4,PCB,69,5
arp,ts_gsr,4,PCB,70,5
arp,ts_gsr,4,PCB,71,5
arp,ts_gsr,4,PCB,72,5
arp,ts_gsr,4,PCB,73,5
arp,ts_gsr,4,PCB,74,5
arp,ts_gsr,4,PCB,75,5
arp,ts_gsr,4,PCB,76,5
arp,ts_gsr,4,PCB,77,5
arp,ts_gsr,4,PCB,78,5
arp,ts_gsr,4,PCB,79,5
arp,ts_gsr,4,PCB,80,5
arp,ts_gsr,4,PCB,81,5
arp,ts_gsr,4,PCB,82,5
arp,ts_gsr,4,PCB,83,5
arp,ts_gsr,4,PCB,84,5
arp,ts_gsr,4,PCB,85,5
arp,ts_gsr,4,PCB,86,5
arp,ts_gsr,4,PCB,87,5
arp,ts_gsr,4,PCB,88,5
arp,ts_gsr,4,PCB,89,5
arp,ts_gsr,4,PCB,90,5
arp,ts_gsr,4,PCB,91,5
arp,ts_gsr,4,PCB,92,5
arp,ts_gsr,4,PCB,93,5
arp,ts_gsr,4,PCB,94,5
arp,ts_gsr,4,PCB,95,5
arp,ts_gsr,4,PCB,96,5
arp,ts_gsr,4,PCB,97,5
arp,ts_gsr,4,PCB,98,5
arp,ts_gsr,4,PCB,99,5
arp,ts_gsr,4,PCB,100,5
arp,ts_gsr,4,PCB,101,5
arp,ts_gsr,4,PCB,102,5
arp,ts_gsr,4,PCB,103,5
arp,ts_gsr,4,PCB,104,5
arp,ts_gsr,4,PCB,105,5
arp,ts_gsr,4,PCB,106,5
arp,ts_gsr,4,PCB,107,5
arp,ts_gsr,4,PCB,108,5
arp,ts_gsr,4,PCB,109,5
arp,ts_gsr,4,PCB,110,5
arp,ts_gsr,4,PCB,111,5
arp,ts_gsr,4,PCB,112,5
arp,ts_gsr,4,PCB,113,5
arp,ts_gsr,4,PCB,114,5
arp,ts_gsr,4,PCB,115,5
arp,ts_gsr,5,DMT,0,5
arp,ts_gsr,5,DMT,1,5
arp,ts_gsr,5,DMT,2,5
arp,ts_gsr,5,DMT,3,5
arp,ts_gsr,5,DMT,4,5
arp,ts_gsr,5,DMT,5,5
arp,ts_gsr,5,DMT,6,5
arp,ts_gsr,5,DMT,7,5
arp,ts_gsr,5,DMT,8,5
arp,ts_gsr,5,DMT,9,5
arp,ts_gsr,5,DMT,10,5
arp,ts_gsr,5,DMT,11,5
arp,ts_gsr,5,DMT,12,5
arp,ts_gsr,5,DMT,13,5
arp,ts_gsr,5,DMT,14,5
arp,ts_gsr,5,DMT,15,5
arp,ts_gsr,5,DMT,16,5
arp,ts_gsr,5,DMT,17,5
arp,ts_gsr,5,DMT,18,5
arp,ts_gsr,5,DMT,19,5
arp,ts_gsr,5,DMT,21,5
arp,ts_gsr,5,DMT,22,5
arp,ts_gsr,5,DMT,23,5
arp,ts_gsr,5,DMT,24,5
arp,ts_gsr,5,DMT,25,5
arp,ts_gsr,5,DMT,26,5
arp,ts_gsr,5,DMT,27,5
arp,ts_gsr,5,DMT,28,5
arp,ts_gsr,5,DMT,29,5
arp,ts_gsr,5,DMT,30,5
arp,ts_gsr,5,DMT,31,5
arp,ts_gsr,5,DMT,32,5
arp,ts_gsr,5,DMT,33,5
arp,ts_gsr,5,DMT,34,5
arp,ts_gsr,5,DMT,35,5
arp,ts_gsr,5,DMT,36,5
arp,ts_gsr,5,DMT,37,5
arp,ts_gsr,5,DMT,38,5
arp,ts_gsr,5,DMT,39,5
arp,ts_gsr,5,DMT,40,5
arp,ts_gsr,5,DMT,41,5
arp,ts_gsr,5,DMT,42,5
arp,ts_gsr,5,DMT,43,5
arp,ts_gsr,5,DMT,44,5
arp,ts_gsr,5,DMT,45,5
arp,ts_gsr,5,DMT,46,5
arp,ts_gsr,5,DMT,47,5
arp,ts_gsr,5,DMT,48,5
arp,ts_gsr,5,DMT,49,5
arp,ts_gsr,5,DMT,50,5
arp,ts_gsr,5,DMT,51,5
arp,ts_gsr,5,DMT,52,5
arp,ts_gsr,5,DMT,53,5
arp,ts_gsr,5,DMT,54,5
arp,ts_gsr,5,DMT,55,5
arp,ts_gsr,5,DMT,56,5
arp,ts_gsr,5,DMT,57,5
arp,ts_gsr,5,DMT,58,5
arp,ts_gsr,5,DMT,59,5
arp,ts_gsr,5,DMT,60,5
arp,ts_gsr,5,DMT,61,5
arp,ts_gsr,5,DMT,62,5
arp,ts_gsr,5,DMT,63,5
arp,ts_gsr,5,DMT,64,5
arp,ts_gsr,5,DMT,65,5
arp,ts_gsr,5,DMT,66,5
arp,ts_gsr,5,DMT,67,5
arp,ts_gsr,5,DMT,68,5
arp,ts_gsr,5,DMT,69,5
arp,ts_gsr,5,DMT,70,5
arp,ts_gsr,5,DMT,71,5
arp,ts_gsr,5,DMT,72,5
arp,ts_gsr,5,DMT,73,5
arp,ts_gsr,5,DMT,74,5
arp,ts_gsr,5,DMT,75,5
arp,ts_gsr,5,DMT,76,5
arp,ts_gsr,5,DMT,77,5
arp,ts_gsr,5,DMT,78,5
arp,ts_gsr,5,DMT,79,5
arp,ts_gsr,5,DMT,80,5
arp,ts_gsr,5,DMT,81,5
arp,ts_gsr,5,DMT,82,5
arp,ts_gsr,5,DMT,83,5
arp,ts_gsr,5,DMT,84,5
arp,ts_gsr,5,DMT,85,5
arp,ts_gsr,5,DMT,86,5
arp,ts_gsr,5,DMT,87,5
arp,ts_gsr,5,DMT,88,5
arp,ts_gsr,5,DMT,89,5
arp,ts_gsr,5,DMT,90,5
arp,ts_gsr,5,DMT,91,5
arp,ts_gsr,5,DMT,92,5
arp,ts_gsr,5,DMT,93,5
arp,ts_gsr,5,DMT,94,5
arp,ts_gsr,5,DMT,95,5
arp,ts_gsr,5,DMT,96,5
arp,ts_gsr,5,DMT,97,5
arp,ts_gsr,5,DMT,98,5
arp,ts_gsr,5,DMT,99,5
arp,ts_gsr,5,DMT,100,5
arp,ts_gsr,5,DMT,101,5
arp,ts_gsr,5,DMT,102,5
arp,ts_gsr,5,DMT,103,5
arp,ts_gsr,5,DMT,104,5
arp,ts_gsr,5,DMT,105,5
arp,ts_gsr,5,DMT,106,5
arp,ts_gsr,5,DMT,107,5
arp,ts_gsr,5,DMT,108,5
arp,ts_gsr,5,DMT,109,5
arp,ts_gsr,5,DMT,110,5
arp,ts_gsr,5,DMT,111,5
arp,ts_gsr,5,DMT,112,5
arp,ts_gsr,5,DMT,113,5
arp,ts_gsr,5,DMT,114,5
arp,ts_gsr,5,DMT,115,5
arp,ts_gsr,5,PCB,0,5
arp,ts_gsr,5,PCB,1,5
arp,ts_gsr,5,PCB,2,5
arp,ts_gsr,5,PCB,3,5
arp,ts_gsr,5,PCB,4,5
arp,ts_gsr,5,PCB,5,5
arp,ts_gsr,5,PCB,6,5
arp,ts_gsr,5,PCB,7,5
arp,ts_gsr,5,PCB,8,5
arp,ts_gsr,5,PCB,9,5
arp,ts_gsr,5,PCB,10,5
arp,ts_gsr,5,PCB,11,5
arp,ts_gsr,5,PCB,12,5
arp,ts_gsr,5,PCB,13,5
arp,ts_gsr,5,PCB,14,5
arp,ts_gsr,5,PCB,15,5
arp,ts_gsr,5,PCB,16,5
arp,ts_gsr,5,PCB,17,5
arp,ts_gsr,5,PCB,18,5
arp,ts_gsr,5,PCB,19,5
arp,ts_gsr,5,PCB,21,5
arp,ts_gsr,5,PCB,22,5
arp,ts_gsr,5,PCB,23,5
arp,ts_gsr,5,PCB,24,5
arp,ts_gsr,5,PCB,25,5
arp,ts_gsr,5,PCB,26,5
arp,ts_gsr,5,PCB,27,5
arp,ts_gsr,5,PCB,28,5
arp,ts_gsr,5,PCB,29,5
arp,ts_gsr,5,PCB,30,5
arp,ts_gsr,5,PCB,31,5
arp,ts_gsr,5,PCB,32,5
arp,ts_gsr,5,PCB,33,5
arp,ts_gsr,5,PCB,34,5
arp,ts_gsr,5,PCB,35,5
arp,ts_gsr,5,PCB,36,5
arp,ts_gsr,5,PCB,37,5
arp,ts_gsr,5,PCB,38,5
arp,ts_gsr,5,PCB,39,5
arp,ts_gsr,5,PCB,40,5
arp,ts_gsr,5,PCB,41,5
arp,ts_gsr,5,PCB,42,5
arp,ts_gsr,5,PCB,43,5
arp,ts_gsr,5,PCB,44,5
arp,ts_gsr,5,PCB,45,5
arp,ts_gsr,5,PCB,46,5
arp,ts_gsr,5,PCB,47,5
arp,ts_gsr,5,PCB,48,5
arp,ts_gsr,5,PCB,49,5
arp,ts_gsr,5,PCB,50,5
arp,ts_gsr,5,PCB,51,5
arp,ts_gsr,5,PCB,52,5
arp,ts_gsr,5,PCB,53,5
arp,ts_gsr,5,PCB,54,5
arp,ts_gsr,5,PCB,55,5
arp,ts_gsr,5,PCB,56,5
arp,ts_gsr,5,PCB,57,5
arp,ts_gsr,5,PCB,58,5
arp,ts_gsr,5,PCB,59,5
arp,ts_gsr,5,PCB,60,5
arp,ts_gsr,5,PCB,61,5
arp,ts_gsr,5,PCB,62,5
arp,ts_gsr,5,PCB,63,5
arp,ts_gsr,5,PCB,64,5
arp,ts_gsr,5,PCB,65,5
arp,ts_gsr,5,PCB,66,5
arp,ts_gsr,5,PCB,67,5
arp,ts_gsr,5,PCB,68,5
arp,ts_gsr,5,PCB,69,5
arp,ts_gsr,5,PCB,70,5
arp,ts_gsr,5,PCB,71,5
arp,ts_gsr,5,PCB,72,5
arp,ts_gsr,5,PCB,73,5
arp,ts_gsr,5,PCB,74,5
arp,ts_gsr,5,PCB,75,5
arp,ts_gsr,5,PCB,76,5
arp,ts_gsr,5,PCB,77,5
arp,ts_gsr,5,PCB,78,5
arp,ts_gsr,5,PCB,79,5
arp,ts_gsr,5,PCB,80,5
arp,ts_gsr,5,PCB,81,5
arp,ts_gsr,5,PCB,82,5
arp,ts_gsr,5,PCB,83,5
arp,ts_gsr,5,PCB,84,5
arp,ts_gsr,5,PCB,85,5
arp,ts_gsr,5,PCB,86,5
arp,ts_gsr,5,PCB,87,5
arp,ts_gsr,5,PCB,88,5
arp,ts_gsr,5,PCB,89,5
arp,ts_gsr,5,PCB,90,5
arp,ts_gsr,5,PCB,91,5
arp,ts_gsr,5,PCB,92,5
arp,ts_gsr,5,PCB,93,5
arp,ts_gsr,5,PCB,94,5
arp,ts_gsr,5,PCB,95,5
arp,ts_gsr,5,PCB,96,5
arp,ts_gsr,5,PCB,97,5
arp,ts_gsr,5,PCB,98,5
arp,ts_gsr,5,PCB,99,5
arp,ts_gsr,5,PCB,100,5
arp,ts_gsr,5,PCB,101,5
arp,ts_gsr,5,PCB,102,5
arp,ts_gsr,5,PCB,103,5
arp,ts_gsr,5,PCB,104,5
arp,ts_gsr,5,PCB,105,5
arp,ts_gsr,5,PCB,106,5
arp,ts_gsr,5,PCB,107,5
arp,ts_gsr,5,PCB,108,5
arp,ts_gsr,5,PCB,109,5
arp,ts_gsr,5,PCB,110,5
arp,ts_gsr,5,PCB,111,5
arp,ts_gsr,5,PCB,112,5
arp,ts_gsr,5,PCB,113,5
arp,ts_gsr,5,PCB,114,5
arp,ts_gsr,5,PCB,115,5
arp,ts_gsr,6,DMT,0,5
arp,ts_gsr,6,DMT,1,5
arp,ts_gsr,6,DMT,2,5
arp,ts_gsr,6,DMT,3,5
arp,ts_gsr,6,DMT,4,5
arp,ts_gsr,6,DMT,5,5
arp,ts_gsr,6,DMT,6,5
arp,ts_gsr,6,DMT,7,5
arp,ts_gsr,6,DMT,8,5
arp,ts_gsr,6,DMT,9,5
arp,ts_gsr,6,DMT,10,5
arp,ts_gsr,6,DMT,11,5
arp,ts_gsr,6,DMT,12,5
arp,ts_gsr,6,DMT,13,5
arp,ts_gsr,6,DMT,14,5
arp,ts_gsr,6,DMT,15,5
arp,ts_gsr,6,DMT,16,5
arp,ts_gsr,6,DMT,17,5
arp,ts_gsr,6,DMT,18,5
arp,ts_gsr,6,DMT,19,5
arp,ts_gsr,6,DMT,21,5
arp,ts_gsr,6,DMT,22,5
arp,ts_gsr,6,DMT,23,5
arp,ts_gsr,6,DMT,24,5
arp,ts_gsr,6,DMT,25,5
arp,ts_gsr,6,DMT,26,5
arp,ts_gsr,6,DMT,27,5
arp,ts_gsr,6,DMT,28,5
arp,ts_gsr,6,DMT,29,5
arp,ts_gsr,6,DMT,30,5
arp,ts_gsr,6,DMT,31,5
arp,ts_gsr,6,DMT,32,5
arp,ts_gsr,6,DMT,33,5
arp,ts_gsr,6,DMT,34,5
arp,ts_gsr,6,DMT,35,5
arp,ts_gsr,6,DMT,36,5
arp,ts_gsr,6,DMT,37,5
arp,ts_gsr,6,DMT,38,5
arp,ts_gsr,6,DMT,39,5
arp,ts_gsr,6,DMT,40,5
arp,ts_gsr,6,DMT,41,5
arp,ts_gsr,6,DMT,42,5
arp,ts_gsr,6,DMT,43,5
arp,ts_gsr,6,DMT,44,5
arp,ts_gsr,6,DMT,45,5
arp,ts_gsr,6,DMT,46,5
arp,ts_gsr,6,DMT,47,5
arp,ts_gsr,6,DMT,48,5
arp,ts_gsr,6,DMT,49,5
arp,ts_gsr,6,DMT,50,5
arp,ts_gsr,6,DMT,51,5
arp,ts_gsr,6,DMT,52,5
arp,ts_gsr,6,DMT,53,5
arp,ts_gsr,6,DMT,54,5
arp,ts_gsr,6,DMT,55,5
arp,ts_gsr,6,DMT,56,5
arp,ts_gsr,6,DMT,57,5
arp,ts_gsr,6,DMT,58,5
arp,ts_gsr,6,DMT,59,5
arp,ts_gsr,6,DMT,60,5
arp,ts_gsr,6,DMT,61,5
arp,ts_gsr,6,DMT,62,5
arp,ts_gsr,6,DMT,63,5
arp,ts_gsr,6,DMT,64,5
arp,ts_gsr,6,DMT,65,5
arp,ts_gsr,6,DMT,66,5
arp,ts_gsr,6,DMT,67,5
arp,ts_gsr,6,DMT,68,5
arp,ts_gsr,6,DMT,69,5
arp,ts_gsr,6,DMT,70,5
arp,ts_gsr,6,DMT,71,5
arp,ts_gsr,6,DMT,72,5
arp,ts_gsr,6,DMT,73,5
arp,ts_gsr,6,DMT,74,5
arp,ts_gsr,6,DMT,75,5
arp,ts_gsr,6,DMT,76,5
arp,ts_gsr,6,DMT,77,5
arp,ts_gsr,6,DMT,78,5
arp,ts_gsr,6,DMT,79,5
arp,ts_gsr,6,DMT,80,5
arp,ts_gsr,6,DMT,81,5
arp,ts_gsr,6,DMT,82,5
arp,ts_gsr,6,DMT,83,5
arp,ts_gsr,6,DMT,84,5
arp,ts_gsr,6,DMT,85,5
arp,ts_gsr,6,DMT,86,5
arp,ts_gsr,6,DMT,87,5
arp,ts_gsr,6,DMT,88,5
arp,ts_gsr,6,DMT,89,5
arp,ts_gsr,6,DMT,90,5
arp,ts_gsr,6,DMT,91,5
arp,ts_gsr,6,DMT,92,5
arp,ts_gsr,6,DMT,93,5
arp,ts_gsr,6,DMT,94,5
arp,ts_gsr,6,DMT,95,5
arp,ts_gsr,6,DMT,96,5
arp,ts_gsr,6,DMT,97,5
arp,ts_gsr,6,DMT,98,5
arp,ts_gsr,6,DMT,99,5
arp,ts_gsr,6,DMT,100,5
arp,ts_gsr,6,DMT,101,5
arp,ts_gsr,6,DMT,102,5
arp,ts_gsr,6,DMT,103,5
arp,ts_gsr,6,DMT,104,5
arp,ts_gsr,6,DMT,105,5
arp,ts_gsr,6,DMT,106,5
arp,ts_gsr,6,DMT,107,5
arp,ts_gsr,6,DMT,108,5
arp,ts_gsr,6,DMT,109,5
arp,ts_gsr,6,DMT,110,5
arp,ts_gsr,6,DMT,111,5
arp,ts_gsr,6,DMT,112,5
arp,ts_gsr,6,DMT,113,5
arp,ts_gsr,6,DMT,114,5
arp,ts_gsr,6,DMT,115,5
arp,ts_gsr,6,PCB,0,5
arp,ts_gsr,6,PCB,1,5
arp,ts_gsr,6,PCB,2,5
arp,ts_gsr,6,PCB,3,5
arp,ts_gsr,6,PCB,4,5
arp,ts_gsr,6,PCB,5,5
arp,ts_gsr,6,PCB,6,5
arp,ts_gsr,6,PCB,7,5
arp,ts_gsr,6,PCB,8,5
arp,ts_gsr,6,PCB,9,5
arp,ts_gsr,6,PCB,10,5
arp,ts_gsr,6,PCB,11,5
arp,ts_gsr,6,PCB,12,5
arp,ts_gsr,6,PCB,13,5
arp,ts_gsr,6,PCB,14,5
arp,ts_gsr,6,PCB,15,5
arp,ts_gsr,6,PCB,16,5
arp,ts_gsr,6,PCB,17,5
arp,ts_gsr,6,PCB,18,5
arp,ts_gsr,6,PCB,19,5
arp,ts_gsr,6,PCB,21,5
arp,ts_gsr,6,PCB,22,5
arp,ts_gsr,6,PCB,23,5
arp,ts_gsr,6,PCB,24,5
arp,ts_gsr,6,PCB,25,5
arp,ts_gsr,6,PCB,26,5
arp,ts_gsr,6,PCB,27,5
arp,ts_gsr,6,PCB,28,5
arp,ts_gsr,6,PCB,29,5
arp,ts_gsr,6,PCB,30,5
arp,ts_gsr,6,PCB,31,5
arp,ts_gsr,6,PCB,32,5
arp,ts_gsr,6,PCB,33,5
arp,ts_gsr,6,PCB,34,5
arp,ts_gsr,6,PCB,35,5
arp,ts_gsr,6,PCB,36,5
arp,ts_gsr,6,PCB,37,5
arp,ts_gsr,6,PCB,38,5
arp,ts_gsr,6,PCB,39,5
arp,ts_gsr,6,PCB,40,5
arp,ts_gsr,6,PCB,41,5
arp,ts_gsr,6,PCB,42,5
arp,ts_gsr,6,PCB,43,5
arp,ts_gsr,6,PCB,44,5
arp,ts_gsr,6,PCB,45,5
arp,ts_gsr,6,PCB,46,5
arp,ts_gsr,6,PCB,47,5
arp,ts_gsr,6,PCB,48,5
arp,ts_gsr,6,PCB,49,5
arp,ts_gsr,6,PCB,50,5
arp,ts_gsr,6,PCB,51,5
arp,ts_gsr,6,PCB,52,5
arp,ts_gsr,6,PCB,53,5
arp,ts_gsr,6,PCB,54,5
arp,ts_gsr,6,PCB,55,5
arp,ts_gsr,6,PCB,56,5
arp,ts_gsr,6,PCB,57,5
arp,ts_gsr,6,PCB,58,5
arp,ts_gsr,6,PCB,59,5
arp,ts_gsr,6,PCB,60,5
arp,ts_gsr,6,PCB,61,5
arp,ts_gsr,6,PCB,62,5
arp,ts_gsr,6,PCB,63,5
arp,ts_gsr,6,PCB,64,5
arp,ts_gsr,6,PCB,65,5
arp,ts_gsr,6,PCB,66,5
arp,ts_gsr,6,PCB,67,5
arp,ts_gsr,6,PCB,68,5
arp,ts_gsr,6,PCB,69,5
arp,ts_gsr,6,PCB,70,5
arp,ts_gsr,6,PCB,71,5
arp,ts_gsr,6,PCB,72,5
arp,ts_gsr,6,PCB,73,5
arp,ts_gsr,6,PCB,74,5
arp,ts_gsr,6,PCB,75,5
arp,ts_gsr,6,PCB,76,5
arp,ts_gsr,6,PCB,77,5
arp,ts_gsr,6,PCB,78,5
arp,ts_gsr,6,PCB,79,5
arp,ts_gsr,6,PCB,80,5
arp,ts_gsr,6,PCB,81,5
arp,ts_gsr,6,PCB,82,5
arp,ts_gsr,6,PCB,83,5
arp,ts_gsr,6,PCB,84,5
arp,ts_gsr,6,PCB,85,5
arp,ts_gsr,6,PCB,86,5
arp,ts_gsr,6,PCB,87,5
arp,ts_gsr,6,PCB,88,5
arp,ts_gsr,6,PCB,89,5
arp,ts_gsr,6,PCB,90,5
arp,ts_gsr,6,PCB,91,5
arp,ts_gsr,6,PCB,92,5
arp,ts_gsr,6,PCB,93,5
arp,ts_gsr,6,PCB,94,5
arp,ts_gsr,6,PCB,95,5
arp,ts_gsr,6,PCB,96,5
arp,ts_gsr,6,PCB,97,5
arp,ts_gsr,6,PCB,98,5
arp,ts_gsr,6,PCB,99,5
arp,ts_gsr,6,PCB,100,5
arp,ts_gsr,6,PCB,101,5
arp,ts_gsr,6,PCB,102,5
arp,ts_gsr,6,PCB,103,5
arp,ts_gsr,6,PCB,104,5
arp,ts_gsr,6,PCB,105,5
arp,ts_gsr,6,PCB,106,5
arp,ts_gsr,6,PCB,107,5
arp,ts_gsr,6,PCB,108,5
arp,ts_gsr,6,PCB,109,5
arp,ts_gsr,6,PCB,110,5
arp,ts_gsr,6,PCB,111,5
arp,ts_gsr,6,PCB,112,5
arp,ts_gsr,6,PCB,113,5
arp,ts_gsr,6,PCB,114,5
arp,ts_gsr,6,PCB,115,5
arp,ts_gsr,7,DMT,0,5
arp,ts_gsr,7,DMT,1,5
arp,ts_gsr,7,DMT,2,5
arp,ts_gsr,7,DMT,3,5
arp,ts_gsr,7,DMT,4,5
arp,ts_gsr,7,DMT,5,5
arp,ts_gsr,7,DMT,6,5
arp,ts_gsr,7,DMT,7,5
arp,ts_gsr,7,DMT,8,5
arp,ts_gsr,7,DMT,9,5
arp,ts_gsr,7,DMT,10,5
arp,ts_gsr,7,DMT,11,5
arp,ts_gsr,7,DMT,12,5
arp,ts_gsr,7,DMT,13,5
arp,ts_gsr,7,DMT,14,5
arp,ts_gsr,7,DMT,15,5
arp,ts_gsr,7,DMT,16,5
arp,ts_gsr,7,DMT,17,5
arp,ts_gsr,7,DMT,18,5
arp,ts_gsr,7,DMT,19,5
arp,ts_gsr,7,DMT,21,5
arp,ts_gsr,7,DMT,22,5
arp,ts_gsr,7,DMT,23,5
arp,ts_gsr,7,DMT,24,5
arp,ts_gsr,7,DMT,25,5
arp,ts_gsr,7,DMT,26,5
arp,ts_gsr,7,DMT,27,5
arp,ts_gsr,7,DMT,28,5
arp,ts_gsr,7,DMT,29,5
arp,ts_gsr,7,DMT,30,5
arp,ts_gsr,7,DMT,31,5
arp,ts_gsr,7,DMT,32,5
arp,ts_gsr,7,DMT,33,5
arp,ts_gsr,7,DMT,34,5
arp,ts_gsr,7,DMT,35,5
arp,ts_gsr,7,DMT,36,5
arp,ts_gsr,7,DMT,37,5
arp,ts_gsr,7,DMT,38,5
arp,ts_gsr,7,DMT,39,5
arp,ts_gsr,7,DMT,40,5
arp,ts_gsr,7,DMT,41,5
arp,ts_gsr,7,DMT,42,5
arp,ts_gsr,7,DMT,43,5
arp,ts_gsr,7,DMT,44,5
arp,ts_gsr,7,DMT,45,5
arp,ts_gsr,7,DMT,46,5
arp,ts_gsr,7,DMT,47,5
arp,ts_gsr,7,DMT,48,5
arp,ts_gsr,7,DMT,49,5
arp,ts_gsr,7,DMT,50,5
arp,ts_gsr,7,DMT,51,5
arp,ts_gsr,7,DMT,52,5
arp,ts_gsr,7,DMT,53,5
arp,ts_gsr,7,DMT,54,5
arp,ts_gsr,7,DMT,55,5
arp,ts_gsr,7,DMT,56,5
arp,ts_gsr,7,DMT,57,5
arp,ts_gsr,7,DMT,58,5
arp,ts_gsr,7,DMT,59,5
arp,ts_gsr,7,DMT,60,5
arp,ts_gsr,7,DMT,61,5
arp,ts_gsr,7,DMT,62,5
arp,ts_gsr,7,DMT,63,5
arp,ts_gsr,7,DMT,64,5
arp,ts_gsr,7,DMT,65,5
arp,ts_gsr,7,DMT,66,5
arp,ts_gsr,7,DMT,67,5
arp,ts_gsr,7,DMT,68,5
arp,ts_gsr,7,DMT,69,5
arp,ts_gsr,7,DMT,70,5
arp,ts_gsr,7,DMT,71,5
arp,ts_gsr,7,DMT,72,5
arp,ts_gsr,7,DMT,73,5
arp,ts_gsr,7,DMT,74,5
arp,ts_gsr,7,DMT,75,5
arp,ts_gsr,7,DMT,76,5
arp,ts_gsr,7,DMT,77,5
arp,ts_gsr,7,DMT,78,5
arp,ts_gsr,7,DMT,79,5
arp,ts_gsr,7,DMT,80,5
arp,ts_gsr,7,DMT,81,5
arp,ts_gsr,7,DMT,82,5
arp,ts_gsr,7,DMT,83,5
arp,ts_gsr,7,DMT,84,5
arp,ts_gsr,7,DMT,85,5
arp,ts_gsr,7,DMT,86,5
arp,ts_gsr,7,DMT,87,5
arp,ts_gsr,7,DMT,88,5
arp,ts_gsr,7,DMT,89,5
arp,ts_gsr,7,DMT,90,5
arp,ts_gsr,7,DMT,91,5
arp,ts_gsr,7,DMT,92,5
arp,ts_gsr,7,DMT,93,5
arp,ts_gsr,7,DMT,94,5
arp,ts_gsr,7,DMT,95,5
arp,ts_gsr,7,DMT,96,5
arp,ts_gsr,7,DMT,97,5
arp,ts_gsr,7,DMT,98,5
arp,ts_gsr,7,DMT,99,5
arp,ts_gsr,7,DMT,100,5
arp,ts_gsr,7,DMT,101,5
arp,ts_gsr,7,DMT,102,5
arp,ts_gsr,7,DMT,103,5
arp,ts_gsr,7,DMT,104,5
arp,ts_gsr,7,DMT,105,5
arp,ts_gsr,7,DMT,106,5
arp,ts_gsr,7,DMT,107,5
arp,ts_gsr,7,DMT,108,5
arp,ts_gsr,7,DMT,109,5
arp,ts_gsr,7,DMT,110,5
arp,ts_gsr,7,DMT,111,5
arp,ts_gsr,7,DMT,112,5
arp,ts_gsr,7,DMT,113,5
arp,ts_gsr,7,DMT,114,5
arp,ts_gsr,7,DMT,115,5
arp,ts_gsr,7,PCB,0,5
arp,ts_gsr,7,PCB,1,5
arp,ts_gsr,7,PCB,2,5
arp,ts_gsr,7,PCB,3,5
arp,ts_gsr,7,PCB,4,5
arp,ts_gsr,7,PCB,5,5
arp,ts_gsr,7,PCB,6,5
arp,ts_gsr,7,PCB,7,5
arp,ts_gsr,7,PCB,8,5
arp,ts_gsr,7,PCB,9,5
arp,ts_gsr,7,PCB,10,5
arp,ts_gsr,7,PCB,11,5
arp,ts_gsr,7,PCB,12,5
arp,ts_gsr,7,PCB,13,5
arp,ts_gsr,7,PCB,14,5
arp,ts_gsr,7,PCB,15,5
arp,ts_gsr,7,PCB,16,5
arp,ts_gsr,7,PCB,17,5
arp,ts_gsr,7,PCB,18,5
arp,ts_gsr,7,PCB,19,5
arp,ts_gsr,7,PCB,21,5
arp,ts_gsr,7,PCB,22,5
arp,ts_gsr,7,PCB,23,5
arp,ts_gsr,7,PCB,24,5
arp,ts_gsr,7,PCB,25,5
arp,ts_gsr,7,PCB,26,5
arp,ts_gsr,7,PCB,27,5
arp,ts_gsr,7,PCB,28,5
arp,ts_gsr,7,PCB,29,5
arp,ts_gsr,7,PCB,30,5
arp,ts_gsr,7,PCB,31,5
arp,ts_gsr,7,PCB,32,5
arp,ts_gsr,7,PCB,33,5
arp,ts_gsr,7,PCB,34,5
arp,ts_gsr,7,PCB,35,5
arp,ts_gsr,7,PCB,36,5
arp,ts_gsr,7,PCB,37,5
arp,ts_gsr,7,PCB,38,5
arp,ts_gsr,7,PCB,39,5
arp,ts_gsr,7,PCB,40,5
arp,ts_gsr,7,PCB,41,5
arp,ts_gsr,7,PCB,42,5
arp,ts_gsr,7,PCB,43,5
arp,ts_gsr,7,PCB,44,5
arp,ts_gsr,7,PCB,45,5
arp,ts_gsr,7,PCB,46,5
arp,ts_gsr,7,PCB,47,5
arp,ts_gsr,7,PCB,48,5
arp,ts_gsr,7,PCB,49,5
arp,ts_gsr,7,PCB,50,5
arp,ts_gsr,7,PCB,51,5
arp,ts_gsr,7,PCB,52,5
arp,ts_gsr,7,PCB,53,5
arp,ts_gsr,7,PCB,54,5
arp,ts_gsr,7,PCB,55,5
arp,ts_gsr,7,PCB,56,5
arp,ts_gsr,7,PCB,57,5
arp,ts_gsr,7,PCB,58,5
arp,ts_gsr,7,PCB,59,5
arp,ts_gsr,7,PCB,60,5
arp,ts_gsr,7,PCB,61,5
arp,ts_gsr,7,PCB,62,5
arp,ts_gsr,7,PCB,63,5
arp,ts_gsr,7,PCB,64,5
arp,ts_gsr,7,PCB,65,5
arp,ts_gsr,7,PCB,66,5
arp,ts_gsr,7,PCB,67,5
arp,ts_gsr,7,PCB,68,5
arp,ts_gsr,7,PCB,69,5
arp,ts_gsr,7,PCB,70,5
arp,ts_gsr,7,PCB,71,5
arp,ts_gsr,7,PCB,72,5
arp,ts_gsr,7,PCB,73,5
arp,ts_gsr,7,PCB,74,5
arp,ts_gsr,7,PCB,75,5
arp,ts_gsr,7,PCB,76,5
arp,ts_gsr,7,PCB,77,5
arp,ts_gsr,7,PCB,78,5
arp,ts_gsr,7,PCB,79,5
arp,ts_gsr,7,PCB,80,5
arp,ts_gsr,7,PCB,81,5
arp,ts_gsr,7,PCB,82,5
arp,ts_gsr,7,PCB,83,5
arp,ts_gsr,7,PCB,84,5
arp,ts_gsr,7,PCB,85,5
arp,ts_gsr,7,PCB,86,5
arp,ts_gsr,7,PCB,87,5
arp,ts_gsr,7,PCB,88,5
arp,ts_gsr,7,PCB,89,5
arp,ts_gsr,7,PCB,90,5
arp,ts_gsr,7,PCB,91,5
arp,ts_gsr,7,PCB,92,5
arp,ts_gsr,7,PCB,93,5
arp,ts_gsr,7,PCB,94,5
arp,ts_gsr,7,PCB,95,5
arp,ts_gsr,7,PCB,96,5
arp,ts_gsr,7,PCB,97,5
arp,ts_gsr,7,PCB,98,5
arp,ts_gsr,7,PCB,99,5
arp,ts_gsr,7,PCB,100,5
arp,ts_gsr,7,PCB,101,5
arp,ts_gsr,7,PCB,102,5
arp,ts_gsr,7,PCB,103,5
arp,ts_gsr,7,PCB,104,5
arp,ts_gsr,7,PCB,105,5
arp,ts_gsr,7,PCB,106,5
arp,ts_gsr,7,PCB,107,5
arp,ts_gsr,7,PCB,108,5
arp,ts_gsr,7,PCB,109,5
arp,ts_gsr,7,PCB,110,5
arp,ts_gsr,7,PCB,111,5
arp,ts_gsr,7,PCB,112,5
arp,ts_gsr,7,PCB,113,5
arp,ts_gsr,7,PCB,114,5
arp,ts_gsr,7,PCB,115,5
arp,ts_gsr,8,DMT,0,5
arp,ts_gsr,8,DMT,1,5
arp,ts_gsr,8,DMT,2,5
arp,ts_gsr,8,DMT,3,5
arp,ts_gsr,8,DMT,4,5
arp,ts_gsr,8,DMT,5,5
arp,ts_gsr,8,DMT,6,5
arp,ts_gsr,8,DMT,7,5
arp,ts_gsr,8,DMT,8,5
arp,ts_gsr,8,DMT,9,5
arp,ts_gsr,8,DMT,10,5
arp,ts_gsr,8,DMT,11,5
arp,ts_gsr,8,DMT,12,5
arp,ts_gsr,8,DMT,13,5
arp,ts_gsr,8,DMT,14,5
arp,ts_gsr,8,DMT,15,5
arp,ts_gsr,8,DMT,16,5
arp,ts_gsr,8,DMT,17,5
arp,ts_gsr,8,DMT,18,5
arp,ts_gsr,8,DMT,19,5
arp,ts_gsr,8,DMT,21,5
arp,ts_gsr,8,DMT,22,5
arp,ts_gsr,8,DMT,23,5
arp,ts_gsr,8,DMT,24,5
arp,ts_gsr,8,DMT,25,5
arp,ts_gsr,8,DMT,26,5
arp,ts_gsr,8,DMT,27,5
arp,ts_gsr,8,DMT,28,5
arp,ts_gsr,8,DMT,29,5
arp,ts_gsr,8,DMT,30,5
arp,ts_gsr,8,DMT,31,5
arp,ts_gsr,8,DMT,32,5
arp,ts_gsr,8,DMT,33,5
arp,ts_gsr,8,DMT,34,5
arp,ts_gsr,8,DMT,35,5
arp,ts_gsr,8,DMT,36,5
arp,ts_gsr,8,DMT,37,5
arp,ts_gsr,8,DMT,38,5
arp,ts_gsr,8,DMT,39,5
arp,ts_gsr,8,DMT,40,5
arp,ts_gsr,8,DMT,41,5
arp,ts_gsr,8,DMT,42,5
arp,ts_gsr,8,DMT,43,5
arp,ts_gsr,8,DMT,44,5
arp,ts_gsr,8,DMT,45,5
arp,ts_gsr,8,DMT,46,5
arp,ts_gsr,8,DMT,47,5
arp,ts_gsr,8,DMT,48,5
arp,ts_gsr,8,DMT,49,5
arp,ts_gsr,8,DMT,50,5
arp,ts_gsr,8,DMT,51,5
arp,ts_gsr,8,DMT,52,5
arp,ts_gsr,8,DMT,53,5
arp,ts_gsr,8,DMT,54,5
arp,ts_gsr,8,DMT,55,5
arp,ts_gsr,8,DMT,56,5
arp,ts_gsr,8,DMT,57,5
arp,ts_gsr,8,DMT,58,5
arp,ts_gsr,8,DMT,59,5
arp,ts_gsr,8,DMT,60,5
arp,ts_gsr,8,DMT,61,5
arp,ts_gsr,8,DMT,62,5
arp,ts_gsr,8,DMT,63,5
arp,ts_gsr,8,DMT,64,5
arp,ts_gsr,8,DMT,65,5
arp,ts_gsr,8,DMT,66,5
arp,ts_gsr,8,DMT,67,5
arp,ts_gsr,8,DMT,68,5
arp,ts_gsr,8,DMT,69,5
arp,ts_gsr,8,DMT,70,5
arp,ts_gsr,8,DMT,71,5
arp,ts_gsr,8,DMT,72,5
arp,ts_gsr,8,DMT,73,5
arp,ts_gsr,8,DMT,74,5
arp,ts_gsr,8,DMT,75,5
arp,ts_gsr,8,DMT,76,5
arp,ts_gsr,8,DMT,77,5
arp,ts_gsr,8,DMT,78,5
arp,ts_gsr,8,DMT,79,5
arp,ts_gsr,8,DMT,80,5
arp,ts_gsr,8,DMT,81,5
arp,ts_gsr,8,DMT,82,5
arp,ts_gsr,8,DMT,83,5
arp,ts_gsr,8,DMT,84,5
arp,ts_gsr,8,DMT,85,5
arp,ts_gsr,8,DMT,86,5
arp,ts_gsr,8,DMT,87,5
arp,ts_gsr,8,DMT,88,5
arp,ts_gsr,8,DMT,89,5
arp,ts_gsr,8,DMT,90,5
arp,ts_gsr,8,DMT,91,5
arp,ts_gsr,8,DMT,92,5
arp,ts_gsr,8,DMT,93,5
arp,ts_gsr,8,DMT,94,5
arp,ts_gsr,8,DMT,95,5
arp,ts_gsr,8,DMT,96,5
arp,ts_gsr,8,DMT,97,5
arp,ts_gsr,8,DMT,98,5
arp,ts_gsr,8,DMT,99,5
arp,ts_gsr,8,DMT,100,5
arp,ts_gsr,8,DMT,101,5
arp,ts_gsr,8,DMT,102,5
arp,ts_gsr,8,DMT,103,5
arp,ts_gsr,8,DMT,104,5
arp,ts_gsr,8,DMT,105,5
arp,ts_gsr,8,DMT,106,5
arp,ts_gsr,8,DMT,107,5
arp,ts_gsr,8,DMT,108,5
arp,ts_gsr,8,DMT,109,5
arp,ts_gsr,8,DMT,110,5
arp,ts_gsr,8,DMT,111,5
arp,ts_gsr,8,DMT,112,5
arp,ts_gsr,8,DMT,113,5
arp,ts_gsr,8,DMT,114,5
arp,ts_gsr,8,DMT,115,5
arp,ts_gsr,8,PCB,0,5
arp,ts_gsr,8,PCB,1,5
arp,ts_gsr,8,PCB,2,5
arp,ts_gsr,8,PCB,3,5
arp,ts_gsr,8,PCB,4,5
arp,ts_gsr,8,PCB,5,5
arp,ts_gsr,8,PCB,6,5
arp,ts_gsr,8,PCB,7,5
arp,ts_gsr,8,PCB,8,5
arp,ts_gsr,8,PCB,9,5
arp,ts_gsr,8,PCB,10,5
arp,ts_gsr,8,PCB,11,5
arp,ts_gsr,8,PCB,12,5
arp,ts_gsr,8,PCB,13,5
arp,ts_gsr,8,PCB,14,5
arp,ts_gsr,8,PCB,15,5
arp,ts_gsr,8,PCB,16,5
arp,ts_gsr,8,PCB,17,5
arp,ts_gsr,8,PCB,18,5
arp,ts_gsr,8,PCB,19,5
arp,ts_gsr,8,PCB,21,5
arp,ts_gsr,8,PCB,22,5
arp,ts_gsr,8,PCB,23,5
arp,ts_gsr,8,PCB,24,5
arp,ts_gsr,8,PCB,25,5
arp,ts_gsr,8,PCB,26,5
arp,ts_gsr,8,PCB,27,5
arp,ts_gsr,8,PCB,28,5
arp,ts_gsr,8,PCB,29,5
arp,ts_gsr,8,PCB,30,5
arp,ts_gsr,8,PCB,31,5
arp,ts_gsr,8,PCB,32,5
arp,ts_gsr,8,PCB,33,5
arp,ts_gsr,8,PCB,34,5
arp,ts_gsr,8,PCB,35,5
arp,ts_gsr,8,PCB,36,5
arp,ts_gsr,8,PCB,37,5
arp,ts_gsr,8,PCB,38,5
arp,ts_gsr,8,PCB,39,5
arp,ts_gsr,8,PCB,40,5
arp,ts_gsr,8,PCB,41,5
arp,ts_gsr,8,PCB,42,5
arp,ts_gsr,8,PCB,43,5
arp,ts_gsr,8,PCB,44,5
arp,ts_gsr,8,PCB,45,5
arp,ts_gsr,8,PCB,46,5
arp,ts_gsr,8,PCB,47,5
arp,ts_gsr,8,PCB,48,5
arp,ts_gsr,8,PCB,49,5
arp,ts_gsr,8,PCB,50,5
arp,ts_gsr,8,PCB,51,5
arp,ts_gsr,8,PCB,52,5
arp,ts_gsr,8,PCB,53,5
arp,ts_gsr,8,PCB,54,5
arp,ts_gsr,8,PCB,55,5
arp,ts_gsr,8,PCB,56,5
arp,ts_gsr,8,PCB,57,5
arp,ts_gsr,8,PCB,58,5
arp,ts_gsr,8,PCB,59,5
arp,ts_gsr,8,PCB,60,5
arp,ts_gsr,8,PCB,61,5
arp,ts_gsr,8,PCB,62,5
arp,ts_gsr,8,PCB,63,5
arp,ts_gsr,8,PCB,64,5
arp,ts_gsr,8,PCB,65,5
arp,ts_gsr,8,PCB,66,5
arp,ts_gsr,8,PCB,67,5
arp,ts_gsr,8,PCB,68,5
arp,ts_gsr,8,PCB,69,5
arp,ts_gsr,8,PCB,70,5
arp,ts_gsr,8,PCB,71,5
arp,ts_gsr,8,PCB,72,5
arp,ts_gsr,8,PCB,73,5
arp,ts_gsr,8,PCB,74,5
arp,ts_gsr,8,PCB,75,5
arp,ts_gsr,8,PCB,76,5
arp,ts_gsr,8,PCB,77,5
arp,ts_gsr,8,PCB,78,5
arp,ts_gsr,8,PCB,79,5
arp,ts_gsr,8,PCB,80,5
arp,ts_gsr,8,PCB,81,5
arp,ts_gsr,8,PCB,82,5
arp,ts_gsr,8,PCB,83,5
arp,ts_gsr,8,PCB,84,5
arp,ts_gsr,8,PCB,85,5
arp,ts_gsr,8,PCB,86,5
arp,ts_gsr,8,PCB,87,5
arp,ts_gsr,8,PCB,88,5
arp,ts_gsr,8,PCB,89,5
arp,ts_gsr,8,PCB,90,5
arp,ts_gsr,8,PCB,91,5
arp,ts_gsr,8,PCB,92,5
arp,ts_gsr,8,PCB,93,5
arp,ts_gsr,8,PCB,94,5
arp,ts_gsr,8,PCB,95,5
arp,ts_gsr,8,PCB,96,5
arp,ts_gsr,8,PCB,97,5
arp,ts_gsr,8,PCB,98,5
arp,ts_gsr,8,PCB,99,5
arp,ts_gsr,8,PCB,100,5
arp,ts_gsr,8,PCB,101,5
arp,ts_gsr,8,PCB,102,5
arp,ts_gsr,8,PCB,103,5
arp,ts_gsr,8,PCB,104,5
arp,ts_gsr,8,PCB,105,5
arp,ts_gsr,8,PCB,106,5
arp,ts_gsr,8,PCB,107,5
arp,ts_gsr,8,PCB,108,5
arp,ts_gsr,8,PCB,109,5
arp,ts_gsr,8,PCB,110,5
arp,ts_gsr,8,PCB,111,5
arp,ts_gsr,8,PCB,112,5
arp,ts_gsr,8,PCB,113,5
arp,ts_gsr,8,PCB,114,5
arp,ts_gsr,8,PCB,115,5
arp,ts_gsr,9,DMT,0,5
arp,ts_gsr,9,DMT,1,5
arp,ts_gsr,9,DMT,2,5
arp,ts_gsr,9,DMT,3,5
arp,ts_gsr,9,DMT,4,5
arp,ts_gsr,9,DMT,5,5
arp,ts_gsr,9,DMT,6,5
arp,ts_gsr,9,DMT,7,5
arp,ts_gsr,9,DMT,8,5
arp,ts_gsr,9,DMT,9,5
arp,ts_gsr,9,DMT,10,5
arp,ts_gsr,9,DMT,11,5
arp,ts_gsr,9,DMT,12,5
arp,ts_gsr,9,DMT,13,5
arp,ts_gsr,9,DMT,14,5
arp,ts_gsr,9,DMT,15,5
arp,ts_gsr,9,DMT,16,5
arp,ts_gsr,9,DMT,17,5
arp,ts_gsr,9,DMT,18,5
arp,ts_gsr,9,DMT,19,5
arp,ts_gsr,9,DMT,21,5
arp,ts_gsr,9,DMT,22,5
arp,ts_gsr,9,DMT,23,5
arp,ts_gsr,9,DMT,24,5
arp,ts_gsr,9,DMT,25,5
arp,ts_gsr,9,DMT,26,5
arp,ts_gsr,9,DMT,27,5
arp,ts_gsr,9,DMT,28,5
arp,ts_gsr,9,DMT,29,5
arp,ts_gsr,9,DMT,30,5
arp,ts_gsr,9,DMT,31,5
arp,ts_gsr,9,DMT,32,5
arp,ts_gsr,9,DMT,33,5
arp,ts_gsr,9,DMT,34,5
arp,ts_gsr,9,DMT,35,5
arp,ts_gsr,9,DMT,36,5
arp,ts_gsr,9,DMT,37,5
arp,ts_gsr,9,DMT,38,5
arp,ts_gsr,9,DMT,39,5
arp,ts_gsr,9,DMT,40,5
arp,ts_gsr,9,DMT,41,5
arp,ts_gsr,9,DMT,42,5
arp,ts_gsr,9,DMT,43,5
arp,ts_gsr,9,DMT,44,5
arp,ts_gsr,9,DMT,45,5
arp,ts_gsr,9,DMT,46,5
arp,ts_gsr,9,DMT,47,5
arp,ts_gsr,9,DMT,48,5
arp,ts_gsr,9,DMT,49,5
arp,ts_gsr,9,DMT,50,5
arp,ts_gsr,9,DMT,51,5
arp,ts_gsr,9,DMT,52,5
arp,ts_gsr,9,DMT,53,5
arp,ts_gsr,9,DMT,54,5
arp,ts_gsr,9,DMT,55,5
arp,ts_gsr,9,DMT,56,5
arp,ts_gsr,9,DMT,57,5
arp,ts_gsr,9,DMT,58,5
arp,ts_gsr,9,DMT,59,5
arp,ts_gsr,9,DMT,60,5
arp,ts_gsr,9,DMT,61,5
arp,ts_gsr,9,DMT,62,5
arp,ts_gsr,9,DMT,63,5
arp,ts_gsr,9,DMT,64,5
arp,ts_gsr,9,DMT,65,5
arp,ts_gsr,9,DMT,66,5
arp,ts_gsr,9,DMT,67,5
arp,ts_gsr,9,DMT,68,5
arp,ts_gsr,9,DMT,69,5
arp,ts_gsr,9,DMT,70,5
arp,ts_gsr,9,DMT,71,5
arp,ts_gsr,9,DMT,72,5
arp,ts_gsr,9,DMT,73,5
arp,ts_gsr,9,DMT,74,5
arp,ts_gsr,9,DMT,75,5
arp,ts_gsr,9,DMT,76,5
arp,ts_gsr,9,DMT,77,5
arp,ts_gsr,9,DMT,78,5
arp,ts_gsr,9,DMT,79,5
arp,ts_gsr,9,DMT,80,5
arp,ts_gsr,9,DMT,81,5
arp,ts_gsr,9,DMT,82,5
arp,ts_gsr,9,DMT,83,5
arp,ts_gsr,9,DMT,84,5
arp,ts_gsr,9,DMT,85,5
arp,ts_gsr,9,DMT,86,5
arp,ts_gsr,9,DMT,87,5
arp,ts_gsr,9,DMT,88,5
arp,ts_gsr,9,DMT,89,5
arp,ts_gsr,9,DMT,90,5
arp,ts_gsr,9,DMT,91,5
arp,ts_gsr,9,DMT,92,5
arp,ts_gsr,9,DMT,93,5
arp,ts_gsr,9,DMT,94,5
arp,ts_gsr,9,DMT,95,5
arp,ts_gsr,9,DMT,96,5
arp,ts_gsr,9,DMT,97,5
arp,ts_gsr,9,DMT,98,5
arp,ts_gsr,9,DMT,99,5
arp,ts_gsr,9,DMT,100,5
arp,ts_gsr,9,DMT,101,5
arp,ts_gsr,9,DMT,102,5
arp,ts_gsr,9,DMT,103,5
arp,ts_gsr,9,DMT,104,5
arp,ts_gsr,9,DMT,105,5
arp,ts_gsr,9,DMT,106,5
arp,ts_gsr,9,DMT,107,5
arp,ts_gsr,9,DMT,108,5
arp,ts_gsr,9,DMT,109,5
arp,ts_gsr,9,DMT,110,5
arp,ts_gsr,9,DMT,111,5
arp,ts_gsr,9,DMT,112,5
arp,ts_gsr,9,DMT,113,5
arp,ts_gsr,9,DMT,114,5
arp,ts_gsr,9,DMT,115,5
arp,ts_gsr,9,PCB,0,5
arp,ts_gsr,9,PCB,1,5
arp,ts_gsr,9,PCB,2,5
arp,ts_gsr,9,PCB,3,5
arp,ts_gsr,9,PCB,4,5
arp,ts_gsr,9,PCB,5,5
arp,ts_gsr,9,PCB,6,5
arp,ts_gsr,9,PCB,7,5
arp,ts_gsr,9,PCB,8,5
arp,ts_gsr,9,PCB,9,5
arp,ts_gsr,9,PCB,10,5
arp,ts_gsr,9,PCB,11,5
arp,ts_gsr,9,PCB,12,5
arp,ts_gsr,9,PCB,13,5
arp,ts_gsr,9,PCB,14,5
arp,ts_gsr,9,PCB,15,5
arp,ts_gsr,9,PCB,16,5
arp,ts_gsr,9,PCB,17,5
arp,ts_gsr,9,PCB,18,5
arp,ts_gsr,9,PCB,19,5
arp,ts_gsr,9,PCB,21,5
arp,ts_gsr,9,PCB,22,5
arp,ts_gsr,9,PCB,23,5
arp,ts_gsr,9,PCB,24,5
arp,ts_gsr,9,PCB,25,5
arp,ts_gsr,9,PCB,26,5
arp,ts_gsr,9,PCB,27,5
arp,ts_gsr,9,PCB,28,5
arp,ts_gsr,9,PCB,29,5
arp,ts_gsr,9,PCB,30,5
arp,ts_gsr,9,PCB,31,5
arp,ts_gsr,9,PCB,32,5
arp,ts_gsr,9,PCB,33,5
arp,ts_gsr,9,PCB,34,5
arp,ts_gsr,9,PCB,35,5
arp,ts_gsr,9,PCB,36,5
arp,ts_gsr,9,PCB,37,5
arp,ts_gsr,9,PCB,38,5
arp,ts_gsr,9,PCB,39,5
arp,ts_gsr,9,PCB,40,5
arp,ts_gsr,9,PCB,41,5
arp,ts_gsr,9,PCB,42,5
arp,ts_gsr,9,PCB,43,5
arp,ts_gsr,9,PCB,44,5
arp,ts_gsr,9,PCB,45,5
arp,ts_gsr,9,PCB,46,5
arp,ts_gsr,9,PCB,47,5
arp,ts_gsr,9,PCB,48,5
arp,ts_gsr,9,PCB,49,5
arp,ts_gsr,9,PCB,50,5
arp,ts_gsr,9,PCB,51,5
arp,ts_gsr,9,PCB,52,5
arp,ts_gsr,9,PCB,53,5
arp,ts_gsr,9,PCB,54,5
arp,ts_gsr,9,PCB,55,5
arp,ts_gsr,9,PCB,56,5
arp,ts_gsr,9,PCB,57,5
arp,ts_gsr,9,PCB,58,5
arp,ts_gsr,9,PCB,59,5
arp,ts_gsr,9,PCB,60,5
arp,ts_gsr,9,PCB,61,5
arp,ts_gsr,9,PCB,62,5
arp,ts_gsr,9,PCB,63,5
arp,ts_gsr,9,PCB,64,5
arp,ts_gsr,9,PCB,65,5
arp,ts_gsr,9,PCB,66,5
arp,ts_gsr,9,PCB,67,5
arp,ts_gsr,9,PCB,68,5
arp,ts_gsr,9,PCB,69,5
arp,ts_gsr,9,PCB,70,5
arp,ts_gsr,9,PCB,71,5
arp,ts_gsr,9,PCB,72,5
arp,ts_gsr,9,PCB,73,5
arp,ts_gsr,9,PCB,74,5
arp,ts_gsr,9,PCB,75,5
arp,ts_gsr,9,PCB,76,5
arp,ts_gsr,9,PCB,77,5
arp,ts_gsr,9,PCB,78,5
arp,ts_gsr,9,PCB,79,5
arp,ts_gsr,9,PCB,80,5
arp,ts_gsr,9,PCB,81,5
arp,ts_gsr,9,PCB,82,5
arp,ts_gsr,9,PCB,83,5
arp,ts_gsr,9,PCB,84,5
arp,ts_gsr,9,PCB,85,5
arp,ts_gsr,9,PCB,86,5
arp,ts_gsr,9,PCB,87,5
arp,ts_gsr,9,PCB,88,5
arp,ts_gsr,9,PCB,89,5
arp,ts_gsr,9,PCB,90,5
arp,ts_gsr,9,PCB,91,5
arp,ts_gsr,9,PCB,92,5
arp,ts_gsr,9,PCB,93,5
arp,ts_gsr,9,PCB,94,5
arp,ts_gsr,9,PCB,95,5
arp,ts_gsr,9,PCB,96,5
arp,ts_gsr,9,PCB,97,5
arp,ts_gsr,9,PCB,98,5
arp,ts_gsr,9,PCB,99,5
arp,ts_gsr,9,PCB,100,5
arp,ts_gsr,9,PCB,101,5
arp,ts_gsr,9,PCB,102,5
arp,ts_gsr,9,PCB,103,5
arp,ts_gsr,9,PCB,104,5
arp,ts_gsr,9,PCB,105,5
arp,ts_gsr,9,PCB,106,5
arp,ts_gsr,9,PCB,107,5
arp,ts_gsr,9,PCB,108,5
arp,ts_gsr,9,PCB,109,5
arp,ts_gsr,9,PCB,110,5
arp,ts_gsr,9,PCB,111,5
arp,ts_gsr,9,PCB,112,5
arp,ts_gsr,9,PCB,113,5
arp,ts_gsr,9,PCB,114,5
arp,ts_gsr,9,PCB,115,5
arp,ts_gsr,10,DMT,0,5
arp,ts_gsr,10,DMT,1,5
arp,ts_gsr,10,DMT,2,5
arp,ts_gsr,10,DMT,3,5
arp,ts_gsr,10,DMT,4,5
arp,ts_gsr,10,DMT,5,5
arp,ts_gsr,10,DMT,6,5
arp,ts_gsr,10,DMT,7,5
arp,ts_gsr,10,DMT,8,5
arp,ts_gsr,10,DMT,9,5
arp,ts_gsr,10,DMT,10,5
arp,ts_gsr,10,DMT,11,5
arp,ts_gsr,10,DMT,12,5
arp,ts_gsr,10,DMT,13,5
arp,ts_gsr,10,DMT,14,5
arp,ts_gsr,10,DMT,15,5
arp,ts_gsr,10,DMT,16,5
arp,ts_gsr,10,DMT,17,5
arp,ts_gsr,10,DMT,18,5
arp,ts_gsr,10,DMT,19,5
arp,ts_gsr,10,DMT,21,5
arp,ts_gsr,10,DMT,22,5
arp,ts_gsr,10,DMT,23,5
arp,ts_gsr,10,DMT,24,5
arp,ts_gsr,10,DMT,25,5
arp,ts_gsr,10,DMT,26,5
arp,ts_gsr,10,DMT,27,5
arp,ts_gsr,10,DMT,28,5
arp,ts_gsr,10,DMT,29,5
arp,ts_gsr,10,DMT,30,5
arp,ts_gsr,10,DMT,31,5
arp,ts_gsr,10,DMT,32,5
arp,ts_gsr,10,DMT,33,5
arp,ts_gsr,10,DMT,34,5
arp,ts_gsr,10,DMT,35,5
arp,ts_gsr,10,DMT,36,5
arp,ts_gsr,10,DMT,37,5
arp,ts_gsr,10,DMT,38,5
arp,ts_gsr,10,DMT,39,5
arp,ts_gsr,10,DMT,40,5
arp,ts_gsr,10,DMT,41,5
arp,ts_gsr,10,DMT,42,5
arp,ts_gsr,10,DMT,43,5
arp,ts_gsr,10,DMT,44,5
arp,ts_gsr,10,DMT,45,5
arp,ts_gsr,10,DMT,46,5
arp,ts_gsr,10,DMT,47,5
arp,ts_gsr,10,DMT,48,5
arp,ts_gsr,10,DMT,49,5
arp,ts_gsr,10,DMT,50,5
arp,ts_gsr,10,DMT,51,5
arp,ts_gsr,10,DMT,52,5
arp,ts_gsr,10,DMT,53,5
arp,ts_gsr,10,DMT,54,5
arp,ts_gsr,10,DMT,55,5
arp,ts_gsr,10,DMT,56,5
arp,ts_gsr,10,DMT,57,5
arp,ts_gsr,10,DMT,58,5
arp,ts_gsr,10,DMT,59,5
arp,ts_gsr,10,DMT,60,5
arp,ts_gsr,10,DMT,61,5
arp,ts_gsr,10,DMT,62,5
arp,ts_gsr,10,DMT,63,5
arp,ts_gsr,10,DMT,64,5
arp,ts_gsr,10,DMT,65,5
arp,ts_gsr,10,DMT,66,5
arp,ts_gsr,10,DMT,67,5
arp,ts_gsr,10,DMT,68,5
arp,ts_gsr,10,DMT,69,5
arp,ts_gsr,10,DMT,70,5
arp,ts_gsr,10,DMT,71,5
arp,ts_gsr,10,DMT,72,5
arp,ts_gsr,10,DMT,73,5
arp,ts_gsr,10,DMT,74,5
arp,ts_gsr,10,DMT,75,5
arp,ts_gsr,10,DMT,76,5
arp,ts_gsr,10,DMT,77,5
arp,ts_gsr,10,DMT,78,5
arp,ts_gsr,10,DMT,79,5
arp,ts_gsr,10,DMT,80,5
arp,ts_gsr,10,DMT,81,5
arp,ts_gsr,10,DMT,82,5
arp,ts_gsr,10,DMT,83,5
arp,ts_gsr,10,DMT,84,5
arp,ts_gsr,10,DMT,85,5
arp,ts_gsr,10,DMT,86,5
arp,ts_gsr,10,DMT,87,5
arp,ts_gsr,10,DMT,88,5
arp,ts_gsr,10,DMT,89,5
arp,ts_gsr,10,DMT,90,5
arp,ts_gsr,10,DMT,91,5
arp,ts_gsr,10,DMT,92,5
arp,ts_gsr,10,DMT,93,5
arp,ts_gsr,10,DMT,94,5
arp,ts_gsr,10,DMT,95,5
arp,ts_gsr,10,DMT,96,5
arp,ts_gsr,10,DMT,97,5
arp,ts_gsr,10,DMT,98,5
arp,ts_gsr,10,DMT,99,5
arp,ts_gsr,10,DMT,100,5
arp,ts_gsr,10,DMT,101,5
arp,ts_gsr,10,DMT,102,5
arp,ts_gsr,10,DMT,103,5
arp,ts_gsr,10,DMT,104,5
arp,ts_gsr,10,DMT,105,5
arp,ts_gsr,10,DMT,106,5
arp,ts_gsr,10,DMT,107,5
arp,ts_gsr,10,DMT,108,5
arp,ts_gsr,10,DMT,109,5
arp,ts_gsr,10,DMT,110,5
arp,ts_gsr,10,DMT,111,5
arp,ts_gsr,10,DMT,112,5
arp,ts_gsr,10,DMT,113,5
arp,ts_gsr,10,DMT,114,5
arp,ts_gsr,10,DMT,115,5
arp,ts_gsr,10,PCB,0,5
arp,ts_gsr,10,PCB,1,5
arp,ts_gsr,10,PCB,2,5
arp,ts_gsr,10,PCB,3,5
arp,ts_gsr,10,PCB,4,5
arp,ts_gsr,10,PCB,5,5
arp,ts_gsr,10,PCB,6,5
arp,ts_gsr,10,PCB,7,5
arp,ts_gsr,10,PCB,8,5
arp,ts_gsr,10,PCB,9,5
arp,ts_gsr,10,PCB,10,5
arp,ts_gsr,10,PCB,11,5
arp,ts_gsr,10,PCB,12,5
arp,ts_gsr,10,PCB,13,5
arp,ts_gsr,10,PCB,14,5
arp,ts_gsr,10,PCB,15,5
arp,ts_gsr,10,PCB,16,5
arp,ts_gsr,10,PCB,17,5
arp,ts_gsr,10,PCB,18,5
arp,ts_gsr,10,PCB,19,5
arp,ts_gsr,10,PCB,21,5
arp,ts_gsr,10,PCB,22,5
arp,ts_gsr,10,PCB,23,5
arp,ts_gsr,10,PCB,24,5
arp,ts_gsr,10,PCB,25,5
arp,ts_gsr,10,PCB,26,5
arp,ts_gsr,10,PCB,27,5
arp,ts_gsr,10,PCB,28,5
arp,ts_gsr,10,PCB,29,5
arp,ts_gsr,10,PCB,30,5
arp,ts_gsr,10,PCB,31,5
arp,ts_gsr,10,PCB,32,5
arp,ts_gsr,10,PCB,33,5
arp,ts_gsr,10,PCB,34,5
arp,ts_gsr,10,PCB,35,5
arp,ts_gsr,10,PCB,36,5
arp,ts_gsr,10,PCB,37,5
arp,ts_gsr,10,PCB,38,5
arp,ts_gsr,10,PCB,39,5
arp,ts_gsr,10,PCB,40,5
arp,ts_gsr,10,PCB,41,5
arp,ts_gsr,10,PCB,42,5
arp,ts_gsr,10,PCB,43,5
arp,ts_gsr,10,PCB,44,5
arp,ts_gsr,10,PCB,45,5
arp,ts_gsr,10,PCB,46,5
arp,ts_gsr,10,PCB,47,5
arp,ts_gsr,10,PCB,48,5
arp,ts_gsr,10,PCB,49,5
arp,ts_gsr,10,PCB,50,5
arp,ts_gsr,10,PCB,51,5
arp,ts_gsr,10,PCB,52,5
arp,ts_gsr,10,PCB,53,5
arp,ts_gsr,10,PCB,54,5
arp,ts_gsr,10,PCB,55,5
arp,ts_gsr,10,PCB,56,5
arp,ts_gsr,10,PCB,57,5
arp,ts_gsr,10,PCB,58,5
arp,ts_gsr,10,PCB,59,5
arp,ts_gsr,10,PCB,60,5
arp,ts_gsr,10,PCB,61,5
arp,ts_gsr,10,PCB,62,5
arp,ts_gsr,10,PCB,63,5
arp,ts_gsr,10,PCB,64,5
arp,ts_gsr,10,PCB,65,5
arp,ts_gsr,10,PCB,66,5
arp,ts_gsr,10,PCB,67,5
arp,ts_gsr,10,PCB,68,5
arp,ts_gsr,10,PCB,69,5
arp,ts_gsr,10,PCB,70,5
arp,ts_gsr,10,PCB,71,5
arp,ts_gsr,10,PCB,72,5
arp,ts_gsr,10,PCB,73,5
arp,ts_gsr,10,PCB,74,5
arp,ts_gsr,10,PCB,75,5
arp,ts_gsr,10,PCB,76,5
arp,ts_gsr,10,PCB,77,5
arp,ts_gsr,10,PCB,78,5
arp,ts_gsr,10,PCB,79,5
arp,ts_gsr,10,PCB,80,5
arp,ts_gsr,10,PCB,81,5
arp,ts_gsr,10,PCB,82,5
arp,ts_gsr,10,PCB,83,5
arp,ts_gsr,10,PCB,84,5
arp,ts_gsr,10,PCB,85,5
arp,ts_gsr,10,PCB,86,5
arp,ts_gsr,10,PCB,87,5
arp,ts_gsr,10,PCB,88,5
arp,ts_gsr,10,PCB,89,5
arp,ts_gsr,10,PCB,90,5
arp,ts_gsr,10,PCB,91,5
arp,ts_gsr,10,PCB,92,5
arp,ts_gsr,10,PCB,93,5
arp,ts_gsr,10,PCB,94,5
arp,ts_gsr,10,PCB,95,5
arp,ts_gsr,10,PCB,96,5
arp,ts_gsr,10,PCB,97,5
arp,ts_gsr,10,PCB,98,5
arp,ts_gsr,10,PCB,99,5
arp,ts_gsr,10,PCB,100,5
arp,ts_gsr,10,PCB,101,5
arp,ts_gsr,10,PCB,102,5
arp,ts_gsr,10,PCB,103,5
arp,ts_gsr,10,PCB,104,5
arp,ts_gsr,10,PCB,105,5
arp,ts_gsr,10,PCB,106,5
arp,ts_gsr,10,PCB,107,5
arp,ts_gsr,10,PCB,108,5
arp,ts_gsr,10,PCB,109,5
arp,ts_gsr,10,PCB,110,5
arp,ts_gsr,10,PCB,111,5
arp,ts_gsr,10,PCB,112,5
arp,ts_gsr,10,PCB,113,5
arp,ts_gsr,10,PCB,114,5
arp,ts_gsr,10,PCB,115,5
arp,ts_gsr,11,DMT,0,5
arp,ts_gsr,11,DMT,1,5
arp,ts_gsr,11,DMT,2,5
arp,ts_gsr,11,DMT,3,5
arp,ts_gsr,11,DMT,4,5
arp,ts_gsr,11,DMT,5,5
arp,ts_gsr,11,DMT,6,5
arp,ts_gsr,11,DMT,7,5
arp,ts_gsr,11,DMT,8,5
arp,ts_gsr,11,DMT,9,5
arp,ts_gsr,11,DMT,10,5
arp,ts_gsr,11,DMT,11,5
arp,ts_gsr,11,DMT,12,5
arp,ts_gsr,11,DMT,13,5
arp,ts_gsr,11,DMT,14,5
arp,ts_gsr,11,DMT,15,5
arp,ts_gsr,11,DMT,16,5
arp,ts_gsr,11,DMT,17,5
arp,ts_gsr,11,DMT,18,5
arp,ts_gsr,11,DMT,19,5
arp,ts_gsr,11,DMT,21,5
arp,ts_gsr,11,DMT,22,5
arp,ts_gsr,11,DMT,23,5
arp,ts_gsr,11,DMT,24,5
arp,ts_gsr,11,DMT,25,5
arp,ts_gsr,11,DMT,26,5
arp,ts_gsr,11,DMT,27,5
arp,ts_gsr,11,DMT,28,5
arp,ts_gsr,11,DMT,29,5
arp,ts_gsr,11,DMT,30,5
arp,ts_gsr,11,DMT,31,5
arp,ts_gsr,11,DMT,32,5
arp,ts_gsr,11,DMT,33,5
arp,ts_gsr,11,DMT,34,5
arp,ts_gsr,11,DMT,35,5
arp,ts_gsr,11,DMT,36,5
arp,ts_gsr,11,DMT,37,5
arp,ts_gsr,11,DMT,38,5
arp,ts_gsr,11,DMT,39,5
arp,ts_gsr,11,DMT,40,5
arp,ts_gsr,11,DMT,41,5
arp,ts_gsr,11,DMT,42,5
arp,ts_gsr,11,DMT,43,5
arp,ts_gsr,11,DMT,44,5
arp,ts_gsr,11,DMT,45,5
arp,ts_gsr,11,DMT,46,5
arp,ts_gsr,11,DMT,47,5
arp,ts_gsr,11,DMT,48,5
arp,ts_gsr,11,DMT,49,5
arp,ts_gsr,11,DMT,50,5
arp,ts_gsr,11,DMT,51,5
arp,ts_gsr,11,DMT,52,5
arp,ts_gsr,11,DMT,53,5
arp,ts_gsr,11,DMT,54,5
arp,ts_gsr,11,DMT,55,5
arp,ts_gsr,11,DMT,56,5
arp,ts_gsr,11,DMT,57,5
arp,ts_gsr,11,DMT,58,5
arp,ts_gsr,11,DMT,59,5
arp,ts_gsr,11,DMT,60,5
arp,ts_gsr,11,DMT,61,5
arp,ts_gsr,11,DMT,62,5
arp,ts_gsr,11,DMT,63,5
arp,ts_gsr,11,DMT,64,5
arp,ts_gsr,11,DMT,65,5
arp,ts_gsr,11,DMT,66,5
arp,ts_gsr,11,DMT,67,5
arp,ts_gsr,11,DMT,68,5
arp,ts_gsr,11,DMT,69,5
arp,ts_gsr,11,DMT,70,5
arp,ts_gsr,11,DMT,71,5
arp,ts_gsr,11,DMT,72,5
arp,ts_gsr,11,DMT,73,5
arp,ts_gsr,11,DMT,74,5
arp,ts_gsr,11,DMT,75,5
arp,ts_gsr,11,DMT,76,5
arp,ts_gsr,11,DMT,77,5
arp,ts_gsr,11,DMT,78,5
arp,ts_gsr,11,DMT,79,5
arp,ts_gsr,11,DMT,80,5
arp,ts_gsr,11,DMT,81,5
arp,ts_gsr,11,DMT,82,5
arp,ts_gsr,11,DMT,83,5
arp,ts_gsr,11,DMT,84,5
arp,ts_gsr,11,DMT,85,5
arp,ts_gsr,11,DMT,86,5
arp,ts_gsr,11,DMT,87,5
arp,ts_gsr,11,DMT,88,5
arp,ts_gsr,11,DMT,89,5
arp,ts_gsr,11,DMT,90,5
arp,ts_gsr,11,DMT,91,5
arp,ts_gsr,11,DMT,92,5
arp,ts_gsr,11,DMT,93,5
arp,ts_gsr,11,DMT,94,5
arp,ts_gsr,11,DMT,95,5
arp,ts_gsr,11,DMT,96,5
arp,ts_gsr,11,DMT,97,5
arp,ts_gsr,11,DMT,98,5
arp,ts_gsr,11,DMT,99,5
arp,ts_gsr,11,DMT,100,5
arp,ts_gsr,11,DMT,101,5
arp,ts_gsr,11,DMT,102,5
arp,ts_gsr,11,DMT,103,5
arp,ts_gsr,11,DMT,104,5
arp,ts_gsr,11,DMT,105,5
arp,ts_gsr,11,DMT,106,5
arp,ts_gsr,11,DMT,107,5
arp,ts_gsr,11,DMT,108,5
arp,ts_gsr,11,DMT,109,5
arp,ts_gsr,11,DMT,110,5
arp,ts_gsr,11,DMT,111,5
arp,ts_gsr,11,DMT,112,5
arp,ts_gsr,11,DMT,113,5
arp,ts_gsr,11,DMT,114,5
arp,ts_gsr,11,DMT,115,5
arp,ts_gsr,11,PCB,0,5
arp,ts_gsr,11,PCB,1,5
arp,ts_gsr,11,PCB,2,5
arp,ts_gsr,11,PCB,3,5
arp,ts_gsr,11,PCB,4,5
arp,ts_gsr,11,PCB,5,5
arp,ts_gsr,11,PCB,6,5
arp,ts_gsr,11,PCB,7,5
arp,ts_gsr,11,PCB,8,5
arp,ts_gsr,11,PCB,9,5
arp,ts_gsr,11,PCB,10,5
arp,ts_gsr,11,PCB,11,5
arp,ts_gsr,11,PCB,12,5
arp,ts_gsr,11,PCB,13,5
arp,ts_gsr,11,PCB,14,5
arp,ts_gsr,11,PCB,15,5
arp,ts_gsr,11,PCB,16,5
arp,ts_gsr,11,PCB,17,5
arp,ts_gsr,11,PCB,18,5
arp,ts_gsr,11,PCB,19,5
arp,ts_gsr,11,PCB,21,5
arp,ts_gsr,11,PCB,22,5
arp,ts_gsr,11,PCB,23,5
arp,ts_gsr,11,PCB,24,5
arp,ts_gsr,11,PCB,25,5
arp,ts_gsr,11,PCB,26,5
arp,ts_gsr,11,PCB,27,5
arp,ts_gsr,11,PCB,28,5
arp,ts_gsr,11,PCB,29,5
arp,ts_gsr,11,PCB,30,5
arp,ts_gsr,11,PCB,31,5
arp,ts_gsr,11,PCB,32,5
arp,ts_gsr,11,PCB,33,5
arp,ts_gsr,11,PCB,34,5
arp,ts_gsr,11,PCB,35,5
arp,ts_gsr,11,PCB,36,5
arp,ts_gsr,11,PCB,37,5
arp,ts_gsr,11,PCB,38,5
arp,ts_gsr,11,PCB,39,5
arp,ts_gsr,11,PCB,40,5
arp,ts_gsr,11,PCB,41,5
arp,ts_gsr,11,PCB,42,5
arp,ts_gsr,11,PCB,43,5
arp,ts_gsr,11,PCB,44,5
arp,ts_gsr,11,PCB,45,5
arp,ts_gsr,11,PCB,46,5
arp,ts_gsr,11,PCB,47,5
arp,ts_gsr,11,PCB,48,5
arp,ts_gsr,11,PCB,49,5
arp,ts_gsr,11,PCB,50,5
arp,ts_gsr,11,PCB,51,5
arp,ts_gsr,11,PCB,52,5
arp,ts_gsr,11,PCB,53,5
arp,ts_gsr,11,PCB,54,5
arp,ts_gsr,11,PCB,55,5
arp,ts_gsr,11,PCB,56,5
arp,ts_gsr,11,PCB,57,5
arp,ts_gsr,11,PCB,58,5
arp,ts_gsr,11,PCB,59,5
arp,ts_gsr,11,PCB,60,5
arp,ts_gsr,11,PCB,61,5
arp,ts_gsr,11,PCB,62,5
arp,ts_gsr,11,PCB,63,5
arp,ts_gsr,11,PCB,64,5
arp,ts_gsr,11,PCB,65,5
arp,ts_gsr,11,PCB,66,5
arp,ts_gsr,11,PCB,67,5
arp,ts_gsr,11,PCB,68,5
arp,ts_gsr,11,PCB,69,5
arp,ts_gsr,11,PCB,70,5
arp,ts_gsr,11,PCB,71,5
arp,ts_gsr,11,PCB,72,5
arp,ts_gsr,11,PCB,73,5
arp,ts_gsr,11,PCB,74,5
arp,ts_gsr,11,PCB,75,5
arp,ts_gsr,11,PCB,76,5
arp,ts_gsr,11,PCB,77,5
arp,ts_gsr,11,PCB,78,5
arp,ts_gsr,11,PCB,79,5
arp,ts_gsr,11,PCB,80,5
arp,ts_gsr,11,PCB,81,5
arp,ts_gsr,11,PCB,82,5
arp,ts_gsr,11,PCB,83,5
arp,ts_gsr,11,PCB,84,5
arp,ts_gsr,11,PCB,85,5
arp,ts_gsr,11,PCB,86,5
arp,ts_gsr,11,PCB,87,5
arp,ts_gsr,11,PCB,88,5
arp,ts_gsr,11,PCB,89,5
arp,ts_gsr,11,PCB,90,5
arp,ts_gsr,11,PCB,91,5
arp,ts_gsr,11,PCB,92,5
arp,ts_gsr,11,PCB,93,5
arp,ts_gsr,11,PCB,94,5
arp,ts_gsr,11,PCB,95,5
arp,ts_gsr,11,PCB,96,5
arp,ts_gsr,11,PCB,97,5
arp,ts_gsr,11,PCB,98,5
arp,ts_gsr,11,PCB,99,5
arp,ts_gsr,11,PCB,100,5
arp,ts_gsr,11,PCB,101,5
arp,ts_gsr,11,PCB,102,5
arp,ts_gsr,11,PCB,103,5
arp,ts_gsr,11,PCB,104,5
arp,ts_gsr,11,PCB,105,5
arp,ts_gsr,11,PCB,106,5
arp,ts_gsr,11,PCB,107,5
arp,ts_gsr,11,PCB,108,5
arp,ts_gsr,11,PCB,109,5
arp,ts_gsr,11,PCB,110,5
arp,ts_gsr,11,PCB,111,5
arp,ts_gsr,11,PCB,112,5
arp,ts_gsr,11,PCB,113,5
arp,ts_gsr,11,PCB,114,5
arp,ts_gsr,11,PCB,115,5
arp,ts_gsr,12,DMT,0,5
arp,ts_gsr,12,DMT,1,5
arp,ts_gsr,12,DMT,2,5
arp,ts_gsr,12,DMT,3,5
arp,ts_gsr,12,DMT,4,5
arp,ts_gsr,12,DMT,5,5
arp,ts_gsr,12,DMT,6,5
arp,ts_gsr,12,DMT,7,5
arp,ts_gsr,12,DMT,8,5
arp,ts_gsr,12,DMT,9,5
arp,ts_gsr,12,DMT,10,5
arp,ts_gsr,12,DMT,11,5
arp,ts_gsr,12,DMT,12,5
arp,ts_gsr,12,DMT,13,5
arp,ts_gsr,12,DMT,14,5
arp,ts_gsr,12,DMT,15,5
arp,ts_gsr,12,DMT,16,5
arp,ts_gsr,12,DMT,17,5
arp,ts_gsr,12,DMT,18,5
arp,ts_gsr,12,DMT,19,5
arp,ts_gsr,12,DMT,21,5
arp,ts_gsr,12,DMT,22,5
arp,ts_gsr,12,DMT,23,5
arp,ts_gsr,12,DMT,24,5
arp,ts_gsr,12,DMT,25,5
arp,ts_gsr,12,DMT,26,5
arp,ts_gsr,12,DMT,27,5
arp,ts_gsr,12,DMT,28,5
arp,ts_gsr,12,DMT,29,5
arp,ts_gsr,12,DMT,30,5
arp,ts_gsr,12,DMT,31,5
arp,ts_gsr,12,DMT,32,5
arp,ts_gsr,12,DMT,33,5
arp,ts_gsr,12,DMT,34,5
arp,ts_gsr,12,DMT,35,5
arp,ts_gsr,12,DMT,36,5
arp,ts_gsr,12,DMT,37,5
arp,ts_gsr,12,DMT,38,5
arp,ts_gsr,12,DMT,39,5
arp,ts_gsr,12,DMT,40,5
arp,ts_gsr,12,DMT,41,5
arp,ts_gsr,12,DMT,42,5
arp,ts_gsr,12,DMT,43,5
arp,ts_gsr,12,DMT,44,5
arp,ts_gsr,12,DMT,45,5
arp,ts_gsr,12,DMT,46,5
arp,ts_gsr,12,DMT,47,5
arp,ts_gsr,12,DMT,48,5
arp,ts_gsr,12,DMT,49,5
arp,ts_gsr,12,DMT,50,5
arp,ts_gsr,12,DMT,51,5
arp,ts_gsr,12,DMT,52,5
arp,ts_gsr,12,DMT,53,5
arp,ts_gsr,12,DMT,54,5
arp,ts_gsr,12,DMT,55,5
arp,ts_gsr,12,DMT,56,5
arp,ts_gsr,12,DMT,57,5
arp,ts_gsr,12,DMT,58,5
arp,ts_gsr,12,DMT,59,5
arp,ts_gsr,12,DMT,60,5
arp,ts_gsr,12,DMT,61,5
arp,ts_gsr,12,DMT,62,5
arp,ts_gsr,12,DMT,63,5
arp,ts_gsr,12,DMT,64,5
arp,ts_gsr,12,DMT,65,5
arp,ts_gsr,12,DMT,66,5
arp,ts_gsr,12,DMT,67,5
arp,ts_gsr,12,DMT,68,5
arp,ts_gsr,12,DMT,69,5
arp,ts_gsr,12,DMT,70,5
arp,ts_gsr,12,DMT,71,5
arp,ts_gsr,12,DMT,72,5
arp,ts_gsr,12,DMT,73,5
arp,ts_gsr,12,DMT,74,5
arp,ts_gsr,12,DMT,75,5
arp,ts_gsr,12,DMT,76,5
arp,ts_gsr,12,DMT,77,5
arp,ts_gsr,12,DMT,78,5
arp,ts_gsr,12,DMT,79,5
arp,ts_gsr,12,DMT,80,5
arp,ts_gsr,12,DMT,81,5
arp,ts_gsr,12,DMT,82,5
arp,ts_gsr,12,DMT,83,5
arp,ts_gsr,12,DMT,84,5
arp,ts_gsr,12,DMT,85,5
arp,ts_gsr,12,DMT,86,5
arp,ts_gsr,12,DMT,87,5
arp,ts_gsr,12,DMT,88,5
arp,ts_gsr,12,DMT,89,5
arp,ts_gsr,12,DMT,90,5
arp,ts_gsr,12,DMT,91,5
arp,ts_gsr,12,DMT,92,5
arp,ts_gsr,12,DMT,93,5
arp,ts_gsr,12,DMT,94,5
arp,ts_gsr,12,DMT,95,5
arp,ts_gsr,12,DMT,96,5
arp,ts_gsr,12,DMT,97,5
arp,ts_gsr,12,DMT,98,5
arp,ts_gsr,12,DMT,99,5
arp,ts_gsr,12,DMT,100,5
arp,ts_gsr,12,DMT,101,5
arp,ts_gsr,12,DMT,102,5
arp,ts_gsr,12,DMT,103,5
arp,ts_gsr,12,DMT,104,5
arp,ts_gsr,12,DMT,105,5
arp,ts_gsr,12,DMT,106,5
arp,ts_gsr,12,DMT,107,5
arp,ts_gsr,12,DMT,108,5
arp,ts_gsr,12,DMT,109,5
arp,ts_gsr,12,DMT,110,5
arp,ts_gsr,12,DMT,111,5
arp,ts_gsr,12,DMT,112,5
arp,ts_gsr,12,DMT,113,5
arp,ts_gsr,12,DMT,114,5
arp,ts_gsr,12,DMT,115,5
arp,ts_gsr,12,PCB,0,5
arp,ts_gsr,12,PCB,1,5
arp,ts_gsr,12,PCB,2,5
arp,ts_gsr,12,PCB,3,5
arp,ts_gsr,12,PCB,4,5
arp,ts_gsr,12,PCB,5,5
arp,ts_gsr,12,PCB,6,5
arp,ts_gsr,12,PCB,7,5
arp,ts_gsr,12,PCB,8,5
arp,ts_gsr,12,PCB,9,5
arp,ts_gsr,12,PCB,10,5
arp,ts_gsr,12,PCB,11,5
arp,ts_gsr,12,PCB,12,5
arp,ts_gsr,12,PCB,13,5
arp,ts_gsr,12,PCB,14,5
arp,ts_gsr,12,PCB,15,5
arp,ts_gsr,12,PCB,16,5
arp,ts_gsr,12,PCB,17,5
arp,ts_gsr,12,PCB,18,5
arp,ts_gsr,12,PCB,19,5
arp,ts_gsr,12,PCB,21,5
arp,ts_gsr,12,PCB,22,5
arp,ts_gsr,12,PCB,23,5
arp,ts_gsr,12,PCB,24,5
arp,ts_gsr,12,PCB,25,5
arp,ts_gsr,12,PCB,26,5
arp,ts_gsr,12,PCB,27,5
arp,ts_gsr,12,PCB,28,5
arp,ts_gsr,12,PCB,29,5
arp,ts_gsr,12,PCB,30,5
arp,ts_gsr,12,PCB,31,5
arp,ts_gsr,12,PCB,32,5
arp,ts_gsr,12,PCB,33,5
arp,ts_gsr,12,PCB,34,5
arp,ts_gsr,12,PCB,35,5
arp,ts_gsr,12,PCB,36,5
arp,ts_gsr,12,PCB,37,5
arp,ts_gsr,12,PCB,38,5
arp,ts_gsr,12,PCB,39,5
arp,ts_gsr,12,PCB,40,5
arp,ts_gsr,12,PCB,41,5
arp,ts_gsr,12,PCB,42,5
arp,ts_gsr,12,PCB,43,5
arp,ts_gsr,12,PCB,44,5
arp,ts_gsr,12,PCB,45,5
arp,ts_gsr,12,PCB,46,5
arp,ts_gsr,12,PCB,47,5
arp,ts_gsr,12,PCB,48,5
arp,ts_gsr,12,PCB,49,5
arp,ts_gsr,12,PCB,50,5
arp,ts_gsr,12,PCB,51,5
arp,ts_gsr,12,PCB,52,5
arp,ts_gsr,12,PCB,53,5
arp,ts_gsr,12,PCB,54,5
arp,ts_gsr,12,PCB,55,5
arp,ts_gsr,12,PCB,56,5
arp,ts_gsr,12,PCB,57,5
arp,ts_gsr,12,PCB,58,5
arp,ts_gsr,12,PCB,59,5
arp,ts_gsr,12,PCB,60,5
arp,ts_gsr,12,PCB,61,5
arp,ts_gsr,12,PCB,62,5
arp,ts_gsr,12,PCB,63,5
arp,ts_gsr,12,PCB,64,5
arp,ts_gsr,12,PCB,65,5
arp,ts_gsr,12,PCB,66,5
arp,ts_gsr,12,PCB,67,5
arp,ts_gsr,12,PCB,68,5
arp,ts_gsr,12,PCB,69,5
arp,ts_gsr,12,PCB,70,5
arp,ts_gsr,12,PCB,71,5
arp,ts_gsr,12,PCB,72,5
arp,ts_gsr,12,PCB,73,5
arp,ts_gsr,12,PCB,74,5
arp,ts_gsr,12,PCB,75,5
arp,ts_gsr,12,PCB,76,5
arp,ts_gsr,12,PCB,77,5
arp,ts_gsr,12,PCB,78,5
arp,ts_gsr,12,PCB,79,5
arp,ts_gsr,12,PCB,80,5
arp,ts_gsr,12,PCB,81,5
arp,ts_gsr,12,PCB,82,5
arp,ts_gsr,12,PCB,83,5
arp,ts_gsr,12,PCB,84,5
arp,ts_gsr,12,PCB,85,5
arp,ts_gsr,12,PCB,86,5
arp,ts_gsr,12,PCB,87,5
arp,ts_gsr,12,PCB,88,5
arp,ts_gsr,12,PCB,89,5
arp,ts_gsr,12,PCB,90,5
arp,ts_gsr,12,PCB,91,5
arp,ts_gsr,12,PCB,92,5
arp,ts_gsr,12,PCB,93,5
arp,ts_gsr,12,PCB,94,5
arp,ts_gsr,12,PCB,95,5
arp,ts_gsr,12,PCB,96,5
arp,ts_gsr,12,PCB,97,5
arp,ts_gsr,12,PCB,98,5
arp,ts_gsr,12,PCB,99,5
arp,ts_gsr,12,PCB,100,5
arp,ts_gsr,12,PCB,101,5
arp,ts_gsr,12,PCB,102,5
arp,ts_gsr,12,PCB,103,5
arp,ts_gsr,12,PCB,104,5
arp,ts_gsr,12,PCB,105,5
arp,ts_gsr,12,PCB,106,5
arp,ts_gsr,12,PCB,107,5
arp,ts_gsr,12,PCB,108,5
arp,ts_gsr,12,PCB,109,5
arp,ts_gsr,12,PCB,110,5
arp,ts_gsr,12,PCB,111,5
arp,ts_gsr,12,PCB,112,5
arp,ts_gsr,12,PCB,113,5
arp,ts_gsr,12,PCB,114,5
arp,ts_gsr,12,PCB,115,5
arp,ts_gsr,13,DMT,0,5
arp,ts_gsr,13,DMT,1,5
arp,ts_gsr,13,DMT,2,5
arp,ts_gsr,13,DMT,3,5
arp,ts_gsr,13,DMT,4,5
arp,ts_gsr,13,DMT,5,5
arp,ts_gsr,13,DMT,6,5
arp,ts_gsr,13,DMT,7,5
arp,ts_gsr,13,DMT,8,5
arp,ts_gsr,13,DMT,9,5
arp,ts_gsr,13,DMT,10,5
arp,ts_gsr,13,DMT,11,5
arp,ts_gsr,13,DMT,12,5
arp,ts_gsr,13,DMT,13,5
arp,ts_gsr,13,DMT,14,5
arp,ts_gsr,13,DMT,15,5
arp,ts_gsr,13,DMT,16,5
arp,ts_gsr,13,DMT,17,5
arp,ts_gsr,13,DMT,18,5
arp,ts_gsr,13,DMT,19,5
arp,ts_gsr,13,DMT,21,5
arp,ts_gsr,13,DMT,22,5
arp,ts_gsr,13,DMT,23,5
arp,ts_gsr,13,DMT,24,5
arp,ts_gsr,13,DMT,25,5
arp,ts_gsr,13,DMT,26,5
arp,ts_gsr,13,DMT,27,5
arp,ts_gsr,13,DMT,28,5
arp,ts_gsr,13,DMT,29,5
arp,ts_gsr,13,DMT,30,5
arp,ts_gsr,13,DMT,31,5
arp,ts_gsr,13,DMT,32,5
arp,ts_gsr,13,DMT,33,5
arp,ts_gsr,13,DMT,34,5
arp,ts_gsr,13,DMT,35,5
arp,ts_gsr,13,DMT,36,5
arp,ts_gsr,13,DMT,37,5
arp,ts_gsr,13,DMT,38,5
arp,ts_gsr,13,DMT,39,5
arp,ts_gsr,13,DMT,40,5
arp,ts_gsr,13,DMT,41,5
arp,ts_gsr,13,DMT,42,5
arp,ts_gsr,13,DMT,43,5
arp,ts_gsr,13,DMT,44,5
arp,ts_gsr,13,DMT,45,5
arp,ts_gsr,13,DMT,46,5
arp,ts_gsr,13,DMT,47,5
arp,ts_gsr,13,DMT,48,5
arp,ts_gsr,13,DMT,49,5
arp,ts_gsr,13,DMT,50,5
arp,ts_gsr,13,DMT,51,5
arp,ts_gsr,13,DMT,52,5
arp,ts_gsr,13,DMT,53,5
arp,ts_gsr,13,DMT,54,5
arp,ts_gsr,13,DMT,55,5
arp,ts_gsr,13,DMT,56,5
arp,ts_gsr,13,DMT,57,5
arp,ts_gsr,13,DMT,58,5
arp,ts_gsr,13,DMT,59,5
arp,ts_gsr,13,DMT,60,5
arp,ts_gsr,13,DMT,61,5
arp,ts_gsr,13,DMT,62,5
arp,ts_gsr,13,DMT,63,5
arp,ts_gsr,13,DMT,64,5
arp,ts_gsr,13,DMT,65,5
arp,ts_gsr,13,DMT,66,5
arp,ts_gsr,13,DMT,67,5
arp,ts_gsr,13,DMT,68,5
arp,ts_gsr,13,DMT,69,5
arp,ts_gsr,13,DMT,70,5
arp,ts_gsr,13,DMT,71,5
arp,ts_gsr,13,DMT,72,5
arp,ts_gsr,13,DMT,73,5
arp,ts_gsr,13,DMT,74,5
arp,ts_gsr,13,DMT,75,5
arp,ts_gsr,13,DMT,76,5
arp,ts_gsr,13,DMT,77,5
arp,ts_gsr,13,DMT,78,5
arp,ts_gsr,13,DMT,79,5
arp,ts_gsr,13,DMT,80,5
arp,ts_gsr,13,DMT,81,5
arp,ts_gsr,13,DMT,82,5
arp,ts_gsr,13,DMT,83,5
arp,ts_gsr,13,DMT,84,5
arp,ts_gsr,13,DMT,85,5
arp,ts_gsr,13,DMT,86,5
arp,ts_gsr,13,DMT,87,5
arp,ts_gsr,13,DMT,88,5
arp,ts_gsr,13,DMT,89,5
arp,ts_gsr,13,DMT,90,5
arp,ts_gsr,13,DMT,91,5
arp,ts_gsr,13,DMT,92,5
arp,ts_gsr,13,DMT,93,5
arp,ts_gsr,13,DMT,94,5
arp,ts_gsr,13,DMT,95,5
arp,ts_gsr,13,DMT,96,5
arp,ts_gsr,13,DMT,97,5
arp,ts_gsr,13,DMT,98,5
arp,ts_gsr,13,DMT,99,5
arp,ts_gsr,13,DMT,100,5
arp,ts_gsr,13,DMT,101,5
arp,ts_gsr,13,DMT,102,5
arp,ts_gsr,13,DMT,103,5
arp,ts_gsr,13,DMT,104,5
arp,ts_gsr,13,DMT,105,5
arp,ts_gsr,13,DMT,106,5
arp,ts_gsr,13,DMT,107,5
arp,ts_gsr,13,DMT,108,5
arp,ts_gsr,13,DMT,109,5
arp,ts_gsr,13,DMT,110,5
arp,ts_gsr,13,DMT,111,5
arp,ts_gsr,13,DMT,112,5
arp,ts_gsr,13,DMT,113,5
arp,ts_gsr,13,DMT,114,5
arp,ts_gsr,13,DMT,115,5
arp,ts_gsr,13,PCB,0,5
arp,ts_gsr,13,PCB,1,5
arp,ts_gsr,13,PCB,2,5
arp,ts_gsr,13,PCB,3,5
arp,ts_gsr,13,PCB,4,5
arp,ts_gsr,13,PCB,5,5
arp,ts_gsr,13,PCB,6,5
arp,ts_gsr,13,PCB,7,5
arp,ts_gsr,13,PCB,8,5
arp,ts_gsr,13,PCB,9,5
arp,ts_gsr,13,PCB,10,5
arp,ts_gsr,13,PCB,11,5
arp,ts_gsr,13,PCB,12,5
arp,ts_gsr,13,PCB,13,5
arp,ts_gsr,13,PCB,14,5
arp,ts_gsr,13,PCB,15,5
arp,ts_gsr,13,PCB,16,5
arp,ts_gsr,13,PCB,17,5
arp,ts_gsr,13,PCB,18,5
arp,ts_gsr,13,PCB,19,5
arp,ts_gsr,13,PCB,21,5
arp,ts_gsr,13,PCB,22,5
arp,ts_gsr,13,PCB,23,5
arp,ts_gsr,13,PCB,24,5
arp,ts_gsr,13,PCB,25,5
arp,ts_gsr,13,PCB,26,5
arp,ts_gsr,13,PCB,27,5
arp,ts_gsr,13,PCB,28,5
arp,ts_gsr,13,PCB,29,5
arp,ts_gsr,13,PCB,30,5
arp,ts_gsr,13,PCB,31,5
arp,ts_gsr,13,PCB,32,5
arp,ts_gsr,13,PCB,33,5
arp,ts_gsr,13,PCB,34,5
arp,ts_gsr,13,PCB,35,5
arp,ts_gsr,13,PCB,36,5
arp,ts_gsr,13,PCB,37,5
arp,ts_gsr,13,PCB,38,5
arp,ts_gsr,13,PCB,39,5
arp,ts_gsr,13,PCB,40,5
arp,ts_gsr,13,PCB,41,5
arp,ts_gsr,13,PCB,42,5
arp,ts_gsr,13,PCB,43,5
arp,ts_gsr,13,PCB,44,5
arp,ts_gsr,13,PCB,45,5
arp,ts_gsr,13,PCB,46,5
arp,ts_gsr,13,PCB,47,5
arp,ts_gsr,13,PCB,48,5
arp,ts_gsr,13,PCB,49,5
arp,ts_gsr,13,PCB,50,5
arp,ts_gsr,13,PCB,51,5
arp,ts_gsr,13,PCB,52,5
arp,ts_gsr,13,PCB,53,5
arp,ts_gsr,13,PCB,54,5
arp,ts_gsr,13,PCB,55,5
arp,ts_gsr,13,PCB,56,5
arp,ts_gsr,13,PCB,57,5
arp,ts_gsr,13,PCB,58,5
arp,ts_gsr,13,PCB,59,5
arp,ts_gsr,13,PCB,60,5
arp,ts_gsr,13,PCB,61,5
arp,ts_gsr,13,PCB,62,5
arp,ts_gsr,13,PCB,63,5
arp,ts_gsr,13,PCB,64,5
arp,ts_gsr,13,PCB,65,5
arp,ts_gsr,13,PCB,66,5
arp,ts_gsr,13,PCB,67,5
arp,ts_gsr,13,PCB,68,5
arp,ts_gsr,13,PCB,69,5
arp,ts_gsr,13,PCB,70,5
arp,ts_gsr,13,PCB,71,5
arp,ts_gsr,13,PCB,72,5
arp,ts_gsr,13,PCB,73,5
arp,ts_gsr,13,PCB,74,5
arp,ts_gsr,13,PCB,75,5
arp,ts_gsr,13,PCB,76,5
arp,ts_gsr,13,PCB,77,5
arp,ts_gsr,13,PCB,78,5
arp,ts_gsr,13,PCB,79,5
arp,ts_gsr,13,PCB,80,5
arp,ts_gsr,13,PCB,81,5
arp,ts_gsr,13,PCB,82,5
arp,ts_gsr,13,PCB,83,5
arp,ts_gsr,13,PCB,84,5
arp,ts_gsr,13,PCB,85,5
arp,ts_gsr,13,PCB,86,5
arp,ts_gsr,13,PCB,87,5
arp,ts_gsr,13,PCB,88,5
arp,ts_gsr,13,PCB,89,5
arp,ts_gsr,13,PCB,90,5
arp,ts_gsr,13,PCB,91,5
arp,ts_gsr,13,PCB,92,5
arp,ts_gsr,13,PCB,93,5
arp,ts_gsr,13,PCB,94,5
arp,ts_gsr,13,PCB,95,5
arp,ts_gsr,13,PCB,96,5
arp,ts_gsr,13,PCB,97,5
arp,ts_gsr,13,PCB,98,5
arp,ts_gsr,13,PCB,99,5
arp,ts_gsr,13,PCB,100,5
arp,ts_gsr,13,PCB,101,5
arp,ts_gsr,13,PCB,102,5
arp,ts_gsr,13,PCB,103,5
arp,ts_gsr,13,PCB,104,5
arp,ts_gsr,13,PCB,105,5
arp,ts_gsr,13,PCB,106,5
arp,ts_gsr,13,PCB,107,5
arp,ts_gsr,13,PCB,108,5
arp,ts_gsr,13,PCB,109,5
arp,ts_gsr,13,PCB,110,5
arp,ts_gsr,13,PCB,111,5
arp,ts_gsr,13,PCB,112,5
arp,ts_gsr,13,PCB,113,5
arp,ts_gsr,13,PCB,114,5
arp,ts_gsr,13,PCB,115,5
arp,ts_gsr,14,DMT,0,5
arp,ts_gsr,14,DMT,1,5
arp,ts_gsr,14,DMT,2,5
arp,ts_gsr,14,DMT,3,5
arp,ts_gsr,14,DMT,4,5
arp,ts_gsr,14,DMT,5,5
arp,ts_gsr,14,DMT,6,5
arp,ts_gsr,14,DMT,7,5
arp,ts_gsr,14,DMT,8,5
arp,ts_gsr,14,DMT,9,5
arp,ts_gsr,14,DMT,10,5
arp,ts_gsr,14,DMT,11,5
arp,ts_gsr,14,DMT,12,5
arp,ts_gsr,14,DMT,13,5
arp,ts_gsr,14,DMT,14,5
arp,ts_gsr,14,DMT,15,5
arp,ts_gsr,14,DMT,16,5
arp,ts_gsr,14,DMT,17,5
arp,ts_gsr,14,DMT,18,5
arp,ts_gsr,14,DMT,19,5
arp,ts_gsr,14,DMT,21,5
arp,ts_gsr,14,DMT,22,5
arp,ts_gsr,14,DMT,23,5
arp,ts_gsr,14,DMT,24,5
arp,ts_gsr,14,DMT,25,5
arp,ts_gsr,14,DMT,26,5
arp,ts_gsr,14,DMT,27,5
arp,ts_gsr,14,DMT,28,5
arp,ts_gsr,14,DMT,29,5
arp,ts_gsr,14,DMT,30,5
arp,ts_gsr,14,DMT,31,5
arp,ts_gsr,14,DMT,32,5
arp,ts_gsr,14,DMT,33,5
arp,ts_gsr,14,DMT,34,5
arp,ts_gsr,14,DMT,35,5
arp,ts_gsr,14,DMT,36,5
arp,ts_gsr,14,DMT,37,5
arp,ts_gsr,14,DMT,38,5
arp,ts_gsr,14,DMT,39,5
arp,ts_gsr,14,DMT,40,5
arp,ts_gsr,14,DMT,41,5
arp,ts_gsr,14,DMT,42,5
arp,ts_gsr,14,DMT,43,5
arp,ts_gsr,14,DMT,44,5
arp,ts_gsr,14,DMT,45,5
arp,ts_gsr,14,DMT,46,5
arp,ts_gsr,14,DMT,47,5
arp,ts_gsr,14,DMT,48,5
arp,ts_gsr,14,DMT,49,5
arp,ts_gsr,14,DMT,50,5
arp,ts_gsr,14,DMT,51,5
arp,ts_gsr,14,DMT,52,5
arp,ts_gsr,14,DMT,53,5
arp,ts_gsr,14,DMT,54,5
arp,ts_gsr,14,DMT,55,5
arp,ts_gsr,14,DMT,56,5
arp,ts_gsr,14,DMT,57,5
arp,ts_gsr,14,DMT,58,5
arp,ts_gsr,14,DMT,59,5
arp,ts_gsr,14,DMT,60,5
arp,ts_gsr,14,DMT,61,5
arp,ts_gsr,14,DMT,62,5
arp,ts_gsr,14,DMT,63,5
arp,ts_gsr,14,DMT,64,5
arp,ts_gsr,14,DMT,65,5
arp,ts_gsr,14,DMT,66,5
arp,ts_gsr,14,DMT,67,5
arp,ts_gsr,14,DMT,68,5
arp,ts_gsr,14,DMT,69,5
arp,ts_gsr,14,DMT,70,5
arp,ts_gsr,14,DMT,71,5
arp,ts_gsr,14,DMT,72,5
arp,ts_gsr,14,DMT,73,5
arp,ts_gsr,14,DMT,74,5
arp,ts_gsr,14,DMT,75,5
arp,ts_gsr,14,DMT,76,5
arp,ts_gsr,14,DMT,77,5
arp,ts_gsr,14,DMT,78,5
arp,ts_gsr,14,DMT,79,5
arp,ts_gsr,14,DMT,80,5
arp,ts_gsr,14,DMT,81,5
arp,ts_gsr,14,DMT,82,5
arp,ts_gsr,14,DMT,83,5
arp,ts_gsr,14,DMT,84,5
arp,ts_gsr,14,DMT,85,5
arp,ts_gsr,14,DMT,86,5
arp,ts_gsr,14,DMT,87,5
arp,ts_gsr,14,DMT,88,5
arp,ts_gsr,14,DMT,89,5
arp,ts_gsr,14,DMT,90,5
arp,ts_gsr,14,DMT,91,5
arp,ts_gsr,14,DMT,92,5
arp,ts_gsr,14,DMT,93,5
arp,ts_gsr,14,DMT,94,5
arp,ts_gsr,14,DMT,95,5
arp,ts_gsr,14,DMT,96,5
arp,ts_gsr,14,DMT,97,5
arp,ts_gsr,14,DMT,98,5
arp,ts_gsr,14,DMT,99,5
arp,ts_gsr,14,DMT,100,5
arp,ts_gsr,14,DMT,101,5
arp,ts_gsr,14,DMT,102,5
arp,ts_gsr,14,DMT,103,5
arp,ts_gsr,14,DMT,104,5
arp,ts_gsr,14,DMT,105,5
arp,ts_gsr,14,DMT,106,5
arp,ts_gsr,14,DMT,107,5
arp,ts_gsr,14,DMT,108,5
arp,ts_gsr,14,DMT,109,5
arp,ts_gsr,14,DMT,110,5
arp,ts_gsr,14,DMT,111,5
arp,ts_gsr,14,DMT,112,5
arp,ts_gsr,14,DMT,113,5
arp,ts_gsr,14,DMT,114,5
arp,ts_gsr,14,DMT,115,5
arp,ts_gsr,14,PCB,0,5
arp,ts_gsr,14,PCB,1,5
arp,ts_gsr,14,PCB,2,5
arp,ts_gsr,14,PCB,3,5
arp,ts_gsr,14,PCB,4,5
arp,ts_gsr,14,PCB,5,5
arp,ts_gsr,14,PCB,6,5
arp,ts_gsr,14,PCB,7,5
arp,ts_gsr,14,PCB,8,5
arp,ts_gsr,14,PCB,9,5
arp,ts_gsr,14,PCB,10,5
arp,ts_gsr,14,PCB,11,5
arp,ts_gsr,14,PCB,12,5
arp,ts_gsr,14,PCB,13,5
arp,ts_gsr,14,PCB,14,5
arp,ts_gsr,14,PCB,15,5
arp,ts_gsr,14,PCB,16,5
arp,ts_gsr,14,PCB,17,5
arp,ts_gsr,14,PCB,18,5
arp,ts_gsr,14,PCB,19,5
arp,ts_gsr,14,PCB,21,5
arp,ts_gsr,14,PCB,22,5
arp,ts_gsr,14,PCB,23,5
arp,ts_gsr,14,PCB,24,5
arp,ts_gsr,14,PCB,25,5
arp,ts_gsr,14,PCB,26,5
arp,ts_gsr,14,PCB,27,5
arp,ts_gsr,14,PCB,28,5
arp,ts_gsr,14,PCB,29,5
arp,ts_gsr,14,PCB,30,5
arp,ts_gsr,14,PCB,31,5
arp,ts_gsr,14,PCB,32,5
arp,ts_gsr,14,PCB,33,5
arp,ts_gsr,14,PCB,34,5
arp,ts_gsr,14,PCB,35,5
arp,ts_gsr,14,PCB,36,5
arp,ts_gsr,14,PCB,37,5
arp,ts_gsr,14,PCB,38,5
arp,ts_gsr,14,PCB,39,5
arp,ts_gsr,14,PCB,40,5
arp,ts_gsr,14,PCB,41,5
arp,ts_gsr,14,PCB,42,5
arp,ts_gsr,14,PCB,43,5
arp,ts_gsr,14,PCB,44,5
arp,ts_gsr,14,PCB,45,5
arp,ts_gsr,14,PCB,46,5
arp,ts_gsr,14,PCB,47,5
arp,ts_gsr,14,PCB,48,5
arp,ts_gsr,14,PCB,49,5
arp,ts_gsr,14,PCB,50,5
arp,ts_gsr,14,PCB,51,5
arp,ts_gsr,14,PCB,52,5
arp,ts_gsr,14,PCB,53,5
arp,ts_gsr,14,PCB,54,5
arp,ts_gsr,14,PCB,55,5
arp,ts_gsr,14,PCB,56,5
arp,ts_gsr,14,PCB,57,5
arp,ts_gsr,14,PCB,58,5
arp,ts_gsr,14,PCB,59,5
arp,ts_gsr,14,PCB,60,5
arp,ts_gsr,14,PCB,61,5
arp,ts_gsr,14,PCB,62,5
arp,ts_gsr,14,PCB,63,5
arp,ts_gsr,14,PCB,64,5
arp,ts_gsr,14,PCB,65,5
arp,ts_gsr,14,PCB,66,5
arp,ts_gsr,14,PCB,67,5
arp,ts_gsr,14,PCB,68,5
arp,ts_gsr,14,PCB,69,5
arp,ts_gsr,14,PCB,70,5
arp,ts_gsr,14,PCB,71,5
arp,ts_gsr,14,PCB,72,5
arp,ts_gsr,14,PCB,73,5
arp,ts_gsr,14,PCB,74,5
arp,ts_gsr,14,PCB,75,5
arp,ts_gsr,14,PCB,76,5
arp,ts_gsr,14,PCB,77,5
arp,ts_gsr,14,PCB,78,5
arp,ts_gsr,14,PCB,79,5
arp,ts_gsr,14,PCB,80,5
arp,ts_gsr,14,PCB,81,5
arp,ts_gsr,14,PCB,82,5
arp,ts_gsr,14,PCB,83,5
arp,ts_gsr,14,PCB,84,5
arp,ts_gsr,14,PCB,85,5
arp,ts_gsr,14,PCB,86,5
arp,ts_gsr,14,PCB,87,5
arp,ts_gsr,14,PCB,88,5
arp,ts_gsr,14,PCB,89,5
arp,ts_gsr,14,PCB,90,5
arp,ts_gsr,14,PCB,91,5
arp,ts_gsr,14,PCB,92,5
arp,ts_gsr,14,PCB,93,5
arp,ts_gsr,14,PCB,94,5
arp,ts_gsr,14,PCB,95,5
arp,ts_gsr,14,PCB,96,5
arp,ts_gsr,14,PCB,97,5
arp,ts_gsr,14,PCB,98,5
arp,ts_gsr,14,PCB,99,5
arp,ts_gsr,14,PCB,100,5
arp,ts_gsr,14,PCB,101,5
arp,ts_gsr,14,PCB,102,5
arp,ts_gsr,14,PCB,103,5
arp,ts_gsr,14,PCB,104,5
arp,ts_gsr,14,PCB,105,5
arp,ts_gsr,14,PCB,106,5
arp,ts_gsr,14,PCB,107,5
arp,ts_gsr,14,PCB,108,5
arp,ts_gsr,14,PCB,109,5
arp,ts_gsr,14,PCB,110,5
arp,ts_gsr,14,PCB,111,5
arp,ts_gsr,14,PCB,112,5
arp,ts_gsr,14,PCB,113,5
arp,ts_gsr,14,PCB,114,5
arp,ts_gsr,14,PCB,115,5
arp,ts_demean,1,DMT,0,5
arp,ts_demean,1,DMT,1,5
arp,ts_demean,1,DMT,2,5
arp,ts_demean,1,DMT,3,5
arp,ts_demean,1,DMT,4,5
arp,ts_demean,1,DMT,5,5
arp,ts_demean,1,DMT,6,5
arp,ts_demean,1,DMT,7,5
arp,ts_demean,1,DMT,8,5
arp,ts_demean,1,DMT,9,5
arp,ts_demean,1,DMT,10,5
arp,ts_demean,1,DMT,11,5
arp,ts_demean,1,DMT,12,5
arp,ts_demean,1,DMT,13,5
arp,ts_demean,1,DMT,14,5
arp,ts_demean,1,DMT,15,5
arp,ts_demean,1,DMT,16,5
arp,ts_demean,1,DMT,17,5
arp,ts_demean,1,DMT,18,5
arp,ts_demean,1,DMT,19,5
arp,ts_demean,1,DMT,21,5
arp,ts_demean,1,DMT,22,5
arp,ts_demean,1,DMT,23,5
arp,ts_demean,1,DMT,24,5
arp,ts_demean,1,DMT,25,5
arp,ts_demean,1,DMT,26,5
arp,ts_demean,1,DMT,27,5
arp,ts_demean,1,DMT,28,5
arp,ts_demean,1,DMT,29,5
arp,ts_demean,1,DMT,30,5
arp,ts_demean,1,DMT,31,5
arp,ts_demean,1,DMT,32,5
arp,ts_demean,1,DMT,33,5
arp,ts_demean,1,DMT,34,5
arp,ts_demean,1,DMT,35,5
arp,ts_demean,1,DMT,36,5
arp,ts_demean,1,DMT,37,5
arp,ts_demean,1,DMT,38,5
arp,ts_demean,1,DMT,39,5
arp,ts_demean,1,DMT,40,5
arp,ts_demean,1,DMT,41,5
arp,ts_demean,1,DMT,42,5
arp,ts_demean,1,DMT,43,5
arp,ts_demean,1,DMT,44,5
arp,ts_demean,1,DMT,45,5
arp,ts_demean,1,DMT,46,5
arp,ts_demean,1,DMT,47,5
arp,ts_demean,1,DMT,48,5
arp,ts_demean,1,DMT,49,5
arp,ts_demean,1,DMT,50,5
arp,ts_demean,1,DMT,51,5
arp,ts_demean,1,DMT,52,5
arp,ts_demean,1,DMT,53,5
arp,ts_demean,1,DMT,54,5
arp,ts_demean,1,DMT,55,5
arp,ts_demean,1,DMT,56,5
arp,ts_demean,1,DMT,57,5
arp,ts_demean,1,DMT,58,5
arp,ts_demean,1,DMT,59,5
arp,ts_demean,1,DMT,60,5
arp,ts_demean,1,DMT,61,5
arp,ts_demean,1,DMT,62,5
arp,ts_demean,1,DMT,63,5
arp,ts_demean,1,DMT,64,5
arp,ts_demean,1,DMT,65,5
arp,ts_demean,1,DMT,66,5
arp,ts_demean,1,DMT,67,5
arp,ts_demean,1,DMT,68,5
arp,ts_demean,1,DMT,69,5
arp,ts_demean,1,DMT,70,5
arp,ts_demean,1,DMT,71,5
arp,ts_demean,1,DMT,72,5
arp,ts_demean,1,DMT,73,5
arp,ts_demean,1,DMT,74,5
arp,ts_demean,1,DMT,75,5
arp,ts_demean,1,DMT,76,5
arp,ts_demean,1,DMT,77,5
arp,ts_demean,1,DMT,78,5
arp,ts_demean,1,DMT,79,5
arp,ts_demean,1,DMT,80,5
arp,ts_demean,1,DMT,81,5
arp,ts_demean,1,DMT,82,5
arp,ts_demean,1,DMT,83,5
arp,ts_demean,1,DMT,84,5
arp,ts_demean,1,DMT,85,5
arp,ts_demean,1,DMT,86,5
arp,ts_demean,1,DMT,87,5
arp,ts_demean,1,DMT,88,5
arp,ts_demean,1,DMT,89,5
arp,ts_demean,1,DMT,90,5
arp,ts_demean,1,DMT,91,5
arp,ts_demean,1,DMT,92,5
arp,ts_demean,1,DMT,93,5
arp,ts_demean,1,DMT,94,5
arp,ts_demean,1,DMT,95,5
arp,ts_demean,1,DMT,96,5
arp,ts_demean,1,DMT,97,5
arp,ts_demean,1,DMT,98,5
arp,ts_demean,1,DMT,99,5
arp,ts_demean,1,DMT,100,5
arp,ts_demean,1,DMT,101,5
arp,ts_demean,1,DMT,102,5
arp,ts_demean,1,DMT,103,5
arp,ts_demean,1,DMT,104,5
arp,ts_demean,1,DMT,105,5
arp,ts_demean,1,DMT,106,5
arp,ts_demean,1,DMT,107,5
arp,ts_demean,1,DMT,108,5
arp,ts_demean,1,DMT,109,5
arp,ts_demean,1,DMT,110,5
arp,ts_demean,1,DMT,111,5
arp,ts_demean,1,DMT,112,5
arp,ts_demean,1,DMT,113,5
arp,ts_demean,1,DMT,114,5
arp,ts_demean,1,DMT,115,5
arp,ts_demean,1,PCB,0,5
arp,ts_demean,1,PCB,1,5
arp,ts_demean,1,PCB,2,5
arp,ts_demean,1,PCB,3,5
arp,ts_demean,1,PCB,4,5
arp,ts_demean,1,PCB,5,5
arp,ts_demean,1,PCB,6,5
arp,ts_demean,1,PCB,7,5
arp,ts_demean,1,PCB,8,5
arp,ts_demean,1,PCB,9,5
arp,ts_demean,1,PCB,10,5
arp,ts_demean,1,PCB,11,5
arp,ts_demean,1,PCB,12,5
arp,ts_demean,1,PCB,13,5
arp,ts_demean,1,PCB,14,5
arp,ts_demean,1,PCB,15,5
arp,ts_demean,1,PCB,16,5
arp,ts_demean,1,PCB,17,5
arp,ts_demean,1,PCB,18,5
arp,ts_demean,1,PCB,19,5
arp,ts_demean,1,PCB,21,5
arp,ts_demean,1,PCB,22,5
arp,ts_demean,1,PCB,23,5
arp,ts_demean,1,PCB,24,5
arp,ts_demean,1,PCB,25,5
arp,ts_demean,1,PCB,26,5
arp,ts_demean,1,PCB,27,5
arp,ts_demean,1,PCB,28,5
arp,ts_demean,1,PCB,29,5
arp,ts_demean,1,PCB,30,5
arp,ts_demean,1,PCB,31,5
arp,ts_demean,1,PCB,32,5
arp,ts_demean,1,PCB,33,5
arp,ts_demean,1,PCB,34,5
arp,ts_demean,1,PCB,35,5
arp,ts_demean,1,PCB,36,5
arp,ts_demean,1,PCB,37,5
arp,ts_demean,1,PCB,38,5
arp,ts_demean,1,PCB,39,5
arp,ts_demean,1,PCB,40,5
arp,ts_demean,1,PCB,41,5
arp,ts_demean,1,PCB,42,5
arp,ts_demean,1,PCB,43,5
arp,ts_demean,1,PCB,44,5
arp,ts_demean,1,PCB,45,5
arp,ts_demean,1,PCB,46,5
arp,ts_demean,1,PCB,47,5
arp,ts_demean,1,PCB,48,5
arp,ts_demean,1,PCB,49,5
arp,ts_demean,1,PCB,50,5
arp,ts_demean,1,PCB,51,5
arp,ts_demean,1,PCB,52,5
arp,ts_demean,1,PCB,53,5
arp,ts_demean,1,PCB,54,5
arp,ts_demean,1,PCB,55,5
arp,ts_demean,1,PCB,56,5
arp,ts_demean,1,PCB,57,5
arp,ts_demean,1,PCB,58,5
arp,ts_demean,1,PCB,59,5
arp,ts_demean,1,PCB,60,5
arp,ts_demean,1,PCB,61,5
arp,ts_demean,1,PCB,62,5
arp,ts_demean,1,PCB,63,5
arp,ts_demean,1,PCB,64,5
arp,ts_demean,1,PCB,65,5
arp,ts_demean,1,PCB,66,5
arp,ts_demean,1,PCB,67,5
arp,ts_demean,1,PCB,68,5
arp,ts_demean,1,PCB,69,5
arp,ts_demean,1,PCB,70,5
arp,ts_demean,1,PCB,71,5
arp,ts_demean,1,PCB,72,5
arp,ts_demean,1,PCB,73,5
arp,ts_demean,1,PCB,74,5
arp,ts_demean,1,PCB,75,5
arp,ts_demean,1,PCB,76,5
arp,ts_demean,1,PCB,77,5
arp,ts_demean,1,PCB,78,5
arp,ts_demean,1,PCB,79,5
arp,ts_demean,1,PCB,80,5
arp,ts_demean,1,PCB,81,5
arp,ts_demean,1,PCB,82,5
arp,ts_demean,1,PCB,83,5
arp,ts_demean,1,PCB,84,5
arp,ts_demean,1,PCB,85,5
arp,ts_demean,1,PCB,86,5
arp,ts_demean,1,PCB,87,5
arp,ts_demean,1,PCB,88,5
arp,ts_demean,1,PCB,89,5
arp,ts_demean,1,PCB,90,5
arp,ts_demean,1,PCB,91,5
arp,ts_demean,1,PCB,92,5
arp,ts_demean,1,PCB,93,5
arp,ts_demean,1,PCB,94,5
arp,ts_demean,1,PCB,95,5
arp,ts_demean,1,PCB,96,5
arp,ts_demean,1,PCB,97,5
arp,ts_demean,1,PCB,98,5
arp,ts_demean,1,PCB,99,5
arp,ts_demean,1,PCB,100,5
arp,ts_demean,1,PCB,101,5
arp,ts_demean,1,PCB,102,5
arp,ts_demean,1,PCB,103,5
arp,ts_demean,1,PCB,104,5
arp,ts_demean,1,PCB,105,5
arp,ts_demean,1,PCB,106,5
arp,ts_demean,1,PCB,107,5
arp,ts_demean,1,PCB,108,5
arp,ts_demean,1,PCB,109,5
arp,ts_demean,1,PCB,110,5
arp,ts_demean,1,PCB,111,5
arp,ts_demean,1,PCB,112,5
arp,ts_demean,1,PCB,113,5
arp,ts_demean,1,PCB,114,5
arp,ts_demean,1,PCB,115,5
arp,ts_demean,2,DMT,0,5
arp,ts_demean,2,DMT,1,5
arp,ts_demean,2,DMT,2,5
arp,ts_demean,2,DMT,3,5
arp,ts_demean,2,DMT,4,5
arp,ts_demean,2,DMT,5,5
arp,ts_demean,2,DMT,6,5
arp,ts_demean,2,DMT,7,5
arp,ts_demean,2,DMT,8,5
arp,ts_demean,2,DMT,9,5
arp,ts_demean,2,DMT,10,5
arp,ts_demean,2,DMT,11,5
arp,ts_demean,2,DMT,12,5
arp,ts_demean,2,DMT,13,5
arp,ts_demean,2,DMT,14,5
arp,ts_demean,2,DMT,15,5
arp,ts_demean,2,DMT,16,5
arp,ts_demean,2,DMT,17,5
arp,ts_demean,2,DMT,18,5
arp,ts_demean,2,DMT,19,5
arp,ts_demean,2,DMT,21,5
arp,ts_demean,2,DMT,22,5
arp,ts_demean,2,DMT,23,5
arp,ts_demean,2,DMT,24,5
arp,ts_demean,2,DMT,25,5
arp,ts_demean,2,DMT,26,5
arp,ts_demean,2,DMT,27,5
arp,ts_demean,2,DMT,28,5
arp,ts_demean,2,DMT,29,5
arp,ts_demean,2,DMT,30,5
arp,ts_demean,2,DMT,31,5
arp,ts_demean,2,DMT,32,5
arp,ts_demean,2,DMT,33,5
arp,ts_demean,2,DMT,34,5
arp,ts_demean,2,DMT,35,5
arp,ts_demean,2,DMT,36,5
arp,ts_demean,2,DMT,37,5
arp,ts_demean,2,DMT,38,5
arp,ts_demean,2,DMT,39,5
arp,ts_demean,2,DMT,40,5
arp,ts_demean,2,DMT,41,5
arp,ts_demean,2,DMT,42,5
arp,ts_demean,2,DMT,43,5
arp,ts_demean,2,DMT,44,5
arp,ts_demean,2,DMT,45,5
arp,ts_demean,2,DMT,46,5
arp,ts_demean,2,DMT,47,5
arp,ts_demean,2,DMT,48,5
arp,ts_demean,2,DMT,49,5
arp,ts_demean,2,DMT,50,5
arp,ts_demean,2,DMT,51,5
arp,ts_demean,2,DMT,52,5
arp,ts_demean,2,DMT,53,5
arp,ts_demean,2,DMT,54,5
arp,ts_demean,2,DMT,55,5
arp,ts_demean,2,DMT,56,5
arp,ts_demean,2,DMT,57,5
arp,ts_demean,2,DMT,58,5
arp,ts_demean,2,DMT,59,5
arp,ts_demean,2,DMT,60,5
arp,ts_demean,2,DMT,61,5
arp,ts_demean,2,DMT,62,5
arp,ts_demean,2,DMT,63,5
arp,ts_demean,2,DMT,64,5
arp,ts_demean,2,DMT,65,5
arp,ts_demean,2,DMT,66,5
arp,ts_demean,2,DMT,67,5
arp,ts_demean,2,DMT,68,5
arp,ts_demean,2,DMT,69,5
arp,ts_demean,2,DMT,70,5
arp,ts_demean,2,DMT,71,5
arp,ts_demean,2,DMT,72,5
arp,ts_demean,2,DMT,73,5
arp,ts_demean,2,DMT,74,5
arp,ts_demean,2,DMT,75,5
arp,ts_demean,2,DMT,76,5
arp,ts_demean,2,DMT,77,5
arp,ts_demean,2,DMT,78,5
arp,ts_demean,2,DMT,79,5
arp,ts_demean,2,DMT,80,5
arp,ts_demean,2,DMT,81,5
arp,ts_demean,2,DMT,82,5
arp,ts_demean,2,DMT,83,5
arp,ts_demean,2,DMT,84,5
arp,ts_demean,2,DMT,85,5
arp,ts_demean,2,DMT,86,5
arp,ts_demean,2,DMT,87,5
arp,ts_demean,2,DMT,88,5
arp,ts_demean,2,DMT,89,5
arp,ts_demean,2,DMT,90,5
arp,ts_demean,2,DMT,91,5
arp,ts_demean,2,DMT,92,5
arp,ts_demean,2,DMT,93,5
arp,ts_demean,2,DMT,94,5
arp,ts_demean,2,DMT,95,5
arp,ts_demean,2,DMT,96,5
arp,ts_demean,2,DMT,97,5
arp,ts_demean,2,DMT,98,5
arp,ts_demean,2,DMT,99,5
arp,ts_demean,2,DMT,100,5
arp,ts_demean,2,DMT,101,5
arp,ts_demean,2,DMT,102,5
arp,ts_demean,2,DMT,103,5
arp,ts_demean,2,DMT,104,5
arp,ts_demean,2,DMT,105,5
arp,ts_demean,2,DMT,106,5
arp,ts_demean,2,DMT,107,5
arp,ts_demean,2,DMT,108,5
arp,ts_demean,2,DMT,109,5
arp,ts_demean,2,DMT,110,5
arp,ts_demean,2,DMT,111,5
arp,ts_demean,2,DMT,112,5
arp,ts_demean,2,DMT,113,5
arp,ts_demean,2,DMT,114,5
arp,ts_demean,2,DMT,115,5
arp,ts_demean,2,PCB,0,5
arp,ts_demean,2,PCB,1,5
arp,ts_demean,2,PCB,2,5
arp,ts_demean,2,PCB,3,5
arp,ts_demean,2,PCB,4,5
arp,ts_demean,2,PCB,5,5
arp,ts_demean,2,PCB,6,5
arp,ts_demean,2,PCB,7,5
arp,ts_demean,2,PCB,8,5
arp,ts_demean,2,PCB,9,5
arp,ts_demean,2,PCB,10,5
arp,ts_demean,2,PCB,11,5
arp,ts_demean,2,PCB,12,5
arp,ts_demean,2,PCB,13,5
arp,ts_demean,2,PCB,14,5
arp,ts_demean,2,PCB,15,5
arp,ts_demean,2,PCB,16,5
arp,ts_demean,2,PCB,17,5
arp,ts_demean,2,PCB,18,5
arp,ts_demean,2,PCB,19,5
arp,ts_demean,2,PCB,21,5
arp,ts_demean,2,PCB,22,5
arp,ts_demean,2,PCB,23,5
arp,ts_demean,2,PCB,24,5
arp,ts_demean,2,PCB,25,5
arp,ts_demean,2,PCB,26,5
arp,ts_demean,2,PCB,27,5
arp,ts_demean,2,PCB,28,5
arp,ts_demean,2,PCB,29,5
arp,ts_demean,2,PCB,30,5
arp,ts_demean,2,PCB,31,5
arp,ts_demean,2,PCB,32,5
arp,ts_demean,2,PCB,33,5
arp,ts_demean,2,PCB,34,5
arp,ts_demean,2,PCB,35,5
arp,ts_demean,2,PCB,36,5
arp,ts_demean,2,PCB,37,5
arp,ts_demean,2,PCB,38,5
arp,ts_demean,2,PCB,39,5
arp,ts_demean,2,PCB,40,5
arp,ts_demean,2,PCB,41,5
arp,ts_demean,2,PCB,42,5
arp,ts_demean,2,PCB,43,5
arp,ts_demean,2,PCB,44,5
arp,ts_demean,2,PCB,45,5
arp,ts_demean,2,PCB,46,5
arp,ts_demean,2,PCB,47,5
arp,ts_demean,2,PCB,48,5
arp,ts_demean,2,PCB,49,5
arp,ts_demean,2,PCB,50,5
arp,ts_demean,2,PCB,51,5
arp,ts_demean,2,PCB,52,5
arp,ts_demean,2,PCB,53,5
arp,ts_demean,2,PCB,54,5
arp,ts_demean,2,PCB,55,5
arp,ts_demean,2,PCB,56,5
arp,ts_demean,2,PCB,57,5
arp,ts_demean,2,PCB,58,5
arp,ts_demean,2,PCB,59,5
arp,ts_demean,2,PCB,60,5
arp,ts_demean,2,PCB,61,5
arp,ts_demean,2,PCB,62,5
arp,ts_demean,2,PCB,63,5
arp,ts_demean,2,PCB,64,5
arp,ts_demean,2,PCB,65,5
arp,ts_demean,2,PCB,66,5
arp,ts_demean,2,PCB,67,5
arp,ts_demean,2,PCB,68,5
arp,ts_demean,2,PCB,69,5
arp,ts_demean,2,PCB,70,5
arp,ts_demean,2,PCB,71,5
arp,ts_demean,2,PCB,72,5
arp,ts_demean,2,PCB,73,5
arp,ts_demean,2,PCB,74,5
arp,ts_demean,2,PCB,75,5
arp,ts_demean,2,PCB,76,5
arp,ts_demean,2,PCB,77,5
arp,ts_demean,2,PCB,78,5
arp,ts_demean,2,PCB,79,5
arp,ts_demean,2,PCB,80,5
arp,ts_demean,2,PCB,81,5
arp,ts_demean,2,PCB,82,5
arp,ts_demean,2,PCB,83,5
arp,ts_demean,2,PCB,84,5
arp,ts_demean,2,PCB,85,5
arp,ts_demean,2,PCB,86,5
arp,ts_demean,2,PCB,87,5
arp,ts_demean,2,PCB,88,5
arp,ts_demean,2,PCB,89,5
arp,ts_demean,2,PCB,90,5
arp,ts_demean,2,PCB,91,5
arp,ts_demean,2,PCB,92,5
arp,ts_demean,2,PCB,93,5
arp,ts_demean,2,PCB,94,5
arp,ts_demean,2,PCB,95,5
arp,ts_demean,2,PCB,96,5
arp,ts_demean,2,PCB,97,5
arp,ts_demean,2,PCB,98,5
arp,ts_demean,2,PCB,99,5
arp,ts_demean,2,PCB,100,5
arp,ts_demean,2,PCB,101,5
arp,ts_demean,2,PCB,102,5
arp,ts_demean,2,PCB,103,5
arp,ts_demean,2,PCB,104,5
arp,ts_demean,2,PCB,105,5
arp,ts_demean,2,PCB,106,5
arp,ts_demean,2,PCB,107,5
arp,ts_demean,2,PCB,108,5
arp,ts_demean,2,PCB,109,5
arp,ts_demean,2,PCB,110,5
arp,ts_demean,2,PCB,111,5
arp,ts_demean,2,PCB,112,5
arp,ts_demean,2,PCB,113,5
arp,ts_demean,2,PCB,114,5
arp,ts_demean,2,PCB,115,5
arp,ts_demean,3,DMT,0,5
arp,ts_demean,3,DMT,1,5
arp,ts_demean,3,DMT,2,5
arp,ts_demean,3,DMT,3,5
arp,ts_demean,3,DMT,4,5
arp,ts_demean,3,DMT,5,5
arp,ts_demean,3,DMT,6,5
arp,ts_demean,3,DMT,7,5
arp,ts_demean,3,DMT,8,5
arp,ts_demean,3,DMT,9,5
arp,ts_demean,3,DMT,10,5
arp,ts_demean,3,DMT,11,5
arp,ts_demean,3,DMT,12,5
arp,ts_demean,3,DMT,13,5
arp,ts_demean,3,DMT,14,5
arp,ts_demean,3,DMT,15,5
arp,ts_demean,3,DMT,16,5
arp,ts_demean,3,DMT,17,5
arp,ts_demean,3,DMT,18,5
arp,ts_demean,3,DMT,19,5
arp,ts_demean,3,DMT,21,5
arp,ts_demean,3,DMT,22,5
arp,ts_demean,3,DMT,23,5
arp,ts_demean,3,DMT,24,5
arp,ts_demean,3,DMT,25,5
arp,ts_demean,3,DMT,26,5
arp,ts_demean,3,DMT,27,5
arp,ts_demean,3,DMT,28,5
arp,ts_demean,3,DMT,29,5
arp,ts_demean,3,DMT,30,5
arp,ts_demean,3,DMT,31,5
arp,ts_demean,3,DMT,32,5
arp,ts_demean,3,DMT,33,5
arp,ts_demean,3,DMT,34,5
arp,ts_demean,3,DMT,35,5
arp,ts_demean,3,DMT,36,5
arp,ts_demean,3,DMT,37,5
arp,ts_demean,3,DMT,38,5
arp,ts_demean,3,DMT,39,5
arp,ts_demean,3,DMT,40,5
arp,ts_demean,3,DMT,41,5
arp,ts_demean,3,DMT,42,5
arp,ts_demean,3,DMT,43,5
arp,ts_demean,3,DMT,44,5
arp,ts_demean,3,DMT,45,5
arp,ts_demean,3,DMT,46,5
arp,ts_demean,3,DMT,47,5
arp,ts_demean,3,DMT,48,5
arp,ts_demean,3,DMT,49,5
arp,ts_demean,3,DMT,50,5
arp,ts_demean,3,DMT,51,5
arp,ts_demean,3,DMT,52,5
arp,ts_demean,3,DMT,53,5
arp,ts_demean,3,DMT,54,5
arp,ts_demean,3,DMT,55,5
arp,ts_demean,3,DMT,56,5
arp,ts_demean,3,DMT,57,5
arp,ts_demean,3,DMT,58,5
arp,ts_demean,3,DMT,59,5
arp,ts_demean,3,DMT,60,5
arp,ts_demean,3,DMT,61,5
arp,ts_demean,3,DMT,62,5
arp,ts_demean,3,DMT,63,5
arp,ts_demean,3,DMT,64,5
arp,ts_demean,3,DMT,65,5
arp,ts_demean,3,DMT,66,5
arp,ts_demean,3,DMT,67,5
arp,ts_demean,3,DMT,68,5
arp,ts_demean,3,DMT,69,5
arp,ts_demean,3,DMT,70,5
arp,ts_demean,3,DMT,71,5
arp,ts_demean,3,DMT,72,5
arp,ts_demean,3,DMT,73,5
arp,ts_demean,3,DMT,74,5
arp,ts_demean,3,DMT,75,5
arp,ts_demean,3,DMT,76,5
arp,ts_demean,3,DMT,77,5
arp,ts_demean,3,DMT,78,5
arp,ts_demean,3,DMT,79,5
arp,ts_demean,3,DMT,80,5
arp,ts_demean,3,DMT,81,5
arp,ts_demean,3,DMT,82,5
arp,ts_demean,3,DMT,83,5
arp,ts_demean,3,DMT,84,5
arp,ts_demean,3,DMT,85,5
arp,ts_demean,3,DMT,86,5
arp,ts_demean,3,DMT,87,5
arp,ts_demean,3,DMT,88,5
arp,ts_demean,3,DMT,89,5
arp,ts_demean,3,DMT,90,5
arp,ts_demean,3,DMT,91,5
arp,ts_demean,3,DMT,92,5
arp,ts_demean,3,DMT,93,5
arp,ts_demean,3,DMT,94,5
arp,ts_demean,3,DMT,95,5
arp,ts_demean,3,DMT,96,5
arp,ts_demean,3,DMT,97,5
arp,ts_demean,3,DMT,98,5
arp,ts_demean,3,DMT,99,5
arp,ts_demean,3,DMT,100,5
arp,ts_demean,3,DMT,101,5
arp,ts_demean,3,DMT,102,5
arp,ts_demean,3,DMT,103,5
arp,ts_demean,3,DMT,104,5
arp,ts_demean,3,DMT,105,5
arp,ts_demean,3,DMT,106,5
arp,ts_demean,3,DMT,107,5
arp,ts_demean,3,DMT,108,5
arp,ts_demean,3,DMT,109,5
arp,ts_demean,3,DMT,110,5
arp,ts_demean,3,DMT,111,5
arp,ts_demean,3,DMT,112,5
arp,ts_demean,3,DMT,113,5
arp,ts_demean,3,DMT,114,5
arp,ts_demean,3,DMT,115,5
arp,ts_demean,3,PCB,0,5
arp,ts_demean,3,PCB,1,5
arp,ts_demean,3,PCB,2,5
arp,ts_demean,3,PCB,3,5
arp,ts_demean,3,PCB,4,5
arp,ts_demean,3,PCB,5,5
arp,ts_demean,3,PCB,6,5
arp,ts_demean,3,PCB,7,5
arp,ts_demean,3,PCB,8,5
arp,ts_demean,3,PCB,9,5
arp,ts_demean,3,PCB,10,5
arp,ts_demean,3,PCB,11,5
arp,ts_demean,3,PCB,12,5
arp,ts_demean,3,PCB,13,5
arp,ts_demean,3,PCB,14,5
arp,ts_demean,3,PCB,15,5
arp,ts_demean,3,PCB,16,5
arp,ts_demean,3,PCB,17,5
arp,ts_demean,3,PCB,18,5
arp,ts_demean,3,PCB,19,5
arp,ts_demean,3,PCB,21,5
arp,ts_demean,3,PCB,22,5
arp,ts_demean,3,PCB,23,5
arp,ts_demean,3,PCB,24,5
arp,ts_demean,3,PCB,25,5
arp,ts_demean,3,PCB,26,5
arp,ts_demean,3,PCB,27,5
arp,ts_demean,3,PCB,28,5
arp,ts_demean,3,PCB,29,5
arp,ts_demean,3,PCB,30,5
arp,ts_demean,3,PCB,31,5
arp,ts_demean,3,PCB,32,5
arp,ts_demean,3,PCB,33,5
arp,ts_demean,3,PCB,34,5
arp,ts_demean,3,PCB,35,5
arp,ts_demean,3,PCB,36,5
arp,ts_demean,3,PCB,37,5
arp,ts_demean,3,PCB,38,5
arp,ts_demean,3,PCB,39,5
arp,ts_demean,3,PCB,40,5
arp,ts_demean,3,PCB,41,5
arp,ts_demean,3,PCB,42,5
arp,ts_demean,3,PCB,43,5
arp,ts_demean,3,PCB,44,5
arp,ts_demean,3,PCB,45,4
arp,ts_demean,3,PCB,46,5
arp,ts_demean,3,PCB,47,5
arp,ts_demean,3,PCB,48,5
arp,ts_demean,3,PCB,49,5
arp,ts_demean,3,PCB,50,5
arp,ts_demean,3,PCB,51,5
arp,ts_demean,3,PCB,52,5
arp,ts_demean,3,PCB,53,5
arp,ts_demean,3,PCB,54,5
arp,ts_demean,3,PCB,55,5
arp,ts_demean,3,PCB,56,5
arp,ts_demean,3,PCB,57,5
arp,ts_demean,3,PCB,58,5
arp,ts_demean,3,PCB,59,5
arp,ts_demean,3,PCB,60,5
arp,ts_demean,3,PCB,61,5
arp,ts_demean,3,PCB,62,5
arp,ts_demean,3,PCB,63,5
arp,ts_demean,3,PCB,64,5
arp,ts_demean,3,PCB,65,5
arp,ts_demean,3,PCB,66,5
arp,ts_demean,3,PCB,67,5
arp,ts_demean,3,PCB,68,5
arp,ts_demean,3,PCB,69,5
arp,ts_demean,3,PCB,70,5
arp,ts_demean,3,PCB,71,5
arp,ts_demean,3,PCB,72,5
arp,ts_demean,3,PCB,73,5
arp,ts_demean,3,PCB,74,5
arp,ts_demean,3,PCB,75,5
arp,ts_demean,3,PCB,76,5
arp,ts_demean,3,PCB,77,5
arp,ts_demean,3,PCB,78,5
arp,ts_demean,3,PCB,79,5
arp,ts_demean,3,PCB,80,5
arp,ts_demean,3,PCB,81,5
arp,ts_demean,3,PCB,82,5
arp,ts_demean,3,PCB,83,5
arp,ts_demean,3,PCB,84,5
arp,ts_demean,3,PCB,85,5
arp,ts_demean,3,PCB,86,5
arp,ts_demean,3,PCB,87,5
arp,ts_demean,3,PCB,88,5
arp,ts_demean,3,PCB,89,5
arp,ts_demean,3,PCB,90,5
arp,ts_demean,3,PCB,91,5
arp,ts_demean,3,PCB,92,5
arp,ts_demean,3,PCB,93,5
arp,ts_demean,3,PCB,94,5
arp,ts_demean,3,PCB,95,5
arp,ts_demean,3,PCB,96,5
arp,ts_demean,3,PCB,97,5
arp,ts_demean,3,PCB,98,5
arp,ts_demean,3,PCB,99,5
arp,ts_demean,3,PCB,100,5
arp,ts_demean,3,PCB,101,5
arp,ts_demean,3,PCB,102,5
arp,ts_demean,3,PCB,103,5
arp,ts_demean,3,PCB,104,5
arp,ts_demean,3,PCB,105,5
arp,ts_demean,3,PCB,106,5
arp,ts_demean,3,PCB,107,5
arp,ts_demean,3,PCB,108,5
arp,ts_demean,3,PCB,109,5
arp,ts_demean,3,PCB,110,5
arp,ts_demean,3,PCB,111,5
arp,ts_demean,3,PCB,112,5
arp,ts_demean,3,PCB,113,5
arp,ts_demean,3,PCB,114,5
arp,ts_demean,3,PCB,115,5
arp,ts_demean,4,DMT,0,5
arp,ts_demean,4,DMT,1,5
arp,ts_demean,4,DMT,2,5
arp,ts_demean,4,DMT,3,5
arp,ts_demean,4,DMT,4,5
arp,ts_demean,4,DMT,5,5
arp,ts_demean,4,DMT,6,5
arp,ts_demean,4,DMT,7,5
arp,ts_demean,4,DMT,8,5
arp,ts_demean,4,DMT,9,5
arp,ts_demean,4,DMT,10,5
arp,ts_demean,4,DMT,11,5
arp,ts_demean,4,DMT,12,5
arp,ts_demean,4,DMT,13,5
arp,ts_demean,4,DMT,14,5
arp,ts_demean,4,DMT,15,5
arp,ts_demean,4,DMT,16,5
arp,ts_demean,4,DMT,17,5
arp,ts_demean,4,DMT,18,5
arp,ts_demean,4,DMT,19,5
arp,ts_demean,4,DMT,21,5
arp,ts_demean,4,DMT,22,5
arp,ts_demean,4,DMT,23,5
arp,ts_demean,4,DMT,24,5
arp,ts_demean,4,DMT,25,5
arp,ts_demean,4,DMT,26,5
arp,ts_demean,4,DMT,27,5
arp,ts_demean,4,DMT,28,5
arp,ts_demean,4,DMT,29,5
arp,ts_demean,4,DMT,30,5
arp,ts_demean,4,DMT,31,5
arp,ts_demean,4,DMT,32,5
arp,ts_demean,4,DMT,33,5
arp,ts_demean,4,DMT,34,5
arp,ts_demean,4,DMT,35,5
arp,ts_demean,4,DMT,36,5
arp,ts_demean,4,DMT,37,5
arp,ts_demean,4,DMT,38,5
arp,ts_demean,4,DMT,39,5
arp,ts_demean,4,DMT,40,5
arp,ts_demean,4,DMT,41,5
arp,ts_demean,4,DMT,42,5
arp,ts_demean,4,DMT,43,5
arp,ts_demean,4,DMT,44,5
arp,ts_demean,4,DMT,45,5
arp,ts_demean,4,DMT,46,5
arp,ts_demean,4,DMT,47,5
arp,ts_demean,4,DMT,48,5
arp,ts_demean,4,DMT,49,5
arp,ts_demean,4,DMT,50,5
arp,ts_demean,4,DMT,51,5
arp,ts_demean,4,DMT,52,5
arp,ts_demean,4,DMT,53,5
arp,ts_demean,4,DMT,54,5
arp,ts_demean,4,DMT,55,5
arp,ts_demean,4,DMT,56,5
arp,ts_demean,4,DMT,57,5
arp,ts_demean,4,DMT,58,5
arp,ts_demean,4,DMT,59,5
arp,ts_demean,4,DMT,60,5
arp,ts_demean,4,DMT,61,5
arp,ts_demean,4,DMT,62,5
arp,ts_demean,4,DMT,63,5
arp,ts_demean,4,DMT,64,5
arp,ts_demean,4,DMT,65,5
arp,ts_demean,4,DMT,66,5
arp,ts_demean,4,DMT,67,5
arp,ts_demean,4,DMT,68,5
arp,ts_demean,4,DMT,69,5
arp,ts_demean,4,DMT,70,5
arp,ts_demean,4,DMT,71,5
arp,ts_demean,4,DMT,72,5
arp,ts_demean,4,DMT,73,5
arp,ts_demean,4,DMT,74,5
arp,ts_demean,4,DMT,75,5
arp,ts_demean,4,DMT,76,5
arp,ts_demean,4,DMT,77,5
arp,ts_demean,4,DMT,78,5
arp,ts_demean,4,DMT,79,5
arp,ts_demean,4,DMT,80,5
arp,ts_demean,4,DMT,81,5
arp,ts_demean,4,DMT,82,5
arp,ts_demean,4,DMT,83,5
arp,ts_demean,4,DMT,84,5
arp,ts_demean,4,DMT,85,5
arp,ts_demean,4,DMT,86,5
arp,ts_demean,4,DMT,87,5
arp,ts_demean,4,DMT,88,5
arp,ts_demean,4,DMT,89,5
arp,ts_demean,4,DMT,90,5
arp,ts_demean,4,DMT,91,5
arp,ts_demean,4,DMT,92,5
arp,ts_demean,4,DMT,93,5
arp,ts_demean,4,DMT,94,5
arp,ts_demean,4,DMT,95,5
arp,ts_demean,4,DMT,96,5
arp,ts_demean,4,DMT,97,5
arp,ts_demean,4,DMT,98,5
arp,ts_demean,4,DMT,99,5
arp,ts_demean,4,DMT,100,5
arp,ts_demean,4,DMT,101,5
arp,ts_demean,4,DMT,102,5
arp,ts_demean,4,DMT,103,5
arp,ts_demean,4,DMT,104,5
arp,ts_demean,4,DMT,105,5
arp,ts_demean,4,DMT,106,5
arp,ts_demean,4,DMT,107,5
arp,ts_demean,4,DMT,108,5
arp,ts_demean,4,DMT,109,5
arp,ts_demean,4,DMT,110,5
arp,ts_demean,4,DMT,111,5
arp,ts_demean,4,DMT,112,5
arp,ts_demean,4,DMT,113,5
arp,ts_demean,4,DMT,114,5
arp,ts_demean,4,DMT,115,5
arp,ts_demean,4,PCB,0,5
arp,ts_demean,4,PCB,1,5
arp,ts_demean,4,PCB,2,5
arp,ts_demean,4,PCB,3,5
arp,ts_demean,4,PCB,4,5
arp,ts_demean,4,PCB,5,5
arp,ts_demean,4,PCB,6,5
arp,ts_demean,4,PCB,7,5
arp,ts_demean,4,PCB,8,5
arp,ts_demean,4,PCB,9,5
arp,ts_demean,4,PCB,10,5
arp,ts_demean,4,PCB,11,5
arp,ts_demean,4,PCB,12,5
arp,ts_demean,4,PCB,13,5
arp,ts_demean,4,PCB,14,5
arp,ts_demean,4,PCB,15,5
arp,ts_demean,4,PCB,16,5
arp,ts_demean,4,PCB,17,5
arp,ts_demean,4,PCB,18,5
arp,ts_demean,4,PCB,19,5
arp,ts_demean,4,PCB,21,5
arp,ts_demean,4,PCB,22,5
arp,ts_demean,4,PCB,23,5
arp,ts_demean,4,PCB,24,5
arp,ts_demean,4,PCB,25,5
arp,ts_demean,4,PCB,26,5
arp,ts_demean,4,PCB,27,5
arp,ts_demean,4,PCB,28,5
arp,ts_demean,4,PCB,29,5
arp,ts_demean,4,PCB,30,5
arp,ts_demean,4,PCB,31,5
arp,ts_demean,4,PCB,32,5
arp,ts_demean,4,PCB,33,5
arp,ts_demean,4,PCB,34,5
arp,ts_demean,4,PCB,35,5
arp,ts_demean,4,PCB,36,5
arp,ts_demean,4,PCB,37,5
arp,ts_demean,4,PCB,38,5
arp,ts_demean,4,PCB,39,5
arp,ts_demean,4,PCB,40,5
arp,ts_demean,4,PCB,41,5
arp,ts_demean,4,PCB,42,5
arp,ts_demean,4,PCB,43,5
arp,ts_demean,4,PCB,44,5
arp,ts_demean,4,PCB,45,5
arp,ts_demean,4,PCB,46,5
arp,ts_demean,4,PCB,47,5
arp,ts_demean,4,PCB,48,5
arp,ts_demean,4,PCB,49,5
arp,ts_demean,4,PCB,50,5
arp,ts_demean,4,PCB,51,5
arp,ts_demean,4,PCB,52,5
arp,ts_demean,4,PCB,53,5
arp,ts_demean,4,PCB,54,5
arp,ts_demean,4,PCB,55,5
arp,ts_demean,4,PCB,56,5
arp,ts_demean,4,PCB,57,5
arp,ts_demean,4,PCB,58,5
arp,ts_demean,4,PCB,59,5
arp,ts_demean,4,PCB,60,5
arp,ts_demean,4,PCB,61,5
arp,ts_demean,4,PCB,62,5
arp,ts_demean,4,PCB,63,5
arp,ts_demean,4,PCB,64,5
arp,ts_demean,4,PCB,65,5
arp,ts_demean,4,PCB,66,5
arp,ts_demean,4,PCB,67,5
arp,ts_demean,4,PCB,68,5
arp,ts_demean,4,PCB,69,5
arp,ts_demean,4,PCB,70,5
arp,ts_demean,4,PCB,71,5
arp,ts_demean,4,PCB,72,5
arp,ts_demean,4,PCB,73,5
arp,ts_demean,4,PCB,74,5
arp,ts_demean,4,PCB,75,5
arp,ts_demean,4,PCB,76,5
arp,ts_demean,4,PCB,77,5
arp,ts_demean,4,PCB,78,5
arp,ts_demean,4,PCB,79,5
arp,ts_demean,4,PCB,80,5
arp,ts_demean,4,PCB,81,5
arp,ts_demean,4,PCB,82,5
arp,ts_demean,4,PCB,83,5
arp,ts_demean,4,PCB,84,5
arp,ts_demean,4,PCB,85,5
arp,ts_demean,4,PCB,86,5
arp,ts_demean,4,PCB,87,5
arp,ts_demean,4,PCB,88,5
arp,ts_demean,4,PCB,89,5
arp,ts_demean,4,PCB,90,5
arp,ts_demean,4,PCB,91,5
arp,ts_demean,4,PCB,92,5
arp,ts_demean,4,PCB,93,5
arp,ts_demean,4,PCB,94,5
arp,ts_demean,4,PCB,95,5
arp,ts_demean,4,PCB,96,5
arp,ts_demean,4,PCB,97,5
arp,ts_demean,4,PCB,98,5
arp,ts_demean,4,PCB,99,5
arp,ts_demean,4,PCB,100,5
arp,ts_demean,4,PCB,101,5
arp,ts_demean,4,PCB,102,5
arp,ts_demean,4,PCB,103,5
arp,ts_demean,4,PCB,104,5
arp,ts_demean,4,PCB,105,5
arp,ts_demean,4,PCB,106,5
arp,ts_demean,4,PCB,107,5
arp,ts_demean,4,PCB,108,5
arp,ts_demean,4,PCB,109,5
arp,ts_demean,4,PCB,110,5
arp,ts_demean,4,PCB,111,5
arp,ts_demean,4,PCB,112,5
arp,ts_demean,4,PCB,113,5
arp,ts_demean,4,PCB,114,5
arp,ts_demean,4,PCB,115,5
arp,ts_demean,5,DMT,0,5
arp,ts_demean,5,DMT,1,5
arp,ts_demean,5,DMT,2,5
arp,ts_demean,5,DMT,3,5
arp,ts_demean,5,DMT,4,5
arp,ts_demean,5,DMT,5,5
arp,ts_demean,5,DMT,6,5
arp,ts_demean,5,DMT,7,5
arp,ts_demean,5,DMT,8,5
arp,ts_demean,5,DMT,9,5
arp,ts_demean,5,DMT,10,5
arp,ts_demean,5,DMT,11,5
arp,ts_demean,5,DMT,12,5
arp,ts_demean,5,DMT,13,5
arp,ts_demean,5,DMT,14,5
arp,ts_demean,5,DMT,15,5
arp,ts_demean,5,DMT,16,5
arp,ts_demean,5,DMT,17,5
arp,ts_demean,5,DMT,18,5
arp,ts_demean,5,DMT,19,5
arp,ts_demean,5,DMT,21,5
arp,ts_demean,5,DMT,22,5
arp,ts_demean,5,DMT,23,5
arp,ts_demean,5,DMT,24,5
arp,ts_demean,5,DMT,25,5
arp,ts_demean,5,DMT,26,5
arp,ts_demean,5,DMT,27,5
arp,ts_demean,5,DMT,28,5
arp,ts_demean,5,DMT,29,5
arp,ts_demean,5,DMT,30,5
arp,ts_demean,5,DMT,31,5
arp,ts_demean,5,DMT,32,5
arp,ts_demean,5,DMT,33,5
arp,ts_demean,5,DMT,34,5
arp,ts_demean,5,DMT,35,5
arp,ts_demean,5,DMT,36,5
arp,ts_demean,5,DMT,37,5
arp,ts_demean,5,DMT,38,5
arp,ts_demean,5,DMT,39,5
arp,ts_demean,5,DMT,40,5
arp,ts_demean,5,DMT,41,5
arp,ts_demean,5,DMT,42,5
arp,ts_demean,5,DMT,43,5
arp,ts_demean,5,DMT,44,5
arp,ts_demean,5,DMT,45,5
arp,ts_demean,5,DMT,46,5
arp,ts_demean,5,DMT,47,5
arp,ts_demean,5,DMT,48,5
arp,ts_demean,5,DMT,49,5
arp,ts_demean,5,DMT,50,5
arp,ts_demean,5,DMT,51,5
arp,ts_demean,5,DMT,52,5
arp,ts_demean,5,DMT,53,5
arp,ts_demean,5,DMT,54,5
arp,ts_demean,5,DMT,55,5
arp,ts_demean,5,DMT,56,5
arp,ts_demean,5,DMT,57,5
arp,ts_demean,5,DMT,58,5
arp,ts_demean,5,DMT,59,5
arp,ts_demean,5,DMT,60,5
arp,ts_demean,5,DMT,61,5
arp,ts_demean,5,DMT,62,5
arp,ts_demean,5,DMT,63,5
arp,ts_demean,5,DMT,64,5
arp,ts_demean,5,DMT,65,5
arp,ts_demean,5,DMT,66,5
arp,ts_demean,5,DMT,67,5
arp,ts_demean,5,DMT,68,5
arp,ts_demean,5,DMT,69,5
arp,ts_demean,5,DMT,70,5
arp,ts_demean,5,DMT,71,5
arp,ts_demean,5,DMT,72,5
arp,ts_demean,5,DMT,73,5
arp,ts_demean,5,DMT,74,5
arp,ts_demean,5,DMT,75,5
arp,ts_demean,5,DMT,76,5
arp,ts_demean,5,DMT,77,5
arp,ts_demean,5,DMT,78,5
arp,ts_demean,5,DMT,79,5
arp,ts_demean,5,DMT,80,5
arp,ts_demean,5,DMT,81,5
arp,ts_demean,5,DMT,82,5
arp,ts_demean,5,DMT,83,5
arp,ts_demean,5,DMT,84,5
arp,ts_demean,5,DMT,85,5
arp,ts_demean,5,DMT,86,5
arp,ts_demean,5,DMT,87,5
arp,ts_demean,5,DMT,88,5
arp,ts_demean,5,DMT,89,5
arp,ts_demean,5,DMT,90,5
arp,ts_demean,5,DMT,91,5
arp,ts_demean,5,DMT,92,5
arp,ts_demean,5,DMT,93,5
arp,ts_demean,5,DMT,94,5
arp,ts_demean,5,DMT,95,5
arp,ts_demean,5,DMT,96,5
arp,ts_demean,5,DMT,97,5
arp,ts_demean,5,DMT,98,5
arp,ts_demean,5,DMT,99,5
arp,ts_demean,5,DMT,100,5
arp,ts_demean,5,DMT,101,5
arp,ts_demean,5,DMT,102,5
arp,ts_demean,5,DMT,103,5
arp,ts_demean,5,DMT,104,5
arp,ts_demean,5,DMT,105,5
arp,ts_demean,5,DMT,106,5
arp,ts_demean,5,DMT,107,5
arp,ts_demean,5,DMT,108,5
arp,ts_demean,5,DMT,109,5
arp,ts_demean,5,DMT,110,5
arp,ts_demean,5,DMT,111,5
arp,ts_demean,5,DMT,112,5
arp,ts_demean,5,DMT,113,5
arp,ts_demean,5,DMT,114,5
arp,ts_demean,5,DMT,115,5
arp,ts_demean,5,PCB,0,5
arp,ts_demean,5,PCB,1,5
arp,ts_demean,5,PCB,2,5
arp,ts_demean,5,PCB,3,5
arp,ts_demean,5,PCB,4,5
arp,ts_demean,5,PCB,5,5
arp,ts_demean,5,PCB,6,5
arp,ts_demean,5,PCB,7,5
arp,ts_demean,5,PCB,8,5
arp,ts_demean,5,PCB,9,5
arp,ts_demean,5,PCB,10,5
arp,ts_demean,5,PCB,11,5
arp,ts_demean,5,PCB,12,5
arp,ts_demean,5,PCB,13,5
arp,ts_demean,5,PCB,14,5
arp,ts_demean,5,PCB,15,5
arp,ts_demean,5,PCB,16,5
arp,ts_demean,5,PCB,17,5
arp,ts_demean,5,PCB,18,5
arp,ts_demean,5,PCB,19,5
arp,ts_demean,5,PCB,21,5
arp,ts_demean,5,PCB,22,5
arp,ts_demean,5,PCB,23,5
arp,ts_demean,5,PCB,24,5
arp,ts_demean,5,PCB,25,5
arp,ts_demean,5,PCB,26,5
arp,ts_demean,5,PCB,27,5
arp,ts_demean,5,PCB,28,5
arp,ts_demean,5,PCB,29,5
arp,ts_demean,5,PCB,30,5
arp,ts_demean,5,PCB,31,5
arp,ts_demean,5,PCB,32,5
arp,ts_demean,5,PCB,33,5
arp,ts_demean,5,PCB,34,5
arp,ts_demean,5,PCB,35,5
arp,ts_demean,5,PCB,36,5
arp,ts_demean,5,PCB,37,5
arp,ts_demean,5,PCB,38,5
arp,ts_demean,5,PCB,39,5
arp,ts_demean,5,PCB,40,5
arp,ts_demean,5,PCB,41,5
arp,ts_demean,5,PCB,42,5
arp,ts_demean,5,PCB,43,5
arp,ts_demean,5,PCB,44,5
arp,ts_demean,5,PCB,45,5
arp,ts_demean,5,PCB,46,5
arp,ts_demean,5,PCB,47,5
arp,ts_demean,5,PCB,48,5
arp,ts_demean,5,PCB,49,5
arp,ts_demean,5,PCB,50,5
arp,ts_demean,5,PCB,51,5
arp,ts_demean,5,PCB,52,5
arp,ts_demean,5,PCB,53,5
arp,ts_demean,5,PCB,54,5
arp,ts_demean,5,PCB,55,5
arp,ts_demean,5,PCB,56,5
arp,ts_demean,5,PCB,57,5
arp,ts_demean,5,PCB,58,5
arp,ts_demean,5,PCB,59,5
arp,ts_demean,5,PCB,60,5
arp,ts_demean,5,PCB,61,5
arp,ts_demean,5,PCB,62,5
arp,ts_demean,5,PCB,63,5
arp,ts_demean,5,PCB,64,5
arp,ts_demean,5,PCB,65,5
arp,ts_demean,5,PCB,66,5
arp,ts_demean,5,PCB,67,5
arp,ts_demean,5,PCB,68,5
arp,ts_demean,5,PCB,69,5
arp,ts_demean,5,PCB,70,5
arp,ts_demean,5,PCB,71,5
arp,ts_demean,5,PCB,72,5
arp,ts_demean,5,PCB,73,5
arp,ts_demean,5,PCB,74,5
arp,ts_demean,5,PCB,75,5
arp,ts_demean,5,PCB,76,5
arp,ts_demean,5,PCB,77,5
arp,ts_demean,5,PCB,78,5
arp,ts_demean,5,PCB,79,5
arp,ts_demean,5,PCB,80,5
arp,ts_demean,5,PCB,81,5
arp,ts_demean,5,PCB,82,5
arp,ts_demean,5,PCB,83,5
arp,ts_demean,5,PCB,84,5
arp,ts_demean,5,PCB,85,5
arp,ts_demean,5,PCB,86,5
arp,ts_demean,5,PCB,87,5
arp,ts_demean,5,PCB,88,5
arp,ts_demean,5,PCB,89,5
arp,ts_demean,5,PCB,90,5
arp,ts_demean,5,PCB,91,5
arp,ts_demean,5,PCB,92,5
arp,ts_demean,5,PCB,93,5
arp,ts_demean,5,PCB,94,5
arp,ts_demean,5,PCB,95,5
arp,ts_demean,5,PCB,96,5
arp,ts_demean,5,PCB,97,5
arp,ts_demean,5,PCB,98,5
arp,ts_demean,5,PCB,99,5
arp,ts_demean,5,PCB,100,5
arp,ts_demean,5,PCB,101,5
arp,ts_demean,5,PCB,102,5
arp,ts_demean,5,PCB,103,5
arp,ts_demean,5,PCB,104,5
arp,ts_demean,5,PCB,105,5
arp,ts_demean,5,PCB,106,5
arp,ts_demean,5,PCB,107,5
arp,ts_demean,5,PCB,108,5
arp,ts_demean,5,PCB,109,5
arp,ts_demean,5,PCB,110,5
arp,ts_demean,5,PCB,111,5
arp,ts_demean,5,PCB,112,5
arp,ts_demean,5,PCB,113,5
arp,ts_demean,5,PCB,114,5
arp,ts_demean,5,PCB,115,5
arp,ts_demean,6,DMT,0,5
arp,ts_demean,6,DMT,1,5
arp,ts_demean,6,DMT,2,5
arp,ts_demean,6,DMT,3,5
arp,ts_demean,6,DMT,4,5
arp,ts_demean,6,DMT,5,5
arp,ts_demean,6,DMT,6,5
arp,ts_demean,6,DMT,7,5
arp,ts_demean,6,DMT,8,5
arp,ts_demean,6,DMT,9,5
arp,ts_demean,6,DMT,10,5
arp,ts_demean,6,DMT,11,5
arp,ts_demean,6,DMT,12,5
arp,ts_demean,6,DMT,13,5
arp,ts_demean,6,DMT,14,5
arp,ts_demean,6,DMT,15,5
arp,ts_demean,6,DMT,16,5
arp,ts_demean,6,DMT,17,5
arp,ts_demean,6,DMT,18,5
arp,ts_demean,6,DMT,19,5
arp,ts_demean,6,DMT,21,5
arp,ts_demean,6,DMT,22,5
arp,ts_demean,6,DMT,23,5
arp,ts_demean,6,DMT,24,5
arp,ts_demean,6,DMT,25,5
arp,ts_demean,6,DMT,26,5
arp,ts_demean,6,DMT,27,5
arp,ts_demean,6,DMT,28,5
arp,ts_demean,6,DMT,29,5
arp,ts_demean,6,DMT,30,5
arp,ts_demean,6,DMT,31,5
arp,ts_demean,6,DMT,32,5
arp,ts_demean,6,DMT,33,5
arp,ts_demean,6,DMT,34,5
arp,ts_demean,6,DMT,35,5
arp,ts_demean,6,DMT,36,5
arp,ts_demean,6,DMT,37,5
arp,ts_demean,6,DMT,38,5
arp,ts_demean,6,DMT,39,5
arp,ts_demean,6,DMT,40,5
arp,ts_demean,6,DMT,41,5
arp,ts_demean,6,DMT,42,5
arp,ts_demean,6,DMT,43,5
arp,ts_demean,6,DMT,44,5
arp,ts_demean,6,DMT,45,5
arp,ts_demean,6,DMT,46,5
arp,ts_demean,6,DMT,47,5
arp,ts_demean,6,DMT,48,5
arp,ts_demean,6,DMT,49,5
arp,ts_demean,6,DMT,50,5
arp,ts_demean,6,DMT,51,5
arp,ts_demean,6,DMT,52,5
arp,ts_demean,6,DMT,53,5
arp,ts_demean,6,DMT,54,5
arp,ts_demean,6,DMT,55,5
arp,ts_demean,6,DMT,56,5
arp,ts_demean,6,DMT,57,5
arp,ts_demean,6,DMT,58,5
arp,ts_demean,6,DMT,59,5
arp,ts_demean,6,DMT,60,5
arp,ts_demean,6,DMT,61,5
arp,ts_demean,6,DMT,62,5
arp,ts_demean,6,DMT,63,5
arp,ts_demean,6,DMT,64,5
arp,ts_demean,6,DMT,65,5
arp,ts_demean,6,DMT,66,5
arp,ts_demean,6,DMT,67,5
arp,ts_demean,6,DMT,68,5
arp,ts_demean,6,DMT,69,5
arp,ts_demean,6,DMT,70,5
arp,ts_demean,6,DMT,71,5
arp,ts_demean,6,DMT,72,5
arp,ts_demean,6,DMT,73,5
arp,ts_demean,6,DMT,74,5
arp,ts_demean,6,DMT,75,5
arp,ts_demean,6,DMT,76,5
arp,ts_demean,6,DMT,77,5
arp,ts_demean,6,DMT,78,5
arp,ts_demean,6,DMT,79,5
arp,ts_demean,6,DMT,80,5
arp,ts_demean,6,DMT,81,5
arp,ts_demean,6,DMT,82,5
arp,ts_demean,6,DMT,83,5
arp,ts_demean,6,DMT,84,5
arp,ts_demean,6,DMT,85,5
arp,ts_demean,6,DMT,86,5
arp,ts_demean,6,DMT,87,5
arp,ts_demean,6,DMT,88,5
arp,ts_demean,6,DMT,89,5
arp,ts_demean,6,DMT,90,5
arp,ts_demean,6,DMT,91,5
arp,ts_demean,6,DMT,92,5
arp,ts_demean,6,DMT,93,5
arp,ts_demean,6,DMT,94,5
arp,ts_demean,6,DMT,95,5
arp,ts_demean,6,DMT,96,5
arp,ts_demean,6,DMT,97,5
arp,ts_demean,6,DMT,98,5
arp,ts_demean,6,DMT,99,5
arp,ts_demean,6,DMT,100,5
arp,ts_demean,6,DMT,101,5
arp,ts_demean,6,DMT,102,5
arp,ts_demean,6,DMT,103,5
arp,ts_demean,6,DMT,104,5
arp,ts_demean,6,DMT,105,5
arp,ts_demean,6,DMT,106,5
arp,ts_demean,6,DMT,107,5
arp,ts_demean,6,DMT,108,5
arp,ts_demean,6,DMT,109,5
arp,ts_demean,6,DMT,110,5
arp,ts_demean,6,DMT,111,5
arp,ts_demean,6,DMT,112,5
arp,ts_demean,6,DMT,113,5
arp,ts_demean,6,DMT,114,5
arp,ts_demean,6,DMT,115,5
arp,ts_demean,6,PCB,0,5
arp,ts_demean,6,PCB,1,5
arp,ts_demean,6,PCB,2,5
arp,ts_demean,6,PCB,3,5
arp,ts_demean,6,PCB,4,5
arp,ts_demean,6,PCB,5,5
arp,ts_demean,6,PCB,6,5
arp,ts_demean,6,PCB,7,5
arp,ts_demean,6,PCB,8,5
arp,ts_demean,6,PCB,9,5
arp,ts_demean,6,PCB,10,5
arp,ts_demean,6,PCB,11,5
arp,ts_demean,6,PCB,12,5
arp,ts_demean,6,PCB,13,5
arp,ts_demean,6,PCB,14,5
arp,ts_demean,6,PCB,15,5
arp,ts_demean,6,PCB,16,5
arp,ts_demean,6,PCB,17,5
arp,ts_demean,6,PCB,18,5
arp,ts_demean,6,PCB,19,5
arp,ts_demean,6,PCB,21,5
arp,ts_demean,6,PCB,22,5
arp,ts_demean,6,PCB,23,5
arp,ts_demean,6,PCB,24,5
arp,ts_demean,6,PCB,25,5
arp,ts_demean,6,PCB,26,5
arp,ts_demean,6,PCB,27,5
arp,ts_demean,6,PCB,28,5
arp,ts_demean,6,PCB,29,5
arp,ts_demean,6,PCB,30,5
arp,ts_demean,6,PCB,31,5
arp,ts_demean,6,PCB,32,5
arp,ts_demean,6,PCB,33,5
arp,ts_demean,6,PCB,34,5
arp,ts_demean,6,PCB,35,5
arp,ts_demean,6,PCB,36,5
arp,ts_demean,6,PCB,37,5
arp,ts_demean,6,PCB,38,5
arp,ts_demean,6,PCB,39,5
arp,ts_demean,6,PCB,40,5
arp,ts_demean,6,PCB,41,5
arp,ts_demean,6,PCB,42,5
arp,ts_demean,6,PCB,43,5
arp,ts_demean,6,PCB,44,5
arp,ts_demean,6,PCB,45,5
arp,ts_demean,6,PCB,46,5
arp,ts_demean,6,PCB,47,5
arp,ts_demean,6,PCB,48,5
arp,ts_demean,6,PCB,49,5
arp,ts_demean,6,PCB,50,5
arp,ts_demean,6,PCB,51,5
arp,ts_demean,6,PCB,52,5
arp,ts_demean,6,PCB,53,5
arp,ts_demean,6,PCB,54,5
arp,ts_demean,6,PCB,55,5
arp,ts_demean,6,PCB,56,5
arp,ts_demean,6,PCB,57,5
arp,ts_demean,6,PCB,58,5
arp,ts_demean,6,PCB,59,5
arp,ts_demean,6,PCB,60,5
arp,ts_demean,6,PCB,61,5
arp,ts_demean,6,PCB,62,5
arp,ts_demean,6,PCB,63,5
arp,ts_demean,6,PCB,64,5
arp,ts_demean,6,PCB,65,5
arp,ts_demean,6,PCB,66,5
arp,ts_demean,6,PCB,67,5
arp,ts_demean,6,PCB,68,5
arp,ts_demean,6,PCB,69,5
arp,ts_demean,6,PCB,70,5
arp,ts_demean,6,PCB,71,5
arp,ts_demean,6,PCB,72,5
arp,ts_demean,6,PCB,73,5
arp,ts_demean,6,PCB,74,5
arp,ts_demean,6,PCB,75,5
arp,ts_demean,6,PCB,76,5
arp,ts_demean,6,PCB,77,5
arp,ts_demean,6,PCB,78,5
arp,ts_demean,6,PCB,79,5
arp,ts_demean,6,PCB,80,5
arp,ts_demean,6,PCB,81,5
arp,ts_demean,6,PCB,82,5
arp,ts_demean,6,PCB,83,5
arp,ts_demean,6,PCB,84,5
arp,ts_demean,6,PCB,85,5
arp,ts_demean,6,PCB,86,5
arp,ts_demean,6,PCB,87,5
arp,ts_demean,6,PCB,88,5
arp,ts_demean,6,PCB,89,5
arp,ts_demean,6,PCB,90,5
arp,ts_demean,6,PCB,91,5
arp,ts_demean,6,PCB,92,5
arp,ts_demean,6,PCB,93,5
arp,ts_demean,6,PCB,94,5
arp,ts_demean,6,PCB,95,5
arp,ts_demean,6,PCB,96,5
arp,ts_demean,6,PCB,97,5
arp,ts_demean,6,PCB,98,5
arp,ts_demean,6,PCB,99,5
arp,ts_demean,6,PCB,100,5
arp,ts_demean,6,PCB,101,5
arp,ts_demean,6,PCB,102,5
arp,ts_demean,6,PCB,103,5
arp,ts_demean,6,PCB,104,5
arp,ts_demean,6,PCB,105,5
arp,ts_demean,6,PCB,106,5
arp,ts_demean,6,PCB,107,5
arp,ts_demean,6,PCB,108,5
arp,ts_demean,6,PCB,109,5
arp,ts_demean,6,PCB,110,5
arp,ts_demean,6,PCB,111,5
arp,ts_demean,6,PCB,112,5
arp,ts_demean,6,PCB,113,5
arp,ts_demean,6,PCB,114,5
arp,ts_demean,6,PCB,115,5
arp,ts_demean,7,DMT,0,5
arp,ts_demean,7,DMT,1,5
arp,ts_demean,7,DMT,2,5
arp,ts_demean,7,DMT,3,5
arp,ts_demean,7,DMT,4,5
arp,ts_demean,7,DMT,5,5
arp,ts_demean,7,DMT,6,5
arp,ts_demean,7,DMT,7,5
arp,ts_demean,7,DMT,8,5
arp,ts_demean,7,DMT,9,5
arp,ts_demean,7,DMT,10,5
arp,ts_demean,7,DMT,11,5
arp,ts_demean,7,DMT,12,5
arp,ts_demean,7,DMT,13,5
arp,ts_demean,7,DMT,14,5
arp,ts_demean,7,DMT,15,5
arp,ts_demean,7,DMT,16,5
arp,ts_demean,7,DMT,17,5
arp,ts_demean,7,DMT,18,5
arp,ts_demean,7,DMT,19,5
arp,ts_demean,7,DMT,21,5
arp,ts_demean,7,DMT,22,5
arp,ts_demean,7,DMT,23,5
arp,ts_demean,7,DMT,24,5
arp,ts_demean,7,DMT,25,5
arp,ts_demean,7,DMT,26,5
arp,ts_demean,7,DMT,27,5
arp,ts_demean,7,DMT,28,5
arp,ts_demean,7,DMT,29,5
arp,ts_demean,7,DMT,30,4
arp,ts_demean,7,DMT,31,4
arp,ts_demean,7,DMT,32,5
arp,ts_demean,7,DMT,33,5
arp,ts_demean,7,DMT,34,5
arp,ts_demean,7,DMT,35,5
arp,ts_demean,7,DMT,36,5
arp,ts_demean,7,DMT,37,5
arp,ts_demean,7,DMT,38,5
arp,ts_demean,7,DMT,39,5
arp,ts_demean,7,DMT,40,5
arp,ts_demean,7,DMT,41,5
arp,ts_demean,7,DMT,42,5
arp,ts_demean,7,DMT,43,5
arp,ts_demean,7,DMT,44,5
arp,ts_demean,7,DMT,45,5
arp,ts_demean,7,DMT,46,5
arp,ts_demean,7,DMT,47,5
arp,ts_demean,7,DMT,48,5
arp,ts_demean,7,DMT,49,5
arp,ts_demean,7,DMT,50,5
arp,ts_demean,7,DMT,51,5
arp,ts_demean,7,DMT,52,5
arp,ts_demean,7,DMT,53,5
arp,ts_demean,7,DMT,54,5
arp,ts_demean,7,DMT,55,5
arp,ts_demean,7,DMT,56,5
arp,ts_demean,7,DMT,57,5
arp,ts_demean,7,DMT,58,5
arp,ts_demean,7,DMT,59,5
arp,ts_demean,7,DMT,60,5
arp,ts_demean,7,DMT,61,5
arp,ts_demean,7,DMT,62,5
arp,ts_demean,7,DMT,63,5
arp,ts_demean,7,DMT,64,5
arp,ts_demean,7,DMT,65,5
arp,ts_demean,7,DMT,66,5
arp,ts_demean,7,DMT,67,5
arp,ts_demean,7,DMT,68,5
arp,ts_demean,7,DMT,69,5
arp,ts_demean,7,DMT,70,5
arp,ts_demean,7,DMT,71,5
arp,ts_demean,7,DMT,72,5
arp,ts_demean,7,DMT,73,5
arp,ts_demean,7,DMT,74,5
arp,ts_demean,7,DMT,75,5
arp,ts_demean,7,DMT,76,5
arp,ts_demean,7,DMT,77,5
arp,ts_demean,7,DMT,78,5
arp,ts_demean,7,DMT,79,5
arp,ts_demean,7,DMT,80,5
arp,ts_demean,7,DMT,81,5
arp,ts_demean,7,DMT,82,5
arp,ts_demean,7,DMT,83,5
arp,ts_demean,7,DMT,84,5
arp,ts_demean,7,DMT,85,5
arp,ts_demean,7,DMT,86,5
arp,ts_demean,7,DMT,87,5
arp,ts_demean,7,DMT,88,5
arp,ts_demean,7,DMT,89,5
arp,ts_demean,7,DMT,90,5
arp,ts_demean,7,DMT,91,5
arp,ts_demean,7,DMT,92,5
arp,ts_demean,7,DMT,93,5
arp,ts_demean,7,DMT,94,5
arp,ts_demean,7,DMT,95,5
arp,ts_demean,7,DMT,96,5
arp,ts_demean,7,DMT,97,5
arp,ts_demean,7,DMT,98,5
arp,ts_demean,7,DMT,99,5
arp,ts_demean,7,DMT,100,5
arp,ts_demean,7,DMT,101,5
arp,ts_demean,7,DMT,102,5
arp,ts_demean,7,DMT,103,5
arp,ts_demean,7,DMT,104,5
arp,ts_demean,7,DMT,105,5
arp,ts_demean,7,DMT,106,5
arp,ts_demean,7,DMT,107,5
arp,ts_demean,7,DMT,108,5
arp,ts_demean,7,DMT,109,5
arp,ts_demean,7,DMT,110,5
arp,ts_demean,7,DMT,111,5
arp,ts_demean,7,DMT,112,5
arp,ts_demean,7,DMT,113,5
arp,ts_demean,7,DMT,114,5
arp,ts_demean,7,DMT,115,5
arp,ts_demean,7,PCB,0,5
arp,ts_demean,7,PCB,1,5
arp,ts_demean,7,PCB,2,5
arp,ts_demean,7,PCB,3,5
arp,ts_demean,7,PCB,4,5
arp,ts_demean,7,PCB,5,5
arp,ts_demean,7,PCB,6,5
arp,ts_demean,7,PCB,7,5
arp,ts_demean,7,PCB,8,5
arp,ts_demean,7,PCB,9,5
arp,ts_demean,7,PCB,10,5
arp,ts_demean,7,PCB,11,5
arp,ts_demean,7,PCB,12,5
arp,ts_demean,7,PCB,13,5
arp,ts_demean,7,PCB,14,5
arp,ts_demean,7,PCB,15,5
arp,ts_demean,7,PCB,16,5
arp,ts_demean,7,PCB,17,5
arp,ts_demean,7,PCB,18,5
arp,ts_demean,7,PCB,19,5
arp,ts_demean,7,PCB,21,5
arp,ts_demean,7,PCB,22,5
arp,ts_demean,7,PCB,23,5
arp,ts_demean,7,PCB,24,5
arp,ts_demean,7,PCB,25,5
arp,ts_demean,7,PCB,26,5
arp,ts_demean,7,PCB,27,5
arp,ts_demean,7,PCB,28,5
arp,ts_demean,7,PCB,29,5
arp,ts_demean,7,PCB,30,5
arp,ts_demean,7,PCB,31,5
arp,ts_demean,7,PCB,32,5
arp,ts_demean,7,PCB,33,5
arp,ts_demean,7,PCB,34,5
arp,ts_demean,7,PCB,35,5
arp,ts_demean,7,PCB,36,5
arp,ts_demean,7,PCB,37,5
arp,ts_demean,7,PCB,38,5
arp,ts_demean,7,PCB,39,5
arp,ts_demean,7,PCB,40,5
arp,ts_demean,7,PCB,41,5
arp,ts_demean,7,PCB,42,5
arp,ts_demean,7,PCB,43,5
arp,ts_demean,7,PCB,44,5
arp,ts_demean,7,PCB,45,5
arp,ts_demean,7,PCB,46,5
arp,ts_demean,7,PCB,47,5
arp,ts_demean,7,PCB,48,5
arp,ts_demean,7,PCB,49,5
arp,ts_demean,7,PCB,50,5
arp,ts_demean,7,PCB,51,5
arp,ts_demean,7,PCB,52,5
arp,ts_demean,7,PCB,53,5
arp,ts_demean,7,PCB,54,5
arp,ts_demean,7,PCB,55,5
arp,ts_demean,7,PCB,56,5
arp,ts_demean,7,PCB,57,5
arp,ts_demean,7,PCB,58,5
arp,ts_demean,7,PCB,59,5
arp,ts_demean,7,PCB,60,5
arp,ts_demean,7,PCB,61,5
arp,ts_demean,7,PCB,62,5
arp,ts_demean,7,PCB,63,5
arp,ts_demean,7,PCB,64,5
arp,ts_demean,7,PCB,65,5
arp,ts_demean,7,PCB,66,5
arp,ts_demean,7,PCB,67,5
arp,ts_demean,7,PCB,68,5
arp,ts_demean,7,PCB,69,5
arp,ts_demean,7,PCB,70,5
arp,ts_demean,7,PCB,71,5
arp,ts_demean,7,PCB,72,5
arp,ts_demean,7,PCB,73,5
arp,ts_demean,7,PCB,74,5
arp,ts_demean,7,PCB,75,5
arp,ts_demean,7,PCB,76,5
arp,ts_demean,7,PCB,77,5
arp,ts_demean,7,PCB,78,5
arp,ts_demean,7,PCB,79,5
arp,ts_demean,7,PCB,80,5
arp,ts_demean,7,PCB,81,5
arp,ts_demean,7,PCB,82,5
arp,ts_demean,7,PCB,83,5
arp,ts_demean,7,PCB,84,5
arp,ts_demean,7,PCB,85,5
arp,ts_demean,7,PCB,86,5
arp,ts_demean,7,PCB,87,5
arp,ts_demean,7,PCB,88,5
arp,ts_demean,7,PCB,89,5
arp,ts_demean,7,PCB,90,5
arp,ts_demean,7,PCB,91,5
arp,ts_demean,7,PCB,92,5
arp,ts_demean,7,PCB,93,5
arp,ts_demean,7,PCB,94,5
arp,ts_demean,7,PCB,95,5
arp,ts_demean,7,PCB,96,5
arp,ts_demean,7,PCB,97,5
arp,ts_demean,7,PCB,98,5
arp,ts_demean,7,PCB,99,5
arp,ts_demean,7,PCB,100,5
arp,ts_demean,7,PCB,101,5
arp,ts_demean,7,PCB,102,5
arp,ts_demean,7,PCB,103,5
arp,ts_demean,7,PCB,104,5
arp,ts_demean,7,PCB,105,5
arp,ts_demean,7,PCB,106,5
arp,ts_demean,7,PCB,107,5
arp,ts_demean,7,PCB,108,5
arp,ts_demean,7,PCB,109,5
arp,ts_demean,7,PCB,110,5
arp,ts_demean,7,PCB,111,5
arp,ts_demean,7,PCB,112,5
arp,ts_demean,7,PCB,113,5
arp,ts_demean,7,PCB,114,5
arp,ts_demean,7,PCB,115,5
arp,ts_demean,8,DMT,0,5
arp,ts_demean,8,DMT,1,5
arp,ts_demean,8,DMT,2,5
arp,ts_demean,8,DMT,3,5
arp,ts_demean,8,DMT,4,5
arp,ts_demean,8,DMT,5,5
arp,ts_demean,8,DMT,6,5
arp,ts_demean,8,DMT,7,5
arp,ts_demean,8,DMT,8,5
arp,ts_demean,8,DMT,9,5
arp,ts_demean,8,DMT,10,5
arp,ts_demean,8,DMT,11,5
arp,ts_demean,8,DMT,12,5
arp,ts_demean,8,DMT,13,5
arp,ts_demean,8,DMT,14,5
arp,ts_demean,8,DMT,15,5
arp,ts_demean,8,DMT,16,5
arp,ts_demean,8,DMT,17,5
arp,ts_demean,8,DMT,18,5
arp,ts_demean,8,DMT,19,5
arp,ts_demean,8,DMT,21,5
arp,ts_demean,8,DMT,22,5
arp,ts_demean,8,DMT,23,5
arp,ts_demean,8,DMT,24,5
arp,ts_demean,8,DMT,25,5
arp,ts_demean,8,DMT,26,5
arp,ts_demean,8,DMT,27,5
arp,ts_demean,8,DMT,28,5
arp,ts_demean,8,DMT,29,5
arp,ts_demean,8,DMT,30,5
arp,ts_demean,8,DMT,31,5
arp,ts_demean,8,DMT,32,5
arp,ts_demean,8,DMT,33,5
arp,ts_demean,8,DMT,34,5
arp,ts_demean,8,DMT,35,5
arp,ts_demean,8,DMT,36,5
arp,ts_demean,8,DMT,37,5
arp,ts_demean,8,DMT,38,5
arp,ts_demean,8,DMT,39,5
arp,ts_demean,8,DMT,40,5
arp,ts_demean,8,DMT,41,5
arp,ts_demean,8,DMT,42,5
arp,ts_demean,8,DMT,43,5
arp,ts_demean,8,DMT,44,5
arp,ts_demean,8,DMT,45,5
arp,ts_demean,8,DMT,46,5
arp,ts_demean,8,DMT,47,5
arp,ts_demean,8,DMT,48,5
arp,ts_demean,8,DMT,49,5
arp,ts_demean,8,DMT,50,5
arp,ts_demean,8,DMT,51,5
arp,ts_demean,8,DMT,52,5
arp,ts_demean,8,DMT,53,5
arp,ts_demean,8,DMT,54,5
arp,ts_demean,8,DMT,55,5
arp,ts_demean,8,DMT,56,5
arp,ts_demean,8,DMT,57,5
arp,ts_demean,8,DMT,58,5
arp,ts_demean,8,DMT,59,5
arp,ts_demean,8,DMT,60,5
arp,ts_demean,8,DMT,61,5
arp,ts_demean,8,DMT,62,5
arp,ts_demean,8,DMT,63,5
arp,ts_demean,8,DMT,64,5
arp,ts_demean,8,DMT,65,5
arp,ts_demean,8,DMT,66,5
arp,ts_demean,8,DMT,67,5
arp,ts_demean,8,DMT,68,5
arp,ts_demean,8,DMT,69,5
arp,ts_demean,8,DMT,70,5
arp,ts_demean,8,DMT,71,5
arp,ts_demean,8,DMT,72,5
arp,ts_demean,8,DMT,73,5
arp,ts_demean,8,DMT,74,5
arp,ts_demean,8,DMT,75,5
arp,ts_demean,8,DMT,76,5
arp,ts_demean,8,DMT,77,5
arp,ts_demean,8,DMT,78,5
arp,ts_demean,8,DMT,79,5
arp,ts_demean,8,DMT,80,5
arp,ts_demean,8,DMT,81,5
arp,ts_demean,8,DMT,82,5
arp,ts_demean,8,DMT,83,5
arp,ts_demean,8,DMT,84,5
arp,ts_demean,8,DMT,85,5
arp,ts_demean,8,DMT,86,5
arp,ts_demean,8,DMT,87,5
arp,ts_demean,8,DMT,88,5
arp,ts_demean,8,DMT,89,5
arp,ts_demean,8,DMT,90,5
arp,ts_demean,8,DMT,91,5
arp,ts_demean,8,DMT,92,5
arp,ts_demean,8,DMT,93,5
arp,ts_demean,8,DMT,94,5
arp,ts_demean,8,DMT,95,5
arp,ts_demean,8,DMT,96,5
arp,ts_demean,8,DMT,97,5
arp,ts_demean,8,DMT,98,5
arp,ts_demean,8,DMT,99,5
arp,ts_demean,8,DMT,100,5
arp,ts_demean,8,DMT,101,5
arp,ts_demean,8,DMT,102,5
arp,ts_demean,8,DMT,103,5
arp,ts_demean,8,DMT,104,5
arp,ts_demean,8,DMT,105,5
arp,ts_demean,8,DMT,106,5
arp,ts_demean,8,DMT,107,5
arp,ts_demean,8,DMT,108,5
arp,ts_demean,8,DMT,109,5
arp,ts_demean,8,DMT,110,5
arp,ts_demean,8,DMT,111,5
arp,ts_demean,8,DMT,112,5
arp,ts_demean,8,DMT,113,5
arp,ts_demean,8,DMT,114,5
arp,ts_demean,8,DMT,115,5
arp,ts_demean,8,PCB,0,5
arp,ts_demean,8,PCB,1,5
arp,ts_demean,8,PCB,2,5
arp,ts_demean,8,PCB,3,5
arp,ts_demean,8,PCB,4,5
arp,ts_demean,8,PCB,5,5
arp,ts_demean,8,PCB,6,5
arp,ts_demean,8,PCB,7,5
arp,ts_demean,8,PCB,8,5
arp,ts_demean,8,PCB,9,5
arp,ts_demean,8,PCB,10,5
arp,ts_demean,8,PCB,11,5
arp,ts_demean,8,PCB,12,5
arp,ts_demean,8,PCB,13,5
arp,ts_demean,8,PCB,14,5
arp,ts_demean,8,PCB,15,5
arp,ts_demean,8,PCB,16,5
arp,ts_demean,8,PCB,17,5
arp,ts_demean,8,PCB,18,5
arp,ts_demean,8,PCB,19,5
arp,ts_demean,8,PCB,21,5
arp,ts_demean,8,PCB,22,5
arp,ts_demean,8,PCB,23,5
arp,ts_demean,8,PCB,24,5
arp,ts_demean,8,PCB,25,5
arp,ts_demean,8,PCB,26,5
arp,ts_demean,8,PCB,27,5
arp,ts_demean,8,PCB,28,5
arp,ts_demean,8,PCB,29,5
arp,ts_demean,8,PCB,30,5
arp,ts_demean,8,PCB,31,5
arp,ts_demean,8,PCB,32,5
arp,ts_demean,8,PCB,33,5
arp,ts_demean,8,PCB,34,5
arp,ts_demean,8,PCB,35,5
arp,ts_demean,8,PCB,36,5
arp,ts_demean,8,PCB,37,5
arp,ts_demean,8,PCB,38,5
arp,ts_demean,8,PCB,39,5
arp,ts_demean,8,PCB,40,5
arp,ts_demean,8,PCB,41,5
arp,ts_demean,8,PCB,42,5
arp,ts_demean,8,PCB,43,5
arp,ts_demean,8,PCB,44,5
arp,ts_demean,8,PCB,45,5
arp,ts_demean,8,PCB,46,5
arp,ts_demean,8,PCB,47,5
arp,ts_demean,8,PCB,48,5
arp,ts_demean,8,PCB,49,5
arp,ts_demean,8,PCB,50,5
arp,ts_demean,8,PCB,51,5
arp,ts_demean,8,PCB,52,5
arp,ts_demean,8,PCB,53,5
arp,ts_demean,8,PCB,54,5
arp,ts_demean,8,PCB,55,5
arp,ts_demean,8,PCB,56,5
arp,ts_demean,8,PCB,57,5
arp,ts_demean,8,PCB,58,5
arp,ts_demean,8,PCB,59,5
arp,ts_demean,8,PCB,60,5
arp,ts_demean,8,PCB,61,5
arp,ts_demean,8,PCB,62,5
arp,ts_demean,8,PCB,63,5
arp,ts_demean,8,PCB,64,5
arp,ts_demean,8,PCB,65,5
arp,ts_demean,8,PCB,66,5
arp,ts_demean,8,PCB,67,5
arp,ts_demean,8,PCB,68,5
arp,ts_demean,8,PCB,69,5
arp,ts_demean,8,PCB,70,5
arp,ts_demean,8,PCB,71,5
arp,ts_demean,8,PCB,72,5
arp,ts_demean,8,PCB,73,5
arp,ts_demean,8,PCB,74,5
arp,ts_demean,8,PCB,75,5
arp,ts_demean,8,PCB,76,5
arp,ts_demean,8,PCB,77,5
arp,ts_demean,8,PCB,78,5
arp,ts_demean,8,PCB,79,5
arp,ts_demean,8,PCB,80,5
arp,ts_demean,8,PCB,81,5
arp,ts_demean,8,PCB,82,5
arp,ts_demean,8,PCB,83,5
arp,ts_demean,8,PCB,84,5
arp,ts_demean,8,PCB,85,5
arp,ts_demean,8,PCB,86,5
arp,ts_demean,8,PCB,87,5
arp,ts_demean,8,PCB,88,5
arp,ts_demean,8,PCB,89,5
arp,ts_demean,8,PCB,90,5
arp,ts_demean,8,PCB,91,5
arp,ts_demean,8,PCB,92,5
arp,ts_demean,8,PCB,93,5
arp,ts_demean,8,PCB,94,5
arp,ts_demean,8,PCB,95,5
arp,ts_demean,8,PCB,96,5
arp,ts_demean,8,PCB,97,5
arp,ts_demean,8,PCB,98,5
arp,ts_demean,8,PCB,99,5
arp,ts_demean,8,PCB,100,5
arp,ts_demean,8,PCB,101,5
arp,ts_demean,8,PCB,102,5
arp,ts_demean,8,PCB,103,5
arp,ts_demean,8,PCB,104,5
arp,ts_demean,8,PCB,105,5
arp,ts_demean,8,PCB,106,5
arp,ts_demean,8,PCB,107,5
arp,ts_demean,8,PCB,108,5
arp,ts_demean,8,PCB,109,5
arp,ts_demean,8,PCB,110,5
arp,ts_demean,8,PCB,111,5
arp,ts_demean,8,PCB,112,5
arp,ts_demean,8,PCB,113,5
arp,ts_demean,8,PCB,114,5
arp,ts_demean,8,PCB,115,5
arp,ts_demean,9,DMT,0,5
arp,ts_demean,9,DMT,1,5
arp,ts_demean,9,DMT,2,5
arp,ts_demean,9,DMT,3,5
arp,ts_demean,9,DMT,4,5
arp,ts_demean,9,DMT,5,5
arp,ts_demean,9,DMT,6,5
arp,ts_demean,9,DMT,7,5
arp,ts_demean,9,DMT,8,5
arp,ts_demean,9,DMT,9,5
arp,ts_demean,9,DMT,10,5
arp,ts_demean,9,DMT,11,5
arp,ts_demean,9,DMT,12,5
arp,ts_demean,9,DMT,13,5
arp,ts_demean,9,DMT,14,5
arp,ts_demean,9,DMT,15,5
arp,ts_demean,9,DMT,16,5
arp,ts_demean,9,DMT,17,5
arp,ts_demean,9,DMT,18,5
arp,ts_demean,9,DMT,19,5
arp,ts_demean,9,DMT,21,5
arp,ts_demean,9,DMT,22,5
arp,ts_demean,9,DMT,23,5
arp,ts_demean,9,DMT,24,5
arp,ts_demean,9,DMT,25,5
arp,ts_demean,9,DMT,26,5
arp,ts_demean,9,DMT,27,5
arp,ts_demean,9,DMT,28,5
arp,ts_demean,9,DMT,29,5
arp,ts_demean,9,DMT,30,5
arp,ts_demean,9,DMT,31,5
arp,ts_demean,9,DMT,32,5
arp,ts_demean,9,DMT,33,5
arp,ts_demean,9,DMT,34,5
arp,ts_demean,9,DMT,35,5
arp,ts_demean,9,DMT,36,5
arp,ts_demean,9,DMT,37,5
arp,ts_demean,9,DMT,38,5
arp,ts_demean,9,DMT,39,5
arp,ts_demean,9,DMT,40,5
arp,ts_demean,9,DMT,41,5
arp,ts_demean,9,DMT,42,5
arp,ts_demean,9,DMT,43,5
arp,ts_demean,9,DMT,44,5
arp,ts_demean,9,DMT,45,5
arp,ts_demean,9,DMT,46,5
arp,ts_demean,9,DMT,47,5
arp,ts_demean,9,DMT,48,5
arp,ts_demean,9,DMT,49,5
arp,ts_demean,9,DMT,50,5
arp,ts_demean,9,DMT,51,5
arp,ts_demean,9,DMT,52,5
arp,ts_demean,9,DMT,53,5
arp,ts_demean,9,DMT,54,5
arp,ts_demean,9,DMT,55,5
arp,ts_demean,9,DMT,56,5
arp,ts_demean,9,DMT,57,5
arp,ts_demean,9,DMT,58,5
arp,ts_demean,9,DMT,59,5
arp,ts_demean,9,DMT,60,5
arp,ts_demean,9,DMT,61,5
arp,ts_demean,9,DMT,62,5
arp,ts_demean,9,DMT,63,5
arp,ts_demean,9,DMT,64,5
arp,ts_demean,9,DMT,65,5
arp,ts_demean,9,DMT,66,5
arp,ts_demean,9,DMT,67,5
arp,ts_demean,9,DMT,68,5
arp,ts_demean,9,DMT,69,5
arp,ts_demean,9,DMT,70,5
arp,ts_demean,9,DMT,71,5
arp,ts_demean,9,DMT,72,5
arp,ts_demean,9,DMT,73,5
arp,ts_demean,9,DMT,74,5
arp,ts_demean,9,DMT,75,5
arp,ts_demean,9,DMT,76,5
arp,ts_demean,9,DMT,77,5
arp,ts_demean,9,DMT,78,4
arp,ts_demean,9,DMT,79,5
arp,ts_demean,9,DMT,80,5
arp,ts_demean,9,DMT,81,5
arp,ts_demean,9,DMT,82,5
arp,ts_demean,9,DMT,83,5
arp,ts_demean,9,DMT,84,5
arp,ts_demean,9,DMT,85,5
arp,ts_demean,9,DMT,86,5
arp,ts_demean,9,DMT,87,5
arp,ts_demean,9,DMT,88,5
arp,ts_demean,9,DMT,89,5
arp,ts_demean,9,DMT,90,5
arp,ts_demean,9,DMT,91,5
arp,ts_demean,9,DMT,92,5
arp,ts_demean,9,DMT,93,5
arp,ts_demean,9,DMT,94,5
arp,ts_demean,9,DMT,95,5
arp,ts_demean,9,DMT,96,5
arp,ts_demean,9,DMT,97,5
arp,ts_demean,9,DMT,98,5
arp,ts_demean,9,DMT,99,5
arp,ts_demean,9,DMT,100,5
arp,ts_demean,9,DMT,101,5
arp,ts_demean,9,DMT,102,5
arp,ts_demean,9,DMT,103,5
arp,ts_demean,9,DMT,104,5
arp,ts_demean,9,DMT,105,5
arp,ts_demean,9,DMT,106,5
arp,ts_demean,9,DMT,107,5
arp,ts_demean,9,DMT,108,5
arp,ts_demean,9,DMT,109,5
arp,ts_demean,9,DMT,110,5
arp,ts_demean,9,DMT,111,5
arp,ts_demean,9,DMT,112,5
arp,ts_demean,9,DMT,113,5
arp,ts_demean,9,DMT,114,5
arp,ts_demean,9,DMT,115,5
arp,ts_demean,9,PCB,0,5
arp,ts_demean,9,PCB,1,5
arp,ts_demean,9,PCB,2,5
arp,ts_demean,9,PCB,3,5
arp,ts_demean,9,PCB,4,5
arp,ts_demean,9,PCB,5,5
arp,ts_demean,9,PCB,6,5
arp,ts_demean,9,PCB,7,5
arp,ts_demean,9,PCB,8,5
arp,ts_demean,9,PCB,9,5
arp,ts_demean,9,PCB,10,5
arp,ts_demean,9,PCB,11,5
arp,ts_demean,9,PCB,12,5
arp,ts_demean,9,PCB,13,5
arp,ts_demean,9,PCB,14,5
arp,ts_demean,9,PCB,15,5
arp,ts_demean,9,PCB,16,5
arp,ts_demean,9,PCB,17,5
arp,ts_demean,9,PCB,18,5
arp,ts_demean,9,PCB,19,5
arp,ts_demean,9,PCB,21,5
arp,ts_demean,9,PCB,22,5
arp,ts_demean,9,PCB,23,5
arp,ts_demean,9,PCB,24,5
arp,ts_demean,9,PCB,25,5
arp,ts_demean,9,PCB,26,5
arp,ts_demean,9,PCB,27,5
arp,ts_demean,9,PCB,28,5
arp,ts_demean,9,PCB,29,5
arp,ts_demean,9,PCB,30,5
arp,ts_demean,9,PCB,31,5
arp,ts_demean,9,PCB,32,5
arp,ts_demean,9,PCB,33,5
arp,ts_demean,9,PCB,34,5
arp,ts_demean,9,PCB,35,5
arp,ts_demean,9,PCB,36,5
arp,ts_demean,9,PCB,37,5
arp,ts_demean,9,PCB,38,5
arp,ts_demean,9,PCB,39,5
arp,ts_demean,9,PCB,40,5
arp,ts_demean,9,PCB,41,5
arp,ts_demean,9,PCB,42,5
arp,ts_demean,9,PCB,43,5
arp,ts_demean,9,PCB,44,5
arp,ts_demean,9,PCB,45,5
arp,ts_demean,9,PCB,46,5
arp,ts_demean,9,PCB,47,5
arp,ts_demean,9,PCB,48,5
arp,ts_demean,9,PCB,49,5
arp,ts_demean,9,PCB,50,5
arp,ts_demean,9,PCB,51,5
arp,ts_demean,9,PCB,52,5
arp,ts_demean,9,PCB,53,5
arp,ts_demean,9,PCB,54,5
arp,ts_demean,9,PCB,55,5
arp,ts_demean,9,PCB,56,5
arp,ts_demean,9,PCB,57,5
arp,ts_demean,9,PCB,58,5
arp,ts_demean,9,PCB,59,5
arp,ts_demean,9,PCB,60,5
arp,ts_demean,9,PCB,61,5
arp,ts_demean,9,PCB,62,5
arp,ts_demean,9,PCB,63,5
arp,ts_demean,9,PCB,64,5
arp,ts_demean,9,PCB,65,5
arp,ts_demean,9,PCB,66,5
arp,ts_demean,9,PCB,67,5
arp,ts_demean,9,PCB,68,5
arp,ts_demean,9,PCB,69,5
arp,ts_demean,9,PCB,70,5
arp,ts_demean,9,PCB,71,5
arp,ts_demean,9,PCB,72,5
arp,ts_demean,9,PCB,73,5
arp,ts_demean,9,PCB,74,5
arp,ts_demean,9,PCB,75,5
arp,ts_demean,9,PCB,76,5
arp,ts_demean,9,PCB,77,5
arp,ts_demean,9,PCB,78,5
arp,ts_demean,9,PCB,79,5
arp,ts_demean,9,PCB,80,5
arp,ts_demean,9,PCB,81,5
arp,ts_demean,9,PCB,82,5
arp,ts_demean,9,PCB,83,5
arp,ts_demean,9,PCB,84,5
arp,ts_demean,9,PCB,85,5
arp,ts_demean,9,PCB,86,5
arp,ts_demean,9,PCB,87,5
arp,ts_demean,9,PCB,88,5
arp,ts_demean,9,PCB,89,5
arp,ts_demean,9,PCB,90,5
arp,ts_demean,9,PCB,91,5
arp,ts_demean,9,PCB,92,5
arp,ts_demean,9,PCB,93,5
arp,ts_demean,9,PCB,94,5
arp,ts_demean,9,PCB,95,5
arp,ts_demean,9,PCB,96,5
arp,ts_demean,9,PCB,97,5
arp,ts_demean,9,PCB,98,5
arp,ts_demean,9,PCB,99,5
arp,ts_demean,9,PCB,100,5
arp,ts_demean,9,PCB,101,5
arp,ts_demean,9,PCB,102,5
arp,ts_demean,9,PCB,103,5
arp,ts_demean,9,PCB,104,5
arp,ts_demean,9,PCB,105,5
arp,ts_demean,9,PCB,106,5
arp,ts_demean,9,PCB,107,5
arp,ts_demean,9,PCB,108,5
arp,ts_demean,9,PCB,109,5
arp,ts_demean,9,PCB,110,5
arp,ts_demean,9,PCB,111,5
arp,ts_demean,9,PCB,112,5
arp,ts_demean,9,PCB,113,5
arp,ts_demean,9,PCB,114,5
arp,ts_demean,9,PCB,115,5
arp,ts_demean,10,DMT,0,5
arp,ts_demean,10,DMT,1,5
arp,ts_demean,10,DMT,2,5
arp,ts_demean,10,DMT,3,5
arp,ts_demean,10,DMT,4,5
arp,ts_demean,10,DMT,5,5
arp,ts_demean,10,DMT,6,5
arp,ts_demean,10,DMT,7,5
arp,ts_demean,10,DMT,8,5
arp,ts_demean,10,DMT,9,5
arp,ts_demean,10,DMT,10,5
arp,ts_demean,10,DMT,11,5
arp,ts_demean,10,DMT,12,5
arp,ts_demean,10,DMT,13,5
arp,ts_demean,10,DMT,14,5
arp,ts_demean,10,DMT,15,5
arp,ts_demean,10,DMT,16,5
arp,ts_demean,10,DMT,17,5
arp,ts_demean,10,DMT,18,5
arp,ts_demean,10,DMT,19,5
arp,ts_demean,10,DMT,21,5
arp,ts_demean,10,DMT,22,5
arp,ts_demean,10,DMT,23,5
arp,ts_demean,10,DMT,24,5
arp,ts_demean,10,DMT,25,5
arp,ts_demean,10,DMT,26,5
arp,ts_demean,10,DMT,27,5
arp,ts_demean,10,DMT,28,5
arp,ts_demean,10,DMT,29,5
arp,ts_demean,10,DMT,30,5
arp,ts_demean,10,DMT,31,5
arp,ts_demean,10,DMT,32,5
arp,ts_demean,10,DMT,33,5
arp,ts_demean,10,DMT,34,5
arp,ts_demean,10,DMT,35,5
arp,ts_demean,10,DMT,36,5
arp,ts_demean,10,DMT,37,5
arp,ts_demean,10,DMT,38,5
arp,ts_demean,10,DMT,39,5
arp,ts_demean,10,DMT,40,5
arp,ts_demean,10,DMT,41,5
arp,ts_demean,10,DMT,42,5
arp,ts_demean,10,DMT,43,5
arp,ts_demean,10,DMT,44,5
arp,ts_demean,10,DMT,45,5
arp,ts_demean,10,DMT,46,5
arp,ts_demean,10,DMT,47,5
arp,ts_demean,10,DMT,48,5
arp,ts_demean,10,DMT,49,5
arp,ts_demean,10,DMT,50,5
arp,ts_demean,10,DMT,51,5
arp,ts_demean,10,DMT,52,5
arp,ts_demean,10,DMT,53,5
arp,ts_demean,10,DMT,54,5
arp,ts_demean,10,DMT,55,5
arp,ts_demean,10,DMT,56,5
arp,ts_demean,10,DMT,57,5
arp,ts_demean,10,DMT,58,5
arp,ts_demean,10,DMT,59,5
arp,ts_demean,10,DMT,60,5
arp,ts_demean,10,DMT,61,5
arp,ts_demean,10,DMT,62,5
arp,ts_demean,10,DMT,63,5
arp,ts_demean,10,DMT,64,5
arp,ts_demean,10,DMT,65,5
arp,ts_demean,10,DMT,66,5
arp,ts_demean,10,DMT,67,5
arp,ts_demean,10,DMT,68,5
arp,ts_demean,10,DMT,69,5
arp,ts_demean,10,DMT,70,5
arp,ts_demean,10,DMT,71,5
arp,ts_demean,10,DMT,72,5
arp,ts_demean,10,DMT,73,5
arp,ts_demean,10,DMT,74,5
arp,ts_demean,10,DMT,75,5
arp,ts_demean,10,DMT,76,5
arp,ts_demean,10,DMT,77,5
arp,ts_demean,10,DMT,78,5
arp,ts_demean,10,DMT,79,5
arp,ts_demean,10,DMT,80,5
arp,ts_demean,10,DMT,81,5
arp,ts_demean,10,DMT,82,5
arp,ts_demean,10,DMT,83,5
arp,ts_demean,10,DMT,84,5
arp,ts_demean,10,DMT,85,5
arp,ts_demean,10,DMT,86,5
arp,ts_demean,10,DMT,87,5
arp,ts_demean,10,DMT,88,5
arp,ts_demean,10,DMT,89,5
arp,ts_demean,10,DMT,90,5
arp,ts_demean,10,DMT,91,5
arp,ts_demean,10,DMT,92,5
arp,ts_demean,10,DMT,93,5
arp,ts_demean,10,DMT,94,5
arp,ts_demean,10,DMT,95,5
arp,ts_demean,10,DMT,96,5
arp,ts_demean,10,DMT,97,5
arp,ts_demean,10,DMT,98,5
arp,ts_demean,10,DMT,99,5
arp,ts_demean,10,DMT,100,5
arp,ts_demean,10,DMT,101,5
arp,ts_demean,10,DMT,102,5
arp,ts_demean,10,DMT,103,5
arp,ts_demean,10,DMT,104,5
arp,ts_demean,10,DMT,105,5
arp,ts_demean,10,DMT,106,5
arp,ts_demean,10,DMT,107,5
arp,ts_demean,10,DMT,108,5
arp,ts_demean,10,DMT,109,5
arp,ts_demean,10,DMT,110,5
arp,ts_demean,10,DMT,111,5
arp,ts_demean,10,DMT,112,5
arp,ts_demean,10,DMT,113,5
arp,ts_demean,10,DMT,114,5
arp,ts_demean,10,DMT,115,5
arp,ts_demean,10,PCB,0,5
arp,ts_demean,10,PCB,1,5
arp,ts_demean,10,PCB,2,5
arp,ts_demean,10,PCB,3,5
arp,ts_demean,10,PCB,4,5
arp,ts_demean,10,PCB,5,5
arp,ts_demean,10,PCB,6,5
arp,ts_demean,10,PCB,7,5
arp,ts_demean,10,PCB,8,5
arp,ts_demean,10,PCB,9,5
arp,ts_demean,10,PCB,10,5
arp,ts_demean,10,PCB,11,5
arp,ts_demean,10,PCB,12,5
arp,ts_demean,10,PCB,13,5
arp,ts_demean,10,PCB,14,5
arp,ts_demean,10,PCB,15,5
arp,ts_demean,10,PCB,16,5
arp,ts_demean,10,PCB,17,5
arp,ts_demean,10,PCB,18,5
arp,ts_demean,10,PCB,19,5
arp,ts_demean,10,PCB,21,5
arp,ts_demean,10,PCB,22,5
arp,ts_demean,10,PCB,23,5
arp,ts_demean,10,PCB,24,5
arp,ts_demean,10,PCB,25,5
arp,ts_demean,10,PCB,26,5
arp,ts_demean,10,PCB,27,5
arp,ts_demean,10,PCB,28,5
arp,ts_demean,10,PCB,29,5
arp,ts_demean,10,PCB,30,5
arp,ts_demean,10,PCB,31,5
arp,ts_demean,10,PCB,32,5
arp,ts_demean,10,PCB,33,5
arp,ts_demean,10,PCB,34,5
arp,ts_demean,10,PCB,35,5
arp,ts_demean,10,PCB,36,5
arp,ts_demean,10,PCB,37,5
arp,ts_demean,10,PCB,38,5
arp,ts_demean,10,PCB,39,5
arp,ts_demean,10,PCB,40,5
arp,ts_demean,10,PCB,41,5
arp,ts_demean,10,PCB,42,5
arp,ts_demean,10,PCB,43,5
arp,ts_demean,10,PCB,44,5
arp,ts_demean,10,PCB,45,5
arp,ts_demean,10,PCB,46,5
arp,ts_demean,10,PCB,47,5
arp,ts_demean,10,PCB,48,5
arp,ts_demean,10,PCB,49,5
arp,ts_demean,10,PCB,50,5
arp,ts_demean,10,PCB,51,5
arp,ts_demean,10,PCB,52,5
arp,ts_demean,10,PCB,53,5
arp,ts_demean,10,PCB,54,5
arp,ts_demean,10,PCB,55,5
arp,ts_demean,10,PCB,56,5
arp,ts_demean,10,PCB,57,5
arp,ts_demean,10,PCB,58,5
arp,ts_demean,10,PCB,59,5
arp,ts_demean,10,PCB,60,5
arp,ts_demean,10,PCB,61,5
arp,ts_demean,10,PCB,62,5
arp,ts_demean,10,PCB,63,5
arp,ts_demean,10,PCB,64,5
arp,ts_demean,10,PCB,65,5
arp,ts_demean,10,PCB,66,5
arp,ts_demean,10,PCB,67,5
arp,ts_demean,10,PCB,68,5
arp,ts_demean,10,PCB,69,5
arp,ts_demean,10,PCB,70,5
arp,ts_demean,10,PCB,71,5
arp,ts_demean,10,PCB,72,5
arp,ts_demean,10,PCB,73,5
arp,ts_demean,10,PCB,74,5
arp,ts_demean,10,PCB,75,5
arp,ts_demean,10,PCB,76,5
arp,ts_demean,10,PCB,77,5
arp,ts_demean,10,PCB,78,5
arp,ts_demean,10,PCB,79,5
arp,ts_demean,10,PCB,80,5
arp,ts_demean,10,PCB,81,5
arp,ts_demean,10,PCB,82,5
arp,ts_demean,10,PCB,83,5
arp,ts_demean,10,PCB,84,5
arp,ts_demean,10,PCB,85,5
arp,ts_demean,10,PCB,86,5
arp,ts_demean,10,PCB,87,5
arp,ts_demean,10,PCB,88,5
arp,ts_demean,10,PCB,89,5
arp,ts_demean,10,PCB,90,5
arp,ts_demean,10,PCB,91,5
arp,ts_demean,10,PCB,92,5
arp,ts_demean,10,PCB,93,5
arp,ts_demean,10,PCB,94,5
arp,ts_demean,10,PCB,95,5
arp,ts_demean,10,PCB,96,5
arp,ts_demean,10,PCB,97,5
arp,ts_demean,10,PCB,98,5
arp,ts_demean,10,PCB,99,5
arp,ts_demean,10,PCB,100,5
arp,ts_demean,10,PCB,101,5
arp,ts_demean,10,PCB,102,5
arp,ts_demean,10,PCB,103,5
arp,ts_demean,10,PCB,104,5
arp,ts_demean,10,PCB,105,5
arp,ts_demean,10,PCB,106,5
arp,ts_demean,10,PCB,107,5
arp,ts_demean,10,PCB,108,5
arp,ts_demean,10,PCB,109,5
arp,ts_demean,10,PCB,110,5
arp,ts_demean,10,PCB,111,5
arp,ts_demean,10,PCB,112,5
arp,ts_demean,10,PCB,113,5
arp,ts_demean,10,PCB,114,5
arp,ts_demean,10,PCB,115,5
arp,ts_demean,11,DMT,0,5
arp,ts_demean,11,DMT,1,5
arp,ts_demean,11,DMT,2,5
arp,ts_demean,11,DMT,3,5
arp,ts_demean,11,DMT,4,5
arp,ts_demean,11,DMT,5,5
arp,ts_demean,11,DMT,6,5
arp,ts_demean,11,DMT,7,5
arp,ts_demean,11,DMT,8,5
arp,ts_demean,11,DMT,9,5
arp,ts_demean,11,DMT,10,5
arp,ts_demean,11,DMT,11,5
arp,ts_demean,11,DMT,12,5
arp,ts_demean,11,DMT,13,5
arp,ts_demean,11,DMT,14,5
arp,ts_demean,11,DMT,15,5
arp,ts_demean,11,DMT,16,5
arp,ts_demean,11,DMT,17,5
arp,ts_demean,11,DMT,18,5
arp,ts_demean,11,DMT,19,5
arp,ts_demean,11,DMT,21,5
arp,ts_demean,11,DMT,22,5
arp,ts_demean,11,DMT,23,5
arp,ts_demean,11,DMT,24,5
arp,ts_demean,11,DMT,25,5
arp,ts_demean,11,DMT,26,5
arp,ts_demean,11,DMT,27,5
arp,ts_demean,11,DMT,28,5
arp,ts_demean,11,DMT,29,5
arp,ts_demean,11,DMT,30,4
arp,ts_demean,11,DMT,31,5
arp,ts_demean,11,DMT,32,5
arp,ts_demean,11,DMT,33,5
arp,ts_demean,11,DMT,34,5
arp,ts_demean,11,DMT,35,5
arp,ts_demean,11,DMT,36,5
arp,ts_demean,11,DMT,37,5
arp,ts_demean,11,DMT,38,5
arp,ts_demean,11,DMT,39,5
arp,ts_demean,11,DMT,40,5
arp,ts_demean,11,DMT,41,5
arp,ts_demean,11,DMT,42,5
arp,ts_demean,11,DMT,43,5
arp,ts_demean,11,DMT,44,5
arp,ts_demean,11,DMT,45,5
arp,ts_demean,11,DMT,46,5
arp,ts_demean,11,DMT,47,5
arp,ts_demean,11,DMT,48,5
arp,ts_demean,11,DMT,49,5
arp,ts_demean,11,DMT,50,5
arp,ts_demean,11,DMT,51,5
arp,ts_demean,11,DMT,52,5
arp,ts_demean,11,DMT,53,5
arp,ts_demean,11,DMT,54,5
arp,ts_demean,11,DMT,55,5
arp,ts_demean,11,DMT,56,5
arp,ts_demean,11,DMT,57,5
arp,ts_demean,11,DMT,58,5
arp,ts_demean,11,DMT,59,5
arp,ts_demean,11,DMT,60,5
arp,ts_demean,11,DMT,61,5
arp,ts_demean,11,DMT,62,5
arp,ts_demean,11,DMT,63,5
arp,ts_demean,11,DMT,64,5
arp,ts_demean,11,DMT,65,5
arp,ts_demean,11,DMT,66,5
arp,ts_demean,11,DMT,67,5
arp,ts_demean,11,DMT,68,5
arp,ts_demean,11,DMT,69,5
arp,ts_demean,11,DMT,70,5
arp,ts_demean,11,DMT,71,5
arp,ts_demean,11,DMT,72,5
arp,ts_demean,11,DMT,73,5
arp,ts_demean,11,DMT,74,5
arp,ts_demean,11,DMT,75,5
arp,ts_demean,11,DMT,76,5
arp,ts_demean,11,DMT,77,5
arp,ts_demean,11,DMT,78,5
arp,ts_demean,11,DMT,79,5
arp,ts_demean,11,DMT,80,5
arp,ts_demean,11,DMT,81,5
arp,ts_demean,11,DMT,82,5
arp,ts_demean,11,DMT,83,5
arp,ts_demean,11,DMT,84,5
arp,ts_demean,11,DMT,85,5
arp,ts_demean,11,DMT,86,5
arp,ts_demean,11,DMT,87,5
arp,ts_demean,11,DMT,88,5
arp,ts_demean,11,DMT,89,5
arp,ts_demean,11,DMT,90,5
arp,ts_demean,11,DMT,91,5
arp,ts_demean,11,DMT,92,5
arp,ts_demean,11,DMT,93,5
arp,ts_demean,11,DMT,94,5
arp,ts_demean,11,DMT,95,5
arp,ts_demean,11,DMT,96,5
arp,ts_demean,11,DMT,97,5
arp,ts_demean,11,DMT,98,5
arp,ts_demean,11,DMT,99,5
arp,ts_demean,11,DMT,100,5
arp,ts_demean,11,DMT,101,5
arp,ts_demean,11,DMT,102,5
arp,ts_demean,11,DMT,103,5
arp,ts_demean,11,DMT,104,5
arp,ts_demean,11,DMT,105,5
arp,ts_demean,11,DMT,106,5
arp,ts_demean,11,DMT,107,5
arp,ts_demean,11,DMT,108,5
arp,ts_demean,11,DMT,109,5
arp,ts_demean,11,DMT,110,5
arp,ts_demean,11,DMT,111,5
arp,ts_demean,11,DMT,112,5
arp,ts_demean,11,DMT,113,5
arp,ts_demean,11,DMT,114,5
arp,ts_demean,11,DMT,115,5
arp,ts_demean,11,PCB,0,5
arp,ts_demean,11,PCB,1,5
arp,ts_demean,11,PCB,2,5
arp,ts_demean,11,PCB,3,5
arp,ts_demean,11,PCB,4,5
arp,ts_demean,11,PCB,5,5
arp,ts_demean,11,PCB,6,5
arp,ts_demean,11,PCB,7,5
arp,ts_demean,11,PCB,8,5
arp,ts_demean,11,PCB,9,5
arp,ts_demean,11,PCB,10,5
arp,ts_demean,11,PCB,11,5
arp,ts_demean,11,PCB,12,5
arp,ts_demean,11,PCB,13,5
arp,ts_demean,11,PCB,14,5
arp,ts_demean,11,PCB,15,5
arp,ts_demean,11,PCB,16,5
arp,ts_demean,11,PCB,17,5
arp,ts_demean,11,PCB,18,5
arp,ts_demean,11,PCB,19,5
arp,ts_demean,11,PCB,21,5
arp,ts_demean,11,PCB,22,5
arp,ts_demean,11,PCB,23,5
arp,ts_demean,11,PCB,24,5
arp,ts_demean,11,PCB,25,5
arp,ts_demean,11,PCB,26,5
arp,ts_demean,11,PCB,27,5
arp,ts_demean,11,PCB,28,5
arp,ts_demean,11,PCB,29,5
arp,ts_demean,11,PCB,30,5
arp,ts_demean,11,PCB,31,5
arp,ts_demean,11,PCB,32,5
arp,ts_demean,11,PCB,33,5
arp,ts_demean,11,PCB,34,5
arp,ts_demean,11,PCB,35,5
arp,ts_demean,11,PCB,36,5
arp,ts_demean,11,PCB,37,5
arp,ts_demean,11,PCB,38,5
arp,ts_demean,11,PCB,39,5
arp,ts_demean,11,PCB,40,5
arp,ts_demean,11,PCB,41,5
arp,ts_demean,11,PCB,42,5
arp,ts_demean,11,PCB,43,5
arp,ts_demean,11,PCB,44,5
arp,ts_demean,11,PCB,45,5
arp,ts_demean,11,PCB,46,5
arp,ts_demean,11,PCB,47,5
arp,ts_demean,11,PCB,48,5
arp,ts_demean,11,PCB,49,5
arp,ts_demean,11,PCB,50,5
arp,ts_demean,11,PCB,51,5
arp,ts_demean,11,PCB,52,5
arp,ts_demean,11,PCB,53,5
arp,ts_demean,11,PCB,54,5
arp,ts_demean,11,PCB,55,5
arp,ts_demean,11,PCB,56,5
arp,ts_demean,11,PCB,57,5
arp,ts_demean,11,PCB,58,5
arp,ts_demean,11,PCB,59,5
arp,ts_demean,11,PCB,60,5
arp,ts_demean,11,PCB,61,5
arp,ts_demean,11,PCB,62,5
arp,ts_demean,11,PCB,63,5
arp,ts_demean,11,PCB,64,5
arp,ts_demean,11,PCB,65,5
arp,ts_demean,11,PCB,66,5
arp,ts_demean,11,PCB,67,5
arp,ts_demean,11,PCB,68,5
arp,ts_demean,11,PCB,69,5
arp,ts_demean,11,PCB,70,5
arp,ts_demean,11,PCB,71,5
arp,ts_demean,11,PCB,72,5
arp,ts_demean,11,PCB,73,5
arp,ts_demean,11,PCB,74,5
arp,ts_demean,11,PCB,75,5
arp,ts_demean,11,PCB,76,5
arp,ts_demean,11,PCB,77,5
arp,ts_demean,11,PCB,78,5
arp,ts_demean,11,PCB,79,5
arp,ts_demean,11,PCB,80,5
arp,ts_demean,11,PCB,81,5
arp,ts_demean,11,PCB,82,5
arp,ts_demean,11,PCB,83,5
arp,ts_demean,11,PCB,84,5
arp,ts_demean,11,PCB,85,5
arp,ts_demean,11,PCB,86,5
arp,ts_demean,11,PCB,87,5
arp,ts_demean,11,PCB,88,5
arp,ts_demean,11,PCB,89,5
arp,ts_demean,11,PCB,90,5
arp,ts_demean,11,PCB,91,5
arp,ts_demean,11,PCB,92,5
arp,ts_demean,11,PCB,93,5
arp,ts_demean,11,PCB,94,5
arp,ts_demean,11,PCB,95,5
arp,ts_demean,11,PCB,96,5
arp,ts_demean,11,PCB,97,5
arp,ts_demean,11,PCB,98,5
arp,ts_demean,11,PCB,99,5
arp,ts_demean,11,PCB,100,5
arp,ts_demean,11,PCB,101,5
arp,ts_demean,11,PCB,102,5
arp,ts_demean,11,PCB,103,5
arp,ts_demean,11,PCB,104,5
arp,ts_demean,11,PCB,105,5
arp,ts_demean,11,PCB,106,5
arp,ts_demean,11,PCB,107,5
arp,ts_demean,11,PCB,108,5
arp,ts_demean,11,PCB,109,5
arp,ts_demean,11,PCB,110,5
arp,ts_demean,11,PCB,111,5
arp,ts_demean,11,PCB,112,5
arp,ts_demean,11,PCB,113,5
arp,ts_demean,11,PCB,114,5
arp,ts_demean,11,PCB,115,5
arp,ts_demean,12,DMT,0,5
arp,ts_demean,12,DMT,1,5
arp,ts_demean,12,DMT,2,5
arp,ts_demean,12,DMT,3,5
arp,ts_demean,12,DMT,4,5
arp,ts_demean,12,DMT,5,5
arp,ts_demean,12,DMT,6,5
arp,ts_demean,12,DMT,7,5
arp,ts_demean,12,DMT,8,5
arp,ts_demean,12,DMT,9,5
arp,ts_demean,12,DMT,10,5
arp,ts_demean,12,DMT,11,5
arp,ts_demean,12,DMT,12,5
arp,ts_demean,12,DMT,13,5
arp,ts_demean,12,DMT,14,5
arp,ts_demean,12,DMT,15,5
arp,ts_demean,12,DMT,16,5
arp,ts_demean,12,DMT,17,5
arp,ts_demean,12,DMT,18,5
arp,ts_demean,12,DMT,19,5
arp,ts_demean,12,DMT,21,5
arp,ts_demean,12,DMT,22,5
arp,ts_demean,12,DMT,23,5
arp,ts_demean,12,DMT,24,5
arp,ts_demean,12,DMT,25,5
arp,ts_demean,12,DMT,26,5
arp,ts_demean,12,DMT,27,5
arp,ts_demean,12,DMT,28,5
arp,ts_demean,12,DMT,29,5
arp,ts_demean,12,DMT,30,5
arp,ts_demean,12,DMT,31,5
arp,ts_demean,12,DMT,32,5
arp,ts_demean,12,DMT,33,5
arp,ts_demean,12,DMT,34,5
arp,ts_demean,12,DMT,35,5
arp,ts_demean,12,DMT,36,5
arp,ts_demean,12,DMT,37,5
arp,ts_demean,12,DMT,38,5
arp,ts_demean,12,DMT,39,5
arp,ts_demean,12,DMT,40,5
arp,ts_demean,12,DMT,41,5
arp,ts_demean,12,DMT,42,5
arp,ts_demean,12,DMT,43,5
arp,ts_demean,12,DMT,44,5
arp,ts_demean,12,DMT,45,5
arp,ts_demean,12,DMT,46,5
arp,ts_demean,12,DMT,47,5
arp,ts_demean,12,DMT,48,5
arp,ts_demean,12,DMT,49,5
arp,ts_demean,12,DMT,50,5
arp,ts_demean,12,DMT,51,5
arp,ts_demean,12,DMT,52,5
arp,ts_demean,12,DMT,53,5
arp,ts_demean,12,DMT,54,5
arp,ts_demean,12,DMT,55,5
arp,ts_demean,12,DMT,56,5
arp,ts_demean,12,DMT,57,5
arp,ts_demean,12,DMT,58,5
arp,ts_demean,12,DMT,59,5
arp,ts_demean,12,DMT,60,5
arp,ts_demean,12,DMT,61,5
arp,ts_demean,12,DMT,62,5
arp,ts_demean,12,DMT,63,5
arp,ts_demean,12,DMT,64,5
arp,ts_demean,12,DMT,65,5
arp,ts_demean,12,DMT,66,5
arp,ts_demean,12,DMT,67,5
arp,ts_demean,12,DMT,68,5
arp,ts_demean,12,DMT,69,5
arp,ts_demean,12,DMT,70,5
arp,ts_demean,12,DMT,71,5
arp,ts_demean,12,DMT,72,5
arp,ts_demean,12,DMT,73,5
arp,ts_demean,12,DMT,74,5
arp,ts_demean,12,DMT,75,5
arp,ts_demean,12,DMT,76,5
arp,ts_demean,12,DMT,77,5
arp,ts_demean,12,DMT,78,5
arp,ts_demean,12,DMT,79,5
arp,ts_demean,12,DMT,80,5
arp,ts_demean,12,DMT,81,5
arp,ts_demean,12,DMT,82,5
arp,ts_demean,12,DMT,83,5
arp,ts_demean,12,DMT,84,5
arp,ts_demean,12,DMT,85,5
arp,ts_demean,12,DMT,86,5
arp,ts_demean,12,DMT,87,5
arp,ts_demean,12,DMT,88,5
arp,ts_demean,12,DMT,89,5
arp,ts_demean,12,DMT,90,5
arp,ts_demean,12,DMT,91,5
arp,ts_demean,12,DMT,92,5
arp,ts_demean,12,DMT,93,5
arp,ts_demean,12,DMT,94,5
arp,ts_demean,12,DMT,95,5
arp,ts_demean,12,DMT,96,5
arp,ts_demean,12,DMT,97,5
arp,ts_demean,12,DMT,98,5
arp,ts_demean,12,DMT,99,5
arp,ts_demean,12,DMT,100,5
arp,ts_demean,12,DMT,101,5
arp,ts_demean,12,DMT,102,5
arp,ts_demean,12,DMT,103,5
arp,ts_demean,12,DMT,104,5
arp,ts_demean,12,DMT,105,5
arp,ts_demean,12,DMT,106,5
arp,ts_demean,12,DMT,107,5
arp,ts_demean,12,DMT,108,5
arp,ts_demean,12,DMT,109,5
arp,ts_demean,12,DMT,110,5
arp,ts_demean,12,DMT,111,5
arp,ts_demean,12,DMT,112,5
arp,ts_demean,12,DMT,113,5
arp,ts_demean,12,DMT,114,5
arp,ts_demean,12,DMT,115,5
arp,ts_demean,12,PCB,0,5
arp,ts_demean,12,PCB,1,5
arp,ts_demean,12,PCB,2,5
arp,ts_demean,12,PCB,3,5
arp,ts_demean,12,PCB,4,5
arp,ts_demean,12,PCB,5,5
arp,ts_demean,12,PCB,6,5
arp,ts_demean,12,PCB,7,5
arp,ts_demean,12,PCB,8,5
arp,ts_demean,12,PCB,9,5
arp,ts_demean,12,PCB,10,5
arp,ts_demean,12,PCB,11,5
arp,ts_demean,12,PCB,12,5
arp,ts_demean,12,PCB,13,5
arp,ts_demean,12,PCB,14,5
arp,ts_demean,12,PCB,15,5
arp,ts_demean,12,PCB,16,5
arp,ts_demean,12,PCB,17,5
arp,ts_demean,12,PCB,18,5
arp,ts_demean,12,PCB,19,5
arp,ts_demean,12,PCB,21,5
arp,ts_demean,12,PCB,22,5
arp,ts_demean,12,PCB,23,5
arp,ts_demean,12,PCB,24,5
arp,ts_demean,12,PCB,25,5
arp,ts_demean,12,PCB,26,5
arp,ts_demean,12,PCB,27,5
arp,ts_demean,12,PCB,28,5
arp,ts_demean,12,PCB,29,5
arp,ts_demean,12,PCB,30,5
arp,ts_demean,12,PCB,31,5
arp,ts_demean,12,PCB,32,5
arp,ts_demean,12,PCB,33,5
arp,ts_demean,12,PCB,34,5
arp,ts_demean,12,PCB,35,5
arp,ts_demean,12,PCB,36,5
arp,ts_demean,12,PCB,37,5
arp,ts_demean,12,PCB,38,5
arp,ts_demean,12,PCB,39,5
arp,ts_demean,12,PCB,40,5
arp,ts_demean,12,PCB,41,5
arp,ts_demean,12,PCB,42,5
arp,ts_demean,12,PCB,43,5
arp,ts_demean,12,PCB,44,5
arp,ts_demean,12,PCB,45,5
arp,ts_demean,12,PCB,46,5
arp,ts_demean,12,PCB,47,5
arp,ts_demean,12,PCB,48,5
arp,ts_demean,12,PCB,49,5
arp,ts_demean,12,PCB,50,5
arp,ts_demean,12,PCB,51,5
arp,ts_demean,12,PCB,52,5
arp,ts_demean,12,PCB,53,5
arp,ts_demean,12,PCB,54,5
arp,ts_demean,12,PCB,55,5
arp,ts_demean,12,PCB,56,5
arp,ts_demean,12,PCB,57,5
arp,ts_demean,12,PCB,58,5
arp,ts_demean,12,PCB,59,5
arp,ts_demean,12,PCB,60,5
arp,ts_demean,12,PCB,61,5
arp,ts_demean,12,PCB,62,5
arp,ts_demean,12,PCB,63,5
arp,ts_demean,12,PCB,64,5
arp,ts_demean,12,PCB,65,5
arp,ts_demean,12,PCB,66,5
arp,ts_demean,12,PCB,67,5
arp,ts_demean,12,PCB,68,5
arp,ts_demean,12,PCB,69,5
arp,ts_demean,12,PCB,70,5
arp,ts_demean,12,PCB,71,5
arp,ts_demean,12,PCB,72,5
arp,ts_demean,12,PCB,73,5
arp,ts_demean,12,PCB,74,5
arp,ts_demean,12,PCB,75,5
arp,ts_demean,12,PCB,76,5
arp,ts_demean,12,PCB,77,5
arp,ts_demean,12,PCB,78,5
arp,ts_demean,12,PCB,79,5
arp,ts_demean,12,PCB,80,5
arp,ts_demean,12,PCB,81,5
arp,ts_demean,12,PCB,82,5
arp,ts_demean,12,PCB,83,5
arp,ts_demean,12,PCB,84,5
arp,ts_demean,12,PCB,85,5
arp,ts_demean,12,PCB,86,5
arp,ts_demean,12,PCB,87,5
arp,ts_demean,12,PCB,88,5
arp,ts_demean,12,PCB,89,5
arp,ts_demean,12,PCB,90,5
arp,ts_demean,12,PCB,91,5
arp,ts_demean,12,PCB,92,5
arp,ts_demean,12,PCB,93,5
arp,ts_demean,12,PCB,94,5
arp,ts_demean,12,PCB,95,5
arp,ts_demean,12,PCB,96,5
arp,ts_demean,12,PCB,97,5
arp,ts_demean,12,PCB,98,5
arp,ts_demean,12,PCB,99,5
arp,ts_demean,12,PCB,100,5
arp,ts_demean,12,PCB,101,5
arp,ts_demean,12,PCB,102,5
arp,ts_demean,12,PCB,103,5
arp,ts_demean,12,PCB,104,5
arp,ts_demean,12,PCB,105,5
arp,ts_demean,12,PCB,106,5
arp,ts_demean,12,PCB,107,5
arp,ts_demean,12,PCB,108,5
arp,ts_demean,12,PCB,109,5
arp,ts_demean,12,PCB,110,5
arp,ts_demean,12,PCB,111,5
arp,ts_demean,12,PCB,112,5
arp,ts_demean,12,PCB,113,5
arp,ts_demean,12,PCB,114,5
arp,ts_demean,12,PCB,115,5
arp,ts_demean,13,DMT,0,5
arp,ts_demean,13,DMT,1,5
arp,ts_demean,13,DMT,2,5
arp,ts_demean,13,DMT,3,5
arp,ts_demean,13,DMT,4,5
arp,ts_demean,13,DMT,5,5
arp,ts_demean,13,DMT,6,5
arp,ts_demean,13,DMT,7,5
arp,ts_demean,13,DMT,8,5
arp,ts_demean,13,DMT,9,5
arp,ts_demean,13,DMT,10,5
arp,ts_demean,13,DMT,11,5
arp,ts_demean,13,DMT,12,5
arp,ts_demean,13,DMT,13,5
arp,ts_demean,13,DMT,14,5
arp,ts_demean,13,DMT,15,5
arp,ts_demean,13,DMT,16,5
arp,ts_demean,13,DMT,17,5
arp,ts_demean,13,DMT,18,5
arp,ts_demean,13,DMT,19,5
arp,ts_demean,13,DMT,21,5
arp,ts_demean,13,DMT,22,5
arp,ts_demean,13,DMT,23,5
arp,ts_demean,13,DMT,24,5
arp,ts_demean,13,DMT,25,5
arp,ts_demean,13,DMT,26,5
arp,ts_demean,13,DMT,27,5
arp,ts_demean,13,DMT,28,5
arp,ts_demean,13,DMT,29,5
arp,ts_demean,13,DMT,30,5
arp,ts_demean,13,DMT,31,5
arp,ts_demean,13,DMT,32,5
arp,ts_demean,13,DMT,33,5
arp,ts_demean,13,DMT,34,5
arp,ts_demean,13,DMT,35,5
arp,ts_demean,13,DMT,36,5
arp,ts_demean,13,DMT,37,5
arp,ts_demean,13,DMT,38,5
arp,ts_demean,13,DMT,39,5
arp,ts_demean,13,DMT,40,5
arp,ts_demean,13,DMT,41,5
arp,ts_demean,13,DMT,42,5
arp,ts_demean,13,DMT,43,5
arp,ts_demean,13,DMT,44,5
arp,ts_demean,13,DMT,45,5
arp,ts_demean,13,DMT,46,5
arp,ts_demean,13,DMT,47,5
arp,ts_demean,13,DMT,48,5
arp,ts_demean,13,DMT,49,5
arp,ts_demean,13,DMT,50,5
arp,ts_demean,13,DMT,51,5
arp,ts_demean,13,DMT,52,5
arp,ts_demean,13,DMT,53,5
arp,ts_demean,13,DMT,54,5
arp,ts_demean,13,DMT,55,5
arp,ts_demean,13,DMT,56,5
arp,ts_demean,13,DMT,57,5
arp,ts_demean,13,DMT,58,5
arp,ts_demean,13,DMT,59,5
arp,ts_demean,13,DMT,60,5
arp,ts_demean,13,DMT,61,5
arp,ts_demean,13,DMT,62,5
arp,ts_demean,13,DMT,63,5
arp,ts_demean,13,DMT,64,5
arp,ts_demean,13,DMT,65,5
arp,ts_demean,13,DMT,66,5
arp,ts_demean,13,DMT,67,5
arp,ts_demean,13,DMT,68,5
arp,ts_demean,13,DMT,69,5
arp,ts_demean,13,DMT,70,5
arp,ts_demean,13,DMT,71,5
arp,ts_demean,13,DMT,72,5
arp,ts_demean,13,DMT,73,5
arp,ts_demean,13,DMT,74,5
arp,ts_demean,13,DMT,75,5
arp,ts_demean,13,DMT,76,5
arp,ts_demean,13,DMT,77,5
arp,ts_demean,13,DMT,78,5
arp,ts_demean,13,DMT,79,5
arp,ts_demean,13,DMT,80,5
arp,ts_demean,13,DMT,81,5
arp,ts_demean,13,DMT,82,5
arp,ts_demean,13,DMT,83,5
arp,ts_demean,13,DMT,84,5
arp,ts_demean,13,DMT,85,5
arp,ts_demean,13,DMT,86,5
arp,ts_demean,13,DMT,87,5
arp,ts_demean,13,DMT,88,5
arp,ts_demean,13,DMT,89,5
arp,ts_demean,13,DMT,90,5
arp,ts_demean,13,DMT,91,5
arp,ts_demean,13,DMT,92,5
arp,ts_demean,13,DMT,93,5
arp,ts_demean,13,DMT,94,5
arp,ts_demean,13,DMT,95,5
arp,ts_demean,13,DMT,96,5
arp,ts_demean,13,DMT,97,5
arp,ts_demean,13,DMT,98,5
arp,ts_demean,13,DMT,99,5
arp,ts_demean,13,DMT,100,5
arp,ts_demean,13,DMT,101,5
arp,ts_demean,13,DMT,102,5
arp,ts_demean,13,DMT,103,5
arp,ts_demean,13,DMT,104,5
arp,ts_demean,13,DMT,105,5
arp,ts_demean,13,DMT,106,5
arp,ts_demean,13,DMT,107,5
arp,ts_demean,13,DMT,108,5
arp,ts_demean,13,DMT,109,5
arp,ts_demean,13,DMT,110,5
arp,ts_demean,13,DMT,111,5
arp,ts_demean,13,DMT,112,5
arp,ts_demean,13,DMT,113,5
arp,ts_demean,13,DMT,114,5
arp,ts_demean,13,DMT,115,5
arp,ts_demean,13,PCB,0,5
arp,ts_demean,13,PCB,1,5
arp,ts_demean,13,PCB,2,5
arp,ts_demean,13,PCB,3,5
arp,ts_demean,13,PCB,4,5
arp,ts_demean,13,PCB,5,5
arp,ts_demean,13,PCB,6,5
arp,ts_demean,13,PCB,7,5
arp,ts_demean,13,PCB,8,5
arp,ts_demean,13,PCB,9,5
arp,ts_demean,13,PCB,10,5
arp,ts_demean,13,PCB,11,5
arp,ts_demean,13,PCB,12,5
arp,ts_demean,13,PCB,13,5
arp,ts_demean,13,PCB,14,5
arp,ts_demean,13,PCB,15,5
arp,ts_demean,13,PCB,16,5
arp,ts_demean,13,PCB,17,5
arp,ts_demean,13,PCB,18,5
arp,ts_demean,13,PCB,19,5
arp,ts_demean,13,PCB,21,5
arp,ts_demean,13,PCB,22,5
arp,ts_demean,13,PCB,23,5
arp,ts_demean,13,PCB,24,5
arp,ts_demean,13,PCB,25,5
arp,ts_demean,13,PCB,26,5
arp,ts_demean,13,PCB,27,5
arp,ts_demean,13,PCB,28,5
arp,ts_demean,13,PCB,29,5
arp,ts_demean,13,PCB,30,5
arp,ts_demean,13,PCB,31,5
arp,ts_demean,13,PCB,32,5
arp,ts_demean,13,PCB,33,5
arp,ts_demean,13,PCB,34,5
arp,ts_demean,13,PCB,35,5
arp,ts_demean,13,PCB,36,5
arp,ts_demean,13,PCB,37,5
arp,ts_demean,13,PCB,38,5
arp,ts_demean,13,PCB,39,5
arp,ts_demean,13,PCB,40,5
arp,ts_demean,13,PCB,41,5
arp,ts_demean,13,PCB,42,5
arp,ts_demean,13,PCB,43,5
arp,ts_demean,13,PCB,44,5
arp,ts_demean,13,PCB,45,5
arp,ts_demean,13,PCB,46,5
arp,ts_demean,13,PCB,47,5
arp,ts_demean,13,PCB,48,5
arp,ts_demean,13,PCB,49,5
arp,ts_demean,13,PCB,50,5
arp,ts_demean,13,PCB,51,5
arp,ts_demean,13,PCB,52,5
arp,ts_demean,13,PCB,53,5
arp,ts_demean,13,PCB,54,5
arp,ts_demean,13,PCB,55,5
arp,ts_demean,13,PCB,56,5
arp,ts_demean,13,PCB,57,5
arp,ts_demean,13,PCB,58,5
arp,ts_demean,13,PCB,59,5
arp,ts_demean,13,PCB,60,5
arp,ts_demean,13,PCB,61,5
arp,ts_demean,13,PCB,62,5
arp,ts_demean,13,PCB,63,5
arp,ts_demean,13,PCB,64,5
arp,ts_demean,13,PCB,65,5
arp,ts_demean,13,PCB,66,5
arp,ts_demean,13,PCB,67,5
arp,ts_demean,13,PCB,68,5
arp,ts_demean,13,PCB,69,5
arp,ts_demean,13,PCB,70,5
arp,ts_demean,13,PCB,71,5
arp,ts_demean,13,PCB,72,5
arp,ts_demean,13,PCB,73,5
arp,ts_demean,13,PCB,74,5
arp,ts_demean,13,PCB,75,5
arp,ts_demean,13,PCB,76,5
arp,ts_demean,13,PCB,77,5
arp,ts_demean,13,PCB,78,5
arp,ts_demean,13,PCB,79,5
arp,ts_demean,13,PCB,80,5
arp,ts_demean,13,PCB,81,5
arp,ts_demean,13,PCB,82,5
arp,ts_demean,13,PCB,83,5
arp,ts_demean,13,PCB,84,5
arp,ts_demean,13,PCB,85,5
arp,ts_demean,13,PCB,86,5
arp,ts_demean,13,PCB,87,5
arp,ts_demean,13,PCB,88,5
arp,ts_demean,13,PCB,89,5
arp,ts_demean,13,PCB,90,5
arp,ts_demean,13,PCB,91,5
arp,ts_demean,13,PCB,92,5
arp,ts_demean,13,PCB,93,5
arp,ts_demean,13,PCB,94,5
arp,ts_demean,13,PCB,95,5
arp,ts_demean,13,PCB,96,5
arp,ts_demean,13,PCB,97,5
arp,ts_demean,13,PCB,98,5
arp,ts_demean,13,PCB,99,5
arp,ts_demean,13,PCB,100,5
arp,ts_demean,13,PCB,101,5
arp,ts_demean,13,PCB,102,5
arp,ts_demean,13,PCB,103,5
arp,ts_demean,13,PCB,104,5
arp,ts_demean,13,PCB,105,5
arp,ts_demean,13,PCB,106,5
arp,ts_demean,13,PCB,107,5
arp,ts_demean,13,PCB,108,5
arp,ts_demean,13,PCB,109,5
arp,ts_demean,13,PCB,110,5
arp,ts_demean,13,PCB,111,5
arp,ts_demean,13,PCB,112,5
arp,ts_demean,13,PCB,113,5
arp,ts_demean,13,PCB,114,5
arp,ts_demean,13,PCB,115,5
arp,ts_demean,14,DMT,0,5
arp,ts_demean,14,DMT,1,5
arp,ts_demean,14,DMT,2,5
arp,ts_demean,14,DMT,3,5
arp,ts_demean,14,DMT,4,5
arp,ts_demean,14,DMT,5,5
arp,ts_demean,14,DMT,6,5
arp,ts_demean,14,DMT,7,5
arp,ts_demean,14,DMT,8,5
arp,ts_demean,14,DMT,9,5
arp,ts_demean,14,DMT,10,5
arp,ts_demean,14,DMT,11,5
arp,ts_demean,14,DMT,12,5
arp,ts_demean,14,DMT,13,5
arp,ts_demean,14,DMT,14,5
arp,ts_demean,14,DMT,15,5
arp,ts_demean,14,DMT,16,5
arp,ts_demean,14,DMT,17,5
arp,ts_demean,14,DMT,18,5
arp,ts_demean,14,DMT,19,5
arp,ts_demean,14,DMT,21,5
arp,ts_demean,14,DMT,22,5
arp,ts_demean,14,DMT,23,5
arp,ts_demean,14,DMT,24,5
arp,ts_demean,14,DMT,25,5
arp,ts_demean,14,DMT,26,5
arp,ts_demean,14,DMT,27,5
arp,ts_demean,14,DMT,28,5
arp,ts_demean,14,DMT,29,5
arp,ts_demean,14,DMT,30,5
arp,ts_demean,14,DMT,31,5
arp,ts_demean,14,DMT,32,5
arp,ts_demean,14,DMT,33,5
arp,ts_demean,14,DMT,34,5
arp,ts_demean,14,DMT,35,5
arp,ts_demean,14,DMT,36,5
arp,ts_demean,14,DMT,37,5
arp,ts_demean,14,DMT,38,5
arp,ts_demean,14,DMT,39,5
arp,ts_demean,14,DMT,40,5
arp,ts_demean,14,DMT,41,5
arp,ts_demean,14,DMT,42,5
arp,ts_demean,14,DMT,43,5
arp,ts_demean,14,DMT,44,5
arp,ts_demean,14,DMT,45,5
arp,ts_demean,14,DMT,46,5
arp,ts_demean,14,DMT,47,5
arp,ts_demean,14,DMT,48,5
arp,ts_demean,14,DMT,49,5
arp,ts_demean,14,DMT,50,5
arp,ts_demean,14,DMT,51,5
arp,ts_demean,14,DMT,52,5
arp,ts_demean,14,DMT,53,5
arp,ts_demean,14,DMT,54,5
arp,ts_demean,14,DMT,55,5
arp,ts_demean,14,DMT,56,5
arp,ts_demean,14,DMT,57,5
arp,ts_demean,14,DMT,58,5
arp,ts_demean,14,DMT,59,5
arp,ts_demean,14,DMT,60,5
arp,ts_demean,14,DMT,61,5
arp,ts_demean,14,DMT,62,5
arp,ts_demean,14,DMT,63,5
arp,ts_demean,14,DMT,64,5
arp,ts_demean,14,DMT,65,5
arp,ts_demean,14,DMT,66,5
arp,ts_demean,14,DMT,67,5
arp,ts_demean,14,DMT,68,5
arp,ts_demean,14,DMT,69,5
arp,ts_demean,14,DMT,70,5
arp,ts_demean,14,DMT,71,5
arp,ts_demean,14,DMT,72,5
arp,ts_demean,14,DMT,73,5
arp,ts_demean,14,DMT,74,5
arp,ts_demean,14,DMT,75,5
arp,ts_demean,14,DMT,76,5
arp,ts_demean,14,DMT,77,5
arp,ts_demean,14,DMT,78,5
arp,ts_demean,14,DMT,79,5
arp,ts_demean,14,DMT,80,5
arp,ts_demean,14,DMT,81,5
arp,ts_demean,14,DMT,82,5
arp,ts_demean,14,DMT,83,5
arp,ts_demean,14,DMT,84,5
arp,ts_demean,14,DMT,85,5
arp,ts_demean,14,DMT,86,5
arp,ts_demean,14,DMT,87,5
arp,ts_demean,14,DMT,88,5
arp,ts_demean,14,DMT,89,5
arp,ts_demean,14,DMT,90,5
arp,ts_demean,14,DMT,91,5
arp,ts_demean,14,DMT,92,5
arp,ts_demean,14,DMT,93,5
arp,ts_demean,14,DMT,94,5
arp,ts_demean,14,DMT,95,5
arp,ts_demean,14,DMT,96,5
arp,ts_demean,14,DMT,97,5
arp,ts_demean,14,DMT,98,5
arp,ts_demean,14,DMT,99,5
arp,ts_demean,14,DMT,100,5
arp,ts_demean,14,DMT,101,5
arp,ts_demean,14,DMT,102,5
arp,ts_demean,14,DMT,103,5
arp,ts_demean,14,DMT,104,5
arp,ts_demean,14,DMT,105,5
arp,ts_demean,14,DMT,106,5
arp,ts_demean,14,DMT,107,5
arp,ts_demean,14,DMT,108,5
arp,ts_demean,14,DMT,109,5
arp,ts_demean,14,DMT,110,5
arp,ts_demean,14,DMT,111,5
arp,ts_demean,14,DMT,112,5
arp,ts_demean,14,DMT,113,5
arp,ts_demean,14,DMT,114,5
arp,ts_demean,14,DMT,115,5
arp,ts_demean,14,PCB,0,5
arp,ts_demean,14,PCB,1,5
arp,ts_demean,14,PCB,2,5
arp,ts_demean,14,PCB,3,5
arp,ts_demean,14,PCB,4,5
arp,ts_demean,14,PCB,5,5
arp,ts_demean,14,PCB,6,5
arp,ts_demean,14,PCB,7,5
arp,ts_demean,14,PCB,8,5
arp,ts_demean,14,PCB,9,5
arp,ts_demean,14,PCB,10,5
arp,ts_demean,14,PCB,11,5
arp,ts_demean,14,PCB,12,5
arp,ts_demean,14,PCB,13,5
arp,ts_demean,14,PCB,14,5
arp,ts_demean,14,PCB,15,5
arp,ts_demean,14,PCB,16,5
arp,ts_demean,14,PCB,17,5
arp,ts_demean,14,PCB,18,5
arp,ts_demean,14,PCB,19,5
arp,ts_demean,14,PCB,21,5
arp,ts_demean,14,PCB,22,5
arp,ts_demean,14,PCB,23,5
arp,ts_demean,14,PCB,24,5
arp,ts_demean,14,PCB,25,5
arp,ts_demean,14,PCB,26,5
arp,ts_demean,14,PCB,27,5
arp,ts_demean,14,PCB,28,5
arp,ts_demean,14,PCB,29,5
arp,ts_demean,14,PCB,30,5
arp,ts_demean,14,PCB,31,5
arp,ts_demean,14,PCB,32,5
arp,ts_demean,14,PCB,33,5
arp,ts_demean,14,PCB,34,5
arp,ts_demean,14,PCB,35,5
arp,ts_demean,14,PCB,36,5
arp,ts_demean,14,PCB,37,5
arp,ts_demean,14,PCB,38,5
arp,ts_demean,14,PCB,39,5
arp,ts_demean,14,PCB,40,5
arp,ts_demean,14,PCB,41,5
arp,ts_demean,14,PCB,42,5
arp,ts_demean,14,PCB,43,5
arp,ts_demean,14,PCB,44,5
arp,ts_demean,14,PCB,45,5
arp,ts_demean,14,PCB,46,5
arp,ts_demean,14,PCB,47,5
arp,ts_demean,14,PCB,48,5
arp,ts_demean,14,PCB,49,5
arp,ts_demean,14,PCB,50,5
arp,ts_demean,14,PCB,51,5
arp,ts_demean,14,PCB,52,5
arp,ts_demean,14,PCB,53,5
arp,ts_demean,14,PCB,54,5
arp,ts_demean,14,PCB,55,5
arp,ts_demean,14,PCB,56,5
arp,ts_demean,14,PCB,57,5
arp,ts_demean,14,PCB,58,5
arp,ts_demean,14,PCB,59,5
arp,ts_demean,14,PCB,60,5
arp,ts_demean,14,PCB,61,5
arp,ts_demean,14,PCB,62,5
arp,ts_demean,14,PCB,63,5
arp,ts_demean,14,PCB,64,5
arp,ts_demean,14,PCB,65,5
arp,ts_demean,14,PCB,66,5
arp,ts_demean,14,PCB,67,5
arp,ts_demean,14,PCB,68,5
arp,ts_demean,14,PCB,69,5
arp,ts_demean,14,PCB,70,5
arp,ts_demean,14,PCB,71,5
arp,ts_demean,14,PCB,72,5
arp,ts_demean,14,PCB,73,5
arp,ts_demean,14,PCB,74,5
arp,ts_demean,14,PCB,75,5
arp,ts_demean,14,PCB,76,5
arp,ts_demean,14,PCB,77,5
arp,ts_demean,14,PCB,78,5
arp,ts_demean,14,PCB,79,5
arp,ts_demean,14,PCB,80,5
arp,ts_demean,14,PCB,81,5
arp,ts_demean,14,PCB,82,5
arp,ts_demean,14,PCB,83,5
arp,ts_demean,14,PCB,84,5
arp,ts_demean,14,PCB,85,5
arp,ts_demean,14,PCB,86,5
arp,ts_demean,14,PCB,87,5
arp,ts_demean,14,PCB,88,5
arp,ts_demean,14,PCB,89,5
arp,ts_demean,14,PCB,90,5
arp,ts_demean,14,PCB,91,5
arp,ts_demean,14,PCB,92,5
arp,ts_demean,14,PCB,93,5
arp,ts_demean,14,PCB,94,5
arp,ts_demean,14,PCB,95,5
arp,ts_demean,14,PCB,96,5
arp,ts_demean,14,PCB,97,5
arp,ts_demean,14,PCB,98,5
arp,ts_demean,14,PCB,99,5
arp,ts_demean,14,PCB,100,5
arp,ts_demean,14,PCB,101,5
arp,ts_demean,14,PCB,102,5
arp,ts_demean,14,PCB,103,5
arp,ts_demean,14,PCB,104,5
arp,ts_demean,14,PCB,105,5
arp,ts_demean,14,PCB,106,5
arp,ts_demean,14,PCB,107,5
arp,ts_demean,14,PCB,108,5
arp,ts_demean,14,PCB,109,5
arp,ts_demean,14,PCB,110,5
arp,ts_demean,14,PCB,111,5
arp,ts_demean,14,PCB,112,5
arp,ts_demean,14,PCB,113,5
arp,ts_demean,14,PCB,114,5
arp,ts_demean,14,PCB,115,5
ar1,ts_gsr,1,DMT,0,1
ar1,ts_gsr,1,DMT,1,1
ar1,ts_gsr,1,DMT,2,1
ar1,ts_gsr,1,DMT,3,1
ar1,ts_gsr,1,DMT,4,1
ar1,ts_gsr,1,DMT,5,1
ar1,ts_gsr,1,DMT,6,1
ar1,ts_gsr,1,DMT,7,1
ar1,ts_gsr,1,DMT,8,1
ar1,ts_gsr,1,DMT,9,1
ar1,ts_gsr,1,DMT,10,1
ar1,ts_gsr,1,DMT,11,1
ar1,ts_gsr,1,DMT,12,1
ar1,ts_gsr,1,DMT,13,1
ar1,ts_gsr,1,DMT,14,1
ar1,ts_gsr,1,DMT,15,1
ar1,ts_gsr,1,DMT,16,1
ar1,ts_gsr,1,DMT,17,1
ar1,ts_gsr,1,DMT,18,1
ar1,ts_gsr,1,DMT,19,1
ar1,ts_gsr,1,DMT,21,1
ar1,ts_gsr,1,DMT,22,1
ar1,ts_gsr,1,DMT,23,1
ar1,ts_gsr,1,DMT,24,1
ar1,ts_gsr,1,DMT,25,1
ar1,ts_gsr,1,DMT,26,1
ar1,ts_gsr,1,DMT,27,1
ar1,ts_gsr,1,DMT,28,1
ar1,ts_gsr,1,DMT,29,1
ar1,ts_gsr,1,DMT,30,1
ar1,ts_gsr,1,DMT,31,1
ar1,ts_gsr,1,DMT,32,1
ar1,ts_gsr,1,DMT,33,1
ar1,ts_gsr,1,DMT,34,1
ar1,ts_gsr,1,DMT,35,1
ar1,ts_gsr,1,DMT,36,1
ar1,ts_gsr,1,DMT,37,1
ar1,ts_gsr,1,DMT,38,1
ar1,ts_gsr,1,DMT,39,1
ar1,ts_gsr,1,DMT,40,1
ar1,ts_gsr,1,DMT,41,1
ar1,ts_gsr,1,DMT,42,1
ar1,ts_gsr,1,DMT,43,1
ar1,ts_gsr,1,DMT,44,1
ar1,ts_gsr,1,DMT,45,1
ar1,ts_gsr,1,DMT,46,1
ar1,ts_gsr,1,DMT,47,1
ar1,ts_gsr,1,DMT,48,1
ar1,ts_gsr,1,DMT,49,1
ar1,ts_gsr,1,DMT,50,1
ar1,ts_gsr,1,DMT,51,1
ar1,ts_gsr,1,DMT,52,1
ar1,ts_gsr,1,DMT,53,1
ar1,ts_gsr,1,DMT,54,1
ar1,ts_gsr,1,DMT,55,1
ar1,ts_gsr,1,DMT,56,1
ar1,ts_gsr,1,DMT,57,1
ar1,ts_gsr,1,DMT,58,1
ar1,ts_gsr,1,DMT,59,1
ar1,ts_gsr,1,DMT,60,1
ar1,ts_gsr,1,DMT,61,1
ar1,ts_gsr,1,DMT,62,1
ar1,ts_gsr,1,DMT,63,1
ar1,ts_gsr,1,DMT,64,1
ar1,ts_gsr,1,DMT,65,1
ar1,ts_gsr,1,DMT,66,1
ar1,ts_gsr,1,DMT,67,1
ar1,ts_gsr,1,DMT,68,1
ar1,ts_gsr,1,DMT,69,1
ar1,ts_gsr,1,DMT,70,1
ar1,ts_gsr,1,DMT,71,1
ar1,ts_gsr,1,DMT,72,1
ar1,ts_gsr,1,DMT,73,1
ar1,ts_gsr,1,DMT,74,1
ar1,ts_gsr,1,DMT,75,1
ar1,ts_gsr,1,DMT,76,1
ar1,ts_gsr,1,DMT,77,1
ar1,ts_gsr,1,DMT,78,1
ar1,ts_gsr,1,DMT,79,1
ar1,ts_gsr,1,DMT,80,1
ar1,ts_gsr,1,DMT,81,1
ar1,ts_gsr,1,DMT,82,1
ar1,ts_gsr,1,DMT,83,1
ar1,ts_gsr,1,DMT,84,1
ar1,ts_gsr,1,DMT,85,1
ar1,ts_gsr,1,DMT,86,1
ar1,ts_gsr,1,DMT,87,1
ar1,ts_gsr,1,DMT,88,1
ar1,ts_gsr,1,DMT,89,1
ar1,ts_gsr,1,DMT,90,1
ar1,ts_gsr,1,DMT,91,1
ar1,ts_gsr,1,DMT,92,1
ar1,ts_gsr,1,DMT,93,1
ar1,ts_gsr,1,DMT,94,1
ar1,ts_gsr,1,DMT,95,1
ar1,ts_gsr,1,DMT,96,1
ar1,ts_gsr,1,DMT,97,1
ar1,ts_gsr,1,DMT,98,1
ar1,ts_gsr,1,DMT,99,1
ar1,ts_gsr,1,DMT,100,1
ar1,ts_gsr,1,DMT,101,1
ar1,ts_gsr,1,DMT,102,1
ar1,ts_gsr,1,DMT,103,1
ar1,ts_gsr,1,DMT,104,1
ar1,ts_gsr,1,DMT,105,1
ar1,ts_gsr,1,DMT,106,1
ar1,ts_gsr,1,DMT,107,1
ar1,ts_gsr,1,DMT,108,1
ar1,ts_gsr,1,DMT,109,1
ar1,ts_gsr,1,DMT,110,1
ar1,ts_gsr,1,DMT,111,1
ar1,ts_gsr,1,DMT,112,1
ar1,ts_gsr,1,DMT,113,1
ar1,ts_gsr,1,DMT,114,1
ar1,ts_gsr,1,DMT,115,1
ar1,ts_gsr,1,PCB,0,1
ar1,ts_gsr,1,PCB,1,1
ar1,ts_gsr,1,PCB,2,1
ar1,ts_gsr,1,PCB,3,1
ar1,ts_gsr,1,PCB,4,1
ar1,ts_gsr,1,PCB,5,1
ar1,ts_gsr,1,PCB,6,1
ar1,ts_gsr,1,PCB,7,1
ar1,ts_gsr,1,PCB,8,1
ar1,ts_gsr,1,PCB,9,1
ar1,ts_gsr,1,PCB,10,1
ar1,ts_gsr,1,PCB,11,1
ar1,ts_gsr,1,PCB,12,1
ar1,ts_gsr,1,PCB,13,1
ar1,ts_gsr,1,PCB,14,1
ar1,ts_gsr,1,PCB,15,1
ar1,ts_gsr,1,PCB,16,1
ar1,ts_gsr,1,PCB,17,1
ar1,ts_gsr,1,PCB,18,1
ar1,ts_gsr,1,PCB,19,1
ar1,ts_gsr,1,PCB,21,1
ar1,ts_gsr,1,PCB,22,1
ar1,ts_gsr,1,PCB,23,1
ar1,ts_gsr,1,PCB,24,1
ar1,ts_gsr,1,PCB,25,1
ar1,ts_gsr,1,PCB,26,1
ar1,ts_gsr,1,PCB,27,1
ar1,ts_gsr,1,PCB,28,1
ar1,ts_gsr,1,PCB,29,1
ar1,ts_gsr,1,PCB,30,1
ar1,ts_gsr,1,PCB,31,1
ar1,ts_gsr,1,PCB,32,1
ar1,ts_gsr,1,PCB,33,1
ar1,ts_gsr,1,PCB,34,1
ar1,ts_gsr,1,PCB,35,1
ar1,ts_gsr,1,PCB,36,1
ar1,ts_gsr,1,PCB,37,1
ar1,ts_gsr,1,PCB,38,1
ar1,ts_gsr,1,PCB,39,1
ar1,ts_gsr,1,PCB,40,1
ar1,ts_gsr,1,PCB,41,1
ar1,ts_gsr,1,PCB,42,1
ar1,ts_gsr,1,PCB,43,1
ar1,ts_gsr,1,PCB,44,1
ar1,ts_gsr,1,PCB,45,1
ar1,ts_gsr,1,PCB,46,1
ar1,ts_gsr,1,PCB,47,1
ar1,ts_gsr,1,PCB,48,1
ar1,ts_gsr,1,PCB,49,1
ar1,ts_gsr,1,PCB,50,1
ar1,ts_gsr,1,PCB,51,1
ar1,ts_gsr,1,PCB,52,1
ar1,ts_gsr,1,PCB,53,1
ar1,ts_gsr,1,PCB,54,1
ar1,ts_gsr,1,PCB,55,1
ar1,ts_gsr,1,PCB,56,1
ar1,ts_gsr,1,PCB,57,1
ar1,ts_gsr,1,PCB,58,1
ar1,ts_gsr,1,PCB,59,1
ar1,ts_gsr,1,PCB,60,1
ar1,ts_gsr,1,PCB,61,1
ar1,ts_gsr,1,PCB,62,1
ar1,ts_gsr,1,PCB,63,1
ar1,ts_gsr,1,PCB,64,1
ar1,ts_gsr,1,PCB,65,1
ar1,ts_gsr,1,PCB,66,1
ar1,ts_gsr,1,PCB,67,1
ar1,ts_gsr,1,PCB,68,1
ar1,ts_gsr,1,PCB,69,1
ar1,ts_gsr,1,PCB,70,1
ar1,ts_gsr,1,PCB,71,1
ar1,ts_gsr,1,PCB,72,1
ar1,ts_gsr,1,PCB,73,1
ar1,ts_gsr,1,PCB,74,1
ar1,ts_gsr,1,PCB,75,1
ar1,ts_gsr,1,PCB,76,1
ar1,ts_gsr,1,PCB,77,1
ar1,ts_gsr,1,PCB,78,1
ar1,ts_gsr,1,PCB,79,1
ar1,ts_gsr,1,PCB,80,1
ar1,ts_gsr,1,PCB,81,1
ar1,ts_gsr,1,PCB,82,1
ar1,ts_gsr,1,PCB,83,1
ar1,ts_gsr,1,PCB,84,1
ar1,ts_gsr,1,PCB,85,1
ar1,ts_gsr,1,PCB,86,1
ar1,ts_gsr,1,PCB,87,1
ar1,ts_gsr,1,PCB,88,1
ar1,ts_gsr,1,PCB,89,1
ar1,ts_gsr,1,PCB,90,1
ar1,ts_gsr,1,PCB,91,1
ar1,ts_gsr,1,PCB,92,1
ar1,ts_gsr,1,PCB,93,1
ar1,ts_gsr,1,PCB,94,1
ar1,ts_gsr,1,PCB,95,1
ar1,ts_gsr,1,PCB,96,1
ar1,ts_gsr,1,PCB,97,1
ar1,ts_gsr,1,PCB,98,1
ar1,ts_gsr,1,PCB,99,1
ar1,ts_gsr,1,PCB,100,1
ar1,ts_gsr,1,PCB,101,1
ar1,ts_gsr,1,PCB,102,1
ar1,ts_gsr,1,PCB,103,1
ar1,ts_gsr,1,PCB,104,1
ar1,ts_gsr,1,PCB,105,1
ar1,ts_gsr,1,PCB,106,1
ar1,ts_gsr,1,PCB,107,1
ar1,ts_gsr,1,PCB,108,1
ar1,ts_gsr,1,PCB,109,1
ar1,ts_gsr,1,PCB,110,1
ar1,ts_gsr,1,PCB,111,1
ar1,ts_gsr,1,PCB,112,1
ar1,ts_gsr,1,PCB,113,1
ar1,ts_gsr,1,PCB,114,1
ar1,ts_gsr,1,PCB,115,1
ar1,ts_gsr,2,DMT,0,1
ar1,ts_gsr,2,DMT,1,1
ar1,ts_gsr,2,DMT,2,1
ar1,ts_gsr,2,DMT,3,1
ar1,ts_gsr,2,DMT,4,1
ar1,ts_gsr,2,DMT,5,1
ar1,ts_gsr,2,DMT,6,1
ar1,ts_gsr,2,DMT,7,1
ar1,ts_gsr,2,DMT,8,1
ar1,ts_gsr,2,DMT,9,1
ar1,ts_gsr,2,DMT,10,1
ar1,ts_gsr,2,DMT,11,1
ar1,ts_gsr,2,DMT,12,1
ar1,ts_gsr,2,DMT,13,1
ar1,ts_gsr,2,DMT,14,1
ar1,ts_gsr,2,DMT,15,1
ar1,ts_gsr,2,DMT,16,1
ar1,ts_gsr,2,DMT,17,1
ar1,ts_gsr,2,DMT,18,1
ar1,ts_gsr,2,DMT,19,1
ar1,ts_gsr,2,DMT,21,1
ar1,ts_gsr,2,DMT,22,1
ar1,ts_gsr,2,DMT,23,1
ar1,ts_gsr,2,DMT,24,1
ar1,ts_gsr,2,DMT,25,1
ar1,ts_gsr,2,DMT,26,1
ar1,ts_gsr,2,DMT,27,1
ar1,ts_gsr,2,DMT,28,1
ar1,ts_gsr,2,DMT,29,1
ar1,ts_gsr,2,DMT,30,1
ar1,ts_gsr,2,DMT,31,1
ar1,ts_gsr,2,DMT,32,1
ar1,ts_gsr,2,DMT,33,1
ar1,ts_gsr,2,DMT,34,1
ar1,ts_gsr,2,DMT,35,1
ar1,ts_gsr,2,DMT,36,1
ar1,ts_gsr,2,DMT,37,1
ar1,ts_gsr,2,DMT,38,1
ar1,ts_gsr,2,DMT,39,1
ar1,ts_gsr,2,DMT,40,1
ar1,ts_gsr,2,DMT,41,1
ar1,ts_gsr,2,DMT,42,1
ar1,ts_gsr,2,DMT,43,1
ar1,ts_gsr,2,DMT,44,1
ar1,ts_gsr,2,DMT,45,1
ar1,ts_gsr,2,DMT,46,1
ar1,ts_gsr,2,DMT,47,1
ar1,ts_gsr,2,DMT,48,1
ar1,ts_gsr,2,DMT,49,1
ar1,ts_gsr,2,DMT,50,1
ar1,ts_gsr,2,DMT,51,1
ar1,ts_gsr,2,DMT,52,1
ar1,ts_gsr,2,DMT,53,1
ar1,ts_gsr,2,DMT,54,1
ar1,ts_gsr,2,DMT,55,1
ar1,ts_gsr,2,DMT,56,1
ar1,ts_gsr,2,DMT,57,1
ar1,ts_gsr,2,DMT,58,1
ar1,ts_gsr,2,DMT,59,1
ar1,ts_gsr,2,DMT,60,1
ar1,ts_gsr,2,DMT,61,1
ar1,ts_gsr,2,DMT,62,1
ar1,ts_gsr,2,DMT,63,1
ar1,ts_gsr,2,DMT,64,1
ar1,ts_gsr,2,DMT,65,1
ar1,ts_gsr,2,DMT,66,1
ar1,ts_gsr,2,DMT,67,1
ar1,ts_gsr,2,DMT,68,1
ar1,ts_gsr,2,DMT,69,1
ar1,ts_gsr,2,DMT,70,1
ar1,ts_gsr,2,DMT,71,1
ar1,ts_gsr,2,DMT,72,1
ar1,ts_gsr,2,DMT,73,1
ar1,ts_gsr,2,DMT,74,1
ar1,ts_gsr,2,DMT,75,1
ar1,ts_gsr,2,DMT,76,1
ar1,ts_gsr,2,DMT,77,1
ar1,ts_gsr,2,DMT,78,1
ar1,ts_gsr,2,DMT,79,1
ar1,ts_gsr,2,DMT,80,1
ar1,ts_gsr,2,DMT,81,1
ar1,ts_gsr,2,DMT,82,1
ar1,ts_gsr,2,DMT,83,1
ar1,ts_gsr,2,DMT,84,1
ar1,ts_gsr,2,DMT,85,1
ar1,ts_gsr,2,DMT,86,1
ar1,ts_gsr,2,DMT,87,1
ar1,ts_gsr,2,DMT,88,1
ar1,ts_gsr,2,DMT,89,1
ar1,ts_gsr,2,DMT,90,1
ar1,ts_gsr,2,DMT,91,1
ar1,ts_gsr,2,DMT,92,1
ar1,ts_gsr,2,DMT,93,1
ar1,ts_gsr,2,DMT,94,1
ar1,ts_gsr,2,DMT,95,1
ar1,ts_gsr,2,DMT,96,1
ar1,ts_gsr,2,DMT,97,1
ar1,ts_gsr,2,DMT,98,1
ar1,ts_gsr,2,DMT,99,1
ar1,ts_gsr,2,DMT,100,1
ar1,ts_gsr,2,DMT,101,1
ar1,ts_gsr,2,DMT,102,1
ar1,ts_gsr,2,DMT,103,1
ar1,ts_gsr,2,DMT,104,1
ar1,ts_gsr,2,DMT,105,1
ar1,ts_gsr,2,DMT,106,1
ar1,ts_gsr,2,DMT,107,1
ar1,ts_gsr,2,DMT,108,1
ar1,ts_gsr,2,DMT,109,1
ar1,ts_gsr,2,DMT,110,1
ar1,ts_gsr,2,DMT,111,1
ar1,ts_gsr,2,DMT,112,1
ar1,ts_gsr,2,DMT,113,1
ar1,ts_gsr,2,DMT,114,1
ar1,ts_gsr,2,DMT,115,1
ar1,ts_gsr,2,PCB,0,1
ar1,ts_gsr,2,PCB,1,1
ar1,ts_gsr,2,PCB,2,1
ar1,ts_gsr,2,PCB,3,1
ar1,ts_gsr,2,PCB,4,1
ar1,ts_gsr,2,PCB,5,1
ar1,ts_gsr,2,PCB,6,1
ar1,ts_gsr,2,PCB,7,1
ar1,ts_gsr,2,PCB,8,1
ar1,ts_gsr,2,PCB,9,1
ar1,ts_gsr,2,PCB,10,1
ar1,ts_gsr,2,PCB,11,1
ar1,ts_gsr,2,PCB,12,1
ar1,ts_gsr,2,PCB,13,1
ar1,ts_gsr,2,PCB,14,1
ar1,ts_gsr,2,PCB,15,1
ar1,ts_gsr,2,PCB,16,1
ar1,ts_gsr,2,PCB,17,1
ar1,ts_gsr,2,PCB,18,1
ar1,ts_gsr,2,PCB,19,1
ar1,ts_gsr,2,PCB,21,1
ar1,ts_gsr,2,PCB,22,1
ar1,ts_gsr,2,PCB,23,1
ar1,ts_gsr,2,PCB,24,1
ar1,ts_gsr,2,PCB,25,1
ar1,ts_gsr,2,PCB,26,1
ar1,ts_gsr,2,PCB,27,1
ar1,ts_gsr,2,PCB,28,1
ar1,ts_gsr,2,PCB,29,1
ar1,ts_gsr,2,PCB,30,1
ar1,ts_gsr,2,PCB,31,1
ar1,ts_gsr,2,PCB,32,1
ar1,ts_gsr,2,PCB,33,1
ar1,ts_gsr,2,PCB,34,1
ar1,ts_gsr,2,PCB,35,1
ar1,ts_gsr,2,PCB,36,1
ar1,ts_gsr,2,PCB,37,1
ar1,ts_gsr,2,PCB,38,1
ar1,ts_gsr,2,PCB,39,1
ar1,ts_gsr,2,PCB,40,1
ar1,ts_gsr,2,PCB,41,1
ar1,ts_gsr,2,PCB,42,1
ar1,ts_gsr,2,PCB,43,1
ar1,ts_gsr,2,PCB,44,1
ar1,ts_gsr,2,PCB,45,1
ar1,ts_gsr,2,PCB,46,1
ar1,ts_gsr,2,PCB,47,1
ar1,ts_gsr,2,PCB,48,1
ar1,ts_gsr,2,PCB,49,1
ar1,ts_gsr,2,PCB,50,1
ar1,ts_gsr,2,PCB,51,1
ar1,ts_gsr,2,PCB,52,1
ar1,ts_gsr,2,PCB,53,1
ar1,ts_gsr,2,PCB,54,1
ar1,ts_gsr,2,PCB,55,1
ar1,ts_gsr,2,PCB,56,1
ar1,ts_gsr,2,PCB,57,1
ar1,ts_gsr,2,PCB,58,1
ar1,ts_gsr,2,PCB,59,1
ar1,ts_gsr,2,PCB,60,1
ar1,ts_gsr,2,PCB,61,1
ar1,ts_gsr,2,PCB,62,1
ar1,ts_gsr,2,PCB,63,1
ar1,ts_gsr,2,PCB,64,1
ar1,ts_gsr,2,PCB,65,1
ar1,ts_gsr,2,PCB,66,1
ar1,ts_gsr,2,PCB,67,1
ar1,ts_gsr,2,PCB,68,1
ar1,ts_gsr,2,PCB,69,1
ar1,ts_gsr,2,PCB,70,1
ar1,ts_gsr,2,PCB,71,1
ar1,ts_gsr,2,PCB,72,1
ar1,ts_gsr,2,PCB,73,1
ar1,ts_gsr,2,PCB,74,1
ar1,ts_gsr,2,PCB,75,1
ar1,ts_gsr,2,PCB,76,1
ar1,ts_gsr,2,PCB,77,1
ar1,ts_gsr,2,PCB,78,1
ar1,ts_gsr,2,PCB,79,1
ar1,ts_gsr,2,PCB,80,1
ar1,ts_gsr,2,PCB,81,1
ar1,ts_gsr,2,PCB,82,1
ar1,ts_gsr,2,PCB,83,1
ar1,ts_gsr,2,PCB,84,1
ar1,ts_gsr,2,PCB,85,1
ar1,ts_gsr,2,PCB,86,1
ar1,ts_gsr,2,PCB,87,1
ar1,ts_gsr,2,PCB,88,1
ar1,ts_gsr,2,PCB,89,1
ar1,ts_gsr,2,PCB,90,1
ar1,ts_gsr,2,PCB,91,1
ar1,ts_gsr,2,PCB,92,1
ar1,ts_gsr,2,PCB,93,1
ar1,ts_gsr,2,PCB,94,1
ar1,ts_gsr,2,PCB,95,1
ar1,ts_gsr,2,PCB,96,1
ar1,ts_gsr,2,PCB,97,1
ar1,ts_gsr,2,PCB,98,1
ar1,ts_gsr,2,PCB,99,1
ar1,ts_gsr,2,PCB,100,1
ar1,ts_gsr,2,PCB,101,1
ar1,ts_gsr,2,PCB,102,1
ar1,ts_gsr,2,PCB,103,1
ar1,ts_gsr,2,PCB,104,1
ar1,ts_gsr,2,PCB,105,1
ar1,ts_gsr,2,PCB,106,1
ar1,ts_gsr,2,PCB,107,1
ar1,ts_gsr,2,PCB,108,1
ar1,ts_gsr,2,PCB,109,1
ar1,ts_gsr,2,PCB,110,1
ar1,ts_gsr,2,PCB,111,1
ar1,ts_gsr,2,PCB,112,1
ar1,ts_gsr,2,PCB,113,1
ar1,ts_gsr,2,PCB,114,1
ar1,ts_gsr,2,PCB,115,1
ar1,ts_gsr,3,DMT,0,1
ar1,ts_gsr,3,DMT,1,1
ar1,ts_gsr,3,DMT,2,1
ar1,ts_gsr,3,DMT,3,1
ar1,ts_gsr,3,DMT,4,1
ar1,ts_gsr,3,DMT,5,1
ar1,ts_gsr,3,DMT,6,1
ar1,ts_gsr,3,DMT,7,1
ar1,ts_gsr,3,DMT,8,1
ar1,ts_gsr,3,DMT,9,1
ar1,ts_gsr,3,DMT,10,1
ar1,ts_gsr,3,DMT,11,1
ar1,ts_gsr,3,DMT,12,1
ar1,ts_gsr,3,DMT,13,1
ar1,ts_gsr,3,DMT,14,1
ar1,ts_gsr,3,DMT,15,1
ar1,ts_gsr,3,DMT,16,1
ar1,ts_gsr,3,DMT,17,1
ar1,ts_gsr,3,DMT,18,1
ar1,ts_gsr,3,DMT,19,1
ar1,ts_gsr,3,DMT,21,1
ar1,ts_gsr,3,DMT,22,1
ar1,ts_gsr,3,DMT,23,1
ar1,ts_gsr,3,DMT,24,1
ar1,ts_gsr,3,DMT,25,1
ar1,ts_gsr,3,DMT,26,1
ar1,ts_gsr,3,DMT,27,1
ar1,ts_gsr,3,DMT,28,1
ar1,ts_gsr,3,DMT,29,1
ar1,ts_gsr,3,DMT,30,1
ar1,ts_gsr,3,DMT,31,1
ar1,ts_gsr,3,DMT,32,1
ar1,ts_gsr,3,DMT,33,1
ar1,ts_gsr,3,DMT,34,1
ar1,ts_gsr,3,DMT,35,1
ar1,ts_gsr,3,DMT,36,1
ar1,ts_gsr,3,DMT,37,1
ar1,ts_gsr,3,DMT,38,1
ar1,ts_gsr,3,DMT,39,1
ar1,ts_gsr,3,DMT,40,1
ar1,ts_gsr,3,DMT,41,1
ar1,ts_gsr,3,DMT,42,1
ar1,ts_gsr,3,DMT,43,1
ar1,ts_gsr,3,DMT,44,1
ar1,ts_gsr,3,DMT,45,1
ar1,ts_gsr,3,DMT,46,1
ar1,ts_gsr,3,DMT,47,1
ar1,ts_gsr,3,DMT,48,1
ar1,ts_gsr,3,DMT,49,1
ar1,ts_gsr,3,DMT,50,1
ar1,ts_gsr,3,DMT,51,1
ar1,ts_gsr,3,DMT,52,1
ar1,ts_gsr,3,DMT,53,1
ar1,ts_gsr,3,DMT,54,1
ar1,ts_gsr,3,DMT,55,1
ar1,ts_gsr,3,DMT,56,1
ar1,ts_gsr,3,DMT,57,1
ar1,ts_gsr,3,DMT,58,1
ar1,ts_gsr,3,DMT,59,1
ar1,ts_gsr,3,DMT,60,1
ar1,ts_gsr,3,DMT,61,1
ar1,ts_gsr,3,DMT,62,1
ar1,ts_gsr,3,DMT,63,1
ar1,ts_gsr,3,DMT,64,1
ar1,ts_gsr,3,DMT,65,1
ar1,ts_gsr,3,DMT,66,1
ar1,ts_gsr,3,DMT,67,1
ar1,ts_gsr,3,DMT,68,1
ar1,ts_gsr,3,DMT,69,1
ar1,ts_gsr,3,DMT,70,1
ar1,ts_gsr,3,DMT,71,1
ar1,ts_gsr,3,DMT,72,1
ar1,ts_gsr,3,DMT,73,1
ar1,ts_gsr,3,DMT,74,1
ar1,ts_gsr,3,DMT,75,1
ar1,ts_gsr,3,DMT,76,1
ar1,ts_gsr,3,DMT,77,1
ar1,ts_gsr,3,DMT,78,1
ar1,ts_gsr,3,DMT,79,1
ar1,ts_gsr,3,DMT,80,1
ar1,ts_gsr,3,DMT,81,1
ar1,ts_gsr,3,DMT,82,1
ar1,ts_gsr,3,DMT,83,1
ar1,ts_gsr,3,DMT,84,1
ar1,ts_gsr,3,DMT,85,1
ar1,ts_gsr,3,DMT,86,1
ar1,ts_gsr,3,DMT,87,1
ar1,ts_gsr,3,DMT,88,1
ar1,ts_gsr,3,DMT,89,1
ar1,ts_gsr,3,DMT,90,1
ar1,ts_gsr,3,DMT,91,1
ar1,ts_gsr,3,DMT,92,1
ar1,ts_gsr,3,DMT,93,1
ar1,ts_gsr,3,DMT,94,1
ar1,ts_gsr,3,DMT,95,1
ar1,ts_gsr,3,DMT,96,1
ar1,ts_gsr,3,DMT,97,1
ar1,ts_gsr,3,DMT,98,1
ar1,ts_gsr,3,DMT,99,1
ar1,ts_gsr,3,DMT,100,1
ar1,ts_gsr,3,DMT,101,1
ar1,ts_gsr,3,DMT,102,1
ar1,ts_gsr,3,DMT,103,1
ar1,ts_gsr,3,DMT,104,1
ar1,ts_gsr,3,DMT,105,1
ar1,ts_gsr,3,DMT,106,1
ar1,ts_gsr,3,DMT,107,1
ar1,ts_gsr,3,DMT,108,1
ar1,ts_gsr,3,DMT,109,1
ar1,ts_gsr,3,DMT,110,1
ar1,ts_gsr,3,DMT,111,1
ar1,ts_gsr,3,DMT,112,1
ar1,ts_gsr,3,DMT,113,1
ar1,ts_gsr,3,DMT,114,1
ar1,ts_gsr,3,DMT,115,1
ar1,ts_gsr,3,PCB,0,1
ar1,ts_gsr,3,PCB,1,1
ar1,ts_gsr,3,PCB,2,1
ar1,ts_gsr,3,PCB,3,1
ar1,ts_gsr,3,PCB,4,1
ar1,ts_gsr,3,PCB,5,1
ar1,ts_gsr,3,PCB,6,1
ar1,ts_gsr,3,PCB,7,1
ar1,ts_gsr,3,PCB,8,1
ar1,ts_gsr,3,PCB,9,1
ar1,ts_gsr,3,PCB,10,1
ar1,ts_gsr,3,PCB,11,1
ar1,ts_gsr,3,PCB,12,1
ar1,ts_gsr,3,PCB,13,1
ar1,ts_gsr,3,PCB,14,1
ar1,ts_gsr,3,PCB,15,1
ar1,ts_gsr,3,PCB,16,1
ar1,ts_gsr,3,PCB,17,1
ar1,ts_gsr,3,PCB,18,1
ar1,ts_gsr,3,PCB,19,1
ar1,ts_gsr,3,PCB,21,1
ar1,ts_gsr,3,PCB,22,1
ar1,ts_gsr,3,PCB,23,1
ar1,ts_gsr,3,PCB,24,1
ar1,ts_gsr,3,PCB,25,1
ar1,ts_gsr,3,PCB,26,1
ar1,ts_gsr,3,PCB,27,1
ar1,ts_gsr,3,PCB,28,1
ar1,ts_gsr,3,PCB,29,1
ar1,ts_gsr,3,PCB,30,1
ar1,ts_gsr,3,PCB,31,1
ar1,ts_gsr,3,PCB,32,1
ar1,ts_gsr,3,PCB,33,1
ar1,ts_gsr,3,PCB,34,1
ar1,ts_gsr,3,PCB,35,1
ar1,ts_gsr,3,PCB,36,1
ar1,ts_gsr,3,PCB,37,1
ar1,ts_gsr,3,PCB,38,1
ar1,ts_gsr,3,PCB,39,1
ar1,ts_gsr,3,PCB,40,1
ar1,ts_gsr,3,PCB,41,1
ar1,ts_gsr,3,PCB,42,1
ar1,ts_gsr,3,PCB,43,1
ar1,ts_gsr,3,PCB,44,1
ar1,ts_gsr,3,PCB,45,1
ar1,ts_gsr,3,PCB,46,1
ar1,ts_gsr,3,PCB,47,1
ar1,ts_gsr,3,PCB,48,1
ar1,ts_gsr,3,PCB,49,1
ar1,ts_gsr,3,PCB,50,1
ar1,ts_gsr,3,PCB,51,1
ar1,ts_gsr,3,PCB,52,1
ar1,ts_gsr,3,PCB,53,1
ar1,ts_gsr,3,PCB,54,1
ar1,ts_gsr,3,PCB,55,1
ar1,ts_gsr,3,PCB,56,1
ar1,ts_gsr,3,PCB,57,1
ar1,ts_gsr,3,PCB,58,1
ar1,ts_gsr,3,PCB,59,1
ar1,ts_gsr,3,PCB,60,1
ar1,ts_gsr,3,PCB,61,1
ar1,ts_gsr,3,PCB,62,1
ar1,ts_gsr,3,PCB,63,1
ar1,ts_gsr,3,PCB,64,1
ar1,ts_gsr,3,PCB,65,1
ar1,ts_gsr,3,PCB,66,1
ar1,ts_gsr,3,PCB,67,1
ar1,ts_gsr,3,PCB,68,1
ar1,ts_gsr,3,PCB,69,1
ar1,ts_gsr,3,PCB,70,1
ar1,ts_gsr,3,PCB,71,1
ar1,ts_gsr,3,PCB,72,1
ar1,ts_gsr,3,PCB,73,1
ar1,ts_gsr,3,PCB,74,1
ar1,ts_gsr,3,PCB,75,1
ar1,ts_gsr,3,PCB,76,1
ar1,ts_gsr,3,PCB,77,1
ar1,ts_gsr,3,PCB,78,1
ar1,ts_gsr,3,PCB,79,1
ar1,ts_gsr,3,PCB,80,1
ar1,ts_gsr,3,PCB,81,1
ar1,ts_gsr,3,PCB,82,1
ar1,ts_gsr,3,PCB,83,1
ar1,ts_gsr,3,PCB,84,1
ar1,ts_gsr,3,PCB,85,1
ar1,ts_gsr,3,PCB,86,1
ar1,ts_gsr,3,PCB,87,1
ar1,ts_gsr,3,PCB,88,1
ar1,ts_gsr,3,PCB,89,1
ar1,ts_gsr,3,PCB,90,1
ar1,ts_gsr,3,PCB,91,1
ar1,ts_gsr,3,PCB,92,1
ar1,ts_gsr,3,PCB,93,1
ar1,ts_gsr,3,PCB,94,1
ar1,ts_gsr,3,PCB,95,1
ar1,ts_gsr,3,PCB,96,1
ar1,ts_gsr,3,PCB,97,1
ar1,ts_gsr,3,PCB,98,1
ar1,ts_gsr,3,PCB,99,1
ar1,ts_gsr,3,PCB,100,1
ar1,ts_gsr,3,PCB,101,1
ar1,ts_gsr,3,PCB,102,1
ar1,ts_gsr,3,PCB,103,1
ar1,ts_gsr,3,PCB,104,1
ar1,ts_gsr,3,PCB,105,1
ar1,ts_gsr,3,PCB,106,1
ar1,ts_gsr,3,PCB,107,1
ar1,ts_gsr,3,PCB,108,1
ar1,ts_gsr,3,PCB,109,1
ar1,ts_gsr,3,PCB,110,1
ar1,ts_gsr,3,PCB,111,1
ar1,ts_gsr,3,PCB,112,1
ar1,ts_gsr,3,PCB,113,1
ar1,ts_gsr,3,PCB,114,1
ar1,ts_gsr,3,PCB,115,1
ar1,ts_gsr,4,DMT,0,1
ar1,ts_gsr,4,DMT,1,1
ar1,ts_gsr,4,DMT,2,1
ar1,ts_gsr,4,DMT,3,1
ar1,ts_gsr,4,DMT,4,1
ar1,ts_gsr,4,DMT,5,1
ar1,ts_gsr,4,DMT,6,1
ar1,ts_gsr,4,DMT,7,1
ar1,ts_gsr,4,DMT,8,1
ar1,ts_gsr,4,DMT,9,1
ar1,ts_gsr,4,DMT,10,1
ar1,ts_gsr,4,DMT,11,1
ar1,ts_gsr,4,DMT,12,1
ar1,ts_gsr,4,DMT,13,1
ar1,ts_gsr,4,DMT,14,1
ar1,ts_gsr,4,DMT,15,1
ar1,ts_gsr,4,DMT,16,1
ar1,ts_gsr,4,DMT,17,1
ar1,ts_gsr,4,DMT,18,1
ar1,ts_gsr,4,DMT,19,1
ar1,ts_gsr,4,DMT,21,1
ar1,ts_gsr,4,DMT,22,1
ar1,ts_gsr,4,DMT,23,1
ar1,ts_gsr,4,DMT,24,1
ar1,ts_gsr,4,DMT,25,1
ar1,ts_gsr,4,DMT,26,1
ar1,ts_gsr,4,DMT,27,1
ar1,ts_gsr,4,DMT,28,1
ar1,ts_gsr,4,DMT,29,1
ar1,ts_gsr,4,DMT,30,1
ar1,ts_gsr,4,DMT,31,1
ar1,ts_gsr,4,DMT,32,1
ar1,ts_gsr,4,DMT,33,1
ar1,ts_gsr,4,DMT,34,1
ar1,ts_gsr,4,DMT,35,1
ar1,ts_gsr,4,DMT,36,1
ar1,ts_gsr,4,DMT,37,1
ar1,ts_gsr,4,DMT,38,1
ar1,ts_gsr,4,DMT,39,1
ar1,ts_gsr,4,DMT,40,1
ar1,ts_gsr,4,DMT,41,1
ar1,ts_gsr,4,DMT,42,1
ar1,ts_gsr,4,DMT,43,1
ar1,ts_gsr,4,DMT,44,1
ar1,ts_gsr,4,DMT,45,1
ar1,ts_gsr,4,DMT,46,1
ar1,ts_gsr,4,DMT,47,1
ar1,ts_gsr,4,DMT,48,1
ar1,ts_gsr,4,DMT,49,1
ar1,ts_gsr,4,DMT,50,1
ar1,ts_gsr,4,DMT,51,1
ar1,ts_gsr,4,DMT,52,1
ar1,ts_gsr,4,DMT,53,1
ar1,ts_gsr,4,DMT,54,1
ar1,ts_gsr,4,DMT,55,1
ar1,ts_gsr,4,DMT,56,1
ar1,ts_gsr,4,DMT,57,1
ar1,ts_gsr,4,DMT,58,1
ar1,ts_gsr,4,DMT,59,1
ar1,ts_gsr,4,DMT,60,1
ar1,ts_gsr,4,DMT,61,1
ar1,ts_gsr,4,DMT,62,1
ar1,ts_gsr,4,DMT,63,1
ar1,ts_gsr,4,DMT,64,1
ar1,ts_gsr,4,DMT,65,1
ar1,ts_gsr,4,DMT,66,1
ar1,ts_gsr,4,DMT,67,1
ar1,ts_gsr,4,DMT,68,1
ar1,ts_gsr,4,DMT,69,1
ar1,ts_gsr,4,DMT,70,1
ar1,ts_gsr,4,DMT,71,1
ar1,ts_gsr,4,DMT,72,1
ar1,ts_gsr,4,DMT,73,1
ar1,ts_gsr,4,DMT,74,1
ar1,ts_gsr,4,DMT,75,1
ar1,ts_gsr,4,DMT,76,1
ar1,ts_gsr,4,DMT,77,1
ar1,ts_gsr,4,DMT,78,1
ar1,ts_gsr,4,DMT,79,1
ar1,ts_gsr,4,DMT,80,1
ar1,ts_gsr,4,DMT,81,1
ar1,ts_gsr,4,DMT,82,1
ar1,ts_gsr,4,DMT,83,1
ar1,ts_gsr,4,DMT,84,1
ar1,ts_gsr,4,DMT,85,1
ar1,ts_gsr,4,DMT,86,1
ar1,ts_gsr,4,DMT,87,1
ar1,ts_gsr,4,DMT,88,1
ar1,ts_gsr,4,DMT,89,1
ar1,ts_gsr,4,DMT,90,1
ar1,ts_gsr,4,DMT,91,1
ar1,ts_gsr,4,DMT,92,1
ar1,ts_gsr,4,DMT,93,1
ar1,ts_gsr,4,DMT,94,1
ar1,ts_gsr,4,DMT,95,1
ar1,ts_gsr,4,DMT,96,1
ar1,ts_gsr,4,DMT,97,1
ar1,ts_gsr,4,DMT,98,1
ar1,ts_gsr,4,DMT,99,1
ar1,ts_gsr,4,DMT,100,1
ar1,ts_gsr,4,DMT,101,1
ar1,ts_gsr,4,DMT,102,1
ar1,ts_gsr,4,DMT,103,1
ar1,ts_gsr,4,DMT,104,1
ar1,ts_gsr,4,DMT,105,1
ar1,ts_gsr,4,DMT,106,1
ar1,ts_gsr,4,DMT,107,1
ar1,ts_gsr,4,DMT,108,1
ar1,ts_gsr,4,DMT,109,1
ar1,ts_gsr,4,DMT,110,1
ar1,ts_gsr,4,DMT,111,1
ar1,ts_gsr,4,DMT,112,1
ar1,ts_gsr,4,DMT,113,1
ar1,ts_gsr,4,DMT,114,1
ar1,ts_gsr,4,DMT,115,1
ar1,ts_gsr,4,PCB,0,1
ar1,ts_gsr,4,PCB,1,1
ar1,ts_gsr,4,PCB,2,1
ar1,ts_gsr,4,PCB,3,1
ar1,ts_gsr,4,PCB,4,1
ar1,ts_gsr,4,PCB,5,1
ar1,ts_gsr,4,PCB,6,1
ar1,ts_gsr,4,PCB,7,1
ar1,ts_gsr,4,PCB,8,1
ar1,ts_gsr,4,PCB,9,1
ar1,ts_gsr,4,PCB,10,1
ar1,ts_gsr,4,PCB,11,1
ar1,ts_gsr,4,PCB,12,1
ar1,ts_gsr,4,PCB,13,1
ar1,ts_gsr,4,PCB,14,1
ar1,ts_gsr,4,PCB,15,1
ar1,ts_gsr,4,PCB,16,1
ar1,ts_gsr,4,PCB,17,1
ar1,ts_gsr,4,PCB,18,1
ar1,ts_gsr,4,PCB,19,1
ar1,ts_gsr,4,PCB,21,1
ar1,ts_gsr,4,PCB,22,1
ar1,ts_gsr,4,PCB,23,1
ar1,ts_gsr,4,PCB,24,1
ar1,ts_gsr,4,PCB,25,1
ar1,ts_gsr,4,PCB,26,1
ar1,ts_gsr,4,PCB,27,1
ar1,ts_gsr,4,PCB,28,1
ar1,ts_gsr,4,PCB,29,1
ar1,ts_gsr,4,PCB,30,1
ar1,ts_gsr,4,PCB,31,1
ar1,ts_gsr,4,PCB,32,1
ar1,ts_gsr,4,PCB,33,1
ar1,ts_gsr,4,PCB,34,1
ar1,ts_gsr,4,PCB,35,1
ar1,ts_gsr,4,PCB,36,1
ar1,ts_gsr,4,PCB,37,1
ar1,ts_gsr,4,PCB,38,1
ar1,ts_gsr,4,PCB,39,1
ar1,ts_gsr,4,PCB,40,1
ar1,ts_gsr,4,PCB,41,1
ar1,ts_gsr,4,PCB,42,1
ar1,ts_gsr,4,PCB,43,1
ar1,ts_gsr,4,PCB,44,1
ar1,ts_gsr,4,PCB,45,1
ar1,ts_gsr,4,PCB,46,1
ar1,ts_gsr,4,PCB,47,1
ar1,ts_gsr,4,PCB,48,1
ar1,ts_gsr,4,PCB,49,1
ar1,ts_gsr,4,PCB,50,1
ar1,ts_gsr,4,PCB,51,1
ar1,ts_gsr,4,PCB,52,1
ar1,ts_gsr,4,PCB,53,1
ar1,ts_gsr,4,PCB,54,1
ar1,ts_gsr,4,PCB,55,1
ar1,ts_gsr,4,PCB,56,1
ar1,ts_gsr,4,PCB,57,1
ar1,ts_gsr,4,PCB,58,1
ar1,ts_gsr,4,PCB,59,1
ar1,ts_gsr,4,PCB,60,1
ar1,ts_gsr,4,PCB,61,1
ar1,ts_gsr,4,PCB,62,1
ar1,ts_gsr,4,PCB,63,1
ar1,ts_gsr,4,PCB,64,1
ar1,ts_gsr,4,PCB,65,1
ar1,ts_gsr,4,PCB,66,1
ar1,ts_gsr,4,PCB,67,1
ar1,ts_gsr,4,PCB,68,1
ar1,ts_gsr,4,PCB,69,1
ar1,ts_gsr,4,PCB,70,1
ar1,ts_gsr,4,PCB,71,1
ar1,ts_gsr,4,PCB,72,1
ar1,ts_gsr,4,PCB,73,1
ar1,ts_gsr,4,PCB,74,1
ar1,ts_gsr,4,PCB,75,1
ar1,ts_gsr,4,PCB,76,1
ar1,ts_gsr,4,PCB,77,1
ar1,ts_gsr,4,PCB,78,1
ar1,ts_gsr,4,PCB,79,1
ar1,ts_gsr,4,PCB,80,1
ar1,ts_gsr,4,PCB,81,1
ar1,ts_gsr,4,PCB,82,1
ar1,ts_gsr,4,PCB,83,1
ar1,ts_gsr,4,PCB,84,1
ar1,ts_gsr,4,PCB,85,1
ar1,ts_gsr,4,PCB,86,1
ar1,ts_gsr,4,PCB,87,1
ar1,ts_gsr,4,PCB,88,1
ar1,ts_gsr,4,PCB,89,1
ar1,ts_gsr,4,PCB,90,1
ar1,ts_gsr,4,PCB,91,1
ar1,ts_gsr,4,PCB,92,1
ar1,ts_gsr,4,PCB,93,1
ar1,ts_gsr,4,PCB,94,1
ar1,ts_gsr,4,PCB,95,1
ar1,ts_gsr,4,PCB,96,1
ar1,ts_gsr,4,PCB,97,1
ar1,ts_gsr,4,PCB,98,1
ar1,ts_gsr,4,PCB,99,1
ar1,ts_gsr,4,PCB,100,1
ar1,ts_gsr,4,PCB,101,1
ar1,ts_gsr,4,PCB,102,1
ar1,ts_gsr,4,PCB,103,1
ar1,ts_gsr,4,PCB,104,1
ar1,ts_gsr,4,PCB,105,1
ar1,ts_gsr,4,PCB,106,1
ar1,ts_gsr,4,PCB,107,1
ar1,ts_gsr,4,PCB,108,1
ar1,ts_gsr,4,PCB,109,1
ar1,ts_gsr,4,PCB,110,1
ar1,ts_gsr,4,PCB,111,1
ar1,ts_gsr,4,PCB,112,1
ar1,ts_gsr,4,PCB,113,1
ar1,ts_gsr,4,PCB,114,1
ar1,ts_gsr,4,PCB,115,1
ar1,ts_gsr,5,DMT,0,1
ar1,ts_gsr,5,DMT,1,1
ar1,ts_gsr,5,DMT,2,1
ar1,ts_gsr,5,DMT,3,1
ar1,ts_gsr,5,DMT,4,1
ar1,ts_gsr,5,DMT,5,1
ar1,ts_gsr,5,DMT,6,1
ar1,ts_gsr,5,DMT,7,1
ar1,ts_gsr,5,DMT,8,1
ar1,ts_gsr,5,DMT,9,1
ar1,ts_gsr,5,DMT,10,1
ar1,ts_gsr,5,DMT,11,1
ar1,ts_gsr,5,DMT,12,1
ar1,ts_gsr,5,DMT,13,1
ar1,ts_gsr,5,DMT,14,1
ar1,ts_gsr,5,DMT,15,1
ar1,ts_gsr,5,DMT,16,1
ar1,ts_gsr,5,DMT,17,1
ar1,ts_gsr,5,DMT,18,1
ar1,ts_gsr,5,DMT,19,1
ar1,ts_gsr,5,DMT,21,1
ar1,ts_gsr,5,DMT,22,1
ar1,ts_gsr,5,DMT,23,1
ar1,ts_gsr,5,DMT,24,1
ar1,ts_gsr,5,DMT,25,1
ar1,ts_gsr,5,DMT,26,1
ar1,ts_gsr,5,DMT,27,1
ar1,ts_gsr,5,DMT,28,1
ar1,ts_gsr,5,DMT,29,1
ar1,ts_gsr,5,DMT,30,1
ar1,ts_gsr,5,DMT,31,1
ar1,ts_gsr,5,DMT,32,1
ar1,ts_gsr,5,DMT,33,1
ar1,ts_gsr,5,DMT,34,1
ar1,ts_gsr,5,DMT,35,1
ar1,ts_gsr,5,DMT,36,1
ar1,ts_gsr,5,DMT,37,1
ar1,ts_gsr,5,DMT,38,1
ar1,ts_gsr,5,DMT,39,1
ar1,ts_gsr,5,DMT,40,1
ar1,ts_gsr,5,DMT,41,1
ar1,ts_gsr,5,DMT,42,1
ar1,ts_gsr,5,DMT,43,1
ar1,ts_gsr,5,DMT,44,1
ar1,ts_gsr,5,DMT,45,1
ar1,ts_gsr,5,DMT,46,1
ar1,ts_gsr,5,DMT,47,1
ar1,ts_gsr,5,DMT,48,1
ar1,ts_gsr,5,DMT,49,1
ar1,ts_gsr,5,DMT,50,1
ar1,ts_gsr,5,DMT,51,1
ar1,ts_gsr,5,DMT,52,1
ar1,ts_gsr,5,DMT,53,1
ar1,ts_gsr,5,DMT,54,1
ar1,ts_gsr,5,DMT,55,1
ar1,ts_gsr,5,DMT,56,1
ar1,ts_gsr,5,DMT,57,1
ar1,ts_gsr,5,DMT,58,1
ar1,ts_gsr,5,DMT,59,1
ar1,ts_gsr,5,DMT,60,1
ar1,ts_gsr,5,DMT,61,1
ar1,ts_gsr,5,DMT,62,1
ar1,ts_gsr,5,DMT,63,1
ar1,ts_gsr,5,DMT,64,1
ar1,ts_gsr,5,DMT,65,1
ar1,ts_gsr,5,DMT,66,1
ar1,ts_gsr,5,DMT,67,1
ar1,ts_gsr,5,DMT,68,1
ar1,ts_gsr,5,DMT,69,1
ar1,ts_gsr,5,DMT,70,1
ar1,ts_gsr,5,DMT,71,1
ar1,ts_gsr,5,DMT,72,1
ar1,ts_gsr,5,DMT,73,1
ar1,ts_gsr,5,DMT,74,1
ar1,ts_gsr,5,DMT,75,1
ar1,ts_gsr,5,DMT,76,1
ar1,ts_gsr,5,DMT,77,1
ar1,ts_gsr,5,DMT,78,1
ar1,ts_gsr,5,DMT,79,1
ar1,ts_gsr,5,DMT,80,1
ar1,ts_gsr,5,DMT,81,1
ar1,ts_gsr,5,DMT,82,1
ar1,ts_gsr,5,DMT,83,1
ar1,ts_gsr,5,DMT,84,1
ar1,ts_gsr,5,DMT,85,1
ar1,ts_gsr,5,DMT,86,1
ar1,ts_gsr,5,DMT,87,1
ar1,ts_gsr,5,DMT,88,1
ar1,ts_gsr,5,DMT,89,1
ar1,ts_gsr,5,DMT,90,1
ar1,ts_gsr,5,DMT,91,1
ar1,ts_gsr,5,DMT,92,1
ar1,ts_gsr,5,DMT,93,1
ar1,ts_gsr,5,DMT,94,1
ar1,ts_gsr,5,DMT,95,1
ar1,ts_gsr,5,DMT,96,1
ar1,ts_gsr,5,DMT,97,1
ar1,ts_gsr,5,DMT,98,1
ar1,ts_gsr,5,DMT,99,1
ar1,ts_gsr,5,DMT,100,1
ar1,ts_gsr,5,DMT,101,1
ar1,ts_gsr,5,DMT,102,1
ar1,ts_gsr,5,DMT,103,1
ar1,ts_gsr,5,DMT,104,1
ar1,ts_gsr,5,DMT,105,1
ar1,ts_gsr,5,DMT,106,1
ar1,ts_gsr,5,DMT,107,1
ar1,ts_gsr,5,DMT,108,1
ar1,ts_gsr,5,DMT,109,1
ar1,ts_gsr,5,DMT,110,1
ar1,ts_gsr,5,DMT,111,1
ar1,ts_gsr,5,DMT,112,1
ar1,ts_gsr,5,DMT,113,1
ar1,ts_gsr,5,DMT,114,1
ar1,ts_gsr,5,DMT,115,1
ar1,ts_gsr,5,PCB,0,1
ar1,ts_gsr,5,PCB,1,1
ar1,ts_gsr,5,PCB,2,1
ar1,ts_gsr,5,PCB,3,1
ar1,ts_gsr,5,PCB,4,1
ar1,ts_gsr,5,PCB,5,1
ar1,ts_gsr,5,PCB,6,1
ar1,ts_gsr,5,PCB,7,1
ar1,ts_gsr,5,PCB,8,1
ar1,ts_gsr,5,PCB,9,1
ar1,ts_gsr,5,PCB,10,1
ar1,ts_gsr,5,PCB,11,1
ar1,ts_gsr,5,PCB,12,1
ar1,ts_gsr,5,PCB,13,1
ar1,ts_gsr,5,PCB,14,1
ar1,ts_gsr,5,PCB,15,1
ar1,ts_gsr,5,PCB,16,1
ar1,ts_gsr,5,PCB,17,1
ar1,ts_gsr,5,PCB,18,1
ar1,ts_gsr,5,PCB,19,1
ar1,ts_gsr,5,PCB,21,1
ar1,ts_gsr,5,PCB,22,1
ar1,ts_gsr,5,PCB,23,1
ar1,ts_gsr,5,PCB,24,1
ar1,ts_gsr,5,PCB,25,1
ar1,ts_gsr,5,PCB,26,1
ar1,ts_gsr,5,PCB,27,1
ar1,ts_gsr,5,PCB,28,1
ar1,ts_gsr,5,PCB,29,1
ar1,ts_gsr,5,PCB,30,1
ar1,ts_gsr,5,PCB,31,1
ar1,ts_gsr,5,PCB,32,1
ar1,ts_gsr,5,PCB,33,1
ar1,ts_gsr,5,PCB,34,1
ar1,ts_gsr,5,PCB,35,1
ar1,ts_gsr,5,PCB,36,1
ar1,ts_gsr,5,PCB,37,1
ar1,ts_gsr,5,PCB,38,1
ar1,ts_gsr,5,PCB,39,1
ar1,ts_gsr,5,PCB,40,1
ar1,ts_gsr,5,PCB,41,1
ar1,ts_gsr,5,PCB,42,1
ar1,ts_gsr,5,PCB,43,1
ar1,ts_gsr,5,PCB,44,1
ar1,ts_gsr,5,PCB,45,1
ar1,ts_gsr,5,PCB,46,1
ar1,ts_gsr,5,PCB,47,1
ar1,ts_gsr,5,PCB,48,1
ar1,ts_gsr,5,PCB,49,1
ar1,ts_gsr,5,PCB,50,1
ar1,ts_gsr,5,PCB,51,1
ar1,ts_gsr,5,PCB,52,1
ar1,ts_gsr,5,PCB,53,1
ar1,ts_gsr,5,PCB,54,1
ar1,ts_gsr,5,PCB,55,1
ar1,ts_gsr,5,PCB,56,1
ar1,ts_gsr,5,PCB,57,1
ar1,ts_gsr,5,PCB,58,1
ar1,ts_gsr,5,PCB,59,1
ar1,ts_gsr,5,PCB,60,1
ar1,ts_gsr,5,PCB,61,1
ar1,ts_gsr,5,PCB,62,1
ar1,ts_gsr,5,PCB,63,1
ar1,ts_gsr,5,PCB,64,1
ar1,ts_gsr,5,PCB,65,1
ar1,ts_gsr,5,PCB,66,1
ar1,ts_gsr,5,PCB,67,1
ar1,ts_gsr,5,PCB,68,1
ar1,ts_gsr,5,PCB,69,1
ar1,ts_gsr,5,PCB,70,1
ar1,ts_gsr,5,PCB,71,1
ar1,ts_gsr,5,PCB,72,1
ar1,ts_gsr,5,PCB,73,1
ar1,ts_gsr,5,PCB,74,1
ar1,ts_gsr,5,PCB,75,1
ar1,ts_gsr,5,PCB,76,1
ar1,ts_gsr,5,PCB,77,1
ar1,ts_gsr,5,PCB,78,1
ar1,ts_gsr,5,PCB,79,1
ar1,ts_gsr,5,PCB,80,1
ar1,ts_gsr,5,PCB,81,1
ar1,ts_gsr,5,PCB,82,1
ar1,ts_gsr,5,PCB,83,1
ar1,ts_gsr,5,PCB,84,1
ar1,ts_gsr,5,PCB,85,1
ar1,ts_gsr,5,PCB,86,1
ar1,ts_gsr,5,PCB,87,1
ar1,ts_gsr,5,PCB,88,1
ar1,ts_gsr,5,PCB,89,1
ar1,ts_gsr,5,PCB,90,1
ar1,ts_gsr,5,PCB,91,1
ar1,ts_gsr,5,PCB,92,1
ar1,ts_gsr,5,PCB,93,1
ar1,ts_gsr,5,PCB,94,1
ar1,ts_gsr,5,PCB,95,1
ar1,ts_gsr,5,PCB,96,1
ar1,ts_gsr,5,PCB,97,1
ar1,ts_gsr,5,PCB,98,1
ar1,ts_gsr,5,PCB,99,1
ar1,ts_gsr,5,PCB,100,1
ar1,ts_gsr,5,PCB,101,1
ar1,ts_gsr,5,PCB,102,1
ar1,ts_gsr,5,PCB,103,1
ar1,ts_gsr,5,PCB,104,1
ar1,ts_gsr,5,PCB,105,1
ar1,ts_gsr,5,PCB,106,1
ar1,ts_gsr,5,PCB,107,1
ar1,ts_gsr,5,PCB,108,1
ar1,ts_gsr,5,PCB,109,1
ar1,ts_gsr,5,PCB,110,1
ar1,ts_gsr,5,PCB,111,1
ar1,ts_gsr,5,PCB,112,1
ar1,ts_gsr,5,PCB,113,1
ar1,ts_gsr,5,PCB,114,1
ar1,ts_gsr,5,PCB,115,1
ar1,ts_gsr,6,DMT,0,1
ar1,ts_gsr,6,DMT,1,1
ar1,ts_gsr,6,DMT,2,1
ar1,ts_gsr,6,DMT,3,1
ar1,ts_gsr,6,DMT,4,1
ar1,ts_gsr,6,DMT,5,1
ar1,ts_gsr,6,DMT,6,1
ar1,ts_gsr,6,DMT,7,1
ar1,ts_gsr,6,DMT,8,1
ar1,ts_gsr,6,DMT,9,1
ar1,ts_gsr,6,DMT,10,1
ar1,ts_gsr,6,DMT,11,1
ar1,ts_gsr,6,DMT,12,1
ar1,ts_gsr,6,DMT,13,1
ar1,ts_gsr,6,DMT,14,1
ar1,ts_gsr,6,DMT,15,1
ar1,ts_gsr,6,DMT,16,1
ar1,ts_gsr,6,DMT,17,1
ar1,ts_gsr,6,DMT,18,1
ar1,ts_gsr,6,DMT,19,1
ar1,ts_gsr,6,DMT,21,1
ar1,ts_gsr,6,DMT,22,1
ar1,ts_gsr,6,DMT,23,1
ar1,ts_gsr,6,DMT,24,1
ar1,ts_gsr,6,DMT,25,1
ar1,ts_gsr,6,DMT,26,1
ar1,ts_gsr,6,DMT,27,1
ar1,ts_gsr,6,DMT,28,1
ar1,ts_gsr,6,DMT,29,1
ar1,ts_gsr,6,DMT,30,1
ar1,ts_gsr,6,DMT,31,1
ar1,ts_gsr,6,DMT,32,1
ar1,ts_gsr,6,DMT,33,1
ar1,ts_gsr,6,DMT,34,1
ar1,ts_gsr,6,DMT,35,1
ar1,ts_gsr,6,DMT,36,1
ar1,ts_gsr,6,DMT,37,1
ar1,ts_gsr,6,DMT,38,1
ar1,ts_gsr,6,DMT,39,1
ar1,ts_gsr,6,DMT,40,1
ar1,ts_gsr,6,DMT,41,1
ar1,ts_gsr,6,DMT,42,1
ar1,ts_gsr,6,DMT,43,1
ar1,ts_gsr,6,DMT,44,1
ar1,ts_gsr,6,DMT,45,1
ar1,ts_gsr,6,DMT,46,1
ar1,ts_gsr,6,DMT,47,1
ar1,ts_gsr,6,DMT,48,1
ar1,ts_gsr,6,DMT,49,1
ar1,ts_gsr,6,DMT,50,1
ar1,ts_gsr,6,DMT,51,1
ar1,ts_gsr,6,DMT,52,1
ar1,ts_gsr,6,DMT,53,1
ar1,ts_gsr,6,DMT,54,1
ar1,ts_gsr,6,DMT,55,1
ar1,ts_gsr,6,DMT,56,1
ar1,ts_gsr,6,DMT,57,1
ar1,ts_gsr,6,DMT,58,1
ar1,ts_gsr,6,DMT,59,1
ar1,ts_gsr,6,DMT,60,1
ar1,ts_gsr,6,DMT,61,1
ar1,ts_gsr,6,DMT,62,1
ar1,ts_gsr,6,DMT,63,1
ar1,ts_gsr,6,DMT,64,1
ar1,ts_gsr,6,DMT,65,1
ar1,ts_gsr,6,DMT,66,1
ar1,ts_gsr,6,DMT,67,1
ar1,ts_gsr,6,DMT,68,1
ar1,ts_gsr,6,DMT,69,1
ar1,ts_gsr,6,DMT,70,1
ar1,ts_gsr,6,DMT,71,1
ar1,ts_gsr,6,DMT,72,1
ar1,ts_gsr,6,DMT,73,1
ar1,ts_gsr,6,DMT,74,1
ar1,ts_gsr,6,DMT,75,1
ar1,ts_gsr,6,DMT,76,1
ar1,ts_gsr,6,DMT,77,1
ar1,ts_gsr,6,DMT,78,1
ar1,ts_gsr,6,DMT,79,1
ar1,ts_gsr,6,DMT,80,1
ar1,ts_gsr,6,DMT,81,1
ar1,ts_gsr,6,DMT,82,1
ar1,ts_gsr,6,DMT,83,1
ar1,ts_gsr,6,DMT,84,1
ar1,ts_gsr,6,DMT,85,1
ar1,ts_gsr,6,DMT,86,1
ar1,ts_gsr,6,DMT,87,1
ar1,ts_gsr,6,DMT,88,1
ar1,ts_gsr,6,DMT,89,1
ar1,ts_gsr,6,DMT,90,1
ar1,ts_gsr,6,DMT,91,1
ar1,ts_gsr,6,DMT,92,1
ar1,ts_gsr,6,DMT,93,1
ar1,ts_gsr,6,DMT,94,1
ar1,ts_gsr,6,DMT,95,1
ar1,ts_gsr,6,DMT,96,1
ar1,ts_gsr,6,DMT,97,1
ar1,ts_gsr,6,DMT,98,1
ar1,ts_gsr,6,DMT,99,1
ar1,ts_gsr,6,DMT,100,1
ar1,ts_gsr,6,DMT,101,1
ar1,ts_gsr,6,DMT,102,1
ar1,ts_gsr,6,DMT,103,1
ar1,ts_gsr,6,DMT,104,1
ar1,ts_gsr,6,DMT,105,1
ar1,ts_gsr,6,DMT,106,1
ar1,ts_gsr,6,DMT,107,1
ar1,ts_gsr,6,DMT,108,1
ar1,ts_gsr,6,DMT,109,1
ar1,ts_gsr,6,DMT,110,1
ar1,ts_gsr,6,DMT,111,1
ar1,ts_gsr,6,DMT,112,1
ar1,ts_gsr,6,DMT,113,1
ar1,ts_gsr,6,DMT,114,1
ar1,ts_gsr,6,DMT,115,1
ar1,ts_gsr,6,PCB,0,1
ar1,ts_gsr,6,PCB,1,1
ar1,ts_gsr,6,PCB,2,1
ar1,ts_gsr,6,PCB,3,1
ar1,ts_gsr,6,PCB,4,1
ar1,ts_gsr,6,PCB,5,1
ar1,ts_gsr,6,PCB,6,1
ar1,ts_gsr,6,PCB,7,1
ar1,ts_gsr,6,PCB,8,1
ar1,ts_gsr,6,PCB,9,1
ar1,ts_gsr,6,PCB,10,1
ar1,ts_gsr,6,PCB,11,1
ar1,ts_gsr,6,PCB,12,1
ar1,ts_gsr,6,PCB,13,1
ar1,ts_gsr,6,PCB,14,1
ar1,ts_gsr,6,PCB,15,1
ar1,ts_gsr,6,PCB,16,1
ar1,ts_gsr,6,PCB,17,1
ar1,ts_gsr,6,PCB,18,1
ar1,ts_gsr,6,PCB,19,1
ar1,ts_gsr,6,PCB,21,1
ar1,ts_gsr,6,PCB,22,1
ar1,ts_gsr,6,PCB,23,1
ar1,ts_gsr,6,PCB,24,1
ar1,ts_gsr,6,PCB,25,1
ar1,ts_gsr,6,PCB,26,1
ar1,ts_gsr,6,PCB,27,1
ar1,ts_gsr,6,PCB,28,1
ar1,ts_gsr,6,PCB,29,1
ar1,ts_gsr,6,PCB,30,1
ar1,ts_gsr,6,PCB,31,1
ar1,ts_gsr,6,PCB,32,1
ar1,ts_gsr,6,PCB,33,1
ar1,ts_gsr,6,PCB,34,1
ar1,ts_gsr,6,PCB,35,1
ar1,ts_gsr,6,PCB,36,1
ar1,ts_gsr,6,PCB,37,1
ar1,ts_gsr,6,PCB,38,1
ar1,ts_gsr,6,PCB,39,1
ar1,ts_gsr,6,PCB,40,1
ar1,ts_gsr,6,PCB,41,1
ar1,ts_gsr,6,PCB,42,1
ar1,ts_gsr,6,PCB,43,1
ar1,ts_gsr,6,PCB,44,1
ar1,ts_gsr,6,PCB,45,1
ar1,ts_gsr,6,PCB,46,1
ar1,ts_gsr,6,PCB,47,1
ar1,ts_gsr,6,PCB,48,1
ar1,ts_gsr,6,PCB,49,1
ar1,ts_gsr,6,PCB,50,1
ar1,ts_gsr,6,PCB,51,1
ar1,ts_gsr,6,PCB,52,1
ar1,ts_gsr,6,PCB,53,1
ar1,ts_gsr,6,PCB,54,1
ar1,ts_gsr,6,PCB,55,1
ar1,ts_gsr,6,PCB,56,1
ar1,ts_gsr,6,PCB,57,1
ar1,ts_gsr,6,PCB,58,1
ar1,ts_gsr,6,PCB,59,1
ar1,ts_gsr,6,PCB,60,1
ar1,ts_gsr,6,PCB,61,1
ar1,ts_gsr,6,PCB,62,1
ar1,ts_gsr,6,PCB,63,1
ar1,ts_gsr,6,PCB,64,1
ar1,ts_gsr,6,PCB,65,1
ar1,ts_gsr,6,PCB,66,1
ar1,ts_gsr,6,PCB,67,1
ar1,ts_gsr,6,PCB,68,1
ar1,ts_gsr,6,PCB,69,1
ar1,ts_gsr,6,PCB,70,1
ar1,ts_gsr,6,PCB,71,1
ar1,ts_gsr,6,PCB,72,1
ar1,ts_gsr,6,PCB,73,1
ar1,ts_gsr,6,PCB,74,1
ar1,ts_gsr,6,PCB,75,1
ar1,ts_gsr,6,PCB,76,1
ar1,ts_gsr,6,PCB,77,1
ar1,ts_gsr,6,PCB,78,1
ar1,ts_gsr,6,PCB,79,1
ar1,ts_gsr,6,PCB,80,1
ar1,ts_gsr,6,PCB,81,1
ar1,ts_gsr,6,PCB,82,1
ar1,ts_gsr,6,PCB,83,1
ar1,ts_gsr,6,PCB,84,1
ar1,ts_gsr,6,PCB,85,1
ar1,ts_gsr,6,PCB,86,1
ar1,ts_gsr,6,PCB,87,1
ar1,ts_gsr,6,PCB,88,1
ar1,ts_gsr,6,PCB,89,1
ar1,ts_gsr,6,PCB,90,1
ar1,ts_gsr,6,PCB,91,1
ar1,ts_gsr,6,PCB,92,1
ar1,ts_gsr,6,PCB,93,1
ar1,ts_gsr,6,PCB,94,1
ar1,ts_gsr,6,PCB,95,1
ar1,ts_gsr,6,PCB,96,1
ar1,ts_gsr,6,PCB,97,1
ar1,ts_gsr,6,PCB,98,1
ar1,ts_gsr,6,PCB,99,1
ar1,ts_gsr,6,PCB,100,1
ar1,ts_gsr,6,PCB,101,1
ar1,ts_gsr,6,PCB,102,1
ar1,ts_gsr,6,PCB,103,1
ar1,ts_gsr,6,PCB,104,1
ar1,ts_gsr,6,PCB,105,1
ar1,ts_gsr,6,PCB,106,1
ar1,ts_gsr,6,PCB,107,1
ar1,ts_gsr,6,PCB,108,1
ar1,ts_gsr,6,PCB,109,1
ar1,ts_gsr,6,PCB,110,1
ar1,ts_gsr,6,PCB,111,1
ar1,ts_gsr,6,PCB,112,1
ar1,ts_gsr,6,PCB,113,1
ar1,ts_gsr,6,PCB,114,1
ar1,ts_gsr,6,PCB,115,1
ar1,ts_gsr,7,DMT,0,1
ar1,ts_gsr,7,DMT,1,1
ar1,ts_gsr,7,DMT,2,1
ar1,ts_gsr,7,DMT,3,1
ar1,ts_gsr,7,DMT,4,1
ar1,ts_gsr,7,DMT,5,1
ar1,ts_gsr,7,DMT,6,1
ar1,ts_gsr,7,DMT,7,1
ar1,ts_gsr,7,DMT,8,1
ar1,ts_gsr,7,DMT,9,1
ar1,ts_gsr,7,DMT,10,1
ar1,ts_gsr,7,DMT,11,1
ar1,ts_gsr,7,DMT,12,1
ar1,ts_gsr,7,DMT,13,1
ar1,ts_gsr,7,DMT,14,1
ar1,ts_gsr,7,DMT,15,1
ar1,ts_gsr,7,DMT,16,1
ar1,ts_gsr,7,DMT,17,1
ar1,ts_gsr,7,DMT,18,1
ar1,ts_gsr,7,DMT,19,1
ar1,ts_gsr,7,DMT,21,1
ar1,ts_gsr,7,DMT,22,1
ar1,ts_gsr,7,DMT,23,1
ar1,ts_gsr,7,DMT,24,1
ar1,ts_gsr,7,DMT,25,1
ar1,ts_gsr,7,DMT,26,1
ar1,ts_gsr,7,DMT,27,1
ar1,ts_gsr,7,DMT,28,1
ar1,ts_gsr,7,DMT,29,1
ar1,ts_gsr,7,DMT,30,1
ar1,ts_gsr,7,DMT,31,1
ar1,ts_gsr,7,DMT,32,1
ar1,ts_gsr,7,DMT,33,1
ar1,ts_gsr,7,DMT,34,1
ar1,ts_gsr,7,DMT,35,1
ar1,ts_gsr,7,DMT,36,1
ar1,ts_gsr,7,DMT,37,1
ar1,ts_gsr,7,DMT,38,1
ar1,ts_gsr,7,DMT,39,1
ar1,ts_gsr,7,DMT,40,1
ar1,ts_gsr,7,DMT,41,1
ar1,ts_gsr,7,DMT,42,1
ar1,ts_gsr,7,DMT,43,1
ar1,ts_gsr,7,DMT,44,1
ar1,ts_gsr,7,DMT,45,1
ar1,ts_gsr,7,DMT,46,1
ar1,ts_gsr,7,DMT,47,1
ar1,ts_gsr,7,DMT,48,1
ar1,ts_gsr,7,DMT,49,1
ar1,ts_gsr,7,DMT,50,1
ar1,ts_gsr,7,DMT,51,1
ar1,ts_gsr,7,DMT,52,1
ar1,ts_gsr,7,DMT,53,1
ar1,ts_gsr,7,DMT,54,1
ar1,ts_gsr,7,DMT,55,1
ar1,ts_gsr,7,DMT,56,1
ar1,ts_gsr,7,DMT,57,1
ar1,ts_gsr,7,DMT,58,1
ar1,ts_gsr,7,DMT,59,1
ar1,ts_gsr,7,DMT,60,1
ar1,ts_gsr,7,DMT,61,1
ar1,ts_gsr,7,DMT,62,1
ar1,ts_gsr,7,DMT,63,1
ar1,ts_gsr,7,DMT,64,1
ar1,ts_gsr,7,DMT,65,1
ar1,ts_gsr,7,DMT,66,1
ar1,ts_gsr,7,DMT,67,1
ar1,ts_gsr,7,DMT,68,1
ar1,ts_gsr,7,DMT,69,1
ar1,ts_gsr,7,DMT,70,1
ar1,ts_gsr,7,DMT,71,1
ar1,ts_gsr,7,DMT,72,1
ar1,ts_gsr,7,DMT,73,1
ar1,ts_gsr,7,DMT,74,1
ar1,ts_gsr,7,DMT,75,1
ar1,ts_gsr,7,DMT,76,1
ar1,ts_gsr,7,DMT,77,1
ar1,ts_gsr,7,DMT,78,1
ar1,ts_gsr,7,DMT,79,1
ar1,ts_gsr,7,DMT,80,1
ar1,ts_gsr,7,DMT,81,1
ar1,ts_gsr,7,DMT,82,1
ar1,ts_gsr,7,DMT,83,1
ar1,ts_gsr,7,DMT,84,1
ar1,ts_gsr,7,DMT,85,1
ar1,ts_gsr,7,DMT,86,1
ar1,ts_gsr,7,DMT,87,1
ar1,ts_gsr,7,DMT,88,1
ar1,ts_gsr,7,DMT,89,1
ar1,ts_gsr,7,DMT,90,1
ar1,ts_gsr,7,DMT,91,1
ar1,ts_gsr,7,DMT,92,1
ar1,ts_gsr,7,DMT,93,1
ar1,ts_gsr,7,DMT,94,1
ar1,ts_gsr,7,DMT,95,1
ar1,ts_gsr,7,DMT,96,1
ar1,ts_gsr,7,DMT,97,1
ar1,ts_gsr,7,DMT,98,1
ar1,ts_gsr,7,DMT,99,1
ar1,ts_gsr,7,DMT,100,1
ar1,ts_gsr,7,DMT,101,1
ar1,ts_gsr,7,DMT,102,1
ar1,ts_gsr,7,DMT,103,1
ar1,ts_gsr,7,DMT,104,1
ar1,ts_gsr,7,DMT,105,1
ar1,ts_gsr,7,DMT,106,1
ar1,ts_gsr,7,DMT,107,1
ar1,ts_gsr,7,DMT,108,1
ar1,ts_gsr,7,DMT,109,1
ar1,ts_gsr,7,DMT,110,1
ar1,ts_gsr,7,DMT,111,1
ar1,ts_gsr,7,DMT,112,1
ar1,ts_gsr,7,DMT,113,1
ar1,ts_gsr,7,DMT,114,1
ar1,ts_gsr,7,DMT,115,1
ar1,ts_gsr,7,PCB,0,1
ar1,ts_gsr,7,PCB,1,1
ar1,ts_gsr,7,PCB,2,1
ar1,ts_gsr,7,PCB,3,1
ar1,ts_gsr,7,PCB,4,1
ar1,ts_gsr,7,PCB,5,1
ar1,ts_gsr,7,PCB,6,1
ar1,ts_gsr,7,PCB,7,1
ar1,ts_gsr,7,PCB,8,1
ar1,ts_gsr,7,PCB,9,1
ar1,ts_gsr,7,PCB,10,1
ar1,ts_gsr,7,PCB,11,1
ar1,ts_gsr,7,PCB,12,1
ar1,ts_gsr,7,PCB,13,1
ar1,ts_gsr,7,PCB,14,1
ar1,ts_gsr,7,PCB,15,1
ar1,ts_gsr,7,PCB,16,1
ar1,ts_gsr,7,PCB,17,1
ar1,ts_gsr,7,PCB,18,1
ar1,ts_gsr,7,PCB,19,1
ar1,ts_gsr,7,PCB,21,1
ar1,ts_gsr,7,PCB,22,1
ar1,ts_gsr,7,PCB,23,1
ar1,ts_gsr,7,PCB,24,1
ar1,ts_gsr,7,PCB,25,1
ar1,ts_gsr,7,PCB,26,1
ar1,ts_gsr,7,PCB,27,1
ar1,ts_gsr,7,PCB,28,1
ar1,ts_gsr,7,PCB,29,1
ar1,ts_gsr,7,PCB,30,1
ar1,ts_gsr,7,PCB,31,1
ar1,ts_gsr,7,PCB,32,1
ar1,ts_gsr,7,PCB,33,1
ar1,ts_gsr,7,PCB,34,1
ar1,ts_gsr,7,PCB,35,1
ar1,ts_gsr,7,PCB,36,1
ar1,ts_gsr,7,PCB,37,1
ar1,ts_gsr,7,PCB,38,1
ar1,ts_gsr,7,PCB,39,1
ar1,ts_gsr,7,PCB,40,1
ar1,ts_gsr,7,PCB,41,1
ar1,ts_gsr,7,PCB,42,1
ar1,ts_gsr,7,PCB,43,1
ar1,ts_gsr,7,PCB,44,1
ar1,ts_gsr,7,PCB,45,1
ar1,ts_gsr,7,PCB,46,1
ar1,ts_gsr,7,PCB,47,1
ar1,ts_gsr,7,PCB,48,1
ar1,ts_gsr,7,PCB,49,1
ar1,ts_gsr,7,PCB,50,1
ar1,ts_gsr,7,PCB,51,1
ar1,ts_gsr,7,PCB,52,1
ar1,ts_gsr,7,PCB,53,1
ar1,ts_gsr,7,PCB,54,1
ar1,ts_gsr,7,PCB,55,1
ar1,ts_gsr,7,PCB,56,1
ar1,ts_gsr,7,PCB,57,1
ar1,ts_gsr,7,PCB,58,1
ar1,ts_gsr,7,PCB,59,1
ar1,ts_gsr,7,PCB,60,1
ar1,ts_gsr,7,PCB,61,1
ar1,ts_gsr,7,PCB,62,1
ar1,ts_gsr,7,PCB,63,1
ar1,ts_gsr,7,PCB,64,1
ar1,ts_gsr,7,PCB,65,1
ar1,ts_gsr,7,PCB,66,1
ar1,ts_gsr,7,PCB,67,1
ar1,ts_gsr,7,PCB,68,1
ar1,ts_gsr,7,PCB,69,1
ar1,ts_gsr,7,PCB,70,1
ar1,ts_gsr,7,PCB,71,1
ar1,ts_gsr,7,PCB,72,1
ar1,ts_gsr,7,PCB,73,1
ar1,ts_gsr,7,PCB,74,1
ar1,ts_gsr,7,PCB,75,1
ar1,ts_gsr,7,PCB,76,1
ar1,ts_gsr,7,PCB,77,1
ar1,ts_gsr,7,PCB,78,1
ar1,ts_gsr,7,PCB,79,1
ar1,ts_gsr,7,PCB,80,1
ar1,ts_gsr,7,PCB,81,1
ar1,ts_gsr,7,PCB,82,1
ar1,ts_gsr,7,PCB,83,1
ar1,ts_gsr,7,PCB,84,1
ar1,ts_gsr,7,PCB,85,1
ar1,ts_gsr,7,PCB,86,1
ar1,ts_gsr,7,PCB,87,1
ar1,ts_gsr,7,PCB,88,1
ar1,ts_gsr,7,PCB,89,1
ar1,ts_gsr,7,PCB,90,1
ar1,ts_gsr,7,PCB,91,1
ar1,ts_gsr,7,PCB,92,1
ar1,ts_gsr,7,PCB,93,1
ar1,ts_gsr,7,PCB,94,1
ar1,ts_gsr,7,PCB,95,1
ar1,ts_gsr,7,PCB,96,1
ar1,ts_gsr,7,PCB,97,1
ar1,ts_gsr,7,PCB,98,1
ar1,ts_gsr,7,PCB,99,1
ar1,ts_gsr,7,PCB,100,1
ar1,ts_gsr,7,PCB,101,1
ar1,ts_gsr,7,PCB,102,1
ar1,ts_gsr,7,PCB,103,1
ar1,ts_gsr,7,PCB,104,1
ar1,ts_gsr,7,PCB,105,1
ar1,ts_gsr,7,PCB,106,1
ar1,ts_gsr,7,PCB,107,1
ar1,ts_gsr,7,PCB,108,1
ar1,ts_gsr,7,PCB,109,1
ar1,ts_gsr,7,PCB,110,1
ar1,ts_gsr,7,PCB,111,1
ar1,ts_gsr,7,PCB,112,1
ar1,ts_gsr,7,PCB,113,1
ar1,ts_gsr,7,PCB,114,1
ar1,ts_gsr,7,PCB,115,1
ar1,ts_gsr,8,DMT,0,1
ar1,ts_gsr,8,DMT,1,1
ar1,ts_gsr,8,DMT,2,1
ar1,ts_gsr,8,DMT,3,1
ar1,ts_gsr,8,DMT,4,1
ar1,ts_gsr,8,DMT,5,1
ar1,ts_gsr,8,DMT,6,1
ar1,ts_gsr,8,DMT,7,1
ar1,ts_gsr,8,DMT,8,1
ar1,ts_gsr,8,DMT,9,1
ar1,ts_gsr,8,DMT,10,1
ar1,ts_gsr,8,DMT,11,1
ar1,ts_gsr,8,DMT,12,1
ar1,ts_gsr,8,DMT,13,1
ar1,ts_gsr,8,DMT,14,1
ar1,ts_gsr,8,DMT,15,1
ar1,ts_gsr,8,DMT,16,1
ar1,ts_gsr,8,DMT,17,1
ar1,ts_gsr,8,DMT,18,1
ar1,ts_gsr,8,DMT,19,1
ar1,ts_gsr,8,DMT,21,1
ar1,ts_gsr,8,DMT,22,1
ar1,ts_gsr,8,DMT,23,1
ar1,ts_gsr,8,DMT,24,1
ar1,ts_gsr,8,DMT,25,1
ar1,ts_gsr,8,DMT,26,1
ar1,ts_gsr,8,DMT,27,1
ar1,ts_gsr,8,DMT,28,1
ar1,ts_gsr,8,DMT,29,1
ar1,ts_gsr,8,DMT,30,1
ar1,ts_gsr,8,DMT,31,1
ar1,ts_gsr,8,DMT,32,1
ar1,ts_gsr,8,DMT,33,1
ar1,ts_gsr,8,DMT,34,1
ar1,ts_gsr,8,DMT,35,1
ar1,ts_gsr,8,DMT,36,1
ar1,ts_gsr,8,DMT,37,1
ar1,ts_gsr,8,DMT,38,1
ar1,ts_gsr,8,DMT,39,1
ar1,ts_gsr,8,DMT,40,1
ar1,ts_gsr,8,DMT,41,1
ar1,ts_gsr,8,DMT,42,1
ar1,ts_gsr,8,DMT,43,1
ar1,ts_gsr,8,DMT,44,1
ar1,ts_gsr,8,DMT,45,1
ar1,ts_gsr,8,DMT,46,1
ar1,ts_gsr,8,DMT,47,1
ar1,ts_gsr,8,DMT,48,1
ar1,ts_gsr,8,DMT,49,1
ar1,ts_gsr,8,DMT,50,1
ar1,ts_gsr,8,DMT,51,1
ar1,ts_gsr,8,DMT,52,1
ar1,ts_gsr,8,DMT,53,1
ar1,ts_gsr,8,DMT,54,1
ar1,ts_gsr,8,DMT,55,1
ar1,ts_gsr,8,DMT,56,1
ar1,ts_gsr,8,DMT,57,1
ar1,ts_gsr,8,DMT,58,1
ar1,ts_gsr,8,DMT,59,1
ar1,ts_gsr,8,DMT,60,1
ar1,ts_gsr,8,DMT,61,1
ar1,ts_gsr,8,DMT,62,1
ar1,ts_gsr,8,DMT,63,1
ar1,ts_gsr,8,DMT,64,1
ar1,ts_gsr,8,DMT,65,1
ar1,ts_gsr,8,DMT,66,1
ar1,ts_gsr,8,DMT,67,1
ar1,ts_gsr,8,DMT,68,1
ar1,ts_gsr,8,DMT,69,1
ar1,ts_gsr,8,DMT,70,1
ar1,ts_gsr,8,DMT,71,1
ar1,ts_gsr,8,DMT,72,1
ar1,ts_gsr,8,DMT,73,1
ar1,ts_gsr,8,DMT,74,1
ar1,ts_gsr,8,DMT,75,1
ar1,ts_gsr,8,DMT,76,1
ar1,ts_gsr,8,DMT,77,1
ar1,ts_gsr,8,DMT,78,1
ar1,ts_gsr,8,DMT,79,1
ar1,ts_gsr,8,DMT,80,1
ar1,ts_gsr,8,DMT,81,1
ar1,ts_gsr,8,DMT,82,1
ar1,ts_gsr,8,DMT,83,1
ar1,ts_gsr,8,DMT,84,1
ar1,ts_gsr,8,DMT,85,1
ar1,ts_gsr,8,DMT,86,1
ar1,ts_gsr,8,DMT,87,1
ar1,ts_gsr,8,DMT,88,1
ar1,ts_gsr,8,DMT,89,1
ar1,ts_gsr,8,DMT,90,1
ar1,ts_gsr,8,DMT,91,1
ar1,ts_gsr,8,DMT,92,1
ar1,ts_gsr,8,DMT,93,1
ar1,ts_gsr,8,DMT,94,1
ar1,ts_gsr,8,DMT,95,1
ar1,ts_gsr,8,DMT,96,1
ar1,ts_gsr,8,DMT,97,1
ar1,ts_gsr,8,DMT,98,1
ar1,ts_gsr,8,DMT,99,1
ar1,ts_gsr,8,DMT,100,1
ar1,ts_gsr,8,DMT,101,1
ar1,ts_gsr,8,DMT,102,1
ar1,ts_gsr,8,DMT,103,1
ar1,ts_gsr,8,DMT,104,1
ar1,ts_gsr,8,DMT,105,1
ar1,ts_gsr,8,DMT,106,1
ar1,ts_gsr,8,DMT,107,1
ar1,ts_gsr,8,DMT,108,1
ar1,ts_gsr,8,DMT,109,1
ar1,ts_gsr,8,DMT,110,1
ar1,ts_gsr,8,DMT,111,1
ar1,ts_gsr,8,DMT,112,1
ar1,ts_gsr,8,DMT,113,1
ar1,ts_gsr,8,DMT,114,1
ar1,ts_gsr,8,DMT,115,1
ar1,ts_gsr,8,PCB,0,1
ar1,ts_gsr,8,PCB,1,1
ar1,ts_gsr,8,PCB,2,1
ar1,ts_gsr,8,PCB,3,1
ar1,ts_gsr,8,PCB,4,1
ar1,ts_gsr,8,PCB,5,1
ar1,ts_gsr,8,PCB,6,1
ar1,ts_gsr,8,PCB,7,1
ar1,ts_gsr,8,PCB,8,1
ar1,ts_gsr,8,PCB,9,1
ar1,ts_gsr,8,PCB,10,1
ar1,ts_gsr,8,PCB,11,1
ar1,ts_gsr,8,PCB,12,1
ar1,ts_gsr,8,PCB,13,1
ar1,ts_gsr,8,PCB,14,1
ar1,ts_gsr,8,PCB,15,1
ar1,ts_gsr,8,PCB,16,1
ar1,ts_gsr,8,PCB,17,1
ar1,ts_gsr,8,PCB,18,1
ar1,ts_gsr,8,PCB,19,1
ar1,ts_gsr,8,PCB,21,1
ar1,ts_gsr,8,PCB,22,1
ar1,ts_gsr,8,PCB,23,1
ar1,ts_gsr,8,PCB,24,1
ar1,ts_gsr,8,PCB,25,1
ar1,ts_gsr,8,PCB,26,1
ar1,ts_gsr,8,PCB,27,1
ar1,ts_gsr,8,PCB,28,1
ar1,ts_gsr,8,PCB,29,1
ar1,ts_gsr,8,PCB,30,1
ar1,ts_gsr,8,PCB,31,1
ar1,ts_gsr,8,PCB,32,1
ar1,ts_gsr,8,PCB,33,1
ar1,ts_gsr,8,PCB,34,1
ar1,ts_gsr,8,PCB,35,1
ar1,ts_gsr,8,PCB,36,1
ar1,ts_gsr,8,PCB,37,1
ar1,ts_gsr,8,PCB,38,1
ar1,ts_gsr,8,PCB,39,1
ar1,ts_gsr,8,PCB,40,1
ar1,ts_gsr,8,PCB,41,1
ar1,ts_gsr,8,PCB,42,1
ar1,ts_gsr,8,PCB,43,1
ar1,ts_gsr,8,PCB,44,1
ar1,ts_gsr,8,PCB,45,1
ar1,ts_gsr,8,PCB,46,1
ar1,ts_gsr,8,PCB,47,1
ar1,ts_gsr,8,PCB,48,1
ar1,ts_gsr,8,PCB,49,1
ar1,ts_gsr,8,PCB,50,1
ar1,ts_gsr,8,PCB,51,1
ar1,ts_gsr,8,PCB,52,1
ar1,ts_gsr,8,PCB,53,1
ar1,ts_gsr,8,PCB,54,1
ar1,ts_gsr,8,PCB,55,1
ar1,ts_gsr,8,PCB,56,1
ar1,ts_gsr,8,PCB,57,1
ar1,ts_gsr,8,PCB,58,1
ar1,ts_gsr,8,PCB,59,1
ar1,ts_gsr,8,PCB,60,1
ar1,ts_gsr,8,PCB,61,1
ar1,ts_gsr,8,PCB,62,1
ar1,ts_gsr,8,PCB,63,1
ar1,ts_gsr,8,PCB,64,1
ar1,ts_gsr,8,PCB,65,1
ar1,ts_gsr,8,PCB,66,1
ar1,ts_gsr,8,PCB,67,1
ar1,ts_gsr,8,PCB,68,1
ar1,ts_gsr,8,PCB,69,1
ar1,ts_gsr,8,PCB,70,1
ar1,ts_gsr,8,PCB,71,1
ar1,ts_gsr,8,PCB,72,1
ar1,ts_gsr,8,PCB,73,1
ar1,ts_gsr,8,PCB,74,1
ar1,ts_gsr,8,PCB,75,1
ar1,ts_gsr,8,PCB,76,1
ar1,ts_gsr,8,PCB,77,1
ar1,ts_gsr,8,PCB,78,1
ar1,ts_gsr,8,PCB,79,1
ar1,ts_gsr,8,PCB,80,1
ar1,ts_gsr,8,PCB,81,1
ar1,ts_gsr,8,PCB,82,1
ar1,ts_gsr,8,PCB,83,1
ar1,ts_gsr,8,PCB,84,1
ar1,ts_gsr,8,PCB,85,1
ar1,ts_gsr,8,PCB,86,1
ar1,ts_gsr,8,PCB,87,1
ar1,ts_gsr,8,PCB,88,1
ar1,ts_gsr,8,PCB,89,1
ar1,ts_gsr,8,PCB,90,1
ar1,ts_gsr,8,PCB,91,1
ar1,ts_gsr,8,PCB,92,1
ar1,ts_gsr,8,PCB,93,1
ar1,ts_gsr,8,PCB,94,1
ar1,ts_gsr,8,PCB,95,1
ar1,ts_gsr,8,PCB,96,1
ar1,ts_gsr,8,PCB,97,1
ar1,ts_gsr,8,PCB,98,1
ar1,ts_gsr,8,PCB,99,1
ar1,ts_gsr,8,PCB,100,1
ar1,ts_gsr,8,PCB,101,1
ar1,ts_gsr,8,PCB,102,1
ar1,ts_gsr,8,PCB,103,1
ar1,ts_gsr,8,PCB,104,1
ar1,ts_gsr,8,PCB,105,1
ar1,ts_gsr,8,PCB,106,1
ar1,ts_gsr,8,PCB,107,1
ar1,ts_gsr,8,PCB,108,1
ar1,ts_gsr,8,PCB,109,1
ar1,ts_gsr,8,PCB,110,1
ar1,ts_gsr,8,PCB,111,1
ar1,ts_gsr,8,PCB,112,1
ar1,ts_gsr,8,PCB,113,1
ar1,ts_gsr,8,PCB,114,1
ar1,ts_gsr,8,PCB,115,1
ar1,ts_gsr,9,DMT,0,1
ar1,ts_gsr,9,DMT,1,1
ar1,ts_gsr,9,DMT,2,1
ar1,ts_gsr,9,DMT,3,1
ar1,ts_gsr,9,DMT,4,1
ar1,ts_gsr,9,DMT,5,1
ar1,ts_gsr,9,DMT,6,1
ar1,ts_gsr,9,DMT,7,1
ar1,ts_gsr,9,DMT,8,1
ar1,ts_gsr,9,DMT,9,1
ar1,ts_gsr,9,DMT,10,1
ar1,ts_gsr,9,DMT,11,1
ar1,ts_gsr,9,DMT,12,1
ar1,ts_gsr,9,DMT,13,1
ar1,ts_gsr,9,DMT,14,1
ar1,ts_gsr,9,DMT,15,1
ar1,ts_gsr,9,DMT,16,1
ar1,ts_gsr,9,DMT,17,1
ar1,ts_gsr,9,DMT,18,1
ar1,ts_gsr,9,DMT,19,1
ar1,ts_gsr,9,DMT,21,1
ar1,ts_gsr,9,DMT,22,1
ar1,ts_gsr,9,DMT,23,1
ar1,ts_gsr,9,DMT,24,1
ar1,ts_gsr,9,DMT,25,1
ar1,ts_gsr,9,DMT,26,1
ar1,ts_gsr,9,DMT,27,1
ar1,ts_gsr,9,DMT,28,1
ar1,ts_gsr,9,DMT,29,1
ar1,ts_gsr,9,DMT,30,1
ar1,ts_gsr,9,DMT,31,1
ar1,ts_gsr,9,DMT,32,1
ar1,ts_gsr,9,DMT,33,1
ar1,ts_gsr,9,DMT,34,1
ar1,ts_gsr,9,DMT,35,1
ar1,ts_gsr,9,DMT,36,1
ar1,ts_gsr,9,DMT,37,1
ar1,ts_gsr,9,DMT,38,1
ar1,ts_gsr,9,DMT,39,1
ar1,ts_gsr,9,DMT,40,1
ar1,ts_gsr,9,DMT,41,1
ar1,ts_gsr,9,DMT,42,1
ar1,ts_gsr,9,DMT,43,1
ar1,ts_gsr,9,DMT,44,1
ar1,ts_gsr,9,DMT,45,1
ar1,ts_gsr,9,DMT,46,1
ar1,ts_gsr,9,DMT,47,1
ar1,ts_gsr,9,DMT,48,1
ar1,ts_gsr,9,DMT,49,1
ar1,ts_gsr,9,DMT,50,1
ar1,ts_gsr,9,DMT,51,1
ar1,ts_gsr,9,DMT,52,1
ar1,ts_gsr,9,DMT,53,1
ar1,ts_gsr,9,DMT,54,1
ar1,ts_gsr,9,DMT,55,1
ar1,ts_gsr,9,DMT,56,1
ar1,ts_gsr,9,DMT,57,1
ar1,ts_gsr,9,DMT,58,1
ar1,ts_gsr,9,DMT,59,1
ar1,ts_gsr,9,DMT,60,1
ar1,ts_gsr,9,DMT,61,1
ar1,ts_gsr,9,DMT,62,1
ar1,ts_gsr,9,DMT,63,1
ar1,ts_gsr,9,DMT,64,1
ar1,ts_gsr,9,DMT,65,1
ar1,ts_gsr,9,DMT,66,1
ar1,ts_gsr,9,DMT,67,1
ar1,ts_gsr,9,DMT,68,1
ar1,ts_gsr,9,DMT,69,1
ar1,ts_gsr,9,DMT,70,1
ar1,ts_gsr,9,DMT,71,1
ar1,ts_gsr,9,DMT,72,1
ar1,ts_gsr,9,DMT,73,1
ar1,ts_gsr,9,DMT,74,1
ar1,ts_gsr,9,DMT,75,1
ar1,ts_gsr,9,DMT,76,1
ar1,ts_gsr,9,DMT,77,1
ar1,ts_gsr,9,DMT,78,1
ar1,ts_gsr,9,DMT,79,1
ar1,ts_gsr,9,DMT,80,1
ar1,ts_gsr,9,DMT,81,1
ar1,ts_gsr,9,DMT,82,1
ar1,ts_gsr,9,DMT,83,1
ar1,ts_gsr,9,DMT,84,1
ar1,ts_gsr,9,DMT,85,1
ar1,ts_gsr,9,DMT,86,1
ar1,ts_gsr,9,DMT,87,1
ar1,ts_gsr,9,DMT,88,1
ar1,ts_gsr,9,DMT,89,1
ar1,ts_gsr,9,DMT,90,1
ar1,ts_gsr,9,DMT,91,1
ar1,ts_gsr,9,DMT,92,1
ar1,ts_gsr,9,DMT,93,1
ar1,ts_gsr,9,DMT,94,1
ar1,ts_gsr,9,DMT,95,1
ar1,ts_gsr,9,DMT,96,1
ar1,ts_gsr,9,DMT,97,1
ar1,ts_gsr,9,DMT,98,1
ar1,ts_gsr,9,DMT,99,1
ar1,ts_gsr,9,DMT,100,1
ar1,ts_gsr,9,DMT,101,1
ar1,ts_gsr,9,DMT,102,1
ar1,ts_gsr,9,DMT,103,1
ar1,ts_gsr,9,DMT,104,1
ar1,ts_gsr,9,DMT,105,1
ar1,ts_gsr,9,DMT,106,1
ar1,ts_gsr,9,DMT,107,1
ar1,ts_gsr,9,DMT,108,1
ar1,ts_gsr,9,DMT,109,1
ar1,ts_gsr,9,DMT,110,1
ar1,ts_gsr,9,DMT,111,1
ar1,ts_gsr,9,DMT,112,1
ar1,ts_gsr,9,DMT,113,1
ar1,ts_gsr,9,DMT,114,1
ar1,ts_gsr,9,DMT,115,1
ar1,ts_gsr,9,PCB,0,1
ar1,ts_gsr,9,PCB,1,1
ar1,ts_gsr,9,PCB,2,1
ar1,ts_gsr,9,PCB,3,1
ar1,ts_gsr,9,PCB,4,1
ar1,ts_gsr,9,PCB,5,1
ar1,ts_gsr,9,PCB,6,1
ar1,ts_gsr,9,PCB,7,1
ar1,ts_gsr,9,PCB,8,1
ar1,ts_gsr,9,PCB,9,1
ar1,ts_gsr,9,PCB,10,1
ar1,ts_gsr,9,PCB,11,1
ar1,ts_gsr,9,PCB,12,1
ar1,ts_gsr,9,PCB,13,1
ar1,ts_gsr,9,PCB,14,1
ar1,ts_gsr,9,PCB,15,1
ar1,ts_gsr,9,PCB,16,1
ar1,ts_gsr,9,PCB,17,1
ar1,ts_gsr,9,PCB,18,1
ar1,ts_gsr,9,PCB,19,1
ar1,ts_gsr,9,PCB,21,1
ar1,ts_gsr,9,PCB,22,1
ar1,ts_gsr,9,PCB,23,1
ar1,ts_gsr,9,PCB,24,1
ar1,ts_gsr,9,PCB,25,1
ar1,ts_gsr,9,PCB,26,1
ar1,ts_gsr,9,PCB,27,1
ar1,ts_gsr,9,PCB,28,1
ar1,ts_gsr,9,PCB,29,1
ar1,ts_gsr,9,PCB,30,1
ar1,ts_gsr,9,PCB,31,1
ar1,ts_gsr,9,PCB,32,1
ar1,ts_gsr,9,PCB,33,1
ar1,ts_gsr,9,PCB,34,1
ar1,ts_gsr,9,PCB,35,1
ar1,ts_gsr,9,PCB,36,1
ar1,ts_gsr,9,PCB,37,1
ar1,ts_gsr,9,PCB,38,1
ar1,ts_gsr,9,PCB,39,1
ar1,ts_gsr,9,PCB,40,1
ar1,ts_gsr,9,PCB,41,1
ar1,ts_gsr,9,PCB,42,1
ar1,ts_gsr,9,PCB,43,1
ar1,ts_gsr,9,PCB,44,1
ar1,ts_gsr,9,PCB,45,1
ar1,ts_gsr,9,PCB,46,1
ar1,ts_gsr,9,PCB,47,1
ar1,ts_gsr,9,PCB,48,1
ar1,ts_gsr,9,PCB,49,1
ar1,ts_gsr,9,PCB,50,1
ar1,ts_gsr,9,PCB,51,1
ar1,ts_gsr,9,PCB,52,1
ar1,ts_gsr,9,PCB,53,1
ar1,ts_gsr,9,PCB,54,1
ar1,ts_gsr,9,PCB,55,1
ar1,ts_gsr,9,PCB,56,1
ar1,ts_gsr,9,PCB,57,1
ar1,ts_gsr,9,PCB,58,1
ar1,ts_gsr,9,PCB,59,1
ar1,ts_gsr,9,PCB,60,1
ar1,ts_gsr,9,PCB,61,1
ar1,ts_gsr,9,PCB,62,1
ar1,ts_gsr,9,PCB,63,1
ar1,ts_gsr,9,PCB,64,1
ar1,ts_gsr,9,PCB,65,1
ar1,ts_gsr,9,PCB,66,1
ar1,ts_gsr,9,PCB,67,1
ar1,ts_gsr,9,PCB,68,1
ar1,ts_gsr,9,PCB,69,1
ar1,ts_gsr,9,PCB,70,1
ar1,ts_gsr,9,PCB,71,1
ar1,ts_gsr,9,PCB,72,1
ar1,ts_gsr,9,PCB,73,1
ar1,ts_gsr,9,PCB,74,1
ar1,ts_gsr,9,PCB,75,1
ar1,ts_gsr,9,PCB,76,1
ar1,ts_gsr,9,PCB,77,1
ar1,ts_gsr,9,PCB,78,1
ar1,ts_gsr,9,PCB,79,1
ar1,ts_gsr,9,PCB,80,1
ar1,ts_gsr,9,PCB,81,1
ar1,ts_gsr,9,PCB,82,1
ar1,ts_gsr,9,PCB,83,1
ar1,ts_gsr,9,PCB,84,1
ar1,ts_gsr,9,PCB,85,1
ar1,ts_gsr,9,PCB,86,1
ar1,ts_gsr,9,PCB,87,1
ar1,ts_gsr,9,PCB,88,1
ar1,ts_gsr,9,PCB,89,1
ar1,ts_gsr,9,PCB,90,1
ar1,ts_gsr,9,PCB,91,1
ar1,ts_gsr,9,PCB,92,1
ar1,ts_gsr,9,PCB,93,1
ar1,ts_gsr,9,PCB,94,1
ar1,ts_gsr,9,PCB,95,1
ar1,ts_gsr,9,PCB,96,1
ar1,ts_gsr,9,PCB,97,1
ar1,ts_gsr,9,PCB,98,1
ar1,ts_gsr,9,PCB,99,1
ar1,ts_gsr,9,PCB,100,1
ar1,ts_gsr,9,PCB,101,1
ar1,ts_gsr,9,PCB,102,1
ar1,ts_gsr,9,PCB,103,1
ar1,ts_gsr,9,PCB,104,1
ar1,ts_gsr,9,PCB,105,1
ar1,ts_gsr,9,PCB,106,1
ar1,ts_gsr,9,PCB,107,1
ar1,ts_gsr,9,PCB,108,1
ar1,ts_gsr,9,PCB,109,1
ar1,ts_gsr,9,PCB,110,1
ar1,ts_gsr,9,PCB,111,1
ar1,ts_gsr,9,PCB,112,1
ar1,ts_gsr,9,PCB,113,1
ar1,ts_gsr,9,PCB,114,1
ar1,ts_gsr,9,PCB,115,1
ar1,ts_gsr,10,DMT,0,1
ar1,ts_gsr,10,DMT,1,1
ar1,ts_gsr,10,DMT,2,1
ar1,ts_gsr,10,DMT,3,1
ar1,ts_gsr,10,DMT,4,1
ar1,ts_gsr,10,DMT,5,1
ar1,ts_gsr,10,DMT,6,1
ar1,ts_gsr,10,DMT,7,1
ar1,ts_gsr,10,DMT,8,1
ar1,ts_gsr,10,DMT,9,1
ar1,ts_gsr,10,DMT,10,1
ar1,ts_gsr,10,DMT,11,1
ar1,ts_gsr,10,DMT,12,1
ar1,ts_gsr,10,DMT,13,1
ar1,ts_gsr,10,DMT,14,1
ar1,ts_gsr,10,DMT,15,1
ar1,ts_gsr,10,DMT,16,1
ar1,ts_gsr,10,DMT,17,1
ar1,ts_gsr,10,DMT,18,1
ar1,ts_gsr,10,DMT,19,1
ar1,ts_gsr,10,DMT,21,1
ar1,ts_gsr,10,DMT,22,1
ar1,ts_gsr,10,DMT,23,1
ar1,ts_gsr,10,DMT,24,1
ar1,ts_gsr,10,DMT,25,1
ar1,ts_gsr,10,DMT,26,1
ar1,ts_gsr,10,DMT,27,1
ar1,ts_gsr,10,DMT,28,1
ar1,ts_gsr,10,DMT,29,1
ar1,ts_gsr,10,DMT,30,1
ar1,ts_gsr,10,DMT,31,1
ar1,ts_gsr,10,DMT,32,1
ar1,ts_gsr,10,DMT,33,1
ar1,ts_gsr,10,DMT,34,1
ar1,ts_gsr,10,DMT,35,1
ar1,ts_gsr,10,DMT,36,1
ar1,ts_gsr,10,DMT,37,1
ar1,ts_gsr,10,DMT,38,1
ar1,ts_gsr,10,DMT,39,1
ar1,ts_gsr,10,DMT,40,1
ar1,ts_gsr,10,DMT,41,1
ar1,ts_gsr,10,DMT,42,1
ar1,ts_gsr,10,DMT,43,1
ar1,ts_gsr,10,DMT,44,1
ar1,ts_gsr,10,DMT,45,1
ar1,ts_gsr,10,DMT,46,1
ar1,ts_gsr,10,DMT,47,1
ar1,ts_gsr,10,DMT,48,1
ar1,ts_gsr,10,DMT,49,1
ar1,ts_gsr,10,DMT,50,1
ar1,ts_gsr,10,DMT,51,1
ar1,ts_gsr,10,DMT,52,1
ar1,ts_gsr,10,DMT,53,1
ar1,ts_gsr,10,DMT,54,1
ar1,ts_gsr,10,DMT,55,1
ar1,ts_gsr,10,DMT,56,1
ar1,ts_gsr,10,DMT,57,1
ar1,ts_gsr,10,DMT,58,1
ar1,ts_gsr,10,DMT,59,1
ar1,ts_gsr,10,DMT,60,1
ar1,ts_gsr,10,DMT,61,1
ar1,ts_gsr,10,DMT,62,1
ar1,ts_gsr,10,DMT,63,1
ar1,ts_gsr,10,DMT,64,1
ar1,ts_gsr,10,DMT,65,1
ar1,ts_gsr,10,DMT,66,1
ar1,ts_gsr,10,DMT,67,1
ar1,ts_gsr,10,DMT,68,1
ar1,ts_gsr,10,DMT,69,1
ar1,ts_gsr,10,DMT,70,1
ar1,ts_gsr,10,DMT,71,1
ar1,ts_gsr,10,DMT,72,1
ar1,ts_gsr,10,DMT,73,1
ar1,ts_gsr,10,DMT,74,1
ar1,ts_gsr,10,DMT,75,1
ar1,ts_gsr,10,DMT,76,1
ar1,ts_gsr,10,DMT,77,1
ar1,ts_gsr,10,DMT,78,1
ar1,ts_gsr,10,DMT,79,1
ar1,ts_gsr,10,DMT,80,1
ar1,ts_gsr,10,DMT,81,1
ar1,ts_gsr,10,DMT,82,1
ar1,ts_gsr,10,DMT,83,1
ar1,ts_gsr,10,DMT,84,1
ar1,ts_gsr,10,DMT,85,1
ar1,ts_gsr,10,DMT,86,1
ar1,ts_gsr,10,DMT,87,1
ar1,ts_gsr,10,DMT,88,1
ar1,ts_gsr,10,DMT,89,1
ar1,ts_gsr,10,DMT,90,1
ar1,ts_gsr,10,DMT,91,1
ar1,ts_gsr,10,DMT,92,1
ar1,ts_gsr,10,DMT,93,1
ar1,ts_gsr,10,DMT,94,1
ar1,ts_gsr,10,DMT,95,1
ar1,ts_gsr,10,DMT,96,1
ar1,ts_gsr,10,DMT,97,1
ar1,ts_gsr,10,DMT,98,1
ar1,ts_gsr,10,DMT,99,1
ar1,ts_gsr,10,DMT,100,1
ar1,ts_gsr,10,DMT,101,1
ar1,ts_gsr,10,DMT,102,1
ar1,ts_gsr,10,DMT,103,1
ar1,ts_gsr,10,DMT,104,1
ar1,ts_gsr,10,DMT,105,1
ar1,ts_gsr,10,DMT,106,1
ar1,ts_gsr,10,DMT,107,1
ar1,ts_gsr,10,DMT,108,1
ar1,ts_gsr,10,DMT,109,1
ar1,ts_gsr,10,DMT,110,1
ar1,ts_gsr,10,DMT,111,1
ar1,ts_gsr,10,DMT,112,1
ar1,ts_gsr,10,DMT,113,1
ar1,ts_gsr,10,DMT,114,1
ar1,ts_gsr,10,DMT,115,1
ar1,ts_gsr,10,PCB,0,1
ar1,ts_gsr,10,PCB,1,1
ar1,ts_gsr,10,PCB,2,1
ar1,ts_gsr,10,PCB,3,1
ar1,ts_gsr,10,PCB,4,1
ar1,ts_gsr,10,PCB,5,1
ar1,ts_gsr,10,PCB,6,1
ar1,ts_gsr,10,PCB,7,1
ar1,ts_gsr,10,PCB,8,1
ar1,ts_gsr,10,PCB,9,1
ar1,ts_gsr,10,PCB,10,1
ar1,ts_gsr,10,PCB,11,1
ar1,ts_gsr,10,PCB,12,1
ar1,ts_gsr,10,PCB,13,1
ar1,ts_gsr,10,PCB,14,1
ar1,ts_gsr,10,PCB,15,1
ar1,ts_gsr,10,PCB,16,1
ar1,ts_gsr,10,PCB,17,1
ar1,ts_gsr,10,PCB,18,1
ar1,ts_gsr,10,PCB,19,1
ar1,ts_gsr,10,PCB,21,1
ar1,ts_gsr,10,PCB,22,1
ar1,ts_gsr,10,PCB,23,1
ar1,ts_gsr,10,PCB,24,1
ar1,ts_gsr,10,PCB,25,1
ar1,ts_gsr,10,PCB,26,1
ar1,ts_gsr,10,PCB,27,1
ar1,ts_gsr,10,PCB,28,1
ar1,ts_gsr,10,PCB,29,1
ar1,ts_gsr,10,PCB,30,1
ar1,ts_gsr,10,PCB,31,1
ar1,ts_gsr,10,PCB,32,1
ar1,ts_gsr,10,PCB,33,1
ar1,ts_gsr,10,PCB,34,1
ar1,ts_gsr,10,PCB,35,1
ar1,ts_gsr,10,PCB,36,1
ar1,ts_gsr,10,PCB,37,1
ar1,ts_gsr,10,PCB,38,1
ar1,ts_gsr,10,PCB,39,1
ar1,ts_gsr,10,PCB,40,1
ar1,ts_gsr,10,PCB,41,1
ar1,ts_gsr,10,PCB,42,1
ar1,ts_gsr,10,PCB,43,1
ar1,ts_gsr,10,PCB,44,1
ar1,ts_gsr,10,PCB,45,1
ar1,ts_gsr,10,PCB,46,1
ar1,ts_gsr,10,PCB,47,1
ar1,ts_gsr,10,PCB,48,1
ar1,ts_gsr,10,PCB,49,1
ar1,ts_gsr,10,PCB,50,1
ar1,ts_gsr,10,PCB,51,1
ar1,ts_gsr,10,PCB,52,1
ar1,ts_gsr,10,PCB,53,1
ar1,ts_gsr,10,PCB,54,1
ar1,ts_gsr,10,PCB,55,1
ar1,ts_gsr,10,PCB,56,1
ar1,ts_gsr,10,PCB,57,1
ar1,ts_gsr,10,PCB,58,1
ar1,ts_gsr,10,PCB,59,1
ar1,ts_gsr,10,PCB,60,1
ar1,ts_gsr,10,PCB,61,1
ar1,ts_gsr,10,PCB,62,1
ar1,ts_gsr,10,PCB,63,1
ar1,ts_gsr,10,PCB,64,1
ar1,ts_gsr,10,PCB,65,1
ar1,ts_gsr,10,PCB,66,1
ar1,ts_gsr,10,PCB,67,1
ar1,ts_gsr,10,PCB,68,1
ar1,ts_gsr,10,PCB,69,1
ar1,ts_gsr,10,PCB,70,1
ar1,ts_gsr,10,PCB,71,1
ar1,ts_gsr,10,PCB,72,1
ar1,ts_gsr,10,PCB,73,1
ar1,ts_gsr,10,PCB,74,1
ar1,ts_gsr,10,PCB,75,1
ar1,ts_gsr,10,PCB,76,1
ar1,ts_gsr,10,PCB,77,1
ar1,ts_gsr,10,PCB,78,1
ar1,ts_gsr,10,PCB,79,1
ar1,ts_gsr,10,PCB,80,1
ar1,ts_gsr,10,PCB,81,1
ar1,ts_gsr,10,PCB,82,1
ar1,ts_gsr,10,PCB,83,1
ar1,ts_gsr,10,PCB,84,1
ar1,ts_gsr,10,PCB,85,1
ar1,ts_gsr,10,PCB,86,1
ar1,ts_gsr,10,PCB,87,1
ar1,ts_gsr,10,PCB,88,1
ar1,ts_gsr,10,PCB,89,1
ar1,ts_gsr,10,PCB,90,1
ar1,ts_gsr,10,PCB,91,1
ar1,ts_gsr,10,PCB,92,1
ar1,ts_gsr,10,PCB,93,1
ar1,ts_gsr,10,PCB,94,1
ar1,ts_gsr,10,PCB,95,1
ar1,ts_gsr,10,PCB,96,1
ar1,ts_gsr,10,PCB,97,1
ar1,ts_gsr,10,PCB,98,1
ar1,ts_gsr,10,PCB,99,1
ar1,ts_gsr,10,PCB,100,1
ar1,ts_gsr,10,PCB,101,1
ar1,ts_gsr,10,PCB,102,1
ar1,ts_gsr,10,PCB,103,1
ar1,ts_gsr,10,PCB,104,1
ar1,ts_gsr,10,PCB,105,1
ar1,ts_gsr,10,PCB,106,1
ar1,ts_gsr,10,PCB,107,1
ar1,ts_gsr,10,PCB,108,1
ar1,ts_gsr,10,PCB,109,1
ar1,ts_gsr,10,PCB,110,1
ar1,ts_gsr,10,PCB,111,1
ar1,ts_gsr,10,PCB,112,1
ar1,ts_gsr,10,PCB,113,1
ar1,ts_gsr,10,PCB,114,1
ar1,ts_gsr,10,PCB,115,1
ar1,ts_gsr,11,DMT,0,1
ar1,ts_gsr,11,DMT,1,1
ar1,ts_gsr,11,DMT,2,1
ar1,ts_gsr,11,DMT,3,1
ar1,ts_gsr,11,DMT,4,1
ar1,ts_gsr,11,DMT,5,1
ar1,ts_gsr,11,DMT,6,1
ar1,ts_gsr,11,DMT,7,1
ar1,ts_gsr,11,DMT,8,1
ar1,ts_gsr,11,DMT,9,1
ar1,ts_gsr,11,DMT,10,1
ar1,ts_gsr,11,DMT,11,1
ar1,ts_gsr,11,DMT,12,1
ar1,ts_gsr,11,DMT,13,1
ar1,ts_gsr,11,DMT,14,1
ar1,ts_gsr,11,DMT,15,1
ar1,ts_gsr,11,DMT,16,1
ar1,ts_gsr,11,DMT,17,1
ar1,ts_gsr,11,DMT,18,1
ar1,ts_gsr,11,DMT,19,1
ar1,ts_gsr,11,DMT,21,1
ar1,ts_gsr,11,DMT,22,1
ar1,ts_gsr,11,DMT,23,1
ar1,ts_gsr,11,DMT,24,1
ar1,ts_gsr,11,DMT,25,1
ar1,ts_gsr,11,DMT,26,1
ar1,ts_gsr,11,DMT,27,1
ar1,ts_gsr,11,DMT,28,1
ar1,ts_gsr,11,DMT,29,1
ar1,ts_gsr,11,DMT,30,1
ar1,ts_gsr,11,DMT,31,1
ar1,ts_gsr,11,DMT,32,1
ar1,ts_gsr,11,DMT,33,1
ar1,ts_gsr,11,DMT,34,1
ar1,ts_gsr,11,DMT,35,1
ar1,ts_gsr,11,DMT,36,1
ar1,ts_gsr,11,DMT,37,1
ar1,ts_gsr,11,DMT,38,1
ar1,ts_gsr,11,DMT,39,1
ar1,ts_gsr,11,DMT,40,1
ar1,ts_gsr,11,DMT,41,1
ar1,ts_gsr,11,DMT,42,1
ar1,ts_gsr,11,DMT,43,1
ar1,ts_gsr,11,DMT,44,1
ar1,ts_gsr,11,DMT,45,1
ar1,ts_gsr,11,DMT,46,1
ar1,ts_gsr,11,DMT,47,1
ar1,ts_gsr,11,DMT,48,1
ar1,ts_gsr,11,DMT,49,1
ar1,ts_gsr,11,DMT,50,1
ar1,ts_gsr,11,DMT,51,1
ar1,ts_gsr,11,DMT,52,1
ar1,ts_gsr,11,DMT,53,1
ar1,ts_gsr,11,DMT,54,1
ar1,ts_gsr,11,DMT,55,1
ar1,ts_gsr,11,DMT,56,1
ar1,ts_gsr,11,DMT,57,1
ar1,ts_gsr,11,DMT,58,1
ar1,ts_gsr,11,DMT,59,1
ar1,ts_gsr,11,DMT,60,1
ar1,ts_gsr,11,DMT,61,1
ar1,ts_gsr,11,DMT,62,1
ar1,ts_gsr,11,DMT,63,1
ar1,ts_gsr,11,DMT,64,1
ar1,ts_gsr,11,DMT,65,1
ar1,ts_gsr,11,DMT,66,1
ar1,ts_gsr,11,DMT,67,1
ar1,ts_gsr,11,DMT,68,1
ar1,ts_gsr,11,DMT,69,1
ar1,ts_gsr,11,DMT,70,1
ar1,ts_gsr,11,DMT,71,1
ar1,ts_gsr,11,DMT,72,1
ar1,ts_gsr,11,DMT,73,1
ar1,ts_gsr,11,DMT,74,1
ar1,ts_gsr,11,DMT,75,1
ar1,ts_gsr,11,DMT,76,1
ar1,ts_gsr,11,DMT,77,1
ar1,ts_gsr,11,DMT,78,1
ar1,ts_gsr,11,DMT,79,1
ar1,ts_gsr,11,DMT,80,1
ar1,ts_gsr,11,DMT,81,1
ar1,ts_gsr,11,DMT,82,1
ar1,ts_gsr,11,DMT,83,1
ar1,ts_gsr,11,DMT,84,1
ar1,ts_gsr,11,DMT,85,1
ar1,ts_gsr,11,DMT,86,1
ar1,ts_gsr,11,DMT,87,1
ar1,ts_gsr,11,DMT,88,1
ar1,ts_gsr,11,DMT,89,1
ar1,ts_gsr,11,DMT,90,1
ar1,ts_gsr,11,DMT,91,1
ar1,ts_gsr,11,DMT,92,1
ar1,ts_gsr,11,DMT,93,1
ar1,ts_gsr,11,DMT,94,1
ar1,ts_gsr,11,DMT,95,1
ar1,ts_gsr,11,DMT,96,1
ar1,ts_gsr,11,DMT,97,1
ar1,ts_gsr,11,DMT,98,1
ar1,ts_gsr,11,DMT,99,1
ar1,ts_gsr,11,DMT,100,1
ar1,ts_gsr,11,DMT,101,1
ar1,ts_gsr,11,DMT,102,1
ar1,ts_gsr,11,DMT,103,1
ar1,ts_gsr,11,DMT,104,1
ar1,ts_gsr,11,DMT,105,1
ar1,ts_gsr,11,DMT,106,1
ar1,ts_gsr,11,DMT,107,1
ar1,ts_gsr,11,DMT,108,1
ar1,ts_gsr,11,DMT,109,1
ar1,ts_gsr,11,DMT,110,1
ar1,ts_gsr,11,DMT,111,1
ar1,ts_gsr,11,DMT,112,1
ar1,ts_gsr,11,DMT,113,1
ar1,ts_gsr,11,DMT,114,1
ar1,ts_gsr,11,DMT,115,1
ar1,ts_gsr,11,PCB,0,1
ar1,ts_gsr,11,PCB,1,1
ar1,ts_gsr,11,PCB,2,1
ar1,ts_gsr,11,PCB,3,1
ar1,ts_gsr,11,PCB,4,1
ar1,ts_gsr,11,PCB,5,1
ar1,ts_gsr,11,PCB,6,1
ar1,ts_gsr,11,PCB,7,1
ar1,ts_gsr,11,PCB,8,1
ar1,ts_gsr,11,PCB,9,1
ar1,ts_gsr,11,PCB,10,1
ar1,ts_gsr,11,PCB,11,1
ar1,ts_gsr,11,PCB,12,1
ar1,ts_gsr,11,PCB,13,1
ar1,ts_gsr,11,PCB,14,1
ar1,ts_gsr,11,PCB,15,1
ar1,ts_gsr,11,PCB,16,1
ar1,ts_gsr,11,PCB,17,1
ar1,ts_gsr,11,PCB,18,1
ar1,ts_gsr,11,PCB,19,1
ar1,ts_gsr,11,PCB,21,1
ar1,ts_gsr,11,PCB,22,1
ar1,ts_gsr,11,PCB,23,1
ar1,ts_gsr,11,PCB,24,1
ar1,ts_gsr,11,PCB,25,1
ar1,ts_gsr,11,PCB,26,1
ar1,ts_gsr,11,PCB,27,1
ar1,ts_gsr,11,PCB,28,1
ar1,ts_gsr,11,PCB,29,1
ar1,ts_gsr,11,PCB,30,1
ar1,ts_gsr,11,PCB,31,1
ar1,ts_gsr,11,PCB,32,1
ar1,ts_gsr,11,PCB,33,1
ar1,ts_gsr,11,PCB,34,1
ar1,ts_gsr,11,PCB,35,1
ar1,ts_gsr,11,PCB,36,1
ar1,ts_gsr,11,PCB,37,1
ar1,ts_gsr,11,PCB,38,1
ar1,ts_gsr,11,PCB,39,1
ar1,ts_gsr,11,PCB,40,1
ar1,ts_gsr,11,PCB,41,1
ar1,ts_gsr,11,PCB,42,1
ar1,ts_gsr,11,PCB,43,1
ar1,ts_gsr,11,PCB,44,1
ar1,ts_gsr,11,PCB,45,1
ar1,ts_gsr,11,PCB,46,1
ar1,ts_gsr,11,PCB,47,1
ar1,ts_gsr,11,PCB,48,1
ar1,ts_gsr,11,PCB,49,1
ar1,ts_gsr,11,PCB,50,1
ar1,ts_gsr,11,PCB,51,1
ar1,ts_gsr,11,PCB,52,1
ar1,ts_gsr,11,PCB,53,1
ar1,ts_gsr,11,PCB,54,1
ar1,ts_gsr,11,PCB,55,1
ar1,ts_gsr,11,PCB,56,1
ar1,ts_gsr,11,PCB,57,1
ar1,ts_gsr,11,PCB,58,1
ar1,ts_gsr,11,PCB,59,1
ar1,ts_gsr,11,PCB,60,1
ar1,ts_gsr,11,PCB,61,1
ar1,ts_gsr,11,PCB,62,1
ar1,ts_gsr,11,PCB,63,1
ar1,ts_gsr,11,PCB,64,1
ar1,ts_gsr,11,PCB,65,1
ar1,ts_gsr,11,PCB,66,1
ar1,ts_gsr,11,PCB,67,1
ar1,ts_gsr,11,PCB,68,1
ar1,ts_gsr,11,PCB,69,1
ar1,ts_gsr,11,PCB,70,1
ar1,ts_gsr,11,PCB,71,1
ar1,ts_gsr,11,PCB,72,1
ar1,ts_gsr,11,PCB,73,1
ar1,ts_gsr,11,PCB,74,1
ar1,ts_gsr,11,PCB,75,1
ar1,ts_gsr,11,PCB,76,1
ar1,ts_gsr,11,PCB,77,1
ar1,ts_gsr,11,PCB,78,1
ar1,ts_gsr,11,PCB,79,1
ar1,ts_gsr,11,PCB,80,1
ar1,ts_gsr,11,PCB,81,1
ar1,ts_gsr,11,PCB,82,1
ar1,ts_gsr,11,PCB,83,1
ar1,ts_gsr,11,PCB,84,1
ar1,ts_gsr,11,PCB,85,1
ar1,ts_gsr,11,PCB,86,1
ar1,ts_gsr,11,PCB,87,1
ar1,ts_gsr,11,PCB,88,1
ar1,ts_gsr,11,PCB,89,1
ar1,ts_gsr,11,PCB,90,1
ar1,ts_gsr,11,PCB,91,1
ar1,ts_gsr,11,PCB,92,1
ar1,ts_gsr,11,PCB,93,1
ar1,ts_gsr,11,PCB,94,1
ar1,ts_gsr,11,PCB,95,1
ar1,ts_gsr,11,PCB,96,1
ar1,ts_gsr,11,PCB,97,1
ar1,ts_gsr,11,PCB,98,1
ar1,ts_gsr,11,PCB,99,1
ar1,ts_gsr,11,PCB,100,1
ar1,ts_gsr,11,PCB,101,1
ar1,ts_gsr,11,PCB,102,1
ar1,ts_gsr,11,PCB,103,1
ar1,ts_gsr,11,PCB,104,1
ar1,ts_gsr,11,PCB,105,1
ar1,ts_gsr,11,PCB,106,1
ar1,ts_gsr,11,PCB,107,1
ar1,ts_gsr,11,PCB,108,1
ar1,ts_gsr,11,PCB,109,1
ar1,ts_gsr,11,PCB,110,1
ar1,ts_gsr,11,PCB,111,1
ar1,ts_gsr,11,PCB,112,1
ar1,ts_gsr,11,PCB,113,1
ar1,ts_gsr,11,PCB,114,1
ar1,ts_gsr,11,PCB,115,1
ar1,ts_gsr,12,DMT,0,1
ar1,ts_gsr,12,DMT,1,1
ar1,ts_gsr,12,DMT,2,1
ar1,ts_gsr,12,DMT,3,1
ar1,ts_gsr,12,DMT,4,1
ar1,ts_gsr,12,DMT,5,1
ar1,ts_gsr,12,DMT,6,1
ar1,ts_gsr,12,DMT,7,1
ar1,ts_gsr,12,DMT,8,1
ar1,ts_gsr,12,DMT,9,1
ar1,ts_gsr,12,DMT,10,1
ar1,ts_gsr,12,DMT,11,1
ar1,ts_gsr,12,DMT,12,1
ar1,ts_gsr,12,DMT,13,1
ar1,ts_gsr,12,DMT,14,1
ar1,ts_gsr,12,DMT,15,1
ar1,ts_gsr,12,DMT,16,1
ar1,ts_gsr,12,DMT,17,1
ar1,ts_gsr,12,DMT,18,1
ar1,ts_gsr,12,DMT,19,1
ar1,ts_gsr,12,DMT,21,1
ar1,ts_gsr,12,DMT,22,1
ar1,ts_gsr,12,DMT,23,1
ar1,ts_gsr,12,DMT,24,1
ar1,ts_gsr,12,DMT,25,1
ar1,ts_gsr,12,DMT,26,1
ar1,ts_gsr,12,DMT,27,1
ar1,ts_gsr,12,DMT,28,1
ar1,ts_gsr,12,DMT,29,1
ar1,ts_gsr,12,DMT,30,1
ar1,ts_gsr,12,DMT,31,1
ar1,ts_gsr,12,DMT,32,1
ar1,ts_gsr,12,DMT,33,1
ar1,ts_gsr,12,DMT,34,1
ar1,ts_gsr,12,DMT,35,1
ar1,ts_gsr,12,DMT,36,1
ar1,ts_gsr,12,DMT,37,1
ar1,ts_gsr,12,DMT,38,1
ar1,ts_gsr,12,DMT,39,1
ar1,ts_gsr,12,DMT,40,1
ar1,ts_gsr,12,DMT,41,1
ar1,ts_gsr,12,DMT,42,1
ar1,ts_gsr,12,DMT,43,1
ar1,ts_gsr,12,DMT,44,1
ar1,ts_gsr,12,DMT,45,1
ar1,ts_gsr,12,DMT,46,1
ar1,ts_gsr,12,DMT,47,1
ar1,ts_gsr,12,DMT,48,1
ar1,ts_gsr,12,DMT,49,1
ar1,ts_gsr,12,DMT,50,1
ar1,ts_gsr,12,DMT,51,1
ar1,ts_gsr,12,DMT,52,1
ar1,ts_gsr,12,DMT,53,1
ar1,ts_gsr,12,DMT,54,1
ar1,ts_gsr,12,DMT,55,1
ar1,ts_gsr,12,DMT,56,1
ar1,ts_gsr,12,DMT,57,1
ar1,ts_gsr,12,DMT,58,1
ar1,ts_gsr,12,DMT,59,1
ar1,ts_gsr,12,DMT,60,1
ar1,ts_gsr,12,DMT,61,1
ar1,ts_gsr,12,DMT,62,1
ar1,ts_gsr,12,DMT,63,1
ar1,ts_gsr,12,DMT,64,1
ar1,ts_gsr,12,DMT,65,1
ar1,ts_gsr,12,DMT,66,1
ar1,ts_gsr,12,DMT,67,1
ar1,ts_gsr,12,DMT,68,1
ar1,ts_gsr,12,DMT,69,1
ar1,ts_gsr,12,DMT,70,1
ar1,ts_gsr,12,DMT,71,1
ar1,ts_gsr,12,DMT,72,1
ar1,ts_gsr,12,DMT,73,1
ar1,ts_gsr,12,DMT,74,1
ar1,ts_gsr,12,DMT,75,1
ar1,ts_gsr,12,DMT,76,1
ar1,ts_gsr,12,DMT,77,1
ar1,ts_gsr,12,DMT,78,1
ar1,ts_gsr,12,DMT,79,1
ar1,ts_gsr,12,DMT,80,1
ar1,ts_gsr,12,DMT,81,1
ar1,ts_gsr,12,DMT,82,1
ar1,ts_gsr,12,DMT,83,1
ar1,ts_gsr,12,DMT,84,1
ar1,ts_gsr,12,DMT,85,1
ar1,ts_gsr,12,DMT,86,1
ar1,ts_gsr,12,DMT,87,1
ar1,ts_gsr,12,DMT,88,1
ar1,ts_gsr,12,DMT,89,1
ar1,ts_gsr,12,DMT,90,1
ar1,ts_gsr,12,DMT,91,1
ar1,ts_gsr,12,DMT,92,1
ar1,ts_gsr,12,DMT,93,1
ar1,ts_gsr,12,DMT,94,1
ar1,ts_gsr,12,DMT,95,1
ar1,ts_gsr,12,DMT,96,1
ar1,ts_gsr,12,DMT,97,1
ar1,ts_gsr,12,DMT,98,1
ar1,ts_gsr,12,DMT,99,1
ar1,ts_gsr,12,DMT,100,1
ar1,ts_gsr,12,DMT,101,1
ar1,ts_gsr,12,DMT,102,1
ar1,ts_gsr,12,DMT,103,1
ar1,ts_gsr,12,DMT,104,1
ar1,ts_gsr,12,DMT,105,1
ar1,ts_gsr,12,DMT,106,1
ar1,ts_gsr,12,DMT,107,1
ar1,ts_gsr,12,DMT,108,1
ar1,ts_gsr,12,DMT,109,1
ar1,ts_gsr,12,DMT,110,1
ar1,ts_gsr,12,DMT,111,1
ar1,ts_gsr,12,DMT,112,1
ar1,ts_gsr,12,DMT,113,1
ar1,ts_gsr,12,DMT,114,1
ar1,ts_gsr,12,DMT,115,1
ar1,ts_gsr,12,PCB,0,1
ar1,ts_gsr,12,PCB,1,1
ar1,ts_gsr,12,PCB,2,1
ar1,ts_gsr,12,PCB,3,1
ar1,ts_gsr,12,PCB,4,1
ar1,ts_gsr,12,PCB,5,1
ar1,ts_gsr,12,PCB,6,1
ar1,ts_gsr,12,PCB,7,1
ar1,ts_gsr,12,PCB,8,1
ar1,ts_gsr,12,PCB,9,1
ar1,ts_gsr,12,PCB,10,1
ar1,ts_gsr,12,PCB,11,1
ar1,ts_gsr,12,PCB,12,1
ar1,ts_gsr,12,PCB,13,1
ar1,ts_gsr,12,PCB,14,1
ar1,ts_gsr,12,PCB,15,1
ar1,ts_gsr,12,PCB,16,1
ar1,ts_gsr,12,PCB,17,1
ar1,ts_gsr,12,PCB,18,1
ar1,ts_gsr,12,PCB,19,1
ar1,ts_gsr,12,PCB,21,1
ar1,ts_gsr,12,PCB,22,1
ar1,ts_gsr,12,PCB,23,1
ar1,ts_gsr,12,PCB,24,1
ar1,ts_gsr,12,PCB,25,1
ar1,ts_gsr,12,PCB,26,1
ar1,ts_gsr,12,PCB,27,1
ar1,ts_gsr,12,PCB,28,1
ar1,ts_gsr,12,PCB,29,1
ar1,ts_gsr,12,PCB,30,1
ar1,ts_gsr,12,PCB,31,1
ar1,ts_gsr,12,PCB,32,1
ar1,ts_gsr,12,PCB,33,1
ar1,ts_gsr,12,PCB,34,1
ar1,ts_gsr,12,PCB,35,1
ar1,ts_gsr,12,PCB,36,1
ar1,ts_gsr,12,PCB,37,1
ar1,ts_gsr,12,PCB,38,1
ar1,ts_gsr,12,PCB,39,1
ar1,ts_gsr,12,PCB,40,1
ar1,ts_gsr,12,PCB,41,1
ar1,ts_gsr,12,PCB,42,1
ar1,ts_gsr,12,PCB,43,1
ar1,ts_gsr,12,PCB,44,1
ar1,ts_gsr,12,PCB,45,1
ar1,ts_gsr,12,PCB,46,1
ar1,ts_gsr,12,PCB,47,1
ar1,ts_gsr,12,PCB,48,1
ar1,ts_gsr,12,PCB,49,1
ar1,ts_gsr,12,PCB,50,1
ar1,ts_gsr,12,PCB,51,1
ar1,ts_gsr,12,PCB,52,1
ar1,ts_gsr,12,PCB,53,1
ar1,ts_gsr,12,PCB,54,1
ar1,ts_gsr,12,PCB,55,1
ar1,ts_gsr,12,PCB,56,1
ar1,ts_gsr,12,PCB,57,1
ar1,ts_gsr,12,PCB,58,1
ar1,ts_gsr,12,PCB,59,1
ar1,ts_gsr,12,PCB,60,1
ar1,ts_gsr,12,PCB,61,1
ar1,ts_gsr,12,PCB,62,1
ar1,ts_gsr,12,PCB,63,1
ar1,ts_gsr,12,PCB,64,1
ar1,ts_gsr,12,PCB,65,1
ar1,ts_gsr,12,PCB,66,1
ar1,ts_gsr,12,PCB,67,1
ar1,ts_gsr,12,PCB,68,1
ar1,ts_gsr,12,PCB,69,1
ar1,ts_gsr,12,PCB,70,1
ar1,ts_gsr,12,PCB,71,1
ar1,ts_gsr,12,PCB,72,1
ar1,ts_gsr,12,PCB,73,1
ar1,ts_gsr,12,PCB,74,1
ar1,ts_gsr,12,PCB,75,1
ar1,ts_gsr,12,PCB,76,1
ar1,ts_gsr,12,PCB,77,1
ar1,ts_gsr,12,PCB,78,1
ar1,ts_gsr,12,PCB,79,1
ar1,ts_gsr,12,PCB,80,1
ar1,ts_gsr,12,PCB,81,1
ar1,ts_gsr,12,PCB,82,1
ar1,ts_gsr,12,PCB,83,1
ar1,ts_gsr,12,PCB,84,1
ar1,ts_gsr,12,PCB,85,1
ar1,ts_gsr,12,PCB,86,1
ar1,ts_gsr,12,PCB,87,1
ar1,ts_gsr,12,PCB,88,1
ar1,ts_gsr,12,PCB,89,1
ar1,ts_gsr,12,PCB,90,1
ar1,ts_gsr,12,PCB,91,1
ar1,ts_gsr,12,PCB,92,1
ar1,ts_gsr,12,PCB,93,1
ar1,ts_gsr,12,PCB,94,1
ar1,ts_gsr,12,PCB,95,1
ar1,ts_gsr,12,PCB,96,1
ar1,ts_gsr,12,PCB,97,1
ar1,ts_gsr,12,PCB,98,1
ar1,ts_gsr,12,PCB,99,1
ar1,ts_gsr,12,PCB,100,1
ar1,ts_gsr,12,PCB,101,1
ar1,ts_gsr,12,PCB,102,1
ar1,ts_gsr,12,PCB,103,1
ar1,ts_gsr,12,PCB,104,1
ar1,ts_gsr,12,PCB,105,1
ar1,ts_gsr,12,PCB,106,1
ar1,ts_gsr,12,PCB,107,1
ar1,ts_gsr,12,PCB,108,1
ar1,ts_gsr,12,PCB,109,1
ar1,ts_gsr,12,PCB,110,1
ar1,ts_gsr,12,PCB,111,1
ar1,ts_gsr,12,PCB,112,1
ar1,ts_gsr,12,PCB,113,1
ar1,ts_gsr,12,PCB,114,1
ar1,ts_gsr,12,PCB,115,1
ar1,ts_gsr,13,DMT,0,1
ar1,ts_gsr,13,DMT,1,1
ar1,ts_gsr,13,DMT,2,1
ar1,ts_gsr,13,DMT,3,1
ar1,ts_gsr,13,DMT,4,1
ar1,ts_gsr,13,DMT,5,1
ar1,ts_gsr,13,DMT,6,1
ar1,ts_gsr,13,DMT,7,1
ar1,ts_gsr,13,DMT,8,1
ar1,ts_gsr,13,DMT,9,1
ar1,ts_gsr,13,DMT,10,1
ar1,ts_gsr,13,DMT,11,1
ar1,ts_gsr,13,DMT,12,1
ar1,ts_gsr,13,DMT,13,1
ar1,ts_gsr,13,DMT,14,1
ar1,ts_gsr,13,DMT,15,1
ar1,ts_gsr,13,DMT,16,1
ar1,ts_gsr,13,DMT,17,1
ar1,ts_gsr,13,DMT,18,1
ar1,ts_gsr,13,DMT,19,1
ar1,ts_gsr,13,DMT,21,1
ar1,ts_gsr,13,DMT,22,1
ar1,ts_gsr,13,DMT,23,1
ar1,ts_gsr,13,DMT,24,1
ar1,ts_gsr,13,DMT,25,1
ar1,ts_gsr,13,DMT,26,1
ar1,ts_gsr,13,DMT,27,1
ar1,ts_gsr,13,DMT,28,1
ar1,ts_gsr,13,DMT,29,1
ar1,ts_gsr,13,DMT,30,1
ar1,ts_gsr,13,DMT,31,1
ar1,ts_gsr,13,DMT,32,1
ar1,ts_gsr,13,DMT,33,1
ar1,ts_gsr,13,DMT,34,1
ar1,ts_gsr,13,DMT,35,1
ar1,ts_gsr,13,DMT,36,1
ar1,ts_gsr,13,DMT,37,1
ar1,ts_gsr,13,DMT,38,1
ar1,ts_gsr,13,DMT,39,1
ar1,ts_gsr,13,DMT,40,1
ar1,ts_gsr,13,DMT,41,1
ar1,ts_gsr,13,DMT,42,1
ar1,ts_gsr,13,DMT,43,1
ar1,ts_gsr,13,DMT,44,1
ar1,ts_gsr,13,DMT,45,1
ar1,ts_gsr,13,DMT,46,1
ar1,ts_gsr,13,DMT,47,1
ar1,ts_gsr,13,DMT,48,1
ar1,ts_gsr,13,DMT,49,1
ar1,ts_gsr,13,DMT,50,1
ar1,ts_gsr,13,DMT,51,1
ar1,ts_gsr,13,DMT,52,1
ar1,ts_gsr,13,DMT,53,1
ar1,ts_gsr,13,DMT,54,1
ar1,ts_gsr,13,DMT,55,1
ar1,ts_gsr,13,DMT,56,1
ar1,ts_gsr,13,DMT,57,1
ar1,ts_gsr,13,DMT,58,1
ar1,ts_gsr,13,DMT,59,1
ar1,ts_gsr,13,DMT,60,1
ar1,ts_gsr,13,DMT,61,1
ar1,ts_gsr,13,DMT,62,1
ar1,ts_gsr,13,DMT,63,1
ar1,ts_gsr,13,DMT,64,1
ar1,ts_gsr,13,DMT,65,1
ar1,ts_gsr,13,DMT,66,1
ar1,ts_gsr,13,DMT,67,1
ar1,ts_gsr,13,DMT,68,1
ar1,ts_gsr,13,DMT,69,1
ar1,ts_gsr,13,DMT,70,1
ar1,ts_gsr,13,DMT,71,1
ar1,ts_gsr,13,DMT,72,1
ar1,ts_gsr,13,DMT,73,1
ar1,ts_gsr,13,DMT,74,1
ar1,ts_gsr,13,DMT,75,1
ar1,ts_gsr,13,DMT,76,1
ar1,ts_gsr,13,DMT,77,1
ar1,ts_gsr,13,DMT,78,1
ar1,ts_gsr,13,DMT,79,1
ar1,ts_gsr,13,DMT,80,1
ar1,ts_gsr,13,DMT,81,1
ar1,ts_gsr,13,DMT,82,1
ar1,ts_gsr,13,DMT,83,1
ar1,ts_gsr,13,DMT,84,1
ar1,ts_gsr,13,DMT,85,1
ar1,ts_gsr,13,DMT,86,1
ar1,ts_gsr,13,DMT,87,1
ar1,ts_gsr,13,DMT,88,1
ar1,ts_gsr,13,DMT,89,1
ar1,ts_gsr,13,DMT,90,1
ar1,ts_gsr,13,DMT,91,1
ar1,ts_gsr,13,DMT,92,1
ar1,ts_gsr,13,DMT,93,1
ar1,ts_gsr,13,DMT,94,1
ar1,ts_gsr,13,DMT,95,1
ar1,ts_gsr,13,DMT,96,1
ar1,ts_gsr,13,DMT,97,1
ar1,ts_gsr,13,DMT,98,1
ar1,ts_gsr,13,DMT,99,1
ar1,ts_gsr,13,DMT,100,1
ar1,ts_gsr,13,DMT,101,1
ar1,ts_gsr,13,DMT,102,1
ar1,ts_gsr,13,DMT,103,1
ar1,ts_gsr,13,DMT,104,1
ar1,ts_gsr,13,DMT,105,1
ar1,ts_gsr,13,DMT,106,1
ar1,ts_gsr,13,DMT,107,1
ar1,ts_gsr,13,DMT,108,1
ar1,ts_gsr,13,DMT,109,1
ar1,ts_gsr,13,DMT,110,1
ar1,ts_gsr,13,DMT,111,1
ar1,ts_gsr,13,DMT,112,1
ar1,ts_gsr,13,DMT,113,1
ar1,ts_gsr,13,DMT,114,1
ar1,ts_gsr,13,DMT,115,1
ar1,ts_gsr,13,PCB,0,1
ar1,ts_gsr,13,PCB,1,1
ar1,ts_gsr,13,PCB,2,1
ar1,ts_gsr,13,PCB,3,1
ar1,ts_gsr,13,PCB,4,1
ar1,ts_gsr,13,PCB,5,1
ar1,ts_gsr,13,PCB,6,1
ar1,ts_gsr,13,PCB,7,1
ar1,ts_gsr,13,PCB,8,1
ar1,ts_gsr,13,PCB,9,1
ar1,ts_gsr,13,PCB,10,1
ar1,ts_gsr,13,PCB,11,1
ar1,ts_gsr,13,PCB,12,1
ar1,ts_gsr,13,PCB,13,1
ar1,ts_gsr,13,PCB,14,1
ar1,ts_gsr,13,PCB,15,1
ar1,ts_gsr,13,PCB,16,1
ar1,ts_gsr,13,PCB,17,1
ar1,ts_gsr,13,PCB,18,1
ar1,ts_gsr,13,PCB,19,1
ar1,ts_gsr,13,PCB,21,1
ar1,ts_gsr,13,PCB,22,1
ar1,ts_gsr,13,PCB,23,1
ar1,ts_gsr,13,PCB,24,1
ar1,ts_gsr,13,PCB,25,1
ar1,ts_gsr,13,PCB,26,1
ar1,ts_gsr,13,PCB,27,1
ar1,ts_gsr,13,PCB,28,1
ar1,ts_gsr,13,PCB,29,1
ar1,ts_gsr,13,PCB,30,1
ar1,ts_gsr,13,PCB,31,1
ar1,ts_gsr,13,PCB,32,1
ar1,ts_gsr,13,PCB,33,1
ar1,ts_gsr,13,PCB,34,1
ar1,ts_gsr,13,PCB,35,1
ar1,ts_gsr,13,PCB,36,1
ar1,ts_gsr,13,PCB,37,1
ar1,ts_gsr,13,PCB,38,1
ar1,ts_gsr,13,PCB,39,1
ar1,ts_gsr,13,PCB,40,1
ar1,ts_gsr,13,PCB,41,1
ar1,ts_gsr,13,PCB,42,1
ar1,ts_gsr,13,PCB,43,1
ar1,ts_gsr,13,PCB,44,1
ar1,ts_gsr,13,PCB,45,1
ar1,ts_gsr,13,PCB,46,1
ar1,ts_gsr,13,PCB,47,1
ar1,ts_gsr,13,PCB,48,1
ar1,ts_gsr,13,PCB,49,1
ar1,ts_gsr,13,PCB,50,1
ar1,ts_gsr,13,PCB,51,1
ar1,ts_gsr,13,PCB,52,1
ar1,ts_gsr,13,PCB,53,1
ar1,ts_gsr,13,PCB,54,1
ar1,ts_gsr,13,PCB,55,1
ar1,ts_gsr,13,PCB,56,1
ar1,ts_gsr,13,PCB,57,1
ar1,ts_gsr,13,PCB,58,1
ar1,ts_gsr,13,PCB,59,1
ar1,ts_gsr,13,PCB,60,1
ar1,ts_gsr,13,PCB,61,1
ar1,ts_gsr,13,PCB,62,1
ar1,ts_gsr,13,PCB,63,1
ar1,ts_gsr,13,PCB,64,1
ar1,ts_gsr,13,PCB,65,1
ar1,ts_gsr,13,PCB,66,1
ar1,ts_gsr,13,PCB,67,1
ar1,ts_gsr,13,PCB,68,1
ar1,ts_gsr,13,PCB,69,1
ar1,ts_gsr,13,PCB,70,1
ar1,ts_gsr,13,PCB,71,1
ar1,ts_gsr,13,PCB,72,1
ar1,ts_gsr,13,PCB,73,1
ar1,ts_gsr,13,PCB,74,1
ar1,ts_gsr,13,PCB,75,1
ar1,ts_gsr,13,PCB,76,1
ar1,ts_gsr,13,PCB,77,1
ar1,ts_gsr,13,PCB,78,1
ar1,ts_gsr,13,PCB,79,1
ar1,ts_gsr,13,PCB,80,1
ar1,ts_gsr,13,PCB,81,1
ar1,ts_gsr,13,PCB,82,1
ar1,ts_gsr,13,PCB,83,1
ar1,ts_gsr,13,PCB,84,1
ar1,ts_gsr,13,PCB,85,1
ar1,ts_gsr,13,PCB,86,1
ar1,ts_gsr,13,PCB,87,1
ar1,ts_gsr,13,PCB,88,1
ar1,ts_gsr,13,PCB,89,1
ar1,ts_gsr,13,PCB,90,1
ar1,ts_gsr,13,PCB,91,1
ar1,ts_gsr,13,PCB,92,1
ar1,ts_gsr,13,PCB,93,1
ar1,ts_gsr,13,PCB,94,1
ar1,ts_gsr,13,PCB,95,1
ar1,ts_gsr,13,PCB,96,1
ar1,ts_gsr,13,PCB,97,1
ar1,ts_gsr,13,PCB,98,1
ar1,ts_gsr,13,PCB,99,1
ar1,ts_gsr,13,PCB,100,1
ar1,ts_gsr,13,PCB,101,1
ar1,ts_gsr,13,PCB,102,1
ar1,ts_gsr,13,PCB,103,1
ar1,ts_gsr,13,PCB,104,1
ar1,ts_gsr,13,PCB,105,1
ar1,ts_gsr,13,PCB,106,1
ar1,ts_gsr,13,PCB,107,1
ar1,ts_gsr,13,PCB,108,1
ar1,ts_gsr,13,PCB,109,1
ar1,ts_gsr,13,PCB,110,1
ar1,ts_gsr,13,PCB,111,1
ar1,ts_gsr,13,PCB,112,1
ar1,ts_gsr,13,PCB,113,1
ar1,ts_gsr,13,PCB,114,1
ar1,ts_gsr,13,PCB,115,1
ar1,ts_gsr,14,DMT,0,1
ar1,ts_gsr,14,DMT,1,1
ar1,ts_gsr,14,DMT,2,1
ar1,ts_gsr,14,DMT,3,1
ar1,ts_gsr,14,DMT,4,1
ar1,ts_gsr,14,DMT,5,1
ar1,ts_gsr,14,DMT,6,1
ar1,ts_gsr,14,DMT,7,1
ar1,ts_gsr,14,DMT,8,1
ar1,ts_gsr,14,DMT,9,1
ar1,ts_gsr,14,DMT,10,1
ar1,ts_gsr,14,DMT,11,1
ar1,ts_gsr,14,DMT,12,1
ar1,ts_gsr,14,DMT,13,1
ar1,ts_gsr,14,DMT,14,1
ar1,ts_gsr,14,DMT,15,1
ar1,ts_gsr,14,DMT,16,1
ar1,ts_gsr,14,DMT,17,1
ar1,ts_gsr,14,DMT,18,1
ar1,ts_gsr,14,DMT,19,1
ar1,ts_gsr,14,DMT,21,1
ar1,ts_gsr,14,DMT,22,1
ar1,ts_gsr,14,DMT,23,1
ar1,ts_gsr,14,DMT,24,1
ar1,ts_gsr,14,DMT,25,1
ar1,ts_gsr,14,DMT,26,1
ar1,ts_gsr,14,DMT,27,1
ar1,ts_gsr,14,DMT,28,1
ar1,ts_gsr,14,DMT,29,1
ar1,ts_gsr,14,DMT,30,1
ar1,ts_gsr,14,DMT,31,1
ar1,ts_gsr,14,DMT,32,1
ar1,ts_gsr,14,DMT,33,1
ar1,ts_gsr,14,DMT,34,1
ar1,ts_gsr,14,DMT,35,1
ar1,ts_gsr,14,DMT,36,1
ar1,ts_gsr,14,DMT,37,1
ar1,ts_gsr,14,DMT,38,1
ar1,ts_gsr,14,DMT,39,1
ar1,ts_gsr,14,DMT,40,1
ar1,ts_gsr,14,DMT,41,1
ar1,ts_gsr,14,DMT,42,1
ar1,ts_gsr,14,DMT,43,1
ar1,ts_gsr,14,DMT,44,1
ar1,ts_gsr,14,DMT,45,1
ar1,ts_gsr,14,DMT,46,1
ar1,ts_gsr,14,DMT,47,1
ar1,ts_gsr,14,DMT,48,1
ar1,ts_gsr,14,DMT,49,1
ar1,ts_gsr,14,DMT,50,1
ar1,ts_gsr,14,DMT,51,1
ar1,ts_gsr,14,DMT,52,1
ar1,ts_gsr,14,DMT,53,1
ar1,ts_gsr,14,DMT,54,1
ar1,ts_gsr,14,DMT,55,1
ar1,ts_gsr,14,DMT,56,1
ar1,ts_gsr,14,DMT,57,1
ar1,ts_gsr,14,DMT,58,1
ar1,ts_gsr,14,DMT,59,1
ar1,ts_gsr,14,DMT,60,1
ar1,ts_gsr,14,DMT,61,1
ar1,ts_gsr,14,DMT,62,1
ar1,ts_gsr,14,DMT,63,1
ar1,ts_gsr,14,DMT,64,1
ar1,ts_gsr,14,DMT,65,1
ar1,ts_gsr,14,DMT,66,1
ar1,ts_gsr,14,DMT,67,1
ar1,ts_gsr,14,DMT,68,1
ar1,ts_gsr,14,DMT,69,1
ar1,ts_gsr,14,DMT,70,1
ar1,ts_gsr,14,DMT,71,1
ar1,ts_gsr,14,DMT,72,1
ar1,ts_gsr,14,DMT,73,1
ar1,ts_gsr,14,DMT,74,1
ar1,ts_gsr,14,DMT,75,1
ar1,ts_gsr,14,DMT,76,1
ar1,ts_gsr,14,DMT,77,1
ar1,ts_gsr,14,DMT,78,1
ar1,ts_gsr,14,DMT,79,1
ar1,ts_gsr,14,DMT,80,1
ar1,ts_gsr,14,DMT,81,1
ar1,ts_gsr,14,DMT,82,1
ar1,ts_gsr,14,DMT,83,1
ar1,ts_gsr,14,DMT,84,1
ar1,ts_gsr,14,DMT,85,1
ar1,ts_gsr,14,DMT,86,1
ar1,ts_gsr,14,DMT,87,1
ar1,ts_gsr,14,DMT,88,1
ar1,ts_gsr,14,DMT,89,1
ar1,ts_gsr,14,DMT,90,1
ar1,ts_gsr,14,DMT,91,1
ar1,ts_gsr,14,DMT,92,1
ar1,ts_gsr,14,DMT,93,1
ar1,ts_gsr,14,DMT,94,1
ar1,ts_gsr,14,DMT,95,1
ar1,ts_gsr,14,DMT,96,1
ar1,ts_gsr,14,DMT,97,1
ar1,ts_gsr,14,DMT,98,1
ar1,ts_gsr,14,DMT,99,1
ar1,ts_gsr,14,DMT,100,1
ar1,ts_gsr,14,DMT,101,1
ar1,ts_gsr,14,DMT,102,1
ar1,ts_gsr,14,DMT,103,1
ar1,ts_gsr,14,DMT,104,1
ar1,ts_gsr,14,DMT,105,1
ar1,ts_gsr,14,DMT,106,1
ar1,ts_gsr,14,DMT,107,1
ar1,ts_gsr,14,DMT,108,1
ar1,ts_gsr,14,DMT,109,1
ar1,ts_gsr,14,DMT,110,1
ar1,ts_gsr,14,DMT,111,1
ar1,ts_gsr,14,DMT,112,1
ar1,ts_gsr,14,DMT,113,1
ar1,ts_gsr,14,DMT,114,1
ar1,ts_gsr,14,DMT,115,1
ar1,ts_gsr,14,PCB,0,1
ar1,ts_gsr,14,PCB,1,1
ar1,ts_gsr,14,PCB,2,1
ar1,ts_gsr,14,PCB,3,1
ar1,ts_gsr,14,PCB,4,1
ar1,ts_gsr,14,PCB,5,1
ar1,ts_gsr,14,PCB,6,1
ar1,ts_gsr,14,PCB,7,1
ar1,ts_gsr,14,PCB,8,1
ar1,ts_gsr,14,PCB,9,1
ar1,ts_gsr,14,PCB,10,1
ar1,ts_gsr,14,PCB,11,1
ar1,ts_gsr,14,PCB,12,1
ar1,ts_gsr,14,PCB,13,1
ar1,ts_gsr,14,PCB,14,1
ar1,ts_gsr,14,PCB,15,1
ar1,ts_gsr,14,PCB,16,1
ar1,ts_gsr,14,PCB,17,1
ar1,ts_gsr,14,PCB,18,1
ar1,ts_gsr,14,PCB,19,1
ar1,ts_gsr,14,PCB,21,1
ar1,ts_gsr,14,PCB,22,1
ar1,ts_gsr,14,PCB,23,1
ar1,ts_gsr,14,PCB,24,1
ar1,ts_gsr,14,PCB,25,1
ar1,ts_gsr,14,PCB,26,1
ar1,ts_gsr,14,PCB,27,1
ar1,ts_gsr,14,PCB,28,1
ar1,ts_gsr,14,PCB,29,1
ar1,ts_gsr,14,PCB,30,1
ar1,ts_gsr,14,PCB,31,1
ar1,ts_gsr,14,PCB,32,1
ar1,ts_gsr,14,PCB,33,1
ar1,ts_gsr,14,PCB,34,1
ar1,ts_gsr,14,PCB,35,1
ar1,ts_gsr,14,PCB,36,1
ar1,ts_gsr,14,PCB,37,1
ar1,ts_gsr,14,PCB,38,1
ar1,ts_gsr,14,PCB,39,1
ar1,ts_gsr,14,PCB,40,1
ar1,ts_gsr,14,PCB,41,1
ar1,ts_gsr,14,PCB,42,1
ar1,ts_gsr,14,PCB,43,1
ar1,ts_gsr,14,PCB,44,1
ar1,ts_gsr,14,PCB,45,1
ar1,ts_gsr,14,PCB,46,1
ar1,ts_gsr,14,PCB,47,1
ar1,ts_gsr,14,PCB,48,1
ar1,ts_gsr,14,PCB,49,1
ar1,ts_gsr,14,PCB,50,1
ar1,ts_gsr,14,PCB,51,1
ar1,ts_gsr,14,PCB,52,1
ar1,ts_gsr,14,PCB,53,1
ar1,ts_gsr,14,PCB,54,1
ar1,ts_gsr,14,PCB,55,1
ar1,ts_gsr,14,PCB,56,1
ar1,ts_gsr,14,PCB,57,1
ar1,ts_gsr,14,PCB,58,1
ar1,ts_gsr,14,PCB,59,1
ar1,ts_gsr,14,PCB,60,1
ar1,ts_gsr,14,PCB,61,1
ar1,ts_gsr,14,PCB,62,1
ar1,ts_gsr,14,PCB,63,1
ar1,ts_gsr,14,PCB,64,1
ar1,ts_gsr,14,PCB,65,1
ar1,ts_gsr,14,PCB,66,1
ar1,ts_gsr,14,PCB,67,1
ar1,ts_gsr,14,PCB,68,1
ar1,ts_gsr,14,PCB,69,1
ar1,ts_gsr,14,PCB,70,1
ar1,ts_gsr,14,PCB,71,1
ar1,ts_gsr,14,PCB,72,1
ar1,ts_gsr,14,PCB,73,1
ar1,ts_gsr,14,PCB,74,1
ar1,ts_gsr,14,PCB,75,1
ar1,ts_gsr,14,PCB,76,1
ar1,ts_gsr,14,PCB,77,1
ar1,ts_gsr,14,PCB,78,1
ar1,ts_gsr,14,PCB,79,1
ar1,ts_gsr,14,PCB,80,1
ar1,ts_gsr,14,PCB,81,1
ar1,ts_gsr,14,PCB,82,1
ar1,ts_gsr,14,PCB,83,1
ar1,ts_gsr,14,PCB,84,1
ar1,ts_gsr,14,PCB,85,1
ar1,ts_gsr,14,PCB,86,1
ar1,ts_gsr,14,PCB,87,1
ar1,ts_gsr,14,PCB,88,1
ar1,ts_gsr,14,PCB,89,1
ar1,ts_gsr,14,PCB,90,1
ar1,ts_gsr,14,PCB,91,1
ar1,ts_gsr,14,PCB,92,1
ar1,ts_gsr,14,PCB,93,1
ar1,ts_gsr,14,PCB,94,1
ar1,ts_gsr,14,PCB,95,1
ar1,ts_gsr,14,PCB,96,1
ar1,ts_gsr,14,PCB,97,1
ar1,ts_gsr,14,PCB,98,1
ar1,ts_gsr,14,PCB,99,1
ar1,ts_gsr,14,PCB,100,1
ar1,ts_gsr,14,PCB,101,1
ar1,ts_gsr,14,PCB,102,1
ar1,ts_gsr,14,PCB,103,1
ar1,ts_gsr,14,PCB,104,1
ar1,ts_gsr,14,PCB,105,1
ar1,ts_gsr,14,PCB,106,1
ar1,ts_gsr,14,PCB,107,1
ar1,ts_gsr,14,PCB,108,1
ar1,ts_gsr,14,PCB,109,1
ar1,ts_gsr,14,PCB,110,1
ar1,ts_gsr,14,PCB,111,1
ar1,ts_gsr,14,PCB,112,1
ar1,ts_gsr,14,PCB,113,1
ar1,ts_gsr,14,PCB,114,1
ar1,ts_gsr,14,PCB,115,1
ar1,ts_demean,1,DMT,0,1
ar1,ts_demean,1,DMT,1,1
ar1,ts_demean,1,DMT,2,1
ar1,ts_demean,1,DMT,3,1
ar1,ts_demean,1,DMT,4,1
ar1,ts_demean,1,DMT,5,1
ar1,ts_demean,1,DMT,6,1
ar1,ts_demean,1,DMT,7,1
ar1,ts_demean,1,DMT,8,1
ar1,ts_demean,1,DMT,9,1
ar1,ts_demean,1,DMT,10,1
ar1,ts_demean,1,DMT,11,1
ar1,ts_demean,1,DMT,12,1
ar1,ts_demean,1,DMT,13,1
ar1,ts_demean,1,DMT,14,1
ar1,ts_demean,1,DMT,15,1
ar1,ts_demean,1,DMT,16,1
ar1,ts_demean,1,DMT,17,1
ar1,ts_demean,1,DMT,18,1
ar1,ts_demean,1,DMT,19,1
ar1,ts_demean,1,DMT,21,1
ar1,ts_demean,1,DMT,22,1
ar1,ts_demean,1,DMT,23,1
ar1,ts_demean,1,DMT,24,1
ar1,ts_demean,1,DMT,25,1
ar1,ts_demean,1,DMT,26,1
ar1,ts_demean,1,DMT,27,1
ar1,ts_demean,1,DMT,28,1
ar1,ts_demean,1,DMT,29,1
ar1,ts_demean,1,DMT,30,1
ar1,ts_demean,1,DMT,31,1
ar1,ts_demean,1,DMT,32,1
ar1,ts_demean,1,DMT,33,1
ar1,ts_demean,1,DMT,34,1
ar1,ts_demean,1,DMT,35,1
ar1,ts_demean,1,DMT,36,1
ar1,ts_demean,1,DMT,37,1
ar1,ts_demean,1,DMT,38,1
ar1,ts_demean,1,DMT,39,1
ar1,ts_demean,1,DMT,40,1
ar1,ts_demean,1,DMT,41,1
ar1,ts_demean,1,DMT,42,1
ar1,ts_demean,1,DMT,43,1
ar1,ts_demean,1,DMT,44,1
ar1,ts_demean,1,DMT,45,1
ar1,ts_demean,1,DMT,46,1
ar1,ts_demean,1,DMT,47,1
ar1,ts_demean,1,DMT,48,1
ar1,ts_demean,1,DMT,49,1
ar1,ts_demean,1,DMT,50,1
ar1,ts_demean,1,DMT,51,1
ar1,ts_demean,1,DMT,52,1
ar1,ts_demean,1,DMT,53,1
ar1,ts_demean,1,DMT,54,1
ar1,ts_demean,1,DMT,55,1
ar1,ts_demean,1,DMT,56,1
ar1,ts_demean,1,DMT,57,1
ar1,ts_demean,1,DMT,58,1
ar1,ts_demean,1,DMT,59,1
ar1,ts_demean,1,DMT,60,1
ar1,ts_demean,1,DMT,61,1
ar1,ts_demean,1,DMT,62,1
ar1,ts_demean,1,DMT,63,1
ar1,ts_demean,1,DMT,64,1
ar1,ts_demean,1,DMT,65,1
ar1,ts_demean,1,DMT,66,1
ar1,ts_demean,1,DMT,67,1
ar1,ts_demean,1,DMT,68,1
ar1,ts_demean,1,DMT,69,1
ar1,ts_demean,1,DMT,70,1
ar1,ts_demean,1,DMT,71,1
ar1,ts_demean,1,DMT,72,1
ar1,ts_demean,1,DMT,73,1
ar1,ts_demean,1,DMT,74,1
ar1,ts_demean,1,DMT,75,1
ar1,ts_demean,1,DMT,76,1
ar1,ts_demean,1,DMT,77,1
ar1,ts_demean,1,DMT,78,1
ar1,ts_demean,1,DMT,79,1
ar1,ts_demean,1,DMT,80,1
ar1,ts_demean,1,DMT,81,1
ar1,ts_demean,1,DMT,82,1
ar1,ts_demean,1,DMT,83,1
ar1,ts_demean,1,DMT,84,1
ar1,ts_demean,1,DMT,85,1
ar1,ts_demean,1,DMT,86,1
ar1,ts_demean,1,DMT,87,1
ar1,ts_demean,1,DMT,88,1
ar1,ts_demean,1,DMT,89,1
ar1,ts_demean,1,DMT,90,1
ar1,ts_demean,1,DMT,91,1
ar1,ts_demean,1,DMT,92,1
ar1,ts_demean,1,DMT,93,1
ar1,ts_demean,1,DMT,94,1
ar1,ts_demean,1,DMT,95,1
ar1,ts_demean,1,DMT,96,1
ar1,ts_demean,1,DMT,97,1
ar1,ts_demean,1,DMT,98,1
ar1,ts_demean,1,DMT,99,1
ar1,ts_demean,1,DMT,100,1
ar1,ts_demean,1,DMT,101,1
ar1,ts_demean,1,DMT,102,1
ar1,ts_demean,1,DMT,103,1
ar1,ts_demean,1,DMT,104,1
ar1,ts_demean,1,DMT,105,1
ar1,ts_demean,1,DMT,106,1
ar1,ts_demean,1,DMT,107,1
ar1,ts_demean,1,DMT,108,1
ar1,ts_demean,1,DMT,109,1
ar1,ts_demean,1,DMT,110,1
ar1,ts_demean,1,DMT,111,1
ar1,ts_demean,1,DMT,112,1
ar1,ts_demean,1,DMT,113,1
ar1,ts_demean,1,DMT,114,1
ar1,ts_demean,1,DMT,115,1
ar1,ts_demean,1,PCB,0,1
ar1,ts_demean,1,PCB,1,1
ar1,ts_demean,1,PCB,2,1
ar1,ts_demean,1,PCB,3,1
ar1,ts_demean,1,PCB,4,1
ar1,ts_demean,1,PCB,5,1
ar1,ts_demean,1,PCB,6,1
ar1,ts_demean,1,PCB,7,1
ar1,ts_demean,1,PCB,8,1
ar1,ts_demean,1,PCB,9,1
ar1,ts_demean,1,PCB,10,1
ar1,ts_demean,1,PCB,11,1
ar1,ts_demean,1,PCB,12,1
ar1,ts_demean,1,PCB,13,1
ar1,ts_demean,1,PCB,14,1
ar1,ts_demean,1,PCB,15,1
ar1,ts_demean,1,PCB,16,1
ar1,ts_demean,1,PCB,17,1
ar1,ts_demean,1,PCB,18,1
ar1,ts_demean,1,PCB,19,1
ar1,ts_demean,1,PCB,21,1
ar1,ts_demean,1,PCB,22,1
ar1,ts_demean,1,PCB,23,1
ar1,ts_demean,1,PCB,24,1
ar1,ts_demean,1,PCB,25,1
ar1,ts_demean,1,PCB,26,1
ar1,ts_demean,1,PCB,27,1
ar1,ts_demean,1,PCB,28,1
ar1,ts_demean,1,PCB,29,1
ar1,ts_demean,1,PCB,30,1
ar1,ts_demean,1,PCB,31,1
ar1,ts_demean,1,PCB,32,1
ar1,ts_demean,1,PCB,33,1
ar1,ts_demean,1,PCB,34,1
ar1,ts_demean,1,PCB,35,1
ar1,ts_demean,1,PCB,36,1
ar1,ts_demean,1,PCB,37,1
ar1,ts_demean,1,PCB,38,1
ar1,ts_demean,1,PCB,39,1
ar1,ts_demean,1,PCB,40,1
ar1,ts_demean,1,PCB,41,1
ar1,ts_demean,1,PCB,42,1
ar1,ts_demean,1,PCB,43,1
ar1,ts_demean,1,PCB,44,1
ar1,ts_demean,1,PCB,45,1
ar1,ts_demean,1,PCB,46,1
ar1,ts_demean,1,PCB,47,1
ar1,ts_demean,1,PCB,48,1
ar1,ts_demean,1,PCB,49,1
ar1,ts_demean,1,PCB,50,1
ar1,ts_demean,1,PCB,51,1
ar1,ts_demean,1,PCB,52,1
ar1,ts_demean,1,PCB,53,1
ar1,ts_demean,1,PCB,54,1
ar1,ts_demean,1,PCB,55,1
ar1,ts_demean,1,PCB,56,1
ar1,ts_demean,1,PCB,57,1
ar1,ts_demean,1,PCB,58,1
ar1,ts_demean,1,PCB,59,1
ar1,ts_demean,1,PCB,60,1
ar1,ts_demean,1,PCB,61,1
ar1,ts_demean,1,PCB,62,1
ar1,ts_demean,1,PCB,63,1
ar1,ts_demean,1,PCB,64,1
ar1,ts_demean,1,PCB,65,1
ar1,ts_demean,1,PCB,66,1
ar1,ts_demean,1,PCB,67,1
ar1,ts_demean,1,PCB,68,1
ar1,ts_demean,1,PCB,69,1
ar1,ts_demean,1,PCB,70,1
ar1,ts_demean,1,PCB,71,1
ar1,ts_demean,1,PCB,72,1
ar1,ts_demean,1,PCB,73,1
ar1,ts_demean,1,PCB,74,1
ar1,ts_demean,1,PCB,75,1
ar1,ts_demean,1,PCB,76,1
ar1,ts_demean,1,PCB,77,1
ar1,ts_demean,1,PCB,78,1
ar1,ts_demean,1,PCB,79,1
ar1,ts_demean,1,PCB,80,1
ar1,ts_demean,1,PCB,81,1
ar1,ts_demean,1,PCB,82,1
ar1,ts_demean,1,PCB,83,1
ar1,ts_demean,1,PCB,84,1
ar1,ts_demean,1,PCB,85,1
ar1,ts_demean,1,PCB,86,1
ar1,ts_demean,1,PCB,87,1
ar1,ts_demean,1,PCB,88,1
ar1,ts_demean,1,PCB,89,1
ar1,ts_demean,1,PCB,90,1
ar1,ts_demean,1,PCB,91,1
ar1,ts_demean,1,PCB,92,1
ar1,ts_demean,1,PCB,93,1
ar1,ts_demean,1,PCB,94,1
ar1,ts_demean,1,PCB,95,1
ar1,ts_demean,1,PCB,96,1
ar1,ts_demean,1,PCB,97,1
ar1,ts_demean,1,PCB,98,1
ar1,ts_demean,1,PCB,99,1
ar1,ts_demean,1,PCB,100,1
ar1,ts_demean,1,PCB,101,1
ar1,ts_demean,1,PCB,102,1
ar1,ts_demean,1,PCB,103,1
ar1,ts_demean,1,PCB,104,1
ar1,ts_demean,1,PCB,105,1
ar1,ts_demean,1,PCB,106,1
ar1,ts_demean,1,PCB,107,1
ar1,ts_demean,1,PCB,108,1
ar1,ts_demean,1,PCB,109,1
ar1,ts_demean,1,PCB,110,1
ar1,ts_demean,1,PCB,111,1
ar1,ts_demean,1,PCB,112,1
ar1,ts_demean,1,PCB,113,1
ar1,ts_demean,1,PCB,114,1
ar1,ts_demean,1,PCB,115,1
ar1,ts_demean,2,DMT,0,1
ar1,ts_demean,2,DMT,1,1
ar1,ts_demean,2,DMT,2,1
ar1,ts_demean,2,DMT,3,1
ar1,ts_demean,2,DMT,4,1
ar1,ts_demean,2,DMT,5,1
ar1,ts_demean,2,DMT,6,1
ar1,ts_demean,2,DMT,7,1
ar1,ts_demean,2,DMT,8,1
ar1,ts_demean,2,DMT,9,1
ar1,ts_demean,2,DMT,10,1
ar1,ts_demean,2,DMT,11,1
ar1,ts_demean,2,DMT,12,1
ar1,ts_demean,2,DMT,13,1
ar1,ts_demean,2,DMT,14,1
ar1,ts_demean,2,DMT,15,1
ar1,ts_demean,2,DMT,16,1
ar1,ts_demean,2,DMT,17,1
ar1,ts_demean,2,DMT,18,1
ar1,ts_demean,2,DMT,19,1
ar1,ts_demean,2,DMT,21,1
ar1,ts_demean,2,DMT,22,1
ar1,ts_demean,2,DMT,23,1
ar1,ts_demean,2,DMT,24,1
ar1,ts_demean,2,DMT,25,1
ar1,ts_demean,2,DMT,26,1
ar1,ts_demean,2,DMT,27,1
ar1,ts_demean,2,DMT,28,1
ar1,ts_demean,2,DMT,29,1
ar1,ts_demean,2,DMT,30,1
ar1,ts_demean,2,DMT,31,1
ar1,ts_demean,2,DMT,32,1
ar1,ts_demean,2,DMT,33,1
ar1,ts_demean,2,DMT,34,1
ar1,ts_demean,2,DMT,35,1
ar1,ts_demean,2,DMT,36,1
ar1,ts_demean,2,DMT,37,1
ar1,ts_demean,2,DMT,38,1
ar1,ts_demean,2,DMT,39,1
ar1,ts_demean,2,DMT,40,1
ar1,ts_demean,2,DMT,41,1
ar1,ts_demean,2,DMT,42,1
ar1,ts_demean,2,DMT,43,1
ar1,ts_demean,2,DMT,44,1
ar1,ts_demean,2,DMT,45,1
ar1,ts_demean,2,DMT,46,1
ar1,ts_demean,2,DMT,47,1
ar1,ts_demean,2,DMT,48,1
ar1,ts_demean,2,DMT,49,1
ar1,ts_demean,2,DMT,50,1
ar1,ts_demean,2,DMT,51,1
ar1,ts_demean,2,DMT,52,1
ar1,ts_demean,2,DMT,53,1
ar1,ts_demean,2,DMT,54,1
ar1,ts_demean,2,DMT,55,1
ar1,ts_demean,2,DMT,56,1
ar1,ts_demean,2,DMT,57,1
ar1,ts_demean,2,DMT,58,1
ar1,ts_demean,2,DMT,59,1
ar1,ts_demean,2,DMT,60,1
ar1,ts_demean,2,DMT,61,1
ar1,ts_demean,2,DMT,62,1
ar1,ts_demean,2,DMT,63,1
ar1,ts_demean,2,DMT,64,1
ar1,ts_demean,2,DMT,65,1
ar1,ts_demean,2,DMT,66,1
ar1,ts_demean,2,DMT,67,1
ar1,ts_demean,2,DMT,68,1
ar1,ts_demean,2,DMT,69,1
ar1,ts_demean,2,DMT,70,1
ar1,ts_demean,2,DMT,71,1
ar1,ts_demean,2,DMT,72,1
ar1,ts_demean,2,DMT,73,1
ar1,ts_demean,2,DMT,74,1
ar1,ts_demean,2,DMT,75,1
ar1,ts_demean,2,DMT,76,1
ar1,ts_demean,2,DMT,77,1
ar1,ts_demean,2,DMT,78,1
ar1,ts_demean,2,DMT,79,1
ar1,ts_demean,2,DMT,80,1
ar1,ts_demean,2,DMT,81,1
ar1,ts_demean,2,DMT,82,1
ar1,ts_demean,2,DMT,83,1
ar1,ts_demean,2,DMT,84,1
ar1,ts_demean,2,DMT,85,1
ar1,ts_demean,2,DMT,86,1
ar1,ts_demean,2,DMT,87,1
ar1,ts_demean,2,DMT,88,1
ar1,ts_demean,2,DMT,89,1
ar1,ts_demean,2,DMT,90,1
ar1,ts_demean,2,DMT,91,1
ar1,ts_demean,2,DMT,92,1
ar1,ts_demean,2,DMT,93,1
ar1,ts_demean,2,DMT,94,1
ar1,ts_demean,2,DMT,95,1
ar1,ts_demean,2,DMT,96,1
ar1,ts_demean,2,DMT,97,1
ar1,ts_demean,2,DMT,98,1
ar1,ts_demean,2,DMT,99,1
ar1,ts_demean,2,DMT,100,1
ar1,ts_demean,2,DMT,101,1
ar1,ts_demean,2,DMT,102,1
ar1,ts_demean,2,DMT,103,1
ar1,ts_demean,2,DMT,104,1
ar1,ts_demean,2,DMT,105,1
ar1,ts_demean,2,DMT,106,1
ar1,ts_demean,2,DMT,107,1
ar1,ts_demean,2,DMT,108,1
ar1,ts_demean,2,DMT,109,1
ar1,ts_demean,2,DMT,110,1
ar1,ts_demean,2,DMT,111,1
ar1,ts_demean,2,DMT,112,1
ar1,ts_demean,2,DMT,113,1
ar1,ts_demean,2,DMT,114,1
ar1,ts_demean,2,DMT,115,1
ar1,ts_demean,2,PCB,0,1
ar1,ts_demean,2,PCB,1,1
ar1,ts_demean,2,PCB,2,1
ar1,ts_demean,2,PCB,3,1
ar1,ts_demean,2,PCB,4,1
ar1,ts_demean,2,PCB,5,1
ar1,ts_demean,2,PCB,6,1
ar1,ts_demean,2,PCB,7,1
ar1,ts_demean,2,PCB,8,1
ar1,ts_demean,2,PCB,9,1
ar1,ts_demean,2,PCB,10,1
ar1,ts_demean,2,PCB,11,1
ar1,ts_demean,2,PCB,12,1
ar1,ts_demean,2,PCB,13,1
ar1,ts_demean,2,PCB,14,1
ar1,ts_demean,2,PCB,15,1
ar1,ts_demean,2,PCB,16,1
ar1,ts_demean,2,PCB,17,1
ar1,ts_demean,2,PCB,18,1
ar1,ts_demean,2,PCB,19,1
ar1,ts_demean,2,PCB,21,1
ar1,ts_demean,2,PCB,22,1
ar1,ts_demean,2,PCB,23,1
ar1,ts_demean,2,PCB,24,1
ar1,ts_demean,2,PCB,25,1
ar1,ts_demean,2,PCB,26,1
ar1,ts_demean,2,PCB,27,1
ar1,ts_demean,2,PCB,28,1
ar1,ts_demean,2,PCB,29,1
ar1,ts_demean,2,PCB,30,1
ar1,ts_demean,2,PCB,31,1
ar1,ts_demean,2,PCB,32,1
ar1,ts_demean,2,PCB,33,1
ar1,ts_demean,2,PCB,34,1
ar1,ts_demean,2,PCB,35,1
ar1,ts_demean,2,PCB,36,1
ar1,ts_demean,2,PCB,37,1
ar1,ts_demean,2,PCB,38,1
ar1,ts_demean,2,PCB,39,1
ar1,ts_demean,2,PCB,40,1
ar1,ts_demean,2,PCB,41,1
ar1,ts_demean,2,PCB,42,1
ar1,ts_demean,2,PCB,43,1
ar1,ts_demean,2,PCB,44,1
ar1,ts_demean,2,PCB,45,1
ar1,ts_demean,2,PCB,46,1
ar1,ts_demean,2,PCB,47,1
ar1,ts_demean,2,PCB,48,1
ar1,ts_demean,2,PCB,49,1
ar1,ts_demean,2,PCB,50,1
ar1,ts_demean,2,PCB,51,1
ar1,ts_demean,2,PCB,52,1
ar1,ts_demean,2,PCB,53,1
ar1,ts_demean,2,PCB,54,1
ar1,ts_demean,2,PCB,55,1
ar1,ts_demean,2,PCB,56,1
ar1,ts_demean,2,PCB,57,1
ar1,ts_demean,2,PCB,58,1
ar1,ts_demean,2,PCB,59,1
ar1,ts_demean,2,PCB,60,1
ar1,ts_demean,2,PCB,61,1
ar1,ts_demean,2,PCB,62,1
ar1,ts_demean,2,PCB,63,1
ar1,ts_demean,2,PCB,64,1
ar1,ts_demean,2,PCB,65,1
ar1,ts_demean,2,PCB,66,1
ar1,ts_demean,2,PCB,67,1
ar1,ts_demean,2,PCB,68,1
ar1,ts_demean,2,PCB,69,1
ar1,ts_demean,2,PCB,70,1
ar1,ts_demean,2,PCB,71,1
ar1,ts_demean,2,PCB,72,1
ar1,ts_demean,2,PCB,73,1
ar1,ts_demean,2,PCB,74,1
ar1,ts_demean,2,PCB,75,1
ar1,ts_demean,2,PCB,76,1
ar1,ts_demean,2,PCB,77,1
ar1,ts_demean,2,PCB,78,1
ar1,ts_demean,2,PCB,79,1
ar1,ts_demean,2,PCB,80,1
ar1,ts_demean,2,PCB,81,1
ar1,ts_demean,2,PCB,82,1
ar1,ts_demean,2,PCB,83,1
ar1,ts_demean,2,PCB,84,1
ar1,ts_demean,2,PCB,85,1
ar1,ts_demean,2,PCB,86,1
ar1,ts_demean,2,PCB,87,1
ar1,ts_demean,2,PCB,88,1
ar1,ts_demean,2,PCB,89,1
ar1,ts_demean,2,PCB,90,1
ar1,ts_demean,2,PCB,91,1
ar1,ts_demean,2,PCB,92,1
ar1,ts_demean,2,PCB,93,1
ar1,ts_demean,2,PCB,94,1
ar1,ts_demean,2,PCB,95,1
ar1,ts_demean,2,PCB,96,1
ar1,ts_demean,2,PCB,97,1
ar1,ts_demean,2,PCB,98,1
ar1,ts_demean,2,PCB,99,1
ar1,ts_demean,2,PCB,100,1
ar1,ts_demean,2,PCB,101,1
ar1,ts_demean,2,PCB,102,1
ar1,ts_demean,2,PCB,103,1
ar1,ts_demean,2,PCB,104,1
ar1,ts_demean,2,PCB,105,1
ar1,ts_demean,2,PCB,106,1
ar1,ts_demean,2,PCB,107,1
ar1,ts_demean,2,PCB,108,1
ar1,ts_demean,2,PCB,109,1
ar1,ts_demean,2,PCB,110,1
ar1,ts_demean,2,PCB,111,1
ar1,ts_demean,2,PCB,112,1
ar1,ts_demean,2,PCB,113,1
ar1,ts_demean,2,PCB,114,1
ar1,ts_demean,2,PCB,115,1
ar1,ts_demean,3,DMT,0,1
ar1,ts_demean,3,DMT,1,1
ar1,ts_demean,3,DMT,2,1
ar1,ts_demean,3,DMT,3,1
ar1,ts_demean,3,DMT,4,1
ar1,ts_demean,3,DMT,5,1
ar1,ts_demean,3,DMT,6,1
ar1,ts_demean,3,DMT,7,1
ar1,ts_demean,3,DMT,8,1
ar1,ts_demean,3,DMT,9,1
ar1,ts_demean,3,DMT,10,1
ar1,ts_demean,3,DMT,11,1
ar1,ts_demean,3,DMT,12,1
ar1,ts_demean,3,DMT,13,1
ar1,ts_demean,3,DMT,14,1
ar1,ts_demean,3,DMT,15,1
ar1,ts_demean,3,DMT,16,1
ar1,ts_demean,3,DMT,17,1
ar1,ts_demean,3,DMT,18,1
ar1,ts_demean,3,DMT,19,1
ar1,ts_demean,3,DMT,21,1
ar1,ts_demean,3,DMT,22,1
ar1,ts_demean,3,DMT,23,1
ar1,ts_demean,3,DMT,24,1
ar1,ts_demean,3,DMT,25,1
ar1,ts_demean,3,DMT,26,1
ar1,ts_demean,3,DMT,27,1
ar1,ts_demean,3,DMT,28,1
ar1,ts_demean,3,DMT,29,1
ar1,ts_demean,3,DMT,30,1
ar1,ts_demean,3,DMT,31,1
ar1,ts_demean,3,DMT,32,1
ar1,ts_demean,3,DMT,33,1
ar1,ts_demean,3,DMT,34,1
ar1,ts_demean,3,DMT,35,1
ar1,ts_demean,3,DMT,36,1
ar1,ts_demean,3,DMT,37,1
ar1,ts_demean,3,DMT,38,1
ar1,ts_demean,3,DMT,39,1
ar1,ts_demean,3,DMT,40,1
ar1,ts_demean,3,DMT,41,1
ar1,ts_demean,3,DMT,42,1
ar1,ts_demean,3,DMT,43,1
ar1,ts_demean,3,DMT,44,1
ar1,ts_demean,3,DMT,45,1
ar1,ts_demean,3,DMT,46,1
ar1,ts_demean,3,DMT,47,1
ar1,ts_demean,3,DMT,48,1
ar1,ts_demean,3,DMT,49,1
ar1,ts_demean,3,DMT,50,1
ar1,ts_demean,3,DMT,51,1
ar1,ts_demean,3,DMT,52,1
ar1,ts_demean,3,DMT,53,1
ar1,ts_demean,3,DMT,54,1
ar1,ts_demean,3,DMT,55,1
ar1,ts_demean,3,DMT,56,1
ar1,ts_demean,3,DMT,57,1
ar1,ts_demean,3,DMT,58,1
ar1,ts_demean,3,DMT,59,1
ar1,ts_demean,3,DMT,60,1
ar1,ts_demean,3,DMT,61,1
ar1,ts_demean,3,DMT,62,1
ar1,ts_demean,3,DMT,63,1
ar1,ts_demean,3,DMT,64,1
ar1,ts_demean,3,DMT,65,1
ar1,ts_demean,3,DMT,66,1
ar1,ts_demean,3,DMT,67,1
ar1,ts_demean,3,DMT,68,1
ar1,ts_demean,3,DMT,69,1
ar1,ts_demean,3,DMT,70,1
ar1,ts_demean,3,DMT,71,1
ar1,ts_demean,3,DMT,72,1
ar1,ts_demean,3,DMT,73,1
ar1,ts_demean,3,DMT,74,1
ar1,ts_demean,3,DMT,75,1
ar1,ts_demean,3,DMT,76,1
ar1,ts_demean,3,DMT,77,1
ar1,ts_demean,3,DMT,78,1
ar1,ts_demean,3,DMT,79,1
ar1,ts_demean,3,DMT,80,1
ar1,ts_demean,3,DMT,81,1
ar1,ts_demean,3,DMT,82,1
ar1,ts_demean,3,DMT,83,1
ar1,ts_demean,3,DMT,84,1
ar1,ts_demean,3,DMT,85,1
ar1,ts_demean,3,DMT,86,1
ar1,ts_demean,3,DMT,87,1
ar1,ts_demean,3,DMT,88,1
ar1,ts_demean,3,DMT,89,1
ar1,ts_demean,3,DMT,90,1
ar1,ts_demean,3,DMT,91,1
ar1,ts_demean,3,DMT,92,1
ar1,ts_demean,3,DMT,93,1
ar1,ts_demean,3,DMT,94,1
ar1,ts_demean,3,DMT,95,1
ar1,ts_demean,3,DMT,96,1
ar1,ts_demean,3,DMT,97,1
ar1,ts_demean,3,DMT,98,1
ar1,ts_demean,3,DMT,99,1
ar1,ts_demean,3,DMT,100,1
ar1,ts_demean,3,DMT,101,1
ar1,ts_demean,3,DMT,102,1
ar1,ts_demean,3,DMT,103,1
ar1,ts_demean,3,DMT,104,1
ar1,ts_demean,3,DMT,105,1
ar1,ts_demean,3,DMT,106,1
ar1,ts_demean,3,DMT,107,1
ar1,ts_demean,3,DMT,108,1
ar1,ts_demean,3,DMT,109,1
ar1,ts_demean,3,DMT,110,1
ar1,ts_demean,3,DMT,111,1
ar1,ts_demean,3,DMT,112,1
ar1,ts_demean,3,DMT,113,1
ar1,ts_demean,3,DMT,114,1
ar1,ts_demean,3,DMT,115,1
ar1,ts_demean,3,PCB,0,1
ar1,ts_demean,3,PCB,1,1
ar1,ts_demean,3,PCB,2,1
ar1,ts_demean,3,PCB,3,1
ar1,ts_demean,3,PCB,4,1
ar1,ts_demean,3,PCB,5,1
ar1,ts_demean,3,PCB,6,1
ar1,ts_demean,3,PCB,7,1
ar1,ts_demean,3,PCB,8,1
ar1,ts_demean,3,PCB,9,1
ar1,ts_demean,3,PCB,10,1
ar1,ts_demean,3,PCB,11,1
ar1,ts_demean,3,PCB,12,1
ar1,ts_demean,3,PCB,13,1
ar1,ts_demean,3,PCB,14,1
ar1,ts_demean,3,PCB,15,1
ar1,ts_demean,3,PCB,16,1
ar1,ts_demean,3,PCB,17,1
ar1,ts_demean,3,PCB,18,1
ar1,ts_demean,3,PCB,19,1
ar1,ts_demean,3,PCB,21,1
ar1,ts_demean,3,PCB,22,1
ar1,ts_demean,3,PCB,23,1
ar1,ts_demean,3,PCB,24,1
ar1,ts_demean,3,PCB,25,1
ar1,ts_demean,3,PCB,26,1
ar1,ts_demean,3,PCB,27,1
ar1,ts_demean,3,PCB,28,1
ar1,ts_demean,3,PCB,29,1
ar1,ts_demean,3,PCB,30,1
ar1,ts_demean,3,PCB,31,1
ar1,ts_demean,3,PCB,32,1
ar1,ts_demean,3,PCB,33,1
ar1,ts_demean,3,PCB,34,1
ar1,ts_demean,3,PCB,35,1
ar1,ts_demean,3,PCB,36,1
ar1,ts_demean,3,PCB,37,1
ar1,ts_demean,3,PCB,38,1
ar1,ts_demean,3,PCB,39,1
ar1,ts_demean,3,PCB,40,1
ar1,ts_demean,3,PCB,41,1
ar1,ts_demean,3,PCB,42,1
ar1,ts_demean,3,PCB,43,1
ar1,ts_demean,3,PCB,44,1
ar1,ts_demean,3,PCB,45,1
ar1,ts_demean,3,PCB,46,1
ar1,ts_demean,3,PCB,47,1
ar1,ts_demean,3,PCB,48,1
ar1,ts_demean,3,PCB,49,1
ar1,ts_demean,3,PCB,50,1
ar1,ts_demean,3,PCB,51,1
ar1,ts_demean,3,PCB,52,1
ar1,ts_demean,3,PCB,53,1
ar1,ts_demean,3,PCB,54,1
ar1,ts_demean,3,PCB,55,1
ar1,ts_demean,3,PCB,56,1
ar1,ts_demean,3,PCB,57,1
ar1,ts_demean,3,PCB,58,1
ar1,ts_demean,3,PCB,59,1
ar1,ts_demean,3,PCB,60,1
ar1,ts_demean,3,PCB,61,1
ar1,ts_demean,3,PCB,62,1
ar1,ts_demean,3,PCB,63,1
ar1,ts_demean,3,PCB,64,1
ar1,ts_demean,3,PCB,65,1
ar1,ts_demean,3,PCB,66,1
ar1,ts_demean,3,PCB,67,1
ar1,ts_demean,3,PCB,68,1
ar1,ts_demean,3,PCB,69,1
ar1,ts_demean,3,PCB,70,1
ar1,ts_demean,3,PCB,71,1
ar1,ts_demean,3,PCB,72,1
ar1,ts_demean,3,PCB,73,1
ar1,ts_demean,3,PCB,74,1
ar1,ts_demean,3,PCB,75,1
ar1,ts_demean,3,PCB,76,1
ar1,ts_demean,3,PCB,77,1
ar1,ts_demean,3,PCB,78,1
ar1,ts_demean,3,PCB,79,1
ar1,ts_demean,3,PCB,80,1
ar1,ts_demean,3,PCB,81,1
ar1,ts_demean,3,PCB,82,1
ar1,ts_demean,3,PCB,83,1
ar1,ts_demean,3,PCB,84,1
ar1,ts_demean,3,PCB,85,1
ar1,ts_demean,3,PCB,86,1
ar1,ts_demean,3,PCB,87,1
ar1,ts_demean,3,PCB,88,1
ar1,ts_demean,3,PCB,89,1
ar1,ts_demean,3,PCB,90,1
ar1,ts_demean,3,PCB,91,1
ar1,ts_demean,3,PCB,92,1
ar1,ts_demean,3,PCB,93,1
ar1,ts_demean,3,PCB,94,1
ar1,ts_demean,3,PCB,95,1
ar1,ts_demean,3,PCB,96,1
ar1,ts_demean,3,PCB,97,1
ar1,ts_demean,3,PCB,98,1
ar1,ts_demean,3,PCB,99,1
ar1,ts_demean,3,PCB,100,1
ar1,ts_demean,3,PCB,101,1
ar1,ts_demean,3,PCB,102,1
ar1,ts_demean,3,PCB,103,1
ar1,ts_demean,3,PCB,104,1
ar1,ts_demean,3,PCB,105,1
ar1,ts_demean,3,PCB,106,1
ar1,ts_demean,3,PCB,107,1
ar1,ts_demean,3,PCB,108,1
ar1,ts_demean,3,PCB,109,1
ar1,ts_demean,3,PCB,110,1
ar1,ts_demean,3,PCB,111,1
ar1,ts_demean,3,PCB,112,1
ar1,ts_demean,3,PCB,113,1
ar1,ts_demean,3,PCB,114,1
ar1,ts_demean,3,PCB,115,1
ar1,ts_demean,4,DMT,0,1
ar1,ts_demean,4,DMT,1,1
ar1,ts_demean,4,DMT,2,1
ar1,ts_demean,4,DMT,3,1
ar1,ts_demean,4,DMT,4,1
ar1,ts_demean,4,DMT,5,1
ar1,ts_demean,4,DMT,6,1
ar1,ts_demean,4,DMT,7,1
ar1,ts_demean,4,DMT,8,1
ar1,ts_demean,4,DMT,9,1
ar1,ts_demean,4,DMT,10,1
ar1,ts_demean,4,DMT,11,1
ar1,ts_demean,4,DMT,12,1
ar1,ts_demean,4,DMT,13,1
ar1,ts_demean,4,DMT,14,1
ar1,ts_demean,4,DMT,15,1
ar1,ts_demean,4,DMT,16,1
ar1,ts_demean,4,DMT,17,1
ar1,ts_demean,4,DMT,18,1
ar1,ts_demean,4,DMT,19,1
ar1,ts_demean,4,DMT,21,1
ar1,ts_demean,4,DMT,22,1
ar1,ts_demean,4,DMT,23,1
ar1,ts_demean,4,DMT,24,1
ar1,ts_demean,4,DMT,25,1
ar1,ts_demean,4,DMT,26,1
ar1,ts_demean,4,DMT,27,1
ar1,ts_demean,4,DMT,28,1
ar1,ts_demean,4,DMT,29,1
ar1,ts_demean,4,DMT,30,1
ar1,ts_demean,4,DMT,31,1
ar1,ts_demean,4,DMT,32,1
ar1,ts_demean,4,DMT,33,1
ar1,ts_demean,4,DMT,34,1
ar1,ts_demean,4,DMT,35,1
ar1,ts_demean,4,DMT,36,1
ar1,ts_demean,4,DMT,37,1
ar1,ts_demean,4,DMT,38,1
ar1,ts_demean,4,DMT,39,1
ar1,ts_demean,4,DMT,40,1
ar1,ts_demean,4,DMT,41,1
ar1,ts_demean,4,DMT,42,1
ar1,ts_demean,4,DMT,43,1
ar1,ts_demean,4,DMT,44,1
ar1,ts_demean,4,DMT,45,1
ar1,ts_demean,4,DMT,46,1
ar1,ts_demean,4,DMT,47,1
ar1,ts_demean,4,DMT,48,1
ar1,ts_demean,4,DMT,49,1
ar1,ts_demean,4,DMT,50,1
ar1,ts_demean,4,DMT,51,1
ar1,ts_demean,4,DMT,52,1
ar1,ts_demean,4,DMT,53,1
ar1,ts_demean,4,DMT,54,1
ar1,ts_demean,4,DMT,55,1
ar1,ts_demean,4,DMT,56,1
ar1,ts_demean,4,DMT,57,1
ar1,ts_demean,4,DMT,58,1
ar1,ts_demean,4,DMT,59,1
ar1,ts_demean,4,DMT,60,1
ar1,ts_demean,4,DMT,61,1
ar1,ts_demean,4,DMT,62,1
ar1,ts_demean,4,DMT,63,1
ar1,ts_demean,4,DMT,64,1
ar1,ts_demean,4,DMT,65,1
ar1,ts_demean,4,DMT,66,1
ar1,ts_demean,4,DMT,67,1
ar1,ts_demean,4,DMT,68,1
ar1,ts_demean,4,DMT,69,1
ar1,ts_demean,4,DMT,70,1
ar1,ts_demean,4,DMT,71,1
ar1,ts_demean,4,DMT,72,1
ar1,ts_demean,4,DMT,73,1
ar1,ts_demean,4,DMT,74,1
ar1,ts_demean,4,DMT,75,1
ar1,ts_demean,4,DMT,76,1
ar1,ts_demean,4,DMT,77,1
ar1,ts_demean,4,DMT,78,1
ar1,ts_demean,4,DMT,79,1
ar1,ts_demean,4,DMT,80,1
ar1,ts_demean,4,DMT,81,1
ar1,ts_demean,4,DMT,82,1
ar1,ts_demean,4,DMT,83,1
ar1,ts_demean,4,DMT,84,1
ar1,ts_demean,4,DMT,85,1
ar1,ts_demean,4,DMT,86,1
ar1,ts_demean,4,DMT,87,1
ar1,ts_demean,4,DMT,88,1
ar1,ts_demean,4,DMT,89,1
ar1,ts_demean,4,DMT,90,1
ar1,ts_demean,4,DMT,91,1
ar1,ts_demean,4,DMT,92,1
ar1,ts_demean,4,DMT,93,1
ar1,ts_demean,4,DMT,94,1
ar1,ts_demean,4,DMT,95,1
ar1,ts_demean,4,DMT,96,1
ar1,ts_demean,4,DMT,97,1
ar1,ts_demean,4,DMT,98,1
ar1,ts_demean,4,DMT,99,1
ar1,ts_demean,4,DMT,100,1
ar1,ts_demean,4,DMT,101,1
ar1,ts_demean,4,DMT,102,1
ar1,ts_demean,4,DMT,103,1
ar1,ts_demean,4,DMT,104,1
ar1,ts_demean,4,DMT,105,1
ar1,ts_demean,4,DMT,106,1
ar1,ts_demean,4,DMT,107,1
ar1,ts_demean,4,DMT,108,1
ar1,ts_demean,4,DMT,109,1
ar1,ts_demean,4,DMT,110,1
ar1,ts_demean,4,DMT,111,1
ar1,ts_demean,4,DMT,112,1
ar1,ts_demean,4,DMT,113,1
ar1,ts_demean,4,DMT,114,1
ar1,ts_demean,4,DMT,115,1
ar1,ts_demean,4,PCB,0,1
ar1,ts_demean,4,PCB,1,1
ar1,ts_demean,4,PCB,2,1
ar1,ts_demean,4,PCB,3,1
ar1,ts_demean,4,PCB,4,1
ar1,ts_demean,4,PCB,5,1
ar1,ts_demean,4,PCB,6,1
ar1,ts_demean,4,PCB,7,1
ar1,ts_demean,4,PCB,8,1
ar1,ts_demean,4,PCB,9,1
ar1,ts_demean,4,PCB,10,1
ar1,ts_demean,4,PCB,11,1
ar1,ts_demean,4,PCB,12,1
ar1,ts_demean,4,PCB,13,1
ar1,ts_demean,4,PCB,14,1
ar1,ts_demean,4,PCB,15,1
ar1,ts_demean,4,PCB,16,1
ar1,ts_demean,4,PCB,17,1
ar1,ts_demean,4,PCB,18,1
ar1,ts_demean,4,PCB,19,1
ar1,ts_demean,4,PCB,21,1
ar1,ts_demean,4,PCB,22,1
ar1,ts_demean,4,PCB,23,1
ar1,ts_demean,4,PCB,24,1
ar1,ts_demean,4,PCB,25,1
ar1,ts_demean,4,PCB,26,1
ar1,ts_demean,4,PCB,27,1
ar1,ts_demean,4,PCB,28,1
ar1,ts_demean,4,PCB,29,1
ar1,ts_demean,4,PCB,30,1
ar1,ts_demean,4,PCB,31,1
ar1,ts_demean,4,PCB,32,1
ar1,ts_demean,4,PCB,33,1
ar1,ts_demean,4,PCB,34,1
ar1,ts_demean,4,PCB,35,1
ar1,ts_demean,4,PCB,36,1
ar1,ts_demean,4,PCB,37,1
ar1,ts_demean,4,PCB,38,1
ar1,ts_demean,4,PCB,39,1
ar1,ts_demean,4,PCB,40,1
ar1,ts_demean,4,PCB,41,1
ar1,ts_demean,4,PCB,42,1
ar1,ts_demean,4,PCB,43,1
ar1,ts_demean,4,PCB,44,1
ar1,ts_demean,4,PCB,45,1
ar1,ts_demean,4,PCB,46,1
ar1,ts_demean,4,PCB,47,1
ar1,ts_demean,4,PCB,48,1
ar1,ts_demean,4,PCB,49,1
ar1,ts_demean,4,PCB,50,1
ar1,ts_demean,4,PCB,51,1
ar1,ts_demean,4,PCB,52,1
ar1,ts_demean,4,PCB,53,1
ar1,ts_demean,4,PCB,54,1
ar1,ts_demean,4,PCB,55,1
ar1,ts_demean,4,PCB,56,1
ar1,ts_demean,4,PCB,57,1
ar1,ts_demean,4,PCB,58,1
ar1,ts_demean,4,PCB,59,1
ar1,ts_demean,4,PCB,60,1
ar1,ts_demean,4,PCB,61,1
ar1,ts_demean,4,PCB,62,1
ar1,ts_demean,4,PCB,63,1
ar1,ts_demean,4,PCB,64,1
ar1,ts_demean,4,PCB,65,1
ar1,ts_demean,4,PCB,66,1
ar1,ts_demean,4,PCB,67,1
ar1,ts_demean,4,PCB,68,1
ar1,ts_demean,4,PCB,69,1
ar1,ts_demean,4,PCB,70,1
ar1,ts_demean,4,PCB,71,1
ar1,ts_demean,4,PCB,72,1
ar1,ts_demean,4,PCB,73,1
ar1,ts_demean,4,PCB,74,1
ar1,ts_demean,4,PCB,75,1
ar1,ts_demean,4,PCB,76,1
ar1,ts_demean,4,PCB,77,1
ar1,ts_demean,4,PCB,78,1
ar1,ts_demean,4,PCB,79,1
ar1,ts_demean,4,PCB,80,1
ar1,ts_demean,4,PCB,81,1
ar1,ts_demean,4,PCB,82,1
ar1,ts_demean,4,PCB,83,1
ar1,ts_demean,4,PCB,84,1
ar1,ts_demean,4,PCB,85,1
ar1,ts_demean,4,PCB,86,1
ar1,ts_demean,4,PCB,87,1
ar1,ts_demean,4,PCB,88,1
ar1,ts_demean,4,PCB,89,1
ar1,ts_demean,4,PCB,90,1
ar1,ts_demean,4,PCB,91,1
ar1,ts_demean,4,PCB,92,1
ar1,ts_demean,4,PCB,93,1
ar1,ts_demean,4,PCB,94,1
ar1,ts_demean,4,PCB,95,1
ar1,ts_demean,4,PCB,96,1
ar1,ts_demean,4,PCB,97,1
ar1,ts_demean,4,PCB,98,1
ar1,ts_demean,4,PCB,99,1
ar1,ts_demean,4,PCB,100,1
ar1,ts_demean,4,PCB,101,1
ar1,ts_demean,4,PCB,102,1
ar1,ts_demean,4,PCB,103,1
ar1,ts_demean,4,PCB,104,1
ar1,ts_demean,4,PCB,105,1
ar1,ts_demean,4,PCB,106,1
ar1,ts_demean,4,PCB,107,1
ar1,ts_demean,4,PCB,108,1
ar1,ts_demean,4,PCB,109,1
ar1,ts_demean,4,PCB,110,1
ar1,ts_demean,4,PCB,111,1
ar1,ts_demean,4,PCB,112,1
ar1,ts_demean,4,PCB,113,1
ar1,ts_demean,4,PCB,114,1
ar1,ts_demean,4,PCB,115,1
ar1,ts_demean,5,DMT,0,1
ar1,ts_demean,5,DMT,1,1
ar1,ts_demean,5,DMT,2,1
ar1,ts_demean,5,DMT,3,1
ar1,ts_demean,5,DMT,4,1
ar1,ts_demean,5,DMT,5,1
ar1,ts_demean,5,DMT,6,1
ar1,ts_demean,5,DMT,7,1
ar1,ts_demean,5,DMT,8,1
ar1,ts_demean,5,DMT,9,1
ar1,ts_demean,5,DMT,10,1
ar1,ts_demean,5,DMT,11,1
ar1,ts_demean,5,DMT,12,1
ar1,ts_demean,5,DMT,13,1
ar1,ts_demean,5,DMT,14,1
ar1,ts_demean,5,DMT,15,1
ar1,ts_demean,5,DMT,16,1
ar1,ts_demean,5,DMT,17,1
ar1,ts_demean,5,DMT,18,1
ar1,ts_demean,5,DMT,19,1
ar1,ts_demean,5,DMT,21,1
ar1,ts_demean,5,DMT,22,1
ar1,ts_demean,5,DMT,23,1
ar1,ts_demean,5,DMT,24,1
ar1,ts_demean,5,DMT,25,1
ar1,ts_demean,5,DMT,26,1
ar1,ts_demean,5,DMT,27,1
ar1,ts_demean,5,DMT,28,1
ar1,ts_demean,5,DMT,29,1
ar1,ts_demean,5,DMT,30,1
ar1,ts_demean,5,DMT,31,1
ar1,ts_demean,5,DMT,32,1
ar1,ts_demean,5,DMT,33,1
ar1,ts_demean,5,DMT,34,1
ar1,ts_demean,5,DMT,35,1
ar1,ts_demean,5,DMT,36,1
ar1,ts_demean,5,DMT,37,1
ar1,ts_demean,5,DMT,38,1
ar1,ts_demean,5,DMT,39,1
ar1,ts_demean,5,DMT,40,1
ar1,ts_demean,5,DMT,41,1
ar1,ts_demean,5,DMT,42,1
ar1,ts_demean,5,DMT,43,1
ar1,ts_demean,5,DMT,44,1
ar1,ts_demean,5,DMT,45,1
ar1,ts_demean,5,DMT,46,1
ar1,ts_demean,5,DMT,47,1
ar1,ts_demean,5,DMT,48,1
ar1,ts_demean,5,DMT,49,1
ar1,ts_demean,5,DMT,50,1
ar1,ts_demean,5,DMT,51,1
ar1,ts_demean,5,DMT,52,1
ar1,ts_demean,5,DMT,53,1
ar1,ts_demean,5,DMT,54,1
ar1,ts_demean,5,DMT,55,1
ar1,ts_demean,5,DMT,56,1
ar1,ts_demean,5,DMT,57,1
ar1,ts_demean,5,DMT,58,1
ar1,ts_demean,5,DMT,59,1
ar1,ts_demean,5,DMT,60,1
ar1,ts_demean,5,DMT,61,1
ar1,ts_demean,5,DMT,62,1
ar1,ts_demean,5,DMT,63,1
ar1,ts_demean,5,DMT,64,1
ar1,ts_demean,5,DMT,65,1
ar1,ts_demean,5,DMT,66,1
ar1,ts_demean,5,DMT,67,1
ar1,ts_demean,5,DMT,68,1
ar1,ts_demean,5,DMT,69,1
ar1,ts_demean,5,DMT,70,1
ar1,ts_demean,5,DMT,71,1
ar1,ts_demean,5,DMT,72,1
ar1,ts_demean,5,DMT,73,1
ar1,ts_demean,5,DMT,74,1
ar1,ts_demean,5,DMT,75,1
ar1,ts_demean,5,DMT,76,1
ar1,ts_demean,5,DMT,77,1
ar1,ts_demean,5,DMT,78,1
ar1,ts_demean,5,DMT,79,1
ar1,ts_demean,5,DMT,80,1
ar1,ts_demean,5,DMT,81,1
ar1,ts_demean,5,DMT,82,1
ar1,ts_demean,5,DMT,83,1
ar1,ts_demean,5,DMT,84,1
ar1,ts_demean,5,DMT,85,1
ar1,ts_demean,5,DMT,86,1
ar1,ts_demean,5,DMT,87,1
ar1,ts_demean,5,DMT,88,1
ar1,ts_demean,5,DMT,89,1
ar1,ts_demean,5,DMT,90,1
ar1,ts_demean,5,DMT,91,1
ar1,ts_demean,5,DMT,92,1
ar1,ts_demean,5,DMT,93,1
ar1,ts_demean,5,DMT,94,1
ar1,ts_demean,5,DMT,95,1
ar1,ts_demean,5,DMT,96,1
ar1,ts_demean,5,DMT,97,1
ar1,ts_demean,5,DMT,98,1
ar1,ts_demean,5,DMT,99,1
ar1,ts_demean,5,DMT,100,1
ar1,ts_demean,5,DMT,101,1
ar1,ts_demean,5,DMT,102,1
ar1,ts_demean,5,DMT,103,1
ar1,ts_demean,5,DMT,104,1
ar1,ts_demean,5,DMT,105,1
ar1,ts_demean,5,DMT,106,1
ar1,ts_demean,5,DMT,107,1
ar1,ts_demean,5,DMT,108,1
ar1,ts_demean,5,DMT,109,1
ar1,ts_demean,5,DMT,110,1
ar1,ts_demean,5,DMT,111,1
ar1,ts_demean,5,DMT,112,1
ar1,ts_demean,5,DMT,113,1
ar1,ts_demean,5,DMT,114,1
ar1,ts_demean,5,DMT,115,1
ar1,ts_demean,5,PCB,0,1
ar1,ts_demean,5,PCB,1,1
ar1,ts_demean,5,PCB,2,1
ar1,ts_demean,5,PCB,3,1
ar1,ts_demean,5,PCB,4,1
ar1,ts_demean,5,PCB,5,1
ar1,ts_demean,5,PCB,6,1
ar1,ts_demean,5,PCB,7,1
ar1,ts_demean,5,PCB,8,1
ar1,ts_demean,5,PCB,9,1
ar1,ts_demean,5,PCB,10,1
ar1,ts_demean,5,PCB,11,1
ar1,ts_demean,5,PCB,12,1
ar1,ts_demean,5,PCB,13,1
ar1,ts_demean,5,PCB,14,1
ar1,ts_demean,5,PCB,15,1
ar1,ts_demean,5,PCB,16,1
ar1,ts_demean,5,PCB,17,1
ar1,ts_demean,5,PCB,18,1
ar1,ts_demean,5,PCB,19,1
ar1,ts_demean,5,PCB,21,1
ar1,ts_demean,5,PCB,22,1
ar1,ts_demean,5,PCB,23,1
ar1,ts_demean,5,PCB,24,1
ar1,ts_demean,5,PCB,25,1
ar1,ts_demean,5,PCB,26,1
ar1,ts_demean,5,PCB,27,1
ar1,ts_demean,5,PCB,28,1
ar1,ts_demean,5,PCB,29,1
ar1,ts_demean,5,PCB,30,1
ar1,ts_demean,5,PCB,31,1
ar1,ts_demean,5,PCB,32,1
ar1,ts_demean,5,PCB,33,1
ar1,ts_demean,5,PCB,34,1
ar1,ts_demean,5,PCB,35,1
ar1,ts_demean,5,PCB,36,1
ar1,ts_demean,5,PCB,37,1
ar1,ts_demean,5,PCB,38,1
ar1,ts_demean,5,PCB,39,1
ar1,ts_demean,5,PCB,40,1
ar1,ts_demean,5,PCB,41,1
ar1,ts_demean,5,PCB,42,1
ar1,ts_demean,5,PCB,43,1
ar1,ts_demean,5,PCB,44,1
ar1,ts_demean,5,PCB,45,1
ar1,ts_demean,5,PCB,46,1
ar1,ts_demean,5,PCB,47,1
ar1,ts_demean,5,PCB,48,1
ar1,ts_demean,5,PCB,49,1
ar1,ts_demean,5,PCB,50,1
ar1,ts_demean,5,PCB,51,1
ar1,ts_demean,5,PCB,52,1
ar1,ts_demean,5,PCB,53,1
ar1,ts_demean,5,PCB,54,1
ar1,ts_demean,5,PCB,55,1
ar1,ts_demean,5,PCB,56,1
ar1,ts_demean,5,PCB,57,1
ar1,ts_demean,5,PCB,58,1
ar1,ts_demean,5,PCB,59,1
ar1,ts_demean,5,PCB,60,1
ar1,ts_demean,5,PCB,61,1
ar1,ts_demean,5,PCB,62,1
ar1,ts_demean,5,PCB,63,1
ar1,ts_demean,5,PCB,64,1
ar1,ts_demean,5,PCB,65,1
ar1,ts_demean,5,PCB,66,1
ar1,ts_demean,5,PCB,67,1
ar1,ts_demean,5,PCB,68,1
ar1,ts_demean,5,PCB,69,1
ar1,ts_demean,5,PCB,70,1
ar1,ts_demean,5,PCB,71,1
ar1,ts_demean,5,PCB,72,1
ar1,ts_demean,5,PCB,73,1
ar1,ts_demean,5,PCB,74,1
ar1,ts_demean,5,PCB,75,1
ar1,ts_demean,5,PCB,76,1
ar1,ts_demean,5,PCB,77,1
ar1,ts_demean,5,PCB,78,1
ar1,ts_demean,5,PCB,79,1
ar1,ts_demean,5,PCB,80,1
ar1,ts_demean,5,PCB,81,1
ar1,ts_demean,5,PCB,82,1
ar1,ts_demean,5,PCB,83,1
ar1,ts_demean,5,PCB,84,1
ar1,ts_demean,5,PCB,85,1
ar1,ts_demean,5,PCB,86,1
ar1,ts_demean,5,PCB,87,1
ar1,ts_demean,5,PCB,88,1
ar1,ts_demean,5,PCB,89,1
ar1,ts_demean,5,PCB,90,1
ar1,ts_demean,5,PCB,91,1
ar1,ts_demean,5,PCB,92,1
ar1,ts_demean,5,PCB,93,1
ar1,ts_demean,5,PCB,94,1
ar1,ts_demean,5,PCB,95,1
ar1,ts_demean,5,PCB,96,1
ar1,ts_demean,5,PCB,97,1
ar1,ts_demean,5,PCB,98,1
ar1,ts_demean,5,PCB,99,1
ar1,ts_demean,5,PCB,100,1
ar1,ts_demean,5,PCB,101,1
ar1,ts_demean,5,PCB,102,1
ar1,ts_demean,5,PCB,103,1
ar1,ts_demean,5,PCB,104,1
ar1,ts_demean,5,PCB,105,1
ar1,ts_demean,5,PCB,106,1
ar1,ts_demean,5,PCB,107,1
ar1,ts_demean,5,PCB,108,1
ar1,ts_demean,5,PCB,109,1
ar1,ts_demean,5,PCB,110,1
ar1,ts_demean,5,PCB,111,1
ar1,ts_demean,5,PCB,112,1
ar1,ts_demean,5,PCB,113,1
ar1,ts_demean,5,PCB,114,1
ar1,ts_demean,5,PCB,115,1
ar1,ts_demean,6,DMT,0,1
ar1,ts_demean,6,DMT,1,1
ar1,ts_demean,6,DMT,2,1
ar1,ts_demean,6,DMT,3,1
ar1,ts_demean,6,DMT,4,1
ar1,ts_demean,6,DMT,5,1
ar1,ts_demean,6,DMT,6,1
ar1,ts_demean,6,DMT,7,1
ar1,ts_demean,6,DMT,8,1
ar1,ts_demean,6,DMT,9,1
ar1,ts_demean,6,DMT,10,1
ar1,ts_demean,6,DMT,11,1
ar1,ts_demean,6,DMT,12,1
ar1,ts_demean,6,DMT,13,1
ar1,ts_demean,6,DMT,14,1
ar1,ts_demean,6,DMT,15,1
ar1,ts_demean,6,DMT,16,1
ar1,ts_demean,6,DMT,17,1
ar1,ts_demean,6,DMT,18,1
ar1,ts_demean,6,DMT,19,1
ar1,ts_demean,6,DMT,21,1
ar1,ts_demean,6,DMT,22,1
ar1,ts_demean,6,DMT,23,1
ar1,ts_demean,6,DMT,24,1
ar1,ts_demean,6,DMT,25,1
ar1,ts_demean,6,DMT,26,1
ar1,ts_demean,6,DMT,27,1
ar1,ts_demean,6,DMT,28,1
ar1,ts_demean,6,DMT,29,1
ar1,ts_demean,6,DMT,30,1
ar1,ts_demean,6,DMT,31,1
ar1,ts_demean,6,DMT,32,1
ar1,ts_demean,6,DMT,33,1
ar1,ts_demean,6,DMT,34,1
ar1,ts_demean,6,DMT,35,1
ar1,ts_demean,6,DMT,36,1
ar1,ts_demean,6,DMT,37,1
ar1,ts_demean,6,DMT,38,1
ar1,ts_demean,6,DMT,39,1
ar1,ts_demean,6,DMT,40,1
ar1,ts_demean,6,DMT,41,1
ar1,ts_demean,6,DMT,42,1
ar1,ts_demean,6,DMT,43,1
ar1,ts_demean,6,DMT,44,1
ar1,ts_demean,6,DMT,45,1
ar1,ts_demean,6,DMT,46,1
ar1,ts_demean,6,DMT,47,1
ar1,ts_demean,6,DMT,48,1
ar1,ts_demean,6,DMT,49,1
ar1,ts_demean,6,DMT,50,1
ar1,ts_demean,6,DMT,51,1
ar1,ts_demean,6,DMT,52,1
ar1,ts_demean,6,DMT,53,1
ar1,ts_demean,6,DMT,54,1
ar1,ts_demean,6,DMT,55,1
ar1,ts_demean,6,DMT,56,1
ar1,ts_demean,6,DMT,57,1
ar1,ts_demean,6,DMT,58,1
ar1,ts_demean,6,DMT,59,1
ar1,ts_demean,6,DMT,60,1
ar1,ts_demean,6,DMT,61,1
ar1,ts_demean,6,DMT,62,1
ar1,ts_demean,6,DMT,63,1
ar1,ts_demean,6,DMT,64,1
ar1,ts_demean,6,DMT,65,1
ar1,ts_demean,6,DMT,66,1
ar1,ts_demean,6,DMT,67,1
ar1,ts_demean,6,DMT,68,1
ar1,ts_demean,6,DMT,69,1
ar1,ts_demean,6,DMT,70,1
ar1,ts_demean,6,DMT,71,1
ar1,ts_demean,6,DMT,72,1
ar1,ts_demean,6,DMT,73,1
ar1,ts_demean,6,DMT,74,1
ar1,ts_demean,6,DMT,75,1
ar1,ts_demean,6,DMT,76,1
ar1,ts_demean,6,DMT,77,1
ar1,ts_demean,6,DMT,78,1
ar1,ts_demean,6,DMT,79,1
ar1,ts_demean,6,DMT,80,1
ar1,ts_demean,6,DMT,81,1
ar1,ts_demean,6,DMT,82,1
ar1,ts_demean,6,DMT,83,1
ar1,ts_demean,6,DMT,84,1
ar1,ts_demean,6,DMT,85,1
ar1,ts_demean,6,DMT,86,1
ar1,ts_demean,6,DMT,87,1
ar1,ts_demean,6,DMT,88,1
ar1,ts_demean,6,DMT,89,1
ar1,ts_demean,6,DMT,90,1
ar1,ts_demean,6,DMT,91,1
ar1,ts_demean,6,DMT,92,1
ar1,ts_demean,6,DMT,93,1
ar1,ts_demean,6,DMT,94,1
ar1,ts_demean,6,DMT,95,1
ar1,ts_demean,6,DMT,96,1
ar1,ts_demean,6,DMT,97,1
ar1,ts_demean,6,DMT,98,1
ar1,ts_demean,6,DMT,99,1
ar1,ts_demean,6,DMT,100,1
ar1,ts_demean,6,DMT,101,1
ar1,ts_demean,6,DMT,102,1
ar1,ts_demean,6,DMT,103,1
ar1,ts_demean,6,DMT,104,1
ar1,ts_demean,6,DMT,105,1
ar1,ts_demean,6,DMT,106,1
ar1,ts_demean,6,DMT,107,1
ar1,ts_demean,6,DMT,108,1
ar1,ts_demean,6,DMT,109,1
ar1,ts_demean,6,DMT,110,1
ar1,ts_demean,6,DMT,111,1
ar1,ts_demean,6,DMT,112,1
ar1,ts_demean,6,DMT,113,1
ar1,ts_demean,6,DMT,114,1
ar1,ts_demean,6,DMT,115,1
ar1,ts_demean,6,PCB,0,1
ar1,ts_demean,6,PCB,1,1
ar1,ts_demean,6,PCB,2,1
ar1,ts_demean,6,PCB,3,1
ar1,ts_demean,6,PCB,4,1
ar1,ts_demean,6,PCB,5,1
ar1,ts_demean,6,PCB,6,1
ar1,ts_demean,6,PCB,7,1
ar1,ts_demean,6,PCB,8,1
ar1,ts_demean,6,PCB,9,1
ar1,ts_demean,6,PCB,10,1
ar1,ts_demean,6,PCB,11,1
ar1,ts_demean,6,PCB,12,1
ar1,ts_demean,6,PCB,13,1
ar1,ts_demean,6,PCB,14,1
ar1,ts_demean,6,PCB,15,1
ar1,ts_demean,6,PCB,16,1
ar1,ts_demean,6,PCB,17,1
ar1,ts_demean,6,PCB,18,1
ar1,ts_demean,6,PCB,19,1
ar1,ts_demean,6,PCB,21,1
ar1,ts_demean,6,PCB,22,1
ar1,ts_demean,6,PCB,23,1
ar1,ts_demean,6,PCB,24,1
ar1,ts_demean,6,PCB,25,1
ar1,ts_demean,6,PCB,26,1
ar1,ts_demean,6,PCB,27,1
ar1,ts_demean,6,PCB,28,1
ar1,ts_demean,6,PCB,29,1
ar1,ts_demean,6,PCB,30,1
ar1,ts_demean,6,PCB,31,1
ar1,ts_demean,6,PCB,32,1
ar1,ts_demean,6,PCB,33,1
ar1,ts_demean,6,PCB,34,1
ar1,ts_demean,6,PCB,35,1
ar1,ts_demean,6,PCB,36,1
ar1,ts_demean,6,PCB,37,1
ar1,ts_demean,6,PCB,38,1
ar1,ts_demean,6,PCB,39,1
ar1,ts_demean,6,PCB,40,1
ar1,ts_demean,6,PCB,41,1
ar1,ts_demean,6,PCB,42,1
ar1,ts_demean,6,PCB,43,1
ar1,ts_demean,6,PCB,44,1
ar1,ts_demean,6,PCB,45,1
ar1,ts_demean,6,PCB,46,1
ar1,ts_demean,6,PCB,47,1
ar1,ts_demean,6,PCB,48,1
ar1,ts_demean,6,PCB,49,1
ar1,ts_demean,6,PCB,50,1
ar1,ts_demean,6,PCB,51,1
ar1,ts_demean,6,PCB,52,1
ar1,ts_demean,6,PCB,53,1
ar1,ts_demean,6,PCB,54,1
ar1,ts_demean,6,PCB,55,1
ar1,ts_demean,6,PCB,56,1
ar1,ts_demean,6,PCB,57,1
ar1,ts_demean,6,PCB,58,1
ar1,ts_demean,6,PCB,59,1
ar1,ts_demean,6,PCB,60,1
ar1,ts_demean,6,PCB,61,1
ar1,ts_demean,6,PCB,62,1
ar1,ts_demean,6,PCB,63,1
ar1,ts_demean,6,PCB,64,1
ar1,ts_demean,6,PCB,65,1
ar1,ts_demean,6,PCB,66,1
ar1,ts_demean,6,PCB,67,1
ar1,ts_demean,6,PCB,68,1
ar1,ts_demean,6,PCB,69,1
ar1,ts_demean,6,PCB,70,1
ar1,ts_demean,6,PCB,71,1
ar1,ts_demean,6,PCB,72,1
ar1,ts_demean,6,PCB,73,1
ar1,ts_demean,6,PCB,74,1
ar1,ts_demean,6,PCB,75,1
ar1,ts_demean,6,PCB,76,1
ar1,ts_demean,6,PCB,77,1
ar1,ts_demean,6,PCB,78,1
ar1,ts_demean,6,PCB,79,1
ar1,ts_demean,6,PCB,80,1
ar1,ts_demean,6,PCB,81,1
ar1,ts_demean,6,PCB,82,1
ar1,ts_demean,6,PCB,83,1
ar1,ts_demean,6,PCB,84,1
ar1,ts_demean,6,PCB,85,1
ar1,ts_demean,6,PCB,86,1
ar1,ts_demean,6,PCB,87,1
ar1,ts_demean,6,PCB,88,1
ar1,ts_demean,6,PCB,89,1
ar1,ts_demean,6,PCB,90,1
ar1,ts_demean,6,PCB,91,1
ar1,ts_demean,6,PCB,92,1
ar1,ts_demean,6,PCB,93,1
ar1,ts_demean,6,PCB,94,1
ar1,ts_demean,6,PCB,95,1
ar1,ts_demean,6,PCB,96,1
ar1,ts_demean,6,PCB,97,1
ar1,ts_demean,6,PCB,98,1
ar1,ts_demean,6,PCB,99,1
ar1,ts_demean,6,PCB,100,1
ar1,ts_demean,6,PCB,101,1
ar1,ts_demean,6,PCB,102,1
ar1,ts_demean,6,PCB,103,1
ar1,ts_demean,6,PCB,104,1
ar1,ts_demean,6,PCB,105,1
ar1,ts_demean,6,PCB,106,1
ar1,ts_demean,6,PCB,107,1
ar1,ts_demean,6,PCB,108,1
ar1,ts_demean,6,PCB,109,1
ar1,ts_demean,6,PCB,110,1
ar1,ts_demean,6,PCB,111,1
ar1,ts_demean,6,PCB,112,1
ar1,ts_demean,6,PCB,113,1
ar1,ts_demean,6,PCB,114,1
ar1,ts_demean,6,PCB,115,1
ar1,ts_demean,7,DMT,0,1
ar1,ts_demean,7,DMT,1,1
ar1,ts_demean,7,DMT,2,1
ar1,ts_demean,7,DMT,3,1
ar1,ts_demean,7,DMT,4,1
ar1,ts_demean,7,DMT,5,1
ar1,ts_demean,7,DMT,6,1
ar1,ts_demean,7,DMT,7,1
ar1,ts_demean,7,DMT,8,1
ar1,ts_demean,7,DMT,9,1
ar1,ts_demean,7,DMT,10,1
ar1,ts_demean,7,DMT,11,1
ar1,ts_demean,7,DMT,12,1
ar1,ts_demean,7,DMT,13,1
ar1,ts_demean,7,DMT,14,1
ar1,ts_demean,7,DMT,15,1
ar1,ts_demean,7,DMT,16,1
ar1,ts_demean,7,DMT,17,1
ar1,ts_demean,7,DMT,18,1
ar1,ts_demean,7,DMT,19,1
ar1,ts_demean,7,DMT,21,1
ar1,ts_demean,7,DMT,22,1
ar1,ts_demean,7,DMT,23,1
ar1,ts_demean,7,DMT,24,1
ar1,ts_demean,7,DMT,25,1
ar1,ts_demean,7,DMT,26,1
ar1,ts_demean,7,DMT,27,1
ar1,ts_demean,7,DMT,28,1
ar1,ts_demean,7,DMT,29,1
ar1,ts_demean,7,DMT,30,1
ar1,ts_demean,7,DMT,31,1
ar1,ts_demean,7,DMT,32,1
ar1,ts_demean,7,DMT,33,1
ar1,ts_demean,7,DMT,34,1
ar1,ts_demean,7,DMT,35,1
ar1,ts_demean,7,DMT,36,1
ar1,ts_demean,7,DMT,37,1
ar1,ts_demean,7,DMT,38,1
ar1,ts_demean,7,DMT,39,1
ar1,ts_demean,7,DMT,40,1
ar1,ts_demean,7,DMT,41,1
ar1,ts_demean,7,DMT,42,1
ar1,ts_demean,7,DMT,43,1
ar1,ts_demean,7,DMT,44,1
ar1,ts_demean,7,DMT,45,1
ar1,ts_demean,7,DMT,46,1
ar1,ts_demean,7,DMT,47,1
ar1,ts_demean,7,DMT,48,1
ar1,ts_demean,7,DMT,49,1
ar1,ts_demean,7,DMT,50,1
ar1,ts_demean,7,DMT,51,1
ar1,ts_demean,7,DMT,52,1
ar1,ts_demean,7,DMT,53,1
ar1,ts_demean,7,DMT,54,1
ar1,ts_demean,7,DMT,55,1
ar1,ts_demean,7,DMT,56,1
ar1,ts_demean,7,DMT,57,1
ar1,ts_demean,7,DMT,58,1
ar1,ts_demean,7,DMT,59,1
ar1,ts_demean,7,DMT,60,1
ar1,ts_demean,7,DMT,61,1
ar1,ts_demean,7,DMT,62,1
ar1,ts_demean,7,DMT,63,1
ar1,ts_demean,7,DMT,64,1
ar1,ts_demean,7,DMT,65,1
ar1,ts_demean,7,DMT,66,1
ar1,ts_demean,7,DMT,67,1
ar1,ts_demean,7,DMT,68,1
ar1,ts_demean,7,DMT,69,1
ar1,ts_demean,7,DMT,70,1
ar1,ts_demean,7,DMT,71,1
ar1,ts_demean,7,DMT,72,1
ar1,ts_demean,7,DMT,73,1
ar1,ts_demean,7,DMT,74,1
ar1,ts_demean,7,DMT,75,1
ar1,ts_demean,7,DMT,76,1
ar1,ts_demean,7,DMT,77,1
ar1,ts_demean,7,DMT,78,1
ar1,ts_demean,7,DMT,79,1
ar1,ts_demean,7,DMT,80,1
ar1,ts_demean,7,DMT,81,1
ar1,ts_demean,7,DMT,82,1
ar1,ts_demean,7,DMT,83,1
ar1,ts_demean,7,DMT,84,1
ar1,ts_demean,7,DMT,85,1
ar1,ts_demean,7,DMT,86,1
ar1,ts_demean,7,DMT,87,1
ar1,ts_demean,7,DMT,88,1
ar1,ts_demean,7,DMT,89,1
ar1,ts_demean,7,DMT,90,1
ar1,ts_demean,7,DMT,91,1
ar1,ts_demean,7,DMT,92,1
ar1,ts_demean,7,DMT,93,1
ar1,ts_demean,7,DMT,94,1
ar1,ts_demean,7,DMT,95,1
ar1,ts_demean,7,DMT,96,1
ar1,ts_demean,7,DMT,97,1
ar1,ts_demean,7,DMT,98,1
ar1,ts_demean,7,DMT,99,1
ar1,ts_demean,7,DMT,100,1
ar1,ts_demean,7,DMT,101,1
ar1,ts_demean,7,DMT,102,1
ar1,ts_demean,7,DMT,103,1
ar1,ts_demean,7,DMT,104,1
ar1,ts_demean,7,DMT,105,1
ar1,ts_demean,7,DMT,106,1
ar1,ts_demean,7,DMT,107,1
ar1,ts_demean,7,DMT,108,1
ar1,ts_demean,7,DMT,109,1
ar1,ts_demean,7,DMT,110,1
ar1,ts_demean,7,DMT,111,1
ar1,ts_demean,7,DMT,112,1
ar1,ts_demean,7,DMT,113,1
ar1,ts_demean,7,DMT,114,1
ar1,ts_demean,7,DMT,115,1
ar1,ts_demean,7,PCB,0,1
ar1,ts_demean,7,PCB,1,1
ar1,ts_demean,7,PCB,2,1
ar1,ts_demean,7,PCB,3,1
ar1,ts_demean,7,PCB,4,1
ar1,ts_demean,7,PCB,5,1
ar1,ts_demean,7,PCB,6,1
ar1,ts_demean,7,PCB,7,1
ar1,ts_demean,7,PCB,8,1
ar1,ts_demean,7,PCB,9,1
ar1,ts_demean,7,PCB,10,1
ar1,ts_demean,7,PCB,11,1
ar1,ts_demean,7,PCB,12,1
ar1,ts_demean,7,PCB,13,1
ar1,ts_demean,7,PCB,14,1
ar1,ts_demean,7,PCB,15,1
ar1,ts_demean,7,PCB,16,1
ar1,ts_demean,7,PCB,17,1
ar1,ts_demean,7,PCB,18,1
ar1,ts_demean,7,PCB,19,1
ar1,ts_demean,7,PCB,21,1
ar1,ts_demean,7,PCB,22,1
ar1,ts_demean,7,PCB,23,1
ar1,ts_demean,7,PCB,24,1
ar1,ts_demean,7,PCB,25,1
ar1,ts_demean,7,PCB,26,1
ar1,ts_demean,7,PCB,27,1
ar1,ts_demean,7,PCB,28,1
ar1,ts_demean,7,PCB,29,1
ar1,ts_demean,7,PCB,30,1
ar1,ts_demean,7,PCB,31,1
ar1,ts_demean,7,PCB,32,1
ar1,ts_demean,7,PCB,33,1
ar1,ts_demean,7,PCB,34,1
ar1,ts_demean,7,PCB,35,1
ar1,ts_demean,7,PCB,36,1
ar1,ts_demean,7,PCB,37,1
ar1,ts_demean,7,PCB,38,1
ar1,ts_demean,7,PCB,39,1
ar1,ts_demean,7,PCB,40,1
ar1,ts_demean,7,PCB,41,1
ar1,ts_demean,7,PCB,42,1
ar1,ts_demean,7,PCB,43,1
ar1,ts_demean,7,PCB,44,1
ar1,ts_demean,7,PCB,45,1
ar1,ts_demean,7,PCB,46,1
ar1,ts_demean,7,PCB,47,1
ar1,ts_demean,7,PCB,48,1
ar1,ts_demean,7,PCB,49,1
ar1,ts_demean,7,PCB,50,1
ar1,ts_demean,7,PCB,51,1
ar1,ts_demean,7,PCB,52,1
ar1,ts_demean,7,PCB,53,1
ar1,ts_demean,7,PCB,54,1
ar1,ts_demean,7,PCB,55,1
ar1,ts_demean,7,PCB,56,1
ar1,ts_demean,7,PCB,57,1
ar1,ts_demean,7,PCB,58,1
ar1,ts_demean,7,PCB,59,1
ar1,ts_demean,7,PCB,60,1
ar1,ts_demean,7,PCB,61,1
ar1,ts_demean,7,PCB,62,1
ar1,ts_demean,7,PCB,63,1
ar1,ts_demean,7,PCB,64,1
ar1,ts_demean,7,PCB,65,1
ar1,ts_demean,7,PCB,66,1
ar1,ts_demean,7,PCB,67,1
ar1,ts_demean,7,PCB,68,1
ar1,ts_demean,7,PCB,69,1
ar1,ts_demean,7,PCB,70,1
ar1,ts_demean,7,PCB,71,1
ar1,ts_demean,7,PCB,72,1
ar1,ts_demean,7,PCB,73,1
ar1,ts_demean,7,PCB,74,1
ar1,ts_demean,7,PCB,75,1
ar1,ts_demean,7,PCB,76,1
ar1,ts_demean,7,PCB,77,1
ar1,ts_demean,7,PCB,78,1
ar1,ts_demean,7,PCB,79,1
ar1,ts_demean,7,PCB,80,1
ar1,ts_demean,7,PCB,81,1
ar1,ts_demean,7,PCB,82,1
ar1,ts_demean,7,PCB,83,1
ar1,ts_demean,7,PCB,84,1
ar1,ts_demean,7,PCB,85,1
ar1,ts_demean,7,PCB,86,1
ar1,ts_demean,7,PCB,87,1
ar1,ts_demean,7,PCB,88,1
ar1,ts_demean,7,PCB,89,1
ar1,ts_demean,7,PCB,90,1
ar1,ts_demean,7,PCB,91,1
ar1,ts_demean,7,PCB,92,1
ar1,ts_demean,7,PCB,93,1
ar1,ts_demean,7,PCB,94,1
ar1,ts_demean,7,PCB,95,1
ar1,ts_demean,7,PCB,96,1
ar1,ts_demean,7,PCB,97,1
ar1,ts_demean,7,PCB,98,1
ar1,ts_demean,7,PCB,99,1
ar1,ts_demean,7,PCB,100,1
ar1,ts_demean,7,PCB,101,1
ar1,ts_demean,7,PCB,102,1
ar1,ts_demean,7,PCB,103,1
ar1,ts_demean,7,PCB,104,1
ar1,ts_demean,7,PCB,105,1
ar1,ts_demean,7,PCB,106,1
ar1,ts_demean,7,PCB,107,1
ar1,ts_demean,7,PCB,108,1
ar1,ts_demean,7,PCB,109,1
ar1,ts_demean,7,PCB,110,1
ar1,ts_demean,7,PCB,111,1
ar1,ts_demean,7,PCB,112,1
ar1,ts_demean,7,PCB,113,1
ar1,ts_demean,7,PCB,114,1
ar1,ts_demean,7,PCB,115,1
ar1,ts_demean,8,DMT,0,1
ar1,ts_demean,8,DMT,1,1
ar1,ts_demean,8,DMT,2,1
ar1,ts_demean,8,DMT,3,1
ar1,ts_demean,8,DMT,4,1
ar1,ts_demean,8,DMT,5,1
ar1,ts_demean,8,DMT,6,1
ar1,ts_demean,8,DMT,7,1
ar1,ts_demean,8,DMT,8,1
ar1,ts_demean,8,DMT,9,1
ar1,ts_demean,8,DMT,10,1
ar1,ts_demean,8,DMT,11,1
ar1,ts_demean,8,DMT,12,1
ar1,ts_demean,8,DMT,13,1
ar1,ts_demean,8,DMT,14,1
ar1,ts_demean,8,DMT,15,1
ar1,ts_demean,8,DMT,16,1
ar1,ts_demean,8,DMT,17,1
ar1,ts_demean,8,DMT,18,1
ar1,ts_demean,8,DMT,19,1
ar1,ts_demean,8,DMT,21,1
ar1,ts_demean,8,DMT,22,1
ar1,ts_demean,8,DMT,23,1
ar1,ts_demean,8,DMT,24,1
ar1,ts_demean,8,DMT,25,1
ar1,ts_demean,8,DMT,26,1
ar1,ts_demean,8,DMT,27,1
ar1,ts_demean,8,DMT,28,1
ar1,ts_demean,8,DMT,29,1
ar1,ts_demean,8,DMT,30,1
ar1,ts_demean,8,DMT,31,1
ar1,ts_demean,8,DMT,32,1
ar1,ts_demean,8,DMT,33,1
ar1,ts_demean,8,DMT,34,1
ar1,ts_demean,8,DMT,35,1
ar1,ts_demean,8,DMT,36,1
ar1,ts_demean,8,DMT,37,1
ar1,ts_demean,8,DMT,38,1
ar1,ts_demean,8,DMT,39,1
ar1,ts_demean,8,DMT,40,1
ar1,ts_demean,8,DMT,41,1
ar1,ts_demean,8,DMT,42,1
ar1,ts_demean,8,DMT,43,1
ar1,ts_demean,8,DMT,44,1
ar1,ts_demean,8,DMT,45,1
ar1,ts_demean,8,DMT,46,1
ar1,ts_demean,8,DMT,47,1
ar1,ts_demean,8,DMT,48,1
ar1,ts_demean,8,DMT,49,1
ar1,ts_demean,8,DMT,50,1
ar1,ts_demean,8,DMT,51,1
ar1,ts_demean,8,DMT,52,1
ar1,ts_demean,8,DMT,53,1
ar1,ts_demean,8,DMT,54,1
ar1,ts_demean,8,DMT,55,1
ar1,ts_demean,8,DMT,56,1
ar1,ts_demean,8,DMT,57,1
ar1,ts_demean,8,DMT,58,1
ar1,ts_demean,8,DMT,59,1
ar1,ts_demean,8,DMT,60,1
ar1,ts_demean,8,DMT,61,1
ar1,ts_demean,8,DMT,62,1
ar1,ts_demean,8,DMT,63,1
ar1,ts_demean,8,DMT,64,1
ar1,ts_demean,8,DMT,65,1
ar1,ts_demean,8,DMT,66,1
ar1,ts_demean,8,DMT,67,1
ar1,ts_demean,8,DMT,68,1
ar1,ts_demean,8,DMT,69,1
ar1,ts_demean,8,DMT,70,1
ar1,ts_demean,8,DMT,71,1
ar1,ts_demean,8,DMT,72,1
ar1,ts_demean,8,DMT,73,1
ar1,ts_demean,8,DMT,74,1
ar1,ts_demean,8,DMT,75,1
ar1,ts_demean,8,DMT,76,1
ar1,ts_demean,8,DMT,77,1
ar1,ts_demean,8,DMT,78,1
ar1,ts_demean,8,DMT,79,1
ar1,ts_demean,8,DMT,80,1
ar1,ts_demean,8,DMT,81,1
ar1,ts_demean,8,DMT,82,1
ar1,ts_demean,8,DMT,83,1
ar1,ts_demean,8,DMT,84,1
ar1,ts_demean,8,DMT,85,1
ar1,ts_demean,8,DMT,86,1
ar1,ts_demean,8,DMT,87,1
ar1,ts_demean,8,DMT,88,1
ar1,ts_demean,8,DMT,89,1
ar1,ts_demean,8,DMT,90,1
ar1,ts_demean,8,DMT,91,1
ar1,ts_demean,8,DMT,92,1
ar1,ts_demean,8,DMT,93,1
ar1,ts_demean,8,DMT,94,1
ar1,ts_demean,8,DMT,95,1
ar1,ts_demean,8,DMT,96,1
ar1,ts_demean,8,DMT,97,1
ar1,ts_demean,8,DMT,98,1
ar1,ts_demean,8,DMT,99,1
ar1,ts_demean,8,DMT,100,1
ar1,ts_demean,8,DMT,101,1
ar1,ts_demean,8,DMT,102,1
ar1,ts_demean,8,DMT,103,1
ar1,ts_demean,8,DMT,104,1
ar1,ts_demean,8,DMT,105,1
ar1,ts_demean,8,DMT,106,1
ar1,ts_demean,8,DMT,107,1
ar1,ts_demean,8,DMT,108,1
ar1,ts_demean,8,DMT,109,1
ar1,ts_demean,8,DMT,110,1
ar1,ts_demean,8,DMT,111,1
ar1,ts_demean,8,DMT,112,1
ar1,ts_demean,8,DMT,113,1
ar1,ts_demean,8,DMT,114,1
ar1,ts_demean,8,DMT,115,1
ar1,ts_demean,8,PCB,0,1
ar1,ts_demean,8,PCB,1,1
ar1,ts_demean,8,PCB,2,1
ar1,ts_demean,8,PCB,3,1
ar1,ts_demean,8,PCB,4,1
ar1,ts_demean,8,PCB,5,1
ar1,ts_demean,8,PCB,6,1
ar1,ts_demean,8,PCB,7,1
ar1,ts_demean,8,PCB,8,1
ar1,ts_demean,8,PCB,9,1
ar1,ts_demean,8,PCB,10,1
ar1,ts_demean,8,PCB,11,1
ar1,ts_demean,8,PCB,12,1
ar1,ts_demean,8,PCB,13,1
ar1,ts_demean,8,PCB,14,1
ar1,ts_demean,8,PCB,15,1
ar1,ts_demean,8,PCB,16,1
ar1,ts_demean,8,PCB,17,1
ar1,ts_demean,8,PCB,18,1
ar1,ts_demean,8,PCB,19,1
ar1,ts_demean,8,PCB,21,1
ar1,ts_demean,8,PCB,22,1
ar1,ts_demean,8,PCB,23,1
ar1,ts_demean,8,PCB,24,1
ar1,ts_demean,8,PCB,25,1
ar1,ts_demean,8,PCB,26,1
ar1,ts_demean,8,PCB,27,1
ar1,ts_demean,8,PCB,28,1
ar1,ts_demean,8,PCB,29,1
ar1,ts_demean,8,PCB,30,1
ar1,ts_demean,8,PCB,31,1
ar1,ts_demean,8,PCB,32,1
ar1,ts_demean,8,PCB,33,1
ar1,ts_demean,8,PCB,34,1
ar1,ts_demean,8,PCB,35,1
ar1,ts_demean,8,PCB,36,1
ar1,ts_demean,8,PCB,37,1
ar1,ts_demean,8,PCB,38,1
ar1,ts_demean,8,PCB,39,1
ar1,ts_demean,8,PCB,40,1
ar1,ts_demean,8,PCB,41,1
ar1,ts_demean,8,PCB,42,1
ar1,ts_demean,8,PCB,43,1
ar1,ts_demean,8,PCB,44,1
ar1,ts_demean,8,PCB,45,1
ar1,ts_demean,8,PCB,46,1
ar1,ts_demean,8,PCB,47,1
ar1,ts_demean,8,PCB,48,1
ar1,ts_demean,8,PCB,49,1
ar1,ts_demean,8,PCB,50,1
ar1,ts_demean,8,PCB,51,1
ar1,ts_demean,8,PCB,52,1
ar1,ts_demean,8,PCB,53,1
ar1,ts_demean,8,PCB,54,1
ar1,ts_demean,8,PCB,55,1
ar1,ts_demean,8,PCB,56,1
ar1,ts_demean,8,PCB,57,1
ar1,ts_demean,8,PCB,58,1
ar1,ts_demean,8,PCB,59,1
ar1,ts_demean,8,PCB,60,1
ar1,ts_demean,8,PCB,61,1
ar1,ts_demean,8,PCB,62,1
ar1,ts_demean,8,PCB,63,1
ar1,ts_demean,8,PCB,64,1
ar1,ts_demean,8,PCB,65,1
ar1,ts_demean,8,PCB,66,1
ar1,ts_demean,8,PCB,67,1
ar1,ts_demean,8,PCB,68,1
ar1,ts_demean,8,PCB,69,1
ar1,ts_demean,8,PCB,70,1
ar1,ts_demean,8,PCB,71,1
ar1,ts_demean,8,PCB,72,1
ar1,ts_demean,8,PCB,73,1
ar1,ts_demean,8,PCB,74,1
ar1,ts_demean,8,PCB,75,1
ar1,ts_demean,8,PCB,76,1
ar1,ts_demean,8,PCB,77,1
ar1,ts_demean,8,PCB,78,1
ar1,ts_demean,8,PCB,79,1
ar1,ts_demean,8,PCB,80,1
ar1,ts_demean,8,PCB,81,1
ar1,ts_demean,8,PCB,82,1
ar1,ts_demean,8,PCB,83,1
ar1,ts_demean,8,PCB,84,1
ar1,ts_demean,8,PCB,85,1
ar1,ts_demean,8,PCB,86,1
ar1,ts_demean,8,PCB,87,1
ar1,ts_demean,8,PCB,88,1
ar1,ts_demean,8,PCB,89,1
ar1,ts_demean,8,PCB,90,1
ar1,ts_demean,8,PCB,91,1
ar1,ts_demean,8,PCB,92,1
ar1,ts_demean,8,PCB,93,1
ar1,ts_demean,8,PCB,94,1
ar1,ts_demean,8,PCB,95,1
ar1,ts_demean,8,PCB,96,1
ar1,ts_demean,8,PCB,97,1
ar1,ts_demean,8,PCB,98,1
ar1,ts_demean,8,PCB,99,1
ar1,ts_demean,8,PCB,100,1
ar1,ts_demean,8,PCB,101,1
ar1,ts_demean,8,PCB,102,1
ar1,ts_demean,8,PCB,103,1
ar1,ts_demean,8,PCB,104,1
ar1,ts_demean,8,PCB,105,1
ar1,ts_demean,8,PCB,106,1
ar1,ts_demean,8,PCB,107,1
ar1,ts_demean,8,PCB,108,1
ar1,ts_demean,8,PCB,109,1
ar1,ts_demean,8,PCB,110,1
ar1,ts_demean,8,PCB,111,1
ar1,ts_demean,8,PCB,112,1
ar1,ts_demean,8,PCB,113,1
ar1,ts_demean,8,PCB,114,1
ar1,ts_demean,8,PCB,115,1
ar1,ts_demean,9,DMT,0,1
ar1,ts_demean,9,DMT,1,1
ar1,ts_demean,9,DMT,2,1
ar1,ts_demean,9,DMT,3,1
ar1,ts_demean,9,DMT,4,1
ar1,ts_demean,9,DMT,5,1
ar1,ts_demean,9,DMT,6,1
ar1,ts_demean,9,DMT,7,1
ar1,ts_demean,9,DMT,8,1
ar1,ts_demean,9,DMT,9,1
ar1,ts_demean,9,DMT,10,1
ar1,ts_demean,9,DMT,11,1
ar1,ts_demean,9,DMT,12,1
ar1,ts_demean,9,DMT,13,1
ar1,ts_demean,9,DMT,14,1
ar1,ts_demean,9,DMT,15,1
ar1,ts_demean,9,DMT,16,1
ar1,ts_demean,9,DMT,17,1
ar1,ts_demean,9,DMT,18,1
ar1,ts_demean,9,DMT,19,1
ar1,ts_demean,9,DMT,21,1
ar1,ts_demean,9,DMT,22,1
ar1,ts_demean,9,DMT,23,1
ar1,ts_demean,9,DMT,24,1
ar1,ts_demean,9,DMT,25,1
ar1,ts_demean,9,DMT,26,1
ar1,ts_demean,9,DMT,27,1
ar1,ts_demean,9,DMT,28,1
ar1,ts_demean,9,DMT,29,1
ar1,ts_demean,9,DMT,30,1
ar1,ts_demean,9,DMT,31,1
ar1,ts_demean,9,DMT,32,1
ar1,ts_demean,9,DMT,33,1
ar1,ts_demean,9,DMT,34,1
ar1,ts_demean,9,DMT,35,1
ar1,ts_demean,9,DMT,36,1
ar1,ts_demean,9,DMT,37,1
ar1,ts_demean,9,DMT,38,1
ar1,ts_demean,9,DMT,39,1
ar1,ts_demean,9,DMT,40,1
ar1,ts_demean,9,DMT,41,1
ar1,ts_demean,9,DMT,42,1
ar1,ts_demean,9,DMT,43,1
ar1,ts_demean,9,DMT,44,1
ar1,ts_demean,9,DMT,45,1
ar1,ts_demean,9,DMT,46,1
ar1,ts_demean,9,DMT,47,1
ar1,ts_demean,9,DMT,48,1
ar1,ts_demean,9,DMT,49,1
ar1,ts_demean,9,DMT,50,1
ar1,ts_demean,9,DMT,51,1
ar1,ts_demean,9,DMT,52,1
ar1,ts_demean,9,DMT,53,1
ar1,ts_demean,9,DMT,54,1
ar1,ts_demean,9,DMT,55,1
ar1,ts_demean,9,DMT,56,1
ar1,ts_demean,9,DMT,57,1
ar1,ts_demean,9,DMT,58,1
ar1,ts_demean,9,DMT,59,1
ar1,ts_demean,9,DMT,60,1
ar1,ts_demean,9,DMT,61,1
ar1,ts_demean,9,DMT,62,1
ar1,ts_demean,9,DMT,63,1
ar1,ts_demean,9,DMT,64,1
ar1,ts_demean,9,DMT,65,1
ar1,ts_demean,9,DMT,66,1
ar1,ts_demean,9,DMT,67,1
ar1,ts_demean,9,DMT,68,1
ar1,ts_demean,9,DMT,69,1
ar1,ts_demean,9,DMT,70,1
ar1,ts_demean,9,DMT,71,1
ar1,ts_demean,9,DMT,72,1
ar1,ts_demean,9,DMT,73,1
ar1,ts_demean,9,DMT,74,1
ar1,ts_demean,9,DMT,75,1
ar1,ts_demean,9,DMT,76,1
ar1,ts_demean,9,DMT,77,1
ar1,ts_demean,9,DMT,78,1
ar1,ts_demean,9,DMT,79,1
ar1,ts_demean,9,DMT,80,1
ar1,ts_demean,9,DMT,81,1
ar1,ts_demean,9,DMT,82,1
ar1,ts_demean,9,DMT,83,1
ar1,ts_demean,9,DMT,84,1
ar1,ts_demean,9,DMT,85,1
ar1,ts_demean,9,DMT,86,1
ar1,ts_demean,9,DMT,87,1
ar1,ts_demean,9,DMT,88,1
ar1,ts_demean,9,DMT,89,1
ar1,ts_demean,9,DMT,90,1
ar1,ts_demean,9,DMT,91,1
ar1,ts_demean,9,DMT,92,1
ar1,ts_demean,9,DMT,93,1
ar1,ts_demean,9,DMT,94,1
ar1,ts_demean,9,DMT,95,1
ar1,ts_demean,9,DMT,96,1
ar1,ts_demean,9,DMT,97,1
ar1,ts_demean,9,DMT,98,1
ar1,ts_demean,9,DMT,99,1
ar1,ts_demean,9,DMT,100,1
ar1,ts_demean,9,DMT,101,1
ar1,ts_demean,9,DMT,102,1
ar1,ts_demean,9,DMT,103,1
ar1,ts_demean,9,DMT,104,1
ar1,ts_demean,9,DMT,105,1
ar1,ts_demean,9,DMT,106,1
ar1,ts_demean,9,DMT,107,1
ar1,ts_demean,9,DMT,108,1
ar1,ts_demean,9,DMT,109,1
ar1,ts_demean,9,DMT,110,1
ar1,ts_demean,9,DMT,111,1
ar1,ts_demean,9,DMT,112,1
ar1,ts_demean,9,DMT,113,1
ar1,ts_demean,9,DMT,114,1
ar1,ts_demean,9,DMT,115,1
ar1,ts_demean,9,PCB,0,1
ar1,ts_demean,9,PCB,1,1
ar1,ts_demean,9,PCB,2,1
ar1,ts_demean,9,PCB,3,1
ar1,ts_demean,9,PCB,4,1
ar1,ts_demean,9,PCB,5,1
ar1,ts_demean,9,PCB,6,1
ar1,ts_demean,9,PCB,7,1
ar1,ts_demean,9,PCB,8,1
ar1,ts_demean,9,PCB,9,1
ar1,ts_demean,9,PCB,10,1
ar1,ts_demean,9,PCB,11,1
ar1,ts_demean,9,PCB,12,1
ar1,ts_demean,9,PCB,13,1
ar1,ts_demean,9,PCB,14,1
ar1,ts_demean,9,PCB,15,1
ar1,ts_demean,9,PCB,16,1
ar1,ts_demean,9,PCB,17,1
ar1,ts_demean,9,PCB,18,1
ar1,ts_demean,9,PCB,19,1
ar1,ts_demean,9,PCB,21,1
ar1,ts_demean,9,PCB,22,1
ar1,ts_demean,9,PCB,23,1
ar1,ts_demean,9,PCB,24,1
ar1,ts_demean,9,PCB,25,1
ar1,ts_demean,9,PCB,26,1
ar1,ts_demean,9,PCB,27,1
ar1,ts_demean,9,PCB,28,1
ar1,ts_demean,9,PCB,29,1
ar1,ts_demean,9,PCB,30,1
ar1,ts_demean,9,PCB,31,1
ar1,ts_demean,9,PCB,32,1
ar1,ts_demean,9,PCB,33,1
ar1,ts_demean,9,PCB,34,1
ar1,ts_demean,9,PCB,35,1
ar1,ts_demean,9,PCB,36,1
ar1,ts_demean,9,PCB,37,1
ar1,ts_demean,9,PCB,38,1
ar1,ts_demean,9,PCB,39,1
ar1,ts_demean,9,PCB,40,1
ar1,ts_demean,9,PCB,41,1
ar1,ts_demean,9,PCB,42,1
ar1,ts_demean,9,PCB,43,1
ar1,ts_demean,9,PCB,44,1
ar1,ts_demean,9,PCB,45,1
ar1,ts_demean,9,PCB,46,1
ar1,ts_demean,9,PCB,47,1
ar1,ts_demean,9,PCB,48,1
ar1,ts_demean,9,PCB,49,1
ar1,ts_demean,9,PCB,50,1
ar1,ts_demean,9,PCB,51,1
ar1,ts_demean,9,PCB,52,1
ar1,ts_demean,9,PCB,53,1
ar1,ts_demean,9,PCB,54,1
ar1,ts_demean,9,PCB,55,1
ar1,ts_demean,9,PCB,56,1
ar1,ts_demean,9,PCB,57,1
ar1,ts_demean,9,PCB,58,1
ar1,ts_demean,9,PCB,59,1
ar1,ts_demean,9,PCB,60,1
ar1,ts_demean,9,PCB,61,1
ar1,ts_demean,9,PCB,62,1
ar1,ts_demean,9,PCB,63,1
ar1,ts_demean,9,PCB,64,1
ar1,ts_demean,9,PCB,65,1
ar1,ts_demean,9,PCB,66,1
ar1,ts_demean,9,PCB,67,1
ar1,ts_demean,9,PCB,68,1
ar1,ts_demean,9,PCB,69,1
ar1,ts_demean,9,PCB,70,1
ar1,ts_demean,9,PCB,71,1
ar1,ts_demean,9,PCB,72,1
ar1,ts_demean,9,PCB,73,1
ar1,ts_demean,9,PCB,74,1
ar1,ts_demean,9,PCB,75,1
ar1,ts_demean,9,PCB,76,1
ar1,ts_demean,9,PCB,77,1
ar1,ts_demean,9,PCB,78,1
ar1,ts_demean,9,PCB,79,1
ar1,ts_demean,9,PCB,80,1
ar1,ts_demean,9,PCB,81,1
ar1,ts_demean,9,PCB,82,1
ar1,ts_demean,9,PCB,83,1
ar1,ts_demean,9,PCB,84,1
ar1,ts_demean,9,PCB,85,1
ar1,ts_demean,9,PCB,86,1
ar1,ts_demean,9,PCB,87,1
ar1,ts_demean,9,PCB,88,1
ar1,ts_demean,9,PCB,89,1
ar1,ts_demean,9,PCB,90,1
ar1,ts_demean,9,PCB,91,1
ar1,ts_demean,9,PCB,92,1
ar1,ts_demean,9,PCB,93,1
ar1,ts_demean,9,PCB,94,1
ar1,ts_demean,9,PCB,95,1
ar1,ts_demean,9,PCB,96,1
ar1,ts_demean,9,PCB,97,1
ar1,ts_demean,9,PCB,98,1
ar1,ts_demean,9,PCB,99,1
ar1,ts_demean,9,PCB,100,1
ar1,ts_demean,9,PCB,101,1
ar1,ts_demean,9,PCB,102,1
ar1,ts_demean,9,PCB,103,1
ar1,ts_demean,9,PCB,104,1
ar1,ts_demean,9,PCB,105,1
ar1,ts_demean,9,PCB,106,1
ar1,ts_demean,9,PCB,107,1
ar1,ts_demean,9,PCB,108,1
ar1,ts_demean,9,PCB,109,1
ar1,ts_demean,9,PCB,110,1
ar1,ts_demean,9,PCB,111,1
ar1,ts_demean,9,PCB,112,1
ar1,ts_demean,9,PCB,113,1
ar1,ts_demean,9,PCB,114,1
ar1,ts_demean,9,PCB,115,1
ar1,ts_demean,10,DMT,0,1
ar1,ts_demean,10,DMT,1,1
ar1,ts_demean,10,DMT,2,1
ar1,ts_demean,10,DMT,3,1
ar1,ts_demean,10,DMT,4,1
ar1,ts_demean,10,DMT,5,1
ar1,ts_demean,10,DMT,6,1
ar1,ts_demean,10,DMT,7,1
ar1,ts_demean,10,DMT,8,1
ar1,ts_demean,10,DMT,9,1
ar1,ts_demean,10,DMT,10,1
ar1,ts_demean,10,DMT,11,1
ar1,ts_demean,10,DMT,12,1
ar1,ts_demean,10,DMT,13,1
ar1,ts_demean,10,DMT,14,1
ar1,ts_demean,10,DMT,15,1
ar1,ts_demean,10,DMT,16,1
ar1,ts_demean,10,DMT,17,1
ar1,ts_demean,10,DMT,18,1
ar1,ts_demean,10,DMT,19,1
ar1,ts_demean,10,DMT,21,1
ar1,ts_demean,10,DMT,22,1
ar1,ts_demean,10,DMT,23,1
ar1,ts_demean,10,DMT,24,1
ar1,ts_demean,10,DMT,25,1
ar1,ts_demean,10,DMT,26,1
ar1,ts_demean,10,DMT,27,1
ar1,ts_demean,10,DMT,28,1
ar1,ts_demean,10,DMT,29,1
ar1,ts_demean,10,DMT,30,1
ar1,ts_demean,10,DMT,31,1
ar1,ts_demean,10,DMT,32,1
ar1,ts_demean,10,DMT,33,1
ar1,ts_demean,10,DMT,34,1
ar1,ts_demean,10,DMT,35,1
ar1,ts_demean,10,DMT,36,1
ar1,ts_demean,10,DMT,37,1
ar1,ts_demean,10,DMT,38,1
ar1,ts_demean,10,DMT,39,1
ar1,ts_demean,10,DMT,40,1
ar1,ts_demean,10,DMT,41,1
ar1,ts_demean,10,DMT,42,1
ar1,ts_demean,10,DMT,43,1
ar1,ts_demean,10,DMT,44,1
ar1,ts_demean,10,DMT,45,1
ar1,ts_demean,10,DMT,46,1
ar1,ts_demean,10,DMT,47,1
ar1,ts_demean,10,DMT,48,1
ar1,ts_demean,10,DMT,49,1
ar1,ts_demean,10,DMT,50,1
ar1,ts_demean,10,DMT,51,1
ar1,ts_demean,10,DMT,52,1
ar1,ts_demean,10,DMT,53,1
ar1,ts_demean,10,DMT,54,1
ar1,ts_demean,10,DMT,55,1
ar1,ts_demean,10,DMT,56,1
ar1,ts_demean,10,DMT,57,1
ar1,ts_demean,10,DMT,58,1
ar1,ts_demean,10,DMT,59,1
ar1,ts_demean,10,DMT,60,1
ar1,ts_demean,10,DMT,61,1
ar1,ts_demean,10,DMT,62,1
ar1,ts_demean,10,DMT,63,1
ar1,ts_demean,10,DMT,64,1
ar1,ts_demean,10,DMT,65,1
ar1,ts_demean,10,DMT,66,1
ar1,ts_demean,10,DMT,67,1
ar1,ts_demean,10,DMT,68,1
ar1,ts_demean,10,DMT,69,1
ar1,ts_demean,10,DMT,70,1
ar1,ts_demean,10,DMT,71,1
ar1,ts_demean,10,DMT,72,1
ar1,ts_demean,10,DMT,73,1
ar1,ts_demean,10,DMT,74,1
ar1,ts_demean,10,DMT,75,1
ar1,ts_demean,10,DMT,76,1
ar1,ts_demean,10,DMT,77,1
ar1,ts_demean,10,DMT,78,1
ar1,ts_demean,10,DMT,79,1
ar1,ts_demean,10,DMT,80,1
ar1,ts_demean,10,DMT,81,1
ar1,ts_demean,10,DMT,82,1
ar1,ts_demean,10,DMT,83,1
ar1,ts_demean,10,DMT,84,1
ar1,ts_demean,10,DMT,85,1
ar1,ts_demean,10,DMT,86,1
ar1,ts_demean,10,DMT,87,1
ar1,ts_demean,10,DMT,88,1
ar1,ts_demean,10,DMT,89,1
ar1,ts_demean,10,DMT,90,1
ar1,ts_demean,10,DMT,91,1
ar1,ts_demean,10,DMT,92,1
ar1,ts_demean,10,DMT,93,1
ar1,ts_demean,10,DMT,94,1
ar1,ts_demean,10,DMT,95,1
ar1,ts_demean,10,DMT,96,1
ar1,ts_demean,10,DMT,97,1
ar1,ts_demean,10,DMT,98,1
ar1,ts_demean,10,DMT,99,1
ar1,ts_demean,10,DMT,100,1
ar1,ts_demean,10,DMT,101,1
ar1,ts_demean,10,DMT,102,1
ar1,ts_demean,10,DMT,103,1
ar1,ts_demean,10,DMT,104,1
ar1,ts_demean,10,DMT,105,1
ar1,ts_demean,10,DMT,106,1
ar1,ts_demean,10,DMT,107,1
ar1,ts_demean,10,DMT,108,1
ar1,ts_demean,10,DMT,109,1
ar1,ts_demean,10,DMT,110,1
ar1,ts_demean,10,DMT,111,1
ar1,ts_demean,10,DMT,112,1
ar1,ts_demean,10,DMT,113,1
ar1,ts_demean,10,DMT,114,1
ar1,ts_demean,10,DMT,115,1
ar1,ts_demean,10,PCB,0,1
ar1,ts_demean,10,PCB,1,1
ar1,ts_demean,10,PCB,2,1
ar1,ts_demean,10,PCB,3,1
ar1,ts_demean,10,PCB,4,1
ar1,ts_demean,10,PCB,5,1
ar1,ts_demean,10,PCB,6,1
ar1,ts_demean,10,PCB,7,1
ar1,ts_demean,10,PCB,8,1
ar1,ts_demean,10,PCB,9,1
ar1,ts_demean,10,PCB,10,1
ar1,ts_demean,10,PCB,11,1
ar1,ts_demean,10,PCB,12,1
ar1,ts_demean,10,PCB,13,1
ar1,ts_demean,10,PCB,14,1
ar1,ts_demean,10,PCB,15,1
ar1,ts_demean,10,PCB,16,1
ar1,ts_demean,10,PCB,17,1
ar1,ts_demean,10,PCB,18,1
ar1,ts_demean,10,PCB,19,1
ar1,ts_demean,10,PCB,21,1
ar1,ts_demean,10,PCB,22,1
ar1,ts_demean,10,PCB,23,1
ar1,ts_demean,10,PCB,24,1
ar1,ts_demean,10,PCB,25,1
ar1,ts_demean,10,PCB,26,1
ar1,ts_demean,10,PCB,27,1
ar1,ts_demean,10,PCB,28,1
ar1,ts_demean,10,PCB,29,1
ar1,ts_demean,10,PCB,30,1
ar1,ts_demean,10,PCB,31,1
ar1,ts_demean,10,PCB,32,1
ar1,ts_demean,10,PCB,33,1
ar1,ts_demean,10,PCB,34,1
ar1,ts_demean,10,PCB,35,1
ar1,ts_demean,10,PCB,36,1
ar1,ts_demean,10,PCB,37,1
ar1,ts_demean,10,PCB,38,1
ar1,ts_demean,10,PCB,39,1
ar1,ts_demean,10,PCB,40,1
ar1,ts_demean,10,PCB,41,1
ar1,ts_demean,10,PCB,42,1
ar1,ts_demean,10,PCB,43,1
ar1,ts_demean,10,PCB,44,1
ar1,ts_demean,10,PCB,45,1
ar1,ts_demean,10,PCB,46,1
ar1,ts_demean,10,PCB,47,1
ar1,ts_demean,10,PCB,48,1
ar1,ts_demean,10,PCB,49,1
ar1,ts_demean,10,PCB,50,1
ar1,ts_demean,10,PCB,51,1
ar1,ts_demean,10,PCB,52,1
ar1,ts_demean,10,PCB,53,1
ar1,ts_demean,10,PCB,54,1
ar1,ts_demean,10,PCB,55,1
ar1,ts_demean,10,PCB,56,1
ar1,ts_demean,10,PCB,57,1
ar1,ts_demean,10,PCB,58,1
ar1,ts_demean,10,PCB,59,1
ar1,ts_demean,10,PCB,60,1
ar1,ts_demean,10,PCB,61,1
ar1,ts_demean,10,PCB,62,1
ar1,ts_demean,10,PCB,63,1
ar1,ts_demean,10,PCB,64,1
ar1,ts_demean,10,PCB,65,1
ar1,ts_demean,10,PCB,66,1
ar1,ts_demean,10,PCB,67,1
ar1,ts_demean,10,PCB,68,1
ar1,ts_demean,10,PCB,69,1
ar1,ts_demean,10,PCB,70,1
ar1,ts_demean,10,PCB,71,1
ar1,ts_demean,10,PCB,72,1
ar1,ts_demean,10,PCB,73,1
ar1,ts_demean,10,PCB,74,1
ar1,ts_demean,10,PCB,75,1
ar1,ts_demean,10,PCB,76,1
ar1,ts_demean,10,PCB,77,1
ar1,ts_demean,10,PCB,78,1
ar1,ts_demean,10,PCB,79,1
ar1,ts_demean,10,PCB,80,1
ar1,ts_demean,10,PCB,81,1
ar1,ts_demean,10,PCB,82,1
ar1,ts_demean,10,PCB,83,1
ar1,ts_demean,10,PCB,84,1
ar1,ts_demean,10,PCB,85,1
ar1,ts_demean,10,PCB,86,1
ar1,ts_demean,10,PCB,87,1
ar1,ts_demean,10,PCB,88,1
ar1,ts_demean,10,PCB,89,1
ar1,ts_demean,10,PCB,90,1
ar1,ts_demean,10,PCB,91,1
ar1,ts_demean,10,PCB,92,1
ar1,ts_demean,10,PCB,93,1
ar1,ts_demean,10,PCB,94,1
ar1,ts_demean,10,PCB,95,1
ar1,ts_demean,10,PCB,96,1
ar1,ts_demean,10,PCB,97,1
ar1,ts_demean,10,PCB,98,1
ar1,ts_demean,10,PCB,99,1
ar1,ts_demean,10,PCB,100,1
ar1,ts_demean,10,PCB,101,1
ar1,ts_demean,10,PCB,102,1
ar1,ts_demean,10,PCB,103,1
ar1,ts_demean,10,PCB,104,1
ar1,ts_demean,10,PCB,105,1
ar1,ts_demean,10,PCB,106,1
ar1,ts_demean,10,PCB,107,1
ar1,ts_demean,10,PCB,108,1
ar1,ts_demean,10,PCB,109,1
ar1,ts_demean,10,PCB,110,1
ar1,ts_demean,10,PCB,111,1
ar1,ts_demean,10,PCB,112,1
ar1,ts_demean,10,PCB,113,1
ar1,ts_demean,10,PCB,114,1
ar1,ts_demean,10,PCB,115,1
ar1,ts_demean,11,DMT,0,1
ar1,ts_demean,11,DMT,1,1
ar1,ts_demean,11,DMT,2,1
ar1,ts_demean,11,DMT,3,1
ar1,ts_demean,11,DMT,4,1
ar1,ts_demean,11,DMT,5,1
ar1,ts_demean,11,DMT,6,1
ar1,ts_demean,11,DMT,7,1
ar1,ts_demean,11,DMT,8,1
ar1,ts_demean,11,DMT,9,1
ar1,ts_demean,11,DMT,10,1
ar1,ts_demean,11,DMT,11,1
ar1,ts_demean,11,DMT,12,1
ar1,ts_demean,11,DMT,13,1
ar1,ts_demean,11,DMT,14,1
ar1,ts_demean,11,DMT,15,1
ar1,ts_demean,11,DMT,16,1
ar1,ts_demean,11,DMT,17,1
ar1,ts_demean,11,DMT,18,1
ar1,ts_demean,11,DMT,19,1
ar1,ts_demean,11,DMT,21,1
ar1,ts_demean,11,DMT,22,1
ar1,ts_demean,11,DMT,23,1
ar1,ts_demean,11,DMT,24,1
ar1,ts_demean,11,DMT,25,1
ar1,ts_demean,11,DMT,26,1
ar1,ts_demean,11,DMT,27,1
ar1,ts_demean,11,DMT,28,1
ar1,ts_demean,11,DMT,29,1
ar1,ts_demean,11,DMT,30,1
ar1,ts_demean,11,DMT,31,1
ar1,ts_demean,11,DMT,32,1
ar1,ts_demean,11,DMT,33,1
ar1,ts_demean,11,DMT,34,1
ar1,ts_demean,11,DMT,35,1
ar1,ts_demean,11,DMT,36,1
ar1,ts_demean,11,DMT,37,1
ar1,ts_demean,11,DMT,38,1
ar1,ts_demean,11,DMT,39,1
ar1,ts_demean,11,DMT,40,1
ar1,ts_demean,11,DMT,41,1
ar1,ts_demean,11,DMT,42,1
ar1,ts_demean,11,DMT,43,1
ar1,ts_demean,11,DMT,44,1
ar1,ts_demean,11,DMT,45,1
ar1,ts_demean,11,DMT,46,1
ar1,ts_demean,11,DMT,47,1
ar1,ts_demean,11,DMT,48,1
ar1,ts_demean,11,DMT,49,1
ar1,ts_demean,11,DMT,50,1
ar1,ts_demean,11,DMT,51,1
ar1,ts_demean,11,DMT,52,1
ar1,ts_demean,11,DMT,53,1
ar1,ts_demean,11,DMT,54,1
ar1,ts_demean,11,DMT,55,1
ar1,ts_demean,11,DMT,56,1
ar1,ts_demean,11,DMT,57,1
ar1,ts_demean,11,DMT,58,1
ar1,ts_demean,11,DMT,59,1
ar1,ts_demean,11,DMT,60,1
ar1,ts_demean,11,DMT,61,1
ar1,ts_demean,11,DMT,62,1
ar1,ts_demean,11,DMT,63,1
ar1,ts_demean,11,DMT,64,1
ar1,ts_demean,11,DMT,65,1
ar1,ts_demean,11,DMT,66,1
ar1,ts_demean,11,DMT,67,1
ar1,ts_demean,11,DMT,68,1
ar1,ts_demean,11,DMT,69,1
ar1,ts_demean,11,DMT,70,1
ar1,ts_demean,11,DMT,71,1
ar1,ts_demean,11,DMT,72,1
ar1,ts_demean,11,DMT,73,1
ar1,ts_demean,11,DMT,74,1
ar1,ts_demean,11,DMT,75,1
ar1,ts_demean,11,DMT,76,1
ar1,ts_demean,11,DMT,77,1
ar1,ts_demean,11,DMT,78,1
ar1,ts_demean,11,DMT,79,1
ar1,ts_demean,11,DMT,80,1
ar1,ts_demean,11,DMT,81,1
ar1,ts_demean,11,DMT,82,1
ar1,ts_demean,11,DMT,83,1
ar1,ts_demean,11,DMT,84,1
ar1,ts_demean,11,DMT,85,1
ar1,ts_demean,11,DMT,86,1
ar1,ts_demean,11,DMT,87,1
ar1,ts_demean,11,DMT,88,1
ar1,ts_demean,11,DMT,89,1
ar1,ts_demean,11,DMT,90,1
ar1,ts_demean,11,DMT,91,1
ar1,ts_demean,11,DMT,92,1
ar1,ts_demean,11,DMT,93,1
ar1,ts_demean,11,DMT,94,1
ar1,ts_demean,11,DMT,95,1
ar1,ts_demean,11,DMT,96,1
ar1,ts_demean,11,DMT,97,1
ar1,ts_demean,11,DMT,98,1
ar1,ts_demean,11,DMT,99,1
ar1,ts_demean,11,DMT,100,1
ar1,ts_demean,11,DMT,101,1
ar1,ts_demean,11,DMT,102,1
ar1,ts_demean,11,DMT,103,1
ar1,ts_demean,11,DMT,104,1
ar1,ts_demean,11,DMT,105,1
ar1,ts_demean,11,DMT,106,1
ar1,ts_demean,11,DMT,107,1
ar1,ts_demean,11,DMT,108,1
ar1,ts_demean,11,DMT,109,1
ar1,ts_demean,11,DMT,110,1
ar1,ts_demean,11,DMT,111,1
ar1,ts_demean,11,DMT,112,1
ar1,ts_demean,11,DMT,113,1
ar1,ts_demean,11,DMT,114,1
ar1,ts_demean,11,DMT,115,1
ar1,ts_demean,11,PCB,0,1
ar1,ts_demean,11,PCB,1,1
ar1,ts_demean,11,PCB,2,1
ar1,ts_demean,11,PCB,3,1
ar1,ts_demean,11,PCB,4,1
ar1,ts_demean,11,PCB,5,1
ar1,ts_demean,11,PCB,6,1
ar1,ts_demean,11,PCB,7,1
ar1,ts_demean,11,PCB,8,1
ar1,ts_demean,11,PCB,9,1
ar1,ts_demean,11,PCB,10,1
ar1,ts_demean,11,PCB,11,1
ar1,ts_demean,11,PCB,12,1
ar1,ts_demean,11,PCB,13,1
ar1,ts_demean,11,PCB,14,1
ar1,ts_demean,11,PCB,15,1
ar1,ts_demean,11,PCB,16,1
ar1,ts_demean,11,PCB,17,1
ar1,ts_demean,11,PCB,18,1
ar1,ts_demean,11,PCB,19,1
ar1,ts_demean,11,PCB,21,1
ar1,ts_demean,11,PCB,22,1
ar1,ts_demean,11,PCB,23,1
ar1,ts_demean,11,PCB,24,1
ar1,ts_demean,11,PCB,25,1
ar1,ts_demean,11,PCB,26,1
ar1,ts_demean,11,PCB,27,1
ar1,ts_demean,11,PCB,28,1
ar1,ts_demean,11,PCB,29,1
ar1,ts_demean,11,PCB,30,1
ar1,ts_demean,11,PCB,31,1
ar1,ts_demean,11,PCB,32,1
ar1,ts_demean,11,PCB,33,1
ar1,ts_demean,11,PCB,34,1
ar1,ts_demean,11,PCB,35,1
ar1,ts_demean,11,PCB,36,1
ar1,ts_demean,11,PCB,37,1
ar1,ts_demean,11,PCB,38,1
ar1,ts_demean,11,PCB,39,1
ar1,ts_demean,11,PCB,40,1
ar1,ts_demean,11,PCB,41,1
ar1,ts_demean,11,PCB,42,1
ar1,ts_demean,11,PCB,43,1
ar1,ts_demean,11,PCB,44,1
ar1,ts_demean,11,PCB,45,1
ar1,ts_demean,11,PCB,46,1
ar1,ts_demean,11,PCB,47,1
ar1,ts_demean,11,PCB,48,1
ar1,ts_demean,11,PCB,49,1
ar1,ts_demean,11,PCB,50,1
ar1,ts_demean,11,PCB,51,1
ar1,ts_demean,11,PCB,52,1
ar1,ts_demean,11,PCB,53,1
ar1,ts_demean,11,PCB,54,1
ar1,ts_demean,11,PCB,55,1
ar1,ts_demean,11,PCB,56,1
ar1,ts_demean,11,PCB,57,1
ar1,ts_demean,11,PCB,58,1
ar1,ts_demean,11,PCB,59,1
ar1,ts_demean,11,PCB,60,1
ar1,ts_demean,11,PCB,61,1
ar1,ts_demean,11,PCB,62,1
ar1,ts_demean,11,PCB,63,1
ar1,ts_demean,11,PCB,64,1
ar1,ts_demean,11,PCB,65,1
ar1,ts_demean,11,PCB,66,1
ar1,ts_demean,11,PCB,67,1
ar1,ts_demean,11,PCB,68,1
ar1,ts_demean,11,PCB,69,1
ar1,ts_demean,11,PCB,70,1
ar1,ts_demean,11,PCB,71,1
ar1,ts_demean,11,PCB,72,1
ar1,ts_demean,11,PCB,73,1
ar1,ts_demean,11,PCB,74,1
ar1,ts_demean,11,PCB,75,1
ar1,ts_demean,11,PCB,76,1
ar1,ts_demean,11,PCB,77,1
ar1,ts_demean,11,PCB,78,1
ar1,ts_demean,11,PCB,79,1
ar1,ts_demean,11,PCB,80,1
ar1,ts_demean,11,PCB,81,1
ar1,ts_demean,11,PCB,82,1
ar1,ts_demean,11,PCB,83,1
ar1,ts_demean,11,PCB,84,1
ar1,ts_demean,11,PCB,85,1
ar1,ts_demean,11,PCB,86,1
ar1,ts_demean,11,PCB,87,1
ar1,ts_demean,11,PCB,88,1
ar1,ts_demean,11,PCB,89,1
ar1,ts_demean,11,PCB,90,1
ar1,ts_demean,11,PCB,91,1
ar1,ts_demean,11,PCB,92,1
ar1,ts_demean,11,PCB,93,1
ar1,ts_demean,11,PCB,94,1
ar1,ts_demean,11,PCB,95,1
ar1,ts_demean,11,PCB,96,1
ar1,ts_demean,11,PCB,97,1
ar1,ts_demean,11,PCB,98,1
ar1,ts_demean,11,PCB,99,1
ar1,ts_demean,11,PCB,100,1
ar1,ts_demean,11,PCB,101,1
ar1,ts_demean,11,PCB,102,1
ar1,ts_demean,11,PCB,103,1
ar1,ts_demean,11,PCB,104,1
ar1,ts_demean,11,PCB,105,1
ar1,ts_demean,11,PCB,106,1
ar1,ts_demean,11,PCB,107,1
ar1,ts_demean,11,PCB,108,1
ar1,ts_demean,11,PCB,109,1
ar1,ts_demean,11,PCB,110,1
ar1,ts_demean,11,PCB,111,1
ar1,ts_demean,11,PCB,112,1
ar1,ts_demean,11,PCB,113,1
ar1,ts_demean,11,PCB,114,1
ar1,ts_demean,11,PCB,115,1
ar1,ts_demean,12,DMT,0,1
ar1,ts_demean,12,DMT,1,1
ar1,ts_demean,12,DMT,2,1
ar1,ts_demean,12,DMT,3,1
ar1,ts_demean,12,DMT,4,1
ar1,ts_demean,12,DMT,5,1
ar1,ts_demean,12,DMT,6,1
ar1,ts_demean,12,DMT,7,1
ar1,ts_demean,12,DMT,8,1
ar1,ts_demean,12,DMT,9,1
ar1,ts_demean,12,DMT,10,1
ar1,ts_demean,12,DMT,11,1
ar1,ts_demean,12,DMT,12,1
ar1,ts_demean,12,DMT,13,1
ar1,ts_demean,12,DMT,14,1
ar1,ts_demean,12,DMT,15,1
ar1,ts_demean,12,DMT,16,1
ar1,ts_demean,12,DMT,17,1
ar1,ts_demean,12,DMT,18,1
ar1,ts_demean,12,DMT,19,1
ar1,ts_demean,12,DMT,21,1
ar1,ts_demean,12,DMT,22,1
ar1,ts_demean,12,DMT,23,1
ar1,ts_demean,12,DMT,24,1
ar1,ts_demean,12,DMT,25,1
ar1,ts_demean,12,DMT,26,1
ar1,ts_demean,12,DMT,27,1
ar1,ts_demean,12,DMT,28,1
ar1,ts_demean,12,DMT,29,1
ar1,ts_demean,12,DMT,30,1
ar1,ts_demean,12,DMT,31,1
ar1,ts_demean,12,DMT,32,1
ar1,ts_demean,12,DMT,33,1
ar1,ts_demean,12,DMT,34,1
ar1,ts_demean,12,DMT,35,1
ar1,ts_demean,12,DMT,36,1
ar1,ts_demean,12,DMT,37,1
ar1,ts_demean,12,DMT,38,1
ar1,ts_demean,12,DMT,39,1
ar1,ts_demean,12,DMT,40,1
ar1,ts_demean,12,DMT,41,1
ar1,ts_demean,12,DMT,42,1
ar1,ts_demean,12,DMT,43,1
ar1,ts_demean,12,DMT,44,1
ar1,ts_demean,12,DMT,45,1
ar1,ts_demean,12,DMT,46,1
ar1,ts_demean,12,DMT,47,1
ar1,ts_demean,12,DMT,48,1
ar1,ts_demean,12,DMT,49,1
ar1,ts_demean,12,DMT,50,1
ar1,ts_demean,12,DMT,51,1
ar1,ts_demean,12,DMT,52,1
ar1,ts_demean,12,DMT,53,1
ar1,ts_demean,12,DMT,54,1
ar1,ts_demean,12,DMT,55,1
ar1,ts_demean,12,DMT,56,1
ar1,ts_demean,12,DMT,57,1
ar1,ts_demean,12,DMT,58,1
ar1,ts_demean,12,DMT,59,1
ar1,ts_demean,12,DMT,60,1
ar1,ts_demean,12,DMT,61,1
ar1,ts_demean,12,DMT,62,1
ar1,ts_demean,12,DMT,63,1
ar1,ts_demean,12,DMT,64,1
ar1,ts_demean,12,DMT,65,1
ar1,ts_demean,12,DMT,66,1
ar1,ts_demean,12,DMT,67,1
ar1,ts_demean,12,DMT,68,1
ar1,ts_demean,12,DMT,69,1
ar1,ts_demean,12,DMT,70,1
ar1,ts_demean,12,DMT,71,1
ar1,ts_demean,12,DMT,72,1
ar1,ts_demean,12,DMT,73,1
ar1,ts_demean,12,DMT,74,1
ar1,ts_demean,12,DMT,75,1
ar1,ts_demean,12,DMT,76,1
ar1,ts_demean,12,DMT,77,1
ar1,ts_demean,12,DMT,78,1
ar1,ts_demean,12,DMT,79,1
ar1,ts_demean,12,DMT,80,1
ar1,ts_demean,12,DMT,81,1
ar1,ts_demean,12,DMT,82,1
ar1,ts_demean,12,DMT,83,1
ar1,ts_demean,12,DMT,84,1
ar1,ts_demean,12,DMT,85,1
ar1,ts_demean,12,DMT,86,1
ar1,ts_demean,12,DMT,87,1
ar1,ts_demean,12,DMT,88,1
ar1,ts_demean,12,DMT,89,1
ar1,ts_demean,12,DMT,90,1
ar1,ts_demean,12,DMT,91,1
ar1,ts_demean,12,DMT,92,1
ar1,ts_demean,12,DMT,93,1
ar1,ts_demean,12,DMT,94,1
ar1,ts_demean,12,DMT,95,1
ar1,ts_demean,12,DMT,96,1
ar1,ts_demean,12,DMT,97,1
ar1,ts_demean,12,DMT,98,1
ar1,ts_demean,12,DMT,99,1
ar1,ts_demean,12,DMT,100,1
ar1,ts_demean,12,DMT,101,1
ar1,ts_demean,12,DMT,102,1
ar1,ts_demean,12,DMT,103,1
ar1,ts_demean,12,DMT,104,1
ar1,ts_demean,12,DMT,105,1
ar1,ts_demean,12,DMT,106,1
ar1,ts_demean,12,DMT,107,1
ar1,ts_demean,12,DMT,108,1
ar1,ts_demean,12,DMT,109,1
ar1,ts_demean,12,DMT,110,1
ar1,ts_demean,12,DMT,111,1
ar1,ts_demean,12,DMT,112,1
ar1,ts_demean,12,DMT,113,1
ar1,ts_demean,12,DMT,114,1
ar1,ts_demean,12,DMT,115,1
ar1,ts_demean,12,PCB,0,1
ar1,ts_demean,12,PCB,1,1
ar1,ts_demean,12,PCB,2,1
ar1,ts_demean,12,PCB,3,1
ar1,ts_demean,12,PCB,4,1
ar1,ts_demean,12,PCB,5,1
ar1,ts_demean,12,PCB,6,1
ar1,ts_demean,12,PCB,7,1
ar1,ts_demean,12,PCB,8,1
ar1,ts_demean,12,PCB,9,1
ar1,ts_demean,12,PCB,10,1
ar1,ts_demean,12,PCB,11,1
ar1,ts_demean,12,PCB,12,1
ar1,ts_demean,12,PCB,13,1
ar1,ts_demean,12,PCB,14,1
ar1,ts_demean,12,PCB,15,1
ar1,ts_demean,12,PCB,16,1
ar1,ts_demean,12,PCB,17,1
ar1,ts_demean,12,PCB,18,1
ar1,ts_demean,12,PCB,19,1
ar1,ts_demean,12,PCB,21,1
ar1,ts_demean,12,PCB,22,1
ar1,ts_demean,12,PCB,23,1
ar1,ts_demean,12,PCB,24,1
ar1,ts_demean,12,PCB,25,1
ar1,ts_demean,12,PCB,26,1
ar1,ts_demean,12,PCB,27,1
ar1,ts_demean,12,PCB,28,1
ar1,ts_demean,12,PCB,29,1
ar1,ts_demean,12,PCB,30,1
ar1,ts_demean,12,PCB,31,1
ar1,ts_demean,12,PCB,32,1
ar1,ts_demean,12,PCB,33,1
ar1,ts_demean,12,PCB,34,1
ar1,ts_demean,12,PCB,35,1
ar1,ts_demean,12,PCB,36,1
ar1,ts_demean,12,PCB,37,1
ar1,ts_demean,12,PCB,38,1
ar1,ts_demean,12,PCB,39,1
ar1,ts_demean,12,PCB,40,1
ar1,ts_demean,12,PCB,41,1
ar1,ts_demean,12,PCB,42,1
ar1,ts_demean,12,PCB,43,1
ar1,ts_demean,12,PCB,44,1
ar1,ts_demean,12,PCB,45,1
ar1,ts_demean,12,PCB,46,1
ar1,ts_demean,12,PCB,47,1
ar1,ts_demean,12,PCB,48,1
ar1,ts_demean,12,PCB,49,1
ar1,ts_demean,12,PCB,50,1
ar1,ts_demean,12,PCB,51,1
ar1,ts_demean,12,PCB,52,1
ar1,ts_demean,12,PCB,53,1
ar1,ts_demean,12,PCB,54,1
ar1,ts_demean,12,PCB,55,1
ar1,ts_demean,12,PCB,56,1
ar1,ts_demean,12,PCB,57,1
ar1,ts_demean,12,PCB,58,1
ar1,ts_demean,12,PCB,59,1
ar1,ts_demean,12,PCB,60,1
ar1,ts_demean,12,PCB,61,1
ar1,ts_demean,12,PCB,62,1
ar1,ts_demean,12,PCB,63,1
ar1,ts_demean,12,PCB,64,1
ar1,ts_demean,12,PCB,65,1
ar1,ts_demean,12,PCB,66,1
ar1,ts_demean,12,PCB,67,1
ar1,ts_demean,12,PCB,68,1
ar1,ts_demean,12,PCB,69,1
ar1,ts_demean,12,PCB,70,1
ar1,ts_demean,12,PCB,71,1
ar1,ts_demean,12,PCB,72,1
ar1,ts_demean,12,PCB,73,1
ar1,ts_demean,12,PCB,74,1
ar1,ts_demean,12,PCB,75,1
ar1,ts_demean,12,PCB,76,1
ar1,ts_demean,12,PCB,77,1
ar1,ts_demean,12,PCB,78,1
ar1,ts_demean,12,PCB,79,1
ar1,ts_demean,12,PCB,80,1
ar1,ts_demean,12,PCB,81,1
ar1,ts_demean,12,PCB,82,1
ar1,ts_demean,12,PCB,83,1
ar1,ts_demean,12,PCB,84,1
ar1,ts_demean,12,PCB,85,1
ar1,ts_demean,12,PCB,86,1
ar1,ts_demean,12,PCB,87,1
ar1,ts_demean,12,PCB,88,1
ar1,ts_demean,12,PCB,89,1
ar1,ts_demean,12,PCB,90,1
ar1,ts_demean,12,PCB,91,1
ar1,ts_demean,12,PCB,92,1
ar1,ts_demean,12,PCB,93,1
ar1,ts_demean,12,PCB,94,1
ar1,ts_demean,12,PCB,95,1
ar1,ts_demean,12,PCB,96,1
ar1,ts_demean,12,PCB,97,1
ar1,ts_demean,12,PCB,98,1
ar1,ts_demean,12,PCB,99,1
ar1,ts_demean,12,PCB,100,1
ar1,ts_demean,12,PCB,101,1
ar1,ts_demean,12,PCB,102,1
ar1,ts_demean,12,PCB,103,1
ar1,ts_demean,12,PCB,104,1
ar1,ts_demean,12,PCB,105,1
ar1,ts_demean,12,PCB,106,1
ar1,ts_demean,12,PCB,107,1
ar1,ts_demean,12,PCB,108,1
ar1,ts_demean,12,PCB,109,1
ar1,ts_demean,12,PCB,110,1
ar1,ts_demean,12,PCB,111,1
ar1,ts_demean,12,PCB,112,1
ar1,ts_demean,12,PCB,113,1
ar1,ts_demean,12,PCB,114,1
ar1,ts_demean,12,PCB,115,1
ar1,ts_demean,13,DMT,0,1
ar1,ts_demean,13,DMT,1,1
ar1,ts_demean,13,DMT,2,1
ar1,ts_demean,13,DMT,3,1
ar1,ts_demean,13,DMT,4,1
ar1,ts_demean,13,DMT,5,1
ar1,ts_demean,13,DMT,6,1
ar1,ts_demean,13,DMT,7,1
ar1,ts_demean,13,DMT,8,1
ar1,ts_demean,13,DMT,9,1
ar1,ts_demean,13,DMT,10,1
ar1,ts_demean,13,DMT,11,1
ar1,ts_demean,13,DMT,12,1
ar1,ts_demean,13,DMT,13,1
ar1,ts_demean,13,DMT,14,1
ar1,ts_demean,13,DMT,15,1
ar1,ts_demean,13,DMT,16,1
ar1,ts_demean,13,DMT,17,1
ar1,ts_demean,13,DMT,18,1
ar1,ts_demean,13,DMT,19,1
ar1,ts_demean,13,DMT,21,1
ar1,ts_demean,13,DMT,22,1
ar1,ts_demean,13,DMT,23,1
ar1,ts_demean,13,DMT,24,1
ar1,ts_demean,13,DMT,25,1
ar1,ts_demean,13,DMT,26,1
ar1,ts_demean,13,DMT,27,1
ar1,ts_demean,13,DMT,28,1
ar1,ts_demean,13,DMT,29,1
ar1,ts_demean,13,DMT,30,1
ar1,ts_demean,13,DMT,31,1
ar1,ts_demean,13,DMT,32,1
ar1,ts_demean,13,DMT,33,1
ar1,ts_demean,13,DMT,34,1
ar1,ts_demean,13,DMT,35,1
ar1,ts_demean,13,DMT,36,1
ar1,ts_demean,13,DMT,37,1
ar1,ts_demean,13,DMT,38,1
ar1,ts_demean,13,DMT,39,1
ar1,ts_demean,13,DMT,40,1
ar1,ts_demean,13,DMT,41,1
ar1,ts_demean,13,DMT,42,1
ar1,ts_demean,13,DMT,43,1
ar1,ts_demean,13,DMT,44,1
ar1,ts_demean,13,DMT,45,1
ar1,ts_demean,13,DMT,46,1
ar1,ts_demean,13,DMT,47,1
ar1,ts_demean,13,DMT,48,1
ar1,ts_demean,13,DMT,49,1
ar1,ts_demean,13,DMT,50,1
ar1,ts_demean,13,DMT,51,1
ar1,ts_demean,13,DMT,52,1
ar1,ts_demean,13,DMT,53,1
ar1,ts_demean,13,DMT,54,1
ar1,ts_demean,13,DMT,55,1
ar1,ts_demean,13,DMT,56,1
ar1,ts_demean,13,DMT,57,1
ar1,ts_demean,13,DMT,58,1
ar1,ts_demean,13,DMT,59,1
ar1,ts_demean,13,DMT,60,1
ar1,ts_demean,13,DMT,61,1
ar1,ts_demean,13,DMT,62,1
ar1,ts_demean,13,DMT,63,1
ar1,ts_demean,13,DMT,64,1
ar1,ts_demean,13,DMT,65,1
ar1,ts_demean,13,DMT,66,1
ar1,ts_demean,13,DMT,67,1
ar1,ts_demean,13,DMT,68,1
ar1,ts_demean,13,DMT,69,1
ar1,ts_demean,13,DMT,70,1
ar1,ts_demean,13,DMT,71,1
ar1,ts_demean,13,DMT,72,1
ar1,ts_demean,13,DMT,73,1
ar1,ts_demean,13,DMT,74,1
ar1,ts_demean,13,DMT,75,1
ar1,ts_demean,13,DMT,76,1
ar1,ts_demean,13,DMT,77,1
ar1,ts_demean,13,DMT,78,1
ar1,ts_demean,13,DMT,79,1
ar1,ts_demean,13,DMT,80,1
ar1,ts_demean,13,DMT,81,1
ar1,ts_demean,13,DMT,82,1
ar1,ts_demean,13,DMT,83,1
ar1,ts_demean,13,DMT,84,1
ar1,ts_demean,13,DMT,85,1
ar1,ts_demean,13,DMT,86,1
ar1,ts_demean,13,DMT,87,1
ar1,ts_demean,13,DMT,88,1
ar1,ts_demean,13,DMT,89,1
ar1,ts_demean,13,DMT,90,1
ar1,ts_demean,13,DMT,91,1
ar1,ts_demean,13,DMT,92,1
ar1,ts_demean,13,DMT,93,1
ar1,ts_demean,13,DMT,94,1
ar1,ts_demean,13,DMT,95,1
ar1,ts_demean,13,DMT,96,1
ar1,ts_demean,13,DMT,97,1
ar1,ts_demean,13,DMT,98,1
ar1,ts_demean,13,DMT,99,1
ar1,ts_demean,13,DMT,100,1
ar1,ts_demean,13,DMT,101,1
ar1,ts_demean,13,DMT,102,1
ar1,ts_demean,13,DMT,103,1
ar1,ts_demean,13,DMT,104,1
ar1,ts_demean,13,DMT,105,1
ar1,ts_demean,13,DMT,106,1
ar1,ts_demean,13,DMT,107,1
ar1,ts_demean,13,DMT,108,1
ar1,ts_demean,13,DMT,109,1
ar1,ts_demean,13,DMT,110,1
ar1,ts_demean,13,DMT,111,1
ar1,ts_demean,13,DMT,112,1
ar1,ts_demean,13,DMT,113,1
ar1,ts_demean,13,DMT,114,1
ar1,ts_demean,13,DMT,115,1
ar1,ts_demean,13,PCB,0,1
ar1,ts_demean,13,PCB,1,1
ar1,ts_demean,13,PCB,2,1
ar1,ts_demean,13,PCB,3,1
ar1,ts_demean,13,PCB,4,1
ar1,ts_demean,13,PCB,5,1
ar1,ts_demean,13,PCB,6,1
ar1,ts_demean,13,PCB,7,1
ar1,ts_demean,13,PCB,8,1
ar1,ts_demean,13,PCB,9,1
ar1,ts_demean,13,PCB,10,1
ar1,ts_demean,13,PCB,11,1
ar1,ts_demean,13,PCB,12,1
ar1,ts_demean,13,PCB,13,1
ar1,ts_demean,13,PCB,14,1
ar1,ts_demean,13,PCB,15,1
ar1,ts_demean,13,PCB,16,1
ar1,ts_demean,13,PCB,17,1
ar1,ts_demean,13,PCB,18,1
ar1,ts_demean,13,PCB,19,1
ar1,ts_demean,13,PCB,21,1
ar1,ts_demean,13,PCB,22,1
ar1,ts_demean,13,PCB,23,1
ar1,ts_demean,13,PCB,24,1
ar1,ts_demean,13,PCB,25,1
ar1,ts_demean,13,PCB,26,1
ar1,ts_demean,13,PCB,27,1
ar1,ts_demean,13,PCB,28,1
ar1,ts_demean,13,PCB,29,1
ar1,ts_demean,13,PCB,30,1
ar1,ts_demean,13,PCB,31,1
ar1,ts_demean,13,PCB,32,1
ar1,ts_demean,13,PCB,33,1
ar1,ts_demean,13,PCB,34,1
ar1,ts_demean,13,PCB,35,1
ar1,ts_demean,13,PCB,36,1
ar1,ts_demean,13,PCB,37,1
ar1,ts_demean,13,PCB,38,1
ar1,ts_demean,13,PCB,39,1
ar1,ts_demean,13,PCB,40,1
ar1,ts_demean,13,PCB,41,1
ar1,ts_demean,13,PCB,42,1
ar1,ts_demean,13,PCB,43,1
ar1,ts_demean,13,PCB,44,1
ar1,ts_demean,13,PCB,45,1
ar1,ts_demean,13,PCB,46,1
ar1,ts_demean,13,PCB,47,1
ar1,ts_demean,13,PCB,48,1
ar1,ts_demean,13,PCB,49,1
ar1,ts_demean,13,PCB,50,1
ar1,ts_demean,13,PCB,51,1
ar1,ts_demean,13,PCB,52,1
ar1,ts_demean,13,PCB,53,1
ar1,ts_demean,13,PCB,54,1
ar1,ts_demean,13,PCB,55,1
ar1,ts_demean,13,PCB,56,1
ar1,ts_demean,13,PCB,57,1
ar1,ts_demean,13,PCB,58,1
ar1,ts_demean,13,PCB,59,1
ar1,ts_demean,13,PCB,60,1
ar1,ts_demean,13,PCB,61,1
ar1,ts_demean,13,PCB,62,1
ar1,ts_demean,13,PCB,63,1
ar1,ts_demean,13,PCB,64,1
ar1,ts_demean,13,PCB,65,1
ar1,ts_demean,13,PCB,66,1
ar1,ts_demean,13,PCB,67,1
ar1,ts_demean,13,PCB,68,1
ar1,ts_demean,13,PCB,69,1
ar1,ts_demean,13,PCB,70,1
ar1,ts_demean,13,PCB,71,1
ar1,ts_demean,13,PCB,72,1
ar1,ts_demean,13,PCB,73,1
ar1,ts_demean,13,PCB,74,1
ar1,ts_demean,13,PCB,75,1
ar1,ts_demean,13,PCB,76,1
ar1,ts_demean,13,PCB,77,1
ar1,ts_demean,13,PCB,78,1
ar1,ts_demean,13,PCB,79,1
ar1,ts_demean,13,PCB,80,1
ar1,ts_demean,13,PCB,81,1
ar1,ts_demean,13,PCB,82,1
ar1,ts_demean,13,PCB,83,1
ar1,ts_demean,13,PCB,84,1
ar1,ts_demean,13,PCB,85,1
ar1,ts_demean,13,PCB,86,1
ar1,ts_demean,13,PCB,87,1
ar1,ts_demean,13,PCB,88,1
ar1,ts_demean,13,PCB,89,1
ar1,ts_demean,13,PCB,90,1
ar1,ts_demean,13,PCB,91,1
ar1,ts_demean,13,PCB,92,1
ar1,ts_demean,13,PCB,93,1
ar1,ts_demean,13,PCB,94,1
ar1,ts_demean,13,PCB,95,1
ar1,ts_demean,13,PCB,96,1
ar1,ts_demean,13,PCB,97,1
ar1,ts_demean,13,PCB,98,1
ar1,ts_demean,13,PCB,99,1
ar1,ts_demean,13,PCB,100,1
ar1,ts_demean,13,PCB,101,1
ar1,ts_demean,13,PCB,102,1
ar1,ts_demean,13,PCB,103,1
ar1,ts_demean,13,PCB,104,1
ar1,ts_demean,13,PCB,105,1
ar1,ts_demean,13,PCB,106,1
ar1,ts_demean,13,PCB,107,1
ar1,ts_demean,13,PCB,108,1
ar1,ts_demean,13,PCB,109,1
ar1,ts_demean,13,PCB,110,1
ar1,ts_demean,13,PCB,111,1
ar1,ts_demean,13,PCB,112,1
ar1,ts_demean,13,PCB,113,1
ar1,ts_demean,13,PCB,114,1
ar1,ts_demean,13,PCB,115,1
ar1,ts_demean,14,DMT,0,1
ar1,ts_demean,14,DMT,1,1
ar1,ts_demean,14,DMT,2,1
ar1,ts_demean,14,DMT,3,1
ar1,ts_demean,14,DMT,4,1
ar1,ts_demean,14,DMT,5,1
ar1,ts_demean,14,DMT,6,1
ar1,ts_demean,14,DMT,7,1
ar1,ts_demean,14,DMT,8,1
ar1,ts_demean,14,DMT,9,1
ar1,ts_demean,14,DMT,10,1
ar1,ts_demean,14,DMT,11,1
ar1,ts_demean,14,DMT,12,1
ar1,ts_demean,14,DMT,13,1
ar1,ts_demean,14,DMT,14,1
ar1,ts_demean,14,DMT,15,1
ar1,ts_demean,14,DMT,16,1
ar1,ts_demean,14,DMT,17,1
ar1,ts_demean,14,DMT,18,1
ar1,ts_demean,14,DMT,19,1
ar1,ts_demean,14,DMT,21,1
ar1,ts_demean,14,DMT,22,1
ar1,ts_demean,14,DMT,23,1
ar1,ts_demean,14,DMT,24,1
ar1,ts_demean,14,DMT,25,1
ar1,ts_demean,14,DMT,26,1
ar1,ts_demean,14,DMT,27,1
ar1,ts_demean,14,DMT,28,1
ar1,ts_demean,14,DMT,29,1
ar1,ts_demean,14,DMT,30,1
ar1,ts_demean,14,DMT,31,1
ar1,ts_demean,14,DMT,32,1
ar1,ts_demean,14,DMT,33,1
ar1,ts_demean,14,DMT,34,1
ar1,ts_demean,14,DMT,35,1
ar1,ts_demean,14,DMT,36,1
ar1,ts_demean,14,DMT,37,1
ar1,ts_demean,14,DMT,38,1
ar1,ts_demean,14,DMT,39,1
ar1,ts_demean,14,DMT,40,1
ar1,ts_demean,14,DMT,41,1
ar1,ts_demean,14,DMT,42,1
ar1,ts_demean,14,DMT,43,1
ar1,ts_demean,14,DMT,44,1
ar1,ts_demean,14,DMT,45,1
ar1,ts_demean,14,DMT,46,1
ar1,ts_demean,14,DMT,47,1
ar1,ts_demean,14,DMT,48,1
ar1,ts_demean,14,DMT,49,1
ar1,ts_demean,14,DMT,50,1
ar1,ts_demean,14,DMT,51,1
ar1,ts_demean,14,DMT,52,1
ar1,ts_demean,14,DMT,53,1
ar1,ts_demean,14,DMT,54,1
ar1,ts_demean,14,DMT,55,1
ar1,ts_demean,14,DMT,56,1
ar1,ts_demean,14,DMT,57,1
ar1,ts_demean,14,DMT,58,1
ar1,ts_demean,14,DMT,59,1
ar1,ts_demean,14,DMT,60,1
ar1,ts_demean,14,DMT,61,1
ar1,ts_demean,14,DMT,62,1
ar1,ts_demean,14,DMT,63,1
ar1,ts_demean,14,DMT,64,1
ar1,ts_demean,14,DMT,65,1
ar1,ts_demean,14,DMT,66,1
ar1,ts_demean,14,DMT,67,1
ar1,ts_demean,14,DMT,68,1
ar1,ts_demean,14,DMT,69,1
ar1,ts_demean,14,DMT,70,1
ar1,ts_demean,14,DMT,71,1
ar1,ts_demean,14,DMT,72,1
ar1,ts_demean,14,DMT,73,1
ar1,ts_demean,14,DMT,74,1
ar1,ts_demean,14,DMT,75,1
ar1,ts_demean,14,DMT,76,1
ar1,ts_demean,14,DMT,77,1
ar1,ts_demean,14,DMT,78,1
ar1,ts_demean,14,DMT,79,1
ar1,ts_demean,14,DMT,80,1
ar1,ts_demean,14,DMT,81,1
ar1,ts_demean,14,DMT,82,1
ar1,ts_demean,14,DMT,83,1
ar1,ts_demean,14,DMT,84,1
ar1,ts_demean,14,DMT,85,1
ar1,ts_demean,14,DMT,86,1
ar1,ts_demean,14,DMT,87,1
ar1,ts_demean,14,DMT,88,1
ar1,ts_demean,14,DMT,89,1
ar1,ts_demean,14,DMT,90,1
ar1,ts_demean,14,DMT,91,1
ar1,ts_demean,14,DMT,92,1
ar1,ts_demean,14,DMT,93,1
ar1,ts_demean,14,DMT,94,1
ar1,ts_demean,14,DMT,95,1
ar1,ts_demean,14,DMT,96,1
ar1,ts_demean,14,DMT,97,1
ar1,ts_demean,14,DMT,98,1
ar1,ts_demean,14,DMT,99,1
ar1,ts_demean,14,DMT,100,1
ar1,ts_demean,14,DMT,101,1
ar1,ts_demean,14,DMT,102,1
ar1,ts_demean,14,DMT,103,1
ar1,ts_demean,14,DMT,104,1
ar1,ts_demean,14,DMT,105,1
ar1,ts_demean,14,DMT,106,1
ar1,ts_demean,14,DMT,107,1
ar1,ts_demean,14,DMT,108,1
ar1,ts_demean,14,DMT,109,1
ar1,ts_demean,14,DMT,110,1
ar1,ts_demean,14,DMT,111,1
ar1,ts_demean,14,DMT,112,1
ar1,ts_demean,14,DMT,113,1
ar1,ts_demean,14,DMT,114,1
ar1,ts_demean,14,DMT,115,1
ar1,ts_demean,14,PCB,0,1
ar1,ts_demean,14,PCB,1,1
ar1,ts_demean,14,PCB,2,1
ar1,ts_demean,14,PCB,3,1
ar1,ts_demean,14,PCB,4,1
ar1,ts_demean,14,PCB,5,1
ar1,ts_demean,14,PCB,6,1
ar1,ts_demean,14,PCB,7,1
ar1,ts_demean,14,PCB,8,1
ar1,ts_demean,14,PCB,9,1
ar1,ts_demean,14,PCB,10,1
ar1,ts_demean,14,PCB,11,1
ar1,ts_demean,14,PCB,12,1
ar1,ts_demean,14,PCB,13,1
ar1,ts_demean,14,PCB,14,1
ar1,ts_demean,14,PCB,15,1
ar1,ts_demean,14,PCB,16,1
ar1,ts_demean,14,PCB,17,1
ar1,ts_demean,14,PCB,18,1
ar1,ts_demean,14,PCB,19,1
ar1,ts_demean,14,PCB,21,1
ar1,ts_demean,14,PCB,22,1
ar1,ts_demean,14,PCB,23,1
ar1,ts_demean,14,PCB,24,1
ar1,ts_demean,14,PCB,25,1
ar1,ts_demean,14,PCB,26,1
ar1,ts_demean,14,PCB,27,1
ar1,ts_demean,14,PCB,28,1
ar1,ts_demean,14,PCB,29,1
ar1,ts_demean,14,PCB,30,1
ar1,ts_demean,14,PCB,31,1
ar1,ts_demean,14,PCB,32,1
ar1,ts_demean,14,PCB,33,1
ar1,ts_demean,14,PCB,34,1
ar1,ts_demean,14,PCB,35,1
ar1,ts_demean,14,PCB,36,1
ar1,ts_demean,14,PCB,37,1
ar1,ts_demean,14,PCB,38,1
ar1,ts_demean,14,PCB,39,1
ar1,ts_demean,14,PCB,40,1
ar1,ts_demean,14,PCB,41,1
ar1,ts_demean,14,PCB,42,1
ar1,ts_demean,14,PCB,43,1
ar1,ts_demean,14,PCB,44,1
ar1,ts_demean,14,PCB,45,1
ar1,ts_demean,14,PCB,46,1
ar1,ts_demean,14,PCB,47,1
ar1,ts_demean,14,PCB,48,1
ar1,ts_demean,14,PCB,49,1
ar1,ts_demean,14,PCB,50,1
ar1,ts_demean,14,PCB,51,1
ar1,ts_demean,14,PCB,52,1
ar1,ts_demean,14,PCB,53,1
ar1,ts_demean,14,PCB,54,1
ar1,ts_demean,14,PCB,55,1
ar1,ts_demean,14,PCB,56,1
ar1,ts_demean,14,PCB,57,1
ar1,ts_demean,14,PCB,58,1
ar1,ts_demean,14,PCB,59,1
ar1,ts_demean,14,PCB,60,1
ar1,ts_demean,14,PCB,61,1
ar1,ts_demean,14,PCB,62,1
ar1,ts_demean,14,PCB,63,1
ar1,ts_demean,14,PCB,64,1
ar1,ts_demean,14,PCB,65,1
ar1,ts_demean,14,PCB,66,1
ar1,ts_demean,14,PCB,67,1
ar1,ts_demean,14,PCB,68,1
ar1,ts_demean,14,PCB,69,1
ar1,ts_demean,14,PCB,70,1
ar1,ts_demean,14,PCB,71,1
ar1,ts_demean,14,PCB,72,1
ar1,ts_demean,14,PCB,73,1
ar1,ts_demean,14,PCB,74,1
ar1,ts_demean,14,PCB,75,1
ar1,ts_demean,14,PCB,76,1
ar1,ts_demean,14,PCB,77,1
ar1,ts_demean,14,PCB,78,1
ar1,ts_demean,14,PCB,79,1
ar1,ts_demean,14,PCB,80,1
ar1,ts_demean,14,PCB,81,1
ar1,ts_demean,14,PCB,82,1
ar1,ts_demean,14,PCB,83,1
ar1,ts_demean,14,PCB,84,1
ar1,ts_demean,14,PCB,85,1
ar1,ts_demean,14,PCB,86,1
ar1,ts_demean,14,PCB,87,1
ar1,ts_demean,14,PCB,88,1
ar1,ts_demean,14,PCB,89,1
ar1,ts_demean,14,PCB,90,1
ar1,ts_demean,14,PCB,91,1
ar1,ts_demean,14,PCB,92,1
ar1,ts_demean,14,PCB,93,1
ar1,ts_demean,14,PCB,94,1
ar1,ts_demean,14,PCB,95,1
ar1,ts_demean,14,PCB,96,1
ar1,ts_demean,14,PCB,97,1
ar1,ts_demean,14,PCB,98,1
ar1,ts_demean,14,PCB,99,1
ar1,ts_demean,14,PCB,100,1
ar1,ts_demean,14,PCB,101,1
ar1,ts_demean,14,PCB,102,1
ar1,ts_demean,14,PCB,103,1
ar1,ts_demean,14,PCB,104,1
ar1,ts_demean,14,PCB,105,1
ar1,ts_demean,14,PCB,106,1
ar1,ts_demean,14,PCB,107,1
ar1,ts_demean,14,PCB,108,1
ar1,ts_demean,14,PCB,109,1
ar1,ts_demean,14,PCB,110,1
ar1,ts_demean,14,PCB,111,1
ar1,ts_demean,14,PCB,112,1
ar1,ts_demean,14,PCB,113,1
ar1,ts_demean,14,PCB,114,1
ar1,ts_demean,14,PCB,115,1
