claim,work,part,section,where_in_the_pdfs_of_d108d66,kind,text_at_d108d66,attributed,verdict,firsthand,note,proposals,passages_from_the_work_pdf,pdf_pages_of_the_passages,passages_from_other_sources,other_sources
C001,Mediano 2021,main text,Introduction,"main PDF p. 2, line 46",sentence,"Integrated information decomposition (ΦID; Mediano et al., 2021, 2025) extends partial information decomposition (PID; Williams & Beer, 2010) to the time-delayed mutual information (TDMI) of two variables, splitting it into sixteen atoms that map each kind of past information (redundant, unique, synergistic) to each kind of future information.","That ΦID (Integrated Information Decomposition) extends PID to the time-delayed mutual information of a two-element system, splitting it into 16 atoms, each pairing a kind of past PID information (redundant, unique, synergistic) with a kind of future information.",SUPPORTED,OWN,"Mediano et al. define the TDMI for Markovian dynamics (Eq. 1, pp. 2–3) and define ΦID as the atoms that sum to it (Definition 1, p. 16); the 16 atoms are the pairs of the four PID atoms Red, Un1, Un2, Syn (p. 3, Fig. 1c).",,4,Mediano2021.pdf p. 2 (printed 2); Mediano2021.pdf p. 3 (printed 3); Mediano2021.pdf p. 15 (printed 15); Mediano2021.pdf p. 17 (printed 17),0,
C002,Mediano 2025,main text,Introduction,"main PDF p. 2, line 46",sentence,"Integrated information decomposition (ΦID; Mediano et al., 2021, 2025) extends partial information decomposition (PID; Williams & Beer, 2010) to the time-delayed mutual information (TDMI) of two variables, splitting it into sixteen atoms that map each kind of past information (redundant, unique, synergistic) to each kind of future information.","That ΦID (Integrated Information Decomposition) extends PID to the time-delayed mutual information of a two-element system, splitting it into 16 atoms, each pairing a kind of past PID information (redundant, unique, synergistic) with a kind of future information.",SUPPORTED,OWN,"The TDMI is defined for Markovian dynamics in Eq. 1 (p. 2) and ΦID is defined as the atoms summing to it (Definition 1, p. 11).",,4,Mediano2025.pdf p. 2 (printed 2); Mediano2025.pdf p. 3 (printed 3); Mediano2025.pdf p. 10 (printed 10); Mediano2025.pdf p. 11 (printed 11),0,
C003,Williams 2010,main text,Introduction,"main PDF p. 2, line 46",sentence,"Integrated information decomposition (ΦID; Mediano et al., 2021, 2025) extends partial information decomposition (PID; Williams & Beer, 2010) to the time-delayed mutual information (TDMI) of two variables, splitting it into sixteen atoms that map each kind of past information (redundant, unique, synergistic) to each kind of future information.","That partial information decomposition (PID) is Williams & Beer's (2010) framework for decomposing the information that a set of sources gives about a target into redundant, unique and synergistic parts.",SUPPORTED,OWN,"Williams & Beer write 'partial information decomposition', 'PI-decomposition' and 'PI-function'; the acronym 'PID' does not occur in the paper. Their decomposition is of the information a set of sources R gives about one variable S.",,4,Williams2010.pdf p. 1; Williams2010.pdf p. 2 (printed 2); Williams2010.pdf p. 3 (printed 3); Williams2010.pdf p. 4 (printed 4),0,
C004,Luppi 2022,main text,Introduction,"main PDF p. 2, line 50",sentence,"On resting-state blood-oxygen-level-dependent (BOLD) signals it separates redundancy-dominated sensory and motor cortex from a synergy-dominated association cortex, the 'synergistic core' (Luppi et al., 2022).","Applied to resting-state BOLD signals, the decomposition (ΦID) separates redundancy-dominated sensory and motor cortex from synergy-dominated association cortex, which the work calls the 'synergistic core'.",SUPPORTED,OWN,"The quoted term 'synergistic core' matches the work exactly (title, p. 1; Discussion, p. 11, where the DMN and FPN lie 'within the brain’s synergistic core'), and the work itself uses 'synergy-dominated' and 'redundancy-dominated' (Fig. 2 title, p. 4). The work also counts the salience subnetwork and insular cortex among the redundancy-dominated regions (p. 2), and it stresses that the gradient is a relative rank difference, not an absolute comparison of synergy with redundancy (p. 15).",,7,Luppi2022.pdf p. 1 (printed 771); Luppi2022.pdf p. 2 (printed 772); Luppi2022.pdf p. 2 (printed 772); Luppi2022.pdf p. 4 (printed 774); Luppi2022.pdf p. 1 (printed 771); Luppi2022.pdf p. 11 (printed 781); Luppi2022.pdf p. 15,0,
C005,Luppi 2024,main text,Introduction,"main PDF p. 2, line 52",sentence,"Regions where synergy — in that study the whole-minus-max synergy (their Eq. 5), in ΦID terms str + stx + sty + sts — predominates over redundancy, by rank, form a 'synergistic workspace' whose integrated information (ΦR) is reduced under propofol and in disorders of consciousness (Luppi et al., 2024).",In Luppi et al. 2024 the synergistic workspace is the set of regions where synergy predominates over redundancy by rank; the synergy is the whole-minus-max synergy of their Eq. 5; the workspace's integrated information (ΦR) is reduced under propofol and in disorders of consciousness.,SUPPORTED WITH QUALIFICATION,OWN,"Eq. 5 (p. 20) is the study's only synergy formula, and it is the whole-minus-max synergy (the braces of the max are lost in the text extraction); reading it as str + stx + sty + sts is the paper's own ΦID identification. But the Results say something else: 'we focused on the persistent synergy (henceforth simply synergy)' (p. 6), which is the sts atom, following Luppi et al. 2022. The study is inconsistent with itself, and the sentence gives only the Methods formula. The ranking (pp. 6, 21) and the ΦR reduction (abstract p. 1; pp. 8, 10) hold as stated. Proposed wording: 'Regions where synergy — which that study calls the persistent synergy (p. 6) but writes as the whole-minus-max synergy of its Eq. 5, in ΦID terms str + stx + sty + sts — predominates over redundancy, by rank, form a synergistic workspace …'.",P03,6,Luppi2024.pdf p. 20 (printed 20); Luppi2024.pdf p. 6 (printed 6); Luppi2024.pdf p. 21 (printed 21); Luppi2024.pdf p. 6 (printed 6); Luppi2024.pdf p. 1 (printed 1); Luppi2024.pdf p. 10 (printed 10),0,
C006,Barrett 2015,main text,Introduction,"main PDF p. 2, line 55",sentence,"Of the nine studies read (S20 Table), seven state the minimum-mutual-information (MMI) redundancy function (Barrett, 2015; Mediano et al., 2021), six with a Gaussian estimator, and one uses the common-change-in-surprisal (CCS) function (Ince, 2017) on binarised signals (Luppi et al., 2023); where the lag's value is stated it is one repetition time (TR; Luppi et al., 2023; Down et al., 2026), on BOLD series whose lag-1 autocorrelation is high because of haemodynamic smoothing and band-pass filtering.",Barrett (2015) is a source for the minimum-mutual-information (MMI) redundancy function.,SUPPORTED,OWN,"Barrett names the 'minimum mutual information (MMI) PID' and gives its redundancy as Eq. (33), R_MMI(X;Y,Z) = min{I(X;Y), I(X;Z)} (PDF p. 5), derived as the PID to which previously proposed PIDs reduce for jointly Gaussian systems with a univariate target. The multi-target (ΦID) form is Mediano et al. (2021), cited alongside. The rest of the sentence (estimators, CCS, lag, BOLD autocorrelation) is attributed to other works.",,3,barrett2015.pdf p. 2 (printed 052802-2); barrett2015.pdf p. 5 (printed 052802-5); barrett2015.pdf p. 5 (printed 052802-5),0,
C007,Mediano 2021,main text,Introduction,"main PDF p. 2, line 55",sentence,"Of the nine studies read (S20 Table), seven state the minimum-mutual-information (MMI) redundancy function (Barrett, 2015; Mediano et al., 2021), six with a Gaussian estimator, and one uses the common-change-in-surprisal (CCS) function (Ince, 2017) on binarised signals (Luppi et al., 2023); where the lag's value is stated it is one repetition time (TR; Luppi et al., 2023; Down et al., 2026), on BOLD series whose lag-1 autocorrelation is high because of haemodynamic smoothing and band-pass filtering.","That Mediano et al. (2021) are a source for the minimum-mutual-information (MMI) redundancy function, in its ΦID (double-redundancy) form.",SUPPORTED,OWN,"The single-target MMI redundancy is Barrett's (Mediano et al. cite Barrett 2015 as [40] in the main text and [11] in the Appendix); Mediano et al.'s own contribution is the ΦID extension, Appendix Definition 2 (Eq. 7). In this 2021 preprint MMI is used only to replicate the results; the main examples use the CCS extension (p. 10).",,2,Mediano2021.pdf p. 10 (printed 10); Mediano2021.pdf p. 24 (printed 3),0,
C008,Ince 2017,main text,Introduction,"main PDF p. 2, line 55",sentence,"Of the nine studies read (S20 Table), seven state the minimum-mutual-information (MMI) redundancy function (Barrett, 2015; Mediano et al., 2021), six with a Gaussian estimator, and one uses the common-change-in-surprisal (CCS) function (Ince, 2017) on binarised signals (Luppi et al., 2023); where the lag's value is stated it is one repetition time (TR; Luppi et al., 2023; Down et al., 2026), on BOLD series whose lag-1 autocorrelation is high because of haemodynamic smoothing and band-pass filtering.",That the common-change-in-surprisal (CCS) redundancy function is Ince's (2017).,SUPPORTED,OWN,"Ince denotes the measure Iccs; the acronym 'CCS' does not occur in the article. Ince defines it for discrete variables and applies it to continuous Gaussian variables (Sec. 7); the binarisation belongs to Luppi et al. (2023), not to this work.",,2,Ince2017.pdf p. 1; Ince2017.pdf p. 11 (printed 11),0,
C009,Luppi 2023,main text,Introduction,"main PDF p. 2, line 55",sentence,"Of the nine studies read (S20 Table), seven state the minimum-mutual-information (MMI) redundancy function (Barrett, 2015; Mediano et al., 2021), six with a Gaussian estimator, and one uses the common-change-in-surprisal (CCS) function (Ince, 2017) on binarised signals (Luppi et al., 2023); where the lag's value is stated it is one repetition time (TR; Luppi et al., 2023; Down et al., 2026), on BOLD series whose lag-1 autocorrelation is high because of haemodynamic smoothing and band-pass filtering.","Luppi 2023 uses the CCS redundancy function (Ince 2017) on binarised signals, and it states its lag as one TR.",SUPPORTED WITH QUALIFICATION,OWN,"Both points hold for the main analysis: CCS (which the work also credits to Ince, 2017) with a plug-in estimator on mean-binarised signals (p. 12), and a time-step of 1 TR = 2 s (p. 3). But the work also replicates its results on continuous signals with the Gaussian JIDT solver and with the MMI redundancy function (p. 12). So it does state MMI too, as a validation, and placing it apart from the 'seven' MMI studies holds only for its primary analysis. It also ran a 4-TR timescale, for which 'No significant difference was observed' (p. 3), and it says its results 'depend on the timescale' (p. 8).",P14,4,Luppi2023.pdf p. 12 (printed 12); Luppi2023.pdf p. 12 (printed 12); Luppi2023.pdf p. 3 (printed 3); Luppi2023.pdf p. 8 (printed 8),0,
C010,Down 2026,main text,Introduction,"main PDF p. 2, line 55",sentence,"Of the nine studies read (S20 Table), seven state the minimum-mutual-information (MMI) redundancy function (Barrett, 2015; Mediano et al., 2021), six with a Gaussian estimator, and one uses the common-change-in-surprisal (CCS) function (Ince, 2017) on binarised signals (Luppi et al., 2023); where the lag's value is stated it is one repetition time (TR; Luppi et al., 2023; Down et al., 2026), on BOLD series whose lag-1 autocorrelation is high because of haemodynamic smoothing and band-pass filtering.","Down et al. 2026 states the value of its ΦID lag, and that value is one repetition time (TR).",SUPPORTED,OWN,"Down states the lag as 'one time step (TR)'. That TR is 3 s, after the 0.6-s advanced protocol is down-sampled (p. 3). p. 7 restates the lag as the regions' 'state in the next echo'. The citation of Down covers only the lag. The closing clause on lag-1 autocorrelation from haemodynamic smoothing and band-pass filtering is the paper's own statement. Down never mentions autocorrelation, although it does band-pass filter at 0.0025–0.05 Hz (p. 4). Related point: if Down is one of the 'six with a Gaussian estimator', note that Down names no estimator. It says only that it uses MMI 'as brain activity is suitably Gaussian' (pp. 5–6); see C223.",,2,Down2026.pdf p. 5 (printed 5); Down2026.pdf p. 3 (printed 3),0,
C011,Barrett 2015,main text,Introduction,"main PDF p. 2, line 61",sentence,"Barrett (2015) exhibited positive net synergy — hence positive MMI synergy, since MMI redundancy is non-negative — in a dynamical Gaussian example in which a target's own immediate past is one of the sources (his Example 1); the net synergy vanishes when the infinite pasts are the sources, while the MMI synergy stays at ½ ln(1 + α²) (his Eqs. 73 and 79–82).","In Barrett's Example 1 (an MVAR system in which X is driven by its own past and by Y's past), the immediate pasts give positive net synergy about X's present (Eq. 73), hence positive MMI synergy. With the infinite pasts the net synergy is zero (Eq. 79), but the MMI synergy stays at ½ ln(1 + α²) (Eqs. 80–82).",SUPPORTED,OWN,"In the text files the Δ of Barrett's net-synergy symbol ΔI is an unprintable control character (skipped with ' … ' in the passages above), and the ½ prefactor appears as '12' or as stacked '1'/'2' lines (the MMI-synergy formulas are quoted from the layout file). Read in the PDF, Eq. 73 is ΔI(Xt; Xt−1, Yt−1) = ½ ln(1 + α⁴) > 0, Eq. 79 is ΔI(Xt; X−t, Y−t) = 0, Eq. 81 is S_MMI(Xt; Xt−1, Yt−1) = ½ ln(1 + α²), and Eq. 82 is R_MMI = S_MMI = ½ ln(1 + α²) for the infinite pasts. Barrett states the 'hence' step himself: net synergy is a lower bound on synergy because R ≥ 0 (PDF p. 3). He also gives the one-lag MMI synergy directly in Eq. 81.",,9,barrett2015.pdf p. 7 (printed 052802-7); barrett2015.pdf p. 7 (printed 052802-7); barrett2015.pdf p. 8 (printed 052802-8); barrett2015.pdf p. 8 (printed 052802-8); barrett2015.pdf p. 8 (printed 052802-8); barrett2015.pdf p. 8 (printed 052802-8); barrett2015.pdf p. 8 (printed 052802-8); barrett2015.pdf p. 8 (printed 052802-8); barrett2015.pdf p. 3 (printed 052802-3),0,
C012,Varley 2024,main text,Introduction,"main PDF p. 2, line 64",sentence,"MMI's aggregate synergy, the same four-atom sum, cannot tell a synergistic pair from two independent autocorrelated processes (Varley, 2024, Eq. 12), and PID applied to time series rests on an assumption of independent, identically distributed samples that is often violated (Faes et al., 2025).",Varley (2024) showed that MMI's aggregate synergy cannot tell a truly synergistic pair from two independent autocorrelated processes; the sentence pinpoints this to his Eq. 12.,SUPPORTED,OWN,"Varley demonstrates the point with two Boolean toy systems: X, two independent deterministic oscillators, and Y, a parity-preserving synergistic system. It is not demonstrated on a Gaussian pair. 'The same four-atom sum' is the paper's identification of Varley's I_Syn (Eq. 3) with ΦID atoms; Varley does not decompose the synergy into atoms. The i.i.d. clause of the sentence is attributed to Faes et al. (2025) (unit C013).",P15,7,Varley2024.pdf p. 1 (printed 1); Varley2024.pdf p. 5 (printed 5); Varley2024.pdf p. 6 (printed 6); Varley2024.pdf p. 7 (printed 7); Varley2024.pdf p. 7 (printed 7); Varley2024.pdf p. 11 (printed 11); Varley2024.pdf p. 12 (printed 12),0,
C013,Faes 2025,main text,Introduction,"main PDF p. 2, line 64",sentence,"MMI's aggregate synergy, the same four-atom sum, cannot tell a synergistic pair from two independent autocorrelated processes (Varley, 2024, Eq. 12), and PID applied to time series rests on an assumption of independent, identically distributed samples that is often violated (Faes et al., 2025).","Faes et al. (2025): PID applied to time series rests on an assumption of i.i.d. samples, and that assumption is often violated.",SUPPORTED,OWN,"Faes et al. call the assumption 'implicit' and spell it out as stationary and memoryless processes (i.i.d. variables). Under that assumption, they say, PID decomposes the information shared instantaneously (at lag zero). The 'often violated' sentence cites [8–10] (Kay, Schulz & Phillips 2022, Entropy; Varley, Sporns, Schaffelhofer, Scherberger & Dann 2023, PNAS; Varley, Pope, Faskowitz & Sporns 2023, Communications Biology) as examples of such applications; the assessment itself is the authors' own. For PIDs on time-lagged variables, their separate criticism is that these cover only 'specific portions of the system dynamics'.",,1,Faes2025.pdf p. 1,0,
C014,Faes 2017,main text,Introduction,"main PDF p. 2, line 67",sentence,"Closed-form Gaussian decompositions exist for transfer entropy (Faes et al., 2017), for static systems (Barrett, 2015; Kay & Ince, 2018) and for single-target lagged PIDs of multivariate autoregressive processes with a target's own past among the sources (Barrett, 2015, Sec. V), Varley (2024) gave the aggregate identity, and the ΦID authors' worked example is a coupled autoregressive pair (Mediano et al., 2021, Fig. 5 and Appendix VI); what none of them gives is which of the sixteen atoms carry the self-information, how sts depends on a pair's lag-1 autocorrelation r₁ and lag-0 correlation q, where real region pairs sit on that dependence, whether CCS shares the property, and how much of an observed sts change the pairs' own autocorrelations carry.","Faes et al. (2017) give closed-form Gaussian decompositions of transfer entropy. The sentence also says the work does not give the ΦID self-information atoms, the r₁/q dependence of sts, where real region pairs sit, a CCS comparison, or the autocorrelation share of sts changes.",SUPPORTED,OWN,"Faes et al. describe their result as 'exact expressions' that can be 'analytically obtained' from the VAR parameters. The computation goes through state-space models and requires solving a discrete algebraic Riccati equation (DARE). 'Closed-form' is the paper's word; Faes et al. use 'closed form solutions' for the earlier VAR-based results they cite, [17,37,38] on p. 2. What they decompose is the joint transfer entropy from two sources to one target (interaction information decomposition and MMI-PID), for filtered and downsampled processes at several time scales. The negative part of the sentence holds for this work: it has no ΦID atoms, no lag-1-autocorrelation/lag-0-correlation map and no CCS, and its application is intracranial EEG, not region pairs.",P15 P16,5,Faes2017.pdf p. 1; Faes2017.pdf p. 5 (printed 5); Faes2017.pdf p. 6 (printed 6); Faes2017.pdf p. 15 (printed 15); Faes2017.pdf p. 2 (printed 2),0,
C015,Barrett 2015,main text,Introduction,"main PDF p. 2, line 67",sentence,"Closed-form Gaussian decompositions exist for transfer entropy (Faes et al., 2017), for static systems (Barrett, 2015; Kay & Ince, 2018) and for single-target lagged PIDs of multivariate autoregressive processes with a target's own past among the sources (Barrett, 2015, Sec. V), Varley (2024) gave the aggregate identity, and the ΦID authors' worked example is a coupled autoregressive pair (Mediano et al., 2021, Fig. 5 and Appendix VI); what none of them gives is which of the sixteen atoms carry the self-information, how sts depends on a pair's lag-1 autocorrelation r₁ and lag-0 correlation q, where real region pairs sit on that dependence, whether CCS shares the property, and how much of an observed sts change the pairs' own autocorrelations carry.","Barrett (2015) gives closed-form Gaussian PIDs for static systems, and in Sec. V for single-target lagged PIDs of multivariate autoregressive processes whose sources include the target's own past. The sentence also says the work does not give the ΦID-level results listed.",SUPPORTED,OWN,"Barrett's static closed form covers jointly Gaussian systems with a univariate target and sources of any dimension; full formulas for the fully univariate case are Eqs. 56–59 (PDF p. 7). He notes that it does not extend to a multivariate target. The multivariate static case is covered by Kay & Ince, cited alongside. In Sec. V the closed forms are worked out for three order-1 MVAR examples. Examples 1 and 2 include the target's own past among the sources; Example 3 does not. The general claim that the approach applies to arbitrary-length histories is stated in Sec. V and in the Discussion. Nothing in the work treats ΦID atoms, an (r₁, q) dependence, region pairs or CCS.",,6,barrett2015.pdf p. 1 (printed 052802-1); barrett2015.pdf p. 4 (printed 052802-4); barrett2015.pdf p. 6 (printed 052802-6); barrett2015.pdf p. 7 (printed 052802-7); barrett2015.pdf p. 7 (printed 052802-7); barrett2015.pdf p. 12 (printed 052802-12),0,
C016,Kay 2018,main text,Introduction,"main PDF p. 2, line 67",sentence,"Closed-form Gaussian decompositions exist for transfer entropy (Faes et al., 2017), for static systems (Barrett, 2015; Kay & Ince, 2018) and for single-target lagged PIDs of multivariate autoregressive processes with a target's own past among the sources (Barrett, 2015, Sec. V), Varley (2024) gave the aggregate identity, and the ΦID authors' worked example is a coupled autoregressive pair (Mediano et al., 2021, Fig. 5 and Appendix VI); what none of them gives is which of the sixteen atoms carry the self-information, how sts depends on a pair's lag-1 autocorrelation r₁ and lag-0 correlation q, where real region pairs sit on that dependence, whether CCS shares the property, and how much of an observed sts change the pairs' own autocorrelations carry.",Kay & Ince (2018) give closed-form Gaussian PIDs for static systems. The sentence also says the work does not give the ΦID-level results listed.,SUPPORTED,OWN,"The closed forms are for the two-predictor I_dep PID; the work also restates the MMI PID from Barrett as its Eqs. 4–7. They are computed from a covariance or correlation matrix of static Gaussian predictors and target (univariate or multivariate), and time-series (MVAR) use is mentioned only as a possible extension. 'Static' is the paper's word, not Kay & Ince's. The work does not treat ΦID atoms, autocorrelation, region pairs or the self-information property. On CCS it notes only that 'there is no closed form expression for Iccs for Gaussians' (p. 3).",,3,Kay2018.pdf p. 1; Kay2018.pdf p. 26 (printed 26); Kay2018.pdf p. 28 (printed 28),0,
C017,Varley 2024,main text,Introduction,"main PDF p. 2, line 67",sentence,"Closed-form Gaussian decompositions exist for transfer entropy (Faes et al., 2017), for static systems (Barrett, 2015; Kay & Ince, 2018) and for single-target lagged PIDs of multivariate autoregressive processes with a target's own past among the sources (Barrett, 2015, Sec. V), Varley (2024) gave the aggregate identity, and the ΦID authors' worked example is a coupled autoregressive pair (Mediano et al., 2021, Fig. 5 and Appendix VI); what none of them gives is which of the sixteen atoms carry the self-information, how sts depends on a pair's lag-1 autocorrelation r₁ and lag-0 correlation q, where real region pairs sit on that dependence, whether CCS shares the property, and how much of an observed sts change the pairs' own autocorrelations carry.","Varley (2024) gave the aggregate identity: the MMI synergy of a disintegrated pair (Eqs. 11–12). The sentence also says he does not give the atom-level, r₁/q, region-pair, CCS or autocorrelation-share results listed.",SUPPORTED,OWN,"Varley works only with the aggregate MMI synergy (Eq. 3) and Φ^WMS, never with individual ΦID atoms. He has no (r₁, q) parametrisation, no lag dependence and no CCS test; CCS is mentioned only as a critiqued alternative (p. 11). Two things come close without contradicting the sentence. His Eq. 13 expresses the change in aggregate synergy on disintegration through the instantaneous pairwise information, and on HCP data that change correlates with pairwise MI at r = 0.97 (p. 10). He also leaves open how to separate synergy driven by autocorrelation from true integration (p. 12).",,5,Varley2024.pdf p. 5 (printed 5); Varley2024.pdf p. 7 (printed 7); Varley2024.pdf p. 7 (printed 7); Varley2024.pdf p. 8 (printed 8); Varley2024.pdf p. 12 (printed 12),0,
C018,Mediano 2021,main text,Introduction,"main PDF p. 2, line 67",sentence,"Closed-form Gaussian decompositions exist for transfer entropy (Faes et al., 2017), for static systems (Barrett, 2015; Kay & Ince, 2018) and for single-target lagged PIDs of multivariate autoregressive processes with a target's own past among the sources (Barrett, 2015, Sec. V), Varley (2024) gave the aggregate identity, and the ΦID authors' worked example is a coupled autoregressive pair (Mediano et al., 2021, Fig. 5 and Appendix VI); what none of them gives is which of the sixteen atoms carry the self-information, how sts depends on a pair's lag-1 autocorrelation r₁ and lag-0 correlation q, where real region pairs sit on that dependence, whether CCS shares the property, and how much of an observed sts change the pairs' own autocorrelations carry.","That the ΦID authors' worked (Gaussian) example is a coupled autoregressive pair, shown in Fig. 5 and Appendix VI, and that Mediano et al. (2021) do not give which atoms carry the self-information, how sts depends on r₁ and q, where real region pairs sit, whether CCS shares the property, or how much of an sts change autocorrelation carries.",SUPPORTED WITH QUALIFICATION,OWN,"The coupled AR pair (A with all entries 0.4, innovation correlation c varied) is Mediano et al.'s only linear-Gaussian example; they also work through logic gates (Fig. 4), a whole-brain model (Fig. 6) and cardiorespiratory data (Fig. 7). For the AR pair they report ΦWMS and ΦR, not individual atoms. Most of the negative part holds: autocorrelation is never mentioned, there is no dependence on lag-1 or lag-0 correlation, no empirical region pairs, and their CCS/MMI comparison only replicates results. One qualification: Eq. 2 (p. 6) states which atoms make up a variable's information about its own future, AIS(X1) = Red→Red + Red→Un1 + Un1→Red + Un1→Un1 (also Fig. 3). So 'which of the sixteen atoms carry the self-information' is answered formally there, though not numerically for any system.",P04,4,Mediano2021.pdf p. 10 (printed 10); Mediano2021.pdf p. 11 (printed 11); Mediano2021.pdf p. 26 (printed 5); Mediano2021.pdf p. 6 (printed 6),0,
C019,Luppi 2024,main text,Introduction,"main PDF p. 3, line 75",sentence,"It was planned as a directional test of whether whole-brain synergy, measured as MMI-sts, is up-regulated under N,N-dimethyltryptamine (DMT), a drug that produces a state of intensified conscious content; the predicted increase was motivated by the synergistic-workspace account, in which loss of consciousness goes with reduced ΦR within the workspace (Luppi et al., 2024).",The synergistic-workspace account of Luppi et al. 2024: loss of consciousness goes with reduced ΦR within the workspace.,SUPPORTED,OWN,"The account makes no prediction about psychedelics; it names them only as future research: 'future research may also benefit from characterising the role of the synergistic workspace in the states of altered consciousness induced e.g. by psychedelics (… Timmermann et al., 2023)' (p. 14), citing the very DMT study whose data this paper analyses. The sentence's word 'motivated' fits this.",,3,Luppi2024.pdf p. 1 (printed 1); Luppi2024.pdf p. 8 (printed 8); Luppi2024.pdf p. 10 (printed 10),0,
C020,Varley 2024,main text,1. The sixteen atoms in closed form,"main PDF p. 3, line 105",sentence,"with TDMI depending on r₁ alone, and str + stx + sty + sts = S for every q: Varley's (2024) aggregate synergy (his Eq. 3), which at q = 0 is his identity for a disintegrated pair (his Eq. 12).","The sum str + stx + sty + sts equals Varley's aggregate MMI synergy, his Eq. 3. At q = 0 it equals his identity for a disintegrated pair, his Eq. 12.",SUPPORTED,OWN,"As printed, Eq. 3 lacks the 'I' before '(Xt ; Xt+1 )': it reads I_Syn(X) = (X_t; X_{t+1}) − max_i I(X^i_t; X_{t+1}), a typo in the source. Varley calls it the 'closed-form dual' of MMI that 'directly quantifies the synergy'. The name 'aggregate synergy' and its identification with str + stx + sty + sts are the paper's. Eq. 12 is derived with X¹ defined as the most informative variable (p. 6), so it gives the self-information of the other process. Varley states it for the independent twin X⊥ with the same first-order autocorrelations. Eq. 12 is not written as a function of a lag-0 correlation, so matching it to 'q = 0' is the paper's own step (an independent pair has zero lag-0 correlation).",,5,Varley2024.pdf p. 4 (printed 4); Varley2024.pdf p. 5 (printed 5); Varley2024.pdf p. 6 (printed 6); Varley2024.pdf p. 7 (printed 7); Varley2024.pdf p. 7 (printed 7),0,
C021,Mediano 2025,main text,1. The sixteen atoms in closed form,"main PDF p. 3, line 107",sentence,"That MMI-ΦID can produce negative atoms is noted by its authors (Mediano et al., 2025, SI Appendix, Sec. III.A; Luppi et al., 2026).","That the authors of MMI-ΦID note, in SI Appendix Sec. III.A, that it can produce negative atoms.",SUPPORTED,OWN,"The passage contrasts this with PID, where MMI is totally monotonic and gives a non-negative decomposition.",,1,Mediano2025_SI.pdf p. 3 (printed 3),0,
C022,Luppi 2026,main text,1. The sixteen atoms in closed form,"main PDF p. 3, line 107",sentence,"That MMI-ΦID can produce negative atoms is noted by its authors (Mediano et al., 2025, SI Appendix, Sec. III.A; Luppi et al., 2026).",The authors of MMI-ΦID (here Luppi et al. 2026) note that MMI-ΦID can produce negative atoms.,SUPPORTED,OWN,"Luppi et al. 2026 include ΦID's authors Mediano and Rosas (p. 1), so 'its authors' holds for this work.",,1,Luppi2026.pdf p. 19 (printed 795),0,
C023,Raut 2020,main text,3. The regional map,"main PDF p. 8, line 181",sentence,"In the literature the intrinsic timescale of BOLD lengthens from sensorimotor to association cortex (Raut et al., 2020; Ito et al., 2020; in single units, Murray et al., 2014), but here the network means of regional r₁ differ little (somatomotor 0.849, default 0.848, visual 0.840, the lowest cortical network).",That the intrinsic timescale of resting BOLD lengthens from sensorimotor to association cortex (Raut et al. 2020 as one of three literature sources).,SUPPORTED,OWN,"Raut et al. measure the timescale voxelwise as the lag at which the resting-state BOLD autocorrelation function falls to 0.5 (primary dataset n = 1,139); the gradient runs from unimodal sensorimotor to transmodal association cortex, with the default mode network slowest. The network means in the second half of the sentence are the paper's own data and are not attributed to Raut et al.",,3,Raut2020.pdf p. 1 (printed 20890); Raut2020.pdf p. 2 (printed 20891); Raut2020.pdf p. 2 (printed 20891),0,
C024,Ito 2020,main text,3. The regional map,"main PDF p. 8, line 181",sentence,"In the literature the intrinsic timescale of BOLD lengthens from sensorimotor to association cortex (Raut et al., 2020; Ito et al., 2020; in single units, Murray et al., 2014), but here the network means of regional r₁ differ little (somatomotor 0.849, default 0.848, visual 0.840, the lowest cortical network).",That the intrinsic timescale of resting BOLD lengthens from sensorimotor to association cortex (Ito et al. 2020 as one of three literature sources).,SUPPORTED,OWN,"Ito et al. contrast unimodal regions (visual, auditory and somatomotor networks) with transmodal regions (all other networks) rather than using the words sensorimotor/association; the timescale is the decay constant of an exponential fitted to each region's resting-state fMRI (HCP) autocorrelation function. The network means in the second half of the sentence are the paper's own data.",,3,Ito2020.pdf p. 6 (printed 6); Ito2020.pdf p. 5 (printed 5); Ito2020.pdf p. 10 (printed 10),0,
C025,Murray 2014,main text,3. The regional map,"main PDF p. 8, line 181",sentence,"In the literature the intrinsic timescale of BOLD lengthens from sensorimotor to association cortex (Raut et al., 2020; Ito et al., 2020; in single units, Murray et al., 2014), but here the network means of regional r₁ differ little (somatomotor 0.849, default 0.848, visual 0.840, the lowest cortical network).",That in single-unit recordings the intrinsic timescale likewise lengthens from sensorimotor to association cortex.,SUPPORTED WITH QUALIFICATION,OWN,"Murray et al. measured spike-count autocorrelation of single neurons in seven macaque areas (26 monkeys, task foreperiod). Sensory areas (MT, S1, S2) had the shortest timescales, parietal association cortex (LIP) intermediate ones and prefrontal areas (LPFC, OFC, ACC) the longest. No motor area was recorded, so the single-unit evidence runs from sensory to association/prefrontal cortex, not from 'sensorimotor' cortex, and it covers seven areas in monkeys. The PDF is the advance-online version, which has no printed page numbers.",P17,3,Murray2014.pdf p. 1; Murray2014.pdf p. 1; Murray2014.pdf p. 1,0,
C026,Cousineau 2005,main text,4. What the pairs' own autocorrelations and lag-0 correlations carry,"main PDF p. 11 (figure or table caption, no line numbers)",sentence,"Shading is ± 1 within-subject SEM (Cousineau, 2005; Morey, 2008): each subject's values are centred on that subject's own mean before the SEM across subjects is taken, with Morey's correction, so the bands show the uncertainty of within-subject comparisons across windows and runs and not the between-subject spread of the level, which the paper does not test; the same band is drawn on the dashed lines of (a).",Cousineau (2005): within-subject error bars by centring each subject's values on that subject's own mean.,SUPPORTED,OWN,"Not among V.S.'s PDFs; read on 22 September 2026 from the journal's open-access PDF. Morey's correction is attributed to Morey (2008), unit C027.",,0,,1,"Cousineau (2005), Tutorials in Quantitative Methods for Psychology 1(1), 42–45 — open-access PDF at tqmp.org (RegularArticles/vol01-1/p042/p042.pdf)"
C027,Morey 2008,main text,4. What the pairs' own autocorrelations and lag-0 correlations carry,"main PDF p. 11 (figure or table caption, no line numbers)",sentence,"Shading is ± 1 within-subject SEM (Cousineau, 2005; Morey, 2008): each subject's values are centred on that subject's own mean before the SEM across subjects is taken, with Morey's correction, so the bands show the uncertainty of within-subject comparisons across windows and runs and not the between-subject spread of the level, which the paper does not test; the same band is drawn on the dashed lines of (a).",Morey (2008): the correction applied to Cousineau's within-subject intervals.,SUPPORTED,OWN,"Not among V.S.'s PDFs. Morey's correction multiplies the variances by M/(M − 1), M the number of within-subject conditions.",,0,,1,"Morey (2008), Tutorials in Quantitative Methods for Psychology 4(2), 61–64 — open-access PDF at tqmp.org (RegularArticles/vol04-2/p061/p061.pdf)"
C028,Cliff 2021,main text,7. Remedies,"main PDF p. 14, line 256",sentence,"Prewhitening also has costs: on Human Connectome Project (HCP) fMRI a mutual-information test's false-positive rate rose from 42 % to over 88 % after AR(p) prewhitening (Cliff et al., 2021); making a BOLD series entirely uncorrelated may remove neuronal information carried by the haemodynamic response, a concern Honari et al. (2019) raise although their own simulation found no detrimental effect; and band-pass filtering itself reintroduces autocorrelation (Arbabshirani et al., 2014).","On HCP fMRI, the false-positive rate of a mutual-information test rose from 42 % to over 88 % after AR(p) prewhitening.",SUPPORTED,OWN,"42 % is the source's 41.8 % rounded. The test is the standard χ² test of mutual information between two unrelated, band-pass-filtered univariate HCP time series (T = 800) at the 5 % level. The source says the over-88 % result is 'not shown in the figure'. Cliff et al.'s modified Λ-test gives 4.7 % on the same data. Granger-causality χ² tests behave the same way (16.9 % rising to 90.5 %, and 66 % rising to 83.3 %, after AR(p) prewhitening).",,3,Cliff2021.pdf p. 15 (printed 013145-15); Cliff2021.pdf p. 15 (printed 013145-15); Cliff2021.pdf p. 16 (printed 013145-16),0,
C029,Honari 2019,main text,7. Remedies,"main PDF p. 14, line 256",sentence,"Prewhitening also has costs: on Human Connectome Project (HCP) fMRI a mutual-information test's false-positive rate rose from 42 % to over 88 % after AR(p) prewhitening (Cliff et al., 2021); making a BOLD series entirely uncorrelated may remove neuronal information carried by the haemodynamic response, a concern Honari et al. (2019) raise although their own simulation found no detrimental effect; and band-pass filtering itself reintroduces autocorrelation (Arbabshirani et al., 2014).","Honari et al. raise the concern that making a BOLD series entirely uncorrelated (prewhitening) may remove neuronal information carried by the haemodynamic response, yet their own simulation found no detrimental effect.",SUPPORTED,OWN,"Honari et al. hedge the result ('it appears'). Their Simulation 4 (SimTB with canonical-HRF convolution, TR 2 s, 148 volumes, AR(1) prewhitening, sliding-window TVC and k-means states) in fact gave better state estimates with prewhitening, except for State 2. The concern is also set out in their Introduction (p. 38).",,4,Honari2019.pdf p. 10 (printed 46); Honari2019.pdf p. 2 (printed 38); Honari2019.pdf p. 4 (printed 40); Honari2019.pdf p. 7 (printed 43),0,
C030,Arbabshirani 2014,main text,7. Remedies,"main PDF p. 14, line 256",sentence,"Prewhitening also has costs: on Human Connectome Project (HCP) fMRI a mutual-information test's false-positive rate rose from 42 % to over 88 % after AR(p) prewhitening (Cliff et al., 2021); making a BOLD series entirely uncorrelated may remove neuronal information carried by the haemodynamic response, a concern Honari et al. (2019) raise although their own simulation found no detrimental effect; and band-pass filtering itself reintroduces autocorrelation (Arbabshirani et al., 2014).",Band-pass filtering itself reintroduces autocorrelation (into series already prewhitened).,SUPPORTED,OWN,"Arbabshirani et al. show it on two real fMRI series: after AR(4) prewhitening, a 0.01–0.10 Hz Butterworth band-pass brings the autocorrelation back 'to an even more severe degree' than the intrinsic one (Fig. 9). They refer the related point that filtering after correction creates a more complicated problem to Davey et al. (2013). The PDF is the NIH author manuscript, which prints only manuscript page numbers ('Page 13', 'Page 28') and no journal page numbers, so printed_page is empty.",,3,Arbabshirani2014.pdf p. 13; Arbabshirani2014.pdf p. 13; Arbabshirani2014.pdf p. 28,0,
C031,Liardi 2025,main text,7. Remedies,"main PDF p. 14, line 269",sentence,"Null-model normalisation of atoms is a direction the ΦID authors have named (Liardi et al., 2025, for PID on magnetoencephalography); on the family the dependence it addresses is r₁'s route into sts, since TDMI = 2S depends on r₁ alone.","The ΦID authors (Liardi et al. 2025) have named null-model normalisation of information atoms as a direction, for PID on magnetoencephalography.",SUPPORTED,OWN,"Authorship: the author list shares Mediano, Rosas and Carhart-Harris with the ΦID paper it cites as ref. [72] (Mediano, Rosas, Carhart-Harris, Seth, Barrett); Bor is also a co-author, while the first author (Liardi) and Blackburne are not authors of [72]. Liardi et al. do more than name the direction: they introduce NuMIT and apply it to PID atoms of MEG data under ketamine, LSD and psilocybin. ΦID is named only as a possible further generalisation (p. 14). The second half of the sentence (r₁'s route into sts; TDMI = 2S) is the paper's own reasoning.",,5,Liardi2025.pdf p. 1 (printed 1); Liardi2025.pdf p. 1 (printed 1); Liardi2025.pdf p. 9 (printed 9); Liardi2025.pdf p. 14 (printed 14); Liardi2025.pdf p. 24 (printed 24),0,
C032,Huang 2018,main text,The literature,"main PDF p. 15, line 296",sentence,"A contrast between states, between groups, or across a session is exposed wherever the compared conditions differ in r₁: BOLD lag-1 autocorrelation rises in propofol sedation and falls in deep anaesthesia and in disorders of consciousness (Huang et al., 2018); in these data it fell under DMT relative to placebo and rose within the placebo run; between-group designs are exposed to any group difference in r₁ from physiology, motion, age or scanner.",BOLD lag-1 autocorrelation rises in propofol sedation and falls in deep anaesthesia and in disorders of consciousness.,SUPPORTED,OWN,"AC1 is the lag-1 autocorrelation of voxel BOLD series. In sedation the rise is graded from light to deep sedation and significant for deep sedation against wakefulness (p = 0.042). 'Deep anaesthesia' is surgical-level propofol general anaesthesia (Dataset-2, n = 12). In DOC patients (n = 21) AC1 is lower than in healthy controls, but its values lie between those of wakefulness and deep general anaesthesia. The DMT and placebo findings in the sentence are the paper's own data.",,4,Huang2018.pdf p. 1 (printed 2304); Huang2018.pdf p. 4 (printed 2307); Huang2018.pdf p. 8 (printed 2311); Huang2018.pdf p. 11 (printed 2314),0,
C033,Down 2026,main text,The literature,"main PDF p. 15, line 303",sentence,"The applicability table (S20 Table) lists nine empirical studies (Down et al., 2026; Gatica et al., 2024; Luppi et al., 2022, 2023, 2024, 2026; Nago et al., 2026; Tarchi et al., 2026; Zhang et al., 2025), whose main texts were read in full.",Down et al. 2026 is one of the nine empirical studies listed in the S20 Table. The clause 'whose main texts were read in full' describes how the authors read it.,SUPPORTED,OWN,"The only content claim is that the work is an empirical study, and it is one: ΦID applied to ADNI resting-state fMRI from 1,118 participants. 'Whose main texts were read in full' describes how the paper's authors read the work, so it is not a content claim. The Down2026 PDF contains only the main text, printed pages 1–25 of 55. The supplement it refers to (fMRIPrep boilerplate, sections 6.x) is not in the file.",,1,Down2026.pdf p. 1 (printed 1),0,
C034,Gatica 2024,main text,The literature,"main PDF p. 15, line 303",sentence,"The applicability table (S20 Table) lists nine empirical studies (Down et al., 2026; Gatica et al., 2024; Luppi et al., 2022, 2023, 2024, 2026; Nago et al., 2026; Tarchi et al., 2026; Zhang et al., 2025), whose main texts were read in full.",Gatica et al. 2024 is one of the nine empirical (fMRI ΦID) studies listed in the S20 applicability table (the rest of the sentence says their main texts were read in full).,SUPPORTED,OWN,"The only thing the sentence attributes to the work is that it is an empirical study; it applies ΦID to macaque fMRI (a reanalysis of the Verhagen et al., 2019 data). That S20 Table lists it and that its main text was read in full describe the paper and its authors' reading, not the work. The article's Supporting Information (Figs. S1–S3) is not among the text files.",,1,Gatica2024.pdf p. 4 (printed 1035),0,
C035,Luppi 2022,main text,The literature,"main PDF p. 15, line 303",sentence,"The applicability table (S20 Table) lists nine empirical studies (Down et al., 2026; Gatica et al., 2024; Luppi et al., 2022, 2023, 2024, 2026; Nago et al., 2026; Tarchi et al., 2026; Zhang et al., 2025), whose main texts were read in full.",Luppi et al. 2022 is an empirical fMRI ΦID study.,SUPPORTED,OWN,"The rest of the sentence describes the paper's own table and how its authors read the works. This describes the paper's own table and how the authors read the work. The only content it implies, that the work is an empirical study, holds: it analyses resting-state fMRI data from 100 HCP participants (p. 2), together with macaque, PET and other datasets (Methods).",,1,Luppi2022.pdf p. 2 (printed 772),0,
C036,Luppi 2023,main text,The literature,"main PDF p. 15, line 303",sentence,"The applicability table (S20 Table) lists nine empirical studies (Down et al., 2026; Gatica et al., 2024; Luppi et al., 2022, 2023, 2024, 2026; Nago et al., 2026; Tarchi et al., 2026; Zhang et al., 2025), whose main texts were read in full.",Luppi et al. 2023 is an empirical fMRI ΦID study.,SUPPORTED,OWN,"The rest of the sentence describes the paper's own table and how its authors read the works. This describes the paper's own table and how the authors read the work. The only content it implies, that the work is an empirical study, holds: it applies ΦID to fMRI data from 18 controls and 21 DOC patients (p. 2).",,1,Luppi2023.pdf p. 2 (printed 2),0,
C037,Luppi 2024,main text,The literature,"main PDF p. 15, line 303",sentence,"The applicability table (S20 Table) lists nine empirical studies (Down et al., 2026; Gatica et al., 2024; Luppi et al., 2022, 2023, 2024, 2026; Nago et al., 2026; Tarchi et al., 2026; Zhang et al., 2025), whose main texts were read in full.",Luppi et al. 2024 is an empirical fMRI ΦID study.,SUPPORTED,OWN,The rest of the sentence describes the paper's own table and how its authors read the works. Its data and methods are checked cell by cell in row 3 of S20 Table A.,,2,Luppi2024.pdf p. 4 (printed 4); Luppi2024.pdf p. 18 (printed 18),0,
C038,Luppi 2026,main text,The literature,"main PDF p. 15, line 303",sentence,"The applicability table (S20 Table) lists nine empirical studies (Down et al., 2026; Gatica et al., 2024; Luppi et al., 2022, 2023, 2024, 2026; Nago et al., 2026; Tarchi et al., 2026; Zhang et al., 2025), whose main texts were read in full.",Luppi et al. 2026 is an empirical fMRI ΦID study.,SUPPORTED,OWN,The rest of the sentence describes the paper's own table and how its authors read the works. Its data and methods are checked cell by cell in row 5 of S20 Table A.,,2,Luppi2026.pdf p. 3 (printed 779); Luppi2026.pdf p. 3 (printed 779),0,
C039,Nago 2026,main text,The literature,"main PDF p. 15, line 303",sentence,"The applicability table (S20 Table) lists nine empirical studies (Down et al., 2026; Gatica et al., 2024; Luppi et al., 2022, 2023, 2024, 2026; Nago et al., 2026; Tarchi et al., 2026; Zhang et al., 2025), whose main texts were read in full.",Nago et al. 2026 is one of the nine empirical studies listed in the S20 Table. The clause 'whose main texts were read in full' describes how the authors read it.,SUPPORTED,OWN,"The only content claim is that the work is an empirical study, and it is one: resting-state fMRI from COBRE, ABIDE-NYU and ADHD-200-NYU. 'Whose main texts were read in full' describes how the paper's authors read the work, so it is not a content claim. The Nago2026 PDF is the full 18-page article. Its Additional File (supplement) is not in the file.",,2,Nago2026.pdf p. 1; Nago2026.pdf p. 3 (printed 3),0,
C040,Tarchi 2026,main text,The literature,"main PDF p. 15, line 303",sentence,"The applicability table (S20 Table) lists nine empirical studies (Down et al., 2026; Gatica et al., 2024; Luppi et al., 2022, 2023, 2024, 2026; Nago et al., 2026; Tarchi et al., 2026; Zhang et al., 2025), whose main texts were read in full.",Tarchi et al. (2026) is one of the nine empirical studies listed in S20 Table (the rest of the sentence is about the paper's own table and how its authors read the works).,SUPPORTED,OWN,"Only the word ""empirical"" says something about the work: it analyses resting-state fMRI data from 72 patients and 74 controls, taken from the public COBRE dataset (p. 2), and calls itself a ""preliminary methodological exploration study"". That S20 Table lists the study and that its main text was read in full are statements about the paper's own table and reading, not about the work. The main text (10 pages) is complete in the text files. It refers to online Supplementary Materials (Supplementary Tables S1–S2 and Figures S1–S3, p. 5; file brb371352-sup-0001-SuppMat.docx, p. 10), which are not part of the main text and are not in the files.",,1,Tarchi2025.pdf p. 1 (printed 1),0,
C041,Zhang 2025,main text,The literature,"main PDF p. 15, line 303",sentence,"The applicability table (S20 Table) lists nine empirical studies (Down et al., 2026; Gatica et al., 2024; Luppi et al., 2022, 2023, 2024, 2026; Nago et al., 2026; Tarchi et al., 2026; Zhang et al., 2025), whose main texts were read in full.",Zhang et al. (2025) is one of the nine empirical studies listed in S20 Table (the rest of the sentence is about the paper's own table and how its authors read the works).,SUPPORTED,OWN,"Only the word ""empirical"" says something about the work: it analyses resting-state fMRI from 203 ADNI subjects, taken from the public ADNI database (p. 3) rather than collected by the authors. That S20 Table lists the study and that its main text was read in full are statements about the paper's own table and reading. The main text (20 pages) is complete in the text files, and it mentions no supplementary material.",,2,Zhang2025.pdf p. 1; Zhang2025.pdf p. 3 (printed 3),0,
C042,Luppi 2023,main text,The literature,"main PDF p. 15, line 305",sentence,"For every study within the map's scope it gives the same conditional statement, the sign of r₁ change that would produce the reported effect on the map; the primary quantity of Luppi et al. (2023), CCS emergence capacity on binarised signals, is outside the scope, and the main text of Tarchi et al. (2026) does not state its redundancy function.",The primary quantity of Luppi 2023 is emergence capacity computed with CCS redundancy on binarised signals.,SUPPORTED,OWN,"The primary quantity is the global emergence capacity: pairwise emergence capacity (downward causation + causal decoupling), averaged over region pairs and computed with CCS and a plug-in estimator on mean-binarised signals (pp. 3, 12). That this quantity lies outside the scope map is the paper's own judgement. The work also reports replications on continuous signals with the Gaussian JIDT solver and with MMI redundancy (p. 12). Their figures (Fig. S3) are in the supplement, which is not in the text files.",,3,Luppi2023.pdf p. 3 (printed 3); Luppi2023.pdf p. 12 (printed 12); Luppi2023.pdf p. 12 (printed 12),0,
C043,Tarchi 2026,main text,The literature,"main PDF p. 15, line 305",sentence,"For every study within the map's scope it gives the same conditional statement, the sign of r₁ change that would produce the reported effect on the map; the primary quantity of Luppi et al. (2023), CCS emergence capacity on binarised signals, is outside the scope, and the main text of Tarchi et al. (2026) does not state its redundancy function.",The main text of Tarchi et al. (2026) does not state which redundancy function its ΦID computation used.,SUPPORTED,OWN,"This is a claim that something is absent, and it holds. The ΦID step is described only by naming the software and referring to Luppi et al. 2021 for how the atoms are derived. A search of all 10 pages finds no redundancy function: no ""MMI"", ""minimum mutual information"", ""CCS"", ""common change"", ""redundancy function"" or ""double-redundancy"". It also finds no estimator (""Gaussian"", ""estimator"") and no lag (""lag"", ""delay"", τ). The online supplement (brb371352-sup-0001-SuppMat.docx) is not in the files, so it cannot be checked whether the supplement states the function. The sentence correctly restricts itself to the main text.",,1,Tarchi2025.pdf p. 3 (printed 3),0,
C044,Luppi 2022,main text,The literature,"main PDF p. 15, line 310",sentence,"The human (HCP) data of Luppi et al. (2022), at TR 0.72 s, fall outside the table's TR range; there the ideal-band-pass r₁ is 0.97 and ∂sts/∂r₁ = 32.8, but per unit of regional spectral difference the exposure is almost the same at every TR (S3 Text), so the derivative does not rank datasets and the exposure is not specific to TR 2 s data.",Luppi 2022's human data are HCP resting-state fMRI acquired at a TR of 0.72 s.,SUPPORTED,OWN,"Only the HCP data and the 0.72 s TR are attributed to the work. The ideal-band-pass r₁ of 0.97, ∂sts/∂r₁ = 32.8 and the comparison across TRs are the paper's own computations and do not appear in the work.",,2,Luppi2022.pdf p. 13; Luppi2022.pdf p. 16,0,
C045,Down 2026,main text,The literature,"main PDF p. 16, line 316",sentence,"On the family a change in q moves synergy and redundancy oppositely by equal amounts and a change in r₁ moves mainly sts, so synergy and redundancy moving in opposite directions (Down et al., 2026; in part, in the regional classification of Tarchi et al., 2026) is the q signature or a mixture, not the r₁ signature.",Down et al. 2026 reports synergy and redundancy moving in opposite directions: synergy falls and redundancy rises in AD compared with CN.,SUPPORTED,OWN,"Opposite movement is Down's headline CN-versus-AD result. Synergy is lower in all 232 regions and redundancy higher in a majority of them (p. 12; p. 17). The pattern is not universal. The intranetwork analysis found lower redundancy in the somatomotor network in AD (p. 12). The CN-to-MCI step showed a redundancy decrease (abstract, p. 1; p. 13). Reading the pattern as the q signature rather than the r₁ signature is the paper's own inference, not Down's.",,4,Down2026.pdf p. 1 (printed 1); Down2026.pdf p. 17 (printed 17); Down2026.pdf p. 12 (printed 12); Down2026.pdf p. 1 (printed 1),0,
C046,Tarchi 2026,main text,The literature,"main PDF p. 16, line 316",sentence,"On the family a change in q moves synergy and redundancy oppositely by equal amounts and a change in r₁ moves mainly sts, so synergy and redundancy moving in opposite directions (Down et al., 2026; in part, in the regional classification of Tarchi et al., 2026) is the q signature or a mixture, not the r₁ signature.","In the regional classification of Tarchi et al. (2026), synergy and redundancy partly moved in opposite directions: lower synergy, mostly higher redundancy in patients.",SUPPORTED,OWN,"The directions come from the signs of the coefficients of the L1-regularised region-wise logistic-regression classifier (p. 5; Figure 3, p. 6), not from region-wise group tests. There was no significant group difference in the global metrics. Redundancy went in both directions: lower in prefrontal cortex, paracingulate gyri and primary somato-motor/visual areas, higher in secondary somato-motor areas and the insula. The work does not say that synergy and redundancy changed in opposite directions within the same regions. The sentence's ""in part"" fits all of this. The reading of this pattern as the q signature is the paper's own inference.",,2,Tarchi2025.pdf p. 5 (printed 5); Tarchi2025.pdf p. 6 (printed 6),0,
C047,Luppi 2024,main text,The literature,"main PDF p. 16, line 319",sentence,"And ΦR = rtr on the symmetric family falls with a fall in either factor, so the result for sts does not carry over to ΦR (Luppi et al., 2024, 2026).","Luppi et al. 2024 report ΦR, the quantity whose behaviour on the symmetric family the sentence states.",SUPPORTED,OWN,"Only the use of ΦR is attributed. 'ΦR = rtr on the symmetric family' is the paper's own derivation (on that family the whole-minus-sum Φ is zero, so ΦR = Φ + rtr = rtr); the study does not state it.",,2,Luppi2024.pdf p. 20 (printed 20); Luppi2024.pdf p. 8 (printed 8),0,
C048,Luppi 2026,main text,The literature,"main PDF p. 16, line 319",sentence,"And ΦR = rtr on the symmetric family falls with a fall in either factor, so the result for sts does not carry over to ΦR (Luppi et al., 2024, 2026).","Luppi et al. 2026 report ΦR, the quantity whose behaviour on the symmetric family the sentence states.",SUPPORTED,OWN,"Only the use of ΦR is attributed. 'ΦR = rtr on the symmetric family' is the paper's own derivation; the study does not state it. Its Eq. 9 (p. 20) defines ΦR = Φ2008 + Red → Red, the same measure as Luppi et al. 2024's Eq. 7.",,2,Luppi2026.pdf p. 20 (printed 796); Luppi2026.pdf p. 20 (printed 796),0,
C049,Luppi 2022,main text,The literature,"main PDF p. 16, line 320",sentence,"Of the studies in the table only Luppi et al. (2022) addressed autocorrelation, which is the subject of Varley (2024).","Luppi 2022 addressed (temporal) autocorrelation, and it is the only study in the S20 Table that did.",SUPPORTED WITH QUALIFICATION,OWN,"The work addresses temporal autocorrelation only through the third of its three surrogate tests. That test uses phase-randomised series that keep each region's autocorrelation but not the correlations between regions, and it is applied to the gradient's macroscale associations (Table 1, p. 10). The work does not measure, report or remove regional autocorrelation, and its other 'autocorrelation' controls (spin tests) concern spatial autocorrelation. The paper's own S20 Table rates this 'yes, in part', so an unqualified 'addressed autocorrelation' is broader than the work. The 'only' depends on the other studies, which are not checked here.",P18,2,Luppi2022.pdf p. 18; Luppi2022.pdf p. 10 (printed 780),0,
C050,Varley 2024,main text,The literature,"main PDF p. 16, line 320",sentence,"Of the studies in the table only Luppi et al. (2022) addressed autocorrelation, which is the subject of Varley (2024).",Autocorrelation is the subject of Varley (2024).,SUPPORTED,OWN,"Varley frames the note as being about the MMI redundancy function's estimates of temporal synergy and integrated information. First-order autocorrelation is the confound behind both limitations he reports, so calling it the note's subject is a fair summary. The first half of the sentence (only Luppi et al. 2022 addressed autocorrelation) concerns other works.",,3,Varley2024.pdf p. 1 (printed 1); Varley2024.pdf p. 1 (printed 1); Varley2024.pdf p. 12 (printed 12),0,
C051,Afyouni 2019,main text,Recommendations,"main PDF p. 16, line 323",sentence,"Report the mean lag-1 autocorrelation beside sts, per condition and subject, and its contrast beside the sts contrast, with the effective sample size computed from the autocorrelation function (Afyouni et al., 2019).","The effective sample size can be computed from the autocorrelation function, as in Afyouni et al. 2019 (cited for the method behind the reporting recommendation).",SUPPORTED WITH QUALIFICATION,OWN,"Afyouni et al. review effective-degrees-of-freedom estimators computed from the autocorrelation function: Bartlett 1935 for AR(1) (Eq. 6), Quenouille 1947 (Eq. 7), its global form (Eq. 8) and Bayley–Hammersley (Eq. 9), all derived under zero cross-correlation. They report that these estimators make restrictive assumptions, fail when ρ ≠ 0 and can be severely biased when autocorrelation is weak. Their own method (xDF) uses the ACFs of both series plus instantaneous and lagged cross-correlations. An effective sample size 'computed from the autocorrelation function' is thus one Afyouni et al. review and criticise, not the one they propose. The reporting recommendation itself is this paper's.",P19,3,Afyouni2019.pdf p. 1 (printed 609); Afyouni2019.pdf p. 2 (printed 610); Afyouni2019.pdf p. 4 (printed 612),0,
C052,Barrett 2015,main text,Limitations,"main PDF p. 16, line 340",sentence,"On Gaussian systems every PID whose redundancy depends only on the source–target marginals reduces to MMI when the target is univariate (Barrett, 2015; Kay & Ince, 2018), which covers the lattice nodes with a single past or single future variable but not the joint-target nodes or the double redundancy, ΦID's own extensions (Mediano et al., 2021); so ""MMI-specific"" is not a licensed phrase, and other Gaussian PIDs could share or not share the property.","Barrett (2015): on Gaussian systems with a univariate target, every PID whose redundancy depends only on the source–target marginals reduces to MMI.",SUPPORTED,OWN,"Barrett's theorem (Sec. IV.B, proof on pp. 5–6) covers two sources of any dimension and a univariate target, among PIDs that satisfy the basic PID equations (1)–(3). His condition is that redundant and unique information depend only on the source–target marginals, which is equivalent to the paper's redundancy-only condition because unique information follows from Eqs. 2–3. His remark that the common PID 'does not extend to the case of a multivariate target' matches the paper's exclusion of joint-target nodes. The mapping onto ΦID lattice nodes and the double redundancy is the paper's, together with Mediano et al., not Barrett's. He also cautions that an alternative PID outside this class could break the formula (p. 12).",,4,barrett2015.pdf p. 2 (printed 052802-2); barrett2015.pdf p. 5 (printed 052802-5); barrett2015.pdf p. 6 (printed 052802-6); barrett2015.pdf p. 12 (printed 052802-12),0,
C053,Kay 2018,main text,Limitations,"main PDF p. 16, line 340",sentence,"On Gaussian systems every PID whose redundancy depends only on the source–target marginals reduces to MMI when the target is univariate (Barrett, 2015; Kay & Ince, 2018), which covers the lattice nodes with a single past or single future variable but not the joint-target nodes or the double redundancy, ΦID's own extensions (Mediano et al., 2021); so ""MMI-specific"" is not a licensed phrase, and other Gaussian PIDs could share or not share the property.","Kay & Ince (2018): on Gaussian systems with a univariate target, every PID whose redundancy depends only on the source–target marginals reduces to MMI.",SUPPORTED,SECONDHAND,"Kay & Ince state the result only by citing [12], 'Barrett, A.B. An exploration of synergistic and redundant information sharing in static and dynamical Gaussian systems. Phys. Rev. E 2015, 91'. The paper may therefore be citing a secondary source for Barrett's point (a supercitation), though it also cites Barrett (2015) directly in the same parenthesis. Kay & Ince add, as their own point, that I_ccs and I_dep depend on the predictor–predictor marginal and so do not reduce to MMI (pp. 3, 26). That bears on the paper's remark that other Gaussian PIDs need not share the property. Planning session: the primary source, Barrett (2015), is cited in the same parenthesis, so the reader is not sent only to the secondary source; still, what Kay & Ince say firsthand here is that CCS and their Idep are not invariant to the predictor–predictor marginal and so are not equivalent to MMI (pp. 3, 26). Proposal P05 cites them for that point instead.",P05,4,Kay2018.pdf p. 2 (printed 2); Kay2018.pdf p. 3 (printed 3); Kay2018.pdf p. 1; Kay2018.pdf p. 3 (printed 3),0,
C054,Mediano 2021,main text,Limitations,"main PDF p. 16, line 340",sentence,"On Gaussian systems every PID whose redundancy depends only on the source–target marginals reduces to MMI when the target is univariate (Barrett, 2015; Kay & Ince, 2018), which covers the lattice nodes with a single past or single future variable but not the joint-target nodes or the double redundancy, ΦID's own extensions (Mediano et al., 2021); so ""MMI-specific"" is not a licensed phrase, and other Gaussian PIDs could share or not share the property.","That the joint-target lattice nodes and the double redundancy are ΦID's own extensions, going beyond single-target PID.",SUPPORTED WITH QUALIFICATION,OWN,"Supported for the double redundancy: Mediano et al. call it 'a multi-target extension of PID’s redundancy function', and it is the only redundancy not fixed once a single-target Red(·) is chosen (p. 17). Not supported for the joint-target nodes. Under Axiom 1 (p. 16), nodes whose past or future set is a single set reduce to a PID redundancy. The Appendix (p. 23) lists Red(X1, X2; Y1Y2) and its backward counterpart among 'the single-target PIDs', and p. 3 calls a PID with the joint future as target 'a direct application of PID to the TDMI' (PID's target may be multivariate). So in Mediano et al.'s framing these nodes are ordinary PID quantities, not ΦID extensions. That Barrett's univariate-target Gaussian result does not cover them is the paper's own point; this preprint does not discuss Gaussian PIDs reducing to MMI.",P05,5,Mediano2021.pdf p. 3 (printed 3); Mediano2021.pdf p. 4 (printed 4); Mediano2021.pdf p. 16 (printed 16); Mediano2021.pdf p. 17 (printed 17); Mediano2021.pdf p. 23 (printed 2),0,
C055,Timmermann 2023,main text,Ethics statement,"main PDF p. 17, line 359",sentence,"The original study was approved by the National Research Ethics Committee London – Brent and the Health Research Authority, with written informed consent from all participants (Timmermann et al., 2023; S1 Text) [TK: the REC reference number, and the basis on which the approval or the release covers secondary use, to be obtained from C.","That the original DMT study was approved by the National Research Ethics Committee London – Brent and the Health Research Authority, and that all participants gave written informed consent.",SUPPORTED,OWN,"The work writes ""London—Brent"" (em dash) where the paper has ""London – Brent""; otherwise the committee and authority match. No REC reference number appears anywhere in the article, and it says nothing about secondary use of the data, so the [TK] items cannot be filled from this work. Singleton et al. (2025, p. 8) repeats the approval (""National Research Ethics (NRES) Committee London – Brent"").",,1,Timmerman2023.pdf p. 9 (printed 9 of 12),0,
C056,Singleton 2025,main text,Ethics statement,"main PDF p. 17, line 362",sentence,"This is a secondary analysis of pseudonymised data released by the data authors (Singleton et al., 2025); the released ratings table carries subject codes, which this analysis does not use (S1 Text).",That the pseudonymised data analysed here were released by the data authors in Singleton et al. (2025).,SUPPORTED WITH QUALIFICATION,OWN,"The release itself is stated: regional fMRI time series and intensity ratings are published in the GitHub repository singlesp/DMT_NCT and on Zenodo, and the second author (CT) collected the data. The article does not describe the released data as pseudonymised and says nothing about subject codes in the ratings table; those are properties of the repository (the paper cites S1 Text for the subject codes) and cannot be checked from the article. Planning session: no change proposed: the citation marks the release; 'pseudonymised' and the subject codes are properties of the released files, which the paper describes itself (S1 Text).",,2,Singleton2025.pdf p. 11 (printed 11); Singleton2025.pdf p. 13 (printed 13),0,
C057,Singleton 2025,main text,Dataset,"main PDF p. 17, line 366",sentence,"Data are the preprocessed regional time series released by Singleton et al. (2025), acquired by Timmermann et al. (2023): fourteen subjects (six of twenty excluded for head movement by Singleton et al., 2025), each with a DMT and a placebo run of 840 TRs at TR = 2 s, injection at TR 240 (S1 Text); with global signal regression (ts_gsr, primary) and without it (ts_demean, sensitivity), both band-passed to 0.01–0.08 Hz; Schaefer-100 parcels (Schaefer et al., 2018; Yeo et al., 2011) and 16 subcortical ones (Tian et al., 2020), one region, mean-filled for one subject, dropped for all: 115 regions and 6,555 pairs (COBIDAS checklist: S4 Text).","That the preprocessed regional time series were released by Singleton et al. (2025), who excluded six of twenty subjects for head movement (leaving fourteen), and that the released series come with and without global signal regression, band-passed to 0.01–0.08 Hz, in 100 Schaefer cortical plus 16 subcortical regions.",SUPPORTED WITH QUALIFICATION,OWN,"All stated facts about the release are in the article: regional time series published (p. 11); 6 of 20 excluded for head movement, leaving 14 (p. 8; ""0.476"" in the page text is FD 0.4 followed by reference 76); band-pass 0.01–0.08 Hz; GSR in the main pipeline with the main analyses repeated without GSR; 100 cortical (ref. 81, Schaefer) plus 16 subcortical (ref. 82, Tian) regions. Not in the article: that the public release contains both a GSR and a non-GSR (""demeaned"") version, and the names ts_gsr / ts_demean (repository details). The run length in TRs (840) and injection at TR 240, which the paper cites to S1 Text, are not stated as counts: the article gives 28-min scans, TR = 2000 ms, TA = 28.06 min and injection at the end of the 8th minute, and its full-scan EEG correlations use ""838 transitions"" (p. 9), which it does not reconcile with a volume count. Singleton analysed 116 regions; dropping one mean-filled region (115 regions, 6,555 pairs) is this paper's own step. Planning session: no change proposed: the run length and injection TR are cited to S1 Text, and the variant names to the release, not to the article.",,8,Singleton2025.pdf p. 11 (printed 11); Singleton2025.pdf p. 8 (printed 8); Singleton2025.pdf p. 8 (printed 8); Singleton2025.pdf p. 8 (printed 8); Singleton2025.pdf p. 8 (printed 8); Singleton2025.pdf p. 8 (printed 8); Singleton2025.pdf p. 10 (printed 10); Singleton2025.pdf p. 9 (printed 9),0,
C058,Timmermann 2023,main text,Dataset,"main PDF p. 17, line 366",sentence,"Data are the preprocessed regional time series released by Singleton et al. (2025), acquired by Timmermann et al. (2023): fourteen subjects (six of twenty excluded for head movement by Singleton et al., 2025), each with a DMT and a placebo run of 840 TRs at TR = 2 s, injection at TR 240 (S1 Text); with global signal regression (ts_gsr, primary) and without it (ts_demean, sensitivity), both band-passed to 0.01–0.08 Hz; Schaefer-100 parcels (Schaefer et al., 2018; Yeo et al., 2011) and 16 subcortical ones (Tian et al., 2020), one region, mean-filled for one subject, dropped for all: 115 regions and 6,555 pairs (COBIDAS checklist: S4 Text).","That the dataset (twenty subjects, each with a DMT and a placebo run at TR = 2 s, injection after the 8th minute) was acquired by Timmermann et al. (2023).",SUPPORTED,OWN,"Acquisition, 20 participants, TR = 2000 ms and injection at the end of the 8th minute of a 28-min run are all in the work. It does not give the run length or injection time in TRs (840, 240; it gives TA = 28.06 min), which the paper cites to S1 Text. The subject selection, GSR variant and parcellation described in the same sentence are Singleton's, not Timmermann's: Timmermann excluded 4 of 20 for head movement in the 8-min post-injection window (3 more for dynamic analyses), ran its main analyses without GSR (GSR only in the SI; p. 8), and used 100 Schaefer plus 12 AAL subcortical areas (p. 10).",,6,Timmerman2023.pdf p. 1 (printed 1 of 12); Timmerman2023.pdf p. 9 (printed 9 of 12); Timmerman2023.pdf p. 9 (printed 9 of 12); Timmerman2023.pdf p. 9 (printed 9 of 12); Timmerman2023.pdf p. 9 (printed 9 of 12); Timmerman2023.pdf p. 10 (printed 10 of 12),0,
C059,Schaefer 2018,main text,Dataset,"main PDF p. 17, line 366",sentence,"Data are the preprocessed regional time series released by Singleton et al. (2025), acquired by Timmermann et al. (2023): fourteen subjects (six of twenty excluded for head movement by Singleton et al., 2025), each with a DMT and a placebo run of 840 TRs at TR = 2 s, injection at TR 240 (S1 Text); with global signal regression (ts_gsr, primary) and without it (ts_demean, sensitivity), both band-passed to 0.01–0.08 Hz; Schaefer-100 parcels (Schaefer et al., 2018; Yeo et al., 2011) and 16 subcortical ones (Tian et al., 2020), one region, mean-filled for one subject, dropped for all: 115 regions and 6,555 pairs (COBIDAS checklist: S4 Text).",The Schaefer 100-parcel cortical parcellation used for the regional series comes from Schaefer et al. 2018.,SUPPORTED WITH QUALIFICATION,OWN,"The parcellation family (gwMRF, 1,489 GSP participants) is Schaefer et al.'s, but the article text describes only the 400-, 600-, 800- and 1000-parcel versions. A 100-parcel version is not mentioned: the abstract says only that 'multiresolution parcellations' are available at the GitHub link, which is not among the text files. The assignment of parcels to the Yeo et al. (2011) networks is shown for the 400-parcel version (Fig. 4). Planning session: no change proposed: the 100-parcel version is part of the multiresolution release of Schaefer et al. (2018), which is the standard citation for it.",,3,Schaefer2018.pdf p. 1 (printed 3095); Schaefer2018.pdf p. 6 (printed 3100); Schaefer2018.pdf p. 9 (printed 3103),0,
C060,Yeo 2011,main text,Dataset,"main PDF p. 17, line 366",sentence,"Data are the preprocessed regional time series released by Singleton et al. (2025), acquired by Timmermann et al. (2023): fourteen subjects (six of twenty excluded for head movement by Singleton et al., 2025), each with a DMT and a placebo run of 840 TRs at TR = 2 s, injection at TR 240 (S1 Text); with global signal regression (ts_gsr, primary) and without it (ts_demean, sensitivity), both band-passed to 0.01–0.08 Hz; Schaefer-100 parcels (Schaefer et al., 2018; Yeo et al., 2011) and 16 subcortical ones (Tian et al., 2020), one region, mean-filled for one subject, dropped for all: 115 regions and 6,555 pairs (COBIDAS checklist: S4 Text).","Yeo et al. 2011 is co-cited as a source for the Schaefer-100 parcels (in practice, the 7/17-network parcellation to which the Schaefer parcels are assigned).",SUPPORTED WITH QUALIFICATION,OWN,"Yeo et al. (2011) parcellate the cortex into 7 and 17 networks (1,000 subjects). They do not define the 100 parcels, which come from Schaefer et al. (2018), who give each parcel a Yeo network label (Schaefer Fig. 4). The co-citation fits the network labels the paper uses (e.g., somatomotor, default, visual), not the parcels themselves. Planning session: no change proposed: Yeo et al. (2011) are cited for the network labels the parcels carry.",,2,Yeo2011.pdf p. 2 (printed 1125); Yeo2011.pdf p. 4 (printed 1127),0,
C061,Tian 2020,main text,Dataset,"main PDF p. 17, line 366",sentence,"Data are the preprocessed regional time series released by Singleton et al. (2025), acquired by Timmermann et al. (2023): fourteen subjects (six of twenty excluded for head movement by Singleton et al., 2025), each with a DMT and a placebo run of 840 TRs at TR = 2 s, injection at TR 240 (S1 Text); with global signal regression (ts_gsr, primary) and without it (ts_demean, sensitivity), both band-passed to 0.01–0.08 Hz; Schaefer-100 parcels (Schaefer et al., 2018; Yeo et al., 2011) and 16 subcortical ones (Tian et al., 2020), one region, mean-filled for one subject, dropped for all: 115 regions and 6,555 pairs (COBIDAS checklist: S4 Text).",Tian et al. (2020): the 16 subcortical parcels.,SUPPORTED,OWN,"Not among V.S.'s PDFs; checked against the bioRxiv preprint, not the Nature Neuroscience version. The rest of the sentence is checked under Singleton et al. 2025 (C057), Timmermann et al. 2023 (C058), Schaefer et al. 2018 (C059) and Yeo et al. 2011 (C060).",,0,,1,"Tian et al. (2020), Nature Neuroscience 23, 1421–1432 — read as its bioRxiv preprint, 10.1101/2020.01.13.903542 v2 (not the journal version)"
C062,Imperial-MIND-lab 2026,main text,Estimator,"main PDF p. 17, line 374",sentence,"Atoms were computed with phyid (Imperial-MIND-lab, 2026; calc_PhiID, Gaussian, τ = 1) and averaged over pairs, in 14 non-overlapping, separately fitted 60-TR windows per run (W = 60; W = 30 as a second) or in one global fit per run, its local atoms averaged into 28 bins.","phyid (Imperial-MIND-lab, 2026): the function calc_PhiID, Gaussian kind, τ = 1.",SUPPORTED,OWN,"Software, checked against its code at the pinned commit (requirements.lock.txt: phyid @ …@6c5f2e9d33c985efbdf875d45cb5a2a6a5cdbf44). The windows and the averaging over pairs are the paper's own procedure.",P50,0,,3,"phyid source code at the pinned commit 6c5f2e9 (github.com/Imperial-MIND-lab/integrated-info-decomp, file phyid/calculate.py, line 154); phyid/calculate.py at 6c5f2e9, lines 184–190; phyid/measures.py at 6c5f2e9, line 28 (local entropy of the Gaussian model: natural logarithm, so nats)"
C063,Afyouni 2019,main text,Estimator,"main PDF p. 17, line 376",sentence,"For two series with these autocorrelations and zero true correlation, the effective sample size of their correlation, n / (1 + 2 Σ_k ρ_k²) (the global form of the estimator reviewed by Afyouni et al., 2019, their Eq. 8; Bartlett, 1935, gave the AR(1) case), is about 18 in a 60-TR window over six lags of the pooled placebo function (S3 Text).","n / (1 + 2 Σ_k ρ_k²) is the global form of the effective-sample-size estimator reviewed by Afyouni et al. 2019, their Eq. 8 (for two series with zero true correlation).",SUPPORTED,OWN,"With ρ₀ = 1 and a symmetric ACF, Eq. (8) equals n / (1 + 2 Σ_{k≥1} ρ_k²), so the formula matches. Afyouni et al. call it the global form of Quenouille's (1947) Eq. (7), used in neuroimaging by Fox et al. (2005) and Van Dijk et al. (2010), and derived under zero correlation, as in the sentence. The equation is garbled in the text extraction. They also credit Bartlett (1935) with the AR(1) case (their Eq. 6), consistent with the Bartlett part of the sentence. Their abstract notes the limitations of global EDF corrections. The value 'about 18' is the paper's own computation (S3 Text).",,3,Afyouni2019.pdf p. 4 (printed 612); Afyouni2019.pdf p. 4 (printed 612); Afyouni2019.pdf p. 1 (printed 609),0,
C064,Bartlett 1935,main text,Estimator,"main PDF p. 17, line 376",sentence,"For two series with these autocorrelations and zero true correlation, the effective sample size of their correlation, n / (1 + 2 Σ_k ρ_k²) (the global form of the estimator reviewed by Afyouni et al., 2019, their Eq. 8; Bartlett, 1935, gave the AR(1) case), is about 18 in a 60-TR window over six lags of the pooled placebo function (S3 Text).","Bartlett (1935) gave the AR(1) case of the effective sample size of the correlation between two mutually uncorrelated, autocorrelated series.",SUPPORTED,OWN,"Bartlett assumes lag-k serial correlation ρ^k (an AR(1)/Markov structure) and derives, for two series not correlated with each other, var(r) ≈ (1/n)(1 + ρ₁ρ₂)/(1 − ρ₁ρ₂); the formula is garbled in the text extraction. This implies an effective sample size n(1 − ρ₁ρ₂)/(1 + ρ₁ρ₂), which equals n / (1 + 2 Σ_k ρ_k²) when ρ₁ = ρ₂. He states it as a large-sample variance, with the example ρ₁ = ρ₂ = 0.6 giving 'less than half' the observations, and uses neither 'AR(1)' nor 'effective sample size'. The file name is 'Barlett1935'.",,2,Barlett1935.pdf p. 1 (printed 536); Barlett1935.pdf p. 2 (printed 537),0,
C065,Barrett 2015,main text,Redundancy functions,"main PDF p. 17, line 384",sentence,"MMI takes each single-target redundancy as the smaller single-source mutual information (Barrett, 2015) and rtr as the smallest of the four (Mediano et al., 2021, Appendix, Definition 2).","Under MMI (Barrett, 2015), each single-target redundancy is the smaller of the single-source mutual informations.",SUPPORTED,OWN,"Eq. (33), PDF p. 5 (printed 052802-5). Barrett's MMI is defined for one target and two sources, and derived for a univariate Gaussian target. The rule for the double redundancy rtr belongs to Mediano et al. (2021).",,2,barrett2015.pdf p. 5 (printed 052802-5); barrett2015.pdf p. 12 (printed 052802-12),0,
C066,Mediano 2021,main text,Redundancy functions,"main PDF p. 17, line 384",sentence,"MMI takes each single-target redundancy as the smaller single-source mutual information (Barrett, 2015) and rtr as the smallest of the four (Mediano et al., 2021, Appendix, Definition 2).","That under MMI the ΦID double redundancy rtr is the smallest of the four single-source, single-target mutual informations (Appendix, Definition 2).",SUPPORTED,OWN,"Defined as the bottom-node atom I∂,MMI^{{1}{2}→{1}{2}} := min_{i,j} I(Xi; Yj). At the bottom node the atom equals the redundancy, and i, j ∈ {1, 2} gives the four mutual informations. In the 2025 SI Appendix the same definition is Definition 1 (Eq. 5). The single-target half of the sentence cites Barrett (2015) and is not checked here.",,1,Mediano2021.pdf p. 24 (printed 3),0,
C067,Ince 2017,main text,Redundancy functions,"main PDF p. 17, line 385",sentence,"CCS (Ince, 2017) is a single-target redundancy function; its ΦID extension (Mediano et al., 2021, Appendix, Definition 1; 2025, SI Appendix, Definition 2) takes the double redundancy as the pointwise double co-information at the samples whose marginal and full pointwise mutual informations share a sign; phyid applies a different fifth condition (S3 Text).",That CCS (Ince 2017) is a single-target redundancy function.,SUPPORTED,OWN,"Ince does not use the word 'single-target'. Iccs(S; A1, …, An) is a redundancy about one target S, defined within the PID. The implementation also allows multivariate Gaussian targets (p. 32).",,2,Ince2017.pdf p. 1; Ince2017.pdf p. 12 (printed 12),0,
C068,Mediano 2021,main text,Redundancy functions,"main PDF p. 17, line 385",sentence,"CCS (Ince, 2017) is a single-target redundancy function; its ΦID extension (Mediano et al., 2021, Appendix, Definition 1; 2025, SI Appendix, Definition 2) takes the double redundancy as the pointwise double co-information at the samples whose marginal and full pointwise mutual informations share a sign; phyid applies a different fifth condition (S3 Text).","That Mediano et al.'s ΦID extension of CCS (2021 Appendix, Definition 1) takes the double redundancy as the pointwise double co-information summed over the samples where the marginal and full pointwise mutual informations share a sign.",SUPPORTED,OWN,"Mediano et al. call c(x; y) a local 'multi-target co-information' (the paper's 'pointwise double co-information'). Eq. 6 sums c over the sample set S. The text does not say which or how many 'marginal pointwise mutual informations' enter the sign condition. Treating the full mutual information as a 'fifth' condition, after four single-source, single-target ones, is the paper's reading.",,1,Mediano2021.pdf p. 24 (printed 3),0,
C069,Mediano 2021,main text,The closed form,"main PDF p. 18, line 394",sentence,"its block determinants and the Möbius inversion of Mediano et al. (2021), a linear system with no sign constraint, give the atoms of Results 1, checked to 4 × 10⁻¹⁵ (S3 Text).","That Mediano et al.'s Möbius inversion, which gives the atoms from the redundancies, is a linear system with no sign constraint.",SUPPORTED,OWN,"The text does not say 'no sign constraint' in words. It follows from Eqs. 8–9 (p. 16), which define the atoms by linear equalities only; Axiom 2 constrains the redundancies, not the atoms.",,3,Mediano2021.pdf p. 16 (printed 16); Mediano2021.pdf p. 17 (printed 17); Mediano2021.pdf p. 24 (printed 3),0,
C070,Alexander-Bloch 2018,main text,Regional maps,"main PDF p. 18, line 401",sentence,"The correlations were spin-tested with 10,000 rotations of the 99 cortical parcels (Alexander-Bloch et al., 2018; rotations of Váša et al., 2018, released with the data; S5 Table), and the residual map's network structure with the same rotations, subcortex fixed (S3 Text).",Alexander-Bloch et al. (2018): the spin test (random rotations of the cortical sphere).,SUPPORTED WITH QUALIFICATION,OWN,"Supported by the abstract only: the full text could not be obtained (PMC returned a reCAPTCHA page). It opens in a browser at PMC6095687. The parcel-level rotations are Váša et al.'s (C071). Planning session: no change proposed: S5 Text already says this work was checked against its abstract only. The full text is at PubMed Central, PMC6095687.",,0,,1,"Alexander-Bloch et al. (2018), NeuroImage 178, 540–551 — abstract on PubMed (PMID 29860082); the full text on PubMed Central (PMC6095687) returned a reCAPTCHA page on 22 and 28 September 2026"
C071,Váša 2018,main text,Regional maps,"main PDF p. 18, line 401",sentence,"The correlations were spin-tested with 10,000 rotations of the 99 cortical parcels (Alexander-Bloch et al., 2018; rotations of Váša et al., 2018, released with the data; S5 Table), and the residual map's network structure with the same rotations, subcortex fixed (S3 Text).","Váša et al. (2018): the parcel rotations, released with the data.",SUPPORTED,OWN,Not among V.S.'s PDFs; Methods and Results read on the publisher's page on 22 September 2026.,,0,,3,"Váša et al. (2018), Cerebral Cortex 28(1), 281–294 — article page at academic.oup.com (cercor/article/28/1/281/4566555), Methods and Results only; Váša et al. (2018), as above; the data release singlesp/DMT_NCT at commit 77af7aa (external/DMT_NCT/)"
C072,Theiler 1992,main text,Inference,"main PDF p. 18, line 412",sentence,"A phase-randomised surrogate (Theiler et al., 1992), pre-specified as a second null, is reported as a check of stationarity; motion control residualised window means on framewise displacement. ΦR is TDMI − I(X;X′) − I(Y;Y′) + rtr.",Theiler et al. (1992): the phase-randomised surrogate.,CANNOT CHECK,n/a,"The full text is not open access and was not read. The abstract describes the method of surrogate data but does not name phase randomisation; Prichard & Theiler (1994, among V.S.'s PDFs, p. 1) credit phase randomisation to it (their ref. [8]). Bibliographic details match. The S5 Text already says this work was checked against its bibliographic record only. Planning session: no change proposed: S5 Text already says this work was checked against its bibliographic record only.",,0,,2,"Theiler et al. (1992), Physica D 58, 77–94 — abstract on ScienceDirect (pii 016727899290102S); the full text is not open access; Prichard & Theiler (1994) — Prichard1994.pdf, among V.S.'s PDFs, PDF page 1 (secondary: it cites Theiler et al. 1992 as its ref. [8])"
C073,Wu 2013,main text,Remedies,"main PDF p. 19, line 438",sentence,"HRF deconvolution used rsHRF 1.7.0 (Wu et al., 2013, 2021; S2 Text).","Wu et al. 2013 is cited, with Wu et al. 2021, as the source of the HRF deconvolution method run through rsHRF 1.7.0.",SUPPORTED,OWN,"Wu et al. (2013) present a blind HRF deconvolution for resting-state BOLD: pseudo-events at large signal peaks, a canonical HRF with temporal and dispersion derivatives, and Wiener-filter deconvolution. The paper runs this method through rsHRF, but Wu et al. (2013) never name rsHRF or give a version number; their code was posted at a personal URL. The toolbox name and version 1.7.0 rest on Wu et al. (2021), which is not among the text files, and on the paper's own S2 Text.",,4,Wu2013.pdf p. 1 (printed 365); Wu2013.pdf p. 2 (printed 366); Wu2013.pdf p. 8 (printed 372); Wu2013.pdf p. 9 (printed 373),0,
C074,Wu 2021,main text,Remedies,"main PDF p. 19, line 438",sentence,"HRF deconvolution used rsHRF 1.7.0 (Wu et al., 2013, 2021; S2 Text).","Wu et al. (2013, 2021): rsHRF, the HRF-deconvolution toolbox (version 1.7.0 used).",SUPPORTED,OWN,"Not among V.S.'s PDFs (Wu 2013 is, unit C073). The version 1.7.0 is the software's own version number, not stated in the 2021 paper (which names Matlab version 2.4).",,0,,1,"Wu et al. (2021), NeuroImage 244, 118591 — open-access article page on ScienceDirect (pii S1053811921008648)"
C075,Singleton 2025,main text,Data and code availability,"main PDF p. 20, line 488",sentence,"Time series, ratings, framewise displacement and the EEG regressor are from https://github.com/singlesp/DMT_NCT (Singleton et al., 2025; Zenodo 10.5281/zenodo.15177511; upstream commit 77af7aa), cloned into `external/DMT_NCT/` and not redistributed; the release carries no licence file, and the data are used with the written agreement of the data collectors and the derivative authors.","That the time series, intensity ratings, framewise displacement and the EEG Lempel–Ziv regressor are released in the GitHub repository singlesp/DMT_NCT by Singleton et al. (2025), archived on Zenodo as 10.5281/zenodo.15177511.",SUPPORTED WITH QUALIFICATION,OWN,"The repository URL and the Zenodo DOI match the article exactly. The article lists the released data as ""Regional fMRI time-series, LZ, structural connectome, regional receptor densities, and intensity ratings""; framewise displacement is not listed (the article uses FD only as the scrubbing threshold and as a group-averaged covariate, pp. 2, 8–9). LZ is listed, but the article does not say the released LZ is the HRF-convolved regressor (p. 9 says the channel-averaged LZ was HRF-convolved for its own correlations). The commit hash, the absence of a licence file, the local clone and the data-use agreement are not article content; the article's own CC BY 4.0 licence (p. 13) covers the article, and nothing is said about a licence for the repository.",P48,4,Singleton2025.pdf p. 11 (printed 11); Singleton2025.pdf p. 13 (printed 13); Singleton2025.pdf p. 9 (printed 9); Singleton2025.pdf p. 2 (printed 2),0,
C076,Luppi 2022,main text,Competing interests,"main PDF p. 21, line 534",sentence,"V.S. is preparing an application for a PhD position in the Cognition and Consciousness Imaging Group, Division of Anaesthesia, University of Cambridge, whose members authored Luppi et al. (2022, 2024), the studies whose estimator this paper analyses; this work was produced in part as evidence of competence for that application, as the repository's public record states.","Luppi 2022 was authored by members of the Cognition and Consciousness Imaging Group, Division of Anaesthesia, University of Cambridge, and it uses the estimator the paper analyses.",SUPPORTED WITH QUALIFICATION,OWN,"The first page gives affiliation 1, the Division of Anaesthesia, School of Clinical Medicine, University of Cambridge, for three authors: A. I. Luppi, D. K. Menon and E. A. Stamatakis. The other seven authors have other affiliations. The work never names the Cognition and Consciousness Imaging Group (no occurrence on any page), so membership of that group cannot be confirmed from it; only the Division affiliation can. The work's estimator is MMI redundancy with the Gaussian JIDT solver (p. 14).",P01,4,Luppi2022.pdf p. 1 (printed 771); Luppi2022.pdf p. 1 (printed 771); Luppi2022.pdf p. 14; Luppi2022.pdf p. 14,0,
C077,Luppi 2024,main text,Competing interests,"main PDF p. 21, line 534",sentence,"V.S. is preparing an application for a PhD position in the Cognition and Consciousness Imaging Group, Division of Anaesthesia, University of Cambridge, whose members authored Luppi et al. (2022, 2024), the studies whose estimator this paper analyses; this work was produced in part as evidence of competence for that application, as the repository's public record states.","Members of the Cognition and Consciousness Imaging Group, Division of Anaesthesia, University of Cambridge, authored Luppi et al. 2024.",SUPPORTED WITH QUALIFICATION,OWN,"Luppi, Menon and Stamatakis carry affiliation 2, the University Division of Anaesthesia, Cambridge (p. 1). The work never names the Cognition and Consciousness Imaging Group, so membership of it cannot be confirmed from the work. The same members also authored two other studies this paper examines: Luppi et al. 2023 (affiliation a, Division of Anaesthesia, p. 1) and Luppi et al. 2026 (affiliation 1, Division of Anaesthesia, p. 26). The statement names only 2022 and 2024. Luppi et al. 2026 also lists S. Parker Singleton among its authors (p. 1), which the statement does not disclose.",P01,2,Luppi2024.pdf p. 1 (printed 1); Luppi2024.pdf p. 1 (printed 1),0,
C078,Timmermann 2023,main text,Competing interests,"main PDF p. 21, line 537",sentence,"C.T. is a co-author of Timmermann et al. (2023), the source of the data, and of Singleton et al. (2025); S.P.S. is the first author of Singleton et al. (2025), the source of the released derivatives.","That C.T. (Christopher Timmermann) is an author of Timmermann et al. (2023), and that this work is the source of the data.",SUPPORTED,OWN,"Christopher Timmermann is the first and corresponding author (superscript 1, ""To whom correspondence may be addressed"") and designed and performed the research, so ""co-author"" is correct but ""first author"" would be more precise. That the paper's C.T. is Christopher Timmermann is assumed; the work cannot show it. The work also states that its fMRI and EEG data were deposited on GitHub (timmer500/DMT_Imaging, p. 11).",P01 P02,3,Timmerman2023.pdf p. 1 (printed 1 of 12); Timmerman2023.pdf p. 1 (printed 1 of 12); Timmerman2023.pdf p. 1 (printed 1 of 12),0,
C079,Singleton 2025,main text,Competing interests,"main PDF p. 21, line 537",sentence,"C.T. is a co-author of Timmermann et al. (2023), the source of the data, and of Singleton et al. (2025); S.P.S. is the first author of Singleton et al. (2025), the source of the released derivatives.","That C.T. (Christopher Timmermann) is a co-author and S.P.S. (S. Parker Singleton) the first author of Singleton et al. (2025), and that this work is the source of the released derivatives.",SUPPORTED,OWN,"S. Parker Singleton is listed first (and is the corresponding author, p. 13); Christopher Timmermann is listed second and ""designed the original study and collected the EEG-fMRI data"". That the paper's C.T. and S.P.S. are these authors is assumed; the work cannot show it.",,3,Singleton2025.pdf p. 1 (printed 1); Singleton2025.pdf p. 13 (printed 13); Singleton2025.pdf p. 11 (printed 11),0,
C080,Timmermann 2023,S1 Text,S1 Text. The original pre-specified analysis and its results,SI PDF p. 3,sentence,"This wording follows the approval statement of Timmermann et al. (2023), which names the committee but gives no reference number.",That the ethics approval statement of Timmermann et al. (2023) names the approving committee but gives no approval reference number.,SUPPORTED,OWN,"The statement names the National Research Ethics Committee London—Brent and the Health Research Authority and gives no reference number; no REC or approval number appears anywhere in the 12 article pages (searched). The SI Appendix is not among the text files and was not checked. Singleton et al. (2025, p. 8) likewise names the committee without a number.",,1,Timmerman2023.pdf p. 9 (printed 9 of 12),0,
C081,Singleton 2025,S1 Text,S1 Text. The original pre-specified analysis and its results,SI PDF p. 3,sentence,"The present work is a secondary analysis of pseudonymised, parcellated regional time series and per-TR framewise displacement released by the data authors (Singleton et al., 2025); no new data were collected and no participant was contacted.","That Singleton et al. (2025) released pseudonymised, parcellated regional time series and per-TR framewise displacement.",SUPPORTED WITH QUALIFICATION,OWN,"The release of parcellated regional time series is stated (100 cortical plus 16 subcortical regions). The article's list of released data does not include framewise displacement (FD appears only as the scrubbing threshold and as a group-averaged covariate), and the article does not describe the data as pseudonymised; both may be true of the repository but cannot be checked from the article. Planning session: no change proposed: framewise displacement is in the release (the repository at commit 77af7aa), which the citation marks; the article's own list omits it.",,3,Singleton2025.pdf p. 11 (printed 11); Singleton2025.pdf p. 8 (printed 8); Singleton2025.pdf p. 2 (printed 2),0,
C082,Timmermann 2023,S1 Text,S1 Text. The original pre-specified analysis and its results,SI PDF p. 3,sentence,"Drug order was counterbalanced across the two testing days, two weeks apart, half the participants receiving placebo first (Timmermann et al., 2023); the analysed runs are the first, task-free session of each day.","That in the original study drug order was counterbalanced across two testing days two weeks apart, with half the participants receiving placebo first.",SUPPORTED,OWN,"The work gives two testing days two weeks apart and a counter-balanced order in which half the participants received placebo and half DMT; it does not literally say ""first"" or ""across days"" (Singleton et al. 2025, p. 8, spells out the day-by-day order), and calls the design ""pseudo-randomized"". The half/half split refers to all 20 participants; the split among the 14 analysed subjects is not reported. The work also confirms the clause that follows the citation: the first session of each day was the task-free one (""In this initial session (task free)"").",,3,Timmerman2023.pdf p. 9 (printed 9 of 12); Timmerman2023.pdf p. 9 (printed 9 of 12); Timmerman2023.pdf p. 2 (printed 2 of 12),0,
C083,Imperial-MIND-lab 2026,S1 Text,S1 Text. The original pre-specified analysis and its results,SI PDF p. 3,sentence,"Region 20 (0-based; LH_DorsAttn_Post_6), constant across the DMT run of subject 8 and confirmed by the data authors as a mean-filled replacement, was dropped for all subjects and both conditions before any result was computed, leaving 115 regions and 6,555 pairs; one non-finite TR was dropped. ΦID atoms were computed with phyid (Imperial-MIND-lab, 2026, at the pinned commit), calc_PhiID(kind='gaussian', tau=1) with redundancy 'MMI' or 'CCS': a Gaussian model of (x_t, y_t, x_{t+1}, y_{t+1}), sixteen local atoms per time point, in nats; whole-brain values are means over the 6,555 pairs.","phyid (Imperial-MIND-lab, 2026) at the pinned commit: calc_PhiID(kind='gaussian', tau=1) with redundancy 'MMI' or 'CCS'; a Gaussian model of (x_t, y_t, x_{t+1}, y_{t+1}); local atoms per time point, in nats.",SUPPORTED,OWN,Checked against the code at the pinned commit. The dropped region and the averaging over pairs are the paper's own procedure.,,0,,4,"phyid source code at the pinned commit 6c5f2e9 (github.com/Imperial-MIND-lab/integrated-info-decomp, file phyid/calculate.py, line 154); phyid/calculate.py at 6c5f2e9, lines 184–190; phyid/measures.py at 6c5f2e9, line 28 (local entropy of the Gaussian model: natural logarithm, so nats); phyid/measures.py at 6c5f2e9, lines 56, 75, 94, 106"
C084,Theiler 1992,S1 Text,S1 Text. The original pre-specified analysis and its results,SI PDF p. 4,sentence,"A phase-randomised surrogate of the TR-resolution whole-brain local series per subject and condition (1,000 surrogates; Theiler et al., 1992), re-averaged into the same windows, is reported in the tables as a stationarity check of the derived series and carries no inference; motion control regressed window-mean values on window-mean FD within each subject and condition and recomputed the DiD on the residuals.",Theiler et al. (1992): the phase-randomised surrogate.,CANNOT CHECK,n/a,As C072. Planning session: no change proposed (as C072).,,0,,2,"Theiler et al. (1992), Physica D 58, 77–94 — abstract on ScienceDirect (pii 016727899290102S); the full text is not open access; Prichard & Theiler (1994) — Prichard1994.pdf, among V.S.'s PDFs, PDF page 1 (secondary: it cites Theiler et al. 1992 as its ref. [8])"
C085,Luppi 2024,S1 Text,S1 Text. The original pre-specified analysis and its results,SI PDF p. 4,sentence,"**The hypothesis and the rule.** The study was pre-specified in a git-tracked record (`manuscript/analysis_record.md`) as a directional test of whether whole-brain synergy (the ΦID atom sts under the Gaussian MMI estimator at lag one TR) is up-regulated under N,N-dimethyltryptamine, motivated by the synergistic-workspace account, in which loss of consciousness goes with reduced integrated information (ΦR) within the workspace (Luppi et al., 2024); the predicted direction was an increase, and the hypothesis extrapolates from that account rather than being its prediction.","The synergistic-workspace account of Luppi et al. 2024, in which loss of consciousness goes with reduced ΦR within the workspace; the paper's hypothesis extrapolates from it.",SUPPORTED,OWN,"'The hypothesis extrapolates from that account rather than being its prediction' holds: the study names psychedelics only as future research (p. 14), citing Timmermann et al. 2023.",,3,Luppi2024.pdf p. 1 (printed 1); Luppi2024.pdf p. 8 (printed 8); Luppi2024.pdf p. 14 (printed 14),0,
C086,Timmermann 2023,S1 Text,S1 Text. The original pre-specified analysis and its results,SI PDF p. 4,sentence,"The ratings were collected in a later session of the same day than the analysed runs (Timmermann et al., 2023; Singleton et al., 2025), which is why they enter no result of the main text.","That the intensity ratings were collected in a second scanning session later on the same day as the analysed (first, task-free) runs.",SUPPORTED,OWN,"The work does not say how long after the first session the second one took place (Singleton et al. 2025 gives at least two hours). The reason given in the sentence (""which is why they enter no result of the main text"") is this paper's own choice; Timmermann et al. did use these later-session ratings as covariates for the analysed runs.",,3,Timmerman2023.pdf p. 9 (printed 9 of 12); Timmerman2023.pdf p. 9 (printed 9 of 12); Timmerman2023.pdf p. 9 (printed 9 of 12),0,
C087,Singleton 2025,S1 Text,S1 Text. The original pre-specified analysis and its results,SI PDF p. 4,sentence,"The ratings were collected in a later session of the same day than the analysed runs (Timmermann et al., 2023; Singleton et al., 2025), which is why they enter no result of the main text.","That the intensity ratings were collected in a second scanning session later on the same day as the analysed (first, task-free) runs.",SUPPORTED,OWN,"Singleton adds that the ratings session came at least two hours after the first, once participants had returned to baseline. Like Timmermann et al., it still correlates these ratings with the analysed runs; leaving them out of the main results is this paper's own choice.",,4,Singleton2025.pdf p. 8 (printed 8); Singleton2025.pdf p. 2 (printed 2); Singleton2025.pdf p. 3 (printed 3); Singleton2025.pdf p. 8 (printed 8),0,
C088,Wu 2013,S2 Text,"S2 Text. The ΦR exploration and HRF deconvolution, and why it was closed",SI PDF p. 6,sentence,"**HRF deconvolution.** The regional series were deconvolved with rsHRF 1.7.0 (Wu et al., 2013, 2021) in a sandbox described in `notes/rev_deconv.py` (the deconvolved `.mat` merged under `notes/review_results/deconv/`, `scripts/01` rerun on it there; the resulting files carry `git=nogit`), and the pipeline was rerun unchanged.","Wu et al. 2013 is cited, with Wu et al. 2021, as the source of the HRF deconvolution method (rsHRF 1.7.0) applied to the regional series.",SUPPORTED,OWN,"Wu et al. (2013) present the resting-state blind HRF deconvolution (pseudo-events, canonical HRF with derivatives, Wiener filter) but never name rsHRF or a version; the name and version 1.7.0 rest on Wu et al. (2021), which is not among the text files. The sandbox, file paths and rerun are the paper's own procedure.",,4,Wu2013.pdf p. 1 (printed 365); Wu2013.pdf p. 2 (printed 366); Wu2013.pdf p. 8 (printed 372); Wu2013.pdf p. 9 (printed 373),0,
C089,Wu 2021,S2 Text,"S2 Text. The ΦR exploration and HRF deconvolution, and why it was closed",SI PDF p. 6,sentence,"**HRF deconvolution.** The regional series were deconvolved with rsHRF 1.7.0 (Wu et al., 2013, 2021) in a sandbox described in `notes/rev_deconv.py` (the deconvolved `.mat` merged under `notes/review_results/deconv/`, `scripts/01` rerun on it there; the resulting files carry `git=nogit`), and the pipeline was rerun unchanged.","Wu et al. (2013, 2021): rsHRF 1.7.0.",SUPPORTED,OWN,As C074.,,0,,1,"Wu et al. (2021), NeuroImage 244, 118591 — open-access article page on ScienceDirect (pii S1053811921008648)"
C090,Barrett 2015,S3 Text,2. The CCS definition check,SI PDF p. 10,sentence,"Under MMI each single-target redundancy is the smaller of the two single-source mutual informations (Barrett, 2015) and the double redundancy rtr is the smallest of the four single-source, single-target mutual informations (Mediano et al., 2021, Appendix, Definition 2).","Under MMI (Barrett, 2015), each single-target redundancy is the smaller of the two single-source mutual informations.",SUPPORTED,OWN,"Eq. (33), PDF p. 5 (printed 052802-5): R_MMI(X;Y,Z) = min{I(X;Y), I(X;Z)} for one target and two sources. The rule for the double redundancy rtr belongs to Mediano et al. (2021).",,2,barrett2015.pdf p. 5 (printed 052802-5); barrett2015.pdf p. 12 (printed 052802-12),0,
C091,Mediano 2021,S3 Text,2. The CCS definition check,SI PDF p. 10,sentence,"Under MMI each single-target redundancy is the smaller of the two single-source mutual informations (Barrett, 2015) and the double redundancy rtr is the smallest of the four single-source, single-target mutual informations (Mediano et al., 2021, Appendix, Definition 2).","That under MMI the double redundancy rtr is the smallest of the four single-source, single-target mutual informations (Appendix, Definition 2).",SUPPORTED,OWN,"Defined as the bottom-node atom I∂,MMI^{{1}{2}→{1}{2}} := min_{i,j} I(Xi; Yj), the minimum over the four I(Xi; Yj). In the 2025 SI Appendix the same definition is Definition 1 (Eq. 5). The single-target half of the sentence cites Barrett (2015) and is not checked here.",,1,Mediano2021.pdf p. 24 (printed 3),0,
C092,Ince 2017,S3 Text,2. The CCS definition check,SI PDF p. 10,sentence,"Under CCS (Ince, 2017) a single-target redundancy is the local co-information at the samples where the constituent local mutual informations and the co-information share a sign, and zero elsewhere.","That under Ince's CCS the single-target redundancy is the local co-information where the local mutual informations (each source and the joint) and the co-information share a sign, and zero elsewhere.",SUPPORTED WITH QUALIFICATION,OWN,"The sign rule is Ince's (Eq. 30): the local information of each source, the joint local information and the local co-information must share a sign, otherwise the local term is 0. One detail differs. Ince defines Iccs as the expectation of this local term over P̃, a maximum-entropy distribution built from the observed P (Definition 2, p. 13), and computes the local co-information under P̃. The sentence instead speaks of the observed samples. Planning session: no change proposed: the section goes on (C099) to show that for two Gaussian sources Ince's distribution is the fitted Gaussian, at whose samples the rule is applied.",,1,Ince2017.pdf p. 12 (printed 12),0,
C093,Mediano 2021,S3 Text,2. The CCS definition check,SI PDF p. 10,sentence,"The ΦID double redundancy under CCS is defined by Mediano et al. (2021, Appendix, Definition 1; 2025, SI Appendix, Definition 2) as the pointwise double co-information c(x; y), summed over the samples at which all marginal pointwise mutual informations and the pointwise full mutual information i(x; y) share a sign.","That Mediano et al. (2021, Appendix, Definition 1) define the CCS double redundancy as c(x; y) summed over the samples where all marginal pointwise mutual informations and the pointwise full mutual information i(x; y) share a sign.",SUPPORTED,OWN,"The wording matches, including 'i(x; y)' for the pointwise full mutual information in the 2021 text. The 2025 SI Appendix writes this symbol as 'I(X; Y )'. Mediano et al. call c(x; y) a local 'multi-target co-information'.",,1,Mediano2021.pdf p. 24 (printed 3),0,
C094,Ince 2017,S3 Text,2. The CCS definition check,SI PDF p. 10,sentence,"The double co-information is the signed sum, an inclusion–exclusion over the product lattice, of the pointwise redundancy function at its fifteen nodes other than the bottom node rtr: the local mutual information at the nine nodes whose past and future sets are each a single set, and the local single-target CCS redundancy (Ince, 2017) at the six nodes with two separate past or two separate future variables (Mediano et al., 2021, Appendix, Eq. 5; 2025, SI Appendix, Eq. 6). `phyid` implements a different mask: it keeps c at the samples where the four single-source, single-target local mutual informations and c itself share a sign, so its fifth sign condition is that of the double co-information rather than of the full mutual information.",That the local single-target CCS redundancy used at six lattice nodes is Ince's (2017) pointwise redundancy.,SUPPORTED,OWN,"Ince's local term is ∆s hcom (Eq. 30), computed under the maximum-entropy distribution P̃. Placing it at the six nodes of the ΦID product lattice is Mediano et al.'s construction, not Ince's.",,1,Ince2017.pdf p. 12 (printed 12),0,
C095,Mediano 2021,S3 Text,2. The CCS definition check,SI PDF p. 10,sentence,"The double co-information is the signed sum, an inclusion–exclusion over the product lattice, of the pointwise redundancy function at its fifteen nodes other than the bottom node rtr: the local mutual information at the nine nodes whose past and future sets are each a single set, and the local single-target CCS redundancy (Ince, 2017) at the six nodes with two separate past or two separate future variables (Mediano et al., 2021, Appendix, Eq. 5; 2025, SI Appendix, Eq. 6). `phyid` implements a different mask: it keeps c at the samples where the four single-source, single-target local mutual informations and c itself share a sign, so its fifth sign condition is that of the double co-information rather than of the full mutual information.","That Mediano et al.'s double co-information c(x; y) (2021 Appendix, Eq. 5) is the signed inclusion–exclusion sum, over the product-lattice nodes other than the bottom node, of the pointwise redundancy function, which is pointwise mutual information or Ince's single-target CCS redundancy.",SUPPORTED,OWN,"The sum runs over A2, all product-lattice nodes except the lowest (15 of 16), with sign (−1)^{f(α,β)+1}. The pointwise redundancy is 'the standard pointwise mutual information and a single-target PID redundancy function', here CCS. The split into nine mutual-information nodes and six CCS nodes is the paper's own count; it is correct under Axiom 1 but not stated in the text. The second sentence, on phyid's mask, describes software, not this work. Mediano et al. do not say how many 'marginal pointwise mutual informations' their sign condition includes, so 'fifth sign condition' is the paper's reading.",,1,Mediano2021.pdf p. 24 (printed 3),0,
C096,Mediano 2025,S3 Text,2. The CCS definition check,SI PDF p. 10,sentence,"On the lattice c ≡ rtr − sts (deviation ≤ 3 × 10⁻¹⁵; the SI Appendix of Mediano et al., 2025, states the same identity, c(x; y) = I∂^{{1}{2}→{1}{2}} − I∂^{{12}→{12}}), so under either mask CCS-sts is 0 at the selected samples and −c elsewhere, and its whole-brain value is the average of that quantity over all samples.",That the Mediano 2025 SI Appendix states the identity c(x; y) = I∂^{{1}{2}→{1}{2}} − I∂^{{12}→{12}}.,SUPPORTED WITH QUALIFICATION,OWN,"The SI Appendix (Sec. III.B, p. 3) states the identity for the pointwise atoms: c(x; y) = i∂^{{1}{2}→{1}{2}}(x; y) − i∂^{{12}→{12}}(x; y), with lower-case i∂ and argument (x; y). The paper writes capital I∂, the symbol for the averaged atoms, without the argument. The paper's own use of the identity (applied sample by sample) is the pointwise one the SI states. The same identity is in the 2021 preprint (Mediano2021.pdf p. 24).",P20,2,Mediano2025_SI.pdf p. 3 (printed 3); Mediano2025_SI.pdf p. 4 (printed 4),0,
C097,Mediano 2025,S3 Text,2. The CCS definition check,SI PDF p. 11,sentence,"The journal version (Mediano et al., 2025, SI Appendix, Definition 2) retains the definition verbatim on the sign condition, the samples ""for which all marginal pointwise mutual informations, as well as the pointwise full mutual information I(X; Y), have the same sign"" (checked 15 September 2026).","That the 2025 SI Appendix (Definition 2) keeps the 2021 sign condition word for word, quoted as the samples 'for which all marginal pointwise mutual informations, as well as the pointwise full mutual information I(X; Y), have the same sign'.",SUPPORTED WITH QUALIFICATION,OWN,"The quotation matches the 2025 text; the space before ')' in the page text is an extraction artefact. 'Verbatim' holds for the words but not for the symbol. The 2021 preprint (Mediano2021.pdf p. 24, Appendix Definition 1) has 'the pointwise full mutual information i(x; y)'; the 2025 SI Appendix has 'I(X; Y )'. The pointwise lower-case symbol became the capital symbol normally used for average mutual information. The label also changed (Definition 1, Eq. 6 → Definition 2, Eq. 7), and 2025 adds a note that CCS is computed with respect to p(x, y). The date 'checked 15 September 2026' cannot be checked against the work.",P21,1,Mediano2025_SI.pdf p. 4 (printed 4),0,
C098,Mediano 2025,S3 Text,2. The CCS definition check,SI PDF p. 11,sentence,"CCS is computed here, as in `phyid`, with respect to the fitted Gaussian of the four-vector, p(x, y), which is what the SI Appendix of Mediano et al. (2025) states for their own results.","That the Mediano 2025 SI Appendix states that, for the authors' own results, CCS is computed with respect to p(x, y), the (Gaussian) distribution of the system.",SUPPORTED,OWN,"The SI Appendix says 'the distribution of the system of interest, p(x, y)' and names the function 'the Gaussian CCS double-redundancy function'. The Gaussian assumption is stated in Sec. III.A. 'Fitted Gaussian of the four-vector' is the paper's wording.",,2,Mediano2025_SI.pdf p. 3 (printed 3); Mediano2025_SI.pdf p. 4 (printed 4),0,
C099,Ince 2017,S3 Text,2. The CCS definition check,SI PDF p. 11,sentence,"For two Gaussian sources this is also Ince's published construction: the constraints of his maximum-entropy distribution P̂ (Ince, 2017, Definition 2 — both source–target marginals and the joint source marginal) fix every entry of the covariance, so P̂ is the fitted Gaussian and no projection arises; the conditionally independent distribution of his earlier construction (Ince, 2017, Definition 3) would differ and is not used.","That Ince's published construction uses a maximum-entropy distribution P̂ (Definition 2) constrained by the source–target marginals and the joint source marginal, that for two Gaussian sources P̂ is the fitted Gaussian (no projection), and that his earlier construction (Definition 3) used a conditionally independent distribution.",SUPPORTED WITH QUALIFICATION,OWN,"Stated by Ince: the constraints of P̂ (Eq. 31: each source–target marginal and the joint marginal of the sources, Q(A1, …, An) = P(A1, …, An)); that Definition 3 (P̂ind, source–target marginals only) comes from 'a previous version of this manuscript'; and that his examples use P̂, not P̂ind. His prose on p. 12 calls the second constraint 'the n-variate joint target marginal distribution', but the equation constrains the sources. Not stated by Ince: that for Gaussian sources P̂ is the fitted Gaussian (Sec. 7 applies Iccs 'directly to continuous variables' without discussing P̂), and that P̂ind is 'conditionally independent'. Both are the paper's own, mathematically standard, inferences. Planning session: no change proposed: the two points Ince does not state are presented as the paper's reasoning ('fix every entry of the covariance, so …'), and both are standard (the maximum-entropy distribution under source–target marginals alone makes the sources conditionally independent given the target).",,4,Ince2017.pdf p. 12 (printed 12); Ince2017.pdf p. 13 (printed 13); Ince2017.pdf p. 18 (printed 18); Ince2017.pdf p. 31 (printed 31),0,
C100,Mediano 2025,S3 Text,"3. The closed form: checks, the coupled family, and the τ = 1 non-separability argument",SI PDF p. 11,sentence,"The four mirror atoms are negative on the whole family; that MMI-ΦID can produce negative atoms is noted by its authors (Mediano et al., 2025, SI Appendix, Sec. III.A; Luppi et al., 2026), and under MMI the redundancy and synergy atoms are guaranteed non-negative while many of the others can take negative values (Down et al., 2026).","That the authors of MMI-ΦID note, in SI Appendix Sec. III.A, that it can produce negative atoms.",SUPPORTED,OWN,"The rest of the sentence (the four mirror atoms; MMI's non-negative redundancy and synergy atoms) is attributed to the paper itself and to Down et al. (2026), not to this work.",,1,Mediano2025_SI.pdf p. 3 (printed 3),0,
C101,Luppi 2026,S3 Text,"3. The closed form: checks, the coupled family, and the τ = 1 non-separability argument",SI PDF p. 11,sentence,"The four mirror atoms are negative on the whole family; that MMI-ΦID can produce negative atoms is noted by its authors (Mediano et al., 2025, SI Appendix, Sec. III.A; Luppi et al., 2026), and under MMI the redundancy and synergy atoms are guaranteed non-negative while many of the others can take negative values (Down et al., 2026).",The authors of MMI-ΦID (here Luppi et al. 2026) note that MMI-ΦID can produce negative atoms.,SUPPORTED,OWN,"Same passage as C022. The rest of the sentence (the four mirror atoms are negative on the family; which MMI atoms are guaranteed non-negative) is the paper's own result and Down et al. 2026's statement, not attributed to this work.",,1,Luppi2026.pdf p. 19 (printed 795),0,
C102,Down 2026,S3 Text,"3. The closed form: checks, the coupled family, and the τ = 1 non-separability argument",SI PDF p. 11,sentence,"The four mirror atoms are negative on the whole family; that MMI-ΦID can produce negative atoms is noted by its authors (Mediano et al., 2025, SI Appendix, Sec. III.A; Luppi et al., 2026), and under MMI the redundancy and synergy atoms are guaranteed non-negative while many of the others can take negative values (Down et al., 2026).","Down et al. 2026 states that under MMI the redundancy and synergy atoms are guaranteed non-negative, while many of the other atoms can take negative values.",SUPPORTED,OWN,"Down writes 'guarantees the positivity' and elsewhere calls the two terms 'non-negative' (p. 7). It says the other atoms 'can occasionally take negative values'; the paper drops 'occasionally'. Down states the guarantee without derivation or citation. Its only citation here, [18] (Finn & Lizier 2018), is for how negative values are interpreted.",P23,2,Down2026.pdf p. 7 (printed 7); Down2026.pdf p. 9 (printed 9),0,
C103,Mediano 2021,S3 Text,"3. The closed form: checks, the coupled family, and the τ = 1 non-separability argument",SI PDF p. 12,sentence,"The ΦID authors' own worked example is a coupled AR pair (Mediano et al., 2021, Fig. 5 and Appendix VI), the symmetric coupled family of this section with self- and cross-coefficient 0.4 (their c is the innovation correlation, which they vary); the family with zero cross-coefficient is the diagonal family used here.","That the ΦID authors' worked example (Fig. 5, Appendix VI) is a symmetric coupled AR pair with self- and cross-coefficients 0.4, in which the innovation correlation c is varied.",SUPPORTED,OWN,"Fig. 5 plots ΦWMS and ΦR against the noise correlation from 0 to 1. A has all entries 0.4 and the innovations have unit variance. The main text credits the notation c to their Ref. [19] (Mediano, Seth & Barrett 2019).",,3,Mediano2021.pdf p. 10 (printed 10); Mediano2021.pdf p. 11 (printed 11); Mediano2021.pdf p. 26 (printed 5),0,
C104,Alexander-Bloch 2018,S3 Text,"4. The scope map, the overlay, the within-window regression and the regional maps",SI PDF p. 14,sentence,"Across the 115 regions regional sts correlates with regional r₁ at Pearson +0.863 (Spearman +0.835); on the 99 cortical parcels Spearman +0.771, spin p < 0.0001 over 10,000 parcel rotations (the spin test of Alexander-Bloch et al., 2018, with the rotations of Váša et al., 2018, released with the data); per subject the correlation across regions is +0.756 [+0.715, +0.790] (a subject-bootstrap percentile interval; no per-subject vector of this correlation is saved), positive in 14 of 14.",Alexander-Bloch et al. (2018): the spin test.,SUPPORTED WITH QUALIFICATION,OWN,As C070: supported by the abstract; full text not obtained. Planning session: no change proposed (as C070).,,0,,1,"Alexander-Bloch et al. (2018), NeuroImage 178, 540–551 — abstract on PubMed (PMID 29860082); the full text on PubMed Central (PMC6095687) returned a reCAPTCHA page on 22 and 28 September 2026"
C105,Váša 2018,S3 Text,"4. The scope map, the overlay, the within-window regression and the regional maps",SI PDF p. 14,sentence,"Across the 115 regions regional sts correlates with regional r₁ at Pearson +0.863 (Spearman +0.835); on the 99 cortical parcels Spearman +0.771, spin p < 0.0001 over 10,000 parcel rotations (the spin test of Alexander-Bloch et al., 2018, with the rotations of Váša et al., 2018, released with the data); per subject the correlation across regions is +0.756 [+0.715, +0.790] (a subject-bootstrap percentile interval; no per-subject vector of this correlation is saved), positive in 14 of 14.","Váša et al. (2018): the parcel rotations, released with the data.",SUPPORTED,OWN,As C071.,,0,,3,"Váša et al. (2018), Cerebral Cortex 28(1), 281–294 — article page at academic.oup.com (cercor/article/28/1/281/4566555), Methods and Results only; Váša et al. (2018), as above; the data release singlesp/DMT_NCT at commit 77af7aa (external/DMT_NCT/)"
C106,Váša 2018,S3 Text,"Per-subject version (regional sts from results/regional_atoms_bins, placebo bins 1–8; regional r₁ recomputed as partB11, placebo windows 1–4)",SI PDF p. 15,sentence,"The network structure of both maps was spin-tested afterwards (B22 (e); record, the B22 pre-run entry and outcome of 23 September 2026; `partB/aligned_directed_tables.md`): the eight-class one-way F (the seven Yeo networks and the subcortex) is 16.933 for the unpartialled map (spin p = 0.0564) and 8.146 for the residual map (spin p = 0.0009), over 10,000 rotations of the cortical values (the rotations of Váša et al., 2018, released with the data; region 20's missing value dropped wherever it lands; the 16 subcortical values fixed).","Váša et al. (2018): the parcel rotations, released with the data.",SUPPORTED,OWN,As C071. The eight-class F statistic and its handling of region 20 are the paper's own.,,0,,2,"Váša et al. (2018), Cerebral Cortex 28(1), 281–294 — article page at academic.oup.com (cercor/article/28/1/281/4566555), Methods and Results only; the data release singlesp/DMT_NCT at commit 77af7aa (external/DMT_NCT/)"
C107,Huang 2018,S3 Text,"5. The DMT contrast: collinearity, leverage and the CCS contrast",SI PDF p. 16,sentence,"The drift's source is not identified; lower arousal later in a session is one candidate, since BOLD lag-1 autocorrelation rises in propofol sedation (Huang et al., 2018).",BOLD lag-1 autocorrelation rises in propofol sedation.,SUPPORTED,OWN,"Huang et al. show a graded increase of AC1 from wakefulness to light and deep propofol sedation (significant for deep sedation, p = 0.042). The idea that lower arousal later in a session may explain the drift is the paper's own inference by analogy: Huang et al. studied pharmacological sedation, not arousal drift within an unsedated session.",,2,Huang2018.pdf p. 1 (printed 2304); Huang2018.pdf p. 4 (printed 2307),0,
C108,Mediano 2025,S3 Text,"5. The DMT contrast: collinearity, leverage and the CCS contrast",SI PDF p. 19,sentence,"It is not read as a DMT finding for two stated reasons and one rule; the definition is not among them, the journal's SI Appendix (Mediano et al., 2025, Definition 2) retaining Definition 1 verbatim on the sign condition (section 2 of this text).",That the 2025 SI Appendix (Definition 2) keeps the 2021 Definition 1 word for word on the sign condition.,SUPPORTED WITH QUALIFICATION,OWN,"The wording is identical except for one symbol. 2021 has 'the pointwise full mutual information i(x; y)'; 2025 has 'I(X; Y )'. 'Definition 1' here means the 2021 Appendix's CCS definition; in the 2025 SI Appendix, Definition 1 is MMI.",P22,1,Mediano2025_SI.pdf p. 4 (printed 4),0,
C109,Down 2026,S3 Text,10. The applicability table,SI PDF p. 36,sentence,"Its Table A lists, for each of nine empirical fMRI ΦID studies (Down et al., 2026; Gatica et al., 2024; Luppi et al., 2022, 2023, 2024, 2026; Nago et al., 2026; Tarchi et al., 2026; Zhang et al., 2025) and for Varley (2024) and Mediano et al. (2025), the data (N, TR), parcellation, preprocessing (band, nuisance, HRF deconvolution), the quantity reported, the redundancy function, estimator and lag, whether autocorrelation was addressed, the reported effect, and the scope-map reading — the sign of r₁ change that would produce the reported effect on the map, in the same conditional form for every study.","Down et al. 2026 is an empirical fMRI ΦID study, one of the nine listed in S20 Table A.",SUPPORTED,OWN,The rest of the sentence lists the columns of the paper's Table A and says nothing about the work. Down's row of the table is checked cell by cell in C218–C226.,,2,Down2026.pdf p. 1 (printed 1); Down2026.pdf p. 7 (printed 7),0,
C110,Gatica 2024,S3 Text,10. The applicability table,SI PDF p. 36,sentence,"Its Table A lists, for each of nine empirical fMRI ΦID studies (Down et al., 2026; Gatica et al., 2024; Luppi et al., 2022, 2023, 2024, 2026; Nago et al., 2026; Tarchi et al., 2026; Zhang et al., 2025) and for Varley (2024) and Mediano et al. (2025), the data (N, TR), parcellation, preprocessing (band, nuisance, HRF deconvolution), the quantity reported, the redundancy function, estimator and lag, whether autocorrelation was addressed, the reported effect, and the scope-map reading — the sign of r₁ change that would produce the reported effect on the map, in the same conditional form for every study.","Gatica et al. 2024 is one of the nine empirical fMRI ΦID studies whose data, preprocessing, estimator and reported effect are tabulated in S20 Table A.",SUPPORTED,OWN,The rest of the sentence describes the columns of the paper's own table. The specific facts entered for this study are checked in the S20 row-4 units (C200–C208).,,2,Gatica2024.pdf p. 4 (printed 1035); Gatica2024.pdf p. 14 (printed 1045),0,
C111,Luppi 2022,S3 Text,10. The applicability table,SI PDF p. 36,sentence,"Its Table A lists, for each of nine empirical fMRI ΦID studies (Down et al., 2026; Gatica et al., 2024; Luppi et al., 2022, 2023, 2024, 2026; Nago et al., 2026; Tarchi et al., 2026; Zhang et al., 2025) and for Varley (2024) and Mediano et al. (2025), the data (N, TR), parcellation, preprocessing (band, nuisance, HRF deconvolution), the quantity reported, the redundancy function, estimator and lag, whether autocorrelation was addressed, the reported effect, and the scope-map reading — the sign of r₁ change that would produce the reported effect on the map, in the same conditional form for every study.",Luppi et al. 2022 is an empirical fMRI ΦID study.,SUPPORTED,OWN,The rest of the sentence describes the paper's own table and how its authors read the works. This describes the columns of the paper's own table. The classification it implies holds: the work applies Integrated Information Decomposition to resting-state fMRI (p. 2). The table cells themselves are checked under C173–C181.,,1,Luppi2022.pdf p. 2 (printed 772),0,
C112,Luppi 2023,S3 Text,10. The applicability table,SI PDF p. 36,sentence,"Its Table A lists, for each of nine empirical fMRI ΦID studies (Down et al., 2026; Gatica et al., 2024; Luppi et al., 2022, 2023, 2024, 2026; Nago et al., 2026; Tarchi et al., 2026; Zhang et al., 2025) and for Varley (2024) and Mediano et al. (2025), the data (N, TR), parcellation, preprocessing (band, nuisance, HRF deconvolution), the quantity reported, the redundancy function, estimator and lag, whether autocorrelation was addressed, the reported effect, and the scope-map reading — the sign of r₁ change that would produce the reported effect on the map, in the same conditional form for every study.",Luppi et al. 2023 is an empirical fMRI ΦID study.,SUPPORTED,OWN,The rest of the sentence describes the paper's own table and how its authors read the works. This describes the columns of the paper's own table. The classification it implies holds: the work applies ΦID to fMRI data (p. 2). The table cells themselves are checked under C182–C190.,,1,Luppi2023.pdf p. 2 (printed 2),0,
C113,Luppi 2024,S3 Text,10. The applicability table,SI PDF p. 36,sentence,"Its Table A lists, for each of nine empirical fMRI ΦID studies (Down et al., 2026; Gatica et al., 2024; Luppi et al., 2022, 2023, 2024, 2026; Nago et al., 2026; Tarchi et al., 2026; Zhang et al., 2025) and for Varley (2024) and Mediano et al. (2025), the data (N, TR), parcellation, preprocessing (band, nuisance, HRF deconvolution), the quantity reported, the redundancy function, estimator and lag, whether autocorrelation was addressed, the reported effect, and the scope-map reading — the sign of r₁ change that would produce the reported effect on the map, in the same conditional form for every study.",Luppi et al. 2024 is an empirical fMRI ΦID study.,SUPPORTED,OWN,The rest of the sentence describes the paper's own table and how its authors read the works. Its data and methods are checked cell by cell in row 3 of S20 Table A.,,2,Luppi2024.pdf p. 4 (printed 4); Luppi2024.pdf p. 18 (printed 18),0,
C114,Luppi 2026,S3 Text,10. The applicability table,SI PDF p. 36,sentence,"Its Table A lists, for each of nine empirical fMRI ΦID studies (Down et al., 2026; Gatica et al., 2024; Luppi et al., 2022, 2023, 2024, 2026; Nago et al., 2026; Tarchi et al., 2026; Zhang et al., 2025) and for Varley (2024) and Mediano et al. (2025), the data (N, TR), parcellation, preprocessing (band, nuisance, HRF deconvolution), the quantity reported, the redundancy function, estimator and lag, whether autocorrelation was addressed, the reported effect, and the scope-map reading — the sign of r₁ change that would produce the reported effect on the map, in the same conditional form for every study.",Luppi et al. 2026 is an empirical fMRI ΦID study.,SUPPORTED,OWN,The rest of the sentence describes the paper's own table and how its authors read the works. Its data and methods are checked cell by cell in row 5 of S20 Table A.,,2,Luppi2026.pdf p. 3 (printed 779); Luppi2026.pdf p. 3 (printed 779),0,
C115,Nago 2026,S3 Text,10. The applicability table,SI PDF p. 36,sentence,"Its Table A lists, for each of nine empirical fMRI ΦID studies (Down et al., 2026; Gatica et al., 2024; Luppi et al., 2022, 2023, 2024, 2026; Nago et al., 2026; Tarchi et al., 2026; Zhang et al., 2025) and for Varley (2024) and Mediano et al. (2025), the data (N, TR), parcellation, preprocessing (band, nuisance, HRF deconvolution), the quantity reported, the redundancy function, estimator and lag, whether autocorrelation was addressed, the reported effect, and the scope-map reading — the sign of r₁ change that would produce the reported effect on the map, in the same conditional form for every study.","Nago et al. 2026 is an empirical fMRI ΦID study, one of the nine listed in S20 Table A.",SUPPORTED,OWN,The rest of the sentence lists the columns of the paper's Table A and says nothing about the work. Nago's row of the table is checked in C227–C235. Nago's abstract calls the method an approach 'based on Partial Information Decomposition'; its Methods name it ΦID (pp. 3–4).,,2,Nago2026.pdf p. 3 (printed 3); Nago2026.pdf p. 1,0,
C116,Tarchi 2026,S3 Text,10. The applicability table,SI PDF p. 36,sentence,"Its Table A lists, for each of nine empirical fMRI ΦID studies (Down et al., 2026; Gatica et al., 2024; Luppi et al., 2022, 2023, 2024, 2026; Nago et al., 2026; Tarchi et al., 2026; Zhang et al., 2025) and for Varley (2024) and Mediano et al. (2025), the data (N, TR), parcellation, preprocessing (band, nuisance, HRF deconvolution), the quantity reported, the redundancy function, estimator and lag, whether autocorrelation was addressed, the reported effect, and the scope-map reading — the sign of r₁ change that would produce the reported effect on the map, in the same conditional form for every study.",Tarchi et al. (2026) is one of the nine empirical fMRI ΦID studies covered by S20 Table A.,SUPPORTED,OWN,The rest of the sentence describes the columns of the paper's own Table A. The individual cells for this study (row 9) are checked in units C245–C253.,,1,Tarchi2025.pdf p. 1 (printed 1),0,
C117,Zhang 2025,S3 Text,10. The applicability table,SI PDF p. 36,sentence,"Its Table A lists, for each of nine empirical fMRI ΦID studies (Down et al., 2026; Gatica et al., 2024; Luppi et al., 2022, 2023, 2024, 2026; Nago et al., 2026; Tarchi et al., 2026; Zhang et al., 2025) and for Varley (2024) and Mediano et al. (2025), the data (N, TR), parcellation, preprocessing (band, nuisance, HRF deconvolution), the quantity reported, the redundancy function, estimator and lag, whether autocorrelation was addressed, the reported effect, and the scope-map reading — the sign of r₁ change that would produce the reported effect on the map, in the same conditional form for every study.",Zhang et al. (2025) is one of the nine empirical fMRI ΦID studies covered by S20 Table A.,SUPPORTED,OWN,The work analyses resting-state fMRI from the public ADNI database. The rest of the sentence describes the columns of the paper's own Table A. The individual cells for this study (row 8) are checked in units C236–C244.,,3,Zhang2025.pdf p. 1; Zhang2025.pdf p. 1; Zhang2025.pdf p. 3 (printed 3),0,
C118,Varley 2024,S3 Text,10. The applicability table,SI PDF p. 36,sentence,"Its Table A lists, for each of nine empirical fMRI ΦID studies (Down et al., 2026; Gatica et al., 2024; Luppi et al., 2022, 2023, 2024, 2026; Nago et al., 2026; Tarchi et al., 2026; Zhang et al., 2025) and for Varley (2024) and Mediano et al. (2025), the data (N, TR), parcellation, preprocessing (band, nuisance, HRF deconvolution), the quantity reported, the redundancy function, estimator and lag, whether autocorrelation was addressed, the reported effect, and the scope-map reading — the sign of r₁ change that would produce the reported effect on the map, in the same conditional form for every study.",Nothing about Varley's content: the sentence describes the columns of the paper's own S20 Table A and names Varley (2024) as one of its rows.,NOT A CONTENT CLAIM,n/a,The sentence describes the paper's own table. The Varley (2024) row of Table A is checked cell by cell in units C254–C262.,,0,,0,
C119,Mediano 2025,S3 Text,10. The applicability table,SI PDF p. 36,sentence,"Its Table A lists, for each of nine empirical fMRI ΦID studies (Down et al., 2026; Gatica et al., 2024; Luppi et al., 2022, 2023, 2024, 2026; Nago et al., 2026; Tarchi et al., 2026; Zhang et al., 2025) and for Varley (2024) and Mediano et al. (2025), the data (N, TR), parcellation, preprocessing (band, nuisance, HRF deconvolution), the quantity reported, the redundancy function, estimator and lag, whether autocorrelation was addressed, the reported effect, and the scope-map reading — the sign of r₁ change that would produce the reported effect on the map, in the same conditional form for every study.",Nothing about the work's content: the sentence describes the columns of the paper's own S20 Table A and names Mediano et al. (2025) as one of its rows.,NOT A CONTENT CLAIM,n/a,A description of the paper's own table. The row's cells are checked separately.,,0,,0,
C120,Luppi 2022,S3 Text,10. The applicability table,SI PDF p. 36,sentence,"Its Table B gives the inputs: the atom signature of an r₁ change against a q change on the family (at (0.85, 0.25): ∂sts/∂r₁ +6.07 against ∂rtr/∂r₁ +0.06; ∂sts/∂q −0.19 against ∂rtr/∂q +0.19; at (0.97, 0.25), the point the 0.72 s band of Luppi et al. (2022) implies, the same closed form of the main text's Methods — ∂sts/∂a = 2a/(1 − a²) − aq²/(1 − a²q²) and ∂rtr/∂a = aq²/(1 − a²q²) — gives +32.8 against +0.06, of which the Discussion quotes the first; `partB/family_checks.log` holds them, the scope map's grid stopping at r₁ = 0.95); the r₁ of ideal band-passed white noise at each study's band and TR (0.008–0.09 Hz at TR 2 s → 0.78, at 1.838 s → 0.81, at 0.72 s → 0.97; 0.0025–0.05 Hz at TR 2 s → 0.93, 2.4 s → 0.90, 2.6 s → 0.89, 3 s → 0.85, 1.25 s → 0.97; 0.01–0.1 Hz at 2.0/1.0/1.2 s → 0.73/0.93/0.90; this dataset's 0.01–0.08 Hz at TR 2 s → 0.82 against a measured 0.866), which are lower bounds because real BOLD has its power at the low end of the band; the direction of the autocorrelation change in the conditions studied, from the sources read (Huang et al., 2018); and what HRF deconvolution does on this dataset (run-level r₁ 0.866 → 0.790 on ts_gsr, about 30 % of the sts level removed, the sts contrast unchanged, −0.0782 against −0.0809 at W = 60; S2 Text).","Luppi 2022's human data were band-passed at 0.008–0.09 Hz with a TR of 0.72 s, the band and TR from which the paper derives its operating point (0.97, 0.25).",SUPPORTED,OWN,"Only the band and TR come from the work. The r₁ values, the point (0.97, 0.25), both derivatives and the closed forms are the paper's own computations and are not in the work, which reports no lag-1 autocorrelation. The listed pair 0.0025–0.05 Hz at TR 2.6 s matches the work's macaque data (pp. 13–14), although the sentence does not name the work for it.",,4,Luppi2022.pdf p. 13; Luppi2022.pdf p. 13; Luppi2022.pdf p. 13; Luppi2022.pdf p. 14,0,
C121,Huang 2018,S3 Text,10. The applicability table,SI PDF p. 36,sentence,"Its Table B gives the inputs: the atom signature of an r₁ change against a q change on the family (at (0.85, 0.25): ∂sts/∂r₁ +6.07 against ∂rtr/∂r₁ +0.06; ∂sts/∂q −0.19 against ∂rtr/∂q +0.19; at (0.97, 0.25), the point the 0.72 s band of Luppi et al. (2022) implies, the same closed form of the main text's Methods — ∂sts/∂a = 2a/(1 − a²) − aq²/(1 − a²q²) and ∂rtr/∂a = aq²/(1 − a²q²) — gives +32.8 against +0.06, of which the Discussion quotes the first; `partB/family_checks.log` holds them, the scope map's grid stopping at r₁ = 0.95); the r₁ of ideal band-passed white noise at each study's band and TR (0.008–0.09 Hz at TR 2 s → 0.78, at 1.838 s → 0.81, at 0.72 s → 0.97; 0.0025–0.05 Hz at TR 2 s → 0.93, 2.4 s → 0.90, 2.6 s → 0.89, 3 s → 0.85, 1.25 s → 0.97; 0.01–0.1 Hz at 2.0/1.0/1.2 s → 0.73/0.93/0.90; this dataset's 0.01–0.08 Hz at TR 2 s → 0.82 against a measured 0.866), which are lower bounds because real BOLD has its power at the low end of the band; the direction of the autocorrelation change in the conditions studied, from the sources read (Huang et al., 2018); and what HRF deconvolution does on this dataset (run-level r₁ 0.866 → 0.790 on ts_gsr, about 30 % of the sts level removed, the sts contrast unchanged, −0.0782 against −0.0809 at W = 60; S2 Text).","Huang et al. 2018 is the source read for the direction of the autocorrelation change in the conditions studied (up in propofol sedation, down in deep anaesthesia and DoC).",SUPPORTED,OWN,"Direction in Huang et al.: AC1 rises in propofol sedation and falls in deep general anaesthesia and in DOC. Everything else in this long sentence (the family derivatives, the ideal band-pass r₁ values and the deconvolution results) is the paper's own computation and is not attributed to Huang et al.",,3,Huang2018.pdf p. 1 (printed 2304); Huang2018.pdf p. 4 (printed 2307); Huang2018.pdf p. 11 (printed 2314),0,
C122,Down 2026,S3 Text,10. The applicability table,SI PDF p. 36,sentence,"**Literature material moved from the main text on 23 September 2026.** Group differences in the synergy and redundancy atoms have been reported in Alzheimer's disease, schizophrenia and neurodevelopmental conditions (Down et al., 2026; Nago et al., 2026; Zhang et al., 2025).",Down et al. 2026 reports group differences in the synergy and redundancy atoms in Alzheimer's disease.,SUPPORTED,OWN,"The bold lead-in ('Literature material moved from the main text on 23 September 2026.') is an editorial note, not a claim about the work. Down's 'synergy' and 'redundancy' are the sts and rtr ΦID atoms (p. 6), summed per region. The AD-versus-CN differences are significant. The MCI-versus-CN regional differences did not survive FDR correction (p. 13).",,3,Down2026.pdf p. 1 (printed 1); Down2026.pdf p. 1 (printed 1); Down2026.pdf p. 12 (printed 12),0,
C123,Nago 2026,S3 Text,10. The applicability table,SI PDF p. 36,sentence,"**Literature material moved from the main text on 23 September 2026.** Group differences in the synergy and redundancy atoms have been reported in Alzheimer's disease, schizophrenia and neurodevelopmental conditions (Down et al., 2026; Nago et al., 2026; Zhang et al., 2025).","Nago et al. 2026 reports group differences in the synergy and redundancy atoms in schizophrenia and in neurodevelopmental conditions (ASD, ADHD).",SUPPORTED,OWN,"The bold lead-in is an editorial note, not a claim about the work. Nago's group differences are edge-wise t-values summarised as regional mean t-values. At the edge level, FDR correction left 'only a sparse subset of connections' (p. 8). The reported effects are significant shifts of the regional mean-t distributions (one-sample Wilcoxon tests, Fig. 1b). The redundancy difference is chiefly ASD's reduction. In SZ, redundancy changed only in SOM (down) and SUB (up) (p. 8).",,2,Nago2026.pdf p. 1; Nago2026.pdf p. 4 (printed 4),0,
C124,Zhang 2025,S3 Text,10. The applicability table,SI PDF p. 36,sentence,"**Literature material moved from the main text on 23 September 2026.** Group differences in the synergy and redundancy atoms have been reported in Alzheimer's disease, schizophrenia and neurodevelopmental conditions (Down et al., 2026; Nago et al., 2026; Zhang et al., 2025).",Zhang et al. (2025) reported group differences in the ΦID synergy and redundancy atoms in Alzheimer's disease (the sentence groups the atoms across its three citations).,SUPPORTED WITH QUALIFICATION,OWN,"For Alzheimer's disease, Zhang reports group differences in synergy only. It keeps the syn→syn atom as its connectivity measure (p. 5). It compares adjacent stages (CN–EMCI, EMCI–LMCI, LMCI–AD) on graph metrics of the synergy networks after single-subject reconstruction: global weighted clustering coefficient (Table 2, p. 9), and nodal communication capacity and degree centrality (pp. 11–12). It reports no redundancy result. Redundancy appears only in the method, as the MMI double-redundancy used inside the decomposition (p. 5). So for this work the sentence's ""synergy and redundancy atoms"" holds for synergy only. The differences are in network metrics derived from the atom, not in the atom values themselves, and they are between adjacent stages, not AD versus CN. Planning session: no change proposed: the sentence names three works for AD, schizophrenia and neurodevelopmental conditions together; Down et al. (2026) report both atoms in AD, and Zhang's abstract reports 'brain regions with declining dynamic synergy'.",,4,Zhang2025.pdf p. 1; Zhang2025.pdf p. 5 (printed 5); Zhang2025.pdf p. 11 (printed 11); Zhang2025.pdf p. 16 (printed 16),0,
C125,Varley 2024,S3 Text,10. The applicability table,SI PDF p. 37,sentence,"Varley (2024) showed, for the aggregate forward synergy of a bivariate process (in ΦID terms str + stx + sty + sts), that for a pair ""disintegrated"" while keeping each process's autocorrelation the MMI synergy equals the self-information of the less self-predictive of the two (his Eq. 12), and on 1,000 region pairs of one human subject the synergy change on disintegration correlated with pairwise mutual information at r = 0.97.","Varley (2024) showed that when a pair is disintegrated while keeping each process's autocorrelation, the MMI (aggregate forward) synergy equals the self-information of the less self-predictive process (Eq. 12). He also showed that on 1,000 region pairs of one human subject the synergy change on disintegration correlated with pairwise MI at r = 0.97.",SUPPORTED,OWN,"Varley writes the identity as I_Syn(X⊥) = I(X²_t; X²_{t+1}), with X¹ defined as the variable that maximises I(X^i; X_{t+1}). 'The less self-predictive of the two' is the paper's paraphrase, and an accurate one. The quoted word 'disintegrated' is Varley's own (e.g., p. 7). Reading the quantity as the ΦID atoms str + stx + sty + sts is the paper's step; Varley's quantity is the I_Syn of Eq. 3. On the HCP data, disintegration was a circular-shift null averaged over 100 permutations (p. 8).",,6,Varley2024.pdf p. 7 (printed 7); Varley2024.pdf p. 7 (printed 7); Varley2024.pdf p. 6 (printed 6); Varley2024.pdf p. 7 (printed 7); Varley2024.pdf p. 8 (printed 8); Varley2024.pdf p. 10 (printed 10),0,
C126,Faes 2025,S3 Text,10. The applicability table,SI PDF p. 37,sentence,"Faes et al. (2025) state the general problem — PID applied to time series rests on an implicit i.i.d. assumption that 'is typically not tested in practice and is often violated', temporal correlations have 'a profound impact' on the lag-zero decomposition, and lagged PIDs on ad hoc variables cover only 'specific portions of the system dynamics' — and propose a rate-based decomposition as the remedy (the quotations are from the arXiv version dated 7 October 2025).","Faes et al. (2025) say that PID on time series rests on an implicit i.i.d. assumption that is untested and often violated, that temporal correlations have a profound impact on the lag-zero decomposition, and that lagged PIDs on ad hoc variables cover only specific portions of the dynamics. They propose a rate-based decomposition (PIRD) as the remedy. The quotations are said to come from the version dated 7 October 2025.",SUPPORTED,OWN,"All three quotations match the text exactly. In the source, 'a profound impact' is on 'the multivariate information shared at lag zero by multiple random processes'. The paper's 'the lag-zero decomposition' is a close paraphrase; Fig. 1 (p. 3) shows lagged effects misleading the zero-lag PID atoms. The lagged-PID examples Faes et al. cite are [5, 11, 12]: Luppi et al. 2022, Nature Neuroscience; Koçillari et al. 2023; Luppi et al. 2024, eLife. The 'often violated' sentence cites [8–10] as examples of applications. The date 'October 7, 2025' matches the first page. No arXiv identifier appears in the extracted text, so 'arXiv version' cannot be confirmed from the text files.",,5,Faes2025.pdf p. 1; Faes2025.pdf p. 1; Faes2025.pdf p. 1; Faes2025.pdf p. 1; Faes2025.pdf p. 1,0,
C127,Liardi 2025,S3 Text,10. The applicability table,SI PDF p. 37,sentence,"The ΦID authors have proposed null-model normalisation of PID atoms, naming ΦID as a possible further generalisation (Liardi et al., 2025), and, in some studies, moved towards CCS redundancy (Luppi et al., 2023).",The ΦID authors have proposed null-model normalisation of PID atoms and named ΦID as a possible further generalisation (Liardi et al. 2025).,SUPPORTED,OWN,"Authorship: the author list shares Mediano, Rosas and Carhart-Harris with the ΦID paper it cites as ref. [72]; Bor is also a co-author, while the first author (Liardi) and Blackburne are not authors of [72]. The method (NuMIT) is proposed and applied for PID atoms; ΦID is named as a possible further generalisation (p. 14). The clause on CCS redundancy is about Luppi et al. (2023) and is not checked here.",,4,Liardi2025.pdf p. 1 (printed 1); Liardi2025.pdf p. 1 (printed 1); Liardi2025.pdf p. 14 (printed 14); Liardi2025.pdf p. 24 (printed 24),0,
C128,Luppi 2023,S3 Text,10. The applicability table,SI PDF p. 37,sentence,"The ΦID authors have proposed null-model normalisation of PID atoms, naming ΦID as a possible further generalisation (Liardi et al., 2025), and, in some studies, moved towards CCS redundancy (Luppi et al., 2023).","Luppi 2023, written by ΦID authors, uses CCS redundancy: an instance of the ΦID authors moving towards CCS in some studies.",SUPPORTED WITH QUALIFICATION,OWN,"The work's authors include Luppi, Mediano, Rosas and Bor, who co-authored the ΦID paper (Mediano et al., 2021, in its references, p. 16). It uses CCS (Ince, 2017) for all its main analyses (p. 12). It does not present this as a move away from MMI or explain the choice, and it replicates its results with MMI as 'an alternative definition of redundancy' (p. 12). 'Moved towards CCS' is therefore the paper's reading across studies (Luppi et al. 2022 used MMI), not something this work states.",P24,4,Luppi2023.pdf p. 1; Luppi2023.pdf p. 16 (printed 16); Luppi2023.pdf p. 12 (printed 12); Luppi2023.pdf p. 12 (printed 12),0,
C129,Faes 2017,S3 Text,10. The applicability table,SI PDF p. 37,sentence,The multiscale transfer decomposition of Faes et al. (2017) is a different object from the lag-1 ΦID atoms.,Faes et al. (2017) give a multiscale decomposition of information transfer; the paper judges it to be a different object from the lag-1 ΦID atoms.,SUPPORTED,OWN,"'A different object' is the paper's judgement. It is consistent with the source's definitions. Faes et al. decompose the joint transfer entropy from two sources to one target into IID and MMI-PID terms. That transfer entropy uses the sources' entire pasts (Y−_{i,n} = [Y_{i,n−1}, Y_{i,n−2}, …]) and conditions on the target's past, and it is computed for filtered and downsampled processes at scale τ. No ΦID atoms appear.",,5,Faes2017.pdf p. 1; Faes2017.pdf p. 1; Faes2017.pdf p. 3 (printed 3); Faes2017.pdf p. 3 (printed 3); Faes2017.pdf p. 5 (printed 5),0,
C130,Luppi 2022,S3 Text,10. The applicability table,SI PDF p. 37,sentence,"The surrogate gradient of Luppi et al. (2022) correlated with the six macroscale maps of their Table 1 at |ρ| ≤ 0.26, with one significant association (the glycolytic index, a PET measure of aerobic glycolysis: ρ = 0.26, spin p = 0.028), against 0.22–0.54 for the observed gradient, 0.40–0.54 for its four significant associations (cortical expansion, HAR-Brain gene expression, the glycolytic index and receptor diversity); its macaque dataset, at TR 2.6 s and not deconvolved, falls inside the table's TR range (S20 Table, row 1).","In Luppi 2022's Table 1 the surrogate gradient correlated with the six macroscale maps at |ρ| ≤ 0.26, only the glycolytic index (a PET measure of aerobic glycolysis) significantly (ρ = 0.26, spin p = 0.028), against 0.22–0.54 for the observed gradient (0.40–0.54 for its four significant associations); its macaque data were at TR 2.6 s and not deconvolved.",SUPPORTED WITH QUALIFICATION,OWN,"All numbers match Table 1. The phase-randomised surrogate gradient gives ρ = 0.09, 0.01, 0.17, 0.21, 0.26 and −0.16, with only GI significant (Pspin = 0.028). The original gradient gives 0.40, 0.48, 0.22, 0.28, 0.40 and 0.54, with Pspin 0.010, 0.002, 0.053, 0.059 and 0.013, and P < 0.001 for receptor diversity (values also on pp. 7–9). But Table 1 has three surrogate gradients, and the statement holds only for the phase-randomised one. The randomized-synergy surrogate reaches ρ = 0.32 with PET PC2 (Pspin = 0.020). The random-anticorrelated surrogate reaches 0.54 with receptor diversity (P < 0.001) and 0.24 with PC2 (Pspin = 0.037). 'The surrogate gradient' should therefore specify phase-randomised. Table 1 applies no multiple-comparison correction. The macaque TR of 2,600 ms and the absence of HRF deconvolution for macaque data are stated on p. 13.",P25,10,Luppi2022.pdf p. 10 (printed 780); Luppi2022.pdf p. 10 (printed 780); Luppi2022.pdf p. 10 (printed 780); Luppi2022.pdf p. 10 (printed 780); Luppi2022.pdf p. 7 (printed 777); Luppi2022.pdf p. 8 (printed 778); Luppi2022.pdf p. 9 (printed 779); Luppi2022.pdf p. 9 (printed 779); Luppi2022.pdf p. 13; Luppi2022.pdf p. 13,0,
C131,Luppi 2022,S3 Text,10. The applicability table,SI PDF p. 37,sentence,"The human (HCP) data of Luppi et al. (2022): at the stated 0.008–0.09 Hz band and TR of 0.72 s the ideal-band-pass r₁ is 0.97, where ∂sts/∂r₁ = 32.8 against ∂rtr/∂r₁ = 0.06 (Table B above); its measured regional r₁ is not reported.","Luppi 2022's HCP data were band-passed at 0.008–0.09 Hz with a TR of 0.72 s, and the work does not report measured regional r₁ (lag-1 autocorrelation).",SUPPORTED,OWN,"The ideal-band-pass r₁ of 0.97 and the two derivatives are the paper's own computations. In a search of all pages, temporal autocorrelation appears only in the description of the phase-randomised surrogates (p. 18). Every other 'autocorrelation' is spatial, and the work reports no regional autocorrelation value.",,3,Luppi2022.pdf p. 13; Luppi2022.pdf p. 13; Luppi2022.pdf p. 18,0,
C132,Wu 2013,S3 Text,10. The applicability table,SI PDF p. 37,sentence,"Its primary analysis is HRF-deconvolved (Wu et al., 2013), the gradient is replicated without deconvolution, and the authors report that deconvolution 'had negligible effects on synergy and redundancy calculations' at that TR; our own evidence that deconvolution leaves the mechanism in place (S2 Text) comes from TR 2 s data and does not transfer to TR 0.72 s.",The HRF deconvolution in that study's primary analysis is the Wu et al. 2013 method.,SUPPORTED,OWN,"Checked only what is attributed to Wu et al. (2013): that it is an HRF deconvolution method for resting-state BOLD, which it is. The rest of the sentence is about Luppi et al. (2022), the HCP study at TR 0.72 s: its primary analysis being HRF-deconvolved, the gradient replicated without deconvolution, and the quotation 'had negligible effects on synergy and redundancy calculations'. The final clause is about this paper's own S2 Text. None of that is checked against Wu et al. (2013).",,3,Wu2013.pdf p. 1 (printed 365); Wu2013.pdf p. 2 (printed 366); Wu2013.pdf p. 8 (printed 372),0,
C133,Nichols 2017,S4 Text,"S4 Text. The COBIDAS reporting checklist for MRI, filled for this secondary analysis",SI PDF p. 38,sentence,"The items follow the OHBM Committee on Best Practices in Data Analysis and Sharing report for MRI (COBIDAS, released in 2016; summarised in Nichols et al., 2017, *Nature Neuroscience* 20, 299–303), sections D (experimental design), A (acquisition), P (preprocessing), S (statistical modelling and inference), R (results) and Sh (data sharing); the item wording is paraphrased from the report's checklist, and the numbering is the report's section order, not its exact item numbers.","Nichols et al. (2017), Nature Neuroscience 20, 299–303, summarises the OHBM COBIDAS recommendations.",SUPPORTED WITH QUALIFICATION,OWN,"Title, journal, volume and pages match the publisher's page, and the abstract describes recommendations made on behalf of the OHBM. The abstract does not name COBIDAS or its 2016 release; the full text (not open access) was not read. The COBIDAS report itself was posted on bioRxiv in 2016. Planning session: no change proposed: S4 Text's reference note already says this work was not read in full.",,0,,1,"Nichols et al. (2017), Nature Neuroscience 20, 299–303 — abstract on the publisher's page (nature.com/articles/nn.4500)"
C134,Singleton 2025,S4 Text,"S4 Text. The COBIDAS reporting checklist for MRI, filled for this secondary analysis",SI PDF p. 38,sentence,"This paper is a secondary analysis of pseudonymised, parcellated, preprocessed regional time series released by the data authors (Singleton et al., 2025; acquired by Timmermann et al., 2023): no data were collected and no image was processed here, so every acquisition and image-preprocessing item is answered by pointing to the data authors' reports, and ""not applicable"" below always means ""not done in this study; reported by the data authors where the item applies to their acquisition"".","That the analysed data are pseudonymised, parcellated, preprocessed regional time series released by Singleton et al. (2025), whose report is where the image-preprocessing items are answered.",SUPPORTED WITH QUALIFICATION,OWN,"Release, preprocessing and parcellation are stated; ""pseudonymised"" is not (a repository property, not in the article). The article reports acquisition and preprocessing (p. 8), but several checklist items are only partly covered there (no distortion correction, FOV, matrix, acceleration, phase-encoding direction or software versions; see the individual S4 cells). Planning session: no change proposed: as C056; the partly reported checklist items are corrected cell by cell (P40–P47).",,3,Singleton2025.pdf p. 11 (printed 11); Singleton2025.pdf p. 8 (printed 8); Singleton2025.pdf p. 8 (printed 8),0,
C135,Timmermann 2023,S4 Text,"S4 Text. The COBIDAS reporting checklist for MRI, filled for this secondary analysis",SI PDF p. 38,sentence,"This paper is a secondary analysis of pseudonymised, parcellated, preprocessed regional time series released by the data authors (Singleton et al., 2025; acquired by Timmermann et al., 2023): no data were collected and no image was processed here, so every acquisition and image-preprocessing item is answered by pointing to the data authors' reports, and ""not applicable"" below always means ""not done in this study; reported by the data authors where the item applies to their acquisition"".","That the data were acquired by Timmermann et al. (2023), whose report is where the acquisition items are answered.",SUPPORTED,OWN,"Several acquisition items are only partly reported in the work (no FOV, matrix, acceleration, phase-encoding direction, structural-scan parameters, head restraint or mock scanning; see the individual S4 cells).",,2,Timmerman2023.pdf p. 1 (printed 1 of 12); Timmerman2023.pdf p. 9 (printed 9 of 12),0,
C136,Timmermann 2023,S4 Text,D. Experimental design,SI PDF p. 38,table cell (row: D3 Sampling frame and recruitment),Reported by Timmermann et al. (2023).,That Timmermann et al. (2023) report the sampling frame and recruitment of the participants (COBIDAS D3).,SUPPORTED WITH QUALIFICATION,OWN,"Only part of the item is reported: the population (healthy volunteers, aged 18 or over, with previous psychedelic experience) and screening at an initial visit. How participants were recruited (source, advertising, sampling frame) is not described anywhere in the article (the words ""recruit"" and ""advert"" do not occur).",P40,2,Timmerman2023.pdf p. 1 (printed 1 of 12); Timmerman2023.pdf p. 9 (printed 9 of 12),0,
C137,Timmermann 2023,S4 Text,D. Experimental design,SI PDF p. 38,table cell (row: D4 Inclusion and exclusion criteria),Recruitment criteria: Timmermann et al. (2023).,That Timmermann et al. (2023) report the recruitment (eligibility) criteria of the participants (COBIDAS D4).,SUPPORTED,OWN,"The work lists exclusion criteria (""Exclusion criteria included:"", so the list may not be exhaustive); inclusion criteria are not listed separately beyond ""healthy volunteers"" and what the exclusions imply (18 or over, previous psychedelic experience). Singleton et al. (2025, p. 8) repeats the same list.",,2,Timmerman2023.pdf p. 9 (printed 9 of 12); Timmerman2023.pdf p. 1 (printed 1 of 12),0,
C138,Singleton 2025,S4 Text,D. Experimental design,SI PDF p. 38,table cell (row: D4 Inclusion and exclusion criteria),"Exclusions at the data-release stage: Methods, Dataset — ""six of twenty excluded for head movement by Singleton et al., 2025"".",That Singleton et al. (2025) excluded six of the twenty participants for head movement before the data were released.,SUPPORTED,OWN,"The words in quotation marks are the paper's own Methods text, not a quotation of Singleton, whose wording is ""Six out of 20 participants were discarded from group analyses due to excessive head movement"" (criterion: more than 20% of volumes scrubbed at FD 0.4 over the 28-min DMT scans; ""0.476"" in the page text is 0.4 followed by reference 76). Singleton describes these as exclusions from its own group analyses; the article does not say whether the public release omits the six, so ""at the data-release stage"" is the paper's framing. Timmermann et al. (2023) used a different exclusion (4 of 20).",,1,Singleton2025.pdf p. 8 (printed 8),0,
C139,Timmermann 2023,S4 Text,D. Experimental design,SI PDF p. 38,"table cell (row: D5 Demographics (age, sex, handedness))",Timmermann et al. (2023) report the demographics of the 20 recruited participants.,"That Timmermann et al. (2023) report the demographics (age, sex, handedness) of the 20 recruited participants (COBIDAS D5).",SUPPORTED WITH QUALIFICATION,OWN,"Age (mean 33.5 y, SD 7.9) and sex (7 female) are reported; handedness is not reported anywhere in the article. The work describes the 20 as the participants who ""completed all study visits"", not as those recruited (the number recruited or screened is not given). The p. 9 sentence cites ref. 71, the first author's PhD thesis on the same study, so it is still the work's own data; the p. 2 statement carries no citation. Singleton et al. (2025, p. 8) repeats the same figures.",P41,2,Timmerman2023.pdf p. 2 (printed 2 of 12); Timmerman2023.pdf p. 9 (printed 9 of 12),0,
C140,Timmermann 2023,S4 Text,D. Experimental design,SI PDF p. 38,table cell (row: D6 Task / paradigm specification),Instructions to participants (eyes closed or open) are not restated here: Timmermann et al. (2023).,"That Timmermann et al. (2023) report the instructions to participants for the session, i.e. whether their eyes were closed or open (COBIDAS D6).",SUPPORTED,OWN,"The work reports the eye condition (eyes closed, with an eye mask to prevent opening) rather than the wording of any instruction. Singleton et al. (2025, p. 8) repeats it.",,1,Timmerman2023.pdf p. 9 (printed 9 of 12),0,
C141,Timmermann 2023,S4 Text,D. Experimental design,SI PDF p. 38,table cell (row: D8 Number of runs and run order),"Methods, Dataset: one DMT run and one placebo run per subject (order and blinding as in Timmermann et al., 2023, not restated; S1 Text gives the counterbalancing).",That Timmermann et al. (2023) report the order and blinding of the DMT and placebo runs (COBIDAS D8).,SUPPORTED,OWN,"Single-blind and counter-balanced order are reported. The first passage leaves out the words ""placebo-controlled"", which are split across a line break in the page text. The work does not say who was blinded; Singleton et al. (2025, p. 8) adds ""only researchers were aware of the order of administration"".",,2,Timmerman2023.pdf p. 9 (printed 9 of 12); Timmerman2023.pdf p. 9 (printed 9 of 12),0,
C142,Timmermann 2023,S4 Text,A. Acquisition,SI PDF p. 39,"table cell (row: A1 Subject preparation (head restraint, mock scanning, instructions))",Timmermann et al. (2023).,"That Timmermann et al. (2023) report subject preparation: head restraint, mock scanning and instructions (COBIDAS A1).",SUPPORTED WITH QUALIFICATION,OWN,Only part of the item is reported: the eyes-closed condition with an eye mask (and drug testing on arrival). Head restraint or padding and mock scanning are not mentioned anywhere in the article.,P42,2,Timmerman2023.pdf p. 9 (printed 9 of 12); Timmerman2023.pdf p. 9 (printed 9 of 12),0,
C143,Timmermann 2023,S4 Text,A. Acquisition,SI PDF p. 39,"table cell (row: A2 MRI system (vendor, model, field strength, coil))","S1 Text gives the field strength (3 T) and Methods, Dataset the TR (2 s), as stated by the data authors; vendor, model and coil: Timmermann et al. (2023).","That Timmermann et al. (2023) report the MRI vendor, model and head coil, and state the field strength (3 T) and TR (2 s) (COBIDAS A2).",SUPPORTED,OWN,"Vendor (Siemens), model (Magnetom Verio, software syngo MR B17), coil (12-channel head coil, chosen for EEG compatibility) and field strength (3T) are all given, and TR = 2000 ms. Singleton et al. (2025, p. 8) repeats these.",,1,Timmerman2023.pdf p. 9 (printed 9 of 12),0,
C144,Timmermann 2023,S4 Text,A. Acquisition,SI PDF p. 39,"table cell (row: A3 Pulse sequence and parameters (TE, flip angle, FOV, matrix, voxel size, slice)",All other parameters: Timmermann et al. (2023).,"That Timmermann et al. (2023) report all remaining pulse-sequence parameters (TE, flip angle, FOV, matrix, voxel size, slices, acceleration, phase encoding) (COBIDAS A3).",SUPPORTED WITH QUALIFICATION,OWN,"Reported: T2*-weighted gradient-echo EPI, TE 30 ms, flip angle 80°, voxel size 3.0 mm isotropic, 35 slices, 0 mm gap, TA 28.06 min. Not reported anywhere in the article: field of view, matrix, parallel-imaging acceleration, phase-encoding direction, slice order. So ""all other parameters"" overstates what the work gives. Singleton et al. (2025, p. 8) gives the same subset.",P43,1,Timmerman2023.pdf p. 9 (printed 9 of 12),0,
C145,Timmermann 2023,S4 Text,A. Acquisition,SI PDF p. 39,table cell (row: A4 Structural acquisition),Timmermann et al. (2023).,That Timmermann et al. (2023) report the structural (anatomical) acquisition (COBIDAS A4).,SUPPORTED WITH QUALIFICATION,OWN,"The work only states that whole-brain T1-weighted structural images were acquired; no structural sequence parameters (TR, TE, TI, flip angle, resolution) are given. ""Wholebrain"" is how the page text renders ""Whole-brain"" split across a line. The citation (71) is the first author's PhD thesis on the same study, not a secondary source.",P44,1,Timmerman2023.pdf p. 9 (printed 9 of 12),0,
C146,Timmermann 2023,S4 Text,A. Acquisition,SI PDF p. 39,"table cell (row: A5 Physiological recording (cardiac, respiratory) and EEG)","Simultaneous EEG was recorded by the source study (Timmermann et al., 2023); an HRF-convolved EEG Lempel–Ziv regressor is released with the data and is used only in the original pre-specified analysis (S1 Text, S6 Table), not in the main text.","That the source study (Timmermann et al., 2023) recorded EEG simultaneously with the fMRI (COBIDAS A5).",SUPPORTED,OWN,"Simultaneous 31-channel EEG is reported, plus two ECG channels used for artifact removal; no respiratory recording is reported. The HRF-convolved Lempel–Ziv regressor is not attributed to Timmermann in this cell; Singleton et al. (2025, p. 9) describes HRF-convolving the channel-averaged LZ.",,2,Timmerman2023.pdf p. 9 (printed 9 of 12); Timmerman2023.pdf p. 9 (printed 9 of 12),0,
C147,Timmermann 2023,S4 Text,P. Preprocessing (image processing was done by the data authors; the items below describe the released derivatives as used here),SI PDF p. 39,table cell (row: P1 Preprocessing software and versions),Timmermann et al. (2023); Singleton et al. (2025).,That Timmermann et al. (2023) report the preprocessing software and versions (COBIDAS P1).,SUPPORTED WITH QUALIFICATION,OWN,"Software is named for each step (AFNI tools, in-house code, FSL BET, ANTs SyN, FreeSurfer for the nuisance masks; BrainVision Analyser and FieldTrip for the EEG), but no software versions are given anywhere in the article.",P45,1,Timmerman2023.pdf p. 9 (printed 9 of 12),0,
C148,Singleton 2025,S4 Text,P. Preprocessing (image processing was done by the data authors; the items below describe the released derivatives as used here),SI PDF p. 39,table cell (row: P1 Preprocessing software and versions),Timmermann et al. (2023); Singleton et al. (2025).,That Singleton et al. (2025) report the preprocessing software and versions (COBIDAS P1).,SUPPORTED WITH QUALIFICATION,OWN,"Software is named (AFNI, FSL BET, ANTs SyN, FreeSurfer), but no versions are given for the preprocessing; the only versions in the article are MATLAB R2020a for the network-control analysis (p. 11) and FreeSurfer's gradient_nonlin_unwarp 0.8 for the PET-atlas MRIs (p. 10). The pipeline is said to be the one ""reported in Timmermann and colleagues"" (p. 8).",P45,2,Singleton2025.pdf p. 8 (printed 8); Singleton2025.pdf p. 11 (printed 11),0,
C149,Timmermann 2023,S4 Text,P. Preprocessing (image processing was done by the data authors; the items below describe the released derivatives as used here),SI PDF p. 39,"table cell (row: P2 Distortion, slice-timing and motion correction)",Timmermann et al. (2023); Singleton et al. (2025).,"That Timmermann et al. (2023) report distortion, slice-timing and motion correction (COBIDAS P2).",SUPPORTED WITH QUALIFICATION,OWN,"Slice-timing correction (AFNI 3dTshift) and motion correction (AFNI 3dvolreg) are reported; distortion (field-map) correction is not mentioned anywhere in the article, so that part of the item is not reported, and whether it was done is not stated.",P46,1,Timmerman2023.pdf p. 9 (printed 9 of 12),0,
C150,Singleton 2025,S4 Text,P. Preprocessing (image processing was done by the data authors; the items below describe the released derivatives as used here),SI PDF p. 39,"table cell (row: P2 Distortion, slice-timing and motion correction)",Timmermann et al. (2023); Singleton et al. (2025).,"That Singleton et al. (2025) report distortion, slice-timing and motion correction (COBIDAS P2).",SUPPORTED WITH QUALIFICATION,OWN,"Slice-timing and motion correction are reported; distortion correction is not mentioned (the only ""unwarped"", on p. 10, concerns the structural MRIs of the PET-atlas participants, not the DMT fMRI).",P46,1,Singleton2025.pdf p. 8 (printed 8),0,
C151,Timmermann 2023,S4 Text,P. Preprocessing (image processing was done by the data authors; the items below describe the released derivatives as used here),SI PDF p. 39,"table cell (row: P3 Intra- and inter-subject registration, template)",Timmermann et al. (2023); Singleton et al. (2025).,That Timmermann et al. (2023) report intra- and inter-subject registration and the template (COBIDAS P3).,SUPPORTED,OWN,"Intra-subject (rigid-body to the anatomical scan) and inter-subject (nonlinear, ANTs SyN) registration to a 2 mm MNI brain are reported; the exact MNI template is not named. Timmermann's own parcellation was 100 Schaefer plus 12 AAL subcortical areas (p. 10), not the 116-region set of the release.",,1,Timmerman2023.pdf p. 9 (printed 9 of 12),0,
C152,Singleton 2025,S4 Text,P. Preprocessing (image processing was done by the data authors; the items below describe the released derivatives as used here),SI PDF p. 39,"table cell (row: P3 Intra- and inter-subject registration, template)",Timmermann et al. (2023); Singleton et al. (2025).,That Singleton et al. (2025) report intra- and inter-subject registration and the template (COBIDAS P3).,SUPPORTED,OWN,"Registration and template (2 mm MNI) are reported; the exact MNI template is not named. The parcellation comes after MNI registration in the listed pipeline, consistent with the cell's remark that it is applied in MNI space, though the article does not say so in those words.",,2,Singleton2025.pdf p. 8 (printed 8); Singleton2025.pdf p. 8 (printed 8),0,
C153,Timmermann 2023,S4 Text,P. Preprocessing (image processing was done by the data authors; the items below describe the released derivatives as used here),SI PDF p. 39,table cell (row: P4 Spatial smoothing),Timmermann et al. (2023); Singleton et al. (2025).,That Timmermann et al. (2023) report the spatial smoothing (COBIDAS P4).,SUPPORTED,OWN,6 mm FWHM with AFNI 3dBlurInMask.,,1,Timmerman2023.pdf p. 9 (printed 9 of 12),0,
C154,Singleton 2025,S4 Text,P. Preprocessing (image processing was done by the data authors; the items below describe the released derivatives as used here),SI PDF p. 39,table cell (row: P4 Spatial smoothing),Timmermann et al. (2023); Singleton et al. (2025).,That Singleton et al. (2025) report the spatial smoothing (COBIDAS P4).,SUPPORTED,OWN,"6 mm FWHM with AFNI 3dBlurInMask, as in Timmermann et al. (2023).",,1,Singleton2025.pdf p. 8 (printed 8),0,
C155,Timmermann 2023,S4 Text,P. Preprocessing (image processing was done by the data authors; the items below describe the released derivatives as used here),SI PDF p. 39,"table cell (row: P6 Nuisance regression and denoising (motion parameters, CompCor, scrubbing, glo)","The remaining denoising steps are the data authors' (Timmermann et al., 2023; Singleton et al., 2025).",That the denoising steps other than global signal regression were done by the data authors and are reported in Timmermann et al. (2023) (COBIDAS P6).,SUPPORTED,OWN,"Despiking, scrubbing (FD 0.4, scrubbed volumes replaced by the mean of their neighbours), linear and quadratic detrending and nine band-passed nuisance regressors (6 motion, ventricles, draining veins, local white matter; no CompCor) are reported. Timmermann's main analyses did not use GSR (GSR only in the SI), so the GSR in the released ts_gsr variant comes from Singleton et al. (2025).",,4,Timmerman2023.pdf p. 9 (printed 9 of 12); Timmerman2023.pdf p. 9 (printed 9 of 12); Timmerman2023.pdf p. 9 (printed 9 of 12); Timmerman2023.pdf p. 8 (printed 8 of 12),0,
C156,Singleton 2025,S4 Text,P. Preprocessing (image processing was done by the data authors; the items below describe the released derivatives as used here),SI PDF p. 39,"table cell (row: P6 Nuisance regression and denoising (motion parameters, CompCor, scrubbing, glo)","The remaining denoising steps are the data authors' (Timmermann et al., 2023; Singleton et al., 2025).",That the denoising steps other than global signal regression were done by the data authors and are reported in Singleton et al. (2025) (COBIDAS P6).,SUPPORTED,OWN,"Same denoising steps as Timmermann et al. (2023) (despiking, scrubbing, detrending, 6 motion and 3 anatomical regressors; no CompCor), followed by global signal regression and parcellation.",,4,Singleton2025.pdf p. 8 (printed 8); Singleton2025.pdf p. 8 (printed 8); Singleton2025.pdf p. 8 (printed 8); Singleton2025.pdf p. 8 (printed 8),0,
C157,Timmermann 2023,S4 Text,"Items not reported in this paper, collected",SI PDF p. 41,sentence,"D5 demographics of the 14 analysed subjects (available for the 20 recruited in Timmermann et al., 2023; not carried by the derivatives); the participant instructions for the resting-state session (Timmermann et al., 2023); every acquisition parameter beyond field strength, TR and the number of volumes (Timmermann et al., 2023); every image-preprocessing step beyond the band-pass, the global-signal variants and the parcellation (Timmermann et al., 2023; Singleton et al., 2025).","That Timmermann et al. (2023) report the demographics of the 20 recruited participants, the participant instructions for the resting-state session, every acquisition parameter beyond field strength, TR and number of volumes, and the image-preprocessing steps.",SUPPORTED WITH QUALIFICATION,OWN,"Demographics: age and sex only (no handedness), given for the 20 who ""completed all study visits"" (not described as recruited). Instructions: eyes closed with an eye mask. Acquisition: vendor, model, coil, sequence, TE, flip angle, voxel size, slices, gap and TA are given, but not FOV, matrix, acceleration or phase-encoding direction, and no structural-scan parameters, so ""every acquisition parameter"" overstates it. Preprocessing: steps 1–11 are listed (without software versions or any distortion correction); Timmermann did not apply GSR in its main analyses and used a different parcellation (100 Schaefer plus 12 AAL areas).",P47,5,Timmerman2023.pdf p. 9 (printed 9 of 12); Timmerman2023.pdf p. 9 (printed 9 of 12); Timmerman2023.pdf p. 9 (printed 9 of 12); Timmerman2023.pdf p. 9 (printed 9 of 12); Timmerman2023.pdf p. 9 (printed 9 of 12),0,
C158,Singleton 2025,S4 Text,"Items not reported in this paper, collected",SI PDF p. 41,sentence,"D5 demographics of the 14 analysed subjects (available for the 20 recruited in Timmermann et al., 2023; not carried by the derivatives); the participant instructions for the resting-state session (Timmermann et al., 2023); every acquisition parameter beyond field strength, TR and the number of volumes (Timmermann et al., 2023); every image-preprocessing step beyond the band-pass, the global-signal variants and the parcellation (Timmermann et al., 2023; Singleton et al., 2025).","That Singleton et al. (2025) report the image-preprocessing steps beyond the band-pass, the global-signal variants and the parcellation.",SUPPORTED,OWN,"The steps are listed in full (despiking, slice timing, motion correction, brain extraction, rigid and nonlinear registration, scrubbing, smoothing, band-pass, detrending, nine nuisance regressors, then GSR and parcellation); software versions and any distortion correction are not reported.",,2,Singleton2025.pdf p. 8 (printed 8); Singleton2025.pdf p. 8 (printed 8),0,
C159,Luppi 2022,S5 Text,3. The decisions of 20 September 2026,SI PDF p. 45,sentence,The audit's F7 (the CCS distribution) and F9 (the Luppi et al. 2022 paragraph) were adopted as written.,Nothing about the work's content: the sentence names the audit's item F9 (the paragraph about Luppi et al. 2022) and records that it was adopted as written.,NOT A CONTENT CLAIM,n/a,The sentence names a paragraph of the paper and an audit decision. Nothing is attributed to the work.,,0,,0,
C160,Mediano 2025,S5 Text,5. The reviews and audits,SI PDF p. 48,sentence,"The reference list itself was audited in that citation audit (record, ""Citation audit against the full texts"", 20 September 2026; `notes/review_2026-09-20/citation_audit_2026-09-20.md`): every entry except the software was read in full (main article; supplementary materials only where named) on 20 September 2026 from the publisher's or preprint server's PDF, including the SI Appendix of Mediano et al. (2025); Arbabshirani et al. (2014) was read in its NIH author manuscript and Faes et al. (2025) in its arXiv version.","Nothing about the work's content: the sentence reports how the authors read the reference (date, publisher PDF, SI Appendix included).",NOT A CONTENT CLAIM,n/a,"An account of the authors' reading process. The article PDF in the folder carries the stamp 'Downloaded from https://www.pnas.org by 62.74.12.6 on September 20, 2026', which fits the stated date and publisher source. The SI PDF has no download stamp; it is dated August 19, 2025.",,0,,0,
C161,Arbabshirani 2014,S5 Text,5. The reviews and audits,SI PDF p. 48,sentence,"The reference list itself was audited in that citation audit (record, ""Citation audit against the full texts"", 20 September 2026; `notes/review_2026-09-20/citation_audit_2026-09-20.md`): every entry except the software was read in full (main article; supplementary materials only where named) on 20 September 2026 from the publisher's or preprint server's PDF, including the SI Appendix of Mediano et al. (2025); Arbabshirani et al. (2014) was read in its NIH author manuscript and Faes et al. (2025) in its arXiv version.",Nothing about the work's content: the sentence says Arbabshirani et al. (2014) was read in its NIH author manuscript during the paper's citation audit.,NOT A CONTENT CLAIM,n/a,"The sentence describes how the paper's authors obtained and read the work. The text file is indeed the NIH-PA author manuscript of NeuroImage 102:294–308 (2014), consistent with the sentence.",,2,Arbabshirani2014.pdf p. 1; Arbabshirani2014.pdf p. 1,0,
C162,Faes 2025,S5 Text,5. The reviews and audits,SI PDF p. 48,sentence,"The reference list itself was audited in that citation audit (record, ""Citation audit against the full texts"", 20 September 2026; `notes/review_2026-09-20/citation_audit_2026-09-20.md`): every entry except the software was read in full (main article; supplementary materials only where named) on 20 September 2026 from the publisher's or preprint server's PDF, including the SI Appendix of Mediano et al. (2025); Arbabshirani et al. (2014) was read in its NIH author manuscript and Faes et al. (2025) in its arXiv version.",Nothing about the work's content: the sentence reports that the authors read Faes et al. (2025) in its arXiv version during their citation audit.,NOT A CONTENT CLAIM,n/a,"The sentence says how the authors obtained and read the work. The supplied PDF's first page reads '(Dated: October 7, 2025)' and carries no journal details. No arXiv identifier appears in the extracted text, so the arXiv origin cannot be confirmed from the text files.",,0,,0,
C163,Cousineau 2005,S5 Text,5. The reviews and audits,SI PDF p. 48,sentence,"The exceptions are seven entries added on 20 September: Cousineau (2005), Morey (2008) and Wu et al. (2021) were read in full on 22 September 2026 from the publishers' open-access pages, Tian et al. (2020) from its bioRxiv preprint (v2), and Váša et al. (2018) in its Methods and Results on the publisher's page; Alexander-Bloch et al. (2018) could not be obtained in full text and was checked against its abstract and bibliographic record only, and Theiler et al. (1992) against its bibliographic record only (citation pass of 22 September 2026, item A5 and Section B; citation check of 24 September 2026, P9).",How Cousineau (2005) was obtained and read.,NOT A CONTENT CLAIM,n/a,"This sentence says how the authors obtained and read the works; it attributes no content. What it says agrees with the record: citation pass of 22 September 2026 (notes/review_2026-09-22/citation_pass_2026-09-22.md, Section B) gives the same sources.",,0,,0,
C164,Morey 2008,S5 Text,5. The reviews and audits,SI PDF p. 48,sentence,"The exceptions are seven entries added on 20 September: Cousineau (2005), Morey (2008) and Wu et al. (2021) were read in full on 22 September 2026 from the publishers' open-access pages, Tian et al. (2020) from its bioRxiv preprint (v2), and Váša et al. (2018) in its Methods and Results on the publisher's page; Alexander-Bloch et al. (2018) could not be obtained in full text and was checked against its abstract and bibliographic record only, and Theiler et al. (1992) against its bibliographic record only (citation pass of 22 September 2026, item A5 and Section B; citation check of 24 September 2026, P9).",How Morey (2008) was obtained and read.,NOT A CONTENT CLAIM,n/a,"This sentence says how the authors obtained and read the works; it attributes no content. What it says agrees with the record: citation pass of 22 September 2026 (notes/review_2026-09-22/citation_pass_2026-09-22.md, Section B) gives the same sources.",,0,,0,
C165,Wu 2021,S5 Text,5. The reviews and audits,SI PDF p. 48,sentence,"The exceptions are seven entries added on 20 September: Cousineau (2005), Morey (2008) and Wu et al. (2021) were read in full on 22 September 2026 from the publishers' open-access pages, Tian et al. (2020) from its bioRxiv preprint (v2), and Váša et al. (2018) in its Methods and Results on the publisher's page; Alexander-Bloch et al. (2018) could not be obtained in full text and was checked against its abstract and bibliographic record only, and Theiler et al. (1992) against its bibliographic record only (citation pass of 22 September 2026, item A5 and Section B; citation check of 24 September 2026, P9).",How Wu et al. (2021) was obtained and read.,NOT A CONTENT CLAIM,n/a,"This sentence says how the authors obtained and read the works; it attributes no content. What it says agrees with the record: citation pass of 22 September 2026 (notes/review_2026-09-22/citation_pass_2026-09-22.md, Section B) gives the same sources.",,0,,0,
C166,Tian 2020,S5 Text,5. The reviews and audits,SI PDF p. 48,sentence,"The exceptions are seven entries added on 20 September: Cousineau (2005), Morey (2008) and Wu et al. (2021) were read in full on 22 September 2026 from the publishers' open-access pages, Tian et al. (2020) from its bioRxiv preprint (v2), and Váša et al. (2018) in its Methods and Results on the publisher's page; Alexander-Bloch et al. (2018) could not be obtained in full text and was checked against its abstract and bibliographic record only, and Theiler et al. (1992) against its bibliographic record only (citation pass of 22 September 2026, item A5 and Section B; citation check of 24 September 2026, P9).",How Tian et al. (2020) was obtained and read.,NOT A CONTENT CLAIM,n/a,"This sentence says how the authors obtained and read the works; it attributes no content. What it says agrees with the record: citation pass of 22 September 2026 (notes/review_2026-09-22/citation_pass_2026-09-22.md, Section B) gives the same sources.",,0,,0,
C167,Váša 2018,S5 Text,5. The reviews and audits,SI PDF p. 48,sentence,"The exceptions are seven entries added on 20 September: Cousineau (2005), Morey (2008) and Wu et al. (2021) were read in full on 22 September 2026 from the publishers' open-access pages, Tian et al. (2020) from its bioRxiv preprint (v2), and Váša et al. (2018) in its Methods and Results on the publisher's page; Alexander-Bloch et al. (2018) could not be obtained in full text and was checked against its abstract and bibliographic record only, and Theiler et al. (1992) against its bibliographic record only (citation pass of 22 September 2026, item A5 and Section B; citation check of 24 September 2026, P9).",How Váša et al. (2018) was obtained and read.,NOT A CONTENT CLAIM,n/a,"This sentence says how the authors obtained and read the works; it attributes no content. What it says agrees with the record: citation pass of 22 September 2026 (notes/review_2026-09-22/citation_pass_2026-09-22.md, Section B) gives the same sources.",,0,,0,
C168,Alexander-Bloch 2018,S5 Text,5. The reviews and audits,SI PDF p. 48,sentence,"The exceptions are seven entries added on 20 September: Cousineau (2005), Morey (2008) and Wu et al. (2021) were read in full on 22 September 2026 from the publishers' open-access pages, Tian et al. (2020) from its bioRxiv preprint (v2), and Váša et al. (2018) in its Methods and Results on the publisher's page; Alexander-Bloch et al. (2018) could not be obtained in full text and was checked against its abstract and bibliographic record only, and Theiler et al. (1992) against its bibliographic record only (citation pass of 22 September 2026, item A5 and Section B; citation check of 24 September 2026, P9).",How Alexander-Bloch et al. (2018) was obtained and read.,NOT A CONTENT CLAIM,n/a,"This sentence says how the authors obtained and read the works; it attributes no content. What it says agrees with the record: citation pass of 22 September 2026 (notes/review_2026-09-22/citation_pass_2026-09-22.md, Section B) gives the same sources.",,0,,0,
C169,Theiler 1992,S5 Text,5. The reviews and audits,SI PDF p. 48,sentence,"The exceptions are seven entries added on 20 September: Cousineau (2005), Morey (2008) and Wu et al. (2021) were read in full on 22 September 2026 from the publishers' open-access pages, Tian et al. (2020) from its bioRxiv preprint (v2), and Váša et al. (2018) in its Methods and Results on the publisher's page; Alexander-Bloch et al. (2018) could not be obtained in full text and was checked against its abstract and bibliographic record only, and Theiler et al. (1992) against its bibliographic record only (citation pass of 22 September 2026, item A5 and Section B; citation check of 24 September 2026, P9).",How Theiler et al. (1992) was obtained and read.,NOT A CONTENT CLAIM,n/a,"This sentence says how the authors obtained and read the works; it attributes no content. What it says agrees with the record: citation pass of 22 September 2026 (notes/review_2026-09-22/citation_pass_2026-09-22.md, Section B) gives the same sources.",,0,,0,
C170,Tarchi 2026,S5 Text,5. The reviews and audits,SI PDF p. 48,sentence,"Bibliographic details were checked against Crossref, the publisher page or the preprint server on 15 September 2026 (record, ""Finalisation pass"", the reference-verification item), Tarchi et al. (2026) on 17 September (record, ""Response to the fresh adversarial review"") and the entries added on 20 September on that day (audit, §6).",Nothing about the content of Tarchi et al. (2026): the sentence says when (17 September) and against which sources the paper's authors checked its bibliographic details.,NOT A CONTENT CLAIM,n/a,The sentence describes the authors' own reference-verification process. The bibliographic details themselves are checked in C245 against the work's first page. For information: the PDF copy in the folder carries a Wiley download stamp dated 20/09/2026 on pages 2–10.,,0,,0,
C171,Alexander-Bloch 2018,S Tables,S5 Table. Exploratory receptor-map correlations,SI PDF p. 57,sentence,"Spearman ρ between the group-mean regional DiD map and receptor density on the 99 cortical parcels; two-sided spin p over 10,000 parcel rotations (the spin test of Alexander-Bloch et al., 2018, with the rotations of Váša et al., 2018, released with the data; Váša one-sided-average p in brackets); BH across the five maps: no map passes on either variant.",Alexander-Bloch et al. (2018): the spin test.,SUPPORTED WITH QUALIFICATION,OWN,As C070. Planning session: no change proposed (as C070).,,0,,1,"Alexander-Bloch et al. (2018), NeuroImage 178, 540–551 — abstract on PubMed (PMID 29860082); the full text on PubMed Central (PMC6095687) returned a reCAPTCHA page on 22 and 28 September 2026"
C172,Váša 2018,S Tables,S5 Table. Exploratory receptor-map correlations,SI PDF p. 57,sentence,"Spearman ρ between the group-mean regional DiD map and receptor density on the 99 cortical parcels; two-sided spin p over 10,000 parcel rotations (the spin test of Alexander-Bloch et al., 2018, with the rotations of Váša et al., 2018, released with the data; Váša one-sided-average p in brackets); BH across the five maps: no map passes on either variant.","Váša et al. (2018): the parcel rotations (and the one-sided-average p), released with the data.",SUPPORTED,OWN,As C071.,,0,,3,"Váša et al. (2018), Cerebral Cortex 28(1), 281–294 — article page at academic.oup.com (cercor/article/28/1/281/4566555), Methods and Results only; Váša et al. (2018), as above; the data release singlesp/DMT_NCT at commit 77af7aa (external/DMT_NCT/)"
C173,Luppi 2022,S Tables,"S20 Table, Table A",SI PDF p. 121,"S20 Table A, row 1, column 'study'","Luppi et al. 2022, *Nat Neurosci* 25:771 (""A synergistic core for human brain evolution and cognition"")","Bibliographic details: Luppi et al. 2022, Nature Neuroscience vol. 25, first page 771, titled 'A synergistic core for human brain evolution and cognition'.",SUPPORTED,OWN,"Title, journal, volume 25 and first page 771 (pages 771–782, June 2022) match the first page. The first author is Andrea I. Luppi.",,3,Luppi2022.pdf p. 1 (printed 771); Luppi2022.pdf p. 1 (printed 771); Luppi2022.pdf p. 1 (printed 771),0,
C174,Luppi 2022,S Tables,"S20 Table, Table A",SI PDF p. 121,"S20 Table A, row 1, column 'data (N, TR)'","100 HCP unrelated participants, first session (LR), TR 720 ms, 15 min, first ten volumes removed, 3 T (pp. 13, 36); plus a macaque dataset: 19 sessions from 10 awake macaques, TR 2,600 ms, 4.7 T, 21.6 min, RM-82 atlas, band 0.0025–0.05 Hz, not deconvolved (pp. 13–14, 16)","Luppi 2022 used 100 unrelated HCP participants (first session, LR; TR 720 ms; 15 min; first ten volumes removed; 3 T) and a macaque dataset (19 sessions from 10 awake macaques; TR 2,600 ms; 4.7 T; 21.6 min; 82-region regional-mapping atlas; 0.0025–0.05 Hz; not deconvolved).",SUPPORTED,OWN,"Every item is on the cited pages. The 3T field strength for the HCP fMRI is stated on p. 36; p. 13 gives 3T only for the diffusion scan. 'RM-82' is the paper's label for the work's 'whole-cortex 82-ROI ‘regional mapping’ atlas of Kotter and Wanke' (p. 14). For the human–macaque comparison, the work also repeated the analysis with macaque data filtered at 0.008–0.09 Hz (pp. 14, 16).",,12,Luppi2022.pdf p. 13; Luppi2022.pdf p. 13; Luppi2022.pdf p. 13; Luppi2022.pdf p. 36; Luppi2022.pdf p. 36; Luppi2022.pdf p. 13; Luppi2022.pdf p. 13; Luppi2022.pdf p. 13; Luppi2022.pdf p. 13; Luppi2022.pdf p. 14; Luppi2022.pdf p. 14; Luppi2022.pdf p. 16,0,
C175,Luppi 2022,S Tables,"S20 Table, Table A",SI PDF p. 121,"S20 Table A, row 1, column 'parcellation'","232 = Schaefer-200 + 32 subcortical (p. 14); DK-68 for PET, DK-114 for HAR genes and cortical expansion, DK-308 for AIBS genes and Von Economo classes, Lausanne-83 for the species comparison (pp. 14, 16–17) — no ""DK-66"" in the paper",Parcellations: 232 regions (Schaefer-200 plus 32 subcortical); DK-68 for PET; DK-114 for HAR genes and cortical expansion; DK-308 for AIBS genes and Von Economo classes; Lausanne-83 for the species comparison; the work never uses a 'DK-66'.,SUPPORTED WITH QUALIFICATION,OWN,"Every stated item is correct, and 'DK-66' occurs nowhere in the work. But the list is incomplete. The work also uses the 360-ROI HCP-MMP parcellation for wiring distance (p. 14) and a Brodmann-atlas parcellation for the glycolytic index (p. 16). It also uses 39 autoradiography areas for receptor diversity (p. 18; called a '40-region' parcellation on p. 38). And it uses the Lausanne-129 parcellation for robustness (Extended Data Fig. 2b, p. 23; p. 38).",P27,6,Luppi2022.pdf p. 14; Luppi2022.pdf p. 14; Luppi2022.pdf p. 17; Luppi2022.pdf p. 16; Luppi2022.pdf p. 16; Luppi2022.pdf p. 38,0,
C176,Luppi 2022,S Tables,"S20 Table, Table A",SI PDF p. 121,"S20 Table A, row 1, column 'preprocessing (band-pass; nuisance; HRF deconvolution)'","0.008–0.09 Hz (p. 13); GSR not mentioned; aCompCor 5 + 5, six motion parameters + derivatives, CONN, no volume censoring (pp. 13, 37); **HRF-deconvolved BOLD** primary, rsHRF v2.2, Wu et al. 2013 (pp. 13, 18); replicated without deconvolution in Extended Data Fig. 2c (pp. 3, 23; ""negligible effects"", p. 16)","Luppi 2022 band-passed at 0.008–0.09 Hz, does not mention GSR, used aCompCor (5 + 5), six motion parameters with derivatives, CONN and no volume censoring, analysed HRF-deconvolved BOLD (rsHRF v2.2, Wu et al. 2013) in the primary analysis, and replicated without deconvolution (Extended Data Fig. 2c), reporting 'negligible effects' of the step.",SUPPORTED,OWN,"Every item is on the cited pages. A search of all pages finds no mention of global signal regression. rsHRF is identified only by the toolbox URL (nitrc.org/projects/rshrf), with v2.2 given in the Code availability (p. 18; also p. 33). Wu et al. 2013 is ref. 60, cited on p. 13 and listed on p. 18. The quotation 'negligible effects' matches p. 16 exactly. Traditional FC and the human–macaque comparison used non-deconvolved data (p. 13).",,12,Luppi2022.pdf p. 13; Luppi2022.pdf p. 13; Luppi2022.pdf p. 13; Luppi2022.pdf p. 37; Luppi2022.pdf p. 13; Luppi2022.pdf p. 14; Luppi2022.pdf p. 18; Luppi2022.pdf p. 18; Luppi2022.pdf p. 33; Luppi2022.pdf p. 3 (printed 773); Luppi2022.pdf p. 23; Luppi2022.pdf p. 16,0,
C177,Luppi 2022,S Tables,"S20 Table, Table A",SI PDF p. 121,"S20 Table A, row 1, column 'quantity reported'","per-region synergy and redundancy; redundancy-to-synergy rank gradient; ""synergistic core""","Quantities reported: per-region synergy and redundancy, the redundancy-to-synergy rank gradient, and the 'synergistic core'.",SUPPORTED,OWN,"The per-region values are nodal strengths: sums of each region's pairwise synergy or redundancy in the group-averaged matrix (p. 14). The work also reports the pairwise matrices themselves, network measures and human–macaque proportions. 'synergistic core' matches the title (p. 1) and p. 11 exactly; it is a label rather than a separately computed quantity.",,4,Luppi2022.pdf p. 2 (printed 772); Luppi2022.pdf p. 14; Luppi2022.pdf p. 1 (printed 771); Luppi2022.pdf p. 11 (printed 781),0,
C178,Luppi 2022,S Tables,"S20 Table, Table A",SI PDF p. 121,"S20 Table A, row 1, column 'redundancy function / estimator / lag'","MMI, Gaussian (p. 14); lag written as the symbol τ only","Luppi 2022 uses MMI redundancy with a Gaussian estimator, and it writes the lag only as the symbol τ.",SUPPORTED,OWN,"The lag appears only as τ in the TDMI and redundancy expressions (pp. 2, 14); a search of all pages finds no value for it. A binarised plug-in version was used as a robustness check (p. 14).",,3,Luppi2022.pdf p. 14; Luppi2022.pdf p. 14; Luppi2022.pdf p. 14,0,
C179,Luppi 2022,S Tables,"S20 Table, Table A",SI PDF p. 121,"S20 Table A, row 1, column 'autocorrelation addressed?'","yes, in part: phase-randomised surrogates that keep each region's autocorrelation and remove the correlations between regions, recomputed into a surrogate gradient and tested against the macroscale maps (p. 18; Table 1, p. 10)","Luppi 2022 addressed autocorrelation in part, through phase-randomised surrogates that keep each region's autocorrelation and remove inter-regional correlations, recomputed into a surrogate gradient and tested against the macroscale maps (Table 1).",SUPPORTED,OWN,"'yes, in part' is the paper's own assessment. The phase-randomised surrogate is the third of the work's three surrogate tests (p. 18), and its results are the 'Surrogate gradient (phase-randomized)' column of Table 1 (p. 10). The work does not report or correct for regional autocorrelation itself.",,3,Luppi2022.pdf p. 18; Luppi2022.pdf p. 10 (printed 780); Luppi2022.pdf p. 10 (printed 780),0,
C180,Luppi 2022,S Tables,"S20 Table, Table A",SI PDF p. 121,"S20 Table A, row 1, column 'reported effect'","regional gradient: synergy-dominated association cortex vs redundancy-dominated sensory/motor cortex; synergy a higher proportion of total information in humans than in macaques, redundancy equal (p. 6)","Luppi 2022 reports a regional gradient from synergy-dominated association cortex to redundancy-dominated sensory/motor cortex, and a higher proportion of synergy (but an equal proportion of redundancy) in humans than in macaques.",SUPPORTED,OWN,"The work also counts the salience subnetwork and insular cortex among the redundancy-dominated regions (p. 2). The human–macaque comparison used non-deconvolved human data on the Lausanne-83 parcellation (p. 16). The redundancy proportion was equal in the empirical comparison (P = 0.372, p. 7) and with matched filtering (p = 0.943, p. 28). It was higher, though, in human data simulated at the macaque TR of 2.6 s (p = 0.036; Extended Data Fig. 6d, p. 28).",P27 P28,4,Luppi2022.pdf p. 2 (printed 772); Luppi2022.pdf p. 6 (printed 776); Luppi2022.pdf p. 7 (printed 777); Luppi2022.pdf p. 28,0,
C181,Luppi 2022,S Tables,"S20 Table, Table A",SI PDF p. 121,"S20 Table A, row 1, column 'scope-map reading (see Table B for the inputs)'","Outside the pre-specified TR range (0.72 s) and deconvolved in the primary analysis; listed as the source study. At the operating point of its stated band and TR (0.008–0.09 Hz at 0.72 s: ideal-band-pass r₁ ≈ 0.97) the map gives ∂sts/∂r₁ = 32.8 against ∂rtr/∂r₁ = 0.06 (Table B item 1), so a regional gradient of BOLD lag-1 autocorrelation would produce a synergy-minus-redundancy gradient of the same spatial form. The study's own phase-randomised surrogate is the one test of that exposure in this table: on the family it sits on the q = 0 line, where sts = 2 min(S_x, S_y) and rtr = 0, so the surrogate gradient is, up to noise, the regional r₁ gradient; its correlations with the macroscale maps were 0.09, 0.01, 0.17, 0.21, 0.26 and −0.16 (only glycolytic index, ρ = 0.26, spin p = 0.028, significant) against 0.40, 0.48, 0.22, 0.28, 0.40 and 0.54 for the observed gradient (Table 1, p. 10). That argues against the exposure for those macroscale associations on that dataset; the correlation of the observed gradient with regional r₁, which this repository measures on its own data (+0.792 for sts − rtr), is not reported there. Whether the gradient coincides with the fMRI timescale hierarchy (Raut et al. 2020, read: intrinsic timescales lengthen from unimodal to transmodal cortex, p. 20891) is not tested in either paper.","Luppi 2022 used TR 0.72 s and 0.008–0.09 Hz with HRF deconvolution in the primary analysis; its phase-randomised surrogate gradient correlated with the macroscale maps at 0.09, 0.01, 0.17, 0.21, 0.26 and −0.16 (only GI significant) against 0.40, 0.48, 0.22, 0.28, 0.40 and 0.54 for the observed gradient (Table 1); it reports no correlation of the gradient with regional r₁ and no test against the timescale hierarchy.",SUPPORTED,OWN,"The reading itself is the paper's own inference. The r₁ ≈ 0.97, both derivatives, the q = 0 argument and the +0.792 are the paper's computations, not the work's. The facts about the work hold: TR 0.72 s, 0.008–0.09 Hz and deconvolution in the primary analysis (pp. 13–14); a phase-randomised surrogate with exactly the six stated correlations and only GI significant (Pspin = 0.028; Table 1 is uncorrected); and the observed values 0.40, 0.48, 0.22, 0.28, 0.40 and 0.54. The work reports no correlation of its gradient with regional autocorrelation, and 'timescale' occurs nowhere in it. The Raut et al. 2020 content belongs to that unit.",,8,Luppi2022.pdf p. 13; Luppi2022.pdf p. 13; Luppi2022.pdf p. 13; Luppi2022.pdf p. 14; Luppi2022.pdf p. 18; Luppi2022.pdf p. 10 (printed 780); Luppi2022.pdf p. 10 (printed 780); Luppi2022.pdf p. 10 (printed 780),0,
C182,Luppi 2023,S Tables,"S20 Table, Table A",SI PDF p. 122,"S20 Table A, row 2, column 'study'","Luppi et al. 2023, *NeuroImage* 269:119926 (""Reduced emergent character of neural dynamics in patients with a disrupted connectome"")","Bibliographic details: Luppi et al. 2023, NeuroImage vol. 269, article 119926, titled 'Reduced emergent character of neural dynamics in patients with a disrupted connectome'.",SUPPORTED,OWN,"Journal, volume 269, article number 119926 and title match the first page. The first author is Andrea I. Luppi.",,3,Luppi2023.pdf p. 1; Luppi2023.pdf p. 1; Luppi2023.pdf p. 1,0,
C183,Luppi 2023,S Tables,"S20 Table, Table A",SI PDF p. 122,"S20 Table A, row 2, column 'data (N, TR)'","Results: 21 DoC patients (10 UWS, 11 MCS) + 18 controls (p. 2); Methods: 22 included (10 UWS, 12 MCS), one with functional data only (p. 10) — an internal inconsistency of the paper, noted, not resolved here; patients 300 volumes (10 min), controls 160 (5:20 min), TR 2,000 ms, Siemens Trio 3 T (p. 10)","Luppi 2023 gives 21 DoC patients (10 UWS, 11 MCS) and 18 controls in the Results but 22 included patients (10 UWS, 12 MCS, one with functional data only) in the Methods, with patients scanned for 300 volumes (10 min) and controls for 160 (5:20 min) at TR 2,000 ms on a Siemens Trio 3 T.",SUPPORTED,OWN,"The inconsistency the cell flags is real. The Introduction and Results (p. 2) give 21 patients (10 UWS, 11 MCS) and 18 controls. The Methods (p. 10) include 22 patients (10 UWS, 12 MCS; the Table 1 demographic list has 22 rows) and 18 controls, after excluding 2 of 20. The emergence ANOVA is reported as F(2,37) (p. 3), which for three groups corresponds to 40 participants (22 + 18).",,6,Luppi2023.pdf p. 2 (printed 2); Luppi2023.pdf p. 10 (printed 10); Luppi2023.pdf p. 10 (printed 10); Luppi2023.pdf p. 10 (printed 10); Luppi2023.pdf p. 10 (printed 10); Luppi2023.pdf p. 3 (printed 3),0,
C184,Luppi 2023,S Tables,"S20 Table, Table A",SI PDF p. 122,"S20 Table A, row 2, column 'parcellation'",Lausanne 234 (replication 129),"Parcellation: Lausanne, 234 regions, with a replication at 129 regions.",SUPPORTED,OWN,"Stated on p. 11 (Methods 4.4); the 129-ROI replication is also reported on pp. 4, 6 and 7.",,3,Luppi2023.pdf p. 11 (printed 11); Luppi2023.pdf p. 11 (printed 11); Luppi2023.pdf p. 4 (printed 4),0,
C185,Luppi 2023,S Tables,"S20 Table, Table A",SI PDF p. 122,"S20 Table A, row 2, column 'preprocessing (band-pass; nuisance; HRF deconvolution)'","0.008–0.09 Hz; aCompCor, no GSR (""we decided to avoid GSR""); despiking, ART outliers and scrubbing; the ""main effect of scanning condition"" regressed (pp. 10–11); **HRF deconvolved**, Wu et al. 2013 toolbox (p. 12)",Preprocessing: band 0.008–0.09 Hz; aCompCor and no GSR ('we decided to avoid GSR'); despiking; ART outliers and scrubbing; the 'main effect of scanning condition' regressed out; HRF deconvolution with the Wu et al. 2013 toolbox.,SUPPORTED,OWN,Both quotations match the work exactly: 'we decided to avoid GSR' (p. 11) and 'main effect of scanning condition' (p. 11). The work also removed the first five volumes and applied motion and slice-timing correction (p. 10).,,6,Luppi2023.pdf p. 10 (printed 10); Luppi2023.pdf p. 10 (printed 10); Luppi2023.pdf p. 10 (printed 10); Luppi2023.pdf p. 11 (printed 11); Luppi2023.pdf p. 11 (printed 11); Luppi2023.pdf p. 12 (printed 12),0,
C186,Luppi 2023,S Tables,"S20 Table, Table A",SI PDF p. 122,"S20 Table A, row 2, column 'quantity reported'","""global emergence capacity"" (mean pairwise ΦID-derived emergence)","The quantity reported is 'global emergence capacity', the mean of pairwise ΦID-derived emergence capacity.",SUPPORTED,OWN,"The quoted phrase matches (p. 3). Each pair's emergence capacity is downward causation plus causal decoupling, computed on discretised signals and averaged over all pairs (p. 3). The work also reports it normalised by TDMI (p. 3).",,2,Luppi2023.pdf p. 3 (printed 3); Luppi2023.pdf p. 3 (printed 3),0,
C187,Luppi 2023,S Tables,"S20 Table, Table A",SI PDF p. 122,"S20 Table A, row 2, column 'redundancy function / estimator / lag'","primary **CCS plug-in on mean-binarised signals** (p. 12); two separate validations, one with the Gaussian JIDT solver on the continuous signals and one with MMI (p. 12); lag 1 TR (2 s), with 4 TRs as a check (p. 3)","Luppi 2023 uses CCS with a plug-in estimator on mean-binarised signals as its primary method, with separate validations using the Gaussian JIDT solver on continuous signals and using MMI, and a lag of 1 TR (2 s) with 4 TRs as a check.",SUPPORTED WITH QUALIFICATION,OWN,"The estimator and the two validations are as stated (p. 12), and the time-step is 1 TR = 2 s (p. 3). But the 4-TR analysis is reported as 'No significant difference was observed when using a slower timescale of 4 TRs' (p. 3), and the Discussion says the results 'depend on the timescale' (p. 8). Read together, the group difference was not significant at 4 TRs, which '4 TRs as a check' does not convey. The text also does not state which redundancy function the continuous Gaussian validation used, or which estimator the MMI validation used; their figures (Fig. S3) are not in the text files.",P29,4,Luppi2023.pdf p. 12 (printed 12); Luppi2023.pdf p. 12 (printed 12); Luppi2023.pdf p. 3 (printed 3); Luppi2023.pdf p. 8 (printed 8),0,
C188,Luppi 2023,S Tables,"S20 Table, Table A",SI PDF p. 122,"S20 Table A, row 2, column 'autocorrelation addressed?'","no; the dependence of the result on the timescale is discussed (pp. 3, 8: ""our results about emergence capacity depend on the timescale"")","Luppi 2023 does not address autocorrelation, but it discusses the dependence of its result on the timescale ('our results about emergence capacity depend on the timescale').",SUPPORTED,OWN,A search of all pages finds no mention of autocorrelation. The quotation matches p. 8 exactly (across a line break after 'depend'). On p. 3 the work reports that no significant difference was observed at a 4-TR timescale.,,2,Luppi2023.pdf p. 3 (printed 3); Luppi2023.pdf p. 8 (printed 8),0,
C189,Luppi 2023,S Tables,"S20 Table, Table A",SI PDF p. 122,"S20 Table A, row 2, column 'reported effect'",emergence capacity lower in MCS and UWS than in controls,Reported effect: emergence capacity is lower in MCS and UWS patients than in controls.,SUPPORTED,OWN,Controls exceed both MCS and UWS after FDR correction; UWS versus MCS is only a trend (p = 0.072) (p. 3). The difference also holds for emergence capacity normalised by TDMI (p. 3). The work reports no significant difference at the 4-TR timescale (p. 3).,,1,Luppi2023.pdf p. 3 (printed 3),0,
C190,Luppi 2023,S Tables,"S20 Table, Table A",SI PDF p. 122,"S20 Table A, row 2, column 'scope-map reading (see Table B for the inputs)'","Primary quantity is discrete CCS on binarised data: outside the map, which is Gaussian-MMI (the CCS comparison (S3 Text §2) evaluated Gaussian CCS on continuous data, not this estimator). The Gaussian and the MMI validations are inside it. Lag-1 autocorrelation is reduced in DoC (Huang et al. 2018, Table B item 3), which on the map lowers MMI sts; the map was not evaluated for the emergence atoms. Deconvolved (Table B item 4).","Facts about Luppi 2023 in the scope-map reading: the primary quantity is discrete CCS on binarised data, it has a Gaussian validation and an MMI validation, and it is HRF-deconvolved.",SUPPORTED WITH QUALIFICATION,OWN,"The facts about the study hold. The primary quantity uses CCS with a plug-in estimator on mean-binarised signals; there is a continuous-signal validation with the Gaussian JIDT solver and a validation with MMI redundancy; and the series were HRF-deconvolved (p. 12). The rest of the reading is the paper's own inference. 'The Gaussian and the MMI validations are inside it' assumes the Gaussian validation used MMI and the MMI validation used a Gaussian estimator. The text states neither, and Fig. S3 is not in the text files, so the work does not establish whether either validation lies on the Gaussian-MMI map. The DoC autocorrelation point is attributed to Huang et al. (2018), not to this work.",P29 P30,4,Luppi2023.pdf p. 12 (printed 12); Luppi2023.pdf p. 12 (printed 12); Luppi2023.pdf p. 3 (printed 3); Luppi2023.pdf p. 12 (printed 12),0,
C191,Luppi 2024,S Tables,"S20 Table, Table A",SI PDF p. 122,"S20 Table A, row 3, column 'study'","Luppi et al. 2024, *eLife* 12:RP88173 (""A synergistic workspace for human consciousness revealed by ΦID"")","Bibliographic details: Luppi et al. 2024, eLife 12:RP88173, title 'A synergistic workspace for human consciousness revealed by ΦID'.",SUPPORTED WITH QUALIFICATION,OWN,"The title in quotation marks is shortened: the work's title ends 'revealed by Integrated Information Decomposition', not 'by ΦID'. Volume 12 and article RP88173 match. The page footer reads 'eLife 2023;12:RP88173' (12 is the 2023 volume); the version of record is dated 18 July 2024, which is what the paper's reference list gives.",P31,3,Luppi2024.pdf p. 1 (printed 1); Luppi2024.pdf p. 1 (printed 1); Luppi2024.pdf p. 1 (printed 1),0,
C192,Luppi 2024,S Tables,"S20 Table, Table A",SI PDF p. 122,"S20 Table A, row 3, column 'data (N, TR)'","100 HCP (TR not stated in this paper); propofol: N = 15 in Results (p. 4) but ""n = 16 for analysis"" in Methods (p. 15) — noted; target Ramsay 5, effect-site concentration from 0.6 µg/mL in 0.3 µg/mL steps, mean 2.48 (1.82–3.14) µg/mL (p. 16); TR 2,000 ms, 256 volumes, 8 min, 3 T Tim Trio (p. 16); DoC 22, TR 2,000 ms, 300 volumes, Trio 3 T (p. 17)","Data of Luppi et al. 2024: 100 HCP (TR not stated); propofol N = 15 in the Results (p. 4) but 'n = 16 for analysis' in the Methods (p. 15); Ramsay 5; effect-site concentration from 0.6 µg/mL in 0.3 µg/mL steps, mean 2.48 (1.82–3.14) µg/mL (p. 16); TR 2,000 ms, 256 volumes, 8 min, 3 T Tim Trio (p. 16); DoC 22, TR 2,000 ms, 300 volumes, Trio 3 T (p. 17).",SUPPORTED WITH QUALIFICATION,OWN,"Every number holds. The HCP TR appears nowhere in the work ('TR not stated' holds). The quotation 'n = 16 for analysis' is printed 'n=16 for analysis' (no spaces around '='). Proposed: 'propofol: N = 15 in the Introduction and Results (pp. 4, 8) but ""n=16 for analysis"" in Methods (p. 15)'.",P31,11,Luppi2024.pdf p. 6 (printed 6); Luppi2024.pdf p. 4 (printed 4); Luppi2024.pdf p. 8 (printed 8); Luppi2024.pdf p. 15 (printed 15); Luppi2024.pdf p. 15 (printed 15); Luppi2024.pdf p. 16 (printed 16); Luppi2024.pdf p. 16 (printed 16); Luppi2024.pdf p. 16 (printed 16); Luppi2024.pdf p. 16 (printed 16); Luppi2024.pdf p. 17 (printed 17); Luppi2024.pdf p. 17 (printed 17),0,
C193,Luppi 2024,S Tables,"S20 Table, Table A",SI PDF p. 122,"S20 Table A, row 3, column 'parcellation'",454 (Schaefer + Tian); alternative Schaefer-200 + Tian-32,Parcellation of Luppi et al. 2024: 454 regions (Schaefer + Tian); alternative Schaefer-200 + Tian-32.,SUPPORTED,OWN,400 Schaefer + 54 Tian regions (p. 18); the replication uses Schaefer scale-200 with the scale-32 Tian subcortex (p. 18; also p. 10).,,2,Luppi2024.pdf p. 18 (printed 18); Luppi2024.pdf p. 18 (printed 18),0,
C194,Luppi 2024,S Tables,"S20 Table, Table A",SI PDF p. 122,"S20 Table A, row 3, column 'preprocessing (band-pass; nuisance; HRF deconvolution)'","0.008–0.09 Hz; GSR explicitly avoided (""here we chose to avoid GSR in favour of the aCompCor denoising procedure"", p. 18); **HRF deconvolved**, Wu et al. 2013, rsHRF v2.2 (pp. 18, 23)","Preprocessing of Luppi et al. 2024: 0.008–0.09 Hz; GSR explicitly avoided (quoted, p. 18); HRF-deconvolved with the Wu et al. 2013 toolbox, rsHRF v2.2 (pp. 18, 23).",SUPPORTED,OWN,"The quotation matches the work exactly. The work calls the tool 'The HRF deconvolution toolbox v2.2' with the address nitrc.org/projects/rshrf; the name 'rsHRF' appears only in that address. The Key resources table (p. 15) lists the same toolbox under Wu et al., 2013.",,4,Luppi2024.pdf p. 18 (printed 18); Luppi2024.pdf p. 18 (printed 18); Luppi2024.pdf p. 18 (printed 18); Luppi2024.pdf p. 23 (printed 23),0,
C195,Luppi 2024,S Tables,"S20 Table, Table A",SI PDF p. 122,"S20 Table A, row 3, column 'quantity reported'",synergistic workspace (gateways / broadcasters) from HCP synergy; ΦR contrasted conscious vs unconscious,Quantity reported by Luppi et al. 2024: the synergistic workspace (gateways and broadcasters) from HCP synergy; ΦR contrasted between conscious and unconscious states.,SUPPORTED,OWN,,,3,Luppi2024.pdf p. 6 (printed 6); Luppi2024.pdf p. 7 (printed 7); Luppi2024.pdf p. 8 (printed 8),0,
C196,Luppi 2024,S Tables,"S20 Table, Table A",SI PDF p. 122,"S20 Table A, row 3, column 'redundancy function / estimator / lag'","MMI-ΦID with the Gaussian JIDT solver, Eqs. 4–5 (pp. 19–20); lag written as the symbol only","Luppi et al. 2024 use MMI-ΦID with the Gaussian JIDT solver, Eqs. 4–5 (pp. 19–20); the lag is written only as the symbol τ.",SUPPORTED,OWN,"The lag appears only as τ (Xt−τ, pp. 19–20); no value of τ is given anywhere in the work.",,4,Luppi2024.pdf p. 19 (printed 19); Luppi2024.pdf p. 20 (printed 20); Luppi2024.pdf p. 20 (printed 20); Luppi2024.pdf p. 20 (printed 20),0,
C197,Luppi 2024,S Tables,"S20 Table, Table A",SI PDF p. 122,"S20 Table A, row 3, column 'autocorrelation addressed?'",no,Luppi et al. 2024 do not address the temporal autocorrelation of the signals.,SUPPORTED WITH QUALIFICATION,OWN,"Nothing in the work addresses the BOLD signals' temporal autocorrelation. The word 'autocorrelation' occurs only for spatial autocorrelation, handled by spin tests (p. 22); a bare 'no' could be misread as 'spatial autocorrelation not addressed'. The column means temporal autocorrelation (row 1 of the same table), so a header such as 'temporal autocorrelation addressed?' would remove the ambiguity for every row.",P26 P26b,1,Luppi2024.pdf p. 22 (printed 22),0,
C198,Luppi 2024,S Tables,"S20 Table, Table A",SI PDF p. 122,"S20 Table A, row 3, column 'reported effect'",ΦR decreases in gateway (DMN) regions on loss of consciousness; increases in broadcasters less robust,Reported effect of Luppi et al. 2024: ΦR decreases in gateway (DMN) regions on loss of consciousness; increases in broadcasters are less robust.,SUPPORTED,OWN,,,4,Luppi2024.pdf p. 10 (printed 10); Luppi2024.pdf p. 10 (printed 10); Luppi2024.pdf p. 13 (printed 13); Luppi2024.pdf p. 13 (printed 13),0,
C199,Luppi 2024,S Tables,"S20 Table, Table A",SI PDF p. 122,"S20 Table A, row 3, column 'scope-map reading (see Table B for the inputs)'","Contrasted quantity is ΦR, not sts. On the symmetric AR(1) family ΦR ≡ rtr = −½ ln(1 − r₁² q²) exactly (Table B item 1): it falls with a fall in r₁ or in \|q\|, with ∂ΦR/∂q = 0.19 against ∂ΦR/∂r₁ = 0.06 at the operating point. The r₁-dominance result for sts does not carry over to ΦR; a ΦR decrease is what a fall in r₁ q predicts through either factor. Propofol at Ramsay 5 is deep sedation; Huang et al. 2018 report AC1 up in light and deep sedation and down in deep anaesthesia (Table B item 3), so the direction of r₁ under this regime is not determined here. Operating point of the propofol and DoC data (0.008–0.09 Hz at 2 s): ideal-band-pass r₁ 0.78. Deconvolved.","Facts about Luppi et al. 2024 inside the scope-map reading: the contrasted quantity is ΦR, not sts; propofol at Ramsay 5 (deep sedation); the propofol and DoC data are band-passed 0.008–0.09 Hz at TR 2 s; the series are deconvolved.",SUPPORTED,OWN,"The reading itself is the paper's inference: ΦR ≡ rtr on the family, the derivatives 0.19 and 0.06, and the operating point r₁ = 0.78 (checked: the ideal-band-pass formula at 0.008–0.09 Hz and 2 s gives 0.781). The work calls the Ramsay-5 condition 'Deep anaesthesia' (p. 15) and 'deep sedation' (p. 16). Huang et al. 2018 is checked in its own unit.",,7,Luppi2024.pdf p. 8 (printed 8); Luppi2024.pdf p. 15 (printed 15); Luppi2024.pdf p. 16 (printed 16); Luppi2024.pdf p. 18 (printed 18); Luppi2024.pdf p. 16 (printed 16); Luppi2024.pdf p. 17 (printed 17); Luppi2024.pdf p. 18 (printed 18),0,
C200,Gatica 2024,S Tables,"S20 Table, Table A",SI PDF p. 123,"S20 Table A, row 4, column 'study'","Gatica et al. 2024, *Network Neurosci* 8(4):1032 (""Transcranial ultrasound stimulation effect in the redundant and synergistic networks consistent across macaques"")","Bibliographic details: Gatica et al. 2024, Network Neuroscience 8(4), first page 1032, title 'Transcranial ultrasound stimulation effect in the redundant and synergistic networks consistent across macaques'.",SUPPORTED,OWN,"Year, journal, volume(issue), first page and title all match the first page (pages 1032–1050; DOI 10.1162/netn_a_00388). Marilyn Gatica is first of seven authors. The first page carries no folio; 1032 is the first page of the range printed in its citation block.",,2,Gatica2024.pdf p. 1 (printed 1032); Gatica2024.pdf p. 1 (printed 1032),0,
C201,Gatica 2024,S Tables,"S20 Table, Table A",SI PDF p. 123,"S20 Table A, row 4, column 'data (N, TR)'","3 macaques under isoflurane; 3 runs × ~26 min × 800 volumes per run, TR 2 s, 3 T (pp. 12–13); TUS to SMA and FPC","Data: 3 macaques under isoflurane; 3 runs of about 26 min with 800 volumes each, TR 2 s, 3 T (pp. 12–13); TUS applied to SMA and FPC.",SUPPORTED,OWN,"The data are a reanalysis of the offline TUS dataset of Verhagen et al. (2019). Besides isoflurane, the animals received ketamine, xylazine, midazolam, atropine, meloxicam and ranitidine, and scanning started about 2 h after anaesthesia (p. 12). The three runs are per session: each macaque had a non-TUS, an SMA-TUS and an FPC-TUS session (pp. 12, 14).",,5,Gatica2024.pdf p. 12 (printed 1043); Gatica2024.pdf p. 12 (printed 1043); Gatica2024.pdf p. 12 (printed 1043); Gatica2024.pdf p. 13 (printed 1044); Gatica2024.pdf p. 12 (printed 1043),0,
C202,Gatica 2024,S Tables,"S20 Table, Table A",SI PDF p. 123,"S20 Table A, row 4, column 'parcellation'","CHARM + SARM level 3, 140 regions","Parcellation: CHARM + SARM atlases at level 3, 140 regions.",SUPPORTED,OWN,The same CHARM/SARM level-3 atlases give the 140 × 140 structural connectivity matrix (p. 13).,,1,Gatica2024.pdf p. 13 (printed 1044),0,
C203,Gatica 2024,S Tables,"S20 Table, Table A",SI PDF p. 123,"S20 Table A, row 4, column 'preprocessing (band-pass; nuisance; HRF deconvolution)'","0.0025–0.05 Hz; despiking, slice-time and motion correction (p. 13); GSR not mentioned; **no deconvolution mentioned**","Preprocessing: band-pass 0.0025–0.05 Hz; despiking, slice-time and motion correction (p. 13); no global signal regression mentioned; no HRF deconvolution mentioned.",SUPPORTED,OWN,"Not in the cell but on p. 13: the fMRI was detrended 'using motion as a nuisance variable' (motion regression), and the band follows Barttfeld et al. (2015). No global-signal regression and no HRF deconvolution appear anywhere in the text files. The only 'deconvolution' in the paper is constrained spherical deconvolution of the diffusion data (p. 13). The Supporting Information is not among the text files.",,2,Gatica2024.pdf p. 13 (printed 1044); Gatica2024.pdf p. 13 (printed 1044),0,
C204,Gatica 2024,S Tables,"S20 Table, Table A",SI PDF p. 123,"S20 Table A, row 4, column 'quantity reported'","persistent synergy and persistent redundancy in sliding windows (""500 time points per window with 99 % overlap, resulting in 60 windows"", p. 14, but ""60 sliding windows of 500 s"" in the Fig. 2 legend, p. 4 — noted); synergy-minus-redundancy rank gradient","Quantity: persistent synergy and persistent redundancy in sliding windows (quoted as '500 time points per window with 99 % overlap, resulting in 60 windows', p. 14, against '60 sliding windows of 500 s' in the Fig. 2 legend, p. 4); synergy-minus-redundancy rank gradient.",SUPPORTED WITH QUALIFICATION,OWN,"The first quotation differs from the source in two characters. The source reads '500-time points per window with 99% overlap, resulting in 60 windows', with a hyphen after 500 and no space before %; the cell has '500 time points' and '99 %'. The second quotation, '60 sliding windows of 500 s', is verbatim. The inconsistency the cell notes is real: 500 volumes at TR 2 s last 1,000 s, not 500 s. The rank gradient is Luppi et al. (2022)'s method, computed here per window.",P32,3,Gatica2024.pdf p. 14 (printed 1045); Gatica2024.pdf p. 14 (printed 1045); Gatica2024.pdf p. 4 (printed 1035),0,
C205,Gatica 2024,S Tables,"S20 Table, Table A",SI PDF p. 123,"S20 Table A, row 4, column 'redundancy function / estimator / lag'","Gaussian MMI solver, the MATLAB code of Luppi et al. 2022 (pp. 13, 15); τ not stated; stated limitation: ""we relied on the minimum mutual information (MMI) redundancy function, and there are other definitions that should be explored"" (p. 11)","Estimator: Gaussian MMI solver from the MATLAB code of Luppi et al. 2022 (pp. 13, 15); lag τ not stated; stated limitation that the MMI redundancy function was used and other definitions should be explored (quoted, p. 11).",SUPPORTED,OWN,"The quotation matches the source exactly. τ appears only as a symbol for the past state (p. 14), and no value is given in the main text; the Supporting Information is not among the text files.",,4,Gatica2024.pdf p. 13 (printed 1044); Gatica2024.pdf p. 15 (printed 1046); Gatica2024.pdf p. 14 (printed 1045); Gatica2024.pdf p. 11 (printed 1042),0,
C206,Gatica 2024,S Tables,"S20 Table, Table A",SI PDF p. 123,"S20 Table A, row 4, column 'autocorrelation addressed?'",no,Autocorrelation was not addressed by the study.,SUPPORTED,OWN,"The evidence is an absence: the words autocorrelation, prewhitening, surrogate and effective sample size do not occur in the text files. Window values (99 % overlap; 540 per region for the group, 180 per macaque) are compared with a Wilcoxon rank-sum test, Bonferroni correction and an effect-size threshold, with no correction for serial dependence described. The Supporting Information is not among the text files.",,2,Gatica2024.pdf p. 14 (printed 1045); Gatica2024.pdf p. 15 (printed 1046),0,
C207,Gatica 2024,S Tables,"S20 Table, Table A",SI PDF p. 123,"S20 Table A, row 4, column 'reported effect'","target-specific changes of the synergy-minus-redundancy gradient (limbic for FPC-TUS, motor for SMA-TUS); common effects in sensorimotor, temporal, frontal networks","Reported effect: target-specific changes of the synergy-minus-redundancy gradient (limbic network for FPC-TUS, motor network for SMA-TUS) and common effects in sensorimotor, temporal and frontal networks.",SUPPORTED,OWN,"The study also reports lower structure–function coupling after both stimulations and changes in network topology (lower modularity of redundancy after SMA-TUS, higher synergistic integration after FPC-TUS); these are not in the cell.",,2,Gatica2024.pdf p. 1 (printed 1032); Gatica2024.pdf p. 9 (printed 1040),0,
C208,Gatica 2024,S Tables,"S20 Table, Table A",SI PDF p. 123,"S20 Table A, row 4, column 'scope-map reading (see Table B for the inputs)'","Within scope: no deconvolution mentioned, TR 2 s, windowed estimation, ideal-band-pass r₁ 0.93 (Table B item 2). A TUS-induced change of regional r₁ would move regional sts in the same direction with rtr nearly unchanged, i.e. a gradient change of the reported kind; direction of r₁ change under TUS not determined here.","Study facts used by the scope-map reading: no deconvolution mentioned, TR 2 s, windowed estimation, the band giving an ideal-band-pass r₁ of 0.93, and a reported change of the synergy-minus-redundancy gradient.",SUPPORTED,OWN,"Only the study facts were checked: no HRF deconvolution is mentioned (see C203), TR 2 s, sliding-window estimation, the 0.0025–0.05 Hz band behind the 0.93 value, and a reported gradient change. The value 0.93 is the paper's own calculation (S20 Table B); the study reports no autocorrelation. The reading itself is the paper's inference: how an r₁ change would move sts and rtr, that this would give a gradient change of the reported kind, and that the direction under TUS is undetermined.",,3,Gatica2024.pdf p. 13 (printed 1044); Gatica2024.pdf p. 14 (printed 1045); Gatica2024.pdf p. 1 (printed 1032),0,
C209,Luppi 2026,S Tables,"S20 Table, Table A",SI PDF p. 123,"S20 Table A, row 5, column 'study'","Luppi et al. 2026, *Nat Hum Behav* 10:777 (""Convergent transcriptomic and connectomic controllers of information integration and its anaesthetic breakdown across mammalian brains"")","Bibliographic details: Luppi et al. 2026, Nat Hum Behav 10:777, title 'Convergent transcriptomic and connectomic controllers of information integration and its anaesthetic breakdown across mammalian brains'.",SUPPORTED,OWN,"Title, volume 10 and first page 777 match (running footer, pp. 2–26).",,2,Luppi2026.pdf p. 1; Luppi2026.pdf p. 2 (printed 778),0,
C210,Luppi 2026,S Tables,"S20 Table, Table A",SI PDF p. 123,"S20 Table A, row 5, column 'data (N, TR)'","humans N = 15 analysed (16 completed, 20 recruited; p. 35), sevoflurane at 2 vol% and 3 vol% (burst suppression) plus recovery, TR 1.838 s, 350 volumes, 3 T (pp. 37–39); macaques 5 (three awake/anaesthesia, two DBS; p. 35), TR 2.4 s (multi-anaesthesia, MION) and 1.25 s (DBS), 500 volumes per run (pp. 38–39); marmosets 4, TR 2.0 s, 155 volumes, 9.4 T (pp. 38–40); mice 43 = 10 awake + 14 medetomidine–isoflurane + 19 halothane, TR 1.0 / 1.2 s, 7 T (pp. 4, 38–40)","Data of Luppi et al. 2026: humans N = 15 analysed (16 completed, 20 recruited; p. 35), sevoflurane 2 vol% and 3 vol% (burst suppression) plus recovery, TR 1.838 s, 350 volumes, 3 T (pp. 37–39); macaques 5 (three awake/anaesthesia, two DBS; p. 35), TR 2.4 s (multi-anaesthesia, MION) and 1.25 s (DBS), 500 volumes per run (pp. 38–39); marmosets 4, TR 2.0 s, 155 volumes, 9.4 T (pp. 38–40); mice 43 = 10 awake + 14 medetomidine–isoflurane + 19 halothane, TR 1.0 / 1.2 s, 7 T (pp. 4, 38–40).",NOT SUPPORTED,n/a,"One fact is wrong: the macaques. The work has two macaque datasets of five animals each, not one of five: a multi-anaesthesia dataset of five macaques (A, J, K, Ki, R; main text p. 3 'N = 5 macaques'; p. 35) and a DBS dataset of five further males, three scanned awake (B, J, Y) and two anaesthetised with DBS (N, T) (p. 35; Fig. 3a, p. 5: 'N = 2 anaesthetized macaques'). A monkey 'J' is named in both. The cell's '5 (three awake/anaesthesia, two DBS)' describes only the DBS dataset, and mislabels its three awake animals as 'awake/anaesthesia'. Proposed: 'macaques: five in the multi-anaesthesia dataset (p. 3) and five in the DBS dataset, three awake and two anaesthetised with DBS (pp. 5, 35)'. Everything else holds: 20 recruited, 16 completed, N = 15 (p. 35); TR 1.838 s and 350 volumes (pp. 37–38); 3 T for humans and macaques, 9.4 T marmoset, 7.0 T mouse (p. 38); TR 2,400 ms with iron-oxide contrast (MION) and 1,250 ms, 500 volumes per run (p. 38); four marmosets (p. 35), TR 2,000 ms, 155 repetitions (p. 38); mice 10 + 14 + 19 (p. 4), 43 (p. 5), TR 1000 and 1200 ms (p. 38). The work itself is inconsistent on the human sessions: 'five scanning sessions: awake, 2 vol%, 3 vol% burst-suppression, and recovery' (p. 37) lists four, while p. 35 says each participant 'contributed data for awake, recovery, and 3 different anaesthesia levels'; the cell follows p. 37.",P06,20,Luppi2026.pdf p. 35; Luppi2026.pdf p. 35; Luppi2026.pdf p. 37; Luppi2026.pdf p. 38; Luppi2026.pdf p. 38; Luppi2026.pdf p. 3 (printed 779); Luppi2026.pdf p. 35; Luppi2026.pdf p. 35; Luppi2026.pdf p. 5 (printed 781); Luppi2026.pdf p. 38; Luppi2026.pdf p. 38; Luppi2026.pdf p. 38; Luppi2026.pdf p. 35; Luppi2026.pdf p. 38; Luppi2026.pdf p. 38; Luppi2026.pdf p. 4 (printed 780); Luppi2026.pdf p. 5 (printed 781); Luppi2026.pdf p. 38; Luppi2026.pdf p. 38; Luppi2026.pdf p. 38,0,
C211,Luppi 2026,S Tables,"S20 Table, Table A",SI PDF p. 123,"S20 Table A, row 5, column 'parcellation'",human Schaefer-100; macaque RM-82; marmoset MBM-70; mouse Allen CCFv3-162 (pp. 37–40),Parcellations of Luppi et al. 2026: human Schaefer-100; macaque RM-82; marmoset MBM-70; mouse Allen CCFv3-162 (pp. 37–40).,SUPPORTED,OWN,From the OCR of the image-only Reporting Summary.,,4,Luppi2026.pdf p. 39; Luppi2026.pdf p. 39; Luppi2026.pdf p. 39; Luppi2026.pdf p. 39,0,
C212,Luppi 2026,S Tables,"S20 Table, Table A",SI PDF p. 123,"S20 Table A, row 5, column 'preprocessing (band-pass; nuisance; HRF deconvolution)'","human: aCompCor 5 + 5, six motion parameters + derivatives, ART, 0.008–0.09 Hz, CONN 17f (p. 39); macaque 0.0025–0.05 Hz with a 0.03 Hz notch (p. 39); marmoset and mouse 0.01–0.1 Hz; mouse ""No global signal regression""; human GSR not mentioned; **HRF deconvolution not mentioned anywhere in the PDF** (the Supplementary Methods it defers to are not included)","Preprocessing of Luppi et al. 2026: human aCompCor 5 + 5, six motion parameters + derivatives, ART, 0.008–0.09 Hz, CONN 17f (p. 39); macaque 0.0025–0.05 Hz with a 0.03 Hz notch (p. 39); marmoset and mouse 0.01–0.1 Hz; mouse 'No global signal regression'; human GSR not mentioned; HRF deconvolution not mentioned anywhere (the Supplementary Methods it defers to are not included).",SUPPORTED,OWN,"The quotation 'No global signal regression' is the start of the sentence 'No global signal regression was employed.' (p. 40). For humans, 'global signal' appears only as ART's '5 global signal z-values' outlier setting (p. 40), not as a regression. The only 'deconvolution' in the work is cell-type deconvolution of gene data (p. 16). The main text defers dataset details to Supplementary Methods (p. 18), which are not in the PDF. Reporting Summary passages are from OCR (the marmoset band is printed '0.01–0.1 Hz'; the OCR reads '0.01—-0.1').",,8,Luppi2026.pdf p. 39; Luppi2026.pdf p. 39; Luppi2026.pdf p. 39; Luppi2026.pdf p. 40; Luppi2026.pdf p. 40; Luppi2026.pdf p. 40; Luppi2026.pdf p. 18 (printed 794); Luppi2026.pdf p. 16 (printed 792),0,
C213,Luppi 2026,S Tables,"S20 Table, Table A",SI PDF p. 123,"S20 Table A, row 5, column 'quantity reported'","ΦR, Eq. 9 (p. 20)","Quantity reported by Luppi et al. 2026: ΦR, their Eq. 9 (p. 20).",SUPPORTED,OWN,,,2,Luppi2026.pdf p. 20 (printed 796); Luppi2026.pdf p. 20 (printed 796),0,
C214,Luppi 2026,S Tables,"S20 Table, Table A",SI PDF p. 123,"S20 Table A, row 5, column 'redundancy function / estimator / lag'","MMI double redundancy, Gaussian JIDT solver, Imperial-MIND-lab code (pp. 19, 22); lag written as the symbol only","Luppi et al. 2026 use the MMI double redundancy with the Gaussian JIDT solver and the Imperial-MIND-lab code (pp. 19, 22); the lag is written only as the symbol τ.",SUPPORTED,OWN,"The lag appears only as τ (Xt−τ, pp. 18–20); no value is given.",,3,Luppi2026.pdf p. 19 (printed 795); Luppi2026.pdf p. 19 (printed 795); Luppi2026.pdf p. 22 (printed 798),0,
C215,Luppi 2026,S Tables,"S20 Table, Table A",SI PDF p. 123,"S20 Table A, row 5, column 'autocorrelation addressed?'","no (a debiasing surrogate ""destroying the past–future relationships"" is used, p. 13)",Luppi et al. 2026 do not address the signals' temporal autocorrelation; they use a debiasing surrogate 'destroying the past–future relationships' (p. 13).,SUPPORTED WITH QUALIFICATION,OWN,"The quotation matches exactly. As in row 3, the work does address spatial autocorrelation, with autocorrelation-preserving null maps for its gene-expression correlations (pp. 8–9; Reporting Summary p. 40), so a bare 'no' could be misread; the column means temporal autocorrelation.",P26 P26b,2,Luppi2026.pdf p. 13 (printed 789); Luppi2026.pdf p. 9 (printed 785),0,
C216,Luppi 2026,S Tables,"S20 Table, Table A",SI PDF p. 123,"S20 Table A, row 5, column 'reported effect'","ΦR reduced under anaesthesia in every species except medetomidine–isoflurane mice, restored on recovery and under thalamic DBS (p. 5)","Reported effect of Luppi et al. 2026: ΦR reduced under anaesthesia in every species except medetomidine–isoflurane mice, restored on recovery and under thalamic DBS (p. 5).",SUPPORTED,OWN,"The DBS restoration is for central-thalamic stimulation; ventrolateral stimulation, the control site, gave no evidence of an effect at high intensity and a smaller significant increase at low intensity (p. 5).",,3,Luppi2026.pdf p. 5 (printed 781); Luppi2026.pdf p. 5 (printed 781); Luppi2026.pdf p. 5 (printed 781),0,
C217,Luppi 2026,S Tables,"S20 Table, Table A",SI PDF p. 123,"S20 Table A, row 5, column 'scope-map reading (see Table B for the inputs)'","MMI, so as for row 3: ΦR ≡ rtr on the symmetric family, falling with a fall in r₁ q through either factor. Operating points by the ideal-band-pass formula: human 0.81 (0.008–0.09 Hz at 1.838 s), macaque 0.90 and 0.97 (2.4 and 1.25 s), marmoset 0.73, mouse 0.93 / 0.90. The companion preprint on anaesthetised dynamics across the same species (Luppi et al. 2025 bioRxiv, hctsa; Table B item 3) reports ""faster decay of autocorrelation under anaesthesia""; through r₁ q that lowers ΦR on the family. Whether the datasets coincide is not stated; deconvolution is not mentioned.",Facts about Luppi et al. 2026 inside the scope-map reading: MMI; the quantity is ΦR; human 0.008–0.09 Hz at TR 1.838 s; macaque TR 2.4 and 1.25 s; marmoset and mouse bands and TRs; deconvolution not mentioned.,SUPPORTED,OWN,"The reading is the paper's inference. Its operating points recompute from the ideal-band-pass formula: human 0.813, macaque 0.903 and 0.973, marmoset 0.730, mouse 0.928 and 0.898 (the macaque's 0.03 Hz notch is not in the formula, as the cell says 'by the ideal-band-pass formula'). The Luppi et al. 2025 bioRxiv quotation is checked in its own unit (not in the PDF folder).",P12,9,Luppi2026.pdf p. 19 (printed 795); Luppi2026.pdf p. 20 (printed 796); Luppi2026.pdf p. 38; Luppi2026.pdf p. 39; Luppi2026.pdf p. 38; Luppi2026.pdf p. 38; Luppi2026.pdf p. 39; Luppi2026.pdf p. 40; Luppi2026.pdf p. 40,0,
C218,Down 2026,S Tables,"S20 Table, Table A",SI PDF p. 124,"S20 Table A, row 6, column 'study'","Down, Huntley, Mediano & Bor 2026 (bioRxiv 10.64898/2026.02.18.706630; ""Synergistic and redundant information dynamics are modulated by Alzheimer's disease and cognitive impairment"")","Bibliographic details: the authors (Down, Huntley, Mediano & Bor), the year 2026, the bioRxiv DOI 10.64898/2026.02.18.706630 and the title.",SUPPORTED,OWN,"The quoted title matches, except that the paper types a straight apostrophe (Alzheimer's) where the PDF has a typographic one (Alzheimer’s, U+2019). The PDF's author line adds 'for the Alzheimer’s Disease Neuroimaging Initiative'. The version in the file was posted on February 19, 2026.",,3,Down2026.pdf p. 1 (printed 1); Down2026.pdf p. 1 (printed 1); Down2026.pdf p. 1 (printed 1),0,
C219,Down 2026,S Tables,"S20 Table, Table A",SI PDF p. 124,"S20 Table A, row 6, column 'data (N, TR)'","ADNI: 1,118 participants analysed (CN 568, MCI 369, AD 181), one scan each, from 2,907 scans in the database (pp. 2–3); TR 3 s (advanced protocol 0.6 s downsampled to 3 s), 10-min scans","Down uses ADNI data: 1,118 participants analysed (CN 568, MCI 369, AD 181), one scan each, from 2,907 scans (pp. 2–3). TR is 3 s, with the 0.6-s advanced protocol down-sampled to 3 s. Scans last 10 minutes.",SUPPORTED,OWN,"The 1,118 are the participants whose selected (most recent) scan had diagnostic data; 179 scans without diagnostic data were excluded (p. 3). The 2,907 are the scans of participants with at least one 10-minute resting-state scan before 22 November 2023 (p. 2), not every scan in ADNI. The table labels the group 'AD'; the text calls it 'dementia, presumed AD'. p. 4 describes the resampled TR as 'about 3s' ('to the nearest slice').",,3,Down2026.pdf p. 2 (printed 2); Down2026.pdf p. 3 (printed 3); Down2026.pdf p. 3 (printed 3),0,
C220,Down 2026,S Tables,"S20 Table, Table A",SI PDF p. 124,"S20 Table A, row 6, column 'parcellation'",Schaefer-200 + 32 subcortical (232) and Schaefer-100 + 16 (116),Down parcellates with Schaefer-200 plus 32 subcortical regions (232) and Schaefer-100 plus 16 subcortical regions (116).,SUPPORTED,OWN,"The subcortical regions come from Down's reference [61] (Tian et al., 2020). The 232-region atlas is the main one; the 116-region atlas is used for replication (p. 7).",,1,Down2026.pdf p. 4 (printed 4),0,
C221,Down 2026,S Tables,"S20 Table, Table A",SI PDF p. 124,"S20 Table A, row 6, column 'preprocessing (band-pass; nuisance; HRF deconvolution)'","0.0025–0.05 Hz; regressors: the first five aCompCor components for CSF and WM, motion parameters and derivatives, and a non-steady-state component (p. 4; ""tCompCor"" is only an fMRIPrep output listed on p. 3); GSR not mentioned; no smoothing (""No blurring step"", p. 4); **no deconvolution mentioned**","Down's preprocessing: band-pass 0.0025–0.05 Hz. Regressors are the first five aCompCor components for CSF and WM, motion parameters with derivatives, and a non-steady-state component (p. 4). tCompCor appears only as an fMRIPrep output on p. 3. GSR is not mentioned, there is no smoothing ('No blurring step', p. 4), and deconvolution is not mentioned.",SUPPORTED,OWN,"Both quotations ('tCompCor', 'No blurring step') match the text. Absence checks: 'global signal'/GSR, deconvolution, HRF and haemodynamic occur nowhere in the 25-page main text. The full fMRIPrep boilerplate is in the supplement, which is not in the file (p. 4 points to it). The p. 3 fMRIPrep summary mentions 'spatiotemporal filtering' but gives no smoothing kernel, and p. 4 states that no blurring step was performed. Down says its regressor set follows Luppi et al. [39].",,3,Down2026.pdf p. 4 (printed 4); Down2026.pdf p. 3 (printed 3); Down2026.pdf p. 4 (printed 4),0,
C222,Down 2026,S Tables,"S20 Table, Table A",SI PDF p. 124,"S20 Table A, row 6, column 'quantity reported'",synergy and redundancy atoms (all 16 analysed),"Down reports the synergy and redundancy atoms, having computed and analysed all 16 ΦID atoms.",SUPPORTED,OWN,"Down's synergy and redundancy are the sts and rtr atoms (p. 6). They are reported as regional sums over a region's pairs (Eqs. 6–7) and as intranetwork averages (Eqs. 8–9). In the main text, the other atoms are analysed only through the four taxonomic modes: storage, transfer, copy/erasure and multi-scale causation (pp. 9, 15–17).",,3,Down2026.pdf p. 6 (printed 6); Down2026.pdf p. 7 (printed 7); Down2026.pdf p. 9 (printed 9),0,
C223,Down 2026,S Tables,"S20 Table, Table A",SI PDF p. 124,"S20 Table A, row 6, column 'redundancy function / estimator / lag'","MMI, Gaussian (""brain activity is suitably Gaussian"", pp. 5–6), lag one TR = 3 s (p. 5); CCS re-validation in the supplement (p. 6); software not named","Down uses MMI with a Gaussian treatment ('brain activity is suitably Gaussian', pp. 5–6) and a lag of one TR = 3 s (p. 5). It re-validates with CCS in the supplement (p. 6) and names no software.",SUPPORTED WITH QUALIFICATION,OWN,"The quotation 'brain activity is suitably Gaussian' matches the text. Qualification: Down never names a mutual-information estimator. 'Gaussian' is inferred from two statements: Down's reason for choosing MMI (brain activity is 'suitably Gaussian', citing [5] Bím et al.) and its remark that PIDs behave similarly 'for Gaussian systems' (p. 5). 'Software not named' holds. The tools Down names are for preprocessing and plotting (fMRIPrep/Nipype, Clinica, the ENIGMA toolbox, Brainnetviewer), plus Matlab for time-series extraction and NumPy for PCA; no ΦID code or toolbox is named. The CCS results themselves (supplement section 6.13) are not in the file. Planning session: the main text counts this study among the 'six with a Gaussian estimator' (Introduction ¶1); the count rests on this stated rationale, which S20 Table quotes. No change proposed.",,4,Down2026.pdf p. 5 (printed 5); Down2026.pdf p. 6 (printed 6); Down2026.pdf p. 5 (printed 5); Down2026.pdf p. 19 (printed 19),0,
C224,Down 2026,S Tables,"S20 Table, Table A",SI PDF p. 124,"S20 Table A, row 6, column 'autocorrelation addressed?'",no,Down does not address the autocorrelation of the BOLD series.,SUPPORTED,OWN,"This is an absence claim. 'Autocorrelation' does not occur in the 25-page main text, and neither does any correction, surrogate or autocorrelation-preserving null. The group statistics are t-tests on the atoms, because permutation nulls were 'mostly intractable' (p. 7). The only related assumption is 'distribution stationarity' for the taxonomic modes (p. 15). The supplement is not in the file.",,1,Down2026.pdf p. 7 (printed 7),0,
C225,Down 2026,S Tables,"S20 Table, Table A",SI PDF p. 124,"S20 Table A, row 6, column 'reported effect'","""striking synergy reduction across the entire brain, in concert with widespread redundancy increases, particularly in the executive and default mode networks""; cognitive decline tracks synergy loss / redundancy gain","Down reports (in quoted words) a striking whole-brain synergy reduction with widespread redundancy increases in AD, and that cognitive decline tracks synergy loss and redundancy gain.",SUPPORTED,OWN,"The quotation matches the abstract (Results, p. 1) character for character. 'Cognitive decline tracks' rests on a cross-sectional comparison of three MoCA groups (high, medium, low; p. 17), not on change over time. The full MoCA results are in the supplement, which is not in the file.",,3,Down2026.pdf p. 1 (printed 1); Down2026.pdf p. 1 (printed 1); Down2026.pdf p. 17 (printed 17),0,
C226,Down 2026,S Tables,"S20 Table, Table A",SI PDF p. 124,"S20 Table A, row 6, column 'scope-map reading (see Table B for the inputs)'","Within scope: no deconvolution mentioned, TR 3 s, ideal-band-pass r₁ 0.85. A fall in r₁ predicts the synergy decrease with redundancy nearly unchanged (∂rtr/∂r₁ = 0.06 vs ∂sts/∂r₁ = 6.1); a rise in redundancy with a fall in synergy is the signature of a change in q (∂rtr/∂q = −∂sts/∂q exactly) or of a mixture. Direction of r₁ change in AD not determined here.","The scope-map reading uses these study facts: Down mentions no deconvolution, has TR 3 s, and reports a synergy fall with a redundancy rise. The r₁ value, the derivatives and the reading are the paper's own.",SUPPORTED,OWN,"The reading itself is the paper's inference, not Down's: the ideal-band-pass r₁ = 0.85 (from the 0.0025–0.05 Hz band at TR 3 s), the partial derivatives and the q-versus-r₁ interpretation. Down reports no autocorrelation or r₁ value. 'No deconvolution mentioned' holds for the main text: deconvolution, HRF and haemodynamic do not occur in pp. 1–25. The supplement is not in the file.",,3,Down2026.pdf p. 3 (printed 3); Down2026.pdf p. 4 (printed 4); Down2026.pdf p. 1 (printed 1),0,
C227,Nago 2026,S Tables,"S20 Table, Table A",SI PDF p. 124,"S20 Table A, row 7, column 'study'","Nago et al. 2026, *Brain Informatics* 13:25 (""Synergistic and redundant information dynamics exhibit dissociable alterations across schizophrenia and neurodevelopmental conditions"")","Bibliographic details: Nago et al. 2026, Brain Informatics 13:25, and the title.",SUPPORTED,OWN,"The title matches character for character. There are four authors (Nago, Kojima, Yamaguchi, Yamashita), so 'et al.' is right. The DOI is 10.1186/s40708-026-00312-2; the article was received on 20 February 2026 and accepted on 29 May 2026 (p. 16).",,3,Nago2026.pdf p. 1; Nago2026.pdf p. 1; Nago2026.pdf p. 1,0,
C228,Nago 2026,S Tables,"S20 Table, Table A",SI PDF p. 124,"S20 Table A, row 7, column 'data (N, TR)'",COBRE 71 SZ / 74 HC; ABIDE-NYU 79 ASD / 105 HC; ADHD-200-NYU 118 / 98; TR 2 s; 150 / 180 / 176 volumes (p. 3); field strength not stated,"Nago's samples: COBRE 71 SZ / 74 HC; ABIDE-NYU 79 ASD / 105 HC; ADHD-200-NYU 118 ADHD / 98 HC. TR is 2 s, with 150 / 180 / 176 volumes (p. 3). Field strength is not stated.",SUPPORTED,OWN,"Nago calls the ABIDE and ADHD-200 controls 'neurotypical controls'. On field strength: the only '3T' in the article is the version label of the Tian subcortical atlas ('S2, 3T', p. 3), not the acquisition. Scanner differences are mentioned only as possible confounds (pp. 12, 15). The clinical-severity analysis used 116 of the 118 ADHD patients (p. 6).",,2,Nago2026.pdf p. 3 (printed 3); Nago2026.pdf p. 3 (printed 3),0,
C229,Nago 2026,S Tables,"S20 Table, Table A",SI PDF p. 124,"S20 Table A, row 7, column 'parcellation'",Schaefer-200 + Tian S2 32 (232),Nago parcellates with the 200-region Schaefer atlas plus the 32-region Tian S2 subcortical atlas (232 regions).,SUPPORTED,OWN,"Nago names the cortical atlas 'Schaefer-7-network' and gives the count of 200 cortical regions only in the combined total, so 'Schaefer-200' is implied rather than named. The LDA analyses use only the 200 cortical regions (p. 5).",,1,Nago2026.pdf p. 3 (printed 3),0,
C230,Nago 2026,S Tables,"S20 Table, Table A",SI PDF p. 124,"S20 Table A, row 7, column 'preprocessing (band-pass; nuisance; HRF deconvolution)'","0.008–0.09 Hz; six motion parameters + derivatives, aCompCor (5), detrending, 6-mm smoothing (p. 3); GSR not mentioned; **no deconvolution mentioned**","Nago's preprocessing: band-pass 0.008–0.09 Hz; six motion parameters with derivatives, five aCompCor components, linear detrending and 6-mm smoothing (p. 3). GSR is not mentioned, and deconvolution is not mentioned.",SUPPORTED,OWN,"The aCompCor components are 'extracted separately' from the white-matter and CSF masks. The text does not say whether five means five in total or five per mask. Absence checks: global-signal regression, deconvolution and HRF occur nowhere in the article. 'hemodynamic' appears only in the title of reference 29. Preprocessing follows the CONN toolbox's default pipeline (version 22.v2407, p. 3).",,2,Nago2026.pdf p. 3 (printed 3); Nago2026.pdf p. 3 (printed 3),0,
C231,Nago 2026,S Tables,"S20 Table, Table A",SI PDF p. 124,"S20 Table A, row 7, column 'quantity reported'",pairwise syn→syn and red→red atoms; regional mean t-values over a region's connections,"Nago reports the pairwise syn→syn and red→red atoms, and regional mean t-values averaged over each region's connections.",SUPPORTED,OWN,"Nago also reports network-level mean t-values, NeuroSynth mappings and LDA on the edge-wise values (pp. 4–6).",,3,Nago2026.pdf p. 3 (printed 3); Nago2026.pdf p. 4 (printed 4); Nago2026.pdf p. 4 (printed 4),0,
C232,Nago 2026,S Tables,"S20 Table, Table A",SI PDF p. 124,"S20 Table A, row 7, column 'redundancy function / estimator / lag'","MMI, Imperial-MIND-lab toolbox (p. 4); ""Gaussian"" is not stated (the toolbox's Gaussian solver is its default); lag not stated","Nago uses MMI with the Imperial-MIND-lab ΦID toolbox (p. 4), does not state a Gaussian estimator, and does not state the lag.",SUPPORTED,OWN,"The link after 'available at' (p. 4; also in the Data availability statement, p. 16) reads github.com/Imperial-MIND-lab/integrated-info-decomp. Its text layer interleaves zero-width spaces, so it is described here rather than quoted. 'Gaussian' occurs only for the 6-mm smoothing kernel (p. 3). The lag appears only as the symbol τ in the TDMI and Eq. 2, and its value is never given. The parenthetical claim that the toolbox's Gaussian solver is its default is about the toolbox, not the article, and cannot be checked from Nago2026. Planning session: the default is confirmed in the phyid code at the commit this paper pins (6c5f2e9, phyid/calculate.py line 154): def calc_PhiID(src, trg, tau, kind=""gaussian"", redundancy=""MMI""); whether the study used that version is not stated.",,4,Nago2026.pdf p. 4 (printed 4); Nago2026.pdf p. 4 (printed 4); Nago2026.pdf p. 4 (printed 4); Nago2026.pdf p. 3 (printed 3),0,
C233,Nago 2026,S Tables,"S20 Table, Table A",SI PDF p. 124,"S20 Table A, row 7, column 'autocorrelation addressed?'",no,Nago does not address the autocorrelation of the BOLD series.,SUPPORTED WITH QUALIFICATION,OWN,"'No' is right for temporal autocorrelation of the BOLD series that enters ΦID: nothing in the article addresses it. But Nago does address spatial autocorrelation, with spin tests for the NeuroSynth associations (p. 5; results p. 12, Fig. S3). A bare 'no' could be read as contradicting that.",P26 P26b,2,Nago2026.pdf p. 5 (printed 5); Nago2026.pdf p. 4 (printed 4),0,
C234,Nago 2026,S Tables,"S20 Table, Table A",SI PDF p. 124,"S20 Table A, row 7, column 'reported effect'","SZ: widespread synergy reduction; ASD: synergy and redundancy reduction; ADHD: synergy increase; stated limitation that ""the specific values of synergy and redundancy reported in this study are contingent on the MMI measure"" (p. 4); the differing volume counts ""may influence the estimation accuracy of the covariance structure"" (p. 15)","Nago reports widespread synergy reduction in SZ, synergy and redundancy reduction in ASD, and synergy increase in ADHD. Two limitation quotations: MMI dependence (p. 4) and differing volume counts (p. 15).",SUPPORTED,OWN,"Both quotations match the text exactly. Most edge-level effects did not survive FDR ('only a sparse subset of connections survived', p. 8); the reported effects are shifts in the regional mean t-values. In SZ, redundancy also fell in SOM and rose in SUB (p. 8). In ASD, redundancy fell in all cortical networks but not in SUB (p. 8). The ADHD synergy increase excludes subcortical regions (p. 14).",,3,Nago2026.pdf p. 8 (printed 8); Nago2026.pdf p. 4 (printed 4); Nago2026.pdf p. 15 (printed 15),0,
C235,Nago 2026,S Tables,"S20 Table, Table A",SI PDF p. 124,"S20 Table A, row 7, column 'scope-map reading (see Table B for the inputs)'","Within scope as far as stated: no deconvolution mentioned, TR 2 s, ideal-band-pass r₁ 0.78, 150–180 samples per subject (windowed regime of the map). Each reported synergy change (SZ down, ASD down, ADHD up) would follow from a change in r₁ of the same sign; the ASD redundancy decrease alongside the synergy decrease is compatible with an r₁ fall only if rtr moves little, which is what the map gives (∂rtr/∂r₁ is 1 % of ∂sts/∂r₁ at the operating point). Direction of r₁ change in these conditions not determined here.","The scope-map reading uses these study facts: Nago mentions no deconvolution, has TR 2 s and 150–180 samples per subject, and reports synergy changes (SZ down, ASD down, ADHD up) plus an ASD redundancy decrease. The r₁ value, the derivatives and the reading are the paper's own.",SUPPORTED,OWN,"The reading is the paper's inference, not Nago's: the ideal-band-pass r₁ = 0.78 (0.008–0.09 Hz at TR 2 s), the windowed regime, the derivative ratio and the sign argument. Nago reports no autocorrelation or r₁ value. '150–180 samples' matches the 150, 180 and 176 volumes (p. 3); the article mentions no discarded volumes. Deconvolution and HRF are not mentioned anywhere in the article.",,3,Nago2026.pdf p. 3 (printed 3); Nago2026.pdf p. 3 (printed 3); Nago2026.pdf p. 8 (printed 8),0,
C236,Zhang 2025,S Tables,"S20 Table, Table A",SI PDF p. 125,"S20 Table A, row 8, column 'study'","Zhang et al. 2025, *Brain Sciences* 15(6):636 (""Dynamic Synergy Network Analysis Reveals Stage-Specific Regional Dysfunction in Alzheimer's Disease""; authors Zhang, Han, Xia, Deng & Dong)","Zhang et al. 2025 appeared in Brain Sciences 15(6):636, with the quoted title and the authors Zhang, Han, Xia, Deng and Dong.",SUPPORTED,OWN,"Title quotation: identical except for the apostrophe. The paper has a straight apostrophe in ""Alzheimer's"", and the PDF prints a typographic one (""Alzheimer’s""). The authors and their order (Zhang, Han, Xia, Deng, Dong), volume 15, article 636 and year 2025 match the first page. The first page gives the journal only as the abbreviation ""Brain Sci.""; the full name ""Brain Sciences"" does not occur in the text files (probably it is only in the logo). No issue number is printed. Issue 6 is only encoded in the DOI (10.3390/brainsci15060636 = volume 15, issue 06, article 0636), which is consistent with ""Published: 12 June 2025"".",,2,Zhang2025.pdf p. 1; Zhang2025.pdf p. 1,0,
C237,Zhang 2025,S Tables,"S20 Table, Table A",SI PDF p. 125,"S20 Table A, row 8, column 'data (N, TR)'","ADNI 203 (34 CN, 60 EMCI, 59 LMCI, 50 AD); TR 3.001 s; 140 volumes","Zhang et al. used ADNI data from 203 subjects (34 CN, 60 EMCI, 59 LMCI, 50 AD), acquired with TR 3.001 s and 140 volumes.",SUPPORTED,OWN,"The total of 203 is printed in the Figure 5 caption (p. 8) and equals 34 + 60 + 59 + 50. TR is printed as 3001.0 ms. 140 is the number of acquired volumes; the work describes no removal of initial volumes. It does not say whether the motion criterion (mean FD > 0.5 mm, p. 3) excluded anyone from these counts.",,4,Zhang2025.pdf p. 3 (printed 3); Zhang2025.pdf p. 3 (printed 3); Zhang2025.pdf p. 3 (printed 3); Zhang2025.pdf p. 8 (printed 8),0,
C238,Zhang 2025,S Tables,"S20 Table, Table A",SI PDF p. 125,"S20 Table A, row 8, column 'parcellation'",AAL-90 grouped into Yeo networks,"Zhang et al. used the 90 non-cerebellar AAL regions, grouped into Yeo's networks.",SUPPORTED,OWN,"116 AAL regions minus 26 cerebellar regions leaves 90. These are grouped into 8 networks, Yeo's 7 plus ""Other"", and VAN and OTH were left out of the network-level comparisons (p. 6). The node-level tests use all 90 AAL nodes (p. 8).",,3,Zhang2025.pdf p. 6 (printed 6); Zhang2025.pdf p. 6 (printed 6); Zhang2025.pdf p. 6 (printed 6),0,
C239,Zhang 2025,S Tables,"S20 Table, Table A",SI PDF p. 125,"S20 Table A, row 8, column 'preprocessing (band-pass; nuisance; HRF deconvolution)'","band-pass not stated (p. 3); DPABI/SPM12 standard steps, 6-mm smoothing, FD > 0.5 mm exclusion; no nuisance regression mentioned; GSR and deconvolution not mentioned","Zhang et al.'s preprocessing: no band-pass stated (p. 3); standard DPABI/SPM12 steps with 6-mm smoothing and exclusion at FD > 0.5 mm; no nuisance regression, GSR or deconvolution mentioned.",SUPPORTED WITH QUALIFICATION,OWN,"Everything matches except the smoothing unit. The work prints ""6 × 6 × 6 Gaussian kernel smoothing"" with no unit and no FWHM, so ""6-mm"" is the paper's conventional reading, not printed text. The motion criterion excludes subjects whose mean framewise displacement is above 0.5 mm; it is not volume censoring. The absences hold across all 20 pages: no band-pass, filter or Hz; no nuisance regression (the only ""CSF"" is in the segmentation step); no global signal regression; no deconvolution, HRF or haemodynamic model.",P33,2,Zhang2025.pdf p. 3 (printed 3); Zhang2025.pdf p. 8 (printed 8),0,
C240,Zhang 2025,S Tables,"S20 Table, Table A",SI PDF p. 125,"S20 Table A, row 8, column 'quantity reported'","""dynamic synergy"": the syn→syn atom computed once per subject over the 140-volume run, with networks reconstructed per subject against the CN average (pp. 5–7) — not sliding-window (the word ""window"" does not occur)","Zhang et al.'s ""dynamic synergy"" is the syn→syn ΦID atom, computed once per subject over the 140-volume run, with single-subject networks reconstructed against the CN average (pp. 5–7); it is not sliding-window, and ""window"" never occurs.",SUPPORTED WITH QUALIFICATION,OWN,"The quoted term ""dynamic synergy"" matches the work's wording (abstract, p. 1). These are all stated: the syn→syn atom (p. 5), one individual connectivity matrix per subject (p. 7), and the reconstruction against the CN average matrix, adopted from Huang et al. [23] (p. 7). That each estimate used the whole 140-volume run is the paper's inference. The work gives 140 acquired volumes (p. 3) and describes no windowing or volume removal, but it never says how many time points entered each estimate. Neither ""window"" nor ""sliding"" occurs in the 20 pages (raw and layout text). In the work, ""dynamic"" refers to ΦID's past-to-future, time-delayed information (p. 4).",P33 P34,6,Zhang2025.pdf p. 1; Zhang2025.pdf p. 4 (printed 4); Zhang2025.pdf p. 5 (printed 5); Zhang2025.pdf p. 7 (printed 7); Zhang2025.pdf p. 7 (printed 7); Zhang2025.pdf p. 3 (printed 3),0,
C241,Zhang 2025,S Tables,"S20 Table, Table A",SI PDF p. 125,"S20 Table A, row 8, column 'redundancy function / estimator / lag'","MMI, linear-Gaussian, JIDT v1.5 (pp. 4–6); τ not stated","Zhang et al. used the MMI redundancy function with a linear-Gaussian model, computed with JIDT v1.5 (pp. 4–6), and do not state the lag τ.",SUPPORTED,OWN,"""Linear-Gaussian"" rests on the sentence ""Since linear Gaussian models adequately describe fMRI time series, we adopt MMI-PID decomposition"". The work does not name the JIDT estimator class explicitly. The work justifies the MMI choice by citing [17,18] (Bim et al. 2019; Barrett 2014). τ appears only as a symbol in Eqs. 4, 5 and 7. No value is given anywhere, and there is no ""lag"" or ""delay"" setting.",,4,Zhang2025.pdf p. 4 (printed 4); Zhang2025.pdf p. 5 (printed 5); Zhang2025.pdf p. 6 (printed 6); Zhang2025.pdf p. 4 (printed 4),0,
C242,Zhang 2025,S Tables,"S20 Table, Table A",SI PDF p. 125,"S20 Table A, row 8, column 'autocorrelation addressed?'",no,Zhang et al. did not address autocorrelation.,SUPPORTED,OWN,"This is a claim that something is absent, and it holds. None of the 20 pages mentions autocorrelation, surrogate or null data, effective degrees of freedom or prewhitening. The synergy computation (p. 6) and the group statistics (p. 8) quoted here contain no such step.",,2,Zhang2025.pdf p. 6 (printed 6); Zhang2025.pdf p. 8 (printed 8),0,
C243,Zhang 2025,S Tables,"S20 Table, Table A",SI PDF p. 125,"S20 Table A, row 8, column 'reported effect'",stage-specific regional synergy decline (orbitofrontal–striatal–temporoparietal prodromal; frontal/postcentral moderate; supramarginal/inferior parietal advanced),"Zhang et al. report stage-specific regional synergy decline: orbitofrontal–striatal–temporoparietal in prodromal stages, middle frontal/postcentral at the moderate stage, supramarginal/inferior parietal at the advanced stage.",SUPPORTED,OWN,"The three stages are the CN–EMCI, EMCI–LMCI and LMCI–AD comparisons. ""Decline"" means lower communication capacity and/or degree centrality of nodes in the synergy networks (Tables 5–6, p. 12). The regions are right middle frontal and right postcentral gyri, then right supramarginal gyrus and left inferior parietal lobule. ""Orbitofrontal–striatal–temporoparietal"" is the abstract's own label. The CN–EMCI node lists (text p. 11, Tables 5–6) contain orbitofrontal, striatal (caudate, putamen), temporal and occipital regions, but no parietal one. In the abstract (p. 1) the passage skips one word, which the text file renders as ""moderatephase"" (printed ""moderate-phase"" across a line break).",,5,Zhang2025.pdf p. 1; Zhang2025.pdf p. 11 (printed 11); Zhang2025.pdf p. 15 (printed 15); Zhang2025.pdf p. 16 (printed 16); Zhang2025.pdf p. 16 (printed 16),0,
C244,Zhang 2025,S Tables,"S20 Table, Table A",SI PDF p. 125,"S20 Table A, row 8, column 'scope-map reading (see Table B for the inputs)'","Within scope as far as stated (deconvolution not mentioned, TR 3 s, one run-level fit of 140 samples per subject; band-pass not stated, so the implied r₁ is not computed — 0.61 for a 0.01–0.08 Hz band at TR 3 s, 0.45 for 0.01–0.1 Hz). Synergy decline is what a regional fall in r₁ predicts; no redundancy reported; direction of r₁ change not determined here.","Facts about Zhang et al. used in the scope-map reading: deconvolution not mentioned, TR 3 s, one run-level fit of 140 samples per subject, band-pass not stated, synergy decline reported, no redundancy reported.",SUPPORTED WITH QUALIFICATION,OWN,"These stated facts hold: no deconvolution and no band-pass anywhere in the work; TR 3001.0 ms; synergy decline reported; no redundancy result reported (only the syn→syn atom is analysed). ""140 samples"" is the number of acquired volumes (p. 3). The work never says how many time points entered each subject's single fit: no windowing or volume removal is described, and a lag τ would take a few samples off. The r₁ values (0.61, 0.45), the within-scope judgement and ""what a regional fall in r₁ predicts"" are the paper's own computation and inference, not the work's.",P33 P35,5,Zhang2025.pdf p. 3 (printed 3); Zhang2025.pdf p. 3 (printed 3); Zhang2025.pdf p. 5 (printed 5); Zhang2025.pdf p. 7 (printed 7); Zhang2025.pdf p. 16 (printed 16),0,
C245,Tarchi 2026,S Tables,"S20 Table, Table A",SI PDF p. 125,"S20 Table A, row 9, column 'study'","Tarchi et al. 2026, *Brain and Behavior* 16(4):e71352 (""Disrupted Emergent Properties of the Brain in Schizophrenia: Insight From ΦID of Resting State fMRI"")",Tarchi et al. 2026 appeared in Brain and Behavior 16(4):e71352 under the quoted title.,SUPPORTED WITH QUALIFICATION,OWN,"The quoted title is not the printed one. The first page reads ""Disrupted Emergent Properties of the Brain in Schizophrenia: Insight From Integrated Information Decomposition of Resting State fMRI""; the paper puts ""ΦID"" in place of ""Integrated Information Decomposition"" inside the quotation marks. The journal, volume 16, article e71352 and year 2026 match the first page. The PDF file name says 2025, but the article was accepted on 9 March 2026 and is © 2026, so the paper's 2026 is right. Issue 4 is not printed on the first page. It appears only in the Wiley download stamp on pages 2–10 (""21579032, 2026, 4"").",P36,4,Tarchi2025.pdf p. 1 (printed 1); Tarchi2025.pdf p. 1 (printed 1); Tarchi2025.pdf p. 1 (printed 1); Tarchi2025.pdf p. 2 (printed 2),0,
C246,Tarchi 2026,S Tables,"S20 Table, Table A",SI PDF p. 125,"S20 Table A, row 9, column 'data (N, TR)'","72 patients with schizophrenia and 74 healthy controls (p. 2); 3 T Siemens Trio, TR 2 s, about 6 min (p. 3)","Tarchi et al. studied 72 patients with schizophrenia and 74 healthy controls (p. 2), scanned on a 3 T Siemens Trio with TR 2 s for about 6 min (p. 3).",SUPPORTED,OWN,"The data come from the public COBRE dataset (p. 2). The numbers are repeated in the abstract (p. 1) and Table 1 (p. 4). The work also removes the first five scans (p. 3), which the cell does not mention.",,3,Tarchi2025.pdf p. 2 (printed 2); Tarchi2025.pdf p. 3 (printed 3); Tarchi2025.pdf p. 3 (printed 3),0,
C247,Tarchi 2026,S Tables,"S20 Table, Table A",SI PDF p. 125,"S20 Table A, row 9, column 'parcellation'","232 ROIs: Schaefer plus 32 subcortical ROIs printed as ""cerebellar"" (Tian et al. 2020) (p. 3)","Tarchi et al. used 232 ROIs: the Schaefer atlas plus 32 subcortical ROIs from Tian et al. (2020), which the work calls ""cerebellar"" (p. 3).",SUPPORTED WITH QUALIFICATION,OWN,"The quoted word ""cerebellar"" matches the printed text (""augmented by cerebellar ROIs (Tian et al. 2020)""). The 232 ROIs, the Schaefer atlas and Tian et al. 2020 are as printed. The work gives neither the Schaefer resolution nor the number of Tian ROIs, so ""32"" (232 − 200) is the paper's inference. The work uses the word ""cerebellar"" consistently: the figure captions also say ""Subcortical and cerebellar regions were included in the analyses"" (pp. 5–6). The claim that these ROIs are really Tian's subcortical ones, labelled as cerebellar, is the paper's reading. It is supported by the work's own ""232 cortical and subcortical regions"" and by the title of its Tian et al. 2020 reference (""Topographic Organization of the Human Subcortex …"", p. 10).",P36 P37,3,Tarchi2025.pdf p. 3 (printed 3); Tarchi2025.pdf p. 10 (printed 10); Tarchi2025.pdf p. 5 (printed 5),0,
C248,Tarchi 2026,S Tables,"S20 Table, Table A",SI PDF p. 125,"S20 Table A, row 9, column 'preprocessing (band-pass; nuisance; HRF deconvolution)'","linear detrending and 0.008–0.09 Hz (p. 3); no GSR; **HRF-deconvolved** with ""standard SPM methods"" (p. 3)","Tarchi et al. applied linear detrending and a 0.008–0.09 Hz band-pass (p. 3), no GSR, and deconvolved the HRF with ""standard SPM methods"" (p. 3).",SUPPORTED,OWN,"Quotation: the PDF has ""Standard SPM methods"", with a capital S because it starts the sentence; otherwise identical. The work names no specific SPM deconvolution routine. On the nuisance column: the work also reports CompCor denoising of physiological and motion artifacts, motion-outlier timepoints flagged for regression, and removal of the first five scans (p. 3). The cell lists none of these.",,2,Tarchi2025.pdf p. 3 (printed 3); Tarchi2025.pdf p. 3 (printed 3),0,
C249,Tarchi 2026,S Tables,"S20 Table, Table A",SI PDF p. 125,"S20 Table A, row 9, column 'quantity reported'","Φ = Synergy + Transfer − Redundancy (p. 2), synergy, redundancy, regional classification","Tarchi et al. report Φ = Synergy + Transfer − Redundancy (p. 2), synergy, redundancy and a region-wise classification.",SUPPORTED,OWN,"The formula is printed in math italics on p. 2, where the work credits it to Luppi et al. 2021. It is repeated in the Figure 1 caption (p. 3). The work also reports transfer. The region-wise classification is an L1-regularised logistic regression with 5-fold cross-validation, run on region-wise metrics (pp. 4–5).",,3,Tarchi2025.pdf p. 1 (printed 1); Tarchi2025.pdf p. 2 (printed 2); Tarchi2025.pdf p. 5 (printed 5),0,
C250,Tarchi 2026,S Tables,"S20 Table, Table A",SI PDF p. 125,"S20 Table A, row 9, column 'redundancy function / estimator / lag'","ΦID Python package (Mediano et al. 2021; ""ΦID—Integrated Information Decomposition, 2025""); redundancy function, estimator and lag not stated","Tarchi et al. used the ΦID Python package (cited as Mediano et al. 2021 and ""ΦID—Integrated Information Decomposition, 2025"") and do not state the redundancy function, estimator or lag.",SUPPORTED,OWN,"The quoted citation ""ΦID—Integrated Information Decomposition, 2025"" matches the page character for character. ""Python"" comes from the reference entry (""[Python]. 2025. ImperialMIND-Lab"", p. 10); the word ""package"" is the paper's. The absence of a redundancy function, estimator and lag holds across all 10 pages: no ""MMI"", ""CCS"", ""Gaussian"", ""estimator"", ""lag"", ""delay"" or τ. For how the atoms are derived, the work only refers to Luppi et al. 2021. The online supplement is not in the files.",,2,Tarchi2025.pdf p. 3 (printed 3); Tarchi2025.pdf p. 10 (printed 10),0,
C251,Tarchi 2026,S Tables,"S20 Table, Table A",SI PDF p. 125,"S20 Table A, row 9, column 'autocorrelation addressed?'",no,Tarchi et al. did not address autocorrelation.,SUPPORTED,OWN,"This is a claim that something is absent, and it holds. None of the 10 pages mentions autocorrelation, surrogate or null data, or effective degrees of freedom. The ΦID step (p. 3) and the statistics (ANCOVA, partial Spearman correlations, L1 logistic regression, p. 4) contain no such step. The online supplement is not in the files.",,3,Tarchi2025.pdf p. 3 (printed 3); Tarchi2025.pdf p. 4 (printed 4); Tarchi2025.pdf p. 4 (printed 4),0,
C252,Tarchi 2026,S Tables,"S20 Table, Table A",SI PDF p. 125,"S20 Table A, row 9, column 'reported effect'","no significant group difference in the global metrics (p. 4); region-wise classification ""mostly by leveraging lower integrated information (Φ), lower synergy, and disrupted, albeit mostly higher, redundancy in patients with schizophrenia"" (pp. 5–6)","Tarchi et al. found no significant group difference in the global metrics (p. 4); the region-wise classification relied ""mostly"" on lower Φ, lower synergy and disrupted, mostly higher, redundancy in patients (pp. 5–6).",SUPPORTED,OWN,"The quotation matches the page text exactly. It is in the Discussion and runs across the page break from p. 5 to p. 6. The global null result also holds after controlling for age, sex, handedness or IQ (sentence running from p. 4 onto p. 5; Supplementary Table S1). It is restated in the Discussion (p. 5).",,3,Tarchi2025.pdf p. 4 (printed 4); Tarchi2025.pdf p. 5 (printed 5); Tarchi2025.pdf p. 6 (printed 6),0,
C253,Tarchi 2026,S Tables,"S20 Table, Table A",SI PDF p. 125,"S20 Table A, row 9, column 'scope-map reading (see Table B for the inputs)'","Deconvolved (Table B item 4), TR 2 s, ideal-band-pass r₁ 0.78. The redundancy function is not stated, so the map's reading is conditional on MMI (the package's default): a regional fall in r₁ would lower regional sts with rtr nearly unchanged, and the pattern of lower synergy with mostly higher redundancy is, on the family, the q signature or a mixture (as for row 6). Direction of r₁ change in schizophrenia not determined here.","Facts about Tarchi et al. used in the scope-map reading: HRF-deconvolved, TR 2 s, redundancy function not stated, and a pattern of lower synergy with mostly higher redundancy.",SUPPORTED,OWN,"The stated facts hold. The r₁ value of 0.78 is the paper's own computation from TR 2 s and the stated 0.008–0.09 Hz band. The reading conditional on MMI and the q-signature interpretation are the paper's inference. ""MMI (the package's default)"" is a statement about the ΦID software. The work's text does not make it, and it cannot be checked from these files. Planning session: the default is confirmed in the phyid code at the commit this paper pins (6c5f2e9, phyid/calculate.py line 154): def calc_PhiID(src, trg, tau, kind=""gaussian"", redundancy=""MMI""); whether the study used that version is not stated.",,6,Tarchi2025.pdf p. 3 (printed 3); Tarchi2025.pdf p. 3 (printed 3); Tarchi2025.pdf p. 3 (printed 3); Tarchi2025.pdf p. 3 (printed 3); Tarchi2025.pdf p. 5 (printed 5); Tarchi2025.pdf p. 6 (printed 6),0,
C254,Varley 2024,S Tables,"S20 Table, Table A",SI PDF p. 126,"S20 Table A, row 10, column 'study'","Varley 2024, arXiv 2407.16601 (""Considering dynamical synergy and integrated information; the unusual case of minimum mutual information"") — prior art, theoretical note with one empirical check","Bibliographic: Varley 2024, arXiv 2407.16601, titled 'Considering dynamical synergy and integrated information; the unusual case of minimum mutual information'. It is a theoretical note with one empirical check.",SUPPORTED,OWN,"The quoted title matches the first page character for character, except that the PDF title ends with a full stop. The work has a single author (Thomas F. Varley) and is arXiv:2407.16601v1 [cs.IT], 23 Jul 2024, 'Dated: July 24, 2024'. Varley calls it a 'brief note' (p. 1) and a 'short note' (p. 11), and its empirical part uses one HCP subject. 'Prior art' is the paper's own classification.",,4,Varley2024.pdf p. 1 (printed 1); Varley2024.pdf p. 1 (printed 1); Varley2024.pdf p. 1 (printed 1); Varley2024.pdf p. 8 (printed 8),0,
C255,Varley 2024,S Tables,"S20 Table, Table A",SI PDF p. 126,"S20 Table A, row 10, column 'data (N, TR)'","1 HCP subject, 1,000 region pairs (data from Varley et al. 2023 Comm Biol: Schaefer-200, GSR; TR not stated, HCP standard 0.72 s)","Varley's empirical check used 1 HCP subject and 1,000 region pairs, with data from Varley et al. 2023 (Comm Biol), and it does not state the TR.",SUPPORTED WITH QUALIFICATION,OWN,"One subject and 1,000 pairs are stated (p. 8). Varley says the data were previously published in two papers: [14], Varley et al. 2023, PNAS, and [15], Varley et al. 2023, Communications Biology. The cell names only the Communications Biology paper. Varley 2024 itself names no parcellation, no global signal regression and no TR; Schaefer, parcels, GSR, repetition time and 0.72 s appear nowhere in the text. 'TR not stated' is therefore correct. 'Schaefer-200, GSR' and '0.72 s' come from outside this work; Varley et al. 2023 is not among the text files, so they could not be checked here.",P07 P11,3,Varley2024.pdf p. 8 (printed 8); Varley2024.pdf p. 14 (printed 14); Varley2024.pdf p. 14 (printed 14),0,
C256,Varley 2024,S Tables,"S20 Table, Table A",SI PDF p. 126,"S20 Table A, row 10, column 'parcellation'",Schaefer-200,Varley 2024's empirical check used the Schaefer-200 parcellation.,NOT SUPPORTED,n/a,"Varley 2024 names no parcellation anywhere; 'Schaefer', '200' and 'parcel' do not occur in the text. It says only that the data come from 'one subject from the Human Connectome Project [13]', 'previously published in [14, 15]', and that 1,000 unique pairs of brain regions were sampled. Schaefer-200 presumably comes from Varley et al. 2023, which the row's data cell names. That work is not among the text files, so the value could not be checked, and Varley 2024 does not contradict it. The cell could read 'Schaefer-200 (per Varley et al. 2023; not stated in Varley 2024)'.",P08,1,Varley2024.pdf p. 8 (printed 8),0,
C257,Varley 2024,S Tables,"S20 Table, Table A",SI PDF p. 126,"S20 Table A, row 10, column 'preprocessing (band-pass; nuisance; HRF deconvolution)'",as in Varley et al. 2023; deconvolution not mentioned,"Varley 2024's preprocessing is that of Varley et al. 2023, and HRF deconvolution is not mentioned.",SUPPORTED WITH QUALIFICATION,OWN,"Varley 2024 gives no preprocessing details at all. 'As in Varley et al. 2023' is inferred from its statement that the data 'were previously published in [14, 15]', which are two Varley et al. 2023 papers (PNAS and Communications Biology). Deconvolution, band-pass filtering and nuisance regression are indeed never mentioned in the text.",P09,1,Varley2024.pdf p. 8 (printed 8),0,
C258,Varley 2024,S Tables,"S20 Table, Table A",SI PDF p. 126,"S20 Table A, row 10, column 'quantity reported'","change in MMI synergy and in temporal mutual information under an autocorrelation-preserving disintegration (circular shift, 100 permutations)","Varley reports the change in MMI synergy and in temporal mutual information under an autocorrelation-preserving disintegration made by circular shifts, averaged over 100 permutations.",SUPPORTED,OWN,"Varley also relates these changes to functional connectivity and to pairwise mutual information (pp. 8–10, Fig. 2).",,3,Varley2024.pdf p. 8 (printed 8); Varley2024.pdf p. 8 (printed 8); Varley2024.pdf p. 8 (printed 8),0,
C259,Varley 2024,S Tables,"S20 Table, Table A",SI PDF p. 126,"S20 Table A, row 10, column 'redundancy function / estimator / lag'",MMI (closed form for Gaussians noted); discrete for the toy systems,Varley uses the MMI redundancy function and notes its closed-form estimator for Gaussian variables; the toy systems are discrete (Boolean).,SUPPORTED,OWN,"The text file renders the line-broken 'closed-form' as 'closedform'. Varley does not say which estimator was used for the HCP data, and gives no lag in seconds; every quantity is written for t → t+1, i.e. one sample.",,3,Varley2024.pdf p. 4 (printed 4); Varley2024.pdf p. 4 (printed 4); Varley2024.pdf p. 2 (printed 2),0,
C260,Varley 2024,S Tables,"S20 Table, Table A",SI PDF p. 126,"S20 Table A, row 10, column 'autocorrelation addressed?'",yes — this is its subject,Varley 2024 addresses autocorrelation; it is the note's subject.,SUPPORTED,OWN,"Varley frames the note as being about the MMI redundancy function's estimates of temporal synergy. First-order autocorrelation is the confound behind both limitations he reports, so 'this is its subject' is a fair summary.",,2,Varley2024.pdf p. 1 (printed 1); Varley2024.pdf p. 6 (printed 6),0,
C261,Varley 2024,S Tables,"S20 Table, Table A",SI PDF p. 126,"S20 Table A, row 10, column 'reported effect'","""MMI-based analysis cannot disambiguate between ... 'true' synergy, and a disintegrated system with zero integrated information but non-trivial first-order autocorrelations""; disintegration increased temporal MI in 37.5 % of pairs; Δsynergy vs Δtemporal MI r = 0.77; Δsynergy vs pairwise MI r = 0.97; names Luppi 2022, 2023, 2024, Gatica 2024, Menesse 2024, Mediano 2022 as MMI-ΦID users; proposes I_Red^τsx, specificity/ambiguity, CCS (noted as critiqued), synergy-first decompositions","Varley reports these effects: a quotation that MMI cannot tell true synergy from an autocorrelated disintegrated system; disintegration increased temporal MI in 37.5 % of pairs; Δsynergy vs Δtemporal MI r = 0.77; Δsynergy vs pairwise MI r = 0.97. He names Luppi 2022, 2023, 2024, Gatica 2024, Menesse 2024 and Mediano 2022 as MMI-ΦID users, and proposes I_Red^τsx, specificity/ambiguity, CCS (noted as critiqued) and synergy-first decompositions.",SUPPORTED WITH QUALIFICATION,OWN,"Quotation: the source (Conclusions, PDF pp. 11–12) reads 'MMI-based analysis cannot disambiguate between two very different systems; one with “true” synergy, and a disintegrated system with zero integrated information but non-trivial first-order autocorrelations.' The cell leaves out 'two very different systems; one with' (marked '...') and turns the inner curly double quotes “true” into straight single quotes 'true'; otherwise the text is identical. Numbers: the source says 'about 37.5%' of sampled pairs, and the cell drops 'about'. r = 0.77 (p < 10^−195) and r = 0.97 (p ≈ 0) match. Users: Varley's list of MMI-ΦID applications is [2] Mediano et al. 2022 (Chaos, 'Integrated information as a common signature…', phase transitions), [8] Menesse et al. 2024, [9] Gatica et al. 2024, [10] Luppi et al. 2022, [11] Luppi et al. 2023 and [12] Luppi et al. 2024. It also includes [7] Varley & Bongard 2024, which the cell omits. Alternatives: Varley suggests I_Red^τsx ('an alternative might be'), generalising Finn and Lizier's specificity and ambiguity decompositions, and synergy-first approaches (synergistic disclosure, α-synergy). CCS is mentioned only as used in previous ΦID work and 'critiqued as an approach to redundancy [14]', so 'proposes … CCS' overstates it slightly.",P10,15,Varley2024.pdf p. 11 (printed 11); Varley2024.pdf p. 12 (printed 12); Varley2024.pdf p. 8 (printed 8); Varley2024.pdf p. 8 (printed 8); Varley2024.pdf p. 10 (printed 10); Varley2024.pdf p. 5 (printed 5); Varley2024.pdf p. 12 (printed 12); Varley2024.pdf p. 13 (printed 13); Varley2024.pdf p. 13 (printed 13); Varley2024.pdf p. 13 (printed 13); Varley2024.pdf p. 13 (printed 13); Varley2024.pdf p. 13 (printed 13); Varley2024.pdf p. 10 (printed 10); Varley2024.pdf p. 11 (printed 11); Varley2024.pdf p. 11 (printed 11),0,
C262,Varley 2024,S Tables,"S20 Table, Table A",SI PDF p. 126,"S20 Table A, row 10, column 'scope-map reading (see Table B for the inputs)'","The same phenomenon as the scope map (S3 Text §4), shown by disintegration at fixed autocorrelation; the scope map (S3 Text §4) and the lag dependence (S3 Text §9) add the derivative ratio, its map over (r₁, q), the operating point of real pairs, the lag dependence; the AR(1)-substituted estimate (S3 Text §6) the per-pair prediction.","Varley shows the same phenomenon as the paper's scope map, by disintegrating pairs at fixed autocorrelation. The derivative ratio, the (r₁, q) map, the operating point of real pairs, the lag dependence and the per-pair AR(1) prediction are the paper's additions.",SUPPORTED,OWN,"The reading itself — that this is the scope map's phenomenon, and what the paper adds — is the paper's inference. The fact it states about the study is correct. Varley shows the synergy increase by disintegrating pairs while preserving each process's first-order autocorrelation, analytically (Eqs. 10–13) and on HCP data with circular-shift nulls. Varley has no (r₁, q) map, no derivative ratio and no lag dependence; all his quantities are t → t+1. He does give an exact per-pair expression for the synergy change on disintegration (Eq. 13, in terms of the instantaneous pairwise information) and tests it on 1,000 pairs (r = 0.97 with pairwise MI). So 'the per-pair prediction' the paper adds should be read as its AR(1)-based prediction of sts, not as the first per-pair account of the disintegration effect.",,4,Varley2024.pdf p. 6 (printed 6); Varley2024.pdf p. 7 (printed 7); Varley2024.pdf p. 8 (printed 8); Varley2024.pdf p. 8 (printed 8),0,
C263,Mediano 2025,S Tables,"S20 Table, Table A",SI PDF p. 126,"S20 Table A, row 11, column 'study'","Mediano, Rosas, Luppi et al. 2025, *PNAS* 122(39):e2423297122 (""Toward a unified taxonomy of information dynamics via ΦID""; arXiv 2109.13186) — read on 20 Sep 2026, main text and SI Appendix","Bibliographic details: authors Mediano, Rosas, Luppi et al.; PNAS 2025, 122(39):e2423297122; title 'Toward a unified taxonomy of information dynamics via ΦID'; arXiv 2109.13186; read on 20 Sep 2026 (main text and SI Appendix).",SUPPORTED WITH QUALIFICATION,OWN,"Authors, journal, year, volume, issue and article number match p. 1. The title in quotation marks is shortened: it ends 'via Integrated Information Decomposition', not 'via ΦID'. The arXiv number 2109.13186 appears in neither the article nor the SI. It is the identifier of the 2021 preprint in the folder (Mediano2021.pdf: same authors, titled 'Towards an extended taxonomy of information dynamics via Integrated Information Decomposition'). The reading date fits the article PDF's download stamp of September 20, 2026.",P38,1,Mediano2025.pdf p. 1 (printed 1),0,
C264,Mediano 2025,S Tables,"S20 Table, Table A",SI PDF p. 126,"S20 Table A, row 11, column 'data (N, TR)'",the source of the ΦID definitions; no fMRI dataset of its own in scope,That Mediano et al. (2025) are the source of the ΦID definitions and have no fMRI dataset of their own in the paper's scope.,SUPPORTED,OWN,"Mediano et al. (2025) introduce and define ΦID: Definition 1 in Materials and Methods, the double-redundancy functions in the SI Appendix. They collect no fMRI data of their own ('Previously published data were used for this work'). They do analyse fMRI time series: simulated BOLD from the whole-brain model, and fMRI data of human brain regions among the 1,053 pyspy datasets of Cliff et al. (ref. 36; Fig. 8A). Whether these are 'in scope' is the paper's judgement.",,4,Mediano2025.pdf p. 1 (printed 1); Mediano2025.pdf p. 11 (printed 11); Mediano2025.pdf p. 6 (printed 6); Mediano2025.pdf p. 8 (printed 8),0,
C265,Mediano 2025,S Tables,"S20 Table, Table A",SI PDF p. 126,"S20 Table A, row 11, column 'redundancy function / estimator / lag'","SI Appendix Sec. III.A–B (pp. 3–4): Definition 1 is MMI, Definition 2 the CCS double redundancy used here (the CCS comparison, S3 Text §2); ""All results in the main text were computed with the MMI ΦID""; CCS ""calculated with respect to the distribution of the system of interest, p(x, y)""; Sec. III.A: MMI double redundancy ""monotonic (but not totally monotonic) on the double-redundancy lattice, and thus can lead to negative ΦID atoms""","That SI Appendix Sec. III.A–B (pp. 3–4) gives MMI as Definition 1 and the CCS double redundancy as Definition 2, and states that 'All results in the main text were computed with the MMI ΦID', that CCS is 'calculated with respect to the distribution of the system of interest, p(x, y)', and (Sec. III.A) that the MMI double redundancy is 'monotonic (but not totally monotonic) on the double-redundancy lattice, and thus can lead to negative ΦID atoms'.",SUPPORTED,OWN,All three quotations match the SI text exactly. The cell gives no lag for this work; the SI assumes multivariate Gaussian distributions for numerical applications (Sec. III.A).,,2,Mediano2025_SI.pdf p. 3 (printed 3); Mediano2025_SI.pdf p. 4 (printed 4),0,
C266,Mediano 2025,S Tables,"S20 Table, Table A",SI PDF p. 126,"S20 Table A, row 11, column 'scope-map reading (see Table B for the inputs)'","Not a Table A study; listed because it defines the estimator. The audit's F7 records that the SI's description of Ince's original preprint is not what that preprint says, and that for two Gaussian sources Ince's published construction is the fitted Gaussian itself (no projection).","That Mediano et al. (2025) define the estimator, and that their SI Appendix describes Ince's original preprint (as computing CCS on p(x, y)), a description the paper's audit (F7) says is wrong.",SUPPORTED,OWN,"The reading, including F7, is the paper's own inference. The facts it states about the work hold: the SI Appendix defines the MMI and CCS double-redundancy functions. It says CCS on p(x, y) 'corresponds to the definition in the original pre-print' of Ince, and that the published version uses 'a maximum entropy projection of p'. The preprint is not in the folder, so F7 cannot be checked against it. Ince (2017, p. 13) says 'a previous version' used the maximum-entropy distribution P̂ind under pairwise target–predictor marginals. That fits F7, though Ince does not say whether every earlier version did so. The SI does not discuss two Gaussian sources; that P̂ is then the fitted Gaussian is the paper's own derivation.",,2,Mediano2025_SI.pdf p. 3 (printed 3); Mediano2025_SI.pdf p. 4 (printed 4),0,
C267,Huang 2018,S Tables,Table B. Inputs for the last column (from this repository's computations and the sources read),SI PDF p. 127,sentence,"Direction of the autocorrelation change in the conditions studied, from the sources read: Huang et al. 2018, *J Neurosci* 38:2304 (TR 2 s; propofol sedation n = 23, deep anaesthesia n = 12, DoC n = 21) — ""a graded global increase of AC1 from wakefulness to light and deep sedation, followed by a decrease during transition and return to baseline in recovery""; ""all of these parameters decreased in deep anesthesia and in patients with DOC"" (both quotations confirmed against the PDF on 20 Sep 2026).","Huang et al. 2018, J Neurosci 38:2304 (TR 2 s; propofol sedation n = 23, deep anaesthesia n = 12, DoC n = 21) reports a graded AC1 increase through sedation and a decrease of all parameters in deep anaesthesia and DoC (two quotations).",SUPPORTED WITH QUALIFICATION,OWN,"Journal, volume, first page (J Neurosci 38(9):2304–2317), the three sample sizes and both quotations are correct. Both quotations are verbatim: the first is from the Results (p. 2307); the second is from the Abstract (p. 2304), where 'all of these parameters' are MF, AC, ReHo, GFC and Topo. TR 2 s is stated for the sedation dataset (TR/TE = 2000/25 ms) and the deep-anaesthesia dataset (2000/30 ms). It is not stated for the DoC dataset (21 patients against 28 controls), which is taken from earlier studies (Huang et al., 2014, 2016) without acquisition details. The confirmation date refers to the paper's own process.",P13 P39,7,Huang2018.pdf p. 1 (printed 2304); Huang2018.pdf p. 1 (printed 2304); Huang2018.pdf p. 1 (printed 2304); Huang2018.pdf p. 2 (printed 2305); Huang2018.pdf p. 4 (printed 2307); Huang2018.pdf p. 4 (printed 2307); Huang2018.pdf p. 4 (printed 2307),0,
C268,Luppi 2025,S Tables,Table B. Inputs for the last column (from this repository's computations and the sources read),SI PDF p. 127,sentence,"Luppi et al. 2025 bioRxiv 2025.03.22.644729 (hctsa on human sevoflurane n = 15 TR 1.838 s, macaque, marmoset, mouse) — anaesthesia ""reduces the value of features related to linear and nonlinear temporal autocorrelation"", ""faster decay of autocorrelation under anaesthesia"".","Luppi et al. (2025, bioRxiv): anaesthesia 'reduces the value of features related to linear and nonlinear temporal autocorrelation'; 'faster decay of autocorrelation under anaesthesia'.",SUPPORTED WITH QUALIFICATION,OWN,"Not among V.S.'s PDFs. Both quotations occur in the preprint. The first is its general finding; the second is from the caption of an example time series of one awake and one anaesthetised macaque (Fig. 3e), not a stated finding across species. S20 Table A, row 5 quotes only the second as what the preprint 'reports'; the first would be the better quotation there.",P12 P13,0,,2,"Luppi et al. (2025), bioRxiv 2025.03.22.644729 — full text (HTML, version 2) on biorxiv.org; Luppi et al. (2025), as above — caption of Fig. 3e"
C269,Wu 2013,S Tables,Table B. Inputs for the last column (from this repository's computations and the sources read),SI PDF p. 127,sentence,"HRF deconvolution and the map (this repository, S2 Text, rsHRF / Wu et al. 2013): the three deconvolving Luppi studies (rows 1–3) all name the Wu et al. 2013 method (rsHRF v2.2 in rows 1 and 3); Tarchi et al. 2026 (row 9) names ""standard SPM methods"".",Wu et al. 2013 is the HRF deconvolution method (associated with rsHRF) that the deconvolving Luppi studies name.,SUPPORTED,OWN,"Checked only what is attributed to Wu et al. (2013): it presents a blind HRF deconvolution for resting-state BOLD, but never uses the name rsHRF or gives a version. The rest of the sentence is about other papers and is not checked here. Luppi et al. 2022, 2023 and 2024 (S20 rows 1–3) name the Wu et al. (2013) method, with rsHRF v2.2 in Luppi et al. 2022 and 2024 (rows 1 and 3). Tarchi et al. 2026 (row 9) names 'standard SPM methods'. 'This repository, S2 Text' refers to the paper's own work.",,3,Wu2013.pdf p. 1 (printed 365); Wu2013.pdf p. 2 (printed 366); Wu2013.pdf p. 8 (printed 372),0,
C270,Tarchi 2026,S Tables,Table B. Inputs for the last column (from this repository's computations and the sources read),SI PDF p. 127,sentence,"HRF deconvolution and the map (this repository, S2 Text, rsHRF / Wu et al. 2013): the three deconvolving Luppi studies (rows 1–3) all name the Wu et al. 2013 method (rsHRF v2.2 in rows 1 and 3); Tarchi et al. 2026 (row 9) names ""standard SPM methods"".","Tarchi et al. name ""standard SPM methods"" for HRF deconvolution, unlike the Wu et al. 2013 method named by the deconvolving Luppi studies.",SUPPORTED,OWN,"Quotation: the PDF has ""Standard SPM methods"", with a capital S because it starts the sentence; otherwise identical. The work names no specific routine, and it mentions neither rsHRF nor Wu et al. 2013 (searched). The statements about the Luppi studies (rows 1–3) concern other works and are not checked here.",,1,Tarchi2025.pdf p. 3 (printed 3),0,
C271,Luppi 2022,S Tables,Table B. Inputs for the last column (from this repository's computations and the sources read),SI PDF p. 128,sentence,"On these data, therefore, deconvolved series remain in the r₁-dominated region and the map's reading applies to them as to the raw series; whether that holds for the deconvolved series of rows 1–3 and 9 is not determined, and Luppi et al. 2022 report ""negligible effects"" of the step at TR 0.72 s.",Luppi 2022 reports that the HRF deconvolution step had 'negligible effects' on its data at TR 0.72 s.,SUPPORTED,OWN,"The quotation matches p. 16 exactly. The work says the negligible effect is 'arguably' due to the high temporal resolution of the HCP data (TR 720 ms, p. 13). It makes the statement to justify comparing non-deconvolved human data with macaque data (p. 16), and supports it with Extended Data Fig. 2c (pp. 3, 23).",,2,Luppi2022.pdf p. 16; Luppi2022.pdf p. 13,0,
