# partB16c_prewhiten_fixed.py; git=13e7299
label,set,pre_dmt,pre_pcb,dmt_change,dmt_lo,dmt_hi,dmt_p,pcb_change,pcb_lo,pcb_hi,pcb_p,did,did_lo,did_hi,did_p,n_neg,share_of_pre,phase_p,phase_null_sd,fd_did,fd_lo,fd_hi,fd_p,resid_did,resid_lo,resid_hi,resid_p,resid_n_neg,survives,placebo_share
prewhiten_fixed ar10 MMI sts ts_gsr W60,primary,0.08655941167327676,0.08117226313862942,-0.00549327287008318,-0.01129318193512467,0.00021038503518321067,0.09912109375,0.013625801514784337,0.008978116616564395,0.018214100559249054,0.000244140625,-0.019119074384867516,-0.027190471887612172,-0.011284960374862311,0.000244140625,13,-0.2208780537584233,0.000999000999000999,0.004074057082701026,0.014346739579365077,-0.007222355390848217,0.0366149683048115,0.2452392578125,-0.017615949994132622,-0.024648529268506632,-0.011138621051890056,0.0001220703125,14.0,True,0.7126810242220183
prewhiten_fixed ar10 MMI sts ts_gsr W60,sensitivity,0.08655941167327676,0.08117226313862942,-0.005965616554723074,-0.011526108740270167,-0.00026276432374668416,0.0693359375,0.012083449517901437,0.007713148726449953,0.016468183201814094,0.000244140625,-0.01804906607262451,-0.026037535633933927,-0.010248884509671954,0.000732421875,12,-0.20851650587404288,0.000999000999000999,0.003967689450611554,0.019114751916666665,-0.0013501726820238187,0.04043420284925595,0.1082763671875,-0.016229559916973592,-0.022844682204160773,-0.009988828808552556,0.000244140625,13.0,True,0.6694778261257917
prewhiten_fixed ar10 MMI sts ts_gsr W60,early,0.08655941167327676,0.08117226313862942,-0.004882177094211865,-0.010824957339245869,0.0008231415920063975,0.1329345703125,0.016828374092721515,0.011964808599215771,0.021377726193173144,0.000244140625,-0.021710551186933384,-0.029496073985904453,-0.014621704801593412,0.0001220703125,14,-0.25081676004084974,0.000999000999000999,0.0049075987199951555,0.036577911,0.015743302857961303,0.058388679842336304,0.01025390625,-0.020642116712018575,-0.027241151246279557,-0.014552826986191121,0.0001220703125,14.0,True,0.7751242217585782
prewhiten_fixed ar10 MMI sts ts_gsr W60,late,0.08655941167327676,0.08117226313862942,-0.005982149490780227,-0.012377780155274732,0.0006305981693776181,0.10791015625,0.011063743452434605,0.00620598770824192,0.01626684377899682,0.0009765625,-0.01704589294321483,-0.02639459836392338,-0.007256338793379381,0.0059814453125,12,-0.19692708873248221,0.000999000999000999,0.0044904436638641375,-0.0034381975571428575,-0.029929636098467258,0.023934267594226188,0.806884765625,-0.015195016619823861,-0.023013941769165217,-0.0078091419620321435,0.0029296875,11.0,True,0.6490562559140419
prewhiten_fixed ar10 MMI sts ts_gsr W60,trend_a_placebo_line,,,,,,,,,,,-0.01611629970222021,-0.024031317274034902,-0.008271625202199992,0.0025634765625,13,,,,,,,,,,,,,,
prewhiten_fixed ar10 MMI sts ts_gsr W60,trend_b_shared_slope,,,,,,,,,,,-0.01514122556532497,-0.022434187904553766,-0.007812973621216288,0.002685546875,11,,,,,,,,,,,,,,
prewhiten_fixed ar10 MMI xtx+yty ts_gsr W60,primary,0.05549804236691215,0.033672223950334514,-0.017341846538797688,-0.027111717792636984,-0.008259174034002451,0.0023193359375,0.005523181233058819,-0.00277873862297888,0.015216623849223003,0.2806396484375,-0.02286502777185651,-0.03944044963949982,-0.008483988910761409,0.0076904296875,11,-0.4119970146098091,0.000999000999000999,0.006446719023565512,0.014346739579365077,-0.007222355390848217,0.0366149683048115,0.2452392578125,-0.023653673980318764,-0.038266611885581225,-0.010682545657787713,0.0029296875,12.0,True,0.24155585062778906
prewhiten_fixed ar10 MMI xtx+yty ts_gsr W60,sensitivity,0.05549804236691215,0.033672223950334514,-0.017355751449572954,-0.02636307279999892,-0.00920388671900971,0.00146484375,0.004482812723297365,-0.002956656741932918,0.013244800177264577,0.3441162109375,-0.021838564172870317,-0.036871243214886544,-0.008592399805356959,0.00732421875,11,-0.3935015226030826,0.000999000999000999,0.0061920197150593095,0.019114751916666665,-0.0013501726820238187,0.04043420284925595,0.1082763671875,-0.021823256360146526,-0.03475902461365934,-0.00972589893147266,0.003173828125,12.0,True,0.20527048792274943
prewhiten_fixed ar10 MMI xtx+yty ts_gsr W60,early,0.05549804236691215,0.033672223950334514,-0.021196002157530987,-0.030158354137020525,-0.012399415593103725,0.0006103515625,0.0031796425031942973,-0.004130012971980332,0.011214214124089537,0.4749755859375,-0.024375644660725285,-0.03925669939530277,-0.010730561137318944,0.0052490234375,11,-0.43921629702848775,0.003996003996003996,0.007839951557848512,0.036577911,0.015743302857961303,0.058388679842336304,0.01025390625,-0.026058202097834854,-0.04037435041524624,-0.012382845630750528,0.0035400390625,13.0,True,0.1304434220079285
prewhiten_fixed ar10 MMI xtx+yty ts_gsr W60,late,0.05549804236691215,0.033672223950334514,-0.014258522043811053,-0.02494261104016585,-0.003966020149811486,0.0240478515625,0.0073980122169504375,-0.0023018915672081163,0.018700698135068392,0.22412109375,-0.021656534260761483,-0.0404130901928182,-0.005171565104347345,0.027099609375,11,-0.39022158867486606,0.000999000999000999,0.006996985655982909,-0.0034381975571428575,-0.029929636098467258,0.023934267594226188,0.806884765625,-0.021730051486305885,-0.03745036132089686,-0.007762579580743612,0.010498046875,11.0,True,0.34160646980133696
prewhiten_fixed ar10 MMI xtx+yty ts_gsr W60,trend_a_placebo_line,,,,,,,,,,,-0.0249679436469972,-0.04132289691011561,-0.010572642419047157,0.0030517578125,11,,,,,,,,,,,,,,
prewhiten_fixed ar10 MMI xtx+yty ts_gsr W60,trend_b_shared_slope,,,,,,,,,,,-0.027705011919378457,-0.04274933905351705,-0.013856770995272067,0.001708984375,11,,,,,,,,,,,,,,
prewhiten_fixed ar10 CCS sts ts_gsr W60,primary,0.018779876267508915,0.017852024392119234,-0.005762140699198163,-0.01001889757802394,-0.001669425249124173,0.0233154296875,0.0042405196355638835,0.0018285864169953893,0.006561830589572682,0.0062255859375,-0.010002660334762046,-0.014655141191800988,-0.005138079949928244,0.0018310546875,13,-0.5326265302433147,0.000999000999000999,0.0023154112501293056,0.014346739579365077,-0.007222355390848217,0.0366149683048115,0.2452392578125,-0.009207976824763492,-0.01295693213008715,-0.005089875116802261,0.0015869140625,13.0,True,0.4239391815422233
prewhiten_fixed ar10 CCS sts ts_gsr W60,sensitivity,0.018779876267508915,0.017852024392119234,-0.005701420566083187,-0.009787630431948373,-0.0017347366749123924,0.0206298828125,0.003611118940469605,0.001325830021334637,0.005877151519518578,0.0123291015625,-0.009312539506552794,-0.013896678026273373,-0.004632677496438546,0.0028076171875,13,-0.495878640194474,0.000999000999000999,0.0022592702905649175,0.019114751916666665,-0.0013501726820238187,0.04043420284925595,0.1082763671875,-0.008263549894143973,-0.011732273516192514,-0.004419564201595292,0.0020751953125,13.0,True,0.38776951635250845
prewhiten_fixed ar10 CCS sts ts_gsr W60,early,0.018779876267508915,0.017852024392119234,-0.00642959532459286,-0.010738211741264264,-0.0021951328837574472,0.0167236328125,0.005438141644658149,0.0028947725202314,0.0077640225592953424,0.0025634765625,-0.011867736969251008,-0.016548131636398847,-0.006918148893118055,0.0009765625,13,-0.6319390394378366,0.000999000999000999,0.002780312714254018,0.036577911,0.015743302857961303,0.058388679842336304,0.01025390625,-0.010315261061574982,-0.014217176426662995,-0.006066551601608597,0.0009765625,13.0,True,0.45822903378700003
prewhiten_fixed ar10 CCS sts ts_gsr W60,late,0.018779876267508915,0.017852024392119234,-0.0052281769988824075,-0.00980172516289946,-0.0006940049013808621,0.049072265625,0.0032824220282884698,0.0007117902627537147,0.005863647945363886,0.0340576171875,-0.008510599027170876,-0.013994741686601914,-0.0031608831407404065,0.0098876953125,12,-0.4531765228876972,0.001998001998001998,0.0025416601959072443,-0.0034381975571428575,-0.029929636098467258,0.023934267594226188,0.806884765625,-0.008322149435314305,-0.01275360098699634,-0.0036583552153997305,0.0067138671875,10.0,True,0.3856863679993657
prewhiten_fixed ar10 CCS sts ts_gsr W60,trend_a_placebo_line,,,,,,,,,,,-0.009552082482825084,-0.014456026409670262,-0.004933541830384804,0.0015869140625,12,,,,,,,,,,,,,,
prewhiten_fixed ar10 CCS sts ts_gsr W60,trend_b_shared_slope,,,,,,,,,,,-0.009771581187462753,-0.014740340688377637,-0.00511473729790284,0.001220703125,13,,,,,,,,,,,,,,
prewhiten_fixed ar10 autocorr ts_gsr W60,primary,0.13682685967509753,0.07921016809006806,-0.07629563912740854,-0.11517582501381639,-0.037069596515134445,0.0029296875,-0.003029910930051915,-0.03495486616798588,0.032570016833758306,0.865966796875,-0.07326572819735663,-0.1344205287592767,-0.017552758204661453,0.0330810546875,11,-0.5354630543398416,0.00999000999000999,0.027693615593773018,0.014346739579365077,-0.007222355390848217,0.0366149683048115,0.2452392578125,-0.07786192181281408,-0.134901907375543,-0.02620635749211588,0.0186767578125,11.0,True,-0.04135509200004418
prewhiten_fixed ar10 autocorr ts_gsr W60,sensitivity,0.13682685967509753,0.07921016809006806,-0.07456729268680791,-0.11090663011281088,-0.03862981211585236,0.0020751953125,-0.005494435092021817,-0.03504300609906817,0.026944258862587472,0.74755859375,-0.06907285759478608,-0.12443556168071469,-0.01689059632963554,0.03173828125,11,-0.5048194320822912,0.012987012987012988,0.026797553376126295,0.019114751916666665,-0.0013501726820238187,0.04043420284925595,0.1082763671875,-0.0699036344942188,-0.12056369414353568,-0.02037230448982884,0.0216064453125,12.0,True,-0.07954550142191541
prewhiten_fixed ar10 autocorr ts_gsr W60,early,0.13682685967509753,0.07921016809006806,-0.09897170709985821,-0.14092852726848307,-0.05467411348487883,0.0018310546875,-0.02063754797882979,-0.05439312354001188,0.015135813997054355,0.283935546875,-0.07833415912102841,-0.1439356569457337,-0.013176678187812773,0.041259765625,12,-0.5725057149381118,0.014985014985014986,0.0326035825846785,0.036577911,0.015743302857961303,0.058388679842336304,0.01025390625,-0.08120388332529645,-0.14340747832707826,-0.01725304813351368,0.035400390625,10.0,True,-0.2634552819663797
prewhiten_fixed ar10 autocorr ts_gsr W60,late,0.13682685967509753,0.07921016809006806,-0.0581547847494488,-0.09902760845569748,-0.017060455563341254,0.0223388671875,0.01105619870897039,-0.0265913972357807,0.049084990219623106,0.590087890625,-0.06921098345841918,-0.132037406762929,-0.008466126792087345,0.0555419921875,10,-0.5058289258612253,0.023976023976023976,0.030457291759154227,-0.0034381975571428575,-0.029929636098467258,0.023934267594226188,0.806884765625,-0.0751883526028282,-0.133043148742209,-0.01905326871178374,0.024658203125,10.0,True,0.15974630263147138
prewhiten_fixed ar10 autocorr ts_gsr W60,trend_a_placebo_line,,,,,,,,,,,-0.09659777484003339,-0.15562379120421788,-0.04273853894418717,0.0042724609375,12,,,,,,,,,,,,,,
prewhiten_fixed ar10 autocorr ts_gsr W60,trend_b_shared_slope,,,,,,,,,,,-0.11196247593385707,-0.16866863096310142,-0.05785921599419159,0.0018310546875,12,,,,,,,,,,,,,,
prewhiten_fixed ar10 diag observed sts ts_gsr W60,primary,0.08655941167327678,0.08117226313862945,-0.0054932728700831995,-0.011293181935124687,0.00021038503518323697,0.09912109375,0.013625801514784328,0.00897811661656443,0.01821410055924906,0.000244140625,-0.01911907438486753,-0.027190471887612172,-0.011284960374862273,0.000244140625,13,-0.22087805375842337,0.000999000999000999,0.004074057082701026,0.014346739579365077,-0.007222355390848217,0.0366149683048115,0.2452392578125,-0.017615949994132626,-0.024648529268506737,-0.011138621051889975,0.0001220703125,14.0,True,0.7126810242220174
prewhiten_fixed ar10 diag observed sts ts_gsr W60,sensitivity,0.08655941167327678,0.08117226313862945,-0.005965616554723094,-0.01152610874027026,-0.0002627643237466424,0.0693359375,0.012083449517901428,0.007713148726449907,0.016468183201814115,0.000244140625,-0.01804906607262452,-0.02603753563393401,-0.010248884509671914,0.000732421875,12,-0.20851650587404294,0.000999000999000999,0.003967689450611554,0.019114751916666665,-0.0013501726820238187,0.04043420284925595,0.1082763671875,-0.016229559916973602,-0.022844682204160822,-0.009988828808552534,0.000244140625,13.0,True,0.6694778261257908
prewhiten_fixed ar10 diag observed sts ts_gsr W60,early,0.08655941167327678,0.08117226313862945,-0.004882177094211902,-0.010824957339245897,0.0008231415920064112,0.1329345703125,0.016828374092721515,0.011964808599215804,0.021377726193173095,0.000244140625,-0.021710551186933415,-0.029496073985904505,-0.014621704801593425,0.0001220703125,14,-0.25081676004085,0.000999000999000999,0.0049075987199951555,0.036577911,0.015743302857961303,0.058388679842336304,0.01025390625,-0.0206421167120186,-0.02724115124627972,-0.014552826986191158,0.0001220703125,14.0,True,0.7751242217585771
prewhiten_fixed ar10 diag observed sts ts_gsr W60,late,0.08655941167327678,0.08117226313862945,-0.005982149490780239,-0.012377780155274753,0.00063059816937772,0.10791015625,0.011063743452434573,0.006205987708241834,0.01626684377899683,0.0009765625,-0.017045892943214812,-0.02639459836392337,-0.00725633879337937,0.0059814453125,12,-0.19692708873248196,0.000999000999000999,0.0044904436638641375,-0.0034381975571428575,-0.029929636098467258,0.023934267594226188,0.806884765625,-0.01519501661982384,-0.023013941769165255,-0.007809141962032106,0.0029296875,11.0,True,0.6490562559140407
prewhiten_fixed ar10 diag observed sts ts_gsr W60,trend_a_placebo_line,,,,,,,,,,,-0.016116299702220203,-0.024031317274034958,-0.008271625202199944,0.0025634765625,13,,,,,,,,,,,,,,
prewhiten_fixed ar10 diag observed sts ts_gsr W60,trend_b_shared_slope,,,,,,,,,,,-0.015141225565324976,-0.022434187904553853,-0.007812973621216315,0.002685546875,11,,,,,,,,,,,,,,
prewhiten_fixed ar10 diag predicted sts ts_gsr W60,primary,0.03544694360657767,0.02650609368839282,-0.00659693232740606,-0.010477713098145547,-0.0029287404663438936,0.0047607421875,0.0034184066435791094,-0.001673173695659308,0.010053656833182918,0.3460693359375,-0.010015338970985171,-0.019243429098970394,-0.0021508434126581498,0.0289306640625,9,-0.28254450037059575,,,0.014346739579365077,-0.007713893602389222,0.03710264727392524,0.2452392578125,-0.011097548123992532,-0.018165421336203847,-0.004704338666168049,0.0052490234375,12.0,True,0.3413171190193729
prewhiten_fixed ar10 diag predicted sts ts_gsr W60,sensitivity,0.03544694360657767,0.02650609368839282,-0.006652320294141985,-0.01044013978340238,-0.0031940416415390358,0.002197265625,0.0028602577549022143,-0.002259002135485967,0.00916093211310019,0.4107666015625,-0.009512578049044196,-0.018085410270708112,-0.0021648891732438864,0.029541015625,10,-0.2683610230157899,,,0.019114751916666665,-0.0009766646802529773,0.040794809271116075,0.1082763671875,-0.010344089504138539,-0.016873139919616607,-0.004381393664592509,0.00439453125,12.0,True,0.300681659604318
prewhiten_fixed ar10 diag predicted sts ts_gsr W60,early,0.03544694360657767,0.02650609368839282,-0.00684331053681395,-0.011041621823211787,-0.0028138235131828014,0.0098876953125,0.0023048110715621745,-0.0016126783300308282,0.007173592969680158,0.3900146484375,-0.009148121608376126,-0.016471534524097862,-0.0025781707419881604,0.0223388671875,9,-0.25807927786130946,,,0.036577911,0.015788057909226178,0.058192378460267834,0.01025390625,-0.011628812347719508,-0.01903158632068129,-0.005100850142696039,0.00390625,11.0,True,0.25194364157248006
prewhiten_fixed ar10 diag predicted sts ts_gsr W60,late,0.03544694360657767,0.02650609368839282,-0.006399829759879748,-0.011019502139392224,-0.0021160093236523687,0.0152587890625,0.00430928310119266,-0.0022707746910232314,0.012694780671124417,0.339111328125,-0.01070911286107241,-0.02171644800149239,-0.0015235574915193793,0.0667724609375,10,-0.3021166783780248,,,-0.0034381975571428575,-0.029435461325327393,0.023688178669092255,0.806884765625,-0.01067253674501095,-0.018372282613025273,-0.0035285247858490637,0.015869140625,10.0,True,0.4023940318022878
prewhiten_fixed ar10 diag predicted sts ts_gsr W60,trend_a_placebo_line,,,,,,,,,,,-0.010539718165732152,-0.019954187210223427,-0.0027819724824156506,0.0224609375,10,,,,,,,,,,,,,,
prewhiten_fixed ar10 diag predicted sts ts_gsr W60,trend_b_shared_slope,,,,,,,,,,,-0.010754684284675778,-0.019149199094873722,-0.0035335967310866985,0.0164794921875,10,,,,,,,,,,,,,,
prewhiten_fixed ar10 diag residual sts ts_gsr W60,primary,0.05111246806669912,0.054666169450236626,0.001103659457322864,-0.004993616821400137,0.006499395226017216,0.7265625,0.010207394871205217,0.005129496736987814,0.015072176000864074,0.002685546875,-0.009103735413882352,-0.01813875533181408,-0.0005819176080780635,0.071044921875,11,-0.17811183373110548,0.01898101898101898,0.003817749098487676,0.014346739579365077,-0.007222355390848217,0.0366149683048115,0.2452392578125,-0.006518401870140091,-0.013571220250367196,0.00021651852681336674,0.0950927734375,10.0,False,1.121231495331014
prewhiten_fixed ar10 diag residual sts ts_gsr W60,sensitivity,0.05111246806669912,0.054666169450236626,0.0006867037394188943,-0.004469710841799872,0.005508610678321583,0.8048095703125,0.009223191762999215,0.0044707440132554345,0.013966196077416147,0.003662109375,-0.008536488023580322,-0.01655429530310756,-0.0009036783657065334,0.0611572265625,11,-0.16701380986808634,0.024975024975024976,0.0036923253834255047,0.019114751916666665,-0.0013501726820238187,0.04043420284925595,0.1082763671875,-0.00588547041283506,-0.011870670542787514,-0.00017232905012973523,0.0806884765625,10.0,True,1.0804433553379345
prewhiten_fixed ar10 diag residual sts ts_gsr W60,early,0.05111246806669912,0.054666169450236626,0.0019611334426020495,-0.005617143647086819,0.007956255310928804,0.609375,0.01452356302115934,0.00950875886693174,0.019470411405160794,0.00048828125,-0.012562429578557289,-0.02193786034640854,-0.004343142602367363,0.0089111328125,12,-0.2457801404182629,0.004995004995004995,0.004493141136595164,0.036577911,0.015743302857961303,0.058388679842336304,0.01025390625,-0.00901330436429909,-0.015571157737711767,-0.0025144145586912764,0.0235595703125,9.0,True,1.1561109998936427
prewhiten_fixed ar10 diag residual sts ts_gsr W60,late,0.05111246806669912,0.054666169450236626,0.00041768026909951413,-0.005122839892052227,0.005901797372708344,0.888916015625,0.006754460351241917,0.0009347710036957254,0.012448473759909377,0.046875,-0.0063367800821424024,-0.016178646156450642,0.003697602088524079,0.2469482421875,9,-0.12397718838137953,0.12787212787212787,0.004217779552264555,-0.0034381975571428575,-0.029929636098467258,0.023934267594226188,0.806884765625,-0.00452247987481289,-0.01280676172211233,0.0036737827682728603,0.31201171875,9.0,False,1.0659136444195962
prewhiten_fixed ar10 diag residual sts ts_gsr W60,trend_a_placebo_line,,,,,,,,,,,-0.005576581536488052,-0.014848940420700776,0.0028700386159844537,0.2572021484375,10,,,,,,,,,,,,,,
prewhiten_fixed ar10 diag residual sts ts_gsr W60,trend_b_shared_slope,,,,,,,,,,,-0.004386541280649206,-0.013485128012691685,0.003491283494552982,0.35791015625,9,,,,,,,,,,,,,,
prewhiten_fixed ar10 MMI sts ts_gsr global-bins,primary,0.07297157861743446,0.06844666803155568,0.006634455770052552,0.0005026421533538421,0.012859773641980893,0.0648193359375,0.02784451458362185,0.020797118891883945,0.03619298874033212,0.0001220703125,-0.021210058813569296,-0.0314895995195982,-0.011764312866717992,0.000732421875,12,-0.2906619154392497,0.000999000999000999,0.005037470204672018,0.014346739579365081,-0.007119326131605484,0.037326978308010905,0.2452392578125,-0.017981877864456118,-0.027142154604018462,-0.010000226034909653,0.00048828125,12.0,True,1.3127976130744206
prewhiten_fixed ar10 MMI sts ts_gsr global-bins,sensitivity,0.07297157861743446,0.06844666803155568,0.006197893937405903,0.000300331680852675,0.012347072053952603,0.0694580078125,0.027109751339038902,0.020275142790437798,0.03493026285923024,0.0001220703125,-0.020911857401632993,-0.030904339031049256,-0.011611989361351722,0.0006103515625,13,-0.2865753735610799,0.000999000999000999,0.004942003337377495,0.01739740427443608,-0.0034618605429746385,0.03979782573680292,0.155029296875,-0.017577276567143113,-0.026570737229581826,-0.009607884384401109,0.0003662109375,13.0,True,1.296381799969711
prewhiten_fixed ar10 MMI sts ts_gsr global-bins,early,0.07297157861743446,0.06844666803155568,0.007828665762091933,0.002172636981959132,0.013131738545578482,0.0216064453125,0.030645949087872926,0.023709913156426742,0.03797688223578512,0.0001220703125,-0.022817283325780997,-0.03179274076061287,-0.014411634644626269,0.0001220703125,14,-0.31268726479667336,0.001998001998001998,0.006017914283076413,0.036577911,0.015513568125074404,0.058353647927232105,0.01025390625,-0.022507758841538307,-0.03234063349535509,-0.013795530775882248,0.000244140625,13.0,True,1.3431024478381441
prewhiten_fixed ar10 MMI sts ts_gsr global-bins,late,0.07297157861743446,0.06844666803155568,0.005679087776421037,-0.0014587928028789437,0.01315632880115783,0.1669921875,0.02560336698022096,0.017814080039446876,0.034557128074397266,0.000244140625,-0.019924279203799918,-0.03188971126789308,-0.008851281429409448,0.0040283203125,12,-0.2730416359533105,0.001998001998001998,0.0054705835213872,-0.0034381975571428657,-0.029869622754107164,0.0230667819955952,0.806884765625,-0.014361173082790361,-0.0234436322268718,-0.006152789819690178,0.0047607421875,12.0,True,1.2850335371398498
prewhiten_fixed ar10 MMI sts ts_gsr global-bins,trend_a_placebo_line,,,,,,,,,,,-0.016635612565418244,-0.026505327966972338,-0.007550212116903425,0.00390625,11,,,,,,,,,,,,,,
prewhiten_fixed ar10 MMI sts ts_gsr global-bins,trend_b_shared_slope,,,,,,,,,,,-0.015297545364602176,-0.023789117614063444,-0.00716599310948458,0.002197265625,12,,,,,,,,,,,,,,
prewhiten_fixed ar10 MMI xtx+yty ts_gsr global-bins,primary,0.04298335486499746,0.02856031989582689,-0.002839251162925245,-0.011615797502770262,0.005704257640387836,0.5482177734375,0.013150908509199075,0.0010279212434415937,0.029982529332494644,0.07421875,-0.015990159672124322,-0.035646898992039384,-0.00025959603123218845,0.1156005859375,10,-0.37200818136104946,0.007992007992007992,0.005877152928386412,0.014346739579365081,-0.007119326131605484,0.037326978308010905,0.2452392578125,-0.01894272528874449,-0.036370963000548776,-0.0046734131218960934,0.0313720703125,12.0,True,0.8224375978011702
prewhiten_fixed ar10 MMI xtx+yty ts_gsr global-bins,sensitivity,0.04298335486499746,0.02856031989582689,-0.003572803174788444,-0.01165319517498341,0.00444698522161001,0.41943359375,0.013037949747688777,0.0011329069063947556,0.029102787400093862,0.06591796875,-0.016610752922477223,-0.03534807709409014,-0.0010174595477903873,0.0826416015625,11,-0.38644617142259924,0.002997002997002997,0.00576120850643338,0.01739740427443608,-0.0034618605429746385,0.03979782573680292,0.155029296875,-0.01935007108792517,-0.03628172056190535,-0.004879689768209535,0.0245361328125,12.0,True,0.7849102210199139
prewhiten_fixed ar10 MMI xtx+yty ts_gsr global-bins,early,0.04298335486499746,0.02856031989582689,-0.005452017336068532,-0.012902393543357421,0.0013789697267114899,0.1767578125,0.01135977627333023,0.0009046262295623586,0.025826096906355313,0.0712890625,-0.016811793609398763,-0.034637638301157736,-0.0017052093644734023,0.06494140625,10,-0.3911233467513508,0.011988011988011988,0.006929167339940164,0.036577911,0.015513568125074404,0.058353647927232105,0.01025390625,-0.02164040581333577,-0.04049160011388367,-0.005387672525838842,0.0240478515625,9.0,True,0.675702815372386
prewhiten_fixed ar10 MMI xtx+yty ts_gsr global-bins,late,0.04298335486499746,0.02856031989582689,-0.0007490382244106196,-0.011398565472505095,0.010354865656686349,0.8992919921875,0.014583814297894142,0.0005186631668515575,0.03260020318394995,0.0965576171875,-0.015332852522304763,-0.035959661330448305,0.002222491607522608,0.1629638671875,10,-0.3567160490488082,0.015984015984015984,0.006559171396552085,-0.0034381975571428657,-0.029869622754107164,0.0230667819955952,0.806884765625,-0.016784580869071464,-0.03297564989907894,-0.0031087272455514905,0.0574951171875,11.0,True,0.9511481491574388
prewhiten_fixed ar10 MMI xtx+yty ts_gsr global-bins,trend_a_placebo_line,,,,,,,,,,,-0.017276448259368023,-0.03566151104068881,-0.0012775333274090087,0.0775146484375,11,,,,,,,,,,,,,,
prewhiten_fixed ar10 MMI xtx+yty ts_gsr global-bins,trend_b_shared_slope,,,,,,,,,,,-0.020324687017227925,-0.03602273685017401,-0.006155202673853231,0.0166015625,10,,,,,,,,,,,,,,
prewhiten_fixed ar10 CCS sts ts_gsr global-bins,primary,0.015460517612635541,0.013802641478995866,0.006759405755998033,0.0036391502616870235,0.00995106412588045,0.001953125,0.014952608881623414,0.0112790729350931,0.018416896922394663,0.0001220703125,-0.00819320312562538,-0.01262009504688786,-0.003778835995306919,0.00537109375,10,-0.5299436494240823,0.007992007992007992,0.002864573346328182,0.014346739579365081,-0.007119326131605484,0.037326978308010905,0.2452392578125,-0.006487001081296546,-0.0116921836810897,-0.0016227842054449563,0.027099609375,10.0,True,1.8250016083278902
prewhiten_fixed ar10 CCS sts ts_gsr global-bins,sensitivity,0.015460517612635541,0.013802641478995866,0.006638580599947907,0.0036404065566419896,0.00982044232155935,0.002197265625,0.01481888591403662,0.0110897576557792,0.018261149755257913,0.0001220703125,-0.00818030531408871,-0.012476050172968907,-0.003767589551718717,0.0047607421875,11,-0.5291094075274121,0.007992007992007992,0.0028200011889961993,0.01739740427443608,-0.0034618605429746385,0.03979782573680292,0.155029296875,-0.006349160150333411,-0.011570173039496909,-0.0015901895164605001,0.029296875,10.0,True,1.8115321305323981
prewhiten_fixed ar10 CCS sts ts_gsr global-bins,early,0.015460517612635541,0.013802641478995866,0.008130828553880889,0.005199164188918459,0.010941786037306929,0.00048828125,0.016375727917906282,0.012491146215125702,0.02019481310873435,0.0001220703125,-0.008244899364025397,-0.012882806422218271,-0.0036572349647492337,0.0040283203125,13,-0.5332874080028874,0.024975024975024976,0.003402397142893395,0.036577911,0.015513568125074404,0.058353647927232105,0.01025390625,-0.007755573588760928,-0.013596825624896508,-0.0024136552222327875,0.01806640625,11.0,True,1.9861646813250102
prewhiten_fixed ar10 CCS sts ts_gsr global-bins,late,0.015460517612635541,0.013802641478995866,0.0056622675176917475,0.002210380856792988,0.009343098592490164,0.007568359375,0.013814113652597116,0.010165742366818135,0.01721880862988545,0.000244140625,-0.008151846134905367,-0.012786767034806695,-0.003342356523796656,0.00830078125,10,-0.5272686425610383,0.008991008991008992,0.0031295793647160347,-0.0034381975571428657,-0.029869622754107164,0.0230667819955952,0.806884765625,-0.005472143075325042,-0.01061341029666037,-0.0007671539755395432,0.0548095703125,8.0,True,1.6945994102423623
prewhiten_fixed ar10 CCS sts ts_gsr global-bins,trend_a_placebo_line,,,,,,,,,,,-0.00599258202432377,-0.009984786818465308,-0.0020573432699333887,0.01611328125,9,,,,,,,,,,,,,,
prewhiten_fixed ar10 CCS sts ts_gsr global-bins,trend_b_shared_slope,,,,,,,,,,,-0.005414539224722314,-0.009311525788806094,-0.0016961059416084085,0.0177001953125,9,,,,,,,,,,,,,,
prewhiten_fixed ar10 autocorr ts_gsr global-bins,primary,0.18193097303120803,0.0966268069636138,-0.11444019442066389,-0.16773995385710205,-0.06283826884493156,0.0013427734375,-0.01128001266404272,-0.04807161986236935,0.030964015874520336,0.59521484375,-0.10316018175662116,-0.1840093413350874,-0.029766205400636285,0.0234375,11,-0.5670292421231942,0.003996003996003996,0.03429733617094078,0.014346739579365081,-0.007119326131605484,0.037326978308010905,0.2452392578125,-0.10813103556991076,-0.18233288177334542,-0.040134255507438404,0.0113525390625,12.0,True,-0.10934463735877174
prewhiten_fixed ar10 autocorr ts_gsr global-bins,sensitivity,0.18193097303120803,0.0966268069636138,-0.11747626019168847,-0.16817982577045412,-0.0668350448709262,0.001220703125,-0.011399869438655522,-0.047049589535883465,0.028398397005610074,0.579833984375,-0.10607639075303296,-0.18328747037609408,-0.03146361766028875,0.0185546875,11,-0.5830584478588857,0.001998001998001998,0.03359347464080183,0.01739740427443608,-0.0034618605429746385,0.03979782573680292,0.155029296875,-0.11062373118445239,-0.18338171162200942,-0.04198556448252455,0.008544921875,12.0,True,-0.1074684890551819
prewhiten_fixed ar10 autocorr ts_gsr global-bins,early,0.18193097303120803,0.0966268069636138,-0.14724411927063996,-0.2027974720449607,-0.09034859742095035,0.000732421875,-0.038091049343864966,-0.07541960985862683,0.0026293533897669055,0.0950927734375,-0.10915306992677501,-0.1914945260619637,-0.0262176266585101,0.0272216796875,12,-0.5999696923956491,0.008991008991008992,0.040663464444659465,0.036577911,0.015513568125074404,0.058353647927232105,0.01025390625,-0.11156873560468548,-0.19528640498105476,-0.02773403008824209,0.0252685546875,12.0,True,-0.3489691070477287
prewhiten_fixed ar10 autocorr ts_gsr global-bins,late,0.18193097303120803,0.0966268069636138,-0.08819705454068306,-0.14453242397024846,-0.032363689038421184,0.012451171875,0.010168816679815049,-0.03369132185879319,0.057239823234996226,0.6878662109375,-0.0983658712204981,-0.18023213180193798,-0.02179719850807409,0.0367431640625,10,-0.5406768819052302,0.01098901098901099,0.03789218137269774,-0.0034381975571428657,-0.029869622754107164,0.0230667819955952,0.806884765625,-0.10538087554209097,-0.1767505683543768,-0.03800722751043511,0.0133056640625,11.0,True,0.10337748808243165
prewhiten_fixed ar10 autocorr ts_gsr global-bins,trend_a_placebo_line,,,,,,,,,,,-0.13663125058237086,-0.21381551821175093,-0.0628473667906533,0.0028076171875,11,,,,,,,,,,,,,,
prewhiten_fixed ar10 autocorr ts_gsr global-bins,trend_b_shared_slope,,,,,,,,,,,-0.15734815933989058,-0.23109838064577434,-0.08655771878679434,0.0010986328125,13,,,,,,,,,,,,,,
prewhiten_fixed ar10 MMI sts ts_demean W60,primary,0.10750081404536334,0.11207053610386884,-0.002920458035245433,-0.010912993155942617,0.006884225524985038,0.554443359375,0.02267315363485503,0.015772392479985447,0.029422886594357937,0.0001220703125,-0.025593611670100467,-0.03596939151762974,-0.015666275040413066,0.0003662109375,13,-0.2380783057075311,0.000999000999000999,0.006433608654342708,0.014346739579365077,-0.007222355390848217,0.0366149683048115,0.2452392578125,-0.02173378594534277,-0.030867147801296912,-0.013409016812955386,0.000244140625,13.0,True,0.8858911327994697
prewhiten_fixed ar10 MMI sts ts_demean W60,sensitivity,0.10750081404536334,0.11207053610386884,-0.0030716150531725633,-0.010925377025868889,0.006833818682695164,0.543212890625,0.020503324381203003,0.01376830979170714,0.026942082479290145,0.000244140625,-0.02357493943437557,-0.03421831235958976,-0.013172580369203251,0.001220703125,12,-0.21930010152692783,0.001998001998001998,0.006187869349467535,0.019114751916666665,-0.0013501726820238187,0.04043420284925595,0.1082763671875,-0.019378438451006823,-0.028230227791000588,-0.011201918289275107,0.0008544921875,12.0,True,0.8697084647142838
prewhiten_fixed ar10 MMI sts ts_demean W60,early,0.10750081404536334,0.11207053610386884,-0.0015700120850888958,-0.009795092845230377,0.008052845508800272,0.7586669921875,0.027144258319778326,0.019023471247878246,0.03549497114039899,0.0001220703125,-0.028714270404867227,-0.0389188870139626,-0.019297254886587366,0.0001220703125,14,-0.2671074694629786,0.000999000999000999,0.007753318732095692,0.036577911,0.015743302857961303,0.058388679842336304,0.01025390625,-0.026292264565703834,-0.035200945439009625,-0.01791506941478599,0.0001220703125,14.0,True,0.9453229330590001
prewhiten_fixed ar10 MMI sts ts_demean W60,late,0.10750081404536334,0.11207053610386884,-0.004000814795370665,-0.012845271334323461,0.006245612363340052,0.4481201171875,0.019096269886916404,0.011866381344029208,0.026489314928925423,0.0003662109375,-0.023097084682287067,-0.035235177642931804,-0.010567323800612772,0.0048828125,11,-0.21485497470317322,0.002997002997002997,0.007126753914015945,-0.0034381975571428575,-0.029929636098467258,0.023934267594226188,0.806884765625,-0.01808700304905393,-0.028079029181355915,-0.009019328041421682,0.0020751953125,12.0,True,0.8267826935561764
prewhiten_fixed ar10 MMI sts ts_demean W60,trend_a_placebo_line,,,,,,,,,,,-0.01990622140006171,-0.030758127720012733,-0.008863599349654241,0.00537109375,12,,,,,,,,,,,,,,
prewhiten_fixed ar10 MMI sts ts_demean W60,trend_b_shared_slope,,,,,,,,,,,-0.017280768932750275,-0.028339019128262248,-0.00585287041181369,0.0137939453125,11,,,,,,,,,,,,,,
prewhiten_fixed ar10 MMI xtx+yty ts_demean W60,primary,0.025375868374781403,0.012950031358068048,-0.012208330120817817,-0.018845270443417474,-0.0056207369294646245,0.0045166015625,0.0002457679895284409,-0.004692090166789111,0.005270468165472129,0.9267578125,-0.012454098110346257,-0.02257945171061377,-0.002991393307397458,0.0338134765625,9,-0.49078510049032126,0.005994005994005994,0.004587832114949617,0.014346739579365077,-0.007222355390848217,0.0366149683048115,0.2452392578125,-0.012325036006056195,-0.02098892498524421,-0.0039062046012263074,0.0201416015625,10.0,True,0.01973390504481965
prewhiten_fixed ar10 MMI xtx+yty ts_demean W60,sensitivity,0.025375868374781403,0.012950031358068048,-0.011453427469694577,-0.018274258885483403,-0.0047713894212936345,0.0076904296875,-0.000158995404967181,-0.004615576125859489,0.004436719265669684,0.949951171875,-0.011294432064727395,-0.02078418540226073,-0.002100536791544064,0.0418701171875,9,-0.4450855394549504,0.01098901098901099,0.004393739430937168,0.019114751916666665,-0.0013501726820238187,0.04043420284925595,0.1082763671875,-0.011203379937023531,-0.01901219844912278,-0.003242525593428087,0.021484375,9.0,True,-0.014077326248543739
prewhiten_fixed ar10 MMI xtx+yty ts_demean W60,early,0.025375868374781403,0.012950031358068048,-0.01504213681362446,-0.02245203274690405,-0.00817978761375436,0.0010986328125,-0.002031749253287343,-0.006556225104546212,0.002608525824141554,0.41015625,-0.013010387560337119,-0.023329468017636773,-0.0032875444458765573,0.029541015625,12,-0.51270708722886,0.024975024975024976,0.0056202043931296575,0.036577911,0.015743302857961303,0.058388679842336304,0.01025390625,-0.013689521371499262,-0.022487097944418607,-0.00510734491562722,0.0133056640625,11.0,True,-0.15616362263344424
prewhiten_fixed ar10 MMI xtx+yty ts_demean W60,late,0.025375868374781403,0.012950031358068048,-0.009941284766572498,-0.016761810851295827,-0.00286851211107467,0.0201416015625,0.0020677817837810686,-0.0036289225575494148,0.007993098913354117,0.5089111328125,-0.012009066550353569,-0.022825230163781737,-0.0011858788467337797,0.059814453125,9,-0.47324751109949037,0.014985014985014986,0.004905073991718959,-0.0034381975571428575,-0.029929636098467258,0.023934267594226188,0.806884765625,-0.011233447713701742,-0.020817253179665082,-0.001235163598234487,0.0511474609375,11.0,True,0.172185054942525
prewhiten_fixed ar10 MMI xtx+yty ts_demean W60,trend_a_placebo_line,,,,,,,,,,,-0.015997433618792748,-0.02565481764353071,-0.006260932061470566,0.0108642578125,10,,,,,,,,,,,,,,
prewhiten_fixed ar10 MMI xtx+yty ts_demean W60,trend_b_shared_slope,,,,,,,,,,,-0.017917196901721576,-0.0272653342890584,-0.008887812236644943,0.0020751953125,12,,,,,,,,,,,,,,
prewhiten_fixed ar10 CCS sts ts_demean W60,primary,0.04003805244072934,0.04788635643163889,-0.004314059764071088,-0.009412527225623675,0.0010530251276585207,0.140625,0.009511345669762116,0.0035100255110238924,0.015267686485985112,0.0123291015625,-0.013825405433833204,-0.022982304128299033,-0.005093327309455757,0.01318359375,11,-0.34530664183278537,0.006993006993006993,0.00498382314751476,0.014346739579365077,-0.007222355390848217,0.0366149683048115,0.2452392578125,-0.011894324730402962,-0.019853820045876124,-0.004062204385844342,0.013671875,11.0,True,0.6879614283488698
prewhiten_fixed ar10 CCS sts ts_demean W60,sensitivity,0.04003805244072934,0.04788635643163889,-0.003980675535084545,-0.009366938432527814,0.0019235567503485915,0.2027587890625,0.008325506633798168,0.0026012528253531305,0.01378727226244173,0.0186767578125,-0.012306182168882712,-0.02154800144729664,-0.0029487988699494158,0.0281982421875,11,-0.30736215721532084,0.013986013986013986,0.004830896988315161,0.019114751916666665,-0.0013501726820238187,0.04043420284925595,0.1082763671875,-0.010082406817604934,-0.017682924363364824,-0.0023799481791457727,0.030517578125,11.0,True,0.6765304234525278
prewhiten_fixed ar10 CCS sts ts_demean W60,early,0.04003805244072934,0.04788635643163889,-0.005464121984222375,-0.010977741474308718,0.0001849952416265767,0.0869140625,0.011875893906261073,0.005016539242998759,0.018754571577578337,0.006591796875,-0.01734001589048345,-0.028978340999106983,-0.006104329435591537,0.0130615234375,10,-0.43308839549957845,0.006993006993006993,0.00599537971560244,0.036577911,0.015743302857961303,0.058388679842336304,0.01025390625,-0.016184687878211482,-0.027273334142423757,-0.005731339358555724,0.011962890625,11.0,True,0.6848836806879054
prewhiten_fixed ar10 CCS sts ts_demean W60,late,0.04003805244072934,0.04788635643163889,-0.0033940099879500576,-0.010094502090683292,0.003564916880720368,0.359130859375,0.0076197070805629555,0.0010143130115457442,0.013985255133792762,0.05078125,-0.011013717068513012,-0.020734766592955003,-0.0019322745864152747,0.0438232421875,10,-0.27508123889935104,0.04695304695304695,0.005399614145768332,-0.0034381975571428575,-0.029929636098467258,0.023934267594226188,0.806884765625,-0.008462034212156144,-0.016088288421382997,-0.0007866754351489192,0.059814453125,9.0,True,0.691837917495343
prewhiten_fixed ar10 CCS sts ts_demean W60,trend_a_placebo_line,,,,,,,,,,,-0.012931048633990003,-0.020908795429454893,-0.0054875916226502204,0.007568359375,9,,,,,,,,,,,,,,
prewhiten_fixed ar10 CCS sts ts_demean W60,trend_b_shared_slope,,,,,,,,,,,-0.013031051831177472,-0.02123038614684129,-0.005321958082671566,0.0087890625,11,,,,,,,,,,,,,,
prewhiten_fixed ar10 autocorr ts_demean W60,primary,0.0738882629489194,0.01718482329122745,-0.07013241920073246,-0.1077642484172131,-0.027181845345473663,0.00830078125,-0.007526717076757436,-0.043105762016199284,0.030186891448585277,0.699951171875,-0.06260570212397502,-0.12277275025599332,-0.007562329363172293,0.0601806640625,10,-0.8473023945258497,0.04995004995004995,0.031043174558269476,0.014346739579365077,-0.007222355390848217,0.0366149683048115,0.2452392578125,-0.06922962590888723,-0.12507604876803233,-0.01224175181697343,0.0443115234375,10.0,True,-0.12022414606664174
prewhiten_fixed ar10 autocorr ts_demean W60,sensitivity,0.0738882629489194,0.01718482329122745,-0.06658387984675272,-0.10488314709769904,-0.023862771878173643,0.01171875,-0.009873551359410052,-0.0425601939130463,0.025447282560016302,0.5870361328125,-0.05671032848734268,-0.1131268619500389,-0.0022745874709590593,0.074951171875,10,-0.7675147069913903,0.058941058941058944,0.030025389195100224,0.019114751916666665,-0.0013501726820238187,0.04043420284925595,0.1082763671875,-0.06086718941942996,-0.11284246877745005,-0.004375508630481671,0.0574951171875,10.0,True,-0.17410499326615178
prewhiten_fixed ar10 autocorr ts_demean W60,early,0.0738882629489194,0.01718482329122745,-0.09688697248744325,-0.14127442919586908,-0.04759376887607117,0.00390625,-0.022144049733029574,-0.05714693295932546,0.01565858762414605,0.2679443359375,-0.07474292275441366,-0.14029035862272526,-0.0106260368083543,0.0447998046875,11,-1.0115669224229173,0.04595404595404595,0.036695268026084325,0.036577911,0.015743302857961303,0.058388679842336304,0.01025390625,-0.08341328364569597,-0.14394997183362407,-0.020586367346161528,0.027099609375,11.0,True,-0.29626951846383265
prewhiten_fixed ar10 autocorr ts_demean W60,late,0.0738882629489194,0.01718482329122745,-0.048728776571363853,-0.09322675631748566,-0.0013023801321371915,0.06689453125,0.004167149048260286,-0.037690708098779155,0.045515933318620215,0.8519287109375,-0.05289592561962413,-0.11699517084692962,0.013375107795313975,0.1485595703125,10,-0.7158907722081959,0.13586413586413587,0.033953206422512254,-0.0034381975571428575,-0.029929636098467258,0.023934267594226188,0.806884765625,-0.05788269971944023,-0.12126055153658456,0.01150452186904683,0.1190185546875,10.0,False,0.07878015176870813
prewhiten_fixed ar10 autocorr ts_demean W60,trend_a_placebo_line,,,,,,,,,,,-0.08797128081400271,-0.1425029694900109,-0.03304839263346856,0.009521484375,11,,,,,,,,,,,,,,
prewhiten_fixed ar10 autocorr ts_demean W60,trend_b_shared_slope,,,,,,,,,,,-0.10448948770199769,-0.15658307607826757,-0.05077732519364689,0.00341796875,11,,,,,,,,,,,,,,
prewhiten_fixed ar10 diag observed sts ts_demean W60,primary,0.10750081404536334,0.11207053610386881,-0.0029204580352454276,-0.010912993155942644,0.006884225524985253,0.554443359375,0.022673153634855035,0.015772392479985454,0.029422886594358016,0.0001220703125,-0.02559361167010046,-0.03596939151762983,-0.015666275040413045,0.0003662109375,13,-0.23807830570753105,0.000999000999000999,0.006433608654342708,0.014346739579365077,-0.007222355390848217,0.0366149683048115,0.2452392578125,-0.02173378594534277,-0.030867147801296763,-0.013409016812955343,0.000244140625,13.0,True,0.8858911327994701
prewhiten_fixed ar10 diag observed sts ts_demean W60,sensitivity,0.10750081404536334,0.11207053610386881,-0.003071615053172575,-0.010925377025868955,0.006833818682695055,0.543212890625,0.020503324381203003,0.013768309791707064,0.026942082479290173,0.000244140625,-0.02357493943437558,-0.034218312359589824,-0.013172580369203143,0.001220703125,12,-0.21930010152692794,0.001998001998001998,0.006187869349467535,0.019114751916666665,-0.0013501726820238187,0.04043420284925595,0.1082763671875,-0.019378438451006834,-0.028230227791000553,-0.011201918289275076,0.0008544921875,12.0,True,0.8697084647142834
prewhiten_fixed ar10 diag observed sts ts_demean W60,early,0.10750081404536334,0.11207053610386881,-0.001570012085088886,-0.009795092845230467,0.008052845508800416,0.7586669921875,0.027144258319778354,0.019023471247878187,0.035494971140399005,0.0001220703125,-0.028714270404867244,-0.038918887013962664,-0.019297254886587522,0.0001220703125,14,-0.26710746946297875,0.000999000999000999,0.007753318732095692,0.036577911,0.015743302857961303,0.058388679842336304,0.01025390625,-0.026292264565703848,-0.035200945439009465,-0.017915069414786,0.0001220703125,14.0,True,0.9453229330590004
prewhiten_fixed ar10 diag observed sts ts_demean W60,late,0.10750081404536334,0.11207053610386881,-0.004000814795370666,-0.012845271334323434,0.006245612363340014,0.4481201171875,0.019096269886916373,0.011866381344029151,0.026489314928925457,0.0003662109375,-0.02309708468228704,-0.03523517764293172,-0.010567323800612533,0.0048828125,11,-0.21485497470317294,0.002997002997002997,0.007126753914015945,-0.0034381975571428575,-0.029929636098467258,0.023934267594226188,0.806884765625,-0.018087003049053908,-0.028079029181355967,-0.009019328041421512,0.0020751953125,12.0,True,0.8267826935561761
prewhiten_fixed ar10 diag observed sts ts_demean W60,trend_a_placebo_line,,,,,,,,,,,-0.019906221400061704,-0.030758127720012716,-0.008863599349654338,0.00537109375,12,,,,,,,,,,,,,,
prewhiten_fixed ar10 diag observed sts ts_demean W60,trend_b_shared_slope,,,,,,,,,,,-0.017280768932750247,-0.0283390191282622,-0.005852870411813729,0.0137939453125,11,,,,,,,,,,,,,,
prewhiten_fixed ar10 diag predicted sts ts_demean W60,primary,0.022167600541154877,0.015190346072987884,-0.002857266819315772,-0.005752064780948636,6.160820119073815e-05,0.0867919921875,0.0014985392678068623,-0.0008691017611234937,0.00374054632430937,0.242431640625,-0.004355806087122634,-0.008143926240572238,-0.0008775177094036751,0.0338134765625,10,-0.19649425200692955,,,0.014346739579365077,-0.007713893602389222,0.03710264727392524,0.2452392578125,-0.005128520386919788,-0.008119985323718246,-0.0021002357014217824,0.00927734375,11.0,True,0.34403259415911464
prewhiten_fixed ar10 diag predicted sts ts_demean W60,sensitivity,0.022167600541154877,0.015190346072987884,-0.002600693466585147,-0.005574929331028678,0.0003662656552374946,0.1201171875,0.0015358857262973305,-0.0009392874279752985,0.0038753054656326513,0.248779296875,-0.004136579192882478,-0.007795562513955392,-0.0008581514433187287,0.038330078125,10,-0.18660473357063534,,,0.019114751916666665,-0.0009766646802529773,0.040794809271116075,0.1082763671875,-0.004794567437934868,-0.007425117046056313,-0.002170604853875269,0.0059814453125,11.0,True,0.37129368366500065
prewhiten_fixed ar10 diag predicted sts ts_demean W60,early,0.022167600541154877,0.015190346072987884,-0.0017693261947793698,-0.005417231703196167,0.00206362405819702,0.3818359375,0.0006037147198703818,-0.0014307584068244158,0.002432560664170581,0.5618896484375,-0.0023730409146497516,-0.006331567823248913,0.0012869651628145498,0.251708984375,7,-0.10704996737216206,,,0.036577911,0.015788057909226178,0.058192378460267834,0.01025390625,-0.0039963683042479265,-0.007644743011755554,-0.00019429359488979043,0.0670166015625,11.0,True,0.2544055250558067
prewhiten_fixed ar10 diag predicted sts ts_demean W60,late,0.022167600541154877,0.015190346072987884,-0.003727619318944894,-0.0066307424775386,-0.0009217443160716402,0.03173828125,0.0022143989061560467,-0.0011961841267829308,0.005771141183442999,0.2459716796875,-0.0059420182251009425,-0.010652333408293137,-0.0017867511152623865,0.01806640625,11,-0.26804967971474364,,,-0.0034381975571428575,-0.029435461325327393,0.023688178669092255,0.806884765625,-0.006034242053057277,-0.009685467593419712,-0.0026847934310173685,0.0047607421875,10.0,True,0.3726678078504932
prewhiten_fixed ar10 diag predicted sts ts_demean W60,trend_a_placebo_line,,,,,,,,,,,-0.004198745853769905,-0.008830921217269956,-0.0001377417331457084,0.0848388671875,10,,,,,,,,,,,,,,
prewhiten_fixed ar10 diag predicted sts ts_demean W60,trend_b_shared_slope,,,,,,,,,,,-0.004032687137860194,-0.00895189362374693,0.0002336269453005219,0.115234375,10,,,,,,,,,,,,,,
prewhiten_fixed ar10 diag residual sts ts_demean W60,primary,0.08533321350420843,0.09688019003088091,-6.319121592965476e-05,-0.007294052557196283,0.00869531084347772,0.9892578125,0.02117461436704818,0.013206152297002957,0.028861951018876085,0.00048828125,-0.021237805582977835,-0.03216865231351854,-0.011293597080215942,0.0008544921875,12,-0.24888088366589448,0.000999000999000999,0.006413701908499969,0.014346739579365077,-0.007222355390848217,0.0366149683048115,0.2452392578125,-0.016605265558422986,-0.025443603466669133,-0.008419500798816872,0.0018310546875,12.0,True,0.997024588266299
prewhiten_fixed ar10 diag residual sts ts_demean W60,sensitivity,0.08533321350420843,0.09688019003088091,-0.0004709215865874271,-0.007315015767264162,0.008151221127357734,0.9276123046875,0.018967438654905685,0.01134935966280034,0.02635546363467801,0.000732421875,-0.019438360241493112,-0.029789639153148827,-0.010005802907032632,0.0010986328125,12,-0.22779360395860937,0.001998001998001998,0.006189359798776486,0.019114751916666665,-0.0013501726820238187,0.04043420284925595,0.1082763671875,-0.014583871013071962,-0.022538303354834095,-0.007238452430936486,0.0023193359375,12.0,True,0.9757735950596184
prewhiten_fixed ar10 diag residual sts ts_demean W60,early,0.08533321350420843,0.09688019003088091,0.00019931410969048838,-0.007728212883251481,0.008537398357941834,0.962646484375,0.026540543599907984,0.01800909085790326,0.03536037011456874,0.0001220703125,-0.02634122949021749,-0.03810016019158484,-0.015814937161757567,0.0001220703125,14,-0.30868671656105395,0.000999000999000999,0.00761576705782006,0.036577911,0.015743302857961303,0.058388679842336304,0.01025390625,-0.022295896261455925,-0.03245349041856375,-0.013243835571299125,0.0001220703125,14.0,True,1.0075666213592844
prewhiten_fixed ar10 diag residual sts ts_demean W60,late,0.08533321350420843,0.09688019003088091,-0.00027319547642576825,-0.008794135553528315,0.00945584754159849,0.957275390625,0.016881870980760334,0.008237253213145591,0.025594247354333886,0.003662109375,-0.0171550664571861,-0.029630539666160385,-0.004684493798446823,0.021240234375,11,-0.20103621734976682,0.016983016983016984,0.007149097403315818,-0.0034381975571428575,-0.029929636098467258,0.023934267594226188,0.806884765625,-0.01205276099599663,-0.02173917683336435,-0.002719637051386602,0.030029296875,11.0,True,0.9840749391960922
prewhiten_fixed ar10 diag residual sts ts_demean W60,trend_a_placebo_line,,,,,,,,,,,-0.015707475546291778,-0.02703393172860649,-0.005317510742050782,0.012451171875,10,,,,,,,,,,,,,,
prewhiten_fixed ar10 diag residual sts ts_demean W60,trend_b_shared_slope,,,,,,,,,,,-0.013248081794890053,-0.02459459366021604,-0.002919418030848682,0.037109375,11,,,,,,,,,,,,,,
prewhiten_fixed ar10 MMI sts ts_demean global-bins,primary,0.10135498685727129,0.10049790022026121,0.0071049713403890605,-0.0041686112104066635,0.02043056973375407,0.3360595703125,0.0400522198712869,0.031355533154973844,0.049220718829192725,0.0001220703125,-0.03294724853089784,-0.04643384268117249,-0.02015117012303714,0.0003662109375,13,-0.3250678585484339,0.000999000999000999,0.008218926966565215,0.014346739579365081,-0.007119326131605484,0.037326978308010905,0.2452392578125,-0.026794502533162987,-0.03962748852066301,-0.015891140585759883,0.0001220703125,14.0,True,1.2156468797000162
prewhiten_fixed ar10 MMI sts ts_demean global-bins,sensitivity,0.10135498685727129,0.10049790022026121,0.006873018380874118,-0.0038099329176359913,0.020104037032515187,0.349365234375,0.038774413263294304,0.030001536134070122,0.04768654001681211,0.0001220703125,-0.03190139488242019,-0.04537325699229846,-0.018801983124550437,0.00048828125,13,-0.3147491393525997,0.000999000999000999,0.008065016941935026,0.01739740427443608,-0.0034618605429746385,0.03979782573680292,0.155029296875,-0.025588541051112523,-0.038424865172560115,-0.014534776985086234,0.0001220703125,14.0,True,1.2154457009233037
prewhiten_fixed ar10 MMI sts ts_demean global-bins,early,0.10135498685727129,0.10049790022026121,0.010552492507655267,-0.0002467068068715582,0.023319302745668933,0.1297607421875,0.04463780051775714,0.03405817060931896,0.05542365025258555,0.0001220703125,-0.03408530801010187,-0.0455871873581997,-0.023171918326053264,0.0001220703125,14,-0.3362963093084015,0.000999000999000999,0.009719287546008601,0.036577911,0.015513568125074404,0.058353647927232105,0.01025390625,-0.03154661195352954,-0.04272403615213913,-0.021691150573591278,0.0001220703125,14.0,True,1.3095906454630781
prewhiten_fixed ar10 MMI sts ts_demean global-bins,late,0.10135498685727129,0.10049790022026121,0.004346954406576098,-0.007598319741179964,0.018071198374729452,0.5325927734375,0.036383755354110696,0.028032365011031887,0.04553448302229304,0.0001220703125,-0.0320368009475346,-0.04735573810197949,-0.01690359323729017,0.0023193359375,13,-0.31608509794045964,0.001998001998001998,0.008881804294004909,-0.0034381975571428657,-0.029869622754107164,0.0230667819955952,0.806884765625,-0.022992814996869743,-0.03763373120177493,-0.010706092938178986,0.0018310546875,11.0,True,1.1356862819635123
prewhiten_fixed ar10 MMI sts ts_demean global-bins,trend_a_placebo_line,,,,,,,,,,,-0.02421586734839793,-0.03814328573895259,-0.010184963823298006,0.0072021484375,12,,,,,,,,,,,,,,
prewhiten_fixed ar10 MMI sts ts_demean global-bins,trend_b_shared_slope,,,,,,,,,,,-0.020111127744316788,-0.03339341818799622,-0.006056482555506789,0.0177001953125,12,,,,,,,,,,,,,,
prewhiten_fixed ar10 MMI xtx+yty ts_demean global-bins,primary,0.02016775328851484,0.010190785696448806,-0.00664206166310726,-0.013066887697298761,-0.0007147648455850456,0.059814453125,0.0036492248625375804,-0.0012076334991314146,0.008782166976851967,0.2022705078125,-0.01029128652564484,-0.019611739494973742,-0.0013529581496409804,0.058349609375,9,-0.5102842333709792,0.006993006993006993,0.004041349887531414,0.014346739579365081,-0.007119326131605484,0.037326978308010905,0.2452392578125,-0.010255138604281967,-0.018868109479926048,-0.0020221921599391512,0.042236328125,10.0,True,0.3545936509924277
prewhiten_fixed ar10 MMI xtx+yty ts_demean global-bins,sensitivity,0.02016775328851484,0.010190785696448806,-0.006827541013631565,-0.013205988439655604,-0.000554301292279493,0.0550537109375,0.003453333483910896,-0.001267632121223482,0.008408117720234618,0.2003173828125,-0.01028087449754246,-0.019574130844613933,-0.0013535090687188593,0.054931640625,9,-0.5097679622745696,0.005994005994005994,0.003975175095667248,0.01739740427443608,-0.0034618605429746385,0.03979782573680292,0.155029296875,-0.01041001235160839,-0.018975396694172256,-0.0022064236015945787,0.03662109375,10.0,True,0.3358988075125692
prewhiten_fixed ar10 MMI xtx+yty ts_demean global-bins,early,0.02016775328851484,0.010190785696448806,-0.00811371899745396,-0.015391242992914812,-0.0020345778828019805,0.0228271484375,0.0028483007387794137,-0.002175580400871226,0.00819008024017353,0.3218994140625,-0.010962019736233375,-0.020592777120180893,-0.0021727458128449565,0.0428466796875,9,-0.543541939422476,0.02097902097902098,0.004781454905422509,0.036577911,0.015513568125074404,0.058353647927232105,0.01025390625,-0.012255778709938658,-0.02174491540871804,-0.0036143107732850323,0.021240234375,9.0,True,0.2598335714872659
prewhiten_fixed ar10 MMI xtx+yty ts_demean global-bins,late,0.02016775328851484,0.010190785696448806,-0.0054647357956299,-0.012077729057644872,0.0009371538190405359,0.136962890625,0.004289964161544118,-0.0010405973323134503,0.00952432417624188,0.148193359375,-0.009754699957174016,-0.019987727592477047,0.0003774120616996847,0.0919189453125,9,-0.4836780685297819,0.023976023976023976,0.004384948485648227,-0.0034381975571428657,-0.029869622754107164,0.0230667819955952,0.806884765625,-0.00865462651975661,-0.017503144759106304,0.0004053534817984098,0.087646484375,9.0,False,0.439784327593705
prewhiten_fixed ar10 MMI xtx+yty ts_demean global-bins,trend_a_placebo_line,,,,,,,,,,,-0.012538421160685154,-0.022148417870932108,-0.0029564386424749817,0.02783203125,10,,,,,,,,,,,,,,
prewhiten_fixed ar10 MMI xtx+yty ts_demean global-bins,trend_b_shared_slope,,,,,,,,,,,-0.013688895809854478,-0.0228450033892165,-0.004933816648022504,0.0157470703125,10,,,,,,,,,,,,,,
prewhiten_fixed ar10 CCS sts ts_demean global-bins,primary,0.03828021564409296,0.039592297786863975,0.0069832282070574556,0.0004018125268905878,0.01486197274950239,0.078125,0.025759818611274687,0.01957252010364624,0.03207903561233863,0.0001220703125,-0.01877659040421723,-0.02807001523961865,-0.009784493024966279,0.0018310546875,13,-0.49050377821251,0.000999000999000999,0.005240353914382409,0.014346739579365081,-0.007119326131605484,0.037326978308010905,0.2452392578125,-0.015439781702681935,-0.02443025113333621,-0.007458457057810807,0.0009765625,13.0,True,1.3719114097247935
prewhiten_fixed ar10 CCS sts ts_demean global-bins,sensitivity,0.03828021564409296,0.039592297786863975,0.006902051819910998,0.0005592565999405176,0.014939709127104303,0.082763671875,0.025423259601638295,0.018988668075885295,0.03179459715908537,0.0001220703125,-0.018521207781727295,-0.027719444490742547,-0.009141553717613542,0.00244140625,12,-0.4838323784256245,0.000999000999000999,0.005156236904526727,0.01739740427443608,-0.0034618605429746385,0.03979782573680292,0.155029296875,-0.015012619794295492,-0.023886574609368078,-0.0070536351656976205,0.0020751953125,13.0,True,1.3726566809925023
prewhiten_fixed ar10 CCS sts ts_demean global-bins,early,0.03828021564409296,0.039592297786863975,0.008673558398281354,0.0025829050058726404,0.015955869538045075,0.012451171875,0.027741582369477293,0.020772781944378534,0.0349984496284505,0.0001220703125,-0.01906802397119594,-0.028687838949113458,-0.00992232448678829,0.0018310546875,13,-0.4981169424038586,0.004995004995004995,0.006202596127171076,0.036577911,0.015513568125074404,0.058353647927232105,0.01025390625,-0.018183831489275864,-0.027916641102712393,-0.00935063387449437,0.0010986328125,13.0,True,1.4548745277110826
prewhiten_fixed ar10 CCS sts ts_demean global-bins,late,0.03828021564409296,0.039592297786863975,0.005630964054078335,-0.0014513761271143114,0.01420448493752222,0.2242431640625,0.02417440760471259,0.01780431459315994,0.030442173835645847,0.0001220703125,-0.018543443550634253,-0.02795403890203325,-0.008891475874235128,0.0048828125,13,-0.48441324685943093,0.001998001998001998,0.0056832438000610445,-0.0034381975571428657,-0.029869622754107164,0.0230667819955952,0.806884765625,-0.013244541873406792,-0.021921294326937676,-0.005319787341525547,0.0057373046875,10.0,True,1.3036633427174715
prewhiten_fixed ar10 CCS sts ts_demean global-bins,trend_a_placebo_line,,,,,,,,,,,-0.014742238964587328,-0.023754064979450627,-0.005466570930173565,0.0111083984375,11,,,,,,,,,,,,,,
prewhiten_fixed ar10 CCS sts ts_demean global-bins,trend_b_shared_slope,,,,,,,,,,,-0.013154489222788873,-0.02174670617319508,-0.004335870783527644,0.0167236328125,11,,,,,,,,,,,,,,
prewhiten_fixed ar10 autocorr ts_demean global-bins,primary,0.10326043068569839,0.03767119986335859,-0.08370002264871357,-0.1306831394230701,-0.03534954673609536,0.0076904296875,-0.020330046979487534,-0.05665333646673945,0.019926682958260493,0.3277587890625,-0.06336997566922604,-0.13685474287712918,0.0034608982599277,0.1123046875,10,-0.6136907937379232,0.08791208791208792,0.035787132911381796,0.014346739579365081,-0.007119326131605484,0.037326978308010905,0.2452392578125,-0.07364367224979569,-0.14121795899044498,-0.0078411257006892,0.0589599609375,10.0,True,-0.3208151299537311
prewhiten_fixed ar10 autocorr ts_demean global-bins,sensitivity,0.10326043068569839,0.03767119986335859,-0.08616577577025733,-0.13311553278013516,-0.03613164928529062,0.007080078125,-0.019889247450249333,-0.0546324489714236,0.017658300432047185,0.3194580078125,-0.06627652832000797,-0.13683520489759382,0.000790698606770199,0.093017578125,10,-0.6418385811476892,0.06793206793206794,0.035155897377763604,0.01739740427443608,-0.0034618605429746385,0.03979782573680292,0.155029296875,-0.07695794246842638,-0.14453933239410086,-0.009485963982029643,0.047119140625,11.0,True,-0.300094889614866
prewhiten_fixed ar10 autocorr ts_demean global-bins,early,0.10326043068569839,0.03767119986335859,-0.11123419885586686,-0.165972984775839,-0.052738932020353936,0.0037841796875,-0.04011076811268917,-0.0747989748357138,-0.002466839825163217,0.063232421875,-0.07112343074317769,-0.14854280744339962,0.004540430204283406,0.1026611328125,10,-0.6887772041127881,0.0899100899100899,0.04210570095149499,0.036577911,0.015513568125074404,0.058353647927232105,0.01025390625,-0.0842805624006486,-0.15890103456501106,-0.009576369965444512,0.0487060546875,11.0,True,-0.5639599734372583
prewhiten_fixed ar10 autocorr ts_demean global-bins,late,0.10326043068569839,0.03767119986335859,-0.061672681682990935,-0.11372921546767689,-0.009808912144165705,0.0478515625,-0.004505470072926228,-0.0491581110170507,0.041529343536127715,0.852294921875,-0.05716721161006471,-0.13539120709237557,0.01903493546110912,0.1883544921875,9,-0.553621665438031,0.14685314685314685,0.039302875007072025,-0.0034381975571428657,-0.029869622754107164,0.0230667819955952,0.806884765625,-0.06513416012911338,-0.13602515746399854,0.008860835656956455,0.115234375,10.0,False,-0.07881213629340296
prewhiten_fixed ar10 autocorr ts_demean global-bins,trend_a_placebo_line,,,,,,,,,,,-0.09757316346001484,-0.16632468974700748,-0.030145200574546414,0.0162353515625,10,,,,,,,,,,,,,,
prewhiten_fixed ar10 autocorr ts_demean global-bins,trend_b_shared_slope,,,,,,,,,,,-0.11740740909435476,-0.18289110900614425,-0.051836659416177336,0.0050048828125,11,,,,,,,,,,,,,,
prewhiten_fixed ar20 MMI sts ts_gsr W60,primary,0.07189525330901372,0.07029776085226754,-0.0061870839684821976,-0.011398666560942993,-0.0015213711635612996,0.0308837890625,0.006485516851773362,0.0038668143195559764,0.009228409004342323,0.001220703125,-0.012672600820255559,-0.019560623551977234,-0.006565017409194643,0.000244140625,13,-0.176264777394793,0.000999000999000999,0.0032062884888922607,0.014346739579365077,-0.00721980005586145,0.0370954072897652,0.2452392578125,-0.01164627659351339,-0.017375023640794227,-0.006393111150643289,0.00048828125,12.0,True,0.5117747290995767
prewhiten_fixed ar20 MMI sts ts_gsr W60,sensitivity,0.07189525330901372,0.07029776085226754,-0.006697587241368419,-0.01161713693630624,-0.0023038324807411886,0.01513671875,0.004932334925152655,0.0024502216210033454,0.007489315482289691,0.0025634765625,-0.011629922166521077,-0.01794903451569523,-0.005797145653002444,0.0008544921875,12,-0.16176203061048258,0.000999000999000999,0.0031480047107008123,0.019114751916666665,-0.0008357510407440529,0.04089488806129463,0.1082763671875,-0.01049656212182952,-0.015880781150052325,-0.0054106668637450474,0.0013427734375,12.0,True,0.42410730308680056
prewhiten_fixed ar20 MMI sts ts_gsr W60,early,0.07189525330901372,0.07029776085226754,-0.005482655321985969,-0.011310840428250882,-0.0006874924551386,0.0771484375,0.011084807954321941,0.007938858499287738,0.014169942227302178,0.0001220703125,-0.016567463276307908,-0.024301135587647703,-0.009527832103741399,0.0003662109375,13,-0.23043890262266864,0.000999000999000999,0.003804769394019663,0.036577911,0.015515750761160711,0.058437470682812485,0.01025390625,-0.01540184701543269,-0.02171270849232306,-0.009466073136158654,0.000244140625,13.0,True,0.6690709234994129
prewhiten_fixed ar20 MMI sts ts_gsr W60,late,0.07189525330901372,0.07029776085226754,-0.006750626885679177,-0.011938416656226565,-0.0018032574627417247,0.0269775390625,0.002806083969734496,-0.0003963190499435484,0.006230079939416327,0.13330078125,-0.009556710855413672,-0.016670901383247498,-0.00269728831137106,0.0177001953125,11,-0.1329254772124924,0.008991008991008992,0.003513477534752042,-0.0034381975571428575,-0.029128747276249995,0.02332848032098213,0.806884765625,-0.00864182025597795,-0.014889923813334666,-0.00235592763780606,0.02001953125,10.0,True,0.29362445010512267
prewhiten_fixed ar20 MMI sts ts_gsr W60,trend_a_placebo_line,,,,,,,,,,,-0.010884698256554734,-0.01790505731554708,-0.004558957732181318,0.00439453125,12,,,,,,,,,,,,,,
prewhiten_fixed ar20 MMI sts ts_gsr W60,trend_b_shared_slope,,,,,,,,,,,-0.010250916561300413,-0.01743202550732967,-0.0039871305859131255,0.00830078125,10,,,,,,,,,,,,,,
prewhiten_fixed ar20 MMI xtx+yty ts_gsr W60,primary,0.003967598453606157,-0.0019971614310244027,-0.006471897748896243,-0.00948666236092083,-0.003772580372507635,0.00048828125,-0.0005084900872649114,-0.0016355393354653286,0.0006032626066129704,0.4117431640625,-0.005963407661631332,-0.00936604688417821,-0.0027372459743947087,0.003662109375,11,-1.503027015299691,0.000999000999000999,0.0015826374906165693,0.014346739579365077,-0.00721980005586145,0.0370954072897652,0.2452392578125,-0.005829620456653457,-0.008908858214854787,-0.002969448630142218,0.001708984375,12.0,True,-0.0852683760891521
prewhiten_fixed ar20 MMI xtx+yty ts_gsr W60,sensitivity,0.003967598453606157,-0.0019971614310244027,-0.006299334339022613,-0.00941136129795579,-0.003576688175633337,0.0003662109375,-0.0005720727649714217,-0.001696594185714733,0.0005093894805289919,0.3555908203125,-0.005727261574051192,-0.008971202559074465,-0.002620693743362615,0.00390625,11,-1.44350836936275,0.000999000999000999,0.0015284373631632544,0.019114751916666665,-0.0008357510407440529,0.04089488806129463,0.1082763671875,-0.005465649785998702,-0.00826191405604534,-0.0028839524674034453,0.00146484375,12.0,True,-0.09988591538464772
prewhiten_fixed ar20 MMI xtx+yty ts_gsr W60,early,0.003967598453606157,-0.0019971614310244027,-0.007148881166499096,-0.010376972418096719,-0.004212034974975291,0.00048828125,-0.0009464365089800296,-0.0020468411169053216,0.0002745329003720938,0.146728515625,-0.006202444657519067,-0.009477262889366579,-0.0028640373377192474,0.00390625,12,-1.5632742904921877,0.000999000999000999,0.0018548185525224807,0.036577911,0.015515750761160711,0.058437470682812485,0.01025390625,-0.005776023032093308,-0.008837168352127202,-0.002817945520187404,0.0025634765625,13.0,True,-0.15259088331125834
prewhiten_fixed ar20 MMI xtx+yty ts_gsr W60,late,0.003967598453606157,-0.0019971614310244027,-0.005930311014813959,-0.008981213402464163,-0.0031693034909065308,0.0015869140625,-0.0001581329498928171,-0.0015137109259703956,0.0011816604288948295,0.8291015625,-0.005772178064921145,-0.00941562202972108,-0.002384902724500596,0.0078125,11,-1.4548291951456938,0.000999000999000999,0.0017633365139871936,-0.0034381975571428575,-0.029128747276249995,0.02332848032098213,0.806884765625,-0.005872498396301576,-0.009168946136899012,-0.0027273286630299398,0.0037841796875,11.0,True,-0.027395715813728523
prewhiten_fixed ar20 MMI xtx+yty ts_gsr W60,trend_a_placebo_line,,,,,,,,,,,-0.006422117510521427,-0.010037879791921852,-0.0030603109638620107,0.0028076171875,11,,,,,,,,,,,,,,
prewhiten_fixed ar20 MMI xtx+yty ts_gsr W60,trend_b_shared_slope,,,,,,,,,,,-0.006986453081653597,-0.01073057006338813,-0.0034293963705905378,0.002197265625,12,,,,,,,,,,,,,,
prewhiten_fixed ar20 CCS sts ts_gsr W60,primary,0.02744606904582449,0.02591163674128189,-0.005718137351350327,-0.008804855722861316,-0.002630263842168113,0.00439453125,0.0040519284980562965,0.0015950953732147908,0.00631180926427664,0.009033203125,-0.009770065849406625,-0.014140940624401944,-0.005086021765490168,0.0020751953125,13,-0.35597323001316994,0.000999000999000999,0.0022318271457807785,0.014346739579365077,-0.00721980005586145,0.0370954072897652,0.2452392578125,-0.009137091864912338,-0.012756016159702968,-0.005089807076264101,0.0015869140625,13.0,True,0.41472888315306355
prewhiten_fixed ar20 CCS sts ts_gsr W60,sensitivity,0.02744606904582449,0.02591163674128189,-0.005949320296994028,-0.008973854095307354,-0.0030332517552763266,0.0018310546875,0.003163586643107012,0.0007937957265242714,0.005326020231169439,0.0224609375,-0.00911290694010104,-0.013212188240224364,-0.004657993988421129,0.002685546875,13,-0.33202958590849396,0.000999000999000999,0.002183289137954314,0.019114751916666665,-0.0008357510407440529,0.04089488806129463,0.1082763671875,-0.008253183077475702,-0.011530091378457155,-0.00450340826241541,0.0018310546875,13.0,True,0.3471544989871186
prewhiten_fixed ar20 CCS sts ts_gsr W60,early,0.02744606904582449,0.02591163674128189,-0.005610520942257933,-0.009329197240778884,-0.002327030557868738,0.0045166015625,0.00578226819924015,0.003255647941751962,0.008293620933079015,0.0015869140625,-0.011392789141498083,-0.016191567897808443,-0.006326737405548623,0.00146484375,13,-0.4150972994521168,0.000999000999000999,0.002663175714090462,0.036577911,0.015515750761160711,0.058437470682812485,0.01025390625,-0.010438152463012995,-0.014956139454954076,-0.006014922472720919,0.0009765625,13.0,True,0.5075375421614988
prewhiten_fixed ar20 CCS sts ts_gsr W60,late,0.02744606904582449,0.02591163674128189,-0.00580423047862424,-0.009141548120723745,-0.0022319762630342386,0.010986328125,0.0026676567371092135,7.312366258594734e-05,0.005008986828581946,0.0657958984375,-0.008471887215733455,-0.013236076080254884,-0.0035179587251604008,0.0076904296875,12,-0.3086739744620123,0.000999000999000999,0.002422607556854015,-0.0034381975571428575,-0.029128747276249995,0.02332848032098213,0.806884765625,-0.008096243386431815,-0.011794359830976866,-0.0038115298584522083,0.0037841796875,12.0,True,0.31488341017512717
prewhiten_fixed ar20 CCS sts ts_gsr W60,trend_a_placebo_line,,,,,,,,,,,-0.00934662331134226,-0.013576282759182412,-0.004961093021778583,0.001708984375,13,,,,,,,,,,,,,,
prewhiten_fixed ar20 CCS sts ts_gsr W60,trend_b_shared_slope,,,,,,,,,,,-0.009196199286695296,-0.013547468992511205,-0.004923580850460407,0.0015869140625,13,,,,,,,,,,,,,,
prewhiten_fixed ar20 autocorr ts_gsr W60,primary,0.052358069726227585,-0.008263852562213113,-0.09579037372893359,-0.13002711566294906,-0.060915356733484034,0.00048828125,-0.003104838556252943,-0.02568309127270634,0.021716916831957547,0.81103515625,-0.09268553517268062,-0.14165699713646535,-0.0419839442877618,0.0037841796875,11,-1.7702244497805064,0.000999000999000999,0.025963033354754198,0.014346739579365077,-0.00721980005586145,0.0370954072897652,0.2452392578125,-0.09247727202314142,-0.1394374760501994,-0.04619155589777704,0.0028076171875,11.0,True,-0.033498631156073905
prewhiten_fixed ar20 autocorr ts_gsr W60,sensitivity,0.052358069726227585,-0.008263852562213113,-0.09516249983103482,-0.12604048097729684,-0.062004918498238915,0.0003662109375,-0.007363484513128953,-0.02919811809217991,0.016180853448602175,0.552734375,-0.08779901531790589,-0.1336797193615673,-0.04093206313049275,0.0037841796875,11,-1.6768955726785506,0.001998001998001998,0.02501007136318966,0.019114751916666665,-0.0008357510407440529,0.04089488806129463,0.1082763671875,-0.0852914297685888,-0.1266110160373673,-0.04346967542787544,0.0030517578125,12.0,True,-0.08386750678771258
prewhiten_fixed ar20 autocorr ts_gsr W60,early,0.052358069726227585,-0.008263852562213113,-0.11369275414975163,-0.15237984425835682,-0.0734279563088275,0.0003662109375,-0.013539035943701547,-0.0385515137885545,0.012442964354628452,0.333251953125,-0.10015371820605004,-0.14914084373688832,-0.04757082355442322,0.0035400390625,12,-1.9128611640906295,0.000999000999000999,0.030920866885860036,0.036577911,0.015515750761160711,0.058437470682812485,0.01025390625,-0.0970390938908084,-0.14700446567789038,-0.045051909881637056,0.0037841796875,12.0,True,-0.1351825592320714
prewhiten_fixed ar20 autocorr ts_gsr W60,late,0.052358069726227585,-0.008263852562213113,-0.08146846939227914,-0.11970560864447181,-0.04304866631521854,0.00341796875,0.005242519353705941,-0.02277382691780985,0.034583866243926425,0.740966796875,-0.08671098874598508,-0.14352373921077302,-0.030499679164491637,0.0128173828125,10,-1.6561150783324081,0.005994005994005994,0.028424842904174175,-0.0034381975571428575,-0.029128747276249995,0.02332848032098213,0.806884765625,-0.08882781452900786,-0.13770257402627042,-0.0391065424836143,0.006103515625,11.0,True,0.0604596883223602
prewhiten_fixed ar20 autocorr ts_gsr W60,trend_a_placebo_line,,,,,,,,,,,-0.10713517992573689,-0.15891401472273065,-0.05650061168709404,0.001953125,11,,,,,,,,,,,,,,
prewhiten_fixed ar20 autocorr ts_gsr W60,trend_b_shared_slope,,,,,,,,,,,-0.11797781982805042,-0.16813711741172904,-0.0680339641312512,0.0006103515625,13,,,,,,,,,,,,,,
prewhiten_fixed ar20 diag observed sts ts_gsr W60,primary,0.0718952533090137,0.07029776085226758,-0.006187083968482164,-0.011398666560942947,-0.0015213711635612835,0.0308837890625,0.0064855168517732945,0.0038668143195558762,0.009228409004342256,0.001220703125,-0.012672600820255458,-0.01956062355197722,-0.006565017409194544,0.000244140625,13,-0.17626477739479166,0.000999000999000999,0.0032062884888922607,0.014346739579365077,-0.00721980005586145,0.0370954072897652,0.2452392578125,-0.011646276593513317,-0.01737502364079416,-0.006393111150643244,0.00048828125,12.0,True,0.5117747290995754
prewhiten_fixed ar20 diag observed sts ts_gsr W60,sensitivity,0.0718952533090137,0.07029776085226758,-0.006697587241368382,-0.01161713693630614,-0.002303832480741151,0.01513671875,0.004932334925152597,0.0024502216210032855,0.0074893154822896464,0.0025634765625,-0.01162992216652098,-0.017949034515695125,-0.005797145653002341,0.0008544921875,12,-0.1617620306104813,0.000999000999000999,0.0031480047107008123,0.019114751916666665,-0.0008357510407440529,0.04089488806129463,0.1082763671875,-0.01049656212182945,-0.015880781150052262,-0.005410666863745036,0.0013427734375,12.0,True,0.4241073030867991
prewhiten_fixed ar20 diag observed sts ts_gsr W60,early,0.0718952533090137,0.07029776085226758,-0.005482655321985947,-0.011310840428250838,-0.0006874924551385634,0.0771484375,0.01108480795432189,0.007938858499287665,0.014169942227302123,0.0001220703125,-0.01656746327630784,-0.02430113558764754,-0.00952783210374126,0.0003662109375,13,-0.23043890262266775,0.000999000999000999,0.003804769394019663,0.036577911,0.015515750761160711,0.058437470682812485,0.01025390625,-0.01540184701543265,-0.021712708492323016,-0.009466073136158598,0.000244140625,13.0,True,0.6690709234994126
prewhiten_fixed ar20 diag observed sts ts_gsr W60,late,0.0718952533090137,0.07029776085226758,-0.0067506268856791386,-0.011938416656226487,-0.0018032574627416952,0.0269775390625,0.00280608396973442,-0.0003963190499436072,0.0062300799394162856,0.13330078125,-0.009556710855413557,-0.016670901383247453,-0.002697288311370923,0.0177001953125,11,-0.13292547721249084,0.008991008991008992,0.003513477534752042,-0.0034381975571428575,-0.029128747276249995,0.02332848032098213,0.806884765625,-0.00864182025597785,-0.014889923813334548,-0.002355927637805962,0.02001953125,10.0,True,0.29362445010511823
prewhiten_fixed ar20 diag observed sts ts_gsr W60,trend_a_placebo_line,,,,,,,,,,,-0.010884698256554637,-0.017905057315546938,-0.004558957732181189,0.00439453125,12,,,,,,,,,,,,,,
prewhiten_fixed ar20 diag observed sts ts_gsr W60,trend_b_shared_slope,,,,,,,,,,,-0.010250916561300349,-0.017432025507329595,-0.003987130585913116,0.00830078125,10,,,,,,,,,,,,,,
prewhiten_fixed ar20 diag predicted sts ts_gsr W60,primary,0.011430663333381132,0.006545165096442402,-0.0032810676742140057,-0.005868145996682165,-0.0008909295000162054,0.0250244140625,0.00041824423247142066,-0.00070600732604605,0.001432897752995122,0.4737548828125,-0.0036993119066854275,-0.0062744671319834395,-0.0012017711669779722,0.0145263671875,12,-0.3236305539576407,,,0.014346739579365077,-0.007713893602389222,0.03710264727392524,0.2452392578125,-0.0035277998048215886,-0.006170260712568926,-0.0009276254300731916,0.0263671875,12.0,True,0.11306000765049472
prewhiten_fixed ar20 diag predicted sts ts_gsr W60,sensitivity,0.011430663333381132,0.006545165096442402,-0.003173647872865355,-0.005880183937020161,-0.0006956822914840414,0.035888671875,0.00046056207436794407,-0.0007063213313582198,0.0015694593468470084,0.4576416015625,-0.0036342099472332985,-0.0063573111425742615,-0.000940515485451808,0.0242919921875,12,-0.31793517499726043,,,0.019114751916666665,-0.0009766646802529773,0.040794809271116075,0.1082763671875,-0.0034218691873277095,-0.006185823936738421,-0.0007856964827340635,0.034912109375,12.0,True,0.12672962791226938
prewhiten_fixed ar20 diag predicted sts ts_gsr W60,early,0.011430663333381132,0.006545165096442402,-0.0026769031996369064,-0.005204682957900485,-0.0002639224050470036,0.0626220703125,0.00038994760958334043,-0.0008002824011006741,0.0015632129888249334,0.5408935546875,-0.003066850809220248,-0.0055658936680794925,-0.0007806284239840119,0.0255126953125,10,-0.2683003356650422,,,0.036577911,0.015788057909226178,0.058192378460267834,0.01025390625,-0.002946960390224642,-0.005574403073758756,-0.0005423583710391333,0.0472412109375,10.0,True,0.12714919434978492
prewhiten_fixed ar20 diag predicted sts ts_gsr W60,late,0.011430663333381132,0.006545165096442402,-0.003764399253875685,-0.006512098829150785,-0.0013422742836212596,0.0101318359375,0.0004408815307818847,-0.0009573620496948796,0.0018002676290672468,0.548095703125,-0.004205280784657569,-0.006956250413377344,-0.0015063345825343806,0.0126953125,12,-0.36789472859171934,,,-0.0034381975571428575,-0.029435461325327393,0.023688178669092255,0.806884765625,-0.0039924713364991446,-0.006836534098351489,-0.0011583163041658402,0.01953125,12.0,True,0.10483997463151205
prewhiten_fixed ar20 diag predicted sts ts_gsr W60,trend_a_placebo_line,,,,,,,,,,,-0.0033726397859189664,-0.005869685397811285,-0.0008605440430115018,0.02734375,11,,,,,,,,,,,,,,
prewhiten_fixed ar20 diag predicted sts ts_gsr W60,trend_b_shared_slope,,,,,,,,,,,-0.0030822003328751803,-0.005673264852861977,-0.0005531995131982144,0.0406494140625,11,,,,,,,,,,,,,,
prewhiten_fixed ar20 diag residual sts ts_gsr W60,primary,0.06046458997563255,0.06375259575582516,-0.0029060162942681532,-0.0062503764450700956,-0.00014965561035431093,0.081787109375,0.006067272619301881,0.0030216109240616953,0.00956220642782363,0.0018310546875,-0.008973288913570035,-0.013993148158565364,-0.004494518230093513,0.001708984375,12,-0.14840568533064233,0.002997002997002997,0.003135925850409722,0.014346739579365077,-0.00721980005586145,0.0370954072897652,0.2452392578125,-0.008118476788691728,-0.012085687552674817,-0.003998706039906402,0.003173828125,12.0,True,0.6761481411934176
prewhiten_fixed ar20 diag residual sts ts_gsr W60,sensitivity,0.06046458997563255,0.06375259575582516,-0.0035239393685030274,-0.006261676932924269,-0.0010144600790753988,0.0205078125,0.004471772850784658,0.0015267554797663767,0.007759993429304606,0.0113525390625,-0.007995712219287686,-0.012533270808286855,-0.0037661483710515952,0.0032958984375,12,-0.13223793004318704,0.007992007992007992,0.0031020052604764934,0.019114751916666665,-0.0008357510407440529,0.04089488806129463,0.1082763671875,-0.007074692934501741,-0.010667923275926099,-0.0031768412253572213,0.0054931640625,12.0,True,0.5592713604671273
prewhiten_fixed ar20 diag residual sts ts_gsr W60,early,0.06046458997563255,0.06375259575582516,-0.0028057521223490357,-0.006935415165743017,0.000532449991285801,0.192626953125,0.010694860344738556,0.007392711018970412,0.014101278167758755,0.0001220703125,-0.013500612467087595,-0.01920789961098881,-0.008070254705297918,0.0003662109375,13,-0.22328130352869985,0.000999000999000999,0.0036461009150400175,0.036577911,0.015515750761160711,0.058437470682812485,0.01025390625,-0.012454886625208007,-0.01704530793229329,-0.008026374018928795,0.0003662109375,13.0,True,0.7921759380036255
prewhiten_fixed ar20 diag residual sts ts_gsr W60,late,0.06046458997563255,0.06375259575582516,-0.0029862276318034474,-0.0065387732813790116,0.00035577289587647323,0.12451171875,0.0023652024389525348,-0.0015697435821544065,0.006671483198522293,0.3118896484375,-0.005351430070755983,-0.011030775997638841,5.695431481749523e-05,0.093017578125,10,-0.08850519077219622,0.12887112887112886,0.0034740333591618314,-0.0034381975571428575,-0.029128747276249995,0.02332848032098213,0.806884765625,-0.004649348919478705,-0.009651177435159216,0.0008445423354079322,0.1138916015625,11.0,False,0.441975772397304
prewhiten_fixed ar20 diag residual sts ts_gsr W60,trend_a_placebo_line,,,,,,,,,,,-0.007512058470635665,-0.012523113210082188,-0.0028971319576815346,0.0064697265625,10,,,,,,,,,,,,,,
prewhiten_fixed ar20 diag residual sts ts_gsr W60,trend_b_shared_slope,,,,,,,,,,,-0.0071687162284251645,-0.012356797030450051,-0.002373572572827893,0.0174560546875,11,,,,,,,,,,,,,,
prewhiten_fixed ar20 MMI sts ts_gsr global-bins,primary,0.06865840372551722,0.06130474921868404,0.00023737988374459076,-0.006745129186011945,0.006511411617312434,0.9476318359375,0.017049149290876038,0.012813887157054253,0.021427410464603138,0.0001220703125,-0.016811769407131447,-0.02586802152841916,-0.009628356683364666,0.0001220703125,14,-0.2448610584414632,0.000999000999000999,0.004092396174161813,0.014346739579365081,-0.0066176991224702305,0.037531023391542656,0.2452392578125,-0.013904417410006165,-0.02106806222940473,-0.007700779806715111,0.0003662109375,13.0,True,1.0141198631741817
prewhiten_fixed ar20 MMI sts ts_gsr global-bins,sensitivity,0.06865840372551722,0.06130474921868404,-0.0002571913319328774,-0.00674625014680538,0.005808054504872761,0.9403076171875,0.015997486454249015,0.012058639908107613,0.02002741985548799,0.0001220703125,-0.016254677786181893,-0.02468840239953113,-0.009459288539879481,0.0001220703125,14,-0.23674709728418525,0.000999000999000999,0.004054014686499256,0.01739740427443608,-0.003754235040127675,0.039815998186086284,0.155029296875,-0.013281946190589719,-0.019868102927833066,-0.0076703534735718705,0.0003662109375,13.0,True,0.9841773958662217
prewhiten_fixed ar20 MMI sts ts_gsr global-bins,early,0.06865840372551722,0.06130474921868404,0.0011621460669562812,-0.006184237549934932,0.007569147076598269,0.75634765625,0.02170374913006121,0.016531324675532772,0.027048523148615344,0.0001220703125,-0.020541603063104926,-0.03035206596319194,-0.012123647870459853,0.000244140625,13,-0.2991855613950218,0.000999000999000999,0.004781629026757664,0.036577911,0.01545065571294644,0.05875963294575889,0.01025390625,-0.01897070262922604,-0.02758489027433908,-0.011087193092443078,0.00048828125,12.0,True,1.0565752372580712
prewhiten_fixed ar20 MMI sts ts_gsr global-bins,late,0.06865840372551722,0.06130474921868404,-0.0005024330628247588,-0.00713442662346264,0.005780341546964325,0.8927001953125,0.013325469419527895,0.008864988164391288,0.01777319285751134,0.000244140625,-0.013827902482352656,-0.022418057504730034,-0.006464187521233399,0.0013427734375,13,-0.2014014560786162,0.002997002997002997,0.004532652448006757,-0.0034381975571428657,-0.03004902635511904,0.023824507565104142,0.806884765625,-0.009851389234630265,-0.01636504347810162,-0.00465363814596604,0.0009765625,12.0,True,0.9636652729171346
prewhiten_fixed ar20 MMI sts ts_gsr global-bins,trend_a_placebo_line,,,,,,,,,,,-0.01335059446956222,-0.021581701553340736,-0.006473751786432895,0.0008544921875,13,,,,,,,,,,,,,,
prewhiten_fixed ar20 MMI sts ts_gsr global-bins,trend_b_shared_slope,,,,,,,,,,,-0.012250677956115109,-0.020619554506219072,-0.005385599847847828,0.0018310546875,13,,,,,,,,,,,,,,
prewhiten_fixed ar20 MMI xtx+yty ts_gsr global-bins,primary,-0.0005425955970546801,-0.0003872385087029552,0.0001997764551631227,-0.0002715156079323476,0.0006028640830011679,0.3765869140625,1.6981436760393594e-05,-0.00032853463314565673,0.00032711477797951895,0.9278564453125,0.00018279501840272916,-0.0002659984839334668,0.0005890700174537056,0.43017578125,5,-0.3368899773514159,0.34165834165834164,0.0001844436391660295,0.014346739579365081,-0.0066176991224702305,0.037531023391542656,0.2452392578125,0.00022585497698668724,-0.00021295616494967259,0.0006055713450573859,0.31591796875,5.0,False,-0.09289879400860115
prewhiten_fixed ar20 MMI xtx+yty ts_gsr global-bins,sensitivity,-0.0005425955970546801,-0.0003872385087029552,0.00021884161124623334,-0.00023061599552965837,0.0006180453025243433,0.3577880859375,1.7914267459852305e-05,-0.00030973755043111446,0.00031641260649587226,0.91455078125,0.0002009273437863811,-0.00023175276027859166,0.0006021620625222591,0.372802734375,5,-0.3703077298766445,0.2907092907092907,0.00018375110088582707,0.01739740427443608,-0.003754235040127675,0.039815998186086284,0.155029296875,0.0002486385804075707,-0.0001750613308508645,0.0006248692085757969,0.2584228515625,5.0,False,-0.08915793700482162
prewhiten_fixed ar20 MMI xtx+yty ts_gsr global-bins,early,-0.0005425955970546801,-0.0003872385087029552,0.00017466819680910127,-0.0003976348143818766,0.0006254438022745455,0.560546875,-8.220383271097542e-06,-0.00041404700180963053,0.00034302649986498975,0.9691162109375,0.00018288858008019875,-0.0003488099210135458,0.0006399852520761963,0.5081787109375,4,-0.33706241088751066,0.4195804195804196,0.00021749190090090192,0.036577911,0.01545065571294644,0.05875963294575889,0.01025390625,0.00020654430113087083,-0.000297175340951808,0.0006263982063891755,0.4371337890625,4.0,False,0.04494749353673591
prewhiten_fixed ar20 MMI xtx+yty ts_gsr global-bins,late,-0.0005425955970546801,-0.0003872385087029552,0.0002198630618463399,-0.00021854334816523706,0.0006211436299743531,0.359130859375,3.714289278558654e-05,-0.0002705796925999023,0.00033283964495784264,0.822021484375,0.0001827201690607534,-0.00023351800939111183,0.0005945815057658724,0.4107666015625,5,-0.3367520305225399,0.4005994005994006,0.00021037780687149817,-0.0034381975571428657,-0.03004902635511904,0.023824507565104142,0.806884765625,0.00024130351767134031,-0.0001859722617473219,0.000634972905438203,0.2796630859375,5.0,False,-0.20327746507960345
prewhiten_fixed ar20 MMI xtx+yty ts_gsr global-bins,trend_a_placebo_line,,,,,,,,,,,7.583487156711495e-05,-0.00038038013674946715,0.0005064214517012838,0.75390625,8,,,,,,,,,,,,,,
prewhiten_fixed ar20 MMI xtx+yty ts_gsr global-bins,trend_b_shared_slope,,,,,,,,,,,9.416772816535494e-05,-0.0004261164296160035,0.0005464593693508055,0.7291259765625,5,,,,,,,,,,,,,,
prewhiten_fixed ar20 CCS sts ts_gsr global-bins,primary,0.028270893888806912,0.026935995765038967,0.002666886346113668,-0.0006361312488560829,0.005941614855996703,0.14794921875,0.011479897044851797,0.008647137687156862,0.014508432422440364,0.0001220703125,-0.008813010698738131,-0.013037270871865533,-0.005211775288367938,0.0001220703125,14,-0.3117344196260947,0.000999000999000999,0.002087831634018474,0.014346739579365081,-0.0066176991224702305,0.037531023391542656,0.2452392578125,-0.0075999155472787445,-0.011637557759651642,-0.004103909717780681,0.00048828125,12.0,True,1.3026078643584895
prewhiten_fixed ar20 CCS sts ts_gsr global-bins,sensitivity,0.028270893888806912,0.026935995765038967,0.0024122889813208265,-0.0007309864509162544,0.0056507403073053995,0.1807861328125,0.01101212348667772,0.008427637465937677,0.0138514050012204,0.0001220703125,-0.008599834505356892,-0.0125116475820799,-0.005166281657350028,0.0001220703125,14,-0.30419393667498296,0.000999000999000999,0.002069814496156126,0.01739740427443608,-0.003754235040127675,0.039815998186086284,0.155029296875,-0.007322814316548702,-0.011130965352932683,-0.004064317571600351,0.00048828125,12.0,True,1.280504116656919
prewhiten_fixed ar20 CCS sts ts_gsr global-bins,early,0.028270893888806912,0.026935995765038967,0.004002420405012804,0.0006798517013366478,0.007125898756745794,0.0379638671875,0.01401235533697091,0.01063291838200844,0.017462797742398718,0.0001220703125,-0.010009934931958106,-0.014841746004707213,-0.005639964694194658,0.0001220703125,14,-0.354072105796459,0.000999000999000999,0.002470390172098844,0.036577911,0.01545065571294644,0.05875963294575889,0.01025390625,-0.009788566764305211,-0.014822610231819027,-0.0051978111217782725,0.0008544921875,13.0,True,1.3998447974156676
prewhiten_fixed ar20 CCS sts ts_gsr global-bins,late,0.028270893888806912,0.026935995765038967,0.0015984590989943578,-0.0018095688691878644,0.005094152275599635,0.3929443359375,0.009453930411156506,0.006827790526683905,0.012362890124653412,0.0001220703125,-0.00785547131216215,-0.011970369804976715,-0.004013437629178823,0.0008544921875,13,-0.2778642706898033,0.000999000999000999,0.002304995319896836,-0.0034381975571428657,-0.03004902635511904,0.023824507565104142,0.806884765625,-0.005848994573657569,-0.009516883972067666,-0.0028843674890505224,0.0006103515625,13.0,True,1.2034835384758593
prewhiten_fixed ar20 CCS sts ts_gsr global-bins,trend_a_placebo_line,,,,,,,,,,,-0.006779901591823891,-0.010642333198589449,-0.003384088999954707,0.0008544921875,12,,,,,,,,,,,,,,
prewhiten_fixed ar20 CCS sts ts_gsr global-bins,trend_b_shared_slope,,,,,,,,,,,-0.005970557865152117,-0.009872290651101234,-0.0026393255765996917,0.0013427734375,13,,,,,,,,,,,,,,
prewhiten_fixed ar20 autocorr ts_gsr global-bins,primary,0.07494482781114702,0.007440681782757584,-0.10359009178433753,-0.14097356825551763,-0.06495523213462542,0.00048828125,-0.007261191232101408,-0.031381102029086394,0.020604513302803745,0.5994873046875,-0.09632890055223613,-0.15412349869761535,-0.04154061755425461,0.006591796875,11,-1.2853308675946884,0.000999000999000999,0.02667281819449745,0.014346739579365081,-0.0066176991224702305,0.037531023391542656,0.2452392578125,-0.0981276805426375,-0.15030498919293758,-0.0494114638314636,0.0025634765625,12.0,True,-0.07537915610449528
prewhiten_fixed ar20 autocorr ts_gsr global-bins,sensitivity,0.07494482781114702,0.007440681782757584,-0.10578456151695483,-0.14230666257673458,-0.06759085343872878,0.0003662109375,-0.007695298517849378,-0.03051372244748732,0.018802850433914633,0.5723876953125,-0.09808926299910546,-0.1535580719891438,-0.04268616002594082,0.005615234375,11,-1.3088196459171266,0.000999000999000999,0.026292601109371067,0.01739740427443608,-0.003754235040127675,0.039815998186086284,0.155029296875,-0.09939872901196338,-0.1494600533310642,-0.04902796339716436,0.00244140625,12.0,True,-0.0784519965036291
prewhiten_fixed ar20 autocorr ts_gsr global-bins,early,0.07494482781114702,0.007440681782757584,-0.11939756896239855,-0.15895887721702706,-0.07899476059857341,0.0003662109375,-0.021243637369993854,-0.04494127341914938,0.004846020094585043,0.133056640625,-0.0981539315924047,-0.15115702152022062,-0.04390140116748032,0.0048828125,12,-1.3096825285894598,0.001998001998001998,0.03159061213967677,0.036577911,0.01545065571294644,0.05875963294575889,0.01025390625,-0.0977064587978631,-0.15093587892652274,-0.044417711667859995,0.0035400390625,13.0,True,-0.216431853776479
prewhiten_fixed ar20 autocorr ts_gsr global-bins,late,0.07494482781114702,0.007440681782757584,-0.09094411004188876,-0.13354793826584443,-0.047853121981000356,0.00341796875,0.0039247656782125506,-0.028795743523403028,0.03717119721110641,0.8250732421875,-0.09486887572010129,-0.16174270878971667,-0.031052367620300208,0.0179443359375,10,-1.2658495387988715,0.001998001998001998,0.029901602158871072,-0.0034381975571428657,-0.03004902635511904,0.023824507565104142,0.806884765625,-0.09846465793845696,-0.15343873891411808,-0.04157514025209657,0.0064697265625,11.0,True,0.04137042468798807
prewhiten_fixed ar20 autocorr ts_gsr global-bins,trend_a_placebo_line,,,,,,,,,,,-0.11509739814332141,-0.1744073420593342,-0.056963755568334745,0.002685546875,10,,,,,,,,,,,,,,
prewhiten_fixed ar20 autocorr ts_gsr global-bins,trend_b_shared_slope,,,,,,,,,,,-0.12685303572035836,-0.1847031719923258,-0.07087988356630909,0.0010986328125,12,,,,,,,,,,,,,,
prewhiten_fixed ar20 MMI sts ts_demean W60,primary,0.09779267097439974,0.11041698230734102,-0.003547262841627408,-0.009582020864164589,0.0037359152198894454,0.340576171875,0.016467596932328476,0.010673100993981057,0.022318209753936336,0.000244140625,-0.020014859773955885,-0.029326388458699264,-0.011446534724512767,0.0006103515625,13,-0.20466625540062602,0.000999000999000999,0.005580791422471439,0.014346739579365077,-0.00721980005586145,0.0370954072897652,0.2452392578125,-0.01807001338164068,-0.026966349224162817,-0.009551735734295299,0.0013427734375,12.0,True,0.822768538891127
prewhiten_fixed ar20 MMI sts ts_demean W60,sensitivity,0.09779267097439974,0.11041698230734102,-0.004521452931366949,-0.010027636048646812,0.0023441702221807122,0.201904296875,0.013623963663101816,0.007984982782926989,0.019111787312300503,0.0008544921875,-0.01814541659446876,-0.026856167483384638,-0.009600394142080745,0.0010986328125,12,-0.1855498619034435,0.000999000999000999,0.005502588864258922,0.019114751916666665,-0.0008357510407440529,0.04089488806129463,0.1082763671875,-0.01573211277412777,-0.024505993966564228,-0.007265878762202661,0.0040283203125,12.0,True,0.750821211085051
prewhiten_fixed ar20 MMI sts ts_demean W60,early,0.09779267097439974,0.11041698230734102,-0.0033216795905692794,-0.01027327435212971,0.00387836119573032,0.38134765625,0.02296220162371931,0.0156480659319812,0.03160424572751276,0.0001220703125,-0.026283881214288592,-0.03802924456387175,-0.015407774878250749,0.0003662109375,13,-0.26877148310193116,0.000999000999000999,0.006624807998869234,0.036577911,0.015515750761160711,0.058437470682812485,0.01025390625,-0.025293878921497693,-0.03672816576863681,-0.015042862340788318,0.000244140625,13.0,True,0.8736229416238751
prewhiten_fixed ar20 MMI sts ts_demean W60,late,0.09779267097439974,0.11041698230734102,-0.003727729442473901,-0.009839201543795438,0.0043686843890310125,0.36376953125,0.011271913179215807,0.004741430466537406,0.018055478309818268,0.0067138671875,-0.01499964262168971,-0.02426185183229179,-0.005993981769856921,0.0081787109375,12,-0.15338207323958183,0.012987012987012988,0.006080106063446587,-0.0034381975571428575,-0.029128747276249995,0.02332848032098213,0.806884765625,-0.012290920949755072,-0.02057095258544394,-0.004201715861364016,0.013916015625,11.0,True,0.7514787827622272
prewhiten_fixed ar20 MMI sts ts_demean W60,trend_a_placebo_line,,,,,,,,,,,-0.015359875964902108,-0.02445119063677714,-0.006664431533646008,0.0042724609375,11,,,,,,,,,,,,,,
prewhiten_fixed ar20 MMI sts ts_demean W60,trend_b_shared_slope,,,,,,,,,,,-0.013306590854016798,-0.02282274587847153,-0.004396948800723665,0.0164794921875,10,,,,,,,,,,,,,,
prewhiten_fixed ar20 MMI xtx+yty ts_demean W60,primary,0.003220603985219467,-0.0014074467813580804,-0.004860709796960664,-0.007713506835603591,-0.00233815376853432,0.0029296875,-0.0011058084312511008,-0.002614485450781926,0.00044051825621498156,0.2015380859375,-0.0037549013657095626,-0.006787878391926723,-0.0007671981063137197,0.037353515625,10,-1.1658997451851212,0.027972027972027972,0.0016927152053456131,0.014346739579365077,-0.00721980005586145,0.0370954072897652,0.2452392578125,-0.004162980545860761,-0.006953114552521717,-0.0014995440113123387,0.0155029296875,11.0,True,-0.29449733123472777
prewhiten_fixed ar20 MMI xtx+yty ts_demean W60,sensitivity,0.003220603985219467,-0.0014074467813580804,-0.004650647108974589,-0.007644189792664282,-0.0019635095690251577,0.007080078125,-0.0012006241623957108,-0.002650006695039215,0.00031897860887220985,0.1556396484375,-0.0034500229465788787,-0.0065209465848198485,-0.0004616160294286557,0.0537109375,10,-1.0712347629240662,0.04095904095904096,0.0016485297191922753,0.019114751916666665,-0.0008357510407440529,0.04089488806129463,0.1082763671875,-0.003735193798220204,-0.006298257932982953,-0.0013113947497661314,0.0150146484375,11.0,True,-0.34800468895033787
prewhiten_fixed ar20 MMI xtx+yty ts_demean W60,early,0.003220603985219467,-0.0014074467813580804,-0.006253002172308723,-0.009077537382613104,-0.0033125878453762175,0.00244140625,-0.0016631946483196588,-0.0032123093413731862,-0.00011992596164796104,0.068359375,-0.0045898075239890635,-0.0077924612528981144,-0.0011677349007009638,0.026123046875,10,-1.4251387457301095,0.016983016983016984,0.0019231359228487229,0.036577911,0.015515750761160711,0.058437470682812485,0.01025390625,-0.004824725667987006,-0.007440151000953822,-0.0020461696167785423,0.0072021484375,11.0,True,-0.36236697064676776
prewhiten_fixed ar20 MMI xtx+yty ts_demean W60,late,0.003220603985219467,-0.0014074467813580804,-0.003746875896682216,-0.006887245307568201,-0.0009110490987956588,0.0325927734375,-0.0006598994575962549,-0.002297531634928463,0.0010674704749666156,0.4766845703125,-0.003086976439085961,-0.006454954379928833,0.00026461960057667954,0.11083984375,9,-0.9585085447491304,0.0999000999000999,0.0019136091333474274,-0.0034381975571428575,-0.029128747276249995,0.02332848032098213,0.806884765625,-0.0036335844481597663,-0.007180857376740324,-0.0002898142941517902,0.0640869140625,9.0,True,-0.21376886756921537
prewhiten_fixed ar20 MMI xtx+yty ts_demean W60,trend_a_placebo_line,,,,,,,,,,,-0.004759976840485195,-0.007836461591133716,-0.0018152550798518946,0.0089111328125,10,,,,,,,,,,,,,,
prewhiten_fixed ar20 MMI xtx+yty ts_demean W60,trend_b_shared_slope,,,,,,,,,,,-0.005539421175099894,-0.008624081729686118,-0.0025281963910205167,0.005126953125,11,,,,,,,,,,,,,,
prewhiten_fixed ar20 CCS sts ts_demean W60,primary,0.05118381603317257,0.06351491829903425,-0.006529279346933265,-0.009479222656726075,-0.0031149043320335117,0.0040283203125,0.006829942249495301,0.00045717238348441777,0.0125480364764887,0.0576171875,-0.013359221596428564,-0.02078100512436108,-0.005700288373833633,0.007568359375,11,-0.2610047986217042,0.002997002997002997,0.0043871080113017285,0.014346739579365077,-0.00721980005586145,0.0370954072897652,0.2452392578125,-0.013035834509280858,-0.018677393621205393,-0.007342825728785735,0.0013427734375,12.0,True,0.5112530097802411
prewhiten_fixed ar20 CCS sts ts_demean W60,sensitivity,0.05118381603317257,0.06351491829903425,-0.006593578006636557,-0.009815137986228847,-0.0024190866377679044,0.0076904296875,0.005429254500095569,-0.0007097521344273294,0.01114084656067421,0.108154296875,-0.012022832506732126,-0.019602260148801745,-0.004207219194068067,0.0137939453125,11,-0.23489519614833035,0.004995004995004995,0.004306998848681792,0.019114751916666665,-0.0008357510407440529,0.04089488806129463,0.1082763671875,-0.011316797452860296,-0.017018306878785153,-0.005379610101407309,0.00390625,11.0,True,0.4515786522897566
prewhiten_fixed ar20 CCS sts ts_demean W60,early,0.05118381603317257,0.06351491829903425,-0.007434295167671748,-0.011901748846937224,-0.0033552617403991365,0.00341796875,0.010630284299567918,0.003578063890134585,0.017155035549266062,0.0135498046875,-0.018064579467239664,-0.02759819257436873,-0.008078972044399085,0.0054931640625,11,-0.3529353781580469,0.000999000999000999,0.00513316528386347,0.036577911,0.015515750761160711,0.058437470682812485,0.01025390625,-0.018171230423968492,-0.026738492148039215,-0.009922765224314144,0.0013427734375,12.0,True,0.5884601033113485
prewhiten_fixed ar20 CCS sts ts_demean W60,late,0.05118381603317257,0.06351491829903425,-0.005805266690342482,-0.009838192927576667,-0.0010565927004905417,0.030517578125,0.0037896686094372085,-0.0034069781667253837,0.010669873863266628,0.3299560546875,-0.009594935299779691,-0.01795017944840786,-0.0014688278974938267,0.046630859375,11,-0.1874603349926303,0.04595404595404595,0.004800540173296879,-0.0034381975571428575,-0.029128747276249995,0.02332848032098213,0.806884765625,-0.008927517777530756,-0.014911405337864739,-0.003311444751888141,0.01220703125,9.0,True,0.3949655199367757
prewhiten_fixed ar20 CCS sts ts_demean W60,trend_a_placebo_line,,,,,,,,,,,-0.012353026197849152,-0.01962259764575916,-0.005268483718838329,0.0072021484375,11,,,,,,,,,,,,,,
prewhiten_fixed ar20 CCS sts ts_demean W60,trend_b_shared_slope,,,,,,,,,,,-0.012360281352959886,-0.01943178345614761,-0.005615892089880142,0.0045166015625,11,,,,,,,,,,,,,,
prewhiten_fixed ar20 autocorr ts_demean W60,primary,0.03229635017985556,-0.007714021721124065,-0.07611996720518664,-0.10771854214184802,-0.043549408568830904,0.0010986328125,-0.007032897332565006,-0.03684725882890824,0.02355864991273063,0.6680908203125,-0.06908706987262163,-0.12379315851631321,-0.017255015970041067,0.0245361328125,10,-2.139160291732092,0.014985014985014986,0.02611639926011055,0.014346739579365077,-0.00721980005586145,0.0370954072897652,0.2452392578125,-0.0758353562850982,-0.1261506239026143,-0.028211357821897702,0.0128173828125,10.0,True,-0.10179759172782718
prewhiten_fixed ar20 autocorr ts_demean W60,sensitivity,0.03229635017985556,-0.007714021721124065,-0.07306494759579615,-0.10496632415906806,-0.040907636723123156,0.001708984375,-0.011595455987449205,-0.03977280439968891,0.018166248537670068,0.4649658203125,-0.06146949160834695,-0.11360274337029592,-0.011769870308135316,0.037841796875,10,-1.9032953032162676,0.01998001998001998,0.02523799910242722,0.019114751916666665,-0.0008357510407440529,0.04089488806129463,0.1082763671875,-0.06742196210339839,-0.11353021610395458,-0.0217996863260085,0.017578125,10.0,True,-0.1886375775047838
prewhiten_fixed ar20 autocorr ts_demean W60,early,0.03229635017985556,-0.007714021721124065,-0.09307263628611338,-0.12775134895408707,-0.05759067783113316,0.0003662109375,-0.011103221488372478,-0.04208028559637269,0.018986753629730218,0.5050048828125,-0.08196941479774089,-0.13025013347072242,-0.033801976406128975,0.0074462890625,12,-2.538039572312672,0.002997002997002997,0.03019362157082109,0.036577911,0.015515750761160711,0.058437470682812485,0.01025390625,-0.09004891150653793,-0.13594582855075543,-0.04422689268857863,0.0028076171875,12.0,True,-0.13545566374689413
prewhiten_fixed ar20 autocorr ts_demean W60,late,0.03229635017985556,-0.007714021721124065,-0.06255783194044524,-0.10431656095887185,-0.022382872158189262,0.0152587890625,-0.0037766380079190284,-0.0366198421682359,0.03060333876928225,0.835205078125,-0.05878119393252623,-0.12571224425081093,0.004415981448645145,0.1143798828125,10,-1.8200568672676287,0.04995004995004995,0.0293309826980963,-0.0034381975571428575,-0.029128747276249995,0.02332848032098213,0.806884765625,-0.06446451210794639,-0.12297760457227215,-0.005174378562802624,0.0621337890625,10.0,True,-0.064249086404304
prewhiten_fixed ar20 autocorr ts_demean W60,trend_a_placebo_line,,,,,,,,,,,-0.08322616617282767,-0.13591423618514406,-0.03449976559371091,0.007080078125,10,,,,,,,,,,,,,,
prewhiten_fixed ar20 autocorr ts_demean W60,trend_b_shared_slope,,,,,,,,,,,-0.09284871618837214,-0.138606345211441,-0.04759926488262119,0.0029296875,11,,,,,,,,,,,,,,
prewhiten_fixed ar20 diag observed sts ts_demean W60,primary,0.09779267097439974,0.110416982307341,-0.0035472628416273965,-0.009582020864164577,0.003735915219889448,0.340576171875,0.01646759693232849,0.010673100993981003,0.022318209753936443,0.000244140625,-0.020014859773955885,-0.029326388458699292,-0.011446534724512764,0.0006103515625,13,-0.20466625540062602,0.000999000999000999,0.005580791422471439,0.014346739579365077,-0.00721980005586145,0.0370954072897652,0.2452392578125,-0.01807001338164068,-0.026966349224162762,-0.009551735734295373,0.0013427734375,12.0,True,0.8227685388911277
prewhiten_fixed ar20 diag observed sts ts_demean W60,sensitivity,0.09779267097439974,0.110416982307341,-0.004521452931366944,-0.010027636048646775,0.002344170222180692,0.201904296875,0.013623963663101828,0.007984982782926971,0.019111787312300565,0.0008544921875,-0.01814541659446877,-0.026856167483384673,-0.009600394142080724,0.0010986328125,12,-0.1855498619034436,0.000999000999000999,0.005502588864258922,0.019114751916666665,-0.0008357510407440529,0.04089488806129463,0.1082763671875,-0.015732112774127775,-0.024505993966564176,-0.0072658787622026585,0.0040283203125,12.0,True,0.7508212110850512
prewhiten_fixed ar20 diag observed sts ts_demean W60,early,0.09779267097439974,0.110416982307341,-0.0033216795905692425,-0.010273274352129658,0.0038783611957303745,0.38134765625,0.02296220162371933,0.01564806593198122,0.03160424572751281,0.0001220703125,-0.02628388121428858,-0.038029244563871696,-0.015407774878250761,0.0003662109375,13,-0.268771483101931,0.000999000999000999,0.006624807998869234,0.036577911,0.015515750761160711,0.058437470682812485,0.01025390625,-0.0252938789214977,-0.03672816576863682,-0.015042862340788348,0.000244140625,13.0,True,0.8736229416238763
prewhiten_fixed ar20 diag observed sts ts_demean W60,late,0.09779267097439974,0.110416982307341,-0.0037277294424739164,-0.00983920154379556,0.004368684389031085,0.36376953125,0.0112719131792158,0.004741430466537353,0.01805547830981825,0.0067138671875,-0.014999642621689712,-0.024261851832291726,-0.005993981769856992,0.0081787109375,12,-0.15338207323958186,0.012987012987012988,0.006080106063446587,-0.0034381975571428575,-0.029128747276249995,0.02332848032098213,0.806884765625,-0.012290920949755065,-0.020570952585443905,-0.004201715861364047,0.013916015625,11.0,True,0.7514787827622267
prewhiten_fixed ar20 diag observed sts ts_demean W60,trend_a_placebo_line,,,,,,,,,,,-0.0153598759649021,-0.024451190636777066,-0.006664431533645931,0.0042724609375,11,,,,,,,,,,,,,,
prewhiten_fixed ar20 diag observed sts ts_demean W60,trend_b_shared_slope,,,,,,,,,,,-0.0133065908540168,-0.022822745878471513,-0.004396948800723705,0.0164794921875,10,,,,,,,,,,,,,,
prewhiten_fixed ar20 diag predicted sts ts_demean W60,primary,0.009325999675586283,0.006572889822286326,-0.0013477106971500788,-0.003859745469910661,0.0008876063332568169,0.341064453125,-0.00031869281908066693,-0.001654406907099071,0.0009323144820381924,0.6534423828125,-0.0010290178780694118,-0.0027890184305685516,0.0008165577265731763,0.30859375,9,-0.11033861396791461,,,0.014346739579365077,-0.007713893602389222,0.03710264727392524,0.2452392578125,-0.001426631456361972,-0.003736734261762294,0.0007900259992501775,0.2615966796875,10.0,False,-0.30970581354580673
prewhiten_fixed ar20 diag predicted sts ts_demean W60,sensitivity,0.009325999675586283,0.006572889822286326,-0.001343391558290875,-0.003927483696557869,0.0010040840278071872,0.355712890625,-0.0002910862064912834,-0.0016451194806794429,0.0009799927053436503,0.6839599609375,-0.0010523053517995918,-0.0028431371837850565,0.0007584108961968089,0.2950439453125,8,-0.11283566249249716,,,0.019114751916666665,-0.0009766646802529773,0.040794809271116075,0.1082763671875,-0.001403497216198844,-0.0035277390578743154,0.0006365679051981661,0.233154296875,10.0,False,-0.27661762433640064
prewhiten_fixed ar20 diag predicted sts ts_demean W60,early,0.009325999675586283,0.006572889822286326,-0.000963215076137787,-0.0038035220308653334,0.0015251226785842756,0.5390625,-0.0006242340788579935,-0.002207332480993543,0.0009195542215543153,0.4664306640625,-0.00033898099727979386,-0.0023692471874076746,0.0015538763893137466,0.7503662109375,7,-0.036347952934974094,,,0.036577911,0.015788057909226178,0.058192378460267834,0.01025390625,-0.0005447199611624808,-0.0027683140964763634,0.0014784211960077616,0.6416015625,6.0,False,-1.8415016884936255
prewhiten_fixed ar20 diag predicted sts ts_demean W60,late,0.009325999675586283,0.006572889822286326,-0.001655307193959912,-0.004193352101434275,0.0005331530537166413,0.2236328125,-7.42598112588058e-05,-0.0015498582696123113,0.001446033064547183,0.9278564453125,-0.0015810473827011055,-0.0034801584836489275,0.0004836255308444713,0.15380859375,9,-0.16953114279426698,,,-0.0034381975571428575,-0.029435461325327393,0.023688178669092255,0.806884765625,-0.002132160652521565,-0.004667454878846585,0.0003877386327508647,0.1285400390625,10.0,False,-0.04696874494168433
prewhiten_fixed ar20 diag predicted sts ts_demean W60,trend_a_placebo_line,,,,,,,,,,,-0.0010706642883366786,-0.003066513010002346,0.0009267240722073906,0.3370361328125,8,,,,,,,,,,,,,,
prewhiten_fixed ar20 diag predicted sts ts_demean W60,trend_b_shared_slope,,,,,,,,,,,-0.0008584313655592058,-0.003133884727286272,0.0012261708101019863,0.477294921875,6,,,,,,,,,,,,,,
prewhiten_fixed ar20 diag residual sts ts_demean W60,primary,0.08846667129881346,0.10384409248505468,-0.0021995521444773147,-0.006989181471296812,0.00406917230708715,0.52587890625,0.016786289751409146,0.0106970972441174,0.022869654422222864,0.0001220703125,-0.018985841895886455,-0.02740962053956087,-0.010773948966459663,0.0008544921875,13,-0.21461010815878973,0.000999000999000999,0.005661042063548327,0.014346739579365077,-0.00721980005586145,0.0370954072897652,0.2452392578125,-0.016643381925278707,-0.025650748325974502,-0.007948767984136006,0.0028076171875,12.0,True,0.8841477688195711
prewhiten_fixed ar20 diag residual sts ts_demean W60,sensitivity,0.08846667129881346,0.10384409248505468,-0.003178061373076067,-0.007730088877194528,0.0030507023294430854,0.323974609375,0.013915049869593113,0.007916248415175483,0.019769472128438995,0.0010986328125,-0.017093111242669178,-0.025016712234842343,-0.009230704962040892,0.001220703125,13,-0.19321526391485735,0.001998001998001998,0.005598415860394779,0.019114751916666665,-0.0008357510407440529,0.04089488806129463,0.1082763671875,-0.014328615557928928,-0.022992388457881166,-0.005937688094651357,0.0072021484375,12.0,True,0.8140735570044887
prewhiten_fixed ar20 diag residual sts ts_demean W60,early,0.08846667129881346,0.10384409248505468,-0.002358464514431454,-0.008718667395967227,0.0038032636235286283,0.490234375,0.023586435702577322,0.016314655453526505,0.03203514226849494,0.0001220703125,-0.025944900217008782,-0.03761607236930757,-0.015440694308501344,0.0003662109375,13,-0.29327315966681755,0.000999000999000999,0.006643278741692593,0.036577911,0.015515750761160711,0.058437470682812485,0.01025390625,-0.02474915896033522,-0.03664807969601662,-0.0143458095054558,0.000244140625,13.0,True,0.909097183080114
prewhiten_fixed ar20 diag residual sts ts_demean W60,late,0.08846667129881346,0.10384409248505468,-0.0020724222485140084,-0.007120613773496523,0.0054948472145497996,0.6719970703125,0.011346172990474612,0.004102388173829191,0.018767755315411208,0.0135498046875,-0.01341859523898862,-0.021739365351460482,-0.005235442394834645,0.01025390625,11,-0.15167966695236781,0.03396603396603397,0.006203764786359394,-0.0034381975571428575,-0.029128747276249995,0.02332848032098213,0.806884765625,-0.010158760297233492,-0.018363090429120352,-0.0018765116826514575,0.04150390625,11.0,True,0.8455559459389275
prewhiten_fixed ar20 diag residual sts ts_demean W60,trend_a_placebo_line,,,,,,,,,,,-0.014289211676565423,-0.02241164623250765,-0.006588988077852444,0.003173828125,12,,,,,,,,,,,,,,
prewhiten_fixed ar20 diag residual sts ts_demean W60,trend_b_shared_slope,,,,,,,,,,,-0.012448159488457585,-0.021145558409113103,-0.004591021584798003,0.010986328125,11,,,,,,,,,,,,,,
prewhiten_fixed ar20 MMI sts ts_demean global-bins,primary,0.09234478353170165,0.10361210143273182,0.008466518264895995,-0.0038310127540061335,0.02697629745830546,0.4296875,0.03038458232054475,0.02198786383863936,0.039196492210203396,0.0001220703125,-0.021918064055648754,-0.03737170849416382,-0.0049381010056828555,0.0247802734375,13,-0.23735032145182686,0.000999000999000999,0.006391699855458493,0.014346739579365081,-0.0066176991224702305,0.037531023391542656,0.2452392578125,-0.017657539121105913,-0.033718538582905466,-0.0005690260741667838,0.0650634765625,12.0,True,1.386280386963008
prewhiten_fixed ar20 MMI sts ts_demean global-bins,sensitivity,0.09234478353170165,0.10361210143273182,0.007533379307086309,-0.004561327559074997,0.02634541378812109,0.544189453125,0.028804186392934205,0.020760441394922478,0.03731299437516129,0.0001220703125,-0.021270807085847897,-0.036315706135137835,-0.004740760666350076,0.0272216796875,13,-0.23034118736707743,0.000999000999000999,0.006328211884763777,0.01739740427443608,-0.003754235040127675,0.039815998186086284,0.155029296875,-0.01685852665636073,-0.03253508282404211,-0.00033547260185155174,0.0732421875,11.0,True,1.3541651840798505
prewhiten_fixed ar20 MMI sts ts_demean global-bins,early,0.09234478353170165,0.10361210143273182,0.00908655592518487,-0.003775137297539068,0.0268610507422055,0.3426513671875,0.03648954821528085,0.02615356980408678,0.04696105537659025,0.0001220703125,-0.027402992290095973,-0.044910345838468035,-0.009209494837215802,0.0120849609375,13,-0.29674651065361607,0.000999000999000999,0.007749874157510811,0.036577911,0.01545065571294644,0.05875963294575889,0.01025390625,-0.025651621975901606,-0.04330508997087872,-0.008103216223811703,0.015380859375,12.0,True,1.3315899164949572
prewhiten_fixed ar20 MMI sts ts_demean global-bins,late,0.09234478353170165,0.10361210143273182,0.007970488136664903,-0.004375827499977266,0.026638658796099283,0.53271484375,0.02550060960475588,0.016878438627646587,0.03532733080020595,0.0001220703125,-0.017530121468090975,-0.03226396424707444,-0.001037681027253575,0.0582275390625,12,-0.18983337009039544,0.012987012987012988,0.006959761660057444,-0.0034381975571428657,-0.03004902635511904,0.023824507565104142,0.806884765625,-0.011262272837269355,-0.026481126655005467,0.005149098661789543,0.20849609375,10.0,False,1.4546738681288152
prewhiten_fixed ar20 MMI sts ts_demean global-bins,trend_a_placebo_line,,,,,,,,,,,-0.015197152349402363,-0.02947362352035517,0.0014861550016367611,0.09228515625,11,,,,,,,,,,,,,,
prewhiten_fixed ar20 MMI sts ts_demean global-bins,trend_b_shared_slope,,,,,,,,,,,-0.013428150329519368,-0.02772579363086694,0.001797328421381635,0.11181640625,11,,,,,,,,,,,,,,
prewhiten_fixed ar20 MMI xtx+yty ts_demean global-bins,primary,-0.0002762585995699089,-0.0002196605775959815,1.023420171984364e-05,-0.00029920704570228024,0.0003200613929751088,0.9520263671875,-0.00010459330760423231,-0.00036514154154781124,0.00015685892180965905,0.459716796875,0.00011482750932407601,-0.00024318385988354233,0.00045806615842487546,0.536376953125,5,-0.4156522530080307,0.6263736263736264,0.00022469805815023355,0.014346739579365081,-0.0066176991224702305,0.037531023391542656,0.2452392578125,0.0001229996977398813,-0.00020707015811262288,0.00043429150221122097,0.473388671875,6.0,False,0.9108732586808979
prewhiten_fixed ar20 MMI xtx+yty ts_demean global-bins,sensitivity,-0.0002762585995699089,-0.0002196605775959815,1.8898651662036688e-06,-0.0003013255270228242,0.000312980958988008,0.989990234375,-9.646725953775104e-05,-0.0003427152918913647,0.00015312677808512051,0.4766845703125,9.835712470395473e-05,-0.00025944572152565023,0.00042430717496663565,0.5826416015625,6,-0.3560328071491033,0.6713286713286714,0.00022155649234989483,0.01739740427443608,-0.003754235040127675,0.039815998186086284,0.155029296875,0.00011752914741092295,-0.00019112654747116618,0.0004157025673622013,0.4644775390625,6.0,False,0.9807856810384403
prewhiten_fixed ar20 MMI xtx+yty ts_demean global-bins,early,-0.0002762585995699089,-0.0002196605775959815,-0.00023038775979642028,-0.0005793545727711489,0.00011809943634606178,0.23681640625,-0.00020980064344718342,-0.0005662535005755962,0.00012732730889418025,0.275146484375,-2.0587116349236856e-05,-0.00043338453653715063,0.0003949679290923986,0.92626953125,6,0.07452117827748259,0.9460539460539461,0.00026751954373992437,0.036577911,0.01545065571294644,0.05875963294575889,0.01025390625,2.0022457242375523e-05,-0.0003923183609190734,0.00041359418022906766,0.9261474609375,7.0,False,-10.190870828539351
prewhiten_fixed ar20 MMI xtx+yty ts_demean global-bins,late,-0.0002762585995699089,-0.0002196605775959815,0.00020273177093285474,-0.00019337286900933103,0.0006598596602300551,0.39892578125,-2.0427438929871378e-05,-0.00023542708207409196,0.00020636775783180994,0.85986328125,0.00022315920986272614,-0.0001987607708904361,0.00072697348722351,0.4149169921875,6,-0.8077909980364407,0.36363636363636365,0.00024989826055834007,-0.0034381975571428657,-0.03004902635511904,0.023824507565104142,0.806884765625,0.00020538149013788596,-0.00020253813487122881,0.0006339241149722279,0.377685546875,6.0,False,0.09153751235468653
prewhiten_fixed ar20 MMI xtx+yty ts_demean global-bins,trend_a_placebo_line,,,,,,,,,,,-3.299150246677132e-05,-0.00035002028150670617,0.0002962457623869881,0.8524169921875,8,,,,,,,,,,,,,,
prewhiten_fixed ar20 MMI xtx+yty ts_demean global-bins,trend_b_shared_slope,,,,,,,,,,,-0.00017299643609225372,-0.0005311217881370267,0.000172494277674133,0.3668212890625,8,,,,,,,,,,,,,,
prewhiten_fixed ar20 CCS sts ts_demean global-bins,primary,0.0476111832225802,0.06176311208447586,0.007454881073831123,-0.0009071874317340613,0.020531188091381117,0.2225341796875,0.020108462202676786,0.013991762309171653,0.026296901462100307,0.0001220703125,-0.012653581128845659,-0.023473905100311707,-0.0004818634222448013,0.058349609375,13,-0.26576909609010807,0.001998001998001998,0.0037732827005856296,0.014346739579365081,-0.0066176991224702305,0.037531023391542656,0.2452392578125,-0.010221195993236953,-0.021905502828189607,0.002511873726819783,0.1456298828125,12.0,False,1.5891518770790234
prewhiten_fixed ar20 CCS sts ts_demean global-bins,sensitivity,0.0476111832225802,0.06176311208447586,0.007030622136894892,-0.0011932114516288472,0.02005664408029623,0.2747802734375,0.01935977523890375,0.013485512401442558,0.02559078759015011,0.0001220703125,-0.012329153102008855,-0.023133773396967004,-0.0004796269604790864,0.0626220703125,13,-0.25895498215977125,0.001998001998001998,0.0037431883058893856,0.01739740427443608,-0.003754235040127675,0.039815998186086284,0.155029296875,-0.009790256553719746,-0.02122595569475637,0.0026632158940194535,0.151611328125,12.0,False,1.5702437206128423
prewhiten_fixed ar20 CCS sts ts_demean global-bins,early,0.0476111832225802,0.06176311208447586,0.008522574996647894,-0.0002497917447771056,0.02124792905242536,0.1259765625,0.023437460266235575,0.01665034962213197,0.03059883062802652,0.0001220703125,-0.01491488526958768,-0.02773207150138083,-0.0008280435865474946,0.0570068359375,12,-0.3132643269935394,0.000999000999000999,0.004515914048350813,0.036577911,0.01545065571294644,0.05875963294575889,0.01025390625,-0.014556634134152438,-0.027644110348840917,-0.0009255147019152178,0.06396484375,13.0,True,1.5714140499642946
prewhiten_fixed ar20 CCS sts ts_demean global-bins,late,0.0476111832225802,0.06176311208447586,0.0066007259355777064,-0.0016426698694630136,0.019491486159140398,0.35888671875,0.01744526375182976,0.01121811021925371,0.02451489871647103,0.0001220703125,-0.010844537816252055,-0.02056822764500306,-0.00016516083174286208,0.0692138671875,12,-0.22777291136736333,0.007992007992007992,0.004155687099796726,-0.0034381975571428657,-0.03004902635511904,0.023824507565104142,0.806884765625,-0.0067528454805045645,-0.01760131107508528,0.00486612744152369,0.2685546875,10.0,False,1.6086682574600455
prewhiten_fixed ar20 CCS sts ts_demean global-bins,trend_a_placebo_line,,,,,,,,,,,-0.009091211683460733,-0.019085155616626923,0.0025063990179703577,0.1356201171875,12,,,,,,,,,,,,,,
prewhiten_fixed ar20 CCS sts ts_demean global-bins,trend_b_shared_slope,,,,,,,,,,,-0.00847438334479819,-0.01846550295253415,0.0019268682358654762,0.14208984375,10,,,,,,,,,,,,,,
prewhiten_fixed ar20 autocorr ts_demean global-bins,primary,0.052071397458957266,0.012259742884471962,-0.08000638144766126,-0.11735204831554194,-0.042820715145681275,0.0018310546875,-0.014820762726839187,-0.04511569743600053,0.01744651964051794,0.38427734375,-0.06518561872082206,-0.12965974207735248,-0.00713675164488712,0.0673828125,10,-1.2518507645622807,0.02097902097902098,0.027387251561878434,0.014346739579365081,-0.0066176991224702305,0.037531023391542656,0.2452392578125,-0.07564834619252943,-0.13279999019087482,-0.020892593619277824,0.02392578125,10.0,True,-0.2273624615011138
prewhiten_fixed ar20 autocorr ts_demean global-bins,sensitivity,0.052071397458957266,0.012259742884471962,-0.08196377948407095,-0.120062993397336,-0.0443469559750839,0.00146484375,-0.015784051747037363,-0.0451392089132896,0.015423131872201512,0.34423828125,-0.06617972773703358,-0.12991843702805214,-0.004029742099876248,0.06298828125,10,-1.270942032796345,0.017982017982017984,0.027020074400167196,0.01739740427443608,-0.003754235040127675,0.039815998186086284,0.155029296875,-0.07706769345955695,-0.13343866723538347,-0.021277234998947857,0.0213623046875,10.0,True,-0.2385028208299012
prewhiten_fixed ar20 autocorr ts_demean global-bins,early,0.052071397458957266,0.012259742884471962,-0.09373482080318052,-0.13120280107478346,-0.05674525210850241,0.0008544921875,-0.021460632548292245,-0.05180019211540104,0.009277984550840924,0.20654296875,-0.07227418825488827,-0.12995625619114803,-0.017465924435738595,0.025634765625,11,-1.3879824967604308,0.01998001998001998,0.03200182052724544,0.036577911,0.01545065571294644,0.05875963294575889,0.01025390625,-0.085603001103818,-0.13860983588833792,-0.03599996889562989,0.006591796875,11.0,True,-0.29693356738379906
prewhiten_fixed ar20 autocorr ts_demean global-bins,late,0.052071397458957266,0.012259742884471962,-0.06902362996324585,-0.11803971644956894,-0.021137084108856858,0.0191650390625,-0.009508866869676747,-0.045058247092103584,0.026808479915589788,0.621337890625,-0.0595147630935691,-0.13639811453185957,0.013296985394539187,0.1640625,9,-1.142945378803761,0.04995004995004995,0.03066408975778044,-0.0034381975571428657,-0.03004902635511904,0.023824507565104142,0.806884765625,-0.06768462226349854,-0.13498015655656526,0.0008483580688423164,0.0810546875,10.0,False,-0.15977324575293878
prewhiten_fixed ar20 autocorr ts_demean global-bins,trend_a_placebo_line,,,,,,,,,,,-0.08486992371406707,-0.14736397586348485,-0.026124226007465966,0.017333984375,10,,,,,,,,,,,,,,
prewhiten_fixed ar20 autocorr ts_demean global-bins,trend_b_shared_slope,,,,,,,,,,,-0.09609486482609164,-0.1509084536314489,-0.04260763612923322,0.0045166015625,11,,,,,,,,,,,,,,
