# partB16_prewhiten.py; git=f1f5fcc
label,set,pre_dmt,pre_pcb,dmt_change,dmt_lo,dmt_hi,dmt_p,pcb_change,pcb_lo,pcb_hi,pcb_p,did,did_lo,did_hi,did_p,n_neg,share_of_pre,phase_p,phase_null_sd,fd_did,fd_lo,fd_hi,fd_p,resid_did,resid_lo,resid_hi,resid_p,resid_n_neg,survives,placebo_share
prewhiten arp MMI sts ts_gsr W60,primary,0.22017678792832424,0.2001793488784253,0.06355611885955816,0.04539675392715501,0.0814986212678332,0.0001220703125,0.08975121977323909,0.06792669319389363,0.11194203580679686,0.0001220703125,-0.02619510091368096,-0.05889677444444129,0.004873389770144763,0.140625,8,-0.11897303598691994,0.4175824175824176,0.03286650156759499,0.014346739579365077,-0.006645993415608477,0.037444893187293306,0.2452392578125,-0.006176678766685027,-0.04599695170217189,0.03301694691158719,0.7713623046875,9.0,False,3.4262597448656735
prewhiten arp MMI sts ts_gsr W60,sensitivity,0.22017678792832424,0.2001793488784253,0.08375773923039213,0.06555780563367565,0.10148764139010055,0.0001220703125,0.10232661990941248,0.07812240507306838,0.12686628545795214,0.0001220703125,-0.018568880679020332,-0.051018533312702265,0.014116004044800038,0.303466796875,7,-0.08433623205124237,0.5454545454545454,0.03175669570125867,0.019114751916666665,-0.0012632722332440425,0.04069218288193451,0.1082763671875,-0.003939711758394486,-0.04441226535730209,0.03729784459783684,0.8582763671875,7.0,False,5.5106509475837235
prewhiten arp MMI sts ts_gsr W60,early,0.22017678792832424,0.2001793488784253,0.05734749636717805,0.03448333648899176,0.08075806413434516,0.0003662109375,0.09527854218193973,0.06305154484732038,0.12785483434916026,0.0001220703125,-0.037931045814761685,-0.0834420589026411,0.0084174310383478,0.1419677734375,8,-0.17227540728366725,0.3356643356643357,0.03990174516800933,0.036577911,0.015564397224627978,0.058788689609002964,0.01025390625,-0.0342539918575202,-0.08570358358809949,0.01705584922163021,0.222900390625,9.0,False,2.5118880889084276
prewhiten arp MMI sts ts_gsr W60,late,0.22017678792832424,0.2001793488784253,0.06852301685346225,0.051015396825712454,0.08693696571821544,0.0001220703125,0.08532936184627861,0.0686380238121286,0.10237229128498306,0.0001220703125,-0.016806344992816375,-0.04392711401905539,0.008569374021609247,0.2518310546875,7,-0.07633113894952209,0.6473526473526473,0.03571355304486178,-0.0034381975571428575,-0.02945162454808035,0.024140657547038674,0.806884765625,0.016285171705983117,-0.024101057665541086,0.054761147185565545,0.44873046875,5.0,False,5.077211129650819
prewhiten arp MMI sts ts_gsr W60,trend_a_placebo_line,,,,,,,,,,,0.027316744110362206,0.006686450671668168,0.047501428372950745,0.029052734375,4,,,,,,,,,,,,,,
prewhiten arp MMI sts ts_gsr W60,trend_b_shared_slope,,,,,,,,,,,0.025952136097617737,0.0008877308442365032,0.05070922386521351,0.066650390625,4,,,,,,,,,,,,,,
prewhiten arp MMI xtx+yty ts_gsr W60,primary,0.20597501720261707,0.17676196238244543,0.08827642962625368,0.06243888836021381,0.1116913502288897,0.000244140625,0.1297092675862745,0.10284215337727587,0.1562252067136682,0.0001220703125,-0.04143283796002085,-0.07948639595110767,-0.005986301220193867,0.0528564453125,8,-0.20115467653663782,0.4515484515484515,0.05583915980851364,0.014346739579365077,-0.006645993415608477,0.037444893187293306,0.2452392578125,-0.026740636066064864,-0.07753625696744693,0.024965526741156735,0.347412109375,8.0,False,3.1305909508644536
prewhiten arp MMI xtx+yty ts_gsr W60,sensitivity,0.20597501720261707,0.17676196238244543,0.11096822596108609,0.08492045714706715,0.13457610229556002,0.000244140625,0.14351002281715258,0.11452145151874055,0.17065890645273676,0.0001220703125,-0.03254179685606654,-0.07043426186837956,0.003637177201843946,0.1240234375,8,-0.15798904788562423,0.5304695304695305,0.05311139040964294,0.019114751916666665,-0.0012632722332440425,0.04069218288193451,0.1082763671875,-0.02478198470461208,-0.07610039834720142,0.027798749186268647,0.3819580078125,8.0,False,4.410021470292566
prewhiten arp MMI xtx+yty ts_gsr W60,early,0.20597501720261707,0.17676196238244543,0.1218371719799382,0.08744736110161908,0.15172781360679993,0.000244140625,0.16477990667080059,0.1253143592881305,0.2034809491067587,0.0001220703125,-0.04294273469086233,-0.09234494795680925,0.005114836068203644,0.1241455078125,8,-0.2084851613272093,0.5264735264735265,0.06821362477116874,0.036577911,0.015564397224627978,0.058788689609002964,0.01025390625,-0.047998910093317707,-0.10834134897902549,0.014962005164244148,0.160888671875,9.0,False,3.8372010505857155
prewhiten arp MMI xtx+yty ts_gsr W60,late,0.20597501720261707,0.17676196238244543,0.061427835743306014,0.03754948974643937,0.08609427525305832,0.0006103515625,0.10165275631865367,0.08173214323410366,0.12263902831140762,0.0001220703125,-0.04022492057534766,-0.07574051873071282,-0.009932054959401982,0.0284423828125,9,-0.19529028870418064,0.5164835164835165,0.060693420270975094,-0.0034381975571428575,-0.02945162454808035,0.024140657547038674,0.806884765625,-0.009734016844262573,-0.06571977784557084,0.04317550160697781,0.746337890625,8.0,False,2.5271089380584835
prewhiten arp MMI xtx+yty ts_gsr W60,trend_a_placebo_line,,,,,,,,,,,0.049730454615920495,0.020517915369309015,0.07743969970836663,0.0074462890625,2,,,,,,,,,,,,,,
prewhiten arp MMI xtx+yty ts_gsr W60,trend_b_shared_slope,,,,,,,,,,,0.07245866640417861,0.037567678833806774,0.10302617341559522,0.0023193359375,2,,,,,,,,,,,,,,
prewhiten arp CCS sts ts_gsr W60,primary,0.01586541004369245,0.010654353557287636,-0.015793932884898342,-0.022688739312697215,-0.008083012864941867,0.0029296875,-0.0023374651525631764,-0.010286822371966388,0.005171617287569048,0.5880126953125,-0.013456467732335168,-0.021650398515501636,-0.0041757752254678706,0.0159912109375,11,-0.8481638794885736,0.056943056943056944,0.006832568729743611,0.014346739579365077,-0.006645993415608477,0.037444893187293306,0.2452392578125,-0.014967847757669682,-0.023433372809119286,-0.006541694808127251,0.0064697265625,12.0,True,-0.17370570041544955
prewhiten arp CCS sts ts_gsr W60,sensitivity,0.01586541004369245,0.010654353557287636,-0.02022340817310402,-0.027203870002940233,-0.012788984468981643,0.00048828125,-0.006799520315458736,-0.014728728332456593,0.0008083054908004218,0.128173828125,-0.013423887857645284,-0.02100755158254874,-0.004699929101250199,0.011962890625,12,-0.846110363405462,0.053946053946053944,0.006642684388718032,0.019114751916666665,-0.0012632722332440425,0.04069218288193451,0.1082763671875,-0.01335871434390215,-0.02095198580051973,-0.00568399678018495,0.0062255859375,13.0,True,-0.5065239212041106
prewhiten arp CCS sts ts_gsr W60,early,0.01586541004369245,0.010654353557287636,-0.022194146872386473,-0.029538641489091425,-0.014037637072449871,0.0008544921875,-0.0029312849910025007,-0.013791445747300374,0.007304037440057589,0.60693359375,-0.01926286188138398,-0.03014546248955151,-0.006966685901804214,0.00927734375,12,-1.2141420756434997,0.015984015984015984,0.008151367673914132,0.036577911,0.015564397224627978,0.058788689609002964,0.01025390625,-0.01768347812360724,-0.029427625516243863,-0.005156235028703321,0.018798828125,11.0,True,-0.15217287073191102
prewhiten arp CCS sts ts_gsr W60,late,0.01586541004369245,0.010654353557287636,-0.010673761694907843,-0.018708297216298325,-0.002623063442520487,0.0255126953125,-0.0018624092818117204,-0.009017912313366377,0.005075492384397515,0.6256103515625,-0.008811352413096123,-0.01879377302470141,0.0007194682039422867,0.10693359375,9,-0.5553813225646329,0.22377622377622378,0.007483342829216209,-0.0034381975571428575,-0.02945162454808035,0.024140657547038674,0.806884765625,-0.012795343464919631,-0.02129915751840508,-0.004182425794491343,0.015869140625,9.0,True,-0.21136474794081117
prewhiten arp CCS sts ts_gsr W60,trend_a_placebo_line,,,,,,,,,,,-0.02316866607329281,-0.03230080091409043,-0.014130893064137052,0.0006103515625,12,,,,,,,,,,,,,,
prewhiten arp CCS sts ts_gsr W60,trend_b_shared_slope,,,,,,,,,,,-0.02559915809435279,-0.033964462263219065,-0.016853754234642335,0.0003662109375,13,,,,,,,,,,,,,,
prewhiten arp autocorr ts_gsr W60,primary,0.262547175829185,0.20804977953852238,0.1605145147219074,0.12957183340653033,0.18754942854917622,0.0001220703125,0.21490685702915396,0.17885384384206718,0.24231505273445778,0.0001220703125,-0.0543923423072466,-0.10234299497202448,-0.005339877247398224,0.052001953125,12,-0.2071716907083953,0.5784215784215784,0.09923017364805849,0.014346739579365077,-0.006645993415608477,0.037444893187293306,0.2452392578125,-0.046955408494722135,-0.12136643133072582,0.029577433742842045,0.26171875,9.0,False,3.9510498704984487
prewhiten arp autocorr ts_gsr W60,sensitivity,0.262547175829185,0.20804977953852238,0.1856625224225195,0.15492102096936922,0.21334651558582723,0.0001220703125,0.23372818447546967,0.1950216500019065,0.2622223246798951,0.0001220703125,-0.04806566205295026,-0.09626907097260655,0.0033813763178709537,0.095458984375,12,-0.1830743823510869,0.5974025974025974,0.093921105033028,0.019114751916666665,-0.0012632722332440425,0.04069218288193451,0.1082763671875,-0.050032080701627624,-0.12251077984591606,0.027465698220076162,0.232177734375,9.0,False,4.862685220438434
prewhiten arp autocorr ts_gsr W60,early,0.262547175829185,0.20804977953852238,0.26581843001993016,0.222410493636958,0.30546709062699484,0.0001220703125,0.30183532816631653,0.24196340722312396,0.3465273171164351,0.000244140625,-0.03601689814638633,-0.09598892968813093,0.03395556967446726,0.3232421875,11,-0.13718257693169464,0.7582417582417582,0.12080609080048742,0.036577911,0.015564397224627978,0.058788689609002964,0.01025390625,-0.05954536094272535,-0.1457392106051951,0.034358673438120005,0.2315673828125,9.0,False,8.380380979493106
prewhiten arp autocorr ts_gsr W60,late,0.262547175829185,0.20804977953852238,0.07627138248348912,0.0453763796398546,0.10624533839885233,0.0010986328125,0.14536408011942398,0.12289577674176388,0.16889891095141274,0.0001220703125,-0.06909269763593483,-0.11475832399019882,-0.02797903502016468,0.005859375,10,-0.2631629817297559,0.5194805194805194,0.10808500759137928,-0.0034381975571428575,-0.02945162454808035,0.024140657547038674,0.806884765625,-0.036883446536319586,-0.12021724047777069,0.04322194955989791,0.416748046875,7.0,False,2.1038993279055402
prewhiten arp autocorr ts_gsr W60,trend_a_placebo_line,,,,,,,,,,,0.09900789874078465,0.05856565871422687,0.13471955543144776,0.0008544921875,1,,,,,,,,,,,,,,
prewhiten arp autocorr ts_gsr W60,trend_b_shared_slope,,,,,,,,,,,0.16041676917407657,0.11516706002717203,0.19991904430675306,0.0001220703125,0,,,,,,,,,,,,,,
prewhiten arp diag observed sts ts_gsr W60,primary,0.2201767879283242,0.20017934887842537,0.06355611885955822,0.04539675392715509,0.08149862126783311,0.0001220703125,0.0897512197732391,0.06792669319389344,0.11194203580679689,0.0001220703125,-0.02619510091368088,-0.0588967744444411,0.004873389770144831,0.140625,8,-0.11897303598691959,0.4175824175824176,0.03286650156759499,0.014346739579365077,-0.006645993415608477,0.037444893187293306,0.2452392578125,-0.006176678766684926,-0.04599695170217178,0.03301694691158726,0.7713623046875,9.0,False,3.426259744865684
prewhiten arp diag observed sts ts_gsr W60,sensitivity,0.2201767879283242,0.20017934887842537,0.08375773923039223,0.06555780563367578,0.10148764139010064,0.0001220703125,0.10232661990941251,0.07812240507306843,0.12686628545795203,0.0001220703125,-0.018568880679020273,-0.05101853331270206,0.014116004044800172,0.303466796875,7,-0.08433623205124212,0.5454545454545454,0.03175669570125867,0.019114751916666665,-0.0012632722332440425,0.04069218288193451,0.1082763671875,-0.00393971175839441,-0.04441226535730199,0.03729784459783689,0.8582763671875,7.0,False,5.510650947583742
prewhiten arp diag observed sts ts_gsr W60,early,0.2201767879283242,0.20017934887842537,0.05734749636717803,0.034483336488991816,0.0807580641343451,0.0003662109375,0.09527854218193973,0.06305154484732034,0.12785483434916026,0.0001220703125,-0.037931045814761685,-0.08344205890264114,0.008417431038347604,0.1419677734375,8,-0.17227540728366725,0.3356643356643357,0.03990174516800933,0.036577911,0.015564397224627978,0.058788689609002964,0.01025390625,-0.03425399185752019,-0.08570358358809943,0.017055849221630223,0.222900390625,9.0,False,2.5118880889084276
prewhiten arp diag observed sts ts_gsr W60,late,0.2201767879283242,0.20017934887842537,0.06852301685346239,0.05101539682571266,0.08693696571821553,0.0001220703125,0.08532936184627858,0.06863802381212859,0.10237229128498297,0.0001220703125,-0.0168063449928162,-0.04392711401905547,0.00856937402160936,0.2518310546875,7,-0.07633113894952132,0.6473526473526473,0.03571355304486178,-0.0034381975571428575,-0.02945162454808035,0.024140657547038674,0.806884765625,0.016285171705983283,-0.02410105766554073,0.05476114718556566,0.44873046875,5.0,False,5.07721112965087
prewhiten arp diag observed sts ts_gsr W60,trend_a_placebo_line,,,,,,,,,,,0.027316744110362362,0.006686450671668455,0.047501428372950724,0.029052734375,4,,,,,,,,,,,,,,
prewhiten arp diag observed sts ts_gsr W60,trend_b_shared_slope,,,,,,,,,,,0.025952136097617814,0.0008877308442366375,0.05070922386521348,0.066650390625,4,,,,,,,,,,,,,,
prewhiten arp diag predicted sts ts_gsr W60,primary,0.16376207042839425,0.1445547695966821,0.0908985765573677,0.06697773514471435,0.11394947385052717,0.0001220703125,0.11012010370432612,0.07995482398952126,0.13886890749608313,0.000244140625,-0.0192215271469584,-0.05670442773885998,0.01816839883884031,0.34619140625,7,-0.11737471990110863,,,0.014346739579365077,-0.007713893602389222,0.03710264727392524,0.2452392578125,-0.0017495159238651353,-0.054221874681962254,0.05057303989727342,0.9503173828125,8.0,False,5.728998682695795
prewhiten arp diag predicted sts ts_gsr W60,sensitivity,0.16376207042839425,0.1445547695966821,0.11816255155759958,0.09344845022475012,0.14143949340386952,0.0001220703125,0.12942475482561955,0.09630702031308754,0.16013640479884086,0.000244140625,-0.011262203268019993,-0.05009141528514961,0.026404575026643173,0.578369140625,7,-0.06877174451054859,,,0.019114751916666665,-0.0009766646802529773,0.040794809271116075,0.1082763671875,-0.0018417380373463735,-0.054005867903913804,0.05003680861566645,0.95849609375,8.0,False,11.491956924017915
prewhiten arp diag predicted sts ts_gsr W60,early,0.16376207042839425,0.1445547695966821,0.11596587919254588,0.08303142605893442,0.1479998826528478,0.000244140625,0.13655666986107595,0.09195000143361924,0.18213724459559621,0.0001220703125,-0.02059079066853006,-0.07726403114980497,0.03511500505017321,0.5010986328125,7,-0.12573601820412672,,,0.036577911,0.015788057909226178,0.058192378460267834,0.01025390625,-0.024305598652344933,-0.09558060509850953,0.04473130228691697,0.509765625,8.0,False,6.631929393065143
prewhiten arp diag predicted sts ts_gsr W60,late,0.16376207042839425,0.1445547695966821,0.07084473444922519,0.049087184716134435,0.09254960002160263,0.0001220703125,0.08897085077892626,0.06935210709934451,0.1068664043279728,0.000244140625,-0.018126116329701066,-0.04672483297004107,0.008442143214019253,0.245849609375,7,-0.11068568125869413,,,-0.0034381975571428575,-0.029435461325327393,0.023688178669092255,0.806884765625,0.0162953502589187,-0.03776178162722032,0.06701522341193786,0.566650390625,6.0,False,4.908434281266337
prewhiten arp diag predicted sts ts_gsr W60,trend_a_placebo_line,,,,,,,,,,,0.06967736249039012,0.04201723198003232,0.09637916066982744,0.0009765625,3,,,,,,,,,,,,,,
prewhiten arp diag predicted sts ts_gsr W60,trend_b_shared_slope,,,,,,,,,,,0.08406626258318771,0.05146793035192542,0.11521897005518547,0.0009765625,3,,,,,,,,,,,,,,
prewhiten arp diag residual sts ts_gsr W60,primary,0.05641471749992993,0.05562457928174325,-0.027342457697809467,-0.037169487417304733,-0.016789099147386872,0.0006103515625,-0.02036888393108702,-0.03128724499948428,-0.00758888388299056,0.0081787109375,-0.006973573766722453,-0.021124799493947195,0.00802525985414426,0.380859375,8,-0.12361266839156139,0.7292707292707292,0.020968101964324443,0.014346739579365077,-0.006645993415608477,0.037444893187293306,0.2452392578125,-0.00442716284281979,-0.023402579665518685,0.013284328771146861,0.6544189453125,8.0,False,-2.920867350437493
prewhiten arp diag residual sts ts_gsr W60,sensitivity,0.05641471749992993,0.05562457928174325,-0.03440481232720734,-0.04486983163923929,-0.024048943336372947,0.0001220703125,-0.027098134916207044,-0.03818174438762467,-0.013189895894005777,0.003173828125,-0.007306677411000291,-0.021300765137255723,0.006979663097181427,0.3597412109375,9,-0.12951722059069723,0.6953046953046953,0.019730821999298816,0.019114751916666665,-0.0012632722332440425,0.04069218288193451,0.1082763671875,-0.0020979737210480285,-0.019804112808438447,0.014964127570815987,0.8280029296875,7.0,False,-3.708680894466543
prewhiten arp diag residual sts ts_gsr W60,early,0.05641471749992993,0.05562457928174325,-0.05861838282536783,-0.07257912533133244,-0.044393458252167596,0.0001220703125,-0.04127812767913621,-0.058576194403912964,-0.02069363922872975,0.0028076171875,-0.017340255146231616,-0.03575442885832489,0.0009368286061676943,0.0966796875,11,-0.3073711243214708,0.4985014985014985,0.025297415214199023,0.036577911,0.015564397224627978,0.058788689609002964,0.01025390625,-0.009948393205175253,-0.03352348001814547,0.014093899014122084,0.434326171875,10.0,False,-2.3804798332570543
prewhiten arp diag residual sts ts_gsr W60,late,0.05641471749992993,0.05562457928174325,-0.0023217175957627816,-0.010584446183012262,0.006284677425945571,0.6014404296875,-0.0036414889326476627,-0.012403991635980563,0.00477374922472144,0.4432373046875,0.00131977133688488,-0.011842000713993184,0.015200541385033824,0.855224609375,8,0.023394096352366195,0.967032967032967,0.022966888625064043,-0.0034381975571428575,-0.02945162454808035,0.024140657547038674,0.806884765625,-1.0178552935419002e-05,-0.017897753673938442,0.01714029587651173,0.9986572265625,7.0,False,2.7591817088881814
prewhiten arp diag residual sts ts_gsr W60,trend_a_placebo_line,,,,,,,,,,,-0.04236061838002776,-0.05677461696413099,-0.027797058644384216,0.0003662109375,13,,,,,,,,,,,,,,
prewhiten arp diag residual sts ts_gsr W60,trend_b_shared_slope,,,,,,,,,,,-0.0581141264855699,-0.07356036950142465,-0.04188958844071199,0.0001220703125,14,,,,,,,,,,,,,,
prewhiten arp MMI sts ts_gsr global-bins,primary,0.10423150184439882,0.07284202223431298,0.07161083514714395,0.046063324665426564,0.09929155957989436,0.000244140625,0.09800904949964848,0.06682368369082592,0.1292074623948134,0.000244140625,-0.026398214352504522,-0.070011754203209,0.015893322418799406,0.2735595703125,8,-0.2532652210261048,0.4165834165834166,0.03174457882988136,0.014346739579365081,-0.007437774446221885,0.0365345743823082,0.2452392578125,-0.0027163192073304324,-0.04849824949432918,0.03939219872296698,0.9107666015625,8.0,False,3.7127151174280053
prewhiten arp MMI sts ts_gsr global-bins,sensitivity,0.10423150184439882,0.07284202223431298,0.0718359159366313,0.045846534248139885,0.1001989385069307,0.0001220703125,0.09762373996965208,0.06562233369228788,0.1293879102558252,0.000244140625,-0.025787824033020795,-0.0698017078128605,0.01746684617533797,0.2906494140625,8,-0.2474091189007134,0.4175824175824176,0.03149688374985259,0.01739740427443608,-0.003422224444141617,0.03970865797694235,0.155029296875,-0.0016346442574650827,-0.04645414029736469,0.0392026204591542,0.946533203125,8.0,False,3.785652478652205
prewhiten arp MMI sts ts_gsr global-bins,early,0.10423150184439882,0.07284202223431298,0.06924835918970315,0.04099535063315015,0.10185367002351635,0.000244140625,0.0933946049189145,0.05110604384716748,0.1342100337489683,0.0018310546875,-0.024146245729211358,-0.07776212295882433,0.030052693877855072,0.412109375,8,-0.23165976985784867,0.5264735264735265,0.03753525092339843,0.036577911,0.01558380359620536,0.05853325997522319,0.01025390625,-0.014613661089946493,-0.06305449004567579,0.033347650773308986,0.5704345703125,8.0,False,3.867872710577475
prewhiten arp MMI sts ts_gsr global-bins,late,0.10423150184439882,0.07284202223431298,0.07350081591309658,0.047897368504102755,0.09899343776403687,0.0003662109375,0.10170060516423564,0.07841630432476507,0.1261575004556329,0.0001220703125,-0.028199789251139057,-0.06771582800332697,0.006342087881631276,0.17529296875,9,-0.27054958196070983,0.41358641358641357,0.03505142911638304,-0.0034381975571428657,-0.030028531817574415,0.02378897342077378,0.806884765625,0.006801554298762412,-0.039429196032183,0.04905657107920421,0.781982421875,7.0,False,3.6064313906221024
prewhiten arp MMI sts ts_gsr global-bins,trend_a_placebo_line,,,,,,,,,,,-0.015932110978592956,-0.04712968203955926,0.016137552254470028,0.369384765625,10,,,,,,,,,,,,,,
prewhiten arp MMI sts ts_gsr global-bins,trend_b_shared_slope,,,,,,,,,,,-0.017851354696773535,-0.04782610351820328,0.014163832557166932,0.298095703125,11,,,,,,,,,,,,,,
prewhiten arp MMI xtx+yty ts_gsr global-bins,primary,0.07925308934365427,0.022476728922336313,0.13086930742525177,0.0961494415564403,0.16677008097901982,0.0001220703125,0.19016247766726163,0.1523332670775407,0.2297245083857491,0.0001220703125,-0.05929317024200986,-0.10878255846767086,-0.012862693360626187,0.0328369140625,9,-0.7481496397560611,0.33166833166833165,0.06127987608588049,0.014346739579365081,-0.007437774446221885,0.0365345743823082,0.2452392578125,-0.025150720474554196,-0.08829730083773671,0.03677878688215141,0.468017578125,8.0,False,3.2071565222621445
prewhiten arp MMI xtx+yty ts_gsr global-bins,sensitivity,0.07925308934365427,0.022476728922336313,0.13344655453592355,0.09864099780175825,0.16970862945947304,0.0001220703125,0.19166601688346138,0.15408870850581668,0.23207941591393608,0.0001220703125,-0.05821946234753783,-0.10872018624769743,-0.011335487386485854,0.0377197265625,9,-0.7346018032822517,0.3436563436563437,0.06045474653615525,0.01739740427443608,-0.003422224444141617,0.03970865797694235,0.155029296875,-0.024133799103197382,-0.08746744576956414,0.03693274605603487,0.48095703125,8.0,False,3.2921296273627845
prewhiten arp MMI xtx+yty ts_gsr global-bins,early,0.07925308934365427,0.022476728922336313,0.16002721969088213,0.12554288564510524,0.19592587416999038,0.0001220703125,0.20963317384950195,0.1605612060653058,0.2584914481300553,0.0001220703125,-0.0496059541586198,-0.10622335376320445,0.004353574072276344,0.11376953125,8,-0.6259182395214945,0.4875124875124875,0.07214667738054788,0.036577911,0.01558380359620536,0.05853325997522319,0.01025390625,-0.04048698044809469,-0.10039920310245642,0.019644051804384003,0.2218017578125,8.0,False,4.225967979149837
prewhiten arp MMI xtx+yty ts_gsr global-bins,late,0.07925308934365427,0.022476728922336313,0.10754297761274748,0.06889653074572244,0.1468892441584451,0.000244140625,0.17458592072146945,0.1439015547048473,0.20846442057820727,0.0001220703125,-0.06704294310872196,-0.11748070878999804,-0.02598555331492456,0.0074462890625,11,-0.8459347599437148,0.31368631368631367,0.06735687876809943,-0.0034381975571428657,-0.030028531817574415,0.02378897342077378,0.806884765625,-0.012881712495721802,-0.08398655687661023,0.056361561532433165,0.72802734375,8.0,False,2.6040909397182577
prewhiten arp MMI xtx+yty ts_gsr global-bins,trend_a_placebo_line,,,,,,,,,,,-0.004197814702553543,-0.04443590245958623,0.03192985626875279,0.84423828125,6,,,,,,,,,,,,,,
prewhiten arp MMI xtx+yty ts_gsr global-bins,trend_b_shared_slope,,,,,,,,,,,0.013479155483906366,-0.023177995058796735,0.04752485956883853,0.48291015625,6,,,,,,,,,,,,,,
prewhiten arp CCS sts ts_gsr global-bins,primary,-0.0030224894491500858,-0.008398673528659873,0.0315216568243984,0.026770743652842467,0.036428881761862264,0.0001220703125,0.03603015162505229,0.0299074903420572,0.0429102441315198,0.0001220703125,-0.004508494800653887,-0.011767591680820606,0.0026673936895684662,0.260986328125,7,1.491649475210463,0.5464535464535465,0.007556098147514941,0.014346739579365081,-0.007437774446221885,0.0365345743823082,0.2452392578125,0.003930735504509492,-0.005654175140485594,0.014024136274915031,0.4654541015625,5.0,False,7.991614323216404
prewhiten arp CCS sts ts_gsr global-bins,sensitivity,-0.0030224894491500858,-0.008398673528659873,0.03132643843282722,0.026564192674847945,0.036328030184469715,0.0001220703125,0.03591209127810107,0.02966173529212569,0.04281506058227191,0.0001220703125,-0.004585652845273855,-0.011884607048964406,0.002501236079078103,0.25341796875,8,1.5171774533616076,0.5384615384615384,0.007558580638469256,0.01739740427443608,-0.003422224444141617,0.03970865797694235,0.155029296875,0.004194855678369349,-0.005418935740516558,0.014398116137510488,0.4410400390625,5.0,False,7.831402090350867
prewhiten arp CCS sts ts_gsr global-bins,early,-0.0030224894491500858,-0.008398673528659873,0.028696765181953184,0.02344360013119406,0.03396689070936588,0.0001220703125,0.03483392826643602,0.027821222899604394,0.04242834186371919,0.0001220703125,-0.006137163084482832,-0.0142809751002127,0.0021110681313109177,0.1827392578125,8,2.0304994236484704,0.4745254745254745,0.008703635543088856,0.036577911,0.01558380359620536,0.05853325997522319,0.01025390625,-0.0017313311581165255,-0.012121514718292795,0.008514797144307442,0.7564697265625,5.0,False,5.675900703129418
prewhiten arp CCS sts ts_gsr global-bins,late,-0.0030224894491500858,-0.008398673528659873,0.033781570138354575,0.028861938550972254,0.039045431508535275,0.0001220703125,0.0369871303119453,0.03100050515631621,0.04350191188175051,0.0001220703125,-0.003205560173590732,-0.01024989062138409,0.003672195289124388,0.4002685546875,8,1.0605695164600575,0.6963036963036963,0.00849811408687407,-0.0034381975571428657,-0.030028531817574415,0.02378897342077378,0.806884765625,0.008460388834610304,-0.001238673923414629,0.018988267002072276,0.1439208984375,6.0,False,11.538429575169664
prewhiten arp CCS sts ts_gsr global-bins,trend_a_placebo_line,,,,,,,,,,,-0.0014699574190413535,-0.007796459246871907,0.004788878849537688,0.66455078125,7,,,,,,,,,,,,,,
prewhiten arp CCS sts ts_gsr global-bins,trend_b_shared_slope,,,,,,,,,,,-0.0034859707550009985,-0.009277732345255045,0.0019961193219152546,0.2674560546875,7,,,,,,,,,,,,,,
prewhiten arp autocorr ts_gsr global-bins,primary,0.2830599014462498,0.12216658966019242,0.006912166617330557,-0.06867906511374602,0.07753455104806223,0.86328125,0.2112726791054564,0.17420793089301628,0.2460457911301437,0.0001220703125,-0.20436051248812584,-0.2951264557729363,-0.12012143093846095,0.0006103515625,13,-0.7219691360167163,0.028971028971028972,0.09115815214007582,0.014346739579365081,-0.007437774446221885,0.0365345743823082,0.2452392578125,-0.1731804757606475,-0.27807549862110637,-0.07388131266782309,0.0054931640625,12.0,True,1.033823396375228
prewhiten arp autocorr ts_gsr global-bins,sensitivity,0.2830599014462498,0.12216658966019242,0.01213952529309783,-0.06421848458506935,0.08292525013415503,0.7579345703125,0.2140439378506365,0.17723087084370795,0.24921110226982282,0.0001220703125,-0.2019044125575387,-0.2935260136135841,-0.11672056677920208,0.000732421875,13,-0.7132921742922258,0.028971028971028972,0.08945538237305778,0.01739740427443608,-0.003422224444141617,0.03970865797694235,0.155029296875,-0.17359494810477222,-0.28001495920860314,-0.07316445540559419,0.005615234375,12.0,True,1.0601251113798134
prewhiten arp autocorr ts_gsr global-bins,early,0.2830599014462498,0.12216658966019242,0.06679182883282467,-0.01670951651692947,0.14390330972186133,0.139404296875,0.2694316147454697,0.20725509457878763,0.32033973974714736,0.000244140625,-0.20263978591264498,-0.30067373576421524,-0.10683927926561572,0.001953125,13,-0.7158901168172851,0.06493506493506493,0.10925268879862446,0.036577911,0.01558380359620536,0.05853325997522319,0.01025390625,-0.19438399846937734,-0.2945367095247701,-0.09086436270346207,0.004150390625,12.0,True,1.329608662642477
prewhiten arp autocorr ts_gsr global-bins,late,0.2830599014462498,0.12216658966019242,-0.04099156315506473,-0.11916507817841052,0.03608738815879924,0.345947265625,0.1647455305934458,0.13045465266676654,0.20124835560502324,0.0001220703125,-0.20573709374851054,-0.3038611681661197,-0.12006555821789155,0.00048828125,12,-0.7268323513762613,0.04995004995004995,0.09980555226377001,-0.0034381975571428657,-0.030028531817574415,0.02378897342077378,0.806884765625,-0.15621765759366363,-0.2736372161162203,-0.04898943339625515,0.0157470703125,10.0,True,0.8007575473717339
prewhiten arp autocorr ts_gsr global-bins,trend_a_placebo_line,,,,,,,,,,,-0.09337491343617418,-0.18312924019967597,-0.01200391994864229,0.05517578125,9,,,,,,,,,,,,,,
prewhiten arp autocorr ts_gsr global-bins,trend_b_shared_slope,,,,,,,,,,,-0.05127158036725549,-0.14294407443098692,0.03200244004832213,0.2945556640625,7,,,,,,,,,,,,,,
prewhiten arp MMI sts ts_demean W60,primary,0.23495959480746045,0.2135219791163166,0.052301969297385655,0.026891881381334064,0.07667161694677836,0.0030517578125,0.07973745722828296,0.05931855951646383,0.10039289370992384,0.0001220703125,-0.027435487930897322,-0.06290538798289139,0.007709545002743626,0.1654052734375,9,-0.11676683369061627,0.4025974025974026,0.03205568675047862,0.014346739579365077,-0.006645993415608477,0.037444893187293306,0.2452392578125,-0.008539345362136049,-0.04810041385484008,0.032177837023004655,0.6929931640625,9.0,False,2.906361914507238
prewhiten arp MMI sts ts_demean W60,sensitivity,0.23495959480746045,0.2135219791163166,0.07217901872263098,0.04665022604167235,0.09646526506424745,0.000732421875,0.09005908851949349,0.06761167556519225,0.11300943733033224,0.0001220703125,-0.01788006979686251,-0.05428927220838764,0.018227356371310004,0.36767578125,8,-0.07609848753575897,0.5524475524475524,0.031041540028176964,0.019114751916666665,-0.0012632722332440425,0.04069218288193451,0.1082763671875,-0.004315144789109148,-0.04603384903037648,0.04001848670865902,0.8487548828125,8.0,False,5.036842112064716
prewhiten arp MMI sts ts_demean W60,early,0.23495959480746045,0.2135219791163166,0.04330600302742408,0.011279894636653737,0.07258598661698738,0.02294921875,0.08182824533550852,0.048158889238775246,0.11558611072968636,0.000732421875,-0.03852224230808445,-0.08573337544753569,0.010594332630123656,0.1544189453125,9,-0.1639526248742973,0.3196803196803197,0.03891533574378342,0.036577911,0.015564397224627978,0.058788689609002964,0.01025390625,-0.03639729837501503,-0.0879868750184489,0.01720543286854699,0.2088623046875,9.0,False,2.1241817825940954
prewhiten arp MMI sts ts_demean W60,late,0.23495959480746045,0.2135219791163166,0.05949874231335494,0.03580309343611903,0.08363157379024516,0.0008544921875,0.07806482674250252,0.0631512165814339,0.09418043406915035,0.0001220703125,-0.018566084429147606,-0.05083392961590135,0.012755625451986538,0.2891845703125,7,-0.07901820074367141,0.5994005994005994,0.03457087802866327,-0.0034381975571428575,-0.02945162454808035,0.024140657547038674,0.806884765625,0.013747017048167132,-0.02468284549698715,0.05276225495547317,0.505126953125,7.0,False,4.204700621739367
prewhiten arp MMI sts ts_demean W60,trend_a_placebo_line,,,,,,,,,,,0.017444228527663055,-0.009826622209383441,0.04424717183021621,0.2413330078125,5,,,,,,,,,,,,,,
prewhiten arp MMI sts ts_demean W60,trend_b_shared_slope,,,,,,,,,,,0.015941083368534992,-0.01834611949147475,0.04713842762482258,0.357177734375,5,,,,,,,,,,,,,,
prewhiten arp MMI xtx+yty ts_demean W60,primary,0.18788550193901413,0.16965406133252786,0.06665038009834193,0.025672657984337127,0.10703456408618463,0.010498046875,0.10301339032401462,0.07177568157194963,0.13270683475399994,0.000244140625,-0.036363010225672676,-0.08931877565062339,0.01220890931322981,0.1978759765625,8,-0.19353813812348208,0.4785214785214785,0.052887002758409504,0.014346739579365077,-0.006645993415608477,0.037444893187293306,0.2452392578125,-0.023103618899521727,-0.08044586208849513,0.03543240633325722,0.4691162109375,8.0,False,2.8329170133248773
prewhiten arp MMI xtx+yty ts_demean W60,sensitivity,0.18788550193901413,0.16965406133252786,0.08942994298775515,0.04988179740845317,0.1273604300081001,0.0015869140625,0.11323213031646916,0.08174978379349464,0.1433311946270947,0.0001220703125,-0.023802187328714,-0.07329202350020872,0.022880427076080033,0.3837890625,7,-0.12668453437370578,0.6203796203796204,0.05055967845915373,0.019114751916666665,-0.0012632722332440425,0.04069218288193451,0.1082763671875,-0.016176689710945283,-0.07420061735034171,0.04087121958527358,0.6036376953125,8.0,False,4.757215324487026
prewhiten arp MMI xtx+yty ts_demean W60,early,0.18788550193901413,0.16965406133252786,0.08345147814972316,0.02619314146365517,0.13860955141135883,0.0166015625,0.11564069976927692,0.0634302087314918,0.16718180924809128,0.001708984375,-0.032189221619553725,-0.10806581204429934,0.03763877305280539,0.4449462890625,8,-0.17132360553291676,0.6253746253746254,0.06394905289017175,0.036577911,0.015564397224627978,0.058788689609002964,0.01025390625,-0.03676564070785757,-0.12081722965915999,0.04279704829185965,0.41357421875,8.0,False,3.592528615200487
prewhiten arp MMI xtx+yty ts_demean W60,late,0.18788550193901413,0.16965406133252786,0.05320950165723696,0.020543621357587527,0.08773380082038676,0.010498046875,0.09291154276780476,0.07310075458837885,0.11248453806908527,0.0001220703125,-0.039702041110567805,-0.08080686538532532,-0.00017722835711785734,0.086181640625,8,-0.21130976419593417,0.4865134865134865,0.057232042741761864,-0.0034381975571428575,-0.02945162454808035,0.024140657547038674,0.806884765625,-0.012174001452853056,-0.06557148385548804,0.03999158328970101,0.67138671875,9.0,False,2.340220809027216
prewhiten arp MMI xtx+yty ts_demean W60,trend_a_placebo_line,,,,,,,,,,,0.028826417671944583,-0.012399411628921306,0.07008156082961613,0.205078125,6,,,,,,,,,,,,,,
prewhiten arp MMI xtx+yty ts_demean W60,trend_b_shared_slope,,,,,,,,,,,0.043910375050462344,-0.0072084045619585846,0.09244074809265396,0.1220703125,6,,,,,,,,,,,,,,
prewhiten arp CCS sts ts_demean W60,primary,0.032448531185587264,0.02009809919864703,-0.006644712801920811,-0.019469295582026022,0.006441737991102422,0.3431396484375,0.010166762756881989,-0.004887608215269991,0.025680824247632787,0.2320556640625,-0.0168114755588028,-0.03402736675041843,0.0030358082452514533,0.1072998046875,10,-0.5180966578317724,0.0899100899100899,0.009794008670377068,0.014346739579365077,-0.006645993415608477,0.037444893187293306,0.2452392578125,-0.021758432529794047,-0.038867765280148264,-0.004839838301230892,0.031494140625,11.0,True,0.6047513629199838
prewhiten arp CCS sts ts_demean W60,sensitivity,0.032448531185587264,0.02009809919864703,-0.011695289891561534,-0.0249025844445564,0.0014458679625173586,0.118408203125,0.005796872091284036,-0.008550460322762278,0.02103550016715241,0.471923828125,-0.017492161982845568,-0.03501812614120167,0.0019739229672375395,0.0985107421875,10,-0.5390740765059684,0.061938061938061936,0.009426684439978164,0.019114751916666665,-0.0012632722332440425,0.04069218288193451,0.1082763671875,-0.02058291952617396,-0.0370685140730971,-0.004234398247028369,0.031982421875,11.0,True,0.331398262660098
prewhiten arp CCS sts ts_demean W60,early,0.032448531185587264,0.02009809919864703,-0.01100358638840451,-0.030649988502678797,0.008907664486787238,0.3148193359375,0.01811365334643052,-0.006859717468540946,0.04496504363160216,0.2220458984375,-0.029117239734835026,-0.06184712471980203,0.005494568550286295,0.131103515625,10,-0.8973361403726063,0.00999000999000999,0.011635335563183379,0.036577911,0.015564397224627978,0.058788689609002964,0.01025390625,-0.031586113095608596,-0.0649531701898053,0.0015211463228471025,0.09033203125,9.0,False,0.6220937668332575
prewhiten arp CCS sts ts_demean W60,late,0.032448531185587264,0.02009809919864703,-0.003157613932733849,-0.013798859248922112,0.007336003639951445,0.5792236328125,0.0038092502852431695,-0.005100649375656886,0.012781165533451563,0.43310546875,-0.0069668642179770215,-0.019927750334065502,0.005318153306120005,0.3154296875,8,-0.21470507179910533,0.5134865134865135,0.010834250957387645,-0.0034381975571428575,-0.02945162454808035,0.024140657547038674,0.806884765625,-0.01389628807714241,-0.022149559497139863,-0.0056921432616903,0.0101318359375,11.0,True,0.546766833120406
prewhiten arp CCS sts ts_demean W60,trend_a_placebo_line,,,,,,,,,,,-0.01797648752661322,-0.031227226414406818,-0.0043411065527442,0.029296875,11,,,,,,,,,,,,,,
prewhiten arp CCS sts ts_demean W60,trend_b_shared_slope,,,,,,,,,,,-0.019666298593748965,-0.03631870316996536,-0.0022386292704428185,0.046142578125,10,,,,,,,,,,,,,,
prewhiten arp autocorr ts_demean W60,primary,0.25834196598710274,0.217039163808909,0.14350828719868175,0.08667638634787306,0.19693193459241026,0.0008544921875,0.18529837692931936,0.1441793330374604,0.22321537082914827,0.0001220703125,-0.041790089730637574,-0.12381292230498388,0.03150173674564863,0.345947265625,9,-0.1617626837008892,0.6743256743256744,0.09671231105228828,0.014346739579365077,-0.006645993415608477,0.037444893187293306,0.2452392578125,-0.03146988865869845,-0.13190368532285573,0.06310252055806265,0.5577392578125,7.0,False,4.434026778206976
prewhiten arp autocorr ts_demean W60,sensitivity,0.25834196598710274,0.217039163808909,0.17109507532984053,0.11524321899278075,0.22378401000534695,0.00048828125,0.20406043472171256,0.16319895270373833,0.24268312865393937,0.0001220703125,-0.03296535939187207,-0.11439310985604086,0.03955877535905602,0.45068359375,9,-0.12760357871364114,0.7132867132867133,0.091985536759236,0.019114751916666665,-0.0012632722332440425,0.04069218288193451,0.1082763671875,-0.03214999700256604,-0.12893501410733,0.05686858209589079,0.531982421875,7.0,False,6.190147430093714
prewhiten arp autocorr ts_demean W60,early,0.25834196598710274,0.217039163808909,0.22320115731886708,0.12987098665013885,0.3093799149992108,0.00146484375,0.24262431873364254,0.1693900421573977,0.3096261752454099,0.000244140625,-0.019423161414775496,-0.15215434161343697,0.09874994750691493,0.7794189453125,7,-0.07518391888271518,0.8791208791208791,0.11710018008351579,0.036577911,0.015564397224627978,0.058788689609002964,0.01025390625,-0.040849406597105106,-0.18279573722121736,0.09158490114735515,0.5880126953125,8.0,False,12.49149474446907
prewhiten arp autocorr ts_demean W60,late,0.25834196598710274,0.217039163808909,0.07975399110253348,0.04313684833757654,0.11474756031915419,0.002197265625,0.13943762348586072,0.11264454799347677,0.16718200046969503,0.0001220703125,-0.059683632383327266,-0.11058941163509901,-0.012071851059316118,0.0318603515625,10,-0.2310256955554285,0.5794205794205795,0.10516374480381903,-0.0034381975571428575,-0.02945162454808035,0.024140657547038674,0.806884765625,-0.023966274307973125,-0.11990914779794067,0.05866569052139252,0.65283203125,8.0,False,2.336279108990908
prewhiten arp autocorr ts_demean W60,trend_a_placebo_line,,,,,,,,,,,0.08427430232364234,0.019202916472958947,0.14670006693752086,0.027587890625,2,,,,,,,,,,,,,,
prewhiten arp autocorr ts_demean W60,trend_b_shared_slope,,,,,,,,,,,0.13259599661717975,0.04656947666461951,0.21053370675516134,0.0098876953125,2,,,,,,,,,,,,,,
prewhiten arp diag observed sts ts_demean W60,primary,0.23495959480746034,0.21352197911631654,0.05230196929738582,0.0268918813813342,0.07667161694677849,0.0030517578125,0.07973745722828304,0.059318559516464066,0.10039289370992405,0.0001220703125,-0.027435487930897222,-0.0629053879828912,0.00770954500274366,0.1654052734375,9,-0.1167668336906159,0.4025974025974026,0.03205568675047862,0.014346739579365077,-0.006645993415608477,0.037444893187293306,0.2452392578125,-0.008539345362135901,-0.048100413854839964,0.03217783702300491,0.6929931640625,9.0,False,2.9063619145072517
prewhiten arp diag observed sts ts_demean W60,sensitivity,0.23495959480746034,0.21352197911631654,0.0721790187226311,0.04665022604167233,0.09646526506424764,0.000732421875,0.0900590885194935,0.06761167556519218,0.11300943733033225,0.0001220703125,-0.017880069796862404,-0.05428927220838764,0.01822735637131028,0.36767578125,8,-0.07609848753575857,0.5524475524475524,0.031041540028176964,0.019114751916666665,-0.0012632722332440425,0.04069218288193451,0.1082763671875,-0.004315144789109003,-0.046033849030376155,0.0400184867086595,0.8487548828125,8.0,False,5.036842112064746
prewhiten arp diag observed sts ts_demean W60,early,0.23495959480746034,0.21352197911631654,0.04330600302742426,0.011279894636653963,0.07258598661698756,0.02294921875,0.08182824533550857,0.04815888923877516,0.1155861107296866,0.000732421875,-0.038522242308084285,-0.08573337544753573,0.010594332630123904,0.1544189453125,9,-0.16395262487429665,0.3196803196803197,0.03891533574378342,0.036577911,0.015564397224627978,0.058788689609002964,0.01025390625,-0.03639729837501478,-0.08798687501844865,0.017205432868547206,0.2088623046875,9.0,False,2.124181782594106
prewhiten arp diag observed sts ts_demean W60,late,0.23495959480746034,0.21352197911631654,0.05949874231335509,0.03580309343611894,0.08363157379024505,0.0008544921875,0.07806482674250266,0.06315121658143397,0.09418043406915044,0.0001220703125,-0.018566084429147537,-0.05083392961590129,0.012755625451986483,0.2891845703125,7,-0.07901820074367116,0.5994005994005994,0.03457087802866327,-0.0034381975571428575,-0.02945162454808035,0.024140657547038674,0.806884765625,0.013747017048167208,-0.024682845496987064,0.05276225495547356,0.505126953125,7.0,False,4.2047006217393905
prewhiten arp diag observed sts ts_demean W60,trend_a_placebo_line,,,,,,,,,,,0.01744422852766316,-0.009826622209383651,0.044247171830216384,0.2413330078125,5,,,,,,,,,,,,,,
prewhiten arp diag observed sts ts_demean W60,trend_b_shared_slope,,,,,,,,,,,0.015941083368535152,-0.018346119491474508,0.04713842762482288,0.357177734375,5,,,,,,,,,,,,,,
prewhiten arp diag predicted sts ts_demean W60,primary,0.15713526562262928,0.1433985896227241,0.07431682421444881,0.034357492370729055,0.1105122535985571,0.005615234375,0.08747341830220097,0.052066269363361534,0.12262141386458096,0.0008544921875,-0.013156594087752145,-0.0691633637251635,0.03837748609100139,0.6552734375,7,-0.08372782542238848,,,0.014346739579365077,-0.007713893602389222,0.03710264727392524,0.2452392578125,0.006377448614285989,-0.05554605156116045,0.06857718858380264,0.85009765625,7.0,False,6.648637004286125
prewhiten arp diag predicted sts ts_demean W60,sensitivity,0.15713526562262928,0.1433985896227241,0.10371972470627787,0.06187143498782579,0.13985859311281848,0.001220703125,0.10436552459039297,0.06643563844757334,0.141891763250343,0.000244140625,-0.000645799884115106,-0.05960612072736028,0.0516868045123248,0.9847412109375,7,-0.004109834170936758,,,0.019114751916666665,-0.0009766646802529773,0.040794809271116075,0.1082763671875,0.010108245851998873,-0.05268282448476805,0.07212807780883874,0.7630615234375,7.0,False,161.60660160755168
prewhiten arp diag predicted sts ts_demean W60,early,0.15713526562262928,0.1433985896227241,0.08899490971642517,0.03006614231965851,0.14189852767457375,0.013671875,0.09540356371018073,0.032806610754871283,0.15646780124613965,0.0147705078125,-0.006408653993755603,-0.09474817544628122,0.0775635703970034,0.8876953125,7,-0.040784313873541346,,,0.036577911,0.015788057909226178,0.058192378460267834,0.01025390625,-0.011015402139854533,-0.10688596753940917,0.08329569205146575,0.8253173828125,7.0,False,14.886677265325769
prewhiten arp diag predicted sts ts_demean W60,late,0.15713526562262928,0.1433985896227241,0.06257435581286777,0.03420092366909333,0.08930940770674935,0.00244140625,0.08112930197581711,0.0633045328804377,0.09799487991270522,0.0001220703125,-0.01855494616294934,-0.05281106554805064,0.012458477684839257,0.306640625,7,-0.11808263466146594,,,-0.0034381975571428575,-0.029435461325327393,0.023688178669092255,0.806884765625,0.02029172921759842,-0.029786085633857953,0.06853645309282949,0.446533203125,6.0,False,4.3723814266740755
prewhiten arp diag predicted sts ts_demean W60,trend_a_placebo_line,,,,,,,,,,,0.05319027922534546,0.011806955852893096,0.08989842011882458,0.0252685546875,3,,,,,,,,,,,,,,
prewhiten arp diag predicted sts ts_demean W60,trend_b_shared_slope,,,,,,,,,,,0.06425177747205232,0.009773754517938868,0.1118098149520131,0.0347900390625,3,,,,,,,,,,,,,,
prewhiten arp diag residual sts ts_demean W60,primary,0.07782432918483106,0.0701233894935925,-0.022014854917063002,-0.04457059139548965,0.0010170693726448427,0.0882568359375,-0.00773596107391791,-0.02785984924236391,0.011867167600243363,0.4808349609375,-0.014278893843145093,-0.04362386736946525,0.020120978853157105,0.4154052734375,9,-0.18347596429945492,0.5244755244755245,0.02263685574797071,0.014346739579365077,-0.006645993415608477,0.037444893187293306,0.2452392578125,-0.01491679397642189,-0.046611285144757104,0.018089629083845486,0.389404296875,9.0,False,-0.5417759357901336
prewhiten arp diag residual sts ts_demean W60,sensitivity,0.07782432918483106,0.0701233894935925,-0.03154070598364679,-0.05466716746121722,-0.00785147788824936,0.0233154296875,-0.01430643607089947,-0.03368861662208784,0.005525441275812299,0.19287109375,-0.017234269912747315,-0.04838963768722973,0.016735604392592994,0.3363037109375,9,-0.22145092792019194,0.4095904095904096,0.021486689299401746,0.019114751916666665,-0.0012632722332440425,0.04069218288193451,0.1082763671875,-0.014423390641107871,-0.04388206820415024,0.017075851408540548,0.3843994140625,8.0,False,-0.8301155861739015
prewhiten arp diag residual sts ts_demean W60,early,0.07782432918483106,0.0701233894935925,-0.0456889066890009,-0.08199841549235005,-0.007804564012788899,0.038818359375,-0.013575318374672197,-0.04808004784099,0.022090692071128914,0.4786376953125,-0.032113588314328693,-0.0856384194658182,0.02702973576262297,0.2982177734375,9,-0.4126420188995093,0.23576423576423577,0.027213952882069955,0.036577911,0.015564397224627978,0.058788689609002964,0.01025390625,-0.025381896235160243,-0.07736700703882562,0.030129835672950044,0.3861083984375,7.0,False,-0.42272816858074547
prewhiten arp diag residual sts ts_demean W60,late,0.07782432918483106,0.0701233894935925,-0.0030756134995126895,-0.016332598411042086,0.009444092219938522,0.6512451171875,-0.00306447523331448,-0.013929926762384174,0.006525705340871579,0.601318359375,-1.1138266198209626e-05,-0.014668825382103625,0.016647643156569882,0.9986572265625,9,-0.00014312061941139885,1.0,0.024732432153342514,-0.0034381975571428575,-0.02945162454808035,0.024140657547038674,0.806884765625,-0.0065447121694312115,-0.026429907299824827,0.012996438648866805,0.5421142578125,8.0,False,-275.1303639885233
prewhiten arp diag residual sts ts_demean W60,trend_a_placebo_line,,,,,,,,,,,-0.03574605069768229,-0.06057034058539238,-0.009684783929502273,0.0194091796875,11,,,,,,,,,,,,,,
prewhiten arp diag residual sts ts_demean W60,trend_b_shared_slope,,,,,,,,,,,-0.04831069410351716,-0.0809017986369229,-0.014017274933077023,0.016357421875,12,,,,,,,,,,,,,,
prewhiten arp MMI sts ts_demean global-bins,primary,0.13059372791236004,0.1004715910927032,0.054981888381717116,0.02276594921844656,0.08764474963269263,0.009033203125,0.08142359172898987,0.05774912530120099,0.10512000691314832,0.000244140625,-0.026441703347272767,-0.07181769087664579,0.015549112444952556,0.2830810546875,8,-0.20247299598505597,0.4045954045954046,0.030885548457789718,0.014346739579365081,-0.007437774446221885,0.0365345743823082,0.2452392578125,-0.008228306295771924,-0.05446476138406631,0.031040433300458223,0.7645263671875,8.0,False,3.0793625758375365
prewhiten arp MMI sts ts_demean global-bins,sensitivity,0.13059372791236004,0.1004715910927032,0.0553799065059196,0.021693132960071304,0.08826397507671013,0.009033203125,0.08085552719368275,0.05695074421513515,0.10510806871887815,0.000244140625,-0.025475620687763163,-0.0704944635184375,0.017474433136263175,0.3050537109375,8,-0.19507537685775814,0.41858141858141856,0.03044930188411006,0.01739740427443608,-0.003422224444141617,0.03970865797694235,0.155029296875,-0.007792233452688207,-0.053728010270479125,0.03162168276581606,0.771484375,8.0,False,3.173839341724871
prewhiten arp MMI sts ts_demean global-bins,early,0.13059372791236004,0.1004715910927032,0.051053699828243704,0.012079139488385947,0.09039011913071836,0.03125,0.07964993849253721,0.04399081739481998,0.11386844308821427,0.0013427734375,-0.028596238664293522,-0.08853721457154166,0.02307931140620003,0.3614501953125,7,-0.2189709959385196,0.44755244755244755,0.036680934123864854,0.036577911,0.01558380359620536,0.05853325997522319,0.01025390625,-0.02563010360452073,-0.07906925897136023,0.020976721294322733,0.3851318359375,8.0,False,2.7853291975770054
prewhiten arp MMI sts ts_demean global-bins,late,0.13059372791236004,0.1004715910927032,0.058124439224495825,0.02865247790862085,0.08824296008223757,0.00341796875,0.08284251431815197,0.06632801330808462,0.09844517401749743,0.0001220703125,-0.02471807509365615,-0.06244381519667488,0.011150041673730451,0.2332763671875,8,-0.189274596022285,0.45854145854145856,0.03448646556360393,-0.0034381975571428657,-0.030028531817574415,0.02378897342077378,0.806884765625,0.005693131551227126,-0.03615355196451891,0.04132994636657697,0.8056640625,4.0,False,3.3514953734974835
prewhiten arp MMI sts ts_demean global-bins,trend_a_placebo_line,,,,,,,,,,,-0.01465390568638328,-0.051814258274395626,0.019788985847796148,0.459716796875,9,,,,,,,,,,,,,,
prewhiten arp MMI sts ts_demean global-bins,trend_b_shared_slope,,,,,,,,,,,-0.018424666926572898,-0.0591399957932065,0.018238696352144913,0.39404296875,8,,,,,,,,,,,,,,
prewhiten arp MMI xtx+yty ts_demean global-bins,primary,0.09628333302149795,0.06756294513035804,0.08661268125431558,0.04177395913462395,0.13114960838147688,0.0037841796875,0.12539029154209483,0.09339661278349563,0.1555557350305243,0.000244140625,-0.03877761028777922,-0.09538066009590762,0.017248022255526786,0.2144775390625,9,-0.4027447853214744,0.44555444555444557,0.05154566269363518,0.014346739579365081,-0.007437774446221885,0.0365345743823082,0.2452392578125,-0.018862729112961496,-0.07783603234532602,0.04022930294760941,0.5567626953125,8.0,False,3.2335744934135775
prewhiten arp MMI xtx+yty ts_demean global-bins,sensitivity,0.09628333302149795,0.06756294513035804,0.08932857577260027,0.044298464326898275,0.13302893390953535,0.0028076171875,0.1265626831011904,0.09398688360022063,0.1570231522834032,0.000244140625,-0.037234107328590116,-0.0936836904437999,0.019135151316001475,0.230224609375,9,-0.3867139426953215,0.45554445554445555,0.05075306164790153,0.01739740427443608,-0.003422224444141617,0.03970865797694235,0.155029296875,-0.01818957194540568,-0.07782902462330374,0.041467672548132314,0.570068359375,8.0,False,3.3991061470677333
prewhiten arp MMI xtx+yty ts_demean global-bins,early,0.09628333302149795,0.06756294513035804,0.10438588766715604,0.05468652221749593,0.15002532021232304,0.0023193359375,0.1381835454120855,0.08961075594303833,0.18460220953087508,0.00048828125,-0.03379765774492945,-0.10234851281869181,0.030445025459342755,0.3514404296875,8,-0.3510229308055131,0.5564435564435565,0.06074004820708315,0.036577911,0.01558380359620536,0.05853325997522319,0.01025390625,-0.033549551569373705,-0.09719631115711518,0.03142619247279078,0.339599609375,9.0,False,4.088553900834051
prewhiten arp MMI xtx+yty ts_demean global-bins,late,0.09628333302149795,0.06756294513035804,0.0723941161240432,0.027675519433715906,0.11834435508168444,0.00927734375,0.11515568844610223,0.09279884044970765,0.13535427802983746,0.0001220703125,-0.042761572322059,-0.09571753256798284,0.008880463988735706,0.1434326171875,8,-0.44412226893424306,0.43656343656343655,0.056488839911127735,-0.0034381975571428657,-0.030028531817574415,0.02378897342077378,0.806884765625,-0.0071132711478317425,-0.06808292600864263,0.05281319376661367,0.828125,5.0,False,2.6929713336732934
prewhiten arp MMI xtx+yty ts_demean global-bins,trend_a_placebo_line,,,,,,,,,,,0.0020474557871804555,-0.04457906532300952,0.04924616537594712,0.9361572265625,6,,,,,,,,,,,,,,
prewhiten arp MMI xtx+yty ts_demean global-bins,trend_b_shared_slope,,,,,,,,,,,0.01124525215415416,-0.034517034801556476,0.0551709328205765,0.6427001953125,7,,,,,,,,,,,,,,
prewhiten arp CCS sts ts_demean global-bins,primary,0.017053586508908054,0.010627350235281536,0.030712733640025552,0.02559307643902664,0.036205236723227334,0.0001220703125,0.03349031531545477,0.02382928915544415,0.04366253906450738,0.000244140625,-0.0027775816754292255,-0.01352090756385281,0.008181860771875386,0.6385498046875,7,-0.1628737552642277,0.7092907092907093,0.007796039367247155,0.014346739579365081,-0.007437774446221885,0.0365345743823082,0.2452392578125,0.00046768761264054284,-0.011844330246640177,0.011728685669412915,0.9403076171875,7.0,False,12.057364725478125
prewhiten arp CCS sts ts_demean global-bins,sensitivity,0.017053586508908054,0.010627350235281536,0.030433629533804678,0.02546136761986682,0.03580408864726256,0.0001220703125,0.033281211820733424,0.02365219242084148,0.043378567268343354,0.000244140625,-0.0028475822869287472,-0.013722788629158818,0.008255995797616725,0.632568359375,7,-0.1669784995338836,0.7172827172827173,0.00777963922045783,0.01739740427443608,-0.003422224444141617,0.03970865797694235,0.155029296875,0.000726857004193889,-0.01152385071100203,0.011824106537746414,0.90625,6.0,False,11.68753295506301
prewhiten arp CCS sts ts_demean global-bins,early,0.017053586508908054,0.010627350235281536,0.02743576639157237,0.022004872512207587,0.03330015090540776,0.0001220703125,0.03280462165746418,0.021709559406980203,0.04447387779012318,0.000244140625,-0.005368855265891812,-0.018221247729103798,0.0075678455721914705,0.45556640625,8,-0.3148226481911799,0.5534465534465535,0.009153973581733732,0.036577911,0.01558380359620536,0.05853325997522319,0.01025390625,-0.005948398047013996,-0.020763292191975705,0.007535568536103957,0.4647216796875,7.0,False,6.110170610459743
prewhiten arp CCS sts ts_demean global-bins,late,0.017053586508908054,0.010627350235281536,0.0333343074387881,0.02741817535427816,0.03999649349555263,0.0001220703125,0.03403887024184725,0.02518321278502233,0.04366450362657675,0.0001220703125,-0.000704562803059151,-0.012070397360507334,0.009652445962919693,0.904052734375,6,-0.041314640922665624,0.9270729270729271,0.00879605127724764,-0.0034381975571428657,-0.030028531817574415,0.02378897342077378,0.806884765625,0.005600556140364172,-0.0051739635266376685,0.01574209926380727,0.3282470703125,4.0,False,48.31204556081219
prewhiten arp CCS sts ts_demean global-bins,trend_a_placebo_line,,,,,,,,,,,0.0002517373789144699,-0.009143165620059727,0.009655423738236349,0.960205078125,6,,,,,,,,,,,,,,
prewhiten arp CCS sts ts_demean global-bins,trend_b_shared_slope,,,,,,,,,,,-0.0037191840538835564,-0.01280243739823385,0.005236368127419438,0.444091796875,7,,,,,,,,,,,,,,
prewhiten arp autocorr ts_demean global-bins,primary,0.270329067619893,0.16519480966834355,0.023140887660998866,-0.06756777135256434,0.10031542797574554,0.6292724609375,0.16793898784950398,0.11937107529561218,0.2156433429276908,0.0003662109375,-0.14479810018850517,-0.2672063493475622,-0.04049805797899824,0.0162353515625,11,-0.535636442885618,0.11188811188811189,0.0908599278484292,0.014346739579365081,-0.007437774446221885,0.0365345743823082,0.2452392578125,-0.12912823810389099,-0.2603291854578138,-0.017482117107517663,0.0455322265625,10.0,True,1.1598148568998687
prewhiten arp autocorr ts_demean global-bins,sensitivity,0.270329067619893,0.16519480966834355,0.028210373711157765,-0.0624602383958863,0.10855533848036802,0.55712890625,0.16948455344221608,0.12273025397548927,0.21640657036666106,0.000244140625,-0.14127417973105835,-0.26605286859227933,-0.03826612068204989,0.01953125,11,-0.5226007731055491,0.11888111888111888,0.08950295298073285,0.01739740427443608,-0.003422224444141617,0.03970865797694235,0.155029296875,-0.13011279668383208,-0.26338340683000566,-0.020744719657117078,0.041748046875,10.0,True,1.1996852769901862
prewhiten arp autocorr ts_demean global-bins,early,0.270329067619893,0.16519480966834355,0.07420849897206686,-0.03535649721323265,0.1732713862981412,0.200927734375,0.21403330975691998,0.1457430781829113,0.27733076201882667,0.0003662109375,-0.13982481078485312,-0.2890071381569641,-0.013289541427334042,0.06103515625,11,-0.5172392743996712,0.1968031968031968,0.10897706226164706,0.036577911,0.01558380359620536,0.05853325997522319,0.01025390625,-0.15194865754735815,-0.2858632898577935,-0.026033807502722606,0.03955078125,11.0,True,1.5307248302752983
prewhiten arp autocorr ts_demean global-bins,late,0.270329067619893,0.16519480966834355,-0.017713201387855544,-0.1038868698771188,0.05965731143344312,0.72119140625,0.13106353032357124,0.08109593130711955,0.17701530640824506,0.00048828125,-0.14877673171142677,-0.2625379535752167,-0.05261375274647243,0.0103759765625,11,-0.5503541776743752,0.13386613386613386,0.09881829703663621,-0.0034381975571428657,-0.030028531817574415,0.02378897342077378,0.806884765625,-0.1108719025491172,-0.25828629289465077,0.0018188799741239256,0.1007080078125,8.0,False,0.8809410504983215
prewhiten arp autocorr ts_demean global-bins,trend_a_placebo_line,,,,,,,,,,,-0.05176650917178791,-0.16049511805115416,0.043969496779528605,0.3804931640625,7,,,,,,,,,,,,,,
prewhiten arp autocorr ts_demean global-bins,trend_b_shared_slope,,,,,,,,,,,-0.018243607556562284,-0.1334289365897743,0.0877338948727666,0.7728271484375,6,,,,,,,,,,,,,,
prewhiten ar1 MMI sts ts_gsr W60,primary,0.7175572910226364,0.6938340476502322,-0.026886956597271305,-0.04380163412316436,-0.007614682148523061,0.0166015625,0.03510315433258189,0.019152001867755182,0.05160448173178286,0.0013427734375,-0.061990110929853195,-0.08994436391844715,-0.0363869455564054,0.0006103515625,13,-0.08639046903349996,0.000999000999000999,0.013443062083650738,0.014346739579365077,-0.007189086842584333,0.03690074994977679,0.2452392578125,-0.04876574278134203,-0.07016133879438763,-0.026437322488433404,0.0020751953125,13.0,True,0.5662702293322872
prewhiten ar1 MMI sts ts_gsr W60,sensitivity,0.7175572910226364,0.6938340476502322,-0.02826022237043229,-0.04529053637534279,-0.009993829766968856,0.011962890625,0.029745711329423188,0.014359940417433558,0.04554195016839055,0.004150390625,-0.058005933699855475,-0.08588803073831341,-0.032943173258448984,0.0008544921875,13,-0.08083805213265624,0.000999000999000999,0.012970707958978174,0.019114751916666665,-0.0008746415750446493,0.04075792742458333,0.1082763671875,-0.04414786933300952,-0.0648624490854532,-0.02197865888547628,0.0028076171875,13.0,True,0.5128046293218671
prewhiten ar1 MMI sts ts_gsr W60,early,0.7175572910226364,0.6938340476502322,-0.045803714385978134,-0.06417636291375138,-0.026269900896560467,0.00146484375,0.02715762832262119,0.010651350839865051,0.04361095099511127,0.0086669921875,-0.07296134270859933,-0.10292794893878787,-0.043355578622448314,0.00048828125,13,-0.10168016355128591,0.000999000999000999,0.015760524319636322,0.036577911,0.015499043578869044,0.058886896539434526,0.01025390625,-0.058421890777850934,-0.08493271336400038,-0.03277095015184965,0.001220703125,13.0,True,0.3722194153016917
prewhiten ar1 MMI sts ts_gsr W60,late,0.7175572910226364,0.6938340476502322,-0.011753550366305845,-0.03265534791582577,0.010443567785405393,0.3140869140625,0.041459575140550486,0.024573924853917333,0.06002703347724437,0.00048828125,-0.05321312550685633,-0.08516827586672097,-0.024978522631404175,0.002685546875,12,-0.07415871341927127,0.001998001998001998,0.014614846243266135,-0.0034381975571428575,-0.03018039225388393,0.023141530111354166,0.806884765625,-0.04104082438413488,-0.06366961626109276,-0.016208029047253006,0.00830078125,12.0,True,0.7791230968985005
prewhiten ar1 MMI sts ts_gsr W60,trend_a_placebo_line,,,,,,,,,,,-0.06285772140278742,-0.08923386313258182,-0.03982144838180927,0.000244140625,13,,,,,,,,,,,,,,
prewhiten ar1 MMI sts ts_gsr W60,trend_b_shared_slope,,,,,,,,,,,-0.06576401150364496,-0.09005909952730864,-0.04419622137880016,0.000244140625,13,,,,,,,,,,,,,,
prewhiten ar1 MMI xtx+yty ts_gsr W60,primary,0.7230985528193659,0.6882685420702889,-0.035530765905600836,-0.05797434177960955,-0.010878228612468425,0.0147705078125,0.046216351892549065,0.022422180429414348,0.07219288408074545,0.00244140625,-0.08174711779814992,-0.1218780906100265,-0.04585881388493109,0.0008544921875,13,-0.1130511428620862,0.000999000999000999,0.017401838668147887,0.014346739579365077,-0.007189086842584333,0.03690074994977679,0.2452392578125,-0.0634911209338074,-0.09165188758882212,-0.0337808347714475,0.0028076171875,13.0,True,0.5653575702407826
prewhiten ar1 MMI xtx+yty ts_gsr W60,sensitivity,0.7230985528193659,0.6882685420702889,-0.03766373429724455,-0.06015806038371517,-0.01432450819516837,0.0096435546875,0.038975106280835815,0.016006964000256762,0.06367022535622675,0.0076904296875,-0.07663884057808036,-0.11638163676453855,-0.04134373085175461,0.00146484375,13,-0.10598671547504145,0.000999000999000999,0.01682721030642525,0.019114751916666665,-0.0008746415750446493,0.04075792742458333,0.1082763671875,-0.05761633643460706,-0.08444450115542969,-0.028041511440187742,0.0035400390625,13.0,True,0.5085555312012793
prewhiten ar1 MMI xtx+yty ts_gsr W60,early,0.7230985528193659,0.6882685420702889,-0.056935501149729804,-0.08227608262459878,-0.031020767821726063,0.0018310546875,0.03731711974337886,0.010731901604208111,0.06361522675900669,0.0213623046875,-0.09425262089310864,-0.13920422718428047,-0.05131167287717097,0.001220703125,12,-0.13034547023447504,0.000999000999000999,0.02063913707039371,0.036577911,0.015499043578869044,0.058886896539434526,0.01025390625,-0.07335252685871738,-0.10992138440180074,-0.03706632592671224,0.003173828125,11.0,True,0.395926600128181
prewhiten ar1 MMI xtx+yty ts_gsr W60,late,0.7230985528193659,0.6882685420702889,-0.018406977710297662,-0.04471154175816736,0.008758717275076612,0.21142578125,0.05333573761188524,0.029696410225170628,0.08111781784515064,0.0006103515625,-0.0717427153221829,-0.11426674085174357,-0.035319700795322526,0.0023193359375,12,-0.09921568096417507,0.002997002997002997,0.018844363621950532,-0.0034381975571428575,-0.03018039225388393,0.023141530111354166,0.806884765625,-0.055601996193879406,-0.08291200497856774,-0.023738347394040005,0.005615234375,13.0,True,0.7434307075270928
prewhiten ar1 MMI xtx+yty ts_gsr W60,trend_a_placebo_line,,,,,,,,,,,-0.0825648590673985,-0.11865061417808276,-0.05126845983544941,0.0003662109375,13,,,,,,,,,,,,,,
prewhiten ar1 MMI xtx+yty ts_gsr W60,trend_b_shared_slope,,,,,,,,,,,-0.08389167687901013,-0.11819596248053045,-0.053582094404707487,0.0003662109375,13,,,,,,,,,,,,,,
prewhiten ar1 CCS sts ts_gsr W60,primary,-0.05522327216799572,-0.05682050656876393,-0.003798437228731399,-0.005898238508799524,-0.0017181851275107846,0.00537109375,0.0018618859297257612,-0.0004319136004255234,0.004549902903023532,0.21435546875,-0.005660323158457161,-0.009368025355609258,-0.002226266632937317,0.0064697265625,12,0.10249887296134479,0.002997002997002997,0.001791254687641658,0.014346739579365077,-0.007189086842584333,0.03690074994977679,0.2452392578125,-0.00432054238102816,-0.0070140999939587835,-0.0017246770015304823,0.0074462890625,11.0,True,0.32893633059516997
prewhiten ar1 CCS sts ts_gsr W60,sensitivity,-0.05522327216799572,-0.05682050656876393,-0.0035221393311647476,-0.005539285837798376,-0.0015237363192359167,0.00830078125,0.001421644879506209,-0.0009796830273161913,0.004154913353407325,0.3250732421875,-0.004943784210670957,-0.008646523672440683,-0.0015078652683767283,0.0181884765625,12,0.08952356527572979,0.003996003996003996,0.0017719259063139802,0.019114751916666665,-0.0008746415750446493,0.04075792742458333,0.1082763671875,-0.0035947876048973543,-0.006149697405773297,-0.0009149164164833439,0.0233154296875,11.0,True,0.28756208178294806
prewhiten ar1 CCS sts ts_gsr W60,early,-0.05522327216799572,-0.05682050656876393,-0.005273864460433543,-0.007511885780131714,-0.002985167112603419,0.001220703125,0.0021986028797989525,-0.00019869605487592737,0.004827426262191651,0.130615234375,-0.007472467340232497,-0.011966204477659885,-0.003390876616939235,0.0029296875,11,0.13531373725012832,0.000999000999000999,0.002142357081732857,0.036577911,0.015499043578869044,0.058886896539434526,0.01025390625,-0.005795012270534148,-0.008602744061947434,-0.0029489194299823188,0.002685546875,11.0,True,0.2942271648296753
prewhiten ar1 CCS sts ts_gsr W60,late,-0.05522327216799572,-0.05682050656876393,-0.0026180954433696817,-0.005282369497459343,-2.2764698874194387e-05,0.08056640625,0.001592512369667207,-0.0008285376259538958,0.004473461348232941,0.3177490234375,-0.004210607813036889,-0.007776756031796865,-0.0009050237312656903,0.0330810546875,9,0.0762469815303179,0.03296703296703297,0.0019504380385769434,-0.0034381975571428575,-0.03018039225388393,0.023141530111354166,0.806884765625,-0.00314096646942337,-0.006200440501492566,-0.0002171204787778088,0.0672607421875,8.0,True,0.37821436723136936
prewhiten ar1 CCS sts ts_gsr W60,trend_a_placebo_line,,,,,,,,,,,-0.00549494200679656,-0.008837276114229294,-0.002576207422604231,0.0032958984375,10,,,,,,,,,,,,,,
prewhiten ar1 CCS sts ts_gsr W60,trend_b_shared_slope,,,,,,,,,,,-0.005793927355381013,-0.0090727766225871,-0.002885782831074005,0.0018310546875,12,,,,,,,,,,,,,,
prewhiten ar1 autocorr ts_gsr W60,primary,0.7506109561637174,0.7443488142108892,-0.01110919614038025,-0.016560386101359313,-0.005000341888891308,0.0047607421875,0.008522437066288104,0.0028823229764990696,0.014253375265892218,0.0135498046875,-0.019631633206668355,-0.02815864200256012,-0.01159597908123183,0.0009765625,12,-0.026154205511471986,0.007992007992007992,0.0074466657254829765,0.014346739579365077,-0.007189086842584333,0.03690074994977679,0.2452392578125,-0.016375098808911127,-0.022901100655977544,-0.009251134034847851,0.00146484375,12.0,True,0.434117578327271
prewhiten ar1 autocorr ts_gsr W60,sensitivity,0.7506109561637174,0.7443488142108892,-0.011719205966218798,-0.017189633251145305,-0.005808558902663491,0.0028076171875,0.006427023679331091,0.0009646907184394147,0.011953132541053584,0.049072265625,-0.018146229645549888,-0.026517495730790833,-0.010105858018402924,0.0013427734375,12,-0.024175279479389817,0.01898101898101898,0.007674629704741408,0.019114751916666665,-0.0008746415750446493,0.04075792742458333,0.1082763671875,-0.014574003333630325,-0.02089801911344961,-0.007330932842335725,0.0030517578125,11.0,True,0.3541795626347774
prewhiten ar1 autocorr ts_gsr W60,early,0.7506109561637174,0.7443488142108892,-0.01753293375831536,-0.0227048353117669,-0.011647624683263868,0.0003662109375,0.007161265260678221,0.002142022343161627,0.012546119454233971,0.018798828125,-0.02469419901899358,-0.032315871960622425,-0.017227683511495197,0.000244140625,13,-0.03289879905990537,0.000999000999000999,0.008268604206670768,0.036577911,0.015499043578869044,0.058886896539434526,0.01025390625,-0.020591490299204467,-0.027235319938825584,-0.013989600879189061,0.0003662109375,13.0,True,0.28999787582379666
prewhiten ar1 autocorr ts_gsr W60,late,0.7506109561637174,0.7443488142108892,-0.005970206046032188,-0.013078096770985783,0.0014079651496938402,0.14208984375,0.00961137451077603,0.003051334286483254,0.016219884502400795,0.0157470703125,-0.015581580556808219,-0.026190123535955206,-0.005125649630003646,0.013916015625,11,-0.020758530672725335,0.07992007992007992,0.008808046852667659,-0.0034381975571428575,-0.03018039225388393,0.023141530111354166,0.806884765625,-0.013001985616676454,-0.02086035200091266,-0.004176835256411787,0.0167236328125,11.0,True,0.61684207681848
prewhiten ar1 autocorr ts_gsr W60,trend_a_placebo_line,,,,,,,,,,,-0.019817319039433012,-0.027722262697236995,-0.012634100663996738,0.000244140625,13,,,,,,,,,,,,,,
prewhiten ar1 autocorr ts_gsr W60,trend_b_shared_slope,,,,,,,,,,,-0.020846366029989183,-0.027627597371721175,-0.014599877823142149,0.000244140625,13,,,,,,,,,,,,,,
prewhiten ar1 diag observed sts ts_gsr W60,primary,0.7175572910226364,0.6938340476502323,-0.026886956597271163,-0.043801634123164096,-0.007614682148522774,0.0166015625,0.035103154332581786,0.019152001867754672,0.05160448173178291,0.0013427734375,-0.06199011092985295,-0.08994436391844686,-0.036386945556405245,0.0006103515625,13,-0.08639046903349963,0.000999000999000999,0.013443062083650738,0.014346739579365077,-0.007189086842584333,0.03690074994977679,0.2452392578125,-0.048765742781341645,-0.07016133879438705,-0.026437322488432752,0.0020751953125,13.0,True,0.5662702293322877
prewhiten ar1 diag observed sts ts_gsr W60,sensitivity,0.7175572910226364,0.6938340476502323,-0.028260222370432138,-0.04529053637534259,-0.009993829766968972,0.011962890625,0.02974571132942307,0.0143599404174333,0.045541950168390334,0.004150390625,-0.058005933699855204,-0.08588803073831322,-0.032943173258448165,0.0008544921875,13,-0.08083805213265587,0.000999000999000999,0.012970707958978174,0.019114751916666665,-0.0008746415750446493,0.04075792742458333,0.1082763671875,-0.04414786933300919,-0.06486244908545255,-0.021978658885475906,0.0028076171875,13.0,True,0.5128046293218675
prewhiten ar1 diag observed sts ts_gsr W60,early,0.7175572910226364,0.6938340476502323,-0.045803714385977926,-0.0641763629137508,-0.026269900896560155,0.00146484375,0.027157628322621134,0.010651350839864647,0.04361095099511096,0.0086669921875,-0.07296134270859907,-0.1029279489387868,-0.04335557862244777,0.00048828125,13,-0.10168016355128554,0.000999000999000999,0.015760524319636322,0.036577911,0.015499043578869044,0.058886896539434526,0.01025390625,-0.058421890777850774,-0.08493271336400018,-0.032770950151849554,0.001220703125,13.0,True,0.3722194153016923
prewhiten ar1 diag observed sts ts_gsr W60,late,0.7175572910226364,0.6938340476502323,-0.01175355036630571,-0.03265534791582543,0.010443567785405755,0.3140869140625,0.041459575140550285,0.024573924853917278,0.06002703347724437,0.00048828125,-0.053213125506855995,-0.08516827586672099,-0.02497852263140313,0.002685546875,12,-0.0741587134192708,0.001998001998001998,0.014614846243266135,-0.0034381975571428575,-0.03018039225388393,0.023141530111354166,0.806884765625,-0.041040824384134346,-0.06366961626109223,-0.016208029047252513,0.00830078125,12.0,True,0.7791230968985015
prewhiten ar1 diag observed sts ts_gsr W60,trend_a_placebo_line,,,,,,,,,,,-0.06285772140278717,-0.08923386313258118,-0.039821448381808636,0.000244140625,13,,,,,,,,,,,,,,
prewhiten ar1 diag observed sts ts_gsr W60,trend_b_shared_slope,,,,,,,,,,,-0.06576401150364473,-0.09005909952730826,-0.044196221378800214,0.000244140625,13,,,,,,,,,,,,,,
prewhiten ar1 diag predicted sts ts_gsr W60,primary,0.7629732761474861,0.7393093873399985,-0.0279683833525124,-0.04609858240161381,-0.008144656646827978,0.0185546875,0.03460057220457009,0.01862088672032829,0.05095123937826019,0.0015869140625,-0.0625689555570825,-0.09074892052511051,-0.03672028930890522,0.00048828125,13,-0.08200674586273143,,,0.014346739579365077,-0.007713893602389222,0.03710264727392524,0.2452392578125,-0.05010862618181229,-0.0713889824780381,-0.0263527634477037,0.002197265625,13.0,True,0.5529990375658984
prewhiten ar1 diag predicted sts ts_gsr W60,sensitivity,0.7629732761474861,0.7393093873399985,-0.029652231735905515,-0.04716274085192441,-0.010693677906025894,0.01171875,0.029649452352766798,0.013116558993136384,0.045582172330456056,0.0057373046875,-0.05930168408867231,-0.08668415460955199,-0.033488174187203616,0.0009765625,13,-0.07772445764825063,,,0.019114751916666665,-0.0009766646802529773,0.040794809271116075,0.1082763671875,-0.04610567806521403,-0.06737104164606675,-0.022784173303775187,0.0029296875,13.0,True,0.4999765657318048
prewhiten ar1 diag predicted sts ts_gsr W60,early,0.7629732761474861,0.7393093873399985,-0.047804791007749925,-0.06543907045320725,-0.028276832663030424,0.0010986328125,0.02774201067193496,0.01120756340078908,0.04408346315495848,0.0074462890625,-0.0755468016796849,-0.10466485532069814,-0.04771437154501153,0.0003662109375,13,-0.0990163142556534,,,0.036577911,0.015788057909226178,0.058192378460267834,0.01025390625,-0.0611343124297284,-0.0878021040350273,-0.03569921548367469,0.0008544921875,13.0,True,0.3672162163735251
prewhiten ar1 diag predicted sts ts_gsr W60,late,0.7629732761474861,0.7393093873399985,-0.01209925722832243,-0.034820714048166626,0.011640362515619306,0.34130859375,0.04008742143067819,0.02193950148576421,0.059332703150813175,0.001220703125,-0.052186678659000625,-0.08643711945932456,-0.021214739061538437,0.0072021484375,11,-0.06839909114839392,,,-0.0034381975571428575,-0.029435461325327393,0.023688178669092255,0.806884765625,-0.041288077183479426,-0.06603216080248446,-0.014180711940604687,0.0135498046875,11.0,True,0.7681542964751278
prewhiten ar1 diag predicted sts ts_gsr W60,trend_a_placebo_line,,,,,,,,,,,-0.062241873308746754,-0.08982300282583494,-0.03887014064315044,0.000244140625,13,,,,,,,,,,,,,,
prewhiten ar1 diag predicted sts ts_gsr W60,trend_b_shared_slope,,,,,,,,,,,-0.06631667416628624,-0.09027436067583126,-0.04543119649729636,0.000244140625,13,,,,,,,,,,,,,,
prewhiten ar1 diag residual sts ts_gsr W60,primary,-0.045415985124849664,-0.04547533968976607,0.0010814267552412857,-0.0016345376584187483,0.003837145679000078,0.4814453125,0.0005025821280116592,-0.0029028601825393675,0.0043363433291028625,0.815185546875,0.0005788446272296263,-0.005117690769790895,0.005463777907050788,0.863525390625,5,-0.012745394064190575,0.8361638361638362,0.0028947252452535942,0.014346739579365077,-0.007189086842584333,0.03690074994977679,0.2452392578125,0.0013428834004706673,-0.0032586434937812046,0.005260226588172006,0.577392578125,5.0,False,-0.8682504844469879
prewhiten ar1 diag residual sts ts_gsr W60,sensitivity,-0.045415985124849664,-0.04547533968976607,0.0013920093654733873,-0.0011844964856795072,0.004041342728666681,0.344970703125,9.625897665621757e-05,-0.0032683112189157274,0.0039268937963312526,0.9659423828125,0.0012957503888171697,-0.004439946268274955,0.005883494246345156,0.6805419921875,5,-0.028530711934468003,0.6713286713286714,0.0029804974918484863,0.019114751916666665,-0.0008746415750446493,0.04075792742458333,0.1082763671875,0.00195780873220485,-0.0023941529811674312,0.0055964430812889465,0.38037109375,5.0,False,-0.07428820974083436
prewhiten ar1 diag residual sts ts_gsr W60,early,-0.045415985124849664,-0.04547533968976607,0.0020010766217719816,-0.0007824215291826109,0.004908846985949665,0.20458984375,-0.0005843823493138639,-0.0039013561421727522,0.0031786838508295837,0.7664794921875,0.0025854589710858455,-0.0035959448290226867,0.007840831512613632,0.410400390625,5,-0.05692839126968963,0.4515484515484515,0.0033857390720001485,0.036577911,0.015499043578869044,0.058886896539434526,0.01025390625,0.002712421651877646,-0.002312509116845739,0.00717086408926737,0.294677734375,4.0,False,0.22602654145713788
prewhiten ar1 diag residual sts ts_gsr W60,late,-0.045415985124849664,-0.04547533968976607,0.00034570686201672855,-0.0026751236040234686,0.0036135275482378133,0.849853515625,0.0013721537098720764,-0.002405744543556976,0.005653836502420761,0.54833984375,-0.0010264468478553476,-0.007556697930875499,0.004121122513886453,0.7716064453125,7,0.022601003700208636,0.7572427572427572,0.0033620392531622657,-0.0034381975571428575,-0.03018039225388393,0.023141530111354166,0.806884765625,0.0002472527993450836,-0.004611616207872367,0.004354032076337289,0.923095703125,4.0,False,1.3367995749015613
prewhiten ar1 diag residual sts ts_gsr W60,trend_a_placebo_line,,,,,,,,,,,-0.0006158480940404071,-0.006054397382175917,0.003959792744492255,0.8345947265625,5,,,,,,,,,,,,,,
prewhiten ar1 diag residual sts ts_gsr W60,trend_b_shared_slope,,,,,,,,,,,0.0005526626626415411,-0.0045472704448456785,0.004769288727324113,0.8323974609375,6,,,,,,,,,,,,,,
prewhiten ar1 MMI sts ts_gsr global-bins,primary,0.8042760637359458,0.7827027031601845,-0.02259452593132401,-0.04314024227728399,-0.001985233655152681,0.0574951171875,0.03330553028692016,0.017187170464695426,0.05069826591229657,0.0018310546875,-0.05590005621824417,-0.08769370614488155,-0.02804386274172651,0.00146484375,13,-0.06950356816362606,0.000999000999000999,0.013125608462528734,0.014346739579365081,-0.007703147866782413,0.03700974440403439,0.2452392578125,-0.042662857296445776,-0.0656883943824773,-0.017244520633641645,0.006591796875,13.0,True,0.595804951552986
prewhiten ar1 MMI sts ts_gsr global-bins,sensitivity,0.8042760637359458,0.7827027031601845,-0.024699893313787944,-0.04515390865637042,-0.003928033001275584,0.0394287109375,0.03017492435016587,0.01377835176236234,0.04723227745117872,0.004150390625,-0.054874817663953815,-0.08695307840082014,-0.027009097571274142,0.001708984375,13,-0.06822883352894352,0.000999000999000999,0.012936405097133499,0.01739740427443608,-0.003152398204996884,0.0400425982943883,0.155029296875,-0.04166683842698961,-0.06376705696908733,-0.017077668941574708,0.0067138671875,13.0,True,0.5498865533358698
prewhiten ar1 MMI sts ts_gsr global-bins,early,0.8042760637359458,0.7827027031601845,-0.03846560930194868,-0.06003279908024058,-0.01642946850007086,0.00537109375,0.02683111443074789,0.010644680482550335,0.04395367839193287,0.0081787109375,-0.06529672373269656,-0.1000628752170949,-0.033485692305607856,0.00146484375,13,-0.08118695392896128,0.000999000999000999,0.01575604433191532,0.036577911,0.015571903832514883,0.058308615951488056,0.01025390625,-0.052125327511542655,-0.08145334107710207,-0.02354177076626584,0.00537109375,12.0,True,0.41091057708478146
prewhiten ar1 MMI sts ts_gsr global-bins,late,0.8042760637359458,0.7827027031601845,-0.00989765923482425,-0.03206302363467762,0.01311441179888004,0.423095703125,0.038485062971857935,0.020013603323952547,0.05807901733526674,0.0013427734375,-0.04838272220668218,-0.08274881238627414,-0.018267514099350537,0.007568359375,12,-0.06015685955135779,0.001998001998001998,0.01468421586530843,-0.0034381975571428657,-0.029566435799761908,0.02393018885497021,0.806884765625,-0.03509288112436827,-0.05891667053036448,-0.00942205673785874,0.0235595703125,12.0,True,0.795429881093849
prewhiten ar1 MMI sts ts_gsr global-bins,trend_a_placebo_line,,,,,,,,,,,-0.05467409651853904,-0.08534396778154107,-0.029059302869071626,0.0008544921875,13,,,,,,,,,,,,,,
prewhiten ar1 MMI sts ts_gsr global-bins,trend_b_shared_slope,,,,,,,,,,,-0.057230220894134445,-0.08599695264278961,-0.03310430398550892,0.0006103515625,13,,,,,,,,,,,,,,
prewhiten ar1 MMI xtx+yty ts_gsr global-bins,primary,0.8190249042925922,0.7897941078434009,-0.02822242506455641,-0.05301108965915758,-0.003099006015484566,0.0501708984375,0.03933490270066553,0.018807419043668016,0.06299539149550709,0.0020751953125,-0.06755732776522194,-0.10746620632710546,-0.03322042927837059,0.001708984375,13,-0.0824850714687028,0.000999000999000999,0.015518641941271973,0.014346739579365081,-0.007703147866782413,0.03700974440403439,0.2452392578125,-0.05033920206817849,-0.07797631598943693,-0.02043871331947143,0.0074462890625,13.0,True,0.5822447986303401
prewhiten ar1 MMI xtx+yty ts_gsr global-bins,sensitivity,0.8190249042925922,0.7897941078434009,-0.030365463510729503,-0.05463581471929473,-0.005109691354141711,0.0360107421875,0.036008041556920646,0.015427503317452754,0.059032226369934694,0.005126953125,-0.06637350506765015,-0.10651018933918575,-0.03215348041396069,0.001953125,13,-0.08103966646164226,0.000999000999000999,0.015321502748418618,0.01739740427443608,-0.003152398204996884,0.0400425982943883,0.155029296875,-0.048885455978017744,-0.0752591437430092,-0.019957734620756437,0.0072021484375,13.0,True,0.5425062533645016
prewhiten ar1 MMI xtx+yty ts_gsr global-bins,early,0.8190249042925922,0.7897941078434009,-0.04338914632831688,-0.06861719950064406,-0.01688930179081963,0.0078125,0.031135934060929477,0.008563940868704736,0.054082566098674394,0.0235595703125,-0.07452508038924635,-0.11761263480524245,-0.03490187078337273,0.0029296875,12,-0.09099244723652831,0.000999000999000999,0.018681143414598655,0.036577911,0.015571903832514883,0.058308615951488056,0.01025390625,-0.055824776442444345,-0.09075738984733278,-0.021685243269207045,0.0098876953125,10.0,True,0.4177913515598469
prewhiten ar1 MMI xtx+yty ts_gsr global-bins,late,0.8190249042925922,0.7897941078434009,-0.016089048053548074,-0.04241855391787133,0.011818354104736176,0.2806396484375,0.0458940776124544,0.024121420318689406,0.07228257955635901,0.0003662109375,-0.06198312566600247,-0.10402415372323279,-0.02553543411330162,0.0042724609375,12,-0.07567917085444245,0.000999000999000999,0.01720717148761639,-0.0034381975571428657,-0.029566435799761908,0.02393018885497021,0.806884765625,-0.045950742568765815,-0.07329580408403585,-0.01544910202714212,0.0128173828125,12.0,True,0.7404285782513731
prewhiten ar1 MMI xtx+yty ts_gsr global-bins,trend_a_placebo_line,,,,,,,,,,,-0.06712223136484394,-0.10536397218413879,-0.03631796247386729,0.0006103515625,13,,,,,,,,,,,,,,
prewhiten ar1 MMI xtx+yty ts_gsr global-bins,trend_b_shared_slope,,,,,,,,,,,-0.0680471744130038,-0.10345441144520426,-0.03766382431244527,0.000732421875,13,,,,,,,,,,,,,,
prewhiten ar1 CCS sts ts_gsr global-bins,primary,-0.029790756183874806,-0.021870542397393136,0.00908071428953632,0.006092742133464047,0.012351383600708652,0.000244140625,-0.0043662901459372155,-0.0067733475366448725,-0.0018135372788700115,0.0078125,0.013447004435473534,0.008604403341732045,0.018561683430540838,0.00048828125,1,-0.4513817760272951,0.000999000999000999,0.0025246856268829714,0.014346739579365081,-0.007703147866782413,0.03700974440403439,0.2452392578125,0.010581521346332978,0.006974634639534367,0.014689708344832192,0.000244140625,1.0,True,0.3247035551218257
prewhiten ar1 CCS sts ts_gsr global-bins,sensitivity,-0.029790756183874806,-0.021870542397393136,0.009195100072654226,0.006211580472102713,0.012549977339426172,0.0001220703125,-0.003927658780926492,-0.006381579639941824,-0.0014676453326015763,0.01220703125,0.013122758853580718,0.008255996680922957,0.018337603242850088,0.00048828125,1,-0.44049767560730224,0.000999000999000999,0.002478800953112148,0.01739740427443608,-0.003152398204996884,0.0400425982943883,0.155029296875,0.010466859846957345,0.006918317225831273,0.014600963056558107,0.000244140625,1.0,True,0.29930129973048913
prewhiten ar1 CCS sts ts_gsr global-bins,early,-0.029790756183874806,-0.021870542397393136,0.011441696237418114,0.008119620027971397,0.014954884575529324,0.0001220703125,-0.0009831162224670294,-0.0031437997809992805,0.00114318573357639,0.3914794921875,0.01242481245988514,0.0081532668544121,0.016988167074223032,0.000244140625,1,-0.4170693883430346,0.000999000999000999,0.0030552780162983227,0.036577911,0.015571903832514883,0.058308615951488056,0.01025390625,0.011020841231422525,0.0072417413777276715,0.015317891219585263,0.000244140625,1.0,True,0.07912523634792293
prewhiten ar1 CCS sts ts_gsr global-bins,late,-0.029790756183874806,-0.021870542397393136,0.007191928731230883,0.0038780423346981203,0.010737589562736752,0.0013427734375,-0.007072829284713364,-0.010344175514673606,-0.0037653249972868148,0.0032958984375,0.014264758015944247,0.008358175771679648,0.02028509174802701,0.0006103515625,1,-0.47883168617470345,0.000999000999000999,0.002786841361295342,-0.0034381975571428657,-0.029566435799761908,0.02393018885497021,0.806884765625,0.010230065438261342,0.006208935660875814,0.014392990068394357,0.0003662109375,1.0,True,0.4958253954821948
prewhiten ar1 CCS sts ts_gsr global-bins,trend_a_placebo_line,,,,,,,,,,,0.015565458156457683,0.0104582822066473,0.020741393859373233,0.0003662109375,1,,,,,,,,,,,,,,
prewhiten ar1 CCS sts ts_gsr global-bins,trend_b_shared_slope,,,,,,,,,,,0.015350215207122079,0.01065376877229254,0.0202773373206599,0.0001220703125,0,,,,,,,,,,,,,,
prewhiten ar1 autocorr ts_gsr global-bins,primary,0.9214928383714701,0.7180914194435436,-0.24187421790154764,-0.3248637873603322,-0.16359779077998202,0.000244140625,0.07447943615042125,0.03239781693511724,0.12014021466985604,0.0048828125,-0.31635365405196886,-0.425666565096813,-0.21571079541350788,0.0003662109375,13,-0.34330560247332176,0.000999000999000999,0.05756814553822827,0.014346739579365081,-0.007703147866782413,0.03700974440403439,0.2452392578125,-0.25563087426250336,-0.35346273400347894,-0.16881788376222412,0.000244140625,13.0,True,0.23543093369228535
prewhiten ar1 autocorr ts_gsr global-bins,sensitivity,0.9214928383714701,0.7180914194435436,-0.24806559178218232,-0.33228749999992474,-0.17002689482330433,0.000244140625,0.06474109016699381,0.02382935398146429,0.10857354896309279,0.0111083984375,-0.3128066819491761,-0.4235639193547878,-0.21446686628179845,0.0003662109375,13,-0.3394564438525546,0.000999000999000999,0.056580800858941155,0.01739740427443608,-0.003152398204996884,0.0400425982943883,0.155029296875,-0.25551104753903786,-0.3542029264758869,-0.17110905488199096,0.000244140625,13.0,True,0.20696837344898134
prewhiten ar1 autocorr ts_gsr global-bins,early,0.9214928383714701,0.7180914194435436,-0.3194136949722341,-0.40210730062641203,-0.23957733430378272,0.0001220703125,0.008967690324167952,-0.029595057305493732,0.047256561932619755,0.66552734375,-0.32838138529640204,-0.4236144876157988,-0.2372247326051799,0.000244140625,13,-0.35635804384192693,0.000999000999000999,0.07065919436449461,0.036577911,0.015571903832514883,0.058308615951488056,0.01025390625,-0.2912208115423088,-0.3986149244069885,-0.19679783658462416,0.000244140625,13.0,True,0.027308765739183352
prewhiten ar1 autocorr ts_gsr global-bins,late,0.9214928383714701,0.7180914194435436,-0.17984263624499844,-0.2715374608148162,-0.09195420709770265,0.002197265625,0.1268888328114238,0.06766400866510669,0.18948214842975097,0.0013427734375,-0.30673146905642223,-0.4334570594214604,-0.18892163246104823,0.0006103515625,13,-0.33286364937843754,0.000999000999000999,0.06413288542075324,-0.0034381975571428657,-0.029566435799761908,0.02393018885497021,0.806884765625,-0.22715892443865907,-0.32319745857018345,-0.13558802157188238,0.000244140625,13.0,True,0.4136805173651192
prewhiten ar1 autocorr ts_gsr global-bins,trend_a_placebo_line,,,,,,,,,,,-0.3636967329914103,-0.4761462402028898,-0.2585727177996836,0.0001220703125,14,,,,,,,,,,,,,,
prewhiten ar1 autocorr ts_gsr global-bins,trend_b_shared_slope,,,,,,,,,,,-0.38191223392726664,-0.48853765595651205,-0.2814228365256443,0.0001220703125,14,,,,,,,,,,,,,,
prewhiten ar1 MMI sts ts_demean W60,primary,0.6821782459544872,0.6589334728326485,-0.03921300533763999,-0.06409564483742271,-0.011408641806644793,0.017578125,0.03913756670653762,0.01966389217459364,0.05758383877675937,0.0030517578125,-0.0783505720441776,-0.10699814804370576,-0.05006608212471639,0.0003662109375,13,-0.11485351886961946,0.000999000999000999,0.018124041174434825,0.014346739579365077,-0.007189086842584333,0.03690074994977679,0.2452392578125,-0.06309881293174738,-0.08630891646085916,-0.03808660400210414,0.000732421875,13.0,True,0.49951858276759087
prewhiten ar1 MMI sts ts_demean W60,sensitivity,0.6821782459544872,0.6589334728326485,-0.03910512407107479,-0.06273109353231954,-0.013276864824293678,0.013916015625,0.032419970782112624,0.012814951154992095,0.05095669949545074,0.0101318359375,-0.07152509485318741,-0.09978310952970751,-0.04418824048288801,0.00048828125,12,-0.10484810279036565,0.000999000999000999,0.017495236214596012,0.019114751916666665,-0.0008746415750446493,0.04075792742458333,0.1082763671875,-0.056065737098608674,-0.07855390228715713,-0.031174369528787892,0.001708984375,12.0,True,0.4532670784800487
prewhiten ar1 MMI sts ts_demean W60,early,0.6821782459544872,0.6589334728326485,-0.05778310903621235,-0.08509874199486629,-0.029563651783122997,0.0025634765625,0.026732721478396577,0.009019555708629903,0.04297162350872764,0.0140380859375,-0.08451583051460891,-0.11488930603668841,-0.054284432794821036,0.00048828125,13,-0.12389112525327808,0.000999000999000999,0.021004811295408578,0.036577911,0.015499043578869044,0.058886896539434526,0.01025390625,-0.07126671138794781,-0.09694658469106363,-0.045904614151500815,0.00048828125,13.0,True,0.316304310276827
prewhiten ar1 MMI sts ts_demean W60,late,0.6821782459544872,0.6589334728326485,-0.024356922378782096,-0.05269200371731894,0.005479692075454047,0.1365966796875,0.04906144288905052,0.0259285148991676,0.07133935240005847,0.0020751953125,-0.07341836526783262,-0.10877810237041927,-0.041153590911607855,0.0013427734375,11,-0.10762343376269266,0.000999000999000999,0.02009425799415383,-0.0034381975571428575,-0.03018039225388393,0.023141530111354166,0.806884765625,-0.05656449416678703,-0.08495375493720089,-0.02627776573193192,0.0050048828125,12.0,True,0.6682448282534317
prewhiten ar1 MMI sts ts_demean W60,trend_a_placebo_line,,,,,,,,,,,-0.08149328676347622,-0.11290229531968747,-0.05259562964968279,0.000244140625,13,,,,,,,,,,,,,,
prewhiten ar1 MMI sts ts_demean W60,trend_b_shared_slope,,,,,,,,,,,-0.08022244633256612,-0.11189814365979463,-0.05155520754930317,0.0003662109375,13,,,,,,,,,,,,,,
prewhiten ar1 MMI xtx+yty ts_demean W60,primary,0.6513996528861534,0.6135171259555586,-0.06812115760186525,-0.10934129439343816,-0.02376940925071766,0.011962890625,0.05773897143482342,0.02871979072306382,0.08548467562671927,0.0035400390625,-0.12586012903668867,-0.17070888958931071,-0.08054170987702028,0.000244140625,13,-0.19321491572652943,0.000999000999000999,0.028281007066697665,0.014346739579365077,-0.007189086842584333,0.03690074994977679,0.2452392578125,-0.10387394802900995,-0.14491151952201722,-0.06321634250712954,0.0006103515625,13.0,True,0.45875506307475905
prewhiten ar1 MMI xtx+yty ts_demean W60,sensitivity,0.6513996528861534,0.6135171259555586,-0.0654970812945377,-0.10419512264096778,-0.024853582422449214,0.0111083984375,0.047275882136754856,0.018538477604958577,0.07487527239666301,0.0096435546875,-0.11277296343129255,-0.15633788611099741,-0.06808588094748119,0.0003662109375,13,-0.173124076642703,0.000999000999000999,0.02738505703404597,0.019114751916666665,-0.0008746415750446493,0.04075792742458333,0.1082763671875,-0.09046820586533863,-0.12885727925457546,-0.051733183305317974,0.0008544921875,13.0,True,0.41921290971091585
prewhiten ar1 MMI xtx+yty ts_demean W60,early,0.6513996528861534,0.6135171259555586,-0.08673000769108026,-0.12949272132395584,-0.04270991196765106,0.0032958984375,0.041546576970019185,0.014909981805584177,0.066134898985678,0.0123291015625,-0.12827658466109942,-0.17269404719857623,-0.08391807101141532,0.000244140625,13,-0.1969245517598067,0.000999000999000999,0.03314883444075307,0.036577911,0.015499043578869044,0.058886896539434526,0.01025390625,-0.10893080366006803,-0.14952238356493797,-0.06951504507054439,0.0003662109375,13.0,True,0.32388278094387407
prewhiten ar1 MMI xtx+yty ts_demean W60,late,0.6513996528861534,0.6135171259555586,-0.05323407753049329,-0.10141540942738463,-0.005049884058627111,0.0543212890625,0.0706928870066668,0.03737151666036047,0.10294810727565933,0.00244140625,-0.1239269645371601,-0.1795215893614298,-0.07042810507845536,0.0010986328125,11,-0.1902472068999077,0.000999000999000999,0.03144855876333964,-0.0034381975571428575,-0.03018039225388393,0.023141530111354166,0.806884765625,-0.09982846352416354,-0.15226513146561316,-0.04812643391451763,0.0032958984375,12.0,True,0.5704399141114217
prewhiten ar1 MMI xtx+yty ts_demean W60,trend_a_placebo_line,,,,,,,,,,,-0.1279340144170216,-0.17430756864001598,-0.08275189440138586,0.000244140625,13,,,,,,,,,,,,,,
prewhiten ar1 MMI xtx+yty ts_demean W60,trend_b_shared_slope,,,,,,,,,,,-0.12128967567333926,-0.1681119725041726,-0.07455693300848734,0.0003662109375,13,,,,,,,,,,,,,,
prewhiten ar1 CCS sts ts_demean W60,primary,-0.04688517409997918,-0.04802934679201947,0.0034595034219209427,-0.002845294539885506,0.011884626981707388,0.4771728515625,-4.047973958889609e-05,-0.002907051410139739,0.0034795790716540577,0.9835205078125,0.0034999831615098384,-0.00440100346622743,0.013029850715249569,0.5169677734375,5,-0.07465010482943675,0.34765234765234765,0.0037743664132284457,0.014346739579365077,-0.007189086842584333,0.03690074994977679,0.2452392578125,0.005481255704859993,-0.0009360307433929487,0.013076487419273941,0.17041015625,6.0,False,0.011565695525070401
prewhiten ar1 CCS sts ts_demean W60,sensitivity,-0.04688517409997918,-0.04802934679201947,0.0030231801766528697,-0.002702788550084933,0.010863151320429736,0.52783203125,0.00013249123914737125,-0.0025594770234227313,0.0033805629792756104,0.947509765625,0.0028906889375054983,-0.004528125309057582,0.011552889605284462,0.5888671875,7,-0.06165464868150681,0.43956043956043955,0.0036945204443148967,0.019114751916666665,-0.0008746415750446493,0.04075792742458333,0.1082763671875,0.004914174581207477,-0.0010749508317638515,0.011847227910953304,0.190185546875,6.0,False,-0.04583379326234379
prewhiten ar1 CCS sts ts_demean W60,early,-0.04688517409997918,-0.04802934679201947,-0.00019872450611284096,-0.005842150437214832,0.0070425935220257575,0.961181640625,0.0004676380803440629,-0.002812139742201554,0.0037220002238685973,0.7894287109375,-0.0006663625864569039,-0.008450333132031022,0.007711259264386296,0.8812255859375,7,0.014212650357998773,0.8921078921078921,0.004487478213366289,0.036577911,0.015499043578869044,0.058886896539434526,0.01025390625,0.0014074036120651618,-0.003513745366911456,0.006764626566557118,0.6171875,7.0,False,0.7017772153603746
prewhiten ar1 CCS sts ts_demean W60,late,-0.04688517409997918,-0.04802934679201947,0.006386085764347968,-0.001441375163251737,0.015956251037111333,0.210205078125,-0.00044697399553526764,-0.0044700166099328545,0.004090360554316361,0.822265625,0.006833059759883236,-0.0033093396784203257,0.018744311075979663,0.2977294921875,7,-0.14574030897938525,0.08391608391608392,0.004142032825814975,-0.0034381975571428575,-0.03018039225388393,0.023141530111354166,0.806884765625,0.00874033737909586,-0.0004964696415853868,0.019470230973964053,0.1324462890625,6.0,False,0.06541344745138093
prewhiten ar1 CCS sts ts_demean W60,trend_a_placebo_line,,,,,,,,,,,0.00349523821254366,-0.0044662361116756455,0.013329156772971331,0.5133056640625,6,,,,,,,,,,,,,,
prewhiten ar1 CCS sts ts_demean W60,trend_b_shared_slope,,,,,,,,,,,0.001409385910796167,-0.005602594807085739,0.010385087716884761,0.790283203125,8,,,,,,,,,,,,,,
prewhiten ar1 autocorr ts_demean W60,primary,0.7426326856679426,0.7331081943273229,-0.0139271244355449,-0.022608325313673037,-0.004584438409972906,0.013671875,0.01366334519042095,0.006593314111709246,0.02034387546503069,0.004638671875,-0.027590469625965848,-0.037016552932869734,-0.018207124931448417,0.0003662109375,13,-0.03715224249946699,0.006993006993006993,0.01003267081261654,0.014346739579365077,-0.007189086842584333,0.03690074994977679,0.2452392578125,-0.022117878761692886,-0.029744263449177136,-0.0134207094369567,0.001220703125,12.0,True,0.4952197398467676
prewhiten ar1 autocorr ts_demean W60,sensitivity,0.7426326856679426,0.7331081943273229,-0.01311637943783103,-0.02111630554759754,-0.004285205453740327,0.0150146484375,0.011019446619454976,0.003789920896717101,0.01788589450510516,0.0137939453125,-0.024135826057286005,-0.03335156327333524,-0.014500892882467286,0.0006103515625,12,-0.03250035518646426,0.02197802197802198,0.010612833339091295,0.019114751916666665,-0.0008746415750446493,0.04075792742458333,0.1082763671875,-0.019022172097726966,-0.02636592930125339,-0.009976454155062766,0.001708984375,12.0,True,0.4565597462171169
prewhiten ar1 autocorr ts_demean W60,early,0.7426326856679426,0.7331081943273229,-0.018690287039592936,-0.028400022953152932,-0.008912245144825639,0.00390625,0.010652650924926106,0.004373421889509728,0.016700705786309344,0.0072021484375,-0.02934293796451904,-0.0394843994592655,-0.019795450820097264,0.0001220703125,14,-0.03951204751798294,0.008991008991008992,0.0111210518236847,0.036577911,0.015499043578869044,0.058886896539434526,0.01025390625,-0.02531301083748088,-0.03177551707060294,-0.018573990158261142,0.000244140625,13.0,True,0.3630396839541801
prewhiten ar1 autocorr ts_demean W60,late,0.7426326856679426,0.7331081943273229,-0.010116594352306472,-0.019560042080341566,-1.2460653856855631e-05,0.0736083984375,0.01607190060281685,0.0072369634188687955,0.02406727718748805,0.00439453125,-0.02618849495512332,-0.03829776377958798,-0.014156688721850592,0.001953125,12,-0.035264398484654264,0.03396603396603397,0.011939771488056273,-0.0034381975571428575,-0.03018039225388393,0.023141530111354166,0.806884765625,-0.01956177310106249,-0.03094130989295249,-0.0072819390465667455,0.01123046875,12.0,True,0.6137008113813988
prewhiten ar1 autocorr ts_demean W60,trend_a_placebo_line,,,,,,,,,,,-0.027465222146640118,-0.03775831124050571,-0.017606541478158384,0.0003662109375,13,,,,,,,,,,,,,,
prewhiten ar1 autocorr ts_demean W60,trend_b_shared_slope,,,,,,,,,,,-0.02559311615564034,-0.03542375942262871,-0.016043898886408545,0.0003662109375,13,,,,,,,,,,,,,,
prewhiten ar1 diag observed sts ts_demean W60,primary,0.6821782459544872,0.6589334728326485,-0.03921300533763992,-0.06409564483742253,-0.011408641806644585,0.017578125,0.039137566706537716,0.019663892174594015,0.05758383877675967,0.0030517578125,-0.07835057204417763,-0.10699814804370544,-0.05006608212471657,0.0003662109375,13,-0.1148535188696195,0.000999000999000999,0.018124041174434825,0.014346739579365077,-0.007189086842584333,0.03690074994977679,0.2452392578125,-0.06309881293174745,-0.08630891646085928,-0.03808660400210419,0.000732421875,13.0,True,0.4995185827675919
prewhiten ar1 diag observed sts ts_demean W60,sensitivity,0.6821782459544872,0.6589334728326485,-0.039105124071074804,-0.0627310935323196,-0.013276864824293792,0.013916015625,0.03241997078211274,0.012814951154992196,0.05095669949545064,0.0101318359375,-0.07152509485318756,-0.09978310952970747,-0.04418824048288865,0.00048828125,12,-0.10484810279036587,0.000999000999000999,0.017495236214596012,0.019114751916666665,-0.0008746415750446493,0.04075792742458333,0.1082763671875,-0.05606573709860879,-0.07855390228715733,-0.031174369528788007,0.001708984375,12.0,True,0.4532670784800494
prewhiten ar1 diag observed sts ts_demean W60,early,0.6821782459544872,0.6589334728326485,-0.057783109036212296,-0.08509874199486599,-0.029563651783123226,0.0025634765625,0.02673272147839671,0.009019555708630335,0.04297162350872769,0.0140380859375,-0.08451583051460901,-0.11488930603668861,-0.05428443279482069,0.00048828125,13,-0.12389112525327822,0.000999000999000999,0.021004811295408578,0.036577911,0.015499043578869044,0.058886896539434526,0.01025390625,-0.071266711387948,-0.0969465846910643,-0.04590461415150087,0.00048828125,13.0,True,0.31630431027682815
prewhiten ar1 diag observed sts ts_demean W60,late,0.6821782459544872,0.6589334728326485,-0.024356922378782047,-0.05269200371731887,0.0054796920754542735,0.1365966796875,0.04906144288905047,0.025928514899167598,0.07133935240005816,0.0020751953125,-0.07341836526783252,-0.10877810237041884,-0.04115359091160791,0.0013427734375,11,-0.10762343376269252,0.000999000999000999,0.02009425799415383,-0.0034381975571428575,-0.03018039225388393,0.023141530111354166,0.806884765625,-0.05656449416678697,-0.08495375493720107,-0.026277765731932495,0.0050048828125,12.0,True,0.6682448282534319
prewhiten ar1 diag observed sts ts_demean W60,trend_a_placebo_line,,,,,,,,,,,-0.08149328676347611,-0.11290229531968742,-0.05259562964968276,0.000244140625,13,,,,,,,,,,,,,,
prewhiten ar1 diag observed sts ts_demean W60,trend_b_shared_slope,,,,,,,,,,,-0.08022244633256605,-0.11189814365979454,-0.051555207549303164,0.0003662109375,13,,,,,,,,,,,,,,
prewhiten ar1 diag predicted sts ts_demean W60,primary,0.7238644905878514,0.6970374538051199,-0.0425438900974865,-0.07231707323221315,-0.009226591212266017,0.0257568359375,0.04419636257762626,0.02269348892366708,0.06536782835572516,0.0032958984375,-0.08674025267511275,-0.1180336024732727,-0.05491125431467828,0.0003662109375,13,-0.11982940702709545,,,0.014346739579365077,-0.007713893602389222,0.03710264727392524,0.2452392578125,-0.07092554646805642,-0.09629217754675605,-0.041203068754174295,0.001220703125,13.0,True,0.5095254073465127
prewhiten ar1 diag predicted sts ts_demean W60,sensitivity,0.7238644905878514,0.6970374538051199,-0.04011339239806872,-0.06875308789837167,-0.008938142470200524,0.0269775390625,0.03798671579534009,0.015025413601286718,0.06030395020025175,0.008056640625,-0.07810010819340882,-0.11001480409483111,-0.04694622824110617,0.00048828125,12,-0.10789327175032941,,,0.019114751916666665,-0.0009766646802529773,0.040794809271116075,0.1082763671875,-0.06268809805733778,-0.08800100649517606,-0.0338777141517819,0.001953125,12.0,True,0.4863849317758812
prewhiten ar1 diag predicted sts ts_demean W60,early,0.7238644905878514,0.6970374538051199,-0.05891183861628875,-0.0897382197096741,-0.027003604139626127,0.0048828125,0.031184680421499935,0.012316105450985198,0.04924002710827872,0.0106201171875,-0.09009651903778867,-0.12064906754627312,-0.05869202384223865,0.0003662109375,13,-0.12446600186814132,,,0.036577911,0.015788057909226178,0.058192378460267834,0.01025390625,-0.07899644006647626,-0.10411768993955504,-0.05260039330534271,0.000244140625,13.0,True,0.3461252527239185
prewhiten ar1 diag predicted sts ts_demean W60,late,0.7238644905878514,0.6970374538051199,-0.029449531282444732,-0.06284903071408181,0.006431332502520772,0.1353759765625,0.05460570830252727,0.02830337248717663,0.08059366815301056,0.0023193359375,-0.084055239584972,-0.12403042538627812,-0.04570861169654293,0.00146484375,12,-0.11612013115425875,,,-0.0034381975571428575,-0.029435461325327393,0.023688178669092255,0.806884765625,-0.0644688315893206,-0.10049660588626588,-0.027410129937049818,0.006591796875,12.0,True,0.6496407430654694
prewhiten ar1 diag predicted sts ts_demean W60,trend_a_placebo_line,,,,,,,,,,,-0.08800957636936688,-0.12311168731140552,-0.05570403569324613,0.00048828125,13,,,,,,,,,,,,,,
prewhiten ar1 diag predicted sts ts_demean W60,trend_b_shared_slope,,,,,,,,,,,-0.08512575050475979,-0.11886679421217501,-0.05248162635063709,0.00048828125,13,,,,,,,,,,,,,,
prewhiten ar1 diag residual sts ts_demean W60,primary,-0.04168624463336422,-0.03810398097247155,0.0033308847598465924,-0.0035601826890027167,0.011594752397606664,0.4620361328125,-0.0050587958710884996,-0.011296703272142973,0.0005625507622927374,0.13330078125,0.008389680630935092,0.0006887916763755942,0.017431153524642397,0.0621337890625,4,-0.20125776991243496,0.11288711288711288,0.00541198732509288,0.014346739579365077,-0.007189086842584333,0.03690074994977679,0.2452392578125,0.007826733536309001,0.0009248680554219551,0.015474470051461816,0.055419921875,4.0,True,0.6029783603961405
prewhiten ar1 diag residual sts ts_demean W60,sensitivity,-0.04168624463336422,-0.03810398097247155,0.00100826832699395,-0.006834116633859998,0.009307764249775027,0.817626953125,-0.00556674501322734,-0.012388181531629985,0.0006290516904957165,0.1331787109375,0.006575013340221291,-0.0012488219770926397,0.01577128606023377,0.1773681640625,5,-0.15772620916202365,0.22677322677322678,0.005431948609853153,0.019114751916666665,-0.0008746415750446493,0.04075792742458333,0.1082763671875,0.006622360958728988,-0.000443718839999193,0.014083076014159762,0.1065673828125,5.0,False,0.8466515161534234
prewhiten ar1 diag residual sts ts_demean W60,early,-0.04168624463336422,-0.03810398097247155,0.0011287295800764888,-0.00641636031509164,0.009127733990321346,0.7989501953125,-0.004451958943103217,-0.009012113406611238,0.00022154555786010446,0.09228515625,0.005580688523179706,-0.0017764075219770276,0.013830841184666313,0.2044677734375,5,-0.13387362119717344,0.4005994005994006,0.00641957951532433,0.036577911,0.015499043578869044,0.058886896539434526,0.01025390625,0.007729728678528246,0.0006701761096017328,0.01481664627785073,0.0576171875,4.0,True,0.797743669909502
prewhiten ar1 diag residual sts ts_demean W60,late,-0.04168624463336422,-0.03810398097247155,0.005092608903662673,-0.0030546914708779846,0.013908721590516098,0.3001708984375,-0.005544265413476727,-0.013999694243829469,0.0018231138487165301,0.2286376953125,0.010636874317139403,0.0007771232059675129,0.02194173203719599,0.0830078125,4,-0.2551650888846442,0.06893106893106893,0.006039645641702874,-0.0034381975571428575,-0.03018039225388393,0.023141530111354166,0.806884765625,0.00790433742253361,-0.0011967345972416481,0.018108625209841772,0.1539306640625,5.0,False,0.5212306969297498
prewhiten ar1 diag residual sts ts_demean W60,trend_a_placebo_line,,,,,,,,,,,0.006516289605890705,-0.0007296024530049903,0.015547203303597896,0.1510009765625,4,,,,,,,,,,,,,,
prewhiten ar1 diag residual sts ts_demean W60,trend_b_shared_slope,,,,,,,,,,,0.004903304172193808,-0.0019602310195658713,0.013455683256584403,0.2882080078125,6,,,,,,,,,,,,,,
prewhiten ar1 MMI sts ts_demean global-bins,primary,0.7647782851962585,0.7404004625527537,-0.044593397993246416,-0.08286777498465812,-0.003474265805223023,0.0537109375,0.04255409993018853,0.020181705981227715,0.06580385975619037,0.004150390625,-0.08714749792343494,-0.1288875684200212,-0.04543350738962241,0.001953125,13,-0.11395132368470821,0.000999000999000999,0.022772952904929058,0.014346739579365081,-0.007703147866782413,0.03700974440403439,0.2452392578125,-0.0727514359160766,-0.11162577109565221,-0.032116236971086044,0.0047607421875,12.0,True,0.4882997325703513
prewhiten ar1 MMI sts ts_demean global-bins,sensitivity,0.7647782851962585,0.7404004625527537,-0.04591826915544051,-0.08345362780338356,-0.005076793928725214,0.046630859375,0.03988019571379238,0.01696373220793526,0.0632605082641865,0.007080078125,-0.0857984648692329,-0.1267926297620508,-0.044131857294163086,0.0020751953125,13,-0.11218737054911958,0.000999000999000999,0.02240264184950266,0.01739740427443608,-0.003152398204996884,0.0400425982943883,0.155029296875,-0.07101385027198329,-0.11005769777306133,-0.0313530904195458,0.0052490234375,12.0,True,0.4648124622576238
prewhiten ar1 MMI sts ts_demean global-bins,early,0.7647782851962585,0.7404004625527537,-0.06288369200368235,-0.1016507354983011,-0.02159476239711775,0.0128173828125,0.02709995139600731,0.005926820154875178,0.04887458935037804,0.033935546875,-0.08998364339968966,-0.12997286654959386,-0.048348128000124176,0.001953125,12,-0.11765977818865232,0.000999000999000999,0.027222070530821464,0.036577911,0.015571903832514883,0.058308615951488056,0.01025390625,-0.07713524895273192,-0.11424955780011942,-0.039817472957710535,0.00244140625,13.0,True,0.30116530485028986
prewhiten ar1 MMI sts ts_demean global-bins,late,0.7647782851962585,0.7404004625527537,-0.0299611627848976,-0.0720797003863903,0.013996571831673748,0.21484375,0.054917418757533525,0.028166307502401292,0.08137688580203767,0.001708984375,-0.08487858154243112,-0.13695519327804817,-0.03659672068239559,0.0045166015625,12,-0.11098456008155287,0.001998001998001998,0.02505641008213707,-0.0034381975571428657,-0.029566435799761908,0.02393018885497021,0.806884765625,-0.06924438548675237,-0.11785230944032206,-0.024003871353580775,0.0150146484375,12.0,True,0.6470115046642255
prewhiten ar1 MMI sts ts_demean global-bins,trend_a_placebo_line,,,,,,,,,,,-0.08873301335785512,-0.13237730396194952,-0.04762191174524433,0.001708984375,12,,,,,,,,,,,,,,
prewhiten ar1 MMI sts ts_demean global-bins,trend_b_shared_slope,,,,,,,,,,,-0.08832920049450524,-0.13174340444254595,-0.0441533229945481,0.0029296875,12,,,,,,,,,,,,,,
prewhiten ar1 MMI xtx+yty ts_demean global-bins,primary,0.7560038228690742,0.716909587045713,-0.07436844752871884,-0.13035305661403687,-0.015864137653950797,0.030029296875,0.051817000541709755,0.02269126848469247,0.08219719895684445,0.0062255859375,-0.12618544807042859,-0.18710184732635168,-0.06669888107327937,0.001708984375,12,-0.16691112432679003,0.000999000999000999,0.031566194066483325,0.014346739579365081,-0.007703147866782413,0.03700974440403439,0.2452392578125,-0.10771333405877788,-0.16723034539258722,-0.049501220251057895,0.0032958984375,12.0,True,0.41064164952514054
prewhiten ar1 MMI xtx+yty ts_demean global-bins,sensitivity,0.7560038228690742,0.716909587045713,-0.07459368981352989,-0.1295575299413789,-0.017721064554715806,0.02734375,0.04966917103740196,0.02002149777654721,0.08023974400970532,0.0093994140625,-0.12426286085093181,-0.1838198847564617,-0.06580311378719153,0.0018310546875,12,-0.16436803239876185,0.000999000999000999,0.031025599878810473,0.01739740427443608,-0.003152398204996884,0.0400425982943883,0.155029296875,-0.10501963476022926,-0.1647055007174264,-0.048382209590981384,0.0037841796875,12.0,True,0.3997105063997044
prewhiten ar1 MMI xtx+yty ts_demean global-bins,early,0.7560038228690742,0.716909587045713,-0.09125074002364289,-0.14611837406852576,-0.03415647562559655,0.0106201171875,0.033401347800693613,0.004875592672500784,0.06313245176430525,0.0491943359375,-0.1246520878243365,-0.18433777010996116,-0.06681081441621958,0.00146484375,12,-0.16488288028924944,0.000999000999000999,0.037328931328499806,0.036577911,0.015571903832514883,0.058308615951488056,0.01025390625,-0.10483576018923728,-0.16017665496874028,-0.05448966832181976,0.002197265625,11.0,True,0.26795658527407745
prewhiten ar1 MMI xtx+yty ts_demean global-bins,late,0.7560038228690742,0.716909587045713,-0.06086261353277964,-0.12445191178111932,0.0020441956603508616,0.0965576171875,0.06654952273452266,0.03450120336749574,0.09822106254467974,0.002197265625,-0.12741213626730233,-0.20251044511723293,-0.05917768853613045,0.0028076171875,12,-0.1685337195568226,0.000999000999000999,0.034819094146257036,-0.0034381975571428657,-0.029566435799761908,0.02393018885497021,0.806884765625,-0.11001539315441033,-0.18397996594586594,-0.04423241703221741,0.00927734375,12.0,True,0.5223169839559563
prewhiten ar1 MMI xtx+yty ts_demean global-bins,trend_a_placebo_line,,,,,,,,,,,-0.12605135133029424,-0.1861270611180197,-0.06851321530653691,0.001708984375,13,,,,,,,,,,,,,,
prewhiten ar1 MMI xtx+yty ts_demean global-bins,trend_b_shared_slope,,,,,,,,,,,-0.12337235816132032,-0.1835004412036787,-0.06309022152135262,0.0025634765625,13,,,,,,,,,,,,,,
prewhiten ar1 CCS sts ts_demean global-bins,primary,-0.02873467647874815,-0.01799057488747907,0.014828191109397293,0.009179801497287943,0.02070095705836973,0.00048828125,-0.005589783442209825,-0.009711305198756104,-0.0019174107494076753,0.0091552734375,0.02041797455160712,0.01214460390324392,0.029839661850699487,0.0003662109375,1,-0.7105691468880128,0.000999000999000999,0.004393205273438017,0.014346739579365081,-0.007703147866782413,0.03700974440403439,0.2452392578125,0.0170132700605394,0.009549510800385198,0.026020977858715443,0.0001220703125,0.0,True,0.2737677739817659
prewhiten ar1 CCS sts ts_demean global-bins,sensitivity,-0.02873467647874815,-0.01799057488747907,0.01495915037413063,0.009351131715723037,0.020787760271581354,0.00048828125,-0.005039192653562319,-0.009106771639075011,-0.0015265132702435317,0.0167236328125,0.019998343027692943,0.011858626369343919,0.02928996049776362,0.000244140625,1,-0.6959654841593048,0.000999000999000999,0.0043077072620795135,0.01739740427443608,-0.003152398204996884,0.0400425982943883,0.155029296875,0.016971367947375946,0.00972565862086186,0.02561809076079738,0.0001220703125,0.0,True,0.2519805089143754
prewhiten ar1 CCS sts ts_demean global-bins,early,-0.02873467647874815,-0.01799057488747907,0.016712782977044222,0.011731246244146164,0.02184212681355452,0.0001220703125,-0.0017982481322463895,-0.005445222704072741,0.0014585428156901478,0.353759765625,0.018511031109290612,0.01259840122137537,0.025373938921538143,0.0001220703125,0,-0.6442053079310347,0.000999000999000999,0.005256760034640932,0.036577911,0.015571903832514883,0.058308615951488056,0.01025390625,0.01745017333377387,0.010839037281396447,0.02594673647048356,0.0001220703125,0.0,True,0.09714467668653293
prewhiten ar1 CCS sts ts_demean global-bins,late,-0.02873467647874815,-0.01799057488747907,0.01332051761527975,0.006322469133453123,0.02077381924049927,0.0025634765625,-0.008623011690180574,-0.013859667478899319,-0.003710190625485862,0.0052490234375,0.021943529305460324,0.011379111963330564,0.03400048480975775,0.0010986328125,2,-0.7636602180535952,0.000999000999000999,0.004896004733607514,-0.0034381975571428657,-0.029566435799761908,0.02393018885497021,0.806884765625,0.016663747441951832,0.008099260355727372,0.026303349145614836,0.0003662109375,1.0,True,0.3929637557452923
prewhiten ar1 CCS sts ts_demean global-bins,trend_a_placebo_line,,,,,,,,,,,0.02344941207562425,0.014688259808045084,0.0332985278655295,0.0001220703125,0,,,,,,,,,,,,,,
prewhiten ar1 CCS sts ts_demean global-bins,trend_b_shared_slope,,,,,,,,,,,0.022027185864489568,0.014711458077825717,0.030084133671532447,0.0001220703125,0,,,,,,,,,,,,,,
prewhiten ar1 autocorr ts_demean global-bins,primary,0.8631200613197269,0.7140216051662025,-0.17514158685325887,-0.27861442348438475,-0.08345300154412248,0.0028076171875,0.06608771350630714,-0.0017678170902651203,0.12798027390230812,0.0782470703125,-0.241229300359566,-0.3762120016179411,-0.12509332097572629,0.0013427734375,13,-0.279485220156651,0.000999000999000999,0.0578098049789853,0.014346739579365081,-0.007703147866782413,0.03700974440403439,0.2452392578125,-0.17993955770435335,-0.29807271310120237,-0.0817506421571699,0.00244140625,11.0,True,0.2739622152358758
prewhiten ar1 autocorr ts_demean global-bins,sensitivity,0.8631200613197269,0.7140216051662025,-0.18205180518294353,-0.28568522118614736,-0.08915114923286853,0.0025634765625,0.05329426218275945,-0.010464437656216468,0.1127055971612683,0.1328125,-0.23534606736570293,-0.3704073901585823,-0.11865127044269683,0.0015869140625,13,-0.2726689807277268,0.000999000999000999,0.057051862805443956,0.01739740427443608,-0.003152398204996884,0.0400425982943883,0.155029296875,-0.1805208415162687,-0.30012502487513604,-0.08163962869139689,0.0025634765625,12.0,True,0.22645061708188985
prewhiten ar1 autocorr ts_demean global-bins,early,0.8631200613197269,0.7140216051662025,-0.24823558384299044,-0.3519644994690875,-0.1412142880655368,0.0009765625,0.007178893554268214,-0.05835701696792606,0.06298101336527194,0.8438720703125,-0.25541447739725864,-0.3849095420597817,-0.13424458878301948,0.001953125,10,-0.2959199870835178,0.000999000999000999,0.07049059837054052,0.036577911,0.015571903832514883,0.058308615951488056,0.01025390625,-0.23500886813356076,-0.354871014395693,-0.12824071544148977,0.0009765625,11.0,True,0.02810683884258655
prewhiten ar1 autocorr ts_demean global-bins,late,0.8631200613197269,0.7140216051662025,-0.11666638926147359,-0.23240090334921776,-0.014545493717870193,0.0572509765625,0.11321476946793829,0.03522095578589363,0.18806864779841267,0.01611328125,-0.2298811587294119,-0.3901157379931679,-0.09916810105753096,0.0040283203125,12,-0.26633740661515765,0.001998001998001998,0.06500554744884776,-0.0034381975571428657,-0.029566435799761908,0.02393018885497021,0.806884765625,-0.13588410936098744,-0.267384636630876,-0.02159531313481146,0.0394287109375,11.0,True,0.49249259962710096
prewhiten ar1 autocorr ts_demean global-bins,trend_a_placebo_line,,,,,,,,,,,-0.2880789221652541,-0.420119436512995,-0.17788194735236437,0.000244140625,13,,,,,,,,,,,,,,
prewhiten ar1 autocorr ts_demean global-bins,trend_b_shared_slope,,,,,,,,,,,-0.30742065007303393,-0.4401279580910494,-0.1976163655840931,0.0001220703125,14,,,,,,,,,,,,,,
