# script=01_synergy_timecourse.py variant=ts_gsr regions=115 region_selection=all excluded_regions=20 atoms=rtr,rtx,rty,rts,xtr,xtx,xty,xts,ytr,ytx,yty,yts,str,stx,sty,sts tau=1 redundancy=MMI fit_mode=global seed=20261120 git=33f0b33
subject,condition,bin,rtr,rtx,rty,rts,xtr,xtx,xty,xts,ytr,ytx,yty,yts,str,stx,sty,sts
0,DMT,0,0.016605,0.008727,0.012672,0.601312,0.012672,0.610262,-0.012672,-0.592590,0.008727,-0.008727,0.599577,-0.592648,0.600471,-0.591737,-0.592639,1.224937
0,DMT,1,0.014844,0.001447,0.004857,0.610389,0.004857,0.635922,-0.004857,-0.607388,0.001447,-0.001447,0.603160,-0.607450,0.610454,-0.608172,-0.607612,1.240128
0,DMT,2,0.024268,0.007629,0.012189,0.588117,0.012189,0.639985,-0.012189,-0.581256,0.007629,-0.007629,0.594972,-0.581454,0.587650,-0.582025,-0.580207,1.196755
0,DMT,3,0.032524,0.010440,0.014561,0.598446,0.014561,0.627664,-0.014561,-0.592148,0.010440,-0.010440,0.639634,-0.593523,0.598304,-0.593478,-0.593077,1.229961
0,DMT,4,0.022135,0.015961,0.009866,0.638881,0.009866,0.634410,-0.009866,-0.629671,0.015961,-0.015961,0.633664,-0.628714,0.636214,-0.625822,-0.627981,1.299950
0,DMT,5,0.053428,0.019792,0.025064,0.599072,0.025064,0.631170,-0.025064,-0.583526,0.019792,-0.019792,0.608886,-0.582273,0.597989,-0.580828,-0.582594,1.231931
0,DMT,6,0.041540,0.021584,0.022325,0.608180,0.022325,0.648742,-0.022325,-0.592138,0.021584,-0.021584,0.629650,-0.592217,0.604374,-0.587930,-0.589014,1.239770
0,DMT,7,0.036735,0.018432,0.012707,0.651591,0.012707,0.652766,-0.012707,-0.639305,0.018432,-0.018432,0.631246,-0.639503,0.649550,-0.636591,-0.638242,1.332623
0,DMT,8,0.011157,0.004483,0.002357,0.625998,0.002357,0.637807,-0.002357,-0.625195,0.004483,-0.004483,0.612157,-0.623980,0.628185,-0.625803,-0.627251,1.275225
0,DMT,9,0.012186,0.002959,0.002131,0.604026,0.002131,0.651696,-0.002131,-0.603352,0.002959,-0.002959,0.643769,-0.602969,0.604734,-0.604009,-0.604013,1.222489
0,DMT,10,0.012676,0.003384,0.003807,0.558103,0.003807,0.585533,-0.003807,-0.557557,0.003384,-0.003384,0.596302,-0.557510,0.558065,-0.557819,-0.557398,1.133392
0,DMT,11,0.015600,0.004004,0.003906,0.589632,0.003906,0.622697,-0.003906,-0.587574,0.004004,-0.004004,0.620842,-0.587346,0.587910,-0.586079,-0.586061,1.192016
0,DMT,12,0.013679,0.002336,0.004394,0.586900,0.004394,0.605997,-0.004394,-0.585884,0.002336,-0.002336,0.592625,-0.585961,0.587873,-0.586783,-0.586858,1.184355
0,DMT,13,0.010975,0.002875,0.001118,0.638234,0.001118,0.648774,-0.001118,-0.637557,0.002875,-0.002875,0.642842,-0.637432,0.638085,-0.637341,-0.637451,1.288400
0,DMT,14,0.013674,0.004514,0.002165,0.606205,0.002165,0.627126,-0.002165,-0.605294,0.004514,-0.004514,0.628361,-0.605808,0.606212,-0.605615,-0.605375,1.226817
0,DMT,15,0.012915,0.005289,0.004494,0.579039,0.004494,0.622064,-0.004494,-0.576002,0.005289,-0.005289,0.604549,-0.576135,0.579089,-0.575887,-0.576347,1.170160
0,DMT,16,0.010419,0.003669,0.003232,0.575206,0.003232,0.620608,-0.003232,-0.573216,0.003669,-0.003669,0.586881,-0.573722,0.576108,-0.574586,-0.574125,1.163039
0,DMT,17,0.014991,0.006123,0.003777,0.580612,0.003777,0.620921,-0.003777,-0.577847,0.006123,-0.006123,0.588886,-0.577500,0.580727,-0.577787,-0.577890,1.173797
0,DMT,18,0.013161,0.008785,0.005444,0.601556,0.005444,0.650387,-0.005444,-0.596934,0.008785,-0.008785,0.632962,-0.596253,0.601622,-0.595720,-0.597314,1.218947
0,DMT,19,0.017446,0.004030,0.002657,0.668113,0.002657,0.679842,-0.002657,-0.667405,0.004030,-0.004030,0.687785,-0.667511,0.668442,-0.667991,-0.667727,1.354544
0,DMT,20,0.022582,0.000837,0.004893,0.622162,0.004893,0.647256,-0.004893,-0.621566,0.000837,-0.000837,0.663872,-0.622264,0.623354,-0.623439,-0.622643,1.263761
0,DMT,21,0.018146,0.004196,0.003207,0.622387,0.003207,0.651655,-0.003207,-0.621175,0.004196,-0.004196,0.652918,-0.621095,0.623193,-0.622174,-0.621838,1.260925
0,DMT,22,0.042546,0.008598,0.004693,0.623120,0.004693,0.706286,-0.004693,-0.622370,0.008598,-0.008598,0.716540,-0.621328,0.623698,-0.621754,-0.622657,1.278725
0,DMT,23,0.019635,0.005288,0.005652,0.579134,0.005652,0.622548,-0.005652,-0.576155,0.005288,-0.005288,0.604598,-0.576118,0.578433,-0.575642,-0.575702,1.171410
0,DMT,24,0.021694,0.006474,0.001988,0.580925,0.001988,0.621923,-0.001988,-0.579498,0.006474,-0.006474,0.591742,-0.578994,0.580282,-0.578295,-0.579065,1.181025
0,DMT,25,0.019694,0.003475,0.002639,0.613204,0.002639,0.648868,-0.002639,-0.612008,0.003475,-0.003475,0.648426,-0.611827,0.612975,-0.611829,-0.611445,1.241086
0,DMT,26,0.018784,0.006661,0.003814,0.644055,0.003814,0.669014,-0.003814,-0.641195,0.006661,-0.006661,0.662784,-0.640775,0.643887,-0.640407,-0.641334,1.301596
0,DMT,27,0.013411,0.002802,0.003437,0.611277,0.003437,0.632790,-0.003437,-0.609401,0.002802,-0.002802,0.632879,-0.609567,0.611690,-0.609702,-0.609483,1.235016
0,PCB,0,0.013447,0.003106,0.002463,0.601680,0.002463,0.650156,-0.002463,-0.599899,0.003106,-0.003106,0.635881,-0.599590,0.601086,-0.599020,-0.599646,1.216118
0,PCB,1,0.018788,0.004554,0.004322,0.616563,0.004322,0.647577,-0.004322,-0.615675,0.004554,-0.004554,0.625124,-0.615340,0.617120,-0.615863,-0.616171,1.258928
0,PCB,2,0.013727,0.005881,0.006251,0.551041,0.006251,0.583515,-0.006251,-0.546750,0.005881,-0.005881,0.578441,-0.546942,0.550761,-0.546914,-0.546968,1.121939
0,PCB,3,0.020173,0.006221,0.004793,0.618525,0.004793,0.684668,-0.004793,-0.614381,0.006221,-0.006221,0.645986,-0.614641,0.618283,-0.613831,-0.614250,1.254637
0,PCB,4,0.014485,0.007808,0.007527,0.630162,0.007527,0.618153,-0.007527,-0.624725,0.007808,-0.007808,0.649000,-0.624039,0.630328,-0.624297,-0.624868,1.286266
0,PCB,5,0.010676,0.003502,0.003124,0.599600,0.003124,0.674411,-0.003124,-0.597221,0.003502,-0.003502,0.632352,-0.597327,0.599185,-0.596891,-0.597018,1.211221
0,PCB,6,0.015144,0.002698,0.007632,0.624047,0.007632,0.662478,-0.007632,-0.620099,0.002698,-0.002698,0.648237,-0.620598,0.623260,-0.619787,-0.619734,1.260988
0,PCB,7,0.018772,0.006279,0.004683,0.598146,0.004683,0.627050,-0.004683,-0.596559,0.006279,-0.006279,0.618425,-0.595387,0.598463,-0.595719,-0.596478,1.219725
0,PCB,8,0.026072,0.005790,0.002068,0.667877,0.002068,0.742350,-0.002068,-0.666020,0.005790,-0.005790,0.691138,-0.665929,0.668197,-0.665827,-0.666726,1.354345
0,PCB,9,0.019663,0.004471,0.003182,0.596691,0.003182,0.642371,-0.003182,-0.594925,0.004471,-0.004471,0.645673,-0.594991,0.595878,-0.594395,-0.594476,1.213394
0,PCB,10,0.014721,0.006543,0.007111,0.650129,0.007111,0.693772,-0.007111,-0.644973,0.006543,-0.006543,0.639386,-0.645324,0.650254,-0.645227,-0.645143,1.322459
0,PCB,11,0.013306,0.003918,0.002911,0.589305,0.002911,0.637398,-0.002911,-0.588015,0.003918,-0.003918,0.614623,-0.587784,0.589596,-0.588350,-0.588434,1.192558
0,PCB,12,0.029958,0.003376,0.007184,0.636017,0.007184,0.686084,-0.007184,-0.634676,0.003376,-0.003376,0.709235,-0.635267,0.635918,-0.636228,-0.634519,1.293703
0,PCB,13,0.019657,0.007220,0.006554,0.562860,0.006554,0.615812,-0.006554,-0.558818,0.007220,-0.007220,0.583681,-0.558308,0.561417,-0.556914,-0.557961,1.152517
0,PCB,14,0.029881,0.007476,0.010945,0.630383,0.010945,0.689000,-0.010945,-0.623390,0.007476,-0.007476,0.657478,-0.624345,0.630989,-0.624367,-0.624438,1.281894
0,PCB,15,0.022454,0.003438,0.002779,0.642339,0.002779,0.701063,-0.002779,-0.641175,0.003438,-0.003438,0.687827,-0.641626,0.642990,-0.641990,-0.641922,1.298283
0,PCB,16,0.020329,0.006364,0.008882,0.631691,0.008882,0.679775,-0.008882,-0.626266,0.006364,-0.006364,0.648158,-0.626375,0.629428,-0.624739,-0.624136,1.275938
0,PCB,17,0.014613,0.008305,0.009228,0.563249,0.009228,0.604523,-0.009228,-0.554964,0.008305,-0.008305,0.574489,-0.555629,0.563925,-0.555865,-0.556300,1.144257
0,PCB,18,0.007778,0.000987,0.002668,0.603048,0.002668,0.670894,-0.002668,-0.601156,0.000987,-0.000987,0.649541,-0.601512,0.603147,-0.601574,-0.601560,1.212665
0,PCB,19,0.013902,0.006546,0.005095,0.652612,0.005095,0.683555,-0.005095,-0.648729,0.006546,-0.006546,0.673929,-0.648361,0.653075,-0.649013,-0.649637,1.323590
0,PCB,20,0.021215,0.001112,0.006258,0.675729,0.006258,0.721426,-0.006258,-0.673633,0.001112,-0.001112,0.716020,-0.674194,0.674954,-0.673199,-0.672592,1.366379
0,PCB,21,0.025242,0.001497,0.004795,0.701922,0.004795,0.772046,-0.004795,-0.701471,0.001497,-0.001497,0.724691,-0.703110,0.703777,-0.704277,-0.704125,1.425071
0,PCB,22,0.011745,0.001287,0.002441,0.695009,0.002441,0.758917,-0.002441,-0.692923,0.001287,-0.001287,0.723692,-0.693158,0.694988,-0.692640,-0.693183,1.397515
0,PCB,23,0.020665,0.005401,0.001375,0.660824,0.001375,0.712072,-0.001375,-0.660190,0.005401,-0.005401,0.678900,-0.659985,0.660472,-0.659715,-0.660199,1.346378
0,PCB,24,0.038589,0.004864,0.006031,0.701344,0.006031,0.794750,-0.006031,-0.698594,0.004864,-0.004864,0.774894,-0.700040,0.701052,-0.699448,-0.698473,1.419765
0,PCB,25,0.033578,0.005557,0.008918,0.702602,0.008918,0.822675,-0.008918,-0.699201,0.005557,-0.005557,0.743337,-0.699889,0.704090,-0.700294,-0.700315,1.427748
0,PCB,26,0.015998,0.020551,0.025072,0.497439,0.025072,0.461849,-0.025072,-0.478422,0.020551,-0.020551,0.484949,-0.477383,0.495535,-0.477303,-0.476582,1.040471
0,PCB,27,0.027910,0.006431,0.011882,0.587581,0.011882,0.615776,-0.011882,-0.580884,0.006431,-0.006431,0.618217,-0.581904,0.584695,-0.578612,-0.577267,1.207525
1,DMT,0,0.027063,0.002924,0.004245,0.711431,0.004245,0.729742,-0.004245,-0.710608,0.002924,-0.002924,0.710979,-0.711318,0.710668,-0.711399,-0.710479,1.446044
1,DMT,1,0.019142,0.018461,0.016207,0.583811,0.016207,0.564130,-0.016207,-0.567977,0.018461,-0.018461,0.576383,-0.566313,0.582265,-0.564487,-0.566070,1.190055
1,DMT,2,0.010521,0.004816,0.006099,0.593734,0.006099,0.635431,-0.006099,-0.588897,0.004816,-0.004816,0.630471,-0.589620,0.595103,-0.590678,-0.590434,1.205921
1,DMT,3,0.010287,0.002995,0.004310,0.616853,0.004310,0.671916,-0.004310,-0.615429,0.002995,-0.002995,0.625146,-0.615850,0.616216,-0.614934,-0.614855,1.249016
1,DMT,4,0.018405,0.008019,0.004140,0.548137,0.004140,0.589287,-0.004140,-0.545679,0.008019,-0.008019,0.586442,-0.545934,0.548983,-0.546841,-0.546258,1.125396
1,DMT,5,0.020694,0.004299,0.005652,0.618789,0.005652,0.688473,-0.005652,-0.616247,0.004299,-0.004299,0.635276,-0.617004,0.618193,-0.616611,-0.615634,1.256638
1,DMT,6,0.020916,0.006595,0.007647,0.560566,0.007647,0.625912,-0.007647,-0.554683,0.006595,-0.006595,0.590035,-0.555332,0.561144,-0.555942,-0.555846,1.140299
1,DMT,7,0.011590,0.003321,0.000399,0.620038,0.000399,0.655862,-0.000399,-0.619430,0.003321,-0.003321,0.636656,-0.619652,0.621768,-0.621148,-0.621253,1.252916
1,DMT,8,0.021188,0.000352,0.001963,0.675241,0.001963,0.723536,-0.001963,-0.675731,0.000352,-0.000352,0.686039,-0.676400,0.675615,-0.676243,-0.675632,1.365871
1,DMT,9,0.011143,0.002840,0.003109,0.600230,0.003109,0.634427,-0.003109,-0.598368,0.002840,-0.002840,0.623696,-0.598706,0.600340,-0.598598,-0.598361,1.210520
1,DMT,10,0.010881,0.002797,0.004365,0.562301,0.004365,0.605045,-0.004365,-0.560966,0.002797,-0.002797,0.585608,-0.561497,0.562065,-0.561256,-0.560717,1.139948
1,DMT,11,0.015133,0.002742,0.005318,0.567767,0.005318,0.619950,-0.005318,-0.565865,0.002742,-0.002742,0.589028,-0.565834,0.567459,-0.565641,-0.565932,1.152196
1,DMT,12,0.018860,0.005014,0.006933,0.597548,0.006933,0.649258,-0.006933,-0.594911,0.005014,-0.005014,0.602428,-0.594733,0.598066,-0.595244,-0.595326,1.211000
1,DMT,13,0.011802,0.003519,-0.000082,0.594406,-0.000082,0.634294,0.000082,-0.594360,0.003519,-0.003519,0.626091,-0.594300,0.592903,-0.592981,-0.593142,1.203810
1,DMT,14,0.010156,0.002881,0.001704,0.611395,0.001704,0.628207,-0.001704,-0.610443,0.002881,-0.002881,0.637480,-0.610129,0.611677,-0.610638,-0.610423,1.234833
1,DMT,15,0.012751,0.004737,0.006121,0.565577,0.006121,0.609818,-0.006121,-0.562046,0.004737,-0.004737,0.583271,-0.561968,0.565284,-0.561567,-0.561724,1.150381
1,DMT,16,0.017227,0.007889,0.007483,0.555750,0.007483,0.586957,-0.007483,-0.551027,0.007889,-0.007889,0.580654,-0.550891,0.555143,-0.550091,-0.550732,1.136652
1,DMT,17,0.016789,0.004705,0.005215,0.556514,0.005215,0.610872,-0.005215,-0.553953,0.004705,-0.004705,0.581511,-0.552872,0.558244,-0.554361,-0.555245,1.130078
1,DMT,18,0.025743,0.009363,0.013000,0.638673,0.013000,0.695296,-0.013000,-0.629432,0.009363,-0.009363,0.670137,-0.629640,0.639984,-0.630739,-0.630751,1.294757
1,DMT,19,0.042693,0.006014,0.013226,0.634950,0.013226,0.676987,-0.013226,-0.631409,0.006014,-0.006014,0.661164,-0.632330,0.636176,-0.632868,-0.633012,1.309179
1,DMT,20,0.019198,0.002617,0.003150,0.605641,0.003150,0.617136,-0.003150,-0.605415,0.002617,-0.002617,0.612297,-0.604983,0.606708,-0.606246,-0.606337,1.234989
1,DMT,21,0.012720,0.003943,0.006618,0.645148,0.006618,0.691389,-0.006618,-0.640614,0.003943,-0.003943,0.659596,-0.641900,0.644829,-0.640851,-0.640843,1.300922
1,DMT,22,0.020172,0.010492,0.012888,0.601590,0.012888,0.669144,-0.012888,-0.591311,0.010492,-0.010492,0.595710,-0.592736,0.600629,-0.590962,-0.590890,1.217710
1,DMT,23,0.012833,0.007228,0.010439,0.660452,0.010439,0.711185,-0.010439,-0.652840,0.007228,-0.007228,0.692242,-0.652835,0.660342,-0.652501,-0.652619,1.332063
1,DMT,24,0.029193,0.006711,0.013075,0.724790,0.013075,0.742808,-0.013075,-0.715428,0.006711,-0.006711,0.716832,-0.716606,0.725828,-0.716689,-0.717170,1.466168
1,DMT,25,0.028123,0.013082,0.011495,0.605777,0.011495,0.609043,-0.011495,-0.596968,0.013082,-0.013082,0.603585,-0.595289,0.604955,-0.594670,-0.596160,1.244653
1,DMT,26,0.052369,0.005507,0.009731,0.790398,0.009731,0.882137,-0.009731,-0.790413,0.005507,-0.005507,0.806700,-0.791664,0.792656,-0.793549,-0.792314,1.606443
1,DMT,27,0.019658,0.012452,0.015057,0.616784,0.015057,0.608611,-0.015057,-0.604045,0.012452,-0.012452,0.606520,-0.604746,0.617154,-0.605458,-0.605118,1.256771
1,PCB,0,0.027167,0.013864,0.014302,0.678459,0.014302,0.682715,-0.014302,-0.666069,0.013864,-0.013864,0.687158,-0.666632,0.678097,-0.666612,-0.665781,1.379424
1,PCB,1,0.027502,0.008197,0.004194,0.565338,0.004194,0.586276,-0.004194,-0.563890,0.008197,-0.008197,0.592246,-0.562498,0.564735,-0.562464,-0.563349,1.165726
1,PCB,2,0.014384,0.009814,0.010916,0.582035,0.010916,0.612701,-0.010916,-0.573809,0.009814,-0.009814,0.604090,-0.574701,0.582079,-0.574373,-0.574783,1.198369
1,PCB,3,0.027188,0.008619,0.012686,0.596120,0.012686,0.617329,-0.012686,-0.587945,0.008619,-0.008619,0.615615,-0.589393,0.596658,-0.590103,-0.589150,1.232051
1,PCB,4,0.027817,0.009859,0.006748,0.615507,0.006748,0.690194,-0.006748,-0.607648,0.009859,-0.009859,0.704947,-0.607967,0.616899,-0.610026,-0.609620,1.272525
1,PCB,5,0.022515,0.010027,0.010446,0.592096,0.010446,0.656486,-0.010446,-0.583594,0.010027,-0.010027,0.623060,-0.583410,0.591648,-0.582512,-0.583489,1.219982
1,PCB,6,0.025022,0.004457,0.006538,0.650019,0.006538,0.691042,-0.006538,-0.648289,0.004457,-0.004457,0.679016,-0.649112,0.650311,-0.648897,-0.648838,1.330571
1,PCB,7,0.018102,0.005137,0.007268,0.637329,0.007268,0.679437,-0.007268,-0.633249,0.005137,-0.005137,0.664373,-0.632849,0.637132,-0.633001,-0.632495,1.291054
1,PCB,8,0.017136,0.008148,0.006661,0.623466,0.006661,0.642800,-0.006661,-0.618056,0.008148,-0.008148,0.635752,-0.618108,0.623647,-0.618262,-0.618734,1.265758
1,PCB,9,0.016188,0.007169,0.009328,0.575701,0.009328,0.601204,-0.009328,-0.569837,0.007169,-0.007169,0.576865,-0.570332,0.575492,-0.570582,-0.570606,1.179713
1,PCB,10,0.022165,0.003943,0.004697,0.674466,0.004697,0.718015,-0.004697,-0.672429,0.003943,-0.003943,0.704697,-0.672587,0.675795,-0.673700,-0.673570,1.377593
1,PCB,11,0.046529,0.011715,0.013661,0.721284,0.013661,0.795248,-0.013661,-0.715519,0.011715,-0.011715,0.752331,-0.714666,0.720646,-0.714395,-0.715405,1.472446
1,PCB,12,0.029873,0.018015,0.012035,0.616190,0.012035,0.625902,-0.012035,-0.602647,0.018015,-0.018015,0.615091,-0.602513,0.616833,-0.603180,-0.603770,1.263883
1,PCB,13,0.017519,0.004745,0.009679,0.637606,0.009679,0.679500,-0.009679,-0.631296,0.004745,-0.004745,0.679641,-0.631630,0.636442,-0.630785,-0.630555,1.291988
1,PCB,14,0.020060,0.006728,0.006431,0.631663,0.006431,0.643166,-0.006431,-0.627866,0.006728,-0.006728,0.638116,-0.628230,0.632123,-0.628132,-0.628140,1.281955
1,PCB,15,0.023136,0.003748,0.002924,0.636518,0.002924,0.669042,-0.002924,-0.637101,0.003748,-0.003748,0.666856,-0.636748,0.635900,-0.635943,-0.636436,1.306734
1,PCB,16,0.026960,0.005083,0.005273,0.657683,0.005273,0.698686,-0.005273,-0.656405,0.005083,-0.005083,0.647355,-0.655321,0.658636,-0.655687,-0.657423,1.339036
1,PCB,17,0.017505,0.003336,0.005057,0.685595,0.005057,0.740121,-0.005057,-0.682243,0.003336,-0.003336,0.710097,-0.682347,0.686459,-0.683452,-0.683213,1.385132
1,PCB,18,0.008999,0.003446,0.002076,0.644602,0.002076,0.693290,-0.002076,-0.643070,0.003446,-0.003446,0.642184,-0.642759,0.643878,-0.641349,-0.643101,1.308021
1,PCB,19,0.023731,0.000216,-0.002841,0.660504,-0.002841,0.661180,0.002841,-0.667868,0.000216,-0.000216,0.683360,-0.666865,0.661090,-0.667276,-0.667620,1.354558
1,PCB,20,0.008117,0.003893,0.001953,0.644445,0.001953,0.671970,-0.001953,-0.642320,0.003893,-0.003893,0.650236,-0.640701,0.643391,-0.639922,-0.640814,1.300400
1,PCB,21,0.015586,0.003922,0.003607,0.684665,0.003607,0.762598,-0.003607,-0.680377,0.003922,-0.003922,0.704753,-0.681260,0.684215,-0.680406,-0.680660,1.384933
1,PCB,22,0.030688,0.005958,0.003196,0.646885,0.003196,0.679539,-0.003196,-0.644714,0.005958,-0.005958,0.641305,-0.646545,0.648374,-0.648536,-0.645752,1.324860
1,PCB,23,0.025068,0.005517,0.008926,0.705966,0.008926,0.737117,-0.008926,-0.701276,0.005517,-0.005517,0.696497,-0.704379,0.706209,-0.703482,-0.702484,1.436483
1,PCB,24,0.013996,0.002556,0.005302,0.614811,0.005302,0.677017,-0.005302,-0.610675,0.002556,-0.002556,0.679464,-0.612191,0.615338,-0.612554,-0.612070,1.247504
1,PCB,25,0.013229,0.006170,0.006670,0.636305,0.006670,0.664886,-0.006670,-0.630529,0.006170,-0.006170,0.641211,-0.630970,0.637141,-0.631378,-0.630945,1.283472
1,PCB,26,0.008112,0.011165,0.016381,0.608010,0.016381,0.583483,-0.016381,-0.591811,0.011165,-0.011165,0.673284,-0.591415,0.607898,-0.592948,-0.590612,1.238138
1,PCB,27,0.007979,0.007472,0.006597,0.671387,0.006597,0.702313,-0.006597,-0.664233,0.007472,-0.007472,0.680822,-0.663941,0.672021,-0.664815,-0.665097,1.359461
2,DMT,0,0.020478,0.008958,0.005825,0.681566,0.005825,0.682367,-0.005825,-0.676586,0.008958,-0.008958,0.692516,-0.676280,0.681199,-0.676082,-0.676484,1.381484
2,DMT,1,0.043890,0.015857,0.011500,0.665571,0.011500,0.737617,-0.011500,-0.656051,0.015857,-0.015857,0.697037,-0.656353,0.666114,-0.656844,-0.656870,1.354926
2,DMT,2,0.019520,0.004631,0.004949,0.648595,0.004949,0.690781,-0.004949,-0.645123,0.004631,-0.004631,0.704573,-0.647011,0.648111,-0.646640,-0.645024,1.316028
2,DMT,3,0.006046,0.006594,0.003319,0.648062,0.003319,0.700832,-0.003319,-0.643684,0.006594,-0.006594,0.673911,-0.642347,0.648569,-0.643325,-0.643688,1.301478
2,DMT,4,0.030892,0.008470,0.009585,0.656612,0.009585,0.718368,-0.009585,-0.651504,0.008470,-0.008470,0.676991,-0.651314,0.656267,-0.650726,-0.651771,1.336193
2,DMT,5,0.015605,0.005236,0.004498,0.658036,0.004498,0.767052,-0.004498,-0.653610,0.005236,-0.005236,0.665351,-0.654408,0.656859,-0.653041,-0.652977,1.324254
2,DMT,6,0.030410,0.008959,0.008172,0.702956,0.008172,0.768358,-0.008172,-0.696220,0.008959,-0.008959,0.769728,-0.696577,0.702342,-0.696592,-0.696481,1.418242
2,DMT,7,0.017805,0.004151,0.002951,0.627121,0.002951,0.669359,-0.002951,-0.626551,0.004151,-0.004151,0.700749,-0.625933,0.628317,-0.627432,-0.627503,1.276009
2,DMT,8,0.007813,0.002176,0.003868,0.651612,0.003868,0.646436,-0.003868,-0.649816,0.002176,-0.002176,0.641667,-0.649334,0.651789,-0.649489,-0.650097,1.312538
2,DMT,9,0.011603,0.002521,0.001099,0.573893,0.001099,0.595486,-0.001099,-0.573957,0.002521,-0.002521,0.594351,-0.574125,0.574191,-0.574385,-0.574108,1.165521
2,DMT,10,0.008497,0.003237,0.002372,0.495164,0.002372,0.509791,-0.002372,-0.494220,0.003237,-0.003237,0.520207,-0.493551,0.494913,-0.493789,-0.494202,1.010223
2,DMT,11,0.010544,0.004278,0.002804,0.547817,0.002804,0.565332,-0.002804,-0.545751,0.004278,-0.004278,0.571257,-0.545884,0.547451,-0.545477,-0.545717,1.111955
2,DMT,12,0.013737,0.004848,0.001434,0.612620,0.001434,0.665031,-0.001434,-0.611601,0.004848,-0.004848,0.628725,-0.611125,0.612910,-0.611447,-0.611493,1.236451
2,DMT,13,0.013600,0.007130,0.003275,0.566200,0.003275,0.606356,-0.003275,-0.562359,0.007130,-0.007130,0.574718,-0.562708,0.565677,-0.562186,-0.562436,1.151435
2,DMT,14,0.015967,0.006443,0.004336,0.602413,0.004336,0.649378,-0.004336,-0.599460,0.006443,-0.006443,0.628169,-0.599756,0.602058,-0.599437,-0.599284,1.223107
2,DMT,15,0.012673,0.002094,0.005359,0.588918,0.005359,0.626753,-0.005359,-0.586070,0.002094,-0.002094,0.602001,-0.587405,0.588807,-0.587249,-0.586171,1.189075
2,DMT,16,0.017073,0.006231,0.008595,0.594254,0.008595,0.613611,-0.008595,-0.588856,0.006231,-0.006231,0.610269,-0.588746,0.595142,-0.588671,-0.590204,1.207869
2,DMT,17,0.036852,0.006740,0.009096,0.673453,0.009096,0.768128,-0.009096,-0.670677,0.006740,-0.006740,0.677104,-0.669782,0.672642,-0.669019,-0.669204,1.372874
2,DMT,18,0.017677,0.005371,0.002693,0.619932,0.002693,0.661135,-0.002693,-0.618051,0.005371,-0.005371,0.643370,-0.617746,0.619151,-0.617363,-0.617768,1.251989
2,DMT,19,0.034424,0.012351,0.006294,0.632486,0.006294,0.627885,-0.006294,-0.628914,0.012351,-0.012351,0.651773,-0.628096,0.630944,-0.626530,-0.626865,1.300252
2,DMT,20,0.010869,0.002519,0.002496,0.647812,0.002496,0.688761,-0.002496,-0.646485,0.002519,-0.002519,0.649902,-0.646925,0.648557,-0.647458,-0.647292,1.305797
2,DMT,21,0.011333,0.004435,0.003553,0.586386,0.003553,0.593478,-0.003553,-0.584404,0.004435,-0.004435,0.597048,-0.583782,0.585321,-0.582832,-0.583355,1.184675
2,DMT,22,0.010153,0.003043,0.000599,0.605438,0.000599,0.644561,-0.000599,-0.604984,0.003043,-0.003043,0.618946,-0.604271,0.605317,-0.603961,-0.605012,1.223271
2,DMT,23,0.011751,0.001744,0.002573,0.638944,0.002573,0.653928,-0.002573,-0.638067,0.001744,-0.001744,0.655958,-0.638147,0.638545,-0.637704,-0.637803,1.285370
2,DMT,24,0.010703,0.004134,0.005018,0.606231,0.005018,0.601719,-0.005018,-0.603580,0.004134,-0.004134,0.619793,-0.603581,0.605271,-0.603018,-0.602823,1.228824
2,DMT,25,0.015479,0.002855,0.005589,0.630474,0.005589,0.669785,-0.005589,-0.629043,0.002855,-0.002855,0.650554,-0.629725,0.629671,-0.629231,-0.628302,1.285391
2,DMT,26,0.010449,0.002458,0.005641,0.609308,0.005641,0.633690,-0.005641,-0.605653,0.002458,-0.002458,0.617697,-0.605967,0.609030,-0.605658,-0.605197,1.229035
2,DMT,27,0.011757,0.001425,0.003731,0.637176,0.003731,0.668994,-0.003731,-0.635117,0.001425,-0.001425,0.653551,-0.635611,0.637339,-0.635946,-0.635689,1.287263
2,PCB,0,0.027554,0.009208,0.006566,0.571328,0.006566,0.572289,-0.006566,-0.567176,0.009208,-0.009208,0.584586,-0.567192,0.570316,-0.566504,-0.566683,1.201147
2,PCB,1,0.032596,0.007671,0.009154,0.615863,0.009154,0.652140,-0.009154,-0.612306,0.007671,-0.007671,0.630098,-0.612772,0.615691,-0.612466,-0.612974,1.270196
2,PCB,2,0.012073,0.009914,0.001870,0.579319,0.001870,0.598297,-0.001870,-0.575627,0.009914,-0.009914,0.602221,-0.574263,0.578663,-0.574311,-0.575157,1.174651
2,PCB,3,0.030690,0.006004,0.007386,0.638471,0.007386,0.673584,-0.007386,-0.634453,0.006004,-0.006004,0.650145,-0.635675,0.638313,-0.635120,-0.634322,1.314140
2,PCB,4,0.054703,0.006981,0.010052,0.668966,0.010052,0.738771,-0.010052,-0.665242,0.006981,-0.006981,0.709137,-0.664698,0.668580,-0.664429,-0.665289,1.376898
2,PCB,5,0.033849,0.005966,0.005014,0.643929,0.005014,0.700807,-0.005014,-0.642320,0.005966,-0.005966,0.666896,-0.641478,0.643463,-0.641907,-0.642438,1.319188
2,PCB,6,0.029367,0.007463,0.000920,0.659247,0.000920,0.687301,-0.000920,-0.658958,0.007463,-0.007463,0.658523,-0.658152,0.658168,-0.657003,-0.658063,1.354708
2,PCB,7,0.037642,0.008274,0.004444,0.674559,0.004444,0.744196,-0.004444,-0.672518,0.008274,-0.008274,0.712024,-0.672477,0.672626,-0.671049,-0.671218,1.374671
2,PCB,8,0.028336,0.005729,0.010281,0.596738,0.010281,0.625069,-0.010281,-0.592528,0.005729,-0.005729,0.616647,-0.593521,0.596872,-0.593219,-0.592674,1.225649
2,PCB,9,0.035972,0.006820,0.008710,0.580534,0.008710,0.614743,-0.008710,-0.576997,0.006820,-0.006820,0.609363,-0.577331,0.580558,-0.577776,-0.576916,1.195082
2,PCB,10,0.027969,0.007357,0.004517,0.638470,0.004517,0.704840,-0.004517,-0.635288,0.007357,-0.007357,0.676526,-0.635445,0.638142,-0.635158,-0.635436,1.301805
2,PCB,11,0.052807,0.009928,0.006815,0.657233,0.006815,0.714474,-0.006815,-0.652962,0.009928,-0.009928,0.689931,-0.653024,0.657282,-0.652559,-0.653615,1.341293
2,PCB,12,0.025992,0.006912,0.005639,0.657591,0.005639,0.686852,-0.005639,-0.654524,0.006912,-0.006912,0.694304,-0.654253,0.657259,-0.654340,-0.654050,1.334974
2,PCB,13,0.005395,0.001919,0.003155,0.637914,0.003155,0.696962,-0.003155,-0.635066,0.001919,-0.001919,0.650582,-0.635136,0.636400,-0.633437,-0.634163,1.286044
2,PCB,14,0.005617,-0.000504,0.001853,0.650532,0.001853,0.704009,-0.001853,-0.648991,-0.000504,0.000504,0.681836,-0.650369,0.650280,-0.650113,-0.649082,1.315476
2,PCB,15,0.049609,0.008655,0.009549,0.712052,0.009549,0.762764,-0.009549,-0.707631,0.008655,-0.008655,0.752401,-0.707073,0.712300,-0.707199,-0.707676,1.451731
2,PCB,16,0.027281,0.004567,0.003764,0.670627,0.003764,0.680935,-0.003764,-0.668774,0.004567,-0.004567,0.686848,-0.668781,0.670950,-0.669017,-0.669307,1.358552
2,PCB,17,0.040881,0.007861,0.007619,0.686246,0.007619,0.723777,-0.007619,-0.682940,0.007861,-0.007861,0.704930,-0.682572,0.684849,-0.681519,-0.681482,1.398119
2,PCB,18,0.024001,0.008338,0.004717,0.670656,0.004717,0.697678,-0.004717,-0.667519,0.008338,-0.008338,0.709227,-0.666968,0.671175,-0.667647,-0.667813,1.366795
2,PCB,19,0.020160,0.008170,0.011187,0.605218,0.011187,0.650905,-0.011187,-0.598717,0.008170,-0.008170,0.650874,-0.599269,0.606172,-0.600180,-0.599417,1.234633
2,PCB,20,0.016909,0.004124,0.005448,0.616638,0.005448,0.665746,-0.005448,-0.613542,0.004124,-0.004124,0.641476,-0.613738,0.618080,-0.614636,-0.615207,1.264853
2,PCB,21,0.039267,0.008447,0.006333,0.669446,0.006333,0.740382,-0.006333,-0.666722,0.008447,-0.008447,0.709175,-0.666756,0.669348,-0.666445,-0.666658,1.374489
2,PCB,22,0.029952,0.003806,0.002655,0.654485,0.002655,0.738099,-0.002655,-0.652292,0.003806,-0.003806,0.686277,-0.651783,0.652903,-0.650552,-0.651315,1.323969
2,PCB,23,0.011717,0.003182,0.003731,0.610885,0.003731,0.659791,-0.003731,-0.608648,0.003182,-0.003182,0.630455,-0.609894,0.609919,-0.607528,-0.608688,1.247274
2,PCB,24,0.034139,0.008136,0.006349,0.598002,0.006349,0.583957,-0.006349,-0.596002,0.008136,-0.008136,0.624473,-0.595095,0.598034,-0.596265,-0.595232,1.257944
2,PCB,25,0.023885,0.006146,0.002415,0.660356,0.002415,0.724397,-0.002415,-0.658416,0.006146,-0.006146,0.703350,-0.658653,0.660239,-0.658394,-0.658499,1.328655
2,PCB,26,0.021291,0.003297,0.006087,0.619572,0.006087,0.693927,-0.006087,-0.615572,0.003297,-0.003297,0.647950,-0.615435,0.619160,-0.615537,-0.615209,1.252795
2,PCB,27,0.049607,0.011302,0.007599,0.616444,0.007599,0.642205,-0.007599,-0.611741,0.011302,-0.011302,0.635997,-0.612514,0.617147,-0.612653,-0.612114,1.284212
3,DMT,0,0.021671,0.006562,0.007152,0.684317,0.007152,0.727572,-0.007152,-0.678135,0.006562,-0.006562,0.682056,-0.679024,0.683775,-0.678338,-0.678297,1.381893
3,DMT,1,0.014764,0.003675,0.000301,0.628104,0.000301,0.646444,-0.000301,-0.628162,0.003675,-0.003675,0.669464,-0.627820,0.627784,-0.627696,-0.627827,1.277737
3,DMT,2,0.025762,0.007063,0.006931,0.689806,0.006931,0.724142,-0.006931,-0.685342,0.007063,-0.007063,0.726057,-0.685481,0.689042,-0.684602,-0.684632,1.393636
3,DMT,3,0.019469,0.003384,0.002130,0.686156,0.002130,0.740637,-0.002130,-0.684475,0.003384,-0.003384,0.722894,-0.684624,0.686458,-0.684580,-0.684898,1.382097
3,DMT,4,0.020911,0.002218,0.004131,0.657799,0.004131,0.695708,-0.004131,-0.654986,0.002218,-0.002218,0.692278,-0.655868,0.657829,-0.655750,-0.655414,1.337494
3,DMT,5,0.027786,0.005150,0.007257,0.606995,0.007257,0.711129,-0.007257,-0.602857,0.005150,-0.005150,0.664276,-0.603224,0.606779,-0.603001,-0.602997,1.233873
3,DMT,6,0.017717,0.006012,0.004543,0.769216,0.004543,0.806104,-0.004543,-0.766217,0.006012,-0.006012,0.816105,-0.766012,0.769417,-0.766290,-0.766147,1.547959
3,DMT,7,0.011481,0.004454,0.001859,0.731004,0.001859,0.781340,-0.001859,-0.729646,0.004454,-0.004454,0.758733,-0.729766,0.731145,-0.729674,-0.729980,1.473898
3,DMT,8,0.018398,0.002784,0.004221,0.728903,0.004221,0.753733,-0.004221,-0.727306,0.002784,-0.002784,0.756554,-0.727300,0.730092,-0.728427,-0.728341,1.471150
3,DMT,9,0.008367,0.002454,0.002519,0.629323,0.002519,0.673094,-0.002519,-0.627938,0.002454,-0.002454,0.650435,-0.628060,0.629261,-0.627932,-0.628318,1.272281
3,DMT,10,0.011224,0.003993,0.001926,0.632028,0.001926,0.675350,-0.001926,-0.630679,0.003993,-0.003993,0.646081,-0.630161,0.631751,-0.629823,-0.630370,1.274030
3,DMT,11,0.011637,0.002045,0.003405,0.631166,0.003405,0.701952,-0.003405,-0.629687,0.002045,-0.002045,0.669797,-0.630133,0.631940,-0.631003,-0.630440,1.273225
3,DMT,12,0.016092,0.007194,0.003825,0.634216,0.003825,0.665866,-0.003825,-0.631285,0.007194,-0.007194,0.671909,-0.631200,0.634775,-0.631529,-0.631712,1.281783
3,DMT,13,0.019147,0.004206,0.002078,0.649218,0.002078,0.719158,-0.002078,-0.648127,0.004206,-0.004206,0.687513,-0.647280,0.649059,-0.647451,-0.648426,1.309398
3,DMT,14,0.009658,0.003425,0.001890,0.677518,0.001890,0.738674,-0.001890,-0.675780,0.003425,-0.003425,0.701282,-0.675809,0.677661,-0.675746,-0.676206,1.362127
3,DMT,15,0.012027,0.002508,0.001277,0.664928,0.001277,0.748029,-0.001277,-0.663884,0.002508,-0.002508,0.675450,-0.663756,0.664714,-0.663208,-0.663903,1.338305
3,DMT,16,0.009955,0.005155,0.002791,0.702262,0.002791,0.734161,-0.002791,-0.699778,0.005155,-0.005155,0.732658,-0.699189,0.702149,-0.699016,-0.699503,1.410291
3,DMT,17,0.009861,0.001290,0.002447,0.651172,0.002447,0.713405,-0.002447,-0.650153,0.001290,-0.001290,0.678431,-0.650470,0.650616,-0.649877,-0.649839,1.310215
3,DMT,18,0.010817,0.000013,0.003341,0.645154,0.003341,0.688250,-0.003341,-0.644910,0.000013,-0.000013,0.670684,-0.644928,0.645899,-0.645378,-0.645312,1.300628
3,DMT,19,0.017458,0.003276,0.008067,0.686971,0.008067,0.778314,-0.008067,-0.681675,0.003276,-0.003276,0.739942,-0.682884,0.687525,-0.683497,-0.682313,1.382783
3,DMT,20,0.009910,0.001194,0.003214,0.652609,0.003214,0.716834,-0.003214,-0.651249,0.001194,-0.001194,0.674286,-0.651485,0.652112,-0.651004,-0.650875,1.311225
3,DMT,21,0.014283,0.008784,0.007281,0.620790,0.007281,0.680479,-0.007281,-0.613945,0.008784,-0.008784,0.660677,-0.613876,0.620206,-0.612955,-0.613976,1.255840
3,DMT,22,0.008986,0.004570,0.004825,0.601099,0.004825,0.618138,-0.004825,-0.596320,0.004570,-0.004570,0.641194,-0.596953,0.601536,-0.597159,-0.596929,1.210493
3,DMT,23,0.026214,0.004615,0.003969,0.654042,0.003969,0.721860,-0.003969,-0.652092,0.004615,-0.004615,0.679492,-0.651779,0.654095,-0.651658,-0.652219,1.324752
3,DMT,24,0.010055,0.001218,0.002161,0.649449,0.002161,0.685106,-0.002161,-0.647418,0.001218,-0.001218,0.674039,-0.647948,0.648235,-0.646709,-0.646623,1.305085
3,DMT,25,0.026997,0.007276,0.005965,0.667995,0.005965,0.750328,-0.005965,-0.663308,0.007276,-0.007276,0.745295,-0.663207,0.668458,-0.663216,-0.663877,1.355859
3,DMT,26,0.014622,0.004783,0.006766,0.664296,0.006766,0.718607,-0.006766,-0.658962,0.004783,-0.004783,0.706779,-0.658727,0.664330,-0.659530,-0.658482,1.340894
3,DMT,27,0.013529,0.003039,0.004406,0.673915,0.004406,0.698382,-0.004406,-0.671609,0.003039,-0.003039,0.715983,-0.671637,0.673928,-0.671493,-0.671595,1.360629
3,PCB,0,0.011140,0.002852,0.002829,0.677986,0.002829,0.691273,-0.002829,-0.676200,0.002852,-0.002852,0.736931,-0.676223,0.677819,-0.676340,-0.675879,1.368991
3,PCB,1,0.018063,0.001828,0.004962,0.646068,0.004962,0.667573,-0.004962,-0.645182,0.001828,-0.001828,0.649686,-0.645202,0.645954,-0.644919,-0.645295,1.311784
3,PCB,2,0.016054,0.004417,0.005683,0.629268,0.005683,0.672901,-0.005683,-0.625839,0.004417,-0.004417,0.698741,-0.625602,0.628570,-0.625025,-0.625336,1.266824
3,PCB,3,0.005831,0.003961,0.003679,0.689134,0.003679,0.696564,-0.003679,-0.686263,0.003961,-0.003961,0.695843,-0.686398,0.689289,-0.686783,-0.686354,1.382693
3,PCB,4,0.013195,0.001863,0.004326,0.634025,0.004326,0.670888,-0.004326,-0.632287,0.001863,-0.001863,0.672329,-0.632530,0.634542,-0.633002,-0.632672,1.284711
3,PCB,5,0.041423,0.007042,0.006392,0.709492,0.006392,0.750161,-0.006392,-0.706488,0.007042,-0.007042,0.739738,-0.706697,0.709657,-0.706977,-0.707066,1.442915
3,PCB,6,0.017593,0.001530,0.002224,0.676124,0.002224,0.689299,-0.002224,-0.674913,0.001530,-0.001530,0.697411,-0.675396,0.676760,-0.675783,-0.675406,1.367576
3,PCB,7,0.008026,0.000800,0.002082,0.628691,0.002082,0.677129,-0.002082,-0.627566,0.000800,-0.000800,0.673470,-0.627398,0.628308,-0.627338,-0.626947,1.265452
3,PCB,8,0.011896,0.001022,0.001491,0.673164,0.001491,0.748796,-0.001491,-0.672119,0.001022,-0.001022,0.716195,-0.672807,0.672500,-0.671843,-0.671625,1.355251
3,PCB,9,0.008435,0.002993,0.001951,0.658713,0.001951,0.724402,-0.001951,-0.657074,0.002993,-0.002993,0.715719,-0.657461,0.659162,-0.657886,-0.657534,1.328187
3,PCB,10,0.018198,0.003690,0.002925,0.663130,0.002925,0.733600,-0.002925,-0.660882,0.003690,-0.003690,0.708454,-0.661113,0.662924,-0.660423,-0.660901,1.338960
3,PCB,11,0.019027,0.003577,0.002380,0.668796,0.002380,0.723783,-0.002380,-0.667558,0.003577,-0.003577,0.697406,-0.667685,0.668774,-0.667448,-0.667483,1.354163
3,PCB,12,0.020437,0.003093,0.004133,0.708511,0.004133,0.772574,-0.004133,-0.706103,0.003093,-0.003093,0.764296,-0.706027,0.708023,-0.705699,-0.705863,1.425909
3,PCB,13,0.028212,0.004439,0.004265,0.716563,0.004265,0.809460,-0.004265,-0.714313,0.004439,-0.004439,0.810698,-0.714702,0.716476,-0.713991,-0.714364,1.440710
3,PCB,14,0.032719,0.006279,0.002979,0.754032,0.002979,0.861706,-0.002979,-0.751093,0.006279,-0.006279,0.836074,-0.749971,0.754112,-0.750885,-0.751422,1.525519
3,PCB,15,0.034794,0.006898,0.004617,0.726932,0.004617,0.861207,-0.004617,-0.723135,0.006898,-0.006898,0.802293,-0.722840,0.728122,-0.723422,-0.724296,1.466844
3,PCB,16,0.015569,0.000633,0.000946,0.666412,0.000946,0.710393,-0.000946,-0.665869,0.000633,-0.000633,0.700246,-0.666122,0.666908,-0.666596,-0.667059,1.342716
3,PCB,17,0.014857,0.002573,0.002859,0.635252,0.002859,0.686885,-0.002859,-0.633780,0.002573,-0.002573,0.664454,-0.633755,0.635703,-0.634334,-0.634348,1.281507
3,PCB,18,0.011585,0.005687,0.004492,0.556694,0.004492,0.619317,-0.004492,-0.553104,0.005687,-0.005687,0.608420,-0.552758,0.558390,-0.554548,-0.555078,1.132928
3,PCB,19,0.032227,0.009190,0.006965,0.663442,0.006965,0.744148,-0.006965,-0.658000,0.009190,-0.009190,0.749961,-0.658196,0.663568,-0.657719,-0.658071,1.344689
3,PCB,20,0.039606,0.008530,0.005659,0.743923,0.005659,0.780975,-0.005659,-0.740928,0.008530,-0.008530,0.742438,-0.739986,0.741715,-0.738265,-0.738671,1.503636
3,PCB,21,0.022115,0.004193,0.002241,0.701151,0.002241,0.770717,-0.002241,-0.699553,0.004193,-0.004193,0.759927,-0.699307,0.700896,-0.699070,-0.699594,1.413748
3,PCB,22,0.010736,0.003101,0.002045,0.672631,0.002045,0.703181,-0.002045,-0.671145,0.003101,-0.003101,0.701018,-0.671191,0.672678,-0.671249,-0.671377,1.351600
3,PCB,23,0.013407,0.005047,0.005875,0.597689,0.005875,0.647061,-0.005875,-0.593505,0.005047,-0.005047,0.627752,-0.593861,0.598006,-0.593795,-0.593940,1.210388
3,PCB,24,0.012744,0.003766,0.002352,0.705516,0.002352,0.761478,-0.002352,-0.703035,0.003766,-0.003766,0.746454,-0.702896,0.705636,-0.703116,-0.703011,1.417174
3,PCB,25,0.025159,0.005984,0.004557,0.723513,0.004557,0.729385,-0.004557,-0.720623,0.005984,-0.005984,0.775186,-0.721042,0.723681,-0.720901,-0.720526,1.472187
3,PCB,26,0.016088,0.006989,0.002379,0.667270,0.002379,0.717432,-0.002379,-0.665051,0.006989,-0.006989,0.711713,-0.664074,0.666412,-0.662816,-0.664278,1.348707
3,PCB,27,0.011878,0.005995,0.004263,0.714053,0.004263,0.744186,-0.004263,-0.710712,0.005995,-0.005995,0.715461,-0.709890,0.713407,-0.709991,-0.710049,1.443303
4,DMT,0,0.019037,0.007891,0.006358,0.741887,0.006358,0.781503,-0.006358,-0.736340,0.007891,-0.007891,0.775648,-0.736455,0.742167,-0.736137,-0.737203,1.492457
4,DMT,1,0.016767,0.003149,0.002986,0.668550,0.002986,0.727913,-0.002986,-0.666255,0.003149,-0.003149,0.679536,-0.665669,0.668556,-0.666288,-0.666111,1.351098
4,DMT,2,0.017419,0.004947,0.006330,0.616746,0.006330,0.654225,-0.006330,-0.613194,0.004947,-0.004947,0.629850,-0.613772,0.616867,-0.612967,-0.614297,1.251827
4,DMT,3,0.024376,0.007269,0.009233,0.642892,0.009233,0.690247,-0.009233,-0.636756,0.007269,-0.007269,0.674739,-0.636254,0.641995,-0.635953,-0.635750,1.301633
4,DMT,4,0.010861,0.002283,0.004927,0.633453,0.004927,0.628796,-0.004927,-0.630591,0.002283,-0.002283,0.667505,-0.631298,0.635247,-0.632731,-0.632463,1.288073
4,DMT,5,0.019975,0.003176,-0.000138,0.681316,-0.000138,0.740664,0.000138,-0.681697,0.003176,-0.003176,0.718682,-0.681584,0.683308,-0.683463,-0.683313,1.375868
4,DMT,6,0.010602,0.005911,0.005134,0.674316,0.005134,0.682599,-0.005134,-0.669907,0.005911,-0.005911,0.686811,-0.670063,0.674629,-0.670441,-0.670094,1.354612
4,DMT,7,0.018936,0.007462,0.003021,0.668481,0.003021,0.695193,-0.003021,-0.665469,0.007462,-0.007462,0.711474,-0.665927,0.668626,-0.665877,-0.665981,1.358803
4,DMT,8,0.004555,0.003486,0.001282,0.704342,0.001282,0.720389,-0.001282,-0.702325,0.003486,-0.003486,0.714656,-0.702811,0.703630,-0.701896,-0.702075,1.413419
4,DMT,9,0.009221,0.002209,0.002547,0.595581,0.002547,0.619064,-0.002547,-0.595519,0.002209,-0.002209,0.632334,-0.595470,0.594876,-0.594860,-0.594426,1.198171
4,DMT,10,0.010292,0.003041,0.002987,0.592340,0.002987,0.634761,-0.002987,-0.590384,0.003041,-0.003041,0.622674,-0.589669,0.591750,-0.588936,-0.590230,1.195694
4,DMT,11,0.017080,0.004977,0.004660,0.555899,0.004660,0.576052,-0.004660,-0.553486,0.004977,-0.004977,0.581913,-0.553958,0.556593,-0.554011,-0.554356,1.134973
4,DMT,12,0.036246,0.013560,0.008525,0.472711,0.008525,0.538356,-0.008525,-0.465928,0.013560,-0.013560,0.487398,-0.467045,0.472221,-0.466349,-0.466404,0.994251
4,DMT,13,0.022794,0.003246,0.004290,0.632721,0.004290,0.672545,-0.004290,-0.631882,0.003246,-0.003246,0.674180,-0.631732,0.632734,-0.632103,-0.631307,1.284443
4,DMT,14,0.025646,0.001738,0.004323,0.633831,0.004323,0.685901,-0.004323,-0.632781,0.001738,-0.001738,0.671456,-0.632979,0.633691,-0.632504,-0.633202,1.287616
4,DMT,15,0.019317,0.004617,0.005019,0.634072,0.005019,0.674921,-0.005019,-0.632174,0.004617,-0.004617,0.648384,-0.631663,0.634121,-0.631953,-0.631674,1.293881
4,DMT,16,0.020607,0.004907,0.006054,0.626233,0.006054,0.679524,-0.006054,-0.623213,0.004907,-0.004907,0.644486,-0.622472,0.625378,-0.622101,-0.622535,1.277138
4,DMT,17,0.009214,0.003431,0.005580,0.599931,0.005580,0.618358,-0.005580,-0.597405,0.003431,-0.003431,0.620067,-0.597077,0.599915,-0.597357,-0.597531,1.212363
4,DMT,18,0.014680,0.004172,0.002725,0.627001,0.002725,0.662492,-0.002725,-0.624952,0.004172,-0.004172,0.666290,-0.624705,0.626171,-0.623802,-0.623892,1.271999
4,DMT,19,0.042003,0.011181,0.012365,0.665585,0.012365,0.725169,-0.012365,-0.659474,0.011181,-0.011181,0.716745,-0.659192,0.665144,-0.658945,-0.658971,1.359965
4,DMT,20,0.013371,0.005112,0.005551,0.700563,0.005551,0.713205,-0.005551,-0.696843,0.005112,-0.005112,0.745024,-0.697230,0.700991,-0.697645,-0.697044,1.417006
4,DMT,21,0.031092,0.005836,0.004307,0.716472,0.004307,0.780435,-0.004307,-0.712911,0.005836,-0.005836,0.749309,-0.712775,0.716753,-0.712954,-0.713534,1.447989
4,DMT,22,0.023935,0.002275,0.005105,0.669749,0.005105,0.695923,-0.005105,-0.668232,0.002275,-0.002275,0.677541,-0.668795,0.669517,-0.668568,-0.667973,1.366293
4,DMT,23,0.014026,0.002170,0.008244,0.625222,0.008244,0.661213,-0.008244,-0.621130,0.002170,-0.002170,0.699292,-0.620857,0.624207,-0.620124,-0.619573,1.272836
4,DMT,24,0.016435,0.007392,0.009088,0.678711,0.009088,0.693543,-0.009088,-0.672351,0.007392,-0.007392,0.733293,-0.672023,0.678202,-0.671965,-0.671537,1.362897
4,DMT,25,0.031372,0.007762,0.008685,0.560983,0.008685,0.621697,-0.008685,-0.555770,0.007762,-0.007762,0.629444,-0.555359,0.560233,-0.555004,-0.554973,1.153263
4,DMT,26,0.018144,0.003385,0.002040,0.612753,0.002040,0.660645,-0.002040,-0.610207,0.003385,-0.003385,0.641517,-0.609854,0.612729,-0.609564,-0.611039,1.236699
4,DMT,27,0.011365,0.005520,0.001424,0.743015,0.001424,0.810899,-0.001424,-0.740138,0.005520,-0.005520,0.759519,-0.741069,0.742890,-0.740458,-0.740739,1.498183
4,PCB,0,0.019161,0.005738,0.003394,0.577452,0.003394,0.620593,-0.003394,-0.574517,0.005738,-0.005738,0.617259,-0.573832,0.577936,-0.574699,-0.575663,1.188043
4,PCB,1,0.031895,0.003053,0.006211,0.681396,0.006211,0.714839,-0.006211,-0.679985,0.003053,-0.003053,0.710703,-0.680393,0.680055,-0.678827,-0.678885,1.384115
4,PCB,2,0.031820,0.007580,0.005198,0.638945,0.005198,0.658330,-0.005198,-0.635763,0.007580,-0.007580,0.675104,-0.635473,0.638584,-0.635129,-0.635479,1.315489
4,PCB,3,0.039279,0.007908,0.007805,0.633831,0.007805,0.660667,-0.007805,-0.630537,0.007908,-0.007908,0.668730,-0.630199,0.633104,-0.629831,-0.629915,1.302381
4,PCB,4,0.028124,0.001407,0.006453,0.703999,0.006453,0.764656,-0.006453,-0.703207,0.001407,-0.001407,0.760674,-0.703688,0.704752,-0.704242,-0.703094,1.429443
4,PCB,5,0.044644,0.004416,0.003664,0.693063,0.003664,0.784825,-0.003664,-0.692148,0.004416,-0.004416,0.773451,-0.692112,0.692284,-0.691507,-0.692358,1.416160
4,PCB,6,0.040533,0.007365,0.007202,0.628967,0.007202,0.649654,-0.007202,-0.626859,0.007365,-0.007365,0.645121,-0.626715,0.628785,-0.627140,-0.626676,1.306312
4,PCB,7,0.040926,0.007323,0.006719,0.673971,0.006719,0.737443,-0.006719,-0.670061,0.007323,-0.007323,0.721412,-0.670411,0.673292,-0.669537,-0.669657,1.370695
4,PCB,8,0.027731,0.007804,0.003238,0.626571,0.003238,0.650248,-0.003238,-0.623673,0.007804,-0.007804,0.648594,-0.623560,0.625938,-0.623042,-0.623342,1.281555
4,PCB,9,0.013600,0.005959,0.005463,0.529693,0.005463,0.577449,-0.005463,-0.524970,0.005959,-0.005959,0.539580,-0.525883,0.530095,-0.525562,-0.525884,1.081705
4,PCB,10,0.023519,0.009814,0.007315,0.633356,0.007315,0.653076,-0.007315,-0.629519,0.009814,-0.009814,0.631087,-0.628618,0.633741,-0.628649,-0.629627,1.291480
4,PCB,11,0.022669,0.008001,0.011098,0.624339,0.011098,0.637862,-0.011098,-0.617861,0.008001,-0.008001,0.630243,-0.617898,0.622873,-0.616939,-0.616815,1.278000
4,PCB,12,0.021167,0.006556,0.005887,0.679103,0.005887,0.710565,-0.005887,-0.674933,0.006556,-0.006556,0.675013,-0.675248,0.678832,-0.674515,-0.674786,1.379823
4,PCB,13,0.027194,0.005078,0.007056,0.614698,0.007056,0.636520,-0.007056,-0.610989,0.005078,-0.005078,0.639026,-0.611131,0.614390,-0.610853,-0.611065,1.257782
4,PCB,14,0.036968,0.006088,0.006704,0.622677,0.006704,0.668361,-0.006704,-0.620552,0.006088,-0.006088,0.662683,-0.620401,0.621709,-0.619574,-0.620022,1.271121
4,PCB,15,0.025387,0.002135,0.002964,0.733786,0.002964,0.773799,-0.002964,-0.732369,0.002135,-0.002135,0.765831,-0.732851,0.734147,-0.733786,-0.733245,1.480343
4,PCB,16,0.030421,0.005105,0.008703,0.723968,0.008703,0.829093,-0.008703,-0.720449,0.005105,-0.005105,0.746989,-0.720132,0.723475,-0.720138,-0.720488,1.463049
4,PCB,17,0.020972,0.007530,0.007660,0.595875,0.007660,0.633561,-0.007660,-0.591089,0.007530,-0.007530,0.598335,-0.591197,0.596258,-0.591143,-0.591883,1.226406
4,PCB,18,0.036056,0.007745,0.009046,0.650374,0.009046,0.751353,-0.009046,-0.646112,0.007745,-0.007745,0.686925,-0.645608,0.649993,-0.645002,-0.646322,1.334880
4,PCB,19,0.022497,0.005488,0.005090,0.611466,0.005090,0.658612,-0.005090,-0.608893,0.005488,-0.005488,0.642300,-0.608803,0.612465,-0.609649,-0.610137,1.254542
4,PCB,20,0.020526,0.000516,-0.000147,0.704645,-0.000147,0.766422,0.000147,-0.704733,0.000516,-0.000516,0.750212,-0.705028,0.705212,-0.705020,-0.705358,1.427360
4,PCB,21,0.011004,0.007096,0.007856,0.665573,0.007856,0.697133,-0.007856,-0.658132,0.007096,-0.007096,0.716513,-0.659191,0.665152,-0.658868,-0.657949,1.353326
4,PCB,22,0.021433,0.005106,0.006227,0.696055,0.006227,0.730015,-0.006227,-0.693882,0.005106,-0.005106,0.723849,-0.693810,0.695751,-0.694104,-0.693005,1.408025
4,PCB,23,0.015367,0.003353,0.004410,0.595822,0.004410,0.630340,-0.004410,-0.593704,0.003353,-0.003353,0.633357,-0.593472,0.596506,-0.593266,-0.594271,1.210742
4,PCB,24,0.008499,0.002793,0.004094,0.581434,0.004094,0.682974,-0.004094,-0.578257,0.002793,-0.002793,0.588554,-0.579500,0.580548,-0.578417,-0.577953,1.173848
4,PCB,25,-0.000162,-0.000849,0.001222,0.694874,0.001222,0.753042,-0.001222,-0.693457,-0.000849,0.000849,0.713290,-0.694257,0.695054,-0.693795,-0.693868,1.394505
4,PCB,26,-0.004474,0.001688,0.005416,0.691479,0.005416,0.734901,-0.005416,-0.688166,0.001688,-0.001688,0.697877,-0.688225,0.690883,-0.687967,-0.687163,1.375881
4,PCB,27,0.002403,0.002305,0.002273,0.655738,0.002273,0.668456,-0.002273,-0.654853,0.002305,-0.002305,0.697671,-0.654538,0.654463,-0.653569,-0.653476,1.314886
5,DMT,0,0.005236,0.006456,0.002964,0.652269,0.002964,0.661604,-0.002964,-0.649182,0.006456,-0.006456,0.662096,-0.648085,0.652659,-0.648539,-0.649394,1.316000
5,DMT,1,0.012602,0.008324,0.005219,0.632097,0.005219,0.692888,-0.005219,-0.626090,0.008324,-0.008324,0.672232,-0.627226,0.632981,-0.627053,-0.627361,1.276211
5,DMT,2,0.045071,0.008004,0.008492,0.674135,0.008492,0.814736,-0.008492,-0.669576,0.008004,-0.008004,0.692152,-0.669892,0.674225,-0.670126,-0.670311,1.361713
5,DMT,3,0.056652,0.016617,0.016777,0.655674,0.016777,0.741809,-0.016777,-0.645792,0.016617,-0.016617,0.687938,-0.645964,0.657237,-0.647182,-0.647772,1.348869
5,DMT,4,0.026775,0.005632,0.006365,0.596280,0.006365,0.642086,-0.006365,-0.591416,0.005632,-0.005632,0.621456,-0.591811,0.596132,-0.591139,-0.591375,1.211512
5,DMT,5,0.017483,0.009159,0.006903,0.655470,0.006903,0.682589,-0.006903,-0.649283,0.009159,-0.009159,0.709250,-0.649127,0.654451,-0.648457,-0.648915,1.327951
5,DMT,6,0.032295,0.008198,0.013871,0.594296,0.013871,0.654595,-0.013871,-0.587192,0.008198,-0.008198,0.613625,-0.588376,0.594047,-0.588496,-0.587194,1.220494
5,DMT,7,0.028160,0.006615,0.007880,0.721039,0.007880,0.790067,-0.007880,-0.718167,0.006615,-0.006615,0.756607,-0.718856,0.721285,-0.719400,-0.718594,1.462548
5,DMT,8,0.032890,0.005935,0.006539,0.795302,0.006539,0.853829,-0.006539,-0.791887,0.005935,-0.005935,0.806132,-0.792917,0.795665,-0.792503,-0.792418,1.601479
5,DMT,9,0.012069,0.001973,0.001741,0.657736,0.001741,0.720007,-0.001741,-0.657098,0.001973,-0.001973,0.691821,-0.656992,0.657758,-0.656939,-0.657171,1.323036
5,DMT,10,0.008127,0.002569,0.002682,0.629334,0.002682,0.679519,-0.002682,-0.627077,0.002569,-0.002569,0.663013,-0.626652,0.629152,-0.626597,-0.626920,1.266685
5,DMT,11,0.005205,0.000653,-0.000550,0.596595,-0.000550,0.663513,0.000550,-0.595114,0.000653,-0.000653,0.615298,-0.594752,0.597620,-0.595732,-0.596596,1.201596
5,DMT,12,0.005507,0.002338,0.002349,0.605451,0.002349,0.664968,-0.002349,-0.603178,0.002338,-0.002338,0.604512,-0.603607,0.605115,-0.603248,-0.603166,1.217160
5,DMT,13,0.008296,0.001464,0.001445,0.598264,0.001445,0.639915,-0.001445,-0.597486,0.001464,-0.001464,0.624258,-0.597713,0.597704,-0.597292,-0.597074,1.205812
5,DMT,14,0.017261,0.002137,0.002428,0.641073,0.002428,0.705397,-0.002428,-0.640659,0.002137,-0.002137,0.668481,-0.640672,0.640454,-0.640028,-0.640039,1.291500
5,DMT,15,0.014035,0.002961,0.002169,0.649566,0.002169,0.693715,-0.002169,-0.648276,0.002961,-0.002961,0.672855,-0.647899,0.647967,-0.646564,-0.646828,1.306176
5,DMT,16,0.013140,0.001878,0.005133,0.660763,0.005133,0.702725,-0.005133,-0.658387,0.001878,-0.001878,0.690314,-0.659002,0.660199,-0.658338,-0.657840,1.329605
5,DMT,17,0.009697,0.000859,0.004177,0.633683,0.004177,0.668385,-0.004177,-0.632864,0.000859,-0.000859,0.645920,-0.632991,0.632953,-0.632710,-0.632161,1.277771
5,DMT,18,0.012526,0.003146,0.002846,0.619396,0.002846,0.670577,-0.002846,-0.617922,0.003146,-0.003146,0.667519,-0.617612,0.619073,-0.617217,-0.617524,1.245512
5,DMT,19,0.006262,0.004775,0.004232,0.639184,0.004232,0.664697,-0.004232,-0.635239,0.004775,-0.004775,0.662363,-0.635411,0.638459,-0.634724,-0.634993,1.281534
5,DMT,20,0.011599,0.001774,0.005270,0.651168,0.005270,0.656866,-0.005270,-0.648625,0.001774,-0.001774,0.687735,-0.648821,0.651060,-0.649128,-0.648002,1.312616
5,DMT,21,0.017692,-0.000808,0.006136,0.635999,0.006136,0.643880,-0.006136,-0.635005,-0.000808,0.000808,0.674979,-0.635834,0.637047,-0.636797,-0.636328,1.294647
5,DMT,22,0.008663,0.001715,0.003346,0.592830,0.003346,0.616092,-0.003346,-0.590703,0.001715,-0.001715,0.621195,-0.590764,0.592025,-0.590359,-0.590075,1.197579
5,DMT,23,0.014750,0.006644,0.006440,0.538553,0.006440,0.538328,-0.006440,-0.535072,0.006644,-0.006644,0.549296,-0.534946,0.539829,-0.535995,-0.536092,1.098049
5,DMT,24,0.010928,0.002524,0.003862,0.604629,0.003862,0.619782,-0.003862,-0.601712,0.002524,-0.002524,0.615743,-0.601576,0.605170,-0.602220,-0.602201,1.223205
5,DMT,25,0.016740,0.005269,0.004124,0.659253,0.004124,0.707287,-0.004124,-0.655879,0.005269,-0.005269,0.692423,-0.655861,0.659134,-0.655653,-0.656007,1.329261
5,DMT,26,0.007758,0.002086,0.001593,0.652528,0.001593,0.666355,-0.001593,-0.651975,0.002086,-0.002086,0.664179,-0.651759,0.651412,-0.650573,-0.650768,1.315014
5,DMT,27,0.016065,0.003319,0.002017,0.690455,0.002017,0.735371,-0.002017,-0.688946,0.003319,-0.003319,0.716219,-0.689347,0.692344,-0.690825,-0.690486,1.392011
5,PCB,0,0.004685,0.000105,0.000257,0.631588,0.000257,0.682218,-0.000257,-0.631070,0.000105,-0.000105,0.662036,-0.631521,0.631271,-0.630918,-0.631083,1.272871
5,PCB,1,0.016201,0.004352,0.002771,0.599159,0.002771,0.628231,-0.002771,-0.596787,0.004352,-0.004352,0.653298,-0.596625,0.599860,-0.597092,-0.597045,1.215203
5,PCB,2,0.015733,0.002784,0.002406,0.619222,0.002406,0.683918,-0.002406,-0.617280,0.002784,-0.002784,0.667483,-0.617528,0.618823,-0.617417,-0.617238,1.248347
5,PCB,3,0.020081,0.001685,0.006742,0.645988,0.006742,0.724414,-0.006742,-0.642435,0.001685,-0.001685,0.695079,-0.643000,0.645124,-0.642366,-0.641908,1.301658
5,PCB,4,0.007796,0.004365,0.004731,0.633764,0.004731,0.671356,-0.004731,-0.630512,0.004365,-0.004365,0.665938,-0.630650,0.634028,-0.630678,-0.630854,1.271587
5,PCB,5,0.010470,0.000624,0.001137,0.640104,0.001137,0.695970,-0.001137,-0.640599,0.000624,-0.000624,0.674459,-0.640504,0.639417,-0.639977,-0.639785,1.286921
5,PCB,6,0.011876,0.002097,0.001997,0.667366,0.001997,0.726136,-0.001997,-0.665934,0.002097,-0.002097,0.691721,-0.666057,0.667275,-0.665950,-0.665984,1.347004
5,PCB,7,0.033138,0.006466,0.007391,0.639431,0.007391,0.697111,-0.007391,-0.635762,0.006466,-0.006466,0.698658,-0.635803,0.638814,-0.635159,-0.635416,1.299747
5,PCB,8,0.019060,0.009035,0.006213,0.646032,0.006213,0.639988,-0.006213,-0.641554,0.009035,-0.009035,0.660518,-0.641196,0.645838,-0.640784,-0.640902,1.311328
5,PCB,9,0.018194,0.005267,0.004114,0.724555,0.004114,0.819223,-0.004114,-0.721348,0.005267,-0.005267,0.773840,-0.721316,0.724697,-0.721317,-0.721426,1.455652
5,PCB,10,0.034825,0.006713,0.002082,0.691183,0.002082,0.749534,-0.002082,-0.690008,0.006713,-0.006713,0.741771,-0.689141,0.691605,-0.689762,-0.690294,1.397447
5,PCB,11,0.029043,0.010695,0.006410,0.672481,0.006410,0.728924,-0.006410,-0.667620,0.010695,-0.010695,0.733695,-0.666714,0.673694,-0.667954,-0.668536,1.360167
5,PCB,12,0.029599,0.016352,0.009752,0.460853,0.009752,0.446550,-0.009752,-0.453058,0.016352,-0.016352,0.500767,-0.453571,0.460761,-0.453570,-0.454259,0.987304
5,PCB,13,0.021088,0.006057,0.003091,0.592652,0.003091,0.611640,-0.003091,-0.590452,0.006057,-0.006057,0.597093,-0.590563,0.593219,-0.590975,-0.591470,1.210404
5,PCB,14,0.006983,0.003204,0.002884,0.635792,0.002884,0.690120,-0.002884,-0.633598,0.003204,-0.003204,0.655322,-0.634039,0.635481,-0.633232,-0.633538,1.280977
5,PCB,15,0.009940,0.003531,0.003566,0.665306,0.003566,0.728295,-0.003566,-0.663589,0.003531,-0.003531,0.684892,-0.663366,0.666128,-0.663869,-0.664074,1.344381
5,PCB,16,0.017359,0.004041,0.004217,0.626382,0.004217,0.683376,-0.004217,-0.623891,0.004041,-0.004041,0.677537,-0.624184,0.627359,-0.624773,-0.624760,1.264686
5,PCB,17,0.032009,0.006810,0.009248,0.660979,0.009248,0.723398,-0.009248,-0.657044,0.006810,-0.006810,0.694710,-0.657247,0.661264,-0.657431,-0.657089,1.341521
5,PCB,18,0.021794,0.002343,0.004755,0.673735,0.004755,0.722773,-0.004755,-0.672256,0.002343,-0.002343,0.745858,-0.672383,0.674051,-0.672883,-0.672376,1.358732
5,PCB,19,0.024299,0.003631,0.004372,0.620875,0.004372,0.689904,-0.004372,-0.618015,0.003631,-0.003631,0.681118,-0.617654,0.621685,-0.618393,-0.618574,1.256519
5,PCB,20,0.010531,0.001812,0.000810,0.664592,0.000810,0.714027,-0.000810,-0.664430,0.001812,-0.001812,0.681027,-0.664901,0.664236,-0.664166,-0.664605,1.337423
5,PCB,21,0.010961,0.001215,0.001759,0.695449,0.001759,0.772363,-0.001759,-0.693982,0.001215,-0.001215,0.719460,-0.694401,0.695520,-0.694599,-0.694230,1.396271
5,PCB,22,0.008765,0.001764,0.002899,0.671752,0.002899,0.749780,-0.002899,-0.669692,0.001764,-0.001764,0.691812,-0.669957,0.671999,-0.670262,-0.670165,1.347262
5,PCB,23,0.006455,0.001547,0.001455,0.657490,0.001455,0.709210,-0.001455,-0.656342,0.001547,-0.001547,0.684915,-0.656588,0.657808,-0.656556,-0.656881,1.320438
5,PCB,24,0.007141,0.003392,0.001568,0.641478,0.001568,0.688914,-0.001568,-0.639990,0.003392,-0.003392,0.665237,-0.639828,0.641480,-0.639818,-0.640107,1.289308
5,PCB,25,0.007504,0.004350,0.004140,0.665798,0.004140,0.701818,-0.004140,-0.662793,0.004350,-0.004350,0.683817,-0.662651,0.665793,-0.662371,-0.662925,1.337712
5,PCB,26,0.018025,0.003028,0.003006,0.642769,0.003006,0.688902,-0.003006,-0.640981,0.003028,-0.003028,0.701413,-0.640898,0.642114,-0.640327,-0.640549,1.293411
5,PCB,27,0.025193,0.006577,0.005764,0.627438,0.005764,0.695595,-0.005764,-0.623690,0.006577,-0.006577,0.658842,-0.623231,0.627175,-0.622868,-0.623672,1.264553
6,DMT,0,0.016245,0.002373,0.002462,0.743780,0.002462,0.758675,-0.002462,-0.742354,0.002373,-0.002373,0.782953,-0.741349,0.743075,-0.741096,-0.741261,1.498843
6,DMT,1,0.020360,0.010144,0.004445,0.584489,0.004445,0.622619,-0.004445,-0.580992,0.010144,-0.010144,0.616016,-0.580397,0.586722,-0.581562,-0.582612,1.195816
6,DMT,2,0.047060,0.008530,0.008944,0.735720,0.008944,0.822224,-0.008944,-0.730006,0.008530,-0.008530,0.801089,-0.729835,0.738675,-0.731399,-0.731751,1.491300
6,DMT,3,0.036959,0.006108,0.000912,0.669386,0.000912,0.709612,-0.000912,-0.667919,0.006108,-0.006108,0.684042,-0.667878,0.670076,-0.667802,-0.668475,1.381280
6,DMT,4,0.058615,0.016151,0.019026,0.752675,0.019026,0.785403,-0.019026,-0.742467,0.016151,-0.016151,0.816870,-0.743747,0.750715,-0.742799,-0.741049,1.536861
6,DMT,5,0.114494,0.013608,0.027678,0.746230,0.027678,0.881961,-0.027678,-0.735022,0.013608,-0.013608,0.866481,-0.737657,0.750425,-0.740995,-0.737614,1.543747
6,DMT,6,0.031372,0.010938,0.006079,0.529063,0.006079,0.514069,-0.006079,-0.524956,0.010938,-0.010938,0.526941,-0.525607,0.529454,-0.525592,-0.525213,1.111958
6,DMT,7,0.024601,0.004604,0.004733,0.672322,0.004733,0.771331,-0.004733,-0.668089,0.004604,-0.004604,0.720361,-0.670247,0.674642,-0.672624,-0.671428,1.361889
6,DMT,8,0.009700,0.003152,0.000089,0.655482,0.000089,0.724043,-0.000089,-0.653815,0.003152,-0.003152,0.679730,-0.653162,0.657639,-0.655635,-0.656522,1.324066
6,DMT,9,0.021239,0.003390,0.003715,0.645208,0.003715,0.680776,-0.003715,-0.643339,0.003390,-0.003390,0.671167,-0.643660,0.645228,-0.643892,-0.643673,1.306569
6,DMT,10,0.015559,0.003149,0.004139,0.607546,0.004139,0.621286,-0.004139,-0.605538,0.003149,-0.003149,0.633086,-0.606241,0.607249,-0.605820,-0.605395,1.232547
6,DMT,11,0.015691,0.004144,0.005877,0.579466,0.005877,0.615381,-0.005877,-0.577130,0.004144,-0.004144,0.602471,-0.577311,0.579259,-0.576719,-0.577077,1.172901
6,DMT,12,0.021184,0.003447,0.001752,0.602219,0.001752,0.636303,-0.001752,-0.601928,0.003447,-0.003447,0.643078,-0.601360,0.602079,-0.601523,-0.601694,1.216904
6,DMT,13,0.015133,0.001011,0.001422,0.635286,0.001422,0.680198,-0.001422,-0.634678,0.001011,-0.001011,0.667359,-0.634592,0.634893,-0.634353,-0.634488,1.278485
6,DMT,14,0.014989,0.001363,0.004949,0.640852,0.004949,0.668299,-0.004949,-0.639380,0.001363,-0.001363,0.670690,-0.639794,0.640333,-0.639138,-0.638564,1.290942
6,DMT,15,0.013692,0.000225,0.003185,0.601896,0.003185,0.632962,-0.003185,-0.601202,0.000225,-0.000225,0.644625,-0.601245,0.602029,-0.601523,-0.600891,1.214751
6,DMT,16,0.022920,0.003656,0.007062,0.611253,0.007062,0.653122,-0.007062,-0.609024,0.003656,-0.003656,0.614159,-0.609765,0.612620,-0.610592,-0.610380,1.236920
6,DMT,17,0.018208,0.003635,0.001147,0.669963,0.001147,0.682396,-0.001147,-0.670025,0.003635,-0.003635,0.692568,-0.669044,0.669173,-0.668403,-0.669215,1.354353
6,DMT,18,0.024294,0.004718,0.002975,0.614437,0.002975,0.635902,-0.002975,-0.613109,0.004718,-0.004718,0.652413,-0.611913,0.614358,-0.612169,-0.612227,1.243021
6,DMT,19,0.023104,0.002165,0.003107,0.665706,0.003107,0.702080,-0.003107,-0.665200,0.002165,-0.002165,0.684965,-0.665336,0.664708,-0.664543,-0.664961,1.342582
6,DMT,20,0.013287,0.002330,0.001985,0.647013,0.001985,0.675449,-0.001985,-0.645757,0.002330,-0.002330,0.659168,-0.645579,0.645286,-0.643954,-0.644173,1.301828
6,DMT,21,0.025057,0.007974,0.005097,0.619976,0.005097,0.691067,-0.005097,-0.616231,0.007974,-0.007974,0.625476,-0.616521,0.619611,-0.616260,-0.616440,1.255170
6,DMT,22,0.015497,0.004271,0.005170,0.541512,0.005170,0.584622,-0.005170,-0.537456,0.004271,-0.004271,0.575895,-0.538349,0.541184,-0.537937,-0.537736,1.099988
6,DMT,23,0.015888,0.001750,0.007155,0.552394,0.007155,0.580205,-0.007155,-0.549971,0.001750,-0.001750,0.553122,-0.550508,0.552062,-0.550381,-0.549359,1.126570
6,DMT,24,0.019732,0.006512,0.004851,0.543202,0.004851,0.564186,-0.004851,-0.539765,0.006512,-0.006512,0.561826,-0.540109,0.542158,-0.539021,-0.539709,1.113605
6,DMT,25,0.023210,0.006804,0.007799,0.592403,0.007799,0.637925,-0.007799,-0.588408,0.006804,-0.006804,0.607314,-0.588142,0.593755,-0.589474,-0.589443,1.207011
6,DMT,26,0.020053,0.004202,0.005667,0.589760,0.005667,0.598570,-0.005667,-0.587751,0.004202,-0.004202,0.599806,-0.587690,0.590450,-0.588026,-0.587893,1.209403
6,DMT,27,0.042044,0.008975,0.003764,0.682607,0.003764,0.721903,-0.003764,-0.681022,0.008975,-0.008975,0.698922,-0.680054,0.681909,-0.679693,-0.680605,1.394365
6,PCB,0,0.022990,0.005999,0.005661,0.641648,0.005661,0.668880,-0.005661,-0.638645,0.005999,-0.005999,0.647140,-0.638513,0.642286,-0.639319,-0.639303,1.304507
6,PCB,1,0.024051,-0.000503,0.009113,0.568672,0.009113,0.616303,-0.009113,-0.567484,-0.000503,0.000503,0.595155,-0.568345,0.568495,-0.567815,-0.568115,1.166890
6,PCB,2,0.017789,0.004751,0.005103,0.626940,0.005103,0.669906,-0.005103,-0.624424,0.004751,-0.004751,0.640603,-0.624714,0.628775,-0.625880,-0.626060,1.277834
6,PCB,3,0.048584,0.009011,0.008496,0.682526,0.008496,0.708235,-0.008496,-0.680805,0.009011,-0.009011,0.743061,-0.679571,0.681871,-0.680125,-0.679572,1.416211
6,PCB,4,0.023022,0.011621,0.012807,0.716575,0.012807,0.702612,-0.012807,-0.706721,0.011621,-0.011621,0.740770,-0.706924,0.716891,-0.708123,-0.707744,1.455829
6,PCB,5,0.054592,0.015733,0.019928,0.595641,0.019928,0.634843,-0.019928,-0.586293,0.015733,-0.015733,0.638841,-0.586976,0.596822,-0.588404,-0.586928,1.254571
6,PCB,6,0.021289,0.002525,0.008511,0.529449,0.008511,0.546438,-0.008511,-0.526654,0.002525,-0.002525,0.543007,-0.527034,0.529102,-0.525763,-0.527222,1.106248
6,PCB,7,0.051339,0.011586,0.012460,0.644522,0.012460,0.671814,-0.012460,-0.639913,0.011586,-0.011586,0.679953,-0.639605,0.644984,-0.640378,-0.639581,1.323413
6,PCB,8,0.020810,0.009387,0.010052,0.637245,0.010052,0.664537,-0.010052,-0.631021,0.009387,-0.009387,0.636359,-0.630027,0.635958,-0.629272,-0.630538,1.306472
6,PCB,9,0.019295,0.005857,0.006785,0.570164,0.006785,0.587496,-0.006785,-0.565844,0.005857,-0.005857,0.594011,-0.566544,0.570965,-0.567386,-0.566603,1.165364
6,PCB,10,0.021550,0.003696,0.008010,0.580498,0.008010,0.595246,-0.008010,-0.577056,0.003696,-0.003696,0.604084,-0.577206,0.580506,-0.577332,-0.576692,1.193462
6,PCB,11,0.033922,0.006152,0.007820,0.538677,0.007820,0.548753,-0.007820,-0.535236,0.006152,-0.006152,0.565588,-0.536369,0.538039,-0.535877,-0.534495,1.134874
6,PCB,12,0.029390,0.006678,0.005994,0.630449,0.005994,0.670144,-0.005994,-0.627603,0.006678,-0.006678,0.659771,-0.627879,0.630019,-0.627609,-0.627601,1.299026
6,PCB,13,0.031293,0.007358,0.003188,0.645165,0.003188,0.649381,-0.003188,-0.645547,0.007358,-0.007358,0.670089,-0.643503,0.644060,-0.642977,-0.644599,1.327840
6,PCB,14,0.023690,0.002976,0.003333,0.661914,0.003333,0.684344,-0.003333,-0.661590,0.002976,-0.002976,0.692342,-0.661097,0.660934,-0.659798,-0.660293,1.350891
6,PCB,15,0.034182,0.007809,0.012927,0.543653,0.012927,0.552890,-0.012927,-0.540979,0.007809,-0.007809,0.590068,-0.539685,0.542746,-0.540177,-0.538978,1.150664
6,PCB,16,0.030006,0.006789,0.004536,0.560110,0.004536,0.569633,-0.004536,-0.556249,0.006789,-0.006789,0.605078,-0.556464,0.558868,-0.555303,-0.555385,1.153564
6,PCB,17,0.018501,0.013254,0.007918,0.542689,0.007918,0.562860,-0.007918,-0.534811,0.013254,-0.013254,0.549612,-0.534582,0.542757,-0.534577,-0.535015,1.112053
6,PCB,18,0.066019,0.009300,0.016541,0.729679,0.016541,0.755775,-0.016541,-0.722556,0.009300,-0.009300,0.749707,-0.723721,0.729591,-0.723854,-0.722954,1.490677
6,PCB,19,0.032478,0.003798,0.008336,0.666347,0.008336,0.719966,-0.008336,-0.663747,0.003798,-0.003798,0.680205,-0.664205,0.666531,-0.663783,-0.664117,1.358363
6,PCB,20,0.033950,0.011441,0.010131,0.626990,0.010131,0.625388,-0.010131,-0.622147,0.011441,-0.011441,0.631669,-0.621139,0.626466,-0.621310,-0.621815,1.294834
6,PCB,21,0.001399,0.000072,0.005081,0.605111,0.005081,0.637023,-0.005081,-0.601879,0.000072,-0.000072,0.599739,-0.602806,0.604451,-0.602135,-0.601724,1.205323
6,PCB,22,0.011843,0.005531,0.004116,0.535995,0.004116,0.569081,-0.004116,-0.531037,0.005531,-0.005531,0.597872,-0.530792,0.536197,-0.531823,-0.530521,1.085786
6,PCB,23,-0.005046,0.009360,0.011687,0.566774,0.011687,0.561517,-0.011687,-0.555723,0.009360,-0.009360,0.578416,-0.556057,0.567973,-0.556682,-0.556920,1.122638
6,PCB,24,0.018095,0.008959,0.008832,0.684603,0.008832,0.731852,-0.008832,-0.676743,0.008959,-0.008959,0.726416,-0.677773,0.684719,-0.678122,-0.677455,1.384892
6,PCB,25,0.016596,0.003005,0.006253,0.563579,0.006253,0.571557,-0.006253,-0.561291,0.003005,-0.003005,0.585003,-0.561256,0.563500,-0.561145,-0.561088,1.158628
6,PCB,26,0.028493,0.014782,0.014193,0.579535,0.014193,0.590630,-0.014193,-0.569195,0.014782,-0.014782,0.586902,-0.569114,0.578811,-0.568244,-0.568842,1.196221
6,PCB,27,0.020077,0.006222,0.006916,0.594378,0.006916,0.618527,-0.006916,-0.591737,0.006222,-0.006222,0.602784,-0.590324,0.594410,-0.590668,-0.591661,1.222291
7,DMT,0,0.009185,0.003223,0.003543,0.686107,0.003543,0.703456,-0.003543,-0.683894,0.003223,-0.003223,0.702949,-0.683091,0.687213,-0.684514,-0.684643,1.386370
7,DMT,1,0.012252,-0.000330,0.002520,0.633890,0.002520,0.654668,-0.002520,-0.634466,-0.000330,0.000330,0.645669,-0.634715,0.633074,-0.633843,-0.633929,1.280044
7,DMT,2,0.019555,0.001066,0.002226,0.675550,0.002226,0.708966,-0.002226,-0.675657,0.001066,-0.001066,0.710099,-0.676053,0.674934,-0.675161,-0.674866,1.367296
7,DMT,3,0.021782,0.000735,0.002086,0.714983,0.002086,0.759833,-0.002086,-0.715227,0.000735,-0.000735,0.778507,-0.716222,0.715280,-0.715619,-0.715303,1.449036
7,DMT,4,0.024544,0.007797,0.008872,0.690868,0.008872,0.767732,-0.008872,-0.686282,0.007797,-0.007797,0.742258,-0.684722,0.690911,-0.685266,-0.686168,1.397087
7,DMT,5,0.022681,0.014616,0.014058,0.590027,0.014058,0.640080,-0.014058,-0.576404,0.014616,-0.014616,0.668686,-0.577754,0.587128,-0.576647,-0.573320,1.203557
7,DMT,6,0.044340,0.017759,0.015030,0.752854,0.015030,0.792983,-0.015030,-0.741159,0.017759,-0.017759,0.783338,-0.740566,0.752215,-0.738110,-0.740578,1.531504
7,DMT,7,0.080246,0.016517,0.018855,0.863727,0.018855,1.017110,-0.018855,-0.854550,0.016517,-0.016517,0.960802,-0.855233,0.864417,-0.855626,-0.855654,1.749585
7,DMT,8,0.006617,0.006646,0.005569,0.552671,0.005569,0.543638,-0.005569,-0.548937,0.006646,-0.006646,0.601940,-0.548233,0.550724,-0.547240,-0.547047,1.122983
7,DMT,9,0.010587,0.003057,0.004323,0.613118,0.004323,0.635993,-0.004323,-0.610840,0.003057,-0.003057,0.633510,-0.611413,0.612605,-0.610689,-0.610321,1.234335
7,DMT,10,0.015553,0.004212,0.003918,0.600555,0.003918,0.625592,-0.003918,-0.599273,0.004212,-0.004212,0.621363,-0.598890,0.600389,-0.598813,-0.599066,1.219665
7,DMT,11,0.012576,0.002678,0.003739,0.633097,0.003739,0.662115,-0.003739,-0.631076,0.002678,-0.002678,0.658377,-0.631668,0.633889,-0.632436,-0.631729,1.278684
7,DMT,12,0.012412,0.004284,0.004929,0.576398,0.004929,0.628862,-0.004929,-0.572653,0.004284,-0.004284,0.601843,-0.572263,0.576300,-0.572170,-0.572831,1.170121
7,DMT,13,0.013647,0.005905,0.002935,0.627133,0.002935,0.667341,-0.002935,-0.624170,0.005905,-0.005905,0.634043,-0.623810,0.627574,-0.623877,-0.624635,1.267941
7,DMT,14,0.006812,0.009123,0.005789,0.505506,0.005789,0.526694,-0.005789,-0.499663,0.009123,-0.009123,0.534605,-0.498605,0.505715,-0.498919,-0.499680,1.024739
7,DMT,15,0.012461,0.007846,0.006208,0.558563,0.006208,0.605654,-0.006208,-0.552197,0.007846,-0.007846,0.589681,-0.552703,0.557486,-0.551758,-0.551946,1.137957
7,DMT,16,0.010079,0.005867,0.005818,0.536701,0.005818,0.573390,-0.005818,-0.532626,0.005867,-0.005867,0.561018,-0.532652,0.536929,-0.532791,-0.532629,1.093309
7,DMT,17,0.016486,0.005604,0.006343,0.616550,0.006343,0.621603,-0.006343,-0.612256,0.005604,-0.005604,0.639880,-0.612435,0.617346,-0.613065,-0.613041,1.248383
7,DMT,18,0.004817,0.006133,0.006316,0.498382,0.006316,0.499073,-0.006316,-0.492536,0.006133,-0.006133,0.511753,-0.493101,0.498939,-0.493474,-0.493117,1.020069
7,DMT,19,0.016298,0.003616,0.006458,0.648205,0.006458,0.695677,-0.006458,-0.644694,0.003616,-0.003616,0.675850,-0.645119,0.647455,-0.644356,-0.644011,1.312772
7,DMT,20,0.009133,0.002277,0.003773,0.629077,0.003773,0.659976,-0.003773,-0.627618,0.002277,-0.002277,0.634829,-0.627548,0.629694,-0.628084,-0.628423,1.273700
7,DMT,21,0.031221,0.002763,0.000876,0.620258,0.000876,0.688847,-0.000876,-0.622375,0.002763,-0.002763,0.648580,-0.621559,0.621793,-0.622259,-0.623911,1.274137
7,DMT,22,0.023225,0.007072,0.007310,0.621459,0.007310,0.653457,-0.007310,-0.617886,0.007072,-0.007072,0.644400,-0.618234,0.621785,-0.619033,-0.618176,1.261390
7,DMT,23,0.015746,0.000769,0.004111,0.644065,0.004111,0.690996,-0.004111,-0.643183,0.000769,-0.000769,0.663586,-0.643763,0.644049,-0.643245,-0.642877,1.308511
7,DMT,24,0.029002,0.004668,0.004350,0.728636,0.004350,0.782147,-0.004350,-0.726507,0.004668,-0.004668,0.736540,-0.727460,0.729922,-0.728789,-0.728882,1.477638
7,DMT,25,0.014479,0.004431,0.003733,0.607071,0.003733,0.678016,-0.003733,-0.603610,0.004431,-0.004431,0.629352,-0.603795,0.607605,-0.604515,-0.604428,1.237468
7,DMT,26,0.026798,0.001243,0.004800,0.604668,0.004800,0.673291,-0.004800,-0.603066,0.001243,-0.001243,0.623635,-0.605135,0.604429,-0.604898,-0.603190,1.236611
7,DMT,27,0.012694,0.001715,0.003403,0.628005,0.003403,0.659253,-0.003403,-0.626370,0.001715,-0.001715,0.629880,-0.627246,0.629093,-0.628179,-0.627925,1.272940
7,PCB,0,0.019547,0.003115,0.002999,0.650983,0.002999,0.691366,-0.002999,-0.649952,0.003115,-0.003115,0.687970,-0.649856,0.651431,-0.650230,-0.650255,1.322402
7,PCB,1,0.022261,0.003915,0.006102,0.702714,0.006102,0.748787,-0.006102,-0.699640,0.003915,-0.003915,0.744981,-0.699953,0.702573,-0.699670,-0.699472,1.421916
7,PCB,2,0.030401,0.005962,0.007236,0.684062,0.007236,0.750036,-0.007236,-0.680389,0.005962,-0.005962,0.723470,-0.680636,0.684391,-0.680731,-0.680228,1.391946
7,PCB,3,0.024258,0.006482,0.008359,0.570587,0.008359,0.579294,-0.008359,-0.566493,0.006482,-0.006482,0.573340,-0.566913,0.568457,-0.565700,-0.565174,1.188560
7,PCB,4,0.011383,0.003959,0.007174,0.626676,0.007174,0.658923,-0.007174,-0.622838,0.003959,-0.003959,0.650419,-0.623756,0.625832,-0.622481,-0.621572,1.281256
7,PCB,5,0.014073,0.008582,0.007589,0.588894,0.007589,0.627335,-0.007589,-0.583801,0.008582,-0.008582,0.608552,-0.584231,0.589360,-0.584220,-0.584580,1.206694
7,PCB,6,0.036625,0.007485,0.005311,0.769814,0.005311,0.818835,-0.005311,-0.768580,0.007485,-0.007485,0.792489,-0.767532,0.769288,-0.767018,-0.768189,1.565191
7,PCB,7,0.017191,0.004533,0.006832,0.667444,0.006832,0.702023,-0.006832,-0.665057,0.004533,-0.004533,0.685792,-0.665392,0.667790,-0.665544,-0.665485,1.355031
7,PCB,8,0.015993,0.002312,0.005136,0.659386,0.005136,0.705382,-0.005136,-0.657327,0.002312,-0.002312,0.702812,-0.657897,0.660737,-0.659272,-0.658537,1.336621
7,PCB,9,0.011981,0.004225,0.002687,0.646384,0.002687,0.679409,-0.002687,-0.645193,0.004225,-0.004225,0.686755,-0.645297,0.646631,-0.645171,-0.645405,1.308092
7,PCB,10,0.025518,0.003544,0.001717,0.707996,0.001717,0.760337,-0.001717,-0.707642,0.003544,-0.003544,0.753086,-0.707119,0.707811,-0.707605,-0.707444,1.435116
7,PCB,11,0.022739,0.004569,0.006095,0.714432,0.006095,0.763579,-0.006095,-0.712057,0.004569,-0.004569,0.741162,-0.712291,0.714535,-0.712228,-0.712505,1.447762
7,PCB,12,0.024398,0.010643,0.008868,0.604489,0.008868,0.709211,-0.008868,-0.597770,0.010643,-0.010643,0.624460,-0.597333,0.604205,-0.596578,-0.597288,1.240136
7,PCB,13,0.024294,0.006053,0.007245,0.628325,0.007245,0.708732,-0.007245,-0.625050,0.006053,-0.006053,0.652160,-0.625220,0.627618,-0.624037,-0.625442,1.284122
7,PCB,14,0.026980,0.002107,0.009232,0.663283,0.009232,0.701803,-0.009232,-0.660565,0.002107,-0.002107,0.705766,-0.661882,0.664016,-0.662819,-0.661147,1.349066
7,PCB,15,0.029417,0.008888,0.007893,0.777698,0.007893,0.790959,-0.007893,-0.772814,0.008888,-0.008888,0.813516,-0.772530,0.777753,-0.773308,-0.772807,1.572602
7,PCB,16,0.021756,0.002741,0.006116,0.747991,0.006116,0.776186,-0.006116,-0.745064,0.002741,-0.002741,0.790839,-0.746484,0.747493,-0.745898,-0.744829,1.511634
7,PCB,17,0.013600,0.008666,0.005620,0.751515,0.005620,0.803749,-0.005620,-0.745109,0.008666,-0.008666,0.772353,-0.745195,0.751535,-0.743784,-0.745047,1.520335
7,PCB,18,0.050797,0.006485,0.007728,0.816956,0.007728,0.860170,-0.007728,-0.814082,0.006485,-0.006485,0.842764,-0.813679,0.815433,-0.811866,-0.811225,1.654576
7,PCB,19,0.048732,0.004726,0.010347,0.808550,0.010347,0.791677,-0.010347,-0.803142,0.004726,-0.004726,0.862586,-0.805180,0.808525,-0.806015,-0.804409,1.636665
7,PCB,20,0.028322,0.003471,0.004895,0.648224,0.004895,0.737234,-0.004895,-0.646688,0.003471,-0.003471,0.684283,-0.646917,0.647579,-0.646439,-0.645967,1.315571
7,PCB,21,0.048949,0.003073,0.009555,0.767053,0.009555,0.893616,-0.009555,-0.762604,0.003073,-0.003073,0.852124,-0.764418,0.767950,-0.765158,-0.763925,1.551473
7,PCB,22,0.028403,0.005794,0.006426,0.752540,0.006426,0.848293,-0.006426,-0.748650,0.005794,-0.005794,0.813953,-0.749197,0.754731,-0.750839,-0.750078,1.519940
7,PCB,23,0.017355,0.001085,0.001470,0.709646,0.001470,0.824907,-0.001470,-0.708898,0.001085,-0.001085,0.695038,-0.709879,0.709756,-0.709112,-0.709568,1.435930
7,PCB,24,0.025248,0.000834,0.003025,0.734360,0.003025,0.813417,-0.003025,-0.732287,0.000834,-0.000834,0.767572,-0.733519,0.734834,-0.733321,-0.733056,1.482089
7,PCB,25,0.039259,0.007542,0.005136,0.766242,0.005136,0.812105,-0.005136,-0.760667,0.007542,-0.007542,0.845226,-0.757246,0.766374,-0.758598,-0.760878,1.543197
7,PCB,26,0.014790,0.006505,0.002502,0.718710,0.002502,0.750951,-0.002502,-0.715743,0.006505,-0.006505,0.701770,-0.714816,0.720193,-0.715699,-0.717004,1.457111
7,PCB,27,0.021898,0.003590,0.002919,0.747425,0.002919,0.799809,-0.002919,-0.746933,0.003590,-0.003590,0.778252,-0.746788,0.747708,-0.746759,-0.747069,1.513894
8,DMT,0,0.018052,0.007894,0.006962,0.683022,0.006962,0.682866,-0.006962,-0.678051,0.007894,-0.007894,0.705819,-0.677486,0.682363,-0.676898,-0.677957,1.387976
8,DMT,1,0.013188,0.001814,0.008791,0.608047,0.008791,0.614967,-0.008791,-0.605020,0.001814,-0.001814,0.615580,-0.606545,0.608455,-0.606326,-0.605544,1.232844
8,DMT,2,0.039066,0.002953,0.008925,0.719874,0.008925,0.835547,-0.008925,-0.716118,0.002953,-0.002953,0.757657,-0.717672,0.721043,-0.718519,-0.717076,1.458591
8,DMT,3,0.019263,0.008008,0.008694,0.713209,0.008694,0.728530,-0.008694,-0.708485,0.008008,-0.008008,0.730563,-0.708391,0.713877,-0.708726,-0.708560,1.454911
8,DMT,4,0.027522,0.006606,0.006800,0.648637,0.006800,0.657863,-0.006800,-0.646363,0.006606,-0.006606,0.628524,-0.645471,0.645763,-0.642552,-0.643618,1.330839
8,DMT,5,0.084941,0.018503,0.006998,0.702482,0.006998,0.796701,-0.006998,-0.698046,0.018503,-0.018503,0.775428,-0.695996,0.700125,-0.695226,-0.697041,1.441165
8,DMT,6,0.089486,0.009437,0.024818,0.797291,0.024818,0.975019,-0.024818,-0.787512,0.009437,-0.009437,0.872029,-0.790717,0.798516,-0.791362,-0.788468,1.634513
8,DMT,7,0.044881,0.013276,0.014827,0.613993,0.014827,0.692593,-0.014827,-0.606376,0.013276,-0.013276,0.622579,-0.608710,0.614992,-0.608203,-0.608539,1.273810
8,DMT,8,0.030629,0.011640,0.010162,0.581073,0.010162,0.632130,-0.010162,-0.575331,0.011640,-0.011640,0.623365,-0.575357,0.583523,-0.578175,-0.576382,1.192055
8,DMT,9,0.010512,0.001834,0.000283,0.653004,0.000283,0.672174,-0.000283,-0.652110,0.001834,-0.001834,0.661478,-0.652180,0.652935,-0.651972,-0.652304,1.308779
8,DMT,10,0.012143,0.002788,0.001896,0.606326,0.001896,0.638110,-0.001896,-0.605502,0.002788,-0.002788,0.635020,-0.605289,0.606537,-0.605505,-0.605320,1.223791
8,DMT,11,0.026527,0.003856,0.003993,0.629999,0.003993,0.684662,-0.003993,-0.628491,0.003856,-0.003856,0.662185,-0.628638,0.629710,-0.628354,-0.628303,1.274036
8,DMT,12,0.021611,0.003424,0.006213,0.614315,0.006213,0.661005,-0.006213,-0.612551,0.003424,-0.003424,0.644618,-0.612604,0.613621,-0.611897,-0.611784,1.242129
8,DMT,13,0.011137,0.003309,0.002770,0.638449,0.002770,0.673921,-0.002770,-0.636881,0.003309,-0.003309,0.671935,-0.636873,0.638645,-0.637063,-0.637114,1.291116
8,DMT,14,0.012961,0.001468,0.002088,0.624101,0.002088,0.669110,-0.002088,-0.623549,0.001468,-0.001468,0.639074,-0.623698,0.624594,-0.623978,-0.623891,1.262020
8,DMT,15,0.014478,0.004059,0.006986,0.649931,0.006986,0.701383,-0.006986,-0.646911,0.004059,-0.004059,0.675356,-0.647701,0.650714,-0.648006,-0.647408,1.317193
8,DMT,16,0.014500,0.005158,0.003476,0.621935,0.003476,0.673196,-0.003476,-0.619126,0.005158,-0.005158,0.644512,-0.619367,0.621838,-0.619355,-0.619410,1.256420
8,DMT,17,0.017124,0.001567,0.004159,0.623179,0.004159,0.671558,-0.004159,-0.622170,0.001567,-0.001567,0.646346,-0.621983,0.623156,-0.622085,-0.622072,1.261360
8,DMT,18,0.014337,0.002798,0.005283,0.645389,0.005283,0.673067,-0.005283,-0.642978,0.002798,-0.002798,0.658010,-0.643354,0.646180,-0.644175,-0.643848,1.307750
8,DMT,19,0.017956,0.002581,0.005018,0.586709,0.005018,0.594019,-0.005018,-0.585968,0.002581,-0.002581,0.615046,-0.586013,0.587277,-0.586323,-0.586054,1.198813
8,DMT,20,0.017197,0.003078,0.004770,0.646006,0.004770,0.680965,-0.004770,-0.644749,0.003078,-0.003078,0.667318,-0.644610,0.646232,-0.644441,-0.644785,1.307564
8,DMT,21,0.024191,0.006605,0.006131,0.656544,0.006131,0.686982,-0.006131,-0.653346,0.006605,-0.006605,0.671574,-0.653613,0.656062,-0.653601,-0.653156,1.329619
8,DMT,22,0.017656,0.005752,0.004790,0.609384,0.004790,0.645084,-0.004790,-0.607237,0.005752,-0.005752,0.623736,-0.607260,0.609803,-0.607614,-0.607474,1.238262
8,DMT,23,0.010993,0.007224,0.002421,0.590892,0.002421,0.644990,-0.002421,-0.588856,0.007224,-0.007224,0.605891,-0.588447,0.589761,-0.587204,-0.588156,1.199213
8,DMT,24,0.014002,0.003191,0.004220,0.624731,0.004220,0.664385,-0.004220,-0.622608,0.003191,-0.003191,0.636202,-0.622785,0.624978,-0.622885,-0.622866,1.265981
8,DMT,25,0.014225,0.003872,0.005032,0.558429,0.005032,0.584044,-0.005032,-0.555696,0.003872,-0.003872,0.579485,-0.555170,0.558945,-0.556278,-0.556021,1.138051
8,DMT,26,0.012625,0.006243,0.004531,0.585446,0.004531,0.598581,-0.004531,-0.582180,0.006243,-0.006243,0.605910,-0.582140,0.584936,-0.581152,-0.581663,1.187123
8,DMT,27,0.030869,0.005573,0.004288,0.653892,0.004288,0.711895,-0.004288,-0.652614,0.005573,-0.005573,0.641269,-0.653224,0.654351,-0.653246,-0.653546,1.338365
8,PCB,0,0.016745,0.007256,0.004706,0.691293,0.004706,0.753915,-0.004706,-0.686697,0.007256,-0.007256,0.681988,-0.686952,0.692479,-0.687423,-0.688080,1.401720
8,PCB,1,0.011404,0.004614,0.006057,0.618540,0.006057,0.641973,-0.006057,-0.614924,0.004614,-0.004614,0.645807,-0.615534,0.617787,-0.614921,-0.614180,1.252572
8,PCB,2,0.008944,0.003047,0.003567,0.628484,0.003567,0.682249,-0.003567,-0.625678,0.003047,-0.003047,0.648095,-0.626385,0.628911,-0.626735,-0.626286,1.269058
8,PCB,3,0.016214,0.005663,0.000882,0.694253,0.000882,0.704929,-0.000882,-0.693651,0.005663,-0.005663,0.706293,-0.693061,0.694345,-0.692630,-0.693485,1.401231
8,PCB,4,0.023368,0.005089,0.003806,0.645324,0.003806,0.667994,-0.003806,-0.643222,0.005089,-0.005089,0.686282,-0.643733,0.644352,-0.642970,-0.642946,1.307580
8,PCB,5,0.018520,0.001853,0.002412,0.638460,0.002412,0.663805,-0.002412,-0.637695,0.001853,-0.001853,0.681947,-0.638219,0.640130,-0.640045,-0.639036,1.298688
8,PCB,6,0.050714,0.009210,0.011195,0.752841,0.011195,0.814034,-0.011195,-0.746879,0.009210,-0.009210,0.812264,-0.747057,0.753388,-0.747209,-0.746347,1.523919
8,PCB,7,0.024727,0.007483,0.004351,0.635244,0.004351,0.639681,-0.004351,-0.631932,0.007483,-0.007483,0.677668,-0.630944,0.634370,-0.630095,-0.631299,1.290644
8,PCB,8,0.013969,0.005086,0.004245,0.675321,0.004245,0.689103,-0.004245,-0.672450,0.005086,-0.005086,0.700221,-0.671968,0.674938,-0.671666,-0.671919,1.363566
8,PCB,9,0.014761,0.004652,0.004696,0.627596,0.004696,0.669694,-0.004696,-0.625011,0.004652,-0.004652,0.639254,-0.625060,0.626920,-0.624278,-0.624631,1.267856
8,PCB,10,0.024425,0.004344,0.000906,0.611577,0.000906,0.667370,-0.000906,-0.612951,0.004344,-0.004344,0.629818,-0.612547,0.612853,-0.613884,-0.614549,1.253634
8,PCB,11,0.021205,0.004108,0.005722,0.645835,0.005722,0.690138,-0.005722,-0.642941,0.004108,-0.004108,0.681942,-0.643365,0.646470,-0.644020,-0.643536,1.309927
8,PCB,12,0.014241,0.002279,0.003328,0.658248,0.003328,0.718121,-0.003328,-0.657700,0.002279,-0.002279,0.693057,-0.657508,0.656830,-0.656216,-0.656622,1.329893
8,PCB,13,0.011125,0.004907,0.004522,0.605710,0.004522,0.641206,-0.004522,-0.602473,0.004907,-0.004907,0.603649,-0.602702,0.604987,-0.601914,-0.602101,1.227226
8,PCB,14,0.022853,0.005016,0.006824,0.647511,0.006824,0.695677,-0.006824,-0.645023,0.005016,-0.005016,0.652043,-0.645315,0.646452,-0.644658,-0.644446,1.320128
8,PCB,15,0.017063,0.004352,0.001875,0.652504,0.001875,0.723647,-0.001875,-0.650945,0.004352,-0.004352,0.665737,-0.650835,0.652594,-0.650808,-0.651396,1.322212
8,PCB,16,0.015222,0.007298,0.005868,0.727646,0.005868,0.767652,-0.005868,-0.722410,0.007298,-0.007298,0.764458,-0.722169,0.727871,-0.722350,-0.722939,1.463458
8,PCB,17,0.028820,0.004296,0.005029,0.723939,0.005029,0.776930,-0.005029,-0.721867,0.004296,-0.004296,0.770967,-0.721605,0.722640,-0.720829,-0.720993,1.458888
8,PCB,18,0.023151,0.002743,0.005600,0.721852,0.005600,0.771171,-0.005600,-0.719588,0.002743,-0.002743,0.732177,-0.720220,0.721597,-0.719839,-0.719179,1.455069
8,PCB,19,0.034786,0.006093,0.004049,0.679740,0.004049,0.752348,-0.004049,-0.677931,0.006093,-0.006093,0.701261,-0.678412,0.678753,-0.677658,-0.677033,1.381684
8,PCB,20,0.020251,0.010872,0.011130,0.492065,0.011130,0.469382,-0.011130,-0.483445,0.010872,-0.010872,0.522573,-0.484350,0.491337,-0.484333,-0.482695,1.026598
8,PCB,21,0.029168,0.010376,0.006021,0.652802,0.006021,0.685746,-0.006021,-0.647768,0.010376,-0.010376,0.683032,-0.646805,0.649442,-0.644132,-0.644761,1.326205
8,PCB,22,0.016489,0.004262,0.002310,0.600451,0.002310,0.671660,-0.002310,-0.597512,0.004262,-0.004262,0.604736,-0.597603,0.600712,-0.597617,-0.598143,1.218209
8,PCB,23,0.012462,-0.000503,0.003588,0.623146,0.003588,0.663674,-0.003588,-0.622083,-0.000503,0.000503,0.617487,-0.622153,0.622281,-0.620996,-0.621157,1.258858
8,PCB,24,0.042748,0.005796,0.011091,0.734166,0.011091,0.807334,-0.011091,-0.728324,0.005796,-0.005796,0.772947,-0.728671,0.734997,-0.729233,-0.728246,1.484446
8,PCB,25,0.025215,0.009763,0.008154,0.698445,0.008154,0.750903,-0.008154,-0.692678,0.009763,-0.009763,0.737400,-0.692208,0.695941,-0.689720,-0.691233,1.408268
8,PCB,26,0.021612,0.004139,0.004994,0.720891,0.004994,0.815166,-0.004994,-0.718404,0.004139,-0.004139,0.741889,-0.719541,0.721625,-0.719956,-0.719075,1.459438
8,PCB,27,0.035940,0.007233,0.008505,0.740744,0.008505,0.788417,-0.008505,-0.736608,0.007233,-0.007233,0.746564,-0.737275,0.740438,-0.737330,-0.736463,1.506367
9,DMT,0,0.028357,0.006324,0.004266,0.629822,0.004266,0.650659,-0.004266,-0.628673,0.006324,-0.006324,0.636928,-0.628311,0.629457,-0.628228,-0.628482,1.293967
9,DMT,1,0.040837,0.014719,0.013511,0.607843,0.013511,0.677435,-0.013511,-0.597747,0.014719,-0.014719,0.628370,-0.598654,0.608201,-0.598234,-0.598862,1.245772
9,DMT,2,0.020084,0.010529,0.004996,0.578642,0.004996,0.668321,-0.004996,-0.574151,0.010529,-0.010529,0.601003,-0.573773,0.579049,-0.572557,-0.574302,1.179558
9,DMT,3,0.044987,-0.002417,0.000877,0.769089,0.000877,0.909156,-0.000877,-0.772762,-0.002417,0.002417,0.794682,-0.772775,0.769196,-0.772119,-0.772321,1.564135
9,DMT,4,0.008384,0.005262,0.010108,0.576175,0.010108,0.594033,-0.010108,-0.568398,0.005262,-0.005262,0.584477,-0.569518,0.577337,-0.570446,-0.569807,1.173310
9,DMT,5,0.009836,0.008095,0.004235,0.630868,0.004235,0.625562,-0.004235,-0.627686,0.008095,-0.008095,0.609591,-0.627090,0.629681,-0.624716,-0.626773,1.302672
9,DMT,6,0.002965,0.004003,0.006576,0.777330,0.006576,0.866065,-0.006576,-0.771155,0.004003,-0.004003,0.780177,-0.772850,0.778942,-0.773907,-0.773239,1.555767
9,DMT,7,0.007376,0.006825,0.008181,0.732366,0.008181,0.778369,-0.008181,-0.724108,0.006825,-0.006825,0.750447,-0.725485,0.732642,-0.726273,-0.725630,1.471614
9,DMT,8,0.052761,0.018894,0.017902,0.565198,0.017902,0.650246,-0.017902,-0.553296,0.018894,-0.018894,0.579419,-0.553081,0.564650,-0.551341,-0.553488,1.202665
9,DMT,9,0.018660,0.003692,0.005212,0.593011,0.005212,0.625033,-0.005212,-0.590847,0.003692,-0.003692,0.608944,-0.590660,0.592515,-0.590335,-0.590207,1.219963
9,DMT,10,0.019597,0.002386,0.001160,0.593716,0.001160,0.645522,-0.001160,-0.594191,0.002386,-0.002386,0.603517,-0.594731,0.594123,-0.594731,-0.594871,1.206552
9,DMT,11,0.022892,0.003239,0.004065,0.589946,0.004065,0.613848,-0.004065,-0.589418,0.003239,-0.003239,0.608349,-0.589467,0.589793,-0.589438,-0.589010,1.205741
9,DMT,12,0.016259,0.004855,0.004549,0.596538,0.004549,0.619043,-0.004549,-0.594727,0.004855,-0.004855,0.604231,-0.594928,0.596324,-0.594751,-0.594461,1.220531
9,DMT,13,0.017101,0.008361,0.007585,0.622837,0.007585,0.648041,-0.007585,-0.616881,0.008361,-0.008361,0.628385,-0.617077,0.622431,-0.616622,-0.616942,1.262130
9,DMT,14,0.030463,0.009365,0.004734,0.609117,0.004734,0.627735,-0.004734,-0.605612,0.009365,-0.009365,0.623352,-0.605730,0.608753,-0.605541,-0.604834,1.246608
9,DMT,15,0.015276,0.009551,0.013237,0.462944,0.013237,0.524973,-0.013237,-0.453928,0.009551,-0.009551,0.470476,-0.455123,0.463185,-0.454388,-0.454362,0.966799
9,DMT,16,0.035432,0.008139,0.010554,0.546283,0.010554,0.602451,-0.010554,-0.541191,0.008139,-0.008139,0.579189,-0.541790,0.545443,-0.540301,-0.540123,1.128980
9,DMT,17,0.029705,0.001260,0.004429,0.625274,0.004429,0.650102,-0.004429,-0.626893,0.001260,-0.001260,0.634748,-0.627128,0.624951,-0.627363,-0.625647,1.279752
9,DMT,18,0.020825,0.005451,0.011582,0.598324,0.011582,0.633407,-0.011582,-0.590762,0.005451,-0.005451,0.605366,-0.592411,0.597419,-0.590211,-0.590577,1.230039
9,DMT,19,0.023536,0.007242,0.007718,0.646418,0.007718,0.660595,-0.007718,-0.641252,0.007242,-0.007242,0.663728,-0.641075,0.647983,-0.642740,-0.642678,1.310831
9,DMT,20,0.020691,0.002374,0.002912,0.622803,0.002912,0.637727,-0.002912,-0.622300,0.002374,-0.002374,0.648601,-0.622079,0.622088,-0.621666,-0.621178,1.261807
9,DMT,21,0.038731,0.021629,0.016038,0.580277,0.016038,0.617730,-0.016038,-0.568427,0.021629,-0.021629,0.594313,-0.567678,0.579795,-0.566394,-0.567985,1.199867
9,DMT,22,0.050825,0.010424,0.005871,0.641551,0.005871,0.695564,-0.005871,-0.639861,0.010424,-0.010424,0.664891,-0.638178,0.642389,-0.639393,-0.640362,1.309260
9,DMT,23,0.032023,0.006954,0.002878,0.706997,0.002878,0.742108,-0.002878,-0.703968,0.006954,-0.006954,0.730484,-0.703019,0.707671,-0.704416,-0.704665,1.424069
9,DMT,24,0.018855,0.009036,0.005962,0.643528,0.005962,0.683333,-0.005962,-0.638544,0.009036,-0.009036,0.649718,-0.638770,0.643693,-0.639085,-0.638958,1.302824
9,DMT,25,0.036179,0.002995,0.009432,0.692803,0.009432,0.730843,-0.009432,-0.689786,0.002995,-0.002995,0.708657,-0.690475,0.693249,-0.690760,-0.690187,1.413833
9,DMT,26,0.053539,0.013357,0.015966,0.788289,0.015966,0.820213,-0.015966,-0.780196,0.013357,-0.013357,0.795023,-0.780940,0.790040,-0.782675,-0.782433,1.606993
9,DMT,27,0.030041,0.002517,0.013625,0.710274,0.013625,0.692846,-0.013625,-0.705464,0.002517,-0.002517,0.743358,-0.705801,0.712093,-0.707985,-0.707064,1.444267
9,PCB,0,0.023485,0.002300,0.001535,0.617421,0.001535,0.642147,-0.001535,-0.619065,0.002300,-0.002300,0.627181,-0.620256,0.617418,-0.620074,-0.619661,1.266779
9,PCB,1,0.024608,0.003109,0.001460,0.632191,0.001460,0.649721,-0.001460,-0.633963,0.003109,-0.003109,0.677208,-0.633672,0.632711,-0.634765,-0.633843,1.294863
9,PCB,2,0.026395,0.007238,0.004657,0.561349,0.004657,0.601736,-0.004657,-0.558908,0.007238,-0.007238,0.587765,-0.558787,0.561322,-0.558743,-0.559503,1.169935
9,PCB,3,0.031294,0.000065,-0.001787,0.629363,-0.001787,0.662889,0.001787,-0.634952,0.000065,-0.000065,0.656982,-0.635991,0.630359,-0.637023,-0.636727,1.315209
9,PCB,4,0.054544,0.017377,0.013177,0.761216,0.013177,0.786332,-0.013177,-0.751306,0.017377,-0.017377,0.800528,-0.750474,0.760181,-0.749420,-0.750911,1.550426
9,PCB,5,0.028402,0.014228,0.015404,0.633661,0.015404,0.642779,-0.015404,-0.620702,0.014228,-0.014228,0.649125,-0.619079,0.633636,-0.619490,-0.620037,1.296444
9,PCB,6,0.020880,0.004198,0.007723,0.602763,0.007723,0.645535,-0.007723,-0.597847,0.004198,-0.004198,0.633784,-0.598682,0.603317,-0.598910,-0.598850,1.233652
9,PCB,7,0.019933,0.011661,0.007475,0.578702,0.007475,0.637195,-0.007475,-0.572582,0.011661,-0.011661,0.588649,-0.571655,0.576822,-0.569897,-0.570816,1.190456
9,PCB,8,0.016831,0.006415,0.001563,0.590222,0.001563,0.645421,-0.001563,-0.587399,0.006415,-0.006415,0.621525,-0.588208,0.589201,-0.587489,-0.586774,1.198576
9,PCB,9,0.029034,0.016603,0.009648,0.596359,0.009648,0.616166,-0.009648,-0.587759,0.016603,-0.016603,0.588662,-0.588333,0.595973,-0.587411,-0.587680,1.233753
9,PCB,10,0.031867,0.012376,0.003351,0.670294,0.003351,0.717089,-0.003351,-0.667075,0.012376,-0.012376,0.691465,-0.665701,0.671134,-0.666002,-0.667461,1.373873
9,PCB,11,0.025266,0.003289,0.008931,0.677573,0.008931,0.719705,-0.008931,-0.673396,0.003289,-0.003289,0.695990,-0.673497,0.677309,-0.673195,-0.673002,1.374352
9,PCB,12,0.022256,0.005845,0.005215,0.626565,0.005215,0.700645,-0.005215,-0.622376,0.005845,-0.005845,0.643944,-0.622735,0.627273,-0.622893,-0.623540,1.273380
9,PCB,13,0.015328,0.005777,0.006021,0.650533,0.006021,0.673796,-0.006021,-0.646063,0.005777,-0.005777,0.681940,-0.646813,0.649916,-0.646265,-0.645204,1.319562
9,PCB,14,0.024286,0.001728,0.003726,0.604428,0.003726,0.644106,-0.003726,-0.604779,0.001728,-0.001728,0.610533,-0.605123,0.603407,-0.603167,-0.604387,1.244271
9,PCB,15,0.013882,0.004513,0.002732,0.644214,0.002732,0.691563,-0.002732,-0.642604,0.004513,-0.004513,0.646511,-0.642661,0.643289,-0.641921,-0.641836,1.304231
9,PCB,16,0.017788,0.002343,0.004492,0.627026,0.004492,0.698130,-0.004492,-0.625702,0.002343,-0.002343,0.654321,-0.625353,0.626561,-0.625025,-0.624491,1.270215
9,PCB,17,0.023321,0.009653,0.004250,0.633157,0.004250,0.681484,-0.004250,-0.630441,0.009653,-0.009653,0.651186,-0.631088,0.632345,-0.629261,-0.629844,1.290531
9,PCB,18,0.014180,0.012506,0.005916,0.591527,0.005916,0.589223,-0.005916,-0.583410,0.012506,-0.012506,0.593541,-0.583403,0.590601,-0.582649,-0.582901,1.214887
9,PCB,19,0.027552,0.015242,0.014987,0.561680,0.014987,0.578688,-0.014987,-0.549998,0.015242,-0.015242,0.590622,-0.549952,0.562122,-0.550606,-0.550754,1.168477
9,PCB,20,0.019220,0.006939,0.002840,0.629012,0.002840,0.712049,-0.002840,-0.625598,0.006939,-0.006939,0.646352,-0.625151,0.627845,-0.623321,-0.624207,1.274967
9,PCB,21,0.028456,0.008996,0.011452,0.713655,0.011452,0.719070,-0.011452,-0.706726,0.008996,-0.008996,0.739330,-0.706130,0.712884,-0.705683,-0.705450,1.445482
9,PCB,22,0.022099,0.003650,0.003653,0.692589,0.003653,0.760626,-0.003653,-0.690613,0.003650,-0.003650,0.701080,-0.690688,0.692255,-0.690057,-0.690902,1.399366
9,PCB,23,0.015535,0.000141,0.000361,0.695727,0.000361,0.774662,-0.000361,-0.697000,0.000141,-0.000141,0.731993,-0.696956,0.695910,-0.696687,-0.697120,1.401266
9,PCB,24,0.012858,0.007327,0.007509,0.678266,0.007509,0.731610,-0.007509,-0.670691,0.007327,-0.007327,0.690095,-0.670934,0.679001,-0.671780,-0.671301,1.372778
9,PCB,25,0.019795,0.010517,0.013277,0.637990,0.013277,0.665830,-0.013277,-0.625990,0.010517,-0.010517,0.674912,-0.626634,0.637017,-0.625876,-0.625584,1.305757
9,PCB,26,0.037005,0.003630,0.003163,0.703406,0.003163,0.867730,-0.003163,-0.703044,0.003630,-0.003630,0.809258,-0.703617,0.706848,-0.706096,-0.705719,1.432221
9,PCB,27,0.019035,0.005516,0.006980,0.752460,0.006980,0.845306,-0.006980,-0.747124,0.005516,-0.005516,0.782488,-0.747150,0.752079,-0.746687,-0.746622,1.511979
10,DMT,0,0.011630,0.010564,0.007646,0.618773,0.007646,0.662172,-0.007646,-0.612569,0.010564,-0.010564,0.622877,-0.611164,0.617528,-0.609892,-0.611451,1.256367
10,DMT,1,0.015301,0.006884,0.003583,0.605627,0.003583,0.691571,-0.003583,-0.601283,0.006884,-0.006884,0.611876,-0.601760,0.606286,-0.601648,-0.602023,1.228717
10,DMT,2,0.012912,0.005414,0.004142,0.661779,0.004142,0.671154,-0.004142,-0.659495,0.005414,-0.005414,0.661560,-0.659078,0.662677,-0.659687,-0.660255,1.343254
10,DMT,3,0.007714,0.003081,0.002962,0.607845,0.002962,0.639520,-0.002962,-0.605601,0.003081,-0.003081,0.613030,-0.606274,0.608451,-0.606720,-0.606055,1.228590
10,DMT,4,0.018104,0.003475,0.005568,0.595091,0.005568,0.619045,-0.005568,-0.593714,0.003475,-0.003475,0.605997,-0.593564,0.594551,-0.592709,-0.592865,1.212995
10,DMT,5,0.010379,0.009594,0.002767,0.523204,0.002767,0.553216,-0.002767,-0.519717,0.009594,-0.009594,0.547212,-0.519371,0.523420,-0.520260,-0.519958,1.071931
10,DMT,6,0.010158,0.003564,0.003600,0.613664,0.003600,0.619048,-0.003600,-0.611021,0.003564,-0.003564,0.628316,-0.610682,0.614453,-0.611347,-0.611675,1.241384
10,DMT,7,0.031365,0.010992,0.010475,0.595936,0.010475,0.586961,-0.010475,-0.588310,0.010992,-0.010992,0.685085,-0.587469,0.595703,-0.588478,-0.588010,1.226998
10,DMT,8,0.018872,0.005827,0.006599,0.591597,0.006599,0.635224,-0.006599,-0.588075,0.005827,-0.005827,0.652999,-0.588248,0.591121,-0.586816,-0.587385,1.203127
10,DMT,9,0.004330,0.000712,0.001915,0.513242,0.001915,0.534464,-0.001915,-0.510784,0.000712,-0.000712,0.556011,-0.510754,0.512998,-0.510794,-0.510250,1.035646
10,DMT,10,0.015076,0.002976,0.001604,0.632334,0.001604,0.633469,-0.001604,-0.631888,0.002976,-0.002976,0.658702,-0.630440,0.631300,-0.629652,-0.630820,1.274924
10,DMT,11,0.010872,-0.000230,0.004444,0.622031,0.004444,0.683914,-0.004444,-0.620906,-0.000230,0.000230,0.650712,-0.622599,0.623551,-0.623762,-0.622483,1.260505
10,DMT,12,0.007456,0.003289,0.002357,0.598581,0.002357,0.640723,-0.002357,-0.596825,0.003289,-0.003289,0.614376,-0.597049,0.598517,-0.596891,-0.596835,1.204766
10,DMT,13,0.008392,0.003894,0.004185,0.593107,0.004185,0.634880,-0.004185,-0.590321,0.003894,-0.003894,0.607539,-0.590574,0.593199,-0.590589,-0.590463,1.194712
10,DMT,14,0.017496,0.002745,0.004792,0.599647,0.004792,0.637256,-0.004792,-0.598416,0.002745,-0.002745,0.615874,-0.598555,0.600147,-0.598306,-0.598523,1.216596
10,DMT,15,0.013967,0.004265,0.002797,0.652719,0.002797,0.703981,-0.002797,-0.650455,0.004265,-0.004265,0.665264,-0.649793,0.652488,-0.649835,-0.650551,1.313070
10,DMT,16,0.030146,0.005557,0.005264,0.642252,0.005264,0.704785,-0.005264,-0.640585,0.005557,-0.005557,0.641368,-0.640301,0.642621,-0.640156,-0.640819,1.301329
10,DMT,17,0.016498,0.006505,0.005415,0.601565,0.005415,0.622866,-0.005415,-0.597734,0.006505,-0.006505,0.620976,-0.597654,0.600925,-0.597123,-0.597237,1.213679
10,DMT,18,0.013784,0.003123,0.004224,0.568185,0.004224,0.619998,-0.004224,-0.566292,0.003123,-0.003123,0.592594,-0.565967,0.567528,-0.565211,-0.565819,1.146982
10,DMT,19,0.021910,0.003100,0.000880,0.591472,0.000880,0.652717,-0.000880,-0.591902,0.003100,-0.003100,0.615321,-0.591871,0.591452,-0.591681,-0.592056,1.203109
10,DMT,20,0.027905,0.005829,0.003880,0.637674,0.003880,0.722195,-0.003880,-0.634829,0.005829,-0.005829,0.663071,-0.634914,0.637045,-0.634174,-0.634610,1.294479
10,DMT,21,0.006951,0.002235,0.001490,0.535979,0.001490,0.588376,-0.001490,-0.535049,0.002235,-0.002235,0.568617,-0.535821,0.535678,-0.535367,-0.534991,1.085671
10,DMT,22,0.018817,0.006640,0.006010,0.600804,0.006010,0.660120,-0.006010,-0.596471,0.006640,-0.006640,0.611414,-0.596801,0.600526,-0.596412,-0.596566,1.218928
10,DMT,23,0.032034,0.008337,0.005758,0.624722,0.005758,0.670227,-0.005758,-0.621602,0.008337,-0.008337,0.673326,-0.621806,0.625883,-0.622618,-0.623015,1.272558
10,DMT,24,0.046149,0.007542,0.005579,0.700274,0.005579,0.808620,-0.005579,-0.697661,0.007542,-0.007542,0.793926,-0.697126,0.701071,-0.698142,-0.698482,1.418132
10,DMT,25,0.045741,0.009686,0.013248,0.609120,0.013248,0.633014,-0.013248,-0.604614,0.009686,-0.009686,0.614585,-0.605487,0.610093,-0.605409,-0.605067,1.266897
10,DMT,26,0.034832,0.007865,0.004667,0.658005,0.004667,0.728392,-0.004667,-0.656023,0.007865,-0.007865,0.689748,-0.655590,0.657427,-0.655412,-0.655434,1.339582
10,DMT,27,0.014754,0.007749,0.003262,0.623462,0.003262,0.677834,-0.003262,-0.620833,0.007749,-0.007749,0.638265,-0.620375,0.621963,-0.619249,-0.619623,1.265949
10,PCB,0,0.009829,0.004916,0.009445,0.559699,0.009445,0.588944,-0.009445,-0.553804,0.004916,-0.004916,0.553205,-0.554312,0.558689,-0.553332,-0.553158,1.143135
10,PCB,1,0.015641,0.003080,0.002944,0.562373,0.002944,0.589462,-0.002944,-0.561286,0.003080,-0.003080,0.574248,-0.561272,0.561596,-0.559986,-0.560536,1.147916
10,PCB,2,0.018261,0.007889,0.005458,0.610369,0.005458,0.618623,-0.005458,-0.607948,0.007889,-0.007889,0.643250,-0.606971,0.609238,-0.605594,-0.606510,1.239966
10,PCB,3,0.020225,0.009931,0.009844,0.554821,0.009844,0.604768,-0.009844,-0.548090,0.009931,-0.009931,0.597230,-0.546871,0.553309,-0.545700,-0.547238,1.136369
10,PCB,4,0.017880,0.010226,0.007671,0.591562,0.007671,0.631033,-0.007671,-0.585341,0.010226,-0.010226,0.629757,-0.584120,0.591229,-0.584101,-0.585728,1.202738
10,PCB,5,0.013962,-0.000486,0.005940,0.572410,0.005940,0.635844,-0.005940,-0.571041,-0.000486,0.000486,0.621654,-0.572246,0.574763,-0.573283,-0.574033,1.171655
10,PCB,6,0.019595,0.010539,0.009670,0.628871,0.009670,0.660802,-0.009670,-0.621853,0.010539,-0.010539,0.664388,-0.621141,0.628108,-0.620861,-0.621317,1.282450
10,PCB,7,0.019315,0.004733,0.007742,0.587100,0.007742,0.632692,-0.007742,-0.581609,0.004733,-0.004733,0.597519,-0.582964,0.586352,-0.582111,-0.581684,1.205795
10,PCB,8,0.036084,0.008487,0.009524,0.562085,0.009524,0.559626,-0.009524,-0.560459,0.008487,-0.008487,0.566410,-0.560055,0.561651,-0.559748,-0.559766,1.176790
10,PCB,9,0.028470,0.006477,0.006951,0.545111,0.006951,0.576410,-0.006951,-0.543781,0.006477,-0.006477,0.563609,-0.542929,0.544901,-0.542774,-0.543126,1.132814
10,PCB,10,0.046765,0.012479,0.014002,0.607673,0.014002,0.642918,-0.014002,-0.600752,0.012479,-0.012479,0.630070,-0.600906,0.607987,-0.601202,-0.600587,1.254447
10,PCB,11,0.047327,0.006415,0.008917,0.636645,0.008917,0.668026,-0.008917,-0.637381,0.006415,-0.006415,0.644402,-0.635677,0.637404,-0.636995,-0.637212,1.317054
10,PCB,12,0.026276,0.008802,0.007574,0.625208,0.007574,0.665840,-0.007574,-0.619713,0.008802,-0.008802,0.645471,-0.620536,0.626209,-0.621351,-0.621249,1.274747
10,PCB,13,0.016475,0.001669,0.004186,0.640619,0.004186,0.694874,-0.004186,-0.638940,0.001669,-0.001669,0.673231,-0.639653,0.640743,-0.639827,-0.639521,1.301453
10,PCB,14,0.018870,0.011613,0.012573,0.572406,0.012573,0.600816,-0.012573,-0.561054,0.011613,-0.011613,0.578163,-0.563189,0.571647,-0.561845,-0.561769,1.172970
10,PCB,15,0.011137,0.004289,0.005787,0.589461,0.005787,0.633019,-0.005787,-0.586296,0.004289,-0.004289,0.595143,-0.586520,0.590173,-0.587143,-0.586323,1.203000
10,PCB,16,0.037275,0.003460,0.003560,0.661925,0.003560,0.716744,-0.003560,-0.661903,0.003460,-0.003460,0.688630,-0.662388,0.660277,-0.661427,-0.660447,1.343837
10,PCB,17,0.028280,0.005901,0.007809,0.599115,0.007809,0.671620,-0.007809,-0.595298,0.005901,-0.005901,0.612443,-0.595788,0.598638,-0.594631,-0.595849,1.223537
10,PCB,18,0.014713,0.004764,0.007753,0.639018,0.007753,0.672264,-0.007753,-0.633586,0.004764,-0.004764,0.653113,-0.634556,0.638823,-0.634266,-0.634000,1.292787
10,PCB,19,0.005065,0.003563,0.002690,0.663136,0.002690,0.731560,-0.002690,-0.658898,0.003563,-0.003563,0.671163,-0.659595,0.661955,-0.658283,-0.657905,1.332709
10,PCB,20,0.046501,0.012860,0.008907,0.671857,0.008907,0.752947,-0.008907,-0.665249,0.012860,-0.012860,0.717237,-0.665242,0.670167,-0.663399,-0.663717,1.365881
10,PCB,21,0.019249,0.002975,0.010983,0.605342,0.010983,0.651750,-0.010983,-0.600001,0.002975,-0.002975,0.630126,-0.600503,0.603616,-0.599719,-0.598820,1.228174
10,PCB,22,0.032052,0.015534,0.013130,0.594101,0.013130,0.671559,-0.013130,-0.583329,0.015534,-0.015534,0.599084,-0.584092,0.593224,-0.582917,-0.583538,1.211181
10,PCB,23,0.016973,0.003837,0.001451,0.657908,0.001451,0.704560,-0.001451,-0.657400,0.003837,-0.003837,0.692341,-0.657219,0.657605,-0.656864,-0.657152,1.334144
10,PCB,24,0.020352,0.009646,0.003427,0.608942,0.003427,0.674058,-0.003427,-0.604787,0.009646,-0.009646,0.638402,-0.605411,0.609479,-0.605488,-0.605905,1.240821
10,PCB,25,0.012523,0.007587,0.001946,0.674403,0.001946,0.738774,-0.001946,-0.670826,0.007587,-0.007587,0.692336,-0.671944,0.676098,-0.673030,-0.673045,1.361589
10,PCB,26,0.009071,0.007597,0.004784,0.654342,0.004784,0.670834,-0.004784,-0.649308,0.007597,-0.007597,0.649275,-0.648650,0.652966,-0.647912,-0.648741,1.323795
10,PCB,27,0.012845,0.006414,0.006398,0.596842,0.006398,0.670492,-0.006398,-0.593082,0.006414,-0.006414,0.624267,-0.593087,0.597993,-0.594656,-0.594747,1.221376
11,DMT,0,0.006601,0.006776,0.007061,0.527099,0.007061,0.602429,-0.007061,-0.520190,0.006776,-0.006776,0.579203,-0.519535,0.525874,-0.519118,-0.519659,1.072466
11,DMT,1,0.020676,0.002381,0.004226,0.624438,0.004226,0.702787,-0.004226,-0.621267,0.002381,-0.002381,0.682622,-0.622165,0.626358,-0.623331,-0.623850,1.274192
11,DMT,2,0.039869,0.007181,0.008961,0.607830,0.008961,0.664753,-0.008961,-0.603517,0.007181,-0.007181,0.656573,-0.604140,0.608774,-0.604693,-0.604763,1.255348
11,DMT,3,0.014546,0.003462,0.004086,0.671271,0.004086,0.719220,-0.004086,-0.668551,0.003462,-0.003462,0.708110,-0.668867,0.672967,-0.670157,-0.669622,1.356591
11,DMT,4,0.039540,0.013660,0.014720,0.728694,0.014720,0.774762,-0.014720,-0.716256,0.013660,-0.013660,0.752546,-0.719124,0.728663,-0.717170,-0.717528,1.481489
11,DMT,5,0.019005,0.010315,0.007666,0.673970,0.007666,0.721065,-0.007666,-0.668686,0.010315,-0.010315,0.681412,-0.667482,0.673605,-0.668480,-0.668165,1.363132
11,DMT,6,0.043365,0.011341,0.010104,0.659956,0.010104,0.692853,-0.010104,-0.654095,0.011341,-0.011341,0.684401,-0.653761,0.659523,-0.653208,-0.653042,1.351064
11,DMT,7,0.035790,0.013239,0.014186,0.641288,0.014186,0.737433,-0.014186,-0.629976,0.013239,-0.013239,0.723382,-0.630071,0.639529,-0.628290,-0.628073,1.300013
11,DMT,8,0.013808,0.000387,-0.001042,0.646371,-0.001042,0.702803,0.001042,-0.647803,0.000387,-0.000387,0.668414,-0.647661,0.647127,-0.648357,-0.648389,1.304446
11,DMT,9,0.016262,0.001225,0.002981,0.593602,0.002981,0.657432,-0.002981,-0.592688,0.001225,-0.001225,0.623056,-0.593484,0.594027,-0.593527,-0.593785,1.197690
11,DMT,10,0.013452,0.004820,0.002585,0.598356,0.002585,0.636630,-0.002585,-0.596374,0.004820,-0.004820,0.624417,-0.595724,0.597491,-0.594886,-0.595671,1.202694
11,DMT,11,0.013715,0.002355,0.002055,0.612323,0.002055,0.661463,-0.002055,-0.611744,0.002355,-0.002355,0.632362,-0.611485,0.612372,-0.611332,-0.611974,1.237015
11,DMT,12,0.023105,0.002868,0.002635,0.632818,0.002635,0.660113,-0.002635,-0.632309,0.002868,-0.002868,0.629882,-0.632437,0.631777,-0.631371,-0.631433,1.284565
11,DMT,13,0.009887,0.002106,0.001100,0.601803,0.001100,0.605122,-0.001100,-0.601803,0.002106,-0.002106,0.595980,-0.602138,0.601986,-0.602424,-0.602261,1.222135
11,DMT,14,0.013392,0.002245,0.003581,0.573481,0.003581,0.610771,-0.003581,-0.572009,0.002245,-0.002245,0.604301,-0.572224,0.573931,-0.572185,-0.572226,1.157940
11,DMT,15,0.015015,0.000410,0.001481,0.627161,0.001481,0.653282,-0.001481,-0.627470,0.000410,-0.000410,0.645919,-0.627852,0.626417,-0.627047,-0.626816,1.268156
11,DMT,16,0.022038,0.008567,0.003978,0.611724,0.003978,0.677630,-0.003978,-0.607905,0.008567,-0.008567,0.644674,-0.607266,0.610936,-0.606711,-0.607591,1.240962
11,DMT,17,0.020715,0.006370,0.003552,0.665612,0.003552,0.726230,-0.003552,-0.662700,0.006370,-0.006370,0.687864,-0.661965,0.664470,-0.660795,-0.661640,1.343061
11,DMT,18,0.043448,0.008860,0.006638,0.644291,0.006638,0.743992,-0.006638,-0.640810,0.008860,-0.008860,0.717901,-0.639735,0.642447,-0.637666,-0.639239,1.307367
11,DMT,19,0.029336,0.019279,0.008956,0.585933,0.008956,0.580583,-0.008956,-0.579155,0.019279,-0.019279,0.582980,-0.578158,0.585057,-0.577478,-0.578545,1.212406
11,DMT,20,0.010770,0.006554,0.004713,0.559002,0.004713,0.583874,-0.004713,-0.555787,0.006554,-0.006554,0.585480,-0.555109,0.559108,-0.554923,-0.555468,1.137037
11,DMT,21,0.024512,0.006056,0.005263,0.608694,0.005263,0.705320,-0.005263,-0.607027,0.006056,-0.006056,0.649029,-0.606986,0.609543,-0.607764,-0.607886,1.245043
11,DMT,22,0.024148,0.005207,0.004437,0.664552,0.004437,0.739531,-0.004437,-0.661161,0.005207,-0.005207,0.703504,-0.661983,0.663203,-0.660785,-0.660222,1.346399
11,DMT,23,0.020564,0.003826,0.003174,0.673854,0.003174,0.706300,-0.003174,-0.672361,0.003826,-0.003826,0.705005,-0.672550,0.673002,-0.671543,-0.671787,1.363366
11,DMT,24,0.011514,0.003630,0.002756,0.619136,0.002756,0.619626,-0.002756,-0.617971,0.003630,-0.003630,0.635713,-0.617666,0.618768,-0.617711,-0.617650,1.256525
11,DMT,25,0.011835,0.001301,0.000957,0.652587,0.000957,0.671724,-0.000957,-0.652971,0.001301,-0.001301,0.683255,-0.652367,0.652029,-0.652168,-0.652604,1.317404
11,DMT,26,0.029209,0.006815,0.006277,0.685367,0.006277,0.717308,-0.006277,-0.680530,0.006815,-0.006815,0.732316,-0.681201,0.685412,-0.681255,-0.681142,1.389996
11,DMT,27,0.012412,0.001630,0.000887,0.652389,0.000887,0.676177,-0.000887,-0.652639,0.001630,-0.001630,0.654318,-0.652855,0.652775,-0.652902,-0.652644,1.320443
11,PCB,0,0.015257,0.005096,0.004022,0.668894,0.004022,0.716501,-0.004022,-0.666598,0.005096,-0.005096,0.688407,-0.666552,0.668535,-0.666052,-0.666257,1.352887
11,PCB,1,0.021009,0.003984,0.003616,0.637966,0.003616,0.690357,-0.003616,-0.637330,0.003984,-0.003984,0.666021,-0.636640,0.638549,-0.637355,-0.637523,1.295494
11,PCB,2,0.012420,0.003862,0.005082,0.593863,0.005082,0.614937,-0.005082,-0.591025,0.003862,-0.003862,0.608461,-0.591597,0.593876,-0.591857,-0.591385,1.211974
11,PCB,3,0.020782,0.007579,0.007724,0.661258,0.007724,0.733006,-0.007724,-0.655403,0.007579,-0.007579,0.693673,-0.655811,0.662649,-0.656892,-0.656573,1.337623
11,PCB,4,0.028293,0.003649,0.004315,0.656753,0.004315,0.730920,-0.004315,-0.656395,0.003649,-0.003649,0.729419,-0.656312,0.657301,-0.656427,-0.656423,1.333464
11,PCB,5,0.029240,0.004218,0.003818,0.620150,0.003818,0.716035,-0.003818,-0.618312,0.004218,-0.004218,0.719944,-0.617821,0.620315,-0.618520,-0.618597,1.260636
11,PCB,6,0.021481,0.002775,0.002396,0.762473,0.002396,0.844608,-0.002396,-0.761256,0.002775,-0.002775,0.776609,-0.761629,0.764033,-0.762727,-0.762770,1.543492
11,PCB,7,0.011410,0.005782,0.008095,0.549475,0.008095,0.587530,-0.008095,-0.543955,0.005782,-0.005782,0.588415,-0.543394,0.550691,-0.544266,-0.545426,1.123609
11,PCB,8,0.029695,0.003305,0.007626,0.665402,0.007626,0.728352,-0.007626,-0.663724,0.003305,-0.003305,0.701196,-0.663996,0.666299,-0.664601,-0.664119,1.356669
11,PCB,9,0.027906,0.005104,0.005426,0.636807,0.005426,0.682019,-0.005426,-0.634724,0.005104,-0.005104,0.678105,-0.635132,0.636727,-0.635504,-0.635135,1.295287
11,PCB,10,0.009115,0.003140,0.002715,0.663784,0.002715,0.676650,-0.002715,-0.661728,0.003140,-0.003140,0.691118,-0.661270,0.663576,-0.661452,-0.661644,1.336494
11,PCB,11,0.023764,0.009997,0.005145,0.676020,0.005145,0.716986,-0.005145,-0.672262,0.009997,-0.009997,0.701251,-0.672701,0.676381,-0.672836,-0.672855,1.386030
11,PCB,12,0.015035,0.006202,0.004877,0.677640,0.004877,0.688505,-0.004877,-0.674000,0.006202,-0.006202,0.697571,-0.673586,0.676773,-0.673270,-0.672896,1.369466
11,PCB,13,0.014608,0.002957,0.000789,0.594859,0.000789,0.653099,-0.000789,-0.594269,0.002957,-0.002957,0.641281,-0.593661,0.594146,-0.593175,-0.593678,1.201229
11,PCB,14,0.019148,0.004577,0.005178,0.673749,0.005178,0.761738,-0.005178,-0.670144,0.004577,-0.004577,0.710255,-0.671216,0.674494,-0.671000,-0.671027,1.361828
11,PCB,15,0.022526,0.013103,0.011937,0.703315,0.011937,0.762257,-0.011937,-0.690682,0.013103,-0.013103,0.732242,-0.690658,0.704827,-0.691958,-0.692192,1.423394
11,PCB,16,0.020668,0.007166,0.005913,0.664262,0.005913,0.735629,-0.005913,-0.659564,0.007166,-0.007166,0.677492,-0.660800,0.664839,-0.659989,-0.660093,1.340769
11,PCB,17,0.025030,0.005444,0.008354,0.660068,0.008354,0.719596,-0.008354,-0.656288,0.005444,-0.005444,0.688328,-0.655421,0.659601,-0.655969,-0.655997,1.341247
11,PCB,18,0.020091,0.008572,0.004166,0.570012,0.004166,0.596534,-0.004166,-0.567334,0.008572,-0.008572,0.599874,-0.566589,0.570524,-0.567212,-0.567323,1.166625
11,PCB,19,0.009467,0.006114,0.005630,0.660681,0.005630,0.698095,-0.005630,-0.656602,0.006114,-0.006114,0.667765,-0.656568,0.660400,-0.656035,-0.656661,1.337380
11,PCB,20,0.012920,0.004509,0.004861,0.664233,0.004861,0.714592,-0.004861,-0.660317,0.004509,-0.004509,0.692393,-0.660263,0.664801,-0.660847,-0.660469,1.338873
11,PCB,21,0.023428,0.010224,0.008232,0.633492,0.008232,0.702915,-0.008232,-0.626955,0.010224,-0.010224,0.666120,-0.626072,0.633282,-0.625015,-0.626707,1.286263
11,PCB,22,0.034509,0.007873,0.005952,0.678054,0.005952,0.752481,-0.005952,-0.674211,0.007873,-0.007873,0.716412,-0.672606,0.678817,-0.672920,-0.674909,1.380460
11,PCB,23,0.039083,0.009398,0.010305,0.621257,0.010305,0.671291,-0.010305,-0.618569,0.009398,-0.009398,0.666769,-0.617577,0.620949,-0.616763,-0.617581,1.291193
11,PCB,24,0.024228,0.006731,0.004543,0.658185,0.004543,0.717217,-0.004543,-0.655293,0.006731,-0.006731,0.687633,-0.654884,0.657393,-0.653909,-0.654569,1.334050
11,PCB,25,0.023265,0.004585,0.008807,0.647852,0.008807,0.729474,-0.008807,-0.640960,0.004585,-0.004585,0.671102,-0.642184,0.649333,-0.643334,-0.642257,1.310281
11,PCB,26,0.021312,0.005161,0.004914,0.622128,0.004914,0.656709,-0.004914,-0.618762,0.005161,-0.005161,0.671002,-0.619322,0.622107,-0.618917,-0.618837,1.260995
11,PCB,27,0.018934,0.009002,0.005765,0.597740,0.005765,0.662337,-0.005765,-0.593120,0.009002,-0.009002,0.612108,-0.593785,0.598430,-0.594008,-0.593944,1.219237
12,DMT,0,0.029623,0.002123,0.004835,0.662571,0.004835,0.720908,-0.004835,-0.662387,0.002123,-0.002123,0.738753,-0.662266,0.662583,-0.662507,-0.662242,1.343529
12,DMT,1,0.014715,0.003690,0.007601,0.631616,0.007601,0.653747,-0.007601,-0.628265,0.003690,-0.003690,0.636582,-0.628208,0.632448,-0.629355,-0.629017,1.284548
12,DMT,2,0.026574,0.013129,0.005454,0.519807,0.005454,0.565813,-0.005454,-0.515144,0.013129,-0.013129,0.523259,-0.512776,0.519578,-0.512371,-0.515586,1.077808
12,DMT,3,0.005176,0.005103,0.003492,0.620557,0.003492,0.638767,-0.003492,-0.617250,0.005103,-0.005103,0.647110,-0.617056,0.621139,-0.617830,-0.617335,1.246750
12,DMT,4,0.014931,0.007303,0.003488,0.633863,0.003488,0.668019,-0.003488,-0.629966,0.007303,-0.007303,0.651778,-0.629487,0.634239,-0.629836,-0.630745,1.282476
12,DMT,5,0.016362,0.009477,0.009723,0.583890,0.009723,0.551182,-0.009723,-0.576006,0.009477,-0.009477,0.587157,-0.575887,0.583489,-0.575274,-0.575465,1.183732
12,DMT,6,0.017526,0.005387,0.003958,0.694644,0.003958,0.770954,-0.003958,-0.692168,0.005387,-0.005387,0.683019,-0.692463,0.694130,-0.691341,-0.691823,1.401654
12,DMT,7,0.036756,0.006692,0.006814,0.675033,0.006814,0.750271,-0.006814,-0.671800,0.006692,-0.006692,0.797597,-0.670498,0.675178,-0.671105,-0.671862,1.370180
12,DMT,8,0.032424,0.013037,0.005274,0.567224,0.005274,0.539765,-0.005274,-0.562049,0.013037,-0.013037,0.593732,-0.563489,0.568011,-0.564279,-0.562688,1.194298
12,DMT,9,0.013936,0.001765,0.002254,0.588214,0.002254,0.630065,-0.002254,-0.587710,0.001765,-0.001765,0.618954,-0.588520,0.589373,-0.589574,-0.588771,1.196249
12,DMT,10,0.011051,0.001605,0.000422,0.628775,0.000422,0.666604,-0.000422,-0.629209,0.001605,-0.001605,0.636642,-0.629209,0.627804,-0.628218,-0.628196,1.267098
12,DMT,11,0.010905,0.010252,0.003241,0.539859,0.003241,0.551844,-0.003241,-0.536025,0.010252,-0.010252,0.581378,-0.535321,0.538832,-0.534376,-0.534707,1.098650
12,DMT,12,0.009334,0.002816,0.003719,0.537257,0.003719,0.530917,-0.003719,-0.535872,0.002816,-0.002816,0.587118,-0.535157,0.538175,-0.536082,-0.536404,1.095714
12,DMT,13,0.009138,0.002036,0.002542,0.636076,0.002542,0.655224,-0.002542,-0.634321,0.002036,-0.002036,0.665562,-0.634413,0.636511,-0.634694,-0.634718,1.281104
12,DMT,14,0.009590,0.003501,0.001625,0.631225,0.001625,0.645733,-0.001625,-0.629826,0.003501,-0.003501,0.659708,-0.629745,0.630688,-0.629257,-0.629283,1.269483
12,DMT,15,0.011148,0.003723,0.002193,0.609299,0.002193,0.640693,-0.002193,-0.607919,0.003723,-0.003723,0.622858,-0.607723,0.609078,-0.607584,-0.607691,1.227462
12,DMT,16,0.010638,0.003852,0.002904,0.601460,0.002904,0.620702,-0.002904,-0.599392,0.003852,-0.003852,0.613870,-0.599394,0.601221,-0.599020,-0.599361,1.213682
12,DMT,17,0.005621,0.002912,0.001689,0.612415,0.001689,0.643425,-0.001689,-0.610322,0.002912,-0.002912,0.632367,-0.610569,0.612348,-0.610277,-0.610393,1.232510
12,DMT,18,0.009237,0.002592,0.002514,0.604866,0.002514,0.638846,-0.002514,-0.603704,0.002592,-0.002592,0.625570,-0.603758,0.606110,-0.604976,-0.604764,1.219021
12,DMT,19,0.010221,0.006085,0.003512,0.596222,0.003512,0.593563,-0.003512,-0.593050,0.006085,-0.006085,0.623501,-0.592707,0.596822,-0.592708,-0.593400,1.203725
12,DMT,20,0.018339,0.005802,0.000959,0.652163,0.000959,0.682963,-0.000959,-0.650360,0.005802,-0.005802,0.637057,-0.650545,0.650405,-0.648906,-0.648954,1.320467
12,DMT,21,0.014192,0.003961,0.003914,0.645684,0.003914,0.679469,-0.003914,-0.642867,0.003961,-0.003961,0.652168,-0.643430,0.646079,-0.643822,-0.643716,1.300990
12,DMT,22,0.013364,0.001053,0.003263,0.643125,0.003263,0.689977,-0.003263,-0.641937,0.001053,-0.001053,0.655819,-0.641955,0.642942,-0.642068,-0.641600,1.296706
12,DMT,23,0.016685,0.007557,0.009295,0.633992,0.009295,0.633928,-0.009295,-0.627142,0.007557,-0.007557,0.660836,-0.627993,0.631646,-0.625178,-0.625458,1.285487
12,DMT,24,0.012357,0.001224,0.003092,0.638605,0.003092,0.679871,-0.003092,-0.638112,0.001224,-0.001224,0.670488,-0.637486,0.638344,-0.637518,-0.637936,1.285975
12,DMT,25,0.010867,0.003939,0.005926,0.584923,0.005926,0.601934,-0.005926,-0.580897,0.003939,-0.003939,0.618999,-0.581345,0.584990,-0.581500,-0.581177,1.185295
12,DMT,26,0.015702,0.002173,0.005006,0.641363,0.005006,0.680067,-0.005006,-0.639304,0.002173,-0.002173,0.683879,-0.640010,0.640736,-0.639073,-0.638861,1.294037
12,DMT,27,0.030791,0.009141,0.008191,0.691351,0.008191,0.736875,-0.008191,-0.686731,0.009141,-0.009141,0.694900,-0.687568,0.690732,-0.687181,-0.686540,1.411688
12,PCB,0,0.015411,0.001953,0.003822,0.700098,0.003822,0.724720,-0.003822,-0.699676,0.001953,-0.001953,0.695558,-0.699397,0.699905,-0.699002,-0.699495,1.418261
12,PCB,1,0.022767,0.001741,0.003452,0.640067,0.003452,0.694846,-0.003452,-0.640366,0.001741,-0.001741,0.675822,-0.641254,0.639989,-0.641118,-0.640803,1.304165
12,PCB,2,0.017064,0.003426,0.004650,0.608542,0.004650,0.646106,-0.004650,-0.606522,0.003426,-0.003426,0.633234,-0.607060,0.609755,-0.608151,-0.608388,1.237294
12,PCB,3,0.022529,-0.002276,0.000717,0.718183,0.000717,0.753103,-0.000717,-0.721536,-0.002276,0.002276,0.737165,-0.722518,0.716299,-0.720838,-0.719455,1.459581
12,PCB,4,0.044400,0.009861,0.009355,0.690245,0.009355,0.784934,-0.009355,-0.684111,0.009861,-0.009861,0.727342,-0.684463,0.689245,-0.683671,-0.683694,1.395178
12,PCB,5,0.016282,0.002872,0.005387,0.600222,0.005387,0.640068,-0.005387,-0.598472,0.002872,-0.002872,0.619291,-0.599107,0.601098,-0.599604,-0.599494,1.218432
12,PCB,6,0.034437,0.005337,0.007330,0.645013,0.007330,0.691665,-0.007330,-0.643305,0.005337,-0.005337,0.663402,-0.642975,0.644999,-0.642774,-0.643608,1.314810
12,PCB,7,0.015842,0.003404,0.003719,0.605352,0.003719,0.652718,-0.003719,-0.603833,0.003404,-0.003404,0.640314,-0.604301,0.604789,-0.603823,-0.603434,1.232571
12,PCB,8,0.015781,0.006662,0.006438,0.607417,0.006438,0.611882,-0.006438,-0.603737,0.006662,-0.006662,0.619434,-0.602632,0.605754,-0.601027,-0.601972,1.234872
12,PCB,9,0.015817,0.003156,0.003647,0.601944,0.003647,0.636688,-0.003647,-0.600581,0.003156,-0.003156,0.627256,-0.600693,0.602181,-0.600611,-0.600950,1.219074
12,PCB,10,0.015397,0.005167,0.003346,0.626438,0.003346,0.634341,-0.003346,-0.623967,0.005167,-0.005167,0.649210,-0.623529,0.626315,-0.624097,-0.623703,1.270011
12,PCB,11,0.015710,0.004786,0.008008,0.684215,0.008008,0.696421,-0.008008,-0.680898,0.004786,-0.004786,0.702827,-0.680715,0.683027,-0.679796,-0.679605,1.385781
12,PCB,12,0.013050,0.007158,0.006476,0.630924,0.006476,0.656366,-0.006476,-0.626044,0.007158,-0.007158,0.652833,-0.626061,0.630591,-0.625287,-0.625833,1.278503
12,PCB,13,0.015305,0.011169,0.006483,0.594258,0.006483,0.628483,-0.006483,-0.588707,0.011169,-0.011169,0.625825,-0.587996,0.595423,-0.589032,-0.588904,1.212786
12,PCB,14,0.015556,0.006433,0.004887,0.627042,0.004887,0.664807,-0.004887,-0.623788,0.006433,-0.006433,0.663457,-0.624173,0.626144,-0.623085,-0.624226,1.265760
12,PCB,15,0.033176,0.013742,0.017692,0.573917,0.017692,0.604082,-0.017692,-0.562087,0.013742,-0.013742,0.583468,-0.562460,0.573955,-0.563108,-0.563069,1.188783
12,PCB,16,0.031814,0.006816,0.010106,0.579940,0.010106,0.606821,-0.010106,-0.575298,0.006816,-0.006816,0.629883,-0.574929,0.578783,-0.574192,-0.573735,1.193634
12,PCB,17,0.036615,0.003374,0.008955,0.635918,0.008955,0.671946,-0.008955,-0.633901,0.003374,-0.003374,0.689211,-0.634745,0.636963,-0.635849,-0.635097,1.303230
12,PCB,18,0.024500,0.001090,0.001746,0.618470,0.001746,0.645221,-0.001746,-0.621280,0.001090,-0.001090,0.643848,-0.621193,0.618054,-0.620694,-0.620330,1.268984
12,PCB,19,0.021196,0.006456,0.011667,0.576220,0.011667,0.612058,-0.011667,-0.569919,0.006456,-0.006456,0.602112,-0.569454,0.578338,-0.571932,-0.571492,1.182957
12,PCB,20,0.034070,0.012480,0.015416,0.624277,0.015416,0.694051,-0.015416,-0.613077,0.012480,-0.012480,0.692244,-0.613658,0.623473,-0.612618,-0.613356,1.271497
12,PCB,21,0.028828,0.013829,0.012007,0.639691,0.012007,0.697498,-0.012007,-0.630134,0.013829,-0.013829,0.660738,-0.629659,0.639974,-0.629658,-0.630061,1.310399
12,PCB,22,0.014294,0.001366,0.003535,0.648178,0.003535,0.679577,-0.003535,-0.646978,0.001366,-0.001366,0.676457,-0.647400,0.648022,-0.647116,-0.646615,1.307491
12,PCB,23,0.039451,0.017458,0.012258,0.642222,0.012258,0.683846,-0.012258,-0.634134,0.017458,-0.017458,0.700882,-0.631688,0.643828,-0.633645,-0.635295,1.308893
12,PCB,24,0.030651,0.010402,0.006221,0.740193,0.006221,0.785554,-0.006221,-0.735122,0.010402,-0.010402,0.814972,-0.733980,0.741754,-0.735883,-0.737174,1.494815
12,PCB,25,0.028756,0.007140,0.007980,0.665967,0.007980,0.696459,-0.007980,-0.660906,0.007140,-0.007140,0.726663,-0.660908,0.667002,-0.661692,-0.662311,1.347367
12,PCB,26,0.072007,0.037704,0.035219,0.541493,0.035219,0.554638,-0.035219,-0.508291,0.037704,-0.037704,0.560971,-0.501902,0.543924,-0.503849,-0.510732,1.169792
12,PCB,27,0.030502,0.007869,0.007236,0.709359,0.007236,0.728587,-0.007236,-0.705333,0.007869,-0.007869,0.727871,-0.704696,0.710029,-0.705360,-0.705943,1.441482
13,DMT,0,0.009150,0.005240,0.007932,0.614100,0.007932,0.645116,-0.007932,-0.605769,0.005240,-0.005240,0.639573,-0.608684,0.612864,-0.607769,-0.605079,1.240048
13,DMT,1,0.004140,0.006616,0.003851,0.574368,0.003851,0.603156,-0.003851,-0.570846,0.006616,-0.006616,0.582269,-0.571048,0.573012,-0.569464,-0.569739,1.158330
13,DMT,2,0.013546,0.012956,0.006359,0.575824,0.006359,0.585662,-0.006359,-0.568878,0.012956,-0.012956,0.594593,-0.569190,0.574347,-0.566610,-0.567295,1.174010
13,DMT,3,0.017304,0.005268,0.003911,0.599497,0.003911,0.624967,-0.003911,-0.597822,0.005268,-0.005268,0.596293,-0.597942,0.600696,-0.599565,-0.598905,1.221931
13,DMT,4,0.011167,0.004987,0.001247,0.523928,0.001247,0.527782,-0.001247,-0.521570,0.004987,-0.004987,0.543241,-0.521865,0.523575,-0.521485,-0.521080,1.067972
13,DMT,5,0.011952,0.001004,0.005686,0.507851,0.005686,0.561457,-0.005686,-0.505816,0.001004,-0.001004,0.546595,-0.505099,0.508257,-0.505675,-0.505557,1.037224
13,DMT,6,0.018352,0.011587,0.008494,0.431275,0.008494,0.457081,-0.008494,-0.424132,0.011587,-0.011587,0.445519,-0.423637,0.431979,-0.424562,-0.425680,0.905252
13,DMT,7,0.022430,0.002532,0.002924,0.437691,0.002924,0.505519,-0.002924,-0.438012,0.002532,-0.002532,0.490690,-0.437716,0.437561,-0.435649,-0.439478,0.907109
13,DMT,8,0.035176,0.008978,0.011558,0.603294,0.011558,0.671781,-0.011558,-0.595739,0.008978,-0.008978,0.620549,-0.595514,0.603258,-0.596668,-0.595608,1.226779
13,DMT,9,0.016888,0.004425,0.003335,0.615649,0.003335,0.644295,-0.003335,-0.613547,0.004425,-0.004425,0.636478,-0.613966,0.615692,-0.613745,-0.613667,1.247500
13,DMT,10,0.015184,0.004380,0.004746,0.579340,0.004746,0.603381,-0.004746,-0.576668,0.004380,-0.004380,0.612186,-0.577388,0.579515,-0.577999,-0.576597,1.171877
13,DMT,11,0.018434,0.006822,0.005058,0.619860,0.005058,0.642761,-0.005058,-0.615904,0.006822,-0.006822,0.635375,-0.616225,0.619334,-0.615894,-0.615522,1.251324
13,DMT,12,0.015343,0.004117,0.003971,0.577167,0.003971,0.589014,-0.003971,-0.576171,0.004117,-0.004117,0.600964,-0.575666,0.576427,-0.574883,-0.575253,1.168122
13,DMT,13,0.017420,0.004785,0.000553,0.560776,0.000553,0.593229,-0.000553,-0.562625,0.004785,-0.004785,0.585931,-0.561004,0.561424,-0.561636,-0.562859,1.146038
13,DMT,14,0.022654,0.002322,0.001370,0.574305,0.001370,0.616660,-0.001370,-0.575841,0.002322,-0.002322,0.604107,-0.575501,0.575234,-0.576159,-0.576358,1.170527
13,DMT,15,0.019199,0.005998,0.003207,0.598893,0.003207,0.634168,-0.003207,-0.597012,0.005998,-0.005998,0.617280,-0.596564,0.598470,-0.596328,-0.597157,1.209679
13,DMT,16,0.010587,0.004491,0.003427,0.552184,0.003427,0.584650,-0.003427,-0.550570,0.004491,-0.004491,0.555763,-0.551275,0.551986,-0.550880,-0.550657,1.126445
13,DMT,17,0.014565,0.000494,0.003310,0.544300,0.003310,0.595057,-0.003310,-0.544285,0.000494,-0.000494,0.573226,-0.543880,0.544126,-0.543756,-0.543876,1.100212
13,DMT,18,0.009440,0.005722,0.003957,0.601170,0.003957,0.641433,-0.003957,-0.597821,0.005722,-0.005722,0.623101,-0.597734,0.601401,-0.597996,-0.598582,1.215961
13,DMT,19,0.019035,0.005364,0.006265,0.540164,0.006265,0.581888,-0.006265,-0.538309,0.005364,-0.005364,0.576627,-0.537994,0.540125,-0.538166,-0.538360,1.098806
13,DMT,20,0.028876,0.020350,0.006284,0.539874,0.006284,0.549312,-0.006284,-0.534178,0.020350,-0.020350,0.569242,-0.530952,0.540445,-0.531410,-0.534871,1.105440
13,DMT,21,0.021019,0.010723,0.004677,0.586703,0.004677,0.621650,-0.004677,-0.585300,0.010723,-0.010723,0.616575,-0.584048,0.589215,-0.586602,-0.588307,1.205507
13,DMT,22,0.013767,0.003746,0.004309,0.630300,0.004309,0.664771,-0.004309,-0.627889,0.003746,-0.003746,0.680432,-0.628908,0.633182,-0.631598,-0.630131,1.289278
13,DMT,23,0.063974,0.020114,0.022783,0.698461,0.022783,0.735399,-0.022783,-0.681182,0.020114,-0.020114,0.725754,-0.684590,0.701136,-0.686458,-0.684464,1.433266
13,DMT,24,0.039776,0.017228,0.018946,0.667174,0.018946,0.683122,-0.018946,-0.652162,0.017228,-0.017228,0.681040,-0.653975,0.665522,-0.653636,-0.651149,1.355764
13,DMT,25,0.098542,0.023179,0.018173,0.754318,0.018173,0.858504,-0.018173,-0.742212,0.023179,-0.023179,0.852082,-0.741829,0.752093,-0.739680,-0.740646,1.537192
13,DMT,26,0.031363,0.012316,0.007823,0.697013,0.007823,0.728382,-0.007823,-0.691591,0.012316,-0.012316,0.742592,-0.690411,0.696814,-0.690464,-0.690939,1.418141
13,DMT,27,0.022949,0.012324,0.004045,0.687758,0.004045,0.701077,-0.004045,-0.682568,0.012324,-0.012324,0.693802,-0.682592,0.688556,-0.683367,-0.683303,1.400626
13,PCB,0,0.006084,0.001047,0.000759,0.631185,0.000759,0.655673,-0.000759,-0.630720,0.001047,-0.001047,0.652580,-0.631148,0.631584,-0.631426,-0.631089,1.268529
13,PCB,1,0.013799,0.005698,0.003233,0.593060,0.003233,0.634776,-0.003233,-0.590983,0.005698,-0.005698,0.606026,-0.590855,0.592829,-0.590548,-0.590762,1.202347
13,PCB,2,0.007266,0.001539,0.001302,0.643204,0.001302,0.692450,-0.001302,-0.642478,0.001539,-0.001539,0.659360,-0.642874,0.643489,-0.642864,-0.642816,1.296405
13,PCB,3,0.016590,0.006178,0.005352,0.563716,0.005352,0.624225,-0.005352,-0.559536,0.006178,-0.006178,0.616728,-0.559941,0.563587,-0.559801,-0.559835,1.143597
13,PCB,4,0.018129,0.006594,0.006602,0.595843,0.006602,0.639841,-0.006602,-0.591144,0.006594,-0.006594,0.627753,-0.591035,0.595816,-0.591054,-0.591435,1.207845
13,PCB,5,0.012837,0.005532,0.005078,0.635636,0.005078,0.654308,-0.005078,-0.632971,0.005532,-0.005532,0.649352,-0.632506,0.636007,-0.632776,-0.632890,1.285734
13,PCB,6,0.011370,0.005270,0.005338,0.612019,0.005338,0.616068,-0.005338,-0.607916,0.005270,-0.005270,0.610596,-0.608071,0.611568,-0.607637,-0.607800,1.232955
13,PCB,7,0.012217,0.003824,0.004203,0.562381,0.004203,0.592405,-0.004203,-0.559389,0.003824,-0.003824,0.590102,-0.559332,0.562733,-0.559467,-0.559514,1.145854
13,PCB,8,0.010269,0.005682,0.003611,0.591554,0.003611,0.604468,-0.003611,-0.588920,0.005682,-0.005682,0.607298,-0.588637,0.591654,-0.588804,-0.589177,1.200198
13,PCB,9,0.012091,0.005424,0.002471,0.580092,0.002471,0.607536,-0.002471,-0.578102,0.005424,-0.005424,0.608654,-0.578353,0.580267,-0.578424,-0.578424,1.176686
13,PCB,10,0.011577,0.003493,0.005173,0.551954,0.005173,0.599519,-0.005173,-0.548690,0.003493,-0.003493,0.570747,-0.549254,0.552098,-0.549409,-0.549039,1.119756
13,PCB,11,0.011490,0.003162,0.003254,0.617249,0.003254,0.650895,-0.003254,-0.615864,0.003162,-0.003162,0.634384,-0.615819,0.617143,-0.615792,-0.615684,1.247119
13,PCB,12,0.013347,0.005634,0.003354,0.615446,0.003354,0.621479,-0.003354,-0.613312,0.005634,-0.005634,0.644407,-0.612248,0.615118,-0.612123,-0.612884,1.242531
13,PCB,13,0.018195,0.004151,0.003947,0.611008,0.003947,0.664295,-0.003947,-0.608812,0.004151,-0.004151,0.642509,-0.609018,0.611115,-0.608964,-0.609018,1.238034
13,PCB,14,0.016107,0.006120,0.004618,0.594636,0.004618,0.604545,-0.004618,-0.591459,0.006120,-0.006120,0.612956,-0.591468,0.595821,-0.592306,-0.592558,1.208754
13,PCB,15,0.017898,0.006193,0.003869,0.634912,0.003869,0.678120,-0.003869,-0.631733,0.006193,-0.006193,0.653189,-0.631014,0.633794,-0.630384,-0.630742,1.281339
13,PCB,16,0.013479,0.003162,0.001024,0.624341,0.001024,0.658108,-0.001024,-0.623632,0.003162,-0.003162,0.632051,-0.623663,0.623448,-0.622544,-0.623022,1.257359
13,PCB,17,0.016927,0.004455,0.004232,0.638250,0.004232,0.666601,-0.004232,-0.635958,0.004455,-0.004455,0.624906,-0.635315,0.639782,-0.637283,-0.637358,1.295802
13,PCB,18,0.014135,0.001984,0.004913,0.659645,0.004913,0.667454,-0.004913,-0.656532,0.001984,-0.001984,0.707139,-0.657531,0.659457,-0.657520,-0.656863,1.335108
13,PCB,19,0.018914,0.004245,0.004932,0.636559,0.004932,0.664919,-0.004932,-0.632967,0.004245,-0.004245,0.655339,-0.633770,0.636709,-0.634284,-0.633435,1.289825
13,PCB,20,0.013118,0.003957,0.007619,0.576435,0.007619,0.625428,-0.007619,-0.572687,0.003957,-0.003957,0.589235,-0.573171,0.576357,-0.572942,-0.572562,1.171905
13,PCB,21,0.008320,0.004573,0.003802,0.603674,0.003802,0.618215,-0.003802,-0.600648,0.004573,-0.004573,0.591574,-0.601148,0.604944,-0.602350,-0.601965,1.216080
13,PCB,22,0.022283,0.005857,0.005405,0.641668,0.005405,0.685475,-0.005405,-0.638332,0.005857,-0.005857,0.669172,-0.638727,0.641809,-0.639027,-0.638220,1.303031
13,PCB,23,0.017799,0.008998,0.008999,0.560391,0.008999,0.558255,-0.008999,-0.552739,0.008998,-0.008998,0.586527,-0.553074,0.559956,-0.552304,-0.552498,1.147571
13,PCB,24,0.011561,0.007999,0.007413,0.567257,0.007413,0.589935,-0.007413,-0.561118,0.007999,-0.007999,0.593118,-0.560904,0.567525,-0.561434,-0.561373,1.147793
13,PCB,25,0.033635,0.004463,0.008977,0.608912,0.008977,0.657672,-0.008977,-0.607980,0.004463,-0.004463,0.671217,-0.607489,0.608136,-0.606774,-0.606816,1.244202
13,PCB,26,0.020724,0.007908,0.003611,0.665359,0.003611,0.715492,-0.003611,-0.661561,0.007908,-0.007908,0.695814,-0.662117,0.665174,-0.662198,-0.661868,1.342970
13,PCB,27,0.015156,-0.000835,0.004306,0.571022,0.004306,0.538521,-0.004306,-0.571412,-0.000835,0.000835,0.625011,-0.572012,0.570485,-0.572012,-0.570434,1.170541
