# script=01_synergy_timecourse.py variant=ts_gsr regions=115 region_selection=all excluded_regions=20 atoms=rtr,rtx,rty,rts,xtr,xtx,xty,xts,ytr,ytx,yty,yts,str,stx,sty,sts tau=1 redundancy=MMI fit_mode=placebo window_trs=na placebo_fit_trs=420 seed=20261120 git=553e919
subject,condition,bin,rtr,rtx,rty,rts,xtr,xtx,xty,xts,ytr,ytx,yty,yts,str,stx,sty,sts
0,DMT,0,0.018771,0.003510,0.006937,0.601147,0.006937,0.616176,-0.006937,-0.597610,0.003510,-0.003510,0.607765,-0.599078,0.600600,-0.598622,-0.597690,1.225815
0,DMT,1,0.012074,-0.000553,0.001739,0.630454,0.001739,0.650388,-0.001739,-0.631017,-0.000553,0.000553,0.621705,-0.631365,0.629021,-0.630167,-0.630332,1.270874
0,DMT,2,0.017358,0.002639,0.004205,0.603443,0.004205,0.654633,-0.004205,-0.604099,0.002639,-0.002639,0.618332,-0.603748,0.602656,-0.603132,-0.603102,1.220430
0,DMT,3,0.026424,0.003169,0.005364,0.614216,0.005364,0.645543,-0.005364,-0.615994,0.003169,-0.003169,0.642043,-0.616807,0.611836,-0.615225,-0.614371,1.252364
0,DMT,4,0.019599,0.003855,0.000342,0.638430,0.000342,0.650190,-0.000342,-0.642438,0.003855,-0.003855,0.640724,-0.643501,0.638032,-0.643575,-0.642447,1.303078
0,DMT,5,0.035653,-0.003901,0.001328,0.654575,0.001328,0.674705,-0.001328,-0.666860,-0.003901,0.003901,0.658421,-0.667024,0.653868,-0.666406,-0.667642,1.336453
0,DMT,6,0.031089,0.013814,0.007903,0.634395,0.007903,0.666355,-0.007903,-0.631332,0.013814,-0.013814,0.646869,-0.630442,0.634085,-0.629447,-0.631543,1.289936
0,DMT,7,0.018234,0.007035,0.002284,0.687214,0.002284,0.702826,-0.002284,-0.685781,0.007035,-0.007035,0.668300,-0.685324,0.685153,-0.683416,-0.684181,1.386325
0,DMT,8,-0.000389,-0.005105,-0.006019,0.659257,-0.006019,0.668424,0.006019,-0.666323,-0.005105,0.005105,0.645886,-0.667049,0.661026,-0.667896,-0.668179,1.323879
0,DMT,9,0.010959,0.002431,0.001966,0.624075,0.001966,0.665479,-0.001966,-0.624176,0.002431,-0.002431,0.652437,-0.623832,0.624630,-0.624409,-0.624407,1.260678
0,DMT,10,0.012538,0.002299,0.002796,0.577903,0.002796,0.602823,-0.002796,-0.578531,0.002299,-0.002299,0.610315,-0.578385,0.577420,-0.578314,-0.578000,1.171566
0,DMT,11,0.012704,0.001744,0.002313,0.600290,0.002313,0.625002,-0.002313,-0.601590,0.001744,-0.001744,0.624014,-0.601036,0.599610,-0.600650,-0.601307,1.210665
0,DMT,12,0.012121,0.000156,0.001411,0.613245,0.001411,0.616789,-0.001411,-0.615239,0.000156,-0.000156,0.597599,-0.615669,0.613138,-0.615274,-0.615179,1.233702
0,DMT,13,0.010136,0.000952,-0.000117,0.628141,-0.000117,0.657481,0.000117,-0.629227,0.000952,-0.000952,0.646203,-0.629393,0.628313,-0.629398,-0.628839,1.266975
0,DMT,14,0.014818,0.004255,0.003442,0.603965,0.003442,0.632017,-0.003442,-0.602214,0.004255,-0.004255,0.627198,-0.602442,0.603543,-0.601955,-0.602091,1.221803
0,DMT,15,0.013600,0.003691,0.003748,0.598074,0.003748,0.637122,-0.003748,-0.595734,0.003691,-0.003691,0.624051,-0.596232,0.598293,-0.596364,-0.595963,1.208440
0,DMT,16,0.012375,0.003588,0.003226,0.589242,0.003226,0.620918,-0.003226,-0.587712,0.003588,-0.003588,0.594981,-0.588188,0.588844,-0.587383,-0.587679,1.190021
0,DMT,17,0.015600,0.005749,0.004008,0.592286,0.004008,0.627509,-0.004008,-0.590184,0.005749,-0.005749,0.603766,-0.590188,0.591994,-0.589705,-0.589996,1.197569
0,DMT,18,0.013115,0.005101,0.004024,0.628027,0.004024,0.660687,-0.004024,-0.625321,0.005101,-0.005101,0.644268,-0.624960,0.627203,-0.624436,-0.624802,1.269209
0,DMT,19,0.014511,0.002745,0.002756,0.666967,0.002756,0.675315,-0.002756,-0.667082,0.002745,-0.002745,0.677986,-0.666621,0.665542,-0.665248,-0.665492,1.347818
0,DMT,20,0.016630,0.002274,0.004382,0.622257,0.004382,0.660635,-0.004382,-0.621602,0.002274,-0.002274,0.664907,-0.621217,0.622536,-0.621638,-0.621703,1.260497
0,DMT,21,0.012724,0.002624,0.002496,0.637049,0.002496,0.668489,-0.002496,-0.636885,0.002624,-0.002624,0.663672,-0.636557,0.637945,-0.637418,-0.637490,1.291207
0,DMT,22,0.022669,0.005114,0.001929,0.686571,0.001929,0.712526,-0.001929,-0.687430,0.005114,-0.005114,0.726048,-0.686374,0.687239,-0.687016,-0.687469,1.396951
0,DMT,23,0.017743,0.003801,0.004326,0.592996,0.004326,0.632195,-0.004326,-0.592517,0.003801,-0.003801,0.615149,-0.592139,0.592148,-0.591515,-0.591860,1.200446
0,DMT,24,0.018407,0.005635,0.003283,0.591655,0.003283,0.626323,-0.003283,-0.590370,0.005635,-0.005635,0.600299,-0.590010,0.590489,-0.588908,-0.589211,1.199978
0,DMT,25,0.015458,0.003476,0.002919,0.621226,0.002919,0.652011,-0.002919,-0.621013,0.003476,-0.003476,0.646112,-0.620374,0.621047,-0.620121,-0.620608,1.255007
0,DMT,26,0.016939,0.005036,0.003160,0.635656,0.003160,0.665713,-0.003160,-0.634609,0.005036,-0.005036,0.661896,-0.634602,0.634604,-0.633511,-0.633815,1.286790
0,DMT,27,0.012962,0.000264,0.001287,0.619812,0.001287,0.640287,-0.001287,-0.621434,0.000264,-0.000264,0.638764,-0.621519,0.619962,-0.621772,-0.621531,1.256206
0,PCB,0,nan,nan,nan,nan,nan,nan,nan,nan,nan,nan,nan,nan,nan,nan,nan,nan
0,PCB,1,nan,nan,nan,nan,nan,nan,nan,nan,nan,nan,nan,nan,nan,nan,nan,nan
0,PCB,2,nan,nan,nan,nan,nan,nan,nan,nan,nan,nan,nan,nan,nan,nan,nan,nan
0,PCB,3,nan,nan,nan,nan,nan,nan,nan,nan,nan,nan,nan,nan,nan,nan,nan,nan
0,PCB,4,nan,nan,nan,nan,nan,nan,nan,nan,nan,nan,nan,nan,nan,nan,nan,nan
0,PCB,5,nan,nan,nan,nan,nan,nan,nan,nan,nan,nan,nan,nan,nan,nan,nan,nan
0,PCB,6,nan,nan,nan,nan,nan,nan,nan,nan,nan,nan,nan,nan,nan,nan,nan,nan
0,PCB,7,nan,nan,nan,nan,nan,nan,nan,nan,nan,nan,nan,nan,nan,nan,nan,nan
0,PCB,8,nan,nan,nan,nan,nan,nan,nan,nan,nan,nan,nan,nan,nan,nan,nan,nan
0,PCB,9,nan,nan,nan,nan,nan,nan,nan,nan,nan,nan,nan,nan,nan,nan,nan,nan
0,PCB,10,nan,nan,nan,nan,nan,nan,nan,nan,nan,nan,nan,nan,nan,nan,nan,nan
0,PCB,11,nan,nan,nan,nan,nan,nan,nan,nan,nan,nan,nan,nan,nan,nan,nan,nan
0,PCB,12,nan,nan,nan,nan,nan,nan,nan,nan,nan,nan,nan,nan,nan,nan,nan,nan
0,PCB,13,nan,nan,nan,nan,nan,nan,nan,nan,nan,nan,nan,nan,nan,nan,nan,nan
0,PCB,14,0.031145,0.003938,0.007454,0.647839,0.007454,0.715309,-0.007454,-0.646772,0.003938,-0.003938,0.676172,-0.647245,0.647232,-0.646302,-0.646514,1.317152
0,PCB,15,0.015073,-0.004337,-0.002975,0.693442,-0.002975,0.750646,0.002975,-0.698898,-0.004337,0.004337,0.728208,-0.698922,0.691904,-0.698289,-0.696683,1.398934
0,PCB,16,0.015018,-0.004519,0.001180,0.665930,0.001180,0.713128,-0.001180,-0.670365,-0.004519,0.004519,0.674724,-0.670902,0.663059,-0.667802,-0.668528,1.335187
0,PCB,17,0.008557,-0.000650,0.002891,0.603356,0.002891,0.631727,-0.002891,-0.601470,-0.000650,0.000650,0.588965,-0.602245,0.603800,-0.602470,-0.602574,1.215831
0,PCB,18,-0.001102,-0.010465,-0.004666,0.639613,-0.004666,0.693388,0.004666,-0.647317,-0.010465,0.010465,0.678290,-0.648165,0.639641,-0.648574,-0.647438,1.280757
0,PCB,19,0.003053,-0.002928,-0.002626,0.706065,-0.002626,0.746227,0.002626,-0.710779,-0.002928,0.002928,0.715262,-0.710549,0.705226,-0.710024,-0.711274,1.423682
0,PCB,20,0.014124,-0.008065,-0.001663,0.750041,-0.001663,0.780172,0.001663,-0.760920,-0.008065,0.008065,0.773778,-0.759314,0.750040,-0.759308,-0.759000,1.513607
0,PCB,21,0.014590,-0.017657,-0.009085,0.838569,-0.009085,0.903707,0.009085,-0.852323,-0.017657,0.017657,0.807290,-0.855675,0.836491,-0.852049,-0.852638,1.683816
0,PCB,22,-0.003886,-0.015125,-0.007646,0.787292,-0.007646,0.851009,0.007646,-0.797174,-0.015125,0.015125,0.783025,-0.797475,0.786147,-0.796332,-0.796971,1.565957
0,PCB,23,0.009087,-0.002657,-0.006701,0.722710,-0.006701,0.776853,0.006701,-0.730440,-0.002657,0.002657,0.717967,-0.729572,0.721546,-0.729363,-0.730273,1.460683
0,PCB,24,0.015463,-0.012337,-0.007999,0.873501,-0.007999,0.973448,0.007999,-0.885412,-0.012337,0.012337,0.910573,-0.887223,0.874879,-0.887004,-0.887014,1.757772
0,PCB,25,0.013349,-0.013940,-0.005678,0.863909,-0.005678,0.972264,0.005678,-0.878476,-0.013940,0.013940,0.850081,-0.879499,0.865364,-0.878258,-0.881416,1.747733
0,PCB,26,0.004294,-0.007844,-0.000421,0.540442,-0.000421,0.503016,0.000421,-0.549001,-0.007844,0.007844,0.537564,-0.543764,0.542526,-0.548565,-0.547535,1.101075
0,PCB,27,0.019228,-0.013515,-0.002458,0.642370,-0.002458,0.639937,0.002458,-0.656900,-0.013515,0.013515,0.660228,-0.654106,0.641993,-0.653287,-0.653816,1.304470
1,DMT,0,0.021566,-0.000050,0.001254,0.702373,0.001254,0.721672,-0.001254,-0.705018,-0.000050,0.000050,0.699444,-0.705108,0.700332,-0.703315,-0.702955,1.420480
1,DMT,1,0.016464,0.008743,0.010455,0.596862,0.010455,0.611111,-0.010455,-0.587475,0.008743,-0.008743,0.612980,-0.587086,0.596881,-0.587482,-0.587765,1.212819
1,DMT,2,0.009513,0.001868,0.003755,0.629103,0.003755,0.660029,-0.003755,-0.628365,0.001868,-0.001868,0.649387,-0.628268,0.628855,-0.628955,-0.627921,1.273254
1,DMT,3,0.009711,-0.004133,-0.002396,0.636683,-0.002396,0.689984,0.002396,-0.643179,-0.004133,0.004133,0.650110,-0.642462,0.637392,-0.643948,-0.643122,1.290310
1,DMT,4,0.017121,0.004813,0.003177,0.600782,0.003177,0.611761,-0.003177,-0.601582,0.004813,-0.004813,0.610964,-0.603227,0.602471,-0.603758,-0.603231,1.227979
1,DMT,5,0.017002,-0.000412,0.001197,0.647433,0.001197,0.687518,-0.001197,-0.650869,-0.000412,0.000412,0.645992,-0.650900,0.647567,-0.651619,-0.651422,1.314862
1,DMT,6,0.018479,0.001671,0.003713,0.605934,0.003713,0.648839,-0.003713,-0.607002,0.001671,-0.001671,0.616995,-0.607394,0.605302,-0.606083,-0.605972,1.228644
1,DMT,7,0.011077,0.002023,0.000058,0.631242,0.000058,0.667875,-0.000058,-0.631650,0.002023,-0.002023,0.651857,-0.633615,0.630864,-0.631925,-0.632559,1.272813
1,DMT,8,0.017749,-0.001782,-0.001478,0.685495,-0.001478,0.719115,0.001478,-0.691860,-0.001782,0.001782,0.691503,-0.691235,0.687599,-0.692313,-0.693341,1.392496
1,DMT,9,0.015836,0.004201,0.004565,0.611482,0.004565,0.643086,-0.004565,-0.610390,0.004201,-0.004201,0.643984,-0.609910,0.612391,-0.610801,-0.610804,1.239745
1,DMT,10,0.017180,0.002610,0.005475,0.586756,0.005475,0.626718,-0.005475,-0.585709,0.002610,-0.002610,0.609020,-0.586513,0.586339,-0.586250,-0.585296,1.189557
1,DMT,11,0.019761,0.003368,0.007150,0.582584,0.007150,0.638014,-0.007150,-0.580804,0.003368,-0.003368,0.603446,-0.581411,0.582798,-0.581775,-0.581600,1.187445
1,DMT,12,0.020358,0.004858,0.005932,0.615374,0.005932,0.657227,-0.005932,-0.614252,0.004858,-0.004858,0.620126,-0.614176,0.614431,-0.613155,-0.613942,1.250198
1,DMT,13,0.014169,0.003700,0.000705,0.611925,0.000705,0.651306,-0.000705,-0.613574,0.003700,-0.003700,0.638933,-0.613650,0.613753,-0.615218,-0.615502,1.247303
1,DMT,14,0.011056,0.002897,0.002270,0.631518,0.002270,0.646603,-0.002270,-0.632133,0.002897,-0.002897,0.644974,-0.632016,0.632281,-0.632327,-0.631942,1.276194
1,DMT,15,0.016856,0.003125,0.005222,0.586812,0.005222,0.615965,-0.005222,-0.585178,0.003125,-0.003125,0.598754,-0.585642,0.587115,-0.585716,-0.585185,1.189622
1,DMT,16,0.018560,0.004956,0.005217,0.573948,0.005217,0.617407,-0.005217,-0.573068,0.004956,-0.004956,0.600330,-0.572025,0.574212,-0.573012,-0.572913,1.172928
1,DMT,17,0.013996,0.005432,0.005150,0.602095,0.005150,0.635651,-0.005150,-0.600072,0.005432,-0.005432,0.609757,-0.597904,0.603706,-0.599697,-0.601179,1.217053
1,DMT,18,0.019787,0.001086,0.003885,0.687041,0.003885,0.715073,-0.003885,-0.687434,0.001086,-0.001086,0.690655,-0.687994,0.687863,-0.687930,-0.688890,1.394902
1,DMT,19,0.031340,0.003405,0.007243,0.659307,0.007243,0.671337,-0.007243,-0.663169,0.003405,-0.003405,0.663543,-0.662003,0.660662,-0.663245,-0.665159,1.353199
1,DMT,20,0.019421,-0.000372,-0.000880,0.628009,-0.000880,0.637569,0.000880,-0.633702,-0.000372,0.000372,0.633614,-0.632785,0.628602,-0.633253,-0.633070,1.276392
1,DMT,21,0.016141,0.000032,0.001328,0.668330,0.001328,0.691664,-0.001328,-0.671260,0.000032,-0.000032,0.669288,-0.672201,0.668024,-0.670288,-0.671492,1.349532
1,DMT,22,0.019184,0.000818,0.002348,0.638800,0.002348,0.687726,-0.002348,-0.639955,0.000818,-0.000818,0.629509,-0.640693,0.640267,-0.641312,-0.642041,1.294447
1,DMT,23,0.010032,0.000504,0.000870,0.696456,0.000870,0.724962,-0.000870,-0.697082,0.000504,-0.000504,0.705534,-0.697284,0.697561,-0.697430,-0.698250,1.402979
1,DMT,24,0.015329,0.001680,0.007012,0.731494,0.007012,0.747040,-0.007012,-0.728381,0.001680,-0.001680,0.717441,-0.728489,0.729941,-0.726139,-0.727064,1.471220
1,DMT,25,0.023085,0.007608,0.006490,0.627899,0.006490,0.655529,-0.006490,-0.623644,0.007608,-0.007608,0.634980,-0.622294,0.626542,-0.622294,-0.622408,1.285795
1,DMT,26,0.031980,0.000206,0.001165,0.768317,0.001165,0.825510,-0.001165,-0.774950,0.000206,-0.000206,0.771536,-0.775289,0.768567,-0.773540,-0.776186,1.558695
1,DMT,27,0.018615,0.009515,0.008976,0.618703,0.008976,0.626801,-0.008976,-0.611576,0.009515,-0.009515,0.625409,-0.610031,0.616481,-0.609735,-0.608653,1.252504
1,PCB,0,nan,nan,nan,nan,nan,nan,nan,nan,nan,nan,nan,nan,nan,nan,nan,nan
1,PCB,1,nan,nan,nan,nan,nan,nan,nan,nan,nan,nan,nan,nan,nan,nan,nan,nan
1,PCB,2,nan,nan,nan,nan,nan,nan,nan,nan,nan,nan,nan,nan,nan,nan,nan,nan
1,PCB,3,nan,nan,nan,nan,nan,nan,nan,nan,nan,nan,nan,nan,nan,nan,nan,nan
1,PCB,4,nan,nan,nan,nan,nan,nan,nan,nan,nan,nan,nan,nan,nan,nan,nan,nan
1,PCB,5,nan,nan,nan,nan,nan,nan,nan,nan,nan,nan,nan,nan,nan,nan,nan,nan
1,PCB,6,nan,nan,nan,nan,nan,nan,nan,nan,nan,nan,nan,nan,nan,nan,nan,nan
1,PCB,7,nan,nan,nan,nan,nan,nan,nan,nan,nan,nan,nan,nan,nan,nan,nan,nan
1,PCB,8,nan,nan,nan,nan,nan,nan,nan,nan,nan,nan,nan,nan,nan,nan,nan,nan
1,PCB,9,nan,nan,nan,nan,nan,nan,nan,nan,nan,nan,nan,nan,nan,nan,nan,nan
1,PCB,10,nan,nan,nan,nan,nan,nan,nan,nan,nan,nan,nan,nan,nan,nan,nan,nan
1,PCB,11,nan,nan,nan,nan,nan,nan,nan,nan,nan,nan,nan,nan,nan,nan,nan,nan
1,PCB,12,nan,nan,nan,nan,nan,nan,nan,nan,nan,nan,nan,nan,nan,nan,nan,nan
1,PCB,13,nan,nan,nan,nan,nan,nan,nan,nan,nan,nan,nan,nan,nan,nan,nan,nan
1,PCB,14,0.013655,-0.005030,-0.005844,0.664689,-0.005844,0.680176,0.005844,-0.674327,-0.005030,0.005030,0.668099,-0.676209,0.666585,-0.675896,-0.675751,1.343645
1,PCB,15,0.019897,-0.004267,-0.006193,0.650094,-0.006193,0.686711,0.006193,-0.660264,-0.004267,0.004267,0.691389,-0.660528,0.651499,-0.661124,-0.661433,1.337650
1,PCB,16,0.019599,-0.004856,-0.006411,0.706001,-0.006411,0.736683,0.006411,-0.719887,-0.004856,0.004856,0.665984,-0.719456,0.707676,-0.718614,-0.721958,1.434380
1,PCB,17,0.004920,-0.007955,-0.008019,0.752253,-0.008019,0.800105,0.008019,-0.761362,-0.007955,0.007955,0.754362,-0.762067,0.753976,-0.762829,-0.764126,1.516506
1,PCB,18,-0.003766,-0.010438,-0.013637,0.708973,-0.013637,0.761735,0.013637,-0.722416,-0.010438,0.010438,0.686390,-0.722862,0.710614,-0.722165,-0.726034,1.437511
1,PCB,19,0.009175,-0.012383,-0.020324,0.698928,-0.020324,0.711407,0.020324,-0.721741,-0.012383,0.012383,0.734119,-0.720595,0.703981,-0.723967,-0.724567,1.420852
1,PCB,20,-0.004411,-0.006779,-0.011003,0.678986,-0.011003,0.714258,0.011003,-0.687693,-0.006779,0.006779,0.678923,-0.685083,0.681341,-0.687240,-0.689054,1.359883
1,PCB,21,0.007871,-0.001116,-0.002638,0.725705,-0.002638,0.798653,0.002638,-0.726647,-0.001116,0.001116,0.733650,-0.727848,0.725724,-0.726398,-0.727703,1.463939
1,PCB,22,0.022734,-0.003884,-0.008862,0.701554,-0.008862,0.728897,0.008862,-0.712260,-0.003884,0.003884,0.669634,-0.717001,0.704700,-0.718837,-0.714782,1.432110
1,PCB,23,0.013680,-0.002101,-0.001936,0.780526,-0.001936,0.802625,0.001936,-0.786318,-0.002101,0.002101,0.733889,-0.791403,0.782143,-0.788149,-0.788642,1.580897
1,PCB,24,0.005810,-0.005788,-0.003876,0.641322,-0.003876,0.701619,0.003876,-0.644310,-0.005788,0.005788,0.703381,-0.646657,0.642251,-0.647083,-0.646367,1.297245
1,PCB,25,0.010117,-0.000996,0.000854,0.667265,0.000854,0.691775,-0.000854,-0.668326,-0.000996,0.000996,0.655201,-0.670147,0.668805,-0.669116,-0.669109,1.338330
1,PCB,26,-0.008948,-0.004175,0.006587,0.645026,0.006587,0.620052,-0.006587,-0.642661,-0.004175,0.004175,0.726955,-0.640934,0.645905,-0.646195,-0.641295,1.303450
1,PCB,27,-0.013512,-0.004917,-0.005540,0.751705,-0.005540,0.766469,0.005540,-0.754945,-0.004917,0.004917,0.732847,-0.755302,0.753451,-0.756598,-0.757427,1.509321
2,DMT,0,0.017912,0.004129,0.002363,0.670881,0.002363,0.679686,-0.002363,-0.670728,0.004129,-0.004129,0.688045,-0.670283,0.669669,-0.669969,-0.669202,1.361965
2,DMT,1,0.035518,0.006244,0.002768,0.667312,0.002768,0.706418,-0.002768,-0.666589,0.006244,-0.006244,0.675758,-0.666523,0.664471,-0.664155,-0.664215,1.354915
2,DMT,2,0.009303,-0.003831,-0.000618,0.681769,-0.000618,0.719128,0.000618,-0.684551,-0.003831,0.003831,0.711214,-0.685261,0.681739,-0.685531,-0.684678,1.374983
2,DMT,3,0.011711,0.002606,0.000047,0.650400,0.000047,0.694643,-0.000047,-0.650460,0.002606,-0.002606,0.674159,-0.650453,0.650244,-0.650312,-0.650335,1.305584
2,DMT,4,0.030398,0.006323,0.007872,0.637262,0.007872,0.696834,-0.007872,-0.634235,0.006323,-0.006323,0.663782,-0.634155,0.635534,-0.632808,-0.633427,1.295433
2,DMT,5,0.017276,0.002344,0.001248,0.664689,0.001248,0.723809,-0.001248,-0.663272,0.002344,-0.002344,0.661656,-0.664810,0.664202,-0.663449,-0.663208,1.339009
2,DMT,6,0.023378,0.000402,0.001009,0.693449,0.001009,0.747068,-0.001009,-0.695281,0.000402,-0.000402,0.737384,-0.695068,0.694026,-0.695718,-0.695859,1.408722
2,DMT,7,0.016233,0.000149,-0.001388,0.658472,-0.001388,0.684914,0.001388,-0.662591,0.000149,-0.000149,0.690065,-0.661503,0.658690,-0.662303,-0.662496,1.334820
2,DMT,8,0.011220,0.000501,0.002122,0.667918,0.002122,0.657082,-0.002122,-0.669111,0.000501,-0.000501,0.658282,-0.668850,0.667000,-0.668450,-0.668173,1.341799
2,DMT,9,0.017353,0.004284,0.002871,0.592093,0.002871,0.629396,-0.002871,-0.591805,0.004284,-0.004284,0.619400,-0.591771,0.591761,-0.591622,-0.591495,1.202060
2,DMT,10,0.015430,0.003264,0.002662,0.543362,0.002662,0.574774,-0.002662,-0.543319,0.003264,-0.003264,0.576938,-0.543040,0.543619,-0.543884,-0.543432,1.097438
2,DMT,11,0.017869,0.003688,0.003346,0.581558,0.003346,0.610388,-0.003346,-0.580429,0.003688,-0.003688,0.605503,-0.580149,0.581068,-0.580034,-0.580323,1.177911
2,DMT,12,0.018048,0.004877,0.001575,0.625884,0.001575,0.679498,-0.001575,-0.625126,0.004877,-0.004877,0.647605,-0.624902,0.625764,-0.624879,-0.624892,1.267542
2,DMT,13,0.020856,0.002881,0.000073,0.591268,0.000073,0.640219,-0.000073,-0.592157,0.002881,-0.002881,0.611895,-0.592594,0.591766,-0.592909,-0.592866,1.209069
2,DMT,14,0.019511,0.005298,0.002502,0.620709,0.002502,0.666445,-0.002502,-0.619406,0.005298,-0.005298,0.642945,-0.619097,0.619262,-0.617658,-0.618165,1.259604
2,DMT,15,0.014140,0.001274,0.003329,0.615580,0.003329,0.647844,-0.003329,-0.614990,0.001274,-0.001274,0.625807,-0.615522,0.614809,-0.614799,-0.614471,1.238250
2,DMT,16,0.019626,0.003879,0.003796,0.617522,0.003796,0.640119,-0.003796,-0.617094,0.003879,-0.003879,0.624922,-0.616498,0.616407,-0.615293,-0.616064,1.250722
2,DMT,17,0.026807,-0.002376,-0.000194,0.680919,-0.000194,0.753035,0.000194,-0.685254,-0.002376,0.002376,0.687774,-0.685628,0.681013,-0.685893,-0.685245,1.385602
2,DMT,18,0.020548,0.003982,0.002399,0.630118,0.002399,0.675586,-0.002399,-0.628826,0.003982,-0.003982,0.659932,-0.629011,0.630151,-0.628975,-0.629139,1.275118
2,DMT,19,0.035656,0.005019,0.000668,0.642214,0.000668,0.625612,-0.000668,-0.646095,0.005019,-0.005019,0.648361,-0.644833,0.640334,-0.643576,-0.643325,1.311799
2,DMT,20,0.016209,0.001287,0.002130,0.640738,0.002130,0.690663,-0.002130,-0.640690,0.001287,-0.001287,0.658861,-0.640618,0.640536,-0.640224,-0.640763,1.293333
2,DMT,21,0.018736,0.003920,0.003530,0.607204,0.003530,0.627083,-0.003530,-0.606329,0.003920,-0.003920,0.622152,-0.606487,0.606754,-0.606458,-0.605757,1.227403
2,DMT,22,0.014498,0.003518,0.001043,0.622857,0.001043,0.660902,-0.001043,-0.622848,0.003518,-0.003518,0.641538,-0.622589,0.623087,-0.622663,-0.623032,1.259666
2,DMT,23,0.018451,0.003259,0.002824,0.643925,0.002824,0.670509,-0.002824,-0.642684,0.003259,-0.003259,0.664195,-0.642623,0.643545,-0.642550,-0.642501,1.302331
2,DMT,24,0.015444,0.004278,0.003528,0.613904,0.003528,0.627967,-0.003528,-0.612600,0.004278,-0.004278,0.636287,-0.612307,0.613287,-0.611952,-0.611791,1.242116
2,DMT,25,0.015180,0.000464,0.001510,0.641942,0.001510,0.703336,-0.001510,-0.642954,0.000464,-0.000464,0.682555,-0.642973,0.642834,-0.643936,-0.643745,1.310347
2,DMT,26,0.015588,0.001286,0.002132,0.628756,0.002132,0.658093,-0.002132,-0.628803,0.001286,-0.001286,0.639305,-0.628598,0.628304,-0.628549,-0.628633,1.271796
2,DMT,27,0.013219,0.002796,0.003273,0.637126,0.003273,0.672659,-0.003273,-0.636173,0.002796,-0.002796,0.655622,-0.635839,0.636167,-0.635067,-0.635424,1.282780
2,PCB,0,nan,nan,nan,nan,nan,nan,nan,nan,nan,nan,nan,nan,nan,nan,nan,nan
2,PCB,1,nan,nan,nan,nan,nan,nan,nan,nan,nan,nan,nan,nan,nan,nan,nan,nan
2,PCB,2,nan,nan,nan,nan,nan,nan,nan,nan,nan,nan,nan,nan,nan,nan,nan,nan
2,PCB,3,nan,nan,nan,nan,nan,nan,nan,nan,nan,nan,nan,nan,nan,nan,nan,nan
2,PCB,4,nan,nan,nan,nan,nan,nan,nan,nan,nan,nan,nan,nan,nan,nan,nan,nan
2,PCB,5,nan,nan,nan,nan,nan,nan,nan,nan,nan,nan,nan,nan,nan,nan,nan,nan
2,PCB,6,nan,nan,nan,nan,nan,nan,nan,nan,nan,nan,nan,nan,nan,nan,nan,nan
2,PCB,7,nan,nan,nan,nan,nan,nan,nan,nan,nan,nan,nan,nan,nan,nan,nan,nan
2,PCB,8,nan,nan,nan,nan,nan,nan,nan,nan,nan,nan,nan,nan,nan,nan,nan,nan
2,PCB,9,nan,nan,nan,nan,nan,nan,nan,nan,nan,nan,nan,nan,nan,nan,nan,nan
2,PCB,10,nan,nan,nan,nan,nan,nan,nan,nan,nan,nan,nan,nan,nan,nan,nan,nan
2,PCB,11,nan,nan,nan,nan,nan,nan,nan,nan,nan,nan,nan,nan,nan,nan,nan,nan
2,PCB,12,nan,nan,nan,nan,nan,nan,nan,nan,nan,nan,nan,nan,nan,nan,nan,nan
2,PCB,13,nan,nan,nan,nan,nan,nan,nan,nan,nan,nan,nan,nan,nan,nan,nan,nan
2,PCB,14,-0.002128,-0.008897,-0.002563,0.678371,-0.002563,0.718994,0.002563,-0.681847,-0.008897,0.008897,0.699647,-0.683850,0.679605,-0.684846,-0.683055,1.366745
2,PCB,15,0.046302,0.004863,0.006612,0.762757,0.006612,0.787925,-0.006612,-0.762083,0.004863,-0.004863,0.779976,-0.761121,0.761441,-0.759618,-0.760038,1.548697
2,PCB,16,0.023958,-0.005155,-0.003102,0.700077,-0.003102,0.702819,0.003102,-0.706530,-0.005155,0.005155,0.708120,-0.707640,0.700676,-0.707406,-0.707110,1.416149
2,PCB,17,0.039036,0.000491,0.002610,0.726595,0.002610,0.741911,-0.002610,-0.729557,0.000491,-0.000491,0.718789,-0.730069,0.726201,-0.729629,-0.729065,1.478340
2,PCB,18,0.019941,0.005370,0.001047,0.705594,0.001047,0.711138,-0.001047,-0.707330,0.005370,-0.005370,0.729840,-0.705535,0.706746,-0.707211,-0.707237,1.435800
2,PCB,19,0.014318,-0.000653,0.004547,0.673136,0.004547,0.682447,-0.004547,-0.672260,-0.000653,0.000653,0.679025,-0.672743,0.672480,-0.672415,-0.671127,1.361535
2,PCB,20,0.008640,-0.010176,-0.006473,0.688052,-0.006473,0.707960,0.006473,-0.697692,-0.010176,0.010176,0.681822,-0.697725,0.691529,-0.700796,-0.700538,1.402076
2,PCB,21,0.036314,-0.003064,-0.003896,0.725463,-0.003896,0.777016,0.003896,-0.734041,-0.003064,0.003064,0.739161,-0.733822,0.726350,-0.734590,-0.734376,1.487003
2,PCB,22,0.024309,-0.002753,-0.004572,0.683956,-0.004572,0.762284,0.004572,-0.688826,-0.002753,0.002753,0.703491,-0.688480,0.683109,-0.688105,-0.688998,1.377555
2,PCB,23,0.006175,-0.012418,-0.009383,0.651401,-0.009383,0.691097,0.009383,-0.662571,-0.012418,0.012418,0.664152,-0.663968,0.652718,-0.664111,-0.664335,1.326163
2,PCB,24,0.031999,0.000823,0.000884,0.616162,0.000884,0.587817,-0.000884,-0.620997,0.000823,-0.000823,0.633288,-0.619835,0.617667,-0.622960,-0.621501,1.295909
2,PCB,25,0.019981,0.002884,-0.001367,0.706573,-0.001367,0.742112,0.001367,-0.710064,0.002884,-0.002884,0.720642,-0.709969,0.706427,-0.709322,-0.709317,1.420983
2,PCB,26,0.015094,-0.006671,-0.002778,0.656483,-0.002778,0.705366,0.002778,-0.662500,-0.006671,0.006671,0.662696,-0.661381,0.654359,-0.659852,-0.660412,1.314944
2,PCB,27,0.053976,0.003084,-0.003324,0.635358,-0.003324,0.656608,0.003324,-0.644440,0.003084,-0.003084,0.650560,-0.643896,0.634930,-0.643394,-0.642938,1.329395
3,DMT,0,0.017043,0.002057,0.001403,0.702989,0.001403,0.734916,-0.001403,-0.705126,0.002057,-0.002057,0.702487,-0.704749,0.703099,-0.705077,-0.705391,1.421516
3,DMT,1,0.011081,-0.001984,-0.002048,0.653923,-0.002048,0.683625,0.002048,-0.658384,-0.001984,0.001984,0.693074,-0.658782,0.654906,-0.659666,-0.658869,1.327372
3,DMT,2,0.021680,0.001220,0.001144,0.688435,0.001144,0.735863,-0.001144,-0.690237,0.001220,-0.001220,0.734412,-0.691226,0.688565,-0.691487,-0.690694,1.391255
3,DMT,3,0.013582,0.001070,-0.001285,0.689215,-0.001285,0.747249,0.001285,-0.690582,0.001070,-0.001070,0.735566,-0.690710,0.689907,-0.691428,-0.691446,1.388218
3,DMT,4,0.012587,0.000453,0.001541,0.691023,0.001541,0.710349,-0.001541,-0.693049,0.000453,-0.000453,0.709450,-0.692583,0.689365,-0.691038,-0.691446,1.399191
3,DMT,5,0.017014,-0.001647,-0.000169,0.670114,-0.000169,0.730385,0.000169,-0.672861,-0.001647,0.001647,0.691994,-0.673564,0.669240,-0.672729,-0.672568,1.353839
3,DMT,6,0.012963,0.001233,-0.000687,0.769276,-0.000687,0.795522,0.000687,-0.770944,0.001233,-0.001233,0.810156,-0.769643,0.769132,-0.770205,-0.770513,1.546782
3,DMT,7,0.008127,0.000774,-0.002178,0.735454,-0.002178,0.775804,0.002178,-0.737814,0.000774,-0.000774,0.759178,-0.737559,0.734335,-0.735854,-0.736847,1.481276
3,DMT,8,0.010422,0.000028,0.000415,0.767775,0.000415,0.763881,-0.000415,-0.769835,0.000028,-0.000028,0.766376,-0.769644,0.767495,-0.769379,-0.769826,1.545826
3,DMT,9,0.008773,0.001355,0.001594,0.644445,0.001594,0.679581,-0.001594,-0.644052,0.001355,-0.001355,0.666975,-0.644393,0.643920,-0.643862,-0.643625,1.300605
3,DMT,10,0.011147,0.002743,0.000791,0.646202,0.000791,0.687913,-0.000791,-0.646555,0.002743,-0.002743,0.660493,-0.646054,0.646592,-0.646520,-0.646672,1.302258
3,DMT,11,0.013002,-0.000659,0.001015,0.663232,0.001015,0.705622,-0.001015,-0.664934,-0.000659,0.000659,0.680094,-0.665640,0.662193,-0.664838,-0.664152,1.335836
3,DMT,12,0.011764,0.001458,-0.000432,0.671420,-0.000432,0.692399,0.000432,-0.673297,0.001458,-0.001458,0.690229,-0.673138,0.670795,-0.672797,-0.672425,1.349164
3,DMT,13,0.015339,-0.000157,0.000135,0.683231,0.000135,0.732150,-0.000135,-0.684463,-0.000157,0.000157,0.706029,-0.685236,0.682831,-0.684552,-0.684383,1.374385
3,DMT,14,0.005074,-0.000090,-0.000544,0.702661,-0.000544,0.749738,0.000544,-0.703560,-0.000090,0.000090,0.717359,-0.703740,0.701971,-0.702916,-0.703146,1.410069
3,DMT,15,0.008346,-0.000762,0.000846,0.695376,0.000846,0.754717,-0.000846,-0.695919,-0.000762,0.000762,0.693765,-0.697445,0.694590,-0.696370,-0.695670,1.395107
3,DMT,16,0.006041,0.001713,-0.001631,0.721326,-0.001631,0.741874,0.001631,-0.722700,0.001713,-0.001713,0.745148,-0.721839,0.719776,-0.720810,-0.721171,1.447058
3,DMT,17,0.007562,-0.000597,0.000149,0.687408,0.000149,0.731634,-0.000149,-0.688448,-0.000597,0.000597,0.701201,-0.688299,0.687296,-0.688003,-0.688489,1.380636
3,DMT,18,0.009481,-0.001317,0.002049,0.660458,0.002049,0.688592,-0.002049,-0.661634,-0.001317,0.001317,0.686606,-0.661964,0.660886,-0.662503,-0.662049,1.328468
3,DMT,19,0.013219,-0.000857,0.002457,0.706666,0.002457,0.768066,-0.002457,-0.707626,-0.000857,0.000857,0.745647,-0.707695,0.707493,-0.708422,-0.708431,1.422081
3,DMT,20,0.008702,0.000627,0.001884,0.661847,0.001884,0.717310,-0.001884,-0.661785,0.000627,-0.000627,0.686876,-0.662293,0.661879,-0.662091,-0.662159,1.328821
3,DMT,21,0.013023,0.000302,-0.001526,0.670772,-0.001526,0.701046,0.001526,-0.673128,0.000302,-0.000302,0.674022,-0.673285,0.670841,-0.673636,-0.673475,1.347898
3,DMT,22,0.010916,-0.000403,-0.000374,0.634190,-0.000374,0.658608,0.000374,-0.637116,-0.000403,0.000403,0.670006,-0.636680,0.634767,-0.637462,-0.637364,1.274843
3,DMT,23,0.018917,0.000727,0.000508,0.678531,0.000508,0.726183,-0.000508,-0.680763,0.000727,-0.000727,0.698714,-0.680891,0.678674,-0.680994,-0.681057,1.371557
3,DMT,24,0.007213,0.000233,-0.000796,0.661963,-0.000796,0.690435,0.000796,-0.664729,0.000233,-0.000233,0.686548,-0.664157,0.661255,-0.663822,-0.663761,1.330447
3,DMT,25,0.019397,0.001584,0.000144,0.706569,0.000144,0.740081,-0.000144,-0.709589,0.001584,-0.001584,0.742180,-0.708757,0.705802,-0.708166,-0.708859,1.429843
3,DMT,26,0.009283,-0.001888,-0.000505,0.685442,-0.000505,0.722412,0.000505,-0.688239,-0.001888,0.001888,0.721131,-0.688373,0.684076,-0.687128,-0.686732,1.379160
3,DMT,27,0.006384,-0.002901,-0.000865,0.693140,-0.000865,0.716163,0.000865,-0.696221,-0.002901,0.002901,0.732670,-0.696660,0.692966,-0.696368,-0.695842,1.393217
3,PCB,0,nan,nan,nan,nan,nan,nan,nan,nan,nan,nan,nan,nan,nan,nan,nan,nan
3,PCB,1,nan,nan,nan,nan,nan,nan,nan,nan,nan,nan,nan,nan,nan,nan,nan,nan
3,PCB,2,nan,nan,nan,nan,nan,nan,nan,nan,nan,nan,nan,nan,nan,nan,nan,nan
3,PCB,3,nan,nan,nan,nan,nan,nan,nan,nan,nan,nan,nan,nan,nan,nan,nan,nan
3,PCB,4,nan,nan,nan,nan,nan,nan,nan,nan,nan,nan,nan,nan,nan,nan,nan,nan
3,PCB,5,nan,nan,nan,nan,nan,nan,nan,nan,nan,nan,nan,nan,nan,nan,nan,nan
3,PCB,6,nan,nan,nan,nan,nan,nan,nan,nan,nan,nan,nan,nan,nan,nan,nan,nan
3,PCB,7,nan,nan,nan,nan,nan,nan,nan,nan,nan,nan,nan,nan,nan,nan,nan,nan
3,PCB,8,nan,nan,nan,nan,nan,nan,nan,nan,nan,nan,nan,nan,nan,nan,nan,nan
3,PCB,9,nan,nan,nan,nan,nan,nan,nan,nan,nan,nan,nan,nan,nan,nan,nan,nan
3,PCB,10,nan,nan,nan,nan,nan,nan,nan,nan,nan,nan,nan,nan,nan,nan,nan,nan
3,PCB,11,nan,nan,nan,nan,nan,nan,nan,nan,nan,nan,nan,nan,nan,nan,nan,nan
3,PCB,12,nan,nan,nan,nan,nan,nan,nan,nan,nan,nan,nan,nan,nan,nan,nan,nan
3,PCB,13,nan,nan,nan,nan,nan,nan,nan,nan,nan,nan,nan,nan,nan,nan,nan,nan
3,PCB,14,0.023401,-0.002835,-0.007023,0.814955,-0.007023,0.911327,0.007023,-0.822812,-0.002835,0.002835,0.890247,-0.822050,0.814628,-0.821603,-0.822518,1.649572
3,PCB,15,0.022122,-0.001069,0.000310,0.805997,0.000310,0.926224,-0.000310,-0.808931,-0.001069,0.001069,0.854764,-0.810163,0.807868,-0.811096,-0.810793,1.625820
3,PCB,16,0.009977,-0.002065,-0.001081,0.683755,-0.001081,0.723188,0.001081,-0.687249,-0.002065,0.002065,0.707639,-0.687730,0.684381,-0.688198,-0.688540,1.376649
3,PCB,17,0.011422,0.000051,0.001058,0.646165,0.001058,0.684380,-0.001058,-0.647360,0.000051,-0.000051,0.664911,-0.647532,0.646521,-0.648360,-0.647747,1.300677
3,PCB,18,0.009762,0.000028,-0.000312,0.570417,-0.000312,0.625779,0.000312,-0.573941,0.000028,-0.000028,0.615261,-0.574541,0.571851,-0.575667,-0.575829,1.160195
3,PCB,19,0.028577,-0.001163,-0.001110,0.696635,-0.001110,0.777424,0.001110,-0.701421,-0.001163,0.001163,0.789686,-0.701600,0.697330,-0.702553,-0.701708,1.413876
3,PCB,20,0.032390,0.002291,0.000035,0.783334,0.000035,0.814303,-0.000035,-0.787053,0.002291,-0.002291,0.769709,-0.787240,0.781565,-0.784890,-0.785886,1.581102
3,PCB,21,0.016470,-0.001993,-0.003081,0.724354,-0.003081,0.786247,0.003081,-0.729709,-0.001993,0.001993,0.778526,-0.729294,0.725261,-0.730575,-0.730372,1.462775
3,PCB,22,0.009070,0.001621,-0.000963,0.674066,-0.000963,0.703149,0.000963,-0.674981,0.001621,-0.001621,0.702414,-0.674853,0.674106,-0.675070,-0.675271,1.352410
3,PCB,23,0.011782,-0.002263,-0.000956,0.615026,-0.000956,0.656997,0.000956,-0.619994,-0.002263,0.002263,0.634638,-0.620022,0.616143,-0.620742,-0.621405,1.245521
3,PCB,24,0.009479,-0.000834,-0.002541,0.720933,-0.002541,0.770742,0.002541,-0.723620,-0.000834,0.000834,0.759550,-0.723495,0.720913,-0.723452,-0.723456,1.447913
3,PCB,25,0.019030,-0.004723,-0.003616,0.759354,-0.003616,0.760306,0.003616,-0.766345,-0.004723,0.004723,0.813194,-0.766683,0.758733,-0.766143,-0.765469,1.543625
3,PCB,26,0.011746,0.000041,-0.003629,0.692686,-0.003629,0.739510,0.003629,-0.698173,0.000041,-0.000041,0.734599,-0.696305,0.691852,-0.696246,-0.696821,1.400403
3,PCB,27,0.006366,-0.002272,-0.002187,0.735764,-0.002187,0.763759,0.002187,-0.740744,-0.002272,0.002272,0.735213,-0.741303,0.733868,-0.739052,-0.739307,1.485975
4,DMT,0,0.002837,-0.001267,-0.003611,0.765983,-0.003611,0.817485,0.003611,-0.767654,-0.001267,0.001267,0.801830,-0.767139,0.764843,-0.766556,-0.766830,1.533497
4,DMT,1,0.015702,-0.005958,-0.003317,0.688542,-0.003317,0.740410,0.003317,-0.693975,-0.005958,0.005958,0.692428,-0.695210,0.690175,-0.694814,-0.695957,1.391846
4,DMT,2,0.016249,0.002382,0.000558,0.630322,0.000558,0.669903,-0.000558,-0.630551,0.002382,-0.002382,0.644584,-0.631165,0.630436,-0.631437,-0.631381,1.276140
4,DMT,3,0.007405,-0.000480,0.002882,0.733530,0.002882,0.765200,-0.002882,-0.734663,-0.000480,0.000480,0.727304,-0.735955,0.735116,-0.736804,-0.736033,1.481657
4,DMT,4,0.010695,-0.004404,0.002943,0.639950,0.002943,0.650247,-0.002943,-0.640990,-0.004404,0.004404,0.682081,-0.643187,0.641977,-0.644090,-0.642439,1.299064
4,DMT,5,0.006914,-0.002158,-0.006526,0.727146,-0.006526,0.770452,0.006526,-0.732497,-0.002158,0.002158,0.745960,-0.732300,0.727669,-0.731795,-0.732519,1.461269
4,DMT,6,0.008689,-0.002226,-0.002256,0.685738,-0.002256,0.702201,0.002256,-0.687975,-0.002226,0.002226,0.698419,-0.688688,0.686650,-0.688996,-0.688924,1.371678
4,DMT,7,0.013760,-0.001398,-0.005065,0.683483,-0.005065,0.724743,0.005065,-0.686840,-0.001398,0.001398,0.726493,-0.686802,0.683771,-0.687628,-0.687300,1.378887
4,DMT,8,0.003000,-0.004336,-0.003708,0.689140,-0.003708,0.719406,0.003708,-0.693611,-0.004336,0.004336,0.707885,-0.694158,0.689565,-0.694253,-0.694686,1.381042
4,DMT,9,0.007229,-0.001141,-0.000287,0.610114,-0.000287,0.626674,0.000287,-0.612119,-0.001141,0.001141,0.649005,-0.611815,0.610752,-0.612539,-0.612581,1.218632
4,DMT,10,0.013447,0.000815,0.002061,0.602963,0.002061,0.646996,-0.002061,-0.603025,0.000815,-0.000815,0.635992,-0.603103,0.602854,-0.602835,-0.603213,1.217577
4,DMT,11,0.019846,0.002682,0.001604,0.563144,0.001604,0.587249,-0.001604,-0.562979,0.002682,-0.002682,0.598758,-0.564335,0.563863,-0.564560,-0.564757,1.145294
4,DMT,12,0.030589,0.001610,-0.003790,0.529627,-0.003790,0.589476,0.003790,-0.532731,0.001610,-0.001610,0.551215,-0.535199,0.530193,-0.535215,-0.532903,1.083881
4,DMT,13,0.014596,0.002645,0.002726,0.662481,0.002726,0.685382,-0.002726,-0.661726,0.002645,-0.002645,0.685928,-0.661684,0.662993,-0.662195,-0.661869,1.333683
4,DMT,14,0.025277,0.000369,0.003485,0.658543,0.003485,0.695786,-0.003485,-0.659544,0.000369,-0.000369,0.687515,-0.659696,0.658730,-0.659912,-0.659657,1.335272
4,DMT,15,0.005605,-0.002521,-0.000804,0.687512,-0.000804,0.711574,0.000804,-0.689076,-0.002521,0.002521,0.670210,-0.689837,0.686843,-0.689576,-0.689664,1.382452
4,DMT,16,0.020441,-0.001674,0.000403,0.667981,0.000403,0.705646,-0.000403,-0.670414,-0.001674,0.001674,0.671594,-0.671047,0.668571,-0.671107,-0.671588,1.362882
4,DMT,17,0.010668,-0.002283,0.000664,0.628460,0.000664,0.648778,-0.000664,-0.630120,-0.002283,0.002283,0.642125,-0.630441,0.627664,-0.629698,-0.629583,1.264835
4,DMT,18,0.003820,-0.001654,-0.003590,0.671352,-0.003590,0.716643,0.003590,-0.675049,-0.001654,0.001654,0.699283,-0.674571,0.669635,-0.673671,-0.673988,1.355978
4,DMT,19,0.025935,-0.000957,-0.000032,0.733394,-0.000032,0.784762,0.000032,-0.738955,-0.000957,0.000957,0.761778,-0.739409,0.733406,-0.738796,-0.738911,1.493667
4,DMT,20,0.006283,-0.006382,-0.003602,0.720761,-0.003602,0.738658,0.003602,-0.725199,-0.006382,0.006382,0.765576,-0.725467,0.720486,-0.725387,-0.724961,1.454979
4,DMT,21,0.019148,-0.001583,-0.000636,0.766127,-0.000636,0.822077,0.000636,-0.769603,-0.001583,0.001583,0.767983,-0.770117,0.766807,-0.769591,-0.771028,1.546583
4,DMT,22,0.014240,-0.004550,-0.001557,0.702153,-0.001557,0.732229,0.001557,-0.708701,-0.004550,0.004550,0.708746,-0.708752,0.701891,-0.708881,-0.708494,1.431548
4,DMT,23,-0.002321,-0.005329,0.002957,0.696953,0.002957,0.712071,-0.002957,-0.697579,-0.005329,0.005329,0.735532,-0.698259,0.697151,-0.698448,-0.696718,1.408006
4,DMT,24,0.005782,-0.007383,-0.004091,0.727525,-0.004091,0.740562,0.004091,-0.731739,-0.007383,0.007383,0.768699,-0.732704,0.727385,-0.732815,-0.731846,1.449039
4,DMT,25,0.026134,-0.006704,-0.000919,0.629969,-0.000919,0.676292,0.000919,-0.637073,-0.006704,0.006704,0.662979,-0.638092,0.630946,-0.638469,-0.638631,1.290213
4,DMT,26,0.010553,-0.007309,-0.004445,0.634466,-0.004445,0.683306,0.004445,-0.642157,-0.007309,0.007309,0.668831,-0.641957,0.634033,-0.641135,-0.641830,1.274393
4,DMT,27,0.006302,-0.000988,-0.006377,0.760290,-0.006377,0.843752,0.006377,-0.763659,-0.000988,0.000988,0.775634,-0.763987,0.760512,-0.763562,-0.763598,1.535188
4,PCB,0,nan,nan,nan,nan,nan,nan,nan,nan,nan,nan,nan,nan,nan,nan,nan,nan
4,PCB,1,nan,nan,nan,nan,nan,nan,nan,nan,nan,nan,nan,nan,nan,nan,nan,nan
4,PCB,2,nan,nan,nan,nan,nan,nan,nan,nan,nan,nan,nan,nan,nan,nan,nan,nan
4,PCB,3,nan,nan,nan,nan,nan,nan,nan,nan,nan,nan,nan,nan,nan,nan,nan,nan
4,PCB,4,nan,nan,nan,nan,nan,nan,nan,nan,nan,nan,nan,nan,nan,nan,nan,nan
4,PCB,5,nan,nan,nan,nan,nan,nan,nan,nan,nan,nan,nan,nan,nan,nan,nan,nan
4,PCB,6,nan,nan,nan,nan,nan,nan,nan,nan,nan,nan,nan,nan,nan,nan,nan,nan
4,PCB,7,nan,nan,nan,nan,nan,nan,nan,nan,nan,nan,nan,nan,nan,nan,nan,nan
4,PCB,8,nan,nan,nan,nan,nan,nan,nan,nan,nan,nan,nan,nan,nan,nan,nan,nan
4,PCB,9,nan,nan,nan,nan,nan,nan,nan,nan,nan,nan,nan,nan,nan,nan,nan,nan
4,PCB,10,nan,nan,nan,nan,nan,nan,nan,nan,nan,nan,nan,nan,nan,nan,nan,nan
4,PCB,11,nan,nan,nan,nan,nan,nan,nan,nan,nan,nan,nan,nan,nan,nan,nan,nan
4,PCB,12,nan,nan,nan,nan,nan,nan,nan,nan,nan,nan,nan,nan,nan,nan,nan,nan
4,PCB,13,nan,nan,nan,nan,nan,nan,nan,nan,nan,nan,nan,nan,nan,nan,nan,nan
4,PCB,14,0.035952,-0.001430,-0.000151,0.660084,-0.000151,0.700347,0.000151,-0.665568,-0.001430,0.001430,0.683757,-0.666046,0.658015,-0.663236,-0.664014,1.340752
4,PCB,15,0.016440,-0.008188,-0.002815,0.789416,-0.002815,0.810703,0.002815,-0.793756,-0.008188,0.008188,0.802580,-0.796028,0.787214,-0.795295,-0.793458,1.587824
4,PCB,16,0.017583,-0.011167,0.000104,0.823658,0.000104,0.910523,-0.000104,-0.829026,-0.011167,0.011167,0.805621,-0.830586,0.823422,-0.829799,-0.830988,1.658312
4,PCB,17,0.017575,0.002784,0.002526,0.603450,0.002526,0.648590,-0.002526,-0.603807,0.002784,-0.002784,0.612188,-0.604024,0.603712,-0.603833,-0.604093,1.239564
4,PCB,18,0.039149,0.002946,0.003733,0.692631,0.003733,0.768020,-0.003733,-0.692552,0.002946,-0.002946,0.698073,-0.691869,0.692329,-0.691391,-0.693367,1.422894
4,PCB,19,0.015892,-0.001179,-0.003281,0.663027,-0.003281,0.676990,0.003281,-0.668733,-0.001179,0.001179,0.664171,-0.668069,0.663660,-0.669005,-0.670203,1.355850
4,PCB,20,0.009805,-0.005380,-0.007003,0.767435,-0.007003,0.801821,0.007003,-0.772668,-0.005380,0.005380,0.783292,-0.773728,0.769221,-0.773814,-0.774110,1.552633
4,PCB,21,-0.003634,-0.000638,0.003229,0.720135,0.003229,0.731439,-0.003229,-0.716981,-0.000638,0.000638,0.753667,-0.719298,0.719343,-0.717993,-0.716611,1.459395
4,PCB,22,0.011354,-0.004867,-0.001637,0.744370,-0.001637,0.760068,0.001637,-0.750260,-0.004867,0.004867,0.744622,-0.749696,0.743715,-0.750047,-0.748417,1.490573
4,PCB,23,0.007646,-0.007022,-0.003067,0.645737,-0.003067,0.644486,0.003067,-0.650392,-0.007022,0.007022,0.648538,-0.651921,0.644789,-0.649146,-0.649389,1.289961
4,PCB,24,-0.013242,-0.015179,-0.008910,0.698457,-0.008910,0.759160,0.008910,-0.705407,-0.015179,0.015179,0.637005,-0.709047,0.695301,-0.705479,-0.704646,1.381507
4,PCB,25,-0.033800,-0.017907,-0.012436,0.794413,-0.012436,0.840524,0.012436,-0.803370,-0.017907,0.017907,0.782063,-0.804982,0.793602,-0.803433,-0.802963,1.573674
4,PCB,26,-0.038388,-0.018400,-0.008404,0.778272,-0.008404,0.807680,0.008404,-0.785576,-0.018400,0.018400,0.762416,-0.787039,0.776980,-0.786373,-0.784706,1.515927
4,PCB,27,-0.031610,-0.011213,-0.010888,0.719532,-0.010888,0.722776,0.010888,-0.728272,-0.011213,0.011213,0.751514,-0.728420,0.717657,-0.727027,-0.725714,1.406039
5,DMT,0,0.006072,-0.000612,-0.004623,0.664426,-0.004623,0.682408,0.004623,-0.668701,-0.000612,0.000612,0.676907,-0.667984,0.664596,-0.668132,-0.668389,1.335698
5,DMT,1,0.004261,-0.002040,-0.002028,0.689252,-0.002028,0.733030,0.002028,-0.692567,-0.002040,0.002040,0.697755,-0.693538,0.690273,-0.693083,-0.694059,1.385330
5,DMT,2,0.019865,-0.005467,-0.001534,0.815600,-0.001534,0.893655,0.001534,-0.822844,-0.005467,0.005467,0.759907,-0.823728,0.814366,-0.821349,-0.822006,1.637084
5,DMT,3,0.036608,0.003887,0.004092,0.725277,0.004092,0.784743,-0.004092,-0.727381,0.003887,-0.003887,0.726984,-0.728219,0.723109,-0.726214,-0.726496,1.477336
5,DMT,4,0.011293,-0.005357,-0.005862,0.634004,-0.005862,0.674375,0.005862,-0.642064,-0.005357,0.005357,0.643151,-0.641654,0.635831,-0.643525,-0.643648,1.273482
5,DMT,5,0.014607,-0.001002,-0.000291,0.630955,-0.000291,0.688344,0.000291,-0.633700,-0.001002,0.001002,0.716875,-0.633381,0.630770,-0.634027,-0.633755,1.265968
5,DMT,6,0.018365,-0.001944,0.002238,0.654794,0.002238,0.696598,-0.002238,-0.658168,-0.001944,0.001944,0.653150,-0.658782,0.653349,-0.657284,-0.657641,1.321216
5,DMT,7,0.008051,-0.002782,-0.001400,0.762682,-0.001400,0.827354,0.001400,-0.764493,-0.002782,0.002782,0.796066,-0.764231,0.762477,-0.764238,-0.763681,1.529952
5,DMT,8,0.005646,-0.004199,-0.002670,0.847055,-0.002670,0.897262,0.002670,-0.850830,-0.004199,0.004199,0.852315,-0.851190,0.847117,-0.850777,-0.850927,1.698521
5,DMT,9,0.008535,0.000528,0.000542,0.671743,0.000542,0.721546,-0.000542,-0.672583,0.000528,-0.000528,0.695648,-0.672944,0.672033,-0.672939,-0.672858,1.352174
5,DMT,10,0.000936,-0.003490,-0.003181,0.654578,-0.003181,0.692610,0.003181,-0.658745,-0.003490,0.003490,0.675042,-0.657647,0.655555,-0.658783,-0.659651,1.308974
5,DMT,11,-0.003878,-0.006344,-0.004842,0.660078,-0.004842,0.702659,0.004842,-0.666367,-0.006344,0.006344,0.637758,-0.665757,0.660214,-0.666076,-0.667107,1.315714
5,DMT,12,0.001104,-0.002855,-0.001708,0.642430,-0.001708,0.686176,0.001708,-0.645122,-0.002855,0.002855,0.626907,-0.645318,0.642695,-0.645697,-0.645883,1.288837
5,DMT,13,0.005791,-0.001431,-0.001093,0.622144,-0.001093,0.660708,0.001093,-0.626057,-0.001431,0.001431,0.640085,-0.625251,0.622346,-0.625672,-0.625726,1.253757
5,DMT,14,0.006909,-0.001829,-0.001098,0.688885,-0.001098,0.740904,0.001098,-0.690141,-0.001829,0.001829,0.701200,-0.690766,0.687998,-0.689814,-0.689335,1.379974
5,DMT,15,0.005427,-0.001880,-0.002437,0.684389,-0.002437,0.715477,0.002437,-0.687152,-0.001880,0.001880,0.691660,-0.686495,0.683647,-0.685988,-0.686368,1.367802
5,DMT,16,0.004651,-0.003101,-0.001224,0.700501,-0.001224,0.726017,0.001224,-0.702991,-0.003101,0.003101,0.723018,-0.703272,0.700171,-0.702923,-0.702644,1.404770
5,DMT,17,0.005252,-0.002910,-0.000261,0.669423,-0.000261,0.688732,0.000261,-0.671763,-0.002910,0.002910,0.662804,-0.672665,0.669685,-0.672303,-0.672355,1.343612
5,DMT,18,0.010680,-0.000357,0.000116,0.638587,0.000116,0.682835,-0.000116,-0.640131,-0.000357,0.000357,0.675698,-0.640259,0.639055,-0.640524,-0.640260,1.282660
5,DMT,19,0.004837,-0.001747,-0.002393,0.663245,-0.002393,0.687621,0.002393,-0.666951,-0.001747,0.001747,0.679575,-0.666553,0.664048,-0.667181,-0.667593,1.328474
5,DMT,20,0.004449,-0.004003,-0.003425,0.704487,-0.003425,0.690113,0.003425,-0.710757,-0.004003,0.004003,0.718280,-0.710487,0.704813,-0.711091,-0.710392,1.415407
5,DMT,21,0.005310,-0.002275,-0.002779,0.677787,-0.002779,0.665650,0.002779,-0.682083,-0.002275,0.002275,0.709399,-0.681808,0.677068,-0.680717,-0.680625,1.362563
5,DMT,22,0.001731,-0.003620,-0.001088,0.595805,-0.001088,0.637665,0.001088,-0.598598,-0.003620,0.003620,0.640454,-0.599033,0.594474,-0.598072,-0.597514,1.189692
5,DMT,23,0.011874,0.001624,-0.000770,0.560332,-0.000770,0.561387,0.000770,-0.562770,0.001624,-0.001624,0.568415,-0.562065,0.559252,-0.561185,-0.561123,1.122710
5,DMT,24,0.007189,-0.004183,-0.001814,0.624823,-0.001814,0.640965,0.001814,-0.630184,-0.004183,0.004183,0.638456,-0.630090,0.624443,-0.629807,-0.629542,1.254697
5,DMT,25,0.006275,-0.001547,-0.001430,0.707235,-0.001430,0.740162,0.001430,-0.709987,-0.001547,0.001547,0.723803,-0.710175,0.708336,-0.710843,-0.710819,1.420779
5,DMT,26,0.006824,-0.001827,0.000446,0.658136,0.000446,0.675031,-0.000446,-0.661104,-0.001827,0.001827,0.671476,-0.661366,0.657238,-0.660310,-0.659756,1.323559
5,DMT,27,0.017340,-0.001185,-0.000092,0.685874,-0.000092,0.731675,0.000092,-0.689567,-0.001185,0.001185,0.713865,-0.689675,0.685781,-0.688814,-0.688709,1.381982
5,PCB,0,nan,nan,nan,nan,nan,nan,nan,nan,nan,nan,nan,nan,nan,nan,nan,nan
5,PCB,1,nan,nan,nan,nan,nan,nan,nan,nan,nan,nan,nan,nan,nan,nan,nan,nan
5,PCB,2,nan,nan,nan,nan,nan,nan,nan,nan,nan,nan,nan,nan,nan,nan,nan,nan
5,PCB,3,nan,nan,nan,nan,nan,nan,nan,nan,nan,nan,nan,nan,nan,nan,nan,nan
5,PCB,4,nan,nan,nan,nan,nan,nan,nan,nan,nan,nan,nan,nan,nan,nan,nan,nan
5,PCB,5,nan,nan,nan,nan,nan,nan,nan,nan,nan,nan,nan,nan,nan,nan,nan,nan
5,PCB,6,nan,nan,nan,nan,nan,nan,nan,nan,nan,nan,nan,nan,nan,nan,nan,nan
5,PCB,7,nan,nan,nan,nan,nan,nan,nan,nan,nan,nan,nan,nan,nan,nan,nan,nan
5,PCB,8,nan,nan,nan,nan,nan,nan,nan,nan,nan,nan,nan,nan,nan,nan,nan,nan
5,PCB,9,nan,nan,nan,nan,nan,nan,nan,nan,nan,nan,nan,nan,nan,nan,nan,nan
5,PCB,10,nan,nan,nan,nan,nan,nan,nan,nan,nan,nan,nan,nan,nan,nan,nan,nan
5,PCB,11,nan,nan,nan,nan,nan,nan,nan,nan,nan,nan,nan,nan,nan,nan,nan,nan
5,PCB,12,nan,nan,nan,nan,nan,nan,nan,nan,nan,nan,nan,nan,nan,nan,nan,nan
5,PCB,13,nan,nan,nan,nan,nan,nan,nan,nan,nan,nan,nan,nan,nan,nan,nan,nan
5,PCB,14,0.005136,-0.001497,-0.001012,0.647309,-0.001012,0.699593,0.001012,-0.649240,-0.001497,0.001497,0.662980,-0.650478,0.648000,-0.650629,-0.650222,1.301397
5,PCB,15,0.006441,-0.003736,-0.001452,0.681924,-0.001452,0.738760,0.001452,-0.687310,-0.003736,0.003736,0.700217,-0.687638,0.683559,-0.688822,-0.688477,1.376339
5,PCB,16,0.011845,-0.002259,-0.001327,0.647123,-0.001327,0.702340,0.001327,-0.651008,-0.002259,0.002259,0.696364,-0.651643,0.647333,-0.651261,-0.650956,1.301762
5,PCB,17,0.026494,0.000053,0.001707,0.695309,0.001707,0.747456,-0.001707,-0.697927,0.000053,-0.000053,0.717659,-0.697768,0.695677,-0.698376,-0.697799,1.408596
5,PCB,18,0.014896,-0.002311,-0.001096,0.708129,-0.001096,0.747769,0.001096,-0.712169,-0.002311,0.002311,0.771375,-0.711657,0.708513,-0.712208,-0.712223,1.425509
5,PCB,19,0.015204,-0.001957,-0.002505,0.674634,-0.002505,0.717859,0.002505,-0.678513,-0.001957,0.001957,0.700463,-0.677968,0.673925,-0.677092,-0.677422,1.354775
5,PCB,20,0.004389,-0.001968,-0.002447,0.684048,-0.002447,0.725907,0.002447,-0.687528,-0.001968,0.001968,0.690963,-0.688405,0.684618,-0.688403,-0.688554,1.374324
5,PCB,21,0.003789,-0.003823,-0.001724,0.714807,-0.001724,0.785660,0.001724,-0.717968,-0.003823,0.003823,0.737471,-0.718455,0.713917,-0.717874,-0.717255,1.432316
5,PCB,22,0.002445,-0.002920,-0.001146,0.696243,-0.001146,0.760809,0.001146,-0.698039,-0.002920,0.002920,0.704775,-0.698636,0.694602,-0.696824,-0.696989,1.391210
5,PCB,23,0.002641,-0.001035,-0.001380,0.668466,-0.001380,0.717843,0.001380,-0.669725,-0.001035,0.001035,0.693866,-0.670146,0.669086,-0.670019,-0.670708,1.340063
5,PCB,24,0.004594,-0.001194,-0.003948,0.656168,-0.003948,0.708107,0.003948,-0.659777,-0.001194,0.001194,0.685892,-0.659404,0.655617,-0.658810,-0.659316,1.316221
5,PCB,25,0.005386,0.001188,0.000743,0.679089,0.000743,0.713033,-0.000743,-0.679013,0.001188,-0.001188,0.692399,-0.678753,0.679959,-0.679056,-0.679793,1.360204
5,PCB,26,0.014194,-0.000027,-0.000289,0.658780,-0.000289,0.701921,0.000289,-0.660939,-0.000027,0.000027,0.711196,-0.660318,0.657977,-0.659838,-0.660241,1.322590
5,PCB,27,0.021247,0.003310,0.002586,0.635722,0.002586,0.701962,-0.002586,-0.636016,0.003310,-0.003310,0.665756,-0.635578,0.635138,-0.634987,-0.635800,1.278485
6,DMT,0,0.006169,-0.007011,-0.007092,0.777354,-0.007092,0.793811,0.007092,-0.783076,-0.007011,0.007011,0.799676,-0.783698,0.777193,-0.782122,-0.782162,1.554568
6,DMT,1,0.019108,0.003633,-0.000978,0.611127,-0.000978,0.647260,0.000978,-0.612227,0.003633,-0.003633,0.627699,-0.612610,0.613628,-0.614653,-0.614629,1.241220
6,DMT,2,0.036853,-0.003855,-0.003237,0.774912,-0.003237,0.851070,0.003237,-0.781766,-0.003855,0.003855,0.820137,-0.782608,0.779404,-0.786866,-0.786629,1.564262
6,DMT,3,0.030027,0.000541,-0.005336,0.730827,-0.005336,0.760701,0.005336,-0.736235,0.000541,-0.000541,0.734318,-0.735028,0.728521,-0.734220,-0.733885,1.498109
6,DMT,4,0.029862,0.002205,-0.001138,0.829121,-0.001138,0.842885,0.001138,-0.829919,0.002205,-0.002205,0.845833,-0.831957,0.828892,-0.829576,-0.829358,1.670501
6,DMT,5,0.077583,-0.001876,0.012838,0.838429,0.012838,0.914231,-0.012838,-0.843040,-0.001876,0.001876,0.866578,-0.846023,0.841093,-0.848584,-0.844724,1.717273
6,DMT,6,0.025025,0.004854,-0.001014,0.571385,-0.001014,0.559889,0.001014,-0.573477,0.004854,-0.004854,0.570784,-0.572601,0.571090,-0.572812,-0.573098,1.181358
6,DMT,7,0.017517,-0.007470,-0.006213,0.741129,-0.006213,0.799065,0.006213,-0.751423,-0.007470,0.007470,0.743079,-0.753861,0.744032,-0.755704,-0.754639,1.501104
6,DMT,8,0.001345,-0.008276,-0.008309,0.747788,-0.008309,0.748547,0.008309,-0.755934,-0.008276,0.008276,0.696771,-0.759035,0.743434,-0.752967,-0.753098,1.488950
6,DMT,9,0.016292,0.000704,0.002892,0.664138,0.002892,0.687264,-0.002892,-0.663975,0.000704,-0.000704,0.672987,-0.664182,0.663010,-0.663111,-0.662974,1.342247
6,DMT,10,0.011117,-0.000381,0.002793,0.613292,0.002793,0.618732,-0.002793,-0.613402,-0.000381,0.000381,0.627432,-0.613876,0.611384,-0.612009,-0.611615,1.227674
6,DMT,11,0.014328,0.001620,0.003598,0.583975,0.003598,0.597781,-0.003598,-0.583154,0.001620,-0.001620,0.595091,-0.583580,0.583860,-0.583584,-0.583414,1.172725
6,DMT,12,0.016754,-0.002560,-0.000414,0.615624,-0.000414,0.637809,0.000414,-0.620720,-0.002560,0.002560,0.644309,-0.621445,0.616749,-0.622027,-0.622404,1.240916
6,DMT,13,0.012322,-0.001522,0.000356,0.643304,0.000356,0.678169,-0.000356,-0.645685,-0.001522,0.001522,0.664648,-0.645543,0.644501,-0.646660,-0.647184,1.295659
6,DMT,14,0.008076,-0.003352,0.000154,0.658172,0.000154,0.671729,-0.000154,-0.661099,-0.003352,0.003352,0.668509,-0.661370,0.661448,-0.664303,-0.664429,1.323728
6,DMT,15,0.010453,-0.003562,-0.000331,0.614830,-0.000331,0.629671,0.000331,-0.618830,-0.003562,0.003562,0.645924,-0.618403,0.616107,-0.619840,-0.619507,1.234153
6,DMT,16,0.018447,-0.003896,0.002620,0.629845,0.002620,0.648387,-0.002620,-0.634266,-0.003896,0.003896,0.621481,-0.635624,0.630748,-0.635503,-0.635110,1.267118
6,DMT,17,0.014682,-0.000539,-0.001656,0.660308,-0.001656,0.671597,0.001656,-0.664851,-0.000539,0.000539,0.677057,-0.663489,0.660882,-0.664232,-0.665114,1.330869
6,DMT,18,0.018543,0.001143,0.002319,0.611076,0.002319,0.616063,-0.002319,-0.611944,0.001143,-0.001143,0.620519,-0.611243,0.611314,-0.612989,-0.611603,1.228020
6,DMT,19,0.018039,-0.002083,0.002511,0.677406,0.002511,0.692773,-0.002511,-0.680045,-0.002083,0.002083,0.678875,-0.681382,0.678176,-0.681622,-0.681987,1.358300
6,DMT,20,0.006208,0.000015,-0.001696,0.666592,-0.001696,0.668252,0.001696,-0.668556,0.000015,-0.000015,0.654369,-0.668521,0.667768,-0.668664,-0.669855,1.332603
6,DMT,21,0.019184,-0.001376,-0.006132,0.657645,-0.006132,0.711685,0.006132,-0.663754,-0.001376,0.001376,0.644372,-0.664328,0.657160,-0.663786,-0.664027,1.324875
6,DMT,22,0.006886,-0.005919,-0.001770,0.592832,-0.001770,0.602251,0.001770,-0.599025,-0.005919,0.005919,0.602772,-0.599296,0.592053,-0.597984,-0.598585,1.179571
6,DMT,23,0.009908,-0.007583,-0.002887,0.581886,-0.002887,0.597131,0.002887,-0.591065,-0.007583,0.007583,0.581998,-0.589919,0.582870,-0.590369,-0.591412,1.165628
6,DMT,24,0.010228,-0.000288,-0.001094,0.579408,-0.001094,0.575338,0.001094,-0.582855,-0.000288,0.000288,0.588623,-0.583130,0.578134,-0.582165,-0.582319,1.155620
6,DMT,25,0.013305,-0.000049,0.001626,0.633755,0.001626,0.658098,-0.001626,-0.635431,-0.000049,0.000049,0.636357,-0.635648,0.635002,-0.636269,-0.637159,1.271138
6,DMT,26,0.017856,-0.002339,0.003878,0.594435,0.003878,0.608177,-0.003878,-0.599178,-0.002339,0.002339,0.615243,-0.597881,0.595677,-0.598899,-0.599895,1.211931
6,DMT,27,0.019315,-0.004538,-0.006054,0.705872,-0.006054,0.761613,0.006054,-0.713995,-0.004538,0.004538,0.734952,-0.715985,0.705272,-0.715619,-0.713903,1.426572
6,PCB,0,nan,nan,nan,nan,nan,nan,nan,nan,nan,nan,nan,nan,nan,nan,nan,nan
6,PCB,1,nan,nan,nan,nan,nan,nan,nan,nan,nan,nan,nan,nan,nan,nan,nan,nan
6,PCB,2,nan,nan,nan,nan,nan,nan,nan,nan,nan,nan,nan,nan,nan,nan,nan,nan
6,PCB,3,nan,nan,nan,nan,nan,nan,nan,nan,nan,nan,nan,nan,nan,nan,nan,nan
6,PCB,4,nan,nan,nan,nan,nan,nan,nan,nan,nan,nan,nan,nan,nan,nan,nan,nan
6,PCB,5,nan,nan,nan,nan,nan,nan,nan,nan,nan,nan,nan,nan,nan,nan,nan,nan
6,PCB,6,nan,nan,nan,nan,nan,nan,nan,nan,nan,nan,nan,nan,nan,nan,nan,nan
6,PCB,7,nan,nan,nan,nan,nan,nan,nan,nan,nan,nan,nan,nan,nan,nan,nan,nan
6,PCB,8,nan,nan,nan,nan,nan,nan,nan,nan,nan,nan,nan,nan,nan,nan,nan,nan
6,PCB,9,nan,nan,nan,nan,nan,nan,nan,nan,nan,nan,nan,nan,nan,nan,nan,nan
6,PCB,10,nan,nan,nan,nan,nan,nan,nan,nan,nan,nan,nan,nan,nan,nan,nan,nan
6,PCB,11,nan,nan,nan,nan,nan,nan,nan,nan,nan,nan,nan,nan,nan,nan,nan,nan
6,PCB,12,nan,nan,nan,nan,nan,nan,nan,nan,nan,nan,nan,nan,nan,nan,nan,nan
6,PCB,13,nan,nan,nan,nan,nan,nan,nan,nan,nan,nan,nan,nan,nan,nan,nan,nan
6,PCB,14,0.022371,0.001249,0.000872,0.681394,0.000872,0.696996,-0.000872,-0.684267,0.001249,-0.001249,0.705035,-0.682645,0.679127,-0.680824,-0.681693,1.388242
6,PCB,15,0.031043,0.003067,0.009016,0.559231,0.009016,0.562127,-0.009016,-0.561472,0.003067,-0.003067,0.605584,-0.558978,0.558198,-0.559849,-0.558827,1.180723
6,PCB,16,0.024345,-0.001543,-0.002120,0.590038,-0.002120,0.586670,0.002120,-0.596454,-0.001543,0.001543,0.630946,-0.596757,0.587530,-0.595371,-0.594855,1.207949
6,PCB,17,0.013345,0.004981,-0.001338,0.573693,-0.001338,0.578696,0.001338,-0.574520,0.004981,-0.004981,0.567997,-0.574530,0.572427,-0.573667,-0.573906,1.162361
6,PCB,18,0.062255,0.003618,0.009989,0.776380,0.009989,0.793713,-0.009989,-0.778120,0.003618,-0.003618,0.769454,-0.779648,0.779070,-0.781951,-0.781090,1.585177
6,PCB,19,0.023898,-0.000498,0.005437,0.706589,0.005437,0.746518,-0.005437,-0.707627,-0.000498,0.000498,0.703350,-0.709205,0.708439,-0.710235,-0.709710,1.434037
6,PCB,20,0.025970,0.003769,0.001453,0.647554,0.001453,0.644146,-0.001453,-0.653118,0.003769,-0.003769,0.650094,-0.652103,0.648163,-0.653689,-0.654235,1.335583
6,PCB,21,-0.012157,-0.012369,-0.009817,0.642595,-0.009817,0.664090,0.009817,-0.651288,-0.012369,0.012369,0.625734,-0.652533,0.640247,-0.649143,-0.649975,1.249643
6,PCB,22,-0.004766,-0.011276,-0.016731,0.589207,-0.016731,0.586415,0.016731,-0.604409,-0.011276,0.011276,0.623496,-0.604279,0.589670,-0.604866,-0.604733,1.165477
6,PCB,23,-0.027041,-0.005220,-0.004477,0.620415,-0.004477,0.569838,0.004477,-0.625168,-0.005220,0.005220,0.591631,-0.627155,0.625768,-0.631819,-0.629764,1.195551
6,PCB,24,0.001316,-0.011701,-0.017168,0.777140,-0.017168,0.791405,0.017168,-0.794728,-0.011701,0.011701,0.787539,-0.795241,0.776052,-0.797323,-0.794357,1.555845
6,PCB,25,0.016868,-0.000616,0.003580,0.565688,0.003580,0.571233,-0.003580,-0.568498,-0.000616,0.000616,0.594154,-0.567980,0.566658,-0.569752,-0.569978,1.166634
6,PCB,26,0.026564,0.009117,0.007166,0.593531,0.007166,0.598823,-0.007166,-0.590321,0.009117,-0.009117,0.595587,-0.591016,0.592626,-0.589774,-0.590030,1.221443
6,PCB,27,0.017327,0.003457,0.004355,0.601611,0.004355,0.632065,-0.004355,-0.601663,0.003457,-0.003457,0.615581,-0.600601,0.601152,-0.600257,-0.601170,1.232417
7,DMT,0,0.010911,0.001184,0.001315,0.700332,0.001315,0.721702,-0.001315,-0.701493,0.001184,-0.001184,0.713792,-0.700527,0.699956,-0.700859,-0.700713,1.413350
7,DMT,1,0.007333,-0.000863,0.002120,0.644210,0.002120,0.684024,-0.002120,-0.644061,-0.000863,0.000863,0.670566,-0.645274,0.644080,-0.644502,-0.644182,1.294147
7,DMT,2,0.017438,-0.003297,-0.001376,0.699054,-0.001376,0.726124,0.001376,-0.704424,-0.003297,0.003297,0.717228,-0.703951,0.699114,-0.703849,-0.703958,1.415704
7,DMT,3,0.008990,-0.007331,-0.001961,0.764103,-0.001961,0.786240,0.001961,-0.771619,-0.007331,0.007331,0.781146,-0.772397,0.764596,-0.772730,-0.771730,1.543084
7,DMT,4,0.010716,-0.000861,0.001945,0.737169,0.001945,0.763399,-0.001945,-0.738915,-0.000861,0.000861,0.745870,-0.739229,0.736290,-0.739293,-0.737820,1.476005
7,DMT,5,0.010878,0.003866,-0.000359,0.682836,-0.000359,0.698979,0.000359,-0.682043,0.003866,-0.003866,0.709706,-0.680247,0.682330,-0.680895,-0.681406,1.375502
7,DMT,6,0.024198,-0.001020,0.002450,0.775997,0.002450,0.788309,-0.002450,-0.781011,-0.001020,0.001020,0.788800,-0.780113,0.776674,-0.780522,-0.781003,1.573277
7,DMT,7,0.037006,0.004225,-0.001119,0.874383,-0.001119,0.927381,0.001119,-0.875160,0.004225,-0.004225,0.947262,-0.874297,0.875482,-0.876779,-0.875753,1.760790
7,DMT,8,0.005810,-0.000725,-0.000874,0.598305,-0.000874,0.589782,0.000874,-0.603375,-0.000725,0.000725,0.613185,-0.602567,0.597739,-0.602604,-0.602476,1.199555
7,DMT,9,0.010899,0.001141,0.002111,0.640689,0.002111,0.674603,-0.002111,-0.640844,0.001141,-0.001141,0.655524,-0.641358,0.639969,-0.640856,-0.640044,1.287238
7,DMT,10,0.018239,0.004082,0.003488,0.618384,0.003488,0.660617,-0.003488,-0.617740,0.004082,-0.004082,0.637998,-0.617864,0.618414,-0.617779,-0.617774,1.253989
7,DMT,11,0.016629,0.001845,0.003352,0.640418,0.003352,0.685204,-0.003352,-0.640251,0.001845,-0.001845,0.675062,-0.640297,0.641103,-0.640947,-0.640834,1.296946
7,DMT,12,0.011550,0.000435,0.002368,0.590487,0.002368,0.656867,-0.002368,-0.591479,0.000435,-0.000435,0.621504,-0.591230,0.590277,-0.590827,-0.591230,1.188145
7,DMT,13,0.013167,-0.002413,-0.000713,0.646191,-0.000713,0.690771,0.000713,-0.650963,-0.002413,0.002413,0.655521,-0.650777,0.646349,-0.651057,-0.651055,1.303215
7,DMT,14,0.005961,0.001339,0.001279,0.576023,0.001279,0.590196,-0.001279,-0.577132,0.001339,-0.001339,0.569418,-0.576966,0.574389,-0.575643,-0.575657,1.149016
7,DMT,15,0.013129,-0.000074,0.001678,0.590272,0.001678,0.640531,-0.001678,-0.592471,-0.000074,0.000074,0.602833,-0.592387,0.589234,-0.591576,-0.591762,1.185264
7,DMT,16,0.012191,-0.000560,0.002483,0.555180,0.002483,0.606971,-0.002483,-0.557531,-0.000560,0.000560,0.572284,-0.558312,0.554743,-0.557505,-0.557877,1.119610
7,DMT,17,0.010111,-0.000505,-0.000784,0.645921,-0.000784,0.664803,0.000784,-0.648825,-0.000505,0.000505,0.673929,-0.648627,0.645692,-0.648764,-0.648096,1.295433
7,DMT,18,0.001905,0.000272,0.000978,0.539277,0.000978,0.568222,-0.000978,-0.541511,0.000272,-0.000272,0.545111,-0.542017,0.539050,-0.541780,-0.541446,1.075390
7,DMT,19,0.011863,-0.001459,0.002712,0.684827,0.002712,0.724815,-0.002712,-0.686412,-0.001459,0.001459,0.695870,-0.686542,0.684486,-0.686478,-0.686017,1.383113
7,DMT,20,0.009177,-0.000151,0.001357,0.645041,0.001357,0.689428,-0.001357,-0.645300,-0.000151,0.000151,0.659939,-0.645825,0.645460,-0.646143,-0.645876,1.297911
7,DMT,21,0.019130,-0.002317,-0.000311,0.685784,-0.000311,0.729220,0.000311,-0.690271,-0.002317,0.002317,0.688475,-0.690945,0.686454,-0.692112,-0.690668,1.391317
7,DMT,22,0.017939,0.001071,0.000351,0.658847,0.000351,0.689694,-0.000351,-0.661844,0.001071,-0.001071,0.674502,-0.661910,0.658502,-0.661617,-0.661979,1.329864
7,DMT,23,0.013207,-0.002783,0.000429,0.661369,0.000429,0.700141,-0.000429,-0.664669,-0.002783,0.002783,0.682069,-0.665688,0.661915,-0.666057,-0.664742,1.334619
7,DMT,24,0.015353,-0.000545,0.000588,0.762113,0.000588,0.789234,-0.000588,-0.763425,-0.000545,0.000545,0.763969,-0.763769,0.762833,-0.764592,-0.764616,1.534567
7,DMT,25,0.010275,0.002136,0.001095,0.637226,0.001095,0.702467,-0.001095,-0.637542,0.002136,-0.002136,0.656667,-0.636845,0.637260,-0.637123,-0.637417,1.291441
7,DMT,26,0.015946,0.001418,0.003323,0.648012,0.003323,0.697551,-0.003323,-0.647324,0.001418,-0.001418,0.651339,-0.648277,0.647788,-0.647590,-0.647630,1.310835
7,DMT,27,0.007077,-0.000348,0.000752,0.664283,0.000752,0.698934,-0.000752,-0.664210,-0.000348,0.000348,0.668634,-0.664763,0.664866,-0.665046,-0.665445,1.342609
7,PCB,0,nan,nan,nan,nan,nan,nan,nan,nan,nan,nan,nan,nan,nan,nan,nan,nan
7,PCB,1,nan,nan,nan,nan,nan,nan,nan,nan,nan,nan,nan,nan,nan,nan,nan,nan
7,PCB,2,nan,nan,nan,nan,nan,nan,nan,nan,nan,nan,nan,nan,nan,nan,nan,nan
7,PCB,3,nan,nan,nan,nan,nan,nan,nan,nan,nan,nan,nan,nan,nan,nan,nan,nan
7,PCB,4,nan,nan,nan,nan,nan,nan,nan,nan,nan,nan,nan,nan,nan,nan,nan,nan
7,PCB,5,nan,nan,nan,nan,nan,nan,nan,nan,nan,nan,nan,nan,nan,nan,nan,nan
7,PCB,6,nan,nan,nan,nan,nan,nan,nan,nan,nan,nan,nan,nan,nan,nan,nan,nan
7,PCB,7,nan,nan,nan,nan,nan,nan,nan,nan,nan,nan,nan,nan,nan,nan,nan,nan
7,PCB,8,nan,nan,nan,nan,nan,nan,nan,nan,nan,nan,nan,nan,nan,nan,nan,nan
7,PCB,9,nan,nan,nan,nan,nan,nan,nan,nan,nan,nan,nan,nan,nan,nan,nan,nan
7,PCB,10,nan,nan,nan,nan,nan,nan,nan,nan,nan,nan,nan,nan,nan,nan,nan,nan
7,PCB,11,nan,nan,nan,nan,nan,nan,nan,nan,nan,nan,nan,nan,nan,nan,nan,nan
7,PCB,12,nan,nan,nan,nan,nan,nan,nan,nan,nan,nan,nan,nan,nan,nan,nan,nan
7,PCB,13,nan,nan,nan,nan,nan,nan,nan,nan,nan,nan,nan,nan,nan,nan,nan,nan
7,PCB,14,0.034316,-0.008585,-0.003181,0.659716,-0.003181,0.725273,0.003181,-0.671596,-0.008585,0.008585,0.717434,-0.670883,0.659071,-0.671430,-0.670787,1.341191
7,PCB,15,0.026313,0.006018,0.002738,0.782995,0.002738,0.805319,-0.002738,-0.782560,0.006018,-0.006018,0.838538,-0.780757,0.781562,-0.781191,-0.780622,1.572622
7,PCB,16,0.005586,-0.005550,-0.001053,0.800979,-0.001053,0.818534,0.001053,-0.805352,-0.005550,0.005550,0.828876,-0.807005,0.800333,-0.806516,-0.804520,1.609226
7,PCB,17,-0.018749,-0.012311,-0.020141,0.953928,-0.020141,1.008966,0.020141,-0.969714,-0.012311,0.012311,0.904382,-0.969476,0.952718,-0.966268,-0.968095,1.918029
7,PCB,18,0.016971,-0.009278,-0.006590,1.007417,-0.006590,1.008045,0.006590,-1.020032,-0.009278,0.009278,0.968446,-1.021498,1.009145,-1.022415,-1.019302,2.038457
7,PCB,19,0.024300,-0.007548,-0.000052,0.900980,-0.000052,0.847203,0.000052,-0.907689,-0.007548,0.007548,0.944349,-0.909926,0.903008,-0.911861,-0.909456,1.823638
7,PCB,20,0.002653,-0.006321,-0.007343,0.721099,-0.007343,0.808360,0.007343,-0.728105,-0.006321,0.006321,0.758738,-0.727121,0.722386,-0.728908,-0.729365,1.446516
7,PCB,21,0.001596,-0.012499,-0.009463,0.987102,-0.009463,1.092790,0.009463,-0.995941,-0.012499,0.012499,1.020429,-0.997135,0.993094,-1.001619,-1.001533,1.996431
7,PCB,22,-0.028611,-0.019415,-0.024988,1.020188,-0.024988,1.108738,0.024988,-1.036131,-0.019415,0.019415,1.029286,-1.037586,1.024921,-1.041432,-1.041471,2.041969
7,PCB,23,-0.011917,-0.012009,-0.013485,0.835108,-0.013485,0.934808,0.013485,-0.849133,-0.012009,0.012009,0.788384,-0.849239,0.839621,-0.850888,-0.852361,1.684245
7,PCB,24,-0.008924,-0.017534,-0.019547,0.881425,-0.019547,0.955489,0.019547,-0.901021,-0.017534,0.017534,0.894480,-0.899230,0.883144,-0.900901,-0.901121,1.769430
7,PCB,25,-0.016764,-0.031808,-0.033517,1.071429,-0.033517,1.091803,0.033517,-1.104811,-0.031808,0.031808,1.110670,-1.103425,1.081703,-1.111144,-1.113137,2.145161
7,PCB,26,-0.033447,-0.022548,-0.034455,0.890911,-0.034455,0.973064,0.034455,-0.917439,-0.022548,0.022548,0.858618,-0.915717,0.886994,-0.910901,-0.913492,1.786224
7,PCB,27,0.002931,-0.005667,-0.006969,0.789583,-0.006969,0.850589,0.006969,-0.796687,-0.005667,0.005667,0.814803,-0.797994,0.789006,-0.795680,-0.796423,1.595040
8,DMT,0,0.019763,0.002814,0.001768,0.681161,0.001768,0.690431,-0.001768,-0.682352,0.002814,-0.002814,0.695983,-0.681748,0.681039,-0.681643,-0.682055,1.383602
8,DMT,1,0.015204,0.001019,0.004235,0.639777,0.004235,0.656678,-0.004235,-0.639638,0.001019,-0.001019,0.646689,-0.640080,0.640035,-0.640149,-0.639643,1.291066
8,DMT,2,0.025366,0.000881,0.000695,0.709872,0.000695,0.777355,-0.000695,-0.712894,0.000881,-0.000881,0.731497,-0.712468,0.709226,-0.711874,-0.712844,1.438439
8,DMT,3,0.017711,-0.000655,-0.001425,0.702543,-0.001425,0.736829,0.001425,-0.706579,-0.000655,0.000655,0.727563,-0.706312,0.701500,-0.705142,-0.705727,1.426651
8,DMT,4,0.021197,0.002889,0.001548,0.642795,0.001548,0.678387,-0.001548,-0.643921,0.002889,-0.002889,0.655021,-0.643736,0.644538,-0.644776,-0.645293,1.307872
8,DMT,5,0.044126,0.006396,0.001637,0.722819,0.001637,0.776169,-0.001637,-0.724444,0.006396,-0.006396,0.756669,-0.724323,0.721772,-0.723612,-0.723344,1.467242
8,DMT,6,0.047228,-0.000375,0.004954,0.803850,0.004954,0.891094,-0.004954,-0.806285,-0.000375,0.000375,0.821624,-0.808370,0.800775,-0.805112,-0.803422,1.630805
8,DMT,7,0.028384,0.003386,0.005214,0.654337,0.005214,0.698789,-0.005214,-0.653621,0.003386,-0.003386,0.655088,-0.654876,0.653384,-0.653881,-0.653591,1.331070
8,DMT,8,0.019911,0.002485,0.001302,0.654182,0.001302,0.688605,-0.001302,-0.655978,0.002485,-0.002485,0.675961,-0.655735,0.654127,-0.655603,-0.655481,1.326557
8,DMT,9,0.013641,0.003399,0.002040,0.651850,0.002040,0.670013,-0.002040,-0.650876,0.003399,-0.003399,0.669757,-0.650680,0.652081,-0.651128,-0.651070,1.312267
8,DMT,10,0.014160,0.004653,0.004151,0.621739,0.004151,0.657237,-0.004151,-0.619158,0.004653,-0.004653,0.658470,-0.619024,0.621428,-0.618803,-0.618840,1.255759
8,DMT,11,0.019241,0.004091,0.003394,0.646423,0.003394,0.690689,-0.003394,-0.644733,0.004091,-0.004091,0.680003,-0.645004,0.646062,-0.644983,-0.644599,1.305828
8,DMT,12,0.017885,0.004232,0.004819,0.640188,0.004819,0.670931,-0.004819,-0.637728,0.004232,-0.004232,0.657655,-0.637915,0.639807,-0.637446,-0.637537,1.294547
8,DMT,13,0.014913,0.004594,0.003924,0.648002,0.003924,0.680143,-0.003924,-0.646017,0.004594,-0.004594,0.678412,-0.645788,0.647699,-0.645575,-0.645632,1.310560
8,DMT,14,0.014214,0.003669,0.004199,0.635500,0.004199,0.674670,-0.004199,-0.633480,0.003669,-0.003669,0.660272,-0.633671,0.635416,-0.633478,-0.633405,1.285423
8,DMT,15,0.015894,0.003160,0.003816,0.656873,0.003816,0.702193,-0.003816,-0.655522,0.003160,-0.003160,0.685283,-0.655600,0.656735,-0.655556,-0.655220,1.328446
8,DMT,16,0.016262,0.004213,0.003278,0.635169,0.003278,0.680541,-0.003278,-0.633394,0.004213,-0.004213,0.664666,-0.633377,0.634737,-0.632869,-0.632992,1.284161
8,DMT,17,0.016487,0.004055,0.004560,0.638295,0.004560,0.679037,-0.004560,-0.636090,0.004055,-0.004055,0.661722,-0.636439,0.638545,-0.636700,-0.636383,1.292207
8,DMT,18,0.016228,0.002987,0.002925,0.643698,0.002925,0.677425,-0.002925,-0.643189,0.002987,-0.002987,0.666453,-0.643178,0.643721,-0.643127,-0.643277,1.303658
8,DMT,19,0.015571,0.004488,0.003278,0.616754,0.003278,0.644805,-0.003278,-0.615293,0.004488,-0.004488,0.652080,-0.615251,0.616889,-0.615448,-0.615418,1.252754
8,DMT,20,0.015222,0.004004,0.004446,0.653023,0.004446,0.685123,-0.004446,-0.651173,0.004004,-0.004004,0.676272,-0.651094,0.653350,-0.651293,-0.651409,1.320943
8,DMT,21,0.019491,0.004985,0.004132,0.657650,0.004132,0.687554,-0.004132,-0.655638,0.004985,-0.004985,0.677901,-0.655899,0.657641,-0.655820,-0.655756,1.330692
8,DMT,22,0.016628,0.003539,0.003080,0.639236,0.003080,0.670147,-0.003080,-0.638360,0.003539,-0.003539,0.652256,-0.638538,0.638839,-0.638048,-0.637946,1.292549
8,DMT,23,0.013735,0.004509,0.002385,0.620031,0.002385,0.667184,-0.002385,-0.618581,0.004509,-0.004509,0.637613,-0.618803,0.619271,-0.617829,-0.617886,1.254725
8,DMT,24,0.015307,0.003880,0.003542,0.634113,0.003542,0.667403,-0.003542,-0.632825,0.003880,-0.003880,0.646506,-0.632611,0.633923,-0.632388,-0.632488,1.282747
8,DMT,25,0.015988,0.002123,0.003172,0.605403,0.003172,0.629496,-0.003172,-0.605283,0.002123,-0.002123,0.616220,-0.605433,0.605424,-0.606034,-0.605444,1.227227
8,DMT,26,0.015914,0.002646,0.000203,0.617790,0.000203,0.646110,-0.000203,-0.620150,0.002646,-0.002646,0.646646,-0.619804,0.617109,-0.619017,-0.619822,1.257101
8,DMT,27,0.018207,0.002496,0.001835,0.663926,0.001835,0.702663,-0.001835,-0.664848,0.002496,-0.002496,0.660863,-0.664815,0.664793,-0.665325,-0.666090,1.347268
8,PCB,0,nan,nan,nan,nan,nan,nan,nan,nan,nan,nan,nan,nan,nan,nan,nan,nan
8,PCB,1,nan,nan,nan,nan,nan,nan,nan,nan,nan,nan,nan,nan,nan,nan,nan,nan
8,PCB,2,nan,nan,nan,nan,nan,nan,nan,nan,nan,nan,nan,nan,nan,nan,nan,nan
8,PCB,3,nan,nan,nan,nan,nan,nan,nan,nan,nan,nan,nan,nan,nan,nan,nan,nan
8,PCB,4,nan,nan,nan,nan,nan,nan,nan,nan,nan,nan,nan,nan,nan,nan,nan,nan
8,PCB,5,nan,nan,nan,nan,nan,nan,nan,nan,nan,nan,nan,nan,nan,nan,nan,nan
8,PCB,6,nan,nan,nan,nan,nan,nan,nan,nan,nan,nan,nan,nan,nan,nan,nan,nan
8,PCB,7,nan,nan,nan,nan,nan,nan,nan,nan,nan,nan,nan,nan,nan,nan,nan,nan
8,PCB,8,nan,nan,nan,nan,nan,nan,nan,nan,nan,nan,nan,nan,nan,nan,nan,nan
8,PCB,9,nan,nan,nan,nan,nan,nan,nan,nan,nan,nan,nan,nan,nan,nan,nan,nan
8,PCB,10,nan,nan,nan,nan,nan,nan,nan,nan,nan,nan,nan,nan,nan,nan,nan,nan
8,PCB,11,nan,nan,nan,nan,nan,nan,nan,nan,nan,nan,nan,nan,nan,nan,nan,nan
8,PCB,12,nan,nan,nan,nan,nan,nan,nan,nan,nan,nan,nan,nan,nan,nan,nan,nan
8,PCB,13,nan,nan,nan,nan,nan,nan,nan,nan,nan,nan,nan,nan,nan,nan,nan,nan
8,PCB,14,0.017811,-0.001069,0.000941,0.692225,0.000941,0.721412,-0.000941,-0.695451,-0.001069,0.001069,0.678725,-0.695309,0.691447,-0.694843,-0.694398,1.405095
8,PCB,15,0.016558,-0.000925,-0.003277,0.672561,-0.003277,0.731473,0.003277,-0.677274,-0.000925,0.000925,0.672208,-0.677025,0.674106,-0.678499,-0.679453,1.362070
8,PCB,16,0.008914,0.000292,0.000886,0.774698,0.000886,0.795467,-0.000886,-0.775417,0.000292,-0.000292,0.787721,-0.776120,0.775012,-0.776066,-0.775778,1.556110
8,PCB,17,0.023628,-0.002035,-0.001064,0.787714,-0.001064,0.804671,0.001064,-0.792563,-0.002035,0.002035,0.799556,-0.792107,0.787109,-0.791619,-0.791717,1.585840
8,PCB,18,0.018401,-0.000442,0.000756,0.757114,0.000756,0.790289,-0.000756,-0.760959,-0.000442,0.000442,0.744194,-0.760556,0.755224,-0.758718,-0.759035,1.523409
8,PCB,19,0.027254,0.002973,0.000173,0.714017,0.000173,0.775904,-0.000173,-0.716682,0.002973,-0.002973,0.722353,-0.717504,0.712237,-0.715151,-0.715330,1.448176
8,PCB,20,0.016734,0.002970,0.001248,0.493886,0.001248,0.466742,-0.001248,-0.496848,0.002970,-0.002970,0.529970,-0.497637,0.494013,-0.498816,-0.495925,1.029018
8,PCB,21,0.019785,0.001002,-0.005140,0.703583,-0.005140,0.723262,0.005140,-0.710571,0.001002,-0.001002,0.717234,-0.708973,0.701640,-0.707690,-0.708547,1.425404
8,PCB,22,0.012613,-0.002199,-0.004537,0.615479,-0.004537,0.685758,0.004537,-0.620754,-0.002199,0.002199,0.613355,-0.621131,0.614962,-0.619940,-0.620861,1.244826
8,PCB,23,0.005576,-0.003605,-0.001799,0.644733,-0.001799,0.662605,0.001799,-0.650220,-0.003605,0.003605,0.617099,-0.649878,0.643566,-0.648652,-0.648597,1.296919
8,PCB,24,0.038480,-0.003177,0.000749,0.815934,0.000749,0.867168,-0.000749,-0.824006,-0.003177,0.003177,0.814274,-0.823970,0.814250,-0.821687,-0.821796,1.650292
8,PCB,25,0.024795,0.002078,0.001574,0.755933,0.001574,0.780110,-0.001574,-0.758555,0.002078,-0.002078,0.761586,-0.757202,0.753962,-0.756318,-0.756654,1.522778
8,PCB,26,0.010975,-0.008729,-0.008409,0.868417,-0.008409,0.897223,0.008409,-0.878680,-0.008729,0.008729,0.802775,-0.880879,0.866710,-0.877368,-0.877721,1.752676
8,PCB,27,0.025770,-0.001837,0.000624,0.796838,0.000624,0.827956,-0.000624,-0.802070,-0.001837,0.001837,0.785340,-0.802985,0.796997,-0.802707,-0.801799,1.616058
9,DMT,0,0.025838,0.006217,0.003325,0.637497,0.003325,0.651127,-0.003325,-0.636668,0.006217,-0.006217,0.646778,-0.636564,0.637026,-0.636088,-0.636248,1.309199
9,DMT,1,0.035934,0.006037,0.005948,0.646114,0.005948,0.705960,-0.005948,-0.642781,0.006037,-0.006037,0.647657,-0.642957,0.644984,-0.641447,-0.642287,1.314389
9,DMT,2,0.019026,0.004026,0.000405,0.631961,0.000405,0.677738,-0.000405,-0.634081,0.004026,-0.004026,0.616976,-0.634815,0.632491,-0.633794,-0.634739,1.286495
9,DMT,3,0.028459,-0.008942,-0.003233,0.832891,-0.003233,0.921022,0.003233,-0.841760,-0.008942,0.008942,0.796503,-0.842169,0.830171,-0.839437,-0.841666,1.686084
9,DMT,4,0.012830,-0.005360,0.001819,0.595329,0.001819,0.620566,-0.001819,-0.598987,-0.005360,0.005360,0.609248,-0.600127,0.595049,-0.600248,-0.598085,1.207428
9,DMT,5,0.007135,-0.001225,-0.002726,0.645018,-0.002726,0.651485,0.002726,-0.646904,-0.001225,0.001225,0.649585,-0.647243,0.644264,-0.646055,-0.647291,1.314946
9,DMT,6,-0.011347,-0.012106,-0.009331,0.877117,-0.009331,0.938197,0.009331,-0.887368,-0.012106,0.012106,0.825001,-0.885744,0.877768,-0.885241,-0.887132,1.749210
9,DMT,7,0.005652,-0.007270,-0.002125,0.766561,-0.002125,0.789337,0.002125,-0.772280,-0.007270,0.007270,0.762143,-0.772977,0.766092,-0.771222,-0.771591,1.539787
9,DMT,8,0.028670,0.006261,0.006791,0.683816,0.006791,0.728968,-0.006791,-0.684103,0.006261,-0.006261,0.655858,-0.683441,0.684519,-0.683608,-0.685968,1.423885
9,DMT,9,0.016793,0.004407,0.001375,0.619832,0.001375,0.636374,-0.001375,-0.619795,0.004407,-0.004407,0.635874,-0.619109,0.618893,-0.619077,-0.618777,1.269231
9,DMT,10,0.019703,0.006338,0.003443,0.592904,0.003443,0.636649,-0.003443,-0.591385,0.006338,-0.006338,0.611777,-0.591204,0.592364,-0.590418,-0.591058,1.205317
9,DMT,11,0.018252,0.003606,0.002737,0.601539,0.002737,0.621002,-0.002737,-0.602041,0.003606,-0.003606,0.633183,-0.601606,0.602050,-0.602349,-0.602071,1.227708
9,DMT,12,0.017594,0.005674,0.003216,0.592154,0.003216,0.620225,-0.003216,-0.590507,0.005674,-0.005674,0.617801,-0.590484,0.592515,-0.590985,-0.590722,1.210838
9,DMT,13,0.014986,0.005162,0.005766,0.629664,0.005766,0.655090,-0.005766,-0.625165,0.005162,-0.005162,0.643268,-0.625678,0.629524,-0.625812,-0.625197,1.273594
9,DMT,14,0.025290,0.009115,0.003003,0.639497,0.003003,0.649769,-0.003003,-0.636909,0.009115,-0.009115,0.643419,-0.637243,0.639723,-0.637391,-0.637616,1.306249
9,DMT,15,0.018490,0.006187,0.006199,0.527328,0.006199,0.556523,-0.006199,-0.524166,0.006187,-0.006187,0.519553,-0.524313,0.527099,-0.523750,-0.524567,1.084003
9,DMT,16,0.026604,0.004558,0.002402,0.598746,0.002402,0.633956,-0.002402,-0.599759,0.004558,-0.004558,0.616790,-0.598480,0.597805,-0.597346,-0.598641,1.227308
9,DMT,17,0.023109,0.002195,0.000108,0.642264,0.000108,0.660909,-0.000108,-0.645102,0.002195,-0.002195,0.653905,-0.644224,0.642193,-0.644518,-0.644499,1.309002
9,DMT,18,0.022409,0.001915,0.006195,0.617139,0.006195,0.645969,-0.006195,-0.616382,0.001915,-0.001915,0.628476,-0.616600,0.617703,-0.616400,-0.616890,1.269214
9,DMT,19,0.024464,0.004942,0.003602,0.643849,0.003602,0.661867,-0.003602,-0.642930,0.004942,-0.004942,0.663882,-0.642664,0.644129,-0.643183,-0.642826,1.305844
9,DMT,20,0.019071,0.002071,0.001986,0.619146,0.001986,0.641318,-0.001986,-0.620505,0.002071,-0.002071,0.655587,-0.620121,0.619384,-0.620928,-0.620170,1.255623
9,DMT,21,0.034561,0.007462,0.004461,0.610028,0.004461,0.646195,-0.004461,-0.608435,0.007462,-0.007462,0.624760,-0.608764,0.608546,-0.607010,-0.606836,1.250730
9,DMT,22,0.035266,0.009672,0.002916,0.689750,0.002916,0.714009,-0.002916,-0.690563,0.009672,-0.009672,0.682833,-0.688516,0.690485,-0.689332,-0.691310,1.397007
9,DMT,23,0.026114,0.003261,0.001979,0.739925,0.001979,0.756263,-0.001979,-0.740528,0.003261,-0.003261,0.733065,-0.740017,0.740394,-0.740718,-0.741281,1.493138
9,DMT,24,0.018578,0.005560,0.002761,0.659665,0.002761,0.686679,-0.002761,-0.658629,0.005560,-0.005560,0.663197,-0.658578,0.659135,-0.658104,-0.658321,1.337252
9,DMT,25,0.023730,-0.001877,-0.000155,0.738843,-0.000155,0.755578,0.000155,-0.743697,-0.001877,0.001877,0.734789,-0.743169,0.740231,-0.744341,-0.745084,1.506378
9,DMT,26,0.031955,0.003140,0.003738,0.822656,0.003738,0.853161,-0.003738,-0.823957,0.003140,-0.003140,0.803425,-0.823498,0.822681,-0.823282,-0.824361,1.670103
9,DMT,27,0.020495,-0.007990,-0.002223,0.729769,-0.002223,0.712482,0.002223,-0.739581,-0.007990,0.007990,0.749517,-0.738314,0.731466,-0.740013,-0.740057,1.478419
9,PCB,0,nan,nan,nan,nan,nan,nan,nan,nan,nan,nan,nan,nan,nan,nan,nan,nan
9,PCB,1,nan,nan,nan,nan,nan,nan,nan,nan,nan,nan,nan,nan,nan,nan,nan,nan
9,PCB,2,nan,nan,nan,nan,nan,nan,nan,nan,nan,nan,nan,nan,nan,nan,nan,nan
9,PCB,3,nan,nan,nan,nan,nan,nan,nan,nan,nan,nan,nan,nan,nan,nan,nan,nan
9,PCB,4,nan,nan,nan,nan,nan,nan,nan,nan,nan,nan,nan,nan,nan,nan,nan,nan
9,PCB,5,nan,nan,nan,nan,nan,nan,nan,nan,nan,nan,nan,nan,nan,nan,nan,nan
9,PCB,6,nan,nan,nan,nan,nan,nan,nan,nan,nan,nan,nan,nan,nan,nan,nan,nan
9,PCB,7,nan,nan,nan,nan,nan,nan,nan,nan,nan,nan,nan,nan,nan,nan,nan,nan
9,PCB,8,nan,nan,nan,nan,nan,nan,nan,nan,nan,nan,nan,nan,nan,nan,nan,nan
9,PCB,9,nan,nan,nan,nan,nan,nan,nan,nan,nan,nan,nan,nan,nan,nan,nan,nan
9,PCB,10,nan,nan,nan,nan,nan,nan,nan,nan,nan,nan,nan,nan,nan,nan,nan,nan
9,PCB,11,nan,nan,nan,nan,nan,nan,nan,nan,nan,nan,nan,nan,nan,nan,nan,nan
9,PCB,12,nan,nan,nan,nan,nan,nan,nan,nan,nan,nan,nan,nan,nan,nan,nan,nan
9,PCB,13,nan,nan,nan,nan,nan,nan,nan,nan,nan,nan,nan,nan,nan,nan,nan,nan
9,PCB,14,0.021273,-0.001423,0.000155,0.615974,0.000155,0.637212,-0.000155,-0.621682,-0.001423,0.001423,0.614415,-0.621904,0.614840,-0.620344,-0.621255,1.266317
9,PCB,15,0.008351,-0.000352,-0.001156,0.676884,-0.001156,0.707930,0.001156,-0.679387,-0.000352,0.000352,0.659538,-0.679461,0.676325,-0.679011,-0.679017,1.365940
9,PCB,16,-0.001272,-0.015457,-0.012268,0.736314,-0.012268,0.787580,0.012268,-0.750291,-0.015457,0.015457,0.726016,-0.750963,0.735063,-0.749846,-0.748926,1.477784
9,PCB,17,0.016808,0.001482,-0.006747,0.697384,-0.006747,0.733490,0.006747,-0.704444,0.001482,-0.001482,0.692590,-0.703968,0.698076,-0.703467,-0.704417,1.414249
9,PCB,18,0.006046,0.003586,-0.006380,0.622729,-0.006380,0.617186,0.006380,-0.627730,0.003586,-0.003586,0.625749,-0.627288,0.621468,-0.626411,-0.626005,1.275638
9,PCB,19,0.021793,0.006713,0.006554,0.625908,0.006554,0.620622,-0.006554,-0.623576,0.006713,-0.006713,0.627328,-0.623590,0.624859,-0.623528,-0.622685,1.296787
9,PCB,20,0.001061,-0.007241,-0.011743,0.737271,-0.011743,0.806602,0.011743,-0.747296,-0.007241,0.007241,0.722119,-0.747293,0.736470,-0.745555,-0.746140,1.481238
9,PCB,21,0.022805,0.000149,0.004593,0.754087,0.004593,0.750372,-0.004593,-0.754173,0.000149,-0.000149,0.767340,-0.752732,0.752870,-0.752482,-0.751350,1.519781
9,PCB,22,0.021302,-0.001748,-0.001497,0.724172,-0.001497,0.793495,0.001497,-0.726695,-0.001748,0.001748,0.718253,-0.727450,0.724130,-0.726336,-0.728150,1.459669
9,PCB,23,0.003497,-0.010113,-0.010530,0.767900,-0.010530,0.837549,0.010530,-0.779539,-0.010113,0.010113,0.786862,-0.779234,0.768409,-0.779519,-0.780393,1.537108
9,PCB,24,-0.008607,-0.011866,-0.008681,0.822077,-0.008681,0.836378,0.008681,-0.830611,-0.011866,0.011866,0.768425,-0.831676,0.819761,-0.829443,-0.827857,1.648027
9,PCB,25,0.002572,-0.006519,-0.002681,0.766588,-0.002681,0.739861,0.002681,-0.771551,-0.006519,0.006519,0.754983,-0.771457,0.768902,-0.775420,-0.773357,1.550247
9,PCB,26,0.010252,-0.015565,-0.018770,0.837924,-0.018770,1.018444,0.018770,-0.857535,-0.015565,0.015565,0.916877,-0.857077,0.837880,-0.857872,-0.857019,1.691957
9,PCB,27,-0.005580,-0.016258,-0.010187,0.901360,-0.010187,0.995481,0.010187,-0.910348,-0.016258,0.016258,0.883941,-0.912337,0.901085,-0.911833,-0.910100,1.802255
10,DMT,0,0.008099,0.004210,0.002893,0.628360,0.002893,0.659716,-0.002893,-0.627409,0.004210,-0.004210,0.629015,-0.626798,0.628487,-0.626223,-0.627000,1.271253
10,DMT,1,0.014083,0.004436,0.000215,0.606213,0.000215,0.675931,-0.000215,-0.606050,0.004436,-0.004436,0.618019,-0.605763,0.606741,-0.605253,-0.606463,1.231334
10,DMT,2,0.009994,0.001185,-0.002228,0.668864,-0.002228,0.685015,0.002228,-0.670734,0.001185,-0.001185,0.678404,-0.671345,0.669238,-0.671687,-0.671286,1.353412
10,DMT,3,0.014397,0.004023,0.003462,0.596332,0.003462,0.629264,-0.003462,-0.594421,0.004023,-0.004023,0.614614,-0.595068,0.597163,-0.595326,-0.595488,1.210113
10,DMT,4,0.020862,0.000867,0.004732,0.589254,0.004732,0.618431,-0.004732,-0.589517,0.000867,-0.000867,0.607114,-0.589626,0.588881,-0.589268,-0.589110,1.201983
10,DMT,5,0.015684,0.006758,0.000673,0.562836,0.000673,0.572810,-0.000673,-0.563634,0.006758,-0.006758,0.561192,-0.562712,0.563134,-0.562967,-0.563125,1.148558
10,DMT,6,0.012503,-0.001262,0.000048,0.612550,0.000048,0.635884,-0.000048,-0.614806,-0.001262,0.001262,0.633398,-0.615387,0.613646,-0.615906,-0.615558,1.242124
10,DMT,7,0.024326,0.004074,0.001630,0.598376,0.001630,0.614030,-0.001630,-0.599371,0.004074,-0.004074,0.677435,-0.597998,0.596928,-0.598325,-0.597738,1.217986
10,DMT,8,0.009581,0.000512,-0.000724,0.643370,-0.000724,0.668321,0.000724,-0.645149,0.000512,-0.000512,0.677422,-0.645092,0.642759,-0.644072,-0.644313,1.300226
10,DMT,9,0.003592,-0.001466,-0.002880,0.566893,-0.002880,0.582924,0.002880,-0.571500,-0.001466,0.001466,0.595728,-0.570801,0.567224,-0.571374,-0.570754,1.139566
10,DMT,10,0.009910,0.001683,0.001639,0.624283,0.001639,0.646697,-0.001639,-0.624002,0.001683,-0.001683,0.662110,-0.622959,0.623196,-0.622254,-0.622742,1.255600
10,DMT,11,0.013934,0.000592,0.005020,0.623256,0.005020,0.659451,-0.005020,-0.622560,0.000592,-0.000592,0.635457,-0.623505,0.623890,-0.623954,-0.623173,1.267503
10,DMT,12,0.014168,0.003384,0.003599,0.589826,0.003599,0.627874,-0.003599,-0.588088,0.003384,-0.003384,0.608899,-0.589019,0.590233,-0.589204,-0.588837,1.194076
10,DMT,13,0.013497,0.003446,0.002900,0.595856,0.002900,0.629067,-0.002900,-0.594702,0.003446,-0.003446,0.609945,-0.594809,0.595803,-0.594685,-0.594656,1.205494
10,DMT,14,0.020800,0.004829,0.006571,0.590083,0.006571,0.624233,-0.006571,-0.587500,0.004829,-0.004829,0.609836,-0.587482,0.589923,-0.586907,-0.587426,1.202011
10,DMT,15,0.013506,0.002267,-0.001917,0.637099,-0.001917,0.687192,0.001917,-0.638171,0.002267,-0.002267,0.660860,-0.637343,0.637502,-0.637673,-0.638429,1.287213
10,DMT,16,0.025257,0.003761,0.004106,0.629548,0.004106,0.680135,-0.004106,-0.629469,0.003761,-0.003761,0.640189,-0.629243,0.629196,-0.628467,-0.629241,1.281250
10,DMT,17,0.015739,0.003840,0.003757,0.598388,0.003757,0.626267,-0.003757,-0.596518,0.003840,-0.003840,0.622202,-0.597010,0.598093,-0.596640,-0.596461,1.210437
10,DMT,18,0.016286,0.004001,0.006030,0.577450,0.006030,0.616402,-0.006030,-0.575696,0.004001,-0.004001,0.591630,-0.575895,0.577952,-0.575901,-0.576039,1.171484
10,DMT,19,0.019068,0.001654,0.000669,0.605352,0.000669,0.647086,-0.000669,-0.608086,0.001654,-0.001654,0.613866,-0.607715,0.604934,-0.607154,-0.607922,1.231738
10,DMT,20,0.017448,0.003277,-0.000855,0.652051,-0.000855,0.699116,0.000855,-0.654756,0.003277,-0.003277,0.664100,-0.654313,0.651794,-0.654067,-0.654436,1.327912
10,DMT,21,0.012539,0.001077,0.000054,0.548711,0.000054,0.594265,-0.000054,-0.550871,0.001077,-0.001077,0.571398,-0.550821,0.547915,-0.550049,-0.550118,1.107478
10,DMT,22,0.017534,0.004377,0.001823,0.605779,0.001823,0.656911,-0.001823,-0.605018,0.004377,-0.004377,0.614232,-0.604867,0.604698,-0.603804,-0.603921,1.226680
10,DMT,23,0.021876,0.002883,-0.001233,0.640013,-0.001233,0.667309,0.001233,-0.643323,0.002883,-0.002883,0.667700,-0.642721,0.639244,-0.641645,-0.642359,1.297575
10,DMT,24,0.029685,0.003394,0.003080,0.700621,0.003080,0.753741,-0.003080,-0.701447,0.003394,-0.003394,0.747660,-0.701682,0.703670,-0.704502,-0.703776,1.427895
10,DMT,25,0.039122,0.004936,0.005985,0.627063,0.005985,0.636070,-0.005985,-0.628562,0.004936,-0.004936,0.623326,-0.628524,0.627504,-0.628438,-0.628730,1.299715
10,DMT,26,0.028451,0.005062,-0.000183,0.650939,-0.000183,0.692222,0.000183,-0.654358,0.005062,-0.005062,0.662675,-0.653436,0.651265,-0.653774,-0.654152,1.329230
10,DMT,27,0.014816,0.003234,0.001889,0.618844,0.001889,0.663307,-0.001889,-0.618967,0.003234,-0.003234,0.631261,-0.617872,0.617186,-0.616444,-0.617381,1.258986
10,PCB,0,nan,nan,nan,nan,nan,nan,nan,nan,nan,nan,nan,nan,nan,nan,nan,nan
10,PCB,1,nan,nan,nan,nan,nan,nan,nan,nan,nan,nan,nan,nan,nan,nan,nan,nan
10,PCB,2,nan,nan,nan,nan,nan,nan,nan,nan,nan,nan,nan,nan,nan,nan,nan,nan
10,PCB,3,nan,nan,nan,nan,nan,nan,nan,nan,nan,nan,nan,nan,nan,nan,nan,nan
10,PCB,4,nan,nan,nan,nan,nan,nan,nan,nan,nan,nan,nan,nan,nan,nan,nan,nan
10,PCB,5,nan,nan,nan,nan,nan,nan,nan,nan,nan,nan,nan,nan,nan,nan,nan,nan
10,PCB,6,nan,nan,nan,nan,nan,nan,nan,nan,nan,nan,nan,nan,nan,nan,nan,nan
10,PCB,7,nan,nan,nan,nan,nan,nan,nan,nan,nan,nan,nan,nan,nan,nan,nan,nan
10,PCB,8,nan,nan,nan,nan,nan,nan,nan,nan,nan,nan,nan,nan,nan,nan,nan,nan
10,PCB,9,nan,nan,nan,nan,nan,nan,nan,nan,nan,nan,nan,nan,nan,nan,nan,nan
10,PCB,10,nan,nan,nan,nan,nan,nan,nan,nan,nan,nan,nan,nan,nan,nan,nan,nan
10,PCB,11,nan,nan,nan,nan,nan,nan,nan,nan,nan,nan,nan,nan,nan,nan,nan,nan
10,PCB,12,nan,nan,nan,nan,nan,nan,nan,nan,nan,nan,nan,nan,nan,nan,nan,nan
10,PCB,13,nan,nan,nan,nan,nan,nan,nan,nan,nan,nan,nan,nan,nan,nan,nan,nan
10,PCB,14,0.017159,0.003323,0.002389,0.586279,0.002389,0.620573,-0.002389,-0.585948,0.003323,-0.003323,0.606376,-0.587324,0.584917,-0.586464,-0.585014,1.200173
10,PCB,15,0.007576,0.000516,0.001849,0.588397,0.001849,0.634485,-0.001849,-0.589991,0.000516,-0.000516,0.595935,-0.590356,0.589882,-0.591649,-0.590810,1.197518
10,PCB,16,0.030427,-0.004160,-0.003759,0.725215,-0.003759,0.752798,0.003759,-0.733514,-0.004160,0.004160,0.713527,-0.735196,0.721469,-0.732982,-0.730095,1.456812
10,PCB,17,0.026840,0.002634,0.005651,0.625320,0.005651,0.670768,-0.005651,-0.625285,0.002634,-0.002634,0.612489,-0.625562,0.624407,-0.624316,-0.624971,1.276385
10,PCB,18,0.003036,-0.005282,0.000762,0.694256,0.000762,0.713685,-0.000762,-0.698273,-0.005282,0.005282,0.691510,-0.698704,0.694397,-0.698491,-0.698642,1.393512
10,PCB,19,-0.009952,-0.008489,-0.012785,0.756594,-0.012785,0.809283,0.012785,-0.762624,-0.008489,0.008489,0.738909,-0.762941,0.756585,-0.762631,-0.762837,1.512474
10,PCB,20,0.044702,0.006668,0.003898,0.722206,0.003898,0.789203,-0.003898,-0.722535,0.006668,-0.006668,0.745969,-0.724172,0.722707,-0.724869,-0.722557,1.465950
10,PCB,21,0.011533,-0.003893,0.007965,0.644704,0.007965,0.670052,-0.007965,-0.645151,-0.003893,0.003893,0.647642,-0.645507,0.641419,-0.643258,-0.643108,1.293975
10,PCB,22,0.034893,0.010762,0.004482,0.655451,0.004482,0.715835,-0.004482,-0.652681,0.010762,-0.010762,0.619294,-0.654458,0.656131,-0.654441,-0.654619,1.333336
10,PCB,23,0.006671,-0.004245,-0.007727,0.721167,-0.007727,0.752393,0.007727,-0.728273,-0.004245,0.004245,0.733901,-0.727634,0.720191,-0.726791,-0.727021,1.451195
10,PCB,24,0.000211,-0.003481,-0.013632,0.703487,-0.013632,0.759502,0.013632,-0.715260,-0.003481,0.003481,0.704036,-0.715895,0.703658,-0.715933,-0.715845,1.404338
10,PCB,25,-0.003364,-0.004796,-0.013809,0.771333,-0.013809,0.827509,0.013809,-0.778231,-0.004796,0.004796,0.757641,-0.781118,0.771477,-0.779371,-0.778315,1.541032
10,PCB,26,-0.003929,-0.008203,-0.017349,0.759515,-0.017349,0.746320,0.017349,-0.772252,-0.008203,0.008203,0.724212,-0.770096,0.757931,-0.770128,-0.770627,1.519407
10,PCB,27,-0.000189,-0.015006,-0.022687,0.700641,-0.022687,0.759794,0.022687,-0.717493,-0.015006,0.015006,0.693810,-0.717496,0.700832,-0.717824,-0.716908,1.410820
11,DMT,0,0.009765,0.000846,-0.000977,0.570034,-0.000977,0.614184,0.000977,-0.572813,0.000846,-0.000846,0.588969,-0.572121,0.569759,-0.572237,-0.572615,1.147242
11,DMT,1,0.015259,0.000172,0.001335,0.649611,0.001335,0.701952,-0.001335,-0.652456,0.000172,-0.000172,0.673571,-0.652900,0.650061,-0.653640,-0.653537,1.319872
11,DMT,2,0.032424,0.000309,0.003397,0.641473,0.003397,0.670666,-0.003397,-0.646140,0.000309,-0.000309,0.660718,-0.644817,0.642007,-0.645286,-0.646061,1.317929
11,DMT,3,0.010463,0.000297,0.000978,0.694125,0.000978,0.728208,-0.000978,-0.694569,0.000297,-0.000297,0.721499,-0.694680,0.694462,-0.695433,-0.694908,1.400299
11,DMT,4,0.025266,0.000174,0.001205,0.776955,0.001205,0.792091,-0.001205,-0.781973,0.000174,-0.000174,0.776135,-0.781655,0.775045,-0.779688,-0.778258,1.577203
11,DMT,5,0.019670,0.000130,-0.002547,0.690015,-0.002547,0.718678,0.002547,-0.693438,0.000130,-0.000130,0.689407,-0.695620,0.687976,-0.693125,-0.693064,1.391495
11,DMT,6,0.031652,0.002266,0.004077,0.693734,0.004077,0.701867,-0.004077,-0.696585,0.002266,-0.002266,0.704588,-0.696070,0.692191,-0.695066,-0.694984,1.410905
11,DMT,7,0.026230,-0.000514,0.002922,0.687618,0.002922,0.746352,-0.002922,-0.688706,-0.000514,0.000514,0.745278,-0.690899,0.687353,-0.690729,-0.687817,1.390374
11,DMT,8,0.008715,-0.001850,-0.000721,0.680018,-0.000721,0.719024,0.000721,-0.682380,-0.001850,0.001850,0.685133,-0.682494,0.679976,-0.682488,-0.682310,1.369090
11,DMT,9,0.015017,-0.000603,0.003160,0.612197,0.003160,0.671879,-0.003160,-0.612301,-0.000603,0.000603,0.634644,-0.613771,0.612530,-0.613747,-0.613122,1.233667
11,DMT,10,0.013747,0.004151,0.001899,0.609233,0.001899,0.654192,-0.001899,-0.608570,0.004151,-0.004151,0.641945,-0.608990,0.608848,-0.608769,-0.608425,1.225511
11,DMT,11,0.013004,0.002058,0.002210,0.632649,0.002210,0.678955,-0.002210,-0.632886,0.002058,-0.002058,0.646359,-0.633051,0.632046,-0.632233,-0.632329,1.275942
11,DMT,12,0.017635,-0.000079,0.001044,0.637321,0.001044,0.680656,-0.001044,-0.639523,-0.000079,0.000079,0.648370,-0.640204,0.637260,-0.640335,-0.640056,1.292653
11,DMT,13,0.011580,0.001635,-0.001365,0.604172,-0.001365,0.624193,0.001365,-0.605968,0.001635,-0.001635,0.613991,-0.606005,0.604493,-0.606736,-0.606561,1.223824
11,DMT,14,0.012430,0.000077,0.001486,0.593552,0.001486,0.627176,-0.001486,-0.595347,0.000077,-0.000077,0.629463,-0.594430,0.594301,-0.595661,-0.595798,1.194480
11,DMT,15,0.011458,-0.001070,0.000959,0.647497,0.000959,0.673030,-0.000959,-0.649132,-0.001070,0.001070,0.670125,-0.649720,0.648308,-0.650877,-0.650255,1.303731
11,DMT,16,0.020341,0.003417,0.000324,0.639813,0.000324,0.691421,-0.000324,-0.641473,0.003417,-0.003417,0.662883,-0.642000,0.639610,-0.641798,-0.641754,1.299135
11,DMT,17,0.018253,0.003120,0.002271,0.680694,0.002271,0.730534,-0.002271,-0.680253,0.003120,-0.003120,0.693372,-0.680907,0.679884,-0.680170,-0.679759,1.374258
11,DMT,18,0.026195,0.002774,0.003067,0.712084,0.003067,0.764577,-0.003067,-0.712509,0.002774,-0.002774,0.745368,-0.712960,0.710980,-0.711976,-0.712067,1.444586
11,DMT,19,0.023952,0.010896,0.003058,0.602086,0.003058,0.602223,-0.003058,-0.601092,0.010896,-0.010896,0.610790,-0.599805,0.601865,-0.599935,-0.600667,1.236204
11,DMT,20,0.010448,0.003257,0.002301,0.590923,0.002301,0.604493,-0.002301,-0.591999,0.003257,-0.003257,0.605591,-0.591000,0.591614,-0.591494,-0.592311,1.194236
11,DMT,21,0.021673,-0.002432,0.000424,0.645031,0.000424,0.711368,-0.000424,-0.651185,-0.002432,0.002432,0.654367,-0.651588,0.645840,-0.652276,-0.652142,1.313430
11,DMT,22,0.015899,0.000923,0.001230,0.691464,0.001230,0.753744,-0.001230,-0.692436,0.000923,-0.000923,0.722071,-0.694420,0.691578,-0.694289,-0.693304,1.401666
11,DMT,23,0.016884,0.002951,0.002372,0.691065,0.002372,0.709843,-0.002372,-0.691758,0.002951,-0.002951,0.714038,-0.691124,0.690751,-0.691206,-0.690789,1.397516
11,DMT,24,0.011539,0.001505,0.001113,0.618683,0.001113,0.646931,-0.001113,-0.619547,0.001505,-0.001505,0.660559,-0.619357,0.618322,-0.618493,-0.618685,1.254272
11,DMT,25,0.010211,0.000406,0.000037,0.667829,0.000037,0.683549,-0.000037,-0.669292,0.000406,-0.000406,0.693883,-0.669636,0.667307,-0.669500,-0.668003,1.345496
11,DMT,26,0.022516,-0.001621,0.000594,0.741605,0.000594,0.741302,-0.000594,-0.747088,-0.001621,0.001621,0.756798,-0.747404,0.739249,-0.745989,-0.744359,1.503903
11,DMT,27,0.013313,-0.000907,-0.000270,0.655205,-0.000270,0.679744,0.000270,-0.658055,-0.000907,0.000907,0.667371,-0.658272,0.655237,-0.658025,-0.658012,1.326049
11,PCB,0,nan,nan,nan,nan,nan,nan,nan,nan,nan,nan,nan,nan,nan,nan,nan,nan
11,PCB,1,nan,nan,nan,nan,nan,nan,nan,nan,nan,nan,nan,nan,nan,nan,nan,nan
11,PCB,2,nan,nan,nan,nan,nan,nan,nan,nan,nan,nan,nan,nan,nan,nan,nan,nan
11,PCB,3,nan,nan,nan,nan,nan,nan,nan,nan,nan,nan,nan,nan,nan,nan,nan,nan
11,PCB,4,nan,nan,nan,nan,nan,nan,nan,nan,nan,nan,nan,nan,nan,nan,nan,nan
11,PCB,5,nan,nan,nan,nan,nan,nan,nan,nan,nan,nan,nan,nan,nan,nan,nan,nan
11,PCB,6,nan,nan,nan,nan,nan,nan,nan,nan,nan,nan,nan,nan,nan,nan,nan,nan
11,PCB,7,nan,nan,nan,nan,nan,nan,nan,nan,nan,nan,nan,nan,nan,nan,nan,nan
11,PCB,8,nan,nan,nan,nan,nan,nan,nan,nan,nan,nan,nan,nan,nan,nan,nan,nan
11,PCB,9,nan,nan,nan,nan,nan,nan,nan,nan,nan,nan,nan,nan,nan,nan,nan,nan
11,PCB,10,nan,nan,nan,nan,nan,nan,nan,nan,nan,nan,nan,nan,nan,nan,nan,nan
11,PCB,11,nan,nan,nan,nan,nan,nan,nan,nan,nan,nan,nan,nan,nan,nan,nan,nan
11,PCB,12,nan,nan,nan,nan,nan,nan,nan,nan,nan,nan,nan,nan,nan,nan,nan,nan
11,PCB,13,nan,nan,nan,nan,nan,nan,nan,nan,nan,nan,nan,nan,nan,nan,nan,nan
11,PCB,14,0.017450,0.001172,0.001096,0.698729,0.001096,0.769876,-0.001096,-0.699616,0.001172,-0.001172,0.712375,-0.700776,0.700800,-0.701586,-0.701426,1.412357
11,PCB,15,0.021316,0.003489,0.003068,0.729826,0.003068,0.780627,-0.003068,-0.728404,0.003489,-0.003489,0.754084,-0.727808,0.732190,-0.730359,-0.730322,1.479959
11,PCB,16,0.016198,0.003019,0.003060,0.691322,0.003060,0.755902,-0.003060,-0.690453,0.003019,-0.003019,0.690840,-0.691825,0.691931,-0.691458,-0.690750,1.393599
11,PCB,17,0.019950,-0.000186,0.004018,0.693299,0.004018,0.737036,-0.004018,-0.693919,-0.000186,0.000186,0.704707,-0.693451,0.694538,-0.695106,-0.694985,1.407609
11,PCB,18,0.021069,0.003412,-0.001323,0.581129,-0.001323,0.596681,0.001323,-0.584932,0.003412,-0.003412,0.606789,-0.584204,0.581687,-0.584987,-0.584752,1.188778
11,PCB,19,0.007474,0.002821,0.003366,0.677045,0.003366,0.696540,-0.003366,-0.676610,0.002821,-0.002821,0.670647,-0.676677,0.678603,-0.678269,-0.678322,1.369380
11,PCB,20,0.009665,-0.000660,0.000000,0.692529,0.000000,0.723325,-0.000000,-0.694684,-0.000660,0.000660,0.702626,-0.694578,0.693569,-0.695369,-0.694615,1.395852
11,PCB,21,0.020600,0.001984,0.002867,0.645549,0.002867,0.711228,-0.002867,-0.647166,0.001984,-0.001984,0.678671,-0.646591,0.648020,-0.648604,-0.649225,1.310640
11,PCB,22,0.033768,0.002207,0.000677,0.713999,0.000677,0.771209,-0.000677,-0.717989,0.002207,-0.002207,0.734489,-0.715581,0.715065,-0.716720,-0.718558,1.453452
11,PCB,23,0.032174,0.002105,0.004761,0.672280,0.004761,0.689134,-0.004761,-0.676426,0.002105,-0.002105,0.689910,-0.675193,0.673015,-0.675712,-0.676470,1.389162
11,PCB,24,0.022116,0.002961,0.001171,0.675608,0.001171,0.724749,-0.001171,-0.677351,0.002961,-0.002961,0.695298,-0.677008,0.675425,-0.676241,-0.677034,1.366814
11,PCB,25,0.020734,0.000337,0.004116,0.686504,0.004116,0.742510,-0.004116,-0.686669,0.000337,-0.000337,0.682825,-0.687883,0.687837,-0.688752,-0.688320,1.386535
11,PCB,26,0.014919,0.001940,0.000508,0.660731,0.000508,0.663743,-0.000508,-0.663580,0.001940,-0.001940,0.689712,-0.663254,0.660121,-0.663010,-0.661857,1.334134
11,PCB,27,0.016909,0.000486,-0.001448,0.625819,-0.001448,0.674012,0.001448,-0.630007,0.000486,-0.000486,0.620875,-0.630711,0.627266,-0.631542,-0.631129,1.274905
12,DMT,0,0.028527,-0.000437,0.001412,0.692900,0.001412,0.720859,-0.001412,-0.696754,-0.000437,0.000437,0.742857,-0.696142,0.690897,-0.694807,-0.694906,1.406031
12,DMT,1,0.012438,0.001521,0.003540,0.645639,0.003540,0.655670,-0.003540,-0.646621,0.001521,-0.001521,0.641629,-0.646480,0.644511,-0.646135,-0.645603,1.307112
12,DMT,2,0.033035,0.006473,-0.005149,0.522323,-0.005149,0.538500,0.005149,-0.527974,0.006473,-0.006473,0.513753,-0.527349,0.523837,-0.527421,-0.529757,1.082231
12,DMT,3,0.008368,0.002132,-0.001797,0.636580,-0.001797,0.646819,0.001797,-0.637624,0.002132,-0.002132,0.644627,-0.637046,0.636460,-0.637112,-0.638126,1.277556
12,DMT,4,0.016891,0.004100,-0.001088,0.641421,-0.001088,0.675115,0.001088,-0.643100,0.004100,-0.004100,0.660399,-0.641953,0.641425,-0.642305,-0.643167,1.300391
12,DMT,5,0.016510,0.004708,0.004654,0.598412,0.004654,0.526914,-0.004654,-0.597008,0.004708,-0.004708,0.598410,-0.596249,0.598362,-0.596486,-0.596776,1.211309
12,DMT,6,0.014339,-0.003598,-0.007125,0.701348,-0.007125,0.768500,0.007125,-0.710570,-0.003598,0.003598,0.691056,-0.709575,0.702666,-0.710793,-0.711594,1.415863
12,DMT,7,0.032636,0.002518,0.005427,0.744717,0.005427,0.759001,-0.005427,-0.746516,0.002518,-0.002518,0.808102,-0.745905,0.742319,-0.743567,-0.743942,1.500535
12,DMT,8,-0.016380,-0.018845,-0.014389,0.738733,-0.014389,0.610182,0.014389,-0.760496,-0.018845,0.018845,0.718509,-0.758951,0.741092,-0.762256,-0.760222,1.475487
12,DMT,9,0.003677,-0.010025,-0.004367,0.642467,-0.004367,0.620165,0.004367,-0.651797,-0.010025,0.010025,0.644042,-0.651578,0.643984,-0.653540,-0.652147,1.287210
12,DMT,10,-0.003566,-0.007500,-0.006734,0.667917,-0.006734,0.689079,0.006734,-0.675660,-0.007500,0.007500,0.672602,-0.675635,0.669339,-0.676934,-0.676695,1.331666
12,DMT,11,-0.018631,-0.009109,-0.014275,0.600980,-0.014275,0.568322,0.014275,-0.612881,-0.009109,0.009109,0.625951,-0.611638,0.599997,-0.610470,-0.610686,1.173784
12,DMT,12,-0.017931,-0.009146,-0.010232,0.608831,-0.010232,0.513512,0.010232,-0.621203,-0.009146,0.009146,0.609579,-0.619777,0.608162,-0.619638,-0.619362,1.201487
12,DMT,13,0.000520,-0.001935,0.000223,0.675473,0.000223,0.664354,-0.000223,-0.677460,-0.001935,0.001935,0.686522,-0.677028,0.676721,-0.678479,-0.677853,1.356050
12,DMT,14,0.008225,0.001893,0.001434,0.648536,0.001434,0.664958,-0.001434,-0.647965,0.001893,-0.001893,0.673517,-0.647903,0.648436,-0.647782,-0.647856,1.303437
12,DMT,15,0.010335,0.000836,-0.000001,0.617516,-0.000001,0.657033,0.000001,-0.618758,0.000836,-0.000836,0.635277,-0.618390,0.617147,-0.618019,-0.618217,1.240771
12,DMT,16,0.009415,0.001600,0.000251,0.598749,0.000251,0.638333,-0.000251,-0.599753,0.001600,-0.001600,0.623350,-0.599523,0.598557,-0.599150,-0.599435,1.204921
12,DMT,17,0.004237,0.000153,0.000168,0.622227,0.000168,0.653362,-0.000168,-0.623516,0.000153,-0.000153,0.641785,-0.623404,0.621486,-0.622365,-0.622849,1.246872
12,DMT,18,0.005995,-0.000485,-0.000575,0.619618,-0.000575,0.654966,0.000575,-0.622257,-0.000485,0.000485,0.629056,-0.622485,0.619852,-0.622938,-0.622590,1.246038
12,DMT,19,0.010792,0.001635,-0.002010,0.606020,-0.002010,0.611804,0.002010,-0.608375,0.001635,-0.001635,0.630225,-0.607489,0.606689,-0.608341,-0.608726,1.219605
12,DMT,20,0.009283,-0.003183,-0.009056,0.707579,-0.009056,0.720775,0.009056,-0.715268,-0.003183,0.003183,0.672747,-0.714877,0.707358,-0.714545,-0.715790,1.421215
12,DMT,21,0.009156,-0.001350,-0.002043,0.671872,-0.002043,0.701053,0.002043,-0.675104,-0.001350,0.001350,0.669213,-0.675743,0.672406,-0.675780,-0.675606,1.347829
12,DMT,22,0.010964,-0.000652,0.000836,0.660207,0.000836,0.708227,-0.000836,-0.661445,-0.000652,0.000652,0.666927,-0.660686,0.660662,-0.661729,-0.661941,1.329209
12,DMT,23,0.007190,-0.004182,-0.003224,0.665048,-0.003224,0.663346,0.003224,-0.671007,-0.004182,0.004182,0.677968,-0.670040,0.664874,-0.669339,-0.670758,1.334917
12,DMT,24,0.008023,-0.003409,-0.003272,0.679228,-0.003272,0.697696,0.003272,-0.683623,-0.003409,0.003409,0.687313,-0.683356,0.681018,-0.684871,-0.685905,1.362438
12,DMT,25,0.009112,-0.000108,0.001761,0.591550,0.001761,0.602213,-0.001761,-0.593098,-0.000108,0.000108,0.610908,-0.592202,0.593161,-0.593744,-0.594724,1.199618
12,DMT,26,0.012937,-0.002837,-0.000683,0.670509,-0.000683,0.664456,0.000683,-0.673864,-0.002837,0.002837,0.691459,-0.673920,0.668346,-0.672557,-0.671804,1.348954
12,DMT,27,0.023474,0.002310,-0.004257,0.739064,-0.004257,0.778306,0.004257,-0.743256,0.002310,-0.002310,0.738875,-0.743201,0.738982,-0.742650,-0.743640,1.512111
12,PCB,0,nan,nan,nan,nan,nan,nan,nan,nan,nan,nan,nan,nan,nan,nan,nan,nan
12,PCB,1,nan,nan,nan,nan,nan,nan,nan,nan,nan,nan,nan,nan,nan,nan,nan,nan
12,PCB,2,nan,nan,nan,nan,nan,nan,nan,nan,nan,nan,nan,nan,nan,nan,nan,nan
12,PCB,3,nan,nan,nan,nan,nan,nan,nan,nan,nan,nan,nan,nan,nan,nan,nan,nan
12,PCB,4,nan,nan,nan,nan,nan,nan,nan,nan,nan,nan,nan,nan,nan,nan,nan,nan
12,PCB,5,nan,nan,nan,nan,nan,nan,nan,nan,nan,nan,nan,nan,nan,nan,nan,nan
12,PCB,6,nan,nan,nan,nan,nan,nan,nan,nan,nan,nan,nan,nan,nan,nan,nan,nan
12,PCB,7,nan,nan,nan,nan,nan,nan,nan,nan,nan,nan,nan,nan,nan,nan,nan,nan
12,PCB,8,nan,nan,nan,nan,nan,nan,nan,nan,nan,nan,nan,nan,nan,nan,nan,nan
12,PCB,9,nan,nan,nan,nan,nan,nan,nan,nan,nan,nan,nan,nan,nan,nan,nan,nan
12,PCB,10,nan,nan,nan,nan,nan,nan,nan,nan,nan,nan,nan,nan,nan,nan,nan,nan
12,PCB,11,nan,nan,nan,nan,nan,nan,nan,nan,nan,nan,nan,nan,nan,nan,nan,nan
12,PCB,12,nan,nan,nan,nan,nan,nan,nan,nan,nan,nan,nan,nan,nan,nan,nan,nan
12,PCB,13,nan,nan,nan,nan,nan,nan,nan,nan,nan,nan,nan,nan,nan,nan,nan,nan
12,PCB,14,0.013305,0.002288,0.000142,0.648054,0.000142,0.671526,-0.000142,-0.650143,0.002288,-0.002288,0.667841,-0.649167,0.647237,-0.649054,-0.650822,1.303391
12,PCB,15,0.028531,0.005124,0.009516,0.583368,0.009516,0.612296,-0.009516,-0.581630,0.005124,-0.005124,0.598124,-0.581790,0.583074,-0.581384,-0.582229,1.207967
12,PCB,16,0.025972,0.002695,0.006947,0.614566,0.006947,0.599299,-0.006947,-0.615866,0.002695,-0.002695,0.634479,-0.615604,0.614523,-0.616216,-0.615382,1.251363
12,PCB,17,0.037509,-0.002185,0.004015,0.680961,0.004015,0.696827,-0.004015,-0.686955,-0.002185,0.002185,0.723590,-0.687562,0.681204,-0.688036,-0.686721,1.399401
12,PCB,18,0.023542,0.001014,-0.001738,0.619521,-0.001738,0.636572,0.001738,-0.624373,0.001014,-0.001014,0.636183,-0.623411,0.620287,-0.623584,-0.624623,1.265706
12,PCB,19,0.024077,-0.001355,0.004459,0.584049,0.004459,0.612505,-0.004459,-0.586577,-0.001355,0.001355,0.598235,-0.585627,0.585192,-0.586813,-0.587370,1.196689
12,PCB,20,0.028014,0.005277,0.009036,0.683353,0.009036,0.729046,-0.009036,-0.679688,0.005277,-0.005277,0.731249,-0.680759,0.680056,-0.677830,-0.677585,1.386786
12,PCB,21,0.029086,0.007214,0.005699,0.684318,0.005699,0.719654,-0.005699,-0.683404,0.007214,-0.007214,0.677228,-0.682196,0.684699,-0.682477,-0.684345,1.401211
12,PCB,22,0.011989,-0.002194,-0.000624,0.659482,-0.000624,0.681732,0.000624,-0.665194,-0.002194,0.002194,0.676303,-0.663721,0.659004,-0.664124,-0.663148,1.323709
12,PCB,23,0.038905,0.009363,0.006512,0.702599,0.006512,0.717648,-0.006512,-0.702974,0.009363,-0.009363,0.748085,-0.701162,0.701922,-0.700306,-0.702417,1.425077
12,PCB,24,0.022982,0.003612,-0.000758,0.847929,-0.000758,0.835367,0.000758,-0.850700,0.003612,-0.003612,0.910017,-0.848908,0.847285,-0.849119,-0.850307,1.706457
12,PCB,25,0.017862,-0.000308,0.001066,0.726905,0.001066,0.725938,-0.001066,-0.730341,-0.000308,0.000308,0.776428,-0.730263,0.727635,-0.730471,-0.730734,1.461510
12,PCB,26,0.029496,-0.010140,-0.013072,0.805092,-0.013072,0.689608,0.013072,-0.833778,-0.010140,0.010140,0.739879,-0.825614,0.799771,-0.821718,-0.828704,1.614106
12,PCB,27,0.025638,0.003397,0.001335,0.773020,0.001335,0.768120,-0.001335,-0.776032,0.003397,-0.003397,0.775582,-0.774812,0.773727,-0.776102,-0.776493,1.567079
13,DMT,0,0.006180,-0.012160,-0.005648,0.667258,-0.005648,0.682780,0.005648,-0.684351,-0.012160,0.012160,0.682106,-0.685098,0.667638,-0.685923,-0.683543,1.367480
13,DMT,1,0.002671,-0.002264,-0.004853,0.582228,-0.004853,0.604763,0.004853,-0.590178,-0.002264,0.002264,0.590624,-0.591079,0.582994,-0.591244,-0.591126,1.171606
13,DMT,2,0.015321,-0.001325,-0.013063,0.575726,-0.013063,0.583416,0.013063,-0.591551,-0.001325,0.001325,0.602583,-0.592864,0.576532,-0.594414,-0.592356,1.172039
13,DMT,3,0.015806,-0.002594,-0.003271,0.574214,-0.003271,0.621814,0.003271,-0.579002,-0.002594,0.002594,0.601491,-0.579869,0.573232,-0.579000,-0.579058,1.156867
13,DMT,4,0.006661,-0.003314,-0.004322,0.523442,-0.004322,0.505634,0.004322,-0.531156,-0.003314,0.003314,0.534929,-0.531644,0.523414,-0.531939,-0.530845,1.054506
13,DMT,5,0.006978,-0.006071,0.000008,0.537197,0.000008,0.542285,-0.000008,-0.544785,-0.006071,0.006071,0.542827,-0.547192,0.537336,-0.548778,-0.544624,1.094211
13,DMT,6,0.017916,0.004860,-0.000124,0.438055,-0.000124,0.395309,0.000124,-0.444673,0.004860,-0.004860,0.377438,-0.444105,0.441850,-0.448266,-0.447659,0.923734
13,DMT,7,0.015868,-0.003744,-0.003687,0.476724,-0.003687,0.460086,0.003687,-0.491219,-0.003744,0.003744,0.437878,-0.490149,0.478592,-0.494326,-0.492132,0.980277
13,DMT,8,0.023394,-0.002144,0.005781,0.681875,0.005781,0.726371,-0.005781,-0.689060,-0.002144,0.002144,0.656504,-0.692344,0.685406,-0.694192,-0.693299,1.393083
13,DMT,9,0.010589,-0.000440,-0.000338,0.625396,-0.000338,0.656207,0.000338,-0.628986,-0.000440,0.000440,0.647138,-0.629010,0.625455,-0.629581,-0.629113,1.265466
13,DMT,10,0.007934,-0.000796,0.001634,0.583318,0.001634,0.596052,-0.001634,-0.584819,-0.000796,0.000796,0.614312,-0.584831,0.582675,-0.584233,-0.583956,1.175248
13,DMT,11,0.011286,0.002959,0.000332,0.633349,0.000332,0.658470,-0.000332,-0.634417,0.002959,-0.002959,0.647659,-0.634198,0.633076,-0.634073,-0.634198,1.274885
13,DMT,12,0.009090,0.000588,0.000970,0.573747,0.000970,0.581284,-0.000970,-0.578097,0.000588,-0.000588,0.603078,-0.576940,0.574328,-0.578664,-0.577895,1.160790
13,DMT,13,0.010211,0.002769,-0.000643,0.575164,-0.000643,0.575167,0.000643,-0.580804,0.002769,-0.002769,0.581248,-0.580385,0.575991,-0.582464,-0.581375,1.170765
13,DMT,14,0.011804,0.000489,0.000409,0.621914,0.000409,0.620831,-0.000409,-0.624947,0.000489,-0.000489,0.610026,-0.625297,0.622338,-0.626516,-0.625679,1.260871
13,DMT,15,0.011945,-0.000178,-0.001294,0.628780,-0.001294,0.657855,0.001294,-0.634172,-0.000178,0.000178,0.633855,-0.634312,0.629644,-0.635282,-0.634937,1.271559
13,DMT,16,0.005996,-0.000729,0.000042,0.553772,0.000042,0.575706,-0.000042,-0.557963,-0.000729,0.000729,0.538598,-0.558950,0.554566,-0.560022,-0.558833,1.124191
13,DMT,17,0.006174,-0.003047,0.001399,0.561245,0.001399,0.592960,-0.001399,-0.564753,-0.003047,0.003047,0.585095,-0.566159,0.561304,-0.566525,-0.564883,1.128908
13,DMT,18,0.004496,-0.000562,-0.001814,0.643375,-0.001814,0.660713,0.001814,-0.646982,-0.000562,0.000562,0.629993,-0.647545,0.642318,-0.646804,-0.646730,1.291766
13,DMT,19,0.010912,-0.001126,0.000052,0.564122,0.000052,0.580924,-0.000052,-0.570743,-0.001126,0.001126,0.582180,-0.570330,0.564337,-0.571715,-0.570430,1.137233
13,DMT,20,0.018485,0.004527,-0.003918,0.613198,-0.003918,0.582120,0.003918,-0.621173,0.004527,-0.004527,0.599775,-0.620518,0.610107,-0.619651,-0.618139,1.245775
13,DMT,21,0.012809,-0.000173,-0.000608,0.634223,-0.000608,0.648213,0.000608,-0.640263,-0.000173,0.000173,0.629094,-0.640618,0.633661,-0.640420,-0.640246,1.287768
13,DMT,22,0.008883,-0.003370,0.000297,0.743220,0.000297,0.714518,-0.000297,-0.745551,-0.003370,0.003370,0.716516,-0.746533,0.741651,-0.745810,-0.743917,1.511379
13,DMT,23,0.046703,0.006560,0.007478,0.880772,0.007478,0.881810,-0.007478,-0.889631,0.006560,-0.006560,0.833629,-0.893023,0.879275,-0.890232,-0.888974,1.806569
13,DMT,24,0.027581,0.005542,0.005574,0.783094,0.005574,0.778354,-0.005574,-0.785603,0.005542,-0.005542,0.772686,-0.785363,0.782001,-0.785913,-0.783654,1.589722
13,DMT,25,0.066217,0.006497,0.002227,1.163954,0.002227,1.125527,-0.002227,-1.179604,0.006497,-0.006497,1.070473,-1.181993,1.166376,-1.184387,-1.182621,2.379907
13,DMT,26,0.023786,-0.002379,-0.006708,0.843419,-0.006708,0.840275,0.006708,-0.859721,-0.002379,0.002379,0.822068,-0.859454,0.841938,-0.858937,-0.858228,1.718550
13,DMT,27,0.020052,0.005865,-0.006706,0.718683,-0.006706,0.748006,0.006706,-0.726873,0.005865,-0.005865,0.741093,-0.726671,0.717409,-0.725803,-0.724879,1.462431
13,PCB,0,nan,nan,nan,nan,nan,nan,nan,nan,nan,nan,nan,nan,nan,nan,nan,nan
13,PCB,1,nan,nan,nan,nan,nan,nan,nan,nan,nan,nan,nan,nan,nan,nan,nan,nan
13,PCB,2,nan,nan,nan,nan,nan,nan,nan,nan,nan,nan,nan,nan,nan,nan,nan,nan
13,PCB,3,nan,nan,nan,nan,nan,nan,nan,nan,nan,nan,nan,nan,nan,nan,nan,nan
13,PCB,4,nan,nan,nan,nan,nan,nan,nan,nan,nan,nan,nan,nan,nan,nan,nan,nan
13,PCB,5,nan,nan,nan,nan,nan,nan,nan,nan,nan,nan,nan,nan,nan,nan,nan,nan
13,PCB,6,nan,nan,nan,nan,nan,nan,nan,nan,nan,nan,nan,nan,nan,nan,nan,nan
13,PCB,7,nan,nan,nan,nan,nan,nan,nan,nan,nan,nan,nan,nan,nan,nan,nan,nan
13,PCB,8,nan,nan,nan,nan,nan,nan,nan,nan,nan,nan,nan,nan,nan,nan,nan,nan
13,PCB,9,nan,nan,nan,nan,nan,nan,nan,nan,nan,nan,nan,nan,nan,nan,nan,nan
13,PCB,10,nan,nan,nan,nan,nan,nan,nan,nan,nan,nan,nan,nan,nan,nan,nan,nan
13,PCB,11,nan,nan,nan,nan,nan,nan,nan,nan,nan,nan,nan,nan,nan,nan,nan,nan
13,PCB,12,nan,nan,nan,nan,nan,nan,nan,nan,nan,nan,nan,nan,nan,nan,nan,nan
13,PCB,13,nan,nan,nan,nan,nan,nan,nan,nan,nan,nan,nan,nan,nan,nan,nan,nan
13,PCB,14,0.016437,0.002332,-0.000036,0.616710,-0.000036,0.605791,0.000036,-0.619514,0.002332,-0.002332,0.619201,-0.620506,0.616228,-0.619204,-0.619711,1.251878
13,PCB,15,0.010487,0.000179,-0.001948,0.700211,-0.001948,0.722518,0.001948,-0.702989,0.000179,-0.000179,0.681419,-0.702208,0.698965,-0.701756,-0.702350,1.408006
13,PCB,16,0.004815,-0.006308,-0.006483,0.673219,-0.006483,0.703016,0.006483,-0.681371,-0.006308,0.006308,0.659851,-0.682066,0.670868,-0.680657,-0.680533,1.349704
13,PCB,17,0.005045,-0.005317,-0.004985,0.725518,-0.004985,0.744680,0.004985,-0.734678,-0.005317,0.005317,0.672635,-0.736161,0.724566,-0.735674,-0.734506,1.464847
13,PCB,18,0.001518,-0.007034,-0.002994,0.786383,-0.002994,0.738213,0.002994,-0.792149,-0.007034,0.007034,0.769344,-0.794572,0.785323,-0.794501,-0.792091,1.585019
13,PCB,19,0.008050,-0.009007,-0.001508,0.731598,-0.001508,0.741123,0.001508,-0.742133,-0.009007,0.009007,0.721460,-0.746114,0.731605,-0.746272,-0.742267,1.480243
13,PCB,20,0.001682,-0.010250,-0.002540,0.638514,-0.002540,0.672233,0.002540,-0.649784,-0.010250,0.010250,0.627136,-0.652343,0.640734,-0.654843,-0.652244,1.299454
13,PCB,21,-0.000672,-0.008205,-0.009418,0.641610,-0.009418,0.669032,0.009418,-0.655303,-0.008205,0.008205,0.636633,-0.657086,0.641698,-0.658053,-0.655562,1.278569
13,PCB,22,0.010719,-0.007353,-0.007170,0.761519,-0.007170,0.788607,0.007170,-0.774366,-0.007353,0.007353,0.727498,-0.776076,0.760930,-0.776365,-0.773477,1.542994
13,PCB,23,-0.004023,-0.016494,-0.009989,0.713704,-0.009989,0.646355,0.009989,-0.729669,-0.016494,0.016494,0.663033,-0.732197,0.711732,-0.729547,-0.728582,1.449284
13,PCB,24,0.002253,-0.011216,-0.012114,0.625055,-0.012114,0.615741,0.012114,-0.641192,-0.011216,0.011216,0.646075,-0.640376,0.623447,-0.640522,-0.639131,1.243637
13,PCB,25,0.011344,-0.020664,-0.006253,0.747217,-0.006253,0.767772,0.006253,-0.767425,-0.020664,0.020664,0.766407,-0.770066,0.746496,-0.769477,-0.767577,1.509531
13,PCB,26,0.008498,-0.007956,-0.012018,0.823613,-0.012018,0.853835,0.012018,-0.835340,-0.007956,0.007956,0.777603,-0.837564,0.821986,-0.836722,-0.835657,1.648622
13,PCB,27,0.002485,-0.021629,-0.009789,0.630499,-0.009789,0.533165,0.009789,-0.655007,-0.021629,0.021629,0.662499,-0.653529,0.630034,-0.655813,-0.652462,1.287677
