# script=01_synergy_timecourse.py variant=ts_gsr regions=115 region_selection=all excluded_regions=20 atoms=rtr,rtx,rty,rts,xtr,xtx,xty,xts,ytr,ytx,yty,yts,str,stx,sty,sts tau=1 redundancy=MMI fit_mode=window window_trs=30 placebo_fit_trs=na seed=20261120 git=ac1fdc0
subject,condition,window,rtr,rtx,rty,rts,xtr,xtx,xty,xts,ytr,ytx,yty,yts,str,stx,sty,sts
0,DMT,0,0.044416,0.050682,0.048993,0.492433,0.049018,0.534927,-0.047785,-0.411600,0.050536,-0.049486,0.511918,-0.411383,0.493688,-0.409625,-0.414668,0.990798
0,DMT,1,0.041346,0.047037,0.046812,0.471077,0.046468,0.529383,-0.045687,-0.399579,0.046866,-0.046214,0.492230,-0.400313,0.466624,-0.395524,-0.398929,0.947426
0,DMT,2,0.047994,0.046994,0.047249,0.481495,0.047119,0.525424,-0.046655,-0.405252,0.046800,-0.046255,0.486790,-0.412035,0.480688,-0.409840,-0.410399,0.966473
0,DMT,3,0.062723,0.047975,0.062673,0.470164,0.062684,0.508808,-0.061638,-0.390734,0.047909,-0.047071,0.510091,-0.396626,0.471581,-0.395820,-0.392578,0.949690
0,DMT,4,0.047760,0.055606,0.053738,0.499386,0.053806,0.493930,-0.052526,-0.412141,0.055842,-0.054532,0.496780,-0.413557,0.499927,-0.413702,-0.412637,0.986628
0,DMT,5,0.059594,0.058455,0.055141,0.490894,0.055117,0.527734,-0.053880,-0.411075,0.058639,-0.056964,0.516110,-0.412040,0.488862,-0.407856,-0.411276,0.985227
0,DMT,6,0.068770,0.066653,0.064429,0.491112,0.064396,0.530237,-0.062499,-0.395652,0.066388,-0.065104,0.501109,-0.395333,0.489446,-0.387754,-0.398740,0.969365
0,DMT,7,0.060299,0.057785,0.053359,0.499431,0.053111,0.527880,-0.052291,-0.420915,0.057664,-0.056420,0.519876,-0.422167,0.501508,-0.422495,-0.424012,1.002966
0,DMT,8,0.045927,0.047553,0.048421,0.474995,0.048301,0.513327,-0.047216,-0.405625,0.047536,-0.046329,0.489561,-0.405629,0.474517,-0.404687,-0.408790,0.974901
0,DMT,9,0.040015,0.040748,0.041775,0.459981,0.041659,0.516248,-0.041167,-0.395029,0.040623,-0.040165,0.525148,-0.397989,0.463198,-0.400314,-0.395717,0.945780
0,DMT,10,0.032409,0.042957,0.043093,0.441241,0.043045,0.465519,-0.042176,-0.367586,0.043026,-0.042307,0.478714,-0.368635,0.441381,-0.368114,-0.367250,0.887498
0,DMT,11,0.048267,0.049350,0.042530,0.479646,0.042520,0.524857,-0.042003,-0.415416,0.049755,-0.048779,0.514524,-0.415611,0.478728,-0.414777,-0.414136,0.971853
0,DMT,12,0.037340,0.039122,0.045131,0.483202,0.045065,0.522992,-0.044718,-0.418553,0.039206,-0.038830,0.506914,-0.419013,0.482472,-0.416734,-0.418253,0.970426
0,DMT,13,0.044397,0.043900,0.042855,0.506641,0.042964,0.528532,-0.042468,-0.441548,0.043964,-0.043454,0.516824,-0.441844,0.506211,-0.440242,-0.443724,1.020163
0,DMT,14,0.033805,0.041993,0.038478,0.485997,0.038386,0.519933,-0.037987,-0.421252,0.041912,-0.041238,0.524850,-0.420851,0.486088,-0.422361,-0.421546,0.968990
0,DMT,15,0.034001,0.043131,0.042290,0.447441,0.042262,0.485227,-0.041624,-0.380107,0.043169,-0.042531,0.487012,-0.381062,0.449003,-0.379292,-0.383817,0.895511
0,DMT,16,0.036916,0.047136,0.045147,0.460601,0.045175,0.514246,-0.044245,-0.385564,0.047161,-0.046556,0.471140,-0.387332,0.460028,-0.382973,-0.388999,0.922322
0,DMT,17,0.040900,0.046954,0.045928,0.456600,0.046102,0.499122,-0.045303,-0.384792,0.046968,-0.046366,0.468883,-0.385431,0.456620,-0.385763,-0.386827,0.908056
0,DMT,18,0.044022,0.042849,0.039840,0.489791,0.039757,0.566754,-0.039411,-0.425114,0.042763,-0.042151,0.555058,-0.421753,0.487559,-0.421646,-0.424705,0.990676
0,DMT,19,0.045895,0.044548,0.042372,0.537521,0.042290,0.578059,-0.041698,-0.468949,0.044537,-0.043855,0.589714,-0.470224,0.539576,-0.472739,-0.472346,1.077914
0,DMT,20,0.049353,0.045996,0.050548,0.483986,0.050508,0.508876,-0.049934,-0.415517,0.046067,-0.045559,0.536379,-0.412799,0.483004,-0.414686,-0.411347,0.976075
0,DMT,21,0.039498,0.047236,0.045394,0.481227,0.045498,0.517222,-0.044586,-0.408273,0.047472,-0.046355,0.508701,-0.408999,0.481827,-0.405735,-0.409391,0.964044
0,DMT,22,0.086771,0.057561,0.050175,0.488581,0.050283,0.581182,-0.049124,-0.420774,0.057885,-0.056501,0.577488,-0.418040,0.489019,-0.414770,-0.420635,1.002435
0,DMT,23,0.036765,0.041295,0.043101,0.451185,0.043092,0.489707,-0.042540,-0.386395,0.041154,-0.040459,0.476600,-0.390656,0.449342,-0.388055,-0.389920,0.914279
0,DMT,24,0.042857,0.055093,0.047127,0.440647,0.047358,0.473405,-0.046438,-0.358513,0.054959,-0.053306,0.443779,-0.366783,0.442126,-0.363633,-0.367440,0.893348
0,DMT,25,0.039656,0.044339,0.041657,0.482230,0.041650,0.522977,-0.040967,-0.416912,0.044392,-0.043707,0.537434,-0.416570,0.482382,-0.415347,-0.413904,0.973986
0,DMT,26,0.047606,0.046938,0.040452,0.514688,0.040417,0.564677,-0.040162,-0.449479,0.046960,-0.046451,0.554328,-0.451372,0.512797,-0.447352,-0.449214,1.034548
0,DMT,27,0.041865,0.046803,0.048394,0.486129,0.048363,0.516853,-0.047514,-0.411830,0.046973,-0.046085,0.519795,-0.409970,0.487664,-0.413710,-0.412605,0.973571
0,PCB,0,0.036061,0.044325,0.042533,0.481786,0.042484,0.530579,-0.041831,-0.408261,0.044234,-0.043037,0.519568,-0.411322,0.479508,-0.408517,-0.409269,0.969902
0,PCB,1,0.044743,0.042025,0.042278,0.498049,0.042195,0.558044,-0.041778,-0.437897,0.041817,-0.041260,0.533777,-0.440368,0.497942,-0.442047,-0.437266,1.030055
0,PCB,2,0.040120,0.039146,0.045240,0.415359,0.045220,0.460945,-0.044394,-0.354623,0.039342,-0.038510,0.471236,-0.354051,0.413026,-0.354024,-0.353181,0.854577
0,PCB,3,0.050567,0.046424,0.040641,0.514824,0.040628,0.590800,-0.040205,-0.450425,0.046235,-0.045900,0.536188,-0.454468,0.515403,-0.448447,-0.457931,1.043179
0,PCB,4,0.043898,0.049119,0.048269,0.459111,0.048207,0.480829,-0.047226,-0.386699,0.049049,-0.047852,0.519685,-0.383680,0.459057,-0.386555,-0.383375,0.936843
0,PCB,5,0.039405,0.042161,0.040024,0.474560,0.040079,0.551915,-0.039591,-0.410070,0.042047,-0.041520,0.513460,-0.409003,0.473416,-0.409234,-0.409730,0.959613
0,PCB,6,0.047249,0.043764,0.048285,0.509871,0.048288,0.575665,-0.047588,-0.437157,0.043720,-0.043322,0.552983,-0.437915,0.509669,-0.439128,-0.438586,1.028747
0,PCB,7,0.042699,0.054047,0.045761,0.476334,0.045960,0.495308,-0.045025,-0.399077,0.053996,-0.052764,0.504905,-0.396943,0.478608,-0.397591,-0.400240,0.955453
0,PCB,8,0.069248,0.052994,0.040597,0.520749,0.040457,0.639334,-0.039914,-0.459284,0.052751,-0.052034,0.573707,-0.460864,0.519900,-0.456130,-0.461220,1.072032
0,PCB,9,0.054562,0.048356,0.046738,0.448312,0.046730,0.502777,-0.045845,-0.382864,0.048227,-0.047197,0.503666,-0.379067,0.445091,-0.378469,-0.379540,0.914213
0,PCB,10,0.052327,0.049473,0.055583,0.495532,0.055704,0.545886,-0.054736,-0.409113,0.049460,-0.048399,0.498602,-0.418218,0.494957,-0.412661,-0.414678,0.984613
0,PCB,11,0.036118,0.043372,0.043025,0.444005,0.042967,0.504558,-0.042076,-0.368731,0.043287,-0.042663,0.495466,-0.369984,0.442964,-0.369249,-0.368694,0.887571
0,PCB,12,0.066076,0.050241,0.060852,0.504762,0.060909,0.559147,-0.060171,-0.421406,0.050177,-0.049557,0.554521,-0.424058,0.502596,-0.424973,-0.419326,0.997162
0,PCB,13,0.043391,0.046971,0.042376,0.480781,0.042367,0.536098,-0.041952,-0.411481,0.046905,-0.046250,0.501265,-0.412898,0.479256,-0.406395,-0.413475,0.975913
0,PCB,14,0.065388,0.054535,0.060694,0.500404,0.060791,0.535287,-0.059558,-0.420382,0.054703,-0.053958,0.510892,-0.424800,0.504412,-0.424121,-0.426627,1.002410
0,PCB,15,0.052904,0.042777,0.043422,0.515479,0.043336,0.591479,-0.042963,-0.450419,0.042680,-0.042374,0.595772,-0.447241,0.518165,-0.451376,-0.448799,1.034928
0,PCB,16,0.050253,0.045117,0.047387,0.544260,0.047122,0.607010,-0.046695,-0.469852,0.045079,-0.044533,0.569923,-0.470684,0.537754,-0.469095,-0.466372,1.086781
0,PCB,17,0.039004,0.048674,0.047695,0.454544,0.047485,0.487745,-0.046546,-0.376554,0.048587,-0.047763,0.472492,-0.378126,0.451655,-0.375185,-0.377461,0.900152
0,PCB,18,0.039595,0.040411,0.041643,0.505372,0.041632,0.561483,-0.041293,-0.435679,0.040370,-0.039941,0.557103,-0.439189,0.506295,-0.437863,-0.438292,1.010177
0,PCB,19,0.045678,0.050262,0.046076,0.523462,0.045988,0.553680,-0.045506,-0.446848,0.050291,-0.049318,0.553723,-0.444747,0.524617,-0.447547,-0.446460,1.037076
0,PCB,20,0.059498,0.047365,0.053327,0.530813,0.053114,0.577715,-0.052599,-0.453974,0.047315,-0.046878,0.570501,-0.452890,0.527800,-0.452337,-0.450706,1.049574
0,PCB,21,0.055497,0.043569,0.046330,0.556563,0.046187,0.625216,-0.045784,-0.487719,0.043621,-0.043138,0.600140,-0.492055,0.556893,-0.488742,-0.491298,1.117176
0,PCB,22,0.048070,0.043989,0.042267,0.554670,0.042275,0.606380,-0.041875,-0.476867,0.044014,-0.043466,0.602303,-0.485286,0.556089,-0.482665,-0.485981,1.099260
0,PCB,23,0.049729,0.043467,0.041268,0.535025,0.041255,0.583000,-0.040681,-0.472639,0.043263,-0.043006,0.566057,-0.471639,0.535307,-0.474046,-0.472976,1.083957
0,PCB,24,0.070351,0.046300,0.042674,0.561135,0.042511,0.644023,-0.042194,-0.496328,0.046281,-0.045736,0.637491,-0.497926,0.559898,-0.497542,-0.497836,1.128669
0,PCB,25,0.060002,0.041149,0.043991,0.574229,0.043896,0.671732,-0.043497,-0.508620,0.041149,-0.040658,0.623559,-0.510491,0.576201,-0.508939,-0.511083,1.153790
0,PCB,26,0.042170,0.050645,0.052686,0.468537,0.052358,0.488443,-0.050677,-0.389336,0.050443,-0.049237,0.481759,-0.384621,0.466186,-0.387703,-0.385109,0.955715
0,PCB,27,0.060160,0.049984,0.046633,0.466998,0.046354,0.536964,-0.045350,-0.402123,0.050115,-0.048847,0.534106,-0.401557,0.467515,-0.401288,-0.401858,0.971773
1,DMT,0,0.059906,0.055718,0.056017,0.550243,0.056231,0.564552,-0.055100,-0.468122,0.055796,-0.054555,0.558295,-0.468053,0.550683,-0.466189,-0.470103,1.090530
1,DMT,1,0.043342,0.052825,0.051639,0.489339,0.051600,0.491855,-0.050504,-0.401676,0.053138,-0.051917,0.489277,-0.398747,0.492190,-0.402814,-0.403598,0.968378
1,DMT,2,0.038374,0.041059,0.039338,0.474867,0.039352,0.528697,-0.038799,-0.410907,0.041045,-0.040427,0.535958,-0.410680,0.474411,-0.411054,-0.412732,0.958966
1,DMT,3,0.042391,0.038658,0.044165,0.490244,0.044217,0.546336,-0.043576,-0.426522,0.038673,-0.038238,0.535958,-0.427527,0.488205,-0.426462,-0.427040,0.995383
1,DMT,4,0.038198,0.046079,0.044604,0.458390,0.044804,0.488892,-0.043724,-0.387134,0.046138,-0.044994,0.494137,-0.388848,0.455038,-0.386808,-0.385735,0.923682
1,DMT,5,0.049295,0.046159,0.043129,0.508844,0.043189,0.577052,-0.042806,-0.435131,0.046210,-0.045813,0.529275,-0.440099,0.509704,-0.434993,-0.439781,1.011448
1,DMT,6,0.044502,0.050492,0.047234,0.469696,0.047145,0.514855,-0.045820,-0.391124,0.050341,-0.049113,0.486368,-0.393872,0.467263,-0.392181,-0.391545,0.955619
1,DMT,7,0.036322,0.041421,0.038686,0.490258,0.038824,0.551382,-0.038078,-0.423519,0.041470,-0.040809,0.511280,-0.426342,0.491156,-0.422375,-0.428000,0.979705
1,DMT,8,0.051200,0.045885,0.046571,0.517599,0.046699,0.594647,-0.046132,-0.441904,0.045749,-0.045322,0.559436,-0.447031,0.516857,-0.443661,-0.445588,1.027224
1,DMT,9,0.035879,0.039740,0.045195,0.450017,0.045361,0.501996,-0.044507,-0.378590,0.039852,-0.038734,0.488075,-0.384071,0.452680,-0.383933,-0.380750,0.917287
1,DMT,10,0.029794,0.041571,0.045051,0.425343,0.045052,0.450429,-0.044204,-0.351645,0.041563,-0.040647,0.446107,-0.354411,0.423657,-0.351791,-0.350911,0.848974
1,DMT,11,0.040227,0.041533,0.043098,0.448432,0.043078,0.506848,-0.042632,-0.380489,0.041428,-0.040979,0.484133,-0.383341,0.444846,-0.377705,-0.381147,0.911389
1,DMT,12,0.052676,0.044556,0.050153,0.468195,0.050240,0.543027,-0.049506,-0.399360,0.044613,-0.044097,0.501950,-0.404392,0.469666,-0.400002,-0.400732,0.945343
1,DMT,13,0.041579,0.044678,0.041237,0.463748,0.041309,0.515010,-0.040641,-0.397858,0.044664,-0.044000,0.514621,-0.399379,0.463430,-0.398430,-0.397342,0.934429
1,DMT,14,0.037695,0.041711,0.040635,0.474170,0.040819,0.507583,-0.040219,-0.411256,0.041798,-0.041035,0.532621,-0.409765,0.474254,-0.411882,-0.409762,0.958295
1,DMT,15,0.037796,0.039794,0.040802,0.447726,0.040763,0.508653,-0.040165,-0.383825,0.039740,-0.039229,0.491388,-0.385884,0.445528,-0.380221,-0.386077,0.907230
1,DMT,16,0.042243,0.045421,0.041623,0.448556,0.041187,0.503522,-0.040818,-0.386501,0.045169,-0.044546,0.503912,-0.386491,0.446402,-0.385797,-0.383880,0.915344
1,DMT,17,0.044566,0.052563,0.043993,0.454923,0.044089,0.498521,-0.043183,-0.381536,0.052769,-0.051679,0.468901,-0.379704,0.456282,-0.377816,-0.385026,0.910275
1,DMT,18,0.056044,0.052210,0.055281,0.527934,0.055041,0.567541,-0.053475,-0.437904,0.051990,-0.050489,0.551966,-0.442196,0.524829,-0.438714,-0.438500,1.033028
1,DMT,19,0.081828,0.061112,0.066458,0.480886,0.066494,0.523015,-0.064277,-0.404183,0.060968,-0.058793,0.509525,-0.405706,0.477871,-0.401679,-0.402248,0.984606
1,DMT,20,0.041052,0.040192,0.043737,0.481496,0.043637,0.541286,-0.042477,-0.412099,0.039999,-0.039311,0.532597,-0.415819,0.479589,-0.414491,-0.414460,0.987538
1,DMT,21,0.043928,0.039412,0.043108,0.541258,0.043045,0.607367,-0.042751,-0.473376,0.039426,-0.039118,0.575288,-0.477830,0.539537,-0.472387,-0.476679,1.075921
1,DMT,22,0.044987,0.049785,0.049033,0.510663,0.049169,0.557378,-0.048315,-0.428914,0.049704,-0.049052,0.501513,-0.435890,0.511043,-0.430089,-0.434736,1.010310
1,DMT,23,0.043227,0.040922,0.043776,0.545291,0.043798,0.593237,-0.043305,-0.476611,0.041010,-0.040705,0.582964,-0.477108,0.544428,-0.475688,-0.475808,1.087169
1,DMT,24,0.060741,0.049123,0.051945,0.557600,0.051770,0.610560,-0.051446,-0.474743,0.048912,-0.048247,0.590826,-0.480700,0.556471,-0.476938,-0.479725,1.112402
1,DMT,25,0.048564,0.051961,0.052292,0.504737,0.052073,0.527681,-0.050623,-0.422162,0.051457,-0.050563,0.521509,-0.419003,0.505890,-0.423311,-0.424148,1.020688
1,DMT,26,0.079581,0.042996,0.048858,0.586852,0.048763,0.693338,-0.048402,-0.523505,0.043142,-0.042492,0.646834,-0.528915,0.588820,-0.522727,-0.527343,1.186548
1,DMT,27,0.045532,0.053534,0.054721,0.493199,0.054780,0.498889,-0.053937,-0.402515,0.053250,-0.052255,0.494504,-0.404331,0.489729,-0.399850,-0.402574,0.968193
1,PCB,0,0.060451,0.056971,0.064101,0.571060,0.063802,0.566509,-0.062571,-0.473054,0.056936,-0.055946,0.572619,-0.474161,0.569592,-0.476827,-0.470273,1.119212
1,PCB,1,0.054669,0.053660,0.047357,0.425418,0.047027,0.480697,-0.045913,-0.357613,0.053305,-0.052500,0.469038,-0.358759,0.424223,-0.355042,-0.362097,0.890871
1,PCB,2,0.044197,0.045470,0.049113,0.483086,0.049177,0.522917,-0.048079,-0.409157,0.045450,-0.044554,0.511432,-0.410876,0.484411,-0.414120,-0.410933,0.996733
1,PCB,3,0.056684,0.051000,0.062772,0.445730,0.062542,0.472779,-0.059783,-0.369924,0.050825,-0.049256,0.467458,-0.368793,0.442329,-0.368427,-0.367817,0.917228
1,PCB,4,0.054998,0.046662,0.043356,0.508839,0.043329,0.590528,-0.042853,-0.437797,0.046682,-0.045535,0.590626,-0.438471,0.503990,-0.437146,-0.440470,1.053264
1,PCB,5,0.056373,0.049550,0.045288,0.446977,0.045673,0.531812,-0.044035,-0.379214,0.050068,-0.048386,0.503397,-0.377130,0.445559,-0.373356,-0.382856,0.926633
1,PCB,6,0.061381,0.046521,0.050868,0.497399,0.051002,0.544871,-0.050096,-0.427348,0.046466,-0.046027,0.542592,-0.432136,0.498611,-0.428742,-0.432431,1.012078
1,PCB,7,0.046292,0.041174,0.044295,0.512853,0.044325,0.572363,-0.043790,-0.444320,0.041224,-0.040823,0.561548,-0.446667,0.511850,-0.446405,-0.445472,1.025685
1,PCB,8,0.039270,0.044328,0.044166,0.487931,0.043986,0.508700,-0.043586,-0.415304,0.044337,-0.043770,0.514849,-0.418003,0.487784,-0.416777,-0.418563,0.966071
1,PCB,9,0.039978,0.047375,0.050567,0.429246,0.050295,0.450534,-0.049283,-0.351130,0.047361,-0.046424,0.447433,-0.357311,0.428556,-0.354453,-0.355577,0.869161
1,PCB,10,0.055625,0.046532,0.050036,0.529334,0.050020,0.568725,-0.049344,-0.457771,0.046466,-0.045836,0.568719,-0.460143,0.528947,-0.459365,-0.456979,1.064242
1,PCB,11,0.097191,0.061894,0.057091,0.557235,0.056872,0.636900,-0.055950,-0.476888,0.061676,-0.060812,0.594946,-0.479020,0.549026,-0.467783,-0.478587,1.113656
1,PCB,12,0.062028,0.076049,0.064326,0.492227,0.064496,0.478708,-0.062550,-0.376601,0.076139,-0.073250,0.467657,-0.377864,0.491742,-0.380056,-0.380520,0.964179
1,PCB,13,0.048089,0.043094,0.048399,0.532229,0.048362,0.574736,-0.047910,-0.455827,0.043127,-0.042383,0.573610,-0.462249,0.530252,-0.456464,-0.457836,1.055412
1,PCB,14,0.049827,0.048601,0.049933,0.504129,0.049926,0.554811,-0.049021,-0.429448,0.048739,-0.048062,0.542749,-0.428422,0.507674,-0.430225,-0.432763,1.009462
1,PCB,15,0.044898,0.038861,0.042179,0.506078,0.042275,0.564065,-0.041759,-0.445749,0.038917,-0.038027,0.568722,-0.443035,0.506769,-0.447456,-0.444675,1.035397
1,PCB,16,0.053814,0.047624,0.051181,0.545142,0.051345,0.598065,-0.050328,-0.463539,0.047581,-0.047279,0.562028,-0.468144,0.542723,-0.460150,-0.466855,1.084174
1,PCB,17,0.057254,0.043574,0.049732,0.529786,0.049854,0.610901,-0.049134,-0.456336,0.043678,-0.042996,0.569107,-0.461908,0.529665,-0.455883,-0.457171,1.057835
1,PCB,18,0.045331,0.047975,0.048804,0.484518,0.048787,0.551571,-0.048152,-0.408951,0.047849,-0.047149,0.505338,-0.417206,0.485345,-0.408587,-0.417843,0.983971
1,PCB,19,0.049707,0.047888,0.047135,0.516937,0.047336,0.556355,-0.046064,-0.445173,0.047798,-0.047157,0.559893,-0.441768,0.517405,-0.441169,-0.440945,1.037418
1,PCB,20,0.041130,0.042673,0.043248,0.524997,0.043071,0.566075,-0.042679,-0.455014,0.042735,-0.042285,0.558890,-0.458271,0.524925,-0.454088,-0.458892,1.050635
1,PCB,21,0.061932,0.044174,0.043920,0.535959,0.043966,0.640714,-0.043595,-0.469548,0.044115,-0.043894,0.594528,-0.476924,0.535120,-0.471135,-0.474792,1.081963
1,PCB,22,0.049273,0.049267,0.042825,0.523174,0.042682,0.571697,-0.042446,-0.446070,0.049131,-0.048428,0.546877,-0.450722,0.522783,-0.445992,-0.451812,1.044660
1,PCB,23,0.059836,0.043171,0.051274,0.545680,0.051135,0.601884,-0.050540,-0.476001,0.042946,-0.042373,0.586990,-0.477693,0.542880,-0.477737,-0.471274,1.099138
1,PCB,24,0.046463,0.039501,0.043944,0.527737,0.044082,0.578070,-0.043628,-0.462882,0.039407,-0.039101,0.584739,-0.465740,0.529930,-0.466853,-0.467199,1.065137
1,PCB,25,0.041526,0.048702,0.049273,0.494126,0.049265,0.526429,-0.048381,-0.412535,0.048972,-0.047821,0.519193,-0.412154,0.495975,-0.414108,-0.412956,0.978325
1,PCB,26,0.047913,0.050372,0.053437,0.500880,0.053522,0.506314,-0.052183,-0.413910,0.050543,-0.049633,0.567161,-0.409113,0.496887,-0.410217,-0.403824,0.997530
1,PCB,27,0.045025,0.048641,0.048408,0.521533,0.048611,0.570293,-0.047455,-0.437084,0.048667,-0.047460,0.552274,-0.441462,0.521308,-0.438296,-0.440492,1.039098
2,DMT,0,0.054978,0.047403,0.046879,0.530588,0.046757,0.560275,-0.046126,-0.465687,0.047188,-0.046633,0.571400,-0.468455,0.532320,-0.468581,-0.468687,1.083051
2,DMT,1,0.067584,0.057450,0.047855,0.540036,0.047891,0.600027,-0.047185,-0.459884,0.057725,-0.056667,0.549445,-0.465642,0.542420,-0.463466,-0.467009,1.073774
2,DMT,2,0.053593,0.042899,0.043489,0.500438,0.043381,0.563784,-0.043112,-0.437767,0.042995,-0.042580,0.566133,-0.437651,0.496283,-0.433795,-0.433563,1.009136
2,DMT,3,0.041254,0.044569,0.044736,0.522449,0.044823,0.577842,-0.044460,-0.446858,0.044656,-0.044277,0.543060,-0.447273,0.524505,-0.444626,-0.447227,1.028113
2,DMT,4,0.064480,0.048645,0.051068,0.522451,0.051040,0.592833,-0.050441,-0.454442,0.048295,-0.047694,0.553060,-0.456106,0.522758,-0.452206,-0.456726,1.055576
2,DMT,5,0.046093,0.042699,0.041259,0.533227,0.041369,0.632267,-0.041000,-0.456482,0.042643,-0.042352,0.557048,-0.464163,0.535383,-0.461043,-0.465181,1.058192
2,DMT,6,0.068152,0.048564,0.047537,0.584249,0.047365,0.653439,-0.046852,-0.509967,0.048459,-0.048199,0.633321,-0.511652,0.582448,-0.509015,-0.511499,1.163301
2,DMT,7,0.046505,0.042340,0.044571,0.479107,0.044469,0.541541,-0.043872,-0.415848,0.042386,-0.041628,0.538326,-0.418383,0.479533,-0.418354,-0.414916,0.972881
2,DMT,8,0.035759,0.038392,0.040195,0.492519,0.040169,0.548627,-0.039666,-0.427885,0.038643,-0.038022,0.546546,-0.425608,0.491426,-0.425690,-0.427789,0.984631
2,DMT,9,0.031799,0.040806,0.040471,0.431852,0.040261,0.468615,-0.039717,-0.362768,0.040895,-0.040195,0.465605,-0.364629,0.429181,-0.360963,-0.363488,0.864223
2,DMT,10,0.028055,0.042271,0.045517,0.368762,0.045483,0.360829,-0.044173,-0.303069,0.042285,-0.041303,0.379606,-0.300349,0.368972,-0.299989,-0.299464,0.770458
2,DMT,11,0.030397,0.046648,0.045214,0.407417,0.045155,0.412609,-0.044410,-0.336812,0.046610,-0.045673,0.431656,-0.332992,0.408470,-0.336793,-0.335344,0.828250
2,DMT,12,0.040831,0.047885,0.037082,0.505665,0.037144,0.565558,-0.036849,-0.436977,0.047906,-0.047405,0.536213,-0.439670,0.505795,-0.437652,-0.439293,1.011827
2,DMT,13,0.034402,0.046866,0.042026,0.443965,0.042113,0.501313,-0.041462,-0.368533,0.046582,-0.045553,0.470161,-0.371110,0.444095,-0.367011,-0.373307,0.891699
2,DMT,14,0.043064,0.046451,0.042159,0.506929,0.042142,0.555496,-0.041602,-0.439168,0.046521,-0.045978,0.537575,-0.438272,0.505843,-0.438093,-0.439337,1.016292
2,DMT,15,0.048457,0.045778,0.059260,0.443976,0.059510,0.486502,-0.057822,-0.364678,0.045688,-0.044367,0.475754,-0.370186,0.443773,-0.368206,-0.364563,0.893788
2,DMT,16,0.040574,0.049727,0.046438,0.478275,0.046362,0.513583,-0.045494,-0.398969,0.049691,-0.048545,0.518234,-0.398531,0.480273,-0.397599,-0.400709,0.959898
2,DMT,17,0.062209,0.046081,0.047536,0.563749,0.047851,0.657584,-0.047134,-0.489009,0.046015,-0.045326,0.585522,-0.496633,0.565536,-0.489784,-0.497822,1.138621
2,DMT,18,0.057415,0.048325,0.043610,0.483275,0.043608,0.556124,-0.043223,-0.417174,0.048055,-0.047541,0.518482,-0.418456,0.481199,-0.417636,-0.420392,0.977109
2,DMT,19,0.070569,0.058754,0.049758,0.454578,0.049887,0.494691,-0.049015,-0.389857,0.059005,-0.056938,0.514417,-0.385945,0.456038,-0.388511,-0.385462,0.952482
2,DMT,20,0.041959,0.042630,0.041406,0.513844,0.041549,0.584096,-0.041183,-0.446611,0.042769,-0.042224,0.517702,-0.450047,0.514155,-0.444602,-0.452188,1.031244
2,DMT,21,0.035741,0.049173,0.046885,0.437544,0.046998,0.446588,-0.045690,-0.362963,0.048991,-0.047950,0.452397,-0.361631,0.435424,-0.360667,-0.361047,0.885468
2,DMT,22,0.036079,0.040915,0.039670,0.479387,0.039744,0.531915,-0.039168,-0.408258,0.040947,-0.040338,0.514713,-0.414345,0.479984,-0.409800,-0.414285,0.962119
2,DMT,23,0.035090,0.038894,0.042635,0.509936,0.042530,0.539570,-0.042279,-0.441643,0.038806,-0.038519,0.544781,-0.439248,0.509064,-0.442012,-0.437945,1.011027
2,DMT,24,0.037077,0.041276,0.046851,0.476888,0.046831,0.500242,-0.045736,-0.408171,0.041456,-0.040632,0.526587,-0.405322,0.478209,-0.407009,-0.407237,0.956705
2,DMT,25,0.048533,0.048789,0.046861,0.497446,0.046928,0.548242,-0.045816,-0.423506,0.048753,-0.047911,0.540785,-0.427964,0.498731,-0.427250,-0.424120,1.017816
2,DMT,26,0.035018,0.044284,0.042821,0.480358,0.042827,0.515487,-0.042332,-0.406652,0.044302,-0.043703,0.508637,-0.405679,0.477665,-0.405380,-0.404505,0.957773
2,DMT,27,0.040745,0.038923,0.040968,0.514134,0.040923,0.586134,-0.040443,-0.447712,0.038935,-0.038491,0.577179,-0.446326,0.512797,-0.447557,-0.447747,1.036952
2,PCB,0,0.055560,0.056970,0.058850,0.433483,0.058454,0.463562,-0.056568,-0.356061,0.056873,-0.054789,0.465775,-0.354446,0.433960,-0.354671,-0.354843,0.929317
2,PCB,1,0.058530,0.054803,0.049960,0.484097,0.049802,0.533038,-0.049258,-0.406501,0.054842,-0.054160,0.506467,-0.407604,0.484158,-0.406207,-0.412884,0.990114
2,PCB,2,0.037928,0.053125,0.044346,0.463974,0.044338,0.483893,-0.043758,-0.377009,0.053026,-0.052095,0.479347,-0.381288,0.463573,-0.379939,-0.378868,0.923127
2,PCB,3,0.056951,0.049540,0.056968,0.489083,0.056931,0.537525,-0.055922,-0.411984,0.049745,-0.048649,0.514079,-0.420794,0.492682,-0.418850,-0.416739,0.999868
2,PCB,4,0.080226,0.054534,0.054653,0.532700,0.054773,0.596844,-0.053993,-0.459063,0.054486,-0.053634,0.559914,-0.461002,0.532806,-0.460035,-0.460918,1.079531
2,PCB,5,0.064203,0.044136,0.050413,0.505547,0.050260,0.587259,-0.049475,-0.441008,0.043833,-0.043485,0.558560,-0.444194,0.504602,-0.441744,-0.444099,1.040675
2,PCB,6,0.047849,0.041046,0.037452,0.502960,0.037416,0.578315,-0.037013,-0.443978,0.040823,-0.040048,0.561760,-0.449790,0.502221,-0.444806,-0.442942,1.047856
2,PCB,7,0.064026,0.049158,0.038126,0.553344,0.038249,0.647945,-0.037867,-0.495148,0.049112,-0.048585,0.615873,-0.491085,0.555383,-0.492961,-0.497211,1.135701
2,PCB,8,0.055340,0.046088,0.051934,0.471966,0.051922,0.514560,-0.051226,-0.405049,0.045927,-0.045456,0.507186,-0.404834,0.471490,-0.406611,-0.403785,0.963814
2,PCB,9,0.061272,0.056738,0.052936,0.463803,0.052902,0.486415,-0.051426,-0.393088,0.056627,-0.055327,0.479247,-0.394287,0.462708,-0.390222,-0.394118,0.954615
2,PCB,10,0.053427,0.048704,0.047708,0.508500,0.047391,0.588503,-0.046959,-0.431948,0.048719,-0.047973,0.550784,-0.435262,0.506197,-0.434053,-0.431561,1.032437
2,PCB,11,0.091349,0.052841,0.048483,0.510970,0.048639,0.593833,-0.047943,-0.447197,0.052976,-0.052277,0.573270,-0.449796,0.514535,-0.444208,-0.453771,1.048955
2,PCB,12,0.062916,0.053271,0.052301,0.539587,0.052252,0.566993,-0.051699,-0.464406,0.053458,-0.052797,0.561703,-0.466598,0.541577,-0.465700,-0.466862,1.079217
2,PCB,13,0.042524,0.044676,0.044927,0.486990,0.045080,0.566642,-0.044450,-0.410941,0.044921,-0.044188,0.506495,-0.415552,0.487672,-0.411240,-0.416422,0.979682
2,PCB,14,0.043887,0.043900,0.043340,0.516742,0.043070,0.573281,-0.042571,-0.448200,0.043889,-0.043450,0.554096,-0.451293,0.518180,-0.446568,-0.452836,1.041740
2,PCB,15,0.082565,0.049338,0.048178,0.578327,0.048287,0.636593,-0.047847,-0.516813,0.049459,-0.048990,0.656688,-0.513120,0.581456,-0.515311,-0.516323,1.174372
2,PCB,16,0.046153,0.045464,0.045111,0.502524,0.045339,0.531259,-0.044770,-0.436308,0.045590,-0.045096,0.542775,-0.433846,0.504642,-0.434070,-0.434704,1.007045
2,PCB,17,0.065984,0.045642,0.042291,0.561608,0.042429,0.623178,-0.041584,-0.502833,0.045542,-0.044822,0.604817,-0.501372,0.559528,-0.498610,-0.502495,1.138792
2,PCB,18,0.055804,0.043147,0.042437,0.535099,0.042464,0.583824,-0.041899,-0.475423,0.043071,-0.042416,0.591278,-0.474234,0.535029,-0.474277,-0.474079,1.083744
2,PCB,19,0.050974,0.050618,0.046832,0.484702,0.046886,0.527851,-0.046278,-0.411157,0.050679,-0.049783,0.533342,-0.411320,0.485092,-0.409067,-0.410418,0.971896
2,PCB,20,0.053250,0.044961,0.047919,0.487388,0.047925,0.545771,-0.047007,-0.422128,0.044894,-0.044031,0.535581,-0.424363,0.484833,-0.424496,-0.423316,1.011969
2,PCB,21,0.059606,0.045569,0.046217,0.551481,0.046490,0.601422,-0.046014,-0.487561,0.045698,-0.045040,0.607241,-0.491406,0.556015,-0.490599,-0.493259,1.127871
2,PCB,22,0.056880,0.041412,0.039215,0.549550,0.039253,0.664765,-0.038853,-0.484741,0.041269,-0.040860,0.604733,-0.487895,0.545572,-0.478534,-0.489165,1.118705
2,PCB,23,0.038352,0.041723,0.040168,0.494240,0.040169,0.561268,-0.039806,-0.424982,0.041661,-0.041368,0.527624,-0.429217,0.494902,-0.425939,-0.428700,0.988806
2,PCB,24,0.060432,0.046940,0.046079,0.482230,0.046108,0.520559,-0.044898,-0.430107,0.047163,-0.045679,0.545210,-0.420204,0.481698,-0.424300,-0.423926,1.058270
2,PCB,25,0.056952,0.052650,0.041005,0.532334,0.041013,0.598582,-0.040646,-0.461537,0.052523,-0.052148,0.575857,-0.460827,0.529235,-0.457309,-0.463523,1.055773
2,PCB,26,0.045160,0.044811,0.042187,0.533471,0.042337,0.606418,-0.041669,-0.462001,0.044554,-0.044034,0.556112,-0.466822,0.531596,-0.459892,-0.466537,1.071018
2,PCB,27,0.078108,0.067673,0.068373,0.496243,0.068850,0.495179,-0.066767,-0.400513,0.067558,-0.065494,0.491933,-0.403415,0.495074,-0.401113,-0.398403,1.016500
3,DMT,0,0.053302,0.042139,0.046361,0.558476,0.046417,0.625247,-0.046080,-0.486140,0.042113,-0.041861,0.591981,-0.491749,0.557492,-0.486468,-0.489572,1.120724
3,DMT,1,0.046206,0.046150,0.043625,0.517249,0.043709,0.551262,-0.043198,-0.449471,0.046155,-0.045688,0.559573,-0.447815,0.516487,-0.448493,-0.446940,1.042082
3,DMT,2,0.063859,0.052283,0.048954,0.527578,0.048961,0.579936,-0.048396,-0.456396,0.052269,-0.051843,0.584579,-0.452120,0.528653,-0.454553,-0.454155,1.054837
3,DMT,3,0.057931,0.046246,0.041821,0.517786,0.041840,0.592824,-0.041368,-0.452040,0.046181,-0.045803,0.575407,-0.455703,0.518548,-0.451789,-0.457400,1.045846
3,DMT,4,0.052952,0.046071,0.044919,0.526848,0.045098,0.594347,-0.044486,-0.458077,0.045998,-0.045731,0.574961,-0.458873,0.525868,-0.454779,-0.459658,1.062933
3,DMT,5,0.067754,0.047106,0.055082,0.492745,0.055058,0.584862,-0.054308,-0.421633,0.047171,-0.046729,0.543107,-0.424565,0.492167,-0.420771,-0.421997,0.999515
3,DMT,6,0.063064,0.046503,0.048379,0.596219,0.048416,0.637567,-0.048144,-0.523089,0.046446,-0.046182,0.661534,-0.519768,0.596674,-0.522389,-0.519059,1.170100
3,DMT,7,0.053227,0.045639,0.042133,0.596152,0.042185,0.649806,-0.041903,-0.524779,0.045718,-0.045165,0.623826,-0.524079,0.596247,-0.520958,-0.526971,1.186449
3,DMT,8,0.058423,0.043445,0.041279,0.557247,0.041348,0.601305,-0.040950,-0.500017,0.043537,-0.043115,0.628434,-0.497913,0.559012,-0.498902,-0.499693,1.128517
3,DMT,9,0.039319,0.038828,0.039652,0.465203,0.039632,0.558251,-0.039227,-0.400788,0.038872,-0.038387,0.518625,-0.403433,0.466050,-0.400726,-0.405975,0.952105
3,DMT,10,0.038532,0.046469,0.044370,0.483229,0.044411,0.524342,-0.043760,-0.411399,0.046366,-0.045731,0.509410,-0.411809,0.480766,-0.406603,-0.411938,0.955467
3,DMT,11,0.039049,0.042717,0.042353,0.498403,0.042248,0.571118,-0.041742,-0.426661,0.042696,-0.042270,0.536680,-0.428257,0.498764,-0.423026,-0.430538,1.006894
3,DMT,12,0.044654,0.047335,0.040785,0.518712,0.040808,0.553711,-0.040494,-0.454150,0.047183,-0.046463,0.573079,-0.452648,0.518690,-0.451407,-0.449925,1.050255
3,DMT,13,0.055109,0.041848,0.044937,0.507161,0.044965,0.594698,-0.044663,-0.439307,0.041707,-0.041320,0.555792,-0.443993,0.506486,-0.440881,-0.444895,1.021974
3,DMT,14,0.050553,0.047942,0.043206,0.514525,0.043450,0.587660,-0.042857,-0.443003,0.048076,-0.047641,0.543735,-0.447971,0.514898,-0.441371,-0.448647,1.019076
3,DMT,15,0.044816,0.041621,0.041274,0.531394,0.041334,0.611532,-0.040939,-0.460336,0.041568,-0.041365,0.557597,-0.463285,0.530301,-0.457669,-0.465713,1.055379
3,DMT,16,0.051935,0.052202,0.043214,0.550073,0.043098,0.588706,-0.042715,-0.478506,0.051992,-0.051574,0.598406,-0.473137,0.547119,-0.471866,-0.475453,1.083509
3,DMT,17,0.047397,0.038856,0.037945,0.536908,0.037956,0.619187,-0.037702,-0.479009,0.038768,-0.038584,0.587357,-0.481210,0.536892,-0.479588,-0.481378,1.081028
3,DMT,18,0.041596,0.040643,0.045002,0.497139,0.044987,0.551804,-0.044412,-0.429794,0.040649,-0.040161,0.542149,-0.429626,0.497440,-0.430575,-0.431349,0.990220
3,DMT,19,0.058889,0.046960,0.048495,0.536557,0.048501,0.633743,-0.047969,-0.453747,0.047115,-0.046529,0.592318,-0.452833,0.536554,-0.453356,-0.456580,1.046864
3,DMT,20,0.048225,0.042220,0.044643,0.508415,0.044591,0.583821,-0.044016,-0.440940,0.042180,-0.041778,0.539935,-0.446446,0.508358,-0.442477,-0.444713,1.013420
3,DMT,21,0.044858,0.041154,0.049630,0.518725,0.049622,0.580887,-0.049247,-0.442673,0.041233,-0.040794,0.559217,-0.448756,0.516085,-0.442302,-0.443118,1.038729
3,DMT,22,0.039154,0.040750,0.041226,0.458706,0.041090,0.498005,-0.040653,-0.397418,0.040753,-0.040183,0.509077,-0.396309,0.458885,-0.396367,-0.395428,0.926019
3,DMT,23,0.062188,0.047178,0.044106,0.524660,0.044160,0.606956,-0.043566,-0.459525,0.047036,-0.046634,0.557555,-0.463819,0.522312,-0.457230,-0.463121,1.063648
3,DMT,24,0.043164,0.044941,0.043938,0.485345,0.043866,0.536780,-0.043341,-0.416051,0.044779,-0.043903,0.540477,-0.415971,0.484354,-0.416286,-0.417576,0.985954
3,DMT,25,0.065227,0.041410,0.040366,0.526267,0.040395,0.610396,-0.040058,-0.464744,0.041492,-0.041077,0.617822,-0.467720,0.525134,-0.465848,-0.465953,1.066809
3,DMT,26,0.047109,0.043828,0.039544,0.518869,0.039577,0.588149,-0.039423,-0.455022,0.043966,-0.043297,0.576123,-0.453768,0.519864,-0.452612,-0.455651,1.041265
3,DMT,27,0.048041,0.046928,0.043388,0.505564,0.043312,0.548858,-0.042963,-0.439382,0.046963,-0.046353,0.559860,-0.436474,0.505331,-0.436407,-0.438634,1.018087
3,PCB,0,0.059100,0.044220,0.049635,0.508242,0.049505,0.551549,-0.048844,-0.443881,0.044084,-0.043570,0.586297,-0.442175,0.503925,-0.442111,-0.436593,1.021830
3,PCB,1,0.044483,0.046674,0.051486,0.517454,0.051299,0.530948,-0.050457,-0.443433,0.046596,-0.045835,0.530733,-0.444379,0.515973,-0.441840,-0.443266,1.031716
3,PCB,2,0.043395,0.042567,0.041838,0.526147,0.041838,0.575001,-0.041503,-0.456308,0.042572,-0.042096,0.582040,-0.459296,0.525752,-0.455294,-0.459385,1.039912
3,PCB,3,0.041105,0.039702,0.042330,0.531390,0.042402,0.574609,-0.042099,-0.464833,0.039675,-0.039459,0.577492,-0.465083,0.529654,-0.464996,-0.463549,1.062642
3,PCB,4,0.037869,0.039625,0.039197,0.503804,0.039256,0.563000,-0.038602,-0.434761,0.039537,-0.039260,0.556511,-0.436520,0.502530,-0.434613,-0.435112,1.009621
3,PCB,5,0.086688,0.048540,0.053849,0.516495,0.053818,0.598115,-0.052897,-0.451437,0.048392,-0.047771,0.587904,-0.454393,0.514805,-0.452927,-0.452656,1.057372
3,PCB,6,0.055033,0.043347,0.040744,0.494875,0.040770,0.558874,-0.040232,-0.437258,0.043480,-0.043001,0.576118,-0.432613,0.498029,-0.436471,-0.435015,1.006507
3,PCB,7,0.039335,0.038435,0.038215,0.502496,0.038152,0.565154,-0.037823,-0.443645,0.038411,-0.038080,0.559893,-0.439354,0.502630,-0.441663,-0.440330,1.014137
3,PCB,8,0.047857,0.040927,0.039808,0.526482,0.039677,0.613197,-0.039586,-0.461769,0.041024,-0.040695,0.576601,-0.465069,0.526089,-0.459745,-0.465235,1.053353
3,PCB,9,0.046558,0.042716,0.042448,0.523342,0.042487,0.603926,-0.042024,-0.454207,0.042670,-0.042324,0.580569,-0.454407,0.524301,-0.455540,-0.453608,1.043507
3,PCB,10,0.049595,0.040473,0.041089,0.525044,0.041038,0.626259,-0.040783,-0.456092,0.040390,-0.039958,0.599784,-0.462127,0.525596,-0.458187,-0.461958,1.055030
3,PCB,11,0.042056,0.039260,0.040041,0.507502,0.040185,0.574096,-0.039680,-0.442160,0.039405,-0.038762,0.561167,-0.443925,0.504822,-0.444349,-0.445875,1.023052
3,PCB,12,0.060346,0.041695,0.040216,0.583835,0.040185,0.675783,-0.039955,-0.522091,0.041826,-0.041456,0.643168,-0.520361,0.585642,-0.519238,-0.522563,1.174213
3,PCB,13,0.074022,0.040265,0.041532,0.574180,0.041537,0.676023,-0.041226,-0.514014,0.040187,-0.040015,0.677332,-0.514094,0.576070,-0.516494,-0.513306,1.150892
3,PCB,14,0.068987,0.043678,0.044426,0.615566,0.044499,0.704940,-0.044286,-0.547612,0.043485,-0.043202,0.667266,-0.548982,0.614857,-0.549810,-0.552458,1.246801
3,PCB,15,0.077490,0.049812,0.044200,0.588455,0.044353,0.689227,-0.044055,-0.517447,0.049767,-0.049202,0.647347,-0.519836,0.590314,-0.517247,-0.524612,1.177228
3,PCB,16,0.053172,0.039364,0.040728,0.520927,0.040669,0.586799,-0.040481,-0.460619,0.039298,-0.038997,0.593061,-0.460807,0.518693,-0.461649,-0.461136,1.047649
3,PCB,17,0.044143,0.040120,0.044608,0.483131,0.044702,0.568749,-0.044130,-0.414347,0.039960,-0.039691,0.534080,-0.420014,0.486006,-0.421534,-0.422202,0.978426
3,PCB,18,0.040191,0.043982,0.044829,0.482329,0.044894,0.537909,-0.044072,-0.407950,0.043891,-0.043341,0.518777,-0.407913,0.481120,-0.406634,-0.410081,0.964646
3,PCB,19,0.068964,0.050322,0.047212,0.535099,0.047224,0.606227,-0.046774,-0.460501,0.050320,-0.049473,0.607191,-0.465285,0.535833,-0.462141,-0.463211,1.066547
3,PCB,20,0.066500,0.049989,0.049288,0.602832,0.049266,0.665777,-0.048663,-0.523937,0.050046,-0.049179,0.643602,-0.525118,0.601918,-0.524398,-0.525139,1.201049
3,PCB,21,0.059032,0.046967,0.043293,0.546097,0.043315,0.632708,-0.042863,-0.476324,0.046946,-0.046660,0.610008,-0.477973,0.545369,-0.476766,-0.480354,1.092311
3,PCB,22,0.043796,0.038455,0.042967,0.520482,0.042775,0.563373,-0.042452,-0.455752,0.038338,-0.038191,0.569622,-0.456712,0.519161,-0.457711,-0.455699,1.044048
3,PCB,23,0.040020,0.046946,0.048907,0.500942,0.048886,0.540155,-0.048241,-0.418013,0.046854,-0.046152,0.523042,-0.423032,0.503625,-0.420879,-0.425348,0.996300
3,PCB,24,0.052293,0.042687,0.041446,0.583945,0.041560,0.651069,-0.041211,-0.516756,0.042544,-0.042278,0.634260,-0.517144,0.584192,-0.517175,-0.517507,1.159435
3,PCB,25,0.057932,0.048606,0.043537,0.567411,0.043435,0.593335,-0.043190,-0.501860,0.048733,-0.048016,0.629289,-0.498776,0.569385,-0.504275,-0.498549,1.152130
3,PCB,26,0.045699,0.043966,0.038761,0.555515,0.038818,0.607212,-0.038312,-0.486870,0.043949,-0.043564,0.609482,-0.486668,0.552356,-0.484947,-0.484659,1.109602
3,PCB,27,0.046025,0.046127,0.041258,0.551611,0.041305,0.607298,-0.040902,-0.481896,0.046138,-0.045652,0.588100,-0.482977,0.549491,-0.479581,-0.483185,1.098676
4,DMT,0,0.073802,0.051979,0.048915,0.586284,0.048871,0.630501,-0.048466,-0.516017,0.051918,-0.051386,0.632036,-0.514665,0.584163,-0.512447,-0.514469,1.171450
4,DMT,1,0.041226,0.039152,0.041623,0.558722,0.041763,0.618410,-0.041495,-0.489921,0.039189,-0.038833,0.578827,-0.493573,0.561014,-0.493269,-0.494800,1.112165
4,DMT,2,0.044552,0.049662,0.039929,0.500555,0.039894,0.548912,-0.039584,-0.434532,0.049785,-0.049149,0.511195,-0.436821,0.499329,-0.429412,-0.437463,1.014174
4,DMT,3,0.064337,0.053549,0.055964,0.470479,0.055998,0.533387,-0.054998,-0.389196,0.053399,-0.052613,0.510489,-0.392428,0.467282,-0.389146,-0.390486,0.933907
4,DMT,4,0.040283,0.038883,0.045412,0.488094,0.045187,0.523422,-0.044637,-0.419541,0.038938,-0.038436,0.560062,-0.416080,0.487864,-0.421191,-0.416714,0.984425
4,DMT,5,0.061660,0.043841,0.042431,0.541148,0.042570,0.621276,-0.042044,-0.480964,0.043854,-0.043581,0.594691,-0.480310,0.541532,-0.477717,-0.481891,1.088651
4,DMT,6,0.040243,0.043428,0.040484,0.513191,0.040401,0.567279,-0.040105,-0.444353,0.043469,-0.043036,0.564692,-0.445916,0.514058,-0.444465,-0.444393,1.022952
4,DMT,7,0.052515,0.047969,0.040162,0.518422,0.040061,0.577013,-0.039737,-0.450030,0.047832,-0.047087,0.590914,-0.448464,0.512249,-0.446010,-0.445981,1.040932
4,DMT,8,0.046854,0.041018,0.039043,0.535203,0.039099,0.599952,-0.038710,-0.471769,0.040993,-0.040481,0.594150,-0.472930,0.538478,-0.472940,-0.474694,1.076139
4,DMT,9,0.035628,0.043077,0.043484,0.475050,0.043371,0.511138,-0.042898,-0.401915,0.042947,-0.042354,0.518907,-0.398729,0.473559,-0.400412,-0.399624,0.953383
4,DMT,10,0.032850,0.037724,0.040889,0.461902,0.040915,0.518500,-0.040247,-0.398027,0.037789,-0.037063,0.487087,-0.395278,0.462365,-0.396509,-0.397440,0.930156
4,DMT,11,0.033964,0.044119,0.040069,0.415092,0.039934,0.448976,-0.039294,-0.350650,0.044116,-0.043238,0.454098,-0.349078,0.416055,-0.351651,-0.350193,0.839600
4,DMT,12,0.062712,0.071399,0.048071,0.406331,0.047677,0.448789,-0.045654,-0.328125,0.071373,-0.068188,0.427770,-0.329841,0.411028,-0.332168,-0.336464,0.862533
4,DMT,13,0.041874,0.048766,0.048654,0.499517,0.048930,0.524614,-0.048126,-0.419858,0.049006,-0.048201,0.531006,-0.418912,0.499916,-0.420613,-0.418663,0.980796
4,DMT,14,0.049166,0.039131,0.046733,0.519476,0.046764,0.585295,-0.046296,-0.457277,0.038967,-0.038596,0.566307,-0.461572,0.519118,-0.458010,-0.460098,1.052262
4,DMT,15,0.047771,0.040543,0.046301,0.532401,0.046318,0.592729,-0.045739,-0.460460,0.040508,-0.040204,0.578730,-0.466844,0.533783,-0.464797,-0.465567,1.081214
4,DMT,16,0.056262,0.044965,0.043284,0.470983,0.043159,0.556303,-0.042580,-0.408918,0.045042,-0.044215,0.523262,-0.409576,0.471306,-0.406662,-0.412019,0.969990
4,DMT,17,0.031490,0.042298,0.040373,0.457397,0.040445,0.488704,-0.039644,-0.391742,0.042370,-0.041791,0.489439,-0.388937,0.456526,-0.390410,-0.391968,0.921258
4,DMT,18,0.045102,0.040083,0.043818,0.501354,0.043796,0.545761,-0.043123,-0.437990,0.040172,-0.039741,0.560011,-0.434933,0.502528,-0.439583,-0.438194,1.017065
4,DMT,19,0.079863,0.059154,0.057630,0.516009,0.057550,0.564147,-0.056301,-0.441294,0.059291,-0.057987,0.559881,-0.440527,0.518772,-0.444100,-0.441987,1.053702
4,DMT,20,0.051352,0.047283,0.045937,0.527820,0.045974,0.568320,-0.045372,-0.455756,0.047326,-0.046899,0.589599,-0.455169,0.525693,-0.454741,-0.454605,1.045134
4,DMT,21,0.072472,0.049578,0.045895,0.553304,0.045993,0.616754,-0.045521,-0.486933,0.049683,-0.048979,0.608348,-0.488863,0.554917,-0.488118,-0.491166,1.119656
4,DMT,22,0.049495,0.044080,0.044503,0.521487,0.044463,0.580308,-0.044141,-0.455875,0.044032,-0.043624,0.563590,-0.458139,0.521213,-0.456728,-0.457652,1.059824
4,DMT,23,0.050038,0.039516,0.044266,0.495195,0.044178,0.570673,-0.043404,-0.432938,0.039451,-0.038895,0.576854,-0.432776,0.497881,-0.430218,-0.432385,1.012497
4,DMT,24,0.050182,0.043064,0.046134,0.561179,0.046210,0.588974,-0.045579,-0.494478,0.043091,-0.042557,0.625941,-0.490499,0.559215,-0.492906,-0.488963,1.123885
4,DMT,25,0.054821,0.047996,0.051811,0.473836,0.051849,0.517873,-0.050965,-0.406972,0.048095,-0.046898,0.532523,-0.402460,0.472658,-0.406022,-0.402128,0.970424
4,DMT,26,0.046199,0.044500,0.046001,0.504813,0.046140,0.556700,-0.045379,-0.434102,0.044423,-0.043901,0.540906,-0.436555,0.505186,-0.434396,-0.436038,1.022741
4,DMT,27,0.056761,0.045377,0.044107,0.569979,0.044023,0.670041,-0.043804,-0.495732,0.045207,-0.045012,0.612478,-0.502483,0.572086,-0.498780,-0.502255,1.130021
4,PCB,0,0.044783,0.049798,0.047599,0.474804,0.047483,0.502857,-0.046629,-0.395346,0.049825,-0.048515,0.504748,-0.396353,0.477846,-0.399081,-0.401254,0.979825
4,PCB,1,0.060763,0.046170,0.051438,0.543307,0.051308,0.575799,-0.050852,-0.470864,0.046202,-0.045761,0.604816,-0.474060,0.547033,-0.477796,-0.470777,1.093942
4,PCB,2,0.058234,0.055531,0.045224,0.514608,0.045471,0.540197,-0.044682,-0.442538,0.055606,-0.054788,0.553870,-0.441037,0.515748,-0.439878,-0.440958,1.055988
4,PCB,3,0.071218,0.053873,0.047836,0.493621,0.047733,0.547853,-0.047066,-0.435525,0.054069,-0.052880,0.564912,-0.432027,0.496682,-0.437021,-0.434130,1.026379
4,PCB,4,0.069904,0.048891,0.048866,0.572316,0.048817,0.625240,-0.048163,-0.500279,0.048763,-0.048303,0.625105,-0.496855,0.568616,-0.496769,-0.494857,1.135439
4,PCB,5,0.105336,0.052563,0.047098,0.542007,0.047106,0.656052,-0.046391,-0.485493,0.052592,-0.052097,0.638821,-0.480344,0.541705,-0.481821,-0.486458,1.128887
4,PCB,6,0.065876,0.056176,0.054937,0.493614,0.054775,0.524678,-0.053780,-0.415843,0.055760,-0.054233,0.527517,-0.417852,0.492777,-0.417760,-0.417939,1.009524
4,PCB,7,0.076990,0.046215,0.047664,0.495492,0.047738,0.593712,-0.047231,-0.433881,0.046330,-0.045869,0.585543,-0.434540,0.498039,-0.436991,-0.435907,1.009599
4,PCB,8,0.059873,0.053571,0.049017,0.454469,0.049524,0.530298,-0.048066,-0.386127,0.053212,-0.051885,0.493318,-0.385284,0.455773,-0.386201,-0.388835,0.932057
4,PCB,9,0.034060,0.049104,0.045765,0.397138,0.045544,0.435416,-0.044456,-0.316484,0.048750,-0.047101,0.413482,-0.317512,0.397955,-0.317287,-0.319862,0.808970
4,PCB,10,0.049643,0.049742,0.051414,0.479168,0.051527,0.509458,-0.050614,-0.407098,0.049810,-0.048756,0.501897,-0.406997,0.479854,-0.408735,-0.409275,0.979833
4,PCB,11,0.046648,0.044552,0.048346,0.471875,0.048210,0.513947,-0.046859,-0.404676,0.044230,-0.043544,0.503396,-0.402047,0.469752,-0.402429,-0.404688,0.973002
4,PCB,12,0.054951,0.044084,0.044568,0.513278,0.044519,0.606957,-0.043833,-0.445529,0.044105,-0.043622,0.560539,-0.450933,0.512259,-0.444955,-0.448281,1.040566
4,PCB,13,0.060991,0.050344,0.059766,0.471178,0.059430,0.487797,-0.058296,-0.402078,0.050681,-0.049156,0.503807,-0.401572,0.470821,-0.402260,-0.401075,0.976454
4,PCB,14,0.064999,0.050059,0.053099,0.506759,0.052965,0.565500,-0.052192,-0.438174,0.050028,-0.049313,0.544852,-0.440909,0.504530,-0.437355,-0.436866,1.037783
4,PCB,15,0.063191,0.046639,0.038379,0.529464,0.038506,0.624429,-0.038289,-0.472060,0.046628,-0.046251,0.602496,-0.470053,0.532579,-0.468443,-0.472796,1.083679
4,PCB,16,0.076140,0.060063,0.052125,0.560351,0.052163,0.670884,-0.051795,-0.462356,0.060026,-0.059530,0.579969,-0.475460,0.557354,-0.459178,-0.476170,1.079847
4,PCB,17,0.047532,0.053829,0.050685,0.481063,0.050793,0.512615,-0.049443,-0.407205,0.053836,-0.052500,0.489642,-0.406081,0.483611,-0.405104,-0.408264,0.978792
4,PCB,18,0.080822,0.052389,0.058657,0.504929,0.059073,0.607664,-0.057682,-0.422780,0.052294,-0.051725,0.533073,-0.434419,0.505423,-0.426236,-0.435467,1.030444
4,PCB,19,0.049973,0.046528,0.044290,0.453538,0.044229,0.526453,-0.043649,-0.390264,0.046560,-0.045871,0.513384,-0.388424,0.453245,-0.389863,-0.389410,0.939067
4,PCB,20,0.056419,0.040028,0.041284,0.567589,0.041227,0.662337,-0.041003,-0.501914,0.039917,-0.039678,0.634160,-0.503719,0.564655,-0.501323,-0.502236,1.139309
4,PCB,21,0.048771,0.042606,0.041029,0.493455,0.040968,0.558264,-0.040510,-0.426491,0.042625,-0.042109,0.582249,-0.424490,0.490926,-0.427219,-0.420786,1.000460
4,PCB,22,0.057386,0.044221,0.046571,0.563440,0.046554,0.615912,-0.045897,-0.495010,0.044149,-0.043679,0.603800,-0.496528,0.565036,-0.496485,-0.496277,1.134463
4,PCB,23,0.043522,0.044988,0.048974,0.494052,0.048894,0.533778,-0.048399,-0.421392,0.044932,-0.044324,0.527940,-0.426907,0.493554,-0.422692,-0.424509,1.002550
4,PCB,24,0.041588,0.044293,0.040433,0.452257,0.040237,0.546224,-0.039870,-0.387702,0.044157,-0.043280,0.483297,-0.393436,0.451821,-0.387133,-0.393602,0.927473
4,PCB,25,0.040626,0.040390,0.040020,0.509198,0.039954,0.570499,-0.039550,-0.446816,0.040346,-0.039793,0.557947,-0.446113,0.508748,-0.444108,-0.445874,1.017458
4,PCB,26,0.041519,0.043006,0.043077,0.538570,0.043155,0.592117,-0.042651,-0.464089,0.043048,-0.042753,0.568627,-0.468142,0.539526,-0.463835,-0.468250,1.071497
4,PCB,27,0.050666,0.042273,0.044819,0.509654,0.044678,0.555862,-0.044329,-0.445913,0.042253,-0.041947,0.559187,-0.447697,0.509865,-0.448736,-0.448532,1.031979
5,DMT,0,0.041172,0.048869,0.043438,0.518998,0.043470,0.557124,-0.042923,-0.441900,0.048664,-0.048292,0.551429,-0.439553,0.518894,-0.438046,-0.440102,1.025459
5,DMT,1,0.041846,0.045528,0.042673,0.527357,0.042676,0.577603,-0.042304,-0.451570,0.045517,-0.045068,0.565502,-0.453479,0.526202,-0.449817,-0.452416,1.042191
5,DMT,2,0.079434,0.050319,0.050572,0.512184,0.050738,0.634287,-0.049975,-0.439564,0.050254,-0.049255,0.535442,-0.451749,0.512118,-0.444006,-0.450218,1.036644
5,DMT,3,0.080946,0.060260,0.061160,0.520983,0.061558,0.575077,-0.059524,-0.434875,0.060077,-0.058865,0.535973,-0.440997,0.523529,-0.434748,-0.441470,1.060369
5,DMT,4,0.046978,0.048038,0.044994,0.473152,0.044996,0.526392,-0.044428,-0.396320,0.048042,-0.047273,0.522122,-0.398011,0.471523,-0.396229,-0.396329,0.950397
5,DMT,5,0.049521,0.038478,0.041463,0.533804,0.041261,0.614736,-0.040701,-0.471923,0.038402,-0.037665,0.617408,-0.471182,0.533156,-0.474157,-0.471477,1.085046
5,DMT,6,0.061763,0.050354,0.055594,0.480589,0.055696,0.542095,-0.054437,-0.406258,0.050300,-0.049375,0.504779,-0.411932,0.481110,-0.409967,-0.411250,0.990627
5,DMT,7,0.062618,0.042960,0.046841,0.576067,0.046976,0.650861,-0.046423,-0.509772,0.042986,-0.042470,0.631679,-0.511614,0.575277,-0.510002,-0.510005,1.153952
5,DMT,8,0.084198,0.051894,0.046861,0.619611,0.046840,0.703321,-0.046612,-0.546541,0.051959,-0.051735,0.660713,-0.552052,0.621804,-0.546677,-0.552781,1.232002
5,DMT,9,0.043326,0.038841,0.039428,0.500920,0.039340,0.598962,-0.039058,-0.437354,0.038787,-0.038484,0.564192,-0.438845,0.499526,-0.435888,-0.438361,1.006763
5,DMT,10,0.042504,0.044143,0.045890,0.480436,0.045660,0.540590,-0.045395,-0.407469,0.044078,-0.043493,0.531164,-0.408438,0.477884,-0.404160,-0.406595,0.963535
5,DMT,11,0.044557,0.048093,0.044528,0.472748,0.044665,0.525485,-0.043519,-0.400784,0.048150,-0.047358,0.493428,-0.404044,0.471381,-0.398747,-0.402810,0.957025
5,DMT,12,0.033098,0.043708,0.042754,0.455371,0.042985,0.514849,-0.042510,-0.377489,0.043622,-0.043028,0.464743,-0.386769,0.457759,-0.381819,-0.388523,0.912137
5,DMT,13,0.032337,0.037857,0.039181,0.457448,0.039093,0.522274,-0.038693,-0.387239,0.037866,-0.037343,0.496650,-0.392514,0.458532,-0.389934,-0.391584,0.916155
5,DMT,14,0.049067,0.043379,0.042523,0.524670,0.042640,0.605179,-0.042230,-0.454743,0.043270,-0.043032,0.562169,-0.462191,0.525078,-0.456830,-0.462413,1.054374
5,DMT,15,0.043315,0.044671,0.043843,0.520151,0.043741,0.556481,-0.043448,-0.451684,0.044644,-0.044103,0.543267,-0.451759,0.517319,-0.448167,-0.450589,1.033425
5,DMT,16,0.051653,0.043960,0.045415,0.525523,0.045331,0.572069,-0.045054,-0.459809,0.043977,-0.043664,0.566105,-0.460022,0.526930,-0.461291,-0.459882,1.051775
5,DMT,17,0.038589,0.041508,0.040435,0.498304,0.040568,0.570264,-0.040031,-0.426359,0.041544,-0.041064,0.545694,-0.428749,0.500353,-0.428560,-0.431528,0.998027
5,DMT,18,0.037814,0.038769,0.038792,0.494701,0.038801,0.557931,-0.038524,-0.432023,0.038765,-0.038441,0.555597,-0.432162,0.494767,-0.430731,-0.430758,0.981955
5,DMT,19,0.037090,0.039840,0.043927,0.492459,0.043949,0.539500,-0.043486,-0.421358,0.039748,-0.039418,0.542651,-0.422794,0.492086,-0.421889,-0.422663,0.979612
5,DMT,20,0.038514,0.042662,0.047745,0.519799,0.047610,0.547127,-0.046994,-0.439736,0.042681,-0.042340,0.585326,-0.434983,0.520002,-0.440394,-0.435208,1.023763
5,DMT,21,0.043601,0.043836,0.047218,0.519252,0.046986,0.562536,-0.046380,-0.444838,0.043682,-0.042996,0.573820,-0.444097,0.516482,-0.446021,-0.441259,1.042659
5,DMT,22,0.035525,0.039409,0.040032,0.460214,0.039839,0.502923,-0.039610,-0.395340,0.039318,-0.038850,0.517664,-0.392156,0.459316,-0.396611,-0.393367,0.924720
5,DMT,23,0.033999,0.048480,0.051679,0.428972,0.051993,0.433969,-0.050634,-0.346807,0.048279,-0.047432,0.448158,-0.346733,0.428194,-0.345295,-0.342197,0.853585
5,DMT,24,0.037262,0.046706,0.040623,0.478467,0.040576,0.497607,-0.040172,-0.407944,0.046813,-0.046108,0.510598,-0.405338,0.478883,-0.406839,-0.407713,0.956417
5,DMT,25,0.056491,0.047373,0.044248,0.519362,0.044177,0.578175,-0.043844,-0.453455,0.047418,-0.046957,0.567285,-0.453916,0.520064,-0.453378,-0.456037,1.039547
5,DMT,26,0.038909,0.042058,0.042720,0.494303,0.042630,0.534038,-0.042189,-0.423398,0.042087,-0.041779,0.544936,-0.421405,0.495542,-0.425206,-0.424589,0.992879
5,DMT,27,0.057963,0.052281,0.048405,0.552669,0.048571,0.608857,-0.047781,-0.470930,0.052243,-0.051612,0.587971,-0.474067,0.550438,-0.467687,-0.471919,1.088659
5,PCB,0,0.043403,0.042138,0.039095,0.521017,0.039030,0.578406,-0.038893,-0.460046,0.042142,-0.041868,0.559357,-0.460024,0.519415,-0.457953,-0.458789,1.048032
5,PCB,1,0.047122,0.046083,0.045046,0.473134,0.045268,0.504757,-0.044452,-0.405988,0.046075,-0.045509,0.528823,-0.406570,0.473506,-0.404777,-0.404759,0.956272
5,PCB,2,0.051024,0.044247,0.042355,0.497920,0.042358,0.560832,-0.041883,-0.431945,0.044168,-0.043926,0.554210,-0.433772,0.495968,-0.430314,-0.431580,1.004152
5,PCB,3,0.059957,0.042671,0.050331,0.527438,0.050365,0.607219,-0.049617,-0.452337,0.042669,-0.042425,0.572451,-0.455720,0.526973,-0.454236,-0.454262,1.051701
5,PCB,4,0.037968,0.043030,0.042093,0.507616,0.042124,0.561376,-0.041664,-0.434320,0.043124,-0.042547,0.559241,-0.430716,0.508313,-0.433408,-0.433547,1.005239
5,PCB,5,0.041579,0.038269,0.041959,0.528125,0.041995,0.588245,-0.041635,-0.462656,0.038288,-0.038124,0.575089,-0.464034,0.528846,-0.462149,-0.465089,1.057984
5,PCB,6,0.048389,0.039860,0.042425,0.514138,0.042389,0.599515,-0.041905,-0.449216,0.039753,-0.039317,0.558441,-0.454645,0.515180,-0.451706,-0.451390,1.041658
5,PCB,7,0.071723,0.051742,0.052297,0.491748,0.052352,0.555894,-0.051559,-0.421962,0.051410,-0.050592,0.558633,-0.423391,0.491281,-0.423252,-0.423619,0.998980
5,PCB,8,0.046434,0.048196,0.045658,0.526682,0.045681,0.545183,-0.045038,-0.455225,0.048229,-0.047521,0.579455,-0.455404,0.527667,-0.457934,-0.454706,1.060315
5,PCB,9,0.069943,0.048689,0.049401,0.572714,0.049309,0.656091,-0.049117,-0.499300,0.048702,-0.048446,0.628836,-0.502158,0.574611,-0.500395,-0.501629,1.129833
5,PCB,10,0.079384,0.055013,0.044409,0.528372,0.044422,0.598229,-0.043771,-0.467137,0.055108,-0.054423,0.604374,-0.463538,0.533525,-0.466793,-0.470912,1.074989
5,PCB,11,0.070750,0.057328,0.049792,0.518572,0.049772,0.556952,-0.048993,-0.448947,0.057566,-0.056832,0.583460,-0.445934,0.521100,-0.451294,-0.445539,1.047148
5,PCB,12,0.090623,0.081942,0.061476,0.380348,0.061362,0.382504,-0.058778,-0.301790,0.082276,-0.078240,0.400461,-0.300977,0.382332,-0.302517,-0.302536,0.876835
5,PCB,13,0.045554,0.052868,0.048264,0.454252,0.048508,0.477980,-0.047642,-0.379690,0.052551,-0.051753,0.466712,-0.382623,0.454266,-0.380038,-0.383600,0.913735
5,PCB,14,0.039394,0.040316,0.041823,0.495775,0.041925,0.555259,-0.041523,-0.424263,0.040062,-0.039760,0.530196,-0.430514,0.496776,-0.427609,-0.429962,0.994039
5,PCB,15,0.049643,0.053703,0.044728,0.529970,0.044791,0.592004,-0.044345,-0.449469,0.053751,-0.052736,0.556589,-0.449138,0.530321,-0.444180,-0.453484,1.061512
5,PCB,16,0.048494,0.046519,0.045833,0.512720,0.045919,0.561396,-0.045513,-0.441663,0.046652,-0.046093,0.569033,-0.437797,0.513376,-0.442795,-0.438393,1.020073
5,PCB,17,0.070163,0.054735,0.057426,0.510282,0.057366,0.561779,-0.055778,-0.431672,0.054750,-0.054056,0.546341,-0.433304,0.510320,-0.432174,-0.432396,1.016036
5,PCB,18,0.055406,0.039554,0.043960,0.542726,0.043970,0.595938,-0.043382,-0.481560,0.039523,-0.039241,0.622999,-0.478633,0.541652,-0.480383,-0.479983,1.093202
5,PCB,19,0.054471,0.041924,0.045216,0.508954,0.045335,0.580426,-0.044661,-0.443347,0.041915,-0.041628,0.569901,-0.445312,0.507842,-0.442612,-0.442203,1.025596
5,PCB,20,0.046825,0.039320,0.044291,0.496582,0.044163,0.561643,-0.043716,-0.426017,0.039256,-0.038809,0.549054,-0.435158,0.494928,-0.429033,-0.429852,0.991340
5,PCB,21,0.049535,0.039343,0.038096,0.550381,0.038217,0.671178,-0.037944,-0.484913,0.039402,-0.039037,0.618169,-0.490930,0.554188,-0.489049,-0.492248,1.104501
5,PCB,22,0.055242,0.044257,0.043335,0.505442,0.043353,0.609051,-0.043151,-0.436029,0.044192,-0.043893,0.562008,-0.440714,0.507687,-0.437290,-0.441306,1.010550
5,PCB,23,0.044257,0.045122,0.038661,0.505579,0.038641,0.571924,-0.038496,-0.439787,0.045149,-0.044775,0.550547,-0.439812,0.502980,-0.435464,-0.440720,1.006567
5,PCB,24,0.041740,0.040255,0.042115,0.516985,0.042236,0.567303,-0.041784,-0.452380,0.040343,-0.039849,0.566493,-0.452643,0.518836,-0.453776,-0.453575,1.033822
5,PCB,25,0.044014,0.039142,0.041471,0.505394,0.041359,0.560873,-0.041116,-0.446936,0.039161,-0.038872,0.546211,-0.447677,0.507460,-0.446094,-0.446683,1.022057
5,PCB,26,0.044945,0.042924,0.040077,0.533491,0.040016,0.579853,-0.039832,-0.470179,0.042990,-0.042651,0.587107,-0.466731,0.534517,-0.469526,-0.469097,1.066815
5,PCB,27,0.062298,0.053323,0.049744,0.502169,0.049599,0.577709,-0.049143,-0.431028,0.053350,-0.052109,0.524284,-0.430738,0.502265,-0.427694,-0.433554,1.013124
6,DMT,0,0.066221,0.042606,0.046666,0.557994,0.046738,0.596345,-0.046291,-0.499182,0.042655,-0.042379,0.634525,-0.493505,0.559130,-0.498180,-0.495607,1.137172
6,DMT,1,0.042913,0.043821,0.044864,0.470958,0.044903,0.532921,-0.044396,-0.403260,0.043946,-0.043331,0.525076,-0.402811,0.472592,-0.402791,-0.404286,0.963710
6,DMT,2,0.067883,0.052125,0.043197,0.581770,0.043231,0.655733,-0.042630,-0.511836,0.052011,-0.051236,0.642889,-0.509443,0.583800,-0.513296,-0.514003,1.161838
6,DMT,3,0.058584,0.046812,0.042021,0.503674,0.042101,0.566832,-0.041151,-0.438565,0.047131,-0.046047,0.553253,-0.440697,0.501954,-0.439357,-0.441974,1.037401
6,DMT,4,0.076941,0.052051,0.055256,0.557502,0.055072,0.609625,-0.054615,-0.485197,0.051807,-0.051411,0.625883,-0.481736,0.555299,-0.481998,-0.480245,1.118838
6,DMT,5,0.127502,0.056408,0.069887,0.506040,0.070010,0.590931,-0.068727,-0.428813,0.056868,-0.055688,0.587417,-0.425923,0.512014,-0.435104,-0.429698,1.034914
6,DMT,6,0.049836,0.049996,0.042975,0.439848,0.042852,0.461554,-0.042250,-0.379523,0.049907,-0.049166,0.476292,-0.376662,0.439551,-0.378587,-0.379922,0.926636
6,DMT,7,0.067068,0.047476,0.042401,0.528222,0.042393,0.610033,-0.042028,-0.461775,0.047250,-0.046710,0.568843,-0.468321,0.528023,-0.463084,-0.469732,1.069530
6,DMT,8,0.048499,0.043533,0.042911,0.518478,0.043019,0.591891,-0.042430,-0.448687,0.043371,-0.042990,0.572627,-0.450628,0.516313,-0.447070,-0.451164,1.043915
6,DMT,9,0.045482,0.043840,0.039807,0.499341,0.039800,0.560213,-0.039407,-0.435447,0.043950,-0.043151,0.549159,-0.436201,0.498932,-0.433896,-0.436544,1.014342
6,DMT,10,0.035628,0.044103,0.043775,0.460475,0.043665,0.475239,-0.042833,-0.391600,0.044322,-0.043619,0.507817,-0.387454,0.459319,-0.390109,-0.386232,0.925804
6,DMT,11,0.033765,0.040431,0.044634,0.440271,0.044730,0.487886,-0.043912,-0.370735,0.040508,-0.039670,0.464717,-0.373023,0.439757,-0.370988,-0.370648,0.882994
6,DMT,12,0.041956,0.043457,0.041793,0.485919,0.041766,0.526691,-0.041379,-0.419865,0.043527,-0.042927,0.545852,-0.412842,0.484447,-0.417762,-0.414814,0.980901
6,DMT,13,0.045080,0.040130,0.042718,0.487740,0.042765,0.552395,-0.042354,-0.422960,0.040240,-0.039867,0.541121,-0.426226,0.488045,-0.425288,-0.424719,0.978051
6,DMT,14,0.050316,0.042279,0.053319,0.506203,0.053183,0.536519,-0.052672,-0.429168,0.042271,-0.041792,0.553515,-0.433654,0.507356,-0.434224,-0.431880,1.011038
6,DMT,15,0.039739,0.043531,0.049771,0.464243,0.049617,0.506942,-0.048566,-0.388812,0.043421,-0.042870,0.526847,-0.389316,0.464605,-0.389892,-0.385521,0.940518
6,DMT,16,0.052622,0.045357,0.046592,0.474141,0.046730,0.546464,-0.046197,-0.407442,0.045152,-0.044572,0.517319,-0.412696,0.473538,-0.408620,-0.411929,0.962283
6,DMT,17,0.046555,0.043755,0.042901,0.513975,0.042895,0.554248,-0.042650,-0.448774,0.043826,-0.043364,0.580857,-0.446125,0.514077,-0.450356,-0.446618,1.029523
6,DMT,18,0.038916,0.042485,0.043535,0.481638,0.043437,0.503273,-0.043033,-0.414483,0.042622,-0.042056,0.533473,-0.413360,0.483685,-0.413583,-0.412704,0.964559
6,DMT,19,0.051416,0.039803,0.042825,0.533192,0.042855,0.616575,-0.042563,-0.467102,0.039742,-0.039437,0.585306,-0.469461,0.528842,-0.468870,-0.465280,1.074993
6,DMT,20,0.041577,0.039925,0.037582,0.475905,0.037694,0.546160,-0.037289,-0.411225,0.039873,-0.039377,0.529756,-0.415828,0.477914,-0.412649,-0.416281,0.961712
6,DMT,21,0.058570,0.051671,0.053871,0.491550,0.053747,0.551713,-0.052847,-0.417373,0.051634,-0.050821,0.493041,-0.424183,0.491532,-0.416751,-0.425460,0.990964
6,DMT,22,0.042902,0.049919,0.049007,0.445099,0.048970,0.463964,-0.047846,-0.369398,0.049633,-0.048594,0.473263,-0.370592,0.444907,-0.371588,-0.371641,0.907510
6,DMT,23,0.033810,0.038555,0.043049,0.456607,0.043156,0.501363,-0.042296,-0.389411,0.038503,-0.038065,0.470818,-0.390472,0.453152,-0.387135,-0.389992,0.934762
6,DMT,24,0.045061,0.043438,0.041892,0.431810,0.041898,0.486760,-0.041109,-0.372159,0.043429,-0.042914,0.484176,-0.369685,0.428081,-0.369811,-0.369642,0.880528
6,DMT,25,0.050611,0.045618,0.048591,0.475414,0.048398,0.557910,-0.047461,-0.403496,0.045544,-0.044962,0.507303,-0.408277,0.474299,-0.402880,-0.406128,0.958704
6,DMT,26,0.043126,0.046388,0.049414,0.469164,0.049151,0.492318,-0.048320,-0.394429,0.046540,-0.045828,0.493276,-0.394758,0.466085,-0.392438,-0.390264,0.937427
6,DMT,27,0.072473,0.050118,0.045473,0.521878,0.045289,0.577235,-0.044671,-0.462480,0.049986,-0.049203,0.567495,-0.465240,0.520761,-0.461772,-0.463351,1.069406
6,PCB,0,0.049499,0.045752,0.045409,0.533809,0.045557,0.585453,-0.045201,-0.466160,0.045811,-0.044987,0.551287,-0.472161,0.535249,-0.467589,-0.471260,1.075803
6,PCB,1,0.046248,0.047135,0.052365,0.460744,0.052447,0.501202,-0.051182,-0.384624,0.047364,-0.046438,0.488484,-0.382979,0.460737,-0.374639,-0.388539,0.947256
6,PCB,2,0.046019,0.046726,0.042340,0.496332,0.042612,0.561689,-0.041790,-0.427426,0.046728,-0.046204,0.513806,-0.433045,0.495349,-0.426620,-0.430683,0.997416
6,PCB,3,0.084834,0.042927,0.051567,0.478804,0.051992,0.540782,-0.050614,-0.425797,0.043099,-0.042070,0.561971,-0.424496,0.476623,-0.425011,-0.426391,1.015769
6,PCB,4,0.057605,0.050955,0.049844,0.571363,0.049774,0.581963,-0.049260,-0.489581,0.050856,-0.050528,0.616776,-0.489008,0.569181,-0.490450,-0.488198,1.134166
6,PCB,5,0.080104,0.070463,0.070128,0.434436,0.069468,0.452150,-0.066982,-0.343443,0.071095,-0.068107,0.459170,-0.340666,0.437336,-0.344822,-0.341275,0.892166
6,PCB,6,0.036705,0.040884,0.046035,0.411791,0.045830,0.454630,-0.044796,-0.346867,0.040894,-0.039799,0.465553,-0.342468,0.415171,-0.344673,-0.349087,0.876095
6,PCB,7,0.074166,0.055425,0.055237,0.523363,0.055497,0.577367,-0.054734,-0.443037,0.055498,-0.054656,0.566093,-0.449343,0.524972,-0.448222,-0.448467,1.051536
6,PCB,8,0.053829,0.059083,0.054216,0.437316,0.054794,0.455764,-0.052560,-0.358253,0.059742,-0.056462,0.454977,-0.356760,0.436016,-0.355168,-0.355957,0.903002
6,PCB,9,0.044053,0.047559,0.043372,0.434559,0.043424,0.463098,-0.042528,-0.372480,0.047688,-0.046396,0.474518,-0.369343,0.435583,-0.372346,-0.371550,0.899323
6,PCB,10,0.032691,0.048625,0.048336,0.421206,0.048428,0.431870,-0.046272,-0.342191,0.048652,-0.046887,0.467094,-0.337722,0.421423,-0.342058,-0.338635,0.849666
6,PCB,11,0.057586,0.054466,0.053805,0.408602,0.053883,0.409243,-0.051437,-0.335937,0.054622,-0.052922,0.461437,-0.327992,0.403953,-0.332994,-0.326536,0.897358
6,PCB,12,0.059708,0.050563,0.050758,0.471119,0.050600,0.542125,-0.049469,-0.402053,0.049936,-0.048799,0.509418,-0.409523,0.470274,-0.407117,-0.404538,0.973750
6,PCB,13,0.055330,0.047404,0.049779,0.477596,0.049762,0.528528,-0.048731,-0.409020,0.047576,-0.046924,0.547138,-0.404518,0.482286,-0.410431,-0.406522,0.979501
6,PCB,14,0.057746,0.041494,0.050642,0.513649,0.050940,0.562680,-0.050132,-0.452168,0.041615,-0.041154,0.571151,-0.452795,0.521201,-0.457942,-0.451590,1.058795
6,PCB,15,0.053630,0.051502,0.057858,0.421014,0.057995,0.460476,-0.055622,-0.353653,0.051913,-0.049386,0.498890,-0.346029,0.423756,-0.353708,-0.348955,0.911623
6,PCB,16,0.050016,0.056900,0.050194,0.459832,0.050361,0.483314,-0.048861,-0.380669,0.057316,-0.055680,0.490605,-0.384573,0.461577,-0.382462,-0.383133,0.942020
6,PCB,17,0.045027,0.061294,0.045829,0.415406,0.045649,0.435634,-0.044781,-0.334562,0.061677,-0.059610,0.425202,-0.337280,0.412425,-0.335184,-0.336118,0.840972
6,PCB,18,0.107323,0.054718,0.062904,0.570631,0.062731,0.626476,-0.062126,-0.499183,0.054762,-0.054173,0.619069,-0.504092,0.571530,-0.502255,-0.499624,1.169702
6,PCB,19,0.062099,0.041075,0.045761,0.501630,0.046124,0.589384,-0.045492,-0.445033,0.041189,-0.040827,0.559481,-0.444642,0.504312,-0.444902,-0.445357,1.040560
6,PCB,20,0.055086,0.044999,0.047888,0.499267,0.047790,0.550020,-0.047279,-0.433528,0.045009,-0.044511,0.555197,-0.430613,0.498033,-0.432934,-0.428740,1.053386
6,PCB,21,0.035910,0.042943,0.044391,0.472121,0.044294,0.516137,-0.043682,-0.396356,0.043021,-0.042282,0.482169,-0.401089,0.473110,-0.398615,-0.398297,0.937105
6,PCB,22,0.048007,0.044898,0.049689,0.448873,0.049563,0.472594,-0.048609,-0.384604,0.044856,-0.043872,0.512692,-0.377653,0.449449,-0.384413,-0.380471,0.921295
6,PCB,23,0.043167,0.048416,0.054254,0.454714,0.054190,0.474339,-0.053510,-0.369886,0.048396,-0.047672,0.471123,-0.375119,0.453411,-0.371674,-0.373470,0.887911
6,PCB,24,0.052310,0.046576,0.050240,0.555007,0.050471,0.584384,-0.049643,-0.480768,0.046645,-0.046097,0.597831,-0.480158,0.553985,-0.481011,-0.477248,1.112084
6,PCB,25,0.032889,0.047353,0.040518,0.403757,0.040339,0.426019,-0.039610,-0.329806,0.047112,-0.045832,0.467092,-0.329801,0.402260,-0.331560,-0.329194,0.835717
6,PCB,26,0.060853,0.056370,0.052765,0.476249,0.052130,0.491424,-0.050882,-0.406844,0.056506,-0.054404,0.486154,-0.405441,0.473784,-0.405242,-0.405234,0.969617
6,PCB,27,0.045072,0.045412,0.051287,0.447907,0.051255,0.501915,-0.050110,-0.378377,0.045533,-0.044791,0.475318,-0.380460,0.448710,-0.380354,-0.384969,0.924339
7,DMT,0,0.050961,0.044453,0.040967,0.555603,0.040866,0.604429,-0.040397,-0.493048,0.044373,-0.043896,0.595933,-0.491789,0.552320,-0.488048,-0.494640,1.116337
7,DMT,1,0.038955,0.039134,0.044064,0.486399,0.043958,0.531350,-0.043268,-0.417805,0.039200,-0.038730,0.529357,-0.421167,0.487454,-0.421658,-0.420793,0.986425
7,DMT,2,0.051015,0.048142,0.048102,0.510605,0.048033,0.558882,-0.047655,-0.435757,0.048165,-0.047479,0.565669,-0.434783,0.511170,-0.435654,-0.437460,1.020757
7,DMT,3,0.057576,0.042934,0.046664,0.530082,0.046551,0.602081,-0.046019,-0.457601,0.042843,-0.042341,0.610255,-0.461918,0.529835,-0.461593,-0.457903,1.065731
7,DMT,4,0.057390,0.044671,0.039829,0.558171,0.039836,0.648096,-0.039252,-0.495514,0.044584,-0.044184,0.618100,-0.494912,0.555496,-0.493511,-0.495437,1.131499
7,DMT,5,0.054695,0.047324,0.049062,0.499464,0.048870,0.556798,-0.048031,-0.422338,0.046958,-0.046467,0.564258,-0.423270,0.499026,-0.427962,-0.422747,1.017258
7,DMT,6,0.064812,0.056003,0.054198,0.573120,0.054360,0.618266,-0.052924,-0.486273,0.056418,-0.055347,0.595602,-0.488454,0.576044,-0.486077,-0.493461,1.143432
7,DMT,7,0.104007,0.054107,0.052596,0.637981,0.052511,0.704245,-0.051918,-0.561919,0.054179,-0.053836,0.725604,-0.561534,0.638995,-0.561620,-0.562663,1.262561
7,DMT,8,0.041684,0.044726,0.047683,0.449106,0.047721,0.457226,-0.046618,-0.381327,0.044764,-0.043985,0.492782,-0.378049,0.449270,-0.383044,-0.377397,0.909446
7,DMT,9,0.034188,0.037872,0.041335,0.468754,0.041360,0.510601,-0.040791,-0.403501,0.037802,-0.037358,0.513728,-0.403671,0.468724,-0.402161,-0.401483,0.942895
7,DMT,10,0.039907,0.043599,0.042708,0.472210,0.042551,0.509785,-0.041840,-0.407583,0.043361,-0.042720,0.518778,-0.405617,0.470689,-0.406444,-0.407497,0.960141
7,DMT,11,0.038853,0.040364,0.040794,0.487132,0.040809,0.539818,-0.040377,-0.421939,0.040401,-0.039881,0.538025,-0.422113,0.488385,-0.421865,-0.423241,0.979162
7,DMT,12,0.039244,0.041234,0.048732,0.471396,0.048820,0.518324,-0.047672,-0.395351,0.041068,-0.040454,0.493927,-0.400699,0.470856,-0.395070,-0.400305,0.959477
7,DMT,13,0.043931,0.050449,0.040956,0.509419,0.040838,0.554490,-0.040442,-0.438054,0.050404,-0.049853,0.521559,-0.438980,0.508843,-0.435251,-0.441041,1.016211
7,DMT,14,0.031885,0.045026,0.048145,0.421765,0.048439,0.422454,-0.046870,-0.340392,0.045316,-0.043607,0.444042,-0.337100,0.423162,-0.341860,-0.335472,0.838525
7,DMT,15,0.040931,0.045418,0.041026,0.432430,0.040997,0.508421,-0.040342,-0.360570,0.045641,-0.044347,0.490605,-0.365784,0.432064,-0.364906,-0.367019,0.882858
7,DMT,16,0.035575,0.044327,0.042732,0.423708,0.042751,0.452645,-0.041922,-0.352635,0.044258,-0.043589,0.446041,-0.353310,0.425081,-0.353973,-0.352232,0.862178
7,DMT,17,0.048848,0.048147,0.048938,0.466072,0.048890,0.505671,-0.048116,-0.396177,0.048130,-0.047438,0.516453,-0.396525,0.464073,-0.395556,-0.394800,0.952521
7,DMT,18,0.027893,0.046522,0.041836,0.390830,0.041574,0.405270,-0.040648,-0.312943,0.046551,-0.045038,0.414020,-0.312379,0.391538,-0.315539,-0.312476,0.796945
7,DMT,19,0.049051,0.043234,0.043932,0.519513,0.043986,0.576189,-0.043359,-0.452547,0.043189,-0.042717,0.574778,-0.451733,0.517488,-0.451706,-0.450511,1.037471
7,DMT,20,0.043341,0.041250,0.041768,0.454459,0.041973,0.510237,-0.041104,-0.392370,0.041157,-0.040878,0.492878,-0.391134,0.458053,-0.391475,-0.396646,0.925234
7,DMT,21,0.054254,0.041391,0.047544,0.483213,0.047527,0.562693,-0.047011,-0.414322,0.041290,-0.040741,0.536422,-0.420407,0.482689,-0.417167,-0.418844,0.998359
7,DMT,22,0.054492,0.048578,0.046948,0.498165,0.046687,0.556668,-0.046003,-0.429216,0.048257,-0.047788,0.529863,-0.428269,0.495502,-0.430031,-0.429577,1.008000
7,DMT,23,0.057049,0.043128,0.048690,0.468430,0.048615,0.525525,-0.047990,-0.408932,0.042939,-0.042327,0.513110,-0.411194,0.468494,-0.410661,-0.409008,0.955699
7,DMT,24,0.073401,0.048341,0.049088,0.565462,0.049211,0.663898,-0.048627,-0.495176,0.048321,-0.047988,0.596538,-0.500861,0.560981,-0.493171,-0.500084,1.148701
7,DMT,25,0.041324,0.039846,0.039893,0.473335,0.039865,0.558578,-0.039103,-0.409617,0.039694,-0.039128,0.533128,-0.409173,0.471489,-0.407368,-0.411443,0.972350
7,DMT,26,0.051832,0.048325,0.054711,0.476398,0.054788,0.538456,-0.053571,-0.396427,0.048106,-0.046638,0.485828,-0.407313,0.476459,-0.400631,-0.406757,0.973281
7,DMT,27,0.050884,0.047781,0.037098,0.469793,0.037168,0.553632,-0.036625,-0.408417,0.047723,-0.046810,0.521280,-0.412366,0.468684,-0.410833,-0.413283,0.990888
7,PCB,0,0.057647,0.042717,0.050744,0.480062,0.050643,0.534030,-0.049800,-0.411180,0.042846,-0.042325,0.556203,-0.411844,0.480089,-0.412366,-0.409982,0.971470
7,PCB,1,0.061449,0.050643,0.051662,0.523975,0.051793,0.573811,-0.051338,-0.449578,0.050687,-0.050189,0.579981,-0.444502,0.520091,-0.446000,-0.444710,1.040920
7,PCB,2,0.075597,0.044967,0.050152,0.505224,0.050283,0.620221,-0.049550,-0.443677,0.044951,-0.044244,0.597939,-0.443017,0.508003,-0.443368,-0.445270,1.062044
7,PCB,3,0.055328,0.051007,0.050288,0.432394,0.050269,0.441301,-0.048727,-0.362969,0.050846,-0.049411,0.452771,-0.370149,0.430678,-0.368232,-0.371497,0.919430
7,PCB,4,0.059167,0.055504,0.050816,0.466531,0.050756,0.497714,-0.049929,-0.390674,0.055364,-0.054214,0.518030,-0.388640,0.472207,-0.387905,-0.392507,0.955020
7,PCB,5,0.037474,0.048216,0.053636,0.457276,0.053426,0.459463,-0.052397,-0.371353,0.048203,-0.047075,0.465591,-0.374118,0.459209,-0.376180,-0.373752,0.931198
7,PCB,6,0.112217,0.056218,0.064338,0.563076,0.064177,0.637929,-0.063462,-0.485775,0.056022,-0.055225,0.606471,-0.493745,0.562967,-0.487894,-0.490348,1.150093
7,PCB,7,0.053942,0.050233,0.047471,0.487975,0.047553,0.527518,-0.046883,-0.423740,0.050311,-0.049380,0.535571,-0.421572,0.488462,-0.420601,-0.424257,0.996685
7,PCB,8,0.041385,0.040039,0.043600,0.514416,0.043709,0.563386,-0.043015,-0.444714,0.040133,-0.039751,0.567598,-0.443371,0.515963,-0.443560,-0.445154,1.038178
7,PCB,9,0.041680,0.046155,0.047148,0.486926,0.047249,0.526230,-0.046570,-0.411645,0.046446,-0.045314,0.520659,-0.409971,0.487833,-0.412881,-0.410690,0.972102
7,PCB,10,0.072246,0.044381,0.051235,0.532785,0.051026,0.602434,-0.050159,-0.468145,0.044368,-0.043851,0.590151,-0.471350,0.530479,-0.468693,-0.465003,1.084736
7,PCB,11,0.071782,0.048663,0.046952,0.561077,0.047028,0.642387,-0.046312,-0.492769,0.048522,-0.048107,0.608266,-0.489775,0.555386,-0.488391,-0.490594,1.122325
7,PCB,12,0.062243,0.057723,0.053275,0.467482,0.053266,0.573701,-0.051691,-0.377522,0.057698,-0.056191,0.483087,-0.388015,0.470151,-0.379026,-0.391568,0.943760
7,PCB,13,0.052204,0.045626,0.047336,0.521627,0.047106,0.596141,-0.046476,-0.452960,0.045673,-0.045247,0.559551,-0.453389,0.521526,-0.448253,-0.456202,1.061704
7,PCB,14,0.061511,0.040774,0.054624,0.526010,0.054273,0.571181,-0.053705,-0.456646,0.040705,-0.040260,0.585938,-0.457020,0.524314,-0.458071,-0.453767,1.048258
7,PCB,15,0.082566,0.054368,0.051837,0.596664,0.051763,0.635382,-0.051437,-0.521364,0.054366,-0.054061,0.672110,-0.514794,0.599445,-0.524015,-0.516637,1.178559
7,PCB,16,0.072570,0.044438,0.048875,0.586602,0.048786,0.641520,-0.048422,-0.520591,0.044480,-0.044120,0.671064,-0.521596,0.587175,-0.523800,-0.521593,1.175666
7,PCB,17,0.071471,0.053893,0.052231,0.564784,0.052340,0.615298,-0.051511,-0.491006,0.053880,-0.052931,0.598969,-0.492210,0.564076,-0.489384,-0.494449,1.138379
7,PCB,18,0.086755,0.049412,0.050028,0.591885,0.050041,0.679905,-0.049590,-0.526384,0.049316,-0.049089,0.661794,-0.523010,0.593279,-0.528278,-0.525394,1.197974
7,PCB,19,0.119880,0.050060,0.060192,0.592574,0.060052,0.667719,-0.059710,-0.518247,0.050093,-0.049613,0.707536,-0.517171,0.587198,-0.520905,-0.517404,1.188776
7,PCB,20,0.048761,0.042612,0.045944,0.492371,0.045881,0.583474,-0.045401,-0.423775,0.042378,-0.041931,0.513708,-0.429289,0.492487,-0.425415,-0.431925,0.992006
7,PCB,21,0.102227,0.044593,0.054037,0.609062,0.054023,0.726487,-0.053683,-0.539417,0.044637,-0.044346,0.685083,-0.545460,0.613372,-0.546175,-0.548136,1.227777
7,PCB,22,0.066559,0.042859,0.051822,0.597244,0.051672,0.674984,-0.050986,-0.528533,0.042743,-0.042434,0.650337,-0.529774,0.599620,-0.529645,-0.526691,1.194612
7,PCB,23,0.060699,0.046599,0.043011,0.575503,0.043104,0.701583,-0.042742,-0.497948,0.046432,-0.045838,0.588200,-0.509540,0.576947,-0.500085,-0.511082,1.146574
7,PCB,24,0.063775,0.038674,0.045406,0.602823,0.045447,0.693492,-0.045096,-0.536191,0.038704,-0.038549,0.646719,-0.547713,0.602545,-0.539492,-0.545550,1.208709
7,PCB,25,0.066908,0.049258,0.047875,0.620066,0.047972,0.662478,-0.047581,-0.544211,0.049284,-0.049058,0.682436,-0.540170,0.620576,-0.544896,-0.539527,1.229237
7,PCB,26,0.051375,0.043885,0.045605,0.543228,0.045783,0.605806,-0.045136,-0.468976,0.043826,-0.043362,0.581534,-0.471670,0.544165,-0.469080,-0.473546,1.083852
7,PCB,27,0.070927,0.044487,0.046966,0.539652,0.047127,0.632065,-0.046682,-0.474626,0.044411,-0.043906,0.622281,-0.476272,0.539735,-0.475248,-0.475011,1.081692
8,DMT,0,0.052259,0.042052,0.046716,0.565843,0.046704,0.601882,-0.046347,-0.499926,0.042163,-0.041779,0.608412,-0.500091,0.565917,-0.499114,-0.500232,1.140059
8,DMT,1,0.035630,0.035873,0.044851,0.474491,0.044862,0.509496,-0.044260,-0.413512,0.035866,-0.035647,0.515015,-0.414691,0.475726,-0.416022,-0.412751,0.973488
8,DMT,2,0.074166,0.050425,0.048086,0.564662,0.048219,0.667254,-0.047739,-0.492041,0.050291,-0.049927,0.605067,-0.495634,0.566624,-0.493142,-0.499285,1.123330
8,DMT,3,0.049840,0.048107,0.044811,0.543061,0.044660,0.576518,-0.044007,-0.473359,0.048037,-0.047436,0.604849,-0.467600,0.543356,-0.472217,-0.469742,1.086480
8,DMT,4,0.045357,0.043390,0.043853,0.498762,0.043755,0.568965,-0.043317,-0.426277,0.043417,-0.042831,0.524931,-0.431967,0.498785,-0.427706,-0.433754,1.006007
8,DMT,5,0.094313,0.054455,0.048736,0.539986,0.048788,0.617361,-0.048222,-0.474646,0.054231,-0.053254,0.618605,-0.475051,0.535166,-0.474333,-0.473080,1.103502
8,DMT,6,0.109631,0.053713,0.064269,0.547774,0.064360,0.642643,-0.063610,-0.466972,0.053697,-0.052966,0.604776,-0.474957,0.552769,-0.473737,-0.477639,1.105234
8,DMT,7,0.064541,0.043507,0.048640,0.531868,0.048682,0.614986,-0.047869,-0.470607,0.043170,-0.042508,0.569268,-0.479569,0.532892,-0.475665,-0.479732,1.093720
8,DMT,8,0.053033,0.052071,0.050682,0.471254,0.050941,0.506812,-0.050095,-0.395424,0.052133,-0.050774,0.484788,-0.394564,0.471316,-0.396654,-0.393730,0.957009
8,DMT,9,0.036793,0.039255,0.039296,0.482660,0.039218,0.545041,-0.038852,-0.417646,0.039338,-0.038738,0.542112,-0.416729,0.482008,-0.418096,-0.418009,0.967079
8,DMT,10,0.030112,0.040891,0.041127,0.455490,0.040927,0.470801,-0.040384,-0.385785,0.041100,-0.040206,0.493958,-0.383011,0.455745,-0.387444,-0.381545,0.914584
8,DMT,11,0.064787,0.047186,0.044484,0.496707,0.044421,0.580314,-0.043776,-0.431077,0.047205,-0.046782,0.551551,-0.427388,0.492438,-0.426767,-0.429409,1.009893
8,DMT,12,0.050308,0.043469,0.043897,0.490470,0.043815,0.562002,-0.043480,-0.424581,0.043691,-0.042903,0.547313,-0.426243,0.487591,-0.418996,-0.426588,0.985334
8,DMT,13,0.037318,0.042616,0.038455,0.491668,0.038598,0.541303,-0.038098,-0.429482,0.042621,-0.042267,0.554304,-0.426126,0.492433,-0.426309,-0.428161,0.984043
8,DMT,14,0.036176,0.041031,0.043991,0.463536,0.044127,0.520517,-0.043440,-0.396178,0.041247,-0.040619,0.496324,-0.396421,0.462782,-0.393718,-0.396862,0.922057
8,DMT,15,0.044945,0.039068,0.041037,0.517670,0.040955,0.589844,-0.040518,-0.456376,0.039060,-0.038739,0.576382,-0.456838,0.518103,-0.454953,-0.456415,1.048256
8,DMT,16,0.040122,0.042865,0.040928,0.497331,0.040928,0.557995,-0.040508,-0.428506,0.042867,-0.042405,0.538287,-0.433439,0.497650,-0.430836,-0.432490,1.000030
8,DMT,17,0.039154,0.041000,0.045889,0.478485,0.045919,0.518310,-0.045048,-0.409431,0.040973,-0.040397,0.515573,-0.407869,0.479000,-0.409234,-0.411083,0.968153
8,DMT,18,0.046834,0.048078,0.048446,0.497414,0.048379,0.533613,-0.047485,-0.422065,0.048108,-0.047672,0.526945,-0.423188,0.496591,-0.419527,-0.422953,0.997193
8,DMT,19,0.039302,0.043101,0.052085,0.457600,0.051881,0.464904,-0.050672,-0.385346,0.043250,-0.042568,0.507668,-0.382641,0.454912,-0.388102,-0.375629,0.936741
8,DMT,20,0.040887,0.039525,0.040689,0.539157,0.040745,0.580923,-0.040446,-0.472935,0.039566,-0.039211,0.572641,-0.472889,0.539109,-0.471460,-0.471777,1.075888
8,DMT,21,0.055022,0.052561,0.048301,0.545196,0.048359,0.581458,-0.047720,-0.472297,0.052304,-0.051820,0.562561,-0.467235,0.543220,-0.466669,-0.468924,1.075333
8,DMT,22,0.039659,0.045853,0.040960,0.487787,0.041058,0.530258,-0.040708,-0.421744,0.045795,-0.044751,0.502947,-0.423429,0.489389,-0.420545,-0.424723,0.980435
8,DMT,23,0.038037,0.048016,0.042572,0.470553,0.042358,0.499533,-0.041913,-0.403001,0.047961,-0.047121,0.492906,-0.402616,0.470218,-0.401389,-0.401271,0.949750
8,DMT,24,0.040012,0.043504,0.039475,0.492158,0.039436,0.552278,-0.038839,-0.425608,0.043408,-0.042803,0.541404,-0.425625,0.492753,-0.425543,-0.428635,0.985641
8,DMT,25,0.040289,0.048242,0.044039,0.431628,0.044266,0.472959,-0.042814,-0.361674,0.048351,-0.047107,0.467624,-0.359565,0.428702,-0.356043,-0.360523,0.874524
8,DMT,26,0.041005,0.046657,0.044272,0.498659,0.044106,0.522321,-0.043635,-0.423163,0.046567,-0.045711,0.530194,-0.424350,0.498822,-0.427390,-0.423267,0.997646
8,DMT,27,0.060993,0.045423,0.050873,0.506638,0.050992,0.569653,-0.050074,-0.443328,0.045376,-0.044676,0.521792,-0.447171,0.505366,-0.443113,-0.449334,1.040422
8,PCB,0,0.059452,0.046156,0.044663,0.545489,0.044879,0.639093,-0.044212,-0.474456,0.046043,-0.045449,0.581918,-0.481813,0.546588,-0.475381,-0.480286,1.112904
8,PCB,1,0.044293,0.040011,0.042082,0.492361,0.042141,0.553983,-0.041726,-0.429408,0.040047,-0.039711,0.554439,-0.433104,0.492511,-0.435696,-0.432899,1.007635
8,PCB,2,0.039252,0.038432,0.040116,0.507080,0.040281,0.571914,-0.039856,-0.444677,0.038493,-0.038228,0.533145,-0.447236,0.506362,-0.443123,-0.443720,1.015707
8,PCB,3,0.049376,0.045410,0.041072,0.537666,0.041194,0.591721,-0.040773,-0.473035,0.045529,-0.044993,0.575927,-0.473152,0.539671,-0.473172,-0.470909,1.078668
8,PCB,4,0.051366,0.046100,0.040307,0.514905,0.040438,0.564346,-0.040026,-0.452922,0.046256,-0.045896,0.571856,-0.450544,0.515401,-0.453365,-0.452103,1.039150
8,PCB,5,0.049166,0.046820,0.048260,0.503438,0.048114,0.538884,-0.047351,-0.426430,0.046890,-0.046305,0.557476,-0.427093,0.503085,-0.428814,-0.424344,1.009946
8,PCB,6,0.102848,0.055020,0.059814,0.594007,0.059945,0.663150,-0.059232,-0.517616,0.055163,-0.054543,0.649638,-0.517262,0.599523,-0.522584,-0.518421,1.190561
8,PCB,7,0.051995,0.052105,0.049545,0.481724,0.049518,0.515403,-0.049032,-0.401429,0.052032,-0.051299,0.546719,-0.397903,0.481354,-0.400640,-0.398546,0.964506
8,PCB,8,0.046578,0.048776,0.043773,0.498315,0.043725,0.530613,-0.043183,-0.425175,0.048886,-0.048223,0.566215,-0.420565,0.498674,-0.422840,-0.422853,0.991141
8,PCB,9,0.038822,0.046298,0.046835,0.489251,0.046950,0.524777,-0.046055,-0.414793,0.046100,-0.045675,0.493091,-0.415159,0.489581,-0.413522,-0.416660,0.967732
8,PCB,10,0.058420,0.053794,0.046198,0.489098,0.046167,0.534601,-0.045361,-0.416750,0.053640,-0.052517,0.510641,-0.418893,0.487710,-0.414973,-0.421527,0.994823
8,PCB,11,0.061209,0.041229,0.044009,0.513405,0.043962,0.583804,-0.043442,-0.454011,0.041334,-0.040634,0.577440,-0.456524,0.516777,-0.457715,-0.457564,1.051257
8,PCB,12,0.049944,0.045326,0.044538,0.524250,0.044476,0.588164,-0.044161,-0.454789,0.045432,-0.044865,0.569182,-0.457401,0.523328,-0.454945,-0.457064,1.045117
8,PCB,13,0.033842,0.040382,0.042103,0.463831,0.042117,0.527030,-0.041763,-0.389369,0.040336,-0.040017,0.486918,-0.396433,0.462160,-0.390159,-0.393289,0.918692
8,PCB,14,0.053208,0.042399,0.047633,0.475434,0.047532,0.551921,-0.046738,-0.408773,0.042508,-0.041955,0.522956,-0.414513,0.474237,-0.409901,-0.411136,0.969622
8,PCB,15,0.047713,0.044914,0.039846,0.508742,0.039931,0.601077,-0.039494,-0.441350,0.044945,-0.044132,0.540303,-0.449239,0.508879,-0.443747,-0.447999,1.028546
8,PCB,16,0.054425,0.047926,0.046695,0.583600,0.046660,0.627967,-0.046319,-0.505649,0.048032,-0.047461,0.630759,-0.507676,0.582162,-0.505570,-0.507444,1.147367
8,PCB,17,0.078011,0.048977,0.052528,0.533635,0.052487,0.632683,-0.052071,-0.463022,0.048928,-0.048404,0.597594,-0.464437,0.529810,-0.461921,-0.464246,1.063304
8,PCB,18,0.050076,0.039146,0.044381,0.582031,0.044383,0.652519,-0.043774,-0.511039,0.039212,-0.038900,0.624474,-0.519069,0.583788,-0.510684,-0.515320,1.156263
8,PCB,19,0.067361,0.049290,0.047960,0.564972,0.047848,0.637485,-0.047604,-0.494598,0.049073,-0.048636,0.583225,-0.499391,0.560074,-0.493347,-0.494733,1.129128
8,PCB,20,0.045917,0.055332,0.054178,0.397575,0.054106,0.430789,-0.052176,-0.312015,0.055258,-0.053330,0.451470,-0.310177,0.393534,-0.311867,-0.301620,0.815459
8,PCB,21,0.062364,0.057444,0.052152,0.529144,0.052156,0.561781,-0.051059,-0.454771,0.057442,-0.056319,0.560585,-0.453101,0.535426,-0.459355,-0.458607,1.072768
8,PCB,22,0.041803,0.045770,0.046298,0.498131,0.046350,0.554228,-0.045504,-0.420012,0.045774,-0.045344,0.491304,-0.428438,0.498129,-0.421248,-0.428896,0.993282
8,PCB,23,0.038489,0.042272,0.043969,0.495208,0.044018,0.532173,-0.043457,-0.424332,0.042174,-0.041566,0.491833,-0.426861,0.494899,-0.421044,-0.430224,0.985853
8,PCB,24,0.071687,0.046900,0.058674,0.558407,0.058673,0.627099,-0.058108,-0.477174,0.047025,-0.046391,0.612921,-0.483879,0.559064,-0.479881,-0.478370,1.119989
8,PCB,25,0.060550,0.048510,0.049308,0.556888,0.049245,0.616699,-0.048660,-0.474501,0.048452,-0.048111,0.609946,-0.476993,0.554116,-0.469292,-0.476662,1.096321
8,PCB,26,0.064216,0.043595,0.047255,0.566360,0.047328,0.657117,-0.047119,-0.497141,0.043577,-0.043196,0.610878,-0.500651,0.570914,-0.501216,-0.501117,1.136375
8,PCB,27,0.077146,0.054443,0.049759,0.570115,0.050058,0.663523,-0.049016,-0.492231,0.054513,-0.053391,0.593553,-0.503849,0.569985,-0.493945,-0.502257,1.143349
9,DMT,0,0.063057,0.044634,0.041773,0.466028,0.041640,0.540748,-0.041180,-0.410997,0.044241,-0.043041,0.515315,-0.416413,0.466928,-0.416174,-0.415558,0.981631
9,DMT,1,0.070508,0.052672,0.057193,0.501677,0.057227,0.557300,-0.056488,-0.420603,0.052528,-0.051554,0.514086,-0.429065,0.501189,-0.419954,-0.426012,1.008885
9,DMT,2,0.046566,0.046658,0.043592,0.469830,0.043642,0.560127,-0.042572,-0.397027,0.046765,-0.046174,0.501528,-0.403789,0.471483,-0.401525,-0.402113,0.962097
9,DMT,3,0.092852,0.049698,0.052669,0.597705,0.052708,0.677000,-0.052509,-0.531454,0.049539,-0.049081,0.624606,-0.540433,0.597772,-0.531377,-0.537800,1.219781
9,DMT,4,0.038117,0.043191,0.042378,0.448946,0.042516,0.501117,-0.041552,-0.377206,0.043069,-0.042311,0.482777,-0.381577,0.449067,-0.379377,-0.380188,0.912669
9,DMT,5,0.041042,0.040385,0.037827,0.482902,0.037692,0.550770,-0.037096,-0.416735,0.040279,-0.039873,0.520998,-0.420589,0.480708,-0.416322,-0.417455,0.982543
9,DMT,6,0.058939,0.042461,0.049340,0.563406,0.049325,0.647037,-0.048680,-0.493732,0.042448,-0.041978,0.596873,-0.498216,0.563077,-0.492156,-0.497143,1.125614
9,DMT,7,0.050979,0.043060,0.045708,0.543319,0.045734,0.609146,-0.045326,-0.471062,0.042970,-0.042696,0.602700,-0.472587,0.544408,-0.472186,-0.476237,1.083830
9,DMT,8,0.070865,0.058675,0.056414,0.480399,0.056988,0.544693,-0.054543,-0.406619,0.058025,-0.055530,0.489982,-0.415198,0.479245,-0.406224,-0.416941,1.026881
9,DMT,9,0.041798,0.041547,0.043502,0.452173,0.043300,0.505521,-0.042353,-0.389033,0.041532,-0.041145,0.485227,-0.389735,0.452826,-0.390659,-0.392147,0.947721
9,DMT,10,0.031452,0.039703,0.040951,0.436218,0.041003,0.481994,-0.040418,-0.367721,0.039732,-0.039071,0.468229,-0.369201,0.435415,-0.366055,-0.367749,0.880152
9,DMT,11,0.050149,0.045814,0.047380,0.430045,0.047425,0.458878,-0.046172,-0.370625,0.045806,-0.045048,0.476434,-0.368319,0.430932,-0.369203,-0.368330,0.903671
9,DMT,12,0.035315,0.045152,0.046452,0.431688,0.046248,0.443706,-0.045502,-0.359549,0.044868,-0.044167,0.451760,-0.357951,0.431782,-0.360360,-0.360713,0.880028
9,DMT,13,0.040246,0.051903,0.048971,0.491486,0.049188,0.524942,-0.048036,-0.406146,0.052054,-0.051182,0.501277,-0.408095,0.492857,-0.405717,-0.409400,0.971686
9,DMT,14,0.058200,0.057099,0.043770,0.471035,0.043890,0.510103,-0.043388,-0.403430,0.056856,-0.056009,0.493486,-0.402794,0.470823,-0.401898,-0.401149,0.958471
9,DMT,15,0.036480,0.052032,0.054857,0.362311,0.054064,0.389309,-0.050917,-0.271302,0.051609,-0.049006,0.361907,-0.274134,0.362128,-0.270462,-0.275468,0.758491
9,DMT,16,0.063232,0.047604,0.051617,0.429878,0.051461,0.506416,-0.050261,-0.367129,0.047344,-0.046543,0.481452,-0.368338,0.427833,-0.366723,-0.367190,0.905052
9,DMT,17,0.049457,0.046135,0.052432,0.466633,0.053284,0.501631,-0.051648,-0.399311,0.046297,-0.045158,0.483035,-0.398203,0.469892,-0.397044,-0.402297,0.958560
9,DMT,18,0.045746,0.042074,0.056003,0.452971,0.056119,0.519644,-0.055039,-0.373416,0.042117,-0.041112,0.481257,-0.381934,0.453492,-0.376415,-0.379502,0.937325
9,DMT,19,0.057426,0.050017,0.053333,0.499558,0.053237,0.540714,-0.052488,-0.417618,0.049872,-0.048927,0.550630,-0.418682,0.498406,-0.419053,-0.416644,0.986343
9,DMT,20,0.044565,0.041550,0.041868,0.480176,0.041884,0.534330,-0.041526,-0.419459,0.041631,-0.041190,0.550395,-0.416135,0.481857,-0.414971,-0.416743,0.978520
9,DMT,21,0.066671,0.066958,0.053850,0.466059,0.053873,0.495923,-0.052887,-0.384795,0.066892,-0.064934,0.481272,-0.384321,0.464586,-0.381295,-0.384461,0.959490
9,DMT,22,0.090866,0.056244,0.043525,0.508217,0.043479,0.611115,-0.043013,-0.448923,0.056037,-0.055576,0.560125,-0.445250,0.506365,-0.439151,-0.449907,1.040278
9,DMT,23,0.067841,0.045322,0.040324,0.559963,0.040422,0.646937,-0.039882,-0.501554,0.045494,-0.044809,0.632795,-0.499349,0.563464,-0.502156,-0.502394,1.141704
9,DMT,24,0.046210,0.045243,0.044364,0.530239,0.044409,0.581958,-0.043488,-0.455143,0.045353,-0.044643,0.550532,-0.461954,0.528519,-0.451337,-0.459397,1.057883
9,DMT,25,0.068054,0.038341,0.051006,0.539049,0.051046,0.626765,-0.050482,-0.478533,0.038305,-0.038100,0.596531,-0.482850,0.541519,-0.478176,-0.478569,1.110776
9,DMT,26,0.088574,0.053511,0.053706,0.648660,0.053646,0.680448,-0.053068,-0.576747,0.053485,-0.053173,0.669235,-0.581787,0.649158,-0.578502,-0.581281,1.308695
9,DMT,27,0.062673,0.054378,0.057121,0.554585,0.057135,0.562216,-0.056328,-0.472568,0.054459,-0.053638,0.604621,-0.462048,0.553988,-0.471806,-0.462111,1.100308
9,PCB,0,0.053531,0.058407,0.056491,0.442407,0.056258,0.458187,-0.054802,-0.359156,0.058338,-0.056682,0.447218,-0.358074,0.440011,-0.359140,-0.358270,0.890256
9,PCB,1,0.048577,0.052663,0.048604,0.451686,0.048448,0.475913,-0.047703,-0.375073,0.052775,-0.051631,0.538859,-0.371861,0.453705,-0.371827,-0.370025,0.918163
9,PCB,2,0.048164,0.058045,0.052639,0.424297,0.052952,0.454070,-0.050796,-0.344537,0.057895,-0.056000,0.438439,-0.349079,0.424627,-0.344904,-0.348208,0.892765
9,PCB,3,0.052144,0.056713,0.055818,0.451816,0.055940,0.481372,-0.053758,-0.361756,0.056274,-0.054492,0.493870,-0.365291,0.446818,-0.361890,-0.359116,0.940168
9,PCB,4,0.103203,0.062261,0.061059,0.560496,0.061070,0.609656,-0.060333,-0.482047,0.061910,-0.061017,0.610717,-0.480925,0.557599,-0.479585,-0.481615,1.127467
9,PCB,5,0.056797,0.066067,0.065723,0.537099,0.065526,0.510927,-0.063954,-0.423811,0.066025,-0.064603,0.529281,-0.422143,0.536869,-0.416777,-0.425703,1.048402
9,PCB,6,0.047899,0.044861,0.053305,0.479610,0.053252,0.502287,-0.052506,-0.407997,0.044828,-0.044043,0.514664,-0.409102,0.479799,-0.410776,-0.406587,0.972277
9,PCB,7,0.045957,0.046988,0.042857,0.476614,0.043149,0.563397,-0.042087,-0.411717,0.047186,-0.046119,0.518293,-0.414153,0.477677,-0.411470,-0.416288,0.997135
9,PCB,8,0.039662,0.048161,0.043537,0.456548,0.043447,0.495020,-0.042380,-0.378660,0.047916,-0.046811,0.485997,-0.384766,0.453098,-0.378100,-0.381130,0.921976
9,PCB,9,0.055246,0.059445,0.050333,0.473776,0.050437,0.508031,-0.049348,-0.389305,0.059484,-0.057288,0.482736,-0.394997,0.472960,-0.389859,-0.393184,0.966272
9,PCB,10,0.068012,0.056182,0.045424,0.520258,0.045503,0.586018,-0.044724,-0.451981,0.056079,-0.055134,0.571162,-0.451826,0.522646,-0.453664,-0.455606,1.070890
9,PCB,11,0.062132,0.046135,0.057712,0.541809,0.057676,0.582478,-0.056987,-0.464442,0.046018,-0.045272,0.572935,-0.466934,0.542931,-0.467892,-0.467156,1.090113
9,PCB,12,0.056020,0.041251,0.047033,0.486828,0.047075,0.576277,-0.046493,-0.418530,0.041211,-0.040761,0.514620,-0.426031,0.487258,-0.420060,-0.426536,0.991590
9,PCB,13,0.045696,0.044986,0.047505,0.505782,0.047666,0.535920,-0.047012,-0.433388,0.045147,-0.044077,0.553760,-0.435496,0.507628,-0.434480,-0.434977,1.015367
9,PCB,14,0.054233,0.044935,0.054954,0.450706,0.055186,0.509932,-0.053363,-0.378347,0.045031,-0.043572,0.487662,-0.378639,0.453399,-0.378892,-0.381074,0.929608
9,PCB,15,0.044009,0.038923,0.042026,0.512979,0.042148,0.603149,-0.041661,-0.449194,0.038922,-0.038577,0.547622,-0.454801,0.514952,-0.449124,-0.454650,1.036520
9,PCB,16,0.044116,0.039413,0.042204,0.496245,0.042471,0.580080,-0.041754,-0.434399,0.039498,-0.039064,0.535029,-0.436933,0.498100,-0.434090,-0.436141,1.005680
9,PCB,17,0.051338,0.048350,0.046115,0.531882,0.045977,0.584117,-0.045464,-0.454719,0.048276,-0.047732,0.566969,-0.458966,0.532467,-0.456530,-0.460768,1.063466
9,PCB,18,0.046138,0.053696,0.045667,0.456387,0.045481,0.501279,-0.044615,-0.382200,0.053677,-0.052173,0.492743,-0.382345,0.454143,-0.377524,-0.383187,0.926558
9,PCB,19,0.055457,0.053405,0.056660,0.439124,0.056880,0.475646,-0.055463,-0.360827,0.053536,-0.051971,0.478126,-0.364966,0.442376,-0.363313,-0.365303,0.904931
9,PCB,20,0.054315,0.048843,0.043841,0.476830,0.043899,0.559093,-0.043324,-0.409100,0.048842,-0.047870,0.518136,-0.409110,0.477753,-0.404472,-0.412792,0.969326
9,PCB,21,0.063490,0.050262,0.049601,0.572233,0.049560,0.607131,-0.049017,-0.499105,0.050328,-0.049846,0.617131,-0.492896,0.570796,-0.493237,-0.492730,1.134035
9,PCB,22,0.064127,0.042820,0.041307,0.545088,0.041322,0.667664,-0.041069,-0.482394,0.042959,-0.042465,0.588845,-0.485978,0.542721,-0.479652,-0.484515,1.097566
9,PCB,23,0.050009,0.039832,0.037792,0.553576,0.037780,0.659747,-0.037522,-0.493078,0.039741,-0.039484,0.627043,-0.495562,0.553569,-0.493270,-0.494035,1.120534
9,PCB,24,0.049617,0.041684,0.045488,0.518337,0.045516,0.585309,-0.045160,-0.447371,0.041598,-0.041221,0.574768,-0.451059,0.517551,-0.450748,-0.447463,1.035447
9,PCB,25,0.051951,0.043293,0.041038,0.504985,0.041125,0.576690,-0.040511,-0.442303,0.043004,-0.042421,0.569848,-0.441539,0.499782,-0.438365,-0.438325,1.036719
9,PCB,26,0.083039,0.049176,0.043907,0.547325,0.044076,0.670265,-0.043782,-0.476527,0.049329,-0.048731,0.631744,-0.481364,0.547475,-0.476608,-0.480934,1.098801
9,PCB,27,0.065079,0.043892,0.049612,0.630711,0.049630,0.702064,-0.049227,-0.554654,0.043764,-0.043373,0.660856,-0.559368,0.629979,-0.557736,-0.556568,1.250455
10,DMT,0,0.043566,0.046164,0.046041,0.519947,0.046187,0.567282,-0.045555,-0.446427,0.046159,-0.045444,0.530618,-0.446176,0.521116,-0.448966,-0.445300,1.041972
10,DMT,1,0.047707,0.047067,0.038286,0.502214,0.038360,0.587734,-0.037776,-0.435017,0.046891,-0.046446,0.516709,-0.444038,0.502783,-0.435437,-0.444843,1.023053
10,DMT,2,0.048233,0.051539,0.047410,0.516320,0.047492,0.551731,-0.046737,-0.438702,0.051678,-0.050935,0.546028,-0.438274,0.520509,-0.440936,-0.443687,1.039684
10,DMT,3,0.036627,0.042721,0.039437,0.468885,0.039380,0.523319,-0.038942,-0.402932,0.042830,-0.042200,0.509492,-0.405597,0.467741,-0.403143,-0.402860,0.942872
10,DMT,4,0.040694,0.043935,0.049197,0.481594,0.049412,0.523370,-0.048288,-0.410395,0.044007,-0.043244,0.492344,-0.411210,0.481358,-0.408278,-0.412514,0.975145
10,DMT,5,0.035948,0.054499,0.050762,0.433515,0.050648,0.431456,-0.049141,-0.340506,0.054498,-0.052435,0.441527,-0.337224,0.430778,-0.335550,-0.335695,0.861118
10,DMT,6,0.040302,0.044404,0.050215,0.472777,0.050144,0.500593,-0.049023,-0.395602,0.044389,-0.043967,0.509076,-0.393735,0.472805,-0.394417,-0.395113,0.948543
10,DMT,7,0.060810,0.057209,0.054153,0.450839,0.053946,0.477033,-0.053089,-0.373562,0.057405,-0.056198,0.522282,-0.370643,0.449770,-0.374953,-0.368113,0.922782
10,DMT,8,0.059780,0.048619,0.046730,0.443554,0.046770,0.508772,-0.045789,-0.382734,0.049168,-0.047903,0.524833,-0.375475,0.444508,-0.376787,-0.378279,0.899512
10,DMT,9,0.033918,0.041841,0.043607,0.434100,0.043550,0.461763,-0.043069,-0.364938,0.041936,-0.041233,0.466314,-0.363271,0.435627,-0.366818,-0.361397,0.880307
10,DMT,10,0.043364,0.053540,0.047673,0.507495,0.047544,0.514865,-0.047016,-0.427316,0.053601,-0.052804,0.538947,-0.426271,0.505741,-0.423719,-0.425680,1.013986
10,DMT,11,0.046588,0.041083,0.049314,0.481185,0.049215,0.543672,-0.048408,-0.416985,0.041028,-0.040482,0.521002,-0.419592,0.480290,-0.417793,-0.420677,0.983558
10,DMT,12,0.032835,0.043998,0.042053,0.468943,0.041998,0.511446,-0.041316,-0.391819,0.043933,-0.043347,0.482914,-0.398848,0.467640,-0.389901,-0.396205,0.931826
10,DMT,13,0.034634,0.046335,0.045764,0.478645,0.045948,0.512388,-0.045136,-0.396606,0.046276,-0.045612,0.489289,-0.403021,0.479667,-0.398818,-0.401603,0.954476
10,DMT,14,0.040040,0.043988,0.054206,0.452810,0.054502,0.482466,-0.052516,-0.375949,0.044158,-0.043240,0.471332,-0.374682,0.454555,-0.375547,-0.376197,0.906919
10,DMT,15,0.047697,0.047459,0.043551,0.541528,0.043494,0.623218,-0.043153,-0.462840,0.047275,-0.046619,0.570087,-0.466898,0.539144,-0.461849,-0.467560,1.075929
10,DMT,16,0.067865,0.046300,0.046372,0.487241,0.046483,0.596367,-0.045925,-0.426071,0.046237,-0.045447,0.526967,-0.430199,0.490638,-0.423023,-0.427957,1.000491
10,DMT,17,0.044718,0.047114,0.046955,0.483173,0.046805,0.511798,-0.046288,-0.410247,0.047025,-0.046474,0.510441,-0.409811,0.480844,-0.411581,-0.408793,0.967225
10,DMT,18,0.031626,0.041681,0.043471,0.430827,0.043325,0.477928,-0.042418,-0.354868,0.041475,-0.040589,0.453562,-0.361978,0.431525,-0.357768,-0.360296,0.866221
10,DMT,19,0.038156,0.047142,0.039078,0.469238,0.039101,0.519312,-0.038586,-0.399722,0.047153,-0.046235,0.480860,-0.400391,0.466618,-0.396582,-0.400657,0.941418
10,DMT,20,0.061481,0.044679,0.041272,0.501132,0.041385,0.639494,-0.040980,-0.436626,0.044611,-0.043883,0.563507,-0.442256,0.500479,-0.434513,-0.440601,1.037997
10,DMT,21,0.031899,0.039970,0.040145,0.441133,0.040166,0.481495,-0.039685,-0.377543,0.039721,-0.038852,0.477917,-0.379304,0.441921,-0.380465,-0.375143,0.910184
10,DMT,22,0.041739,0.046712,0.043480,0.499777,0.043446,0.577771,-0.042867,-0.424203,0.046670,-0.045875,0.523268,-0.426787,0.499301,-0.422871,-0.427340,0.998735
10,DMT,23,0.063787,0.051011,0.047342,0.460272,0.047234,0.509189,-0.046377,-0.397283,0.050959,-0.049715,0.507729,-0.392916,0.459994,-0.396836,-0.396826,0.944052
10,DMT,24,0.072399,0.044357,0.044604,0.576430,0.044721,0.665673,-0.044274,-0.512020,0.044553,-0.043997,0.651954,-0.512062,0.576876,-0.512513,-0.511702,1.163558
10,DMT,25,0.074321,0.053939,0.060798,0.457620,0.060878,0.501583,-0.059049,-0.380579,0.053865,-0.052155,0.489159,-0.385869,0.460745,-0.380072,-0.387204,0.981153
10,DMT,26,0.070000,0.048283,0.046363,0.539353,0.046416,0.602229,-0.045872,-0.477348,0.048213,-0.047779,0.570770,-0.482136,0.536475,-0.477969,-0.479659,1.104407
10,DMT,27,0.044879,0.050070,0.044241,0.502748,0.044263,0.557069,-0.043706,-0.424698,0.049907,-0.049433,0.529757,-0.429360,0.503280,-0.427373,-0.431990,1.016673
10,PCB,0,0.034271,0.043512,0.049659,0.436647,0.049867,0.470571,-0.048332,-0.355441,0.043308,-0.042228,0.437737,-0.362344,0.435090,-0.353118,-0.361618,0.889643
10,PCB,1,0.033043,0.044943,0.042301,0.424166,0.042246,0.445314,-0.041632,-0.357852,0.044858,-0.043899,0.453357,-0.354631,0.425455,-0.355779,-0.359099,0.863386
10,PCB,2,0.053308,0.053070,0.043786,0.454431,0.043701,0.490665,-0.043018,-0.392100,0.053263,-0.052297,0.506248,-0.386805,0.455697,-0.389324,-0.392160,0.928448
10,PCB,3,0.044233,0.043212,0.045072,0.455188,0.045237,0.502424,-0.044397,-0.385591,0.043400,-0.042575,0.495635,-0.384908,0.458508,-0.387208,-0.389579,0.932232
10,PCB,4,0.046105,0.044701,0.042852,0.486902,0.042625,0.539633,-0.041805,-0.418816,0.044699,-0.043730,0.559353,-0.418464,0.483147,-0.416301,-0.417338,0.979280
10,PCB,5,0.042753,0.043371,0.049841,0.451662,0.049930,0.508555,-0.048566,-0.376090,0.043259,-0.042368,0.503217,-0.382882,0.452966,-0.378628,-0.379914,0.910571
10,PCB,6,0.046267,0.048393,0.051659,0.527841,0.051572,0.556053,-0.050979,-0.446946,0.048345,-0.047863,0.572914,-0.446581,0.527031,-0.445122,-0.444198,1.050503
10,PCB,7,0.047682,0.041924,0.046601,0.493126,0.046376,0.555244,-0.045741,-0.429000,0.041723,-0.041254,0.523898,-0.432072,0.492423,-0.428883,-0.435552,1.009714
10,PCB,8,0.072680,0.061643,0.076806,0.405847,0.077490,0.410898,-0.072037,-0.327963,0.061590,-0.057975,0.400512,-0.328914,0.405168,-0.326697,-0.330728,0.876076
10,PCB,9,0.056667,0.052222,0.052569,0.409135,0.052146,0.429553,-0.050707,-0.342549,0.052371,-0.050738,0.437110,-0.341136,0.409954,-0.343564,-0.341018,0.867379
10,PCB,10,0.088325,0.061858,0.066180,0.462104,0.065784,0.486617,-0.064631,-0.384188,0.061903,-0.060215,0.469490,-0.388435,0.458764,-0.384189,-0.384581,0.950479
10,PCB,11,0.070867,0.061544,0.060676,0.496607,0.060852,0.538456,-0.059182,-0.415674,0.061261,-0.059503,0.514790,-0.418322,0.496485,-0.414457,-0.416842,1.023950
10,PCB,12,0.057055,0.045364,0.044456,0.506917,0.044274,0.562672,-0.043754,-0.441276,0.045007,-0.044037,0.565749,-0.444338,0.503208,-0.444266,-0.439733,1.033597
10,PCB,13,0.051359,0.043099,0.045337,0.504768,0.045302,0.589316,-0.045003,-0.436861,0.043081,-0.042743,0.552583,-0.443313,0.507996,-0.443970,-0.441415,1.014198
10,PCB,14,0.043641,0.055862,0.055924,0.463561,0.055834,0.479276,-0.054120,-0.369470,0.055934,-0.054602,0.463689,-0.373274,0.460949,-0.367767,-0.372267,0.920246
10,PCB,15,0.037916,0.041636,0.043537,0.444681,0.043741,0.517103,-0.042694,-0.369811,0.041585,-0.041050,0.480754,-0.376631,0.446408,-0.374439,-0.377333,0.904086
10,PCB,16,0.069233,0.045007,0.043653,0.530539,0.043864,0.629355,-0.043399,-0.467522,0.045000,-0.044121,0.604631,-0.471375,0.532624,-0.470597,-0.470507,1.089892
10,PCB,17,0.050886,0.043388,0.048631,0.465477,0.048824,0.552264,-0.047538,-0.394782,0.043231,-0.042732,0.486985,-0.399839,0.466368,-0.394224,-0.399047,0.956645
10,PCB,18,0.046482,0.047546,0.048194,0.523775,0.047739,0.567803,-0.047257,-0.445169,0.047371,-0.046761,0.540048,-0.447720,0.519580,-0.444722,-0.442793,1.038113
10,PCB,19,0.048638,0.046337,0.047399,0.494251,0.047652,0.586024,-0.046650,-0.417582,0.046442,-0.045907,0.511026,-0.426520,0.496442,-0.420346,-0.425989,0.987768
10,PCB,20,0.076188,0.058483,0.056146,0.531073,0.056300,0.601554,-0.054959,-0.444063,0.058280,-0.057369,0.571191,-0.445652,0.529391,-0.441490,-0.446372,1.053794
10,PCB,21,0.043441,0.043270,0.046814,0.515920,0.046701,0.561785,-0.045824,-0.439677,0.042991,-0.042612,0.532258,-0.440886,0.512739,-0.437029,-0.438339,1.027374
10,PCB,22,0.063038,0.052730,0.057521,0.489731,0.057626,0.562240,-0.056505,-0.400845,0.052146,-0.051160,0.498414,-0.413835,0.488855,-0.404916,-0.407916,0.981816
10,PCB,23,0.044938,0.043567,0.044079,0.534956,0.044070,0.574471,-0.043638,-0.467634,0.043724,-0.042974,0.578258,-0.465329,0.536369,-0.470655,-0.465530,1.074046
10,PCB,24,0.052613,0.051479,0.048412,0.495135,0.048490,0.541707,-0.047349,-0.422552,0.051454,-0.050020,0.523417,-0.428687,0.494698,-0.426574,-0.428857,1.021695
10,PCB,25,0.047381,0.046069,0.043310,0.511503,0.043369,0.575560,-0.042849,-0.441106,0.046099,-0.045420,0.545459,-0.444396,0.513224,-0.444107,-0.444813,1.027666
10,PCB,26,0.047288,0.046054,0.047015,0.500803,0.047072,0.561412,-0.046472,-0.425253,0.046106,-0.045472,0.525722,-0.433316,0.500727,-0.428568,-0.428789,1.015166
10,PCB,27,0.041421,0.046064,0.044018,0.521831,0.044075,0.560988,-0.043410,-0.451263,0.045948,-0.045393,0.527543,-0.450788,0.523343,-0.451160,-0.454403,1.057568
11,DMT,0,0.039269,0.042529,0.046173,0.448586,0.045969,0.543119,-0.044934,-0.372768,0.042472,-0.041272,0.494297,-0.376591,0.446792,-0.372172,-0.376924,0.919902
11,DMT,1,0.051708,0.041699,0.045830,0.498336,0.045862,0.567487,-0.045324,-0.432181,0.041673,-0.041263,0.574084,-0.435876,0.500068,-0.433606,-0.436020,1.012841
11,DMT,2,0.071398,0.049424,0.051339,0.498772,0.051310,0.560722,-0.049662,-0.438504,0.049269,-0.048486,0.543004,-0.437583,0.497448,-0.434471,-0.438673,1.066956
11,DMT,3,0.045437,0.041466,0.039016,0.524343,0.039011,0.601689,-0.038687,-0.455490,0.041609,-0.041120,0.587473,-0.455774,0.525288,-0.455676,-0.457066,1.034734
11,DMT,4,0.065219,0.048536,0.053616,0.570360,0.053722,0.613726,-0.052862,-0.493420,0.048650,-0.048153,0.603531,-0.500862,0.572633,-0.498060,-0.497194,1.147625
11,DMT,5,0.053080,0.046437,0.045760,0.542303,0.045758,0.611166,-0.045136,-0.472080,0.046247,-0.045642,0.573077,-0.469155,0.541518,-0.474892,-0.471187,1.093681
11,DMT,6,0.071579,0.050908,0.057704,0.502065,0.057799,0.556437,-0.056719,-0.433128,0.050767,-0.049886,0.545769,-0.434172,0.504240,-0.437668,-0.431558,1.022470
11,DMT,7,0.062528,0.044062,0.046973,0.526623,0.046798,0.613497,-0.046280,-0.459372,0.043901,-0.043417,0.596428,-0.456715,0.522900,-0.453537,-0.456300,1.050775
11,DMT,8,0.044452,0.043353,0.041759,0.495444,0.041678,0.565360,-0.041254,-0.428761,0.043631,-0.042933,0.536157,-0.431552,0.495829,-0.430255,-0.431637,0.984165
11,DMT,9,0.038947,0.040365,0.037757,0.486029,0.037747,0.566407,-0.037510,-0.421446,0.040305,-0.039716,0.528303,-0.425977,0.486971,-0.423486,-0.427153,0.991266
11,DMT,10,0.038865,0.048049,0.043564,0.462477,0.043509,0.499198,-0.042893,-0.388681,0.048075,-0.047305,0.492813,-0.389270,0.461746,-0.387373,-0.391373,0.925229
11,DMT,11,0.041615,0.043148,0.043583,0.488270,0.043860,0.549005,-0.043245,-0.414730,0.043201,-0.042748,0.536386,-0.418008,0.488722,-0.415635,-0.417586,0.962442
11,DMT,12,0.057448,0.048754,0.046144,0.473231,0.046381,0.549176,-0.045593,-0.411241,0.048595,-0.048115,0.509872,-0.410658,0.473410,-0.410017,-0.413048,0.965918
11,DMT,13,0.034102,0.044419,0.046250,0.424039,0.046214,0.455662,-0.044935,-0.352786,0.044580,-0.043602,0.463374,-0.354225,0.424657,-0.353703,-0.353148,0.856025
11,DMT,14,0.034737,0.040222,0.042994,0.438573,0.043044,0.496861,-0.042138,-0.369891,0.040449,-0.039499,0.488204,-0.367373,0.441708,-0.369393,-0.366822,0.894268
11,DMT,15,0.040379,0.041162,0.041852,0.490391,0.041943,0.532141,-0.041486,-0.422342,0.041084,-0.040807,0.538926,-0.423003,0.487364,-0.419961,-0.422848,0.975903
11,DMT,16,0.044310,0.044613,0.045155,0.496595,0.045171,0.566144,-0.044604,-0.422355,0.044668,-0.044164,0.530518,-0.431644,0.493945,-0.421757,-0.430638,0.998351
11,DMT,17,0.052074,0.046098,0.042572,0.544168,0.042722,0.615954,-0.042363,-0.476206,0.045914,-0.045459,0.565978,-0.478101,0.543130,-0.471601,-0.480320,1.090378
11,DMT,18,0.099872,0.054574,0.050769,0.498774,0.050974,0.596663,-0.050216,-0.435676,0.054638,-0.053971,0.564781,-0.438700,0.502792,-0.436750,-0.442055,1.023772
11,DMT,19,0.050115,0.061908,0.049329,0.485718,0.049387,0.490873,-0.048291,-0.403267,0.061723,-0.060464,0.491987,-0.405321,0.486370,-0.406144,-0.402191,0.979702
11,DMT,20,0.039541,0.045878,0.044723,0.431473,0.044660,0.464169,-0.043616,-0.365478,0.045964,-0.044746,0.475588,-0.365746,0.434341,-0.369184,-0.367810,0.884847
11,DMT,21,0.063274,0.045632,0.046149,0.497792,0.046289,0.594454,-0.045332,-0.430205,0.045599,-0.045256,0.543088,-0.435988,0.498440,-0.433722,-0.433443,1.019838
11,DMT,22,0.053885,0.044989,0.042929,0.548651,0.042864,0.633661,-0.042489,-0.479693,0.044994,-0.044443,0.593877,-0.482745,0.548509,-0.480923,-0.482054,1.105894
11,DMT,23,0.050389,0.045926,0.041798,0.544032,0.041901,0.603000,-0.041545,-0.475684,0.045976,-0.045636,0.600895,-0.476546,0.547392,-0.477760,-0.478467,1.086662
11,DMT,24,0.036473,0.043432,0.045968,0.483265,0.046007,0.507374,-0.045361,-0.408728,0.043707,-0.042902,0.522468,-0.406010,0.483340,-0.412517,-0.403926,0.965376
11,DMT,25,0.048859,0.046891,0.042519,0.491387,0.042414,0.521790,-0.042052,-0.427315,0.046710,-0.046140,0.542875,-0.424017,0.489196,-0.426387,-0.422497,0.991914
11,DMT,26,0.064983,0.049632,0.052355,0.529181,0.052339,0.560880,-0.051920,-0.455283,0.049733,-0.049310,0.582447,-0.455701,0.527226,-0.455479,-0.453162,1.054792
11,DMT,27,0.040408,0.044509,0.046181,0.514331,0.046238,0.547873,-0.045707,-0.441876,0.044395,-0.044025,0.532571,-0.442050,0.512729,-0.440437,-0.440861,1.021686
11,PCB,0,0.052152,0.043828,0.045629,0.545897,0.045502,0.611156,-0.045049,-0.477838,0.043959,-0.043376,0.592588,-0.479437,0.545917,-0.477827,-0.479681,1.101262
11,PCB,1,0.052249,0.046131,0.043141,0.505750,0.043380,0.561688,-0.042597,-0.439618,0.046240,-0.045546,0.536652,-0.441019,0.508388,-0.439050,-0.442849,1.016436
11,PCB,2,0.041527,0.045809,0.052286,0.452857,0.052113,0.476053,-0.051251,-0.370647,0.045728,-0.044962,0.480410,-0.371988,0.452818,-0.370620,-0.371701,0.913266
11,PCB,3,0.057765,0.043912,0.045435,0.550875,0.045436,0.631657,-0.044852,-0.480743,0.043832,-0.043458,0.582351,-0.489845,0.552765,-0.483154,-0.488782,1.114090
11,PCB,4,0.063114,0.044693,0.041395,0.522767,0.041714,0.594262,-0.041088,-0.466062,0.044736,-0.044265,0.594907,-0.466241,0.528173,-0.467631,-0.468914,1.070112
11,PCB,5,0.072239,0.038619,0.039757,0.512928,0.039679,0.630849,-0.039561,-0.454550,0.038532,-0.038338,0.627554,-0.457841,0.509726,-0.454853,-0.454938,1.047705
11,PCB,6,0.069652,0.043891,0.041871,0.546928,0.041783,0.658261,-0.041524,-0.486482,0.043787,-0.043203,0.608712,-0.490652,0.549383,-0.487985,-0.492811,1.103769
11,PCB,7,0.042369,0.048001,0.051696,0.449723,0.051532,0.486207,-0.050230,-0.370078,0.047702,-0.046267,0.495568,-0.368240,0.451364,-0.371610,-0.370662,0.908583
11,PCB,8,0.062708,0.042262,0.049846,0.523045,0.050062,0.584354,-0.049191,-0.462574,0.042529,-0.041949,0.581737,-0.464456,0.525680,-0.462113,-0.462985,1.071984
11,PCB,9,0.067269,0.048051,0.044073,0.516186,0.044023,0.607477,-0.043373,-0.452752,0.047675,-0.046667,0.582562,-0.456327,0.512793,-0.453172,-0.456095,1.059132
11,PCB,10,0.043643,0.042709,0.039713,0.508148,0.039662,0.530802,-0.039416,-0.450421,0.042797,-0.042219,0.547444,-0.448038,0.507030,-0.447984,-0.449078,1.030072
11,PCB,11,0.062548,0.045310,0.046285,0.509721,0.046758,0.583385,-0.045640,-0.444290,0.045353,-0.044552,0.579026,-0.448516,0.508509,-0.446080,-0.443938,1.049788
11,PCB,12,0.045235,0.047245,0.042260,0.540503,0.042242,0.571801,-0.042000,-0.470465,0.047256,-0.046828,0.592716,-0.466858,0.542482,-0.473556,-0.469397,1.091137
11,PCB,13,0.043228,0.046003,0.045520,0.442867,0.045583,0.494863,-0.044632,-0.370369,0.046256,-0.044888,0.493742,-0.370742,0.443787,-0.368955,-0.372246,0.891132
11,PCB,14,0.059574,0.041695,0.045065,0.543071,0.045146,0.642048,-0.044635,-0.473903,0.041805,-0.041398,0.592146,-0.479002,0.544277,-0.475220,-0.479955,1.088248
11,PCB,15,0.060207,0.052569,0.052244,0.575442,0.052168,0.626175,-0.051571,-0.484007,0.052659,-0.051934,0.614677,-0.485520,0.574429,-0.483513,-0.487171,1.132019
11,PCB,16,0.055556,0.050707,0.053379,0.515032,0.053240,0.584392,-0.052584,-0.432954,0.050741,-0.049967,0.518436,-0.434697,0.516195,-0.433088,-0.436139,1.019999
11,PCB,17,0.060456,0.050817,0.049207,0.548800,0.049092,0.614343,-0.048574,-0.475883,0.050985,-0.050298,0.573979,-0.470829,0.545342,-0.470075,-0.471604,1.089417
11,PCB,18,0.046043,0.048902,0.046870,0.458617,0.046827,0.485062,-0.046129,-0.389917,0.048931,-0.047634,0.478327,-0.390720,0.456982,-0.389342,-0.390428,0.932768
11,PCB,19,0.045573,0.045023,0.042846,0.517464,0.042927,0.566096,-0.042399,-0.450492,0.044887,-0.044379,0.547715,-0.450496,0.515725,-0.446137,-0.449587,1.035822
11,PCB,20,0.050909,0.044607,0.045571,0.528249,0.045661,0.585031,-0.045155,-0.456991,0.044703,-0.044184,0.567266,-0.458295,0.528297,-0.457597,-0.456869,1.053238
11,PCB,21,0.056275,0.047279,0.042215,0.529949,0.042162,0.608286,-0.041918,-0.461047,0.047225,-0.046725,0.572629,-0.460091,0.529605,-0.457711,-0.464012,1.065844
11,PCB,22,0.062168,0.054112,0.050081,0.550538,0.050289,0.610136,-0.049566,-0.469654,0.054051,-0.053418,0.575635,-0.470715,0.550566,-0.465678,-0.472956,1.090945
11,PCB,23,0.068291,0.049607,0.054872,0.482618,0.054906,0.547378,-0.053085,-0.418225,0.049711,-0.048436,0.531396,-0.419854,0.482415,-0.416062,-0.418254,1.013376
11,PCB,24,0.058491,0.048224,0.044537,0.508979,0.044695,0.587524,-0.044105,-0.444410,0.048294,-0.047832,0.554378,-0.443480,0.511030,-0.441773,-0.446818,1.021916
11,PCB,25,0.052901,0.041037,0.046428,0.547769,0.046633,0.600139,-0.046088,-0.475454,0.041124,-0.040796,0.576670,-0.484475,0.549043,-0.477303,-0.483106,1.093796
11,PCB,26,0.049160,0.042698,0.040690,0.495953,0.040384,0.575617,-0.040004,-0.432164,0.042627,-0.042065,0.572017,-0.429292,0.499125,-0.432083,-0.432578,1.016348
11,PCB,27,0.047706,0.049732,0.046199,0.498302,0.046344,0.559130,-0.045613,-0.418096,0.049771,-0.048717,0.514445,-0.424499,0.500859,-0.421920,-0.424588,1.007556
12,DMT,0,0.072680,0.045578,0.050279,0.498984,0.050183,0.567986,-0.049432,-0.439980,0.045371,-0.044956,0.580692,-0.439955,0.499210,-0.438911,-0.438807,1.018342
12,DMT,1,0.046024,0.044098,0.047161,0.467427,0.047613,0.520340,-0.046293,-0.404504,0.043949,-0.043388,0.503035,-0.405439,0.469674,-0.402400,-0.407325,0.961993
12,DMT,2,0.047397,0.061699,0.051343,0.435894,0.051273,0.464970,-0.049750,-0.346232,0.061137,-0.058830,0.441109,-0.345267,0.436240,-0.342273,-0.347064,0.875905
12,DMT,3,0.037585,0.045898,0.043302,0.491268,0.043277,0.515232,-0.042828,-0.417302,0.045972,-0.045211,0.515013,-0.418421,0.491272,-0.416451,-0.416350,0.972542
12,DMT,4,0.047411,0.045504,0.044862,0.521185,0.044894,0.557776,-0.044330,-0.447147,0.045530,-0.044815,0.543708,-0.452284,0.521126,-0.448799,-0.452445,1.044669
12,DMT,5,0.047737,0.055521,0.049981,0.466956,0.049687,0.464727,-0.049028,-0.392647,0.055490,-0.053626,0.490629,-0.386762,0.464816,-0.389635,-0.387478,0.942107
12,DMT,6,0.054772,0.042129,0.046398,0.513508,0.046559,0.598026,-0.045652,-0.446662,0.042080,-0.041560,0.544918,-0.453914,0.514115,-0.447011,-0.452948,1.042058
12,DMT,7,0.067972,0.044500,0.048877,0.521334,0.048769,0.584411,-0.048302,-0.452750,0.044476,-0.044187,0.609075,-0.455001,0.522399,-0.456279,-0.456153,1.043229
12,DMT,8,0.092372,0.072852,0.052317,0.378581,0.051670,0.429965,-0.050078,-0.309284,0.072070,-0.069573,0.433409,-0.313693,0.376356,-0.316958,-0.316125,0.895014
12,DMT,9,0.042514,0.049746,0.045022,0.464964,0.044853,0.513762,-0.043946,-0.394164,0.049654,-0.048607,0.474891,-0.394067,0.465906,-0.392751,-0.397635,0.941302
12,DMT,10,0.041498,0.041135,0.038966,0.490228,0.039201,0.562775,-0.038634,-0.429207,0.041060,-0.040708,0.510126,-0.433263,0.489185,-0.428254,-0.432599,0.995925
12,DMT,11,0.051063,0.054934,0.054776,0.436678,0.054553,0.449848,-0.053189,-0.361936,0.055088,-0.053771,0.466060,-0.361583,0.437349,-0.366066,-0.364492,0.918731
12,DMT,12,0.041378,0.052547,0.048878,0.437831,0.048852,0.445208,-0.048377,-0.366288,0.052743,-0.051407,0.467356,-0.360996,0.439635,-0.366963,-0.364093,0.885588
12,DMT,13,0.036657,0.041210,0.038422,0.483861,0.038412,0.532972,-0.037848,-0.418616,0.041077,-0.040701,0.550471,-0.416487,0.483333,-0.419035,-0.414769,0.956925
12,DMT,14,0.038448,0.043080,0.037146,0.485711,0.036991,0.537413,-0.036800,-0.420516,0.042990,-0.042525,0.565677,-0.416581,0.483904,-0.419917,-0.418343,0.968194
12,DMT,15,0.035179,0.044350,0.039929,0.489705,0.039990,0.522978,-0.039600,-0.418636,0.044219,-0.043808,0.498888,-0.420593,0.489759,-0.418699,-0.420998,0.969838
12,DMT,16,0.036690,0.044520,0.042534,0.465005,0.042598,0.496064,-0.041905,-0.397365,0.044487,-0.043993,0.492857,-0.397043,0.464492,-0.394717,-0.398133,0.928111
12,DMT,17,0.036305,0.041435,0.037566,0.473906,0.037746,0.530996,-0.037218,-0.409764,0.041300,-0.041023,0.539487,-0.408352,0.473247,-0.406632,-0.409366,0.945925
12,DMT,18,0.036552,0.037781,0.041230,0.491191,0.041252,0.544549,-0.040674,-0.427178,0.037752,-0.037400,0.535237,-0.429148,0.491946,-0.427802,-0.429190,0.984749
12,DMT,19,0.033342,0.044031,0.043260,0.460450,0.043168,0.467778,-0.042593,-0.384649,0.044086,-0.043560,0.506007,-0.384059,0.456936,-0.384300,-0.380220,0.906423
12,DMT,20,0.054905,0.054181,0.043944,0.476969,0.043966,0.541496,-0.043039,-0.409832,0.054128,-0.052885,0.500634,-0.415820,0.477026,-0.410450,-0.414375,0.975899
12,DMT,21,0.044528,0.044528,0.043388,0.520815,0.043296,0.577298,-0.042955,-0.446055,0.044465,-0.044237,0.551319,-0.449915,0.519857,-0.445699,-0.450765,1.029267
12,DMT,22,0.048154,0.038779,0.042825,0.503634,0.042813,0.593103,-0.042398,-0.440031,0.038755,-0.038532,0.544157,-0.445212,0.503062,-0.440893,-0.444609,1.015975
12,DMT,23,0.047422,0.048070,0.058238,0.502365,0.058363,0.511619,-0.057349,-0.413021,0.048059,-0.047514,0.525901,-0.413913,0.503975,-0.415807,-0.415020,1.002015
12,DMT,24,0.044589,0.042139,0.042654,0.514658,0.042720,0.568583,-0.042237,-0.444221,0.041965,-0.041602,0.573209,-0.444500,0.513568,-0.442540,-0.445303,1.017489
12,DMT,25,0.035493,0.045044,0.045794,0.480919,0.045683,0.500453,-0.044798,-0.407580,0.044874,-0.044217,0.514398,-0.403924,0.480369,-0.405642,-0.405526,0.963162
12,DMT,26,0.048044,0.042161,0.042941,0.521218,0.042957,0.576186,-0.042575,-0.457628,0.042299,-0.041888,0.574809,-0.455360,0.523495,-0.457664,-0.459341,1.047511
12,DMT,27,0.073207,0.053130,0.049878,0.513275,0.049729,0.587957,-0.048749,-0.443263,0.053125,-0.051534,0.559530,-0.449316,0.511984,-0.445826,-0.445058,1.070626
12,PCB,0,0.052491,0.042101,0.042881,0.519804,0.042901,0.605822,-0.042451,-0.456719,0.042034,-0.041650,0.554986,-0.460058,0.520062,-0.455547,-0.462821,1.062463
12,PCB,1,0.054850,0.047062,0.049066,0.503312,0.049181,0.562931,-0.048278,-0.427805,0.047197,-0.046662,0.548617,-0.426288,0.504178,-0.425071,-0.427911,1.004626
12,PCB,2,0.051732,0.040745,0.045107,0.467158,0.045143,0.535288,-0.044399,-0.405358,0.040761,-0.040232,0.520498,-0.406687,0.467896,-0.407889,-0.407887,0.963284
12,PCB,3,0.057081,0.042474,0.040287,0.561992,0.040351,0.634486,-0.040003,-0.500490,0.042505,-0.042159,0.619200,-0.500305,0.560563,-0.499335,-0.499090,1.138352
12,PCB,4,0.090048,0.054749,0.055130,0.549161,0.055273,0.638062,-0.054705,-0.474413,0.054721,-0.054275,0.585076,-0.480149,0.547541,-0.472492,-0.479639,1.094637
12,PCB,5,0.035670,0.038310,0.047200,0.457333,0.047385,0.511751,-0.046373,-0.389164,0.038163,-0.037889,0.490510,-0.390584,0.457676,-0.387235,-0.391922,0.930050
12,PCB,6,0.062981,0.053092,0.050110,0.490590,0.050007,0.566083,-0.049268,-0.414947,0.052783,-0.052238,0.533013,-0.422464,0.489554,-0.411068,-0.420906,1.001311
12,PCB,7,0.044259,0.040758,0.040522,0.491932,0.040587,0.551723,-0.040284,-0.434667,0.040787,-0.040412,0.534829,-0.437396,0.492959,-0.431917,-0.435496,1.008225
12,PCB,8,0.039521,0.045328,0.050525,0.452866,0.051004,0.487271,-0.049690,-0.375641,0.045382,-0.044495,0.498963,-0.374162,0.452002,-0.375169,-0.373838,0.910501
12,PCB,9,0.035952,0.046709,0.046468,0.483360,0.046631,0.500688,-0.045626,-0.407144,0.046622,-0.045824,0.499296,-0.411150,0.484869,-0.406978,-0.412838,0.966576
12,PCB,10,0.045415,0.049282,0.052050,0.468654,0.052115,0.490700,-0.050696,-0.390858,0.049392,-0.048386,0.508235,-0.386453,0.468077,-0.388644,-0.387930,0.952888
12,PCB,11,0.046534,0.042629,0.046569,0.528945,0.046460,0.584149,-0.045973,-0.458681,0.042802,-0.042148,0.581303,-0.455627,0.529820,-0.456085,-0.457826,1.056594
12,PCB,12,0.039280,0.046294,0.041497,0.503133,0.041441,0.537097,-0.041099,-0.428526,0.046379,-0.045798,0.532364,-0.429352,0.501864,-0.426590,-0.428884,1.000517
12,PCB,13,0.047258,0.057231,0.044948,0.485367,0.045093,0.513101,-0.044253,-0.399616,0.057382,-0.056195,0.492964,-0.403194,0.485702,-0.400128,-0.402466,0.970155
12,PCB,14,0.041266,0.042391,0.041485,0.493046,0.041562,0.556888,-0.041100,-0.425389,0.042497,-0.041964,0.556895,-0.429430,0.493912,-0.428715,-0.427448,0.993061
12,PCB,15,0.060533,0.048378,0.051856,0.463449,0.051677,0.513735,-0.050371,-0.401910,0.048213,-0.047156,0.504980,-0.398682,0.465245,-0.402903,-0.401200,0.979559
12,PCB,16,0.048434,0.045719,0.043567,0.483491,0.043549,0.541270,-0.042606,-0.417239,0.045685,-0.044845,0.560169,-0.413757,0.482385,-0.414229,-0.414125,0.989747
12,PCB,17,0.069867,0.051822,0.055968,0.503470,0.056060,0.548170,-0.055291,-0.432832,0.051829,-0.051054,0.567750,-0.426362,0.503654,-0.429752,-0.426632,1.021022
12,PCB,18,0.047634,0.051371,0.051974,0.490246,0.052015,0.515152,-0.050980,-0.412996,0.051239,-0.050356,0.507227,-0.408071,0.489574,-0.410421,-0.410573,0.971373
12,PCB,19,0.046996,0.058240,0.060327,0.502449,0.060016,0.508623,-0.058645,-0.400588,0.058151,-0.056951,0.493603,-0.401031,0.498843,-0.393619,-0.401141,0.973715
12,PCB,20,0.064637,0.059460,0.060202,0.519665,0.060024,0.573787,-0.058818,-0.420384,0.059424,-0.058312,0.543855,-0.423264,0.518877,-0.421413,-0.423642,1.012523
12,PCB,21,0.056222,0.049689,0.052162,0.515501,0.052109,0.586358,-0.050975,-0.436166,0.049719,-0.048759,0.554170,-0.438715,0.516034,-0.437276,-0.438458,1.071459
12,PCB,22,0.038872,0.041058,0.040157,0.497832,0.040254,0.537783,-0.039634,-0.432966,0.041210,-0.040758,0.533256,-0.431790,0.497045,-0.433291,-0.434800,1.001532
12,PCB,23,0.067027,0.063332,0.045990,0.517831,0.045890,0.561019,-0.045295,-0.443765,0.063596,-0.062044,0.565292,-0.439157,0.517761,-0.443447,-0.446799,1.065858
12,PCB,24,0.072937,0.056282,0.046111,0.580251,0.046155,0.628366,-0.045645,-0.506744,0.056260,-0.055414,0.670019,-0.500543,0.583690,-0.502832,-0.507451,1.155952
12,PCB,25,0.071053,0.050792,0.049490,0.497465,0.049546,0.555120,-0.049054,-0.430700,0.050684,-0.050010,0.591587,-0.427842,0.497155,-0.429970,-0.429739,1.006193
12,PCB,26,0.084668,0.073948,0.074656,0.487238,0.074509,0.497735,-0.071999,-0.386144,0.073725,-0.070872,0.508645,-0.375327,0.488397,-0.376859,-0.384077,1.065054
12,PCB,27,0.061410,0.046047,0.047321,0.552579,0.047462,0.596445,-0.046861,-0.492086,0.046100,-0.045707,0.591233,-0.491155,0.552371,-0.491936,-0.493430,1.124287
13,DMT,0,0.045589,0.053628,0.046027,0.477079,0.045967,0.514345,-0.045243,-0.396139,0.053685,-0.052190,0.516983,-0.399500,0.475256,-0.396968,-0.393062,0.961825
13,DMT,1,0.038560,0.048106,0.043935,0.450090,0.044133,0.488323,-0.042902,-0.374727,0.048249,-0.047416,0.470218,-0.379953,0.448674,-0.374496,-0.379129,0.903242
13,DMT,2,0.049336,0.059286,0.046774,0.437496,0.047025,0.463085,-0.045574,-0.360156,0.059654,-0.057833,0.462628,-0.361224,0.441714,-0.358301,-0.365982,0.903179
13,DMT,3,0.048243,0.046207,0.048623,0.446254,0.048868,0.496616,-0.047785,-0.374083,0.046067,-0.045182,0.478415,-0.375701,0.446449,-0.375468,-0.376072,0.899496
13,DMT,4,0.032806,0.048702,0.046317,0.403355,0.046126,0.402252,-0.044998,-0.326533,0.048985,-0.047138,0.412705,-0.327069,0.400835,-0.326826,-0.324998,0.810630
13,DMT,5,0.032598,0.043776,0.044838,0.411492,0.044457,0.452814,-0.043577,-0.344037,0.043702,-0.042919,0.434335,-0.339069,0.411336,-0.340178,-0.343949,0.830682
13,DMT,6,0.034235,0.046939,0.046595,0.372826,0.046586,0.415367,-0.045069,-0.298710,0.047073,-0.045189,0.391967,-0.299154,0.370467,-0.293012,-0.300431,0.784517
13,DMT,7,0.035363,0.046160,0.052785,0.379576,0.052942,0.417659,-0.050322,-0.300004,0.046057,-0.044228,0.407678,-0.299194,0.383741,-0.302129,-0.303903,0.778728
13,DMT,8,0.080605,0.056838,0.067373,0.444821,0.068482,0.505888,-0.065426,-0.363975,0.057043,-0.055497,0.463550,-0.366253,0.446835,-0.364973,-0.368990,0.894311
13,DMT,9,0.046089,0.040211,0.040887,0.491782,0.040933,0.567211,-0.040543,-0.432904,0.040161,-0.039579,0.552844,-0.434098,0.492208,-0.434496,-0.434221,0.998650
13,DMT,10,0.037698,0.044652,0.040564,0.434444,0.040368,0.487473,-0.039723,-0.366061,0.044763,-0.043970,0.502587,-0.360059,0.434420,-0.365668,-0.360933,0.870102
13,DMT,11,0.044365,0.046360,0.043479,0.515638,0.043515,0.553364,-0.043101,-0.446975,0.046369,-0.046205,0.544209,-0.448338,0.516830,-0.447640,-0.449675,1.031851
13,DMT,12,0.033007,0.045732,0.047034,0.447628,0.047052,0.438647,-0.046089,-0.369765,0.045906,-0.045055,0.475783,-0.367439,0.448090,-0.371193,-0.365758,0.889915
13,DMT,13,0.038043,0.049051,0.048174,0.462286,0.048174,0.489308,-0.046997,-0.383464,0.049001,-0.047494,0.497262,-0.381360,0.461650,-0.381965,-0.381615,0.930892
13,DMT,14,0.047911,0.060120,0.052238,0.453370,0.052330,0.472372,-0.051320,-0.369133,0.060374,-0.058744,0.467127,-0.370628,0.452808,-0.367662,-0.368496,0.902594
13,DMT,15,0.047809,0.046967,0.041244,0.487464,0.041082,0.536092,-0.040700,-0.424485,0.046955,-0.046372,0.517072,-0.427491,0.484631,-0.424216,-0.425080,0.983231
13,DMT,16,0.035808,0.049173,0.043526,0.432903,0.043630,0.468794,-0.042455,-0.356705,0.048969,-0.047792,0.434789,-0.360663,0.431216,-0.354931,-0.362130,0.875256
13,DMT,17,0.038043,0.046390,0.048876,0.435020,0.048767,0.466481,-0.047695,-0.361548,0.046503,-0.044562,0.458836,-0.362793,0.433013,-0.359311,-0.361875,0.873022
13,DMT,18,0.039292,0.046143,0.040402,0.477223,0.040621,0.543160,-0.039963,-0.409026,0.046006,-0.045515,0.514107,-0.405396,0.476164,-0.402818,-0.409717,0.957039
13,DMT,19,0.037088,0.044539,0.044515,0.437079,0.044359,0.473352,-0.043517,-0.365003,0.044372,-0.043608,0.471461,-0.362228,0.436314,-0.362194,-0.365401,0.873968
13,DMT,20,0.053131,0.065915,0.043969,0.465801,0.043759,0.481550,-0.042754,-0.385649,0.065928,-0.063455,0.490041,-0.386589,0.465785,-0.384958,-0.388448,0.948024
13,DMT,21,0.042592,0.045508,0.041733,0.471141,0.041760,0.528538,-0.041113,-0.403702,0.045501,-0.044690,0.535026,-0.400877,0.471031,-0.403738,-0.405434,0.950816
13,DMT,22,0.042431,0.041219,0.043068,0.499577,0.043038,0.549345,-0.042709,-0.433463,0.041253,-0.040846,0.556716,-0.433635,0.497594,-0.433556,-0.427833,1.024024
13,DMT,23,0.081266,0.062254,0.060258,0.522137,0.060302,0.568796,-0.059123,-0.433975,0.062189,-0.060539,0.548984,-0.439232,0.522373,-0.440103,-0.439961,1.053137
13,DMT,24,0.067022,0.053462,0.057473,0.547680,0.057654,0.564504,-0.056726,-0.464238,0.053614,-0.052748,0.581172,-0.467772,0.547730,-0.467885,-0.463602,1.093086
13,DMT,25,0.121456,0.063245,0.062581,0.560572,0.062041,0.597776,-0.060581,-0.482905,0.063352,-0.062210,0.619483,-0.479351,0.559233,-0.482358,-0.479912,1.130402
13,DMT,26,0.061680,0.047146,0.047298,0.541620,0.047160,0.581759,-0.046622,-0.472980,0.047231,-0.046725,0.604877,-0.469102,0.541077,-0.470085,-0.469349,1.097829
13,DMT,27,0.060320,0.056714,0.049427,0.507319,0.049386,0.541675,-0.048705,-0.434668,0.056911,-0.055899,0.544263,-0.432410,0.510838,-0.435552,-0.435810,1.024728
13,PCB,0,0.035158,0.042420,0.040497,0.477486,0.040536,0.512760,-0.040008,-0.409595,0.042249,-0.041731,0.522978,-0.407346,0.477179,-0.408463,-0.408078,0.960195
13,PCB,1,0.043327,0.051978,0.042826,0.450113,0.042928,0.506524,-0.042125,-0.382393,0.052032,-0.050911,0.476957,-0.382738,0.450428,-0.381116,-0.384929,0.917028
13,PCB,2,0.038555,0.040727,0.043285,0.526518,0.043271,0.575845,-0.042768,-0.455471,0.040707,-0.040218,0.554801,-0.460359,0.525619,-0.457385,-0.458143,1.049871
13,PCB,3,0.049312,0.046939,0.055026,0.465474,0.055140,0.503648,-0.054018,-0.385684,0.046983,-0.046049,0.513093,-0.387169,0.467767,-0.387904,-0.387415,0.925824
13,PCB,4,0.042065,0.041563,0.041201,0.491930,0.041146,0.540027,-0.040746,-0.426575,0.041744,-0.041004,0.536828,-0.429494,0.491996,-0.426428,-0.426782,0.987919
13,PCB,5,0.045723,0.043596,0.043976,0.493763,0.044020,0.549429,-0.043571,-0.429335,0.043481,-0.043044,0.538608,-0.428641,0.493867,-0.429048,-0.428349,0.991040
13,PCB,6,0.038031,0.044824,0.045284,0.505317,0.045347,0.530557,-0.044633,-0.426006,0.044803,-0.044402,0.517097,-0.430595,0.506767,-0.431116,-0.429520,1.002880
13,PCB,7,0.036930,0.046544,0.040281,0.430817,0.040271,0.474407,-0.039108,-0.363772,0.046693,-0.045501,0.474650,-0.361705,0.430160,-0.362811,-0.362240,0.894498
13,PCB,8,0.036582,0.050618,0.044459,0.458314,0.044282,0.483191,-0.043340,-0.381988,0.050410,-0.049307,0.486899,-0.376792,0.459570,-0.381592,-0.377488,0.925752
13,PCB,9,0.034514,0.052335,0.046265,0.458538,0.046305,0.461492,-0.045339,-0.371422,0.052152,-0.050753,0.475457,-0.377403,0.455765,-0.370958,-0.373730,0.901422
13,PCB,10,0.035806,0.041883,0.051857,0.429684,0.052051,0.466212,-0.050661,-0.353783,0.041922,-0.040916,0.453640,-0.354950,0.430106,-0.353252,-0.356386,0.866444
13,PCB,11,0.038600,0.040967,0.039899,0.498110,0.039938,0.545464,-0.039363,-0.436433,0.040914,-0.040482,0.523985,-0.437818,0.498414,-0.437352,-0.437655,1.003953
13,PCB,12,0.049126,0.049841,0.041650,0.470884,0.041651,0.504792,-0.040952,-0.406151,0.049865,-0.049335,0.520176,-0.402933,0.469569,-0.400350,-0.403811,0.954376
13,PCB,13,0.055230,0.047416,0.047646,0.491288,0.047489,0.544816,-0.046871,-0.423598,0.047195,-0.046758,0.520092,-0.422125,0.491092,-0.422749,-0.425927,1.001718
13,PCB,14,0.044032,0.052002,0.048715,0.464752,0.048625,0.489480,-0.047847,-0.387801,0.052020,-0.050755,0.503770,-0.385472,0.463983,-0.387766,-0.383641,0.923349
13,PCB,15,0.046629,0.046615,0.047344,0.540954,0.047412,0.576742,-0.046868,-0.467984,0.046598,-0.046013,0.555810,-0.467508,0.538634,-0.466618,-0.465182,1.079577
13,PCB,16,0.038055,0.042846,0.040092,0.484552,0.040209,0.547512,-0.039494,-0.416233,0.042892,-0.042316,0.524708,-0.418220,0.484461,-0.415810,-0.417368,0.963101
13,PCB,17,0.041466,0.039534,0.046533,0.495012,0.046740,0.557164,-0.046201,-0.426741,0.039314,-0.038898,0.534245,-0.427316,0.494711,-0.426620,-0.426505,0.996960
13,PCB,18,0.048191,0.039842,0.050504,0.519776,0.050418,0.557906,-0.049838,-0.449922,0.039910,-0.039487,0.584785,-0.449210,0.518691,-0.452787,-0.445089,1.053178
13,PCB,19,0.043342,0.047705,0.041844,0.525568,0.041772,0.561638,-0.041195,-0.453651,0.047719,-0.047436,0.548692,-0.452395,0.524991,-0.452633,-0.452882,1.041228
13,PCB,20,0.045608,0.040655,0.044633,0.482709,0.044619,0.538776,-0.044170,-0.423702,0.040650,-0.040180,0.508886,-0.424873,0.482829,-0.420680,-0.423689,0.986228
13,PCB,21,0.034437,0.043731,0.041790,0.472756,0.041715,0.508350,-0.041409,-0.400833,0.043567,-0.042973,0.484649,-0.401409,0.471336,-0.398008,-0.402500,0.939181
13,PCB,22,0.044734,0.046558,0.047064,0.520662,0.047300,0.557455,-0.046720,-0.443073,0.046848,-0.046120,0.552722,-0.444320,0.519993,-0.442260,-0.442468,1.027001
13,PCB,23,0.047856,0.051955,0.053789,0.458280,0.053882,0.458404,-0.052562,-0.380915,0.051876,-0.050830,0.488562,-0.379911,0.458755,-0.382669,-0.379054,0.921690
13,PCB,24,0.041452,0.042703,0.049763,0.472420,0.049601,0.506950,-0.048983,-0.399925,0.042615,-0.041921,0.495048,-0.405314,0.470839,-0.403171,-0.400811,0.949398
13,PCB,25,0.057191,0.049522,0.049072,0.492134,0.049099,0.526275,-0.048053,-0.422360,0.049631,-0.048946,0.534327,-0.417567,0.492398,-0.419139,-0.421968,0.977382
13,PCB,26,0.048536,0.046433,0.043738,0.533827,0.043752,0.582532,-0.043268,-0.463680,0.046472,-0.046064,0.575711,-0.461459,0.534112,-0.464407,-0.464199,1.063465
13,PCB,27,0.035916,0.051987,0.049274,0.468536,0.049391,0.458600,-0.048293,-0.383778,0.052131,-0.050493,0.511538,-0.378677,0.469448,-0.387590,-0.376228,0.936368
