# script=01_synergy_timecourse.py variant=ts_demean regions=115 region_selection=all excluded_regions=20 atoms=rtr,rtx,rty,rts,xtr,xtx,xty,xts,ytr,ytx,yty,yts,str,stx,sty,sts tau=1 redundancy=MMI fit_mode=global seed=20261120 git=84ea657
subject,condition,bin,rtr,rtx,rty,rts,xtr,xtx,xty,xts,ytr,ytx,yty,yts,str,stx,sty,sts
0,DMT,0,0.022489,0.010741,0.018413,0.487813,0.018413,0.492931,-0.018413,-0.479159,0.010741,-0.010741,0.505517,-0.481336,0.489723,-0.485150,-0.483215,1.060228
0,DMT,1,0.025490,0.000440,-0.001031,0.518685,-0.001031,0.550790,0.001031,-0.518820,0.000440,-0.000440,0.545598,-0.519530,0.519846,-0.520877,-0.519615,1.105244
0,DMT,2,0.064035,0.005257,0.022832,0.422204,0.022832,0.459025,-0.022832,-0.417108,0.005257,-0.005257,0.437213,-0.416511,0.422181,-0.417066,-0.418029,0.994884
0,DMT,3,0.033526,0.002193,0.014538,0.573063,0.014538,0.597124,-0.014538,-0.570406,0.002193,-0.002193,0.588142,-0.569138,0.570616,-0.565211,-0.567609,1.191907
0,DMT,4,0.014760,0.022541,0.006788,0.608167,0.006788,0.608495,-0.006788,-0.600320,0.022541,-0.022541,0.609080,-0.600019,0.608171,-0.600243,-0.600745,1.247366
0,DMT,5,0.058514,0.030359,0.008148,0.552346,0.008148,0.613135,-0.008148,-0.540323,0.030359,-0.030359,0.516427,-0.545269,0.555285,-0.547879,-0.545111,1.186348
0,DMT,6,0.126738,0.039320,0.042031,0.546486,0.042031,0.704234,-0.042031,-0.532575,0.039320,-0.039320,0.547829,-0.526900,0.541885,-0.520446,-0.528745,1.194516
0,DMT,7,0.087270,0.034910,0.032047,0.434891,0.032047,0.462560,-0.032047,-0.422993,0.034910,-0.034910,0.445454,-0.416723,0.434577,-0.413088,-0.420625,1.026006
0,DMT,8,0.017844,0.000910,-0.001332,0.606685,-0.001332,0.647199,0.001332,-0.606134,0.000910,-0.000910,0.628410,-0.607507,0.606832,-0.607345,-0.606188,1.218836
0,DMT,9,0.048626,0.006499,0.008089,0.566998,0.008089,0.613522,-0.008089,-0.565799,0.006499,-0.006499,0.605722,-0.564765,0.566077,-0.563753,-0.564674,1.187424
0,DMT,10,0.046805,0.011310,0.009481,0.533222,0.009481,0.581237,-0.009481,-0.530150,0.011310,-0.011310,0.549278,-0.531323,0.533510,-0.532215,-0.531166,1.119878
0,DMT,11,0.046508,0.003706,0.005828,0.607089,0.005828,0.646651,-0.005828,-0.606959,0.003706,-0.003706,0.619079,-0.605758,0.605533,-0.603586,-0.605180,1.235760
0,DMT,12,0.058669,0.007357,0.006430,0.493271,0.006430,0.517808,-0.006430,-0.491914,0.007357,-0.007357,0.477457,-0.492887,0.494510,-0.493608,-0.493053,1.082744
0,DMT,13,0.060281,0.006436,0.007975,0.595326,0.007975,0.614273,-0.007975,-0.594714,0.006436,-0.006436,0.602352,-0.594056,0.594073,-0.593164,-0.593954,1.253741
0,DMT,14,0.041663,0.004137,0.006612,0.505314,0.006612,0.513966,-0.006612,-0.503960,0.004137,-0.004137,0.534191,-0.504306,0.505582,-0.504340,-0.503882,1.097869
0,DMT,15,0.048391,0.010756,0.007635,0.456208,0.007635,0.495849,-0.007635,-0.453227,0.010756,-0.010756,0.465255,-0.453098,0.455058,-0.451168,-0.452732,1.024572
0,DMT,16,0.043763,0.008327,0.006165,0.546476,0.006165,0.597713,-0.006165,-0.544765,0.008327,-0.008327,0.557611,-0.545521,0.547196,-0.546272,-0.546007,1.141778
0,DMT,17,0.048844,0.005108,0.006389,0.463044,0.006389,0.503212,-0.006389,-0.461682,0.005108,-0.005108,0.481934,-0.461939,0.463418,-0.462700,-0.462763,1.027521
0,DMT,18,0.060527,0.013070,0.006728,0.595598,0.006728,0.626196,-0.006728,-0.593778,0.013070,-0.013070,0.644758,-0.594976,0.596294,-0.595907,-0.594073,1.247307
0,DMT,19,0.052548,0.003705,0.000718,0.592368,0.000718,0.605785,-0.000718,-0.593034,0.003705,-0.003705,0.633419,-0.593468,0.591874,-0.594133,-0.593240,1.258680
0,DMT,20,0.039012,-0.000911,0.003389,0.590699,0.003389,0.615017,-0.003389,-0.591029,-0.000911,0.000911,0.623470,-0.591414,0.591324,-0.591959,-0.591594,1.226185
0,DMT,21,0.060075,0.006868,0.006835,0.558983,0.006835,0.588070,-0.006835,-0.558420,0.006868,-0.006868,0.563178,-0.557924,0.559537,-0.557918,-0.558659,1.207891
0,DMT,22,0.049445,0.000521,0.002595,0.547196,0.002595,0.595142,-0.002595,-0.547362,0.000521,-0.000521,0.594736,-0.547148,0.547651,-0.547413,-0.547580,1.204778
0,DMT,23,0.051690,0.003863,0.006876,0.520796,0.006876,0.535312,-0.006876,-0.520055,0.003863,-0.003863,0.536733,-0.519139,0.520271,-0.519016,-0.519923,1.123701
0,DMT,24,0.035379,0.013668,0.001872,0.498603,0.001872,0.528707,-0.001872,-0.495096,0.013668,-0.013668,0.523842,-0.497048,0.500230,-0.498621,-0.497317,1.071882
0,DMT,25,0.041163,0.006158,0.003276,0.575514,0.003276,0.588978,-0.003276,-0.574526,0.006158,-0.006158,0.595680,-0.574720,0.575397,-0.575206,-0.574372,1.210388
0,DMT,26,0.040824,0.001084,0.004726,0.582122,0.004726,0.601251,-0.004726,-0.581594,0.001084,-0.001084,0.602718,-0.581216,0.581753,-0.580619,-0.581448,1.228606
0,DMT,27,0.054728,-0.003233,0.005696,0.570256,0.005696,0.593953,-0.005696,-0.572609,-0.003233,0.003233,0.596774,-0.570532,0.569855,-0.570136,-0.571992,1.202996
0,PCB,0,0.041438,0.007082,-0.005365,0.526477,-0.005365,0.548950,0.005365,-0.531530,0.007082,-0.007082,0.559293,-0.531077,0.526032,-0.529999,-0.528695,1.136419
0,PCB,1,0.032782,0.003269,0.007416,0.578384,0.007416,0.594233,-0.007416,-0.577740,0.003269,-0.003269,0.586651,-0.577131,0.580138,-0.580121,-0.579409,1.211826
0,PCB,2,0.043135,0.010462,0.005095,0.480865,0.005095,0.510753,-0.005095,-0.477040,0.010462,-0.010462,0.486528,-0.478137,0.480231,-0.476060,-0.476575,1.043707
0,PCB,3,0.025876,0.001687,-0.000782,0.570636,-0.000782,0.631214,0.000782,-0.570396,0.001687,-0.001687,0.609572,-0.571353,0.570026,-0.570252,-0.569102,1.180927
0,PCB,4,0.021314,0.008083,0.004963,0.605368,0.004963,0.589384,-0.004963,-0.601304,0.008083,-0.008083,0.618599,-0.600342,0.604599,-0.599614,-0.599581,1.244690
0,PCB,5,0.025631,0.005164,0.003497,0.527228,0.003497,0.580749,-0.003497,-0.525864,0.005164,-0.005164,0.546735,-0.524330,0.526443,-0.523972,-0.525347,1.114361
0,PCB,6,0.029491,0.003905,0.004024,0.580551,0.004024,0.613717,-0.004024,-0.580256,0.003905,-0.003905,0.600434,-0.580633,0.581780,-0.581636,-0.581241,1.211399
0,PCB,7,0.036426,0.003104,0.002152,0.574879,0.002152,0.602231,-0.002152,-0.574857,0.003104,-0.003104,0.608949,-0.575028,0.571738,-0.572253,-0.572375,1.189994
0,PCB,8,0.046703,0.005262,0.007600,0.578536,0.007600,0.616846,-0.007600,-0.577483,0.005262,-0.005262,0.604131,-0.577416,0.579879,-0.576576,-0.576358,1.245602
0,PCB,9,0.024309,0.002939,0.005085,0.582679,0.005085,0.623531,-0.005085,-0.582624,0.002939,-0.002939,0.609814,-0.581278,0.581531,-0.580210,-0.581926,1.202100
0,PCB,10,0.012406,0.003224,0.004821,0.619518,0.004821,0.645762,-0.004821,-0.615020,0.003224,-0.003224,0.607133,-0.615143,0.620646,-0.616446,-0.616229,1.267586
0,PCB,11,0.021757,0.010941,0.010681,0.542319,0.010681,0.573725,-0.010681,-0.535493,0.010941,-0.010941,0.566179,-0.535376,0.542328,-0.535088,-0.536414,1.119771
0,PCB,12,0.039250,0.010495,0.024957,0.486443,0.024957,0.517134,-0.024957,-0.471178,0.010495,-0.010495,0.566495,-0.468980,0.487354,-0.470882,-0.473525,1.046507
0,PCB,13,0.017648,0.005615,0.007707,0.516781,0.007707,0.566037,-0.007707,-0.510691,0.005615,-0.005615,0.544028,-0.509999,0.515614,-0.509371,-0.510976,1.067220
0,PCB,14,0.033498,0.009108,0.015328,0.505705,0.015328,0.529680,-0.015328,-0.495534,0.009108,-0.009108,0.538405,-0.495364,0.506494,-0.496695,-0.496498,1.082834
0,PCB,15,0.020706,0.007899,0.011230,0.563070,0.011230,0.591151,-0.011230,-0.555264,0.007899,-0.007899,0.591871,-0.555124,0.564472,-0.556053,-0.557381,1.172905
0,PCB,16,0.032008,0.016349,0.009093,0.646881,0.009093,0.682849,-0.009093,-0.640474,0.016349,-0.016349,0.638239,-0.641828,0.644966,-0.639970,-0.639210,1.316178
0,PCB,17,0.042829,0.013381,0.016633,0.553214,0.016633,0.588260,-0.016633,-0.547887,0.013381,-0.013381,0.554635,-0.547253,0.553839,-0.547352,-0.549635,1.156398
0,PCB,18,0.006323,0.003283,0.011936,0.530746,0.011936,0.570455,-0.011936,-0.521692,0.003283,-0.003283,0.567678,-0.522480,0.531698,-0.523263,-0.523728,1.088603
0,PCB,19,0.033186,0.013005,0.017660,0.611694,0.017660,0.629795,-0.017660,-0.599357,0.013005,-0.013005,0.621693,-0.599931,0.611685,-0.599826,-0.600134,1.266787
0,PCB,20,0.025322,0.004945,0.002505,0.604545,0.002505,0.632789,-0.002505,-0.604613,0.004945,-0.004945,0.660272,-0.605725,0.605241,-0.607091,-0.605652,1.261940
0,PCB,21,0.036888,0.008987,0.007678,0.608834,0.007678,0.700948,-0.007678,-0.604482,0.008987,-0.008987,0.661357,-0.605931,0.608907,-0.605784,-0.605685,1.269795
0,PCB,22,0.032094,0.000209,-0.001161,0.652321,-0.001161,0.715995,0.001161,-0.655610,0.000209,-0.000209,0.689305,-0.656804,0.653344,-0.657807,-0.656419,1.350102
0,PCB,23,0.031759,0.005941,0.003332,0.627079,0.003332,0.667001,-0.003332,-0.624242,0.005941,-0.005941,0.631530,-0.626606,0.624700,-0.624597,-0.623324,1.303152
0,PCB,24,0.063997,0.003801,0.010894,0.702683,0.010894,0.734543,-0.010894,-0.700350,0.003801,-0.003801,0.723349,-0.700633,0.705192,-0.703064,-0.702236,1.476779
0,PCB,25,0.037732,0.032586,0.025590,0.567152,0.025590,0.631209,-0.025590,-0.543784,0.032586,-0.032586,0.602544,-0.546418,0.567644,-0.545358,-0.547019,1.227212
0,PCB,26,0.019349,0.033956,0.026666,0.378023,0.026666,0.367776,-0.026666,-0.356505,0.033956,-0.033956,0.394703,-0.357157,0.375073,-0.356771,-0.352250,0.838107
0,PCB,27,0.033319,0.004529,0.007207,0.600526,0.007207,0.623787,-0.007207,-0.597092,0.004529,-0.004529,0.617882,-0.597326,0.597190,-0.593411,-0.593102,1.228360
1,DMT,0,0.038728,0.008419,0.004859,0.706568,0.004859,0.732880,-0.004859,-0.706273,0.008419,-0.008419,0.702577,-0.705073,0.705554,-0.703891,-0.705082,1.445837
1,DMT,1,0.014755,0.010959,0.014672,0.587798,0.014672,0.614765,-0.014672,-0.579735,0.010959,-0.010959,0.590265,-0.576829,0.586141,-0.574517,-0.577217,1.189115
1,DMT,2,0.010277,0.003119,0.006371,0.579317,0.006371,0.638193,-0.006371,-0.576339,0.003119,-0.003119,0.609107,-0.576896,0.580358,-0.577638,-0.577428,1.176370
1,DMT,3,0.013944,0.002533,0.009181,0.552846,0.009181,0.620052,-0.009181,-0.549798,0.002533,-0.002533,0.577943,-0.551328,0.553157,-0.551017,-0.550397,1.144547
1,DMT,4,0.017505,0.006760,0.004581,0.592533,0.004581,0.615670,-0.004581,-0.589774,0.006760,-0.006760,0.615288,-0.590291,0.591995,-0.589783,-0.588982,1.202825
1,DMT,5,0.024078,0.004292,0.001754,0.603401,0.001754,0.671252,-0.001754,-0.602233,0.004292,-0.004292,0.624200,-0.602357,0.603515,-0.603163,-0.602366,1.233188
1,DMT,6,0.034878,0.008559,0.010913,0.491537,0.010913,0.558289,-0.010913,-0.486655,0.008559,-0.008559,0.531874,-0.487449,0.491574,-0.487419,-0.487221,1.046711
1,DMT,7,0.017293,0.003121,-0.001087,0.600222,-0.001087,0.637647,0.001087,-0.599904,0.003121,-0.003121,0.618160,-0.599814,0.601448,-0.602111,-0.600494,1.221018
1,DMT,8,0.026519,0.002167,-0.002789,0.646681,-0.002789,0.680188,0.002789,-0.645547,0.002167,-0.002167,0.662984,-0.648447,0.647082,-0.648371,-0.646962,1.324877
1,DMT,9,0.017281,0.004180,0.002452,0.572539,0.002452,0.612762,-0.002452,-0.570007,0.004180,-0.004180,0.602370,-0.570491,0.572868,-0.570784,-0.570642,1.168670
1,DMT,10,0.013953,0.002376,0.003773,0.553324,0.003773,0.614780,-0.003773,-0.551862,0.002376,-0.002376,0.573076,-0.552516,0.553537,-0.552637,-0.552397,1.123792
1,DMT,11,0.017192,0.002345,0.004068,0.540167,0.004068,0.609135,-0.004068,-0.538142,0.002345,-0.002345,0.567133,-0.538725,0.540883,-0.539421,-0.539223,1.101954
1,DMT,12,0.018519,0.002349,0.006445,0.587375,0.006445,0.647728,-0.006445,-0.586248,0.002349,-0.002349,0.604419,-0.585549,0.588209,-0.586138,-0.587021,1.190590
1,DMT,13,0.016256,0.005322,0.002154,0.607414,0.002154,0.652613,-0.002154,-0.605754,0.005322,-0.005322,0.624501,-0.605910,0.606486,-0.604866,-0.604915,1.231209
1,DMT,14,0.014982,0.003757,0.002611,0.611907,0.002611,0.620486,-0.002611,-0.609635,0.003757,-0.003757,0.625860,-0.610081,0.611174,-0.609160,-0.608590,1.243878
1,DMT,15,0.014839,0.003144,0.005503,0.542297,0.005503,0.587651,-0.005503,-0.539413,0.003144,-0.003144,0.554625,-0.539654,0.543247,-0.540571,-0.540563,1.108891
1,DMT,16,0.021998,0.007654,0.011919,0.540814,0.011919,0.554892,-0.011919,-0.532598,0.007654,-0.007654,0.541485,-0.534629,0.541862,-0.535426,-0.534353,1.114685
1,DMT,17,0.020851,0.002894,0.004470,0.553819,0.004470,0.629761,-0.004470,-0.552527,0.002894,-0.002894,0.569133,-0.552234,0.554584,-0.552325,-0.553052,1.127601
1,DMT,18,0.020446,0.004211,0.011852,0.626472,0.011852,0.683331,-0.011852,-0.622570,0.004211,-0.004211,0.658209,-0.621192,0.626334,-0.620707,-0.621567,1.273624
1,DMT,19,0.091202,0.020844,0.005666,0.547026,0.005666,0.521255,-0.005666,-0.541286,0.020844,-0.020844,0.548136,-0.545710,0.547940,-0.546031,-0.542564,1.225429
1,DMT,20,0.019991,0.002492,-0.000365,0.598380,-0.000365,0.591049,0.000365,-0.599750,0.002492,-0.002492,0.605214,-0.598558,0.599350,-0.599826,-0.599260,1.221408
1,DMT,21,0.021938,0.002124,0.006709,0.619390,0.006709,0.719164,-0.006709,-0.615538,0.002124,-0.002124,0.650973,-0.617101,0.619903,-0.616670,-0.616947,1.254907
1,DMT,22,0.026303,0.005361,0.006650,0.584400,0.006650,0.665991,-0.006650,-0.582053,0.005361,-0.005361,0.597785,-0.580054,0.583701,-0.578849,-0.580839,1.195478
1,DMT,23,0.014317,0.005100,0.008204,0.661307,0.008204,0.724027,-0.008204,-0.653042,0.005100,-0.005100,0.687852,-0.655361,0.663177,-0.657228,-0.655331,1.335903
1,DMT,24,0.028310,0.002930,0.009056,0.698088,0.009056,0.720233,-0.009056,-0.691935,0.002930,-0.002930,0.685930,-0.693206,0.698546,-0.693110,-0.693582,1.421982
1,DMT,25,0.021620,0.009490,0.013165,0.576843,0.013165,0.556892,-0.013165,-0.570055,0.009490,-0.009490,0.593514,-0.569566,0.575810,-0.568096,-0.569761,1.192407
1,DMT,26,0.052644,0.011733,0.009019,0.649968,0.009019,0.779251,-0.009019,-0.640972,0.011733,-0.011733,0.704303,-0.646052,0.656241,-0.653525,-0.646744,1.357761
1,DMT,27,0.013976,0.011331,0.013797,0.580687,0.013797,0.578384,-0.013797,-0.565731,0.011331,-0.011331,0.573148,-0.570452,0.583602,-0.572931,-0.571220,1.183410
1,PCB,0,0.022519,0.011222,0.015366,0.679872,0.015366,0.665251,-0.015366,-0.670620,0.011222,-0.011222,0.686083,-0.669388,0.679373,-0.669012,-0.669898,1.384392
1,PCB,1,0.027519,0.005898,0.004190,0.571902,0.004190,0.578212,-0.004190,-0.571129,0.005898,-0.005898,0.603801,-0.569120,0.571565,-0.569065,-0.570599,1.176944
1,PCB,2,0.024616,0.009761,0.010014,0.601990,0.010014,0.642790,-0.010014,-0.596989,0.009761,-0.009761,0.618090,-0.595087,0.601278,-0.594398,-0.596706,1.233285
1,PCB,3,0.022900,0.008098,0.011701,0.595638,0.011701,0.638207,-0.011701,-0.591359,0.008098,-0.008098,0.612579,-0.592287,0.595802,-0.591455,-0.591292,1.230596
1,PCB,4,0.023640,0.006252,0.007207,0.626223,0.007207,0.698175,-0.007207,-0.623202,0.006252,-0.006252,0.701436,-0.621980,0.625244,-0.621482,-0.621562,1.282141
1,PCB,5,0.020372,0.008234,0.010157,0.576698,0.010157,0.613604,-0.010157,-0.571741,0.008234,-0.008234,0.602784,-0.570478,0.575159,-0.568028,-0.570879,1.198884
1,PCB,6,0.028526,0.006302,0.005313,0.614513,0.005313,0.647006,-0.005313,-0.613839,0.006302,-0.006302,0.644444,-0.613096,0.614331,-0.613239,-0.613046,1.273477
1,PCB,7,0.037845,0.006368,0.007021,0.662890,0.007021,0.710690,-0.007021,-0.659771,0.006368,-0.006368,0.666249,-0.661073,0.659298,-0.656689,-0.659966,1.360343
1,PCB,8,0.030963,0.008250,0.003655,0.571319,0.003655,0.593387,-0.003655,-0.570702,0.008250,-0.008250,0.589648,-0.569888,0.573480,-0.572542,-0.570563,1.199281
1,PCB,9,0.019381,0.005183,0.008704,0.552348,0.008704,0.596452,-0.008704,-0.546890,0.005183,-0.005183,0.559136,-0.547716,0.553773,-0.550013,-0.549133,1.139939
1,PCB,10,0.025309,0.001884,0.004416,0.645550,0.004416,0.692467,-0.004416,-0.643927,0.001884,-0.001884,0.683662,-0.642431,0.647704,-0.644686,-0.645847,1.326197
1,PCB,11,0.055904,0.007263,0.013571,0.651104,0.013571,0.784906,-0.013571,-0.639443,0.007263,-0.007263,0.700012,-0.644445,0.656665,-0.650101,-0.647257,1.348043
1,PCB,12,0.033182,0.013664,0.015223,0.601741,0.015223,0.606539,-0.015223,-0.589128,0.013664,-0.013664,0.586337,-0.589039,0.602983,-0.589473,-0.590054,1.231268
1,PCB,13,0.026954,0.007026,0.012778,0.568716,0.012778,0.605822,-0.012778,-0.558878,0.007026,-0.007026,0.624900,-0.559033,0.567695,-0.558321,-0.558464,1.177023
1,PCB,14,0.028386,0.010778,0.009009,0.565431,0.009009,0.618977,-0.009009,-0.557389,0.010778,-0.010778,0.603053,-0.558909,0.566741,-0.559118,-0.558636,1.161044
1,PCB,15,0.036905,0.004649,0.004243,0.650702,0.004243,0.668973,-0.004243,-0.647018,0.004649,-0.004649,0.657688,-0.649008,0.651888,-0.650604,-0.648830,1.344191
1,PCB,16,0.032150,0.002835,0.004984,0.618221,0.004984,0.703012,-0.004984,-0.616442,0.002835,-0.002835,0.644434,-0.617069,0.619411,-0.618373,-0.618414,1.262600
1,PCB,17,0.021979,0.009397,0.005347,0.659925,0.005347,0.691796,-0.005347,-0.652376,0.009397,-0.009397,0.690469,-0.654085,0.660663,-0.655502,-0.654142,1.353902
1,PCB,18,0.028158,0.009337,-0.000483,0.494993,-0.000483,0.507151,0.000483,-0.485298,0.009337,-0.009337,0.466826,-0.490861,0.497730,-0.492158,-0.489408,1.073014
1,PCB,19,0.030077,0.002100,-0.000968,0.644448,-0.000968,0.582314,0.000968,-0.650996,0.002100,-0.002100,0.642792,-0.650855,0.643719,-0.652224,-0.649159,1.350956
1,PCB,20,0.015456,0.000936,0.003639,0.620694,0.003639,0.660690,-0.003639,-0.621096,0.000936,-0.000936,0.623610,-0.618756,0.619673,-0.617930,-0.621404,1.272052
1,PCB,21,0.022655,0.006723,0.006296,0.674977,0.006296,0.763995,-0.006296,-0.672387,0.006723,-0.006723,0.691744,-0.672948,0.673837,-0.670953,-0.671335,1.383254
1,PCB,22,0.028078,0.014005,0.012459,0.580444,0.012459,0.617919,-0.012459,-0.566118,0.014005,-0.014005,0.587237,-0.569945,0.584114,-0.573966,-0.570335,1.196872
1,PCB,23,0.026958,0.006106,0.009308,0.635667,0.009308,0.695431,-0.009308,-0.629111,0.006106,-0.006106,0.650258,-0.631427,0.635876,-0.630425,-0.630572,1.308965
1,PCB,24,0.016057,0.001908,0.007909,0.574185,0.007909,0.614784,-0.007909,-0.569964,0.001908,-0.001908,0.636195,-0.571370,0.574196,-0.571040,-0.570327,1.184552
1,PCB,25,0.022396,0.007760,0.012540,0.611528,0.012540,0.661006,-0.012540,-0.599109,0.007760,-0.007760,0.622052,-0.600424,0.612927,-0.600665,-0.601100,1.236863
1,PCB,26,0.013250,0.006646,0.011115,0.610163,0.011115,0.609019,-0.011115,-0.598930,0.006646,-0.006646,0.649917,-0.599667,0.611419,-0.600774,-0.599858,1.245377
1,PCB,27,0.006985,0.002873,0.001619,0.681272,0.001619,0.678965,-0.001619,-0.679326,0.002873,-0.002873,0.680310,-0.677891,0.682602,-0.679106,-0.679365,1.381691
2,DMT,0,0.018974,0.008619,0.004449,0.666335,0.004449,0.698900,-0.004449,-0.661130,0.008619,-0.008619,0.665910,-0.662471,0.666498,-0.662655,-0.662856,1.348475
2,DMT,1,0.059181,0.022350,0.016790,0.506663,0.016790,0.563455,-0.016790,-0.491172,0.022350,-0.022350,0.541160,-0.497872,0.507351,-0.498589,-0.491862,1.126624
2,DMT,2,0.021169,0.009290,0.004081,0.488036,0.004081,0.526861,-0.004081,-0.481637,0.009290,-0.009290,0.587292,-0.485209,0.485745,-0.483209,-0.479696,1.044368
2,DMT,3,0.028634,0.012790,0.008945,0.672453,0.008945,0.714177,-0.008945,-0.669383,0.012790,-0.012790,0.682858,-0.665798,0.673718,-0.667596,-0.671175,1.380941
2,DMT,4,0.019787,0.003809,0.007235,0.628579,0.007235,0.690514,-0.007235,-0.623228,0.003809,-0.003809,0.639407,-0.623578,0.629071,-0.624408,-0.623977,1.271169
2,DMT,5,0.024790,0.004406,0.005224,0.644532,0.005224,0.743838,-0.005224,-0.640592,0.004406,-0.004406,0.622576,-0.641835,0.646724,-0.643668,-0.644102,1.320581
2,DMT,6,0.026202,0.010489,0.007439,0.655302,0.007439,0.722591,-0.007439,-0.648440,0.010489,-0.010489,0.770330,-0.649914,0.653994,-0.649434,-0.646816,1.329847
2,DMT,7,0.015032,-0.004512,0.000473,0.649663,0.000473,0.655352,-0.000473,-0.655096,-0.004512,0.004512,0.693412,-0.651543,0.645671,-0.647208,-0.648410,1.310022
2,DMT,8,0.026723,0.012424,0.001883,0.605381,0.001883,0.546534,-0.001883,-0.600826,0.012424,-0.012424,0.618488,-0.603822,0.603839,-0.602591,-0.599236,1.261987
2,DMT,9,0.017517,0.006886,0.001354,0.490577,0.001354,0.512640,-0.001354,-0.488468,0.006886,-0.006886,0.540188,-0.489545,0.492047,-0.491213,-0.490685,1.027927
2,DMT,10,0.010886,0.012426,0.008471,0.351472,0.008471,0.385303,-0.008471,-0.342134,0.012426,-0.012426,0.407113,-0.344234,0.351206,-0.344815,-0.341732,0.761174
2,DMT,11,0.015960,0.010100,0.010942,0.341756,0.010942,0.381582,-0.010942,-0.332890,0.010100,-0.010100,0.381854,-0.332750,0.342515,-0.334631,-0.335471,0.770688
2,DMT,12,0.027995,0.011813,0.006806,0.493672,0.006806,0.563355,-0.006806,-0.488098,0.011813,-0.011813,0.504667,-0.489711,0.494214,-0.489736,-0.489058,1.054993
2,DMT,13,0.023293,0.015721,0.006647,0.447555,0.006647,0.473304,-0.006647,-0.437144,0.015721,-0.015721,0.443515,-0.439941,0.448768,-0.441777,-0.439310,0.962986
2,DMT,14,0.017402,0.005816,0.004232,0.567830,0.004232,0.597293,-0.004232,-0.564507,0.005816,-0.005816,0.587054,-0.564660,0.567595,-0.564378,-0.563952,1.164289
2,DMT,15,0.011486,0.003435,0.007006,0.572120,0.007006,0.595313,-0.007006,-0.568768,0.003435,-0.003435,0.567566,-0.569162,0.570722,-0.567370,-0.567356,1.158252
2,DMT,16,0.016202,0.001149,0.008741,0.547690,0.008741,0.570458,-0.008741,-0.545085,0.001149,-0.001149,0.557709,-0.542580,0.549989,-0.544754,-0.547761,1.127069
2,DMT,17,0.025942,0.005662,0.003472,0.667692,0.003472,0.737712,-0.003472,-0.665234,0.005662,-0.005662,0.678123,-0.665381,0.666132,-0.663735,-0.663901,1.349730
2,DMT,18,0.015344,0.004051,0.002824,0.602935,0.002824,0.651841,-0.002824,-0.602369,0.004051,-0.004051,0.627757,-0.600884,0.602370,-0.600534,-0.601785,1.217849
2,DMT,19,0.025301,0.006761,0.006781,0.619324,0.006781,0.611136,-0.006781,-0.616573,0.006761,-0.006761,0.630340,-0.615727,0.621510,-0.618304,-0.619014,1.272523
2,DMT,20,0.009606,0.003821,0.001483,0.610857,0.001483,0.646791,-0.001483,-0.608555,0.003821,-0.003821,0.622279,-0.609586,0.612089,-0.610769,-0.610561,1.237771
2,DMT,21,0.012177,0.004467,0.003760,0.583720,0.003760,0.598047,-0.003760,-0.582294,0.004467,-0.004467,0.583741,-0.582149,0.583389,-0.582068,-0.582488,1.179868
2,DMT,22,0.015760,0.005408,0.002535,0.613229,0.002535,0.646660,-0.002535,-0.611123,0.005408,-0.005408,0.620448,-0.610955,0.612822,-0.610397,-0.610586,1.237426
2,DMT,23,0.014354,0.001399,0.003362,0.585822,0.003362,0.607580,-0.003362,-0.584617,0.001399,-0.001399,0.608175,-0.585118,0.585113,-0.584394,-0.584036,1.194820
2,DMT,24,0.009863,0.002658,0.004014,0.592682,0.004014,0.590469,-0.004014,-0.591083,0.002658,-0.002658,0.604096,-0.591460,0.591954,-0.590523,-0.589922,1.198471
2,DMT,25,0.013458,0.003162,0.005098,0.628519,0.005098,0.682052,-0.005098,-0.627098,0.003162,-0.003162,0.638826,-0.627467,0.627798,-0.626753,-0.626707,1.272007
2,DMT,26,0.016731,0.002080,0.003764,0.625213,0.003764,0.642059,-0.003764,-0.624686,0.002080,-0.002080,0.638697,-0.623218,0.624926,-0.622929,-0.623699,1.260546
2,DMT,27,0.012947,-0.000007,0.002256,0.631952,0.002256,0.657348,-0.002256,-0.631495,-0.000007,0.000007,0.647978,-0.631982,0.631457,-0.631236,-0.631137,1.273611
2,PCB,0,0.033869,0.009625,0.018393,0.510206,0.018393,0.492659,-0.018393,-0.500755,0.009625,-0.009625,0.523388,-0.502459,0.506416,-0.500096,-0.498603,1.091947
2,PCB,1,0.017925,0.005142,0.007866,0.593755,0.007866,0.590628,-0.007866,-0.592374,0.005142,-0.005142,0.613459,-0.591188,0.593946,-0.590943,-0.591674,1.228268
2,PCB,2,0.018430,0.012944,0.003668,0.538021,0.003668,0.533508,-0.003668,-0.533805,0.012944,-0.012944,0.563393,-0.531444,0.533634,-0.528467,-0.530311,1.105006
2,PCB,3,0.035944,0.007139,0.011697,0.614419,0.011697,0.639755,-0.011697,-0.608226,0.007139,-0.007139,0.623274,-0.609981,0.612741,-0.608236,-0.607168,1.267953
2,PCB,4,0.067278,0.005487,0.013246,0.641689,0.013246,0.687255,-0.013246,-0.640325,0.005487,-0.005487,0.685733,-0.638542,0.640432,-0.638253,-0.639598,1.347017
2,PCB,5,0.038314,0.002665,0.000185,0.646080,0.000185,0.712895,-0.000185,-0.648158,0.002665,-0.002665,0.671962,-0.645712,0.645430,-0.645355,-0.647185,1.321629
2,PCB,6,0.036255,0.007274,-0.000380,0.684390,-0.000380,0.720438,0.000380,-0.685684,0.007274,-0.007274,0.678719,-0.684014,0.685198,-0.684385,-0.686328,1.403608
2,PCB,7,0.044937,0.007747,0.007883,0.690583,0.007883,0.771229,-0.007883,-0.687427,0.007747,-0.007747,0.714444,-0.689132,0.688426,-0.686995,-0.686753,1.414395
2,PCB,8,0.026459,0.005804,0.008380,0.622880,0.008380,0.654485,-0.008380,-0.617891,0.005804,-0.005804,0.644650,-0.620310,0.623807,-0.620497,-0.618801,1.274223
2,PCB,9,0.031555,0.006104,0.003849,0.520984,0.003849,0.561273,-0.003849,-0.517964,0.006104,-0.006104,0.540809,-0.518106,0.522364,-0.519636,-0.519653,1.094394
2,PCB,10,0.039825,0.005561,0.007188,0.605095,0.007188,0.678791,-0.007188,-0.599275,0.005561,-0.005561,0.641195,-0.601391,0.605228,-0.601928,-0.600565,1.247035
2,PCB,11,0.040304,0.005234,-0.000823,0.660940,-0.000823,0.702227,0.000823,-0.660947,0.005234,-0.005234,0.692204,-0.659918,0.660877,-0.658840,-0.660442,1.345730
2,PCB,12,0.031836,0.006680,0.010879,0.618667,0.010879,0.646453,-0.010879,-0.611622,0.006680,-0.006680,0.645563,-0.613339,0.618007,-0.612991,-0.611641,1.267296
2,PCB,13,0.011791,0.006578,0.010757,0.554768,0.010757,0.591120,-0.010757,-0.545992,0.006578,-0.006578,0.565693,-0.548183,0.553917,-0.547595,-0.545893,1.148083
2,PCB,14,0.012677,0.001081,0.008041,0.584631,0.008041,0.614527,-0.008041,-0.579372,0.001081,-0.001081,0.619051,-0.583865,0.584799,-0.583750,-0.579410,1.213860
2,PCB,15,0.049523,0.008028,0.010980,0.631103,0.010980,0.643284,-0.010980,-0.626287,0.008028,-0.008028,0.684596,-0.626768,0.630747,-0.626239,-0.625684,1.314691
2,PCB,16,0.033334,0.003420,0.004041,0.671616,0.004041,0.683089,-0.004041,-0.670153,0.003420,-0.003420,0.678637,-0.670214,0.672580,-0.670916,-0.671312,1.364732
2,PCB,17,0.040153,0.004790,0.002702,0.695152,0.002702,0.754082,-0.002702,-0.692773,0.004790,-0.004790,0.717794,-0.694249,0.694952,-0.694129,-0.692270,1.410727
2,PCB,18,0.039854,0.005359,0.006053,0.657444,0.006053,0.699067,-0.006053,-0.655749,0.005359,-0.005359,0.688250,-0.655164,0.656643,-0.654547,-0.654786,1.348598
2,PCB,19,0.024923,0.007430,0.012746,0.556416,0.012746,0.586656,-0.012746,-0.548812,0.007430,-0.007430,0.599230,-0.550107,0.555832,-0.549634,-0.548204,1.151221
2,PCB,20,0.021178,0.008996,0.011749,0.600565,0.011749,0.667099,-0.011749,-0.592278,0.008996,-0.008996,0.631287,-0.594019,0.601523,-0.594559,-0.593715,1.229323
2,PCB,21,0.043365,0.003605,0.005586,0.641867,0.005586,0.709639,-0.005586,-0.643042,0.003605,-0.003605,0.685084,-0.641316,0.642737,-0.641937,-0.643268,1.329733
2,PCB,22,0.049753,0.006350,0.007394,0.679342,0.007394,0.785547,-0.007394,-0.673418,0.006350,-0.006350,0.700906,-0.674512,0.677618,-0.672873,-0.673627,1.376265
2,PCB,23,0.023204,0.000440,0.005706,0.631607,0.005706,0.713417,-0.005706,-0.630118,0.000440,-0.000440,0.654507,-0.631601,0.631807,-0.630432,-0.630637,1.280267
2,PCB,24,0.041854,0.006733,0.009348,0.600000,0.009348,0.611144,-0.009348,-0.596215,0.006733,-0.006733,0.616636,-0.596840,0.600879,-0.598746,-0.596994,1.253634
2,PCB,25,0.029189,0.004960,0.005333,0.667369,0.005333,0.716021,-0.005333,-0.664541,0.004960,-0.004960,0.699672,-0.664921,0.666539,-0.664224,-0.664100,1.348133
2,PCB,26,0.015552,0.001553,0.003807,0.629970,0.003807,0.682549,-0.003807,-0.628261,0.001553,-0.001553,0.651200,-0.627270,0.630381,-0.628205,-0.628442,1.272347
2,PCB,27,0.075582,0.006814,0.002317,0.645656,0.002317,0.708089,-0.002317,-0.645866,0.006814,-0.006814,0.668902,-0.645432,0.646021,-0.645451,-0.646325,1.348640
3,DMT,0,0.045118,0.021819,0.012996,0.590246,0.012996,0.699771,-0.012996,-0.570411,0.021819,-0.021819,0.573739,-0.580012,0.589349,-0.578401,-0.572440,1.252908
3,DMT,1,0.018275,0.002374,0.002499,0.614429,0.002499,0.658829,-0.002499,-0.612256,0.002374,-0.002374,0.647715,-0.612757,0.613299,-0.611571,-0.611167,1.247695
3,DMT,2,0.029105,0.010891,0.008956,0.680659,0.008956,0.719800,-0.008956,-0.671823,0.010891,-0.010891,0.710944,-0.674065,0.678834,-0.671770,-0.670022,1.383665
3,DMT,3,0.016637,0.001475,0.002806,0.689294,0.002806,0.732380,-0.002806,-0.688731,0.001475,-0.001475,0.730199,-0.688154,0.689942,-0.688246,-0.689503,1.384815
3,DMT,4,0.025700,0.003331,0.004300,0.627481,0.004300,0.665683,-0.004300,-0.625416,0.003331,-0.003331,0.676857,-0.626070,0.627605,-0.626562,-0.626230,1.289935
3,DMT,5,0.026730,0.007315,0.009612,0.596804,0.009612,0.693875,-0.009612,-0.589801,0.007315,-0.007315,0.646831,-0.591169,0.596964,-0.591112,-0.590586,1.217840
3,DMT,6,0.032581,0.010120,0.006066,0.689992,0.006066,0.690749,-0.006066,-0.685238,0.010120,-0.010120,0.709022,-0.687071,0.689155,-0.686885,-0.684877,1.441061
3,DMT,7,0.011615,0.006545,0.004008,0.690197,0.004008,0.736176,-0.004008,-0.686690,0.006545,-0.006545,0.717346,-0.687929,0.690446,-0.687510,-0.687152,1.402758
3,DMT,8,0.023233,0.004227,0.004884,0.664523,0.004884,0.707379,-0.004884,-0.662822,0.004227,-0.004227,0.696545,-0.661378,0.665852,-0.662939,-0.663718,1.364587
3,DMT,9,0.012779,0.002558,0.003530,0.594527,0.003530,0.644120,-0.003530,-0.593076,0.002558,-0.002558,0.622603,-0.594217,0.593440,-0.592897,-0.592145,1.210902
3,DMT,10,0.017672,0.007519,0.002281,0.614466,0.002281,0.675032,-0.002281,-0.611430,0.007519,-0.007519,0.625942,-0.611053,0.614813,-0.611798,-0.612735,1.250881
3,DMT,11,0.017225,-0.000083,0.000972,0.579475,0.000972,0.664115,-0.000972,-0.580520,-0.000083,0.000083,0.612979,-0.580779,0.578946,-0.580225,-0.579529,1.192247
3,DMT,12,0.014444,0.006934,0.004064,0.579088,0.004064,0.624587,-0.004064,-0.574699,0.006934,-0.006934,0.611746,-0.575478,0.578456,-0.574777,-0.574774,1.182796
3,DMT,13,0.022010,0.006794,0.005247,0.511154,0.005247,0.566312,-0.005247,-0.506290,0.006794,-0.006794,0.546175,-0.507683,0.511080,-0.508057,-0.507203,1.082278
3,DMT,14,0.012967,0.004705,0.003045,0.652135,0.003045,0.705225,-0.003045,-0.649734,0.004705,-0.004705,0.680646,-0.649465,0.652481,-0.649630,-0.650073,1.318642
3,DMT,15,0.018006,0.006420,0.003144,0.584755,0.003144,0.649350,-0.003144,-0.579795,0.006420,-0.006420,0.611290,-0.581981,0.584145,-0.581710,-0.582215,1.206998
3,DMT,16,0.017462,0.007806,0.007313,0.606284,0.007313,0.656280,-0.007313,-0.601116,0.007806,-0.007806,0.637787,-0.599590,0.607204,-0.600662,-0.601689,1.251874
3,DMT,17,0.018105,0.003867,0.003436,0.628992,0.003436,0.720607,-0.003436,-0.627561,0.003867,-0.003867,0.649946,-0.626356,0.629625,-0.627054,-0.627915,1.278101
3,DMT,18,0.011553,-0.001206,0.003644,0.623785,0.003644,0.680996,-0.003644,-0.623975,-0.001206,0.001206,0.651094,-0.623634,0.625133,-0.624829,-0.625302,1.262346
3,DMT,19,0.013245,0.005163,0.007684,0.679777,0.007684,0.747313,-0.007684,-0.673715,0.005163,-0.005163,0.733194,-0.674647,0.680945,-0.675880,-0.675083,1.368228
3,DMT,20,0.012182,0.002081,0.002624,0.632991,0.002624,0.682233,-0.002624,-0.632285,0.002081,-0.002081,0.647972,-0.632579,0.633161,-0.632722,-0.632676,1.284328
3,DMT,21,0.008173,0.005119,0.002003,0.625086,0.002003,0.667915,-0.002003,-0.621056,0.005119,-0.005119,0.668809,-0.621249,0.625170,-0.621814,-0.622805,1.254553
3,DMT,22,0.029658,0.006050,0.009176,0.614205,0.009176,0.625676,-0.009176,-0.610870,0.006050,-0.006050,0.635555,-0.610147,0.615629,-0.610890,-0.611362,1.260742
3,DMT,23,0.023196,0.001437,0.001027,0.592949,0.001027,0.648728,-0.001027,-0.593409,0.001437,-0.001437,0.617532,-0.593138,0.592960,-0.592867,-0.593049,1.221797
3,DMT,24,0.015868,0.003724,0.002772,0.564566,0.002772,0.638910,-0.002772,-0.563171,0.003724,-0.003724,0.613864,-0.563386,0.563573,-0.561886,-0.562487,1.157840
3,DMT,25,0.020531,0.005696,0.007336,0.656684,0.007336,0.720731,-0.007336,-0.651840,0.005696,-0.005696,0.710222,-0.652596,0.656869,-0.652108,-0.651123,1.335214
3,DMT,26,0.011210,0.002526,0.002748,0.686231,0.002748,0.728237,-0.002748,-0.684287,0.002526,-0.002526,0.719216,-0.684946,0.686402,-0.684955,-0.684255,1.373860
3,DMT,27,0.014180,0.004896,0.005296,0.662202,0.005296,0.676411,-0.005296,-0.658120,0.004896,-0.004896,0.688843,-0.657334,0.663139,-0.658328,-0.659283,1.338637
3,PCB,0,0.060137,0.011547,0.008582,0.679100,0.008582,0.664846,-0.008582,-0.676597,0.011547,-0.011547,0.698495,-0.677239,0.677048,-0.674643,-0.674049,1.435752
3,PCB,1,0.038069,0.011338,0.009674,0.593221,0.009674,0.583951,-0.009674,-0.588667,0.011338,-0.011338,0.611442,-0.589085,0.594201,-0.590123,-0.588883,1.253475
3,PCB,2,0.017782,0.006959,0.002615,0.591091,0.002615,0.636675,-0.002615,-0.587431,0.006959,-0.006959,0.650533,-0.587942,0.592022,-0.589461,-0.588871,1.208517
3,PCB,3,0.039203,0.014745,0.005061,0.730272,0.005061,0.695167,-0.005061,-0.725212,0.014745,-0.014745,0.766319,-0.726489,0.728365,-0.725748,-0.723613,1.491195
3,PCB,4,0.030822,0.014067,0.016751,0.496032,0.016751,0.535482,-0.016751,-0.486502,0.014067,-0.014067,0.548463,-0.485589,0.495972,-0.485640,-0.485957,1.070369
3,PCB,5,0.046246,0.007396,0.002124,0.700611,0.002124,0.766670,-0.002124,-0.699927,0.007396,-0.007396,0.797710,-0.700953,0.699826,-0.699243,-0.699394,1.428977
3,PCB,6,0.021897,0.003501,0.005794,0.597627,0.005794,0.621557,-0.005794,-0.594499,0.003501,-0.003501,0.625027,-0.595679,0.596342,-0.593966,-0.591823,1.238535
3,PCB,7,0.020748,0.007792,0.005564,0.552476,0.005564,0.637726,-0.005564,-0.548103,0.007792,-0.007792,0.602198,-0.549215,0.550915,-0.549032,-0.548228,1.143694
3,PCB,8,0.028623,0.003921,0.005780,0.530925,0.005780,0.591108,-0.005780,-0.529200,0.003921,-0.003921,0.598617,-0.529010,0.534012,-0.531219,-0.531385,1.143629
3,PCB,9,0.006227,0.004280,0.004631,0.629916,0.004631,0.673929,-0.004631,-0.626453,0.004280,-0.004280,0.672228,-0.626897,0.630538,-0.627746,-0.627140,1.278969
3,PCB,10,0.018321,0.005043,0.001332,0.626732,0.001332,0.685659,-0.001332,-0.623760,0.005043,-0.005043,0.669338,-0.624879,0.624858,-0.622233,-0.621714,1.277952
3,PCB,11,0.016391,0.005635,0.001755,0.625485,0.001755,0.669913,-0.001755,-0.622966,0.005635,-0.005635,0.655018,-0.623605,0.625536,-0.623452,-0.622255,1.277670
3,PCB,12,0.021305,0.005406,0.002947,0.641867,0.002947,0.678296,-0.002947,-0.638045,0.005406,-0.005406,0.679387,-0.639313,0.642032,-0.639473,-0.638880,1.327897
3,PCB,13,0.023982,0.005550,0.005175,0.714862,0.005175,0.791259,-0.005175,-0.711329,0.005550,-0.005550,0.783474,-0.711838,0.714761,-0.711110,-0.710881,1.442683
3,PCB,14,0.022151,0.004707,0.004017,0.757668,0.004017,0.852888,-0.004017,-0.754796,0.004707,-0.004707,0.816583,-0.754669,0.755835,-0.752991,-0.752971,1.526667
3,PCB,15,0.023949,0.004624,0.002126,0.718938,0.002126,0.814573,-0.002126,-0.716694,0.004624,-0.004624,0.794530,-0.716757,0.718606,-0.716060,-0.716380,1.453021
3,PCB,16,0.011814,0.000319,0.003684,0.650093,0.003684,0.681755,-0.003684,-0.649046,0.000319,-0.000319,0.688992,-0.648313,0.650703,-0.648967,-0.650002,1.309417
3,PCB,17,0.016578,0.001521,0.002983,0.638442,0.002983,0.674752,-0.002983,-0.638016,0.001521,-0.001521,0.664186,-0.637448,0.638064,-0.637030,-0.637326,1.289009
3,PCB,18,0.017108,-0.000785,0.002068,0.534232,0.002068,0.610150,-0.002068,-0.534716,-0.000785,0.000785,0.600977,-0.533829,0.534139,-0.534386,-0.535065,1.094401
3,PCB,19,0.024423,0.006268,0.008589,0.631000,0.008589,0.710415,-0.008589,-0.627202,0.006268,-0.006268,0.712222,-0.625588,0.632696,-0.628395,-0.629977,1.287107
3,PCB,20,0.041341,0.002948,0.000916,0.717687,0.000916,0.757248,-0.000916,-0.719195,0.002948,-0.002948,0.770437,-0.718629,0.716873,-0.717522,-0.718231,1.463960
3,PCB,21,0.015106,0.002803,0.000905,0.675043,0.000905,0.739954,-0.000905,-0.674227,0.002803,-0.002803,0.743229,-0.673245,0.674753,-0.673437,-0.673844,1.360083
3,PCB,22,0.015142,0.001741,0.003088,0.617649,0.003088,0.654454,-0.003088,-0.616675,0.001741,-0.001741,0.673544,-0.616226,0.618712,-0.617741,-0.618482,1.261546
3,PCB,23,0.016987,0.004585,0.002842,0.603439,0.002842,0.655490,-0.002842,-0.601076,0.004585,-0.004585,0.648811,-0.601370,0.604317,-0.602196,-0.601706,1.219885
3,PCB,24,0.014914,0.005914,0.002540,0.683767,0.002540,0.739014,-0.002540,-0.680356,0.005914,-0.005914,0.720022,-0.680444,0.683503,-0.680021,-0.679922,1.381703
3,PCB,25,0.030074,0.001804,0.002787,0.641064,0.002787,0.684007,-0.002787,-0.641724,0.001804,-0.001804,0.706768,-0.641780,0.641546,-0.641488,-0.641955,1.336983
3,PCB,26,0.011498,0.005291,0.003150,0.591241,0.003150,0.655811,-0.003150,-0.589157,0.005291,-0.005291,0.656610,-0.587848,0.590736,-0.587339,-0.588785,1.211588
3,PCB,27,0.013467,0.005601,0.004965,0.724175,0.004965,0.743390,-0.004965,-0.719581,0.005601,-0.005601,0.710033,-0.719997,0.723035,-0.719275,-0.718713,1.459784
4,DMT,0,0.014670,0.005694,0.003935,0.685760,0.003935,0.741819,-0.003935,-0.681095,0.005694,-0.005694,0.730860,-0.681687,0.686482,-0.682287,-0.682240,1.391184
4,DMT,1,0.021492,0.006000,0.005535,0.627944,0.005535,0.667906,-0.005535,-0.622370,0.006000,-0.006000,0.630168,-0.622739,0.629080,-0.623806,-0.624828,1.290854
4,DMT,2,0.022839,0.004567,0.006215,0.589238,0.006215,0.620041,-0.006215,-0.588315,0.004567,-0.004567,0.617639,-0.587128,0.589605,-0.587197,-0.588711,1.212400
4,DMT,3,0.020359,0.003953,0.007917,0.625339,0.007917,0.680127,-0.007917,-0.622400,0.003953,-0.003953,0.655676,-0.620911,0.624751,-0.620402,-0.620982,1.266976
4,DMT,4,0.018940,0.000642,0.004038,0.629132,0.004038,0.646812,-0.004038,-0.628114,0.000642,-0.000642,0.638864,-0.629386,0.631374,-0.631311,-0.631171,1.287249
4,DMT,5,0.016984,0.003314,0.000183,0.645411,0.000183,0.702764,-0.000183,-0.644914,0.003314,-0.003314,0.686494,-0.645060,0.647088,-0.646802,-0.646602,1.306311
4,DMT,6,0.009986,0.007797,0.003138,0.644518,0.003138,0.669923,-0.003138,-0.639870,0.007797,-0.007797,0.664821,-0.640119,0.643989,-0.639553,-0.639389,1.296779
4,DMT,7,0.026275,0.005602,0.002455,0.713762,0.002455,0.737925,-0.002455,-0.715593,0.005602,-0.005602,0.714904,-0.713741,0.712202,-0.712166,-0.714093,1.447135
4,DMT,8,0.048349,0.005449,0.006077,0.808542,0.006077,0.808076,-0.006077,-0.813564,0.005449,-0.005449,0.815039,-0.809739,0.808169,-0.809290,-0.812418,1.654246
4,DMT,9,0.012835,0.002068,0.002938,0.567587,0.002938,0.598550,-0.002938,-0.568004,0.002068,-0.002068,0.582703,-0.567071,0.566497,-0.565184,-0.566144,1.156688
4,DMT,10,0.013204,0.006560,0.003114,0.553058,0.003114,0.605276,-0.003114,-0.549125,0.006560,-0.006560,0.578986,-0.549808,0.552661,-0.549133,-0.549552,1.128263
4,DMT,11,0.016407,0.007768,0.001429,0.500336,0.001429,0.540036,-0.001429,-0.496486,0.007768,-0.007768,0.532789,-0.499336,0.501414,-0.499293,-0.498613,1.036992
4,DMT,12,0.056546,0.027046,0.007477,0.349550,0.007477,0.427145,-0.007477,-0.336513,0.027046,-0.027046,0.386050,-0.344478,0.348566,-0.344714,-0.337461,0.812349
4,DMT,13,0.024588,0.004418,0.005500,0.620802,0.005500,0.672549,-0.005500,-0.619057,0.004418,-0.004418,0.647290,-0.619297,0.620489,-0.618913,-0.617422,1.263874
4,DMT,14,0.020213,0.003878,0.005741,0.611106,0.005741,0.647976,-0.005741,-0.606455,0.003878,-0.003878,0.649168,-0.607961,0.611544,-0.608487,-0.607983,1.243702
4,DMT,15,0.017375,0.001962,0.002769,0.589484,0.002769,0.641124,-0.002769,-0.590219,0.001962,-0.001962,0.617368,-0.589286,0.589125,-0.588313,-0.588981,1.211425
4,DMT,16,0.017765,0.003935,0.004160,0.605764,0.004160,0.657257,-0.004160,-0.603697,0.003935,-0.003935,0.632936,-0.603156,0.605138,-0.603072,-0.603086,1.234357
4,DMT,17,0.010902,0.006446,0.005605,0.565829,0.005605,0.589565,-0.005605,-0.559968,0.006446,-0.006446,0.593227,-0.560743,0.565372,-0.560480,-0.559424,1.148286
4,DMT,18,0.014737,0.001126,0.002319,0.625815,0.002319,0.673988,-0.002319,-0.624184,0.001126,-0.001126,0.655009,-0.625082,0.624726,-0.623582,-0.623244,1.263746
4,DMT,19,0.034335,0.016899,0.015894,0.533451,0.015894,0.620347,-0.015894,-0.519510,0.016899,-0.016899,0.565379,-0.520629,0.533170,-0.520314,-0.520465,1.121544
4,DMT,20,0.018896,0.007958,0.006168,0.682376,0.006168,0.687609,-0.006168,-0.677315,0.007958,-0.007958,0.717725,-0.678794,0.683495,-0.679944,-0.678241,1.387497
4,DMT,21,0.031205,0.005841,0.003925,0.715527,0.003925,0.774271,-0.003925,-0.713892,0.005841,-0.005841,0.742136,-0.713932,0.715526,-0.713731,-0.714006,1.448686
4,DMT,22,0.020128,0.000528,0.003366,0.657218,0.003366,0.697768,-0.003366,-0.656469,0.000528,-0.000528,0.674443,-0.656351,0.657855,-0.656707,-0.656189,1.331720
4,DMT,23,0.014867,0.001301,0.006752,0.612142,0.006752,0.650139,-0.006752,-0.609760,0.001301,-0.001301,0.675907,-0.608858,0.612736,-0.609635,-0.609382,1.245731
4,DMT,24,0.013491,0.006589,0.006716,0.667749,0.006716,0.690522,-0.006716,-0.662579,0.006589,-0.006589,0.707557,-0.662507,0.667824,-0.663046,-0.662872,1.339443
4,DMT,25,0.023596,0.010048,0.015233,0.423567,0.015233,0.502981,-0.015233,-0.410816,0.010048,-0.010048,0.508890,-0.411246,0.422449,-0.410932,-0.410133,0.897084
4,DMT,26,0.014378,0.007716,0.008605,0.452519,0.008605,0.524361,-0.008605,-0.440758,0.007716,-0.007716,0.498364,-0.443423,0.451057,-0.441898,-0.441653,0.946610
4,DMT,27,0.012384,0.003992,0.001725,0.704500,0.001725,0.771421,-0.001725,-0.702441,0.003992,-0.003992,0.718302,-0.703115,0.704392,-0.702918,-0.703502,1.429389
4,PCB,0,0.016638,0.005084,0.003284,0.598693,0.003284,0.628251,-0.003284,-0.596383,0.005084,-0.005084,0.630531,-0.596051,0.597323,-0.594821,-0.595473,1.218940
4,PCB,1,0.028428,0.001757,0.005185,0.671401,0.005185,0.704697,-0.005185,-0.669875,0.001757,-0.001757,0.706552,-0.669562,0.672227,-0.670221,-0.670814,1.366191
4,PCB,2,0.026248,0.004528,0.003470,0.633785,0.003470,0.663574,-0.003470,-0.632778,0.004528,-0.004528,0.657833,-0.632066,0.633758,-0.631801,-0.632680,1.295413
4,PCB,3,0.032133,0.007026,0.004587,0.636356,0.004587,0.656693,-0.004587,-0.635574,0.007026,-0.007026,0.664318,-0.634088,0.636815,-0.634957,-0.636426,1.301468
4,PCB,4,0.032865,0.007312,0.005146,0.690837,0.005146,0.772730,-0.005146,-0.691247,0.007312,-0.007312,0.722130,-0.690883,0.691530,-0.690987,-0.691931,1.415880
4,PCB,5,0.036511,0.004804,0.003431,0.656345,0.003431,0.750792,-0.003431,-0.655895,0.004804,-0.004804,0.724251,-0.654776,0.655942,-0.654338,-0.656876,1.346527
4,PCB,6,0.035905,0.007453,0.008860,0.649911,0.008860,0.655129,-0.008860,-0.648135,0.007453,-0.007453,0.662462,-0.648039,0.649252,-0.648025,-0.647459,1.337103
4,PCB,7,0.041301,0.014714,0.006150,0.619117,0.006150,0.654902,-0.006150,-0.611314,0.014714,-0.014714,0.615760,-0.611537,0.618689,-0.610699,-0.612720,1.292737
4,PCB,8,0.025783,0.006430,0.002660,0.577540,0.002660,0.597778,-0.002660,-0.576573,0.006430,-0.006430,0.625269,-0.575982,0.579569,-0.578019,-0.577973,1.199499
4,PCB,9,0.014021,0.003929,0.004406,0.536453,0.004406,0.574062,-0.004406,-0.534711,0.003929,-0.003929,0.541881,-0.533656,0.536656,-0.533534,-0.535326,1.096382
4,PCB,10,0.021714,0.009174,0.004153,0.631992,0.004153,0.643853,-0.004153,-0.630865,0.009174,-0.009174,0.651837,-0.627858,0.633318,-0.628959,-0.631637,1.288386
4,PCB,11,0.022809,0.007555,0.011436,0.596474,0.011436,0.600308,-0.011436,-0.589960,0.007555,-0.007555,0.626764,-0.590022,0.594120,-0.588369,-0.587507,1.219568
4,PCB,12,0.021526,0.013752,0.007983,0.546240,0.007983,0.553599,-0.007983,-0.535791,0.013752,-0.013752,0.581914,-0.535936,0.546802,-0.536643,-0.536730,1.145303
4,PCB,13,0.029955,0.007342,0.006660,0.635019,0.006660,0.643669,-0.006660,-0.631100,0.007342,-0.007342,0.663049,-0.631836,0.634303,-0.631481,-0.629968,1.298578
4,PCB,14,0.034139,0.006535,0.009032,0.632021,0.009032,0.654682,-0.009032,-0.626902,0.006535,-0.006535,0.642566,-0.629199,0.629558,-0.627016,-0.625145,1.287778
4,PCB,15,0.023072,0.003471,0.004400,0.683552,0.004400,0.716424,-0.004400,-0.679544,0.003471,-0.003471,0.731970,-0.681232,0.683881,-0.682153,-0.679605,1.389336
4,PCB,16,0.024907,0.002916,0.006281,0.682738,0.006281,0.767561,-0.006281,-0.677322,0.002916,-0.002916,0.720324,-0.678023,0.680139,-0.675427,-0.675343,1.381629
4,PCB,17,0.019543,0.009202,0.005483,0.574051,0.005483,0.615356,-0.005483,-0.568321,0.009202,-0.009202,0.585419,-0.569179,0.574540,-0.569902,-0.569344,1.178327
4,PCB,18,0.030750,0.006034,0.007221,0.603584,0.007221,0.698262,-0.007221,-0.598622,0.006034,-0.006034,0.689404,-0.598309,0.603686,-0.598768,-0.599378,1.238029
4,PCB,19,0.020045,0.003919,0.003039,0.577283,0.003039,0.626590,-0.003039,-0.574418,0.003919,-0.003919,0.605970,-0.576222,0.577228,-0.576042,-0.574088,1.186507
4,PCB,20,0.016570,0.001492,0.002551,0.667626,0.002551,0.723266,-0.002551,-0.665212,0.001492,-0.001492,0.708774,-0.666315,0.667459,-0.665660,-0.665297,1.353357
4,PCB,21,0.014295,0.008413,0.010301,0.616266,0.010301,0.643737,-0.010301,-0.606521,0.008413,-0.008413,0.682934,-0.607668,0.616642,-0.608047,-0.607080,1.259411
4,PCB,22,0.020044,0.004904,0.009007,0.641439,0.009007,0.682790,-0.009007,-0.636132,0.004904,-0.004904,0.685749,-0.635965,0.638898,-0.633906,-0.632756,1.299883
4,PCB,23,0.026745,0.012024,0.005661,0.581592,0.005661,0.607325,-0.005661,-0.575263,0.012024,-0.012024,0.586929,-0.577451,0.581558,-0.577239,-0.575315,1.213370
4,PCB,24,0.006263,0.006168,0.006044,0.547135,0.006044,0.571133,-0.006044,-0.539419,0.006168,-0.006168,0.518226,-0.540930,0.546375,-0.539414,-0.538527,1.125988
4,PCB,25,0.000209,-0.000824,0.002649,0.644070,0.002649,0.700258,-0.002649,-0.640041,-0.000824,0.000824,0.652274,-0.641681,0.643369,-0.641313,-0.639553,1.297481
4,PCB,26,0.001120,0.001888,0.007536,0.606586,0.007536,0.644386,-0.007536,-0.599770,0.001888,-0.001888,0.616960,-0.601206,0.604194,-0.598200,-0.597428,1.226950
4,PCB,27,0.006507,0.005545,0.002620,0.584897,0.002620,0.608984,-0.002620,-0.582349,0.005545,-0.005545,0.629232,-0.583370,0.583604,-0.581860,-0.580774,1.187077
5,DMT,0,0.007994,0.007044,0.006886,0.633459,0.006886,0.657580,-0.006886,-0.629034,0.007044,-0.007044,0.650678,-0.628843,0.633574,-0.629081,-0.629226,1.281821
5,DMT,1,0.011543,0.012376,0.006675,0.593385,0.006675,0.653719,-0.006675,-0.583508,0.012376,-0.012376,0.635100,-0.584989,0.593663,-0.585169,-0.584898,1.204368
5,DMT,2,0.028010,0.013551,0.010388,0.646156,0.010388,0.742241,-0.010388,-0.634883,0.013551,-0.013551,0.654332,-0.637565,0.647844,-0.638693,-0.638421,1.314275
5,DMT,3,0.041225,0.008345,0.010374,0.643612,0.010374,0.761095,-0.010374,-0.637487,0.008345,-0.008345,0.690496,-0.635887,0.645001,-0.636703,-0.638455,1.312005
5,DMT,4,0.030270,0.012833,0.011578,0.520181,0.011578,0.602402,-0.011578,-0.508772,0.012833,-0.012833,0.548564,-0.512815,0.521632,-0.514313,-0.512146,1.096009
5,DMT,5,0.008162,0.008623,0.006825,0.638455,0.006825,0.625266,-0.006825,-0.630707,0.008623,-0.008623,0.668458,-0.631453,0.636753,-0.630562,-0.629855,1.295039
5,DMT,6,0.052293,0.012410,0.017568,0.580974,0.017568,0.720777,-0.017568,-0.571580,0.012410,-0.012410,0.603391,-0.573015,0.581109,-0.572341,-0.572341,1.201518
5,DMT,7,0.031947,0.008713,0.007699,0.618741,0.007699,0.734676,-0.007699,-0.611437,0.008713,-0.008713,0.654139,-0.612503,0.619128,-0.613523,-0.613864,1.284132
5,DMT,8,0.078569,0.001131,0.000104,0.747207,0.000104,0.990860,-0.000104,-0.750646,0.001131,-0.001131,0.808804,-0.749979,0.748422,-0.749861,-0.751399,1.531143
5,DMT,9,0.016357,0.000087,0.001605,0.620507,0.001605,0.703709,-0.001605,-0.620352,0.000087,-0.000087,0.656880,-0.620862,0.620950,-0.621704,-0.621280,1.261672
5,DMT,10,0.020843,0.000809,0.002667,0.634426,0.002667,0.680592,-0.002667,-0.633626,0.000809,-0.000809,0.684168,-0.633497,0.635199,-0.633864,-0.634030,1.288823
5,DMT,11,0.040068,0.011620,0.007893,0.541874,0.007893,0.639956,-0.007893,-0.534905,0.011620,-0.011620,0.590501,-0.536782,0.539960,-0.534779,-0.534403,1.135274
5,DMT,12,0.017222,0.001851,0.003793,0.610900,0.003793,0.680393,-0.003793,-0.611004,0.001851,-0.001851,0.618619,-0.610556,0.611519,-0.610823,-0.611560,1.234347
5,DMT,13,0.012927,0.003097,0.003357,0.568029,0.003357,0.621177,-0.003357,-0.565051,0.003097,-0.003097,0.595672,-0.565662,0.566674,-0.564842,-0.564257,1.150936
5,DMT,14,0.013949,0.001087,0.002333,0.628143,0.002333,0.698672,-0.002333,-0.627043,0.001087,-0.001087,0.656917,-0.626893,0.627643,-0.626357,-0.626165,1.264017
5,DMT,15,0.018621,0.005121,0.003212,0.635942,0.003212,0.694223,-0.003212,-0.633910,0.005121,-0.005121,0.654341,-0.633625,0.634691,-0.632043,-0.632655,1.285223
5,DMT,16,0.011730,0.002162,0.002725,0.658644,0.002725,0.685552,-0.002725,-0.658430,0.002162,-0.002162,0.689819,-0.658535,0.659339,-0.659060,-0.658504,1.330332
5,DMT,17,0.018591,0.003635,0.005855,0.543716,0.005855,0.572478,-0.005855,-0.539665,0.003635,-0.003635,0.574115,-0.541419,0.544377,-0.542642,-0.541483,1.134869
5,DMT,18,0.014638,0.002545,0.002751,0.617971,0.002751,0.674201,-0.002751,-0.616862,0.002545,-0.002545,0.660703,-0.616520,0.617799,-0.616351,-0.616157,1.247379
5,DMT,19,0.011715,0.004287,0.006418,0.614402,0.006418,0.649041,-0.006418,-0.610891,0.004287,-0.004287,0.640878,-0.610606,0.612126,-0.608212,-0.608296,1.243037
5,DMT,20,0.026231,0.002210,0.006690,0.653145,0.006690,0.671701,-0.006690,-0.650310,0.002210,-0.002210,0.678365,-0.651635,0.653584,-0.652023,-0.650592,1.333853
5,DMT,21,0.034985,0.010613,0.011350,0.618398,0.011350,0.600677,-0.011350,-0.608410,0.010613,-0.010613,0.636790,-0.611750,0.620332,-0.614015,-0.611755,1.289696
5,DMT,22,0.015721,0.000203,0.003220,0.601770,0.003220,0.644790,-0.003220,-0.602618,0.000203,-0.000203,0.635037,-0.601069,0.599460,-0.599033,-0.599445,1.215510
5,DMT,23,0.021457,0.000496,0.002668,0.588721,0.002668,0.612481,-0.002668,-0.591411,0.000496,-0.000496,0.595786,-0.589037,0.588740,-0.588643,-0.590306,1.190783
5,DMT,24,0.027237,0.002002,0.004702,0.588582,0.004702,0.608495,-0.004702,-0.588491,0.002002,-0.002002,0.598439,-0.587846,0.588930,-0.588078,-0.588520,1.222771
5,DMT,25,0.018107,0.006629,0.005367,0.646763,0.005367,0.674559,-0.005367,-0.642751,0.006629,-0.006629,0.666320,-0.643715,0.647116,-0.644269,-0.643570,1.318657
5,DMT,26,0.016538,0.002893,0.001450,0.606173,0.001450,0.627584,-0.001450,-0.605733,0.002893,-0.002893,0.623102,-0.605891,0.605779,-0.605308,-0.605104,1.246278
5,DMT,27,0.021500,0.002501,0.001267,0.693508,0.001267,0.733818,-0.001267,-0.692922,0.002501,-0.002501,0.718378,-0.693797,0.693464,-0.693680,-0.692549,1.403441
5,PCB,0,0.003640,0.001141,0.003161,0.572717,0.003161,0.596339,-0.003161,-0.571558,0.001141,-0.001141,0.616072,-0.571507,0.573107,-0.571913,-0.572199,1.168602
5,PCB,1,0.015400,0.003513,0.002164,0.582744,0.002164,0.619205,-0.002164,-0.580877,0.003513,-0.003513,0.643371,-0.580505,0.583582,-0.581284,-0.581416,1.179916
5,PCB,2,0.011874,0.004317,0.004308,0.561557,0.004308,0.617592,-0.004308,-0.558572,0.004317,-0.004317,0.616702,-0.558040,0.562213,-0.558775,-0.559634,1.141441
5,PCB,3,0.018255,0.001093,0.006798,0.566327,0.006798,0.636572,-0.006798,-0.562047,0.001093,-0.001093,0.629067,-0.563908,0.564033,-0.561862,-0.560012,1.157408
5,PCB,4,0.010284,0.004766,0.003793,0.641606,0.003793,0.683236,-0.003793,-0.638657,0.004766,-0.004766,0.666301,-0.638618,0.641791,-0.638886,-0.638899,1.288980
5,PCB,5,0.011225,0.000774,0.001316,0.631659,0.001316,0.694565,-0.001316,-0.632127,0.000774,-0.000774,0.667036,-0.631516,0.630938,-0.630729,-0.631365,1.268819
5,PCB,6,0.017619,0.004288,0.002383,0.669576,0.002383,0.724517,-0.002383,-0.668157,0.004288,-0.004288,0.682373,-0.667609,0.669442,-0.667504,-0.668373,1.357543
5,PCB,7,0.032792,0.003783,0.005494,0.658546,0.005494,0.717904,-0.005494,-0.656599,0.003783,-0.003783,0.685258,-0.656087,0.658301,-0.655732,-0.656497,1.334063
5,PCB,8,0.019190,0.010873,0.005666,0.637363,0.005666,0.628358,-0.005666,-0.631613,0.010873,-0.010873,0.664194,-0.630542,0.637657,-0.630555,-0.631608,1.298579
5,PCB,9,0.017913,0.003291,0.001903,0.699929,0.001903,0.780361,-0.001903,-0.697977,0.003291,-0.003291,0.760037,-0.697726,0.700212,-0.697706,-0.697974,1.409303
5,PCB,10,0.029564,0.008948,0.002263,0.654936,0.002263,0.701048,-0.002263,-0.653488,0.008948,-0.008948,0.713020,-0.651763,0.655699,-0.652520,-0.653606,1.329356
5,PCB,11,0.022809,0.008958,0.005785,0.672495,0.005785,0.715919,-0.005785,-0.667901,0.008958,-0.008958,0.731938,-0.667889,0.673022,-0.668555,-0.668342,1.355990
5,PCB,12,0.030050,0.014314,0.007916,0.473130,0.007916,0.448715,-0.007916,-0.463408,0.014314,-0.014314,0.484139,-0.465983,0.471917,-0.464754,-0.463370,1.000555
5,PCB,13,0.020563,0.007433,0.003471,0.604416,0.003471,0.627038,-0.003471,-0.602132,0.007433,-0.007433,0.600250,-0.600364,0.606082,-0.601744,-0.604557,1.230055
5,PCB,14,0.008944,0.003094,0.003625,0.637691,0.003625,0.680985,-0.003625,-0.634987,0.003094,-0.003094,0.652826,-0.635719,0.637982,-0.635641,-0.635344,1.288565
5,PCB,15,0.008999,0.004046,0.002870,0.664659,0.002870,0.723425,-0.002870,-0.662131,0.004046,-0.004046,0.681389,-0.662290,0.664994,-0.662434,-0.662579,1.338854
5,PCB,16,0.015974,0.005678,0.005786,0.553939,0.005786,0.617983,-0.005786,-0.548984,0.005678,-0.005678,0.629025,-0.551043,0.553237,-0.549919,-0.548281,1.132202
5,PCB,17,0.028913,0.002457,0.006210,0.660143,0.006210,0.717241,-0.006210,-0.658057,0.002457,-0.002457,0.706533,-0.659325,0.659095,-0.658112,-0.656812,1.332791
5,PCB,18,0.021590,0.004136,0.005297,0.600231,0.005297,0.647847,-0.005297,-0.597804,0.004136,-0.004136,0.702582,-0.597484,0.601144,-0.598799,-0.598686,1.222154
5,PCB,19,0.025585,0.004527,0.005705,0.555121,0.005705,0.615822,-0.005705,-0.551583,0.004527,-0.004527,0.633511,-0.550879,0.555269,-0.550839,-0.550940,1.141084
5,PCB,20,0.010608,0.000516,0.001012,0.639815,0.001012,0.687067,-0.001012,-0.640347,0.000516,-0.000516,0.666226,-0.640873,0.639343,-0.640149,-0.640295,1.291938
5,PCB,21,0.010678,0.002248,0.002748,0.688761,0.002748,0.749898,-0.002748,-0.686512,0.002248,-0.002248,0.697409,-0.687098,0.688925,-0.687207,-0.686646,1.386594
5,PCB,22,0.008649,0.001342,0.003627,0.643606,0.003627,0.700978,-0.003627,-0.641392,0.001342,-0.001342,0.669705,-0.641047,0.643840,-0.641615,-0.641788,1.296819
5,PCB,23,0.007901,0.001799,0.000912,0.649655,0.000912,0.697599,-0.000912,-0.648896,0.001799,-0.001799,0.677228,-0.649017,0.650614,-0.649682,-0.650316,1.309328
5,PCB,24,0.008645,0.004985,0.002472,0.594170,0.002472,0.632747,-0.002472,-0.592170,0.004985,-0.004985,0.622453,-0.591254,0.594816,-0.591846,-0.593025,1.205930
5,PCB,25,0.014120,0.005878,0.003753,0.627884,0.003753,0.658214,-0.003753,-0.624476,0.005878,-0.005878,0.638938,-0.623923,0.629198,-0.625441,-0.626063,1.281285
5,PCB,26,0.016250,0.003006,0.003247,0.605611,0.003247,0.658488,-0.003247,-0.603885,0.003006,-0.003006,0.676106,-0.603324,0.605884,-0.603523,-0.604244,1.223306
5,PCB,27,0.023137,0.005620,0.004689,0.619788,0.004689,0.680175,-0.004689,-0.617134,0.005620,-0.005620,0.657655,-0.615605,0.621356,-0.617199,-0.618793,1.250240
6,DMT,0,0.019290,-0.000811,-0.003484,0.712855,-0.003484,0.713213,0.003484,-0.712132,-0.000811,0.000811,0.743015,-0.713516,0.713585,-0.715257,-0.712870,1.457329
6,DMT,1,0.058956,0.006146,0.006287,0.600317,0.006287,0.728697,-0.006287,-0.600087,0.006146,-0.006146,0.633425,-0.598991,0.603210,-0.599544,-0.601914,1.224374
6,DMT,2,0.071047,0.005277,0.007489,0.710746,0.007489,0.787689,-0.007489,-0.708401,0.005277,-0.005277,0.765406,-0.706866,0.713126,-0.707921,-0.707991,1.467408
6,DMT,3,0.026357,0.002492,0.001224,0.673705,0.001224,0.739594,-0.001224,-0.672640,0.002492,-0.002492,0.702009,-0.671623,0.671196,-0.668796,-0.671107,1.368671
6,DMT,4,0.074371,0.015445,0.008085,0.660262,0.008085,0.771313,-0.008085,-0.654233,0.015445,-0.015445,0.732019,-0.653180,0.661553,-0.655574,-0.656091,1.383106
6,DMT,5,0.100665,0.007222,0.013832,0.751040,0.013832,0.955292,-0.013832,-0.747807,0.007222,-0.007222,0.837633,-0.744318,0.754562,-0.744820,-0.747900,1.534542
6,DMT,6,0.055423,0.010513,0.001326,0.540864,0.001326,0.636592,-0.001326,-0.539326,0.010513,-0.010513,0.551725,-0.537976,0.540061,-0.537557,-0.538401,1.120533
6,DMT,7,0.038867,0.011960,0.004470,0.657306,0.004470,0.775972,-0.004470,-0.651392,0.011960,-0.011960,0.692264,-0.653971,0.659496,-0.655964,-0.653954,1.334163
6,DMT,8,0.032152,0.005975,0.001487,0.582580,0.001487,0.610997,-0.001487,-0.579073,0.005975,-0.005975,0.606508,-0.581819,0.582377,-0.583974,-0.582703,1.239868
6,DMT,9,0.076835,0.008015,0.005073,0.681275,0.005073,0.790519,-0.005073,-0.680435,0.008015,-0.008015,0.704592,-0.681126,0.682291,-0.682021,-0.681215,1.401633
6,DMT,10,0.039217,0.002170,0.005996,0.614734,0.005996,0.669377,-0.005996,-0.613459,0.002170,-0.002170,0.635332,-0.613353,0.614706,-0.613402,-0.613600,1.254237
6,DMT,11,0.031227,0.005261,0.007683,0.566213,0.007683,0.641772,-0.007683,-0.563103,0.005261,-0.005261,0.593617,-0.563194,0.566674,-0.562465,-0.563716,1.157317
6,DMT,12,0.041367,0.006535,0.003527,0.605101,0.003527,0.639988,-0.003527,-0.603281,0.006535,-0.006535,0.628410,-0.603989,0.605535,-0.604468,-0.603227,1.244707
6,DMT,13,0.022260,0.002216,0.003023,0.626518,0.003023,0.681223,-0.003023,-0.624868,0.002216,-0.002216,0.651996,-0.625122,0.625929,-0.624410,-0.624549,1.269721
6,DMT,14,0.054736,0.003584,0.007485,0.584679,0.007485,0.621470,-0.007485,-0.582837,0.003584,-0.003584,0.599585,-0.585001,0.585796,-0.586324,-0.584545,1.237687
6,DMT,15,0.020835,0.001296,0.006024,0.596953,0.006024,0.630213,-0.006024,-0.595464,0.001296,-0.001296,0.628705,-0.594596,0.597022,-0.594502,-0.595141,1.215034
6,DMT,16,0.041985,0.014322,0.003181,0.548992,0.003181,0.563249,-0.003181,-0.546978,0.014322,-0.014322,0.548641,-0.545828,0.550325,-0.546068,-0.548497,1.170189
6,DMT,17,0.069598,0.008674,0.004270,0.598392,0.004270,0.609523,-0.004270,-0.596974,0.008674,-0.008674,0.623608,-0.598690,0.598103,-0.599382,-0.596498,1.288749
6,DMT,18,0.028938,0.006121,0.007569,0.572529,0.007569,0.593258,-0.007569,-0.570362,0.006121,-0.006121,0.603744,-0.568983,0.572674,-0.568926,-0.569504,1.186551
6,DMT,19,0.041639,0.006626,0.004183,0.576572,0.004183,0.615040,-0.004183,-0.571028,0.006626,-0.006626,0.593010,-0.574091,0.575678,-0.574542,-0.572519,1.216015
6,DMT,20,0.025434,0.004539,0.006911,0.600710,0.006911,0.659696,-0.006911,-0.597467,0.004539,-0.004539,0.603836,-0.597893,0.600941,-0.598062,-0.598044,1.238017
6,DMT,21,0.033439,0.006477,0.016390,0.599634,0.016390,0.639324,-0.016390,-0.594902,0.006477,-0.006477,0.599202,-0.595667,0.599330,-0.594829,-0.596059,1.252968
6,DMT,22,0.058592,0.013982,0.014900,0.516507,0.014900,0.544792,-0.014900,-0.510017,0.013982,-0.013982,0.534972,-0.512176,0.516078,-0.512048,-0.510411,1.114629
6,DMT,23,0.090612,0.013158,0.016140,0.517698,0.016140,0.629307,-0.016140,-0.513314,0.013158,-0.013158,0.519626,-0.513110,0.516971,-0.511242,-0.511814,1.132350
6,DMT,24,0.016474,0.005902,0.001632,0.482819,0.001632,0.574111,-0.001632,-0.477918,0.005902,-0.005902,0.516700,-0.481083,0.483106,-0.480525,-0.479067,1.003636
6,DMT,25,0.027309,0.009823,0.014153,0.534239,0.014153,0.558684,-0.014153,-0.528313,0.009823,-0.009823,0.559272,-0.528220,0.533953,-0.526952,-0.527532,1.124903
6,DMT,26,0.036346,0.004365,0.007884,0.581602,0.007884,0.632797,-0.007884,-0.580472,0.004365,-0.004365,0.598315,-0.578816,0.580957,-0.578164,-0.579579,1.199466
6,DMT,27,0.035337,0.009198,0.000783,0.573078,0.000783,0.606009,-0.000783,-0.571362,0.009198,-0.009198,0.588138,-0.570257,0.569816,-0.566628,-0.568703,1.225808
6,PCB,0,0.035043,0.006722,0.006028,0.591689,0.006028,0.614905,-0.006028,-0.588927,0.006722,-0.006722,0.597223,-0.590016,0.591421,-0.589721,-0.588601,1.233603
6,PCB,1,0.029535,0.000847,0.009720,0.527186,0.009720,0.557397,-0.009720,-0.526601,0.000847,-0.000847,0.543255,-0.526665,0.527346,-0.526635,-0.527176,1.107073
6,PCB,2,0.025642,0.005839,0.008071,0.607913,0.008071,0.632110,-0.008071,-0.603965,0.005839,-0.005839,0.615177,-0.604489,0.608834,-0.605309,-0.604680,1.252577
6,PCB,3,0.047314,0.006201,0.005543,0.682208,0.005543,0.703451,-0.005543,-0.681259,0.006201,-0.006201,0.740592,-0.680481,0.680138,-0.679188,-0.679020,1.408908
6,PCB,4,0.050197,0.008620,0.016240,0.753625,0.016240,0.768711,-0.016240,-0.746619,0.008620,-0.008620,0.760204,-0.746703,0.751364,-0.745216,-0.745797,1.537848
6,PCB,5,0.042763,0.013566,0.013464,0.604522,0.013464,0.623868,-0.013464,-0.596798,0.013566,-0.013566,0.663290,-0.593534,0.606561,-0.596402,-0.597831,1.260210
6,PCB,6,0.025603,0.003047,0.010728,0.447971,0.010728,0.459067,-0.010728,-0.443613,0.003047,-0.003047,0.480114,-0.444797,0.447779,-0.444786,-0.443764,0.960971
6,PCB,7,0.036071,0.009410,0.008216,0.581210,0.008216,0.615256,-0.008216,-0.578193,0.009410,-0.009410,0.633648,-0.576481,0.582163,-0.577679,-0.578603,1.204553
6,PCB,8,0.029068,0.001580,0.005860,0.625256,0.005860,0.659602,-0.005860,-0.623712,0.001580,-0.001580,0.611237,-0.623469,0.625408,-0.622678,-0.623794,1.296471
6,PCB,9,0.020948,0.004389,0.006698,0.555566,0.006698,0.566296,-0.006698,-0.552503,0.004389,-0.004389,0.585481,-0.552723,0.555881,-0.553556,-0.552412,1.142123
6,PCB,10,0.025157,0.004733,0.005559,0.563115,0.005559,0.581854,-0.005559,-0.560161,0.004733,-0.004733,0.590717,-0.561007,0.563399,-0.561314,-0.560185,1.164070
6,PCB,11,0.029792,0.005195,0.005387,0.554323,0.005387,0.568565,-0.005387,-0.551420,0.005195,-0.005195,0.571347,-0.552025,0.554034,-0.551563,-0.551170,1.150279
6,PCB,12,0.027624,0.005484,0.005391,0.617262,0.005391,0.653410,-0.005391,-0.614892,0.005484,-0.005484,0.654902,-0.615287,0.616146,-0.614496,-0.614104,1.268774
6,PCB,13,0.031489,0.007753,0.005009,0.594070,0.005009,0.589460,-0.005009,-0.593705,0.007753,-0.007753,0.628564,-0.591988,0.593804,-0.592869,-0.594012,1.248177
6,PCB,14,0.032151,0.005808,0.005070,0.645900,0.005070,0.673134,-0.005070,-0.643929,0.005808,-0.005808,0.677952,-0.643485,0.645498,-0.642997,-0.643101,1.331096
6,PCB,15,0.037799,0.009145,0.008221,0.500194,0.008221,0.523973,-0.008221,-0.496493,0.009145,-0.009145,0.557031,-0.494818,0.501512,-0.497450,-0.497562,1.065991
6,PCB,16,0.030800,0.010116,0.005312,0.517677,0.005312,0.529852,-0.005312,-0.511542,0.010116,-0.010116,0.570286,-0.512767,0.518333,-0.513150,-0.512364,1.079887
6,PCB,17,0.026650,0.020129,0.005099,0.463196,0.005099,0.472333,-0.005099,-0.453815,0.020129,-0.020129,0.492930,-0.453837,0.462219,-0.453430,-0.453220,0.989222
6,PCB,18,0.065992,0.003733,0.015886,0.657581,0.015886,0.736077,-0.015886,-0.651970,0.003733,-0.003733,0.709713,-0.654826,0.658425,-0.654837,-0.653543,1.368063
6,PCB,19,0.043185,0.005149,0.004052,0.629336,0.004052,0.685792,-0.004052,-0.628649,0.005149,-0.005149,0.665403,-0.630056,0.628488,-0.628475,-0.627387,1.307548
6,PCB,20,0.039118,0.007229,0.009693,0.633102,0.009693,0.632125,-0.009693,-0.628492,0.007229,-0.007229,0.646144,-0.629651,0.632407,-0.630362,-0.628027,1.306825
6,PCB,21,0.019890,0.012592,0.007155,0.577133,0.007155,0.618780,-0.007155,-0.569021,0.012592,-0.012592,0.572223,-0.570389,0.574970,-0.567914,-0.568000,1.170568
6,PCB,22,0.014493,0.011022,0.007214,0.554433,0.007214,0.575931,-0.007214,-0.547576,0.011022,-0.011022,0.579050,-0.549219,0.553401,-0.548846,-0.546400,1.123409
6,PCB,23,-0.017166,0.010742,0.011459,0.580825,0.011459,0.574699,-0.011459,-0.573128,0.010742,-0.010742,0.596487,-0.572431,0.581079,-0.572301,-0.573339,1.141716
6,PCB,24,0.013099,0.009099,0.007828,0.619514,0.007828,0.668429,-0.007828,-0.613798,0.009099,-0.009099,0.640955,-0.614637,0.620995,-0.616195,-0.616020,1.275990
6,PCB,25,0.022116,0.001865,0.005918,0.517012,0.005918,0.515664,-0.005918,-0.514310,0.001865,-0.001865,0.533140,-0.514895,0.516313,-0.514335,-0.513783,1.079938
6,PCB,26,0.038182,0.015827,0.009522,0.587891,0.009522,0.602509,-0.009522,-0.580165,0.015827,-0.015827,0.590890,-0.579474,0.587750,-0.578834,-0.581034,1.221585
6,PCB,27,0.027024,0.010313,0.008324,0.515657,0.008324,0.532762,-0.008324,-0.512219,0.010313,-0.010313,0.538787,-0.510618,0.515927,-0.510935,-0.511746,1.093336
7,DMT,0,0.015557,0.008639,0.002035,0.641146,0.002035,0.665971,-0.002035,-0.636280,0.008639,-0.008639,0.658391,-0.637972,0.640656,-0.637314,-0.635786,1.315716
7,DMT,1,0.019481,0.000262,0.004124,0.597488,0.004124,0.621270,-0.004124,-0.597353,0.000262,-0.000262,0.623858,-0.598173,0.597981,-0.598885,-0.597789,1.222777
7,DMT,2,0.029595,-0.000337,0.002545,0.584262,0.002545,0.618333,-0.002545,-0.584258,-0.000337,0.000337,0.600627,-0.584410,0.582961,-0.583635,-0.582383,1.236473
7,DMT,3,0.019169,-0.001613,0.002359,0.684749,0.002359,0.704235,-0.002359,-0.686621,-0.001613,0.001613,0.721349,-0.688281,0.685611,-0.687813,-0.686418,1.414465
7,DMT,4,0.054432,-0.001910,0.007742,0.665285,0.007742,0.802464,-0.007742,-0.667528,-0.001910,0.001910,0.710030,-0.663813,0.663949,-0.661681,-0.665473,1.360646
7,DMT,5,0.049379,0.023091,0.021921,0.609628,0.021921,0.653685,-0.021921,-0.594560,0.023091,-0.023091,0.651963,-0.593086,0.606848,-0.591942,-0.592666,1.258086
7,DMT,6,0.055106,0.021916,0.012115,0.716628,0.012115,0.787760,-0.012115,-0.707450,0.021916,-0.021916,0.747719,-0.707334,0.717060,-0.705607,-0.706885,1.469285
7,DMT,7,0.082519,0.002036,0.014642,0.845329,0.014642,1.072929,-0.014642,-0.841540,0.002036,-0.002036,0.944881,-0.843319,0.847776,-0.846084,-0.845569,1.715698
7,DMT,8,0.068775,-0.003773,-0.001034,0.640824,-0.001034,0.741025,0.001034,-0.649627,-0.003773,0.003773,0.685675,-0.647372,0.640304,-0.647046,-0.647412,1.299486
7,DMT,9,0.021226,0.016141,0.008455,0.550061,0.008455,0.556411,-0.008455,-0.541441,0.016141,-0.016141,0.552226,-0.542746,0.549570,-0.541781,-0.541800,1.153525
7,DMT,10,0.020962,0.003750,0.003001,0.594055,0.003001,0.628934,-0.003001,-0.593053,0.003750,-0.003750,0.607817,-0.592554,0.593965,-0.592398,-0.593010,1.213741
7,DMT,11,0.032536,0.006533,0.006984,0.627344,0.006984,0.650799,-0.006984,-0.625486,0.006533,-0.006533,0.643530,-0.624326,0.626137,-0.623036,-0.623692,1.289347
7,DMT,12,0.020227,0.003300,0.004693,0.564043,0.004693,0.639421,-0.004693,-0.561727,0.003300,-0.003300,0.583329,-0.561953,0.563740,-0.562050,-0.562359,1.153425
7,DMT,13,0.013980,0.009272,0.002188,0.572048,0.002188,0.610327,-0.002188,-0.567280,0.009272,-0.009272,0.573635,-0.569084,0.572556,-0.568562,-0.569209,1.181452
7,DMT,14,0.014231,0.034011,0.013867,0.329823,0.013867,0.316315,-0.013867,-0.309351,0.034011,-0.034011,0.329462,-0.314379,0.331868,-0.316083,-0.312870,0.762379
7,DMT,15,0.018612,0.007409,0.006764,0.550712,0.006764,0.597148,-0.006764,-0.545625,0.007409,-0.007409,0.573076,-0.545741,0.551267,-0.546747,-0.546845,1.131658
7,DMT,16,0.036827,0.014622,0.011112,0.497355,0.011112,0.530390,-0.011112,-0.488483,0.014622,-0.014622,0.511332,-0.488630,0.497639,-0.489850,-0.490207,1.051147
7,DMT,17,0.062969,0.012884,0.011863,0.476150,0.011863,0.541718,-0.011863,-0.469889,0.012884,-0.012884,0.489792,-0.472606,0.477305,-0.474161,-0.472846,1.070377
7,DMT,18,0.013540,0.015667,0.008851,0.454926,0.008851,0.456718,-0.008851,-0.445310,0.015667,-0.015667,0.466444,-0.445945,0.455632,-0.446597,-0.446908,0.951058
7,DMT,19,0.017530,0.012279,0.008602,0.578465,0.008602,0.607540,-0.008602,-0.568043,0.012279,-0.012279,0.614245,-0.570386,0.581239,-0.573215,-0.572051,1.197719
7,DMT,20,0.017731,0.004750,0.004389,0.539758,0.004389,0.588177,-0.004389,-0.536920,0.004750,-0.004750,0.559533,-0.536747,0.540900,-0.537991,-0.537654,1.130460
7,DMT,21,0.027613,0.003969,0.004908,0.589852,0.004908,0.610292,-0.004908,-0.589429,0.003969,-0.003969,0.607273,-0.588320,0.589340,-0.586550,-0.588750,1.225732
7,DMT,22,0.040258,0.004484,0.009019,0.593012,0.009019,0.623286,-0.009019,-0.590206,0.004484,-0.004484,0.622162,-0.591870,0.592119,-0.593597,-0.591200,1.230054
7,DMT,23,0.012762,0.001407,0.000802,0.614218,0.000802,0.667360,-0.000802,-0.612813,0.001407,-0.001407,0.631305,-0.612488,0.614539,-0.612748,-0.612097,1.252284
7,DMT,24,0.024354,0.007644,0.005165,0.633904,0.005165,0.667933,-0.005165,-0.626789,0.007644,-0.007644,0.632344,-0.629613,0.634723,-0.629836,-0.630296,1.325482
7,DMT,25,0.016913,0.005148,0.003487,0.599918,0.003487,0.660706,-0.003487,-0.596719,0.005148,-0.005148,0.618931,-0.597590,0.600694,-0.598818,-0.598071,1.226686
7,DMT,26,0.026494,0.001845,0.003567,0.586694,0.003567,0.669792,-0.003567,-0.584667,0.001845,-0.001845,0.613593,-0.585943,0.587339,-0.586686,-0.586077,1.205138
7,DMT,27,0.017163,0.005708,0.004588,0.608921,0.004588,0.649111,-0.004588,-0.605620,0.005708,-0.005708,0.616300,-0.605223,0.609431,-0.605595,-0.607087,1.237775
7,PCB,0,0.017742,0.005227,0.001990,0.551762,0.001990,0.586477,-0.001990,-0.549612,0.005228,-0.005221,0.622062,-0.549555,0.552350,-0.551295,-0.550803,1.153771
7,PCB,1,0.031181,0.005344,0.006997,0.615243,0.006997,0.630519,-0.006997,-0.612046,0.005337,-0.005368,0.670995,-0.612520,0.615824,-0.613840,-0.612880,1.301901
7,PCB,2,0.038861,0.004872,0.006764,0.730529,0.006764,0.767332,-0.006764,-0.727118,0.004863,-0.004871,0.735991,-0.728000,0.730913,-0.728531,-0.727483,1.485918
7,PCB,3,0.027951,0.003636,0.009047,0.591505,0.009047,0.590008,-0.009047,-0.590590,0.003647,-0.003671,0.603774,-0.588866,0.589014,-0.586851,-0.587808,1.219382
7,PCB,4,0.016818,0.003362,0.005530,0.613111,0.005530,0.651257,-0.005530,-0.610475,0.003375,-0.003365,0.628211,-0.610054,0.611419,-0.608635,-0.608509,1.255316
7,PCB,5,0.021995,0.007317,0.006729,0.605733,0.006729,0.641185,-0.006729,-0.601227,0.007313,-0.007324,0.618549,-0.602093,0.606151,-0.601996,-0.602285,1.237727
7,PCB,6,0.038034,0.004160,0.005970,0.735836,0.005970,0.817225,-0.005970,-0.733888,0.004148,-0.004152,0.761407,-0.732914,0.735275,-0.731731,-0.733455,1.504374
7,PCB,7,0.056155,0.007873,0.021348,0.604762,0.021348,0.655442,-0.021348,-0.598892,0.007889,-0.007915,0.624258,-0.595629,0.604550,-0.596180,-0.598861,1.294559
7,PCB,8,0.023185,0.004011,0.004563,0.611712,0.004563,0.662389,-0.004563,-0.610132,0.004013,-0.004041,0.662084,-0.610398,0.611846,-0.610118,-0.609873,1.261903
7,PCB,9,0.018406,0.006048,0.006793,0.600130,0.006793,0.644895,-0.006793,-0.597252,0.006040,-0.006080,0.637168,-0.597581,0.600452,-0.597005,-0.597398,1.234246
7,PCB,10,0.030182,0.007626,0.009350,0.628529,0.009350,0.634258,-0.009350,-0.623430,0.007617,-0.007608,0.674502,-0.621640,0.629534,-0.623392,-0.625171,1.311603
7,PCB,11,0.036943,0.011637,0.013405,0.645243,0.013405,0.679186,-0.013405,-0.638125,0.011659,-0.011614,0.662893,-0.635326,0.646519,-0.637724,-0.638613,1.346465
7,PCB,12,0.055779,0.010311,0.006965,0.536836,0.006965,0.669400,-0.006965,-0.531685,0.010314,-0.010314,0.565862,-0.533877,0.538045,-0.533337,-0.535142,1.155179
7,PCB,13,0.059031,0.015155,0.020000,0.406165,0.020000,0.525180,-0.020000,-0.397238,0.015154,-0.015101,0.437629,-0.393692,0.406578,-0.394543,-0.399704,0.958000
7,PCB,14,0.034150,0.005888,0.013237,0.590816,0.013237,0.661103,-0.013237,-0.585217,0.005891,-0.005875,0.632235,-0.585394,0.592553,-0.587286,-0.587108,1.230308
7,PCB,15,0.032923,0.007431,0.005583,0.740069,0.005583,0.754387,-0.005583,-0.737137,0.007427,-0.007429,0.791686,-0.735220,0.738208,-0.733996,-0.734685,1.507036
7,PCB,16,0.026503,0.006533,0.012267,0.733505,0.012267,0.744609,-0.012267,-0.727811,0.006539,-0.006533,0.760210,-0.727495,0.733247,-0.727649,-0.728004,1.496004
7,PCB,17,0.000229,0.005234,0.001071,0.771190,0.001071,0.807306,-0.001071,-0.769220,0.005223,-0.005210,0.786223,-0.769269,0.770751,-0.768270,-0.768422,1.538584
7,PCB,18,0.050537,0.002155,0.014404,0.765671,0.014404,0.802456,-0.014404,-0.763489,0.002135,-0.002138,0.805455,-0.762103,0.765030,-0.761321,-0.762583,1.588244
7,PCB,19,0.061614,0.005730,0.005493,0.711970,0.005493,0.745620,-0.005493,-0.710427,0.005724,-0.005718,0.812605,-0.710927,0.709837,-0.709990,-0.708241,1.488110
7,PCB,20,0.040734,0.011483,0.011231,0.524314,0.011231,0.588048,-0.011231,-0.518920,0.011484,-0.011451,0.557278,-0.516553,0.523600,-0.516104,-0.518279,1.133340
7,PCB,21,0.038955,0.002935,0.009069,0.675890,0.009069,0.745242,-0.009069,-0.669872,0.002929,-0.002949,0.738605,-0.670084,0.675732,-0.670496,-0.670738,1.426764
7,PCB,22,0.037069,0.003943,0.003896,0.787257,0.003896,0.865925,-0.003896,-0.782204,0.003947,-0.003917,0.819079,-0.783297,0.786833,-0.781842,-0.781265,1.586381
7,PCB,23,0.022073,-0.000099,0.001457,0.614774,0.001457,0.742129,-0.001457,-0.616940,-0.000094,0.000084,0.633179,-0.615826,0.614937,-0.614635,-0.616613,1.284587
7,PCB,24,0.036005,0.002723,0.004299,0.689455,0.004299,0.739838,-0.004299,-0.687680,0.002723,-0.002701,0.708901,-0.687776,0.691153,-0.689014,-0.689430,1.431421
7,PCB,25,0.015069,0.002163,0.002182,0.837315,0.002182,0.893999,-0.002182,-0.834372,0.002167,-0.002182,0.893848,-0.834236,0.837719,-0.836028,-0.835289,1.648635
7,PCB,26,0.052611,0.009029,0.010996,0.752265,0.010996,0.800656,-0.010996,-0.745991,0.009018,-0.008965,0.696293,-0.752166,0.752526,-0.750326,-0.746991,1.557677
7,PCB,27,0.027552,0.007211,0.001507,0.695230,0.001507,0.739869,-0.001507,-0.692714,0.007192,-0.007232,0.724497,-0.694238,0.695231,-0.693792,-0.693179,1.435208
8,DMT,0,0.079223,0.022126,0.000940,0.606624,0.000940,0.619058,-0.000940,-0.604950,0.022126,-0.022126,0.597994,-0.605147,0.609557,-0.609621,-0.608535,1.334615
8,DMT,1,0.049346,0.009552,0.007289,0.579312,0.007289,0.596525,-0.007289,-0.577055,0.009552,-0.009552,0.582307,-0.577648,0.580342,-0.578053,-0.577601,1.203508
8,DMT,2,0.010357,-0.004872,0.005307,0.643141,0.005307,0.703701,-0.005307,-0.637087,-0.004872,0.004872,0.643762,-0.642918,0.646052,-0.645673,-0.642072,1.369683
8,DMT,3,0.086308,0.023001,0.011157,0.687243,0.011157,0.721826,-0.011157,-0.682061,0.023001,-0.023001,0.718161,-0.681566,0.683122,-0.676186,-0.676279,1.437166
8,DMT,4,0.064729,-0.011597,0.011564,0.563672,0.011564,0.557677,-0.011564,-0.574212,-0.011597,0.011597,0.621229,-0.566483,0.554393,-0.556207,-0.558629,1.216866
8,DMT,5,0.040689,0.047222,0.026172,0.515783,0.026172,0.551803,-0.026172,-0.492539,0.047222,-0.047222,0.534597,-0.500816,0.517934,-0.503531,-0.498200,1.224232
8,DMT,6,-0.020861,-0.020737,0.006000,0.791942,0.006000,0.886852,-0.006000,-0.779954,-0.020737,0.020737,0.847183,-0.790105,0.805050,-0.803417,-0.796832,1.619599
8,DMT,7,-0.007052,-0.009225,0.007245,0.616153,0.007245,0.679117,-0.007245,-0.612852,-0.009225,0.009225,0.602327,-0.613568,0.623224,-0.622697,-0.623751,1.241347
8,DMT,8,0.127090,-0.017693,0.004643,0.568569,0.004643,0.604310,-0.004643,-0.574179,-0.017693,0.017693,0.583065,-0.574368,0.570335,-0.574450,-0.576215,1.222666
8,DMT,9,0.064089,0.013231,0.001878,0.506250,0.001878,0.505854,-0.001878,-0.502890,0.013231,-0.013231,0.506953,-0.505289,0.505545,-0.504515,-0.501275,1.142756
8,DMT,10,0.131174,0.021359,0.010039,0.439748,0.010039,0.426332,-0.010039,-0.436794,0.021359,-0.021359,0.469531,-0.438062,0.438925,-0.436626,-0.434624,1.070298
8,DMT,11,0.105554,0.010932,0.001968,0.556751,0.001968,0.570750,-0.001968,-0.558487,0.010932,-0.010932,0.605790,-0.557688,0.553677,-0.553969,-0.552547,1.220360
8,DMT,12,0.070565,0.010023,0.008541,0.543335,0.008541,0.562341,-0.008541,-0.540798,0.010023,-0.010023,0.575377,-0.541584,0.542127,-0.540221,-0.538989,1.176013
8,DMT,13,0.075549,0.010974,0.008381,0.532730,0.008381,0.549885,-0.008381,-0.530245,0.010974,-0.010974,0.553176,-0.531087,0.533831,-0.532841,-0.532035,1.185530
8,DMT,14,0.070668,0.015392,0.012994,0.513503,0.012994,0.526633,-0.012994,-0.509242,0.015392,-0.015392,0.528036,-0.509981,0.513872,-0.510560,-0.510865,1.146066
8,DMT,15,0.105286,0.020427,0.010975,0.544664,0.010975,0.564485,-0.010975,-0.539934,0.020427,-0.020427,0.562639,-0.541587,0.544331,-0.540876,-0.539436,1.221338
8,DMT,16,0.074210,0.003802,0.005106,0.549660,0.005106,0.576659,-0.005106,-0.551018,0.003802,-0.003802,0.581206,-0.549957,0.550444,-0.551053,-0.550630,1.190134
8,DMT,17,0.089310,0.010310,0.018466,0.521986,0.018466,0.522979,-0.018466,-0.519070,0.010310,-0.010310,0.540602,-0.518673,0.520703,-0.517595,-0.517167,1.163039
8,DMT,18,0.062592,0.029639,0.011792,0.550313,0.011792,0.551479,-0.011792,-0.541186,0.029639,-0.029639,0.550814,-0.542737,0.550607,-0.543011,-0.540737,1.205118
8,DMT,19,0.137688,0.021022,0.013254,0.560216,0.013254,0.561976,-0.013254,-0.560639,0.021022,-0.021022,0.599015,-0.556741,0.554664,-0.549320,-0.551481,1.202498
8,DMT,20,0.142234,0.040048,0.014322,0.492108,0.014322,0.494609,-0.014322,-0.483310,0.040048,-0.040048,0.510364,-0.485207,0.489135,-0.480577,-0.480598,1.155232
8,DMT,21,0.142355,0.031672,0.023622,0.444682,0.023622,0.473479,-0.023622,-0.437941,0.031672,-0.031672,0.473891,-0.437097,0.442749,-0.436416,-0.433662,1.095113
8,DMT,22,0.097306,0.029867,0.022578,0.422812,0.022578,0.428354,-0.022578,-0.413399,0.029867,-0.029867,0.426776,-0.416040,0.420765,-0.412262,-0.411217,1.030590
8,DMT,23,0.063920,0.027525,0.003636,0.441484,0.003636,0.474496,-0.003636,-0.434614,0.027525,-0.027525,0.456956,-0.438059,0.440621,-0.436253,-0.435794,1.018967
8,DMT,24,0.097015,0.079004,0.005222,0.012564,0.005222,-0.013420,-0.005222,0.006644,0.079004,-0.079004,-0.000727,-0.000182,0.010929,0.002940,0.015500,0.495901
8,DMT,25,0.131880,0.051955,0.011292,0.302547,0.011292,0.315145,-0.011292,-0.293398,0.051955,-0.051955,0.350606,-0.296888,0.297728,-0.292092,-0.289405,0.853828
8,DMT,26,0.218645,0.036371,0.012802,0.653353,0.012802,0.661698,-0.012802,-0.652856,0.036371,-0.036371,0.615609,-0.647952,0.656821,-0.653290,-0.657869,1.410252
8,DMT,27,0.006908,0.000142,0.015964,0.488975,0.015964,0.519165,-0.015964,-0.482363,0.000142,-0.000142,0.467306,-0.485506,0.489567,-0.487579,-0.487231,1.117064
8,PCB,0,0.018632,0.004971,0.001876,0.620570,0.001876,0.623569,-0.001876,-0.617849,0.004971,-0.004971,0.643081,-0.616947,0.623761,-0.621052,-0.621777,1.306068
8,PCB,1,0.019315,0.007184,0.006166,0.564518,0.006166,0.573402,-0.006166,-0.561149,0.007184,-0.007184,0.574615,-0.561142,0.563966,-0.560793,-0.560520,1.184648
8,PCB,2,0.023131,0.000678,0.003398,0.624771,0.003398,0.664707,-0.003398,-0.624355,0.000678,-0.000678,0.633360,-0.624069,0.624328,-0.625321,-0.624346,1.270484
8,PCB,3,0.044461,0.007739,0.001180,0.577101,0.001180,0.589408,-0.001180,-0.578097,0.007739,-0.007739,0.596083,-0.577698,0.578348,-0.576958,-0.579510,1.246410
8,PCB,4,0.035667,0.015101,0.003115,0.532000,0.003115,0.546953,-0.003115,-0.527988,0.015101,-0.015101,0.546205,-0.529284,0.531077,-0.528936,-0.527573,1.161192
8,PCB,5,0.015804,-0.001135,0.003257,0.570325,0.003257,0.570054,-0.003257,-0.569618,-0.001135,0.001135,0.625536,-0.566911,0.571695,-0.569967,-0.571361,1.184517
8,PCB,6,0.036099,0.013028,0.017191,0.642775,0.017191,0.668941,-0.017191,-0.633055,0.013028,-0.013028,0.664920,-0.628410,0.643870,-0.628746,-0.633594,1.367703
8,PCB,7,0.038065,0.012206,0.025996,0.341677,0.025996,0.374560,-0.025996,-0.330905,0.012206,-0.012206,0.357452,-0.322857,0.341662,-0.324075,-0.332276,0.858186
8,PCB,8,0.167800,0.024114,0.020711,0.682809,0.020711,0.686504,-0.020711,-0.684859,0.024114,-0.024114,0.670616,-0.687637,0.682003,-0.687456,-0.684398,1.532551
8,PCB,9,0.031781,0.009877,0.007781,0.574128,0.007781,0.603939,-0.007781,-0.570569,0.009877,-0.009877,0.594629,-0.570389,0.573245,-0.569383,-0.569713,1.199244
8,PCB,10,0.031157,0.005895,0.001470,0.514183,0.001470,0.552683,-0.001470,-0.513306,0.005895,-0.005895,0.548240,-0.512742,0.514766,-0.514746,-0.514620,1.107420
8,PCB,11,0.024364,0.015021,0.006213,0.380547,0.006213,0.401548,-0.006213,-0.374283,0.015021,-0.015021,0.398125,-0.374698,0.382498,-0.377064,-0.377210,0.927986
8,PCB,12,0.040690,0.001001,0.002454,0.649649,0.002454,0.687334,-0.002454,-0.650347,0.001001,-0.001001,0.697190,-0.650547,0.649319,-0.649620,-0.649462,1.331310
8,PCB,13,0.043086,0.009670,0.011493,0.636366,0.011493,0.649821,-0.011493,-0.631999,0.009670,-0.009670,0.612297,-0.630852,0.635001,-0.630333,-0.631669,1.299896
8,PCB,14,0.071717,0.019309,0.007274,0.640706,0.007274,0.681749,-0.007274,-0.635984,0.019309,-0.019309,0.636470,-0.639708,0.641045,-0.638850,-0.636240,1.351289
8,PCB,15,0.015532,0.009263,0.006912,0.572814,0.006912,0.620859,-0.006912,-0.569279,0.009263,-0.009263,0.593044,-0.567867,0.573594,-0.568781,-0.569890,1.198344
8,PCB,16,0.098740,0.022862,0.015378,0.695159,0.015378,0.690926,-0.015378,-0.687468,0.022862,-0.022862,0.721722,-0.688812,0.692583,-0.684213,-0.683173,1.484966
8,PCB,17,0.060482,0.004562,0.015574,0.616461,0.015574,0.660027,-0.015574,-0.612480,0.004562,-0.004562,0.693694,-0.610039,0.615736,-0.610784,-0.612658,1.312527
8,PCB,18,0.062764,0.007375,0.015600,0.678235,0.015600,0.683183,-0.015600,-0.675753,0.007375,-0.007375,0.701531,-0.674435,0.677245,-0.673521,-0.675141,1.428941
8,PCB,19,0.059184,0.010379,0.014378,0.582985,0.014378,0.612975,-0.014378,-0.578417,0.010379,-0.010379,0.644343,-0.575726,0.582638,-0.577064,-0.578390,1.259356
8,PCB,20,0.033031,0.010403,0.010951,0.582083,0.010951,0.551325,-0.010951,-0.576758,0.010403,-0.010403,0.620616,-0.577627,0.583766,-0.580844,-0.579141,1.160260
8,PCB,21,0.033489,0.014853,0.020575,0.459366,0.020575,0.487315,-0.020575,-0.449366,0.014853,-0.014853,0.492710,-0.447841,0.459092,-0.447932,-0.448420,1.045293
8,PCB,22,0.021636,0.010049,0.011833,0.585984,0.011833,0.636538,-0.011833,-0.579111,0.010049,-0.010049,0.575088,-0.579549,0.587415,-0.580853,-0.581789,1.197633
8,PCB,23,0.015143,0.010527,0.016691,0.569067,0.016691,0.582307,-0.016691,-0.559822,0.010527,-0.010527,0.570137,-0.560509,0.569515,-0.560276,-0.560337,1.168159
8,PCB,24,0.035067,0.002270,0.014509,0.689680,0.014509,0.748246,-0.014509,-0.686374,0.002270,-0.002270,0.681591,-0.683783,0.689196,-0.682115,-0.685120,1.427090
8,PCB,25,0.019545,0.006348,0.004173,0.669770,0.004173,0.719420,-0.004173,-0.666417,0.006348,-0.006348,0.697061,-0.665444,0.668496,-0.663589,-0.665104,1.360809
8,PCB,26,0.022922,0.014794,0.006701,0.682707,0.006701,0.749653,-0.006701,-0.675340,0.014794,-0.014794,0.689123,-0.679010,0.678564,-0.674018,-0.671443,1.406152
8,PCB,27,0.016810,-0.000525,0.001558,0.725323,0.001558,0.742866,-0.001558,-0.725144,-0.000525,0.000525,0.738357,-0.724950,0.725209,-0.725116,-0.724761,1.469259
9,DMT,0,0.050334,0.008545,0.009861,0.548041,0.009861,0.622932,-0.009861,-0.545750,0.008545,-0.008545,0.560898,-0.545849,0.547728,-0.545623,-0.546533,1.174144
9,DMT,1,0.030888,0.013605,0.019203,0.538713,0.019203,0.589955,-0.019203,-0.529467,0.013605,-0.013605,0.551264,-0.526874,0.537103,-0.523193,-0.526944,1.123539
9,DMT,2,0.032932,0.008289,0.008707,0.475056,0.008707,0.599470,-0.008707,-0.473198,0.008289,-0.008289,0.488483,-0.470361,0.471356,-0.464385,-0.469787,1.026859
9,DMT,3,0.020291,-0.003158,-0.001085,0.725221,-0.001085,0.828785,0.001085,-0.725361,-0.003158,0.003158,0.742481,-0.724605,0.722654,-0.722821,-0.723956,1.476898
9,DMT,4,0.040175,0.007006,0.012949,0.597763,0.012949,0.661151,-0.012949,-0.593896,0.007006,-0.007006,0.605549,-0.592872,0.595873,-0.591151,-0.593577,1.217283
9,DMT,5,0.027928,0.016205,0.010872,0.586314,0.010872,0.612174,-0.010872,-0.581151,0.016205,-0.016205,0.587298,-0.577770,0.586105,-0.579296,-0.580410,1.226339
9,DMT,6,-0.000152,0.003767,0.001694,0.619048,0.001694,0.716708,-0.001694,-0.611277,0.003767,-0.003767,0.646747,-0.615251,0.621776,-0.618072,-0.617024,1.296813
9,DMT,7,0.037598,0.019164,0.020389,0.678772,0.020389,0.771297,-0.020389,-0.670613,0.019164,-0.019164,0.682053,-0.666783,0.675522,-0.661524,-0.667443,1.406265
9,DMT,8,0.069517,0.010195,0.017595,0.683194,0.017595,0.671768,-0.017595,-0.682248,0.010195,-0.010195,0.675312,-0.678861,0.680723,-0.675832,-0.677634,1.421792
9,DMT,9,0.040221,0.004342,0.009665,0.556796,0.009665,0.578995,-0.009665,-0.557579,0.004342,-0.004342,0.567165,-0.554839,0.555132,-0.552503,-0.554416,1.186986
9,DMT,10,0.036625,0.004932,0.003746,0.566841,0.003746,0.630175,-0.003746,-0.566811,0.004932,-0.004932,0.579678,-0.566561,0.566214,-0.565347,-0.565953,1.171099
9,DMT,11,0.035413,0.009891,0.003295,0.521149,0.003295,0.569562,-0.003295,-0.518005,0.009891,-0.009891,0.543458,-0.519600,0.522727,-0.521344,-0.519925,1.108950
9,DMT,12,0.025780,0.008119,0.002148,0.564925,0.002148,0.576112,-0.002148,-0.562177,0.008119,-0.008119,0.573153,-0.564451,0.566387,-0.566187,-0.564092,1.171454
9,DMT,13,0.035093,0.009430,0.003220,0.520458,0.003220,0.556769,-0.003220,-0.515388,0.009430,-0.009430,0.542927,-0.520098,0.523450,-0.523834,-0.520020,1.113800
9,DMT,14,0.036553,0.011767,0.000432,0.539619,0.000432,0.560636,-0.000432,-0.535336,0.011767,-0.011767,0.553237,-0.540077,0.542069,-0.542821,-0.538707,1.151128
9,DMT,15,0.025178,0.008179,0.007206,0.453243,0.007206,0.549539,-0.007206,-0.447593,0.008179,-0.008179,0.453882,-0.451973,0.455508,-0.453877,-0.451291,0.950275
9,DMT,16,0.034058,0.007064,0.004127,0.560675,0.004127,0.593651,-0.004127,-0.557933,0.007064,-0.007064,0.579071,-0.559141,0.559876,-0.558429,-0.557149,1.155714
9,DMT,17,0.043991,0.005579,0.004749,0.543031,0.004749,0.548210,-0.004749,-0.543158,0.005579,-0.005579,0.550362,-0.542053,0.542562,-0.542055,-0.542054,1.175449
9,DMT,18,0.034344,0.006250,0.011615,0.470489,0.011615,0.547296,-0.011615,-0.463637,0.006250,-0.006250,0.484054,-0.466650,0.472149,-0.468138,-0.467334,1.042916
9,DMT,19,0.030258,0.007848,0.004774,0.607124,0.004774,0.634017,-0.004774,-0.603441,0.007848,-0.007848,0.615560,-0.603294,0.608217,-0.604394,-0.604796,1.253889
9,DMT,20,0.034160,0.004983,0.003972,0.584681,0.003972,0.580445,-0.003972,-0.584848,0.004983,-0.004983,0.608365,-0.583462,0.583681,-0.583306,-0.583015,1.216564
9,DMT,21,0.052727,0.019011,0.010183,0.261904,0.010183,0.184566,-0.010183,-0.253465,0.019011,-0.019011,0.307453,-0.258184,0.272213,-0.269589,-0.264988,0.772363
9,DMT,22,0.042065,0.012471,0.005205,0.534264,0.005205,0.549113,-0.005205,-0.528434,0.012471,-0.012471,0.564262,-0.530086,0.537558,-0.534514,-0.532702,1.157119
9,DMT,23,0.040651,0.007389,0.008645,0.604283,0.008645,0.660796,-0.008645,-0.600335,0.007389,-0.007389,0.633297,-0.598665,0.604908,-0.598494,-0.600882,1.273426
9,DMT,24,0.043554,0.023876,0.023356,0.526287,0.023356,0.530168,-0.023356,-0.513082,0.023876,-0.023876,0.519715,-0.509756,0.526438,-0.510070,-0.514692,1.158791
9,DMT,25,0.040371,0.009727,0.014862,0.572924,0.014862,0.650417,-0.014862,-0.566102,0.009727,-0.009727,0.595529,-0.566043,0.573583,-0.566048,-0.567898,1.228427
9,DMT,26,0.056048,0.016913,0.016230,0.607757,0.016230,0.694903,-0.016230,-0.597583,0.016913,-0.016913,0.640791,-0.594987,0.605898,-0.593172,-0.597433,1.317442
9,DMT,27,0.114811,0.026254,0.025924,0.586789,0.025924,0.590432,-0.025924,-0.577975,0.026254,-0.026254,0.592261,-0.578754,0.586412,-0.579131,-0.580041,1.341390
9,PCB,0,0.032206,-0.000271,0.003504,0.578735,0.003504,0.600539,-0.003504,-0.581250,-0.000271,0.000271,0.599158,-0.581752,0.577998,-0.580047,-0.579611,1.199355
9,PCB,1,0.046157,0.020997,0.000545,0.370377,0.000545,0.393005,-0.000545,-0.359767,0.020997,-0.020997,0.442427,-0.365882,0.374526,-0.373426,-0.367535,0.906315
9,PCB,2,0.042141,0.002660,0.003371,0.477330,0.003371,0.533055,-0.003371,-0.478330,0.002660,-0.002660,0.516514,-0.477799,0.476609,-0.477078,-0.478290,1.040217
9,PCB,3,0.026962,0.007076,-0.000611,0.538955,-0.000611,0.594336,0.000611,-0.536084,0.007076,-0.007076,0.581928,-0.540152,0.540322,-0.540654,-0.538089,1.145317
9,PCB,4,0.037062,0.007318,0.012023,0.646260,0.012023,0.681863,-0.012023,-0.639842,0.007318,-0.007318,0.740468,-0.634726,0.647958,-0.638887,-0.641849,1.350179
9,PCB,5,0.045477,0.020560,0.013111,0.554797,0.013111,0.556645,-0.013111,-0.541862,0.020560,-0.020560,0.619635,-0.541267,0.556078,-0.544922,-0.544311,1.172464
9,PCB,6,0.018061,0.007570,0.009406,0.554520,0.009406,0.596242,-0.009406,-0.549355,0.007570,-0.007570,0.601360,-0.548219,0.555097,-0.549472,-0.550583,1.141517
9,PCB,7,0.049373,0.011843,0.005151,0.539228,0.005151,0.511760,-0.005151,-0.534368,0.011843,-0.011843,0.526146,-0.537085,0.538244,-0.536933,-0.534254,1.175502
9,PCB,8,0.049066,0.006021,0.004924,0.471909,0.004924,0.544672,-0.004924,-0.469296,0.006021,-0.006021,0.516262,-0.470799,0.471462,-0.471112,-0.471771,1.044579
9,PCB,9,0.027430,0.020077,0.004542,0.512995,0.004542,0.565119,-0.004542,-0.503765,0.020077,-0.020077,0.542875,-0.509338,0.512322,-0.506872,-0.502855,1.086788
9,PCB,10,0.034681,0.013160,0.001539,0.567819,0.001539,0.607228,-0.001539,-0.561757,0.013160,-0.013160,0.621852,-0.563514,0.570397,-0.567011,-0.565210,1.209502
9,PCB,11,0.032393,0.006252,0.009357,0.560488,0.009357,0.617164,-0.009357,-0.554317,0.006252,-0.006252,0.585955,-0.555175,0.562011,-0.558496,-0.557296,1.198767
9,PCB,12,0.036733,0.006017,0.010162,0.563294,0.010162,0.611053,-0.010162,-0.560818,0.006017,-0.006017,0.628493,-0.559571,0.562188,-0.558519,-0.558934,1.176238
9,PCB,13,0.045131,0.014112,0.004298,0.392275,0.004298,0.446523,-0.004298,-0.383643,0.014112,-0.014112,0.441101,-0.388573,0.395683,-0.395209,-0.392385,0.953783
9,PCB,14,0.065718,0.016298,0.010780,0.535556,0.010780,0.576851,-0.010780,-0.531924,0.016298,-0.016298,0.567447,-0.531768,0.538157,-0.535545,-0.536068,1.171054
9,PCB,15,0.040894,0.011012,0.014815,0.544592,0.014815,0.548610,-0.014815,-0.536680,0.011012,-0.011012,0.536431,-0.536752,0.544365,-0.537656,-0.537993,1.176251
9,PCB,16,0.026040,0.014093,0.011815,0.569129,0.011815,0.629307,-0.011815,-0.563104,0.014093,-0.014093,0.593884,-0.561127,0.572010,-0.563905,-0.564418,1.183403
9,PCB,17,0.042922,0.011938,0.008839,0.605365,0.008839,0.660073,-0.008839,-0.602186,0.011938,-0.011938,0.606904,-0.602884,0.603824,-0.600359,-0.601376,1.264227
9,PCB,18,0.024440,0.003040,0.001617,0.488544,0.001617,0.505788,-0.001617,-0.485422,0.003040,-0.003040,0.539759,-0.486116,0.486398,-0.486181,-0.485525,1.047579
9,PCB,19,0.038202,0.003582,0.010693,0.506031,0.010693,0.599687,-0.010693,-0.506159,0.003582,-0.003582,0.548528,-0.500234,0.509588,-0.504295,-0.508647,1.080365
9,PCB,20,0.027793,0.003170,0.004645,0.598553,0.004645,0.659447,-0.004645,-0.599595,0.003170,-0.003170,0.608533,-0.596412,0.596968,-0.593238,-0.595782,1.233686
9,PCB,21,0.043051,0.014409,0.007634,0.637484,0.007634,0.669491,-0.007634,-0.632658,0.014409,-0.014409,0.677825,-0.631924,0.637598,-0.632156,-0.631849,1.335854
9,PCB,22,0.036011,0.006774,0.011124,0.597690,0.011124,0.646291,-0.011124,-0.593373,0.006774,-0.006774,0.644814,-0.593865,0.596001,-0.592842,-0.592851,1.258187
9,PCB,23,0.014911,0.007929,0.006476,0.570760,0.006476,0.631049,-0.006476,-0.566217,0.007929,-0.007929,0.616465,-0.567078,0.572358,-0.568699,-0.567476,1.208812
9,PCB,24,0.014348,0.009844,0.009920,0.558248,0.009920,0.635327,-0.009920,-0.547500,0.009844,-0.009844,0.571827,-0.549089,0.556876,-0.549162,-0.550734,1.180289
9,PCB,25,0.029414,0.003733,0.004607,0.524444,0.004607,0.588384,-0.004607,-0.524046,0.003733,-0.003733,0.564738,-0.517174,0.527675,-0.520995,-0.523309,1.133631
9,PCB,26,0.042398,0.007068,0.005106,0.697492,0.005106,0.770322,-0.005106,-0.696959,0.007068,-0.007068,0.713079,-0.696991,0.697545,-0.696191,-0.696899,1.474988
9,PCB,27,0.045313,0.017701,0.009168,0.672296,0.009168,0.725822,-0.009168,-0.665858,0.017701,-0.017701,0.705960,-0.667900,0.667627,-0.661373,-0.659784,1.413798
10,DMT,0,0.019053,0.009852,0.006455,0.575057,0.006455,0.637857,-0.006455,-0.570749,0.009852,-0.009852,0.566489,-0.569880,0.574887,-0.569435,-0.570886,1.183847
10,DMT,1,0.013969,0.008095,0.003526,0.580211,0.003526,0.672162,-0.003526,-0.574951,0.008095,-0.008095,0.574918,-0.575508,0.580506,-0.574472,-0.575710,1.180985
10,DMT,2,0.010918,0.004034,0.003145,0.670415,0.003145,0.679269,-0.003145,-0.669923,0.004034,-0.004034,0.656260,-0.668608,0.668541,-0.666498,-0.667363,1.352033
10,DMT,3,0.012512,0.002130,0.003030,0.597653,0.003030,0.626670,-0.003030,-0.596393,0.002130,-0.002130,0.606464,-0.596832,0.598464,-0.597366,-0.597105,1.214223
10,DMT,4,0.016330,0.003238,0.001754,0.600584,0.001754,0.621640,-0.001754,-0.599794,0.003238,-0.003238,0.603725,-0.601182,0.600625,-0.600695,-0.600026,1.220039
10,DMT,5,0.009738,0.006925,0.002712,0.533467,0.002712,0.561097,-0.002712,-0.531159,0.006925,-0.006925,0.562593,-0.531380,0.533411,-0.531979,-0.530796,1.084122
10,DMT,6,0.008745,0.001480,0.002083,0.616017,0.002083,0.612028,-0.002083,-0.616544,0.001480,-0.001480,0.636209,-0.616089,0.615988,-0.615487,-0.615733,1.243335
10,DMT,7,0.021579,0.014639,0.009596,0.407995,0.009596,0.481482,-0.009596,-0.397455,0.014639,-0.014639,0.531087,-0.394630,0.409837,-0.398879,-0.401638,0.878261
10,DMT,8,0.028624,0.022497,0.013391,0.466731,0.013391,0.511049,-0.013391,-0.455617,0.022497,-0.022497,0.541931,-0.451700,0.465725,-0.448266,-0.453482,0.993272
10,DMT,9,0.004988,0.002529,0.005035,0.518930,0.005035,0.532002,-0.005035,-0.516138,0.002529,-0.002529,0.560941,-0.513866,0.517298,-0.512570,-0.514116,1.038964
10,DMT,10,0.016982,0.004070,0.003446,0.611008,0.003446,0.612500,-0.003446,-0.610463,0.004070,-0.004070,0.630086,-0.607799,0.610052,-0.607195,-0.609519,1.240586
10,DMT,11,0.017372,0.001523,0.002210,0.606140,0.002210,0.696327,-0.002210,-0.605428,0.001523,-0.001523,0.638628,-0.607629,0.607713,-0.609382,-0.607470,1.233292
10,DMT,12,0.011072,0.001539,0.002771,0.565660,0.002771,0.627011,-0.002771,-0.563825,0.001539,-0.001539,0.578623,-0.564834,0.566298,-0.565160,-0.565022,1.149637
10,DMT,13,0.011858,0.005077,0.003916,0.565232,0.003916,0.592792,-0.003916,-0.562683,0.005077,-0.005077,0.580697,-0.562546,0.566063,-0.563784,-0.563399,1.151385
10,DMT,14,0.019220,0.004344,0.004623,0.607080,0.004623,0.653762,-0.004623,-0.605444,0.004344,-0.004344,0.620505,-0.605403,0.607001,-0.604464,-0.605080,1.229415
10,DMT,15,0.015180,0.004285,0.002517,0.662934,0.002517,0.700927,-0.002517,-0.661201,0.004285,-0.004285,0.667857,-0.660665,0.661887,-0.660215,-0.660453,1.332371
10,DMT,16,0.030818,0.009667,0.007941,0.582681,0.007941,0.649300,-0.007941,-0.577418,0.009667,-0.009667,0.586132,-0.577270,0.585254,-0.579663,-0.580720,1.202899
10,DMT,17,0.014361,0.008031,0.006718,0.547274,0.006718,0.557791,-0.006718,-0.540955,0.008031,-0.008031,0.578206,-0.541168,0.547330,-0.541667,-0.541856,1.115211
10,DMT,18,0.017052,0.001699,0.004246,0.502148,0.004246,0.555148,-0.004246,-0.500287,0.001699,-0.001699,0.552355,-0.499127,0.502511,-0.499919,-0.500915,1.035523
10,DMT,19,0.021122,0.003834,-0.000322,0.583014,-0.000322,0.653571,0.000322,-0.583738,0.003834,-0.003834,0.605126,-0.584012,0.581528,-0.581509,-0.582342,1.185861
10,DMT,20,0.033442,0.006766,0.005628,0.574728,0.005628,0.626328,-0.005628,-0.570507,0.006766,-0.006766,0.608275,-0.571781,0.574244,-0.571721,-0.572223,1.205161
10,DMT,21,0.013354,0.002748,0.002030,0.502912,0.002030,0.573479,-0.002030,-0.502348,0.002748,-0.002748,0.557919,-0.502521,0.502997,-0.502488,-0.502035,1.031840
10,DMT,22,0.016885,0.007386,0.008001,0.607626,0.008001,0.669292,-0.008001,-0.601738,0.007386,-0.007386,0.623978,-0.602007,0.608026,-0.602460,-0.602866,1.230562
10,DMT,23,0.024926,0.008889,0.002820,0.626778,0.002820,0.700088,-0.002820,-0.623306,0.008889,-0.008889,0.675692,-0.624183,0.627270,-0.624519,-0.624429,1.264268
10,DMT,24,0.036344,0.012604,0.006829,0.661408,0.006829,0.782746,-0.006829,-0.652483,0.012604,-0.012604,0.716947,-0.654347,0.662043,-0.655168,-0.655064,1.347446
10,DMT,25,0.040773,0.009579,0.008952,0.618047,0.008952,0.671080,-0.008952,-0.612404,0.009579,-0.009579,0.623035,-0.614146,0.618185,-0.614116,-0.612724,1.276566
10,DMT,26,0.027968,0.005303,0.003317,0.656139,0.003317,0.728805,-0.003317,-0.655727,0.005303,-0.005303,0.682076,-0.653626,0.655269,-0.652835,-0.654363,1.329560
10,DMT,27,0.027284,0.005988,0.009615,0.617164,0.009615,0.679505,-0.009615,-0.613914,0.005988,-0.005988,0.620742,-0.611979,0.615214,-0.610667,-0.612724,1.273468
10,PCB,0,0.024586,0.008289,0.005162,0.508696,0.005162,0.578150,-0.005162,-0.505033,0.008289,-0.008289,0.527817,-0.504796,0.508374,-0.504435,-0.505560,1.057482
10,PCB,1,0.021287,0.010036,0.007029,0.472938,0.007029,0.537069,-0.007029,-0.465916,0.010036,-0.010036,0.494661,-0.466204,0.471444,-0.464054,-0.465270,0.983216
10,PCB,2,0.015273,0.009363,0.006525,0.573582,0.006525,0.586028,-0.006525,-0.567706,0.009363,-0.009363,0.607730,-0.567375,0.571371,-0.564644,-0.566307,1.172164
10,PCB,3,0.021560,0.003935,0.004759,0.578475,0.004759,0.623098,-0.004759,-0.577494,0.003935,-0.003935,0.577989,-0.574665,0.576185,-0.572436,-0.573948,1.186199
10,PCB,4,0.018733,0.009343,0.005516,0.607181,0.005516,0.663300,-0.005516,-0.603047,0.009343,-0.009343,0.631042,-0.601924,0.605645,-0.600796,-0.602416,1.232329
10,PCB,5,0.010862,0.000572,0.005383,0.590769,0.005383,0.652468,-0.005383,-0.589167,0.000572,-0.000572,0.605553,-0.590563,0.591469,-0.590515,-0.590373,1.203706
10,PCB,6,0.020617,0.006893,0.004185,0.619984,0.004185,0.678229,-0.004185,-0.616828,0.006893,-0.006893,0.655216,-0.615862,0.618848,-0.614623,-0.616809,1.266136
10,PCB,7,0.029230,0.006384,0.004900,0.593704,0.004900,0.680559,-0.004900,-0.590730,0.006384,-0.006384,0.624899,-0.591158,0.592616,-0.590236,-0.589744,1.226146
10,PCB,8,0.034898,0.008274,0.011434,0.593248,0.011434,0.595553,-0.011434,-0.591002,0.008274,-0.008274,0.598344,-0.591248,0.594045,-0.591355,-0.591540,1.231150
10,PCB,9,0.023647,0.006441,0.004859,0.563264,0.004859,0.615172,-0.004859,-0.562370,0.006441,-0.006441,0.581297,-0.560894,0.562797,-0.560356,-0.561641,1.157861
10,PCB,10,0.036708,0.006776,0.008513,0.618687,0.008513,0.652369,-0.008513,-0.614479,0.006776,-0.006776,0.648231,-0.614343,0.619746,-0.615183,-0.614801,1.268941
10,PCB,11,0.037944,0.006569,0.012105,0.643707,0.012105,0.688052,-0.012105,-0.639870,0.006569,-0.006569,0.648538,-0.640837,0.644604,-0.641535,-0.640517,1.320167
10,PCB,12,0.027127,0.007263,0.004946,0.647292,0.004946,0.699094,-0.004946,-0.643694,0.007263,-0.007263,0.648986,-0.644266,0.648907,-0.645635,-0.645711,1.318377
10,PCB,13,0.024449,0.001746,0.002563,0.651356,0.002563,0.725222,-0.002563,-0.651856,0.001746,-0.001746,0.677510,-0.652757,0.651604,-0.653106,-0.652303,1.327793
10,PCB,14,0.020363,0.008389,0.008961,0.589014,0.008961,0.603308,-0.008961,-0.581607,0.008389,-0.008389,0.585001,-0.581825,0.587810,-0.579614,-0.581487,1.204689
10,PCB,15,0.015101,0.003751,0.005749,0.605419,0.005749,0.657519,-0.005749,-0.602737,0.003751,-0.003751,0.611377,-0.603322,0.606710,-0.604076,-0.603743,1.233200
10,PCB,16,0.037089,0.002393,0.007045,0.667350,0.007045,0.747867,-0.007045,-0.667425,0.002393,-0.002393,0.697614,-0.668260,0.667870,-0.669272,-0.667760,1.358172
10,PCB,17,0.031831,0.004227,0.001598,0.590384,0.001598,0.683371,-0.001598,-0.590956,0.004227,-0.004227,0.617290,-0.589864,0.589540,-0.588574,-0.591084,1.211025
10,PCB,18,0.013445,0.003705,0.003455,0.624402,0.003455,0.669660,-0.003455,-0.622701,0.003705,-0.003705,0.651497,-0.622521,0.623399,-0.621880,-0.622480,1.269979
10,PCB,19,0.014015,0.004904,0.005517,0.673993,0.005517,0.715530,-0.005517,-0.669011,0.004904,-0.004904,0.666156,-0.670076,0.673412,-0.670123,-0.669084,1.366408
10,PCB,20,0.051500,0.017236,0.017030,0.711752,0.017030,0.805369,-0.017030,-0.698981,0.017236,-0.017236,0.711541,-0.699900,0.710854,-0.697513,-0.698191,1.445089
10,PCB,21,0.023040,0.007125,0.012936,0.617435,0.012936,0.640448,-0.012936,-0.609955,0.007125,-0.007125,0.616155,-0.611106,0.617385,-0.611155,-0.610733,1.256130
10,PCB,22,0.046982,0.021096,0.013325,0.626706,0.013325,0.764007,-0.013325,-0.613050,0.021096,-0.021096,0.658325,-0.612910,0.623873,-0.609557,-0.612139,1.270548
10,PCB,23,0.025573,0.008939,0.005370,0.668413,0.005370,0.744975,-0.005370,-0.663276,0.008939,-0.008939,0.690135,-0.663264,0.667109,-0.661497,-0.662074,1.353842
10,PCB,24,0.018542,0.008231,0.008934,0.611399,0.008934,0.655354,-0.008934,-0.603777,0.008231,-0.008231,0.627160,-0.606321,0.614796,-0.608700,-0.607545,1.243215
10,PCB,25,0.025344,0.008829,0.002083,0.678030,0.002083,0.798434,-0.002083,-0.672878,0.008829,-0.008829,0.705507,-0.673582,0.678391,-0.674137,-0.674050,1.369986
10,PCB,26,0.029331,0.004470,0.003149,0.657322,0.003149,0.727033,-0.003149,-0.654766,0.004470,-0.004470,0.674160,-0.654712,0.655963,-0.653282,-0.653475,1.338111
10,PCB,27,0.007746,0.003664,0.007261,0.585400,0.007261,0.617827,-0.007261,-0.581243,0.003664,-0.003664,0.590233,-0.582505,0.585691,-0.584148,-0.582468,1.199973
11,DMT,0,0.004737,-0.002296,-0.001994,0.640484,-0.001994,0.678951,0.001994,-0.641987,-0.002296,0.002296,0.648907,-0.640314,0.639899,-0.640918,-0.640046,1.243319
11,DMT,1,0.024334,-0.000448,0.007395,0.634844,0.007395,0.686364,-0.007395,-0.633012,-0.000448,0.000448,0.664738,-0.634217,0.635449,-0.633440,-0.632995,1.302457
11,DMT,2,0.053628,-0.025130,0.022282,0.606743,0.022282,0.650072,-0.022282,-0.609079,-0.025130,0.025130,0.646705,-0.606023,0.605822,-0.605373,-0.608089,1.267472
11,DMT,3,0.076932,0.005916,0.012513,0.585256,0.012513,0.602345,-0.012513,-0.583551,0.005916,-0.005916,0.618479,-0.582915,0.584831,-0.581784,-0.582739,1.276347
11,DMT,4,0.018495,0.000165,0.031888,0.531634,0.031888,0.560752,-0.031888,-0.522482,0.000165,-0.000165,0.525593,-0.520778,0.529564,-0.522226,-0.526089,1.221790
11,DMT,5,0.070768,0.004921,0.011061,0.625830,0.011061,0.701853,-0.011061,-0.622775,0.004921,-0.004921,0.626061,-0.623657,0.623811,-0.620918,-0.620774,1.315559
11,DMT,6,0.034085,0.014011,0.013885,0.631511,0.013885,0.694645,-0.013885,-0.622455,0.014011,-0.014011,0.636729,-0.623579,0.631045,-0.621495,-0.622188,1.307733
11,DMT,7,0.013299,0.007957,0.023527,0.471381,0.023527,0.528181,-0.023527,-0.464854,0.007957,-0.007957,0.517049,-0.463834,0.470058,-0.462521,-0.463923,1.102129
11,DMT,8,0.392129,0.034374,0.048632,0.620753,0.048632,0.701161,-0.048632,-0.618270,0.034374,-0.034374,0.621862,-0.617141,0.620589,-0.615780,-0.616576,1.445184
11,DMT,9,0.191650,0.007429,0.015533,0.555571,0.015533,0.610284,-0.015533,-0.556737,0.007429,-0.007429,0.585387,-0.557850,0.554674,-0.555521,-0.554139,1.221998
11,DMT,10,0.048611,0.013232,0.007850,0.555929,0.007850,0.575602,-0.007850,-0.553537,0.013232,-0.013232,0.585353,-0.552946,0.555518,-0.553100,-0.553073,1.166013
11,DMT,11,0.142698,0.029691,0.009284,0.498949,0.009284,0.509096,-0.009284,-0.494063,0.029691,-0.029691,0.521465,-0.496038,0.499202,-0.496785,-0.494277,1.146005
11,DMT,12,0.051125,0.054190,0.026665,0.245996,0.026665,0.246812,-0.026665,-0.227904,0.054190,-0.054190,0.240437,-0.230312,0.248401,-0.233547,-0.231329,0.781640
11,DMT,13,0.173214,0.030592,0.002711,0.295136,0.002711,0.330368,-0.002711,-0.291110,0.030592,-0.030592,0.334868,-0.295311,0.295116,-0.296379,-0.294243,0.861310
11,DMT,14,0.058480,0.006500,0.011033,0.513640,0.011033,0.554186,-0.011033,-0.512290,0.006500,-0.006500,0.537365,-0.511971,0.513830,-0.510837,-0.511504,1.103304
11,DMT,15,0.099195,0.027045,0.015208,0.419812,0.015208,0.403777,-0.015208,-0.412694,0.027045,-0.027045,0.454890,-0.413786,0.420880,-0.416104,-0.413689,1.026687
11,DMT,16,0.083651,0.024431,0.019931,0.537217,0.019931,0.560557,-0.019931,-0.530466,0.024431,-0.024431,0.556872,-0.530034,0.536182,-0.528893,-0.530050,1.186136
11,DMT,17,0.056925,0.005248,0.018730,0.560889,0.018730,0.578211,-0.018730,-0.558370,0.005248,-0.005248,0.575653,-0.555097,0.560587,-0.554017,-0.556181,1.236549
11,DMT,18,0.023121,0.062236,0.022667,0.241343,0.022667,0.262177,-0.022667,-0.220533,0.062236,-0.062236,0.254017,-0.221884,0.241879,-0.224504,-0.224842,0.800306
11,DMT,19,0.065251,-0.003617,-0.000422,0.584085,-0.000422,0.611012,0.000422,-0.586092,-0.003617,0.003617,0.603771,-0.586515,0.584685,-0.587336,-0.587384,1.218018
11,DMT,20,0.067499,0.050508,0.007542,0.360444,0.007542,0.349762,-0.007542,-0.349729,0.050508,-0.050508,0.360144,-0.351141,0.361133,-0.351460,-0.350237,0.903427
11,DMT,21,0.039289,0.012752,0.006898,0.574699,0.006898,0.592699,-0.006898,-0.571595,0.012752,-0.012752,0.608922,-0.570913,0.574935,-0.571727,-0.571516,1.222211
11,DMT,22,0.070185,0.002690,0.011626,0.540709,0.011626,0.575900,-0.011626,-0.539170,0.002690,-0.002690,0.554636,-0.538523,0.540645,-0.539026,-0.540290,1.222613
11,DMT,23,0.216015,0.026439,0.030999,0.519665,0.030999,0.553001,-0.030999,-0.513297,0.026439,-0.026439,0.542023,-0.510053,0.516867,-0.510511,-0.512434,1.249858
11,DMT,24,0.089280,-0.007699,0.006003,0.554592,0.006003,0.558208,-0.006003,-0.559243,-0.007699,0.007699,0.580027,-0.558252,0.554986,-0.558187,-0.559696,1.202439
11,DMT,25,0.140261,0.032468,0.010965,0.571017,0.010965,0.585948,-0.010965,-0.566016,0.032468,-0.032468,0.556325,-0.565604,0.569963,-0.563782,-0.564323,1.275117
11,DMT,26,0.028285,0.012323,0.002307,0.650186,0.002307,0.679518,-0.002307,-0.646945,0.012323,-0.012323,0.678441,-0.646249,0.649743,-0.646028,-0.647384,1.353372
11,DMT,27,0.158326,0.032902,0.023476,0.602803,0.023476,0.608027,-0.023476,-0.595060,0.032902,-0.032902,0.577823,-0.595185,0.601460,-0.594683,-0.595975,1.329279
11,PCB,0,0.054004,0.003845,0.009286,0.535937,0.009286,0.556349,-0.009286,-0.537279,0.003845,-0.003845,0.557972,-0.535095,0.535211,-0.534072,-0.535938,1.193856
11,PCB,1,0.039862,0.001836,0.005496,0.563855,0.005496,0.603573,-0.005496,-0.564015,0.001836,-0.001836,0.597229,-0.563139,0.563225,-0.562072,-0.562875,1.195501
11,PCB,2,0.021207,0.012489,0.004270,0.557615,0.004270,0.568900,-0.004270,-0.552806,0.012489,-0.012489,0.584818,-0.554927,0.558718,-0.556680,-0.555369,1.148280
11,PCB,3,0.029468,0.007695,0.002526,0.579245,0.002526,0.651863,-0.002526,-0.577186,0.007695,-0.007695,0.612007,-0.578530,0.580821,-0.580606,-0.579141,1.226024
11,PCB,4,0.042213,0.002442,-0.000270,0.498218,-0.000270,0.522595,0.000270,-0.498692,0.002442,-0.002442,0.570731,-0.499905,0.496396,-0.498269,-0.493397,1.129455
11,PCB,5,0.024388,0.013144,0.009214,0.483643,0.009214,0.544562,-0.009214,-0.474380,0.013144,-0.013144,0.574031,-0.478419,0.484766,-0.479234,-0.474631,1.069314
11,PCB,6,0.044553,0.016396,0.005462,0.540805,0.005462,0.598124,-0.005462,-0.531973,0.016396,-0.016396,0.576063,-0.536263,0.538152,-0.534025,-0.530397,1.223356
11,PCB,7,0.094015,0.052651,0.028590,0.058357,0.028590,0.097411,-0.028590,-0.043102,0.052651,-0.052651,0.147924,-0.045700,0.056471,-0.042314,-0.033178,0.467596
11,PCB,8,0.122515,0.040087,0.015857,0.332918,0.015857,0.366343,-0.015857,-0.319214,0.040087,-0.040087,0.386910,-0.324697,0.334423,-0.329011,-0.323082,0.947919
11,PCB,9,0.032440,0.009157,0.003501,0.587723,0.003501,0.618650,-0.003501,-0.583311,0.009157,-0.009157,0.634307,-0.585633,0.587728,-0.585884,-0.583610,1.219397
11,PCB,10,0.025134,0.004417,0.003074,0.589216,0.003074,0.609696,-0.003074,-0.588411,0.004417,-0.004417,0.627700,-0.588217,0.589262,-0.588102,-0.587373,1.223303
11,PCB,11,0.011376,0.005835,-0.000666,0.629420,-0.000666,0.658600,0.000666,-0.624561,0.005835,-0.005835,0.670817,-0.628620,0.626372,-0.625147,-0.623441,1.290368
11,PCB,12,0.017637,0.011810,0.004874,0.551514,0.004874,0.571792,-0.004874,-0.547711,0.011810,-0.011810,0.587998,-0.549018,0.552200,-0.548837,-0.545026,1.180543
11,PCB,13,0.020510,0.008797,0.003717,0.537489,0.003717,0.569641,-0.003717,-0.534728,0.008797,-0.008797,0.568701,-0.535985,0.537958,-0.536102,-0.533628,1.126466
11,PCB,14,0.027996,0.016002,0.003432,0.602376,0.003432,0.649478,-0.003432,-0.594107,0.016002,-0.016002,0.641783,-0.598215,0.604419,-0.600311,-0.597318,1.259914
11,PCB,15,0.100544,0.040978,0.001055,0.517759,0.001055,0.553539,-0.001055,-0.505887,0.040978,-0.040978,0.545106,-0.513607,0.521203,-0.517162,-0.509604,1.219945
11,PCB,16,0.038709,0.026166,0.006031,0.425624,0.006031,0.453987,-0.006031,-0.416148,0.026166,-0.026166,0.447416,-0.422123,0.423314,-0.417632,-0.410585,1.024668
11,PCB,17,0.024193,0.019453,0.008059,0.543940,0.008059,0.591317,-0.008059,-0.534087,0.019453,-0.019453,0.573795,-0.538318,0.542283,-0.537811,-0.535209,1.172313
11,PCB,18,0.061727,0.007153,0.004303,0.583935,0.004303,0.604529,-0.004303,-0.587194,0.007153,-0.007153,0.597176,-0.583607,0.584895,-0.584021,-0.585784,1.213178
11,PCB,19,0.041223,0.014650,0.000880,0.603239,0.000880,0.626803,-0.000880,-0.600811,0.014650,-0.014650,0.601535,-0.602549,0.603494,-0.601713,-0.600728,1.270215
11,PCB,20,0.041897,0.005455,0.010802,0.597742,0.010802,0.625612,-0.010802,-0.595020,0.005455,-0.005455,0.608943,-0.594467,0.595673,-0.592180,-0.593426,1.263681
11,PCB,21,0.071201,0.003456,0.014092,0.617815,0.014092,0.654600,-0.014092,-0.619199,0.003456,-0.003456,0.612541,-0.616858,0.618334,-0.615784,-0.620340,1.318510
11,PCB,22,0.063920,-0.004043,0.008202,0.593028,0.008202,0.666836,-0.008202,-0.596250,-0.004043,0.004043,0.693771,-0.592641,0.593713,-0.592442,-0.595271,1.257348
11,PCB,23,0.046487,0.014460,0.010509,0.604475,0.010509,0.615633,-0.010509,-0.596744,0.014460,-0.014460,0.656659,-0.598218,0.603267,-0.596175,-0.593192,1.257825
11,PCB,24,0.045335,0.013759,0.013148,0.509924,0.013148,0.523558,-0.013148,-0.501956,0.013759,-0.013759,0.526285,-0.504376,0.509798,-0.503659,-0.499875,1.146639
11,PCB,25,0.100304,0.014452,0.019399,0.462247,0.019399,0.539343,-0.019399,-0.461592,0.014452,-0.014452,0.469464,-0.458696,0.463807,-0.460432,-0.464532,1.115153
11,PCB,26,0.047070,0.019497,0.008951,0.557857,0.008951,0.591409,-0.008951,-0.551422,0.019497,-0.019497,0.621613,-0.552141,0.559439,-0.554568,-0.553814,1.174548
11,PCB,27,0.188943,0.020890,0.023077,0.440507,0.023077,0.440299,-0.023077,-0.439195,0.020890,-0.020890,0.441956,-0.434526,0.441594,-0.434249,-0.439113,1.146207
12,DMT,0,0.021551,0.003043,0.006721,0.564217,0.006721,0.608711,-0.006721,-0.561275,0.003043,-0.003043,0.642115,-0.559992,0.565555,-0.562894,-0.562057,1.187071
12,DMT,1,0.022705,0.009175,0.011448,0.524076,0.011448,0.541359,-0.011448,-0.518819,0.009175,-0.009175,0.548102,-0.519941,0.522551,-0.515835,-0.514854,1.115744
12,DMT,2,0.014743,-0.004693,0.019953,0.512290,0.019953,0.544517,-0.019953,-0.511694,-0.004693,0.004693,0.495831,-0.504053,0.508768,-0.499164,-0.509201,1.046434
12,DMT,3,0.017023,0.010316,0.006607,0.534837,0.006607,0.544738,-0.006607,-0.530448,0.010316,-0.010316,0.571865,-0.530238,0.536663,-0.532416,-0.531260,1.114658
12,DMT,4,0.016733,0.008481,0.005762,0.569004,0.005762,0.606924,-0.005762,-0.564455,0.008481,-0.008481,0.589896,-0.564499,0.569858,-0.565962,-0.566315,1.175878
12,DMT,5,0.017272,-0.005086,0.012566,0.541890,0.012566,0.554115,-0.012566,-0.543389,-0.005086,0.005086,0.560910,-0.536660,0.540802,-0.534458,-0.540665,1.096020
12,DMT,6,-0.004215,-0.000181,0.011370,0.613385,0.011370,0.679403,-0.011370,-0.609876,-0.000181,0.000181,0.642809,-0.606221,0.615194,-0.608223,-0.612569,1.240772
12,DMT,7,0.041516,0.015428,0.010520,0.645548,0.010520,0.691428,-0.010520,-0.638000,0.015428,-0.015428,0.708666,-0.634889,0.647906,-0.641495,-0.644239,1.355345
12,DMT,8,0.041978,0.004541,0.011263,0.672739,0.011263,0.688134,-0.011263,-0.668396,0.004541,-0.004541,0.644177,-0.668796,0.674825,-0.672665,-0.675499,1.331195
12,DMT,9,0.057756,0.004523,0.006207,0.451316,0.006207,0.500699,-0.006207,-0.448029,0.004523,-0.004523,0.483686,-0.449677,0.453321,-0.453826,-0.453429,1.021785
12,DMT,10,0.056470,0.013252,0.015539,0.409788,0.015539,0.469373,-0.015539,-0.404061,0.013252,-0.013252,0.468806,-0.403157,0.409616,-0.405553,-0.404654,0.954488
12,DMT,11,0.042713,0.072014,0.028165,0.240216,0.028165,0.225207,-0.028165,-0.206711,0.072014,-0.072014,0.305776,-0.219333,0.238148,-0.213845,-0.200569,0.678945
12,DMT,12,0.105033,0.060958,0.029011,0.015554,0.029011,0.089893,-0.029011,0.009404,0.060958,-0.060958,0.105682,0.003095,0.014797,0.003783,0.008255,0.392585
12,DMT,13,0.057935,0.018112,0.016077,0.373285,0.016077,0.435516,-0.016077,-0.365872,0.018112,-0.018112,0.445338,-0.365616,0.373722,-0.366918,-0.367193,0.914175
12,DMT,14,0.026423,0.004717,0.005079,0.516680,0.005079,0.542372,-0.005079,-0.514996,0.004717,-0.004717,0.553287,-0.514094,0.516488,-0.513968,-0.514511,1.103015
12,DMT,15,0.027879,0.005948,0.012484,0.494189,0.012484,0.523821,-0.012484,-0.491314,0.005948,-0.005948,0.512948,-0.488506,0.495687,-0.490769,-0.493388,1.065137
12,DMT,16,0.037500,0.007571,0.005459,0.548229,0.005459,0.568890,-0.005459,-0.545627,0.007571,-0.007571,0.560295,-0.546832,0.548866,-0.547525,-0.547042,1.147205
12,DMT,17,0.027447,0.008067,0.006674,0.465397,0.006674,0.499958,-0.006674,-0.460913,0.008067,-0.008067,0.481739,-0.461991,0.466557,-0.463053,-0.462646,1.026291
12,DMT,18,0.043146,0.009871,0.003517,0.494361,0.003517,0.526442,-0.003517,-0.491503,0.009871,-0.009871,0.518689,-0.493839,0.495218,-0.494821,-0.492424,1.072758
12,DMT,19,0.065281,0.005545,0.008241,0.498700,0.008241,0.503127,-0.008241,-0.500379,0.005545,-0.005545,0.522854,-0.499945,0.498521,-0.498893,-0.499701,1.107774
12,DMT,20,0.084475,-0.002610,-0.009396,0.558884,-0.009396,0.589985,0.009396,-0.568883,-0.002610,0.002610,0.566624,-0.572110,0.554487,-0.565899,-0.561884,1.224988
12,DMT,21,0.022607,0.004721,0.013609,0.525581,0.013609,0.550337,-0.013609,-0.522347,0.004721,-0.004721,0.553177,-0.519477,0.527561,-0.522634,-0.525226,1.123437
12,DMT,22,0.040269,0.009550,0.015330,0.467157,0.015330,0.482678,-0.015330,-0.461709,0.009550,-0.009550,0.487916,-0.460061,0.469513,-0.462892,-0.464330,1.064225
12,DMT,23,0.120534,-0.002821,0.001567,0.308057,0.001567,0.370699,-0.001567,-0.316196,-0.002821,0.002821,0.385998,-0.318240,0.303685,-0.313461,-0.310717,0.889104
12,DMT,24,0.027825,0.006358,0.005453,0.436962,0.005453,0.443754,-0.005453,-0.435483,0.006358,-0.006358,0.481382,-0.433947,0.438180,-0.435382,-0.435622,1.010595
12,DMT,25,0.052536,0.011658,0.014831,0.402650,0.014831,0.398722,-0.014831,-0.398885,0.011658,-0.011658,0.415202,-0.396663,0.405479,-0.402924,-0.403761,0.970809
12,DMT,26,0.049616,0.002962,-0.000606,0.442969,-0.000606,0.492813,0.000606,-0.441700,0.002962,-0.002962,0.485377,-0.444614,0.445609,-0.445201,-0.443214,1.035953
12,DMT,27,0.013641,0.011556,0.011946,0.586269,0.011946,0.614240,-0.011946,-0.578057,0.011556,-0.011556,0.613334,-0.576050,0.591858,-0.586045,-0.587121,1.234329
12,PCB,0,0.030355,0.008135,0.008640,0.673994,0.008640,0.690169,-0.008640,-0.667847,0.008135,-0.008135,0.671132,-0.669785,0.672256,-0.667530,-0.666412,1.383553
12,PCB,1,0.035423,0.006084,0.010947,0.574353,0.010947,0.646253,-0.010947,-0.571429,0.006084,-0.006084,0.605331,-0.569607,0.575341,-0.571426,-0.573281,1.210642
12,PCB,2,0.020069,0.008837,0.011165,0.552317,0.011165,0.571315,-0.011165,-0.546812,0.008837,-0.008837,0.584164,-0.545501,0.553909,-0.548228,-0.548611,1.142751
12,PCB,3,0.017433,0.000196,0.001415,0.667293,0.001415,0.703142,-0.001415,-0.669863,0.000196,-0.000196,0.691601,-0.669370,0.668141,-0.670593,-0.670771,1.374268
12,PCB,4,0.039084,0.017699,0.015896,0.602940,0.015896,0.645937,-0.015896,-0.589867,0.017699,-0.017699,0.643929,-0.587729,0.606258,-0.591016,-0.594010,1.268154
12,PCB,5,0.017965,0.007706,0.009184,0.549971,0.009184,0.593543,-0.009184,-0.540759,0.007706,-0.007706,0.556070,-0.541457,0.552403,-0.543693,-0.543958,1.129111
12,PCB,6,0.023305,0.003901,0.004791,0.625865,0.004791,0.675224,-0.004791,-0.624726,0.003901,-0.003901,0.660731,-0.624210,0.625585,-0.624245,-0.623976,1.265445
12,PCB,7,0.033182,0.010536,0.015982,0.516357,0.015982,0.544560,-0.015982,-0.503651,0.010536,-0.010536,0.521657,-0.503702,0.517856,-0.505108,-0.512602,1.115647
12,PCB,8,0.064719,0.033411,0.030531,0.571790,0.030531,0.562520,-0.030531,-0.548006,0.033411,-0.033411,0.530537,-0.545370,0.575758,-0.550758,-0.548893,1.244594
12,PCB,9,0.027327,0.007223,0.007875,0.583166,0.007875,0.631175,-0.007875,-0.577781,0.007223,-0.007223,0.590139,-0.578258,0.583952,-0.578917,-0.579537,1.194731
12,PCB,10,0.030208,0.006420,0.006030,0.592973,0.006030,0.595271,-0.006030,-0.591899,0.006420,-0.006420,0.602233,-0.589622,0.593047,-0.590192,-0.591090,1.229402
12,PCB,11,0.020887,0.015606,0.016027,0.579259,0.016027,0.586550,-0.016027,-0.562466,0.015606,-0.015606,0.590708,-0.563123,0.580074,-0.563426,-0.564502,1.208060
12,PCB,12,0.020908,0.009382,0.010497,0.603069,0.010497,0.616326,-0.010497,-0.596034,0.009382,-0.009382,0.615329,-0.595168,0.602967,-0.595143,-0.595425,1.231679
12,PCB,13,0.020618,0.008754,0.011107,0.568778,0.011107,0.611898,-0.011107,-0.563239,0.008754,-0.008754,0.597096,-0.563143,0.569347,-0.562581,-0.563190,1.165833
12,PCB,14,0.019681,0.007794,0.006379,0.580009,0.006379,0.594231,-0.006379,-0.575934,0.007794,-0.007794,0.605856,-0.576360,0.579257,-0.576180,-0.575691,1.193991
12,PCB,15,0.025356,0.011108,0.013042,0.622887,0.013042,0.642832,-0.013042,-0.611074,0.011108,-0.011108,0.612369,-0.609695,0.622016,-0.608647,-0.611115,1.257855
12,PCB,16,0.077431,0.024994,0.020096,0.283759,0.020096,0.311462,-0.020096,-0.264927,0.024994,-0.024994,0.352559,-0.273683,0.288877,-0.280314,-0.270284,0.804702
12,PCB,17,0.028396,0.002281,0.005882,0.629742,0.005882,0.681520,-0.005882,-0.630048,0.002281,-0.002281,0.672660,-0.628803,0.629790,-0.629272,-0.629042,1.282133
12,PCB,18,0.021677,0.000852,0.002165,0.616997,0.002165,0.635801,-0.002165,-0.621510,0.000852,-0.000852,0.632818,-0.622046,0.616760,-0.620942,-0.620805,1.266657
12,PCB,19,0.025692,0.001582,0.011708,0.619800,0.011708,0.659835,-0.011708,-0.618512,0.001582,-0.001582,0.639034,-0.614160,0.619831,-0.614819,-0.617332,1.255917
12,PCB,20,0.030500,0.002503,0.006640,0.621516,0.006640,0.675167,-0.006640,-0.620333,0.002503,-0.002503,0.690024,-0.618920,0.620390,-0.618072,-0.619418,1.265653
12,PCB,21,0.043169,0.011900,0.019444,0.604810,0.019444,0.659654,-0.019444,-0.595314,0.011900,-0.011900,0.629095,-0.592338,0.602544,-0.588782,-0.592853,1.258306
12,PCB,22,0.065411,0.007197,0.000450,0.613236,0.000450,0.651385,-0.000450,-0.622297,0.007197,-0.007197,0.621893,-0.626480,0.610436,-0.621448,-0.618727,1.322661
12,PCB,23,0.034889,0.011263,0.004082,0.493783,0.004082,0.527559,-0.004082,-0.487769,0.011263,-0.011263,0.559012,-0.486591,0.497256,-0.491093,-0.491493,1.070210
12,PCB,24,0.042382,0.011047,0.006847,0.666048,0.006847,0.754858,-0.006847,-0.655076,0.011047,-0.011047,0.737576,-0.658381,0.670656,-0.665477,-0.662081,1.374283
12,PCB,25,0.035648,0.009546,0.006814,0.575720,0.006814,0.611967,-0.006814,-0.570838,0.009546,-0.009546,0.634431,-0.571372,0.581286,-0.577712,-0.577041,1.216816
12,PCB,26,0.051782,0.047549,0.062160,0.391445,0.062160,0.466004,-0.062160,-0.292803,0.047549,-0.047549,0.368912,-0.303414,0.405903,-0.317263,-0.315415,0.801113
12,PCB,27,0.033819,0.006738,0.006078,0.656000,0.006078,0.697643,-0.006078,-0.650176,0.006738,-0.006738,0.678362,-0.652334,0.658068,-0.654966,-0.652274,1.346804
13,DMT,0,0.009862,0.009530,0.006825,0.615175,0.006825,0.644583,-0.006825,-0.605771,0.009530,-0.009530,0.636099,-0.611803,0.617970,-0.614503,-0.608862,1.253184
13,DMT,1,0.002539,0.003945,0.001895,0.571849,0.001895,0.598459,-0.001895,-0.569441,0.003945,-0.003945,0.584385,-0.569584,0.571283,-0.569080,-0.568469,1.145215
13,DMT,2,0.009547,0.011870,0.006034,0.596022,0.006034,0.570220,-0.006034,-0.589969,0.011870,-0.011870,0.611170,-0.590821,0.594021,-0.587782,-0.587313,1.200974
13,DMT,3,0.023395,0.003566,0.003858,0.590676,0.003858,0.616788,-0.003858,-0.589162,0.003566,-0.003566,0.586177,-0.589702,0.589262,-0.588792,-0.588253,1.204035
13,DMT,4,0.016161,0.002619,0.001566,0.373816,0.001566,0.357766,-0.001566,-0.371715,0.002619,-0.002619,0.447098,-0.374308,0.374554,-0.375982,-0.372372,0.828567
13,DMT,5,0.013616,0.001629,0.005176,0.367450,0.005176,0.436111,-0.005176,-0.364138,0.001629,-0.001629,0.440374,-0.363245,0.366507,-0.363159,-0.363971,0.793013
13,DMT,6,0.020713,0.010368,0.010060,0.281415,0.010060,0.391662,-0.010060,-0.272489,0.010368,-0.010368,0.293754,-0.272443,0.281025,-0.271602,-0.274188,0.640920
13,DMT,7,0.015740,0.005381,0.003596,0.342818,0.003596,0.455043,-0.003596,-0.339421,0.005381,-0.005381,0.410302,-0.340797,0.341531,-0.338907,-0.340335,0.733410
13,DMT,8,0.033216,0.003847,0.011518,0.521528,0.011518,0.613251,-0.011518,-0.516224,0.003847,-0.003847,0.541532,-0.515520,0.521415,-0.514952,-0.515776,1.108323
13,DMT,9,0.017294,0.004475,0.002967,0.595835,0.002967,0.630878,-0.002967,-0.593153,0.004475,-0.004475,0.625090,-0.593984,0.596311,-0.594412,-0.593816,1.214370
13,DMT,10,0.016263,0.003651,0.003729,0.570735,0.003729,0.598742,-0.003729,-0.568086,0.003651,-0.003651,0.598627,-0.569066,0.570897,-0.569614,-0.568373,1.157382
13,DMT,11,0.021461,0.005709,0.004223,0.599293,0.004223,0.635375,-0.004223,-0.596292,0.005709,-0.005709,0.622305,-0.596587,0.599059,-0.596426,-0.596161,1.215371
13,DMT,12,0.015069,0.004214,0.003832,0.552346,0.003832,0.576725,-0.003832,-0.550648,0.004214,-0.004214,0.583353,-0.550595,0.551753,-0.549910,-0.549825,1.120718
13,DMT,13,0.024008,0.004416,0.001391,0.545873,0.001391,0.597864,-0.001391,-0.546288,0.004416,-0.004416,0.553389,-0.545145,0.545315,-0.544102,-0.545302,1.121387
13,DMT,14,0.022165,0.002560,0.002012,0.549188,0.002012,0.604845,-0.002012,-0.550757,0.002560,-0.002560,0.579332,-0.549445,0.549208,-0.549180,-0.549862,1.126893
13,DMT,15,0.021357,0.006373,0.002551,0.583437,0.002551,0.615249,-0.002551,-0.581665,0.006373,-0.006373,0.602042,-0.580497,0.583377,-0.580371,-0.582253,1.182439
13,DMT,16,0.017468,0.005277,0.004378,0.523334,0.004378,0.570571,-0.004378,-0.521198,0.005277,-0.005277,0.536107,-0.522125,0.522970,-0.522233,-0.521571,1.077180
13,DMT,17,0.013224,0.000112,0.003692,0.528035,0.003692,0.583179,-0.003692,-0.528020,0.000112,-0.000112,0.571166,-0.526633,0.526862,-0.525471,-0.526814,1.068328
13,DMT,18,0.010799,0.006016,0.003352,0.574237,0.003352,0.622363,-0.003352,-0.571401,0.006016,-0.006016,0.603767,-0.571075,0.574226,-0.570893,-0.571409,1.166297
13,DMT,19,0.018420,0.005646,0.005369,0.524989,0.005369,0.561990,-0.005369,-0.523409,0.005646,-0.005646,0.574576,-0.522470,0.525645,-0.523160,-0.523684,1.067944
13,DMT,20,0.039472,0.020469,0.006514,0.526067,0.006514,0.542768,-0.006514,-0.523420,0.020469,-0.020469,0.551833,-0.517300,0.524036,-0.514589,-0.520554,1.085629
13,DMT,21,0.024685,0.011279,0.006813,0.594500,0.006813,0.633727,-0.006813,-0.591308,0.011279,-0.011279,0.609908,-0.592540,0.596143,-0.594630,-0.593703,1.216206
13,DMT,22,0.013865,0.004343,0.002721,0.584774,0.002721,0.578064,-0.002721,-0.583011,0.004343,-0.004343,0.630621,-0.584242,0.586875,-0.586578,-0.584765,1.212007
13,DMT,23,0.077125,0.017832,0.013026,0.706235,0.013026,0.804963,-0.013026,-0.693535,0.017832,-0.017832,0.728126,-0.695066,0.707780,-0.695625,-0.696464,1.440975
13,DMT,24,0.044445,0.016487,0.014509,0.635810,0.014509,0.675608,-0.014509,-0.623523,0.016487,-0.016487,0.662779,-0.626487,0.634869,-0.626854,-0.624355,1.299004
13,DMT,25,0.088447,0.022747,0.010804,0.758428,0.010804,0.873016,-0.010804,-0.747737,0.022747,-0.022747,0.839004,-0.748914,0.758485,-0.749220,-0.750312,1.545423
13,DMT,26,0.035068,0.012614,0.008107,0.704781,0.008107,0.751899,-0.008107,-0.699109,0.012614,-0.012614,0.743041,-0.699009,0.704304,-0.698409,-0.698275,1.425771
13,DMT,27,0.017750,0.008147,0.003378,0.664931,0.003378,0.677053,-0.003378,-0.661421,0.008147,-0.008147,0.675864,-0.661231,0.664479,-0.660717,-0.660891,1.349331
13,PCB,0,0.016496,0.001555,0.001586,0.633310,0.001586,0.660160,-0.001586,-0.632886,0.001555,-0.001555,0.651393,-0.633165,0.633251,-0.633483,-0.632809,1.283159
13,PCB,1,0.019933,0.003065,0.004778,0.583918,0.004778,0.623574,-0.004778,-0.582370,0.003065,-0.003065,0.598519,-0.583072,0.583696,-0.582856,-0.581859,1.196380
13,PCB,2,0.020957,0.005393,0.002330,0.619523,0.002330,0.659340,-0.002330,-0.617889,0.005393,-0.005393,0.626593,-0.618822,0.619905,-0.619066,-0.618673,1.270934
13,PCB,3,0.013893,0.004892,0.005069,0.557344,0.005069,0.602355,-0.005069,-0.554799,0.004892,-0.004892,0.597886,-0.555388,0.556873,-0.555244,-0.554230,1.139136
13,PCB,4,0.016469,0.007462,0.008783,0.586672,0.008783,0.622415,-0.008783,-0.581275,0.007462,-0.007462,0.624117,-0.581852,0.585915,-0.581042,-0.581089,1.196919
13,PCB,5,0.020257,0.006956,0.006144,0.659564,0.006144,0.671848,-0.006144,-0.656939,0.006956,-0.006956,0.658761,-0.656227,0.659749,-0.656462,-0.655968,1.337568
13,PCB,6,0.018115,0.004587,0.010631,0.600533,0.010631,0.623534,-0.010631,-0.595754,0.004587,-0.004587,0.614096,-0.596683,0.599208,-0.595529,-0.595121,1.217622
13,PCB,7,0.041858,0.018511,0.009718,0.457292,0.009718,0.501282,-0.009718,-0.450162,0.018511,-0.018511,0.458552,-0.449353,0.455465,-0.447803,-0.449254,0.991096
13,PCB,8,0.023116,0.000819,0.004582,0.545733,0.004582,0.562903,-0.004582,-0.545589,0.000819,-0.000819,0.566638,-0.546534,0.545322,-0.545515,-0.545219,1.138599
13,PCB,9,0.022590,0.006295,0.003988,0.597593,0.003988,0.639879,-0.003988,-0.595418,0.006295,-0.006295,0.625054,-0.595534,0.597415,-0.595279,-0.595405,1.212457
13,PCB,10,0.029520,0.004509,0.007058,0.533213,0.007058,0.616732,-0.007058,-0.530325,0.004509,-0.004509,0.562047,-0.531797,0.533733,-0.532390,-0.531189,1.098935
13,PCB,11,0.033944,0.009551,0.007905,0.605433,0.007905,0.653526,-0.007905,-0.601309,0.009551,-0.009551,0.608143,-0.601051,0.604110,-0.599864,-0.600345,1.242136
13,PCB,12,0.016785,0.007543,0.003822,0.627651,0.003822,0.633887,-0.003822,-0.624813,0.007543,-0.007543,0.653572,-0.623956,0.627457,-0.623675,-0.624517,1.267522
13,PCB,13,0.039706,0.007994,0.004682,0.642852,0.004682,0.742080,-0.004682,-0.639738,0.007994,-0.007994,0.659947,-0.639266,0.641562,-0.637863,-0.638522,1.303688
13,PCB,14,0.057968,0.011685,0.016450,0.603877,0.016450,0.598841,-0.016450,-0.596386,0.011685,-0.011685,0.606417,-0.597620,0.603421,-0.596631,-0.597221,1.252955
13,PCB,15,0.045816,0.018476,0.009009,0.600168,0.009009,0.663596,-0.009009,-0.594831,0.018476,-0.018476,0.602684,-0.593446,0.598204,-0.592381,-0.593627,1.250287
13,PCB,16,0.033738,0.005202,0.003023,0.558839,0.003023,0.642821,-0.003023,-0.557028,0.005202,-0.005202,0.588786,-0.557952,0.558499,-0.557147,-0.557931,1.155671
13,PCB,17,0.043585,0.009719,0.004929,0.589720,0.004929,0.696484,-0.004929,-0.587622,0.009719,-0.009719,0.602220,-0.585660,0.587079,-0.584644,-0.585622,1.218150
13,PCB,18,0.015962,0.007954,0.005559,0.656928,0.005559,0.678687,-0.005559,-0.652267,0.007954,-0.007954,0.701097,-0.652407,0.655709,-0.650941,-0.651797,1.330990
13,PCB,19,0.018391,0.008945,0.007382,0.609987,0.007382,0.667280,-0.007382,-0.603739,0.008945,-0.008945,0.643723,-0.604603,0.609257,-0.604421,-0.603736,1.241168
13,PCB,20,0.031693,0.019946,0.011635,0.542125,0.011635,0.602389,-0.011635,-0.534356,0.019946,-0.019946,0.572062,-0.533696,0.542053,-0.533611,-0.534309,1.129171
13,PCB,21,0.057336,0.014550,0.006792,0.681735,0.006792,0.718593,-0.006792,-0.677942,0.014550,-0.014550,0.689905,-0.677117,0.681441,-0.676895,-0.677402,1.378290
13,PCB,22,0.040351,0.010209,0.002112,0.701882,0.002112,0.736618,-0.002112,-0.699126,0.010209,-0.010209,0.716030,-0.698537,0.704051,-0.699035,-0.700311,1.424763
13,PCB,23,0.054272,0.006127,0.011553,0.583121,0.011553,0.615389,-0.011553,-0.580008,0.006127,-0.006127,0.627314,-0.581760,0.585739,-0.582795,-0.581565,1.220897
13,PCB,24,0.027930,0.006285,0.005221,0.588865,0.005221,0.632034,-0.005221,-0.585642,0.006285,-0.006285,0.617294,-0.584189,0.589226,-0.585510,-0.585051,1.196160
13,PCB,25,0.018322,0.003468,0.005701,0.630054,0.005701,0.669593,-0.005701,-0.627531,0.003468,-0.003468,0.661448,-0.627459,0.628181,-0.626114,-0.625631,1.284124
13,PCB,26,0.030810,0.003104,0.001990,0.694254,0.001990,0.763141,-0.001990,-0.692906,0.003104,-0.003104,0.744481,-0.693713,0.695965,-0.694527,-0.694347,1.400774
13,PCB,27,0.011214,-0.010110,-0.000312,0.608998,-0.000312,0.589394,0.000312,-0.613169,-0.010110,0.010110,0.649578,-0.613549,0.609306,-0.615026,-0.613012,1.233011
