nohup: ignoring input
=== 2026-09-16 13:11:03  notes/partB2_ccs_verify.py
== (A) reference MATLAB toolbox pinned by phyid
   (checkout not found)
   phyid.measures.redundancy_ccs docstring: To be implemented.
   phyid.measures.double_redundacy_ccs docstring: To be implemented.

== (B) D ≡ rtr − sts on the lattice; pointwise exclusivity under phyid's CCS
   max |D − (rtr − sts)| over 1,000 random consistent atom vectors: 3.2e-15

== (C1) independent Gaussian CCS vs phyid.calc_PhiID(redundancy='CCS'), 200 random real-data draws (W = 60 windows, ts_gsr)
   max |atom difference| over 200 draws × 16 atoms × all samples: 2.1e-13
   max |single-target CCS redundancy difference| (Ince definition vs phyid), six redundancies: 2.1e-13
   pointwise exclusivity in phyid's output (sts = 0 where signs agree, sts = −D elsewhere): max deviation 1.8e-13
   share of samples with all five signs agreeing: mean 0.283, range 0.017–0.661

== (C2) binary hand case: tabulated joint distribution of (x_t, y_t, x_{t+1}, y_{t+1}), every local MI = log2 of a ratio of table probabilities
   56 samples over 16 cells; local MIs (bits) from the table vs phyid: max |diff| 7.2e-16; six CCS redundancies: 1.8e-15; double redundancy: 1.0e-15; all 16 atoms: 3.3e-15
   sign-agreeing samples: 20/56; mean atoms (bits): rtr +0.0284, sts -0.0706, xtx +0.1401, yty +0.1467; mean D +0.0990
   hand check of the exclusivity: max |sts| at agreeing samples 2.2e-16; max |sts + D| elsewhere 4.4e-16
   sample 0 = (np.int64(0), np.int64(0), np.int64(0), np.int64(0)): p(x_t,x_t+1) = 0.3750, p(x_t) = 0.5179, p(x_t+1) = 0.4821 → i(x_t; x_t+1) = +0.5868 bits (phyid +0.5868)
=== 2026-09-16 13:11:07  notes/partB2_ccs_run.py
   ts_gsr: subject 1/14 done (17s)
   ts_gsr: subject 2/14 done (33s)
   ts_gsr: subject 3/14 done (48s)
   ts_gsr: subject 4/14 done (65s)
   ts_gsr: subject 5/14 done (80s)
   ts_gsr: subject 6/14 done (96s)
   ts_gsr: subject 7/14 done (112s)
   ts_gsr: subject 8/14 done (129s)
   ts_gsr: subject 9/14 done (144s)
   ts_gsr: subject 10/14 done (160s)
   ts_gsr: subject 11/14 done (176s)
   ts_gsr: subject 12/14 done (191s)
   ts_gsr: subject 13/14 done (207s)
   ts_gsr: subject 14/14 done (223s)
CCS sts ts_gsr W60                 primary                DiD +0.0036 [-0.0001, +0.0072] p=0.0844 neg 4/14 | phase p=0.0160 | DMT +0.0012 (p=0.388) PCB -0.0024 (p=0.063) placebo share 0.67 | FD DiD +0.0143 (p=0.245) | FD-resid +0.0032 [+0.0001, +0.0064] p=0.0841 3/14 SURVIVES
CCS sts ts_gsr W60                 sensitivity            DiD +0.0038 [+0.0005, +0.0071] p=0.0516 neg 4/14 | phase p=0.0110 | DMT +0.0015 (p=0.268) PCB -0.0023 (p=0.062) placebo share 0.61 | FD DiD +0.0191 (p=0.108) | FD-resid +0.0034 [+0.0005, +0.0063] p=0.0481 3/14 SURVIVES
CCS sts ts_gsr W60                 early                  DiD +0.0038 [-0.0002, +0.0080] p=0.0967 neg 5/14 | phase p=0.0290 | DMT +0.0016 (p=0.148) PCB -0.0022 (p=0.169) placebo share 0.57 | FD DiD +0.0366 (p=0.010) | FD-resid +0.0031 [-0.0004, +0.0069] p=0.1270 6/14 does NOT survive
CCS sts ts_gsr W60                 late                   DiD +0.0035 [-0.0008, +0.0075] p=0.1367 neg 3/14 | phase p=0.0360 | DMT +0.0008 (p=0.624) PCB -0.0026 (p=0.065) placebo share 0.76 | FD DiD -0.0034 (p=0.807) | FD-resid +0.0033 [-0.0003, +0.0067] p=0.0995 4/14 does NOT survive
CCS sts ts_gsr W60                 trend_a_placebo_line   DiD +0.0033 [+0.0003, +0.0065] p=0.0684 neg 3/14
CCS sts ts_gsr W60                 trend_b_shared_slope   DiD +0.0033 [+0.0008, +0.0060] p=0.0300 neg 4/14
CCS xtx+yty ts_gsr W60             primary                DiD -0.0909 [-0.1441, -0.0400] p=0.0049 neg 12/14 | phase p=0.0020 | DMT -0.0532 (p=0.030) PCB +0.0377 (p=0.037) placebo share 0.41 | FD DiD +0.0143 (p=0.245) | FD-resid -0.0711 [-0.1087, -0.0293] p=0.0068 13/14 SURVIVES
CCS xtx+yty ts_gsr W60             sensitivity            DiD -0.0811 [-0.1337, -0.0293] p=0.0095 neg 12/14 | phase p=0.0020 | DMT -0.0527 (p=0.028) PCB +0.0284 (p=0.093) placebo share 0.35 | FD DiD +0.0191 (p=0.108) | FD-resid -0.0596 [-0.0962, -0.0193] p=0.0148 13/14 SURVIVES
CCS xtx+yty ts_gsr W60             early                  DiD -0.1129 [-0.1651, -0.0629] p=0.0012 neg 12/14 | phase p=0.0010 | DMT -0.0914 (p=0.001) PCB +0.0214 (p=0.226) placebo share 0.19 | FD DiD +0.0366 (p=0.010) | FD-resid -0.0865 [-0.1279, -0.0454] p=0.0023 11/14 SURVIVES
CCS xtx+yty ts_gsr W60             late                   DiD -0.0734 [-0.1326, -0.0137] p=0.0333 neg 10/14 | phase p=0.0040 | DMT -0.0226 (p=0.388) PCB +0.0508 (p=0.010) placebo share 0.69 | FD DiD -0.0034 (p=0.807) | FD-resid -0.0589 [-0.1033, -0.0068] p=0.0388 11/14 SURVIVES
CCS xtx+yty ts_gsr W60             trend_a_placebo_line   DiD -0.1005 [-0.1530, -0.0514] p=0.0022 neg 13/14
CCS xtx+yty ts_gsr W60             trend_b_shared_slope   DiD -0.1108 [-0.1609, -0.0650] p=0.0009 neg 13/14
CCS rtr ts_gsr W60                 primary                DiD -0.0124 [-0.0215, -0.0028] p=0.0326 neg 10/14 | phase p=0.0050 | DMT -0.0116 (p=0.011) PCB +0.0008 (p=0.781) placebo share 0.06 | FD DiD +0.0143 (p=0.245) | FD-resid -0.0114 [-0.0207, -0.0014] p=0.0452 10/14 SURVIVES
CCS rtr ts_gsr W60                 sensitivity            DiD -0.0115 [-0.0205, -0.0019] p=0.0413 neg 10/14 | phase p=0.0060 | DMT -0.0112 (p=0.014) PCB +0.0003 (p=0.921) placebo share 0.03 | FD DiD +0.0191 (p=0.108) | FD-resid -0.0102 [-0.0190, -0.0011] p=0.0576 10/14 SURVIVES
CCS rtr ts_gsr W60                 early                  DiD -0.0207 [-0.0289, -0.0123] p=0.0010 neg 12/14 | phase p=0.0010 | DMT -0.0184 (p=0.000) PCB +0.0023 (p=0.466) placebo share 0.11 | FD DiD +0.0366 (p=0.010) | FD-resid -0.0177 [-0.0258, -0.0095] p=0.0024 11/14 SURVIVES
CCS rtr ts_gsr W60                 late                   DiD -0.0058 [-0.0168, +0.0063] p=0.3501 neg 9/14 | phase p=0.2617 | DMT -0.0062 (p=0.191) PCB -0.0004 (p=0.896) placebo share -0.08 | FD DiD -0.0034 (p=0.807) | FD-resid -0.0063 [-0.0172, +0.0054] p=0.3065 10/14 does NOT survive
CCS rtr ts_gsr W60                 trend_a_placebo_line   DiD -0.0120 [-0.0215, -0.0022] p=0.0386 neg 9/14
CCS rtr ts_gsr W60                 trend_b_shared_slope   DiD -0.0161 [-0.0247, -0.0071] p=0.0054 neg 12/14
CCS sts ts_gsr global-bins         primary                DiD +0.0210 [+0.0154, +0.0270] p=0.0001 neg 0/14 | phase p=0.0010 | DMT +0.0135 (p=0.000) PCB -0.0076 (p=0.001) placebo share 0.36 | FD DiD +0.0143 (p=0.245) | FD-resid +0.0164 [+0.0119, +0.0213] p=0.0001 0/14 SURVIVES
CCS sts ts_gsr global-bins         sensitivity            DiD +0.0205 [+0.0150, +0.0264] p=0.0001 neg 0/14 | phase p=0.0010 | DMT +0.0137 (p=0.000) PCB -0.0068 (p=0.001) placebo share 0.33 | FD DiD +0.0174 (p=0.155) | FD-resid +0.0161 [+0.0116, +0.0209] p=0.0001 0/14 SURVIVES
CCS sts ts_gsr global-bins         early                  DiD +0.0199 [+0.0144, +0.0258] p=0.0001 neg 0/14 | phase p=0.0010 | DMT +0.0176 (p=0.000) PCB -0.0023 (p=0.118) placebo share 0.11 | FD DiD +0.0366 (p=0.010) | FD-resid +0.0169 [+0.0120, +0.0220] p=0.0001 0/14 SURVIVES
CCS sts ts_gsr global-bins         late                   DiD +0.0219 [+0.0152, +0.0287] p=0.0002 neg 1/14 | phase p=0.0010 | DMT +0.0101 (p=0.003) PCB -0.0118 (p=0.000) placebo share 0.54 | FD DiD -0.0034 (p=0.807) | FD-resid +0.0161 [+0.0111, +0.0209] p=0.0001 0/14 SURVIVES
CCS sts ts_gsr global-bins         trend_a_placebo_line   DiD +0.0242 [+0.0180, +0.0303] p=0.0001 neg 0/14
CCS sts ts_gsr global-bins         trend_b_shared_slope   DiD +0.0242 [+0.0182, +0.0302] p=0.0001 neg 0/14
CCS xtx+yty ts_gsr global-bins     primary                DiD -0.0807 [-0.1424, -0.0215] p=0.0201 neg 13/14 | phase p=0.0010 | DMT -0.0521 (p=0.079) PCB +0.0287 (p=0.072) placebo share 0.36 | FD DiD +0.0143 (p=0.245) | FD-resid -0.0645 [-0.1120, -0.0115] p=0.0315 13/14 SURVIVES
CCS xtx+yty ts_gsr global-bins     sensitivity            DiD -0.0782 [-0.1401, -0.0193] p=0.0232 neg 13/14 | phase p=0.0010 | DMT -0.0535 (p=0.070) PCB +0.0247 (p=0.112) placebo share 0.32 | FD DiD +0.0174 (p=0.155) | FD-resid -0.0610 [-0.1068, -0.0087] p=0.0360 11/14 SURVIVES
CCS xtx+yty ts_gsr global-bins     early                  DiD -0.1038 [-0.1602, -0.0523] p=0.0018 neg 13/14 | phase p=0.0010 | DMT -0.0830 (p=0.005) PCB +0.0208 (p=0.208) placebo share 0.20 | FD DiD +0.0366 (p=0.010) | FD-resid -0.0789 [-0.1221, -0.0338] p=0.0065 11/14 SURVIVES
CCS xtx+yty ts_gsr global-bins     late                   DiD -0.0622 [-0.1343, +0.0102] p=0.1208 neg 11/14 | phase p=0.0330 | DMT -0.0273 (p=0.408) PCB +0.0349 (p=0.052) placebo share 0.56 | FD DiD -0.0034 (p=0.807) | FD-resid -0.0530 [-0.1107, +0.0114] p=0.1284 11/14 does NOT survive
CCS xtx+yty ts_gsr global-bins     trend_a_placebo_line   DiD -0.0829 [-0.1430, -0.0232] p=0.0188 neg 12/14
CCS xtx+yty ts_gsr global-bins     trend_b_shared_slope   DiD -0.0963 [-0.1542, -0.0414] p=0.0050 neg 13/14
CCS rtr ts_gsr global-bins         primary                DiD -0.0223 [-0.0318, -0.0128] p=0.0006 neg 13/14 | phase p=0.0010 | DMT -0.0176 (p=0.002) PCB +0.0047 (p=0.051) placebo share 0.21 | FD DiD +0.0143 (p=0.245) | FD-resid -0.0183 [-0.0272, -0.0094] p=0.0023 12/14 SURVIVES
CCS rtr ts_gsr global-bins         sensitivity            DiD -0.0222 [-0.0316, -0.0130] p=0.0006 neg 13/14 | phase p=0.0010 | DMT -0.0182 (p=0.001) PCB +0.0039 (p=0.092) placebo share 0.18 | FD DiD +0.0174 (p=0.155) | FD-resid -0.0182 [-0.0268, -0.0096] p=0.0021 12/14 SURVIVES
CCS rtr ts_gsr global-bins         early                  DiD -0.0270 [-0.0343, -0.0196] p=0.0002 neg 13/14 | phase p=0.0010 | DMT -0.0250 (p=0.000) PCB +0.0019 (p=0.336) placebo share 0.07 | FD DiD +0.0366 (p=0.010) | FD-resid -0.0227 [-0.0303, -0.0154] p=0.0002 13/14 SURVIVES
CCS rtr ts_gsr global-bins         late                   DiD -0.0186 [-0.0300, -0.0071] p=0.0120 neg 11/14 | phase p=0.0020 | DMT -0.0117 (p=0.049) PCB +0.0069 (p=0.030) placebo share 0.37 | FD DiD -0.0034 (p=0.807) | FD-resid -0.0148 [-0.0252, -0.0042] p=0.0223 11/14 SURVIVES
CCS rtr ts_gsr global-bins         trend_a_placebo_line   DiD -0.0246 [-0.0349, -0.0147] p=0.0007 neg 12/14
CCS rtr ts_gsr global-bins         trend_b_shared_slope   DiD -0.0278 [-0.0373, -0.0185] p=0.0004 neg 13/14
   ts_demean: subject 1/14 done (314s)
   ts_demean: subject 2/14 done (329s)
   ts_demean: subject 3/14 done (345s)
   ts_demean: subject 4/14 done (361s)
   ts_demean: subject 5/14 done (376s)
   ts_demean: subject 6/14 done (392s)
   ts_demean: subject 7/14 done (408s)
   ts_demean: subject 8/14 done (424s)
   ts_demean: subject 9/14 done (439s)
   ts_demean: subject 10/14 done (455s)
   ts_demean: subject 11/14 done (470s)
   ts_demean: subject 12/14 done (486s)
   ts_demean: subject 13/14 done (502s)
   ts_demean: subject 14/14 done (517s)
CCS sts ts_demean W60              primary                DiD +0.0134 [+0.0056, +0.0221] p=0.0052 neg 3/14 | phase p=0.0030 | DMT +0.0063 (p=0.090) PCB -0.0070 (p=0.003) placebo share 0.53 | FD DiD +0.0143 (p=0.245) | FD-resid +0.0128 [+0.0056, +0.0207] p=0.0044 3/14 SURVIVES
CCS sts ts_demean W60              sensitivity            DiD +0.0120 [+0.0046, +0.0204] p=0.0065 neg 3/14 | phase p=0.0050 | DMT +0.0054 (p=0.107) PCB -0.0066 (p=0.004) placebo share 0.55 | FD DiD +0.0191 (p=0.108) | FD-resid +0.0115 [+0.0046, +0.0191] p=0.0068 3/14 SURVIVES
CCS sts ts_demean W60              early                  DiD +0.0102 [+0.0031, +0.0174] p=0.0159 neg 2/14 | phase p=0.0539 | DMT +0.0036 (p=0.285) PCB -0.0066 (p=0.002) placebo share 0.65 | FD DiD +0.0366 (p=0.010) | FD-resid +0.0106 [+0.0054, +0.0165] p=0.0013 1/14 SURVIVES
CCS sts ts_demean W60              late                   DiD +0.0159 [+0.0058, +0.0274] p=0.0100 neg 3/14 | phase p=0.0010 | DMT +0.0085 (p=0.075) PCB -0.0074 (p=0.010) placebo share 0.46 | FD DiD -0.0034 (p=0.807) | FD-resid +0.0145 [+0.0049, +0.0252] p=0.0137 4/14 SURVIVES
CCS sts ts_demean W60              trend_a_placebo_line   DiD +0.0115 [+0.0043, +0.0194] p=0.0093 neg 3/14
CCS sts ts_demean W60              trend_b_shared_slope   DiD +0.0090 [+0.0026, +0.0160] p=0.0219 neg 2/14
CCS xtx+yty ts_demean W60          primary                DiD -0.1305 [-0.1876, -0.0728] p=0.0018 neg 13/14 | phase p=0.0010 | DMT -0.0806 (p=0.022) PCB +0.0499 (p=0.011) placebo share 0.38 | FD DiD +0.0143 (p=0.245) | FD-resid -0.1077 [-0.1549, -0.0566] p=0.0022 13/14 SURVIVES
CCS xtx+yty ts_demean W60          sensitivity            DiD -0.1157 [-0.1698, -0.0581] p=0.0024 neg 12/14 | phase p=0.0010 | DMT -0.0764 (p=0.023) PCB +0.0392 (p=0.029) placebo share 0.34 | FD DiD +0.0191 (p=0.108) | FD-resid -0.0918 [-0.1369, -0.0437] p=0.0040 13/14 SURVIVES
CCS xtx+yty ts_demean W60          early                  DiD -0.1392 [-0.1899, -0.0867] p=0.0006 neg 13/14 | phase p=0.0010 | DMT -0.1113 (p=0.003) PCB +0.0279 (p=0.094) placebo share 0.20 | FD DiD +0.0366 (p=0.010) | FD-resid -0.1147 [-0.1646, -0.0666] p=0.0010 13/14 SURVIVES
CCS xtx+yty ts_demean W60          late                   DiD -0.1235 [-0.1933, -0.0523] p=0.0066 neg 11/14 | phase p=0.0010 | DMT -0.0561 (p=0.124) PCB +0.0674 (p=0.004) placebo share 0.55 | FD DiD -0.0034 (p=0.807) | FD-resid -0.1021 [-0.1632, -0.0374] p=0.0104 11/14 SURVIVES
CCS xtx+yty ts_demean W60          trend_a_placebo_line   DiD -0.1400 [-0.2027, -0.0783] p=0.0013 neg 13/14
CCS xtx+yty ts_demean W60          trend_b_shared_slope   DiD -0.1420 [-0.2023, -0.0829] p=0.0012 neg 13/14
CCS rtr ts_demean W60              primary                DiD +0.0050 [-0.0079, +0.0194] p=0.4977 neg 8/14 | phase p=0.4276 | DMT +0.0085 (p=0.316) PCB +0.0035 (p=0.370) placebo share -0.70 | FD DiD +0.0143 (p=0.245) | FD-resid +0.0071 [-0.0073, +0.0242] p=0.4414 8/14 does NOT survive
CCS rtr ts_demean W60              sensitivity            DiD +0.0070 [-0.0053, +0.0225] p=0.3916 neg 8/14 | phase p=0.2917 | DMT +0.0119 (p=0.233) PCB +0.0050 (p=0.266) placebo share -0.71 | FD DiD +0.0191 (p=0.108) | FD-resid +0.0074 [-0.0060, +0.0246] p=0.4407 8/14 does NOT survive
CCS rtr ts_demean W60              early                  DiD -0.0006 [-0.0153, +0.0170] p=0.9523 neg 8/14 | phase p=0.9471 | DMT +0.0038 (p=0.636) PCB +0.0044 (p=0.361) placebo share 7.40 | FD DiD +0.0366 (p=0.010) | FD-resid -0.0038 [-0.0149, +0.0094] p=0.5969 9/14 does NOT survive
CCS rtr ts_demean W60              late                   DiD +0.0095 [-0.0048, +0.0245] p=0.2526 neg 5/14 | phase p=0.1898 | DMT +0.0123 (p=0.201) PCB +0.0028 (p=0.518) placebo share -0.30 | FD DiD -0.0034 (p=0.807) | FD-resid +0.0158 [-0.0028, +0.0364] p=0.1630 6/14 does NOT survive
CCS rtr ts_demean W60              trend_a_placebo_line   DiD +0.0065 [-0.0053, +0.0206] p=0.3965 neg 6/14
CCS rtr ts_demean W60              trend_b_shared_slope   DiD +0.0030 [-0.0082, +0.0160] p=0.6584 neg 10/14
CCS sts ts_demean global-bins      primary                DiD +0.0321 [+0.0216, +0.0431] p=0.0001 neg 0/14 | phase p=0.0010 | DMT +0.0225 (p=0.001) PCB -0.0096 (p=0.000) placebo share 0.30 | FD DiD +0.0143 (p=0.245) | FD-resid +0.0262 [+0.0164, +0.0374] p=0.0001 0/14 SURVIVES
CCS sts ts_demean global-bins      sensitivity            DiD +0.0317 [+0.0215, +0.0428] p=0.0001 neg 0/14 | phase p=0.0010 | DMT +0.0228 (p=0.000) PCB -0.0089 (p=0.000) placebo share 0.28 | FD DiD +0.0174 (p=0.155) | FD-resid +0.0262 [+0.0163, +0.0373] p=0.0001 0/14 SURVIVES
CCS sts ts_demean global-bins      early                  DiD +0.0294 [+0.0208, +0.0386] p=0.0001 neg 0/14 | phase p=0.0010 | DMT +0.0256 (p=0.000) PCB -0.0038 (p=0.060) placebo share 0.13 | FD DiD +0.0366 (p=0.010) | FD-resid +0.0264 [+0.0172, +0.0369] p=0.0001 0/14 SURVIVES
CCS sts ts_demean global-bins      late                   DiD +0.0343 [+0.0213, +0.0477] p=0.0004 neg 1/14 | phase p=0.0010 | DMT +0.0200 (p=0.004) PCB -0.0143 (p=0.000) placebo share 0.42 | FD DiD -0.0034 (p=0.807) | FD-resid +0.0261 [+0.0152, +0.0381] p=0.0001 0/14 SURVIVES
CCS sts ts_demean global-bins      trend_a_placebo_line   DiD +0.0362 [+0.0248, +0.0485] p=0.0001 neg 0/14
CCS sts ts_demean global-bins      trend_b_shared_slope   DiD +0.0350 [+0.0245, +0.0464] p=0.0001 neg 0/14
CCS xtx+yty ts_demean global-bins  primary                DiD -0.1133 [-0.1810, -0.0422] p=0.0106 neg 12/14 | phase p=0.0010 | DMT -0.0721 (p=0.070) PCB +0.0412 (p=0.033) placebo share 0.36 | FD DiD +0.0143 (p=0.245) | FD-resid -0.0981 [-0.1597, -0.0292] p=0.0178 11/14 SURVIVES
CCS xtx+yty ts_demean global-bins  sensitivity            DiD -0.1100 [-0.1779, -0.0389] p=0.0126 neg 11/14 | phase p=0.0010 | DMT -0.0713 (p=0.069) PCB +0.0386 (p=0.042) placebo share 0.35 | FD DiD +0.0174 (p=0.155) | FD-resid -0.0942 [-0.1543, -0.0250] p=0.0193 11/14 SURVIVES
CCS xtx+yty ts_demean global-bins  early                  DiD -0.1257 [-0.1848, -0.0645] p=0.0024 neg 12/14 | phase p=0.0020 | DMT -0.1008 (p=0.013) PCB +0.0249 (p=0.157) placebo share 0.20 | FD DiD +0.0366 (p=0.010) | FD-resid -0.1063 [-0.1641, -0.0487] p=0.0055 12/14 SURVIVES
CCS xtx+yty ts_demean global-bins  late                   DiD -0.1033 [-0.1866, -0.0157] p=0.0405 neg 11/14 | phase p=0.0040 | DMT -0.0491 (p=0.252) PCB +0.0541 (p=0.018) placebo share 0.52 | FD DiD -0.0034 (p=0.807) | FD-resid -0.0914 [-0.1675, -0.0109] p=0.0549 10/14 SURVIVES
CCS xtx+yty ts_demean global-bins  trend_a_placebo_line   DiD -0.1152 [-0.1864, -0.0411] p=0.0122 neg 12/14
CCS xtx+yty ts_demean global-bins  trend_b_shared_slope   DiD -0.1240 [-0.1956, -0.0511] p=0.0066 neg 12/14
CCS rtr ts_demean global-bins      primary                DiD -0.0183 [-0.0313, -0.0072] p=0.0082 neg 11/14 | phase p=0.0060 | DMT -0.0104 (p=0.112) PCB +0.0078 (p=0.035) placebo share 0.43 | FD DiD +0.0143 (p=0.245) | FD-resid -0.0128 [-0.0245, -0.0015] p=0.0533 11/14 SURVIVES
CCS rtr ts_demean global-bins      sensitivity            DiD -0.0172 [-0.0304, -0.0059] p=0.0128 neg 10/14 | phase p=0.0070 | DMT -0.0106 (p=0.106) PCB +0.0066 (p=0.061) placebo share 0.39 | FD DiD +0.0174 (p=0.155) | FD-resid -0.0127 [-0.0241, -0.0013] p=0.0544 11/14 SURVIVES
CCS rtr ts_demean global-bins      early                  DiD -0.0223 [-0.0338, -0.0106] p=0.0046 neg 10/14 | phase p=0.0030 | DMT -0.0187 (p=0.004) PCB +0.0036 (p=0.276) placebo share 0.16 | FD DiD +0.0366 (p=0.010) | FD-resid -0.0221 [-0.0310, -0.0135] p=0.0005 12/14 SURVIVES
CCS rtr ts_demean global-bins      late                   DiD -0.0151 [-0.0310, -0.0013] p=0.0732 neg 10/14 | phase p=0.0340 | DMT -0.0039 (p=0.604) PCB +0.0112 (p=0.018) placebo share 0.74 | FD DiD -0.0034 (p=0.807) | FD-resid -0.0055 [-0.0211, +0.0104] p=0.5178 9/14 does NOT survive
CCS rtr ts_demean global-bins      trend_a_placebo_line   DiD -0.0209 [-0.0340, -0.0097] p=0.0022 neg 11/14
CCS rtr ts_demean global-bins      trend_b_shared_slope   DiD -0.0244 [-0.0369, -0.0133] p=0.0006 neg 12/14
# CCS tables (partB2_ccs_run.py)

## ts_gsr W60: 16 atoms, DMT pre-injection level and primary DiD, CCS vs MMI (nats)

| atom | CCS level | MMI level | CCS DiD (mean, neg/14) | MMI DiD |
|---|---|---|---|---|
| rtr | +0.0916 | +0.0388 | -0.0124 (10) | -0.0078 |
| rtx | +0.0008 | +0.0258 | +0.0007 (5) | -0.0012 |
| rty | +0.0001 | +0.0254 | +0.0011 (4) | -0.0012 |
| rts | -0.0038 | +0.5669 | -0.0008 (10) | -0.0407 |
| xtr | +0.0005 | +0.0254 | +0.0008 (4) | -0.0012 |
| xtx | +0.6245 | +0.6273 | -0.0515 (12) | -0.0523 |
| xty | -0.0279 | -0.0254 | +0.0016 (6) | +0.0012 |
| xts | +0.0633 | -0.5352 | -0.0026 (9) | +0.0399 |
| ytr | +0.0004 | +0.0258 | +0.0010 (4) | -0.0012 |
| ytx | -0.0281 | -0.0258 | +0.0018 (7) | +0.0012 |
| yty | +0.6105 | +0.6125 | -0.0394 (12) | -0.0396 |
| yts | +0.0622 | -0.5358 | -0.0020 (10) | +0.0404 |
| str | -0.0039 | +0.5667 | -0.0008 (10) | -0.0408 |
| stx | +0.0634 | -0.5350 | -0.0027 (9) | +0.0401 |
| sty | +0.0623 | -0.5357 | -0.0021 (9) | +0.0403 |
| sts | -0.0387 | +1.1554 | +0.0036 (4) | -0.0809 |
| TDMI (sum) | +1.4772 | +1.4772 | -0.1037 | -0.1037 |

Per-subject CCS sts DiD vs the autocorrelation contrast (W60, window-standardised r1): Pearson r = -0.439 (p = 0.117), Spearman -0.336; vs the MMI sts DiD of the same estimator: r = -0.299; CCS (xtx+yty) DiD vs autocorrelation contrast: r = +0.955
CCS sts level / CCS (xtx + yty) level (DMT pre): -0.0387 / +1.2350; MMI: +1.1554 / +1.2398
share of samples with all five signs agreeing (mean over runs): 0.294
Group-mean window series, CCS sts vs mean r1 (28 condition-windows): r = -0.433; MMI sts vs r1: +0.977; CCS sts vs MMI sts: -0.395
Per-pair, subject 1 DMT window 6: CCS sts vs pair r1 r = -0.011, vs |q| +0.014, vs MMI sts +0.216; MMI sts vs r1 +0.742; CCS sts pair mean -0.0354 (SD 0.0698), CCS xtx+yty +1.1113, MMI sts +1.0314; agree share 0.269
Per-pair, subject 1 PCB window 2: CCS sts vs pair r1 r = +0.003, vs |q| +0.110, vs MMI sts +0.223; MMI sts vs r1 +0.697; CCS sts pair mean -0.0367 (SD 0.0744), CCS xtx+yty +1.1407, MMI sts +1.0669; agree share 0.278

## ts_gsr global-bins: 16 atoms, DMT pre-injection level and primary DiD, CCS vs MMI (nats)

| atom | CCS level | MMI level | CCS DiD (mean, neg/14) | MMI DiD |
|---|---|---|---|---|
| rtr | +0.0665 | +0.0248 | -0.0223 (13) | -0.0060 |
| rtx | +0.0001 | +0.0076 | +0.0013 (4) | -0.0031 |
| rty | -0.0001 | +0.0074 | +0.0008 (3) | -0.0028 |
| rts | -0.0065 | +0.6435 | +0.0027 (5) | -0.0396 |
| xtr | +0.0000 | +0.0074 | +0.0014 (2) | -0.0028 |
| xtx | +0.6629 | +0.6897 | -0.0468 (12) | -0.0544 |
| xty | -0.0342 | -0.0074 | +0.0112 (1) | +0.0028 |
| xts | +0.0456 | -0.6386 | -0.0176 (14) | +0.0367 |
| ytr | +0.0003 | +0.0076 | +0.0004 (6) | -0.0031 |
| ytx | -0.0346 | -0.0076 | +0.0115 (1) | +0.0031 |
| yty | +0.6450 | +0.6719 | -0.0339 (12) | -0.0431 |
| yts | +0.0456 | -0.6388 | -0.0182 (14) | +0.0368 |
| str | -0.0068 | +0.6435 | +0.0029 (5) | -0.0397 |
| stx | +0.0459 | -0.6387 | -0.0177 (14) | +0.0368 |
| sty | +0.0457 | -0.6388 | -0.0184 (14) | +0.0368 |
| sts | -0.0335 | +1.3085 | +0.0210 (0) | -0.0801 |
| TDMI (sum) | +1.4421 | +1.4421 | -0.1216 | -0.1216 |

Per-subject CCS sts DiD vs the autocorrelation contrast (W60, window-standardised r1): Pearson r = -0.253 (p = 0.383), Spearman -0.486; vs the MMI sts DiD of the same estimator: r = -0.250; CCS (xtx+yty) DiD vs autocorrelation contrast: r = +0.961
CCS sts level / CCS (xtx + yty) level (DMT pre): -0.0335 / +1.3078; MMI: +1.3085 / +1.3616
share of samples with all five signs agreeing (mean over runs): 0.304

## ts_demean W60: 16 atoms, DMT pre-injection level and primary DiD, CCS vs MMI (nats)

| atom | CCS level | MMI level | CCS DiD (mean, neg/14) | MMI DiD |
|---|---|---|---|---|
| rtr | +0.1047 | +0.0444 | +0.0050 (8) | +0.0005 |
| rtx | -0.0042 | +0.0293 | -0.0024 (9) | +0.0040 |
| rty | -0.0053 | +0.0288 | -0.0043 (8) | +0.0003 |
| rts | -0.0064 | +0.5265 | -0.0040 (11) | -0.0643 |
| xtr | -0.0046 | +0.0287 | -0.0050 (10) | +0.0003 |
| xtx | +0.5935 | +0.5871 | -0.0751 (13) | -0.0823 |
| xty | -0.0215 | -0.0286 | +0.0051 (4) | -0.0002 |
| xts | +0.0665 | -0.4933 | +0.0010 (7) | +0.0621 |
| ytr | -0.0049 | +0.0292 | -0.0015 (7) | +0.0040 |
| ytx | -0.0219 | -0.0291 | +0.0035 (4) | -0.0039 |
| yty | +0.5738 | +0.5658 | -0.0554 (12) | -0.0610 |
| yts | +0.0648 | -0.4942 | +0.0022 (6) | +0.0635 |
| str | -0.0064 | +0.5264 | -0.0040 (12) | -0.0646 |
| stx | +0.0668 | -0.4929 | +0.0002 (7) | +0.0627 |
| sty | +0.0647 | -0.4943 | +0.0028 (7) | +0.0636 |
| sts | -0.0255 | +1.1004 | +0.0134 (3) | -0.1031 |
| TDMI (sum) | +1.4341 | +1.4341 | -0.1186 | -0.1186 |

Per-subject CCS sts DiD vs the autocorrelation contrast (W60, window-standardised r1): Pearson r = -0.390 (p = 0.168), Spearman -0.398; vs the MMI sts DiD of the same estimator: r = -0.350; CCS (xtx+yty) DiD vs autocorrelation contrast: r = +0.932
CCS sts level / CCS (xtx + yty) level (DMT pre): -0.0255 / +1.1673; MMI: +1.1004 / +1.1529
share of samples with all five signs agreeing (mean over runs): 0.303
Group-mean window series, CCS sts vs mean r1 (28 condition-windows): r = -0.623; MMI sts vs r1: +0.938; CCS sts vs MMI sts: -0.546
Per-pair, subject 1 DMT window 6: CCS sts vs pair r1 r = -0.154, vs |q| +0.019, vs MMI sts +0.109; MMI sts vs r1 +0.518; CCS sts pair mean -0.0452 (SD 0.0700), CCS xtx+yty +1.1647, MMI sts +1.0562; agree share 0.331
Per-pair, subject 1 PCB window 2: CCS sts vs pair r1 r = -0.012, vs |q| +0.276, vs MMI sts +0.259; MMI sts vs r1 +0.628; CCS sts pair mean -0.0128 (SD 0.0885), CCS xtx+yty +1.0240, MMI sts +1.0116; agree share 0.279

## ts_demean global-bins: 16 atoms, DMT pre-injection level and primary DiD, CCS vs MMI (nats)

| atom | CCS level | MMI level | CCS DiD (mean, neg/14) | MMI DiD |
|---|---|---|---|---|
| rtr | +0.0938 | +0.0301 | -0.0183 (11) | +0.0078 |
| rtx | -0.0088 | +0.0074 | +0.0031 (2) | +0.0017 |
| rty | -0.0095 | +0.0085 | +0.0010 (5) | -0.0022 |
| rts | -0.0052 | +0.5979 | -0.0100 (9) | -0.0644 |
| xtr | -0.0094 | +0.0085 | +0.0016 (5) | -0.0022 |
| xtx | +0.6226 | +0.6522 | -0.0692 (12) | -0.0901 |
| xty | -0.0363 | -0.0085 | +0.0213 (0) | +0.0022 |
| xts | +0.0555 | -0.5933 | -0.0144 (12) | +0.0624 |
| ytr | -0.0088 | +0.0074 | +0.0024 (4) | +0.0017 |
| ytx | -0.0387 | -0.0074 | +0.0223 (0) | -0.0017 |
| yty | +0.5941 | +0.6236 | -0.0441 (11) | -0.0664 |
| yts | +0.0571 | -0.5934 | -0.0174 (13) | +0.0625 |
| str | -0.0053 | +0.5979 | -0.0098 (9) | -0.0648 |
| stx | +0.0574 | -0.5934 | -0.0172 (13) | +0.0626 |
| sty | +0.0553 | -0.5937 | -0.0152 (12) | +0.0628 |
| sts | -0.0297 | +1.2403 | +0.0321 (0) | -0.1035 |
| TDMI (sum) | +1.3841 | +1.3841 | -0.1315 | -0.1315 |

Per-subject CCS sts DiD vs the autocorrelation contrast (W60, window-standardised r1): Pearson r = -0.207 (p = 0.477), Spearman -0.301; vs the MMI sts DiD of the same estimator: r = -0.263; CCS (xtx+yty) DiD vs autocorrelation contrast: r = +0.911
CCS sts level / CCS (xtx + yty) level (DMT pre): -0.0297 / +1.2167; MMI: +1.2403 / +1.2758
share of samples with all five signs agreeing (mean over runs): 0.310

done (592s)
=== 2026-09-16 13:21:01  notes/partB3_lag.py
   τ = 1: subject 1/14 done (14s)
   τ = 1: subject 2/14 done (26s)
   τ = 1: subject 3/14 done (37s)
   τ = 1: subject 4/14 done (50s)
   τ = 1: subject 5/14 done (61s)
   τ = 1: subject 6/14 done (73s)
   τ = 1: subject 7/14 done (85s)
   τ = 1: subject 8/14 done (97s)
   τ = 1: subject 9/14 done (109s)
   τ = 1: subject 10/14 done (121s)
   τ = 1: subject 11/14 done (133s)
   τ = 1: subject 12/14 done (145s)
   τ = 1: subject 13/14 done (157s)
   τ = 1: subject 14/14 done (169s)
autocorr lag1 ts_gsr W60           primary                DiD -0.0146 [-0.0251, -0.0052] p=0.0106 neg 12/14 | phase p=0.0729 | DMT -0.0097 (p=0.043) PCB +0.0050 (p=0.142) placebo share 0.34 | FD DiD +0.0143 (p=0.245) | FD-resid -0.0123 [-0.0199, -0.0041] p=0.0135 12/14 SURVIVES
autocorr lag1 ts_gsr W60           sensitivity            DiD -0.0131 [-0.0231, -0.0032] p=0.0211 neg 10/14 | phase p=0.1229 | DMT -0.0099 (p=0.035) PCB +0.0032 (p=0.313) placebo share 0.24 | FD DiD +0.0191 (p=0.108) | FD-resid -0.0102 [-0.0178, -0.0018] p=0.0369 11/14 SURVIVES
autocorr lag1 ts_gsr W60           early                  DiD -0.0213 [-0.0304, -0.0125] p=0.0006 neg 13/14 | phase p=0.0250 | DMT -0.0180 (p=0.001) PCB +0.0033 (p=0.346) placebo share 0.16 | FD DiD +0.0366 (p=0.010) | FD-resid -0.0170 [-0.0241, -0.0096] p=0.0012 12/14 SURVIVES
autocorr lag1 ts_gsr W60           late                   DiD -0.0093 [-0.0214, +0.0022] p=0.1615 neg 9/14 | phase p=0.3387 | DMT -0.0030 (p=0.555) PCB +0.0063 (p=0.075) placebo share 0.67 | FD DiD -0.0034 (p=0.807) | FD-resid -0.0085 [-0.0178, +0.0018] p=0.1240 10/14 does NOT survive
autocorr lag1 ts_gsr W60           trend_a_placebo_line   DiD -0.0162 [-0.0262, -0.0069] p=0.0049 neg 12/14
autocorr lag1 ts_gsr W60           trend_b_shared_slope   DiD -0.0190 [-0.0282, -0.0103] p=0.0016 neg 13/14
sts tau1 ts_gsr W60                primary                DiD -0.0809 [-0.1261, -0.0377] p=0.0038 neg 13/14 | phase p=0.0020 | DMT -0.0485 (p=0.027) PCB +0.0324 (p=0.042) placebo share 0.40 | FD DiD +0.0143 (p=0.245) | FD-resid -0.0649 [-0.0966, -0.0289] p=0.0048 13/14 SURVIVES
sts tau1 ts_gsr W60                sensitivity            DiD -0.0733 [-0.1180, -0.0291] p=0.0070 neg 12/14 | phase p=0.0020 | DMT -0.0491 (p=0.023) PCB +0.0242 (p=0.104) placebo share 0.33 | FD DiD +0.0191 (p=0.108) | FD-resid -0.0555 [-0.0864, -0.0210] p=0.0100 13/14 SURVIVES
sts tau1 ts_gsr W60                early                  DiD -0.1029 [-0.1464, -0.0601] p=0.0009 neg 13/14 | phase p=0.0010 | DMT -0.0842 (p=0.001) PCB +0.0187 (p=0.221) placebo share 0.18 | FD DiD +0.0366 (p=0.010) | FD-resid -0.0806 [-0.1151, -0.0455] p=0.0018 12/14 SURVIVES
sts tau1 ts_gsr W60                late                   DiD -0.0633 [-0.1147, -0.0118] p=0.0337 neg 10/14 | phase p=0.0060 | DMT -0.0199 (p=0.388) PCB +0.0434 (p=0.014) placebo share 0.69 | FD DiD -0.0034 (p=0.807) | FD-resid -0.0523 [-0.0909, -0.0078] p=0.0345 11/14 SURVIVES
sts tau1 ts_gsr W60                trend_a_placebo_line   DiD -0.0890 [-0.1347, -0.0461] p=0.0021 neg 13/14
sts tau1 ts_gsr W60                trend_b_shared_slope   DiD -0.0995 [-0.1424, -0.0599] p=0.0007 neg 13/14
sts tau1 ts_gsr global-bins        primary                DiD -0.0801 [-0.1310, -0.0315] p=0.0071 neg 12/14 | phase p=0.0010 | DMT -0.0521 (p=0.045) PCB +0.0280 (p=0.047) placebo share 0.35 | FD DiD +0.0143 (p=0.245) | FD-resid -0.0637 [-0.1023, -0.0182] p=0.0161 12/14 SURVIVES
sts tau1 ts_gsr global-bins        sensitivity            DiD -0.0773 [-0.1280, -0.0278] p=0.0085 neg 12/14 | phase p=0.0010 | DMT -0.0538 (p=0.037) PCB +0.0235 (p=0.083) placebo share 0.30 | FD DiD +0.0174 (p=0.155) | FD-resid -0.0605 [-0.0967, -0.0150] p=0.0183 12/14 SURVIVES
sts tau1 ts_gsr global-bins        early                  DiD -0.1063 [-0.1545, -0.0612] p=0.0009 neg 13/14 | phase p=0.0010 | DMT -0.0873 (p=0.002) PCB +0.0190 (p=0.157) placebo share 0.18 | FD DiD +0.0366 (p=0.010) | FD-resid -0.0847 [-0.1209, -0.0450] p=0.0024 11/14 SURVIVES
sts tau1 ts_gsr global-bins        late                   DiD -0.0591 [-0.1194, +0.0019] p=0.0773 neg 10/14 | phase p=0.0320 | DMT -0.0240 (p=0.399) PCB +0.0351 (p=0.032) placebo share 0.59 | FD DiD -0.0034 (p=0.807) | FD-resid -0.0469 [-0.0952, +0.0090] p=0.1147 11/14 does NOT survive
sts tau1 ts_gsr global-bins        trend_a_placebo_line   DiD -0.0830 [-0.1354, -0.0322] p=0.0070 neg 13/14
sts tau1 ts_gsr global-bins        trend_b_shared_slope   DiD -0.0981 [-0.1481, -0.0508] p=0.0020 neg 13/14
   τ = 2: subject 1/14 done (214s)
   τ = 2: subject 2/14 done (226s)
   τ = 2: subject 3/14 done (237s)
   τ = 2: subject 4/14 done (249s)
   τ = 2: subject 5/14 done (261s)
   τ = 2: subject 6/14 done (273s)
   τ = 2: subject 7/14 done (285s)
   τ = 2: subject 8/14 done (296s)
   τ = 2: subject 9/14 done (308s)
   τ = 2: subject 10/14 done (320s)
   τ = 2: subject 11/14 done (332s)
   τ = 2: subject 12/14 done (344s)
   τ = 2: subject 13/14 done (356s)
   τ = 2: subject 14/14 done (367s)
autocorr lag2 ts_gsr W60           primary                DiD -0.0468 [-0.0754, -0.0174] p=0.0090 neg 12/14 | phase p=0.0040 | DMT -0.0310 (p=0.040) PCB +0.0157 (p=0.100) placebo share 0.34 | FD DiD +0.0143 (p=0.245) | FD-resid -0.0383 [-0.0606, -0.0122] p=0.0126 13/14 SURVIVES
autocorr lag2 ts_gsr W60           sensitivity            DiD -0.0415 [-0.0712, -0.0123] p=0.0176 neg 11/14 | phase p=0.0080 | DMT -0.0310 (p=0.036) PCB +0.0105 (p=0.249) placebo share 0.25 | FD DiD +0.0191 (p=0.108) | FD-resid -0.0317 [-0.0540, -0.0056] p=0.0326 13/14 SURVIVES
autocorr lag2 ts_gsr W60           early                  DiD -0.0668 [-0.0944, -0.0412] p=0.0006 neg 13/14 | phase p=0.0010 | DMT -0.0565 (p=0.001) PCB +0.0103 (p=0.305) placebo share 0.15 | FD DiD +0.0366 (p=0.010) | FD-resid -0.0526 [-0.0737, -0.0300] p=0.0011 13/14 SURVIVES
autocorr lag2 ts_gsr W60           late                   DiD -0.0307 [-0.0656, +0.0038] p=0.1198 neg 11/14 | phase p=0.0919 | DMT -0.0106 (p=0.514) PCB +0.0201 (p=0.055) placebo share 0.65 | FD DiD -0.0034 (p=0.807) | FD-resid -0.0268 [-0.0553, +0.0061] p=0.1229 11/14 does NOT survive
autocorr lag2 ts_gsr W60           trend_a_placebo_line   DiD -0.0520 [-0.0800, -0.0231] p=0.0042 neg 12/14
autocorr lag2 ts_gsr W60           trend_b_shared_slope   DiD -0.0608 [-0.0879, -0.0341] p=0.0013 neg 13/14
sts tau2 ts_gsr W60                primary                DiD -0.0429 [-0.0654, -0.0204] p=0.0037 neg 12/14 | phase p=0.0010 | DMT -0.0270 (p=0.016) PCB +0.0159 (p=0.056) placebo share 0.37 | FD DiD +0.0143 (p=0.245) | FD-resid -0.0342 [-0.0500, -0.0164] p=0.0035 13/14 SURVIVES
sts tau2 ts_gsr W60                sensitivity            DiD -0.0388 [-0.0618, -0.0166] p=0.0060 neg 11/14 | phase p=0.0010 | DMT -0.0269 (p=0.014) PCB +0.0119 (p=0.125) placebo share 0.31 | FD DiD +0.0191 (p=0.108) | FD-resid -0.0292 [-0.0449, -0.0117] p=0.0071 12/14 SURVIVES
sts tau2 ts_gsr W60                early                  DiD -0.0543 [-0.0762, -0.0338] p=0.0004 neg 13/14 | phase p=0.0010 | DMT -0.0455 (p=0.000) PCB +0.0087 (p=0.266) placebo share 0.16 | FD DiD +0.0366 (p=0.010) | FD-resid -0.0427 [-0.0587, -0.0262] p=0.0006 13/14 SURVIVES
sts tau2 ts_gsr W60                late                   DiD -0.0338 [-0.0608, -0.0074] p=0.0338 neg 11/14 | phase p=0.0080 | DMT -0.0121 (p=0.305) PCB +0.0217 (p=0.022) placebo share 0.64 | FD DiD -0.0034 (p=0.807) | FD-resid -0.0274 [-0.0472, -0.0047] p=0.0330 11/14 SURVIVES
sts tau2 ts_gsr W60                trend_a_placebo_line   DiD -0.0477 [-0.0708, -0.0252] p=0.0015 neg 13/14
sts tau2 ts_gsr W60                trend_b_shared_slope   DiD -0.0536 [-0.0754, -0.0336] p=0.0005 neg 13/14
sts tau2 ts_gsr global-bins        primary                DiD -0.0485 [-0.0811, -0.0173] p=0.0098 neg 12/14 | phase p=0.0010 | DMT -0.0325 (p=0.047) PCB +0.0160 (p=0.073) placebo share 0.33 | FD DiD +0.0143 (p=0.245) | FD-resid -0.0382 [-0.0627, -0.0087] p=0.0206 12/14 SURVIVES
sts tau2 ts_gsr global-bins        sensitivity            DiD -0.0465 [-0.0792, -0.0158] p=0.0120 neg 12/14 | phase p=0.0010 | DMT -0.0334 (p=0.040) PCB +0.0131 (p=0.138) placebo share 0.28 | FD DiD +0.0174 (p=0.155) | FD-resid -0.0359 [-0.0594, -0.0071] p=0.0247 12/14 SURVIVES
sts tau2 ts_gsr global-bins        early                  DiD -0.0666 [-0.0971, -0.0375] p=0.0011 neg 12/14 | phase p=0.0010 | DMT -0.0552 (p=0.002) PCB +0.0114 (p=0.189) placebo share 0.17 | FD DiD +0.0366 (p=0.010) | FD-resid -0.0526 [-0.0756, -0.0276] p=0.0027 11/14 SURVIVES
sts tau2 ts_gsr global-bins        late                   DiD -0.0341 [-0.0727, +0.0044] p=0.1105 neg 9/14 | phase p=0.0430 | DMT -0.0143 (p=0.417) PCB +0.0198 (p=0.064) placebo share 0.58 | FD DiD -0.0034 (p=0.807) | FD-resid -0.0267 [-0.0572, +0.0081] p=0.1525 11/14 does NOT survive
sts tau2 ts_gsr global-bins        trend_a_placebo_line   DiD -0.0505 [-0.0846, -0.0185] p=0.0103 neg 13/14
sts tau2 ts_gsr global-bins        trend_b_shared_slope   DiD -0.0608 [-0.0931, -0.0304] p=0.0020 neg 13/14
   τ = 3: subject 1/14 done (412s)
   τ = 3: subject 2/14 done (424s)
   τ = 3: subject 3/14 done (435s)
   τ = 3: subject 4/14 done (447s)
   τ = 3: subject 5/14 done (459s)
   τ = 3: subject 6/14 done (470s)
   τ = 3: subject 7/14 done (482s)
   τ = 3: subject 8/14 done (493s)
   τ = 3: subject 9/14 done (505s)
   τ = 3: subject 10/14 done (516s)
   τ = 3: subject 11/14 done (528s)
   τ = 3: subject 12/14 done (540s)
   τ = 3: subject 13/14 done (552s)
   τ = 3: subject 14/14 done (563s)
autocorr lag3 ts_gsr W60           primary                DiD -0.0681 [-0.1120, -0.0213] p=0.0132 neg 11/14 | phase p=0.0020 | DMT -0.0462 (p=0.049) PCB +0.0219 (p=0.132) placebo share 0.32 | FD DiD +0.0143 (p=0.245) | FD-resid -0.0550 [-0.0889, -0.0145] p=0.0173 13/14 SURVIVES
autocorr lag3 ts_gsr W60           sensitivity            DiD -0.0595 [-0.1026, -0.0139] p=0.0258 neg 10/14 | phase p=0.0070 | DMT -0.0452 (p=0.050) PCB +0.0143 (p=0.294) placebo share 0.24 | FD DiD +0.0191 (p=0.108) | FD-resid -0.0446 [-0.0787, -0.0057] p=0.0435 12/14 SURVIVES
autocorr lag3 ts_gsr W60           early                  DiD -0.0985 [-0.1386, -0.0594] p=0.0005 neg 13/14 | phase p=0.0010 | DMT -0.0852 (p=0.001) PCB +0.0134 (p=0.386) placebo share 0.14 | FD DiD +0.0366 (p=0.010) | FD-resid -0.0767 [-0.1089, -0.0442] p=0.0010 13/14 SURVIVES
autocorr lag3 ts_gsr W60           late                   DiD -0.0437 [-0.0959, +0.0119] p=0.1506 neg 10/14 | phase p=0.0769 | DMT -0.0150 (p=0.563) PCB +0.0287 (p=0.074) placebo share 0.66 | FD DiD -0.0034 (p=0.807) | FD-resid -0.0376 [-0.0825, +0.0132] p=0.1636 11/14 does NOT survive
autocorr lag3 ts_gsr W60           trend_a_placebo_line   DiD -0.0771 [-0.1207, -0.0316] p=0.0070 neg 12/14
autocorr lag3 ts_gsr W60           trend_b_shared_slope   DiD -0.0914 [-0.1318, -0.0479] p=0.0017 neg 13/14
sts tau3 ts_gsr W60                primary                DiD -0.0043 [-0.0063, -0.0022] p=0.0018 neg 12/14 | phase p=0.0010 | DMT -0.0027 (p=0.001) PCB +0.0015 (p=0.110) placebo share 0.36 | FD DiD +0.0143 (p=0.245) | FD-resid -0.0033 [-0.0049, -0.0017] p=0.0017 12/14 SURVIVES
sts tau3 ts_gsr W60                sensitivity            DiD -0.0039 [-0.0059, -0.0020] p=0.0023 neg 12/14 | phase p=0.0010 | DMT -0.0026 (p=0.001) PCB +0.0013 (p=0.134) placebo share 0.34 | FD DiD +0.0191 (p=0.108) | FD-resid -0.0029 [-0.0044, -0.0014] p=0.0026 12/14 SURVIVES
sts tau3 ts_gsr W60                early                  DiD -0.0046 [-0.0069, -0.0025] p=0.0005 neg 12/14 | phase p=0.0010 | DMT -0.0037 (p=0.000) PCB +0.0009 (p=0.385) placebo share 0.19 | FD DiD +0.0366 (p=0.010) | FD-resid -0.0035 [-0.0055, -0.0016] p=0.0026 12/14 SURVIVES
sts tau3 ts_gsr W60                late                   DiD -0.0040 [-0.0063, -0.0017] p=0.0078 neg 12/14 | phase p=0.0010 | DMT -0.0019 (p=0.030) PCB +0.0021 (p=0.063) placebo share 0.52 | FD DiD -0.0034 (p=0.807) | FD-resid -0.0031 [-0.0049, -0.0014] p=0.0050 12/14 SURVIVES
sts tau3 ts_gsr W60                trend_a_placebo_line   DiD -0.0045 [-0.0063, -0.0028] p=0.0004 neg 13/14
sts tau3 ts_gsr W60                trend_b_shared_slope   DiD -0.0048 [-0.0064, -0.0032] p=0.0001 neg 14/14
sts tau3 ts_gsr global-bins        primary                DiD -0.0116 [-0.0185, -0.0058] p=0.0012 neg 12/14 | phase p=0.0010 | DMT -0.0081 (p=0.005) PCB +0.0035 (p=0.119) placebo share 0.30 | FD DiD +0.0143 (p=0.245) | FD-resid -0.0091 [-0.0132, -0.0048] p=0.0022 11/14 SURVIVES
sts tau3 ts_gsr global-bins        sensitivity            DiD -0.0110 [-0.0179, -0.0054] p=0.0017 neg 12/14 | phase p=0.0010 | DMT -0.0082 (p=0.004) PCB +0.0028 (p=0.201) placebo share 0.25 | FD DiD +0.0174 (p=0.155) | FD-resid -0.0084 [-0.0123, -0.0042] p=0.0028 11/14 SURVIVES
sts tau3 ts_gsr global-bins        early                  DiD -0.0143 [-0.0209, -0.0084] p=0.0006 neg 13/14 | phase p=0.0010 | DMT -0.0116 (p=0.000) PCB +0.0027 (p=0.241) placebo share 0.19 | FD DiD +0.0366 (p=0.010) | FD-resid -0.0111 [-0.0156, -0.0064] p=0.0015 11/14 SURVIVES
sts tau3 ts_gsr global-bins        late                   DiD -0.0094 [-0.0169, -0.0029] p=0.0150 neg 10/14 | phase p=0.0050 | DMT -0.0053 (p=0.064) PCB +0.0041 (p=0.117) placebo share 0.43 | FD DiD -0.0034 (p=0.807) | FD-resid -0.0074 [-0.0121, -0.0027] p=0.0116 11/14 SURVIVES
sts tau3 ts_gsr global-bins        trend_a_placebo_line   DiD -0.0124 [-0.0195, -0.0064] p=0.0006 neg 13/14
sts tau3 ts_gsr global-bins        trend_b_shared_slope   DiD -0.0138 [-0.0207, -0.0079] p=0.0004 neg 13/14
   τ = 5: subject 1/14 done (604s)
   τ = 5: subject 2/14 done (616s)
   τ = 5: subject 3/14 done (627s)
   τ = 5: subject 4/14 done (638s)
   τ = 5: subject 5/14 done (650s)
   τ = 5: subject 6/14 done (662s)
   τ = 5: subject 7/14 done (673s)
   τ = 5: subject 8/14 done (685s)
   τ = 5: subject 9/14 done (697s)
   τ = 5: subject 10/14 done (708s)
   τ = 5: subject 11/14 done (720s)
   τ = 5: subject 12/14 done (731s)
   τ = 5: subject 13/14 done (742s)
   τ = 5: subject 14/14 done (754s)
autocorr lag5 ts_gsr W60           primary                DiD -0.0108 [-0.0453, +0.0263] p=0.5670 neg 9/14 | phase p=0.5834 | DMT -0.0142 (p=0.401) PCB -0.0034 (p=0.771) placebo share -0.31 | FD DiD +0.0143 (p=0.245) | FD-resid -0.0068 [-0.0346, +0.0228] p=0.6635 9/14 does NOT survive
autocorr lag5 ts_gsr W60           sensitivity            DiD -0.0048 [-0.0388, +0.0314] p=0.7964 neg 9/14 | phase p=0.8022 | DMT -0.0107 (p=0.513) PCB -0.0059 (p=0.615) placebo share -1.22 | FD DiD +0.0191 (p=0.108) | FD-resid +0.0001 [-0.0276, +0.0300] p=0.9944 9/14 does NOT survive
autocorr lag5 ts_gsr W60           early                  DiD -0.0299 [-0.0622, +0.0009] p=0.0972 neg 9/14 | phase p=0.1868 | DMT -0.0385 (p=0.016) PCB -0.0085 (p=0.563) placebo share -0.29 | FD DiD +0.0366 (p=0.010) | FD-resid -0.0201 [-0.0512, +0.0079] p=0.2458 9/14 does NOT survive
autocorr lag5 ts_gsr W60           late                   DiD +0.0044 [-0.0415, +0.0532] p=0.8593 neg 6/14 | phase p=0.8452 | DMT +0.0051 (p=0.818) PCB +0.0007 (p=0.963) placebo share -0.16 | FD DiD -0.0034 (p=0.807) | FD-resid +0.0039 [-0.0348, +0.0462] p=0.8558 7/14 does NOT survive
autocorr lag5 ts_gsr W60           trend_a_placebo_line   DiD -0.0215 [-0.0579, +0.0163] p=0.2922 neg 9/14
autocorr lag5 ts_gsr W60           trend_b_shared_slope   DiD -0.0352 [-0.0679, -0.0008] p=0.0729 neg 11/14
sts tau5 ts_gsr W60                primary                DiD -0.0024 [-0.0073, +0.0022] p=0.3688 neg 6/14 | phase p=0.2607 | DMT -0.0008 (p=0.669) PCB +0.0016 (p=0.331) placebo share 0.67 | FD DiD +0.0143 (p=0.245) | FD-resid -0.0020 [-0.0058, +0.0017] p=0.3260 8/14 does NOT survive
sts tau5 ts_gsr W60                sensitivity            DiD -0.0029 [-0.0078, +0.0017] p=0.2689 neg 6/14 | phase p=0.1708 | DMT -0.0010 (p=0.566) PCB +0.0019 (p=0.231) placebo share 0.65 | FD DiD +0.0191 (p=0.108) | FD-resid -0.0029 [-0.0068, +0.0009] p=0.1873 8/14 does NOT survive
sts tau5 ts_gsr W60                early                  DiD +0.0004 [-0.0046, +0.0058] p=0.8794 neg 9/14 | phase p=0.8432 | DMT +0.0020 (p=0.255) PCB +0.0016 (p=0.384) placebo share -3.67 | FD DiD +0.0366 (p=0.010) | FD-resid -0.0000 [-0.0043, +0.0046] p=0.9875 6/14 does NOT survive
sts tau5 ts_gsr W60                late                   DiD -0.0046 [-0.0111, +0.0011] p=0.1697 neg 6/14 | phase p=0.0569 | DMT -0.0030 (p=0.246) PCB +0.0016 (p=0.387) placebo share 0.35 | FD DiD -0.0034 (p=0.807) | FD-resid -0.0037 [-0.0088, +0.0010] p=0.1857 8/14 does NOT survive
sts tau5 ts_gsr W60                trend_a_placebo_line   DiD -0.0012 [-0.0060, +0.0029] p=0.6401 neg 6/14
sts tau5 ts_gsr W60                trend_b_shared_slope   DiD +0.0003 [-0.0039, +0.0040] p=0.8948 neg 6/14
sts tau5 ts_gsr global-bins        primary                DiD +0.0015 [-0.0098, +0.0113] p=0.7997 neg 4/14 | phase p=0.7692 | DMT +0.0032 (p=0.552) PCB +0.0017 (p=0.532) placebo share -1.10 | FD DiD +0.0143 (p=0.245) | FD-resid +0.0011 [-0.0093, +0.0106] p=0.8411 5/14 does NOT survive
sts tau5 ts_gsr global-bins        sensitivity            DiD +0.0008 [-0.0109, +0.0105] p=0.8910 neg 4/14 | phase p=0.8521 | DMT +0.0030 (p=0.574) PCB +0.0022 (p=0.417) placebo share -2.72 | FD DiD +0.0174 (p=0.155) | FD-resid +0.0002 [-0.0107, +0.0102] p=0.9711 5/14 does NOT survive
sts tau5 ts_gsr global-bins        early                  DiD +0.0102 [+0.0028, +0.0171] p=0.0205 neg 3/14 | phase p=0.0899 | DMT +0.0125 (p=0.010) PCB +0.0022 (p=0.378) placebo share -0.22 | FD DiD +0.0366 (p=0.010) | FD-resid +0.0076 [+0.0007, +0.0150] p=0.0620 3/14 SURVIVES
sts tau5 ts_gsr global-bins        late                   DiD -0.0055 [-0.0212, +0.0081] p=0.5250 neg 8/14 | phase p=0.3437 | DMT -0.0042 (p=0.560) PCB +0.0012 (p=0.725) placebo share 0.22 | FD DiD -0.0034 (p=0.807) | FD-resid -0.0042 [-0.0191, +0.0091] p=0.5995 6/14 does NOT survive
sts tau5 ts_gsr global-bins        trend_a_placebo_line   DiD +0.0034 [-0.0083, +0.0136] p=0.5835 neg 5/14
sts tau5 ts_gsr global-bins        trend_b_shared_slope   DiD +0.0095 [-0.0007, +0.0189] p=0.0945 neg 3/14
# Lag-dependence tables (partB3_lag.py)

## Summary across τ (ts_gsr)

| τ | estimator | DMT pre r_τ (window-std.) | sts level (DMT pre) | xtx+yty level | sts DiD [CI], p, phase p, neg/14 | survives FD | r(sts DiD, lag-1 autocorr DiD) | r(sts DiD, lag-τ autocorr DiD) | r_τ DiD [CI], p | real pairs r-dominated (subj. 1, w1–4 & 6) | pair r_τ median | ∂sts/∂r ÷ ∂sts/∂q at (median r_τ, median \|q\|) |
|---|---|---|---|---|---|---|---|---|---|---|---|---|
| 1 | W60 | 0.848 | 1.1554 | 1.2398 | -0.0809 [-0.1261, -0.0377], 0.0038, 0.0020, 13 | yes | +0.953 | +0.953 | -0.0146, 0.0106 | 100.0 % | +0.853 | 32.1 |
| 1 | global-bins | 0.848 | 1.3085 | 1.3616 | -0.0801 [-0.1310, -0.0315], 0.0071, 0.0010, 12 | yes | +0.967 | +0.967 | -0.0146, 0.0106 | 100.0 % | +0.853 | 32.1 |
| 2 | W60 | 0.513 | 0.1797 | 0.2315 | -0.0429 [-0.0654, -0.0204], 0.0037, 0.0010, 12 | yes | +0.952 | +0.970 | -0.0468, 0.0090 | 100.0 % | +0.486 | 20.7 |
| 2 | global-bins | 0.513 | 0.2805 | 0.3213 | -0.0485 [-0.0811, -0.0173], 0.0098, 0.0010, 12 | yes | +0.962 | +0.963 | -0.0468, 0.0090 | 100.0 % | +0.486 | 20.7 |
| 3 | W60 | 0.139 | 0.0262 | 0.0245 | -0.0043 [-0.0063, -0.0022], 0.0018, 0.0010, 12 | yes | +0.675 | +0.626 | -0.0681, 0.0132 | 97.7 % | +0.076 | 97.5 |
| 3 | global-bins | 0.139 | 0.0156 | 0.0292 | -0.0116 [-0.0185, -0.0058], 0.0012, 0.0010, 12 | yes | +0.911 | +0.885 | -0.0681, 0.0132 | 97.7 % | +0.076 | 97.5 |
| 5 | W60 | -0.202 | 0.0415 | 0.0452 | -0.0024 [-0.0073, +0.0022], 0.3688, 0.2607, 6 | no | -0.371 | -0.832 | -0.0108, 0.5670 | 99.5 % | -0.275 | 30.9 |
| 5 | global-bins | -0.202 | 0.0230 | 0.0328 | +0.0015 [-0.0098, +0.0113], 0.7997, 0.7692, 4 | no | -0.671 | -0.912 | -0.0108, 0.5670 | 99.5 % | -0.275 | 30.9 |

Scope map re-evaluated on r ∈ [−0.95, 0.95] × q ∈ [−0.95, 0.95]: r-dominated 99.5 %, q-dominated 0.0 %, flat 0.5 % of cells; q-dominated cells lie at |r| ≤ 0.00.

| r (lag-τ autocorrelation) | model sts at |q| = 0.25 | ∂sts/∂r | ∂sts/∂q | ratio |
|---|---|---|---|---|
| -0.30 | 0.0915 | -0.640 | -0.023 | 28.3 |
| -0.20 | 0.0396 | -0.404 | -0.010 | 40.3 |
| -0.10 | 0.0097 | -0.196 | -0.003 | 78.3 |
| +0.00 | 0.0000 | +0.000 | +0.000 | inf |
| +0.10 | 0.0097 | +0.196 | -0.003 | 78.3 |
| +0.15 | 0.0221 | +0.298 | -0.006 | 52.8 |
| +0.20 | 0.0396 | +0.404 | -0.010 | 40.3 |
| +0.30 | 0.0915 | +0.640 | -0.023 | 28.3 |
| +0.50 | 0.2798 | +1.302 | -0.063 | 20.5 |
| +0.85 | 1.2588 | +6.071 | -0.189 | 32.1 |

τ = 1: subject-1 pairs (both runs, windows 1–4 and 6): r_τ median +0.853 (5–95 % +0.800–+0.896), |q| median 0.245; r-dominated 100.0 %, q-dominated 0.0 %, flat 0.0 %; ∂sts/∂r = +6.071, ∂sts/∂q = -0.189 at the medians

## τ = 1, W60: 16-atom DMT pre level and primary DiD (τ = 1 MMI in brackets)

| atom | level τ | DiD τ (neg/14) |
|---|---|---|
| rtr | +0.0388 (+0.0388) | -0.0078 (10) [-0.0078] |
| rtx | +0.0258 (+0.0258) | -0.0012 (9) [-0.0012] |
| rty | +0.0254 (+0.0254) | -0.0012 (9) [-0.0012] |
| rts | +0.5669 (+0.5669) | -0.0407 (12) [-0.0407] |
| xtr | +0.0254 (+0.0254) | -0.0012 (9) [-0.0012] |
| xtx | +0.6273 (+0.6273) | -0.0523 (12) [-0.0523] |
| xty | -0.0254 (-0.0254) | +0.0012 (5) [+0.0012] |
| xts | -0.5352 (-0.5352) | +0.0399 (2) [+0.0399] |
| ytr | +0.0258 (+0.0258) | -0.0012 (9) [-0.0012] |
| ytx | -0.0258 (-0.0258) | +0.0012 (5) [+0.0012] |
| yty | +0.6125 (+0.6125) | -0.0396 (13) [-0.0396] |
| yts | -0.5358 (-0.5358) | +0.0404 (2) [+0.0404] |
| str | +0.5667 (+0.5667) | -0.0408 (12) [-0.0408] |
| stx | -0.5350 (-0.5350) | +0.0401 (2) [+0.0401] |
| sty | -0.5357 (-0.5357) | +0.0403 (2) [+0.0403] |
| sts | +1.1554 (+1.1554) | -0.0809 (13) [-0.0809] |
done (784s)
=== 2026-09-16 13:34:06  notes/partB4_diagnostic.py
   ts_gsr W60: subject 1/14 done (9s)
   ts_gsr W60: subject 2/14 done (17s)
   ts_gsr W60: subject 3/14 done (25s)
   ts_gsr W60: subject 4/14 done (34s)
   ts_gsr W60: subject 5/14 done (42s)
   ts_gsr W60: subject 6/14 done (51s)
   ts_gsr W60: subject 7/14 done (59s)
   ts_gsr W60: subject 8/14 done (67s)
   ts_gsr W60: subject 9/14 done (75s)
   ts_gsr W60: subject 10/14 done (83s)
   ts_gsr W60: subject 11/14 done (92s)
   ts_gsr W60: subject 12/14 done (100s)
   ts_gsr W60: subject 13/14 done (109s)
   ts_gsr W60: subject 14/14 done (117s)
diag observed sts ts_gsr W60       primary                DiD -0.0809 [-0.1261, -0.0377] p=0.0038 neg 13/14 | phase p=0.0020 | DMT -0.0485 (p=0.027) PCB +0.0324 (p=0.042) placebo share 0.40 | FD DiD +0.0143 (p=0.245) | FD-resid -0.0649 [-0.0966, -0.0289] p=0.0048 13/14 SURVIVES
diag observed sts ts_gsr W60       sensitivity            DiD -0.0733 [-0.1180, -0.0291] p=0.0070 neg 12/14 | phase p=0.0020 | DMT -0.0491 (p=0.023) PCB +0.0242 (p=0.104) placebo share 0.33 | FD DiD +0.0191 (p=0.108) | FD-resid -0.0555 [-0.0864, -0.0210] p=0.0100 13/14 SURVIVES
diag observed sts ts_gsr W60       early                  DiD -0.1029 [-0.1464, -0.0601] p=0.0009 neg 13/14 | phase p=0.0010 | DMT -0.0842 (p=0.001) PCB +0.0187 (p=0.221) placebo share 0.18 | FD DiD +0.0366 (p=0.010) | FD-resid -0.0806 [-0.1151, -0.0455] p=0.0018 12/14 SURVIVES
diag observed sts ts_gsr W60       late                   DiD -0.0633 [-0.1147, -0.0118] p=0.0337 neg 10/14 | phase p=0.0060 | DMT -0.0199 (p=0.388) PCB +0.0434 (p=0.014) placebo share 0.69 | FD DiD -0.0034 (p=0.807) | FD-resid -0.0523 [-0.0909, -0.0078] p=0.0345 11/14 SURVIVES
diag observed sts ts_gsr W60       trend_a_placebo_line   DiD -0.0890 [-0.1347, -0.0461] p=0.0021 neg 13/14
diag observed sts ts_gsr W60       trend_b_shared_slope   DiD -0.0995 [-0.1424, -0.0599] p=0.0007 neg 13/14
diag predicted sts ts_gsr W60      primary                DiD -0.0924 [-0.1444, -0.0414] p=0.0037 neg 13/14 | DMT -0.0562 (p=0.030) PCB +0.0362 (p=0.043) placebo share 0.39 | FD DiD +0.0143 (p=0.245) | FD-resid -0.0749 [-0.1113, -0.0323] p=0.0055 13/14 SURVIVES
diag predicted sts ts_gsr W60      sensitivity            DiD -0.0842 [-0.1358, -0.0337] p=0.0068 neg 12/14 | DMT -0.0568 (p=0.026) PCB +0.0274 (p=0.110) placebo share 0.33 | FD DiD +0.0191 (p=0.108) | FD-resid -0.0647 [-0.1015, -0.0217] p=0.0111 13/14 SURVIVES
diag predicted sts ts_gsr W60      early                  DiD -0.1208 [-0.1698, -0.0726] p=0.0006 neg 13/14 | DMT -0.0972 (p=0.001) PCB +0.0236 (p=0.185) placebo share 0.20 | FD DiD +0.0366 (p=0.010) | FD-resid -0.0947 [-0.1321, -0.0551] p=0.0011 13/14 SURVIVES
diag predicted sts ts_gsr W60      late                   DiD -0.0697 [-0.1313, -0.0102] p=0.0476 neg 11/14 | DMT -0.0234 (p=0.399) PCB +0.0463 (p=0.020) placebo share 0.66 | FD DiD -0.0034 (p=0.807) | FD-resid -0.0590 [-0.1055, -0.0061] p=0.0491 11/14 SURVIVES
diag predicted sts ts_gsr W60      trend_a_placebo_line   DiD -0.0997 [-0.1508, -0.0498] p=0.0024 neg 13/14
diag predicted sts ts_gsr W60      trend_b_shared_slope   DiD -0.1130 [-0.1599, -0.0683] p=0.0009 neg 13/14
diag residual sts ts_gsr W60       primary                DiD +0.0115 [+0.0021, +0.0211] p=0.0422 neg 4/14 | phase p=0.0190 | DMT +0.0077 (p=0.080) PCB -0.0038 (p=0.193) placebo share 0.33 | FD DiD +0.0143 (p=0.245) | FD-resid +0.0100 [+0.0008, +0.0185] p=0.0580 3/14 SURVIVES
diag residual sts ts_gsr W60       sensitivity            DiD +0.0108 [+0.0013, +0.0200] p=0.0491 neg 4/14 | phase p=0.0300 | DMT +0.0077 (p=0.081) PCB -0.0032 (p=0.252) placebo share 0.29 | FD DiD +0.0191 (p=0.108) | FD-resid +0.0092 [+0.0002, +0.0172] p=0.0674 4/14 SURVIVES
diag residual sts ts_gsr W60       early                  DiD +0.0179 [+0.0099, +0.0260] p=0.0012 neg 2/14 | phase p=0.0030 | DMT +0.0130 (p=0.003) PCB -0.0049 (p=0.169) placebo share 0.27 | FD DiD +0.0366 (p=0.010) | FD-resid +0.0141 [+0.0063, +0.0212] p=0.0049 2/14 SURVIVES
diag residual sts ts_gsr W60       late                   DiD +0.0064 [-0.0058, +0.0183] p=0.3243 neg 5/14 | phase p=0.2408 | DMT +0.0035 (p=0.484) PCB -0.0030 (p=0.347) placebo share 0.46 | FD DiD -0.0034 (p=0.807) | FD-resid +0.0067 [-0.0050, +0.0174] p=0.2733 4/14 does NOT survive
diag residual sts ts_gsr W60       trend_a_placebo_line   DiD +0.0106 [+0.0015, +0.0200] p=0.0538 neg 5/14
diag residual sts ts_gsr W60       trend_b_shared_slope   DiD +0.0134 [+0.0053, +0.0218] p=0.0089 neg 3/14
   ts_gsr W30: subject 1/14 done (145s)
   ts_gsr W30: subject 2/14 done (156s)
   ts_gsr W30: subject 3/14 done (169s)
   ts_gsr W30: subject 4/14 done (181s)
   ts_gsr W30: subject 5/14 done (193s)
   ts_gsr W30: subject 6/14 done (205s)
   ts_gsr W30: subject 7/14 done (217s)
   ts_gsr W30: subject 8/14 done (229s)
   ts_gsr W30: subject 9/14 done (241s)
   ts_gsr W30: subject 10/14 done (253s)
   ts_gsr W30: subject 11/14 done (265s)
   ts_gsr W30: subject 12/14 done (276s)
   ts_gsr W30: subject 13/14 done (288s)
   ts_gsr W30: subject 14/14 done (300s)
diag observed sts ts_gsr W30       primary                DiD -0.0686 [-0.1084, -0.0293] p=0.0042 neg 13/14 | phase p=0.0010 | DMT -0.0390 (p=0.035) PCB +0.0296 (p=0.027) placebo share 0.43 | FD DiD +0.0143 (p=0.245) | FD-resid -0.0545 [-0.0836, -0.0215] p=0.0065 13/14 SURVIVES
diag observed sts ts_gsr W30       sensitivity            DiD -0.0658 [-0.1072, -0.0261] p=0.0067 neg 12/14 | phase p=0.0010 | DMT -0.0407 (p=0.031) PCB +0.0252 (p=0.049) placebo share 0.38 | FD DiD +0.0174 (p=0.155) | FD-resid -0.0514 [-0.0799, -0.0179] p=0.0109 12/14 SURVIVES
diag observed sts ts_gsr W30       early                  DiD -0.0839 [-0.1267, -0.0451] p=0.0012 neg 13/14 | phase p=0.0010 | DMT -0.0686 (p=0.002) PCB +0.0154 (p=0.236) placebo share 0.18 | FD DiD +0.0366 (p=0.010) | FD-resid -0.0678 [-0.0978, -0.0364] p=0.0020 12/14 SURVIVES
diag observed sts ts_gsr W30       late                   DiD -0.0564 [-0.1024, -0.0118] p=0.0321 neg 11/14 | phase p=0.0080 | DMT -0.0154 (p=0.444) PCB +0.0410 (p=0.005) placebo share 0.73 | FD DiD -0.0034 (p=0.807) | FD-resid -0.0439 [-0.0783, -0.0035] p=0.0474 11/14 SURVIVES
diag observed sts ts_gsr W30       trend_a_placebo_line   DiD -0.0766 [-0.1147, -0.0386] p=0.0021 neg 13/14
diag observed sts ts_gsr W30       trend_b_shared_slope   DiD -0.0849 [-0.1225, -0.0495] p=0.0010 neg 13/14
diag predicted sts ts_gsr W30      primary                DiD -0.0869 [-0.1368, -0.0373] p=0.0046 neg 12/14 | DMT -0.0513 (p=0.032) PCB +0.0356 (p=0.033) placebo share 0.41 | FD DiD +0.0143 (p=0.245) | FD-resid -0.0693 [-0.1062, -0.0262] p=0.0085 13/14 SURVIVES
diag predicted sts ts_gsr W30      sensitivity            DiD -0.0846 [-0.1349, -0.0351] p=0.0062 neg 12/14 | DMT -0.0541 (p=0.025) PCB +0.0306 (p=0.054) placebo share 0.36 | FD DiD +0.0174 (p=0.155) | FD-resid -0.0666 [-0.1032, -0.0232] p=0.0116 12/14 SURVIVES
diag predicted sts ts_gsr W30      early                  DiD -0.1102 [-0.1586, -0.0638] p=0.0007 neg 13/14 | DMT -0.0882 (p=0.002) PCB +0.0220 (p=0.182) placebo share 0.20 | FD DiD +0.0366 (p=0.010) | FD-resid -0.0880 [-0.1245, -0.0494] p=0.0016 12/14 SURVIVES
diag predicted sts ts_gsr W30      late                   DiD -0.0682 [-0.1262, -0.0107] p=0.0424 neg 11/14 | DMT -0.0218 (p=0.403) PCB +0.0465 (p=0.010) placebo share 0.68 | FD DiD -0.0034 (p=0.807) | FD-resid -0.0543 [-0.0990, -0.0026] p=0.0594 11/14 SURVIVES
diag predicted sts ts_gsr W30      trend_a_placebo_line   DiD -0.0939 [-0.1417, -0.0466] p=0.0026 neg 13/14
diag predicted sts ts_gsr W30      trend_b_shared_slope   DiD -0.1058 [-0.1503, -0.0630] p=0.0007 neg 13/14
diag residual sts ts_gsr W30       primary                DiD +0.0182 [+0.0066, +0.0299] p=0.0137 neg 2/14 | phase p=0.0040 | DMT +0.0123 (p=0.036) PCB -0.0060 (p=0.118) placebo share 0.33 | FD DiD +0.0143 (p=0.245) | FD-resid +0.0148 [+0.0028, +0.0258] p=0.0325 3/14 SURVIVES
diag residual sts ts_gsr W30       sensitivity            DiD +0.0188 [+0.0071, +0.0305] p=0.0116 neg 2/14 | phase p=0.0020 | DMT +0.0134 (p=0.024) PCB -0.0054 (p=0.152) placebo share 0.29 | FD DiD +0.0174 (p=0.155) | FD-resid +0.0152 [+0.0035, +0.0259] p=0.0265 3/14 SURVIVES
diag residual sts ts_gsr W30       early                  DiD +0.0263 [+0.0161, +0.0372] p=0.0005 neg 1/14 | phase p=0.0010 | DMT +0.0197 (p=0.001) PCB -0.0066 (p=0.161) placebo share 0.25 | FD DiD +0.0366 (p=0.010) | FD-resid +0.0202 [+0.0092, +0.0305] p=0.0045 2/14 SURVIVES
diag residual sts ts_gsr W30       late                   DiD +0.0118 [-0.0022, +0.0257] p=0.1385 neg 5/14 | phase p=0.0839 | DMT +0.0064 (p=0.317) PCB -0.0055 (p=0.157) placebo share 0.46 | FD DiD -0.0034 (p=0.807) | FD-resid +0.0104 [-0.0040, +0.0232] p=0.1654 4/14 does NOT survive
diag residual sts ts_gsr W30       trend_a_placebo_line   DiD +0.0172 [+0.0057, +0.0285] p=0.0150 neg 3/14
diag residual sts ts_gsr W30       trend_b_shared_slope   DiD +0.0208 [+0.0103, +0.0315] p=0.0031 neg 2/14
   ts_demean W60: subject 1/14 done (336s)
   ts_demean W60: subject 2/14 done (344s)
   ts_demean W60: subject 3/14 done (352s)
   ts_demean W60: subject 4/14 done (360s)
   ts_demean W60: subject 5/14 done (368s)
   ts_demean W60: subject 6/14 done (376s)
   ts_demean W60: subject 7/14 done (385s)
   ts_demean W60: subject 8/14 done (393s)
   ts_demean W60: subject 9/14 done (401s)
   ts_demean W60: subject 10/14 done (409s)
   ts_demean W60: subject 11/14 done (417s)
   ts_demean W60: subject 12/14 done (426s)
   ts_demean W60: subject 13/14 done (434s)
   ts_demean W60: subject 14/14 done (442s)
diag observed sts ts_demean W60    primary                DiD -0.1031 [-0.1558, -0.0522] p=0.0026 neg 12/14 | phase p=0.0010 | DMT -0.0633 (p=0.033) PCB +0.0398 (p=0.031) placebo share 0.39 | FD DiD +0.0143 (p=0.245) | FD-resid -0.0824 [-0.1224, -0.0372] p=0.0048 13/14 SURVIVES
diag observed sts ts_demean W60    sensitivity            DiD -0.0935 [-0.1431, -0.0426] p=0.0039 neg 12/14 | phase p=0.0010 | DMT -0.0621 (p=0.030) PCB +0.0314 (p=0.064) placebo share 0.34 | FD DiD +0.0191 (p=0.108) | FD-resid -0.0714 [-0.1106, -0.0298] p=0.0073 12/14 SURVIVES
diag observed sts ts_demean W60    early                  DiD -0.1183 [-0.1673, -0.0679] p=0.0012 neg 13/14 | phase p=0.0010 | DMT -0.0975 (p=0.003) PCB +0.0208 (p=0.177) placebo share 0.18 | FD DiD +0.0366 (p=0.010) | FD-resid -0.0953 [-0.1394, -0.0518] p=0.0020 13/14 SURVIVES
diag observed sts ts_demean W60    late                   DiD -0.0910 [-0.1522, -0.0319] p=0.0128 neg 11/14 | phase p=0.0030 | DMT -0.0360 (p=0.245) PCB +0.0550 (p=0.012) placebo share 0.60 | FD DiD -0.0034 (p=0.807) | FD-resid -0.0721 [-0.1229, -0.0177] p=0.0233 11/14 SURVIVES
diag observed sts ts_demean W60    trend_a_placebo_line   DiD -0.1126 [-0.1690, -0.0595] p=0.0018 neg 13/14
diag observed sts ts_demean W60    trend_b_shared_slope   DiD -0.1193 [-0.1736, -0.0683] p=0.0012 neg 13/14
diag predicted sts ts_demean W60   primary                DiD -0.1213 [-0.1776, -0.0631] p=0.0022 neg 12/14 | DMT -0.0706 (p=0.039) PCB +0.0508 (p=0.021) placebo share 0.42 | FD DiD +0.0143 (p=0.245) | FD-resid -0.0990 [-0.1434, -0.0473] p=0.0033 13/14 SURVIVES
diag predicted sts ts_demean W60   sensitivity            DiD -0.1071 [-0.1615, -0.0530] p=0.0035 neg 11/14 | DMT -0.0647 (p=0.043) PCB +0.0424 (p=0.038) placebo share 0.40 | FD DiD +0.0191 (p=0.108) | FD-resid -0.0847 [-0.1273, -0.0354] p=0.0065 12/14 SURVIVES
diag predicted sts ts_demean W60   early                  DiD -0.1365 [-0.1865, -0.0847] p=0.0006 neg 13/14 | DMT -0.1050 (p=0.004) PCB +0.0315 (p=0.080) placebo share 0.23 | FD DiD +0.0366 (p=0.010) | FD-resid -0.1162 [-0.1624, -0.0689] p=0.0007 13/14 SURVIVES
diag predicted sts ts_demean W60   late                   DiD -0.1092 [-0.1786, -0.0388] p=0.0118 neg 11/14 | DMT -0.0430 (p=0.235) PCB +0.0662 (p=0.011) placebo share 0.61 | FD DiD -0.0034 (p=0.807) | FD-resid -0.0853 [-0.1443, -0.0207] p=0.0253 11/14 SURVIVES
diag predicted sts ts_demean W60   trend_a_placebo_line   DiD -0.1274 [-0.1889, -0.0671] p=0.0021 neg 12/14
diag predicted sts ts_demean W60   trend_b_shared_slope   DiD -0.1335 [-0.1922, -0.0751] p=0.0013 neg 13/14
diag residual sts ts_demean W60    primary                DiD +0.0182 [+0.0089, +0.0277] p=0.0040 neg 2/14 | phase p=0.0180 | DMT +0.0072 (p=0.243) PCB -0.0110 (p=0.027) placebo share 0.60 | FD DiD +0.0143 (p=0.245) | FD-resid +0.0166 [+0.0070, +0.0255] p=0.0070 2/14 SURVIVES
diag residual sts ts_demean W60    sensitivity            DiD +0.0136 [+0.0041, +0.0231] p=0.0161 neg 2/14 | phase p=0.0939 | DMT +0.0026 (p=0.666) PCB -0.0109 (p=0.033) placebo share 0.81 | FD DiD +0.0191 (p=0.108) | FD-resid +0.0133 [+0.0042, +0.0221] p=0.0170 2/14 SURVIVES
diag residual sts ts_demean W60    early                  DiD +0.0183 [+0.0128, +0.0234] p=0.0001 neg 0/14 | phase p=0.0509 | DMT +0.0075 (p=0.155) PCB -0.0107 (p=0.021) placebo share 0.59 | FD DiD +0.0366 (p=0.010) | FD-resid +0.0208 [+0.0147, +0.0275] p=0.0001 0/14 SURVIVES
diag residual sts ts_demean W60    late                   DiD +0.0182 [+0.0036, +0.0329] p=0.0321 neg 4/14 | phase p=0.0320 | DMT +0.0070 (p=0.344) PCB -0.0112 (p=0.057) placebo share 0.62 | FD DiD -0.0034 (p=0.807) | FD-resid +0.0132 [-0.0008, +0.0270] p=0.0936 3/14 does NOT survive
diag residual sts ts_demean W60    trend_a_placebo_line   DiD +0.0148 [+0.0049, +0.0249] p=0.0164 neg 3/14
diag residual sts ts_demean W60    trend_b_shared_slope   DiD +0.0142 [+0.0049, +0.0238] p=0.0138 neg 3/14
   ts_demean W30: subject 1/14 done (470s)
   ts_demean W30: subject 2/14 done (482s)
   ts_demean W30: subject 3/14 done (493s)
   ts_demean W30: subject 4/14 done (505s)
   ts_demean W30: subject 5/14 done (517s)
   ts_demean W30: subject 6/14 done (529s)
   ts_demean W30: subject 7/14 done (542s)
   ts_demean W30: subject 8/14 done (554s)
   ts_demean W30: subject 9/14 done (567s)
   ts_demean W30: subject 10/14 done (580s)
   ts_demean W30: subject 11/14 done (592s)
   ts_demean W30: subject 12/14 done (604s)
   ts_demean W30: subject 13/14 done (616s)
   ts_demean W30: subject 14/14 done (629s)
diag observed sts ts_demean W30    primary                DiD -0.0877 [-0.1310, -0.0427] p=0.0029 neg 13/14 | phase p=0.0010 | DMT -0.0519 (p=0.031) PCB +0.0358 (p=0.015) placebo share 0.41 | FD DiD +0.0143 (p=0.245) | FD-resid -0.0700 [-0.1060, -0.0294] p=0.0070 13/14 SURVIVES
diag observed sts ts_demean W30    sensitivity            DiD -0.0855 [-0.1307, -0.0402] p=0.0037 neg 12/14 | phase p=0.0010 | DMT -0.0534 (p=0.026) PCB +0.0322 (p=0.024) placebo share 0.38 | FD DiD +0.0174 (p=0.155) | FD-resid -0.0677 [-0.1036, -0.0263] p=0.0078 13/14 SURVIVES
diag observed sts ts_demean W30    early                  DiD -0.0985 [-0.1453, -0.0525] p=0.0018 neg 13/14 | phase p=0.0010 | DMT -0.0791 (p=0.003) PCB +0.0194 (p=0.143) placebo share 0.20 | FD DiD +0.0366 (p=0.010) | FD-resid -0.0793 [-0.1168, -0.0393] p=0.0028 13/14 SURVIVES
diag observed sts ts_demean W30    late                   DiD -0.0790 [-0.1298, -0.0293] p=0.0114 neg 11/14 | phase p=0.0030 | DMT -0.0301 (p=0.237) PCB +0.0489 (p=0.005) placebo share 0.62 | FD DiD -0.0034 (p=0.807) | FD-resid -0.0626 [-0.1071, -0.0130] p=0.0282 11/14 SURVIVES
diag observed sts ts_demean W30    trend_a_placebo_line   DiD -0.0951 [-0.1398, -0.0506] p=0.0016 neg 13/14
diag observed sts ts_demean W30    trend_b_shared_slope   DiD -0.0992 [-0.1434, -0.0559] p=0.0011 neg 13/14
diag predicted sts ts_demean W30   primary                DiD -0.1136 [-0.1648, -0.0596] p=0.0021 neg 12/14 | DMT -0.0653 (p=0.031) PCB +0.0482 (p=0.010) placebo share 0.42 | FD DiD +0.0143 (p=0.245) | FD-resid -0.0932 [-0.1358, -0.0415] p=0.0045 12/14 SURVIVES
diag predicted sts ts_demean W30   sensitivity            DiD -0.1097 [-0.1614, -0.0570] p=0.0026 neg 12/14 | DMT -0.0657 (p=0.031) PCB +0.0440 (p=0.017) placebo share 0.40 | FD DiD +0.0174 (p=0.155) | FD-resid -0.0898 [-0.1325, -0.0382] p=0.0054 12/14 SURVIVES
diag predicted sts ts_demean W30   early                  DiD -0.1257 [-0.1724, -0.0757] p=0.0007 neg 13/14 | DMT -0.0951 (p=0.004) PCB +0.0306 (p=0.051) placebo share 0.24 | FD DiD +0.0366 (p=0.010) | FD-resid -0.1066 [-0.1496, -0.0616] p=0.0011 13/14 SURVIVES
diag predicted sts ts_demean W30   late                   DiD -0.1038 [-0.1659, -0.0393] p=0.0098 neg 11/14 | DMT -0.0415 (p=0.197) PCB +0.0623 (p=0.006) placebo share 0.60 | FD DiD -0.0034 (p=0.807) | FD-resid -0.0824 [-0.1383, -0.0193] p=0.0250 11/14 SURVIVES
diag predicted sts ts_demean W30   trend_a_placebo_line   DiD -0.1183 [-0.1733, -0.0635] p=0.0018 neg 13/14
diag predicted sts ts_demean W30   trend_b_shared_slope   DiD -0.1230 [-0.1751, -0.0701] p=0.0013 neg 13/14
diag residual sts ts_demean W30    primary                DiD +0.0259 [+0.0135, +0.0383] p=0.0020 neg 3/14 | phase p=0.0090 | DMT +0.0134 (p=0.097) PCB -0.0124 (p=0.044) placebo share 0.48 | FD DiD +0.0143 (p=0.245) | FD-resid +0.0231 [+0.0109, +0.0336] p=0.0038 2/14 SURVIVES
diag residual sts ts_demean W30    sensitivity            DiD +0.0242 [+0.0122, +0.0364] p=0.0023 neg 3/14 | phase p=0.0130 | DMT +0.0123 (p=0.122) PCB -0.0119 (p=0.056) placebo share 0.49 | FD DiD +0.0174 (p=0.155) | FD-resid +0.0221 [+0.0102, +0.0324] p=0.0043 2/14 SURVIVES
diag residual sts ts_demean W30    early                  DiD +0.0272 [+0.0190, +0.0351] p=0.0002 neg 1/14 | phase p=0.0180 | DMT +0.0159 (p=0.030) PCB -0.0112 (p=0.063) placebo share 0.41 | FD DiD +0.0366 (p=0.010) | FD-resid +0.0273 [+0.0183, +0.0366] p=0.0004 1/14 SURVIVES
diag residual sts ts_demean W30    late                   DiD +0.0248 [+0.0084, +0.0419] p=0.0171 neg 4/14 | phase p=0.0290 | DMT +0.0114 (p=0.226) PCB -0.0134 (p=0.052) placebo share 0.54 | FD DiD -0.0034 (p=0.807) | FD-resid +0.0198 [+0.0027, +0.0357] p=0.0430 3/14 SURVIVES
diag residual sts ts_demean W30    trend_a_placebo_line   DiD +0.0232 [+0.0101, +0.0364] p=0.0054 neg 3/14
diag residual sts ts_demean W30    trend_b_shared_slope   DiD +0.0238 [+0.0112, +0.0367] p=0.0045 neg 2/14
# Diagnostic tables (partB4_diagnostic.py)

## ts_gsr, W = 60

Levels (all subjects, runs, windows): observed sts 1.1377, predicted (AR(1) from a_x, a_y, q) 1.1865, residual -0.0489 (-4.3 % of observed); SD of the residual across subject × run × window 0.0161 vs SD of observed 0.0790; symmetric-a prediction 1.3212.
Per-pair R² of predicted vs observed sts within a window: mean 0.796 (min 0.553, max 0.887). AR(1) lag-1 cross-correlation check: mean |corr(x_t, y_(t+1)) − a_y q| = 0.0906; correlation across pairs between observed and model lag-1 cross-correlations, mean 0.933 (min 0.867).
Subject 1 DMT window 2: pair-level r(obs, pred) = +0.885; obs mean 1.0807 SD 0.2250; pred mean 1.1443 SD 0.2037; residual mean -0.0635 SD 0.1050; r(residual, mean a) = -0.244, r(residual, |q|) = -0.522, r(residual, |a_x − a_y|) = +0.111
Subject 1 DMT window 6: pair-level r(obs, pred) = +0.914; obs mean 1.0314 SD 0.2079; pred mean 1.0698 SD 0.1939; residual mean -0.0384 SD 0.0845; r(residual, mean a) = -0.151, r(residual, |q|) = -0.399, r(residual, |a_x − a_y|) = +0.038
Subject 1 PCB window 2: pair-level r(obs, pred) = +0.903; obs mean 1.0669 SD 0.2121; pred mean 1.1047 SD 0.1947; residual mean -0.0378 SD 0.0914; r(residual, mean a) = -0.175, r(residual, |q|) = -0.376, r(residual, |a_x − a_y|) = +0.008
Subject 1 PCB window 6: pair-level r(obs, pred) = +0.893; obs mean 1.0796 SD 0.1992; pred mean 1.1240 SD 0.1761; residual mean -0.0444 SD 0.0897; r(residual, mean a) = -0.133, r(residual, |q|) = -0.428, r(residual, |a_x − a_y|) = +0.010
Primary DiD: observed -0.0809, predicted -0.0924 (114 % of observed), residual +0.0115. Per subject: r(residual DiD, autocorrelation contrast) = -0.780 (Spearman -0.635); r(predicted DiD, autocorrelation contrast) = +0.976; r(observed DiD, autocorrelation contrast) = +0.953; r(predicted DiD, observed DiD) = +0.989; r(residual DiD, observed DiD) = -0.632; residual DiD negative in 4/14.
Per-subject residual DiDs: [ 0.0367 -0.0029  0.0178  0.0116 -0.0076  0.0284  0.0105  0.0474  0.0252 -0.0126  0.0099  0.0064  0.0127 -0.0222]
Group-mean window series: observed DMT [1.163 1.145 1.139 1.176 1.100 1.047 1.069 1.079 1.090 1.101 1.130 1.127 1.140 1.179]; predicted DMT [1.207 1.200 1.192 1.235 1.146 1.081 1.108 1.122 1.134 1.151 1.176 1.175 1.191 1.232]; residual DMT [-0.045 -0.055 -0.053 -0.059 -0.046 -0.034 -0.039 -0.042 -0.045 -0.050 -0.046 -0.048 -0.051 -0.053]; residual PCB [-0.041 -0.043 -0.057 -0.051 -0.045 -0.056 -0.048 -0.051 -0.056 -0.054 -0.051 -0.046 -0.052 -0.050]

## ts_gsr, W = 30

Levels (all subjects, runs, windows): observed sts 1.0082, predicted (AR(1) from a_x, a_y, q) 1.1062, residual -0.0980 (-9.7 % of observed); SD of the residual across subject × run × window 0.0281 vs SD of observed 0.0811; symmetric-a prediction 1.2706.
Per-pair R² of predicted vs observed sts within a window: mean 0.622 (min 0.289, max 0.762). AR(1) lag-1 cross-correlation check: mean |corr(x_t, y_(t+1)) − a_y q| = 0.1283; correlation across pairs between observed and model lag-1 cross-correlations, mean 0.912 (min 0.817).
Subject 1 DMT window 2: pair-level r(obs, pred) = +0.785; obs mean 0.9474 SD 0.2851; pred mean 1.0294 SD 0.2373; residual mean -0.0820 SD 0.1773; r(residual, mean a) = -0.209, r(residual, |q|) = -0.372, r(residual, |a_x − a_y|) = +0.032
Subject 1 DMT window 6: pair-level r(obs, pred) = +0.782; obs mean 0.9852 SD 0.3115; pred mean 1.1143 SD 0.2446; residual mean -0.1290 SD 0.1940; r(residual, mean a) = -0.182, r(residual, |q|) = -0.467, r(residual, |a_x − a_y|) = +0.062
Subject 1 PCB window 2: pair-level r(obs, pred) = +0.806; obs mean 1.0301 SD 0.2952; pred mean 1.0922 SD 0.2495; residual mean -0.0621 SD 0.1753; r(residual, mean a) = -0.174, r(residual, |q|) = -0.352, r(residual, |a_x − a_y|) = +0.058
Subject 1 PCB window 6: pair-level r(obs, pred) = +0.848; obs mean 0.9596 SD 0.3044; pred mean 1.0285 SD 0.2741; residual mean -0.0689 SD 0.1620; r(residual, mean a) = -0.160, r(residual, |q|) = -0.362, r(residual, |a_x − a_y|) = +0.085
Primary DiD: observed -0.0686, predicted -0.0869 (127 % of observed), residual +0.0182. Per subject: r(residual DiD, autocorrelation contrast) = -0.825 (Spearman -0.767); r(predicted DiD, autocorrelation contrast) = +0.975; r(observed DiD, autocorrelation contrast) = +0.958; r(predicted DiD, observed DiD) = +0.987; r(residual DiD, observed DiD) = -0.729; residual DiD negative in 2/14.
Per-subject residual DiDs: [ 0.0516  0.0019  0.0324  0.0230 -0.0122  0.0334  0.0155  0.0569  0.0424  0.0020  0.0148  0.0027  0.0152 -0.0241]
Group-mean window series: observed DMT [1.057 1.001 1.014 1.019 1.008 1.007 1.026 1.046 1.002 0.952 0.917 0.942 0.945 0.958 0.962 0.964 0.960 0.982 0.966 0.988 0.990 1.004 0.998 1.001 1.024 1.005 1.054 1.039]; predicted DMT [1.156 1.090 1.120 1.126 1.101 1.115 1.140 1.159 1.104 1.022 0.988 1.023 1.029 1.042 1.052 1.047 1.050 1.070 1.056 1.091 1.079 1.100 1.093 1.096 1.121 1.106 1.157 1.142]; residual DMT [-0.099 -0.089 -0.106 -0.107 -0.093 -0.109 -0.113 -0.113 -0.102 -0.071 -0.071 -0.081 -0.084 -0.084 -0.089 -0.083 -0.090 -0.088 -0.091 -0.103 -0.088 -0.096 -0.095 -0.095 -0.097 -0.101 -0.103 -0.102]; residual PCB [-0.089 -0.092 -0.085 -0.097 -0.112 -0.106 -0.109 -0.096 -0.092 -0.094 -0.102 -0.106 -0.106 -0.096 -0.103 -0.104 -0.110 -0.111 -0.108 -0.114 -0.105 -0.107 -0.103 -0.095 -0.101 -0.103 -0.096 -0.105]

## ts_demean, W = 60

Levels (all subjects, runs, windows): observed sts 1.0802, predicted (AR(1) from a_x, a_y, q) 1.1181, residual -0.0378 (-3.5 % of observed); SD of the residual across subject × run × window 0.0329 vs SD of observed 0.0987; symmetric-a prediction 1.2484.
Per-pair R² of predicted vs observed sts within a window: mean 0.741 (min 0.263, max 0.874). AR(1) lag-1 cross-correlation check: mean |corr(x_t, y_(t+1)) − a_y q| = 0.0933; correlation across pairs between observed and model lag-1 cross-correlations, mean 0.913 (min 0.730).
Subject 1 DMT window 2: pair-level r(obs, pred) = +0.856; obs mean 0.9927 SD 0.2075; pred mean 1.0099 SD 0.1748; residual mean -0.0172 SD 0.1074; r(residual, mean a) = -0.115, r(residual, |q|) = -0.214, r(residual, |a_x − a_y|) = +0.042
Subject 1 DMT window 6: pair-level r(obs, pred) = +0.817; obs mean 1.0562 SD 0.2167; pred mean 1.1440 SD 0.2037; residual mean -0.0879 SD 0.1277; r(residual, mean a) = -0.431, r(residual, |q|) = -0.615, r(residual, |a_x − a_y|) = +0.092
Subject 1 PCB window 2: pair-level r(obs, pred) = +0.848; obs mean 1.0116 SD 0.1894; pred mean 1.0193 SD 0.1619; residual mean -0.0078 SD 0.1005; r(residual, mean a) = -0.120, r(residual, |q|) = -0.111, r(residual, |a_x − a_y|) = -0.024
Subject 1 PCB window 6: pair-level r(obs, pred) = +0.890; obs mean 1.0333 SD 0.2019; pred mean 1.0689 SD 0.1853; residual mean -0.0357 SD 0.0920; r(residual, mean a) = -0.162, r(residual, |q|) = -0.326, r(residual, |a_x − a_y|) = +0.051
Primary DiD: observed -0.1031, predicted -0.1213 (118 % of observed), residual +0.0182. Per subject: r(residual DiD, autocorrelation contrast) = -0.597 (Spearman -0.525); r(predicted DiD, autocorrelation contrast) = +0.965; r(observed DiD, autocorrelation contrast) = +0.958; r(predicted DiD, observed DiD) = +0.990; r(residual DiD, observed DiD) = -0.513; residual DiD negative in 2/14.
Per-subject residual DiDs: [ 0.0216  0.0025  0.0088  0.0033 -0.0123  0.0257  0.0290  0.0315  0.0207  0.0255  0.0153  0.0399  0.0561 -0.0123]
Group-mean window series: observed DMT [1.109 1.101 1.084 1.107 1.050 0.996 0.981 1.014 1.020 1.039 1.055 1.057 1.050 1.121]; predicted DMT [1.147 1.142 1.121 1.151 1.128 1.037 1.002 1.046 1.056 1.072 1.084 1.091 1.077 1.163]; residual DMT [-0.038 -0.041 -0.037 -0.044 -0.078 -0.041 -0.020 -0.032 -0.036 -0.033 -0.029 -0.034 -0.027 -0.042]; residual PCB [-0.023 -0.031 -0.037 -0.028 -0.040 -0.038 -0.040 -0.043 -0.041 -0.042 -0.045 -0.044 -0.033 -0.042]

## ts_demean, W = 30

Levels (all subjects, runs, windows): observed sts 0.9636, predicted (AR(1) from a_x, a_y, q) 1.0471, residual -0.0835 (-8.7 % of observed); SD of the residual across subject × run × window 0.0509 vs SD of observed 0.0954; symmetric-a prediction 1.2055.
Per-pair R² of predicted vs observed sts within a window: mean 0.571 (min 0.035, max 0.769). AR(1) lag-1 cross-correlation check: mean |corr(x_t, y_(t+1)) − a_y q| = 0.1299; correlation across pairs between observed and model lag-1 cross-correlations, mean 0.892 (min 0.678).
Subject 1 DMT window 2: pair-level r(obs, pred) = +0.711; obs mean 0.8905 SD 0.2522; pred mean 0.9190 SD 0.1974; residual mean -0.0285 SD 0.1783; r(residual, mean a) = -0.154, r(residual, |q|) = -0.097, r(residual, |a_x − a_y|) = +0.004
Subject 1 DMT window 6: pair-level r(obs, pred) = +0.795; obs mean 0.9485 SD 0.2800; pred mean 1.0161 SD 0.2269; residual mean -0.0675 SD 0.1700; r(residual, mean a) = -0.157, r(residual, |q|) = -0.273, r(residual, |a_x − a_y|) = +0.113
Subject 1 PCB window 2: pair-level r(obs, pred) = +0.745; obs mean 0.9606 SD 0.2737; pred mean 1.0349 SD 0.2166; residual mean -0.0743 SD 0.1829; r(residual, mean a) = -0.193, r(residual, |q|) = -0.307, r(residual, |a_x − a_y|) = +0.065
Subject 1 PCB window 6: pair-level r(obs, pred) = +0.754; obs mean 0.8663 SD 0.2764; pred mean 0.8769 SD 0.2384; residual mean -0.0105 SD 0.1842; r(residual, mean a) = -0.227, r(residual, |q|) = -0.107, r(residual, |a_x − a_y|) = +0.005
Primary DiD: observed -0.0877, predicted -0.1136 (129 % of observed), residual +0.0259. Per subject: r(residual DiD, autocorrelation contrast) = -0.604 (Spearman -0.631); r(predicted DiD, autocorrelation contrast) = +0.968; r(observed DiD, autocorrelation contrast) = +0.976; r(predicted DiD, observed DiD) = +0.981; r(residual DiD, observed DiD) = -0.570; residual DiD negative in 3/14.
Per-subject residual DiDs: [ 0.0304 -0.0006  0.0292  0.0009 -0.0104  0.0310  0.0380  0.0394  0.0377  0.0337  0.0254  0.0463  0.0763 -0.0152]
Group-mean window series: observed DMT [1.010 0.965 0.960 1.005 0.967 0.970 0.980 0.990 0.961 0.901 0.888 0.895 0.890 0.873 0.921 0.906 0.925 0.916 0.920 0.949 0.930 0.959 0.936 0.939 0.941 0.946 1.004 0.982]; predicted DMT [1.098 1.044 1.038 1.107 1.046 1.057 1.077 1.081 1.115 0.996 0.963 0.980 0.941 0.942 0.987 0.980 1.015 0.981 0.977 1.042 1.003 1.026 0.999 1.025 0.992 1.030 1.100 1.077]; residual DMT [-0.088 -0.080 -0.078 -0.102 -0.080 -0.087 -0.097 -0.092 -0.154 -0.096 -0.076 -0.084 -0.051 -0.069 -0.066 -0.074 -0.090 -0.066 -0.057 -0.093 -0.073 -0.067 -0.063 -0.087 -0.051 -0.084 -0.096 -0.094]; residual PCB [-0.072 -0.063 -0.074 -0.081 -0.088 -0.085 -0.086 -0.066 -0.083 -0.079 -0.086 -0.077 -0.091 -0.078 -0.097 -0.084 -0.091 -0.101 -0.093 -0.092 -0.096 -0.097 -0.110 -0.084 -0.077 -0.078 -0.082 -0.093]

## Global fit (run-level r1 and q)

ts_gsr: run-level observed sts (whole run, plug-in) 1.2883 vs AR(1) prediction from run-level (a_x, a_y, q) 1.3021 (residual -0.0137, -1.1 %); the prediction is constant across the run's bins, so the bin-level residual DiD equals the observed global-fit DiD (-0.0801); no decomposition is possible at this estimator.
ts_demean: run-level observed sts (whole run, plug-in) 1.2205 vs AR(1) prediction from run-level (a_x, a_y, q) 1.2197 (residual +0.0008, +0.1 %); the prediction is constant across the run's bins, so the bin-level residual DiD equals the observed global-fit DiD (-0.1035); no decomposition is possible at this estimator.
done (659s)
=== 2026-09-16 13:45:06  notes/partB4_residual_source.py
   subject 1/14 done (3s)
   subject 2/14 done (4s)
   subject 3/14 done (6s)
   subject 4/14 done (8s)
   subject 5/14 done (10s)
   subject 6/14 done (12s)
   subject 7/14 done (13s)
   subject 8/14 done (15s)
   subject 9/14 done (17s)
   subject 10/14 done (19s)
   subject 11/14 done (21s)
   subject 12/14 done (22s)
   subject 13/14 done (24s)
   subject 14/14 done (26s)
# Residual source (partB4_residual_source.py; ts_gsr, W = 60, all subjects, both runs, 14 windows)

Means over all cells: observed sts 1.1377; AR(1) prediction 1.1865 (residual -0.0489); cross-lag substitution only 1.1866 (residual -0.0489); lag-0 substitution only 1.1372 (residual +0.0005). max |prediction − cross-lag-only| over cells 0.00057.
Cross-lag deviation corr(x_t, y_(t+1)) − a_y q (and the y→x mirror), pooled over pairs: mean signed +0.00014 (per-cell range -0.0004 to +0.0014); mean absolute 0.0906; SD across pairs within a window 0.1128. Mean |lag-0 correlation of the past block − of the future block| 0.0168. Mean pair a 0.860, mean pair |q| 0.277. For reference, 1/sqrt(60) = 0.129.
residual: DMT pre -0.0530 post -0.0453; PCB pre -0.0479 post -0.0517; primary DiD +0.0115 (negative in 4/14)
cross-lag |deviation|: DMT pre +0.0891 post +0.0926; PCB pre +0.0904 post +0.0887; primary DiD +0.0053 (negative in 5/14)
cross-lag deviation SD: DMT pre +0.1110 post +0.1154; PCB pre +0.1127 post +0.1103; primary DiD +0.0068 (negative in 5/14)
cross-lag signed deviation: DMT pre +0.0002 post +0.0001; PCB pre +0.0000 post +0.0002; primary DiD -0.0002 (negative in 9/14)
pair a: DMT pre +0.8632 post +0.8532; PCB pre +0.8603 post +0.8657; primary DiD -0.0155 (negative in 12/14)
pair |q|: DMT pre +0.2842 post +0.2662; PCB pre +0.2839 post +0.2824; primary DiD -0.0164 (negative in 10/14)
Per subject: r(residual DiD, cross-lag |deviation| DiD) = +0.241; r(residual DiD, cross-lag deviation SD DiD) = +0.279; r(residual DiD, pair a DiD) = -0.777; r(residual DiD, pair |q| DiD) = -0.741
Across all 392 subject × run × window cells: r(residual, cross-lag deviation SD) = +0.432; r(residual, pair a) = -0.736; r(residual, pair |q|) = -0.711; r(cross-lag deviation SD, pair a) = -0.789
Joint regression of the cell residual on (pair a, pair |q|, cross-lag deviation SD), standardised: coefficients -0.743, -0.437, -0.262; partial correlations -0.629, -0.601, -0.296; R² 0.744
Group-mean window series of the cross-lag deviation SD: DMT [0.1115 0.1104 0.1125 0.1095 0.1149 0.1196 0.1208 0.1191 0.1157 0.1165 0.1122 0.1125 0.1129 0.1091]; PCB [0.1173 0.1127 0.1113 0.1093 0.1188 0.1103 0.1138 0.1084 0.1087 0.1120 0.1090 0.1078 0.1079 0.1146]

done (27s)
=== 2026-09-16 13:45:33  notes/partB5_family_checks.py
# Family checks (partB5_family_checks.py)

(0.85, 0.25): levels sts 1.2588, xtx+yty 1.2357, TDMI 1.2819, rtr 0.0231, rts+str 1.2357, mirrors -2.4715, PhiR 0.0231
   d/dr1: sts +6.071, xtx+yty +6.015, TDMI +6.126, rtr +0.056, rts+str +6.015, mirrors -12.030, PhiR +0.056
   d/dq:  sts -0.189, xtx+yty -0.378, TDMI +0.000, rtr +0.189, rts+str -0.378, mirrors +0.757, PhiR +0.189
   ratio |dsts/dr1| / |dsts/dq| = 32.1; rtr / sts level = 1.84 %
(0.85, 0.5): levels sts 1.1823, xtx+yty 1.0827, TDMI 1.2819, rtr 0.0996, rts+str 1.0827, mirrors -2.1654, PhiR 0.0996
   d/dr1: sts +5.867, xtx+yty +5.608, TDMI +6.126, rtr +0.259, rts+str +5.608, mirrors -11.215, PhiR +0.259
   d/dq:  sts -0.441, xtx+yty -0.882, TDMI +0.000, rtr +0.441, rts+str -0.882, mirrors +1.764, PhiR +0.441
   ratio |dsts/dr1| / |dsts/dq| = 13.3; rtr / sts level = 8.42 %
(0.97, 0.25): levels sts 2.7982, xtx+yty 2.7679, TDMI 2.8285, rtr 0.0303, rts+str 2.7679, mirrors -5.5358, PhiR 0.0303
   d/dr1: sts +32.774, xtx+yty +32.709, TDMI +32.838, rtr +0.064, rts+str +32.709, mirrors -65.418, PhiR +0.064
   d/dq:  sts -0.250, xtx+yty -0.500, TDMI +0.000, rtr +0.250, rts+str -0.500, mirrors +1.000, PhiR +0.250
   ratio |dsts/dr1| / |dsts/dq| = 131.1; rtr / sts level = 1.08 %

Symmetric family, 2,000 draws a ~ U(0, 0.95), q ~ U(−0.9, 0.9), seed 20261120: max |TDMI + ln(1 − a²)| = 3.6e-15; max |rtr + sts − TDMI| = 1.8e-15; max |rtr + ½ ln(1 − a²q²)| = 0.0e+00; max |ΦR − rtr| = 3.6e-15
Unequal a_x, a_y (2,000 draws, same seed stream): ΦR − rtr min -1.362, max +4.585, mean +0.091, share |ΦR − rtr| > 0.01: 0.57

Ratio |dsts/dr1| / |dsts/dq| at the implied operating points:
   r1 = 0.78: |q| = 0.25: 24.9; |q| = 0.6: 7.8
   r1 = 0.85: |q| = 0.25: 32.1; |q| = 0.6: 9.8
   r1 = 0.93: |q| = 0.25: 60.0; |q| = 0.6: 17.6
   r1 = 0.97: |q| = 0.25: 131.1; |q| = 0.6: 37.8

Lag-1 autocorrelation of ideal band-passed white noise, r1 = [sin(2π f_hi TR) − sin(2π f_lo TR)] / [2π (f_hi − f_lo) TR]:
   0.008–0.09 Hz, TR 2 s: 0.781
   0.008–0.09 Hz, TR 0.72 s: 0.970
   0.0025–0.05 Hz, TR 2 s: 0.932
   0.0025–0.05 Hz, TR 3 s: 0.851
   0.01–0.08 Hz, TR 2 s (this repository): 0.817
   0.01–0.08 Hz, TR 3 s: 0.614
   0.01–0.1 Hz, TR 3 s: 0.450

=== 2026-09-16 13:45:33  notes/partB6_ccs_definition.py
# CCS definition check (partB6_ccs_definition.py)

## 0. The four masks on identical samples: subject 1, ts_gsr, DMT window 6 and placebo window 2, all 6,555 pairs
subject 1 DMT window 6: share of samples selected — code 0.264, pub 0.320, both 0.261, either 0.324; share where the two masks disagree 0.063
   code: pair-mean sts -0.0354 (SD 0.0698), rtr +0.0682, xtx+yty +1.1113, agree share 0.269
   pub : pair-mean sts -0.0430 (SD 0.0663), rtr +0.0606, xtx+yty +1.0962, agree share 0.325
   pub8: pair-mean sts -0.0419 (SD 0.0665), rtr +0.0616, xtx+yty +1.0983, agree share 0.314
   pubD: pair-mean sts -0.0386 (SD 0.0690), rtr +0.0650, xtx+yty +1.1050, agree share 0.266
   code mask vs saved ccs_atoms_win60_ts_gsr.npy: max|diff| 0.0e+00
subject 1 PCB window 2: share of samples selected — code 0.280, pub 0.337, both 0.275, either 0.341; share where the two masks disagree 0.066
   code: pair-mean sts -0.0367 (SD 0.0744), rtr +0.0795, xtx+yty +1.1407, agree share 0.278
   pub : pair-mean sts -0.0452 (SD 0.0700), rtr +0.0709, xtx+yty +1.1235, agree share 0.335
   pub8: pair-mean sts -0.0441 (SD 0.0702), rtr +0.0721, xtx+yty +1.1259, agree share 0.324
   pubD: pair-mean sts -0.0405 (SD 0.0725), rtr +0.0756, xtx+yty +1.1330, agree share 0.274
   code mask vs saved ccs_atoms_win60_ts_gsr.npy: max|diff| 0.0e+00
   (3s)
   ts_gsr [pub]: subject 1/14 done (19s)
   ts_gsr [pub]: subject 2/14 done (35s)
   ts_gsr [pub]: subject 3/14 done (50s)
   ts_gsr [pub]: subject 4/14 done (65s)
   ts_gsr [pub]: subject 5/14 done (80s)
   ts_gsr [pub]: subject 6/14 done (96s)
   ts_gsr [pub]: subject 7/14 done (112s)
   ts_gsr [pub]: subject 8/14 done (127s)
   ts_gsr [pub]: subject 9/14 done (143s)
   ts_gsr [pub]: subject 10/14 done (158s)
   ts_gsr [pub]: subject 11/14 done (174s)
   ts_gsr [pub]: subject 12/14 done (190s)
   ts_gsr [pub]: subject 13/14 done (205s)
   ts_gsr [pub]: subject 14/14 done (220s)
CCSpub sts ts_gsr W60              primary                DiD +0.0044 [+0.0004, +0.0081] p=0.0559 neg 3/14 | phase p=0.0060 | DMT +0.0021 (p=0.167) PCB -0.0023 (p=0.109) placebo share 0.52 | FD DiD +0.0143 (p=0.245) | FD-resid +0.0039 [+0.0005, +0.0073] p=0.0535 2/14 SURVIVES
CCSpub sts ts_gsr W60              sensitivity            DiD +0.0045 [+0.0008, +0.0080] p=0.0356 neg 3/14 | phase p=0.0050 | DMT +0.0023 (p=0.115) PCB -0.0021 (p=0.108) placebo share 0.48 | FD DiD +0.0191 (p=0.108) | FD-resid +0.0040 [+0.0008, +0.0069] p=0.0326 2/14 SURVIVES
CCSpub sts ts_gsr W60              early                  DiD +0.0052 [+0.0011, +0.0093] p=0.0320 neg 3/14 | phase p=0.0070 | DMT +0.0031 (p=0.018) PCB -0.0021 (p=0.192) placebo share 0.41 | FD DiD +0.0366 (p=0.010) | FD-resid +0.0043 [+0.0008, +0.0079] p=0.0385 3/14 SURVIVES
CCSpub sts ts_gsr W60              late                   DiD +0.0037 [-0.0011, +0.0082] p=0.1505 neg 4/14 | phase p=0.0280 | DMT +0.0013 (p=0.467) PCB -0.0024 (p=0.130) placebo share 0.64 | FD DiD -0.0034 (p=0.807) | FD-resid +0.0036 [-0.0006, +0.0073] p=0.1128 3/14 does NOT survive
CCSpub sts ts_gsr W60              trend_a_placebo_line   DiD +0.0041 [+0.0006, +0.0076] p=0.0486 neg 3/14
CCSpub sts ts_gsr W60              trend_b_shared_slope   DiD +0.0044 [+0.0016, +0.0074] p=0.0107 neg 2/14
CCSpub xtx+yty ts_gsr W60          primary                DiD -0.0894 [-0.1431, -0.0382] p=0.0055 neg 12/14 | phase p=0.0020 | DMT -0.0513 (p=0.031) PCB +0.0381 (p=0.036) placebo share 0.43 | FD DiD +0.0143 (p=0.245) | FD-resid -0.0698 [-0.1076, -0.0281] p=0.0071 12/14 SURVIVES
CCSpub xtx+yty ts_gsr W60          sensitivity            DiD -0.0798 [-0.1327, -0.0277] p=0.0106 neg 12/14 | phase p=0.0020 | DMT -0.0510 (p=0.032) PCB +0.0288 (p=0.090) placebo share 0.36 | FD DiD +0.0191 (p=0.108) | FD-resid -0.0584 [-0.0948, -0.0186] p=0.0155 12/14 SURVIVES
CCSpub xtx+yty ts_gsr W60          early                  DiD -0.1101 [-0.1631, -0.0592] p=0.0016 neg 12/14 | phase p=0.0010 | DMT -0.0886 (p=0.002) PCB +0.0216 (p=0.227) placebo share 0.20 | FD DiD +0.0366 (p=0.010) | FD-resid -0.0841 [-0.1264, -0.0421] p=0.0028 11/14 SURVIVES
CCSpub xtx+yty ts_gsr W60          late                   DiD -0.0728 [-0.1321, -0.0136] p=0.0333 neg 10/14 | phase p=0.0030 | DMT -0.0215 (p=0.402) PCB +0.0513 (p=0.009) placebo share 0.70 | FD DiD -0.0034 (p=0.807) | FD-resid -0.0583 [-0.1019, -0.0072] p=0.0367 12/14 SURVIVES
CCSpub xtx+yty ts_gsr W60          trend_a_placebo_line   DiD -0.0990 [-0.1521, -0.0500] p=0.0023 neg 13/14
CCSpub xtx+yty ts_gsr W60          trend_b_shared_slope   DiD -0.1086 [-0.1589, -0.0626] p=0.0010 neg 13/14
CCSpub rtr ts_gsr W60              primary                DiD -0.0117 [-0.0200, -0.0028] p=0.0295 neg 10/14 | phase p=0.0050 | DMT -0.0107 (p=0.012) PCB +0.0010 (p=0.712) placebo share 0.08 | FD DiD +0.0143 (p=0.245) | FD-resid -0.0107 [-0.0192, -0.0015] p=0.0424 10/14 SURVIVES
CCSpub rtr ts_gsr W60              sensitivity            DiD -0.0108 [-0.0192, -0.0020] p=0.0374 neg 10/14 | phase p=0.0050 | DMT -0.0103 (p=0.014) PCB +0.0005 (p=0.855) placebo share 0.04 | FD DiD +0.0191 (p=0.108) | FD-resid -0.0096 [-0.0177, -0.0012] p=0.0532 10/14 SURVIVES
CCSpub rtr ts_gsr W60              early                  DiD -0.0193 [-0.0268, -0.0118] p=0.0006 neg 13/14 | phase p=0.0010 | DMT -0.0169 (p=0.000) PCB +0.0024 (p=0.407) placebo share 0.12 | FD DiD +0.0366 (p=0.010) | FD-resid -0.0165 [-0.0238, -0.0090] p=0.0020 11/14 SURVIVES
CCSpub rtr ts_gsr W60              late                   DiD -0.0055 [-0.0158, +0.0057] p=0.3385 neg 9/14 | phase p=0.2428 | DMT -0.0057 (p=0.200) PCB -0.0002 (p=0.953) placebo share -0.03 | FD DiD -0.0034 (p=0.807) | FD-resid -0.0060 [-0.0161, +0.0049] p=0.2948 10/14 does NOT survive
CCSpub rtr ts_gsr W60              trend_a_placebo_line   DiD -0.0112 [-0.0201, -0.0023] p=0.0363 neg 9/14
CCSpub rtr ts_gsr W60              trend_b_shared_slope   DiD -0.0150 [-0.0229, -0.0067] p=0.0054 neg 12/14
CCSpub sts ts_gsr global-bins      primary                DiD +0.0197 [+0.0142, +0.0254] p=0.0002 neg 1/14 | phase p=0.0010 | DMT +0.0122 (p=0.000) PCB -0.0075 (p=0.001) placebo share 0.38 | FD DiD +0.0143 (p=0.245) | FD-resid +0.0152 [+0.0108, +0.0198] p=0.0001 0/14 SURVIVES
CCSpub sts ts_gsr global-bins      sensitivity            DiD +0.0191 [+0.0138, +0.0248] p=0.0001 neg 0/14 | phase p=0.0010 | DMT +0.0124 (p=0.000) PCB -0.0067 (p=0.001) placebo share 0.35 | FD DiD +0.0174 (p=0.155) | FD-resid +0.0149 [+0.0106, +0.0194] p=0.0001 0/14 SURVIVES
CCSpub sts ts_gsr global-bins      early                  DiD +0.0184 [+0.0129, +0.0245] p=0.0001 neg 0/14 | phase p=0.0010 | DMT +0.0160 (p=0.000) PCB -0.0024 (p=0.123) placebo share 0.13 | FD DiD +0.0366 (p=0.010) | FD-resid +0.0154 [+0.0105, +0.0203] p=0.0002 1/14 SURVIVES
CCSpub sts ts_gsr global-bins      late                   DiD +0.0206 [+0.0143, +0.0270] p=0.0002 neg 1/14 | phase p=0.0010 | DMT +0.0092 (p=0.003) PCB -0.0115 (p=0.000) placebo share 0.56 | FD DiD -0.0034 (p=0.807) | FD-resid +0.0150 [+0.0104, +0.0196] p=0.0001 0/14 SURVIVES
CCSpub sts ts_gsr global-bins      trend_a_placebo_line   DiD +0.0227 [+0.0168, +0.0284] p=0.0001 neg 0/14
CCSpub sts ts_gsr global-bins      trend_b_shared_slope   DiD +0.0224 [+0.0167, +0.0284] p=0.0001 neg 0/14
CCSpub xtx+yty ts_gsr global-bins  primary                DiD -0.0834 [-0.1451, -0.0245] p=0.0164 neg 13/14 | phase p=0.0010 | DMT -0.0546 (p=0.069) PCB +0.0289 (p=0.069) placebo share 0.35 | FD DiD +0.0143 (p=0.245) | FD-resid -0.0670 [-0.1141, -0.0140] p=0.0271 13/14 SURVIVES
CCSpub xtx+yty ts_gsr global-bins  sensitivity            DiD -0.0809 [-0.1423, -0.0219] p=0.0194 neg 13/14 | phase p=0.0010 | DMT -0.0560 (p=0.059) PCB +0.0249 (p=0.109) placebo share 0.31 | FD DiD +0.0174 (p=0.155) | FD-resid -0.0635 [-0.1091, -0.0113] p=0.0302 12/14 SURVIVES
CCSpub xtx+yty ts_gsr global-bins  early                  DiD -0.1068 [-0.1623, -0.0561] p=0.0015 neg 13/14 | phase p=0.0010 | DMT -0.0862 (p=0.004) PCB +0.0205 (p=0.208) placebo share 0.19 | FD DiD +0.0366 (p=0.010) | FD-resid -0.0817 [-0.1240, -0.0374] p=0.0043 12/14 SURVIVES
CCSpub xtx+yty ts_gsr global-bins  late                   DiD -0.0647 [-0.1369, +0.0080] p=0.1082 neg 11/14 | phase p=0.0280 | DMT -0.0292 (p=0.378) PCB +0.0355 (p=0.047) placebo share 0.55 | FD DiD -0.0034 (p=0.807) | FD-resid -0.0551 [-0.1129, +0.0096] p=0.1165 11/14 does NOT survive
CCSpub xtx+yty ts_gsr global-bins  trend_a_placebo_line   DiD -0.0860 [-0.1459, -0.0265] p=0.0150 neg 12/14
CCSpub xtx+yty ts_gsr global-bins  trend_b_shared_slope   DiD -0.0998 [-0.1574, -0.0452] p=0.0039 neg 13/14
CCSpub rtr ts_gsr global-bins      primary                DiD -0.0237 [-0.0337, -0.0136] p=0.0009 neg 13/14 | phase p=0.0010 | DMT -0.0189 (p=0.002) PCB +0.0048 (p=0.054) placebo share 0.20 | FD DiD +0.0143 (p=0.245) | FD-resid -0.0195 [-0.0290, -0.0103] p=0.0021 12/14 SURVIVES
CCSpub rtr ts_gsr global-bins      sensitivity            DiD -0.0235 [-0.0335, -0.0138] p=0.0009 neg 13/14 | phase p=0.0010 | DMT -0.0195 (p=0.001) PCB +0.0040 (p=0.095) placebo share 0.17 | FD DiD +0.0174 (p=0.155) | FD-resid -0.0194 [-0.0285, -0.0104] p=0.0020 12/14 SURVIVES
CCSpub rtr ts_gsr global-bins      early                  DiD -0.0285 [-0.0363, -0.0204] p=0.0002 neg 13/14 | phase p=0.0010 | DMT -0.0267 (p=0.000) PCB +0.0018 (p=0.378) placebo share 0.06 | FD DiD +0.0366 (p=0.010) | FD-resid -0.0241 [-0.0323, -0.0163] p=0.0002 13/14 SURVIVES
CCSpub rtr ts_gsr global-bins      late                   DiD -0.0198 [-0.0319, -0.0077] p=0.0106 neg 11/14 | phase p=0.0020 | DMT -0.0127 (p=0.042) PCB +0.0072 (p=0.032) placebo share 0.36 | FD DiD -0.0034 (p=0.807) | FD-resid -0.0159 [-0.0268, -0.0048] p=0.0200 11/14 SURVIVES
CCSpub rtr ts_gsr global-bins      trend_a_placebo_line   DiD -0.0262 [-0.0370, -0.0157] p=0.0007 neg 12/14
CCSpub rtr ts_gsr global-bins      trend_b_shared_slope   DiD -0.0295 [-0.0396, -0.0197] p=0.0004 neg 13/14
   ts_demean [pub]: subject 1/14 done (312s)
   ts_demean [pub]: subject 2/14 done (328s)
   ts_demean [pub]: subject 3/14 done (344s)
   ts_demean [pub]: subject 4/14 done (360s)
   ts_demean [pub]: subject 5/14 done (376s)
   ts_demean [pub]: subject 6/14 done (392s)
   ts_demean [pub]: subject 7/14 done (409s)
   ts_demean [pub]: subject 8/14 done (425s)
   ts_demean [pub]: subject 9/14 done (441s)
   ts_demean [pub]: subject 10/14 done (457s)
   ts_demean [pub]: subject 11/14 done (473s)
   ts_demean [pub]: subject 12/14 done (489s)
   ts_demean [pub]: subject 13/14 done (505s)
   ts_demean [pub]: subject 14/14 done (520s)
CCSpub sts ts_demean W60           primary                DiD +0.0120 [+0.0054, +0.0192] p=0.0040 neg 3/14 | phase p=0.0020 | DMT +0.0051 (p=0.098) PCB -0.0069 (p=0.003) placebo share 0.57 | FD DiD +0.0143 (p=0.245) | FD-resid +0.0111 [+0.0051, +0.0175] p=0.0046 3/14 SURVIVES
CCSpub sts ts_demean W60           sensitivity            DiD +0.0107 [+0.0044, +0.0177] p=0.0050 neg 3/14 | phase p=0.0040 | DMT +0.0040 (p=0.170) PCB -0.0067 (p=0.004) placebo share 0.62 | FD DiD +0.0191 (p=0.108) | FD-resid +0.0101 [+0.0042, +0.0163] p=0.0066 2/14 SURVIVES
CCSpub sts ts_demean W60           early                  DiD +0.0094 [+0.0036, +0.0152] p=0.0087 neg 2/14 | phase p=0.0420 | DMT +0.0029 (p=0.298) PCB -0.0065 (p=0.002) placebo share 0.69 | FD DiD +0.0366 (p=0.010) | FD-resid +0.0099 [+0.0055, +0.0145] p=0.0013 1/14 SURVIVES
CCSpub sts ts_demean W60           late                   DiD +0.0140 [+0.0053, +0.0239] p=0.0083 neg 3/14 | phase p=0.0020 | DMT +0.0069 (p=0.085) PCB -0.0071 (p=0.010) placebo share 0.51 | FD DiD -0.0034 (p=0.807) | FD-resid +0.0121 [+0.0039, +0.0208] p=0.0151 3/14 SURVIVES
CCSpub sts ts_demean W60           trend_a_placebo_line   DiD +0.0101 [+0.0039, +0.0167] p=0.0081 neg 2/14
CCSpub sts ts_demean W60           trend_b_shared_slope   DiD +0.0080 [+0.0026, +0.0137] p=0.0145 neg 2/14
CCSpub xtx+yty ts_demean W60       primary                DiD -0.1333 [-0.1917, -0.0741] p=0.0020 neg 13/14 | phase p=0.0010 | DMT -0.0831 (p=0.022) PCB +0.0502 (p=0.011) placebo share 0.38 | FD DiD +0.0143 (p=0.245) | FD-resid -0.1111 [-0.1607, -0.0586] p=0.0021 13/14 SURVIVES
CCSpub xtx+yty ts_demean W60       sensitivity            DiD -0.1182 [-0.1739, -0.0595] p=0.0029 neg 12/14 | phase p=0.0010 | DMT -0.0792 (p=0.023) PCB +0.0391 (p=0.029) placebo share 0.33 | FD DiD +0.0191 (p=0.108) | FD-resid -0.0947 [-0.1418, -0.0457] p=0.0038 13/14 SURVIVES
CCSpub xtx+yty ts_demean W60       early                  DiD -0.1408 [-0.1929, -0.0866] p=0.0006 neg 13/14 | phase p=0.0010 | DMT -0.1127 (p=0.003) PCB +0.0281 (p=0.095) placebo share 0.20 | FD DiD +0.0366 (p=0.010) | FD-resid -0.1161 [-0.1677, -0.0666] p=0.0012 12/14 SURVIVES
CCSpub xtx+yty ts_demean W60       late                   DiD -0.1273 [-0.1990, -0.0549] p=0.0063 neg 11/14 | phase p=0.0010 | DMT -0.0594 (p=0.113) PCB +0.0679 (p=0.003) placebo share 0.53 | FD DiD -0.0034 (p=0.807) | FD-resid -0.1070 [-0.1706, -0.0410] p=0.0090 11/14 SURVIVES
CCSpub xtx+yty ts_demean W60       trend_a_placebo_line   DiD -0.1430 [-0.2068, -0.0799] p=0.0013 neg 13/14
CCSpub xtx+yty ts_demean W60       trend_b_shared_slope   DiD -0.1441 [-0.2054, -0.0835] p=0.0012 neg 13/14
CCSpub rtr ts_demean W60           primary                DiD +0.0036 [-0.0079, +0.0163] p=0.5797 neg 8/14 | phase p=0.5335 | DMT +0.0073 (p=0.347) PCB +0.0037 (p=0.318) placebo share -1.03 | FD DiD +0.0143 (p=0.245) | FD-resid +0.0054 [-0.0074, +0.0205] p=0.5049 8/14 does NOT survive
CCSpub rtr ts_demean W60           sensitivity            DiD +0.0057 [-0.0053, +0.0196] p=0.4448 neg 8/14 | phase p=0.3467 | DMT +0.0106 (p=0.247) PCB +0.0049 (p=0.245) placebo share -0.86 | FD DiD +0.0191 (p=0.108) | FD-resid +0.0060 [-0.0061, +0.0214] p=0.4990 8/14 does NOT survive
CCSpub rtr ts_demean W60           early                  DiD -0.0014 [-0.0144, +0.0141] p=0.8748 neg 8/14 | phase p=0.8442 | DMT +0.0031 (p=0.663) PCB +0.0045 (p=0.318) placebo share 3.23 | FD DiD +0.0366 (p=0.010) | FD-resid -0.0045 [-0.0142, +0.0070] p=0.4628 9/14 does NOT survive
CCSpub rtr ts_demean W60           late                   DiD +0.0076 [-0.0052, +0.0211] p=0.3081 neg 5/14 | phase p=0.2557 | DMT +0.0106 (p=0.226) PCB +0.0030 (p=0.462) placebo share -0.40 | FD DiD -0.0034 (p=0.807) | FD-resid +0.0133 [-0.0035, +0.0318] p=0.1919 7/14 does NOT survive
CCSpub rtr ts_demean W60           trend_a_placebo_line   DiD +0.0051 [-0.0056, +0.0178] p=0.4696 neg 6/14
CCSpub rtr ts_demean W60           trend_b_shared_slope   DiD +0.0020 [-0.0079, +0.0134] p=0.7408 neg 10/14
CCSpub sts ts_demean global-bins   primary                DiD +0.0355 [+0.0231, +0.0485] p=0.0001 neg 0/14 | phase p=0.0010 | DMT +0.0248 (p=0.000) PCB -0.0107 (p=0.000) placebo share 0.30 | FD DiD +0.0143 (p=0.245) | FD-resid +0.0294 [+0.0173, +0.0429] p=0.0001 0/14 SURVIVES
CCSpub sts ts_demean global-bins   sensitivity            DiD +0.0351 [+0.0231, +0.0480] p=0.0001 neg 0/14 | phase p=0.0010 | DMT +0.0251 (p=0.000) PCB -0.0100 (p=0.000) placebo share 0.29 | FD DiD +0.0174 (p=0.155) | FD-resid +0.0293 [+0.0173, +0.0425] p=0.0001 0/14 SURVIVES
CCSpub sts ts_demean global-bins   early                  DiD +0.0326 [+0.0225, +0.0435] p=0.0001 neg 0/14 | phase p=0.0010 | DMT +0.0279 (p=0.000) PCB -0.0047 (p=0.023) placebo share 0.14 | FD DiD +0.0366 (p=0.010) | FD-resid +0.0286 [+0.0179, +0.0404] p=0.0001 0/14 SURVIVES
CCSpub sts ts_demean global-bins   late                   DiD +0.0378 [+0.0232, +0.0529] p=0.0002 neg 1/14 | phase p=0.0010 | DMT +0.0224 (p=0.005) PCB -0.0154 (p=0.000) placebo share 0.41 | FD DiD -0.0034 (p=0.807) | FD-resid +0.0300 [+0.0169, +0.0445] p=0.0001 0/14 SURVIVES
CCSpub sts ts_demean global-bins   trend_a_placebo_line   DiD +0.0390 [+0.0259, +0.0528] p=0.0001 neg 0/14
CCSpub sts ts_demean global-bins   trend_b_shared_slope   DiD +0.0376 [+0.0258, +0.0503] p=0.0001 neg 0/14
CCSpub xtx+yty ts_demean global-bins primary                DiD -0.1065 [-0.1703, -0.0398] p=0.0110 neg 12/14 | phase p=0.0010 | DMT -0.0674 (p=0.073) PCB +0.0391 (p=0.033) placebo share 0.37 | FD DiD +0.0143 (p=0.245) | FD-resid -0.0917 [-0.1479, -0.0266] p=0.0171 12/14 SURVIVES
CCSpub xtx+yty ts_demean global-bins sensitivity            DiD -0.1032 [-0.1678, -0.0366] p=0.0123 neg 12/14 | phase p=0.0010 | DMT -0.0668 (p=0.073) PCB +0.0364 (p=0.045) placebo share 0.35 | FD DiD +0.0174 (p=0.155) | FD-resid -0.0880 [-0.1434, -0.0233] p=0.0186 12/14 SURVIVES
CCSpub xtx+yty ts_demean global-bins early                  DiD -0.1193 [-0.1750, -0.0631] p=0.0022 neg 13/14 | phase p=0.0020 | DMT -0.0962 (p=0.011) PCB +0.0231 (p=0.163) placebo share 0.19 | FD DiD +0.0366 (p=0.010) | FD-resid -0.1019 [-0.1551, -0.0482] p=0.0043 12/14 SURVIVES
CCSpub xtx+yty ts_demean global-bins late                   DiD -0.0963 [-0.1755, -0.0124] p=0.0435 neg 11/14 | phase p=0.0080 | DMT -0.0444 (p=0.275) PCB +0.0519 (p=0.019) placebo share 0.54 | FD DiD -0.0034 (p=0.807) | FD-resid -0.0836 [-0.1546, -0.0067] p=0.0610 10/14 SURVIVES
CCSpub xtx+yty ts_demean global-bins trend_a_placebo_line   DiD -0.1097 [-0.1781, -0.0389] p=0.0120 neg 12/14
CCSpub xtx+yty ts_demean global-bins trend_b_shared_slope   DiD -0.1189 [-0.1879, -0.0500] p=0.0062 neg 12/14
CCSpub rtr ts_demean global-bins   primary                DiD -0.0149 [-0.0305, -0.0011] p=0.0741 neg 9/14 | phase p=0.0310 | DMT -0.0081 (p=0.295) PCB +0.0068 (p=0.067) placebo share 0.46 | FD DiD +0.0143 (p=0.245) | FD-resid -0.0097 [-0.0237, +0.0051] p=0.2335 10/14 does NOT survive
CCSpub rtr ts_demean global-bins   sensitivity            DiD -0.0139 [-0.0295, +0.0001] p=0.1001 neg 9/14 | phase p=0.0460 | DMT -0.0083 (p=0.282) PCB +0.0055 (p=0.121) placebo share 0.40 | FD DiD +0.0174 (p=0.155) | FD-resid -0.0096 [-0.0237, +0.0049] p=0.2365 10/14 does NOT survive
CCSpub rtr ts_demean global-bins   early                  DiD -0.0191 [-0.0335, -0.0037] p=0.0355 neg 10/14 | phase p=0.0250 | DMT -0.0164 (p=0.036) PCB +0.0027 (p=0.458) placebo share 0.14 | FD DiD +0.0366 (p=0.010) | FD-resid -0.0198 [-0.0308, -0.0085] p=0.0045 12/14 SURVIVES
CCSpub rtr ts_demean global-bins   late                   DiD -0.0116 [-0.0302, +0.0049] p=0.2404 neg 9/14 | phase p=0.1518 | DMT -0.0015 (p=0.866) PCB +0.0101 (p=0.030) placebo share 0.87 | FD DiD -0.0034 (p=0.807) | FD-resid -0.0016 [-0.0203, +0.0179] p=0.8794 7/14 does NOT survive
CCSpub rtr ts_demean global-bins   trend_a_placebo_line   DiD -0.0182 [-0.0334, -0.0049] p=0.0253 neg 10/14
CCSpub rtr ts_demean global-bins   trend_b_shared_slope   DiD -0.0219 [-0.0366, -0.0085] p=0.0078 neg 11/14

## 2. Sensitivity masks (ts_gsr, W = 60, whole-brain window means only; decide nothing)
   ts_gsr [pub8]: subject 1/14 done (604s)
   ts_gsr [pub8]: subject 2/14 done (612s)
   ts_gsr [pub8]: subject 3/14 done (621s)
   ts_gsr [pub8]: subject 4/14 done (629s)
   ts_gsr [pub8]: subject 5/14 done (637s)
   ts_gsr [pub8]: subject 6/14 done (646s)
   ts_gsr [pub8]: subject 7/14 done (654s)
   ts_gsr [pub8]: subject 8/14 done (663s)
   ts_gsr [pub8]: subject 9/14 done (671s)
   ts_gsr [pub8]: subject 10/14 done (680s)
   ts_gsr [pub8]: subject 11/14 done (688s)
   ts_gsr [pub8]: subject 12/14 done (697s)
   ts_gsr [pub8]: subject 13/14 done (705s)
   ts_gsr [pub8]: subject 14/14 done (713s)
   pub8: CCS sts level -0.0468, primary DiD +0.0044 (negative in 4/14), selected share 0.340
   ts_gsr [pubD]: subject 1/14 done (721s)
   ts_gsr [pubD]: subject 2/14 done (729s)
   ts_gsr [pubD]: subject 3/14 done (737s)
   ts_gsr [pubD]: subject 4/14 done (746s)
   ts_gsr [pubD]: subject 5/14 done (754s)
   ts_gsr [pubD]: subject 6/14 done (762s)
   ts_gsr [pubD]: subject 7/14 done (770s)
   ts_gsr [pubD]: subject 8/14 done (778s)
   ts_gsr [pubD]: subject 9/14 done (786s)
   ts_gsr [pubD]: subject 10/14 done (794s)
   ts_gsr [pubD]: subject 11/14 done (802s)
   ts_gsr [pubD]: subject 12/14 done (810s)
   ts_gsr [pubD]: subject 13/14 done (819s)
   ts_gsr [pubD]: subject 14/14 done (827s)
   pubD: CCS sts level -0.0425, primary DiD +0.0038 (negative in 4/14), selected share 0.290

## 3. Verdict under the rule recorded in the analysis record (agree = every whole-brain CCS-sts level and primary DiD within 0.001 nats and no sign-flip p crossing 0.05)
   ts_gsr W60: level pub -0.0480 vs code -0.0387 (|Δ| 0.0094); DiD pub +0.0044 vs code +0.0036 (|Δ| 0.0008); p pub 0.0559 vs code 0.0844 → DIFFERS
   ts_gsr global-bins: level pub -0.0358 vs code -0.0335 (|Δ| 0.0023); DiD pub +0.0197 vs code +0.0210 (|Δ| 0.0014); p pub 0.0002 vs code 0.0001 → DIFFERS
   ts_demean W60: level pub -0.0378 vs code -0.0255 (|Δ| 0.0122); DiD pub +0.0120 vs code +0.0134 (|Δ| 0.0014); p pub 0.0040 vs code 0.0052 → DIFFERS
   ts_demean global-bins: level pub -0.0386 vs code -0.0297 (|Δ| 0.0088); DiD pub +0.0355 vs code +0.0321 (|Δ| 0.0034); p pub 0.0001 vs code 0.0001 → DIFFERS
   VERDICT: the definitions differ on these data; every CCS number in the manuscript is replaced by the published-definition value (this file), phyid values reported alongside as the code variant
done (827s)
=== 2026-09-16 13:59:22  notes/partB7_splithalf.py
# ts_gsr, W = 60
full-set check: r(res, pub CCS) = +0.799 (p = 0.001; ρ +0.736); r(res, code CCS) = +0.729 (p = 0.003; ρ +0.710); r(res, autocorr) = -0.780 (p = 0.001; ρ -0.635)
split-half reliability (odd vs even) — residual DiD: +0.494 (p = 0.072; ρ +0.446); pub CCS-sts DiD: +0.302 (p = 0.294; ρ +0.174); code CCS-sts DiD: +0.196 (p = 0.501; ρ +0.042); autocorrelation DiD: +0.741 (p = 0.002; ρ +0.538); MMI sts DiD: +0.717 (p = 0.004; ρ +0.525)
group means — residual DiD odd +0.0067, even +0.0164; pub CCS-sts DiD odd +0.0033, even +0.0054; code CCS-sts DiD odd +0.0027, even +0.0046
[pub] within-half: r(CCS_odd, res_odd) = +0.847 (p = 0.000; ρ +0.780), r(CCS_even, res_even) = +0.783 (p = 0.001; ρ +0.802) (mean +0.815)
[pub] cross-half:  r(CCS_odd, res_even) = +0.160 (p = 0.585; ρ +0.191), r(CCS_even, res_odd) = +0.478 (p = 0.084; ρ +0.367) (mean +0.319); cross/within = 0.39
[pub] partial on the same-half autocorrelation DiD: within +0.814, +0.816 (mean +0.815); cross +0.132, +0.176 (mean +0.154)
[code] within-half: r(CCS_odd, res_odd) = +0.773 (p = 0.001; ρ +0.648), r(CCS_even, res_even) = +0.752 (p = 0.002; ρ +0.793) (mean +0.763)
[code] cross-half:  r(CCS_odd, res_even) = +0.075 (p = 0.800; ρ +0.042), r(CCS_even, res_odd) = +0.385 (p = 0.174; ρ +0.292) (mean +0.230); cross/within = 0.30
[code] partial on the same-half autocorrelation DiD: within +0.711, +0.718 (mean +0.714); cross +0.003, +0.023 (mean +0.013)
context — r(res_odd, ac_odd) = -0.758 (p = 0.002; ρ -0.776); r(res_even, ac_even) = -0.777 (p = 0.001; ρ -0.732); r(pubCCS_odd, ac_odd) = -0.518 (p = 0.058; ρ -0.556); r(pubCCS_even, ac_even) = -0.402 (p = 0.154; ρ -0.341); cross r(res_odd, ac_even) = -0.385 (p = 0.174; ρ -0.389); r(res_even, ac_odd) = -0.700 (p = 0.005; ρ -0.547)

# ts_demean, W = 60
full-set check: r(res, pub CCS) = +0.875 (p = 0.000; ρ +0.793); r(res, code CCS) = +0.838 (p = 0.000; ρ +0.736); r(res, autocorr) = -0.597 (p = 0.024; ρ -0.525)
split-half reliability (odd vs even) — residual DiD: +0.216 (p = 0.459; ρ +0.143); pub CCS-sts DiD: +0.417 (p = 0.138; ρ +0.398); code CCS-sts DiD: +0.518 (p = 0.058; ρ +0.495); autocorrelation DiD: +0.712 (p = 0.004; ρ +0.565); MMI sts DiD: +0.686 (p = 0.007; ρ +0.684)
group means — residual DiD odd +0.0193, even +0.0179; pub CCS-sts DiD odd +0.0137, even +0.0106; code CCS-sts DiD odd +0.0153, even +0.0118
[pub] within-half: r(CCS_odd, res_odd) = +0.884 (p = 0.000; ρ +0.829), r(CCS_even, res_even) = +0.878 (p = 0.000; ρ +0.670) (mean +0.881)
[pub] cross-half:  r(CCS_odd, res_even) = +0.274 (p = 0.344; ρ +0.196), r(CCS_even, res_odd) = +0.292 (p = 0.311; ρ +0.327) (mean +0.283); cross/within = 0.32
[pub] partial on the same-half autocorrelation DiD: within +0.823, +0.874 (mean +0.849); cross +0.247, +0.327 (mean +0.287)
[code] within-half: r(CCS_odd, res_odd) = +0.856 (p = 0.000; ρ +0.798), r(CCS_even, res_even) = +0.821 (p = 0.000; ρ +0.582) (mean +0.838)
[code] cross-half:  r(CCS_odd, res_even) = +0.323 (p = 0.260; ρ +0.244), r(CCS_even, res_odd) = +0.313 (p = 0.276; ρ +0.310) (mean +0.318); cross/within = 0.38
[code] partial on the same-half autocorrelation DiD: within +0.796, +0.814 (mean +0.805); cross +0.289, +0.365 (mean +0.327)
context — r(res_odd, ac_odd) = -0.688 (p = 0.007; ρ -0.600); r(res_even, ac_even) = -0.386 (p = 0.173; ρ -0.424); r(pubCCS_odd, ac_odd) = -0.575 (p = 0.031; ρ -0.508); r(pubCCS_even, ac_even) = -0.250 (p = 0.388; ρ -0.174); cross r(res_odd, ac_even) = -0.598 (p = 0.024; ρ -0.508); r(res_even, ac_odd) = -0.052 (p = 0.860; ρ -0.059)

RULE BRANCH (rule of the record B7 applied as recorded, ts_gsr, published CCS; the reading is in the ceiling block below): within-half mean +0.815, cross-half mean +0.319 (+0.160, +0.478) → shared component is estimation noise: both reported as null with this test as the evidence
CEILING [ts_gsr, pub]: rule branch = estimation noise; threshold 0.407 > ceiling 0.386 (rel_res +0.494, rel_CCS +0.302); mean cross-half +0.319, disattenuated +0.82 → reading UNDETERMINED (pass branch unreachable)
CEILING [ts_gsr, code]: rule branch = estimation noise; threshold 0.381 > ceiling 0.311 (rel_res +0.494, rel_CCS +0.196); mean cross-half +0.230, disattenuated +0.74 → reading UNDETERMINED (pass branch unreachable)
CEILING [ts_demean, pub]: rule branch = estimation noise; threshold 0.440 > ceiling 0.300 (rel_res +0.216, rel_CCS +0.417); mean cross-half +0.283, disattenuated +0.94 → reading UNDETERMINED (pass branch unreachable)
CEILING [ts_demean, code]: rule branch = estimation noise; threshold 0.419 > ceiling 0.335 (rel_res +0.216, rel_CCS +0.518); mean cross-half +0.318, disattenuated +0.95 → reading UNDETERMINED (pass branch unreachable)
=== 2026-09-16 13:59:24  notes/partB8_coupling_map.py   -> notes/review_results/partB/coupling_map_run.log
# Lagged coupling on the symmetric VAR(1) family (partB8_coupling_map.py)

## (r1, q) held at (0.85, 0.25) — the data's operating point; a and q_ε re-solved for each c (matched view)

| c | a | q_ε | corr(x_t, y_t+1) | a_y q (AR(1)) | sts | xtx + yty | sts − (xtx+yty) | rtr | six cross atoms | TDMI | ΦR | sts_pred (B4) | residual = sts − sts_pred |
|---|---|---|---|---|---|---|---|---|---|---|---|---|---|
| -0.10 | 0.8750 | +0.8619 | +0.1188 | +0.2125 | 1.9216 | 1.2677 | +0.6539 | 0.0071 | +0.0000 | 1.9631 | 0.6882 | 1.2588 | +0.6628 |
| -0.05 | 0.8625 | +0.5439 | +0.1656 | +0.2125 | 1.4111 | 1.2541 | +0.1570 | 0.0139 | +0.0000 | 1.4335 | 0.1655 | 1.2588 | +0.1523 |
| -0.02 | 0.8550 | +0.3657 | +0.1937 | +0.2125 | 1.3023 | 1.2437 | +0.0586 | 0.0191 | +0.0000 | 1.3228 | 0.0600 | 1.2588 | +0.0435 |
| +0.00 | 0.8500 | +0.2500 | +0.2125 | +0.2125 | 1.2588 | 1.2357 | +0.0231 | 0.0231 | +0.0000 | 1.2819 | 0.0231 | 1.2588 | +0.0000 |
| +0.02 | 0.8450 | +0.1357 | +0.2313 | +0.2125 | 1.2315 | 1.2270 | +0.0045 | 0.0275 | +0.0000 | 1.2603 | 0.0058 | 1.2588 | -0.0274 |
| +0.05 | 0.8375 | -0.0353 | +0.2594 | +0.2125 | 1.2155 | 1.2123 | +0.0032 | 0.0348 | +0.0000 | 1.2588 | 0.0117 | 1.2588 | -0.0434 |
| +0.10 | 0.8250 | -0.3269 | +0.3062 | +0.2125 | 1.2569 | 1.1835 | +0.0735 | 0.0492 | +0.0000 | 1.3405 | 0.1079 | 1.2588 | -0.0019 |

Residual at c = 0: +0.00000; first derivative in c at 0: -1.7711 nats per unit c; second derivative: +40.318 nats per unit c². A spread of pair-specific coupling with zero mean and SD σ_c gives an expected residual of ½·+40.318·σ_c² at fixed (r1, q); σ_c = 0.022 gives −0.01 nats (sign of curvature positive: coupling would raise the residual, not lower it).

### Raw view at the same point: a = 0.8500, q_ε = +0.2500 fixed, c varied (r1 and q move with c)

| c | r1 | q | sts | xtx + yty | ∂sts/∂c ≈ Δsts/Δc | for comparison ∂sts/∂r1 |
|---|---|---|---|---|---|---|
| -0.10 | 0.8958 | -0.4583 | 1.3995 | 1.3481 |  | +8.846 |
| -0.05 | 0.8532 | -0.0640 | 1.3265 | 1.2908 | -1.459 | +6.269 |
| -0.02 | 0.8474 | +0.1313 | 1.2854 | 1.2576 | -1.372 | +5.996 |
| +0.00 | 0.8500 | +0.2500 | 1.2588 | 1.2357 | -1.326 | +6.070 |
| +0.02 | 0.8572 | +0.3616 | 1.2330 | 1.2141 | -1.293 | +6.342 |
| +0.05 | 0.8759 | +0.5190 | 1.1953 | 1.1819 | -1.256 | +7.231 |
| +0.10 | 0.9264 | +0.7641 | 1.1350 | 1.1287 | -1.205 | +11.986 |

## (r1, q) held at (0.85, 0.0) — no instantaneous correlation; a and q_ε re-solved for each c (matched view)

| c | a | q_ε | corr(x_t, y_t+1) | a_y q (AR(1)) | sts | xtx + yty | sts − (xtx+yty) | rtr | six cross atoms | TDMI | ΦR | sts_pred (B4) | residual = sts − sts_pred |
|---|---|---|---|---|---|---|---|---|---|---|---|---|---|
| -0.10 | 0.8500 | +0.6355 | -0.1000 | -0.0000 | 1.5356 | 1.2719 | +0.2637 | 0.0050 | +0.0000 | 1.5773 | 0.3004 | 1.2819 | +0.2536 |
| -0.05 | 0.8500 | +0.3091 | -0.0500 | -0.0000 | 1.3309 | 1.2794 | +0.0515 | 0.0013 | +0.0000 | 1.3412 | 0.0605 | 1.2819 | +0.0490 |
| -0.02 | 0.8500 | +0.1227 | -0.0200 | -0.0000 | 1.2893 | 1.2815 | +0.0078 | 0.0002 | +0.0000 | 1.2910 | 0.0092 | 1.2819 | +0.0074 |
| +0.00 | 0.8500 | +0.0000 | +0.0000 | +0.0000 | 1.2819 | 1.2819 | +0.0000 | 0.0000 | +0.0000 | 1.2819 | 0.0000 | 1.2819 | +0.0000 |
| +0.02 | 0.8500 | -0.1227 | +0.0200 | +0.0000 | 1.2893 | 1.2815 | +0.0078 | 0.0002 | +0.0000 | 1.2910 | 0.0092 | 1.2819 | +0.0074 |
| +0.05 | 0.8500 | -0.3091 | +0.0500 | +0.0000 | 1.3309 | 1.2794 | +0.0515 | 0.0013 | +0.0000 | 1.3412 | 0.0605 | 1.2819 | +0.0490 |
| +0.10 | 0.8500 | -0.6355 | +0.1000 | +0.0000 | 1.5356 | 1.2719 | +0.2637 | 0.0050 | +0.0000 | 1.5773 | 0.3004 | 1.2819 | +0.2536 |

Residual at c = 0: +0.00000; first derivative in c at 0: +0.0000 nats per unit c; second derivative: +36.924 nats per unit c². A spread of pair-specific coupling with zero mean and SD σ_c gives an expected residual of ½·+36.924·σ_c² at fixed (r1, q); σ_c = 0.023 gives −0.01 nats (sign of curvature positive: coupling would raise the residual, not lower it).

### Raw view at the same point: a = 0.8500, q_ε = +0.0000 fixed, c varied (r1 and q move with c)

| c | r1 | q | sts | xtx + yty | ∂sts/∂c ≈ Δsts/Δc | for comparison ∂sts/∂r1 |
|---|---|---|---|---|---|---|
| -0.10 | 0.9136 | -0.6355 | 1.2769 | 1.2719 |  | +10.488 |
| -0.05 | 0.8655 | -0.3091 | 1.2807 | 1.2794 | +0.075 | +6.807 |
| -0.02 | 0.8525 | -0.1227 | 1.2817 | 1.2815 | +0.035 | +6.225 |
| +0.00 | 0.8500 | +0.0000 | 1.2819 | 1.2819 | +0.010 | +6.126 |
| +0.02 | 0.8525 | +0.1227 | 1.2817 | 1.2815 | -0.010 | +6.225 |
| +0.05 | 0.8655 | +0.3091 | 1.2807 | 1.2794 | -0.035 | +6.807 |
| +0.10 | 0.9136 | +0.6355 | 1.2769 | 1.2719 | -0.075 | +10.488 |

## (r1, q) held at (0.6, 0.25) — lower autocorrelation; a and q_ε re-solved for each c (matched view)

| c | a | q_ε | corr(x_t, y_t+1) | a_y q (AR(1)) | sts | xtx + yty | sts − (xtx+yty) | rtr | six cross atoms | TDMI | ΦR | sts_pred (B4) | residual = sts − sts_pred |
|---|---|---|---|---|---|---|---|---|---|---|---|---|---|
| -0.14 | 0.6350 | +0.5181 | +0.0187 | +0.1500 | 0.5702 | 0.4459 | +0.1242 | 0.0002 | +0.0000 | 0.5995 | 0.1534 | 0.4349 | +0.1352 |
| -0.10 | 0.6250 | +0.4358 | +0.0562 | +0.1500 | 0.5178 | 0.4431 | +0.0746 | 0.0016 | +0.0000 | 0.5341 | 0.0894 | 0.4349 | +0.0829 |
| -0.05 | 0.6125 | +0.3401 | +0.1031 | +0.1500 | 0.4701 | 0.4356 | +0.0345 | 0.0053 | +0.0000 | 0.4791 | 0.0382 | 0.4349 | +0.0352 |
| -0.02 | 0.6050 | +0.2855 | +0.1312 | +0.1500 | 0.4478 | 0.4289 | +0.0189 | 0.0087 | +0.0000 | 0.4571 | 0.0195 | 0.4349 | +0.0129 |
| +0.00 | 0.6000 | +0.2500 | +0.1500 | +0.1500 | 0.4349 | 0.4235 | +0.0114 | 0.0114 | +0.0000 | 0.4463 | 0.0114 | 0.4349 | +0.0000 |
| +0.02 | 0.5950 | +0.2151 | +0.1688 | +0.1500 | 0.4233 | 0.4174 | +0.0059 | 0.0144 | +0.0000 | 0.4383 | 0.0065 | 0.4349 | -0.0116 |
| +0.05 | 0.5875 | +0.1636 | +0.1969 | +0.1500 | 0.4078 | 0.4068 | +0.0011 | 0.0198 | +0.0000 | 0.4313 | 0.0047 | 0.4349 | -0.0271 |
| +0.10 | 0.5750 | +0.0790 | +0.2438 | +0.1500 | 0.3865 | 0.3850 | +0.0015 | 0.0306 | +0.0000 | 0.4319 | 0.0162 | 0.4349 | -0.0484 |
| +0.14 | 0.5650 | +0.0114 | +0.2813 | +0.1500 | 0.3729 | 0.3639 | +0.0090 | 0.0412 | +0.0000 | 0.4432 | 0.0381 | 0.4349 | -0.0620 |

Residual at c = 0: +0.00000; first derivative in c at 0: -0.6142 nats per unit c; second derivative: +3.195 nats per unit c². A spread of pair-specific coupling with zero mean and SD σ_c gives an expected residual of ½·+3.195·σ_c² at fixed (r1, q); σ_c = 0.079 gives −0.01 nats (sign of curvature positive: coupling would raise the residual, not lower it).

### Raw view at the same point: a = 0.6000, q_ε = +0.2500 fixed, c varied (r1 and q move with c)

| c | r1 | q | sts | xtx + yty | ∂sts/∂c ≈ Δsts/Δc | for comparison ∂sts/∂r1 |
|---|---|---|---|---|---|---|
| -0.14 | 0.6031 | -0.0223 | 0.4723 | 0.4284 |  | +1.896 |
| -0.10 | 0.5938 | +0.0625 | 0.4631 | 0.4308 | -0.231 | +1.832 |
| -0.05 | 0.5920 | +0.1596 | 0.4498 | 0.4294 | -0.264 | +1.808 |
| -0.02 | 0.5957 | +0.2145 | 0.4411 | 0.4264 | -0.292 | +1.819 |
| +0.00 | 0.6000 | +0.2500 | 0.4349 | 0.4235 | -0.309 | +1.837 |
| +0.02 | 0.6057 | +0.2849 | 0.4285 | 0.4200 | -0.322 | +1.863 |
| +0.05 | 0.6168 | +0.3362 | 0.4183 | 0.4133 | -0.338 | +1.918 |
| +0.10 | 0.6420 | +0.4205 | 0.4002 | 0.3989 | -0.363 | +2.062 |
| +0.14 | 0.6683 | +0.4878 | 0.3845 | 0.3844 | -0.392 | +2.237 |

=== 2026-09-16 13:59:24  notes/review_v2_residual_null.py   -> notes/review_results/logs/review_v2_residual_null.log
filter fitted to the placebo ACF: beta=200 lo=0.0064 hi=0.080; lags 1-6 [ 0.872  0.549  0.179 -0.091 -0.196 -0.168] (target [0.868, 0.539, 0.172, -0.085, -0.174, -0.145])
filter fitted to the DMTpost ACF: beta=100 lo=0.0030 hi=0.080; lags 1-6 [ 0.858  0.508  0.124 -0.127 -0.182 -0.099] (target [0.858, 0.507, 0.123, -0.13, -0.194, -0.133])

== residual level under the null, homogeneous filter (placebo ACF), by window length ==
W= 30: a=0.856 |q|=0.354 residual=-0.0886 (-8.52 %)   [data: W30 -9.7 %, W60 -4.3 %, run-level -1.1 %]
W= 60: a=0.866 |q|=0.291 residual=-0.0373 (-3.10 %)   [data: W30 -9.7 %, W60 -4.3 %, run-level -1.1 %]
W=840: a=0.870 |q|=0.222 residual=-0.0045 (-0.34 %)   [data: W30 -9.7 %, W60 -4.3 %, run-level -1.1 %]

== residual at the four operating points of residual_source.log (W = 60) ==
DMT pre  : window a=0.8625 (SD 0.031) |q|=0.2803  obs sts=1.1835  AR(1) pred=1.2189  residual=-0.0353 (-3.0 %)
DMT post : window a=0.8532 (SD 0.030) |q|=0.2679  obs sts=1.1279  AR(1) pred=1.1592  residual=-0.0313 (-2.8 %)
PCB pre  : window a=0.8602 (SD 0.031) |q|=0.2854  obs sts=1.1670  AR(1) pred=1.2020  residual=-0.0350 (-3.0 %)
PCB post : window a=0.8655 (SD 0.032) |q|=0.2833  obs sts=1.2024  AR(1) pred=1.2387  residual=-0.0364 (-3.0 %)

null residual change: DMT +0.0041, PCB -0.0013, DiD +0.0054
data (residual_source.log): DMT +0.0077, PCB -0.0038, DiD +0.0115 [+0.0021, +0.0211]
=== 2026-09-16 14:01:45  notes/partB9_leave_two_out.py
# Leave-two-out on r(MMI-sts DiD, lag-1 autocorrelation DiD), ts_gsr, W = 60, primary set (partB9_leave_two_out.py)
full set (N = 14): Pearson r = +0.953, Spearman ρ = +0.903
leave-two-out (91 refits, N = 12 each): Pearson r range +0.846 to +0.973, median +0.954; minimum +0.846 without subjects 8 and 14; maximum +0.973 without subjects 6 and 10
Spearman ρ range +0.846 to +0.944, median +0.902; minimum without subjects 8 and 14
refits with r below 0.90: 1 of 91; below 0.85: 1
  pairs containing subject  1: r range +0.921 to +0.964
  pairs containing subject  2: r range +0.923 to +0.966
  pairs containing subject  3: r range +0.913 to +0.968
  pairs containing subject  4: r range +0.923 to +0.971
  pairs containing subject  5: r range +0.916 to +0.963
  pairs containing subject  6: r range +0.943 to +0.973
  pairs containing subject  7: r range +0.922 to +0.965
  pairs containing subject  8: r range +0.846 to +0.943
  pairs containing subject  9: r range +0.923 to +0.966
  pairs containing subject 10: r range +0.932 to +0.973
  pairs containing subject 11: r range +0.937 to +0.973
  pairs containing subject 12: r range +0.923 to +0.966
  pairs containing subject 13: r range +0.917 to +0.963
  pairs containing subject 14: r range +0.846 to +0.947
wrote /home/vilalius/dmt-phiid/notes/review_results/partB/leave_two_out.csv and /home/vilalius/dmt-phiid/notes/review_results/partB/leave_two_out.log
=== 2026-09-16 14:01:46  notes/partB10_crosslag_deviation.py   -> notes/review_results/partB/crosslag_deviation_run.log

Mean cross-lag deviation: DMT +0.00009, PCB +0.00009; grand mean +0.00009 [+0.00005, +0.00013] (subject bootstrap, 10000 draws), exact sign-flip p = 0.0004, positive in 13/14 subjects. SD of the deviation across pairs within a run 0.0390; mean absolute deviation 0.0312. Run-level residual of the diagnostic on the same runs: -0.0137 (-1.1 % of observed 1.2883); r(deviation, residual) across the 28 runs -0.277. Mean pair a 0.8666, mean pair |q| 0.1945.
Per-subject mean deviation (two runs): [ 3.75264e-05  7.15375e-05  2.19891e-05  2.66087e-04  9.34147e-05  1.57059e-04 -1.70303e-05  1.25757e-04  2.05576e-04  7.91719e-05  3.42781e-05  1.53955e-04  3.10311e-05  8.60420e-06]
Reading under the pre-run entry: positive.


Mean cross-lag deviation: DMT -0.00753, PCB -0.00723; grand mean -0.00738 [-0.00902, -0.00588] (subject bootstrap, 10000 draws), exact sign-flip p = 0.0001, positive in 0/14 subjects. SD of the deviation across pairs within a run 0.0415; mean absolute deviation 0.0337. Run-level residual of the diagnostic on the same runs: +0.0008 (+0.1 % of observed 1.2205); r(deviation, residual) across the 28 runs -0.890. Mean pair a 0.8567, mean pair |q| 0.2544.
Per-subject mean deviation (two runs): [-0.00890 -0.00631 -0.00775 -0.00567 -0.00676 -0.00454 -0.00484 -0.00705 -0.00863 -0.01276 -0.00414 -0.00889 -0.01393 -0.00316]
Reading under the pre-run entry: negative.

done in 4 s
wrote /home/vilalius/dmt-phiid/notes/review_results/partB/crosslag_deviation_tables.md and crosslag_deviation.csv
=== 2026-09-16 14:01:51  notes/partB11_regional_sts_r1.py   -> notes/review_results/partB/regional_sts_r1_run.log
# Regional MMI-sts against regional lag-1 autocorrelation, placebo run, pre-injection (partB11_regional_sts_r1.py; git=d145e1c; seed=20261120)

Regional sts = mean over the region's 114 pairs of the global-fit local sts (scripts/11 atoms), placebo run, bins 1–8, mean over subjects; regional r₁ = windowed lag-1 autocorrelation (W = 60, windows 1–4, standardised within window), mean over windows and subjects; ts_gsr; 115 regions. Prediction recorded before the run (analysis_record.md, pre-run entry of 15 Sep 2026): positive correlation of regional sts with regional r₁ if the spatial-map exposure is real on these data. Spin test: Vasa rotations of the 100 Schaefer parcels (10,000, both directions), region 20 NaN, two-sided p and Vasa one-sided-average p.

Regional r₁: mean 0.8455, min 0.8118, max 0.8742 (windowed); whole-span TRs 0–239: mean 0.8618, r(windowed, span) across regions +0.9633. Regional sts: mean 1.2893, min 1.1248, max 1.3635; regional rtr: mean 0.0225, min 0.0033, max 0.0416.

| map | against | Pearson r (115) | Spearman ρ (115) | Spearman ρ (99 cortical) | spin p two-sided | Vasa p | null SD |
|---|---|---|---|---|---|---|---|
| sts | r₁ windowed | +0.863 | +0.835 | +0.771 | 0.0000 | 0.0000 | 0.131 |
| sts | r₁ whole-span | +0.908 | +0.887 | +0.827 | 0.0000 | 0.0000 | 0.133 |
| rtr | r₁ windowed | +0.638 | +0.635 | +0.504 | 0.0002 | 0.0002 | 0.137 |
| rtr | r₁ whole-span | +0.661 | +0.640 | +0.494 | 0.0003 | 0.0003 | 0.141 |
| sts − rtr | r₁ windowed | +0.792 | +0.729 | +0.618 | 0.0000 | 0.0000 | 0.115 |
| sts − rtr | r₁ whole-span | +0.837 | +0.780 | +0.672 | 0.0000 | 0.0000 | 0.116 |

Per-subject Pearson r(regional sts, regional r₁) across the 115 regions: mean +0.756 [+0.715, +0.790] (subject bootstrap), min +0.563, max +0.867, positive in 14/14.
Per-subject Pearson r(regional sts − rtr, regional r₁): mean +0.711, positive in 14/14.
Share of the between-region variance of sts carried by regional r₁ (r² of the 115-region Pearson): 0.745. SD across regions: sts 0.0447, rtr 0.0098, r₁ 0.0125.
Cortical (99) vs subcortical (16) means: sts 1.3015 vs 1.2143; r₁ 0.8482 vs 0.8288.
Reading under the pre-run entry: the pre-specified correlation (regional sts vs windowed regional r₁, Pearson) is positive (+0.863; spin p = 0.0000 on the 99 cortical parcels).

done in 40 s; wrote /home/vilalius/dmt-phiid/notes/review_results/partB/regional_sts_r1_tables.md and regional_sts_r1.csv
=== 2026-09-16 14:02:33  scripts/15_figures_v2.py   -> results/run_15_figures_v2.log
wrote /home/vilalius/dmt-phiid/manuscript/figures/fig1_v2_atoms_mmi_ccs.png
wrote /home/vilalius/dmt-phiid/manuscript/figures/fig2_v2_scope_map.png
wrote /home/vilalius/dmt-phiid/manuscript/figures/fig3_v2_per_subject.png
wrote /home/vilalius/dmt-phiid/manuscript/figures/fig4_v2_residual_diagnostic.png
wrote /home/vilalius/dmt-phiid/manuscript/figures/fig5_v2_lag_dependence.png
wrote /home/vilalius/dmt-phiid/manuscript/figures/captions_v2.md
=== all done in 51 min
