=== 2026-09-26 14:58:23  scripts/00_verify.py   -> results/run_00_verify.log
==============================================================
DATA
==============================================================
  [PASS] data directory present  external/DMT_NCT/data
  [PASS] variant 'ts' present
  [PASS] variant 'ts_demean' present
  [PASS] variant 'ts_gsr' present
  [PASS] variant 'ts_z' present
  [PASS] shape is (14 subjects, 2 conditions)  (14, 2)
  [PASS] timeseries is (116 regions, 840 TRs)  (116, 840)
  [PASS] timeseries is finite
  [PASS] DMT ratings are (14, 28)  (14, 28)
  [PASS] ratings are per-subject, not group-mean
  [PASS] TRs divide evenly into rating bins  30 TRs per bin
  [PASS] DMT intensity exceeds placebo  DMT 2.81 vs PCB 0.03
  [PASS] structural connectome is (116, 116)
  [PASS] 5-HT2A map present and (116, 1)
  [PASS] framewise displacement is (840, 14)

==============================================================
METHOD
==============================================================
  [PASS] phyid imports
  [PASS] returns 16 atoms  (16, 839)
  [PASS] atoms are finite
  [PASS] synergy atom 'sts' present
  [PASS] redundancy atom 'rtr' present
  [INFO] 1.7 ms/pair
  [INFO] full pairwise run ~5.2 min single-core
  [PASS] full run under 60 min

==============================================================
ALL CHECKS PASSED
==============================================================
=== 2026-09-26 14:58:25  scripts/02_bias_check.py --n-runs 20000   -> results/run_02_bias_check_n20000.log
[baseline] a=(0.5, 0.5) c=(0.1, 0.1) q=0.2 s=(1.0, 1.0)  autocorr=(0.53,0.53) corr(x,y)=0.33
    analytic sts=0.2619 rtr=0.0359  single-target MIs I_xta=0.1668 I_xtb=0.0359 I_yta=0.0359 I_ytb=0.1668  (2 of 4 tied at the min)
    W= 30  sts: bias=-0.1826 (oracle-sel -0.0831) sd=0.0883  rtr: bias=-0.0094 (oracle-sel +0.0178) sd=0.0413  flip rtr=0.135 any=0.467  (3s)
    W= 60  sts: bias=-0.1289 (oracle-sel -0.0413) sd=0.0897  rtr: bias=-0.0081 (oracle-sel +0.0079) sd=0.0322  flip rtr=0.028 any=0.152  (5s)
    W=840  sts: bias=-0.0291 (oracle-sel -0.0032) sd=0.0311  rtr: bias=-0.0037 (oracle-sel +0.0006) sd=0.0104  flip rtr=0.000 any=0.000  (9s)
[shift_coupling] a=(0.5, 0.5) c=(0.3, 0.3) q=0.2 s=(1.0, 1.0)  autocorr=(0.68,0.68) corr(x,y)=0.60
    analytic sts=0.1948 rtr=0.2231  single-target MIs I_xta=0.3103 I_xtb=0.2231 I_yta=0.2231 I_ytb=0.3103  (2 of 4 tied at the min)
    W= 30  sts: bias=-0.1359 (oracle-sel -0.0699) sd=0.0728  rtr: bias=-0.1132 (oracle-sel -0.0560) sd=0.1046  flip rtr=0.302 any=0.727  (12s)
    W= 60  sts: bias=-0.1168 (oracle-sel -0.0338) sd=0.0723  rtr: bias=-0.0699 (oracle-sel -0.0273) sd=0.0967  flip rtr=0.170 any=0.566  (15s)
    W=840  sts: bias=-0.0363 (oracle-sel -0.0026) sd=0.0330  rtr: bias=-0.0130 (oracle-sel -0.0039) sd=0.0316  flip rtr=0.000 any=0.001  (19s)
[shift_noisecorr] a=(0.5, 0.5) c=(0.1, 0.1) q=0.6 s=(1.0, 1.0)  autocorr=(0.57,0.57) corr(x,y)=0.68
    analytic sts=0.1948 rtr=0.1076  single-target MIs I_xta=0.1948 I_xtb=0.1076 I_yta=0.1076 I_ytb=0.1948  (2 of 4 tied at the min)
    W= 30  sts: bias=-0.1309 (oracle-sel -0.0585) sd=0.0716  rtr: bias=-0.0406 (oracle-sel -0.0031) sd=0.0711  flip rtr=0.162 any=0.640  (21s)
    W= 60  sts: bias=-0.0987 (oracle-sel -0.0294) sd=0.0746  rtr: bias=-0.0300 (oracle-sel -0.0061) sd=0.0565  flip rtr=0.051 any=0.361  (24s)
    W=840  sts: bias=-0.0259 (oracle-sel -0.0022) sd=0.0265  rtr: bias=-0.0065 (oracle-sel +0.0004) sd=0.0184  flip rtr=0.000 any=0.000  (28s)
[asym_baseline] a=(0.55, 0.4) c=(0.15, 0.05) q=0.2 s=(1.0, 1.4)  autocorr=(0.60,0.41) corr(x,y)=0.31
    analytic sts=0.0942 rtr=0.0137  single-target MIs I_xta=0.2278 I_xtb=0.0137 I_yta=0.0644 I_ytb=0.0934  (1 of 4 tied at the min)
    W= 30  sts: bias=-0.0354 (oracle-sel -0.0360) sd=0.0761  rtr: bias=+0.0075 (oracle-sel +0.0208) sd=0.0323  flip rtr=0.399 any=0.840  (30s)
    W= 60  sts: bias=-0.0156 (oracle-sel -0.0227) sd=0.0736  rtr: bias=+0.0063 (oracle-sel +0.0099) sd=0.0265  flip rtr=0.193 any=0.653  (33s)
    W=840  sts: bias=-0.0000 (oracle-sel -0.0003) sd=0.0282  rtr: bias=+0.0006 (oracle-sel +0.0006) sd=0.0072  flip rtr=0.000 any=0.042  (37s)
[asym_shift_coupling] a=(0.55, 0.4) c=(0.35, 0.2) q=0.2 s=(1.0, 1.4)  autocorr=(0.73,0.50) corr(x,y)=0.50
    analytic sts=0.0380 rtr=0.0860  single-target MIs I_xta=0.3759 I_xtb=0.0860 I_yta=0.2518 I_ytb=0.1430  (1 of 4 tied at the min)
    W= 30  sts: bias=-0.0061 (oracle-sel +0.0019) sd=0.0463  rtr: bias=-0.0319 (oracle-sel -0.0177) sd=0.0664  flip rtr=0.324 any=0.716  (39s)
    W= 60  sts: bias=-0.0071 (oracle-sel -0.0005) sd=0.0367  rtr: bias=-0.0189 (oracle-sel -0.0112) sd=0.0578  flip rtr=0.218 any=0.546  (42s)
    W=840  sts: bias=-0.0001 (oracle-sel -0.0001) sd=0.0096  rtr: bias=-0.0014 (oracle-sel -0.0014) sd=0.0196  flip rtr=0.000 any=0.003  (46s)
[asym_shift_noisecorr] a=(0.55, 0.4) c=(0.15, 0.05) q=0.6 s=(1.0, 1.4)  autocorr=(0.66,0.43) corr(x,y)=0.64
    analytic sts=0.0396 rtr=0.0469  single-target MIs I_xta=0.2859 I_xtb=0.0469 I_yta=0.1601 I_ytb=0.1011  (1 of 4 tied at the min)
    W= 30  sts: bias=+0.0007 (oracle-sel -0.0034) sd=0.0503  rtr: bias=-0.0058 (oracle-sel +0.0031) sd=0.0527  flip rtr=0.303 any=0.636  (49s)
    W= 60  sts: bias=+0.0016 (oracle-sel -0.0015) sd=0.0386  rtr: bias=-0.0028 (oracle-sel -0.0002) sd=0.0407  flip rtr=0.141 any=0.351  (51s)
    W=840  sts: bias=-0.0003 (oracle-sel -0.0003) sd=0.0099  rtr: bias=+0.0003 (oracle-sel +0.0003) sd=0.0127  flip rtr=0.000 any=0.000  (55s)

NON-STATIONARY conditions
[nonstat_step_coupling] true sts per bin: 0.094 0.094 0.094 0.094 0.094 0.094 0.094 0.094 0.038 0.038 0.038 0.038 0.038 0.038 0.038 0.038 0.038 0.038 0.038 0.038 0.038 0.038 0.038 0.038 0.038 0.038 0.038 0.038
    simulated + estimated 20000 runs (1076s)
    W= 30 sts pre/post-switch means: true 0.0942->0.0380 (Δ -0.0562)  est 0.0584->0.0316 (Δ -0.0268, 48% of true)
    W= 60 sts pre/post-switch means: true 0.0942->0.0380 (Δ -0.0562)  est 0.0775->0.0302 (Δ -0.0473, 84% of true)
    global fit sts: est 0.0459  regimes pre 0.0942 / peak 0.0380  weighted-mean truth 0.0541  mixture-cov truth 0.0463
[nonstat_step_noisecorr] true sts per bin: 0.094 0.094 0.094 0.094 0.094 0.094 0.094 0.094 0.040 0.040 0.040 0.040 0.040 0.040 0.040 0.040 0.040 0.040 0.040 0.040 0.040 0.040 0.040 0.040 0.040 0.040 0.040 0.040
    simulated + estimated 20000 runs (2101s)
    W= 30 sts pre/post-switch means: true 0.0942->0.0396 (Δ -0.0546)  est 0.0589->0.0435 (Δ -0.0154, 28% of true)
    W= 60 sts pre/post-switch means: true 0.0942->0.0396 (Δ -0.0546)  est 0.0778->0.0414 (Δ -0.0364, 67% of true)
    global fit sts: est 0.0457  regimes pre 0.0942 / peak 0.0396  weighted-mean truth 0.0552  mixture-cov truth 0.0457
[nonstat_decay_coupling] true sts per bin: 0.094 0.094 0.094 0.094 0.094 0.094 0.094 0.094 0.040 0.038 0.039 0.042 0.045 0.047 0.049 0.051 0.053 0.055 0.057 0.064 0.068 0.074 0.076 0.079 0.083 0.085 0.084 0.088
    simulated + estimated 20000 runs (3132s)
    W= 30 sts pre/post-switch means: true 0.0942->0.0609 (Δ -0.0333)  est 0.0589->0.0467 (Δ -0.0122, 37% of true)
    W= 60 sts pre/post-switch means: true 0.0942->0.0609 (Δ -0.0333)  est 0.0783->0.0555 (Δ -0.0229, 69% of true)
    global fit sts: est 0.0622  regimes pre 0.0942 / peak 0.0380  weighted-mean truth 0.0704  mixture-cov truth 0.0574
    W= 30 M=1338: S_boot=0.713 [0.556,0.889]  S_analytic=0.710 [0.537,0.844] over 18 decay pairs;  R=0.958 [0.907,0.989] over 19 windows (truth rho=-1.00)
    W= 30 M= 742: S_boot=0.667 [0.500,0.833]  S_analytic=0.666 [0.529,0.784] over 18 decay pairs;  R=0.938 [0.867,0.982] over 19 windows (truth rho=-1.00)
    W= 60 M=1338: S_boot=0.924 [0.778,1.000]  S_analytic=0.923 [0.851,0.966] over 9 decay pairs;  R=0.990 [0.964,1.000] over 10 windows (truth rho=-1.00)  -> adjacent PASS, full-decay PASS
    W= 60 M= 742: S_boot=0.890 [0.667,1.000]  S_analytic=0.887 [0.821,0.935] over 9 decay pairs;  R=0.984 [0.939,1.000] over 10 windows (truth rho=-1.00)  -> adjacent PASS, full-decay PASS
[nonstat_decay_noisecorr] true sts per bin: 0.094 0.094 0.094 0.094 0.094 0.094 0.094 0.094 0.041 0.040 0.041 0.043 0.045 0.048 0.050 0.052 0.054 0.059 0.068 0.073 0.076 0.080 0.081 0.084 0.086 0.087 0.087 0.090
    simulated + estimated 20000 runs (4156s)
    W= 30 sts pre/post-switch means: true 0.0942->0.0641 (Δ -0.0302)  est 0.0585->0.0513 (Δ -0.0072, 24% of true)
    W= 60 sts pre/post-switch means: true 0.0942->0.0640 (Δ -0.0302)  est 0.0777->0.0613 (Δ -0.0164, 54% of true)
    global fit sts: est 0.0671  regimes pre 0.0942 / peak 0.0396  weighted-mean truth 0.0727  mixture-cov truth 0.0646
    W= 30 M=1338: S_boot=0.622 [0.444,0.778]  S_analytic=0.622 [0.429,0.788] over 18 decay pairs;  R=0.917 [0.833,0.972] over 19 windows (truth rho=-1.00)
    W= 30 M= 742: S_boot=0.592 [0.444,0.778]  S_analytic=0.593 [0.447,0.728] over 18 decay pairs;  R=0.879 [0.763,0.954] over 19 windows (truth rho=-1.00)
    W= 60 M=1338: S_boot=0.866 [0.667,1.000]  S_analytic=0.861 [0.763,0.931] over 9 decay pairs;  R=0.976 [0.927,1.000] over 10 windows (truth rho=-1.00)  -> adjacent PASS, full-decay PASS  [UNDETERMINED: interval straddles threshold]
    W= 60 M= 742: S_boot=0.826 [0.667,1.000]  S_analytic=0.823 [0.735,0.892] over 9 decay pairs;  R=0.964 [0.903,1.000] over 10 windows (truth rho=-1.00)  -> adjacent PASS, full-decay PASS  [UNDETERMINED: interval straddles threshold]
[nonstat_step_ar] true sts per bin: 1.384 1.384 1.384 1.384 1.384 1.384 1.384 1.384 1.328 1.328 1.328 1.328 1.328 1.328 1.328 1.328 1.328 1.328 1.328 1.328 1.328 1.328 1.328 1.328 1.328 1.328 1.328 1.328
    simulated + estimated 20000 runs (5162s)
    W= 30 sts pre/post-switch means: true 1.3844->1.3284 (Δ -0.0560)  est 0.4835->0.4695 (Δ -0.0140, 25% of true)
    W= 60 sts pre/post-switch means: true 1.3844->1.3284 (Δ -0.0560)  est 0.8065->0.7800 (Δ -0.0265, 47% of true)
    global fit sts: est 1.2680  regimes pre 1.3844 / peak 1.3284  weighted-mean truth 1.3444  mixture-cov truth 1.3447

BIAS (estimate - analytic), 95% CI, SD across windows; oracle-sel = bias with MMI selections forced to the analytic choice; flip = fraction of windows with a wrong rtr / any selection
condition                W atom  analytic     bias               [CI]      sd   oracle flip-rtr flip-any
baseline                30 sts     0.2619  -0.1826 [-0.1865,-0.1787]  0.0883  -0.0831    0.135    0.467
baseline                30 rtr     0.0359  -0.0094 [-0.0112,-0.0075]  0.0413  +0.0178    0.135    0.467
baseline                60 sts     0.2619  -0.1289 [-0.1329,-0.1250]  0.0897  -0.0413    0.028    0.152
baseline                60 rtr     0.0359  -0.0081 [-0.0095,-0.0067]  0.0322  +0.0079    0.028    0.152
baseline               840 sts     0.2619  -0.0291 [-0.0305,-0.0278]  0.0311  -0.0032    0.000    0.000
baseline               840 rtr     0.0359  -0.0037 [-0.0041,-0.0032]  0.0104  +0.0006    0.000    0.000
shift_coupling          30 sts     0.1948  -0.1359 [-0.1391,-0.1327]  0.0728  -0.0699    0.302    0.727
shift_coupling          30 rtr     0.2231  -0.1132 [-0.1178,-0.1086]  0.1046  -0.0560    0.302    0.727
shift_coupling          60 sts     0.1948  -0.1168 [-0.1200,-0.1136]  0.0723  -0.0338    0.170    0.566
shift_coupling          60 rtr     0.2231  -0.0699 [-0.0741,-0.0656]  0.0967  -0.0273    0.170    0.566
shift_coupling         840 sts     0.1948  -0.0363 [-0.0377,-0.0348]  0.0330  -0.0026    0.000    0.001
shift_coupling         840 rtr     0.2231  -0.0130 [-0.0144,-0.0117]  0.0316  -0.0039    0.000    0.001
shift_noisecorr         30 sts     0.1948  -0.1309 [-0.1340,-0.1278]  0.0716  -0.0585    0.162    0.640
shift_noisecorr         30 rtr     0.1076  -0.0406 [-0.0438,-0.0375]  0.0711  -0.0031    0.162    0.640
shift_noisecorr         60 sts     0.1948  -0.0987 [-0.1019,-0.0954]  0.0746  -0.0294    0.051    0.361
shift_noisecorr         60 rtr     0.1076  -0.0300 [-0.0325,-0.0275]  0.0565  -0.0061    0.051    0.361
shift_noisecorr        840 sts     0.1948  -0.0259 [-0.0271,-0.0248]  0.0265  -0.0022    0.000    0.000
shift_noisecorr        840 rtr     0.1076  -0.0065 [-0.0073,-0.0056]  0.0184  +0.0004    0.000    0.000
asym_baseline           30 sts     0.0942  -0.0354 [-0.0388,-0.0321]  0.0761  -0.0360    0.399    0.840
asym_baseline           30 rtr     0.0137  +0.0075 [+0.0061,+0.0089]  0.0323  +0.0208    0.399    0.840
asym_baseline           60 sts     0.0942  -0.0156 [-0.0188,-0.0124]  0.0736  -0.0227    0.193    0.653
asym_baseline           60 rtr     0.0137  +0.0063 [+0.0051,+0.0074]  0.0265  +0.0099    0.193    0.653
asym_baseline          840 sts     0.0942  -0.0000 [-0.0012,+0.0012]  0.0282  -0.0003    0.000    0.042
asym_baseline          840 rtr     0.0137  +0.0006 [+0.0003,+0.0010]  0.0072  +0.0006    0.000    0.042
asym_shift_coupling     30 sts     0.0380  -0.0061 [-0.0081,-0.0041]  0.0463  +0.0019    0.324    0.716
asym_shift_coupling     30 rtr     0.0860  -0.0319 [-0.0348,-0.0290]  0.0664  -0.0177    0.324    0.716
asym_shift_coupling     60 sts     0.0380  -0.0071 [-0.0088,-0.0055]  0.0367  -0.0005    0.218    0.546
asym_shift_coupling     60 rtr     0.0860  -0.0189 [-0.0215,-0.0164]  0.0578  -0.0112    0.218    0.546
asym_shift_coupling    840 sts     0.0380  -0.0001 [-0.0006,+0.0003]  0.0096  -0.0001    0.000    0.003
asym_shift_coupling    840 rtr     0.0860  -0.0014 [-0.0023,-0.0006]  0.0196  -0.0014    0.000    0.003
asym_shift_noisecorr    30 sts     0.0396  +0.0007 [-0.0015,+0.0029]  0.0503  -0.0034    0.303    0.636
asym_shift_noisecorr    30 rtr     0.0469  -0.0058 [-0.0081,-0.0035]  0.0527  +0.0031    0.303    0.636
asym_shift_noisecorr    60 sts     0.0396  +0.0016 [-0.0001,+0.0032]  0.0386  -0.0015    0.141    0.351
asym_shift_noisecorr    60 rtr     0.0469  -0.0028 [-0.0046,-0.0011]  0.0407  -0.0002    0.141    0.351
asym_shift_noisecorr   840 sts     0.0396  -0.0003 [-0.0008,+0.0001]  0.0099  -0.0003    0.000    0.000
asym_shift_noisecorr   840 rtr     0.0469  +0.0003 [-0.0003,+0.0008]  0.0127  +0.0003    0.000    0.000

DIFFERENTIAL BIAS  bias(shift) - bias(baseline)  vs  true effect
shift                    W atom true_diff  est_diff  diff_bias               [CI]  bias/eff   oracle
shift_coupling          30 sts    -0.0671   -0.0204    +0.0467 [+0.0417,+0.0517]    -0.696  +0.0132
shift_coupling          30 rtr    +0.1873   +0.0834    -0.1038 [-0.1087,-0.0989]    -0.554  -0.0738
shift_coupling          60 sts    -0.0671   -0.0550    +0.0121 [+0.0071,+0.0172]    -0.181  +0.0075
shift_coupling          60 rtr    +0.1873   +0.1255    -0.0618 [-0.0663,-0.0573]    -0.330  -0.0351
shift_coupling         840 sts    -0.0671   -0.0743    -0.0072 [-0.0091,-0.0052]    +0.107  +0.0006
shift_coupling         840 rtr    +0.1873   +0.1779    -0.0094 [-0.0108,-0.0079]    -0.050  -0.0045
shift_noisecorr         30 sts    -0.0671   -0.0154    +0.0517 [+0.0467,+0.0567]    -0.770  +0.0246
shift_noisecorr         30 rtr    +0.0717   +0.0404    -0.0313 [-0.0349,-0.0277]    -0.436  -0.0209
shift_noisecorr         60 sts    -0.0671   -0.0368    +0.0303 [+0.0252,+0.0354]    -0.451  +0.0119
shift_noisecorr         60 rtr    +0.0717   +0.0498    -0.0219 [-0.0248,-0.0191]    -0.306  -0.0139
shift_noisecorr        840 sts    -0.0671   -0.0639    +0.0032 [+0.0014,+0.0050]    -0.048  +0.0010
shift_noisecorr        840 rtr    +0.0717   +0.0689    -0.0028 [-0.0037,-0.0018]    -0.039  -0.0002
asym_shift_coupling     30 sts    -0.0562   -0.0268    +0.0293 [+0.0254,+0.0332]    -0.522  +0.0379
asym_shift_coupling     30 rtr    +0.0723   +0.0329    -0.0394 [-0.0426,-0.0362]    -0.545  -0.0386
asym_shift_coupling     60 sts    -0.0562   -0.0477    +0.0085 [+0.0049,+0.0121]    -0.151  +0.0221
asym_shift_coupling     60 rtr    +0.0723   +0.0471    -0.0252 [-0.0280,-0.0224]    -0.348  -0.0211
asym_shift_coupling    840 sts    -0.0562   -0.0563    -0.0001 [-0.0014,+0.0012]    +0.003  +0.0002
asym_shift_coupling    840 rtr    +0.0723   +0.0702    -0.0021 [-0.0030,-0.0012]    -0.029  -0.0021
asym_shift_noisecorr    30 sts    -0.0546   -0.0185    +0.0361 [+0.0321,+0.0401]    -0.661  +0.0327
asym_shift_noisecorr    30 rtr    +0.0332   +0.0199    -0.0133 [-0.0160,-0.0106]    -0.400  -0.0177
asym_shift_noisecorr    60 sts    -0.0546   -0.0374    +0.0172 [+0.0135,+0.0208]    -0.314  +0.0212
asym_shift_noisecorr    60 rtr    +0.0332   +0.0241    -0.0091 [-0.0112,-0.0070]    -0.274  -0.0101
asym_shift_noisecorr   840 sts    -0.0546   -0.0549    -0.0003 [-0.0017,+0.0010]    +0.006  -0.0000
asym_shift_noisecorr   840 rtr    +0.0332   +0.0328    -0.0004 [-0.0010,+0.0003]    -0.012  -0.0004

TRACKING CRITERIA  S = mean fraction of correctly signed adjacent decay pairs;  R = mean sign-corrected Spearman(pooled sts, intensity) over decay windows;  pooled mean of M runs
nonstat_decay_coupling   W= 30 M= 1338 S_boot=0.713 S_an=0.710 [0.537,0.844]  R=+0.958 [+0.907,+0.989]  report   adj FAIL  full PASS
nonstat_decay_coupling   W= 30 M=  742 S_boot=0.667 S_an=0.666 [0.529,0.784]  R=+0.938 [+0.867,+0.982]  report   adj FAIL  full PASS
nonstat_decay_coupling   W= 30 M=  151 S_boot=0.579 S_an=0.580 [0.514,0.644]  R=+0.832 [+0.682,+0.937]  report   adj FAIL  full PASS
nonstat_decay_coupling   W= 60 M= 1338 S_boot=0.924 S_an=0.923 [0.851,0.966]  R=+0.990 [+0.964,+1.000]  DECIDES  adj PASS  full PASS
nonstat_decay_coupling   W= 60 M=  742 S_boot=0.890 S_an=0.887 [0.821,0.935]  R=+0.984 [+0.939,+1.000]  DECIDES  adj PASS  full PASS
nonstat_decay_coupling   W= 60 M=  151 S_boot=0.766 S_an=0.760 [0.710,0.806]  R=+0.942 [+0.830,+1.000]  report   adj FAIL  full PASS
nonstat_decay_noisecorr  W= 30 M= 1338 S_boot=0.622 S_an=0.622 [0.429,0.788]  R=+0.917 [+0.833,+0.972]  report   adj FAIL  full PASS
nonstat_decay_noisecorr  W= 30 M=  742 S_boot=0.592 S_an=0.593 [0.447,0.728]  R=+0.879 [+0.763,+0.954]  report   adj FAIL  full PASS
nonstat_decay_noisecorr  W= 30 M=  151 S_boot=0.544 S_an=0.543 [0.476,0.610]  R=+0.678 [+0.381,+0.870]  report   adj FAIL  full FAIL
nonstat_decay_noisecorr  W= 60 M= 1338 S_boot=0.866 S_an=0.861 [0.763,0.931]  R=+0.976 [+0.927,+1.000]  DECIDES  adj PASS  full PASS  UNDETERMINED
nonstat_decay_noisecorr  W= 60 M=  742 S_boot=0.826 S_an=0.823 [0.735,0.892]  R=+0.964 [+0.903,+1.000]  DECIDES  adj PASS  full PASS  UNDETERMINED
nonstat_decay_noisecorr  W= 60 M=  151 S_boot=0.694 S_an=0.695 [0.637,0.749]  R=+0.904 [+0.769,+0.988]  report   adj FAIL  full PASS

PRE-REGISTERED VERDICT at W=60, M in (1338, 742), threshold 0.8, both decay conditions, tier 1 on S_analytic: adjacent-pair PASS; full-decay PASS  -> outcome tier 1: adjacent-pair tracking
UNDETERMINED: an interval straddles the threshold in a deciding cell; repeat with --n-runs 20000 before assigning a tier.
max |S_boot - S_analytic| over deciding cells: 0.005  (N_RUNS=20000, M/N_RUNS = 0.07, 0.04)

wrote results/bias_check.csv
wrote results/bias_check_differential.csv
wrote results/bias_check_nonstat.csv
wrote results/bias_check_nonstat_global.csv
wrote results/bias_check_nonstat_tracking.csv
wrote results/bias_check_nonstat_criterion.csv
total 5162.1s
=== 2026-09-26 16:24:28  scripts/02_bias_check.py --only-nonstat nonstat_step_ar --out results/nonstat_ar_step --n-runs 2000   -> results/run_nonstat_ar_step.log
(nothing to write for bias_check.csv)
(nothing to write for bias_check_differential.csv)

NON-STATIONARY conditions
[nonstat_step_ar] true sts per bin: 1.384 1.384 1.384 1.384 1.384 1.384 1.384 1.384 1.328 1.328 1.328 1.328 1.328 1.328 1.328 1.328 1.328 1.328 1.328 1.328 1.328 1.328 1.328 1.328 1.328 1.328 1.328 1.328
    simulated + estimated 2000 runs (97s)
    W= 30 sts pre/post-switch means: true 1.3844->1.3284 (Δ -0.0560)  est 0.4869->0.4685 (Δ -0.0184, 33% of true)
    W= 60 sts pre/post-switch means: true 1.3844->1.3284 (Δ -0.0560)  est 0.8084->0.7774 (Δ -0.0311, 55% of true)
    global fit sts: est 1.2694  regimes pre 1.3844 / peak 1.3284  weighted-mean truth 1.3444  mixture-cov truth 1.3447
(nothing to write for bias_check_nonstat_tracking.csv)
(nothing to write for bias_check_nonstat_criterion.csv)

BIAS (estimate - analytic), 95% CI, SD across windows; oracle-sel = bias with MMI selections forced to the analytic choice; flip = fraction of windows with a wrong rtr / any selection
condition                W atom  analytic     bias               [CI]      sd   oracle flip-rtr flip-any

DIFFERENTIAL BIAS  bias(shift) - bias(baseline)  vs  true effect
shift                    W atom true_diff  est_diff  diff_bias               [CI]  bias/eff   oracle

TRACKING CRITERIA  S = mean fraction of correctly signed adjacent decay pairs;  R = mean sign-corrected Spearman(pooled sts, intensity) over decay windows;  pooled mean of M runs

wrote results/nonstat_ar_step/bias_check.csv
wrote results/nonstat_ar_step/bias_check_differential.csv
wrote results/nonstat_ar_step/bias_check_nonstat.csv
wrote results/nonstat_ar_step/bias_check_nonstat_global.csv
wrote results/nonstat_ar_step/bias_check_nonstat_tracking.csv
wrote results/nonstat_ar_step/bias_check_nonstat_criterion.csv
total 97.4s
=== 2026-09-26 16:26:06  scripts/04_logdet_correction_check.py   -> results/run_logdet_correction_check.log
(a) analytic correction per window-mean atom, nats, ADDED to the plug-in estimate
    every MMI candidate set compares MIs of identical dimensions -> no selection can change
    W= 30 N= 29: rtr=-0.01886  rts=-0.01960  str=-0.01960  sts=-0.02040   (sts prediction -0.5[psi((N-3)/2)-psi((N-4)/2)] = -0.02040: matches)
    W= 60 N= 59: rtr=-0.00885  rts=-0.00901  str=-0.00901  sts=-0.00917   (sts prediction -0.5[psi((N-3)/2)-psi((N-4)/2)] = -0.00917: matches)
    W=840 N=839: rtr=-0.00060  rts=-0.00060  str=-0.00060  sts=-0.00060   (sts prediction -0.5[psi((N-3)/2)-psi((N-4)/2)] = -0.00060: matches)

(b) per-condition bias, plug-in vs corrected, from 18ad8b4 tables
    baseline               W= 30 sts: analytic +0.2619  bias -0.1826 -> -0.2030  (|corrected| =  77.5 % of analytic)
    baseline               W= 30 rtr: analytic +0.0359  bias -0.0094 -> -0.0282  (|corrected| =  78.6 % of analytic)
    baseline               W= 60 sts: analytic +0.2619  bias -0.1289 -> -0.1381  (|corrected| =  52.7 % of analytic)
    baseline               W= 60 rtr: analytic +0.0359  bias -0.0081 -> -0.0170  (|corrected| =  47.2 % of analytic)
    baseline               W=840 sts: analytic +0.2619  bias -0.0291 -> -0.0297  (|corrected| =  11.4 % of analytic)
    baseline               W=840 rtr: analytic +0.0359  bias -0.0037 -> -0.0043  (|corrected| =  11.9 % of analytic)
    shift_coupling         W= 30 sts: analytic +0.1948  bias -0.1359 -> -0.1563  (|corrected| =  80.2 % of analytic)
    shift_coupling         W= 30 rtr: analytic +0.2231  bias -0.1132 -> -0.1320  (|corrected| =  59.2 % of analytic)
    shift_coupling         W= 60 sts: analytic +0.1948  bias -0.1168 -> -0.1260  (|corrected| =  64.7 % of analytic)
    shift_coupling         W= 60 rtr: analytic +0.2231  bias -0.0699 -> -0.0787  (|corrected| =  35.3 % of analytic)
    shift_coupling         W=840 sts: analytic +0.1948  bias -0.0363 -> -0.0369  (|corrected| =  18.9 % of analytic)
    shift_coupling         W=840 rtr: analytic +0.2231  bias -0.0130 -> -0.0136  (|corrected| =   6.1 % of analytic)
    shift_noisecorr        W= 30 sts: analytic +0.1948  bias -0.1309 -> -0.1513  (|corrected| =  77.7 % of analytic)
    shift_noisecorr        W= 30 rtr: analytic +0.1076  bias -0.0406 -> -0.0595  (|corrected| =  55.3 % of analytic)
    shift_noisecorr        W= 60 sts: analytic +0.1948  bias -0.0987 -> -0.1078  (|corrected| =  55.4 % of analytic)
    shift_noisecorr        W= 60 rtr: analytic +0.1076  bias -0.0300 -> -0.0389  (|corrected| =  36.1 % of analytic)
    shift_noisecorr        W=840 sts: analytic +0.1948  bias -0.0259 -> -0.0265  (|corrected| =  13.6 % of analytic)
    shift_noisecorr        W=840 rtr: analytic +0.1076  bias -0.0065 -> -0.0070  (|corrected| =   6.6 % of analytic)
    asym_baseline          W= 30 sts: analytic +0.0942  bias -0.0354 -> -0.0558  (|corrected| =  59.2 % of analytic)
    asym_baseline          W= 30 rtr: analytic +0.0137  bias +0.0075 -> -0.0113  (|corrected| =  83.1 % of analytic)
    asym_baseline          W= 60 sts: analytic +0.0942  bias -0.0156 -> -0.0248  (|corrected| =  26.3 % of analytic)
    asym_baseline          W= 60 rtr: analytic +0.0137  bias +0.0063 -> -0.0026  (|corrected| =  19.0 % of analytic)
    asym_baseline          W=840 sts: analytic +0.0942  bias -0.0000 -> -0.0006  (|corrected| =   0.6 % of analytic)
    asym_baseline          W=840 rtr: analytic +0.0137  bias +0.0006 -> +0.0000  (|corrected| =   0.3 % of analytic)
    asym_shift_coupling    W= 30 sts: analytic +0.0380  bias -0.0061 -> -0.0265  (|corrected| =  69.6 % of analytic)
    asym_shift_coupling    W= 30 rtr: analytic +0.0860  bias -0.0319 -> -0.0507  (|corrected| =  59.0 % of analytic)
    asym_shift_coupling    W= 60 sts: analytic +0.0380  bias -0.0072 -> -0.0163  (|corrected| =  42.9 % of analytic)
    asym_shift_coupling    W= 60 rtr: analytic +0.0860  bias -0.0189 -> -0.0278  (|corrected| =  32.3 % of analytic)
    asym_shift_coupling    W=840 sts: analytic +0.0380  bias -0.0001 -> -0.0007  (|corrected| =   2.0 % of analytic)
    asym_shift_coupling    W=840 rtr: analytic +0.0860  bias -0.0014 -> -0.0020  (|corrected| =   2.4 % of analytic)
    asym_shift_noisecorr   W= 30 sts: analytic +0.0396  bias +0.0007 -> -0.0197  (|corrected| =  49.8 % of analytic)
    asym_shift_noisecorr   W= 30 rtr: analytic +0.0469  bias -0.0058 -> -0.0246  (|corrected| =  52.5 % of analytic)
    asym_shift_noisecorr   W= 60 sts: analytic +0.0396  bias +0.0016 -> -0.0076  (|corrected| =  19.2 % of analytic)
    asym_shift_noisecorr   W= 60 rtr: analytic +0.0469  bias -0.0028 -> -0.0117  (|corrected| =  24.9 % of analytic)
    asym_shift_noisecorr   W=840 sts: analytic +0.0396  bias -0.0003 -> -0.0009  (|corrected| =   2.4 % of analytic)
    asym_shift_noisecorr   W=840 rtr: analytic +0.0469  bias +0.0003 -> -0.0003  (|corrected| =   0.7 % of analytic)

    differential bias, plug-in vs corrected
    shift_coupling         W= 30 sts: true -0.0671  diff bias +0.0467 -> +0.0467  change -6.9e-18  ( 69.6 % of true)
    shift_coupling         W= 30 rtr: true +0.1873  diff bias -0.1038 -> -0.1038  change -1.4e-17  ( 55.4 % of true)
    shift_coupling         W= 60 sts: true -0.0671  diff bias +0.0121 -> +0.0121  change -1.7e-18  ( 18.1 % of true)
    shift_coupling         W= 60 rtr: true +0.1873  diff bias -0.0618 -> -0.0618  change -6.9e-18  ( 33.0 % of true)
    shift_coupling         W=840 sts: true -0.0671  diff bias -0.0072 -> -0.0072  change +5.2e-18  ( 10.7 % of true)
    shift_coupling         W=840 rtr: true +0.1873  diff bias -0.0094 -> -0.0094  change -3.5e-18  (  5.0 % of true)
    shift_noisecorr        W= 30 sts: true -0.0671  diff bias +0.0517 -> +0.0517  change +0.0e+00  ( 77.0 % of true)
    shift_noisecorr        W= 30 rtr: true +0.0717  diff bias -0.0313 -> -0.0313  change +1.0e-06  ( 43.6 % of true)
    shift_noisecorr        W= 60 sts: true -0.0671  diff bias +0.0303 -> +0.0303  change +0.0e+00  ( 45.1 % of true)
    shift_noisecorr        W= 60 rtr: true +0.0717  diff bias -0.0219 -> -0.0219  change +1.0e-06  ( 30.6 % of true)
    shift_noisecorr        W=840 sts: true -0.0671  diff bias +0.0032 -> +0.0032  change -3.5e-18  (  4.8 % of true)
    shift_noisecorr        W=840 rtr: true +0.0717  diff bias -0.0028 -> -0.0028  change +1.0e-06  (  3.9 % of true)
    asym_shift_coupling    W= 30 sts: true -0.0562  diff bias +0.0293 -> +0.0293  change +3.5e-18  ( 52.2 % of true)
    asym_shift_coupling    W= 30 rtr: true +0.0723  diff bias -0.0394 -> -0.0394  change +6.9e-18  ( 54.5 % of true)
    asym_shift_coupling    W= 60 sts: true -0.0562  diff bias +0.0085 -> +0.0085  change +0.0e+00  ( 15.1 % of true)
    asym_shift_coupling    W= 60 rtr: true +0.0723  diff bias -0.0252 -> -0.0252  change +3.5e-18  ( 34.8 % of true)
    asym_shift_coupling    W=840 sts: true -0.0562  diff bias -0.0001 -> -0.0001  change -3.0e-19  (  0.3 % of true)
    asym_shift_coupling    W=840 rtr: true +0.0723  diff bias -0.0021 -> -0.0021  change +1.3e-18  (  2.9 % of true)
    asym_shift_noisecorr   W= 30 sts: true -0.0546  diff bias +0.0361 -> +0.0361  change +0.0e+00  ( 66.1 % of true)
    asym_shift_noisecorr   W= 30 rtr: true +0.0332  diff bias -0.0133 -> -0.0133  change -1.0e-06  ( 40.0 % of true)
    asym_shift_noisecorr   W= 60 sts: true -0.0546  diff bias +0.0172 -> +0.0172  change -3.5e-18  ( 31.4 % of true)
    asym_shift_noisecorr   W= 60 rtr: true +0.0332  diff bias -0.0091 -> -0.0091  change -1.7e-18  ( 27.4 % of true)
    asym_shift_noisecorr   W=840 sts: true -0.0546  diff bias -0.0003 -> -0.0003  change -4.0e-18  (  0.6 % of true)
    asym_shift_noisecorr   W=840 rtr: true +0.0332  diff bias -0.0004 -> -0.0004  change -3.4e-18  (  1.2 % of true)

    max |change in differential bias| across all rows: 1.0e-06 (zero up to the tables' 6-decimal rounding)
    criterion, sts, W=30 -- clause 1 |bias| < 10 % of analytic: baseline 78 %, shift_coupling 80 %, shift_noisecorr 78 %, asym_baseline 59 %, asym_shift_coupling 70 %, asym_shift_noisecorr 50 % -> FAIL
    criterion, sts, W=30 -- clause 2 |diff bias| < 15 % of true: shift_coupling 70 %, shift_noisecorr 77 %, asym_shift_coupling 52 %, asym_shift_noisecorr 66 % -> FAIL
    branch: Primary B = W=60 uncorrected (fallback)

(c) empirical: correction applied inside the estimator, 500 simulated windows per cell
    baseline             W=30: selections changed in 0 windows; max |(corrected - plugin) - constant| over 16 atoms = 3.6e-16
    baseline             W=60: selections changed in 0 windows; max |(corrected - plugin) - constant| over 16 atoms = 5.9e-16
    asym_baseline        W=30: selections changed in 0 windows; max |(corrected - plugin) - constant| over 16 atoms = 3.3e-16
    asym_baseline        W=60: selections changed in 0 windows; max |(corrected - plugin) - constant| over 16 atoms = 5.2e-16
    asym_shift_coupling  W=30: selections changed in 0 windows; max |(corrected - plugin) - constant| over 16 atoms = 3.1e-16
    asym_shift_coupling  W=60: selections changed in 0 windows; max |(corrected - plugin) - constant| over 16 atoms = 4.4e-16

wrote results/logdet_correction_check.csv
=== 2026-09-26 16:26:11  scripts/05_tier_check_decay_windows.py --tables-dir results   -> results/run_tier_check_decay_windows.log
tables: results
  # script=02_bias_check.py tau=1 kind=gaussian redundancy=MMI n_windows=2000 burn_in=200 seed=20261120 git=c25a310 n_runs=20000 n_boot=2000 m_decide=1338/742 threshold=0.8
nonstat_decay_coupling     W=60 M=1338 prereg  windows  5-14 ( 9 pairs): S_analytic 0.923 [0.851, 0.966] pass | R 1.000 [0.964, 1.000] pass  [criterion table: S_analytic 0.923 [0.851, 0.966], R_boot 0.990 [0.964, 1.000]]
nonstat_decay_coupling     W=60 M=1338 primary windows  6-14 ( 8 pairs): S_analytic 0.925 [0.859, 0.966] pass | R 1.000 [0.950, 1.000] pass
nonstat_decay_coupling     W=60 M= 742 prereg  windows  5-14 ( 9 pairs): S_analytic 0.887 [0.821, 0.935] pass | R 1.000 [0.939, 1.000] pass  [criterion table: S_analytic 0.887 [0.821, 0.935], R_boot 0.984 [0.939, 1.000]]
nonstat_decay_coupling     W=60 M= 742 primary windows  6-14 ( 8 pairs): S_analytic 0.894 [0.832, 0.938] pass | R 1.000 [0.933, 1.000] pass
nonstat_decay_coupling     W=60 M= 151 prereg  windows  5-14 ( 9 pairs): S_analytic 0.760 [0.710, 0.806] FAIL straddles | R 1.000 [0.842, 1.000] pass  [criterion table: S_analytic 0.760 [0.710, 0.806], R_boot 0.942 [0.830, 1.000]]
nonstat_decay_coupling     W=60 M= 151 primary windows  6-14 ( 8 pairs): S_analytic 0.772 [0.722, 0.815] FAIL straddles | R 1.000 [0.783, 1.000] pass straddles
nonstat_decay_coupling     W=30 M=1338 prereg  windows 10-28 (18 pairs): S_analytic 0.710 [0.537, 0.844] FAIL straddles | R 0.995 [0.912, 0.989] pass  [criterion table: S_analytic 0.710 [0.537, 0.844], R_boot 0.958 [0.907, 0.989]]
nonstat_decay_coupling     W=30 M=1338 primary windows 11-28 (17 pairs): S_analytic 0.708 [0.537, 0.842] FAIL straddles | R 0.994 [0.893, 0.988] pass
nonstat_decay_coupling     W=30 M= 742 prereg  windows 10-28 (18 pairs): S_analytic 0.666 [0.529, 0.784] FAIL | R 0.995 [0.870, 0.982] pass  [criterion table: S_analytic 0.666 [0.529, 0.784], R_boot 0.938 [0.867, 0.982]]
nonstat_decay_coupling     W=30 M= 742 primary windows 11-28 (17 pairs): S_analytic 0.665 [0.528, 0.783] FAIL | R 0.994 [0.847, 0.979] pass
nonstat_decay_coupling     W=30 M= 151 prereg  windows 10-28 (18 pairs): S_analytic 0.580 [0.514, 0.644] FAIL | R 0.995 [0.681, 0.939] pass straddles  [criterion table: S_analytic 0.580 [0.514, 0.644], R_boot 0.832 [0.682, 0.937]]
nonstat_decay_coupling     W=30 M= 151 primary windows 11-28 (17 pairs): S_analytic 0.580 [0.513, 0.644] FAIL | R 0.994 [0.618, 0.928] pass straddles
nonstat_decay_noisecorr    W=60 M=1338 prereg  windows  5-14 ( 9 pairs): S_analytic 0.861 [0.763, 0.931] pass straddles | R 1.000 [0.915, 1.000] pass  [criterion table: S_analytic 0.861 [0.763, 0.931], R_boot 0.976 [0.927, 1.000]]
nonstat_decay_noisecorr    W=60 M=1338 primary windows  6-14 ( 8 pairs): S_analytic 0.874 [0.785, 0.936] pass straddles | R 1.000 [0.900, 1.000] pass
nonstat_decay_noisecorr    W=60 M= 742 prereg  windows  5-14 ( 9 pairs): S_analytic 0.823 [0.735, 0.892] pass straddles | R 1.000 [0.891, 1.000] pass  [criterion table: S_analytic 0.823 [0.735, 0.892], R_boot 0.964 [0.903, 1.000]]
nonstat_decay_noisecorr    W=60 M= 742 primary windows  6-14 ( 8 pairs): S_analytic 0.839 [0.757, 0.901] pass straddles | R 1.000 [0.850, 1.000] pass
nonstat_decay_noisecorr    W=60 M= 151 prereg  windows  5-14 ( 9 pairs): S_analytic 0.695 [0.637, 0.749] FAIL | R 1.000 [0.758, 0.988] pass straddles  [criterion table: S_analytic 0.695 [0.637, 0.749], R_boot 0.904 [0.769, 0.988]]
nonstat_decay_noisecorr    W=60 M= 151 primary windows  6-14 ( 8 pairs): S_analytic 0.708 [0.651, 0.760] FAIL | R 1.000 [0.683, 0.983] pass straddles
nonstat_decay_noisecorr    W=30 M=1338 prereg  windows 10-28 (18 pairs): S_analytic 0.622 [0.429, 0.788] FAIL | R 0.996 [0.840, 0.970] pass  [criterion table: S_analytic 0.622 [0.429, 0.788], R_boot 0.917 [0.833, 0.972]]
nonstat_decay_noisecorr    W=30 M=1338 primary windows 11-28 (17 pairs): S_analytic 0.625 [0.433, 0.790] FAIL | R 0.996 [0.812, 0.969] pass
nonstat_decay_noisecorr    W=30 M= 742 prereg  windows 10-28 (18 pairs): S_analytic 0.593 [0.447, 0.728] FAIL | R 0.996 [0.768, 0.954] pass straddles  [criterion table: S_analytic 0.593 [0.447, 0.728], R_boot 0.879 [0.763, 0.954]]
nonstat_decay_noisecorr    W=30 M= 742 primary windows 11-28 (17 pairs): S_analytic 0.596 [0.449, 0.730] FAIL | R 0.996 [0.740, 0.950] pass straddles
nonstat_decay_noisecorr    W=30 M= 151 prereg  windows 10-28 (18 pairs): S_analytic 0.543 [0.476, 0.610] FAIL | R 0.996 [0.388, 0.861] pass straddles  [criterion table: S_analytic 0.543 [0.476, 0.610], R_boot 0.678 [0.381, 0.870]]
nonstat_decay_noisecorr    W=30 M= 151 primary windows 11-28 (17 pairs): S_analytic 0.544 [0.477, 0.611] FAIL | R 0.996 [0.346, 0.851] pass straddles
wrote results/tier_check_decay_windows.csv
=== 2026-09-26 16:26:19  scripts/01_synergy_timecourse.py --fit-mode global --variant ts_gsr   -> results/run_115_global_atoms.log
  [qc] s=7 DMT region 20: zero variance (constant timeseries)
  [qc] excluding region 20 for ALL subjects and BOTH conditions (pre-registered rule; defective in: s=7 DMT)
  [qc] regions entering ΦID: 115 (selected 116, excluded 1)
variant=ts_gsr  regions=115/116 (all)  pairs=6555  subjects=14  conditions=('DMT', 'PCB')
TRs=840  bins=28  TRs/bin=30  tau=1  fit_mode=global
  subject  1/14 done  (21.2s elapsed)
  subject  2/14 done  (42.5s elapsed)
  [warn] s=2 PCB: dropped 1 non-finite TR(s) (tail)
  subject  3/14 done  (63.9s elapsed)
  subject  4/14 done  (85.3s elapsed)
  subject  5/14 done  (106.6s elapsed)
  subject  6/14 done  (128.0s elapsed)
  subject  7/14 done  (149.4s elapsed)
  subject  8/14 done  (170.8s elapsed)
  subject  9/14 done  (192.2s elapsed)
  subject 10/14 done  (213.6s elapsed)
  subject 11/14 done  (234.9s elapsed)
  subject 12/14 done  (256.2s elapsed)
  subject 13/14 done  (277.5s elapsed)
  subject 14/14 done  (299.0s elapsed)
compute finished in 299.0s (1.6 ms/pair)

array shape: (14, 2, 28, 16)  (atoms: rtr, rtx, rty, rts, xtr, xtx, xty, xts, ytr, ytx, yty, yts, str, stx, sty, sts)
finite fraction: 1.000
samples/bin (evaluated slots): min=28 max=30 median=30; empty slots=0
sts global mean=1.2884  std=0.1077  min=0.9053  max=1.7496

mean synergy (sts) across subjects, per bin:
  DMT: [1.337 1.256 1.291 1.337 1.292 1.278 1.332 1.344 1.301 1.224 1.201 1.203
 1.195 1.242 1.233 1.222 1.223 1.251 1.234 1.277 1.275 1.26  1.254 1.278
 1.303 1.279 1.337 1.348]
  PCB: [1.293 1.264 1.244 1.299 1.333 1.278 1.341 1.263 1.283 1.232 1.305 1.329
 1.285 1.268 1.302 1.342 1.327 1.309 1.328 1.318 1.304 1.351 1.327 1.291
 1.339 1.352 1.299 1.334]

wrote results/atoms_bins_115regions-all_ts_gsr_global.npy
wrote results/atoms_bins_local_115regions-all_ts_gsr_global.npy
wrote results/atoms_bins_115regions-all_ts_gsr_global.csv
=== 2026-09-26 16:31:20  scripts/01_synergy_timecourse.py --fit-mode global --variant ts_demean   -> results/run_115_global_atoms_ts_demean.log
  [qc] s=7 DMT region 20: zero variance (constant timeseries)
  [qc] excluding region 20 for ALL subjects and BOTH conditions (pre-registered rule; defective in: s=7 DMT)
  [qc] regions entering ΦID: 115 (selected 116, excluded 1)
variant=ts_demean  regions=115/116 (all)  pairs=6555  subjects=14  conditions=('DMT', 'PCB')
TRs=840  bins=28  TRs/bin=30  tau=1  fit_mode=global
  subject  1/14 done  (21.1s elapsed)
  subject  2/14 done  (42.2s elapsed)
  [warn] s=2 PCB: dropped 1 non-finite TR(s) (tail)
  subject  3/14 done  (63.2s elapsed)
  subject  4/14 done  (84.3s elapsed)
  subject  5/14 done  (105.4s elapsed)
  subject  6/14 done  (126.6s elapsed)
  subject  7/14 done  (147.7s elapsed)
  subject  8/14 done  (168.8s elapsed)
  subject  9/14 done  (189.8s elapsed)
  subject 10/14 done  (210.9s elapsed)
  subject 11/14 done  (232.0s elapsed)
  subject 12/14 done  (253.1s elapsed)
  subject 13/14 done  (274.1s elapsed)
  subject 14/14 done  (295.2s elapsed)
compute finished in 295.2s (1.6 ms/pair)

array shape: (14, 2, 28, 16)  (atoms: rtr, rtx, rty, rts, xtr, xtx, xty, xts, ytr, ytx, yty, yts, str, stx, sty, sts)
finite fraction: 1.000
samples/bin (evaluated slots): min=28 max=30 median=30; empty slots=0
sts global mean=1.2206  std=0.1450  min=0.3926  max=1.7157

mean synergy (sts) across subjects, per bin:
  DMT: [1.281 1.192 1.221 1.299 1.216 1.221 1.246 1.247 1.316 1.171 1.136 1.109
 1.053 1.125 1.157 1.151 1.17  1.158 1.141 1.21  1.204 1.184 1.193 1.202
 1.161 1.195 1.264 1.281]
  PCB: [1.232 1.179 1.201 1.255 1.27  1.234 1.269 1.148 1.218 1.191 1.239 1.239
 1.211 1.196 1.254 1.28  1.24  1.265 1.256 1.261 1.272 1.298 1.302 1.239
 1.279 1.281 1.242 1.3  ]

wrote results/atoms_bins_115regions-all_ts_demean_global.npy
wrote results/atoms_bins_local_115regions-all_ts_demean_global.npy
wrote results/atoms_bins_115regions-all_ts_demean_global.csv
=== 2026-09-26 16:36:16  scripts/01_synergy_timecourse.py --fit-mode window --window-trs 60 --variant ts_gsr   -> results/run_primary_b_win60_ts_gsr.log
  [qc] s=7 DMT region 20: zero variance (constant timeseries)
  [qc] excluding region 20 for ALL subjects and BOTH conditions (pre-registered rule; defective in: s=7 DMT)
  [qc] regions entering ΦID: 115 (selected 116, excluded 1)
variant=ts_gsr  regions=115/116 (all)  pairs=6555  subjects=14  conditions=('DMT', 'PCB')
TRs=840  windows=14  TRs/window=60  tau=1  fit_mode=window
  subject  1/14 done  (213.5s elapsed)
  subject  2/14 done  (427.0s elapsed)
  [warn] s=2 PCB: dropped 1 non-finite TR(s) (tail)
  subject  3/14 done  (640.7s elapsed)
  subject  4/14 done  (854.0s elapsed)
  subject  5/14 done  (1067.3s elapsed)
  subject  6/14 done  (1280.9s elapsed)
  subject  7/14 done  (1494.0s elapsed)
  subject  8/14 done  (1707.3s elapsed)
  subject  9/14 done  (1920.4s elapsed)
  subject 10/14 done  (2133.5s elapsed)
  subject 11/14 done  (2346.9s elapsed)
  subject 12/14 done  (2562.9s elapsed)
  subject 13/14 done  (2779.4s elapsed)
  subject 14/14 done  (2993.0s elapsed)
compute finished in 2993.0s (16.3 ms/pair)

array shape: (14, 2, 14, 16)  (atoms: rtr, rtx, rty, rts, xtr, xtx, xty, xts, ytr, ytx, yty, yts, str, stx, sty, sts)
finite fraction: 1.000
samples/window (evaluated slots): min=58 max=59 median=59; empty slots=0
sts global mean=1.1377  std=0.0790  min=0.8599  max=1.3668

mean synergy (sts) across subjects, per window:
  DMT: [1.163 1.145 1.139 1.176 1.1   1.047 1.069 1.079 1.09  1.101 1.13  1.127
 1.14  1.179]
  PCB: [1.121 1.128 1.15  1.152 1.088 1.146 1.14  1.174 1.166 1.171 1.181 1.182
 1.193 1.178]

wrote results/atoms_win60_115regions-all_ts_gsr_window.npy
wrote results/atoms_win60_local_115regions-all_ts_gsr_window.npy
wrote results/atoms_win60_115regions-all_ts_gsr_window.csv
=== 2026-09-26 17:26:10  scripts/01_synergy_timecourse.py --fit-mode window --window-trs 60 --variant ts_demean   -> results/run_primary_b_win60_ts_demean.log
  [qc] s=7 DMT region 20: zero variance (constant timeseries)
  [qc] excluding region 20 for ALL subjects and BOTH conditions (pre-registered rule; defective in: s=7 DMT)
  [qc] regions entering ΦID: 115 (selected 116, excluded 1)
variant=ts_demean  regions=115/116 (all)  pairs=6555  subjects=14  conditions=('DMT', 'PCB')
TRs=840  windows=14  TRs/window=60  tau=1  fit_mode=window
  subject  1/14 done  (216.5s elapsed)
  subject  2/14 done  (433.2s elapsed)
  [warn] s=2 PCB: dropped 1 non-finite TR(s) (tail)
  subject  3/14 done  (649.9s elapsed)
  subject  4/14 done  (866.6s elapsed)
  subject  5/14 done  (1083.1s elapsed)
  subject  6/14 done  (1299.7s elapsed)
  subject  7/14 done  (1516.1s elapsed)
  subject  8/14 done  (1732.9s elapsed)
  subject  9/14 done  (1949.5s elapsed)
  subject 10/14 done  (2166.4s elapsed)
  subject 11/14 done  (2383.1s elapsed)
  subject 12/14 done  (2599.7s elapsed)
  subject 13/14 done  (2816.4s elapsed)
  subject 14/14 done  (3033.4s elapsed)
compute finished in 3033.4s (16.5 ms/pair)

array shape: (14, 2, 14, 16)  (atoms: rtr, rtx, rty, rts, xtr, xtx, xty, xts, ytr, ytx, yty, yts, str, stx, sty, sts)
finite fraction: 1.000
samples/window (evaluated slots): min=58 max=59 median=59; empty slots=0
sts global mean=1.0802  std=0.0987  min=0.7382  max=1.3625

mean synergy (sts) across subjects, per window:
  DMT: [1.109 1.101 1.084 1.107 1.05  0.996 0.981 1.014 1.02  1.039 1.055 1.057
 1.05  1.121]
  PCB: [1.054 1.083 1.107 1.084 1.038 1.085 1.079 1.124 1.123 1.123 1.148 1.143
 1.135 1.135]

wrote results/atoms_win60_115regions-all_ts_demean_window.npy
wrote results/atoms_win60_local_115regions-all_ts_demean_window.npy
wrote results/atoms_win60_115regions-all_ts_demean_window.csv
=== 2026-09-26 18:16:45  scripts/01_synergy_timecourse.py --fit-mode window --window-trs 30 --variant ts_gsr   -> results/run_primary_b_win30_ts_gsr.log
  [qc] s=7 DMT region 20: zero variance (constant timeseries)
  [qc] excluding region 20 for ALL subjects and BOTH conditions (pre-registered rule; defective in: s=7 DMT)
  [qc] regions entering ΦID: 115 (selected 116, excluded 1)
variant=ts_gsr  regions=115/116 (all)  pairs=6555  subjects=14  conditions=('DMT', 'PCB')
TRs=840  windows=28  TRs/window=30  tau=1  fit_mode=window
  subject  1/14 done  (417.4s elapsed)
  subject  2/14 done  (834.3s elapsed)
  [warn] s=2 PCB: dropped 1 non-finite TR(s) (tail)
  subject  3/14 done  (1255.9s elapsed)
  subject  4/14 done  (1681.0s elapsed)
  subject  5/14 done  (2109.9s elapsed)
  subject  6/14 done  (2538.0s elapsed)
  subject  7/14 done  (2966.2s elapsed)
  subject  8/14 done  (3393.0s elapsed)
  subject  9/14 done  (3824.6s elapsed)
  subject 10/14 done  (4268.9s elapsed)
  subject 11/14 done  (4702.8s elapsed)
  subject 12/14 done  (5135.1s elapsed)
  subject 13/14 done  (5565.9s elapsed)
  subject 14/14 done  (6015.2s elapsed)
compute finished in 6015.2s (32.8 ms/pair)

array shape: (14, 2, 28, 16)  (atoms: rtr, rtx, rty, rts, xtr, xtx, xty, xts, ytr, ytx, yty, yts, str, stx, sty, sts)
finite fraction: 1.000
samples/window (evaluated slots): min=28 max=29 median=29; empty slots=0
sts global mean=1.0082  std=0.0811  min=0.7585  max=1.3087

mean synergy (sts) across subjects, per window:
  DMT: [1.057 1.001 1.014 1.019 1.008 1.007 1.026 1.046 1.002 0.952 0.917 0.942
 0.945 0.958 0.962 0.964 0.96  0.982 0.966 0.988 0.99  1.004 0.998 1.001
 1.024 1.005 1.054 1.039]
  PCB: [1.009 0.979 0.978 1.012 1.043 0.995 1.035 0.998 0.978 0.951 0.999 1.028
 1.012 0.993 1.019 1.058 1.047 1.017 1.044 1.027 1.027 1.071 1.054 1.028
 1.071 1.049 1.051 1.05 ]

wrote results/atoms_win30_115regions-all_ts_gsr_window.npy
wrote results/atoms_win30_local_115regions-all_ts_gsr_window.npy
wrote results/atoms_win30_115regions-all_ts_gsr_window.csv
=== 2026-09-26 19:57:01  scripts/01_synergy_timecourse.py --fit-mode placebo --variant ts_gsr   -> results/run_robustness_c_placebo_ts_gsr.log
  [qc] s=7 DMT region 20: zero variance (constant timeseries)
  [qc] excluding region 20 for ALL subjects and BOTH conditions (pre-registered rule; defective in: s=7 DMT)
  [qc] regions entering ΦID: 115 (selected 116, excluded 1)
variant=ts_gsr  regions=115/116 (all)  pairs=6555  subjects=14  conditions=('DMT', 'PCB')
TRs=840  bins=28  TRs/bin=30  tau=1  fit_mode=placebo
  subject  1/14 done  (20.2s elapsed)
  subject  2/14 done  (40.5s elapsed)
  [warn] s=2 PCB: dropped 1 non-finite TR(s) (tail)
  subject  3/14 done  (60.8s elapsed)
  subject  4/14 done  (81.3s elapsed)
  subject  5/14 done  (101.7s elapsed)
  subject  6/14 done  (122.3s elapsed)
  subject  7/14 done  (142.5s elapsed)
  subject  8/14 done  (162.8s elapsed)
  subject  9/14 done  (183.0s elapsed)
  subject 10/14 done  (203.2s elapsed)
  subject 11/14 done  (223.6s elapsed)
  subject 12/14 done  (243.7s elapsed)
  subject 13/14 done  (263.9s elapsed)
  subject 14/14 done  (284.1s elapsed)
compute finished in 284.1s (1.5 ms/pair)

array shape: (14, 2, 28, 16)  (atoms: rtr, rtx, rty, rts, xtr, xtx, xty, xts, ytr, ytx, yty, yts, str, stx, sty, sts)
finite fraction: 0.750
samples/bin (evaluated slots): min=28 max=30 median=30; empty slots=196
sts global mean=1.3580  std=0.1569  min=0.9237  max=2.3799

mean synergy (sts) across subjects, per bin:
  DMT: [1.368 1.294 1.343 1.385 1.328 1.342 1.378 1.4   1.404 1.265 1.23  1.241
 1.233 1.273 1.279 1.265 1.26  1.284 1.281 1.313 1.316 1.32  1.323 1.349
 1.349 1.394 1.389 1.375]
/home/vilalius/dmt-phiid/scripts/01_synergy_timecourse.py:457: RuntimeWarning: Mean of empty slice
  print(f"  {cond_name}:", np.array2string(np.nanmean(synergy_bins[:, c], axis=0),
  PCB: [  nan   nan   nan   nan   nan   nan   nan   nan   nan   nan   nan   nan
   nan   nan 1.349 1.404 1.416 1.413 1.43  1.421 1.402 1.462 1.441 1.405
 1.489 1.519 1.466 1.436]

wrote results/atoms_bins_115regions-all_ts_gsr_placebo.npy
wrote results/atoms_bins_local_115regions-all_ts_gsr_placebo.npy
wrote results/atoms_bins_115regions-all_ts_gsr_placebo.csv
=== 2026-09-26 20:01:46  scripts/06_primary_b_analysis.py --variant ts_gsr --window-trs 60   -> results/run_06_ts_gsr_win60.log
variant=ts_gsr W=60 windows=14 sts from atoms_win60_115regions-all_ts_gsr_window.npy; local from atoms_win60_local_115regions-all_ts_gsr_window.npy; git=c25a310
pre=[1 2 3 4] primary post/decay=[ 6  7  8  9 10 11 12 13 14] sensitivity=[ 5  6  7  8  9 10 11 12 13 14]

generating 1000 phase-randomised surrogates per subject and condition ...

SECTION A — step contrast on whole-brain mean sts
  A          pre-injection DMT mean sts (windows 1-4)                   +1.1554  
  A          pre-injection PCB mean sts (windows 1-4)                   +1.1378  
  A.fd       window-mean FD DMT window 1 (group mean; note = subject SD) +0.1307  sd=0.0350
  A.fd       window-mean FD DMT window 2 (group mean; note = subject SD) +0.1318  sd=0.0469
  A.fd       window-mean FD DMT window 3 (group mean; note = subject SD) +0.1247  sd=0.0377
  A.fd       window-mean FD DMT window 4 (group mean; note = subject SD) +0.1169  sd=0.0389
  A.fd       window-mean FD DMT window 5 (group mean; note = subject SD) +0.2029  sd=0.0646
  A.fd       window-mean FD DMT window 6 (group mean; note = subject SD) +0.1729  sd=0.0650
  A.fd       window-mean FD DMT window 7 (group mean; note = subject SD) +0.1614  sd=0.0583
  A.fd       window-mean FD DMT window 8 (group mean; note = subject SD) +0.1328  sd=0.0535
  A.fd       window-mean FD DMT window 9 (group mean; note = subject SD) +0.1367  sd=0.0793
  A.fd       window-mean FD DMT window 10 (group mean; note = subject SD) +0.1209  sd=0.0558
  A.fd       window-mean FD DMT window 11 (group mean; note = subject SD) +0.1321  sd=0.0745
  A.fd       window-mean FD DMT window 12 (group mean; note = subject SD) +0.1161  sd=0.0420
  A.fd       window-mean FD DMT window 13 (group mean; note = subject SD) +0.1176  sd=0.0458
  A.fd       window-mean FD DMT window 14 (group mean; note = subject SD) +0.1151  sd=0.0436
  A.fd       window-mean FD PCB window 1 (group mean; note = subject SD) +0.1367  sd=0.0411
  A.fd       window-mean FD PCB window 2 (group mean; note = subject SD) +0.1307  sd=0.0474
  A.fd       window-mean FD PCB window 3 (group mean; note = subject SD) +0.1268  sd=0.0429
  A.fd       window-mean FD PCB window 4 (group mean; note = subject SD) +0.1208  sd=0.0379
  A.fd       window-mean FD PCB window 5 (group mean; note = subject SD) +0.1437  sd=0.0459
  A.fd       window-mean FD PCB window 6 (group mean; note = subject SD) +0.1147  sd=0.0338
  A.fd       window-mean FD PCB window 7 (group mean; note = subject SD) +0.1178  sd=0.0296
  A.fd       window-mean FD PCB window 8 (group mean; note = subject SD) +0.1155  sd=0.0274
  A.fd       window-mean FD PCB window 9 (group mean; note = subject SD) +0.1205  sd=0.0437
  A.fd       window-mean FD PCB window 10 (group mean; note = subject SD) +0.1231  sd=0.0454
  A.fd       window-mean FD PCB window 11 (group mean; note = subject SD) +0.1239  sd=0.0445
  A.fd       window-mean FD PCB window 12 (group mean; note = subject SD) +0.1236  sd=0.0436
  A.fd       window-mean FD PCB window 13 (group mean; note = subject SD) +0.1249  sd=0.0485
  A.fd       window-mean FD PCB window 14 (group mean; note = subject SD) +0.1372  sd=0.0581
  A.primary  DMT post-pre sts                                           -0.0485 [-0.0819, -0.0113]  p=0.0267  
  A.primary  PCB post-pre sts                                           +0.0324 [+0.0053, +0.0606]  p=0.0425  
  A.primary  DiD raw: mean                                              -0.0809 [-0.1261, -0.0377]  p=0.0038  share of pre-injection DMT mean = -7.0 %; negative in 13/14
  A.primary  DiD raw: phase-randomised null p (two-sided)               +0.0020  null mean -0.0003 sd 0.0215
  A.primary  DiD raw: sign vs PREREG_DIRECTION (+1 = up)                -1.0000  REFUTATION of up-regulation (directional-failure rule)
  A.primary  FD DiD (same form)                                         +0.0143 [-0.0070, +0.0365]  p=0.2452  
  A.primary  DiD FD-residualised (all windows, per subject x condition): mean -0.0649 [-0.0966, -0.0289]  p=0.0048  SURVIVES motion control; negative in 13/14
  A.sensitivity DMT post-pre sts                                           -0.0491 [-0.0823, -0.0128]  p=0.0227  
  A.sensitivity PCB post-pre sts                                           +0.0242 [-0.0020, +0.0496]  p=0.1040  
  A.sensitivity DiD raw: mean                                              -0.0733 [-0.1180, -0.0291]  p=0.0070  share of pre-injection DMT mean = -6.3 %; negative in 12/14
  A.sensitivity DiD raw: phase-randomised null p (two-sided)               +0.0020  null mean -0.0003 sd 0.0206
  A.sensitivity DiD raw: sign vs PREREG_DIRECTION (+1 = up)                -1.0000  REFUTATION of up-regulation (directional-failure rule)
  A.sensitivity FD DiD (same form)                                         +0.0191 [-0.0008, +0.0402]  p=0.1083  
  A.sensitivity DiD FD-residualised (all windows, per subject x condition): mean -0.0555 [-0.0864, -0.0210]  p=0.0100  SURVIVES motion control; negative in 13/14

SECTION B — tier-2 tracking on the decay windows (DMT run)

  [primary: decay windows [ 6  7  8  9 10 11 12 13 14]]
  B.primary  raw rho_S DMT vs per-subject ratings [PRIMARY]: group mean (existence test, not thresholded) -0.4826 [-0.6291, -0.3362]  p=0.0010  n_defined=14/14; |rho|>=0.80 in 3 subjects (report only); p_one(prereg dir)=1.0000; sign - vs prereg +; significant vs null: yes
  B.primary  raw rho_S DMT vs group template f [SENSITIVITY]: group mean (existence test, not thresholded) -0.5333 [-0.6750, -0.3845]  p=0.0010  n_defined=14/14; |rho|>=0.80 in 3 subjects (report only); p_one(prereg dir)=1.0000; sign - vs prereg +; significant vs null: yes
  B.primary  raw rho_S group-mean sts series vs template [THRESHOLDED]  -0.9833  p=0.0020  |rho|>=0.80: PASS; sign - vs prereg +
  B.primary  raw control (a): rho_S PCB vs template, group mean         -0.1940 [-0.3143, -0.0785]  p=0.0809  
  B.primary  raw control (a): within-subject rho_DMT - rho_PCB (template) -0.3393 [-0.5179, -0.1619]  clears control (a) (CI includes 0: False; PCB same sign & >= half: False)
  B.primary  control (b): rho_S window-mean FD (DMT) vs template, group mean +0.4060 [+0.1774, +0.6000]  
  B.primary  FD-resid rho_S DMT vs per-subject ratings [PRIMARY]: group mean (existence test, not thresholded) -0.3310 [-0.4761, -0.1592]  p=0.0010  n_defined=14/14; |rho|>=0.80 in 0 subjects (report only); p_one(prereg dir)=1.0000; sign - vs prereg +; significant vs null: yes
  B.primary  FD-resid rho_S DMT vs group template f [SENSITIVITY]: group mean (existence test, not thresholded) -0.3643 [-0.5179, -0.1810]  p=0.0010  n_defined=14/14; |rho|>=0.80 in 0 subjects (report only); p_one(prereg dir)=1.0000; sign - vs prereg +; significant vs null: yes
  B.primary  FD-resid rho_S group-mean sts series vs template [THRESHOLDED] -0.9500  p=0.0010  |rho|>=0.80: PASS; sign - vs prereg +
  B.primary  FD-resid control (a): rho_S PCB vs template, group mean    -0.1571 [-0.3155, -0.0190]  p=0.0500  
  B.primary  FD-resid control (a): within-subject rho_DMT - rho_PCB (template) -0.2071 [-0.4345, +0.0345]  VOID (CI includes 0: True; PCB same sign & >= half: False)
  B.primary  TIER-2 CLAIM (per-subject ratings [PRIMARY]): gm threshold & subject existence & (a) & (b) +0.0000  raw: gm_pass=True, subj_sig=True, same_dir=True, (a) void=False | resid: gm_pass=True, subj_sig=True, same_dir=True, (a) void=True; sign of raw gm: - (prereg +)
  B.primary  TIER-2 CLAIM (group template f [SENSITIVITY]): gm threshold & subject existence & (a) & (b) +0.0000  raw: gm_pass=True, subj_sig=True, same_dir=True, (a) void=False | resid: gm_pass=True, subj_sig=True, same_dir=True, (a) void=True; sign of raw gm: - (prereg +)

  [sensitivity: decay windows [ 5  6  7  8  9 10 11 12 13 14]]
  B.sensitivity raw rho_S DMT vs per-subject ratings [PRIMARY]: group mean (existence test, not thresholded) -0.4267 [-0.5949, -0.2473]  p=0.0010  n_defined=14/14; |rho|>=0.80 in 2 subjects (report only); p_one(prereg dir)=1.0000; sign - vs prereg +; significant vs null: yes
  B.sensitivity raw rho_S DMT vs group template f [SENSITIVITY]: group mean (existence test, not thresholded) -0.4658 [-0.6294, -0.2840]  p=0.0010  n_defined=14/14; |rho|>=0.80 in 2 subjects (report only); p_one(prereg dir)=1.0000; sign - vs prereg +; significant vs null: yes
  B.sensitivity raw rho_S group-mean sts series vs template [THRESHOLDED]  -0.8667  p=0.0300  |rho|>=0.80: PASS; sign - vs prereg +
  B.sensitivity raw control (a): rho_S PCB vs template, group mean         -0.3307 [-0.4494, -0.2087]  p=0.0050  
  B.sensitivity raw control (a): within-subject rho_DMT - rho_PCB (template) -0.1351 [-0.2935, +0.0338]  VOID (CI includes 0: True; PCB same sign & >= half: True)
  B.sensitivity control (b): rho_S window-mean FD (DMT) vs template, group mean +0.5117 [+0.3489, +0.6632]  
  B.sensitivity FD-resid rho_S DMT vs per-subject ratings [PRIMARY]: group mean (existence test, not thresholded) -0.2358 [-0.3757, -0.0903]  p=0.0130  n_defined=14/14; |rho|>=0.80 in 0 subjects (report only); p_one(prereg dir)=0.9950; sign - vs prereg +; significant vs null: yes
  B.sensitivity FD-resid rho_S DMT vs group template f [SENSITIVITY]: group mean (existence test, not thresholded) -0.2797 [-0.4277, -0.1203]  p=0.0050  n_defined=14/14; |rho|>=0.80 in 0 subjects (report only); p_one(prereg dir)=0.9980; sign - vs prereg +; significant vs null: yes
  B.sensitivity FD-resid rho_S group-mean sts series vs template [THRESHOLDED] -0.5152  p=0.2168  |rho|>=0.80: fail; sign - vs prereg +
  B.sensitivity FD-resid control (a): rho_S PCB vs template, group mean    -0.2848 [-0.4199, -0.1558]  p=0.0010  
  B.sensitivity FD-resid control (a): within-subject rho_DMT - rho_PCB (template) +0.0052 [-0.2017, +0.2026]  VOID (CI includes 0: True; PCB same sign & >= half: True)
  B.sensitivity TIER-2 CLAIM (per-subject ratings [PRIMARY]): gm threshold & subject existence & (a) & (b) +0.0000  raw: gm_pass=True, subj_sig=True, same_dir=True, (a) void=True | resid: gm_pass=False, subj_sig=True, same_dir=True, (a) void=True; sign of raw gm: - (prereg +)
  B.sensitivity TIER-2 CLAIM (group template f [SENSITIVITY]): gm threshold & subject existence & (a) & (b) +0.0000  raw: gm_pass=True, subj_sig=True, same_dir=True, (a) void=True | resid: gm_pass=False, subj_sig=True, same_dir=True, (a) void=True; sign of raw gm: - (prereg +)

wrote results/primary_b_ts_gsr_win60.csv
=== 2026-09-26 20:02:27  scripts/06_primary_b_analysis.py --variant ts_demean --window-trs 60   -> results/run_06_ts_demean_win60.log
variant=ts_demean W=60 windows=14 sts from atoms_win60_115regions-all_ts_demean_window.npy; local from atoms_win60_local_115regions-all_ts_demean_window.npy; git=c25a310
pre=[1 2 3 4] primary post/decay=[ 6  7  8  9 10 11 12 13 14] sensitivity=[ 5  6  7  8  9 10 11 12 13 14]

generating 1000 phase-randomised surrogates per subject and condition ...

SECTION A — step contrast on whole-brain mean sts
  A          pre-injection DMT mean sts (windows 1-4)                   +1.1004  
  A          pre-injection PCB mean sts (windows 1-4)                   +1.0819  
  A.fd       window-mean FD DMT window 1 (group mean; note = subject SD) +0.1307  sd=0.0350
  A.fd       window-mean FD DMT window 2 (group mean; note = subject SD) +0.1318  sd=0.0469
  A.fd       window-mean FD DMT window 3 (group mean; note = subject SD) +0.1247  sd=0.0377
  A.fd       window-mean FD DMT window 4 (group mean; note = subject SD) +0.1169  sd=0.0389
  A.fd       window-mean FD DMT window 5 (group mean; note = subject SD) +0.2029  sd=0.0646
  A.fd       window-mean FD DMT window 6 (group mean; note = subject SD) +0.1729  sd=0.0650
  A.fd       window-mean FD DMT window 7 (group mean; note = subject SD) +0.1614  sd=0.0583
  A.fd       window-mean FD DMT window 8 (group mean; note = subject SD) +0.1328  sd=0.0535
  A.fd       window-mean FD DMT window 9 (group mean; note = subject SD) +0.1367  sd=0.0793
  A.fd       window-mean FD DMT window 10 (group mean; note = subject SD) +0.1209  sd=0.0558
  A.fd       window-mean FD DMT window 11 (group mean; note = subject SD) +0.1321  sd=0.0745
  A.fd       window-mean FD DMT window 12 (group mean; note = subject SD) +0.1161  sd=0.0420
  A.fd       window-mean FD DMT window 13 (group mean; note = subject SD) +0.1176  sd=0.0458
  A.fd       window-mean FD DMT window 14 (group mean; note = subject SD) +0.1151  sd=0.0436
  A.fd       window-mean FD PCB window 1 (group mean; note = subject SD) +0.1367  sd=0.0411
  A.fd       window-mean FD PCB window 2 (group mean; note = subject SD) +0.1307  sd=0.0474
  A.fd       window-mean FD PCB window 3 (group mean; note = subject SD) +0.1268  sd=0.0429
  A.fd       window-mean FD PCB window 4 (group mean; note = subject SD) +0.1208  sd=0.0379
  A.fd       window-mean FD PCB window 5 (group mean; note = subject SD) +0.1437  sd=0.0459
  A.fd       window-mean FD PCB window 6 (group mean; note = subject SD) +0.1147  sd=0.0338
  A.fd       window-mean FD PCB window 7 (group mean; note = subject SD) +0.1178  sd=0.0296
  A.fd       window-mean FD PCB window 8 (group mean; note = subject SD) +0.1155  sd=0.0274
  A.fd       window-mean FD PCB window 9 (group mean; note = subject SD) +0.1205  sd=0.0437
  A.fd       window-mean FD PCB window 10 (group mean; note = subject SD) +0.1231  sd=0.0454
  A.fd       window-mean FD PCB window 11 (group mean; note = subject SD) +0.1239  sd=0.0445
  A.fd       window-mean FD PCB window 12 (group mean; note = subject SD) +0.1236  sd=0.0436
  A.fd       window-mean FD PCB window 13 (group mean; note = subject SD) +0.1249  sd=0.0485
  A.fd       window-mean FD PCB window 14 (group mean; note = subject SD) +0.1372  sd=0.0581
  A.primary  DMT post-pre sts                                           -0.0633 [-0.1088, -0.0123]  p=0.0333  
  A.primary  PCB post-pre sts                                           +0.0398 [+0.0089, +0.0692]  p=0.0306  
  A.primary  DiD raw: mean                                              -0.1031 [-0.1558, -0.0522]  p=0.0026  share of pre-injection DMT mean = -9.4 %; negative in 12/14
  A.primary  DiD raw: phase-randomised null p (two-sided)               +0.0010  null mean -0.0003 sd 0.0264
  A.primary  DiD raw: sign vs PREREG_DIRECTION (+1 = up)                -1.0000  REFUTATION of up-regulation (directional-failure rule)
  A.primary  FD DiD (same form)                                         +0.0143 [-0.0070, +0.0365]  p=0.2452  
  A.primary  DiD FD-residualised (all windows, per subject x condition): mean -0.0824 [-0.1224, -0.0372]  p=0.0048  SURVIVES motion control; negative in 13/14
  A.sensitivity DMT post-pre sts                                           -0.0621 [-0.1055, -0.0130]  p=0.0300  
  A.sensitivity PCB post-pre sts                                           +0.0314 [+0.0013, +0.0585]  p=0.0637  
  A.sensitivity DiD raw: mean                                              -0.0935 [-0.1431, -0.0426]  p=0.0039  share of pre-injection DMT mean = -8.5 %; negative in 12/14
  A.sensitivity DiD raw: phase-randomised null p (two-sided)               +0.0010  null mean -0.0004 sd 0.0254
  A.sensitivity DiD raw: sign vs PREREG_DIRECTION (+1 = up)                -1.0000  REFUTATION of up-regulation (directional-failure rule)
  A.sensitivity FD DiD (same form)                                         +0.0191 [-0.0008, +0.0402]  p=0.1083  
  A.sensitivity DiD FD-residualised (all windows, per subject x condition): mean -0.0714 [-0.1106, -0.0298]  p=0.0073  SURVIVES motion control; negative in 12/14

SECTION B — tier-2 tracking on the decay windows (DMT run)

  [primary: decay windows [ 6  7  8  9 10 11 12 13 14]]
  B.primary  raw rho_S DMT vs per-subject ratings [PRIMARY]: group mean (existence test, not thresholded) -0.3041 [-0.4882, -0.1027]  p=0.0210  n_defined=14/14; |rho|>=0.80 in 1 subjects (report only); p_one(prereg dir)=0.9930; sign - vs prereg +; significant vs null: yes
  B.primary  raw rho_S DMT vs group template f [SENSITIVITY]: group mean (existence test, not thresholded) -0.3667 [-0.5476, -0.1548]  p=0.0090  n_defined=14/14; |rho|>=0.80 in 2 subjects (report only); p_one(prereg dir)=0.9980; sign - vs prereg +; significant vs null: yes
  B.primary  raw rho_S group-mean sts series vs template [THRESHOLDED]  -0.9333  p=0.0120  |rho|>=0.80: PASS; sign - vs prereg +
  B.primary  raw control (a): rho_S PCB vs template, group mean         -0.2345 [-0.3786, -0.0893]  p=0.0330  
  B.primary  raw control (a): within-subject rho_DMT - rho_PCB (template) -0.1321 [-0.3655, +0.1084]  VOID (CI includes 0: True; PCB same sign & >= half: True)
  B.primary  control (b): rho_S window-mean FD (DMT) vs template, group mean +0.4060 [+0.1774, +0.6000]  
  B.primary  FD-resid rho_S DMT vs per-subject ratings [PRIMARY]: group mean (existence test, not thresholded) -0.1874 [-0.3608, -0.0026]  p=0.0689  n_defined=14/14; |rho|>=0.80 in 0 subjects (report only); p_one(prereg dir)=0.9700; sign - vs prereg +; significant vs null: no
  B.primary  FD-resid rho_S DMT vs group template f [SENSITIVITY]: group mean (existence test, not thresholded) -0.2429 [-0.4333, -0.0500]  p=0.0210  n_defined=14/14; |rho|>=0.80 in 1 subjects (report only); p_one(prereg dir)=0.9930; sign - vs prereg +; significant vs null: yes
  B.primary  FD-resid rho_S group-mean sts series vs template [THRESHOLDED] -0.8833  p=0.0060  |rho|>=0.80: PASS; sign - vs prereg +
  B.primary  FD-resid control (a): rho_S PCB vs template, group mean    -0.1000 [-0.2036, +0.0071]  p=0.2208  
  B.primary  FD-resid control (a): within-subject rho_DMT - rho_PCB (template) -0.1429 [-0.3357, +0.0667]  VOID (CI includes 0: True; PCB same sign & >= half: False)
  B.primary  TIER-2 CLAIM (per-subject ratings [PRIMARY]): gm threshold & subject existence & (a) & (b) +0.0000  raw: gm_pass=True, subj_sig=True, same_dir=True, (a) void=True | resid: gm_pass=True, subj_sig=False, same_dir=True, (a) void=True; sign of raw gm: - (prereg +)
  B.primary  TIER-2 CLAIM (group template f [SENSITIVITY]): gm threshold & subject existence & (a) & (b) +0.0000  raw: gm_pass=True, subj_sig=True, same_dir=True, (a) void=True | resid: gm_pass=True, subj_sig=True, same_dir=True, (a) void=True; sign of raw gm: - (prereg +)

  [sensitivity: decay windows [ 5  6  7  8  9 10 11 12 13 14]]
  B.sensitivity raw rho_S DMT vs per-subject ratings [PRIMARY]: group mean (existence test, not thresholded) -0.2403 [-0.4233, -0.0366]  p=0.0639  n_defined=14/14; |rho|>=0.80 in 1 subjects (report only); p_one(prereg dir)=0.9730; sign - vs prereg +; significant vs null: no
  B.sensitivity raw rho_S DMT vs group template f [SENSITIVITY]: group mean (existence test, not thresholded) -0.2883 [-0.4874, -0.0675]  p=0.0260  n_defined=14/14; |rho|>=0.80 in 2 subjects (report only); p_one(prereg dir)=0.9920; sign - vs prereg +; significant vs null: yes
  B.sensitivity raw rho_S group-mean sts series vs template [THRESHOLDED]  -0.6727  p=0.1968  |rho|>=0.80: fail; sign - vs prereg +
  B.sensitivity raw control (a): rho_S PCB vs template, group mean         -0.3550 [-0.4909, -0.1931]  p=0.0020  
  B.sensitivity raw control (a): within-subject rho_DMT - rho_PCB (template) +0.0667 [-0.1195, +0.2658]  VOID (CI includes 0: True; PCB same sign & >= half: True)
  B.sensitivity control (b): rho_S window-mean FD (DMT) vs template, group mean +0.5117 [+0.3489, +0.6632]  
  B.sensitivity FD-resid rho_S DMT vs per-subject ratings [PRIMARY]: group mean (existence test, not thresholded) -0.1243 [-0.3226, +0.0836]  p=0.2068  n_defined=14/14; |rho|>=0.80 in 0 subjects (report only); p_one(prereg dir)=0.9011; sign - vs prereg +; significant vs null: no
  B.sensitivity FD-resid rho_S DMT vs group template f [SENSITIVITY]: group mean (existence test, not thresholded) -0.1766 [-0.3827, +0.0545]  p=0.0799  n_defined=14/14; |rho|>=0.80 in 1 subjects (report only); p_one(prereg dir)=0.9630; sign - vs prereg +; significant vs null: no
  B.sensitivity FD-resid rho_S group-mean sts series vs template [THRESHOLDED] -0.4545  p=0.3167  |rho|>=0.80: fail; sign - vs prereg +
  B.sensitivity FD-resid control (a): rho_S PCB vs template, group mean    -0.2831 [-0.4017, -0.1532]  p=0.0010  
  B.sensitivity FD-resid control (a): within-subject rho_DMT - rho_PCB (template) +0.1065 [-0.0918, +0.3126]  VOID (CI includes 0: True; PCB same sign & >= half: True)
  B.sensitivity TIER-2 CLAIM (per-subject ratings [PRIMARY]): gm threshold & subject existence & (a) & (b) +0.0000  raw: gm_pass=False, subj_sig=False, same_dir=True, (a) void=True | resid: gm_pass=False, subj_sig=False, same_dir=True, (a) void=True; sign of raw gm: - (prereg +)
  B.sensitivity TIER-2 CLAIM (group template f [SENSITIVITY]): gm threshold & subject existence & (a) & (b) +0.0000  raw: gm_pass=False, subj_sig=True, same_dir=True, (a) void=True | resid: gm_pass=False, subj_sig=False, same_dir=True, (a) void=True; sign of raw gm: - (prereg +)

wrote results/primary_b_ts_demean_win60.csv
=== 2026-09-26 20:03:09  scripts/06_primary_b_analysis.py --variant ts_gsr --window-trs 30   -> results/run_06_ts_gsr_win30.log
variant=ts_gsr W=30 windows=28 sts from atoms_win30_115regions-all_ts_gsr_window.npy; local from atoms_win30_local_115regions-all_ts_gsr_window.npy; git=c25a310
pre=[1 2 3 4 5 6 7 8] primary post/decay=[11 12 13 14 15 16 17 18 19 20 21 22 23 24 25 26 27 28] sensitivity=[10 11 12 13 14 15 16 17 18 19 20 21 22 23 24 25 26 27 28]

generating 1000 phase-randomised surrogates per subject and condition ...

SECTION A — step contrast on whole-brain mean sts
  A          pre-injection DMT mean sts (windows 1-4)                   +1.0223  
  A          pre-injection PCB mean sts (windows 1-4)                   +1.0063  
  A.fd       window-mean FD DMT window 1 (group mean; note = subject SD) +0.1337  sd=0.0448
  A.fd       window-mean FD DMT window 2 (group mean; note = subject SD) +0.1277  sd=0.0300
  A.fd       window-mean FD DMT window 3 (group mean; note = subject SD) +0.1403  sd=0.0583
  A.fd       window-mean FD DMT window 4 (group mean; note = subject SD) +0.1234  sd=0.0407
  A.fd       window-mean FD DMT window 5 (group mean; note = subject SD) +0.1357  sd=0.0459
  A.fd       window-mean FD DMT window 6 (group mean; note = subject SD) +0.1137  sd=0.0355
  A.fd       window-mean FD DMT window 7 (group mean; note = subject SD) +0.1162  sd=0.0395
  A.fd       window-mean FD DMT window 8 (group mean; note = subject SD) +0.1176  sd=0.0435
  A.fd       window-mean FD DMT window 9 (group mean; note = subject SD) +0.2156  sd=0.0774
  A.fd       window-mean FD DMT window 10 (group mean; note = subject SD) +0.1903  sd=0.0655
  A.fd       window-mean FD DMT window 11 (group mean; note = subject SD) +0.1715  sd=0.0550
  A.fd       window-mean FD DMT window 12 (group mean; note = subject SD) +0.1742  sd=0.0831
  A.fd       window-mean FD DMT window 13 (group mean; note = subject SD) +0.1675  sd=0.0635
  A.fd       window-mean FD DMT window 14 (group mean; note = subject SD) +0.1553  sd=0.0694
  A.fd       window-mean FD DMT window 15 (group mean; note = subject SD) +0.1334  sd=0.0554
  A.fd       window-mean FD DMT window 16 (group mean; note = subject SD) +0.1321  sd=0.0579
  A.fd       window-mean FD DMT window 17 (group mean; note = subject SD) +0.1309  sd=0.0712
  A.fd       window-mean FD DMT window 18 (group mean; note = subject SD) +0.1426  sd=0.0913
  A.fd       window-mean FD DMT window 19 (group mean; note = subject SD) +0.1188  sd=0.0679
  A.fd       window-mean FD DMT window 20 (group mean; note = subject SD) +0.1231  sd=0.0476
  A.fd       window-mean FD DMT window 21 (group mean; note = subject SD) +0.1299  sd=0.0776
  A.fd       window-mean FD DMT window 22 (group mean; note = subject SD) +0.1344  sd=0.0743
  A.fd       window-mean FD DMT window 23 (group mean; note = subject SD) +0.1148  sd=0.0549
  A.fd       window-mean FD DMT window 24 (group mean; note = subject SD) +0.1174  sd=0.0347
  A.fd       window-mean FD DMT window 25 (group mean; note = subject SD) +0.1190  sd=0.0412
  A.fd       window-mean FD DMT window 26 (group mean; note = subject SD) +0.1161  sd=0.0512
  A.fd       window-mean FD DMT window 27 (group mean; note = subject SD) +0.1235  sd=0.0444
  A.fd       window-mean FD DMT window 28 (group mean; note = subject SD) +0.1067  sd=0.0458
  A.fd       window-mean FD PCB window 1 (group mean; note = subject SD) +0.1438  sd=0.0497
  A.fd       window-mean FD PCB window 2 (group mean; note = subject SD) +0.1296  sd=0.0369
  A.fd       window-mean FD PCB window 3 (group mean; note = subject SD) +0.1314  sd=0.0482
  A.fd       window-mean FD PCB window 4 (group mean; note = subject SD) +0.1301  sd=0.0474
  A.fd       window-mean FD PCB window 5 (group mean; note = subject SD) +0.1270  sd=0.0446
  A.fd       window-mean FD PCB window 6 (group mean; note = subject SD) +0.1267  sd=0.0435
  A.fd       window-mean FD PCB window 7 (group mean; note = subject SD) +0.1203  sd=0.0386
  A.fd       window-mean FD PCB window 8 (group mean; note = subject SD) +0.1214  sd=0.0456
  A.fd       window-mean FD PCB window 9 (group mean; note = subject SD) +0.1666  sd=0.0521
  A.fd       window-mean FD PCB window 10 (group mean; note = subject SD) +0.1207  sd=0.0457
  A.fd       window-mean FD PCB window 11 (group mean; note = subject SD) +0.1139  sd=0.0358
  A.fd       window-mean FD PCB window 12 (group mean; note = subject SD) +0.1155  sd=0.0325
  A.fd       window-mean FD PCB window 13 (group mean; note = subject SD) +0.1169  sd=0.0319
  A.fd       window-mean FD PCB window 14 (group mean; note = subject SD) +0.1187  sd=0.0315
  A.fd       window-mean FD PCB window 15 (group mean; note = subject SD) +0.1203  sd=0.0294
  A.fd       window-mean FD PCB window 16 (group mean; note = subject SD) +0.1106  sd=0.0280
  A.fd       window-mean FD PCB window 17 (group mean; note = subject SD) +0.1224  sd=0.0376
  A.fd       window-mean FD PCB window 18 (group mean; note = subject SD) +0.1186  sd=0.0529
  A.fd       window-mean FD PCB window 19 (group mean; note = subject SD) +0.1228  sd=0.0440
  A.fd       window-mean FD PCB window 20 (group mean; note = subject SD) +0.1235  sd=0.0516
  A.fd       window-mean FD PCB window 21 (group mean; note = subject SD) +0.1319  sd=0.0562
  A.fd       window-mean FD PCB window 22 (group mean; note = subject SD) +0.1160  sd=0.0394
  A.fd       window-mean FD PCB window 23 (group mean; note = subject SD) +0.1121  sd=0.0432
  A.fd       window-mean FD PCB window 24 (group mean; note = subject SD) +0.1351  sd=0.0519
  A.fd       window-mean FD PCB window 25 (group mean; note = subject SD) +0.1234  sd=0.0481
  A.fd       window-mean FD PCB window 26 (group mean; note = subject SD) +0.1263  sd=0.0534
  A.fd       window-mean FD PCB window 27 (group mean; note = subject SD) +0.1314  sd=0.0591
  A.fd       window-mean FD PCB window 28 (group mean; note = subject SD) +0.1430  sd=0.0639
  A.primary  DMT post-pre sts                                           -0.0390 [-0.0680, -0.0058]  p=0.0354  
  A.primary  PCB post-pre sts                                           +0.0296 [+0.0076, +0.0531]  p=0.0269  
  A.primary  DiD raw: mean                                              -0.0686 [-0.1084, -0.0293]  p=0.0042  share of pre-injection DMT mean = -6.7 %; negative in 13/14
  A.primary  DiD raw: phase-randomised null p (two-sided)               +0.0010  null mean +0.0008 sd 0.0199
  A.primary  DiD raw: sign vs PREREG_DIRECTION (+1 = up)                -1.0000  REFUTATION of up-regulation (directional-failure rule)
  A.primary  FD DiD (same form)                                         +0.0143 [-0.0070, +0.0368]  p=0.2452  
  A.primary  DiD FD-residualised (all windows, per subject x condition): mean -0.0545 [-0.0836, -0.0215]  p=0.0065  SURVIVES motion control; negative in 13/14
  A.sensitivity DMT post-pre sts                                           -0.0407 [-0.0698, -0.0084]  p=0.0311  
  A.sensitivity PCB post-pre sts                                           +0.0252 [+0.0035, +0.0476]  p=0.0490  
  A.sensitivity DiD raw: mean                                              -0.0658 [-0.1072, -0.0261]  p=0.0067  share of pre-injection DMT mean = -6.4 %; negative in 12/14
  A.sensitivity DiD raw: phase-randomised null p (two-sided)               +0.0010  null mean +0.0009 sd 0.0195
  A.sensitivity DiD raw: sign vs PREREG_DIRECTION (+1 = up)                -1.0000  REFUTATION of up-regulation (directional-failure rule)
  A.sensitivity FD DiD (same form)                                         +0.0174 [-0.0038, +0.0393]  p=0.1550  
  A.sensitivity DiD FD-residualised (all windows, per subject x condition): mean -0.0514 [-0.0799, -0.0179]  p=0.0109  SURVIVES motion control; negative in 12/14

SECTION B — tier-2 tracking on the decay windows (DMT run)

  [primary: decay windows [11 12 13 14 15 16 17 18 19 20 21 22 23 24 25 26 27 28]]
  B.primary  raw rho_S DMT vs per-subject ratings [PRIMARY]: group mean (existence test, not thresholded) -0.3876 [-0.5201, -0.2616]  p=0.0010  n_defined=14/14; |rho|>=0.80 in 2 subjects (report only); p_one(prereg dir)=1.0000; sign - vs prereg +; significant vs null: yes
  B.primary  raw rho_S DMT vs group template f [SENSITIVITY]: group mean (existence test, not thresholded) -0.4075 [-0.5486, -0.2713]  p=0.0010  n_defined=14/14; |rho|>=0.80 in 1 subjects (report only); p_one(prereg dir)=1.0000; sign - vs prereg +; significant vs null: yes
  B.primary  raw rho_S group-mean sts series vs template [THRESHOLDED]  -0.9752  p=0.0010  |rho|>=0.80: PASS; sign - vs prereg +
  B.primary  raw control (a): rho_S PCB vs template, group mean         -0.1846 [-0.3112, -0.0634]  p=0.0300  
  B.primary  raw control (a): within-subject rho_DMT - rho_PCB (template) -0.2229 [-0.4146, -0.0430]  clears control (a) (CI includes 0: False; PCB same sign & >= half: False)
  B.primary  control (b): rho_S window-mean FD (DMT) vs template, group mean +0.3534 [+0.1492, +0.5319]  
  B.primary  FD-resid rho_S DMT vs per-subject ratings [PRIMARY]: group mean (existence test, not thresholded) -0.2665 [-0.3715, -0.1682]  p=0.0020  n_defined=14/14; |rho|>=0.80 in 0 subjects (report only); p_one(prereg dir)=0.9990; sign - vs prereg +; significant vs null: yes
  B.primary  FD-resid rho_S DMT vs group template f [SENSITIVITY]: group mean (existence test, not thresholded) -0.2791 [-0.3982, -0.1614]  p=0.0010  n_defined=14/14; |rho|>=0.80 in 0 subjects (report only); p_one(prereg dir)=1.0000; sign - vs prereg +; significant vs null: yes
  B.primary  FD-resid rho_S group-mean sts series vs template [THRESHOLDED] -0.8535  p=0.0020  |rho|>=0.80: PASS; sign - vs prereg +
  B.primary  FD-resid control (a): rho_S PCB vs template, group mean    -0.1330 [-0.2492, -0.0175]  p=0.0480  
  B.primary  FD-resid control (a): within-subject rho_DMT - rho_PCB (template) -0.1461 [-0.3369, +0.0308]  VOID (CI includes 0: True; PCB same sign & >= half: False)
  B.primary  TIER-2 CLAIM (per-subject ratings [PRIMARY]): gm threshold & subject existence & (a) & (b) +0.0000  raw: gm_pass=True, subj_sig=True, same_dir=True, (a) void=False | resid: gm_pass=True, subj_sig=True, same_dir=True, (a) void=True; sign of raw gm: - (prereg +)
  B.primary  TIER-2 CLAIM (group template f [SENSITIVITY]): gm threshold & subject existence & (a) & (b) +0.0000  raw: gm_pass=True, subj_sig=True, same_dir=True, (a) void=False | resid: gm_pass=True, subj_sig=True, same_dir=True, (a) void=True; sign of raw gm: - (prereg +)

  [sensitivity: decay windows [10 11 12 13 14 15 16 17 18 19 20 21 22 23 24 25 26 27 28]]
  B.sensitivity raw rho_S DMT vs per-subject ratings [PRIMARY]: group mean (existence test, not thresholded) -0.3967 [-0.5283, -0.2618]  p=0.0010  n_defined=14/14; |rho|>=0.80 in 2 subjects (report only); p_one(prereg dir)=1.0000; sign - vs prereg +; significant vs null: yes
  B.sensitivity raw rho_S DMT vs group template f [SENSITIVITY]: group mean (existence test, not thresholded) -0.4197 [-0.5533, -0.2846]  p=0.0010  n_defined=14/14; |rho|>=0.80 in 1 subjects (report only); p_one(prereg dir)=1.0000; sign - vs prereg +; significant vs null: yes
  B.sensitivity raw rho_S group-mean sts series vs template [THRESHOLDED]  -0.9684  p=0.0010  |rho|>=0.80: PASS; sign - vs prereg +
  B.sensitivity raw control (a): rho_S PCB vs template, group mean         -0.2559 [-0.3900, -0.1296]  p=0.0010  
  B.sensitivity raw control (a): within-subject rho_DMT - rho_PCB (template) -0.1638 [-0.3341, +0.0028]  VOID (CI includes 0: True; PCB same sign & >= half: True)
  B.sensitivity control (b): rho_S window-mean FD (DMT) vs template, group mean +0.4054 [+0.2361, +0.5599]  
  B.sensitivity FD-resid rho_S DMT vs per-subject ratings [PRIMARY]: group mean (existence test, not thresholded) -0.2602 [-0.3677, -0.1595]  p=0.0030  n_defined=14/14; |rho|>=0.80 in 0 subjects (report only); p_one(prereg dir)=0.9980; sign - vs prereg +; significant vs null: yes
  B.sensitivity FD-resid rho_S DMT vs group template f [SENSITIVITY]: group mean (existence test, not thresholded) -0.2781 [-0.3925, -0.1655]  p=0.0020  n_defined=14/14; |rho|>=0.80 in 0 subjects (report only); p_one(prereg dir)=0.9990; sign - vs prereg +; significant vs null: yes
  B.sensitivity FD-resid rho_S group-mean sts series vs template [THRESHOLDED] -0.8000  p=0.0030  |rho|>=0.80: PASS; sign - vs prereg +
  B.sensitivity FD-resid control (a): rho_S PCB vs template, group mean    -0.1680 [-0.2985, -0.0406]  p=0.0080  
  B.sensitivity FD-resid control (a): within-subject rho_DMT - rho_PCB (template) -0.1100 [-0.2907, +0.0729]  VOID (CI includes 0: True; PCB same sign & >= half: True)
  B.sensitivity TIER-2 CLAIM (per-subject ratings [PRIMARY]): gm threshold & subject existence & (a) & (b) +0.0000  raw: gm_pass=True, subj_sig=True, same_dir=True, (a) void=True | resid: gm_pass=True, subj_sig=True, same_dir=True, (a) void=True; sign of raw gm: - (prereg +)
  B.sensitivity TIER-2 CLAIM (group template f [SENSITIVITY]): gm threshold & subject existence & (a) & (b) +0.0000  raw: gm_pass=True, subj_sig=True, same_dir=True, (a) void=True | resid: gm_pass=True, subj_sig=True, same_dir=True, (a) void=True; sign of raw gm: - (prereg +)

wrote results/primary_b_ts_gsr_win30.csv
=== 2026-09-26 20:03:53  scripts/07_windowed_atoms_did.py --variant ts_gsr --window-trs 60   -> results/run_07_ts_gsr_win60.log
variant=ts_gsr W=60  windowed=atoms_win60_115regions-all_ts_gsr_window.npy  global=atoms_bins_115regions-all_ts_gsr_global.npy  git=c25a310

[windowed, primary]  atom    pre DMT  pre PCB   DMT ch   PCB ch      DiD    CI lo    CI hi       p  neg/14
                        sts      1.1554   1.1378  -0.0485  +0.0324  -0.0809  -0.1253  -0.0365  0.0038  13
                        rtr      0.0388   0.0375  -0.0072  +0.0005  -0.0078  -0.0135  -0.0016  0.0312  10
                        total    1.4772   1.4597  -0.0678  +0.0359  -0.1037  -0.1600  -0.0479  0.0034  12
                        xtx      0.6273   0.6131  -0.0280  +0.0243  -0.0523  -0.0839  -0.0221  0.0065  12
                        yty      0.6125   0.6060  -0.0244  +0.0152  -0.0396  -0.0673  -0.0130  0.0131  13
                        rts      0.5669   0.5561  -0.0224  +0.0182  -0.0407  -0.0645  -0.0178  0.0051  12

[windowed, sensitivity]  atom    pre DMT  pre PCB   DMT ch   PCB ch      DiD    CI lo    CI hi       p  neg/14
                        sts      1.1554   1.1378  -0.0491  +0.0242  -0.0733  -0.1179  -0.0298  0.0070  12
                        rtr      0.0388   0.0375  -0.0069  +0.0002  -0.0071  -0.0127  -0.0010  0.0424  10
                        total    1.4772   1.4597  -0.0667  +0.0264  -0.0930  -0.1495  -0.0370  0.0072  12
                        xtx      0.6273   0.6131  -0.0279  +0.0188  -0.0467  -0.0787  -0.0163  0.0137  12
                        yty      0.6125   0.6060  -0.0245  +0.0106  -0.0351  -0.0632  -0.0091  0.0239  12
                        rts      0.5669   0.5561  -0.0231  +0.0140  -0.0371  -0.0606  -0.0145  0.0079  13

[windowed, peak(bins 9-14)]  atom    pre DMT  pre PCB   DMT ch   PCB ch      DiD    CI lo    CI hi       p  neg/14
                        sts      1.1554   1.1378  -0.0833  -0.0133  -0.0700  -0.1065  -0.0301  0.0055  13
                        rtr      0.0388   0.0375  -0.0101  +0.0003  -0.0103  -0.0164  -0.0036  0.0120  11
                        total    1.4772   1.4597  -0.1087  -0.0158  -0.0929  -0.1414  -0.0417  0.0051  12
                        xtx      0.6273   0.6131  -0.0478  -0.0083  -0.0396  -0.0708  -0.0086  0.0363  10
                        yty      0.6125   0.6060  -0.0431  -0.0118  -0.0313  -0.0564  -0.0054  0.0361  11
                        rts      0.5669   0.5561  -0.0407  -0.0062  -0.0345  -0.0550  -0.0129  0.0096  12

[global, primary]  atom    pre DMT  pre PCB   DMT ch   PCB ch      DiD    CI lo    CI hi       p  neg/14
                        sts      1.3085   1.2893  -0.0521  +0.0280  -0.0801  -0.1302  -0.0310  0.0071  12
                        rtr      0.0248   0.0225  -0.0062  -0.0001  -0.0060  -0.0131  +0.0014  0.1378  10
                        total    1.4421   1.4046  -0.0852  +0.0364  -0.1216  -0.1917  -0.0526  0.0051  13
                        xtx      0.6897   0.6721  -0.0323  +0.0221  -0.0544  -0.0885  -0.0216  0.0081  12
                        yty      0.6719   0.6623  -0.0289  +0.0142  -0.0431  -0.0767  -0.0128  0.0137  13
                        rts      0.6435   0.6327  -0.0239  +0.0157  -0.0396  -0.0661  -0.0141  0.0090  12

[global, sensitivity]  atom    pre DMT  pre PCB   DMT ch   PCB ch      DiD    CI lo    CI hi       p  neg/14
                        sts      1.3085   1.2893  -0.0515  +0.0220  -0.0735  -0.1242  -0.0251  0.0112  12
                        rtr      0.0248   0.0225  -0.0063  -0.0003  -0.0060  -0.0127  +0.0012  0.1285  10
                        total    1.4421   1.4046  -0.0853  +0.0285  -0.1138  -0.1835  -0.0441  0.0079  11
                        xtx      0.6897   0.6721  -0.0323  +0.0180  -0.0503  -0.0841  -0.0169  0.0121  12
                        yty      0.6719   0.6623  -0.0286  +0.0107  -0.0393  -0.0726  -0.0096  0.0210  13
                        rts      0.6435   0.6327  -0.0237  +0.0126  -0.0362  -0.0621  -0.0111  0.0131  12

[global, peak(bins 9-14)]  atom    pre DMT  pre PCB   DMT ch   PCB ch      DiD    CI lo    CI hi       p  neg/14
                        sts      1.3085   1.2893  -0.0808  -0.0056  -0.0752  -0.1108  -0.0336  0.0044  13
                        rtr      0.0248   0.0225  -0.0096  -0.0004  -0.0091  -0.0152  -0.0027  0.0203  10
                        total    1.4421   1.4046  -0.1257  -0.0082  -0.1175  -0.1701  -0.0603  0.0018  13
                        xtx      0.6897   0.6721  -0.0484  -0.0024  -0.0460  -0.0758  -0.0166  0.0128  12
                        yty      0.6719   0.6623  -0.0431  -0.0057  -0.0373  -0.0630  -0.0121  0.0155  13
                        rts      0.6435   0.6327  -0.0377  -0.0023  -0.0353  -0.0547  -0.0134  0.0082  12

wrote results/windowed_atoms_did_ts_gsr_win60.csv
=== 2026-09-26 20:03:53  scripts/08_robustness_c_analysis.py --variant ts_gsr   -> results/run_08_robustness_c_ts_gsr.log
variant=ts_gsr  placebo-fitted=atoms_bins_115regions-all_ts_gsr_placebo.npy  global=atoms_bins_115regions-all_ts_gsr_global.npy  git=c25a310
PCB scored on bins 15-28 only (fit on TRs 0-419); DMT scored on bins 1-28. Both out-of-sample under the placebo-fitted model.

[placebo-fitted]  (i) within-DMT step, primary (bins 11-28) minus bins 1-8
  sts          DMT post=  1.3041        DMT pre=  1.3549  diff= -0.0508 [ -0.1047,  +0.0137]  p= 0.1338  neg/14=11  share=  -3.7 %
  rtr          DMT post=  0.0148        DMT pre=  0.0181  diff= -0.0034 [ -0.0075,  +0.0005]  p= 0.1359  neg/14= 9  share= -18.5 %
  total        DMT post=  1.3578        DMT pre=  1.4083  diff= -0.0505 [ -0.1103,  +0.0198]  p= 0.1741  neg/14=11  share=  -3.6 %

[placebo-fitted]  (i) within-DMT step, sensitivity (bins 9-28) minus bins 1-8
  sts          DMT post=  1.3072        DMT pre=  1.3549  diff= -0.0477 [ -0.1001,  +0.0148]  p= 0.1467  neg/14=11  share=  -3.5 %
  rtr          DMT post=  0.0143        DMT pre=  0.0181  diff= -0.0038 [ -0.0079,  +0.0001]  p= 0.0974  neg/14= 9  share= -21.0 %
  total        DMT post=  1.3580        DMT pre=  1.4083  diff= -0.0503 [ -0.1087,  +0.0192]  p= 0.1683  neg/14=11  share=  -3.6 %

[placebo-fitted]  (ii) DMT minus PCB on matched out-of-sample bins 15-28
  sts               DMT=  1.3213            PCB=  1.4323  diff= -0.1110 [ -0.1803,  -0.0593]  p= 0.0005  neg/14=13  share=  -7.8 %
  rtr               DMT=  0.0155            PCB=  0.0127  diff= +0.0028 [ -0.0020,  +0.0075]  p= 0.2781  neg/14= 7  share= +22.3 %
  total             DMT=  1.3738            PCB=  1.4556  diff= -0.0817 [ -0.1438,  -0.0332]  p= 0.0031  neg/14=13  share=  -5.6 %

[global (native fit, same bins)]  (i) within-DMT step, primary (bins 11-28) minus bins 1-8
  sts          DMT post=  1.2564        DMT pre=  1.3085  diff= -0.0521 [ -0.0947,  -0.0068]  p= 0.0450  neg/14=11  share=  -4.0 %
  rtr          DMT post=  0.0186        DMT pre=  0.0248  diff= -0.0062 [ -0.0122,  -0.0001]  p= 0.0752  neg/14= 9  share= -24.8 %
  total        DMT post=  1.3569        DMT pre=  1.4421  diff= -0.0852 [ -0.1461,  -0.0221]  p= 0.0248  neg/14=11  share=  -5.9 %

[global (native fit, same bins)]  (i) within-DMT step, sensitivity (bins 9-28) minus bins 1-8
  sts          DMT post=  1.2570        DMT pre=  1.3085  diff= -0.0515 [ -0.0937,  -0.0061]  p= 0.0452  neg/14=11  share=  -3.9 %
  rtr          DMT post=  0.0185        DMT pre=  0.0248  diff= -0.0063 [ -0.0121,  -0.0003]  p= 0.0657  neg/14= 9  share= -25.5 %
  total        DMT post=  1.3568        DMT pre=  1.4421  diff= -0.0853 [ -0.1443,  -0.0234]  p= 0.0236  neg/14=11  share=  -5.9 %

[global (native fit, same bins)]  (ii) DMT minus PCB on matched out-of-sample bins 15-28
  sts               DMT=  1.2696            PCB=  1.3232  diff= -0.0536 [ -0.0941,  -0.0241]  p= 0.0010  neg/14=12  share=  -4.1 %
  rtr               DMT=  0.0199            PCB=  0.0222  diff= -0.0024 [ -0.0069,  +0.0022]  p= 0.3341  neg/14= 9  share= -10.6 %
  total             DMT=  1.3741            PCB=  1.4489  diff= -0.0748 [ -0.1243,  -0.0336]  p= 0.0024  neg/14=13  share=  -5.2 %

wrote results/robustness_c_ts_gsr.csv
=== 2026-09-26 20:03:53  scripts/03_lz_vs_tdmi.py --variant ts_gsr   -> results/run_lz_vs_tdmi_ts_gsr.log
variant=ts_gsr  atoms=results/atoms_bins_115regions-all_ts_gsr_global.npy  surrogates=1000  boot=10000  git=c25a310
  total DMT: group-mean rho=-0.242 [-0.401, -0.076] (SD across subjects 0.324; 10/14 in predicted sign -1) null mean +0.002 sd 0.077  p_one=0.002 p_two=0.003 | group-mean-series rho=-0.828 p_two=0.003
  total PCB: group-mean rho=-0.047 [-0.137, +0.039] (SD across subjects 0.176; 8/14 in predicted sign -1) null mean -0.002 sd 0.056  p_one=0.221 p_two=0.420 | group-mean-series rho=-0.097 p_two=0.660
  sts   DMT: group-mean rho=-0.239 [-0.380, -0.093] (SD across subjects 0.282; 9/14 in predicted sign -1) null mean +0.001 sd 0.070  p_one=0.001 p_two=0.001 | group-mean-series rho=-0.804 p_two=0.007
  sts   PCB: group-mean rho=-0.031 [-0.133, +0.062] (SD across subjects 0.195; 9/14 in predicted sign -1) null mean -0.003 sd 0.054  p_one=0.315 p_two=0.588 | group-mean-series rho=-0.049 p_two=0.813
  rtr   DMT: group-mean rho=-0.162 [-0.274, -0.049] (SD across subjects 0.225; 3/14 in predicted sign +1) null mean +0.003 sd 0.072  p_one=0.991 p_two=0.024 | group-mean-series rho=-0.713 p_two=0.016
  rtr   PCB: group-mean rho=-0.091 [-0.208, +0.026] (SD across subjects 0.230; 5/14 in predicted sign +1) null mean -0.001 sd 0.057  p_one=0.938 p_two=0.119 | group-mean-series rho=-0.348 p_two=0.135
wrote results/lz_vs_tdmi_ts_gsr.csv
=== 2026-09-26 20:04:11  scripts/03_lz_vs_tdmi.py --variant ts_demean   -> results/run_lz_vs_tdmi_ts_demean.log
variant=ts_demean  atoms=results/atoms_bins_115regions-all_ts_demean_global.npy  surrogates=1000  boot=10000  git=c25a310
  total DMT: group-mean rho=-0.214 [-0.368, -0.064] (SD across subjects 0.304; 10/14 in predicted sign -1) null mean +0.000 sd 0.078  p_one=0.004 p_two=0.007 | group-mean-series rho=-0.723 p_two=0.049
  total PCB: group-mean rho=-0.093 [-0.179, -0.008] (SD across subjects 0.170; 9/14 in predicted sign -1) null mean -0.002 sd 0.054  p_one=0.045 p_two=0.088 | group-mean-series rho=-0.115 p_two=0.616
  sts   DMT: group-mean rho=-0.203 [-0.346, -0.067] (SD across subjects 0.277; 9/14 in predicted sign -1) null mean +0.001 sd 0.078  p_one=0.007 p_two=0.011 | group-mean-series rho=-0.669 p_two=0.071
  sts   PCB: group-mean rho=-0.089 [-0.200, +0.018] (SD across subjects 0.216; 9/14 in predicted sign -1) null mean -0.002 sd 0.056  p_one=0.055 p_two=0.106 | group-mean-series rho=-0.095 p_two=0.681
  rtr   DMT: group-mean rho=-0.023 [-0.110, +0.069] (SD across subjects 0.176; 5/14 in predicted sign +1) null mean -0.004 sd 0.064  p_one=0.628 p_two=0.714 | group-mean-series rho=+0.067 p_two=0.828
  rtr   PCB: group-mean rho=-0.014 [-0.138, +0.101] (SD across subjects 0.237; 8/14 in predicted sign +1) null mean -0.002 sd 0.061  p_one=0.578 p_two=0.824 | group-mean-series rho=+0.407 p_two=0.052
wrote results/lz_vs_tdmi_ts_demean.csv
=== 2026-09-26 20:04:28  scripts/09_global_fc_per_bin.py --variant ts_gsr   -> results/run_09_ts_gsr.log
variant=ts_gsr regions=115 pairs=6555 git=c25a310
bins with fewer than 30 TRs (subject, cond, bin0, n): [(2, 1, 27, np.int64(29))]

mean pairwise Pearson r per bin, 14-subject group mean
bin :      1      2      3      4      5      6      7      8      9     10     11     12     13     14     15     16     17     18     19     20     21     22     23     24     25     26     27     28
DMT : -0.0024 -0.0021 -0.0023 -0.0018 -0.0022 -0.0028 -0.0008 -0.0017 -0.0016 -0.0058 -0.0052 -0.0055 -0.0048 -0.0046 -0.0048 -0.0044 -0.0029 -0.0054 -0.0039 -0.0050 -0.0038 -0.0029 -0.0022 -0.0045 -0.0038 -0.0026 -0.0039 -0.0029
PCB : -0.0053 -0.0042 -0.0020 -0.0031 -0.0033 -0.0039 -0.0045 -0.0047 -0.0031 -0.0043 -0.0036 -0.0019 -0.0028 -0.0033 -0.0025 -0.0041 -0.0033 -0.0022 -0.0029 -0.0018 -0.0026 -0.0027 -0.0024 -0.0014 -0.0010 -0.0030 -0.0017 -0.0024
D-P : +0.0028 +0.0021 -0.0003 +0.0013 +0.0010 +0.0011 +0.0037 +0.0030 +0.0015 -0.0014 -0.0015 -0.0036 -0.0019 -0.0014 -0.0023 -0.0003 +0.0004 -0.0031 -0.0011 -0.0032 -0.0012 -0.0002 +0.0002 -0.0031 -0.0028 +0.0004 -0.0021 -0.0005

set                    quantity               name                       value     ci_lo     ci_hi       p neg pos
primary_bins11-28      mean_r                 DMT_post_minus_pre       -0.0020   -0.0034   -0.0008  0.0063  10   4
primary_bins11-28      mean_r                 PCB_post_minus_pre       +0.0013   +0.0003   +0.0025  0.0200   4  10
primary_bins11-28      mean_r                 DiD                      -0.0034   -0.0051   -0.0017  0.0024  11   3
primary_bins11-28      mean_r                 pre_DMT_mean             -0.0020                                    
primary_bins11-28      mean_r                 pre_PCB_mean             -0.0039                                    
primary_bins11-28      mean_r                 DiD_share_of_pre_DMT     +1.6530                                    
primary_bins11-28      sts_global_fit_nats    DMT_post_minus_pre       -0.0521   -0.0934   -0.0065  0.0450  11   3
primary_bins11-28      sts_global_fit_nats    PCB_post_minus_pre       +0.0280   +0.0046   +0.0524  0.0466   3  11
primary_bins11-28      sts_global_fit_nats    DiD                      -0.0801   -0.1303   -0.0310  0.0071  12   2
primary_bins11-28      sts_global_fit_nats    pre_DMT_mean             +1.3085                                    
primary_bins11-28      sts_global_fit_nats    pre_PCB_mean             +1.2893                                    
primary_bins11-28      sts_global_fit_nats    DiD_share_of_pre_DMT     -0.0612                                    
sensitivity_bins9-28   mean_r                 DMT_post_minus_pre       -0.0020   -0.0033   -0.0008  0.0045  11   3
sensitivity_bins9-28   mean_r                 PCB_post_minus_pre       +0.0012   +0.0003   +0.0023  0.0220   5   9
sensitivity_bins9-28   mean_r                 DiD                      -0.0032   -0.0047   -0.0017  0.0017  11   3
sensitivity_bins9-28   mean_r                 pre_DMT_mean             -0.0020                                    
sensitivity_bins9-28   mean_r                 pre_PCB_mean             -0.0039                                    
sensitivity_bins9-28   mean_r                 DiD_share_of_pre_DMT     +1.5758                                    
sensitivity_bins9-28   sts_global_fit_nats    DMT_post_minus_pre       -0.0515   -0.0937   -0.0067  0.0452  11   3
sensitivity_bins9-28   sts_global_fit_nats    PCB_post_minus_pre       +0.0220   -0.0005   +0.0449  0.0919   4  10
sensitivity_bins9-28   sts_global_fit_nats    DiD                      -0.0735   -0.1237   -0.0236  0.0112  12   2
sensitivity_bins9-28   sts_global_fit_nats    pre_DMT_mean             +1.3085                                    
sensitivity_bins9-28   sts_global_fit_nats    pre_PCB_mean             +1.2893                                    
sensitivity_bins9-28   sts_global_fit_nats    DiD_share_of_pre_DMT     -0.0562                                    
peak_bins9-14          mean_r                 DMT_post_minus_pre       -0.0025   -0.0037   -0.0014  0.0002  13   1
peak_bins9-14          mean_r                 PCB_post_minus_pre       +0.0007   -0.0004   +0.0019  0.2825   7   7
peak_bins9-14          mean_r                 DiD                      -0.0032   -0.0050   -0.0015  0.0023  12   2
peak_bins9-14          mean_r                 pre_DMT_mean             -0.0020                                    
peak_bins9-14          mean_r                 pre_PCB_mean             -0.0039                                    
peak_bins9-14          mean_r                 DiD_share_of_pre_DMT     +1.5866                                    
peak_bins9-14          sts_global_fit_nats    DMT_post_minus_pre       -0.0808   -0.1201   -0.0374  0.0044  13   1
peak_bins9-14          sts_global_fit_nats    PCB_post_minus_pre       -0.0056   -0.0265   +0.0142  0.6111   6   8
peak_bins9-14          sts_global_fit_nats    DiD                      -0.0752   -0.1114   -0.0335  0.0044  13   1
peak_bins9-14          sts_global_fit_nats    pre_DMT_mean             +1.3085                                    
peak_bins9-14          sts_global_fit_nats    pre_PCB_mean             +1.2893                                    
peak_bins9-14          sts_global_fit_nats    DiD_share_of_pre_DMT     -0.0575                                    

wrote results/global_fc_did_ts_gsr.csv
=== 2026-09-26 20:04:29  scripts/09_global_fc_per_bin.py --variant ts_demean   -> results/run_09_ts_demean.log
variant=ts_demean regions=115 pairs=6555 git=c25a310
bins with fewer than 30 TRs (subject, cond, bin0, n): [(2, 1, 27, np.int64(29))]

mean pairwise Pearson r per bin, 14-subject group mean
bin :      1      2      3      4      5      6      7      8      9     10     11     12     13     14     15     16     17     18     19     20     21     22     23     24     25     26     27     28
DMT : 0.2008 0.1828 0.1909 0.1808 0.2051 0.1958 0.1839 0.1839 0.3256 0.2869 0.2262 0.2685 0.2515 0.2543 0.2036 0.2037 0.2184 0.2587 0.2047 0.2268 0.2379 0.2298 0.2500 0.2602 0.2406 0.2286 0.2125 0.2201
PCB : 0.2102 0.2005 0.1525 0.1489 0.1544 0.1549 0.1509 0.2778 0.3364 0.1416 0.1545 0.1522 0.1540 0.1711 0.1888 0.1740 0.1952 0.1613 0.1622 0.1832 0.1590 0.1953 0.1683 0.1695 0.1699 0.1796 0.1722 0.1723
D-P : -0.0094 -0.0177 +0.0384 +0.0318 +0.0507 +0.0409 +0.0330 -0.0939 -0.0108 +0.1453 +0.0717 +0.1163 +0.0975 +0.0832 +0.0148 +0.0296 +0.0232 +0.0974 +0.0426 +0.0436 +0.0789 +0.0346 +0.0817 +0.0907 +0.0707 +0.0490 +0.0403 +0.0478

set                    quantity               name                       value     ci_lo     ci_hi       p neg pos
primary_bins11-28      mean_r                 DMT_post_minus_pre       +0.0426   +0.0006   +0.0872  0.0934   4  10
primary_bins11-28      mean_r                 PCB_post_minus_pre       -0.0100   -0.0378   +0.0111  0.5875   5   9
primary_bins11-28      mean_r                 DiD                      +0.0526   +0.0073   +0.0976  0.0470   4  10
primary_bins11-28      mean_r                 pre_DMT_mean             +0.1905                                    
primary_bins11-28      mean_r                 pre_PCB_mean             +0.1813                                    
primary_bins11-28      mean_r                 DiD_share_of_pre_DMT     +0.2763                                    
primary_bins11-28      sts_global_fit_nats    DMT_post_minus_pre       -0.0684   -0.1279   +0.0003  0.0642   9   5
primary_bins11-28      sts_global_fit_nats    PCB_post_minus_pre       +0.0351   +0.0043   +0.0652  0.0540   3  11
primary_bins11-28      sts_global_fit_nats    DiD                      -0.1035   -0.1678   -0.0357  0.0132  11   3
primary_bins11-28      sts_global_fit_nats    pre_DMT_mean             +1.2403                                    
primary_bins11-28      sts_global_fit_nats    pre_PCB_mean             +1.2235                                    
primary_bins11-28      sts_global_fit_nats    DiD_share_of_pre_DMT     -0.0834                                    
sensitivity_bins9-28   mean_r                 DMT_post_minus_pre       +0.0500   +0.0097   +0.0939  0.0468   4  10
sensitivity_bins9-28   mean_r                 PCB_post_minus_pre       -0.0032   -0.0314   +0.0177  0.8687   4  10
sensitivity_bins9-28   mean_r                 DiD                      +0.0532   +0.0113   +0.0930  0.0322   4  10
sensitivity_bins9-28   mean_r                 pre_DMT_mean             +0.1905                                    
sensitivity_bins9-28   mean_r                 pre_PCB_mean             +0.1813                                    
sensitivity_bins9-28   mean_r                 DiD_share_of_pre_DMT     +0.2792                                    
sensitivity_bins9-28   sts_global_fit_nats    DMT_post_minus_pre       -0.0613   -0.1173   +0.0032  0.0781   9   5
sensitivity_bins9-28   sts_global_fit_nats    PCB_post_minus_pre       +0.0297   -0.0005   +0.0591  0.0864   4  10
sensitivity_bins9-28   sts_global_fit_nats    DiD                      -0.0909   -0.1536   -0.0254  0.0175  11   3
sensitivity_bins9-28   sts_global_fit_nats    pre_DMT_mean             +1.2403                                    
sensitivity_bins9-28   sts_global_fit_nats    pre_PCB_mean             +1.2235                                    
sensitivity_bins9-28   sts_global_fit_nats    DiD_share_of_pre_DMT     -0.0733                                    
peak_bins9-14          mean_r                 DMT_post_minus_pre       +0.0783   +0.0342   +0.1289  0.0029   3  11
peak_bins9-14          mean_r                 PCB_post_minus_pre       +0.0037   -0.0261   +0.0316  0.8102   6   8
peak_bins9-14          mean_r                 DiD                      +0.0746   +0.0293   +0.1282  0.0046   3  11
peak_bins9-14          mean_r                 pre_DMT_mean             +0.1905                                    
peak_bins9-14          mean_r                 pre_PCB_mean             +0.1813                                    
peak_bins9-14          mean_r                 DiD_share_of_pre_DMT     +0.3918                                    
peak_bins9-14          sts_global_fit_nats    DMT_post_minus_pre       -0.0887   -0.1527   -0.0226  0.0238  11   3
peak_bins9-14          sts_global_fit_nats    PCB_post_minus_pre       -0.0077   -0.0377   +0.0228  0.6373   8   6
peak_bins9-14          sts_global_fit_nats    DiD                      -0.0810   -0.1446   -0.0176  0.0348  11   3
peak_bins9-14          sts_global_fit_nats    pre_DMT_mean             +1.2403                                    
peak_bins9-14          sts_global_fit_nats    pre_PCB_mean             +1.2235                                    
peak_bins9-14          sts_global_fit_nats    DiD_share_of_pre_DMT     -0.0653                                    

wrote results/global_fc_did_ts_demean.csv
=== 2026-09-26 20:04:30  scripts/10_subject_alignment_check.py   -> results/run_10_subject_alignment_check.log
# subject alignment check — 10_subject_alignment_check.py, git=c25a310, seed=20261120

## A. How the original MATLAB indexes each file
  01_gen_time_resolved_ce.m:30: for i = 1:nsub
  01_gen_time_resolved_ce.m:47: for i = 1:nsub
  01_gen_time_resolved_ce.m:32: ts = TS{i,1};
  01_gen_time_resolved_ce.m:78: ts = TS{i,1};
  01_gen_time_resolved_ce.m:49: ts = TS{i,2};
  01_gen_time_resolved_ce.m:110: ts = TS{i,2};
  02_global_ce_analyses.m:545: [r,p] = corr(win_dmt_ce_global(i,:)',dmt_intensity(i,:)','type','Spearman');
  02_global_ce_analyses.m:634: [r,p] = corr(win_dmt_ce_global(i,:)',dmt_intensity(i,:)','type','Spearman');
  02_global_ce_analyses.m:560: [r,p] = corr(win_pcb_ce_global(i,:)',pcb_intensity(i,:)','type','Spearman');
  02_global_ce_analyses.m:655: [r,p] = corr(win_pcb_ce_global(i,:)',pcb_intensity(i,:)','type','Spearman');
  02_global_ce_analyses.m:514: [r,p] = corr(global_CE_dmt(i,:)',RegDMT2(i,:)','type','Spearman');
  02_global_ce_analyses.m:592: [r,p] = corr(global_CE_dmt(i,:)',RegDMT2(i,:)','type','Spearman');
  02_global_ce_analyses.m:529: [r,p] = corr(global_CE_pcb(i,:)',RegPCB2(i,:)','type','Spearman','rows','complete');
  02_global_ce_analyses.m:617: [r,p] = corr(global_CE_pcb(i,:)',RegPCB2(i,:)','type','Spearman','rows','complete');
  02_global_ce_analyses.m:444: m_dmt_fd = mean(FDDMT(2:839,:)');
  02_global_ce_analyses.m:461: win_dmt_fd(:,i) = mean(FDDMT(k:k+window,:)',2);
  02_global_ce_analyses.m:479: m_win_fd_diff = mean(win_dmt_fd-win_pcb_fd);
  Reading: TS{i,cond}, dmt_intensity(i,:), pcb_intensity(i,:), RegDMT2(i,:), RegPCB2(i,:) are all
  indexed by the same loop variable i in 1:nsub, i.e. the authors treat the timeseries subject axis,
  the ratings rows and the LZ rows as one ordering. FD is indexed as columns = subjects
  (FDDMT(TRs, subjects)); its transpose gives one row per subject, but the MATLAB uses FD only at the
  group level (mean over subjects of window FD, and a group-mean partial correlation), so FD-to-subject
  alignment is asserted by the layout, not exercised per subject, in the original code.

## B. File metadata
  DMT_clean_mni_continuous_fullPreprocsch116.mat: created Wed May 10 11:39:12 2023; [('ts', (14, 2), 'object'), ('ts_demean', (14, 2), 'object'), ('ts_gsr', (14, 2), 'object'), ('ts_z', (14, 2), 'object')]
  FDlong.mat: created Mon Dec 11 16:00:42 2023; [('FDDMT', (840, 14), 'float64'), ('FDPCB', (840, 14), 'float64')]
  intensity_ratings.mat: created Tue Aug 16 16:38:55 2022; [('DMT_intensity', (1,), "[('_TypeSystem', 'O'), ('_Class', 'O'), ('_ObjectMetadata', 'O')]"), ('PCB_intensity', (1,), "[('_TypeSystem', 'O'), ('_Class', 'O'), ('_ObjectMetadata', 'O')]"), ('dmt_intensity', (14, 28), 'uint8'), ('pcb_intensity', (14, 28), 'uint8')]
  RegressorLZInterpscrubbedConvolvedAvg.mat: created Wed Feb  1 02:13:36 2023; [('RegDMT2', (14, 840), 'float64'), ('RegPCB2', (14, 840), 'float64'), ('Regdiff', (14, 840), 'float64')]
  Every per-subject array has 14 subjects; timeseries (14,2) cell of (116,840); FD (840,14); ratings (14,28); LZ (14,840).

## C. The subject-index-2 PCB TR-839 defect across files
  ts: non-finite TRs (subject, cond, TRs) = [(2, 1, [839])]; regions non-finite at those TRs = [116]
  ts_demean: non-finite TRs (subject, cond, TRs) = [(2, 1, [839])]; regions non-finite at those TRs = [116]
  ts_gsr: non-finite TRs (subject, cond, TRs) = [(2, 1, [839])]; regions non-finite at those TRs = [116]
  ts_z: non-finite TRs (subject, cond, TRs) = [(2, 1, [839])]; regions non-finite at those TRs = [116]
  FDPCB[839, 2] = np.float64(0.0); FDDMT[839, 2] = 0.0585
  FDPCB[830:840, 2] = [0.0756, 0.0356, 0.0593, 0.1288, 0.0824, 0.0714, 0.1036, 0.0797, 0.0948, 0.0]
  FDPCB[839, :] (all subjects) = [0.289, 0.174, 0.0, 0.09, 0.108, 0.054, 0.123, 0.029, 0.041, 0.222, 0.188, 0.237, 0.101, 0.125]
  FD non-finite: DMT 0, PCB 0
  FD == 0 count per subject, DMT [1, 1, 1, 1, 1, 1, 1, 1, 1, 1, 1, 1, 1, 1], PCB [1, 1, 2, 1, 1, 1, 1, 1, 1, 1, 1, 1, 1, 1] (TR 0 is 0 for every column; the only other exact zero in all 28 columns is FDPCB[839, 2])
  FDPCB[839, 2] percentile within its own column: 0.0 % (column median 0.091, 5th pct 0.042)
  LZ RegPCB2[2, 835:840] = [1.082, 1.247, 1.478, 1.901, 2.401]; RegPCB2[:, 839] range -4.29..7.37; LZ non-finite: 0
  Reading: the timeseries has a missing final volume for exactly one (subject, condition); the FD file
  has an exact 0 (the value FD takes when no displacement can be computed) at exactly the same
  (subject, condition, TR) and nowhere else beyond TR 0. The FD subject axis and the timeseries
  subject axis agree at subject index 2. LZ shows nothing at that TR (it is an interpolated,
  HRF-convolved EEG series, so a single missing fMRI volume need not appear in it).
  Region-20 defect (subject index 7, DMT, constant zero): FDDMT[:, 7] mean 0.120, nothing abnormal expected or seen in FD or LZ for a single-parcel dropout.

## D. Subject IDs inside intensity_ratings.mat (MATLAB table objects DMT_intensity / PCB_intensity)
  table row names (both tables identical: True): 20 subject codes (not reproduced; data governance, 15 Sep 2026) + ['SD', 'SEM', 'average']
  table variables: Subject + 28 rating columns (VarName2..VarName29); 20 subjects + SD/SEM/average rows
  dmt_intensity row -> table row index (0-based) with identical 28 ratings: [(0, [1]), (1, [2]), (2, [3]), (3, [4]), (4, [7]), (5, [8]), (6, [9]), (7, [10]), (8, [12]), (9, [14]), (10, [15]), (11, [16]), (12, [18]), (13, [19])]
  every DMT row matches exactly one table subject: True; table indices [1, 2, 3, 4, 7, 8, 9, 10, 12, 14, 15, 16, 18, 19]; monotone (14 rows are the table order with 6 subjects removed): True
  table row indices of the 20-row table absent from the 14-row array: [0, 5, 6, 11, 13, 17] (six codes, not reproduced)
  pcb_intensity row 5 (non-zero ratings) -> table row index [8]; same subject as DMT row 5: True
  pcb_intensity row 7 (non-zero ratings) -> table row index [10]; same subject as DMT row 7: True
  pcb rows that are all zero match every all-zero table subject and carry no ordering information: [0, 1, 2, 3, 4, 6, 8, 9, 10, 11, 12, 13]
  Reading: the ratings arrays are the table rows in table order with six subjects (table indices above)
  removed (14 of 20; Singleton et al. report 14 subjects after motion exclusion, Timmermann et al.
  recruited 20). The DMT and PCB arrays share one ordering. No other file carries IDs, so this fixes
  the ratings ordering (ascending subject code) but cannot by itself tie it to the timeseries.

## E. Matched versus mismatched subject pairings (28-bin series, group-mean shape removed)
  Statistic: mean over the 14 matched pairs of Spearman rho between series A_i and B_i, against the
  distribution of the same mean under 20000 random permutations of the B subject labels.
  p is two-sided about the mismatched mean. Alignment predicts matched != mismatched; a null result
  means the two series carry too little subject-specific shape to discriminate, not misalignment.
  A                      B                       matched mismatch       p argmax==self
  ratings_DMT            LZ_DMT                   +0.080   +0.006  0.5636  2/14
  ratings_DMT            FD_DMT                   +0.186   +0.014  0.0763  3/14
  ratings_DMT            sts_gsrglobal_DMT        -0.065   -0.003  0.3360  1/14
  ratings_DMT            TDMI_gsrglobal_DMT       -0.088   -0.009  0.2384  2/14
  LZ_DMT                 FD_DMT                   +0.086   +0.006  0.4008  2/14
  LZ_PCB                 FD_PCB                   +0.102   -0.010  0.0465  3/14
  sts_gsrglobal_DMT      LZ_DMT                   -0.173   +0.005  0.0078  1/14
  TDMI_gsrglobal_DMT     LZ_DMT                   -0.165   +0.001  0.0092  1/14
  sts_gsrglobal_PCB      LZ_PCB                   -0.013   +0.007  0.7333  0/14
  TDMI_gsrglobal_PCB     LZ_PCB                   -0.025   +0.014  0.5069  0/14
  sts_gsrglobal_DMT      FD_DMT                   -0.033   -0.003  0.6291  0/14
  sts_gsrglobal_PCB      FD_PCB                   -0.090   +0.008  0.0885  1/14
  TDMI_gsrglobal_DMT     FD_DMT                   -0.105   -0.003  0.0887  0/14
  TDMI_gsrglobal_PCB     FD_PCB                   -0.111   +0.008  0.0434  0/14

## F. TR-level FD versus DVARS (raw `ts`), matched vs mismatched
  DMT: diag mean +0.045 (min -0.104), off-diag mean -0.023 (max +0.228); argmax==self 4/14
/home/vilalius/dmt-phiid/scripts/10_subject_alignment_check.py:254: RuntimeWarning: Mean of empty slice
  D.append(np.sqrt(np.nanmean(d ** 2, 0)))
  PCB: diag mean +0.060 (min -0.160), off-diag mean +0.006 (max +0.195); argmax==self 4/14
  Reading: the distributed timeseries are denoised and band-passed (motion regressors, scrubbing with
  interpolation per the LZ filename), so frame-to-frame signal change no longer tracks FD in any
  subject, matched or not. This test is uninformative on these data; it is not evidence against alignment.

## Verdict (plain, per file pair)
  timeseries <-> FD:      VERIFIED at one subject (co-located defect at subject index 2, PCB, TR 839; C),
                          supported by the layout in the MATLAB (A); weak statistical support (E: TDMI vs FD on
                          PCB p ~ 0.04, others null). A single co-located defect fixes one row; it does not by
                          itself exclude a permutation of the other 13, which the E tests do not have power to detect.
  timeseries <-> EEG LZ:  VERIFIED statistically (E: sts and TDMI vs LZ on DMT, matched clearly more negative than
                          mismatched, p < 0.01, 20,000 permutations) and by the MATLAB per-subject loop (A).
  ratings <-> timeseries: PLAUSIBLE. Asserted by the MATLAB per-subject loop (A); the ratings arrays are in
                          ascending subject-code order (D); no statistical test discriminates (E: p 0.24-0.56)
                          because after removing the group-mean curve the ratings carry little subject-specific shape.
  ratings <-> FD:         PLAUSIBLE (E: p ~ 0.08, matched +0.19 vs mismatched +0.01, in the expected direction).
  Overall: alignment VERIFIED for timeseries-FD (one subject) and timeseries-LZ; PLAUSIBLE, not verified, for
  the ratings. Nothing found contradicts a single shared ordering. No file carries subject IDs on the
  numeric arrays except the ratings tables, so a full verification would need the authors' subject list.

wrote results/subject_alignment_check.txt and results/subject_alignment_permtests.csv
=== 2026-09-26 20:04:34  scripts/13_loo_did.py   -> results/run_13_loo_did.log
13_loo_did.py git=c25a310 seed=20261120 W=60 pre=[np.int64(1), np.int64(2), np.int64(3), np.int64(4)] post=[np.int64(6), np.int64(7), np.int64(8), np.int64(9), np.int64(10), np.int64(11), np.int64(12), np.int64(13), np.int64(14)]

ts_gsr: full 14-subject DiD -0.0809 [-0.1253, -0.0365] p=0.0038; negative in 13/14
  per-subject DiD: -0.081 -0.045 -0.157 -0.138 -0.012 -0.054 -0.065 -0.280 -0.132 -0.153 -0.041 -0.068 -0.003 +0.095
  drop subject  1 (DiD -0.081): mean -0.0808 [-0.1295, -0.0331] p=0.0068 neg 12/13
  drop subject  2 (DiD -0.045): mean -0.0837 [-0.1323, -0.0358] p=0.0061 neg 12/13
  drop subject  3 (DiD -0.157): mean -0.0750 [-0.1238, -0.0303] p=0.0076 neg 12/13
  drop subject  4 (DiD -0.138): mean -0.0765 [-0.1250, -0.0304] p=0.0076 neg 12/13
  drop subject  5 (DiD -0.012): mean -0.0862 [-0.1340, -0.0389] p=0.0044 neg 12/13
  drop subject  6 (DiD -0.054): mean -0.0830 [-0.1314, -0.0350] p=0.0063 neg 12/13
  drop subject  7 (DiD -0.065): mean -0.0821 [-0.1308, -0.0345] p=0.0066 neg 12/13
  drop subject  8 (DiD -0.280): mean -0.0656 [-0.1013, -0.0271] p=0.0076 neg 12/13
  drop subject  9 (DiD -0.132): mean -0.0770 [-0.1255, -0.0308] p=0.0076 neg 12/13
  drop subject 10 (DiD -0.153): mean -0.0753 [-0.1251, -0.0306] p=0.0076 neg 12/13
  drop subject 11 (DiD -0.041): mean -0.0840 [-0.1327, -0.0372] p=0.0059 neg 12/13
  drop subject 12 (DiD -0.068): mean -0.0819 [-0.1304, -0.0340] p=0.0066 neg 12/13
  drop subject 13 (DiD -0.003): mean -0.0869 [-0.1340, -0.0404] p=0.0042 neg 12/13
  drop subject 14 (DiD +0.095): mean -0.0944 [-0.1374, -0.0574] p=0.0002 neg 13/13
  leave-one-out mean range: [-0.0944, -0.0656] (least negative when dropping subject 8, most negative when dropping subject 14); CIs including zero: 0/14

ts_demean: full 14-subject DiD -0.1031 [-0.1544, -0.0523] p=0.0026; negative in 12/14
  per-subject DiD: -0.034 +0.004 -0.158 -0.146 -0.029 -0.031 -0.086 -0.311 -0.212 -0.197 -0.068 -0.154 -0.114 +0.094
  drop subject  1 (DiD -0.034): mean -0.1084 [-0.1634, -0.0529] p=0.0034 neg 11/13
  drop subject  2 (DiD +0.004): mean -0.1113 [-0.1647, -0.0572] p=0.0024 neg 12/13
  drop subject  3 (DiD -0.158): mean -0.0989 [-0.1546, -0.0453] p=0.0051 neg 11/13
  drop subject  4 (DiD -0.146): mean -0.0998 [-0.1556, -0.0455] p=0.0051 neg 11/13
  drop subject  5 (DiD -0.029): mean -0.1088 [-0.1639, -0.0529] p=0.0034 neg 11/13
  drop subject  6 (DiD -0.031): mean -0.1087 [-0.1634, -0.0525] p=0.0034 neg 11/13
  drop subject  7 (DiD -0.086): mean -0.1044 [-0.1619, -0.0490] p=0.0046 neg 11/13
  drop subject  8 (DiD -0.311): mean -0.0871 [-0.1310, -0.0408] p=0.0051 neg 11/13
  drop subject  9 (DiD -0.212): mean -0.0947 [-0.1495, -0.0419] p=0.0051 neg 11/13
  drop subject 10 (DiD -0.197): mean -0.0959 [-0.1510, -0.0435] p=0.0051 neg 11/13
  drop subject 11 (DiD -0.068): mean -0.1058 [-0.1625, -0.0498] p=0.0046 neg 11/13
  drop subject 12 (DiD -0.154): mean -0.0992 [-0.1558, -0.0453] p=0.0051 neg 11/13
  drop subject 13 (DiD -0.114): mean -0.1023 [-0.1592, -0.0475] p=0.0051 neg 11/13
  drop subject 14 (DiD +0.094): mean -0.1182 [-0.1675, -0.0730] p=0.0005 neg 12/13
  leave-one-out mean range: [-0.1182, -0.0871] (least negative when dropping subject 8, most negative when dropping subject 14); CIs including zero: 0/14

wrote results/loo_did_win60.csv
=== 2026-09-26 20:04:35  scripts/11_regional_analysis.py --variant ts_gsr   -> results/run_11_ts_gsr.log
# 11_regional_analysis.py EXPLORATORY variant=ts_gsr regions=115 excluded_regions=20 pre=bins1-8 post=bins11-28 signflip=exact2^14 two-sided fdr=BH q=0.05 spin=rotated_Schaefer_100 (10000 rotations, cortical only) bootstrap=10000 seed=20261120 git=c25a310
  subject  1 DMT done (11s)
  subject  1 PCB done (21s)
  subject  2 DMT done (32s)
  subject  2 PCB done (43s)
  subject  3 DMT done (54s)
  subject  3 PCB done (65s)
  subject  4 DMT done (75s)
  subject  4 PCB done (86s)
  subject  5 DMT done (97s)
  subject  5 PCB done (108s)
  subject  6 DMT done (118s)
  subject  6 PCB done (129s)
  subject  7 DMT done (140s)
  subject  7 PCB done (151s)
  subject  8 DMT done (162s)
  subject  8 PCB done (173s)
  subject  9 DMT done (183s)
  subject  9 PCB done (194s)
  subject 10 DMT done (205s)
  subject 10 PCB done (216s)
  subject 11 DMT done (226s)
  subject 11 PCB done (237s)
  subject 12 DMT done (248s)
  subject 12 PCB done (259s)
  subject 13 DMT done (270s)
  subject 13 PCB done (281s)
  subject 14 DMT done (291s)
  subject 14 PCB done (302s)
consistency vs atoms_bins_115regions-all_ts_gsr_global.npy: max |region-mean - pair-mean| sts 2.22e-15 rtr 1.11e-16
  consistency                max_abs_diff_sts_vs_saved_pairmean           +0.0000  
  consistency                max_abs_diff_rtr_vs_saved_pairmean           +0.0000  

== per-region DiD (EXPLORATORY): 7 of 115 survive BH FDR q=0.05 (p threshold 0.00304); of these 7 negative, 0 positive; group-mean DiD negative in 114/115 regions
  regional_did               n_regions_fdr_significant                    +7.0000  BH q=0.05, p_thresh=0.00304
  regional_did               n_fdr_significant_negative                   +7.0000  
  regional_did               n_fdr_significant_positive                   +0.0000  
  regional_did               n_groupmean_negative_of_115                  +114.0000  
  regional_did               min_uncorrected_p                            +0.0002  region LH_Default_Par_1
  regional_did               mean_over_regions_of_did                     -0.0801  equals whole-brain pair-mean DiD
  regional_did               n_cortical_fdr_significant                   +7.0000  
  regional_did               n_subcortical_fdr_significant                +0.0000  
  regional_did_fdr_regions   LH_DorsAttn_Post_2                           -0.1474 p=0.0007  orig_index=16 net=3 neg=13/14
  regional_did_fdr_regions   LH_DorsAttn_PrCv_1                           -0.1435 p=0.0027  orig_index=21 net=3 neg=12/14
  regional_did_fdr_regions   LH_Default_Par_1                             -0.1684 p=0.0002  orig_index=39 net=7 neg=13/14
  regional_did_fdr_regions   RH_SomMot_3                                  -0.1039 p=0.0020  orig_index=60 net=2 neg=12/14
  regional_did_fdr_regions   RH_SomMot_8                                  -0.1162 p=0.0026  orig_index=65 net=2 neg=11/14
  regional_did_fdr_regions   RH_SalVentAttn_TempOccPar_2                  -0.1057 p=0.0018  orig_index=74 net=4 neg=13/14
  regional_did_fdr_regions   RH_Default_Temp_3                            -0.1527 p=0.0009  orig_index=92 net=7 neg=13/14

== spin test: 10000 rotations of the 100 cortical parcels; region 20 NaN in both maps
  spatial_spin_cortical99    rho_5HT2A                                    -0.1602 p=0.1164  two-sided spin p; Vasa one-sided-avg p=0.0697; null SD 0.101; BH(5) sig=0
  spatial_descriptive_115    rho_5HT2A_incl_subcortex_no_p                -0.2303  no spatial null for subcortex
  spatial_spin_cortical99    rho_5HT1A                                    +0.0094 p=0.9288  two-sided spin p; Vasa one-sided-avg p=0.4667; null SD 0.106; BH(5) sig=0
  spatial_descriptive_115    rho_5HT1A_incl_subcortex_no_p                -0.0987  no spatial null for subcortex
  spatial_spin_cortical99    rho_5HT1B                                    -0.0936 p=0.3515  two-sided spin p; Vasa one-sided-avg p=0.1845; null SD 0.100; BH(5) sig=0
  spatial_descriptive_115    rho_5HT1B_incl_subcortex_no_p                -0.1436  no spatial null for subcortex
  spatial_spin_cortical99    rho_5HT4                                     -0.0836 p=0.4221  two-sided spin p; Vasa one-sided-avg p=0.2279; null SD 0.104; BH(5) sig=0
  spatial_descriptive_115    rho_5HT4_incl_subcortex_no_p                 +0.0079  no spatial null for subcortex
  spatial_spin_cortical99    rho_5HTT                                     +0.1043 p=0.3244  two-sided spin p; Vasa one-sided-avg p=0.1448; null SD 0.103; BH(5) sig=0
  spatial_descriptive_115    rho_5HTT_incl_subcortex_no_p                 +0.1957  no spatial null for subcortex
  spatial_spin_cortical99    bh_threshold_across_5_maps                   +0.0000  
receptor inter-correlation (Spearman, 115 regions):
  5HT2A  +1.00 +0.53 +0.53 +0.44 -0.45
  receptor_intercorrelation  5HT2A_vs_5HT4                                +0.4365  
  receptor_intercorrelation  5HT2A_vs_5HTT                                -0.4514  
  5HT1A  +0.53 +1.00 -0.00 +0.40 -0.10
  receptor_intercorrelation  5HT1A_vs_5HT2A                               +0.5324  
  receptor_intercorrelation  5HT1A_vs_5HT1B                               -0.0022  
  receptor_intercorrelation  5HT1A_vs_5HT4                                +0.4047  
  receptor_intercorrelation  5HT1A_vs_5HTT                                -0.0998  
  5HT1B  +0.53 -0.00 +1.00 +0.06 -0.36
  receptor_intercorrelation  5HT1B_vs_5HT2A                               +0.5285  
  receptor_intercorrelation  5HT1B_vs_5HT4                                +0.0561  
  receptor_intercorrelation  5HT1B_vs_5HTT                                -0.3643  
  5HT4   +0.44 +0.40 +0.06 +1.00 +0.07
  receptor_intercorrelation  5HT4_vs_5HTT                                 +0.0682  
  5HTT   -0.45 -0.10 -0.36 +0.07 +1.00

== workspace comparison (network-level proxies of Luppi et al. 2024; EXPLORATORY)
  workspace_primary_Default+Cont workspace_minus_nonworkspace_vs_noncortex_ws -0.0095 [-0.0230, +0.0050] p=0.2156  n_ws=37 n_non=62 neg=9/14
  workspace_primary_Default+Cont workspace_mean_did_vs_noncortex_ws           -0.0885 [-0.1457, -0.0329] p=0.0078  
  workspace_primary_Default+Cont nonworkspace_mean_did_vs_noncortex_ws        -0.0791 [-0.1299, -0.0290] p=0.0083  
  workspace_primary_Default+Cont gateway_proxy_minus_nonworkspace_vs_noncortex_ws -0.0189 [-0.0356, -0.0012] p=0.0596  n=24 neg=10/14
  workspace_primary_Default+Cont broadcaster_proxy_minus_nonworkspace_vs_noncortex_ws +0.0079 [-0.0128, +0.0285] p=0.4735  n=13 neg=5/14
  workspace_primary_Default+Cont workspace_minus_nonworkspace_vs_noncortex_ws+subcortex -0.0124 [-0.0264, +0.0024] p=0.1300  n_ws=37 n_non=78 neg=10/14
  workspace_primary_Default+Cont workspace_mean_did_vs_noncortex_ws+subcortex -0.0885 [-0.1451, -0.0327] p=0.0078  
  workspace_primary_Default+Cont nonworkspace_mean_did_vs_noncortex_ws+subcortex -0.0761 [-0.1238, -0.0288] p=0.0083  
  workspace_primary_Default+Cont gateway_proxy_minus_nonworkspace_vs_noncortex_ws+subcortex -0.0219 [-0.0399, -0.0028] p=0.0466  n=24 neg=9/14
  workspace_primary_Default+Cont broadcaster_proxy_minus_nonworkspace_vs_noncortex_ws+subcortex +0.0049 [-0.0161, +0.0238] p=0.6442  n=13 neg=6/14
  workspace_primary_Default+Cont gateway_proxy_minus_broadcaster_proxy        -0.0268 [-0.0514, -0.0007] p=0.0723  n_gw=24 n_bc=13
  workspace_named_subregion  workspace_minus_nonworkspace_vs_noncortex_ws -0.0108 [-0.0305, +0.0099] p=0.3250  n_ws=26 n_non=73 neg=8/14
  workspace_named_subregion  workspace_mean_did_vs_noncortex_ws           -0.0905 [-0.1502, -0.0329] p=0.0087  
  workspace_named_subregion  nonworkspace_mean_did_vs_noncortex_ws        -0.0798 [-0.1304, -0.0291] p=0.0084  
  workspace_named_subregion  gateway_proxy_minus_nonworkspace_vs_noncortex_ws -0.0155 [-0.0371, +0.0072] p=0.2017  n=21 neg=9/14
  workspace_named_subregion  broadcaster_proxy_minus_nonworkspace_vs_noncortex_ws +0.0091 [-0.0215, +0.0423] p=0.5975  n=5 neg=8/14
  workspace_named_subregion  workspace_minus_nonworkspace_vs_noncortex_ws+subcortex -0.0135 [-0.0337, +0.0074] p=0.2347  n_ws=26 n_non=89 neg=9/14
  workspace_named_subregion  workspace_mean_did_vs_noncortex_ws+subcortex -0.0905 [-0.1502, -0.0337] p=0.0087  
  workspace_named_subregion  nonworkspace_mean_did_vs_noncortex_ws+subcortex -0.0770 [-0.1251, -0.0295] p=0.0079  
  workspace_named_subregion  gateway_proxy_minus_nonworkspace_vs_noncortex_ws+subcortex -0.0183 [-0.0409, +0.0056] p=0.1533  n=21 neg=9/14
  workspace_named_subregion  broadcaster_proxy_minus_nonworkspace_vs_noncortex_ws+subcortex +0.0064 [-0.0236, +0.0377] p=0.7010  n=5 neg=6/14
  workspace_named_subregion  gateway_proxy_minus_broadcaster_proxy        -0.0246 [-0.0587, +0.0092] p=0.1895  n_gw=21 n_bc=5

== rank-rule check on the placebo run (descriptive; not used for selection)
  rankrule_placebo           n_rankrule_workspace_of_115                  +52.0000  
  rankrule_placebo           n_rankrule_cortical                          +45.0000  
  rankrule_placebo           n_rankrule_subcortical                       +7.0000  
  rankrule_placebo           overlap_with_primary_proxy_count             +20.0000  proxy n=37; rule cortical n=45
  rankrule_placebo           jaccard_rule_vs_primary_proxy_cortical       +0.3226  
  rankrule_placebo           spearman_rank_sts_vs_rank_rtr_115            +0.3922  
  rankrule_placebo_composition Vis_rule_count_of_17                         +7.0000  
  rankrule_placebo_composition SomMot_rule_count_of_14                      +2.0000  
  rankrule_placebo_composition DorsAttn_rule_count_of_14                    +9.0000  
  rankrule_placebo_composition SalVentAttn_rule_count_of_12                 +3.0000  
  rankrule_placebo_composition Limbic_rule_count_of_5                       +4.0000  
  rankrule_placebo_composition Cont_rule_count_of_13                        +8.0000  
  rankrule_placebo_composition Default_rule_count_of_24                     +12.0000  
  rankrule_placebo_composition Subcortex_rule_count_of_16                   +7.0000  
  rankrule_dmt_descriptive   n_rankrule_workspace_of_115                  +45.0000  
  rankrule_dmt_descriptive   n_regions_same_membership_as_placebo         +106.0000  

wrote results/regional_analysis_ts_gsr.csv, results/regional_did_map_ts_gsr.csv, results/regional_atoms_bins_115regions-all_ts_gsr_global.npy  (321s)
=== 2026-09-26 20:09:57  scripts/11_regional_analysis.py --variant ts_demean   -> results/run_11_ts_demean.log
# 11_regional_analysis.py EXPLORATORY variant=ts_demean regions=115 excluded_regions=20 pre=bins1-8 post=bins11-28 signflip=exact2^14 two-sided fdr=BH q=0.05 spin=rotated_Schaefer_100 (10000 rotations, cortical only) bootstrap=10000 seed=20261120 git=c25a310
  subject  1 DMT done (11s)
  subject  1 PCB done (22s)
  subject  2 DMT done (32s)
  subject  2 PCB done (43s)
  subject  3 DMT done (54s)
  subject  3 PCB done (65s)
  subject  4 DMT done (75s)
  subject  4 PCB done (86s)
  subject  5 DMT done (97s)
  subject  5 PCB done (108s)
  subject  6 DMT done (119s)
  subject  6 PCB done (129s)
  subject  7 DMT done (140s)
  subject  7 PCB done (151s)
  subject  8 DMT done (162s)
  subject  8 PCB done (173s)
  subject  9 DMT done (183s)
  subject  9 PCB done (194s)
  subject 10 DMT done (205s)
  subject 10 PCB done (216s)
  subject 11 DMT done (227s)
  subject 11 PCB done (237s)
  subject 12 DMT done (248s)
  subject 12 PCB done (259s)
  subject 13 DMT done (270s)
  subject 13 PCB done (280s)
  subject 14 DMT done (291s)
  subject 14 PCB done (302s)
consistency vs atoms_bins_115regions-all_ts_demean_global.npy: max |region-mean - pair-mean| sts 2.22e-15 rtr 3.05e-16
  consistency                max_abs_diff_sts_vs_saved_pairmean           +0.0000  
  consistency                max_abs_diff_rtr_vs_saved_pairmean           +0.0000  

== per-region DiD (EXPLORATORY): 19 of 115 survive BH FDR q=0.05 (p threshold 0.00826); of these 19 negative, 0 positive; group-mean DiD negative in 114/115 regions
  regional_did               n_regions_fdr_significant                    +19.0000  BH q=0.05, p_thresh=0.00826
  regional_did               n_fdr_significant_negative                   +19.0000  
  regional_did               n_fdr_significant_positive                   +0.0000  
  regional_did               n_groupmean_negative_of_115                  +114.0000  
  regional_did               min_uncorrected_p                            +0.0009  region LH_Default_Par_1
  regional_did               mean_over_regions_of_did                     -0.1035  equals whole-brain pair-mean DiD
  regional_did               n_cortical_fdr_significant                   +19.0000  
  regional_did               n_subcortical_fdr_significant                +0.0000  
  regional_did_fdr_regions   LH_Vis_3                                     -0.1595 p=0.0062  orig_index=2 net=1 neg=11/14
  regional_did_fdr_regions   LH_Vis_4                                     -0.1335 p=0.0056  orig_index=3 net=1 neg=11/14
  regional_did_fdr_regions   LH_Vis_6                                     -0.1828 p=0.0074  orig_index=5 net=1 neg=12/14
  regional_did_fdr_regions   LH_Vis_8                                     -0.1220 p=0.0081  orig_index=7 net=1 neg=12/14
  regional_did_fdr_regions   LH_Vis_9                                     -0.1581 p=0.0043  orig_index=8 net=1 neg=11/14
  regional_did_fdr_regions   LH_SomMot_4                                  -0.1072 p=0.0060  orig_index=12 net=2 neg=11/14
  regional_did_fdr_regions   LH_DorsAttn_Post_2                           -0.1514 p=0.0029  orig_index=16 net=3 neg=12/14
  regional_did_fdr_regions   LH_DorsAttn_Post_4                           -0.1356 p=0.0013  orig_index=18 net=3 neg=12/14
  regional_did_fdr_regions   LH_DorsAttn_PrCv_1                           -0.1641 p=0.0022  orig_index=21 net=3 neg=12/14
  regional_did_fdr_regions   LH_DorsAttn_FEF_1                            -0.1621 p=0.0032  orig_index=22 net=3 neg=12/14
  regional_did_fdr_regions   LH_Cont_pCun_1                               -0.1276 p=0.0071  orig_index=35 net=6 neg=12/14
  regional_did_fdr_regions   LH_Default_Par_1                             -0.1380 p=0.0009  orig_index=39 net=7 neg=13/14
  regional_did_fdr_regions   LH_Default_pCunPCC_1                         -0.1597 p=0.0026  orig_index=48 net=7 neg=12/14
  regional_did_fdr_regions   RH_Vis_5                                     -0.1240 p=0.0056  orig_index=54 net=1 neg=12/14
  regional_did_fdr_regions   RH_Vis_7                                     -0.1223 p=0.0073  orig_index=56 net=1 neg=11/14
  regional_did_fdr_regions   RH_Vis_8                                     -0.1441 p=0.0016  orig_index=57 net=1 neg=12/14
  regional_did_fdr_regions   RH_SalVentAttn_TempOccPar_2                  -0.1059 p=0.0082  orig_index=74 net=4 neg=12/14
  regional_did_fdr_regions   RH_Default_PFCv_2                            -0.1332 p=0.0052  orig_index=94 net=7 neg=12/14
  regional_did_fdr_regions   RH_Default_pCunPCC_1                         -0.1148 p=0.0078  orig_index=98 net=7 neg=12/14

== spin test: 10000 rotations of the 100 cortical parcels; region 20 NaN in both maps
  spatial_spin_cortical99    rho_5HT2A                                    -0.0552 p=0.6774  two-sided spin p; Vasa one-sided-avg p=0.3603; null SD 0.128; BH(5) sig=0
  spatial_descriptive_115    rho_5HT2A_incl_subcortex_no_p                -0.2630  no spatial null for subcortex
  spatial_spin_cortical99    rho_5HT1A                                    +0.2647 p=0.0316  two-sided spin p; Vasa one-sided-avg p=0.0116; null SD 0.130; BH(5) sig=0
  spatial_descriptive_115    rho_5HT1A_incl_subcortex_no_p                +0.0379  no spatial null for subcortex
  spatial_spin_cortical99    rho_5HT1B                                    -0.2635 p=0.0500  two-sided spin p; Vasa one-sided-avg p=0.0330; null SD 0.135; BH(5) sig=0
  spatial_descriptive_115    rho_5HT1B_incl_subcortex_no_p                -0.3140  no spatial null for subcortex
  spatial_spin_cortical99    rho_5HT4                                     +0.1815 p=0.1595  two-sided spin p; Vasa one-sided-avg p=0.0655; null SD 0.128; BH(5) sig=0
  spatial_descriptive_115    rho_5HT4_incl_subcortex_no_p                 +0.2306  no spatial null for subcortex
  spatial_spin_cortical99    rho_5HTT                                     +0.2020 p=0.0962  two-sided spin p; Vasa one-sided-avg p=0.0391; null SD 0.122; BH(5) sig=0
  spatial_descriptive_115    rho_5HTT_incl_subcortex_no_p                 +0.3649  no spatial null for subcortex
  spatial_spin_cortical99    bh_threshold_across_5_maps                   +0.0000  
receptor inter-correlation (Spearman, 115 regions):
  5HT2A  +1.00 +0.53 +0.53 +0.44 -0.45
  receptor_intercorrelation  5HT2A_vs_5HT4                                +0.4365  
  receptor_intercorrelation  5HT2A_vs_5HTT                                -0.4514  
  5HT1A  +0.53 +1.00 -0.00 +0.40 -0.10
  receptor_intercorrelation  5HT1A_vs_5HT2A                               +0.5324  
  receptor_intercorrelation  5HT1A_vs_5HT1B                               -0.0022  
  receptor_intercorrelation  5HT1A_vs_5HT4                                +0.4047  
  receptor_intercorrelation  5HT1A_vs_5HTT                                -0.0998  
  5HT1B  +0.53 -0.00 +1.00 +0.06 -0.36
  receptor_intercorrelation  5HT1B_vs_5HT2A                               +0.5285  
  receptor_intercorrelation  5HT1B_vs_5HT4                                +0.0561  
  receptor_intercorrelation  5HT1B_vs_5HTT                                -0.3643  
  5HT4   +0.44 +0.40 +0.06 +1.00 +0.07
  receptor_intercorrelation  5HT4_vs_5HTT                                 +0.0682  
  5HTT   -0.45 -0.10 -0.36 +0.07 +1.00

== workspace comparison (network-level proxies of Luppi et al. 2024; EXPLORATORY)
  workspace_primary_Default+Cont workspace_minus_nonworkspace_vs_noncortex_ws -0.0050 [-0.0225, +0.0120] p=0.5900  n_ws=37 n_non=62 neg=7/14
  workspace_primary_Default+Cont workspace_mean_did_vs_noncortex_ws           -0.1115 [-0.1816, -0.0375] p=0.0131  
  workspace_primary_Default+Cont nonworkspace_mean_did_vs_noncortex_ws        -0.1065 [-0.1722, -0.0392] p=0.0118  
  workspace_primary_Default+Cont gateway_proxy_minus_nonworkspace_vs_noncortex_ws -0.0094 [-0.0315, +0.0129] p=0.4421  n=24 neg=8/14
  workspace_primary_Default+Cont broadcaster_proxy_minus_nonworkspace_vs_noncortex_ws +0.0030 [-0.0195, +0.0276] p=0.8129  n=13 neg=7/14
  workspace_primary_Default+Cont workspace_minus_nonworkspace_vs_noncortex_ws+subcortex -0.0119 [-0.0300, +0.0063] p=0.2416  n_ws=37 n_non=78 neg=8/14
  workspace_primary_Default+Cont workspace_mean_did_vs_noncortex_ws+subcortex -0.1115 [-0.1806, -0.0381] p=0.0131  
  workspace_primary_Default+Cont nonworkspace_mean_did_vs_noncortex_ws+subcortex -0.0996 [-0.1629, -0.0345] p=0.0138  
  workspace_primary_Default+Cont gateway_proxy_minus_nonworkspace_vs_noncortex_ws+subcortex -0.0163 [-0.0392, +0.0078] p=0.2112  n=24 neg=11/14
  workspace_primary_Default+Cont broadcaster_proxy_minus_nonworkspace_vs_noncortex_ws+subcortex -0.0039 [-0.0272, +0.0203] p=0.7692  n=13 neg=8/14
  workspace_primary_Default+Cont gateway_proxy_minus_broadcaster_proxy        -0.0124 [-0.0436, +0.0183] p=0.4585  n_gw=24 n_bc=13
  workspace_named_subregion  workspace_minus_nonworkspace_vs_noncortex_ws -0.0070 [-0.0305, +0.0170] p=0.5826  n_ws=26 n_non=73 neg=8/14
  workspace_named_subregion  workspace_mean_did_vs_noncortex_ws           -0.1135 [-0.1869, -0.0377] p=0.0137  
  workspace_named_subregion  nonworkspace_mean_did_vs_noncortex_ws        -0.1066 [-0.1717, -0.0378] p=0.0123  
  workspace_named_subregion  gateway_proxy_minus_nonworkspace_vs_noncortex_ws -0.0086 [-0.0338, +0.0180] p=0.5249  n=21 neg=9/14
  workspace_named_subregion  broadcaster_proxy_minus_nonworkspace_vs_noncortex_ws -0.0002 [-0.0376, +0.0417] p=0.9934  n=5 neg=8/14
  workspace_named_subregion  workspace_minus_nonworkspace_vs_noncortex_ws+subcortex -0.0130 [-0.0363, +0.0110] p=0.3185  n_ws=26 n_non=89 neg=9/14
  workspace_named_subregion  workspace_mean_did_vs_noncortex_ws+subcortex -0.1135 [-0.1861, -0.0384] p=0.0137  
  workspace_named_subregion  nonworkspace_mean_did_vs_noncortex_ws+subcortex -0.1005 [-0.1642, -0.0331] p=0.0143  
  workspace_named_subregion  gateway_proxy_minus_nonworkspace_vs_noncortex_ws+subcortex -0.0146 [-0.0396, +0.0130] p=0.3064  n=21 neg=10/14
  workspace_named_subregion  broadcaster_proxy_minus_nonworkspace_vs_noncortex_ws+subcortex -0.0062 [-0.0426, +0.0338] p=0.7709  n=5 neg=9/14
  workspace_named_subregion  gateway_proxy_minus_broadcaster_proxy        -0.0084 [-0.0524, +0.0302] p=0.7153  n_gw=21 n_bc=5

== rank-rule check on the placebo run (descriptive; not used for selection)
  rankrule_placebo           n_rankrule_workspace_of_115                  +58.0000  
  rankrule_placebo           n_rankrule_cortical                          +51.0000  
  rankrule_placebo           n_rankrule_subcortical                       +7.0000  
  rankrule_placebo           overlap_with_primary_proxy_count             +32.0000  proxy n=37; rule cortical n=51
  rankrule_placebo           jaccard_rule_vs_primary_proxy_cortical       +0.5714  
  rankrule_placebo           spearman_rank_sts_vs_rank_rtr_115            +0.1151  
  rankrule_placebo_composition Vis_rule_count_of_17                         +4.0000  
  rankrule_placebo_composition SomMot_rule_count_of_14                      +0.0000  
  rankrule_placebo_composition DorsAttn_rule_count_of_14                    +6.0000  
  rankrule_placebo_composition SalVentAttn_rule_count_of_12                 +4.0000  
  rankrule_placebo_composition Limbic_rule_count_of_5                       +5.0000  
  rankrule_placebo_composition Cont_rule_count_of_13                        +12.0000  
  rankrule_placebo_composition Default_rule_count_of_24                     +20.0000  
  rankrule_placebo_composition Subcortex_rule_count_of_16                   +7.0000  
  rankrule_dmt_descriptive   n_rankrule_workspace_of_115                  +62.0000  
  rankrule_dmt_descriptive   n_regions_same_membership_as_placebo         +93.0000  

wrote results/regional_analysis_ts_demean.csv, results/regional_did_map_ts_demean.csv, results/regional_atoms_bins_115regions-all_ts_demean_global.npy  (321s)
=== 2026-09-26 20:15:19  scripts/14_proportionality.py   -> results/run_14_proportionality.log
14_proportionality.py git=c25a310 seed=20261120 n_boot=10000 signflip=exact 2^14 two-sided; POST-HOC

== windowed_W60, ts_gsr: atoms_win60_115regions-all_ts_gsr_window.npy, windows 1-4 vs 6-14
  ratio sts/TDMI: DiD                                  +0.0005 [-0.0081, +0.0083]  p=0.9138  negative in 6/14; proportional (CI includes zero)
  ratio sts/TDMI: DMT post - pre                       +0.0034 [-0.0004, +0.0070]  p=0.1097  
  ratio sts/TDMI: PCB post - pre                       +0.0028 [-0.0030, +0.0090]  p=0.3990  
  (i) sts share of TDMI, pre-injection DMT (subject mean) +0.7820 [+0.7779, +0.7857]  ratio of group means 0.7822
  sts share of TDMI, pre-injection PCB (subject mean)  +0.7795 [+0.7737, +0.7849]  
  sts DiD (nats)                                       -0.0809 [-0.1266, -0.0371]  p=0.0038  negative in 13/14
  TDMI DiD (nats)                                      -0.1037 [-0.1597, -0.0481]  p=0.0034  negative in 12/14
  (ii) sts share of TDMI DiD (ratio of group means)    +0.7797 [+0.6531, +0.9362]  compare with (i) 0.7820; bootstrap ratio CI is unstable if TDMI DiD draws cross zero
  (ii) - (i)                                           -0.0023  > 0: sts carries more of the TDMI drop than its baseline share

== windowed_W60, ts_demean: atoms_win60_115regions-all_ts_demean_window.npy, windows 1-4 vs 6-14
  ratio sts/TDMI: DiD                                  -0.0095 [-0.0235, +0.0049]  p=0.2195  negative in 9/14; proportional (CI includes zero)
  ratio sts/TDMI: DMT post - pre                       -0.0093 [-0.0215, +0.0019]  p=0.1621  
  ratio sts/TDMI: PCB post - pre                       +0.0001 [-0.0071, +0.0074]  p=0.9712  
  (i) sts share of TDMI, pre-injection DMT (subject mean) +0.7670 [+0.7590, +0.7748]  ratio of group means 0.7673
  sts share of TDMI, pre-injection PCB (subject mean)  +0.7688 [+0.7615, +0.7753]  
  sts DiD (nats)                                       -0.1031 [-0.1540, -0.0516]  p=0.0026  negative in 12/14
  TDMI DiD (nats)                                      -0.1186 [-0.1704, -0.0675]  p=0.0009  negative in 13/14
  (ii) sts share of TDMI DiD (ratio of group means)    +0.8697 [+0.6909, +1.0063]  compare with (i) 0.7670; bootstrap ratio CI is unstable if TDMI DiD draws cross zero
  (ii) - (i)                                           +0.1027  > 0: sts carries more of the TDMI drop than its baseline share

== global_fit, ts_gsr: atoms_bins_115regions-all_ts_gsr_global.npy, bins 1-8 vs 11-28
  ratio sts/TDMI: DiD                                  +0.0204 [+0.0048, +0.0340]  p=0.0248  negative in 4/14; LESS than proportional (ratio DiD > 0)
  ratio sts/TDMI: DMT post - pre                       +0.0167 [+0.0052, +0.0279]  p=0.0183  
  ratio sts/TDMI: PCB post - pre                       -0.0037 [-0.0116, +0.0044]  p=0.3949  
  (i) sts share of TDMI, pre-injection DMT (subject mean) +0.9082 [+0.8994, +0.9167]  ratio of group means 0.9074
  sts share of TDMI, pre-injection PCB (subject mean)  +0.9180 [+0.9126, +0.9234]  
  sts DiD (nats)                                       -0.0801 [-0.1320, -0.0316]  p=0.0071  negative in 12/14
  TDMI DiD (nats)                                      -0.1216 [-0.1914, -0.0519]  p=0.0051  negative in 13/14
  (ii) sts share of TDMI DiD (ratio of group means)    +0.6584 [+0.4864, +0.8174]  compare with (i) 0.9082; bootstrap ratio CI is unstable if TDMI DiD draws cross zero
  (ii) - (i)                                           -0.2498  > 0: sts carries more of the TDMI drop than its baseline share

== global_fit, ts_demean: atoms_bins_115regions-all_ts_demean_global.npy, bins 1-8 vs 11-28
  ratio sts/TDMI: DiD                                  +0.0071 [-0.0167, +0.0292]  p=0.5623  negative in 5/14; proportional (CI includes zero)
  ratio sts/TDMI: DMT post - pre                       +0.0015 [-0.0183, +0.0203]  p=0.8799  
  ratio sts/TDMI: PCB post - pre                       -0.0056 [-0.0143, +0.0042]  p=0.2753  
  (i) sts share of TDMI, pre-injection DMT (subject mean) +0.8967 [+0.8856, +0.9074]  ratio of group means 0.8961
  sts share of TDMI, pre-injection PCB (subject mean)  +0.9089 [+0.8994, +0.9163]  
  sts DiD (nats)                                       -0.1035 [-0.1678, -0.0359]  p=0.0132  negative in 11/14
  TDMI DiD (nats)                                      -0.1315 [-0.2001, -0.0610]  p=0.0039  negative in 12/14
  (ii) sts share of TDMI DiD (ratio of group means)    +0.7867 [+0.5004, +1.0127]  compare with (i) 0.8967; bootstrap ratio CI is unstable if TDMI DiD draws cross zero
  (ii) - (i)                                           -0.1100  > 0: sts carries more of the TDMI drop than its baseline share

wrote results/proportionality.csv
=== 2026-09-26 20:15:19  scripts/12_figures.py   -> results/run_12_figures.log
12_figures.py  seed=20261120  git=c25a310

== Figure 1: whole-brain mean sts per window, ts_gsr, W=60
  source: atoms_win60_115regions-all_ts_gsr_window.npy; pre-injection means DMT 1.1554 PCB 1.1378 (match primary_b_ts_gsr_win60.csv)
  window  t(min)  DMT mean  DMT SEM  PCB mean  PCB SEM
       1     1.0    1.1627   0.0168    1.1214   0.0158
       2     3.0    1.1446   0.0206    1.1282   0.0160
       3     5.0    1.1386   0.0216    1.1499   0.0174
       4     7.0    1.1756   0.0343    1.1516   0.0148
       5     9.0    1.1002   0.0217    1.0882   0.0207
       6    11.0    1.0473   0.0167    1.1456   0.0198
       7    13.0    1.0687   0.0102    1.1397   0.0181
       8    15.0    1.0792   0.0194    1.1745   0.0212
       9    17.0    1.0897   0.0184    1.1662   0.0212
      10    19.0    1.1010   0.0146    1.1707   0.0230
      11    21.0    1.1296   0.0145    1.1815   0.0181
      12    23.0    1.1272   0.0178    1.1821   0.0180
      13    25.0    1.1400   0.0163    1.1933   0.0204
      14    27.0    1.1794   0.0168    1.1782   0.0213
  group-mean DMT intensity per bin: 0.64 0.36 0.36 0.29 0.36 0.29 0.21 0.36 8.50 9.29 8.71 7.86 6.79 5.86 5.07 4.43 3.71 3.21 2.43 2.00 1.71 1.36 1.21 1.00 0.79 0.64 0.71 0.43
  group-mean PCB intensity per bin: 0.07 0.07 0.00 0.07 0.07 0.00 0.07 0.14 0.29 0.00 0.14 0.00 0.00 0.00 0.00 0.00 0.00 0.00 0.00 0.00 0.00 0.00 0.00 0.00 0.00 0.00 0.00 0.00
  wrote manuscript/figures/fig1_sts_timecourse_ts_gsr_win60.png / .pdf

== Figure 2: per-subject DiD, primary windows 6-14 vs 1-4, W=60
  ts_gsr: source atoms_win60_115regions-all_ts_gsr_window.npy; per-subject DiD (subject order 1-14): -0.0813 -0.0446 -0.1572 -0.1379 -0.0118 -0.0536 -0.0653 -0.2795 -0.1316 -0.1533 -0.0405 -0.0677 -0.0027 +0.0949
  ts_gsr: mean -0.0809 [-0.1261, -0.0377] p=0.0038  negative 13/14  (share of pre-injection DMT mean = -7.0 %; negative in 13/14)
  ts_demean: source atoms_win60_115regions-all_ts_demean_window.npy; per-subject DiD (subject order 1-14): -0.0343 +0.0040 -0.1578 -0.1458 -0.0292 -0.0305 -0.0863 -0.3111 -0.2125 -0.1967 -0.0683 -0.1544 -0.1141 +0.0935
  ts_demean: mean -0.1031 [-0.1558, -0.0522] p=0.0026  negative 12/14  (share of pre-injection DMT mean = -9.4 %; negative in 12/14)
  wrote manuscript/figures/fig2_per_subject_did.png / .pdf

== Figure 3: regional DiD map, ts_gsr, EXPLORATORY
  source: regional_did_map_ts_gsr.csv; negative 114/115 (table: 114); FDR survivors 7 (table: 7; BH q=0.05, p_thresh=0.00304); mean over regions -0.080081
  FDR survivors: LH_DorsAttn_Post_2 (idx 16, net 3, DiD -0.1474, p 0.00073); LH_DorsAttn_PrCv_1 (idx 21, net 3, DiD -0.1435, p 0.00269); LH_Default_Par_1 (idx 39, net 7, DiD -0.1684, p 0.00024); RH_SomMot_3 (idx 60, net 2, DiD -0.1039, p 0.00195); RH_SomMot_8 (idx 65, net 2, DiD -0.1162, p 0.00256); RH_SalVentAttn_TempOccPar_2 (idx 74, net 4, DiD -0.1057, p 0.00183); RH_Default_Temp_3 (idx 92, net 7, DiD -0.1527, p 0.00085)
  positive region(s): SUB_5 (idx 104, DiD +0.0278, p 0.495)
  wrote manuscript/figures/fig3_regional_did_ts_gsr.png / .pdf

wrote manuscript/figures/captions.md
=== 2026-09-26 20:15:22  notes/rev_phiid_fast_validate.py   -> notes/review_results/logs/phiid_fast_validate.log
git=c25a310
== raw data
  (1) W60 window means vs saved, ts_gsr                                  max|diff| = 7.99e-15   (nan pattern equal: True)
  (2) W30 window means vs saved, ts_gsr                                  max|diff| = 9.33e-15   (nan pattern equal: True)
  (3) global bin means vs saved, ts_gsr                                  max|diff| = 1.24e-14   (nan pattern equal: True)
  (4) 11's per-region global sts vs closed form, ts_gsr                  max|diff| = 2.21e-14   (nan pattern equal: True)
  (4) 11's per-region global rtr vs closed form, ts_gsr                  max|diff| = 8.60e-16   (nan pattern equal: True)
     (30s)
  (1) W60 window means vs saved, ts_demean                               max|diff| = 7.99e-15   (nan pattern equal: True)
  (3) global bin means vs saved, ts_demean                               max|diff| = 1.22e-14   (nan pattern equal: True)
  (4) 11's per-region global sts vs closed form, ts_demean               max|diff| = 1.70e-14   (nan pattern equal: True)
  (4) 11's per-region global rtr vs closed form, ts_demean               max|diff| = 8.05e-16   (nan pattern equal: True)
     (43s)
== deconvolved data
  deconvolved .mat not present; skipped
== (6) direct comparison with phyid.calc_PhiID on 200 random (subject, condition, window, pair) draws, W = 60, ts_gsr
  max|diff| over 200 draws × 16 atoms = 6.66e-15
done in 46s
=== 2026-09-26 20:16:08  notes/rev_run.py raw   -> notes/review_results/logs/rev_run_raw.log
git=c25a310
sts ts_gsr W60                     primary                DiD -0.0809 [-0.1261, -0.0377] p=0.0038 neg 13/14 | phase p=0.0020 | DMT -0.0485 (p=0.027) PCB +0.0324 (p=0.042) placebo share 0.40 | FD DiD +0.0143 (p=0.245) | FD-resid -0.0649 [-0.0966, -0.0289] p=0.0048 13/14 SURVIVES
sts ts_gsr W60                     sensitivity            DiD -0.0733 [-0.1180, -0.0291] p=0.0070 neg 12/14 | phase p=0.0020 | DMT -0.0491 (p=0.023) PCB +0.0242 (p=0.104) placebo share 0.33 | FD DiD +0.0191 (p=0.108) | FD-resid -0.0555 [-0.0864, -0.0210] p=0.0100 13/14 SURVIVES
sts ts_gsr W60                     early                  DiD -0.1029 [-0.1464, -0.0601] p=0.0009 neg 13/14 | phase p=0.0010 | DMT -0.0842 (p=0.001) PCB +0.0187 (p=0.221) placebo share 0.18 | FD DiD +0.0366 (p=0.010) | FD-resid -0.0806 [-0.1151, -0.0455] p=0.0018 12/14 SURVIVES
sts ts_gsr W60                     late                   DiD -0.0633 [-0.1147, -0.0118] p=0.0337 neg 10/14 | phase p=0.0060 | DMT -0.0199 (p=0.388) PCB +0.0434 (p=0.014) placebo share 0.69 | FD DiD -0.0034 (p=0.807) | FD-resid -0.0523 [-0.0909, -0.0078] p=0.0345 11/14 SURVIVES
sts ts_gsr W60                     trend_a_placebo_line   DiD -0.0890 [-0.1347, -0.0461] p=0.0021 neg 13/14
sts ts_gsr W60                     trend_b_shared_slope   DiD -0.0995 [-0.1424, -0.0599] p=0.0007 neg 13/14
PhiR ts_gsr W60                    primary                DiD +0.0007 [-0.0078, +0.0100] p=0.8971 neg 8/14 | phase p=0.8372 | DMT -0.0026 (p=0.165) PCB -0.0033 (p=0.406) placebo share 5.01 | FD DiD +0.0143 (p=0.245) | FD-resid +0.0007 [-0.0056, +0.0077] p=0.8381 7/14 does NOT survive
PhiR ts_gsr W60                    sensitivity            DiD +0.0006 [-0.0074, +0.0101] p=0.9094 neg 8/14 | phase p=0.8541 | DMT -0.0022 (p=0.264) PCB -0.0028 (p=0.466) placebo share 4.76 | FD DiD +0.0191 (p=0.108) | FD-resid +0.0006 [-0.0052, +0.0072] p=0.8628 7/14 does NOT survive
PhiR ts_gsr W60                    early                  DiD +0.0005 [-0.0090, +0.0113] p=0.9355 neg 8/14 | phase p=0.9071 | DMT -0.0033 (p=0.183) PCB -0.0038 (p=0.364) placebo share 8.06 | FD DiD +0.0366 (p=0.010) | FD-resid +0.0001 [-0.0080, +0.0088] p=0.9910 7/14 does NOT survive
PhiR ts_gsr W60                    late                   DiD +0.0008 [-0.0084, +0.0099] p=0.8663 neg 7/14 | phase p=0.8352 | DMT -0.0021 (p=0.188) PCB -0.0029 (p=0.496) placebo share 3.59 | FD DiD -0.0034 (p=0.807) | FD-resid +0.0013 [-0.0049, +0.0076] p=0.6975 4/14 does NOT survive
PhiR ts_gsr W60                    trend_a_placebo_line   DiD +0.0001 [-0.0082, +0.0088] p=0.9862 neg 8/14
PhiR ts_gsr W60                    trend_b_shared_slope   DiD -0.0011 [-0.0084, +0.0069] p=0.7822 neg 9/14
autocorr ts_gsr W60                primary                DiD -0.0146 [-0.0251, -0.0052] p=0.0106 neg 12/14 | phase p=0.0729 | DMT -0.0097 (p=0.043) PCB +0.0050 (p=0.142) placebo share 0.34 | FD DiD +0.0143 (p=0.245) | FD-resid -0.0123 [-0.0199, -0.0041] p=0.0135 12/14 SURVIVES
autocorr ts_gsr W60                sensitivity            DiD -0.0131 [-0.0231, -0.0032] p=0.0211 neg 10/14 | phase p=0.1229 | DMT -0.0099 (p=0.035) PCB +0.0032 (p=0.313) placebo share 0.24 | FD DiD +0.0191 (p=0.108) | FD-resid -0.0102 [-0.0178, -0.0018] p=0.0369 11/14 SURVIVES
autocorr ts_gsr W60                early                  DiD -0.0213 [-0.0304, -0.0125] p=0.0006 neg 13/14 | phase p=0.0250 | DMT -0.0180 (p=0.001) PCB +0.0033 (p=0.346) placebo share 0.16 | FD DiD +0.0366 (p=0.010) | FD-resid -0.0170 [-0.0241, -0.0096] p=0.0012 12/14 SURVIVES
autocorr ts_gsr W60                late                   DiD -0.0093 [-0.0214, +0.0022] p=0.1615 neg 9/14 | phase p=0.3387 | DMT -0.0030 (p=0.555) PCB +0.0063 (p=0.075) placebo share 0.67 | FD DiD -0.0034 (p=0.807) | FD-resid -0.0085 [-0.0178, +0.0018] p=0.1240 10/14 does NOT survive
autocorr ts_gsr W60                trend_a_placebo_line   DiD -0.0162 [-0.0262, -0.0069] p=0.0049 neg 12/14
autocorr ts_gsr W60                trend_b_shared_slope   DiD -0.0190 [-0.0282, -0.0103] p=0.0016 neg 13/14
sts ts_gsr global-bins             primary                DiD -0.0801 [-0.1310, -0.0315] p=0.0071 neg 12/14 | phase p=0.0010 | DMT -0.0521 (p=0.045) PCB +0.0280 (p=0.047) placebo share 0.35 | FD DiD +0.0143 (p=0.245) | FD-resid -0.0637 [-0.1023, -0.0182] p=0.0161 12/14 SURVIVES
sts ts_gsr global-bins             sensitivity            DiD -0.0773 [-0.1280, -0.0278] p=0.0085 neg 12/14 | phase p=0.0010 | DMT -0.0538 (p=0.037) PCB +0.0235 (p=0.083) placebo share 0.30 | FD DiD +0.0174 (p=0.155) | FD-resid -0.0605 [-0.0967, -0.0150] p=0.0183 12/14 SURVIVES
sts ts_gsr global-bins             early                  DiD -0.1063 [-0.1545, -0.0612] p=0.0009 neg 13/14 | phase p=0.0010 | DMT -0.0873 (p=0.002) PCB +0.0190 (p=0.157) placebo share 0.18 | FD DiD +0.0366 (p=0.010) | FD-resid -0.0847 [-0.1209, -0.0450] p=0.0024 11/14 SURVIVES
sts ts_gsr global-bins             late                   DiD -0.0591 [-0.1194, +0.0019] p=0.0773 neg 10/14 | phase p=0.0320 | DMT -0.0240 (p=0.399) PCB +0.0351 (p=0.032) placebo share 0.59 | FD DiD -0.0034 (p=0.807) | FD-resid -0.0469 [-0.0952, +0.0090] p=0.1147 11/14 does NOT survive
sts ts_gsr global-bins             trend_a_placebo_line   DiD -0.0830 [-0.1354, -0.0322] p=0.0070 neg 13/14
sts ts_gsr global-bins             trend_b_shared_slope   DiD -0.0981 [-0.1481, -0.0508] p=0.0020 neg 13/14
PhiR ts_gsr global-bins            primary                DiD -0.0062 [-0.0127, +0.0003] p=0.0953 neg 9/14 | phase p=0.0230 | DMT -0.0075 (p=0.002) PCB -0.0013 (p=0.535) placebo share -0.21 | FD DiD +0.0143 (p=0.245) | FD-resid -0.0059 [-0.0111, -0.0006] p=0.0581 9/14 SURVIVES
PhiR ts_gsr global-bins            sensitivity            DiD -0.0065 [-0.0127, -0.0003] p=0.0756 neg 9/14 | phase p=0.0120 | DMT -0.0078 (p=0.001) PCB -0.0014 (p=0.499) placebo share -0.21 | FD DiD +0.0174 (p=0.155) | FD-resid -0.0061 [-0.0112, -0.0009] p=0.0455 10/14 SURVIVES
PhiR ts_gsr global-bins            early                  DiD -0.0088 [-0.0157, -0.0017] p=0.0370 neg 9/14 | phase p=0.0050 | DMT -0.0103 (p=0.001) PCB -0.0015 (p=0.422) placebo share -0.17 | FD DiD +0.0366 (p=0.010) | FD-resid -0.0080 [-0.0140, -0.0018] p=0.0304 9/14 SURVIVES
PhiR ts_gsr global-bins            late                   DiD -0.0042 [-0.0112, +0.0027] p=0.2736 neg 9/14 | phase p=0.1588 | DMT -0.0054 (p=0.016) PCB -0.0012 (p=0.661) placebo share -0.28 | FD DiD -0.0034 (p=0.807) | FD-resid -0.0042 [-0.0094, +0.0012] p=0.1512 10/14 does NOT survive
PhiR ts_gsr global-bins            trend_a_placebo_line   DiD -0.0072 [-0.0141, -0.0006] p=0.0652 neg 10/14
PhiR ts_gsr global-bins            trend_b_shared_slope   DiD -0.0090 [-0.0153, -0.0026] p=0.0208 neg 10/14
autocorr ts_gsr run-standardised bins primary                DiD -0.4580 [-0.6018, -0.3200] p=0.0001 neg 14/14 | phase p=0.0010 | DMT -0.3448 (p=0.000) PCB +0.1133 (p=0.002) placebo share 0.25 | FD DiD +0.0143 (p=0.245) | FD-resid -0.3705 [-0.5024, -0.2456] p=0.0004 13/14 SURVIVES
autocorr ts_gsr run-standardised bins sensitivity            DiD -0.4517 [-0.5968, -0.3171] p=0.0002 neg 13/14 | phase p=0.0010 | DMT -0.3536 (p=0.000) PCB +0.0980 (p=0.008) placebo share 0.22 | FD DiD +0.0174 (p=0.155) | FD-resid -0.3670 [-0.4952, -0.2451] p=0.0005 12/14 SURVIVES
autocorr ts_gsr run-standardised bins early                  DiD -0.5008 [-0.6158, -0.3872] p=0.0001 neg 14/14 | phase p=0.0010 | DMT -0.4728 (p=0.000) PCB +0.0280 (p=0.298) placebo share 0.06 | FD DiD +0.0366 (p=0.010) | FD-resid -0.4310 [-0.5547, -0.3188] p=0.0001 14/14 SURVIVES
autocorr ts_gsr run-standardised bins late                   DiD -0.4238 [-0.5957, -0.2551] p=0.0009 neg 12/14 | phase p=0.0010 | DMT -0.2423 (p=0.011) PCB +0.1815 (p=0.000) placebo share 0.43 | FD DiD -0.0034 (p=0.807) | FD-resid -0.3220 [-0.4636, -0.1744] p=0.0017 11/14 SURVIVES
autocorr ts_gsr run-standardised bins trend_a_placebo_line   DiD -0.5189 [-0.6709, -0.3737] p=0.0001 neg 14/14
autocorr ts_gsr run-standardised bins trend_b_shared_slope   DiD -0.5585 [-0.6989, -0.4204] p=0.0001 neg 14/14
sts ts_demean W60                  primary                DiD -0.1031 [-0.1558, -0.0522] p=0.0026 neg 12/14 | phase p=0.0010 | DMT -0.0633 (p=0.033) PCB +0.0398 (p=0.031) placebo share 0.39 | FD DiD +0.0143 (p=0.245) | FD-resid -0.0824 [-0.1224, -0.0372] p=0.0048 13/14 SURVIVES
sts ts_demean W60                  sensitivity            DiD -0.0935 [-0.1431, -0.0426] p=0.0039 neg 12/14 | phase p=0.0010 | DMT -0.0621 (p=0.030) PCB +0.0314 (p=0.064) placebo share 0.34 | FD DiD +0.0191 (p=0.108) | FD-resid -0.0714 [-0.1106, -0.0298] p=0.0073 12/14 SURVIVES
sts ts_demean W60                  early                  DiD -0.1183 [-0.1673, -0.0679] p=0.0012 neg 13/14 | phase p=0.0010 | DMT -0.0975 (p=0.003) PCB +0.0208 (p=0.177) placebo share 0.18 | FD DiD +0.0366 (p=0.010) | FD-resid -0.0953 [-0.1394, -0.0518] p=0.0020 13/14 SURVIVES
sts ts_demean W60                  late                   DiD -0.0910 [-0.1522, -0.0319] p=0.0128 neg 11/14 | phase p=0.0030 | DMT -0.0360 (p=0.245) PCB +0.0550 (p=0.012) placebo share 0.60 | FD DiD -0.0034 (p=0.807) | FD-resid -0.0721 [-0.1229, -0.0177] p=0.0233 11/14 SURVIVES
sts ts_demean W60                  trend_a_placebo_line   DiD -0.1126 [-0.1690, -0.0595] p=0.0018 neg 13/14
sts ts_demean W60                  trend_b_shared_slope   DiD -0.1193 [-0.1736, -0.0683] p=0.0012 neg 13/14
PhiR ts_demean W60                 primary                DiD +0.0157 [+0.0010, +0.0326] p=0.0853 neg 4/14 | phase p=0.0380 | DMT +0.0116 (p=0.129) PCB -0.0041 (p=0.378) placebo share 0.26 | FD DiD +0.0143 (p=0.245) | FD-resid +0.0152 [+0.0007, +0.0320] p=0.0928 5/14 SURVIVES
PhiR ts_demean W60                 sensitivity            DiD +0.0136 [-0.0002, +0.0294] p=0.1071 neg 5/14 | phase p=0.0649 | DMT +0.0111 (p=0.129) PCB -0.0025 (p=0.558) placebo share 0.18 | FD DiD +0.0191 (p=0.108) | FD-resid +0.0126 [-0.0004, +0.0281] p=0.1334 6/14 does NOT survive
PhiR ts_demean W60                 early                  DiD +0.0127 [-0.0017, +0.0293] p=0.1523 neg 5/14 | phase p=0.1239 | DMT +0.0107 (p=0.183) PCB -0.0020 (p=0.620) placebo share 0.16 | FD DiD +0.0366 (p=0.010) | FD-resid +0.0107 [-0.0028, +0.0269] p=0.2152 6/14 does NOT survive
PhiR ts_demean W60                 late                   DiD +0.0181 [+0.0013, +0.0379] p=0.0944 neg 5/14 | phase p=0.0260 | DMT +0.0123 (p=0.161) PCB -0.0058 (p=0.284) placebo share 0.32 | FD DiD -0.0034 (p=0.807) | FD-resid +0.0188 [+0.0016, +0.0384] p=0.0901 6/14 SURVIVES
PhiR ts_demean W60                 trend_a_placebo_line   DiD +0.0163 [+0.0033, +0.0303] p=0.0441 neg 4/14
PhiR ts_demean W60                 trend_b_shared_slope   DiD +0.0139 [+0.0005, +0.0280] p=0.0797 neg 5/14
autocorr ts_demean W60             primary                DiD -0.0216 [-0.0319, -0.0116] p=0.0017 neg 13/14 | phase p=0.0390 | DMT -0.0114 (p=0.055) PCB +0.0102 (p=0.008) placebo share 0.47 | FD DiD +0.0143 (p=0.245) | FD-resid -0.0175 [-0.0250, -0.0085] p=0.0033 13/14 SURVIVES
autocorr ts_demean W60             sensitivity            DiD -0.0181 [-0.0279, -0.0080] p=0.0048 neg 12/14 | phase p=0.0939 | DMT -0.0101 (p=0.067) PCB +0.0081 (p=0.022) placebo share 0.44 | FD DiD +0.0191 (p=0.108) | FD-resid -0.0141 [-0.0218, -0.0050] p=0.0103 12/14 SURVIVES
autocorr ts_demean W60             early                  DiD -0.0244 [-0.0331, -0.0157] p=0.0005 neg 12/14 | phase p=0.0539 | DMT -0.0181 (p=0.006) PCB +0.0063 (p=0.073) placebo share 0.26 | FD DiD +0.0366 (p=0.010) | FD-resid -0.0211 [-0.0286, -0.0134] p=0.0007 13/14 SURVIVES
autocorr ts_demean W60             late                   DiD -0.0193 [-0.0316, -0.0069] p=0.0114 neg 11/14 | phase p=0.1179 | DMT -0.0060 (p=0.321) PCB +0.0133 (p=0.003) placebo share 0.69 | FD DiD -0.0034 (p=0.807) | FD-resid -0.0146 [-0.0245, -0.0028] p=0.0294 12/14 SURVIVES
autocorr ts_demean W60             trend_a_placebo_line   DiD -0.0228 [-0.0341, -0.0120] p=0.0020 neg 13/14
autocorr ts_demean W60             trend_b_shared_slope   DiD -0.0235 [-0.0345, -0.0125] p=0.0022 neg 13/14
sts ts_demean global-bins          primary                DiD -0.1035 [-0.1687, -0.0365] p=0.0132 neg 11/14 | phase p=0.0010 | DMT -0.0684 (p=0.064) PCB +0.0351 (p=0.054) placebo share 0.34 | FD DiD +0.0143 (p=0.245) | FD-resid -0.0854 [-0.1468, -0.0178] p=0.0281 10/14 SURVIVES
sts ts_demean global-bins          sensitivity            DiD -0.0999 [-0.1641, -0.0338] p=0.0139 neg 11/14 | phase p=0.0010 | DMT -0.0684 (p=0.061) PCB +0.0315 (p=0.078) placebo share 0.32 | FD DiD +0.0174 (p=0.155) | FD-resid -0.0815 [-0.1413, -0.0131] p=0.0311 10/14 SURVIVES
sts ts_demean global-bins          early                  DiD -0.1250 [-0.1846, -0.0620] p=0.0034 neg 12/14 | phase p=0.0030 | DMT -0.1080 (p=0.008) PCB +0.0171 (p=0.294) placebo share 0.14 | FD DiD +0.0366 (p=0.010) | FD-resid -0.1056 [-0.1641, -0.0461] p=0.0070 11/14 SURVIVES
sts ts_demean global-bins          late                   DiD -0.0862 [-0.1640, -0.0078] p=0.0594 neg 10/14 | phase p=0.0080 | DMT -0.0367 (p=0.348) PCB +0.0495 (p=0.025) placebo share 0.57 | FD DiD -0.0034 (p=0.807) | FD-resid -0.0692 [-0.1407, +0.0045] p=0.1088 9/14 does NOT survive
sts ts_demean global-bins          trend_a_placebo_line   DiD -0.1089 [-0.1758, -0.0424] p=0.0093 neg 13/14
sts ts_demean global-bins          trend_b_shared_slope   DiD -0.1239 [-0.1908, -0.0548] p=0.0057 neg 13/14
PhiR ts_demean global-bins         primary                DiD +0.0180 [-0.0002, +0.0380] p=0.1177 neg 5/14 | phase p=0.0190 | DMT +0.0137 (p=0.160) PCB -0.0043 (p=0.278) placebo share 0.24 | FD DiD +0.0143 (p=0.245) | FD-resid +0.0181 [+0.0002, +0.0399] p=0.1166 5/14 SURVIVES
PhiR ts_demean global-bins         sensitivity            DiD +0.0180 [-0.0001, +0.0378] p=0.1171 neg 5/14 | phase p=0.0180 | DMT +0.0131 (p=0.171) PCB -0.0049 (p=0.221) placebo share 0.27 | FD DiD +0.0174 (p=0.155) | FD-resid +0.0176 [-0.0003, +0.0390] p=0.1243 5/14 does NOT survive
PhiR ts_demean global-bins         early                  DiD +0.0136 [-0.0044, +0.0344] p=0.2484 neg 5/14 | phase p=0.1399 | DMT +0.0115 (p=0.275) PCB -0.0020 (p=0.616) placebo share 0.15 | FD DiD +0.0366 (p=0.010) | FD-resid +0.0111 [-0.0044, +0.0301] p=0.2698 6/14 does NOT survive
PhiR ts_demean global-bins         late                   DiD +0.0216 [+0.0011, +0.0445] p=0.0856 neg 5/14 | phase p=0.0100 | DMT +0.0155 (p=0.145) PCB -0.0061 (p=0.153) placebo share 0.28 | FD DiD -0.0034 (p=0.807) | FD-resid +0.0236 [+0.0023, +0.0489] p=0.0950 6/14 SURVIVES
PhiR ts_demean global-bins         trend_a_placebo_line   DiD +0.0168 [+0.0016, +0.0339] p=0.0837 neg 4/14
PhiR ts_demean global-bins         trend_b_shared_slope   DiD +0.0142 [-0.0012, +0.0306] p=0.1350 neg 5/14
autocorr ts_demean run-standardised bins primary                DiD -0.3846 [-0.5419, -0.2464] p=0.0004 neg 13/14 | phase p=0.0010 | DMT -0.2685 (p=0.000) PCB +0.1160 (p=0.017) placebo share 0.30 | FD DiD +0.0143 (p=0.245) | FD-resid -0.2964 [-0.4293, -0.1812] p=0.0007 12/14 SURVIVES
autocorr ts_demean run-standardised bins sensitivity            DiD -0.3737 [-0.5306, -0.2356] p=0.0005 neg 12/14 | phase p=0.0010 | DMT -0.2755 (p=0.000) PCB +0.0982 (p=0.031) placebo share 0.26 | FD DiD +0.0174 (p=0.155) | FD-resid -0.2932 [-0.4269, -0.1746] p=0.0007 12/14 SURVIVES
autocorr ts_demean run-standardised bins early                  DiD -0.4202 [-0.5545, -0.2919] p=0.0001 neg 14/14 | phase p=0.0010 | DMT -0.3888 (p=0.000) PCB +0.0314 (p=0.385) placebo share 0.07 | FD DiD +0.0366 (p=0.010) | FD-resid -0.3788 [-0.4981, -0.2723] p=0.0001 14/14 SURVIVES
autocorr ts_demean run-standardised bins late                   DiD -0.3560 [-0.5455, -0.1849] p=0.0011 neg 11/14 | phase p=0.0010 | DMT -0.1723 (p=0.044) PCB +0.1837 (p=0.005) placebo share 0.52 | FD DiD -0.0034 (p=0.807) | FD-resid -0.2304 [-0.3878, -0.0788] p=0.0121 10/14 SURVIVES
autocorr ts_demean run-standardised bins trend_a_placebo_line   DiD -0.4427 [-0.5985, -0.3031] p=0.0001 neg 14/14
autocorr ts_demean run-standardised bins trend_b_shared_slope   DiD -0.4805 [-0.6268, -0.3456] p=0.0001 neg 14/14
sts ts_gsr W30                     primary                DiD -0.0686 [-0.1084, -0.0293] p=0.0042 neg 13/14 | phase p=0.0010 | DMT -0.0390 (p=0.035) PCB +0.0296 (p=0.027) placebo share 0.43 | FD DiD +0.0143 (p=0.245) | FD-resid -0.0545 [-0.0836, -0.0215] p=0.0065 13/14 SURVIVES
sts ts_gsr W30                     sensitivity            DiD -0.0658 [-0.1072, -0.0261] p=0.0067 neg 12/14 | phase p=0.0010 | DMT -0.0407 (p=0.031) PCB +0.0252 (p=0.049) placebo share 0.38 | FD DiD +0.0174 (p=0.155) | FD-resid -0.0514 [-0.0799, -0.0179] p=0.0109 12/14 SURVIVES
sts ts_gsr W30                     early                  DiD -0.0839 [-0.1267, -0.0451] p=0.0012 neg 13/14 | phase p=0.0010 | DMT -0.0686 (p=0.002) PCB +0.0154 (p=0.236) placebo share 0.18 | FD DiD +0.0366 (p=0.010) | FD-resid -0.0678 [-0.0978, -0.0364] p=0.0020 12/14 SURVIVES
sts ts_gsr W30                     late                   DiD -0.0564 [-0.1024, -0.0118] p=0.0321 neg 11/14 | phase p=0.0080 | DMT -0.0154 (p=0.444) PCB +0.0410 (p=0.005) placebo share 0.73 | FD DiD -0.0034 (p=0.807) | FD-resid -0.0439 [-0.0783, -0.0035] p=0.0474 11/14 SURVIVES
sts ts_gsr W30                     trend_a_placebo_line   DiD -0.0766 [-0.1147, -0.0386] p=0.0021 neg 13/14
sts ts_gsr W30                     trend_b_shared_slope   DiD -0.0849 [-0.1225, -0.0495] p=0.0010 neg 13/14
autocorr ts_gsr W30                primary                DiD -0.0142 [-0.0233, -0.0044] p=0.0165 neg 13/14 | phase p=0.0110 | DMT -0.0087 (p=0.068) PCB +0.0054 (p=0.062) placebo share 0.38 | FD DiD +0.0143 (p=0.245) | FD-resid -0.0126 [-0.0206, -0.0035] p=0.0175 13/14 SURVIVES
autocorr ts_gsr W30                sensitivity            DiD -0.0139 [-0.0234, -0.0040] p=0.0210 neg 11/14 | phase p=0.0120 | DMT -0.0094 (p=0.054) PCB +0.0045 (p=0.107) placebo share 0.32 | FD DiD +0.0174 (p=0.155) | FD-resid -0.0122 [-0.0204, -0.0029] p=0.0228 13/14 SURVIVES
autocorr ts_gsr W30                early                  DiD -0.0200 [-0.0289, -0.0107] p=0.0020 neg 12/14 | phase p=0.0010 | DMT -0.0159 (p=0.003) PCB +0.0041 (p=0.212) placebo share 0.20 | FD DiD +0.0366 (p=0.010) | FD-resid -0.0171 [-0.0249, -0.0083] p=0.0034 12/14 SURVIVES
autocorr ts_gsr W30                late                   DiD -0.0095 [-0.0202, +0.0016] p=0.1274 neg 10/14 | phase p=0.1658 | DMT -0.0030 (p=0.570) PCB +0.0065 (p=0.025) placebo share 0.69 | FD DiD -0.0034 (p=0.807) | FD-resid -0.0090 [-0.0182, +0.0015] p=0.1090 10/14 does NOT survive
autocorr ts_gsr W30                trend_a_placebo_line   DiD -0.0151 [-0.0237, -0.0059] p=0.0089 neg 12/14
autocorr ts_gsr W30                trend_b_shared_slope   DiD -0.0177 [-0.0262, -0.0088] p=0.0028 neg 13/14

wrote /home/vilalius/dmt-phiid/notes/review_results/inference_rows_raw.csv (84 rows)
=== 2026-09-26 20:17:50  notes/partB16_prewhiten.py   -> notes/review_results/partB/prewhiten_run.log
git=c25a310
   arp ts_gsr: whitened (2s); orders: p=1: 0, p=2: 0, p=3: 0, p=4: 2, p=5: 3218
   arp ts_gsr: subject 1/14 done (20s)
   arp ts_gsr: subject 2/14 done (37s)
   arp ts_gsr: subject 3/14 done (55s)
   arp ts_gsr: subject 4/14 done (72s)
   arp ts_gsr: subject 5/14 done (90s)
   arp ts_gsr: subject 6/14 done (108s)
   arp ts_gsr: subject 7/14 done (126s)
   arp ts_gsr: subject 8/14 done (144s)
   arp ts_gsr: subject 9/14 done (161s)
   arp ts_gsr: subject 10/14 done (179s)
   arp ts_gsr: subject 11/14 done (197s)
   arp ts_gsr: subject 12/14 done (214s)
   arp ts_gsr: subject 13/14 done (231s)
   arp ts_gsr: subject 14/14 done (249s)
prewhiten arp MMI sts ts_gsr W60   primary                DiD -0.0262 [-0.0589, +0.0049] p=0.1406 neg 8/14 | phase p=0.4176 | DMT +0.0636 (p=0.000) PCB +0.0898 (p=0.000) placebo share 3.43 | FD DiD +0.0143 (p=0.245) | FD-resid -0.0062 [-0.0460, +0.0330] p=0.7714 9/14 does NOT survive
prewhiten arp MMI sts ts_gsr W60   sensitivity            DiD -0.0186 [-0.0510, +0.0141] p=0.3035 neg 7/14 | phase p=0.5455 | DMT +0.0838 (p=0.000) PCB +0.1023 (p=0.000) placebo share 5.51 | FD DiD +0.0191 (p=0.108) | FD-resid -0.0039 [-0.0444, +0.0373] p=0.8583 7/14 does NOT survive
prewhiten arp MMI sts ts_gsr W60   early                  DiD -0.0379 [-0.0834, +0.0084] p=0.1420 neg 8/14 | phase p=0.3357 | DMT +0.0573 (p=0.000) PCB +0.0953 (p=0.000) placebo share 2.51 | FD DiD +0.0366 (p=0.010) | FD-resid -0.0343 [-0.0857, +0.0171] p=0.2229 9/14 does NOT survive
prewhiten arp MMI sts ts_gsr W60   late                   DiD -0.0168 [-0.0439, +0.0086] p=0.2518 neg 7/14 | phase p=0.6474 | DMT +0.0685 (p=0.000) PCB +0.0853 (p=0.000) placebo share 5.08 | FD DiD -0.0034 (p=0.807) | FD-resid +0.0163 [-0.0241, +0.0548] p=0.4487 5/14 does NOT survive
prewhiten arp MMI sts ts_gsr W60   trend_a_placebo_line   DiD +0.0273 [+0.0067, +0.0475] p=0.0291 neg 4/14
prewhiten arp MMI sts ts_gsr W60   trend_b_shared_slope   DiD +0.0260 [+0.0009, +0.0507] p=0.0667 neg 4/14
prewhiten arp MMI xtx+yty ts_gsr W60 primary                DiD -0.0414 [-0.0795, -0.0060] p=0.0529 neg 8/14 | phase p=0.4515 | DMT +0.0883 (p=0.000) PCB +0.1297 (p=0.000) placebo share 3.13 | FD DiD +0.0143 (p=0.245) | FD-resid -0.0267 [-0.0775, +0.0250] p=0.3474 8/14 does NOT survive
prewhiten arp MMI xtx+yty ts_gsr W60 sensitivity            DiD -0.0325 [-0.0704, +0.0036] p=0.1240 neg 8/14 | phase p=0.5305 | DMT +0.1110 (p=0.000) PCB +0.1435 (p=0.000) placebo share 4.41 | FD DiD +0.0191 (p=0.108) | FD-resid -0.0248 [-0.0761, +0.0278] p=0.3820 8/14 does NOT survive
prewhiten arp MMI xtx+yty ts_gsr W60 early                  DiD -0.0429 [-0.0923, +0.0051] p=0.1241 neg 8/14 | phase p=0.5265 | DMT +0.1218 (p=0.000) PCB +0.1648 (p=0.000) placebo share 3.84 | FD DiD +0.0366 (p=0.010) | FD-resid -0.0480 [-0.1083, +0.0150] p=0.1609 9/14 does NOT survive
prewhiten arp MMI xtx+yty ts_gsr W60 late                   DiD -0.0402 [-0.0757, -0.0099] p=0.0284 neg 9/14 | phase p=0.5165 | DMT +0.0614 (p=0.001) PCB +0.1017 (p=0.000) placebo share 2.53 | FD DiD -0.0034 (p=0.807) | FD-resid -0.0097 [-0.0657, +0.0432] p=0.7463 8/14 does NOT survive
prewhiten arp MMI xtx+yty ts_gsr W60 trend_a_placebo_line   DiD +0.0497 [+0.0205, +0.0774] p=0.0074 neg 2/14
prewhiten arp MMI xtx+yty ts_gsr W60 trend_b_shared_slope   DiD +0.0725 [+0.0376, +0.1030] p=0.0023 neg 2/14
prewhiten arp CCS sts ts_gsr W60   primary                DiD -0.0135 [-0.0217, -0.0042] p=0.0160 neg 11/14 | phase p=0.0569 | DMT -0.0158 (p=0.003) PCB -0.0023 (p=0.588) placebo share -0.17 | FD DiD +0.0143 (p=0.245) | FD-resid -0.0150 [-0.0234, -0.0065] p=0.0065 12/14 SURVIVES
prewhiten arp CCS sts ts_gsr W60   sensitivity            DiD -0.0134 [-0.0210, -0.0047] p=0.0120 neg 12/14 | phase p=0.0539 | DMT -0.0202 (p=0.000) PCB -0.0068 (p=0.128) placebo share -0.51 | FD DiD +0.0191 (p=0.108) | FD-resid -0.0134 [-0.0210, -0.0057] p=0.0062 13/14 SURVIVES
prewhiten arp CCS sts ts_gsr W60   early                  DiD -0.0193 [-0.0301, -0.0070] p=0.0093 neg 12/14 | phase p=0.0160 | DMT -0.0222 (p=0.001) PCB -0.0029 (p=0.607) placebo share -0.15 | FD DiD +0.0366 (p=0.010) | FD-resid -0.0177 [-0.0294, -0.0052] p=0.0188 11/14 SURVIVES
prewhiten arp CCS sts ts_gsr W60   late                   DiD -0.0088 [-0.0188, +0.0007] p=0.1069 neg 9/14 | phase p=0.2238 | DMT -0.0107 (p=0.026) PCB -0.0019 (p=0.626) placebo share -0.21 | FD DiD -0.0034 (p=0.807) | FD-resid -0.0128 [-0.0213, -0.0042] p=0.0159 9/14 SURVIVES
prewhiten arp CCS sts ts_gsr W60   trend_a_placebo_line   DiD -0.0232 [-0.0323, -0.0141] p=0.0006 neg 12/14
prewhiten arp CCS sts ts_gsr W60   trend_b_shared_slope   DiD -0.0256 [-0.0340, -0.0169] p=0.0004 neg 13/14
prewhiten arp autocorr ts_gsr W60  primary                DiD -0.0544 [-0.1023, -0.0053] p=0.0520 neg 12/14 | phase p=0.5784 | DMT +0.1605 (p=0.000) PCB +0.2149 (p=0.000) placebo share 3.95 | FD DiD +0.0143 (p=0.245) | FD-resid -0.0470 [-0.1214, +0.0296] p=0.2617 9/14 does NOT survive
prewhiten arp autocorr ts_gsr W60  sensitivity            DiD -0.0481 [-0.0963, +0.0034] p=0.0955 neg 12/14 | phase p=0.5974 | DMT +0.1857 (p=0.000) PCB +0.2337 (p=0.000) placebo share 4.86 | FD DiD +0.0191 (p=0.108) | FD-resid -0.0500 [-0.1225, +0.0275] p=0.2322 9/14 does NOT survive
prewhiten arp autocorr ts_gsr W60  early                  DiD -0.0360 [-0.0960, +0.0340] p=0.3232 neg 11/14 | phase p=0.7582 | DMT +0.2658 (p=0.000) PCB +0.3018 (p=0.000) placebo share 8.38 | FD DiD +0.0366 (p=0.010) | FD-resid -0.0595 [-0.1457, +0.0344] p=0.2316 9/14 does NOT survive
prewhiten arp autocorr ts_gsr W60  late                   DiD -0.0691 [-0.1148, -0.0280] p=0.0059 neg 10/14 | phase p=0.5195 | DMT +0.0763 (p=0.001) PCB +0.1454 (p=0.000) placebo share 2.10 | FD DiD -0.0034 (p=0.807) | FD-resid -0.0369 [-0.1202, +0.0432] p=0.4167 7/14 does NOT survive
prewhiten arp autocorr ts_gsr W60  trend_a_placebo_line   DiD +0.0990 [+0.0586, +0.1347] p=0.0009 neg 1/14
prewhiten arp autocorr ts_gsr W60  trend_b_shared_slope   DiD +0.1604 [+0.1152, +0.1999] p=0.0001 neg 0/14
prewhiten arp diag observed sts ts_gsr W60 primary                DiD -0.0262 [-0.0589, +0.0049] p=0.1406 neg 8/14 | phase p=0.4176 | DMT +0.0636 (p=0.000) PCB +0.0898 (p=0.000) placebo share 3.43 | FD DiD +0.0143 (p=0.245) | FD-resid -0.0062 [-0.0460, +0.0330] p=0.7714 9/14 does NOT survive
prewhiten arp diag observed sts ts_gsr W60 sensitivity            DiD -0.0186 [-0.0510, +0.0141] p=0.3035 neg 7/14 | phase p=0.5455 | DMT +0.0838 (p=0.000) PCB +0.1023 (p=0.000) placebo share 5.51 | FD DiD +0.0191 (p=0.108) | FD-resid -0.0039 [-0.0444, +0.0373] p=0.8583 7/14 does NOT survive
prewhiten arp diag observed sts ts_gsr W60 early                  DiD -0.0379 [-0.0834, +0.0084] p=0.1420 neg 8/14 | phase p=0.3357 | DMT +0.0573 (p=0.000) PCB +0.0953 (p=0.000) placebo share 2.51 | FD DiD +0.0366 (p=0.010) | FD-resid -0.0343 [-0.0857, +0.0171] p=0.2229 9/14 does NOT survive
prewhiten arp diag observed sts ts_gsr W60 late                   DiD -0.0168 [-0.0439, +0.0086] p=0.2518 neg 7/14 | phase p=0.6474 | DMT +0.0685 (p=0.000) PCB +0.0853 (p=0.000) placebo share 5.08 | FD DiD -0.0034 (p=0.807) | FD-resid +0.0163 [-0.0241, +0.0548] p=0.4487 5/14 does NOT survive
prewhiten arp diag observed sts ts_gsr W60 trend_a_placebo_line   DiD +0.0273 [+0.0067, +0.0475] p=0.0291 neg 4/14
prewhiten arp diag observed sts ts_gsr W60 trend_b_shared_slope   DiD +0.0260 [+0.0009, +0.0507] p=0.0667 neg 4/14
prewhiten arp diag predicted sts ts_gsr W60 primary                DiD -0.0192 [-0.0567, +0.0182] p=0.3462 neg 7/14 | DMT +0.0909 (p=0.000) PCB +0.1101 (p=0.000) placebo share 5.73 | FD DiD +0.0143 (p=0.245) | FD-resid -0.0017 [-0.0542, +0.0506] p=0.9503 8/14 does NOT survive
prewhiten arp diag predicted sts ts_gsr W60 sensitivity            DiD -0.0113 [-0.0501, +0.0264] p=0.5784 neg 7/14 | DMT +0.1182 (p=0.000) PCB +0.1294 (p=0.000) placebo share 11.49 | FD DiD +0.0191 (p=0.108) | FD-resid -0.0018 [-0.0540, +0.0500] p=0.9585 8/14 does NOT survive
prewhiten arp diag predicted sts ts_gsr W60 early                  DiD -0.0206 [-0.0773, +0.0351] p=0.5011 neg 7/14 | DMT +0.1160 (p=0.000) PCB +0.1366 (p=0.000) placebo share 6.63 | FD DiD +0.0366 (p=0.010) | FD-resid -0.0243 [-0.0956, +0.0447] p=0.5098 8/14 does NOT survive
prewhiten arp diag predicted sts ts_gsr W60 late                   DiD -0.0181 [-0.0467, +0.0084] p=0.2458 neg 7/14 | DMT +0.0708 (p=0.000) PCB +0.0890 (p=0.000) placebo share 4.91 | FD DiD -0.0034 (p=0.807) | FD-resid +0.0163 [-0.0378, +0.0670] p=0.5667 6/14 does NOT survive
prewhiten arp diag predicted sts ts_gsr W60 trend_a_placebo_line   DiD +0.0697 [+0.0420, +0.0964] p=0.0010 neg 3/14
prewhiten arp diag predicted sts ts_gsr W60 trend_b_shared_slope   DiD +0.0841 [+0.0515, +0.1152] p=0.0010 neg 3/14
prewhiten arp diag residual sts ts_gsr W60 primary                DiD -0.0070 [-0.0211, +0.0080] p=0.3809 neg 8/14 | phase p=0.7293 | DMT -0.0273 (p=0.001) PCB -0.0204 (p=0.008) placebo share -2.92 | FD DiD +0.0143 (p=0.245) | FD-resid -0.0044 [-0.0234, +0.0133] p=0.6544 8/14 does NOT survive
prewhiten arp diag residual sts ts_gsr W60 sensitivity            DiD -0.0073 [-0.0213, +0.0070] p=0.3597 neg 9/14 | phase p=0.6953 | DMT -0.0344 (p=0.000) PCB -0.0271 (p=0.003) placebo share -3.71 | FD DiD +0.0191 (p=0.108) | FD-resid -0.0021 [-0.0198, +0.0150] p=0.8280 7/14 does NOT survive
prewhiten arp diag residual sts ts_gsr W60 early                  DiD -0.0173 [-0.0358, +0.0009] p=0.0967 neg 11/14 | phase p=0.4985 | DMT -0.0586 (p=0.000) PCB -0.0413 (p=0.003) placebo share -2.38 | FD DiD +0.0366 (p=0.010) | FD-resid -0.0099 [-0.0335, +0.0141] p=0.4343 10/14 does NOT survive
prewhiten arp diag residual sts ts_gsr W60 late                   DiD +0.0013 [-0.0118, +0.0152] p=0.8552 neg 8/14 | phase p=0.9670 | DMT -0.0023 (p=0.601) PCB -0.0036 (p=0.443) placebo share 2.76 | FD DiD -0.0034 (p=0.807) | FD-resid -0.0000 [-0.0179, +0.0171] p=0.9987 7/14 does NOT survive
prewhiten arp diag residual sts ts_gsr W60 trend_a_placebo_line   DiD -0.0424 [-0.0568, -0.0278] p=0.0004 neg 13/14
prewhiten arp diag residual sts ts_gsr W60 trend_b_shared_slope   DiD -0.0581 [-0.0736, -0.0419] p=0.0001 neg 14/14
prewhiten arp MMI sts ts_gsr global-bins primary                DiD -0.0264 [-0.0700, +0.0159] p=0.2736 neg 8/14 | phase p=0.4166 | DMT +0.0716 (p=0.000) PCB +0.0980 (p=0.000) placebo share 3.71 | FD DiD +0.0143 (p=0.245) | FD-resid -0.0027 [-0.0485, +0.0394] p=0.9108 8/14 does NOT survive
prewhiten arp MMI sts ts_gsr global-bins sensitivity            DiD -0.0258 [-0.0698, +0.0175] p=0.2906 neg 8/14 | phase p=0.4176 | DMT +0.0718 (p=0.000) PCB +0.0976 (p=0.000) placebo share 3.79 | FD DiD +0.0174 (p=0.155) | FD-resid -0.0016 [-0.0465, +0.0392] p=0.9465 8/14 does NOT survive
prewhiten arp MMI sts ts_gsr global-bins early                  DiD -0.0241 [-0.0778, +0.0301] p=0.4121 neg 8/14 | phase p=0.5265 | DMT +0.0692 (p=0.000) PCB +0.0934 (p=0.002) placebo share 3.87 | FD DiD +0.0366 (p=0.010) | FD-resid -0.0146 [-0.0631, +0.0333] p=0.5704 8/14 does NOT survive
prewhiten arp MMI sts ts_gsr global-bins late                   DiD -0.0282 [-0.0677, +0.0063] p=0.1753 neg 9/14 | phase p=0.4136 | DMT +0.0735 (p=0.000) PCB +0.1017 (p=0.000) placebo share 3.61 | FD DiD -0.0034 (p=0.807) | FD-resid +0.0068 [-0.0394, +0.0491] p=0.7820 7/14 does NOT survive
prewhiten arp MMI sts ts_gsr global-bins trend_a_placebo_line   DiD -0.0159 [-0.0471, +0.0161] p=0.3694 neg 10/14
prewhiten arp MMI sts ts_gsr global-bins trend_b_shared_slope   DiD -0.0179 [-0.0478, +0.0142] p=0.2981 neg 11/14
prewhiten arp MMI xtx+yty ts_gsr global-bins primary                DiD -0.0593 [-0.1088, -0.0129] p=0.0328 neg 9/14 | phase p=0.3317 | DMT +0.1309 (p=0.000) PCB +0.1902 (p=0.000) placebo share 3.21 | FD DiD +0.0143 (p=0.245) | FD-resid -0.0252 [-0.0883, +0.0368] p=0.4680 8/14 does NOT survive
prewhiten arp MMI xtx+yty ts_gsr global-bins sensitivity            DiD -0.0582 [-0.1087, -0.0113] p=0.0377 neg 9/14 | phase p=0.3437 | DMT +0.1334 (p=0.000) PCB +0.1917 (p=0.000) placebo share 3.29 | FD DiD +0.0174 (p=0.155) | FD-resid -0.0241 [-0.0875, +0.0369] p=0.4810 8/14 does NOT survive
prewhiten arp MMI xtx+yty ts_gsr global-bins early                  DiD -0.0496 [-0.1062, +0.0044] p=0.1138 neg 8/14 | phase p=0.4875 | DMT +0.1600 (p=0.000) PCB +0.2096 (p=0.000) placebo share 4.23 | FD DiD +0.0366 (p=0.010) | FD-resid -0.0405 [-0.1004, +0.0196] p=0.2218 8/14 does NOT survive
prewhiten arp MMI xtx+yty ts_gsr global-bins late                   DiD -0.0670 [-0.1175, -0.0260] p=0.0074 neg 11/14 | phase p=0.3137 | DMT +0.1075 (p=0.000) PCB +0.1746 (p=0.000) placebo share 2.60 | FD DiD -0.0034 (p=0.807) | FD-resid -0.0129 [-0.0840, +0.0564] p=0.7280 8/14 does NOT survive
prewhiten arp MMI xtx+yty ts_gsr global-bins trend_a_placebo_line   DiD -0.0042 [-0.0444, +0.0319] p=0.8442 neg 6/14
prewhiten arp MMI xtx+yty ts_gsr global-bins trend_b_shared_slope   DiD +0.0135 [-0.0232, +0.0475] p=0.4829 neg 6/14
prewhiten arp CCS sts ts_gsr global-bins primary                DiD -0.0045 [-0.0118, +0.0027] p=0.2610 neg 7/14 | phase p=0.5465 | DMT +0.0315 (p=0.000) PCB +0.0360 (p=0.000) placebo share 7.99 | FD DiD +0.0143 (p=0.245) | FD-resid +0.0039 [-0.0057, +0.0140] p=0.4655 5/14 does NOT survive
prewhiten arp CCS sts ts_gsr global-bins sensitivity            DiD -0.0046 [-0.0119, +0.0025] p=0.2534 neg 8/14 | phase p=0.5385 | DMT +0.0313 (p=0.000) PCB +0.0359 (p=0.000) placebo share 7.83 | FD DiD +0.0174 (p=0.155) | FD-resid +0.0042 [-0.0054, +0.0144] p=0.4410 5/14 does NOT survive
prewhiten arp CCS sts ts_gsr global-bins early                  DiD -0.0061 [-0.0143, +0.0021] p=0.1827 neg 8/14 | phase p=0.4745 | DMT +0.0287 (p=0.000) PCB +0.0348 (p=0.000) placebo share 5.68 | FD DiD +0.0366 (p=0.010) | FD-resid -0.0017 [-0.0121, +0.0085] p=0.7565 5/14 does NOT survive
prewhiten arp CCS sts ts_gsr global-bins late                   DiD -0.0032 [-0.0102, +0.0037] p=0.4003 neg 8/14 | phase p=0.6963 | DMT +0.0338 (p=0.000) PCB +0.0370 (p=0.000) placebo share 11.54 | FD DiD -0.0034 (p=0.807) | FD-resid +0.0085 [-0.0012, +0.0190] p=0.1439 6/14 does NOT survive
prewhiten arp CCS sts ts_gsr global-bins trend_a_placebo_line   DiD -0.0015 [-0.0078, +0.0048] p=0.6646 neg 7/14
prewhiten arp CCS sts ts_gsr global-bins trend_b_shared_slope   DiD -0.0035 [-0.0093, +0.0020] p=0.2675 neg 7/14
prewhiten arp autocorr ts_gsr global-bins primary                DiD -0.2044 [-0.2951, -0.1201] p=0.0006 neg 13/14 | phase p=0.0290 | DMT +0.0069 (p=0.863) PCB +0.2113 (p=0.000) placebo share 1.03 | FD DiD +0.0143 (p=0.245) | FD-resid -0.1732 [-0.2781, -0.0739] p=0.0055 12/14 SURVIVES
prewhiten arp autocorr ts_gsr global-bins sensitivity            DiD -0.2019 [-0.2935, -0.1167] p=0.0007 neg 13/14 | phase p=0.0290 | DMT +0.0121 (p=0.758) PCB +0.2140 (p=0.000) placebo share 1.06 | FD DiD +0.0174 (p=0.155) | FD-resid -0.1736 [-0.2800, -0.0732] p=0.0056 12/14 SURVIVES
prewhiten arp autocorr ts_gsr global-bins early                  DiD -0.2026 [-0.3007, -0.1068] p=0.0020 neg 13/14 | phase p=0.0649 | DMT +0.0668 (p=0.139) PCB +0.2694 (p=0.000) placebo share 1.33 | FD DiD +0.0366 (p=0.010) | FD-resid -0.1944 [-0.2945, -0.0909] p=0.0042 12/14 SURVIVES
prewhiten arp autocorr ts_gsr global-bins late                   DiD -0.2057 [-0.3039, -0.1201] p=0.0005 neg 12/14 | phase p=0.0500 | DMT -0.0410 (p=0.346) PCB +0.1647 (p=0.000) placebo share 0.80 | FD DiD -0.0034 (p=0.807) | FD-resid -0.1562 [-0.2736, -0.0490] p=0.0157 10/14 SURVIVES
prewhiten arp autocorr ts_gsr global-bins trend_a_placebo_line   DiD -0.0934 [-0.1831, -0.0120] p=0.0552 neg 9/14
prewhiten arp autocorr ts_gsr global-bins trend_b_shared_slope   DiD -0.0513 [-0.1429, +0.0320] p=0.2946 neg 7/14
   arp ts_demean: whitened (321s); orders: p=1: 0, p=2: 0, p=3: 0, p=4: 5, p=5: 3215
   arp ts_demean: subject 1/14 done (339s)
   arp ts_demean: subject 2/14 done (357s)
   arp ts_demean: subject 3/14 done (374s)
   arp ts_demean: subject 4/14 done (392s)
   arp ts_demean: subject 5/14 done (409s)
   arp ts_demean: subject 6/14 done (427s)
   arp ts_demean: subject 7/14 done (444s)
   arp ts_demean: subject 8/14 done (461s)
   arp ts_demean: subject 9/14 done (479s)
   arp ts_demean: subject 10/14 done (497s)
   arp ts_demean: subject 11/14 done (515s)
   arp ts_demean: subject 12/14 done (533s)
   arp ts_demean: subject 13/14 done (550s)
   arp ts_demean: subject 14/14 done (568s)
prewhiten arp MMI sts ts_demean W60 primary                DiD -0.0274 [-0.0629, +0.0077] p=0.1654 neg 9/14 | phase p=0.4026 | DMT +0.0523 (p=0.003) PCB +0.0797 (p=0.000) placebo share 2.91 | FD DiD +0.0143 (p=0.245) | FD-resid -0.0085 [-0.0481, +0.0322] p=0.6930 9/14 does NOT survive
prewhiten arp MMI sts ts_demean W60 sensitivity            DiD -0.0179 [-0.0543, +0.0182] p=0.3677 neg 8/14 | phase p=0.5524 | DMT +0.0722 (p=0.001) PCB +0.0901 (p=0.000) placebo share 5.04 | FD DiD +0.0191 (p=0.108) | FD-resid -0.0043 [-0.0460, +0.0400] p=0.8488 8/14 does NOT survive
prewhiten arp MMI sts ts_demean W60 early                  DiD -0.0385 [-0.0857, +0.0106] p=0.1544 neg 9/14 | phase p=0.3197 | DMT +0.0433 (p=0.023) PCB +0.0818 (p=0.001) placebo share 2.12 | FD DiD +0.0366 (p=0.010) | FD-resid -0.0364 [-0.0880, +0.0172] p=0.2089 9/14 does NOT survive
prewhiten arp MMI sts ts_demean W60 late                   DiD -0.0186 [-0.0508, +0.0128] p=0.2892 neg 7/14 | phase p=0.5994 | DMT +0.0595 (p=0.001) PCB +0.0781 (p=0.000) placebo share 4.20 | FD DiD -0.0034 (p=0.807) | FD-resid +0.0137 [-0.0247, +0.0528] p=0.5051 7/14 does NOT survive
prewhiten arp MMI sts ts_demean W60 trend_a_placebo_line   DiD +0.0174 [-0.0098, +0.0442] p=0.2413 neg 5/14
prewhiten arp MMI sts ts_demean W60 trend_b_shared_slope   DiD +0.0159 [-0.0183, +0.0471] p=0.3572 neg 5/14
prewhiten arp MMI xtx+yty ts_demean W60 primary                DiD -0.0364 [-0.0893, +0.0122] p=0.1979 neg 8/14 | phase p=0.4785 | DMT +0.0667 (p=0.010) PCB +0.1030 (p=0.000) placebo share 2.83 | FD DiD +0.0143 (p=0.245) | FD-resid -0.0231 [-0.0804, +0.0354] p=0.4691 8/14 does NOT survive
prewhiten arp MMI xtx+yty ts_demean W60 sensitivity            DiD -0.0238 [-0.0733, +0.0229] p=0.3838 neg 7/14 | phase p=0.6204 | DMT +0.0894 (p=0.002) PCB +0.1132 (p=0.000) placebo share 4.76 | FD DiD +0.0191 (p=0.108) | FD-resid -0.0162 [-0.0742, +0.0409] p=0.6036 8/14 does NOT survive
prewhiten arp MMI xtx+yty ts_demean W60 early                  DiD -0.0322 [-0.1081, +0.0376] p=0.4449 neg 8/14 | phase p=0.6254 | DMT +0.0835 (p=0.017) PCB +0.1156 (p=0.002) placebo share 3.59 | FD DiD +0.0366 (p=0.010) | FD-resid -0.0368 [-0.1208, +0.0428] p=0.4136 8/14 does NOT survive
prewhiten arp MMI xtx+yty ts_demean W60 late                   DiD -0.0397 [-0.0808, -0.0002] p=0.0862 neg 8/14 | phase p=0.4865 | DMT +0.0532 (p=0.010) PCB +0.0929 (p=0.000) placebo share 2.34 | FD DiD -0.0034 (p=0.807) | FD-resid -0.0122 [-0.0656, +0.0400] p=0.6714 9/14 does NOT survive
prewhiten arp MMI xtx+yty ts_demean W60 trend_a_placebo_line   DiD +0.0288 [-0.0124, +0.0701] p=0.2051 neg 6/14
prewhiten arp MMI xtx+yty ts_demean W60 trend_b_shared_slope   DiD +0.0439 [-0.0072, +0.0924] p=0.1221 neg 6/14
prewhiten arp CCS sts ts_demean W60 primary                DiD -0.0168 [-0.0340, +0.0030] p=0.1073 neg 10/14 | phase p=0.0899 | DMT -0.0066 (p=0.343) PCB +0.0102 (p=0.232) placebo share 0.60 | FD DiD +0.0143 (p=0.245) | FD-resid -0.0218 [-0.0389, -0.0048] p=0.0315 11/14 SURVIVES
prewhiten arp CCS sts ts_demean W60 sensitivity            DiD -0.0175 [-0.0350, +0.0020] p=0.0985 neg 10/14 | phase p=0.0619 | DMT -0.0117 (p=0.118) PCB +0.0058 (p=0.472) placebo share 0.33 | FD DiD +0.0191 (p=0.108) | FD-resid -0.0206 [-0.0371, -0.0042] p=0.0320 11/14 SURVIVES
prewhiten arp CCS sts ts_demean W60 early                  DiD -0.0291 [-0.0618, +0.0055] p=0.1311 neg 10/14 | phase p=0.0100 | DMT -0.0110 (p=0.315) PCB +0.0181 (p=0.222) placebo share 0.62 | FD DiD +0.0366 (p=0.010) | FD-resid -0.0316 [-0.0650, +0.0015] p=0.0903 9/14 does NOT survive
prewhiten arp CCS sts ts_demean W60 late                   DiD -0.0070 [-0.0199, +0.0053] p=0.3154 neg 8/14 | phase p=0.5135 | DMT -0.0032 (p=0.579) PCB +0.0038 (p=0.433) placebo share 0.55 | FD DiD -0.0034 (p=0.807) | FD-resid -0.0139 [-0.0221, -0.0057] p=0.0101 11/14 SURVIVES
prewhiten arp CCS sts ts_demean W60 trend_a_placebo_line   DiD -0.0180 [-0.0312, -0.0043] p=0.0293 neg 11/14
prewhiten arp CCS sts ts_demean W60 trend_b_shared_slope   DiD -0.0197 [-0.0363, -0.0022] p=0.0461 neg 10/14
prewhiten arp autocorr ts_demean W60 primary                DiD -0.0418 [-0.1238, +0.0315] p=0.3459 neg 9/14 | phase p=0.6743 | DMT +0.1435 (p=0.001) PCB +0.1853 (p=0.000) placebo share 4.43 | FD DiD +0.0143 (p=0.245) | FD-resid -0.0315 [-0.1319, +0.0631] p=0.5577 7/14 does NOT survive
prewhiten arp autocorr ts_demean W60 sensitivity            DiD -0.0330 [-0.1144, +0.0396] p=0.4507 neg 9/14 | phase p=0.7133 | DMT +0.1711 (p=0.000) PCB +0.2041 (p=0.000) placebo share 6.19 | FD DiD +0.0191 (p=0.108) | FD-resid -0.0321 [-0.1289, +0.0569] p=0.5320 7/14 does NOT survive
prewhiten arp autocorr ts_demean W60 early                  DiD -0.0194 [-0.1522, +0.0987] p=0.7794 neg 7/14 | phase p=0.8791 | DMT +0.2232 (p=0.001) PCB +0.2426 (p=0.000) placebo share 12.49 | FD DiD +0.0366 (p=0.010) | FD-resid -0.0408 [-0.1828, +0.0916] p=0.5880 8/14 does NOT survive
prewhiten arp autocorr ts_demean W60 late                   DiD -0.0597 [-0.1106, -0.0121] p=0.0319 neg 10/14 | phase p=0.5794 | DMT +0.0798 (p=0.002) PCB +0.1394 (p=0.000) placebo share 2.34 | FD DiD -0.0034 (p=0.807) | FD-resid -0.0240 [-0.1199, +0.0587] p=0.6528 8/14 does NOT survive
prewhiten arp autocorr ts_demean W60 trend_a_placebo_line   DiD +0.0843 [+0.0192, +0.1467] p=0.0276 neg 2/14
prewhiten arp autocorr ts_demean W60 trend_b_shared_slope   DiD +0.1326 [+0.0466, +0.2105] p=0.0099 neg 2/14
prewhiten arp diag observed sts ts_demean W60 primary                DiD -0.0274 [-0.0629, +0.0077] p=0.1654 neg 9/14 | phase p=0.4026 | DMT +0.0523 (p=0.003) PCB +0.0797 (p=0.000) placebo share 2.91 | FD DiD +0.0143 (p=0.245) | FD-resid -0.0085 [-0.0481, +0.0322] p=0.6930 9/14 does NOT survive
prewhiten arp diag observed sts ts_demean W60 sensitivity            DiD -0.0179 [-0.0543, +0.0182] p=0.3677 neg 8/14 | phase p=0.5524 | DMT +0.0722 (p=0.001) PCB +0.0901 (p=0.000) placebo share 5.04 | FD DiD +0.0191 (p=0.108) | FD-resid -0.0043 [-0.0460, +0.0400] p=0.8488 8/14 does NOT survive
prewhiten arp diag observed sts ts_demean W60 early                  DiD -0.0385 [-0.0857, +0.0106] p=0.1544 neg 9/14 | phase p=0.3197 | DMT +0.0433 (p=0.023) PCB +0.0818 (p=0.001) placebo share 2.12 | FD DiD +0.0366 (p=0.010) | FD-resid -0.0364 [-0.0880, +0.0172] p=0.2089 9/14 does NOT survive
prewhiten arp diag observed sts ts_demean W60 late                   DiD -0.0186 [-0.0508, +0.0128] p=0.2892 neg 7/14 | phase p=0.5994 | DMT +0.0595 (p=0.001) PCB +0.0781 (p=0.000) placebo share 4.20 | FD DiD -0.0034 (p=0.807) | FD-resid +0.0137 [-0.0247, +0.0528] p=0.5051 7/14 does NOT survive
prewhiten arp diag observed sts ts_demean W60 trend_a_placebo_line   DiD +0.0174 [-0.0098, +0.0442] p=0.2413 neg 5/14
prewhiten arp diag observed sts ts_demean W60 trend_b_shared_slope   DiD +0.0159 [-0.0183, +0.0471] p=0.3572 neg 5/14
prewhiten arp diag predicted sts ts_demean W60 primary                DiD -0.0132 [-0.0692, +0.0384] p=0.6553 neg 7/14 | DMT +0.0743 (p=0.006) PCB +0.0875 (p=0.001) placebo share 6.65 | FD DiD +0.0143 (p=0.245) | FD-resid +0.0064 [-0.0555, +0.0686] p=0.8501 7/14 does NOT survive
prewhiten arp diag predicted sts ts_demean W60 sensitivity            DiD -0.0006 [-0.0596, +0.0517] p=0.9847 neg 7/14 | DMT +0.1037 (p=0.001) PCB +0.1044 (p=0.000) placebo share 161.61 | FD DiD +0.0191 (p=0.108) | FD-resid +0.0101 [-0.0527, +0.0721] p=0.7631 7/14 does NOT survive
prewhiten arp diag predicted sts ts_demean W60 early                  DiD -0.0064 [-0.0947, +0.0776] p=0.8877 neg 7/14 | DMT +0.0890 (p=0.014) PCB +0.0954 (p=0.015) placebo share 14.89 | FD DiD +0.0366 (p=0.010) | FD-resid -0.0110 [-0.1069, +0.0833] p=0.8253 7/14 does NOT survive
prewhiten arp diag predicted sts ts_demean W60 late                   DiD -0.0186 [-0.0528, +0.0125] p=0.3066 neg 7/14 | DMT +0.0626 (p=0.002) PCB +0.0811 (p=0.000) placebo share 4.37 | FD DiD -0.0034 (p=0.807) | FD-resid +0.0203 [-0.0298, +0.0685] p=0.4465 6/14 does NOT survive
prewhiten arp diag predicted sts ts_demean W60 trend_a_placebo_line   DiD +0.0532 [+0.0118, +0.0899] p=0.0253 neg 3/14
prewhiten arp diag predicted sts ts_demean W60 trend_b_shared_slope   DiD +0.0643 [+0.0098, +0.1118] p=0.0348 neg 3/14
prewhiten arp diag residual sts ts_demean W60 primary                DiD -0.0143 [-0.0436, +0.0201] p=0.4154 neg 9/14 | phase p=0.5245 | DMT -0.0220 (p=0.088) PCB -0.0077 (p=0.481) placebo share -0.54 | FD DiD +0.0143 (p=0.245) | FD-resid -0.0149 [-0.0466, +0.0181] p=0.3894 9/14 does NOT survive
prewhiten arp diag residual sts ts_demean W60 sensitivity            DiD -0.0172 [-0.0484, +0.0167] p=0.3363 neg 9/14 | phase p=0.4096 | DMT -0.0315 (p=0.023) PCB -0.0143 (p=0.193) placebo share -0.83 | FD DiD +0.0191 (p=0.108) | FD-resid -0.0144 [-0.0439, +0.0171] p=0.3844 8/14 does NOT survive
prewhiten arp diag residual sts ts_demean W60 early                  DiD -0.0321 [-0.0856, +0.0270] p=0.2982 neg 9/14 | phase p=0.2358 | DMT -0.0457 (p=0.039) PCB -0.0136 (p=0.479) placebo share -0.42 | FD DiD +0.0366 (p=0.010) | FD-resid -0.0254 [-0.0774, +0.0301] p=0.3861 7/14 does NOT survive
prewhiten arp diag residual sts ts_demean W60 late                   DiD -0.0000 [-0.0147, +0.0166] p=0.9987 neg 9/14 | phase p=1.0000 | DMT -0.0031 (p=0.651) PCB -0.0031 (p=0.601) placebo share -275.13 | FD DiD -0.0034 (p=0.807) | FD-resid -0.0065 [-0.0264, +0.0130] p=0.5421 8/14 does NOT survive
prewhiten arp diag residual sts ts_demean W60 trend_a_placebo_line   DiD -0.0357 [-0.0606, -0.0097] p=0.0194 neg 11/14
prewhiten arp diag residual sts ts_demean W60 trend_b_shared_slope   DiD -0.0483 [-0.0809, -0.0140] p=0.0164 neg 12/14
prewhiten arp MMI sts ts_demean global-bins primary                DiD -0.0264 [-0.0718, +0.0155] p=0.2831 neg 8/14 | phase p=0.4046 | DMT +0.0550 (p=0.009) PCB +0.0814 (p=0.000) placebo share 3.08 | FD DiD +0.0143 (p=0.245) | FD-resid -0.0082 [-0.0545, +0.0310] p=0.7645 8/14 does NOT survive
prewhiten arp MMI sts ts_demean global-bins sensitivity            DiD -0.0255 [-0.0705, +0.0175] p=0.3051 neg 8/14 | phase p=0.4186 | DMT +0.0554 (p=0.009) PCB +0.0809 (p=0.000) placebo share 3.17 | FD DiD +0.0174 (p=0.155) | FD-resid -0.0078 [-0.0537, +0.0316] p=0.7715 8/14 does NOT survive
prewhiten arp MMI sts ts_demean global-bins early                  DiD -0.0286 [-0.0885, +0.0231] p=0.3615 neg 7/14 | phase p=0.4476 | DMT +0.0511 (p=0.031) PCB +0.0796 (p=0.001) placebo share 2.79 | FD DiD +0.0366 (p=0.010) | FD-resid -0.0256 [-0.0791, +0.0210] p=0.3851 8/14 does NOT survive
prewhiten arp MMI sts ts_demean global-bins late                   DiD -0.0247 [-0.0624, +0.0112] p=0.2333 neg 8/14 | phase p=0.4585 | DMT +0.0581 (p=0.003) PCB +0.0828 (p=0.000) placebo share 3.35 | FD DiD -0.0034 (p=0.807) | FD-resid +0.0057 [-0.0362, +0.0413] p=0.8057 4/14 does NOT survive
prewhiten arp MMI sts ts_demean global-bins trend_a_placebo_line   DiD -0.0147 [-0.0518, +0.0198] p=0.4597 neg 9/14
prewhiten arp MMI sts ts_demean global-bins trend_b_shared_slope   DiD -0.0184 [-0.0591, +0.0182] p=0.3940 neg 8/14
prewhiten arp MMI xtx+yty ts_demean global-bins primary                DiD -0.0388 [-0.0954, +0.0172] p=0.2145 neg 9/14 | phase p=0.4456 | DMT +0.0866 (p=0.004) PCB +0.1254 (p=0.000) placebo share 3.23 | FD DiD +0.0143 (p=0.245) | FD-resid -0.0189 [-0.0778, +0.0402] p=0.5568 8/14 does NOT survive
prewhiten arp MMI xtx+yty ts_demean global-bins sensitivity            DiD -0.0372 [-0.0937, +0.0191] p=0.2302 neg 9/14 | phase p=0.4555 | DMT +0.0893 (p=0.003) PCB +0.1266 (p=0.000) placebo share 3.40 | FD DiD +0.0174 (p=0.155) | FD-resid -0.0182 [-0.0778, +0.0415] p=0.5701 8/14 does NOT survive
prewhiten arp MMI xtx+yty ts_demean global-bins early                  DiD -0.0338 [-0.1023, +0.0304] p=0.3514 neg 8/14 | phase p=0.5564 | DMT +0.1044 (p=0.002) PCB +0.1382 (p=0.000) placebo share 4.09 | FD DiD +0.0366 (p=0.010) | FD-resid -0.0335 [-0.0972, +0.0314] p=0.3396 9/14 does NOT survive
prewhiten arp MMI xtx+yty ts_demean global-bins late                   DiD -0.0428 [-0.0957, +0.0089] p=0.1434 neg 8/14 | phase p=0.4366 | DMT +0.0724 (p=0.009) PCB +0.1152 (p=0.000) placebo share 2.69 | FD DiD -0.0034 (p=0.807) | FD-resid -0.0071 [-0.0681, +0.0528] p=0.8281 5/14 does NOT survive
prewhiten arp MMI xtx+yty ts_demean global-bins trend_a_placebo_line   DiD +0.0020 [-0.0446, +0.0492] p=0.9362 neg 6/14
prewhiten arp MMI xtx+yty ts_demean global-bins trend_b_shared_slope   DiD +0.0112 [-0.0345, +0.0552] p=0.6427 neg 7/14
prewhiten arp CCS sts ts_demean global-bins primary                DiD -0.0028 [-0.0135, +0.0082] p=0.6385 neg 7/14 | phase p=0.7093 | DMT +0.0307 (p=0.000) PCB +0.0335 (p=0.000) placebo share 12.06 | FD DiD +0.0143 (p=0.245) | FD-resid +0.0005 [-0.0118, +0.0117] p=0.9403 7/14 does NOT survive
prewhiten arp CCS sts ts_demean global-bins sensitivity            DiD -0.0028 [-0.0137, +0.0083] p=0.6326 neg 7/14 | phase p=0.7173 | DMT +0.0304 (p=0.000) PCB +0.0333 (p=0.000) placebo share 11.69 | FD DiD +0.0174 (p=0.155) | FD-resid +0.0007 [-0.0115, +0.0118] p=0.9062 6/14 does NOT survive
prewhiten arp CCS sts ts_demean global-bins early                  DiD -0.0054 [-0.0182, +0.0076] p=0.4556 neg 8/14 | phase p=0.5534 | DMT +0.0274 (p=0.000) PCB +0.0328 (p=0.000) placebo share 6.11 | FD DiD +0.0366 (p=0.010) | FD-resid -0.0059 [-0.0208, +0.0075] p=0.4647 7/14 does NOT survive
prewhiten arp CCS sts ts_demean global-bins late                   DiD -0.0007 [-0.0121, +0.0097] p=0.9041 neg 6/14 | phase p=0.9271 | DMT +0.0333 (p=0.000) PCB +0.0340 (p=0.000) placebo share 48.31 | FD DiD -0.0034 (p=0.807) | FD-resid +0.0056 [-0.0052, +0.0157] p=0.3282 4/14 does NOT survive
prewhiten arp CCS sts ts_demean global-bins trend_a_placebo_line   DiD +0.0003 [-0.0091, +0.0097] p=0.9602 neg 6/14
prewhiten arp CCS sts ts_demean global-bins trend_b_shared_slope   DiD -0.0037 [-0.0128, +0.0052] p=0.4441 neg 7/14
prewhiten arp autocorr ts_demean global-bins primary                DiD -0.1448 [-0.2672, -0.0405] p=0.0162 neg 11/14 | phase p=0.1119 | DMT +0.0231 (p=0.629) PCB +0.1679 (p=0.000) placebo share 1.16 | FD DiD +0.0143 (p=0.245) | FD-resid -0.1291 [-0.2603, -0.0175] p=0.0455 10/14 SURVIVES
prewhiten arp autocorr ts_demean global-bins sensitivity            DiD -0.1413 [-0.2661, -0.0383] p=0.0195 neg 11/14 | phase p=0.1189 | DMT +0.0282 (p=0.557) PCB +0.1695 (p=0.000) placebo share 1.20 | FD DiD +0.0174 (p=0.155) | FD-resid -0.1301 [-0.2634, -0.0207] p=0.0417 10/14 SURVIVES
prewhiten arp autocorr ts_demean global-bins early                  DiD -0.1398 [-0.2890, -0.0133] p=0.0610 neg 11/14 | phase p=0.1968 | DMT +0.0742 (p=0.201) PCB +0.2140 (p=0.000) placebo share 1.53 | FD DiD +0.0366 (p=0.010) | FD-resid -0.1519 [-0.2859, -0.0260] p=0.0396 11/14 SURVIVES
prewhiten arp autocorr ts_demean global-bins late                   DiD -0.1488 [-0.2625, -0.0526] p=0.0104 neg 11/14 | phase p=0.1339 | DMT -0.0177 (p=0.721) PCB +0.1311 (p=0.000) placebo share 0.88 | FD DiD -0.0034 (p=0.807) | FD-resid -0.1109 [-0.2583, +0.0018] p=0.1007 8/14 does NOT survive
prewhiten arp autocorr ts_demean global-bins trend_a_placebo_line   DiD -0.0518 [-0.1605, +0.0440] p=0.3805 neg 7/14
prewhiten arp autocorr ts_demean global-bins trend_b_shared_slope   DiD -0.0182 [-0.1334, +0.0877] p=0.7728 neg 6/14
   ar1 ts_gsr: whitened (639s); orders: p=1: 3220, p=2: 0, p=3: 0, p=4: 0, p=5: 0
   ar1 ts_gsr: subject 1/14 done (656s)
   ar1 ts_gsr: subject 2/14 done (674s)
   ar1 ts_gsr: subject 3/14 done (691s)
   ar1 ts_gsr: subject 4/14 done (709s)
   ar1 ts_gsr: subject 5/14 done (726s)
   ar1 ts_gsr: subject 6/14 done (744s)
   ar1 ts_gsr: subject 7/14 done (762s)
   ar1 ts_gsr: subject 8/14 done (779s)
   ar1 ts_gsr: subject 9/14 done (797s)
   ar1 ts_gsr: subject 10/14 done (814s)
   ar1 ts_gsr: subject 11/14 done (832s)
   ar1 ts_gsr: subject 12/14 done (849s)
   ar1 ts_gsr: subject 13/14 done (867s)
   ar1 ts_gsr: subject 14/14 done (885s)
prewhiten ar1 MMI sts ts_gsr W60   primary                DiD -0.0620 [-0.0899, -0.0364] p=0.0006 neg 13/14 | phase p=0.0010 | DMT -0.0269 (p=0.017) PCB +0.0351 (p=0.001) placebo share 0.57 | FD DiD +0.0143 (p=0.245) | FD-resid -0.0488 [-0.0702, -0.0264] p=0.0021 13/14 SURVIVES
prewhiten ar1 MMI sts ts_gsr W60   sensitivity            DiD -0.0580 [-0.0859, -0.0329] p=0.0009 neg 13/14 | phase p=0.0010 | DMT -0.0283 (p=0.012) PCB +0.0297 (p=0.004) placebo share 0.51 | FD DiD +0.0191 (p=0.108) | FD-resid -0.0441 [-0.0649, -0.0220] p=0.0028 13/14 SURVIVES
prewhiten ar1 MMI sts ts_gsr W60   early                  DiD -0.0730 [-0.1029, -0.0434] p=0.0005 neg 13/14 | phase p=0.0010 | DMT -0.0458 (p=0.001) PCB +0.0272 (p=0.009) placebo share 0.37 | FD DiD +0.0366 (p=0.010) | FD-resid -0.0584 [-0.0849, -0.0328] p=0.0012 13/14 SURVIVES
prewhiten ar1 MMI sts ts_gsr W60   late                   DiD -0.0532 [-0.0852, -0.0250] p=0.0027 neg 12/14 | phase p=0.0020 | DMT -0.0118 (p=0.314) PCB +0.0415 (p=0.000) placebo share 0.78 | FD DiD -0.0034 (p=0.807) | FD-resid -0.0410 [-0.0637, -0.0162] p=0.0083 12/14 SURVIVES
prewhiten ar1 MMI sts ts_gsr W60   trend_a_placebo_line   DiD -0.0629 [-0.0892, -0.0398] p=0.0002 neg 13/14
prewhiten ar1 MMI sts ts_gsr W60   trend_b_shared_slope   DiD -0.0658 [-0.0901, -0.0442] p=0.0002 neg 13/14
prewhiten ar1 MMI xtx+yty ts_gsr W60 primary                DiD -0.0817 [-0.1219, -0.0459] p=0.0009 neg 13/14 | phase p=0.0010 | DMT -0.0355 (p=0.015) PCB +0.0462 (p=0.002) placebo share 0.57 | FD DiD +0.0143 (p=0.245) | FD-resid -0.0635 [-0.0917, -0.0338] p=0.0028 13/14 SURVIVES
prewhiten ar1 MMI xtx+yty ts_gsr W60 sensitivity            DiD -0.0766 [-0.1164, -0.0413] p=0.0015 neg 13/14 | phase p=0.0010 | DMT -0.0377 (p=0.010) PCB +0.0390 (p=0.008) placebo share 0.51 | FD DiD +0.0191 (p=0.108) | FD-resid -0.0576 [-0.0844, -0.0280] p=0.0035 13/14 SURVIVES
prewhiten ar1 MMI xtx+yty ts_gsr W60 early                  DiD -0.0943 [-0.1392, -0.0513] p=0.0012 neg 12/14 | phase p=0.0010 | DMT -0.0569 (p=0.002) PCB +0.0373 (p=0.021) placebo share 0.40 | FD DiD +0.0366 (p=0.010) | FD-resid -0.0734 [-0.1099, -0.0371] p=0.0032 11/14 SURVIVES
prewhiten ar1 MMI xtx+yty ts_gsr W60 late                   DiD -0.0717 [-0.1143, -0.0353] p=0.0023 neg 12/14 | phase p=0.0030 | DMT -0.0184 (p=0.211) PCB +0.0533 (p=0.001) placebo share 0.74 | FD DiD -0.0034 (p=0.807) | FD-resid -0.0556 [-0.0829, -0.0237] p=0.0056 13/14 SURVIVES
prewhiten ar1 MMI xtx+yty ts_gsr W60 trend_a_placebo_line   DiD -0.0826 [-0.1187, -0.0513] p=0.0004 neg 13/14
prewhiten ar1 MMI xtx+yty ts_gsr W60 trend_b_shared_slope   DiD -0.0839 [-0.1182, -0.0536] p=0.0004 neg 13/14
prewhiten ar1 CCS sts ts_gsr W60   primary                DiD -0.0057 [-0.0094, -0.0022] p=0.0065 neg 12/14 | phase p=0.0030 | DMT -0.0038 (p=0.005) PCB +0.0019 (p=0.214) placebo share 0.33 | FD DiD +0.0143 (p=0.245) | FD-resid -0.0043 [-0.0070, -0.0017] p=0.0074 11/14 SURVIVES
prewhiten ar1 CCS sts ts_gsr W60   sensitivity            DiD -0.0049 [-0.0086, -0.0015] p=0.0182 neg 12/14 | phase p=0.0040 | DMT -0.0035 (p=0.008) PCB +0.0014 (p=0.325) placebo share 0.29 | FD DiD +0.0191 (p=0.108) | FD-resid -0.0036 [-0.0061, -0.0009] p=0.0233 11/14 SURVIVES
prewhiten ar1 CCS sts ts_gsr W60   early                  DiD -0.0075 [-0.0120, -0.0034] p=0.0029 neg 11/14 | phase p=0.0010 | DMT -0.0053 (p=0.001) PCB +0.0022 (p=0.131) placebo share 0.29 | FD DiD +0.0366 (p=0.010) | FD-resid -0.0058 [-0.0086, -0.0029] p=0.0027 11/14 SURVIVES
prewhiten ar1 CCS sts ts_gsr W60   late                   DiD -0.0042 [-0.0078, -0.0009] p=0.0331 neg 9/14 | phase p=0.0330 | DMT -0.0026 (p=0.081) PCB +0.0016 (p=0.318) placebo share 0.38 | FD DiD -0.0034 (p=0.807) | FD-resid -0.0031 [-0.0062, -0.0002] p=0.0673 8/14 SURVIVES
prewhiten ar1 CCS sts ts_gsr W60   trend_a_placebo_line   DiD -0.0055 [-0.0088, -0.0026] p=0.0033 neg 10/14
prewhiten ar1 CCS sts ts_gsr W60   trend_b_shared_slope   DiD -0.0058 [-0.0091, -0.0029] p=0.0018 neg 12/14
prewhiten ar1 autocorr ts_gsr W60  primary                DiD -0.0196 [-0.0282, -0.0116] p=0.0010 neg 12/14 | phase p=0.0080 | DMT -0.0111 (p=0.005) PCB +0.0085 (p=0.014) placebo share 0.43 | FD DiD +0.0143 (p=0.245) | FD-resid -0.0164 [-0.0229, -0.0093] p=0.0015 12/14 SURVIVES
prewhiten ar1 autocorr ts_gsr W60  sensitivity            DiD -0.0181 [-0.0265, -0.0101] p=0.0013 neg 12/14 | phase p=0.0190 | DMT -0.0117 (p=0.003) PCB +0.0064 (p=0.049) placebo share 0.35 | FD DiD +0.0191 (p=0.108) | FD-resid -0.0146 [-0.0209, -0.0073] p=0.0031 11/14 SURVIVES
prewhiten ar1 autocorr ts_gsr W60  early                  DiD -0.0247 [-0.0323, -0.0172] p=0.0002 neg 13/14 | phase p=0.0010 | DMT -0.0175 (p=0.000) PCB +0.0072 (p=0.019) placebo share 0.29 | FD DiD +0.0366 (p=0.010) | FD-resid -0.0206 [-0.0272, -0.0140] p=0.0004 13/14 SURVIVES
prewhiten ar1 autocorr ts_gsr W60  late                   DiD -0.0156 [-0.0262, -0.0051] p=0.0139 neg 11/14 | phase p=0.0799 | DMT -0.0060 (p=0.142) PCB +0.0096 (p=0.016) placebo share 0.62 | FD DiD -0.0034 (p=0.807) | FD-resid -0.0130 [-0.0209, -0.0042] p=0.0167 11/14 SURVIVES
prewhiten ar1 autocorr ts_gsr W60  trend_a_placebo_line   DiD -0.0198 [-0.0277, -0.0126] p=0.0002 neg 13/14
prewhiten ar1 autocorr ts_gsr W60  trend_b_shared_slope   DiD -0.0208 [-0.0276, -0.0146] p=0.0002 neg 13/14
prewhiten ar1 diag observed sts ts_gsr W60 primary                DiD -0.0620 [-0.0899, -0.0364] p=0.0006 neg 13/14 | phase p=0.0010 | DMT -0.0269 (p=0.017) PCB +0.0351 (p=0.001) placebo share 0.57 | FD DiD +0.0143 (p=0.245) | FD-resid -0.0488 [-0.0702, -0.0264] p=0.0021 13/14 SURVIVES
prewhiten ar1 diag observed sts ts_gsr W60 sensitivity            DiD -0.0580 [-0.0859, -0.0329] p=0.0009 neg 13/14 | phase p=0.0010 | DMT -0.0283 (p=0.012) PCB +0.0297 (p=0.004) placebo share 0.51 | FD DiD +0.0191 (p=0.108) | FD-resid -0.0441 [-0.0649, -0.0220] p=0.0028 13/14 SURVIVES
prewhiten ar1 diag observed sts ts_gsr W60 early                  DiD -0.0730 [-0.1029, -0.0434] p=0.0005 neg 13/14 | phase p=0.0010 | DMT -0.0458 (p=0.001) PCB +0.0272 (p=0.009) placebo share 0.37 | FD DiD +0.0366 (p=0.010) | FD-resid -0.0584 [-0.0849, -0.0328] p=0.0012 13/14 SURVIVES
prewhiten ar1 diag observed sts ts_gsr W60 late                   DiD -0.0532 [-0.0852, -0.0250] p=0.0027 neg 12/14 | phase p=0.0020 | DMT -0.0118 (p=0.314) PCB +0.0415 (p=0.000) placebo share 0.78 | FD DiD -0.0034 (p=0.807) | FD-resid -0.0410 [-0.0637, -0.0162] p=0.0083 12/14 SURVIVES
prewhiten ar1 diag observed sts ts_gsr W60 trend_a_placebo_line   DiD -0.0629 [-0.0892, -0.0398] p=0.0002 neg 13/14
prewhiten ar1 diag observed sts ts_gsr W60 trend_b_shared_slope   DiD -0.0658 [-0.0901, -0.0442] p=0.0002 neg 13/14
prewhiten ar1 diag predicted sts ts_gsr W60 primary                DiD -0.0626 [-0.0907, -0.0367] p=0.0005 neg 13/14 | DMT -0.0280 (p=0.019) PCB +0.0346 (p=0.002) placebo share 0.55 | FD DiD +0.0143 (p=0.245) | FD-resid -0.0501 [-0.0714, -0.0264] p=0.0022 13/14 SURVIVES
prewhiten ar1 diag predicted sts ts_gsr W60 sensitivity            DiD -0.0593 [-0.0867, -0.0335] p=0.0010 neg 13/14 | DMT -0.0297 (p=0.012) PCB +0.0296 (p=0.006) placebo share 0.50 | FD DiD +0.0191 (p=0.108) | FD-resid -0.0461 [-0.0674, -0.0228] p=0.0029 13/14 SURVIVES
prewhiten ar1 diag predicted sts ts_gsr W60 early                  DiD -0.0755 [-0.1047, -0.0477] p=0.0004 neg 13/14 | DMT -0.0478 (p=0.001) PCB +0.0277 (p=0.007) placebo share 0.37 | FD DiD +0.0366 (p=0.010) | FD-resid -0.0611 [-0.0878, -0.0357] p=0.0009 13/14 SURVIVES
prewhiten ar1 diag predicted sts ts_gsr W60 late                   DiD -0.0522 [-0.0864, -0.0212] p=0.0072 neg 11/14 | DMT -0.0121 (p=0.341) PCB +0.0401 (p=0.001) placebo share 0.77 | FD DiD -0.0034 (p=0.807) | FD-resid -0.0413 [-0.0660, -0.0142] p=0.0135 11/14 SURVIVES
prewhiten ar1 diag predicted sts ts_gsr W60 trend_a_placebo_line   DiD -0.0622 [-0.0898, -0.0389] p=0.0002 neg 13/14
prewhiten ar1 diag predicted sts ts_gsr W60 trend_b_shared_slope   DiD -0.0663 [-0.0903, -0.0454] p=0.0002 neg 13/14
prewhiten ar1 diag residual sts ts_gsr W60 primary                DiD +0.0006 [-0.0051, +0.0055] p=0.8635 neg 5/14 | phase p=0.8362 | DMT +0.0011 (p=0.481) PCB +0.0005 (p=0.815) placebo share -0.87 | FD DiD +0.0143 (p=0.245) | FD-resid +0.0013 [-0.0033, +0.0053] p=0.5774 5/14 does NOT survive
prewhiten ar1 diag residual sts ts_gsr W60 sensitivity            DiD +0.0013 [-0.0044, +0.0059] p=0.6805 neg 5/14 | phase p=0.6713 | DMT +0.0014 (p=0.345) PCB +0.0001 (p=0.966) placebo share -0.07 | FD DiD +0.0191 (p=0.108) | FD-resid +0.0020 [-0.0024, +0.0056] p=0.3804 5/14 does NOT survive
prewhiten ar1 diag residual sts ts_gsr W60 early                  DiD +0.0026 [-0.0036, +0.0078] p=0.4104 neg 5/14 | phase p=0.4515 | DMT +0.0020 (p=0.205) PCB -0.0006 (p=0.766) placebo share 0.23 | FD DiD +0.0366 (p=0.010) | FD-resid +0.0027 [-0.0023, +0.0072] p=0.2947 4/14 does NOT survive
prewhiten ar1 diag residual sts ts_gsr W60 late                   DiD -0.0010 [-0.0076, +0.0041] p=0.7716 neg 7/14 | phase p=0.7572 | DMT +0.0003 (p=0.850) PCB +0.0014 (p=0.548) placebo share 1.34 | FD DiD -0.0034 (p=0.807) | FD-resid +0.0002 [-0.0046, +0.0044] p=0.9231 4/14 does NOT survive
prewhiten ar1 diag residual sts ts_gsr W60 trend_a_placebo_line   DiD -0.0006 [-0.0061, +0.0040] p=0.8346 neg 5/14
prewhiten ar1 diag residual sts ts_gsr W60 trend_b_shared_slope   DiD +0.0006 [-0.0045, +0.0048] p=0.8324 neg 6/14
prewhiten ar1 MMI sts ts_gsr global-bins primary                DiD -0.0559 [-0.0877, -0.0280] p=0.0015 neg 13/14 | phase p=0.0010 | DMT -0.0226 (p=0.057) PCB +0.0333 (p=0.002) placebo share 0.60 | FD DiD +0.0143 (p=0.245) | FD-resid -0.0427 [-0.0657, -0.0172] p=0.0066 13/14 SURVIVES
prewhiten ar1 MMI sts ts_gsr global-bins sensitivity            DiD -0.0549 [-0.0870, -0.0270] p=0.0017 neg 13/14 | phase p=0.0010 | DMT -0.0247 (p=0.039) PCB +0.0302 (p=0.004) placebo share 0.55 | FD DiD +0.0174 (p=0.155) | FD-resid -0.0417 [-0.0638, -0.0171] p=0.0067 13/14 SURVIVES
prewhiten ar1 MMI sts ts_gsr global-bins early                  DiD -0.0653 [-0.1001, -0.0335] p=0.0015 neg 13/14 | phase p=0.0010 | DMT -0.0385 (p=0.005) PCB +0.0268 (p=0.008) placebo share 0.41 | FD DiD +0.0366 (p=0.010) | FD-resid -0.0521 [-0.0815, -0.0235] p=0.0054 12/14 SURVIVES
prewhiten ar1 MMI sts ts_gsr global-bins late                   DiD -0.0484 [-0.0827, -0.0183] p=0.0076 neg 12/14 | phase p=0.0020 | DMT -0.0099 (p=0.423) PCB +0.0385 (p=0.001) placebo share 0.80 | FD DiD -0.0034 (p=0.807) | FD-resid -0.0351 [-0.0589, -0.0094] p=0.0236 12/14 SURVIVES
prewhiten ar1 MMI sts ts_gsr global-bins trend_a_placebo_line   DiD -0.0547 [-0.0853, -0.0291] p=0.0009 neg 13/14
prewhiten ar1 MMI sts ts_gsr global-bins trend_b_shared_slope   DiD -0.0572 [-0.0860, -0.0331] p=0.0006 neg 13/14
prewhiten ar1 MMI xtx+yty ts_gsr global-bins primary                DiD -0.0676 [-0.1075, -0.0332] p=0.0017 neg 13/14 | phase p=0.0010 | DMT -0.0282 (p=0.050) PCB +0.0393 (p=0.002) placebo share 0.58 | FD DiD +0.0143 (p=0.245) | FD-resid -0.0503 [-0.0780, -0.0204] p=0.0074 13/14 SURVIVES
prewhiten ar1 MMI xtx+yty ts_gsr global-bins sensitivity            DiD -0.0664 [-0.1065, -0.0322] p=0.0020 neg 13/14 | phase p=0.0010 | DMT -0.0304 (p=0.036) PCB +0.0360 (p=0.005) placebo share 0.54 | FD DiD +0.0174 (p=0.155) | FD-resid -0.0489 [-0.0753, -0.0200] p=0.0072 13/14 SURVIVES
prewhiten ar1 MMI xtx+yty ts_gsr global-bins early                  DiD -0.0745 [-0.1176, -0.0349] p=0.0029 neg 12/14 | phase p=0.0010 | DMT -0.0434 (p=0.008) PCB +0.0311 (p=0.024) placebo share 0.42 | FD DiD +0.0366 (p=0.010) | FD-resid -0.0558 [-0.0908, -0.0217] p=0.0099 10/14 SURVIVES
prewhiten ar1 MMI xtx+yty ts_gsr global-bins late                   DiD -0.0620 [-0.1040, -0.0255] p=0.0043 neg 12/14 | phase p=0.0010 | DMT -0.0161 (p=0.281) PCB +0.0459 (p=0.000) placebo share 0.74 | FD DiD -0.0034 (p=0.807) | FD-resid -0.0460 [-0.0733, -0.0154] p=0.0128 12/14 SURVIVES
prewhiten ar1 MMI xtx+yty ts_gsr global-bins trend_a_placebo_line   DiD -0.0671 [-0.1054, -0.0363] p=0.0006 neg 13/14
prewhiten ar1 MMI xtx+yty ts_gsr global-bins trend_b_shared_slope   DiD -0.0680 [-0.1035, -0.0377] p=0.0007 neg 13/14
prewhiten ar1 CCS sts ts_gsr global-bins primary                DiD +0.0134 [+0.0086, +0.0186] p=0.0005 neg 1/14 | phase p=0.0010 | DMT +0.0091 (p=0.000) PCB -0.0044 (p=0.008) placebo share 0.32 | FD DiD +0.0143 (p=0.245) | FD-resid +0.0106 [+0.0070, +0.0147] p=0.0002 1/14 SURVIVES
prewhiten ar1 CCS sts ts_gsr global-bins sensitivity            DiD +0.0131 [+0.0083, +0.0183] p=0.0005 neg 1/14 | phase p=0.0010 | DMT +0.0092 (p=0.000) PCB -0.0039 (p=0.012) placebo share 0.30 | FD DiD +0.0174 (p=0.155) | FD-resid +0.0105 [+0.0069, +0.0146] p=0.0002 1/14 SURVIVES
prewhiten ar1 CCS sts ts_gsr global-bins early                  DiD +0.0124 [+0.0082, +0.0170] p=0.0002 neg 1/14 | phase p=0.0010 | DMT +0.0114 (p=0.000) PCB -0.0010 (p=0.391) placebo share 0.08 | FD DiD +0.0366 (p=0.010) | FD-resid +0.0110 [+0.0072, +0.0153] p=0.0002 1/14 SURVIVES
prewhiten ar1 CCS sts ts_gsr global-bins late                   DiD +0.0143 [+0.0084, +0.0203] p=0.0006 neg 1/14 | phase p=0.0010 | DMT +0.0072 (p=0.001) PCB -0.0071 (p=0.003) placebo share 0.50 | FD DiD -0.0034 (p=0.807) | FD-resid +0.0102 [+0.0062, +0.0144] p=0.0004 1/14 SURVIVES
prewhiten ar1 CCS sts ts_gsr global-bins trend_a_placebo_line   DiD +0.0156 [+0.0105, +0.0207] p=0.0004 neg 1/14
prewhiten ar1 CCS sts ts_gsr global-bins trend_b_shared_slope   DiD +0.0154 [+0.0107, +0.0203] p=0.0001 neg 0/14
prewhiten ar1 autocorr ts_gsr global-bins primary                DiD -0.3164 [-0.4257, -0.2157] p=0.0004 neg 13/14 | phase p=0.0010 | DMT -0.2419 (p=0.000) PCB +0.0745 (p=0.005) placebo share 0.24 | FD DiD +0.0143 (p=0.245) | FD-resid -0.2556 [-0.3535, -0.1688] p=0.0002 13/14 SURVIVES
prewhiten ar1 autocorr ts_gsr global-bins sensitivity            DiD -0.3128 [-0.4236, -0.2145] p=0.0004 neg 13/14 | phase p=0.0010 | DMT -0.2481 (p=0.000) PCB +0.0647 (p=0.011) placebo share 0.21 | FD DiD +0.0174 (p=0.155) | FD-resid -0.2555 [-0.3542, -0.1711] p=0.0002 13/14 SURVIVES
prewhiten ar1 autocorr ts_gsr global-bins early                  DiD -0.3284 [-0.4236, -0.2372] p=0.0002 neg 13/14 | phase p=0.0010 | DMT -0.3194 (p=0.000) PCB +0.0090 (p=0.666) placebo share 0.03 | FD DiD +0.0366 (p=0.010) | FD-resid -0.2912 [-0.3986, -0.1968] p=0.0002 13/14 SURVIVES
prewhiten ar1 autocorr ts_gsr global-bins late                   DiD -0.3067 [-0.4335, -0.1889] p=0.0006 neg 13/14 | phase p=0.0010 | DMT -0.1798 (p=0.002) PCB +0.1269 (p=0.001) placebo share 0.41 | FD DiD -0.0034 (p=0.807) | FD-resid -0.2272 [-0.3232, -0.1356] p=0.0002 13/14 SURVIVES
prewhiten ar1 autocorr ts_gsr global-bins trend_a_placebo_line   DiD -0.3637 [-0.4761, -0.2586] p=0.0001 neg 14/14
prewhiten ar1 autocorr ts_gsr global-bins trend_b_shared_slope   DiD -0.3819 [-0.4885, -0.2814] p=0.0001 neg 14/14
   ar1 ts_demean: whitened (950s); orders: p=1: 3220, p=2: 0, p=3: 0, p=4: 0, p=5: 0
   ar1 ts_demean: subject 1/14 done (968s)
   ar1 ts_demean: subject 2/14 done (986s)
   ar1 ts_demean: subject 3/14 done (1003s)
   ar1 ts_demean: subject 4/14 done (1021s)
   ar1 ts_demean: subject 5/14 done (1038s)
   ar1 ts_demean: subject 6/14 done (1056s)
   ar1 ts_demean: subject 7/14 done (1074s)
   ar1 ts_demean: subject 8/14 done (1092s)
   ar1 ts_demean: subject 9/14 done (1110s)
   ar1 ts_demean: subject 10/14 done (1127s)
   ar1 ts_demean: subject 11/14 done (1145s)
   ar1 ts_demean: subject 12/14 done (1162s)
   ar1 ts_demean: subject 13/14 done (1179s)
   ar1 ts_demean: subject 14/14 done (1197s)
prewhiten ar1 MMI sts ts_demean W60 primary                DiD -0.0784 [-0.1070, -0.0501] p=0.0004 neg 13/14 | phase p=0.0010 | DMT -0.0392 (p=0.018) PCB +0.0391 (p=0.003) placebo share 0.50 | FD DiD +0.0143 (p=0.245) | FD-resid -0.0631 [-0.0863, -0.0381] p=0.0007 13/14 SURVIVES
prewhiten ar1 MMI sts ts_demean W60 sensitivity            DiD -0.0715 [-0.0998, -0.0442] p=0.0005 neg 12/14 | phase p=0.0010 | DMT -0.0391 (p=0.014) PCB +0.0324 (p=0.010) placebo share 0.45 | FD DiD +0.0191 (p=0.108) | FD-resid -0.0561 [-0.0786, -0.0312] p=0.0017 12/14 SURVIVES
prewhiten ar1 MMI sts ts_demean W60 early                  DiD -0.0845 [-0.1149, -0.0543] p=0.0005 neg 13/14 | phase p=0.0010 | DMT -0.0578 (p=0.003) PCB +0.0267 (p=0.014) placebo share 0.32 | FD DiD +0.0366 (p=0.010) | FD-resid -0.0713 [-0.0969, -0.0459] p=0.0005 13/14 SURVIVES
prewhiten ar1 MMI sts ts_demean W60 late                   DiD -0.0734 [-0.1088, -0.0412] p=0.0013 neg 11/14 | phase p=0.0010 | DMT -0.0244 (p=0.137) PCB +0.0491 (p=0.002) placebo share 0.67 | FD DiD -0.0034 (p=0.807) | FD-resid -0.0566 [-0.0850, -0.0263] p=0.0050 12/14 SURVIVES
prewhiten ar1 MMI sts ts_demean W60 trend_a_placebo_line   DiD -0.0815 [-0.1129, -0.0526] p=0.0002 neg 13/14
prewhiten ar1 MMI sts ts_demean W60 trend_b_shared_slope   DiD -0.0802 [-0.1119, -0.0516] p=0.0004 neg 13/14
prewhiten ar1 MMI xtx+yty ts_demean W60 primary                DiD -0.1259 [-0.1707, -0.0805] p=0.0002 neg 13/14 | phase p=0.0010 | DMT -0.0681 (p=0.012) PCB +0.0577 (p=0.004) placebo share 0.46 | FD DiD +0.0143 (p=0.245) | FD-resid -0.1039 [-0.1449, -0.0632] p=0.0006 13/14 SURVIVES
prewhiten ar1 MMI xtx+yty ts_demean W60 sensitivity            DiD -0.1128 [-0.1563, -0.0681] p=0.0004 neg 13/14 | phase p=0.0010 | DMT -0.0655 (p=0.011) PCB +0.0473 (p=0.010) placebo share 0.42 | FD DiD +0.0191 (p=0.108) | FD-resid -0.0905 [-0.1289, -0.0517] p=0.0009 13/14 SURVIVES
prewhiten ar1 MMI xtx+yty ts_demean W60 early                  DiD -0.1283 [-0.1727, -0.0839] p=0.0002 neg 13/14 | phase p=0.0010 | DMT -0.0867 (p=0.003) PCB +0.0415 (p=0.012) placebo share 0.32 | FD DiD +0.0366 (p=0.010) | FD-resid -0.1089 [-0.1495, -0.0695] p=0.0004 13/14 SURVIVES
prewhiten ar1 MMI xtx+yty ts_demean W60 late                   DiD -0.1239 [-0.1795, -0.0704] p=0.0011 neg 11/14 | phase p=0.0010 | DMT -0.0532 (p=0.054) PCB +0.0707 (p=0.002) placebo share 0.57 | FD DiD -0.0034 (p=0.807) | FD-resid -0.0998 [-0.1523, -0.0481] p=0.0033 12/14 SURVIVES
prewhiten ar1 MMI xtx+yty ts_demean W60 trend_a_placebo_line   DiD -0.1279 [-0.1743, -0.0828] p=0.0002 neg 13/14
prewhiten ar1 MMI xtx+yty ts_demean W60 trend_b_shared_slope   DiD -0.1213 [-0.1681, -0.0746] p=0.0004 neg 13/14
prewhiten ar1 CCS sts ts_demean W60 primary                DiD +0.0035 [-0.0044, +0.0130] p=0.5170 neg 5/14 | phase p=0.3477 | DMT +0.0035 (p=0.477) PCB -0.0000 (p=0.984) placebo share 0.01 | FD DiD +0.0143 (p=0.245) | FD-resid +0.0055 [-0.0009, +0.0131] p=0.1704 6/14 does NOT survive
prewhiten ar1 CCS sts ts_demean W60 sensitivity            DiD +0.0029 [-0.0045, +0.0116] p=0.5889 neg 7/14 | phase p=0.4396 | DMT +0.0030 (p=0.528) PCB +0.0001 (p=0.948) placebo share -0.05 | FD DiD +0.0191 (p=0.108) | FD-resid +0.0049 [-0.0011, +0.0118] p=0.1902 6/14 does NOT survive
prewhiten ar1 CCS sts ts_demean W60 early                  DiD -0.0007 [-0.0085, +0.0077] p=0.8812 neg 7/14 | phase p=0.8921 | DMT -0.0002 (p=0.961) PCB +0.0005 (p=0.789) placebo share 0.70 | FD DiD +0.0366 (p=0.010) | FD-resid +0.0014 [-0.0035, +0.0068] p=0.6172 7/14 does NOT survive
prewhiten ar1 CCS sts ts_demean W60 late                   DiD +0.0068 [-0.0033, +0.0187] p=0.2977 neg 7/14 | phase p=0.0839 | DMT +0.0064 (p=0.210) PCB -0.0004 (p=0.822) placebo share 0.07 | FD DiD -0.0034 (p=0.807) | FD-resid +0.0087 [-0.0005, +0.0195] p=0.1324 6/14 does NOT survive
prewhiten ar1 CCS sts ts_demean W60 trend_a_placebo_line   DiD +0.0035 [-0.0045, +0.0133] p=0.5133 neg 6/14
prewhiten ar1 CCS sts ts_demean W60 trend_b_shared_slope   DiD +0.0014 [-0.0056, +0.0104] p=0.7903 neg 8/14
prewhiten ar1 autocorr ts_demean W60 primary                DiD -0.0276 [-0.0370, -0.0182] p=0.0004 neg 13/14 | phase p=0.0070 | DMT -0.0139 (p=0.014) PCB +0.0137 (p=0.005) placebo share 0.50 | FD DiD +0.0143 (p=0.245) | FD-resid -0.0221 [-0.0297, -0.0134] p=0.0012 12/14 SURVIVES
prewhiten ar1 autocorr ts_demean W60 sensitivity            DiD -0.0241 [-0.0334, -0.0145] p=0.0006 neg 12/14 | phase p=0.0220 | DMT -0.0131 (p=0.015) PCB +0.0110 (p=0.014) placebo share 0.46 | FD DiD +0.0191 (p=0.108) | FD-resid -0.0190 [-0.0264, -0.0100] p=0.0017 12/14 SURVIVES
prewhiten ar1 autocorr ts_demean W60 early                  DiD -0.0293 [-0.0395, -0.0198] p=0.0001 neg 14/14 | phase p=0.0090 | DMT -0.0187 (p=0.004) PCB +0.0107 (p=0.007) placebo share 0.36 | FD DiD +0.0366 (p=0.010) | FD-resid -0.0253 [-0.0318, -0.0186] p=0.0002 13/14 SURVIVES
prewhiten ar1 autocorr ts_demean W60 late                   DiD -0.0262 [-0.0383, -0.0142] p=0.0020 neg 12/14 | phase p=0.0340 | DMT -0.0101 (p=0.074) PCB +0.0161 (p=0.004) placebo share 0.61 | FD DiD -0.0034 (p=0.807) | FD-resid -0.0196 [-0.0309, -0.0073] p=0.0112 12/14 SURVIVES
prewhiten ar1 autocorr ts_demean W60 trend_a_placebo_line   DiD -0.0275 [-0.0378, -0.0176] p=0.0004 neg 13/14
prewhiten ar1 autocorr ts_demean W60 trend_b_shared_slope   DiD -0.0256 [-0.0354, -0.0160] p=0.0004 neg 13/14
prewhiten ar1 diag observed sts ts_demean W60 primary                DiD -0.0784 [-0.1070, -0.0501] p=0.0004 neg 13/14 | phase p=0.0010 | DMT -0.0392 (p=0.018) PCB +0.0391 (p=0.003) placebo share 0.50 | FD DiD +0.0143 (p=0.245) | FD-resid -0.0631 [-0.0863, -0.0381] p=0.0007 13/14 SURVIVES
prewhiten ar1 diag observed sts ts_demean W60 sensitivity            DiD -0.0715 [-0.0998, -0.0442] p=0.0005 neg 12/14 | phase p=0.0010 | DMT -0.0391 (p=0.014) PCB +0.0324 (p=0.010) placebo share 0.45 | FD DiD +0.0191 (p=0.108) | FD-resid -0.0561 [-0.0786, -0.0312] p=0.0017 12/14 SURVIVES
prewhiten ar1 diag observed sts ts_demean W60 early                  DiD -0.0845 [-0.1149, -0.0543] p=0.0005 neg 13/14 | phase p=0.0010 | DMT -0.0578 (p=0.003) PCB +0.0267 (p=0.014) placebo share 0.32 | FD DiD +0.0366 (p=0.010) | FD-resid -0.0713 [-0.0969, -0.0459] p=0.0005 13/14 SURVIVES
prewhiten ar1 diag observed sts ts_demean W60 late                   DiD -0.0734 [-0.1088, -0.0412] p=0.0013 neg 11/14 | phase p=0.0010 | DMT -0.0244 (p=0.137) PCB +0.0491 (p=0.002) placebo share 0.67 | FD DiD -0.0034 (p=0.807) | FD-resid -0.0566 [-0.0850, -0.0263] p=0.0050 12/14 SURVIVES
prewhiten ar1 diag observed sts ts_demean W60 trend_a_placebo_line   DiD -0.0815 [-0.1129, -0.0526] p=0.0002 neg 13/14
prewhiten ar1 diag observed sts ts_demean W60 trend_b_shared_slope   DiD -0.0802 [-0.1119, -0.0516] p=0.0004 neg 13/14
prewhiten ar1 diag predicted sts ts_demean W60 primary                DiD -0.0867 [-0.1180, -0.0549] p=0.0004 neg 13/14 | DMT -0.0425 (p=0.026) PCB +0.0442 (p=0.003) placebo share 0.51 | FD DiD +0.0143 (p=0.245) | FD-resid -0.0709 [-0.0963, -0.0412] p=0.0012 13/14 SURVIVES
prewhiten ar1 diag predicted sts ts_demean W60 sensitivity            DiD -0.0781 [-0.1100, -0.0469] p=0.0005 neg 12/14 | DMT -0.0401 (p=0.027) PCB +0.0380 (p=0.008) placebo share 0.49 | FD DiD +0.0191 (p=0.108) | FD-resid -0.0627 [-0.0880, -0.0339] p=0.0020 12/14 SURVIVES
prewhiten ar1 diag predicted sts ts_demean W60 early                  DiD -0.0901 [-0.1206, -0.0587] p=0.0004 neg 13/14 | DMT -0.0589 (p=0.005) PCB +0.0312 (p=0.011) placebo share 0.35 | FD DiD +0.0366 (p=0.010) | FD-resid -0.0790 [-0.1041, -0.0526] p=0.0002 13/14 SURVIVES
prewhiten ar1 diag predicted sts ts_demean W60 late                   DiD -0.0841 [-0.1240, -0.0457] p=0.0015 neg 12/14 | DMT -0.0294 (p=0.135) PCB +0.0546 (p=0.002) placebo share 0.65 | FD DiD -0.0034 (p=0.807) | FD-resid -0.0645 [-0.1005, -0.0274] p=0.0066 12/14 SURVIVES
prewhiten ar1 diag predicted sts ts_demean W60 trend_a_placebo_line   DiD -0.0880 [-0.1231, -0.0557] p=0.0005 neg 13/14
prewhiten ar1 diag predicted sts ts_demean W60 trend_b_shared_slope   DiD -0.0851 [-0.1189, -0.0525] p=0.0005 neg 13/14
prewhiten ar1 diag residual sts ts_demean W60 primary                DiD +0.0084 [+0.0007, +0.0174] p=0.0621 neg 4/14 | phase p=0.1129 | DMT +0.0033 (p=0.462) PCB -0.0051 (p=0.133) placebo share 0.60 | FD DiD +0.0143 (p=0.245) | FD-resid +0.0078 [+0.0009, +0.0155] p=0.0554 4/14 SURVIVES
prewhiten ar1 diag residual sts ts_demean W60 sensitivity            DiD +0.0066 [-0.0012, +0.0158] p=0.1774 neg 5/14 | phase p=0.2268 | DMT +0.0010 (p=0.818) PCB -0.0056 (p=0.133) placebo share 0.85 | FD DiD +0.0191 (p=0.108) | FD-resid +0.0066 [-0.0004, +0.0141] p=0.1066 5/14 does NOT survive
prewhiten ar1 diag residual sts ts_demean W60 early                  DiD +0.0056 [-0.0018, +0.0138] p=0.2045 neg 5/14 | phase p=0.4006 | DMT +0.0011 (p=0.799) PCB -0.0045 (p=0.092) placebo share 0.80 | FD DiD +0.0366 (p=0.010) | FD-resid +0.0077 [+0.0007, +0.0148] p=0.0576 4/14 SURVIVES
prewhiten ar1 diag residual sts ts_demean W60 late                   DiD +0.0106 [+0.0008, +0.0219] p=0.0830 neg 4/14 | phase p=0.0689 | DMT +0.0051 (p=0.300) PCB -0.0055 (p=0.229) placebo share 0.52 | FD DiD -0.0034 (p=0.807) | FD-resid +0.0079 [-0.0012, +0.0181] p=0.1539 5/14 does NOT survive
prewhiten ar1 diag residual sts ts_demean W60 trend_a_placebo_line   DiD +0.0065 [-0.0007, +0.0155] p=0.1510 neg 4/14
prewhiten ar1 diag residual sts ts_demean W60 trend_b_shared_slope   DiD +0.0049 [-0.0020, +0.0135] p=0.2882 neg 6/14
prewhiten ar1 MMI sts ts_demean global-bins primary                DiD -0.0871 [-0.1289, -0.0454] p=0.0020 neg 13/14 | phase p=0.0010 | DMT -0.0446 (p=0.054) PCB +0.0426 (p=0.004) placebo share 0.49 | FD DiD +0.0143 (p=0.245) | FD-resid -0.0728 [-0.1116, -0.0321] p=0.0048 12/14 SURVIVES
prewhiten ar1 MMI sts ts_demean global-bins sensitivity            DiD -0.0858 [-0.1268, -0.0441] p=0.0021 neg 13/14 | phase p=0.0010 | DMT -0.0459 (p=0.047) PCB +0.0399 (p=0.007) placebo share 0.46 | FD DiD +0.0174 (p=0.155) | FD-resid -0.0710 [-0.1101, -0.0314] p=0.0052 12/14 SURVIVES
prewhiten ar1 MMI sts ts_demean global-bins early                  DiD -0.0900 [-0.1300, -0.0483] p=0.0020 neg 12/14 | phase p=0.0010 | DMT -0.0629 (p=0.013) PCB +0.0271 (p=0.034) placebo share 0.30 | FD DiD +0.0366 (p=0.010) | FD-resid -0.0771 [-0.1142, -0.0398] p=0.0024 13/14 SURVIVES
prewhiten ar1 MMI sts ts_demean global-bins late                   DiD -0.0849 [-0.1370, -0.0366] p=0.0045 neg 12/14 | phase p=0.0020 | DMT -0.0300 (p=0.215) PCB +0.0549 (p=0.002) placebo share 0.65 | FD DiD -0.0034 (p=0.807) | FD-resid -0.0692 [-0.1179, -0.0240] p=0.0150 12/14 SURVIVES
prewhiten ar1 MMI sts ts_demean global-bins trend_a_placebo_line   DiD -0.0887 [-0.1324, -0.0476] p=0.0017 neg 12/14
prewhiten ar1 MMI sts ts_demean global-bins trend_b_shared_slope   DiD -0.0883 [-0.1317, -0.0442] p=0.0029 neg 12/14
prewhiten ar1 MMI xtx+yty ts_demean global-bins primary                DiD -0.1262 [-0.1871, -0.0667] p=0.0017 neg 12/14 | phase p=0.0010 | DMT -0.0744 (p=0.030) PCB +0.0518 (p=0.006) placebo share 0.41 | FD DiD +0.0143 (p=0.245) | FD-resid -0.1077 [-0.1672, -0.0495] p=0.0033 12/14 SURVIVES
prewhiten ar1 MMI xtx+yty ts_demean global-bins sensitivity            DiD -0.1243 [-0.1838, -0.0658] p=0.0018 neg 12/14 | phase p=0.0010 | DMT -0.0746 (p=0.027) PCB +0.0497 (p=0.009) placebo share 0.40 | FD DiD +0.0174 (p=0.155) | FD-resid -0.1050 [-0.1647, -0.0484] p=0.0038 12/14 SURVIVES
prewhiten ar1 MMI xtx+yty ts_demean global-bins early                  DiD -0.1247 [-0.1843, -0.0668] p=0.0015 neg 12/14 | phase p=0.0010 | DMT -0.0913 (p=0.011) PCB +0.0334 (p=0.049) placebo share 0.27 | FD DiD +0.0366 (p=0.010) | FD-resid -0.1048 [-0.1602, -0.0545] p=0.0022 11/14 SURVIVES
prewhiten ar1 MMI xtx+yty ts_demean global-bins late                   DiD -0.1274 [-0.2025, -0.0592] p=0.0028 neg 12/14 | phase p=0.0010 | DMT -0.0609 (p=0.097) PCB +0.0665 (p=0.002) placebo share 0.52 | FD DiD -0.0034 (p=0.807) | FD-resid -0.1100 [-0.1840, -0.0442] p=0.0093 12/14 SURVIVES
prewhiten ar1 MMI xtx+yty ts_demean global-bins trend_a_placebo_line   DiD -0.1261 [-0.1861, -0.0685] p=0.0017 neg 13/14
prewhiten ar1 MMI xtx+yty ts_demean global-bins trend_b_shared_slope   DiD -0.1234 [-0.1835, -0.0631] p=0.0026 neg 13/14
prewhiten ar1 CCS sts ts_demean global-bins primary                DiD +0.0204 [+0.0121, +0.0298] p=0.0004 neg 1/14 | phase p=0.0010 | DMT +0.0148 (p=0.000) PCB -0.0056 (p=0.009) placebo share 0.27 | FD DiD +0.0143 (p=0.245) | FD-resid +0.0170 [+0.0095, +0.0260] p=0.0001 0/14 SURVIVES
prewhiten ar1 CCS sts ts_demean global-bins sensitivity            DiD +0.0200 [+0.0119, +0.0293] p=0.0002 neg 1/14 | phase p=0.0010 | DMT +0.0150 (p=0.000) PCB -0.0050 (p=0.017) placebo share 0.25 | FD DiD +0.0174 (p=0.155) | FD-resid +0.0170 [+0.0097, +0.0256] p=0.0001 0/14 SURVIVES
prewhiten ar1 CCS sts ts_demean global-bins early                  DiD +0.0185 [+0.0126, +0.0254] p=0.0001 neg 0/14 | phase p=0.0010 | DMT +0.0167 (p=0.000) PCB -0.0018 (p=0.354) placebo share 0.10 | FD DiD +0.0366 (p=0.010) | FD-resid +0.0175 [+0.0108, +0.0259] p=0.0001 0/14 SURVIVES
prewhiten ar1 CCS sts ts_demean global-bins late                   DiD +0.0219 [+0.0114, +0.0340] p=0.0011 neg 2/14 | phase p=0.0010 | DMT +0.0133 (p=0.003) PCB -0.0086 (p=0.005) placebo share 0.39 | FD DiD -0.0034 (p=0.807) | FD-resid +0.0167 [+0.0081, +0.0263] p=0.0004 1/14 SURVIVES
prewhiten ar1 CCS sts ts_demean global-bins trend_a_placebo_line   DiD +0.0234 [+0.0147, +0.0333] p=0.0001 neg 0/14
prewhiten ar1 CCS sts ts_demean global-bins trend_b_shared_slope   DiD +0.0220 [+0.0147, +0.0301] p=0.0001 neg 0/14
prewhiten ar1 autocorr ts_demean global-bins primary                DiD -0.2412 [-0.3762, -0.1251] p=0.0013 neg 13/14 | phase p=0.0010 | DMT -0.1751 (p=0.003) PCB +0.0661 (p=0.078) placebo share 0.27 | FD DiD +0.0143 (p=0.245) | FD-resid -0.1799 [-0.2981, -0.0818] p=0.0024 11/14 SURVIVES
prewhiten ar1 autocorr ts_demean global-bins sensitivity            DiD -0.2353 [-0.3704, -0.1187] p=0.0016 neg 13/14 | phase p=0.0010 | DMT -0.1821 (p=0.003) PCB +0.0533 (p=0.133) placebo share 0.23 | FD DiD +0.0174 (p=0.155) | FD-resid -0.1805 [-0.3001, -0.0816] p=0.0026 12/14 SURVIVES
prewhiten ar1 autocorr ts_demean global-bins early                  DiD -0.2554 [-0.3849, -0.1342] p=0.0020 neg 10/14 | phase p=0.0010 | DMT -0.2482 (p=0.001) PCB +0.0072 (p=0.844) placebo share 0.03 | FD DiD +0.0366 (p=0.010) | FD-resid -0.2350 [-0.3549, -0.1282] p=0.0010 11/14 SURVIVES
prewhiten ar1 autocorr ts_demean global-bins late                   DiD -0.2299 [-0.3901, -0.0992] p=0.0040 neg 12/14 | phase p=0.0020 | DMT -0.1167 (p=0.057) PCB +0.1132 (p=0.016) placebo share 0.49 | FD DiD -0.0034 (p=0.807) | FD-resid -0.1359 [-0.2674, -0.0216] p=0.0394 11/14 SURVIVES
prewhiten ar1 autocorr ts_demean global-bins trend_a_placebo_line   DiD -0.2881 [-0.4201, -0.1779] p=0.0002 neg 13/14
prewhiten ar1 autocorr ts_demean global-bins trend_b_shared_slope   DiD -0.3074 [-0.4401, -0.1976] p=0.0001 neg 14/14
# The atoms and the DMT contrast after prewhitening (partB16_prewhiten.py)
git=c25a310

Whitening per region and run: 'arp' = residuals of the region's AR(p) fit, p by BIC over 1–5; 'ar1' = p = 1. The first p TRs of each run are dropped (non-finite). Atoms as partB2_ccs_run.py (MMI: PairPhiID.atoms_mean / atoms_bins; CCS: atoms_ccs, phyid's mask); inference as the primary (rev_inference.Engine, seed 20261120); the diagnostic as partB4 (per-pair AR(1) prediction from the whitened window's a_x, a_y, q). Level = DMT pre-injection (windows 1–4; bins 1–8); DiD = post minus pre, DMT minus placebo.

## arp ts_gsr W60: sixteen atoms, DMT pre-injection level and primary DiD, MMI and CCS (nats)

| atom | MMI level | MMI DiD (neg/14) | CCS level | CCS DiD (neg/14) |
|---|---|---|---|---|
| rtr | +0.0172 | +0.0012 (6) | +0.0262 | +0.0017 (6) |
| rtx | +0.0212 | +0.0022 (4) | +0.0071 | +0.0003 (6) |
| rty | +0.0213 | +0.0015 (2) | +0.0073 | -0.0003 (8) |
| rts | +0.0857 | -0.0073 (7) | -0.0121 | -0.0007 (8) |
| xtr | +0.0226 | +0.0028 (3) | +0.0093 | +0.0009 (4) |
| xtx | +0.1034 | -0.0236 (8) | +0.1218 | -0.0203 (8) |
| xty | +0.0114 | +0.0029 (5) | +0.0297 | +0.0062 (2) |
| xts | -0.0393 | +0.0074 (7) | +0.0543 | -0.0007 (6) |
| ytr | +0.0232 | +0.0013 (5) | +0.0097 | -0.0002 (6) |
| ytx | +0.0113 | +0.0028 (5) | +0.0299 | +0.0057 (2) |
| yty | +0.1026 | -0.0179 (9) | +0.1211 | -0.0149 (8) |
| yts | -0.0394 | +0.0099 (7) | +0.0539 | +0.0022 (6) |
| str | +0.0882 | -0.0068 (7) | -0.0093 | -0.0002 (6) |
| stx | -0.0362 | +0.0075 (7) | +0.0562 | -0.0005 (7) |
| sty | -0.0372 | +0.0102 (7) | +0.0553 | +0.0023 (6) |
| sts | +0.2202 | -0.0262 (8) | +0.0159 | -0.0135 (11) |
| TDMI (sum) | +0.5762 | -0.0321 | +0.5762 | -0.0321 |

Whitened series: mean lag-1 autocorrelation, DMT pre-injection +0.2625; its DiD -0.0544 (raw series -0.0146); per subject r(MMI sts DiD, whitened autocorrelation DiD) = +0.495; r(MMI sts DiD, raw autocorrelation DiD) = +0.552; r(MMI sts DiD whitened, MMI sts DiD raw) = +0.473; raw MMI sts DiD -0.0809.
Diagnostic on the whitened series (W = 60): observed sts level 0.2766, predicted 0.2426, residual +0.0341; DiD observed -0.0262, predicted -0.0192, residual -0.0070 (negative in 8/14).

## arp ts_gsr global-bins: sixteen atoms, DMT pre-injection level and primary DiD, MMI and CCS (nats)

| atom | MMI level | MMI DiD (neg/14) | CCS level | CCS DiD (neg/14) |
|---|---|---|---|---|
| rtr | +0.0074 | +0.0007 (8) | +0.0089 | -0.0017 (10) |
| rtx | +0.0079 | -0.0025 (11) | +0.0009 | -0.0004 (5) |
| rty | +0.0080 | -0.0015 (9) | +0.0010 | -0.0003 (8) |
| rts | +0.0350 | -0.0093 (8) | -0.0199 | -0.0002 (5) |
| xtr | +0.0071 | -0.0019 (11) | +0.0054 | -0.0006 (8) |
| xtx | +0.0412 | -0.0325 (11) | +0.0485 | -0.0336 (10) |
| xty | +0.0187 | +0.0079 (2) | +0.0261 | +0.0079 (1) |
| xts | -0.0105 | +0.0057 (6) | +0.0441 | -0.0044 (10) |
| ytr | +0.0078 | -0.0017 (10) | +0.0059 | -0.0009 (10) |
| ytx | +0.0187 | +0.0079 (3) | +0.0262 | +0.0072 (2) |
| yty | +0.0380 | -0.0268 (9) | +0.0455 | -0.0264 (9) |
| yts | -0.0109 | +0.0083 (6) | +0.0436 | -0.0023 (10) |
| str | +0.0370 | -0.0085 (8) | -0.0139 | +0.0019 (5) |
| stx | -0.0051 | +0.0067 (7) | +0.0403 | -0.0040 (10) |
| sty | -0.0058 | +0.0094 (7) | +0.0395 | -0.0023 (9) |
| sts | +0.1042 | -0.0264 (8) | -0.0030 | -0.0045 (7) |
| TDMI (sum) | +0.2989 | -0.0646 | +0.2989 | -0.0646 |

Whitened series: mean lag-1 autocorrelation, DMT pre-injection +0.2831; its DiD -0.2044 (raw series -0.4580); per subject r(MMI sts DiD, whitened autocorrelation DiD) = +0.362; r(MMI sts DiD, raw autocorrelation DiD) = +0.508; r(MMI sts DiD whitened, MMI sts DiD raw) = +0.457; raw MMI sts DiD -0.0801.

Chosen AR orders (arp ts_gsr), count over 115 regions × 28 runs: p = 1: 0, p = 2: 0, p = 3: 0, p = 4: 2, p = 5: 3218.

## arp ts_demean W60: sixteen atoms, DMT pre-injection level and primary DiD, MMI and CCS (nats)

| atom | MMI level | MMI DiD (neg/14) | CCS level | CCS DiD (neg/14) |
|---|---|---|---|---|
| rtr | +0.0193 | +0.0033 (7) | +0.0314 | +0.0091 (6) |
| rtx | +0.0221 | +0.0051 (6) | +0.0058 | -0.0002 (8) |
| rty | +0.0221 | +0.0009 (7) | +0.0056 | -0.0037 (9) |
| rts | +0.0816 | -0.0084 (8) | -0.0143 | -0.0004 (5) |
| xtr | +0.0240 | +0.0030 (6) | +0.0090 | -0.0019 (7) |
| xtx | +0.0939 | -0.0188 (9) | +0.1131 | -0.0144 (8) |
| xty | +0.0109 | +0.0011 (7) | +0.0304 | +0.0049 (4) |
| xts | -0.0374 | +0.0081 (6) | +0.0557 | +0.0010 (9) |
| ytr | +0.0237 | +0.0046 (6) | +0.0081 | -0.0004 (9) |
| ytx | +0.0110 | -0.0022 (8) | +0.0309 | +0.0022 (4) |
| yty | +0.0940 | -0.0176 (7) | +0.1142 | -0.0138 (7) |
| yts | -0.0347 | +0.0067 (6) | +0.0577 | -0.0004 (6) |
| str | +0.0839 | -0.0075 (8) | -0.0106 | +0.0010 (5) |
| stx | -0.0324 | +0.0063 (7) | +0.0578 | -0.0016 (9) |
| sty | -0.0310 | +0.0098 (6) | +0.0591 | +0.0025 (6) |
| sts | +0.2350 | -0.0274 (9) | +0.0324 | -0.0168 (10) |
| TDMI (sum) | +0.5860 | -0.0329 | +0.5860 | -0.0329 |

Whitened series: mean lag-1 autocorrelation, DMT pre-injection +0.2583; its DiD -0.0418 (raw series -0.0216); per subject r(MMI sts DiD, whitened autocorrelation DiD) = +0.429; r(MMI sts DiD, raw autocorrelation DiD) = +0.426; r(MMI sts DiD whitened, MMI sts DiD raw) = +0.353; raw MMI sts DiD -0.1031.
Diagnostic on the whitened series (W = 60): observed sts level 0.2822, predicted 0.2246, residual +0.0576; DiD observed -0.0274, predicted -0.0132, residual -0.0143 (negative in 9/14).

## arp ts_demean global-bins: sixteen atoms, DMT pre-injection level and primary DiD, MMI and CCS (nats)

| atom | MMI level | MMI DiD (neg/14) | CCS level | CCS DiD (neg/14) |
|---|---|---|---|---|
| rtr | +0.0072 | +0.0039 (5) | +0.0135 | -0.0016 (6) |
| rtx | +0.0072 | +0.0007 (9) | +0.0007 | +0.0025 (8) |
| rty | +0.0086 | -0.0013 (9) | +0.0009 | +0.0014 (7) |
| rts | +0.0410 | -0.0098 (8) | -0.0141 | -0.0009 (7) |
| xtr | +0.0083 | -0.0014 (9) | +0.0062 | +0.0003 (7) |
| xtx | +0.0504 | -0.0219 (9) | +0.0526 | -0.0199 (7) |
| xty | +0.0185 | +0.0027 (5) | +0.0220 | +0.0038 (4) |
| xts | -0.0168 | +0.0083 (7) | +0.0425 | -0.0044 (12) |
| ytr | +0.0069 | +0.0023 (7) | +0.0051 | +0.0025 (5) |
| ytx | +0.0195 | -0.0008 (5) | +0.0215 | +0.0027 (4) |
| yty | +0.0459 | -0.0168 (8) | +0.0492 | -0.0142 (7) |
| yts | -0.0146 | +0.0079 (6) | +0.0450 | -0.0063 (11) |
| str | +0.0418 | -0.0100 (8) | -0.0103 | -0.0008 (6) |
| stx | -0.0117 | +0.0077 (7) | +0.0403 | -0.0053 (11) |
| sty | -0.0118 | +0.0124 (6) | +0.0389 | +0.0003 (11) |
| sts | +0.1306 | -0.0264 (8) | +0.0171 | -0.0028 (7) |
| TDMI (sum) | +0.3308 | -0.0426 | +0.3308 | -0.0426 |

Whitened series: mean lag-1 autocorrelation, DMT pre-injection +0.2703; its DiD -0.1448 (raw series -0.3846); per subject r(MMI sts DiD, whitened autocorrelation DiD) = +0.075; r(MMI sts DiD, raw autocorrelation DiD) = +0.459; r(MMI sts DiD whitened, MMI sts DiD raw) = +0.602; raw MMI sts DiD -0.1035.

Chosen AR orders (arp ts_demean), count over 115 regions × 28 runs: p = 1: 0, p = 2: 0, p = 3: 0, p = 4: 5, p = 5: 3215.

## ar1 ts_gsr W60: sixteen atoms, DMT pre-injection level and primary DiD, MMI and CCS (nats)

| atom | MMI level | MMI DiD (neg/14) | CCS level | CCS DiD (neg/14) |
|---|---|---|---|---|
| rtr | +0.0218 | -0.0019 (10) | +0.0634 | -0.0044 (9) |
| rtx | +0.0323 | +0.0016 (7) | +0.0016 | +0.0000 (7) |
| rty | +0.0317 | +0.0022 (6) | +0.0010 | +0.0007 (6) |
| rts | +0.3541 | -0.0286 (12) | -0.0115 | -0.0017 (12) |
| xtr | +0.0317 | +0.0022 (6) | +0.0011 | +0.0005 (6) |
| xtx | +0.3651 | -0.0451 (13) | +0.3848 | -0.0394 (13) |
| xty | -0.0314 | -0.0019 (8) | -0.0117 | +0.0037 (3) |
| xts | -0.3088 | +0.0340 (1) | +0.0678 | +0.0029 (5) |
| ytr | +0.0323 | +0.0016 (8) | +0.0013 | +0.0002 (7) |
| ytx | -0.0319 | -0.0014 (6) | -0.0118 | +0.0040 (3) |
| yty | +0.3580 | -0.0366 (13) | +0.3781 | -0.0313 (13) |
| yts | -0.3094 | +0.0348 (1) | +0.0669 | +0.0040 (2) |
| str | +0.3542 | -0.0288 (13) | -0.0113 | -0.0018 (12) |
| stx | -0.3087 | +0.0343 (2) | +0.0677 | +0.0034 (3) |
| sty | -0.3094 | +0.0346 (1) | +0.0670 | +0.0037 (4) |
| sts | +0.7176 | -0.0620 (13) | -0.0552 | -0.0057 (12) |
| TDMI (sum) | +0.9992 | -0.0610 | +0.9992 | -0.0610 |

Whitened series: mean lag-1 autocorrelation, DMT pre-injection +0.7506; its DiD -0.0196 (raw series -0.0146); per subject r(MMI sts DiD, whitened autocorrelation DiD) = +0.899; r(MMI sts DiD, raw autocorrelation DiD) = +0.912; r(MMI sts DiD whitened, MMI sts DiD raw) = +0.918; raw MMI sts DiD -0.0809.
Diagnostic on the whitened series (W = 60): observed sts level 0.7062, predicted 0.7511, residual -0.0449; DiD observed -0.0620, predicted -0.0626, residual +0.0006 (negative in 5/14).

## ar1 ts_gsr global-bins: sixteen atoms, DMT pre-injection level and primary DiD, MMI and CCS (nats)

| atom | MMI level | MMI DiD (neg/14) | CCS level | CCS DiD (neg/14) |
|---|---|---|---|---|
| rtr | +0.0122 | -0.0021 (10) | +0.0406 | -0.0110 (13) |
| rtx | +0.0087 | -0.0024 (10) | +0.0012 | +0.0004 (6) |
| rty | +0.0081 | -0.0017 (9) | +0.0007 | +0.0003 (5) |
| rts | +0.3946 | -0.0278 (13) | -0.0083 | +0.0023 (5) |
| xtr | +0.0081 | -0.0017 (9) | +0.0006 | +0.0008 (5) |
| xtx | +0.4139 | -0.0378 (13) | +0.4005 | -0.0342 (13) |
| xty | -0.0081 | +0.0017 (5) | -0.0216 | +0.0061 (2) |
| xts | -0.3885 | +0.0258 (2) | +0.0352 | -0.0108 (13) |
| ytr | +0.0087 | -0.0024 (10) | +0.0014 | -0.0002 (8) |
| ytx | -0.0087 | +0.0024 (4) | -0.0222 | +0.0064 (2) |
| yty | +0.4051 | -0.0297 (13) | +0.3915 | -0.0250 (13) |
| yts | -0.3886 | +0.0260 (2) | +0.0352 | -0.0109 (13) |
| str | +0.3946 | -0.0278 (13) | -0.0083 | +0.0024 (5) |
| stx | -0.3885 | +0.0259 (2) | +0.0353 | -0.0105 (13) |
| sty | -0.3886 | +0.0259 (2) | +0.0353 | -0.0113 (13) |
| sts | +0.8043 | -0.0559 (13) | -0.0298 | +0.0134 (1) |
| TDMI (sum) | +0.8874 | -0.0817 | +0.8874 | -0.0817 |

Whitened series: mean lag-1 autocorrelation, DMT pre-injection +0.9215; its DiD -0.3164 (raw series -0.4580); per subject r(MMI sts DiD, whitened autocorrelation DiD) = +0.024; r(MMI sts DiD, raw autocorrelation DiD) = +0.381; r(MMI sts DiD whitened, MMI sts DiD raw) = +0.877; raw MMI sts DiD -0.0801.

Chosen AR orders (ar1 ts_gsr), count over 115 regions × 28 runs: p = 1: 3220, p = 2: 0, p = 3: 0, p = 4: 0, p = 5: 0.

## ar1 ts_demean W60: sixteen atoms, DMT pre-injection level and primary DiD, MMI and CCS (nats)

| atom | MMI level | MMI DiD (neg/14) | CCS level | CCS DiD (neg/14) |
|---|---|---|---|---|
| rtr | +0.0289 | +0.0025 (7) | +0.0829 | +0.0097 (6) |
| rtx | +0.0395 | +0.0076 (2) | -0.0040 | -0.0032 (10) |
| rty | +0.0389 | +0.0043 (3) | -0.0049 | -0.0052 (10) |
| rts | +0.3240 | -0.0483 (13) | -0.0136 | -0.0037 (13) |
| xtr | +0.0389 | +0.0043 (4) | -0.0047 | -0.0055 (9) |
| xtx | +0.3317 | -0.0700 (13) | +0.3648 | -0.0566 (13) |
| xty | -0.0379 | -0.0032 (11) | -0.0045 | +0.0089 (2) |
| xts | -0.2750 | +0.0522 (1) | +0.0730 | +0.0050 (5) |
| ytr | +0.0395 | +0.0078 (2) | -0.0047 | -0.0022 (8) |
| ytx | -0.0385 | -0.0059 (11) | -0.0049 | +0.0078 (2) |
| yty | +0.3197 | -0.0558 (13) | +0.3537 | -0.0435 (13) |
| yts | -0.2759 | +0.0528 (1) | +0.0716 | +0.0054 (4) |
| str | +0.3240 | -0.0480 (13) | -0.0134 | -0.0036 (12) |
| stx | -0.2747 | +0.0510 (1) | +0.0733 | +0.0029 (5) |
| sty | -0.2763 | +0.0537 (1) | +0.0714 | +0.0069 (4) |
| sts | +0.6822 | -0.0784 (13) | -0.0469 | +0.0035 (5) |
| TDMI (sum) | +0.9891 | -0.0733 | +0.9891 | -0.0733 |

Whitened series: mean lag-1 autocorrelation, DMT pre-injection +0.7426; its DiD -0.0276 (raw series -0.0216); per subject r(MMI sts DiD, whitened autocorrelation DiD) = +0.908; r(MMI sts DiD, raw autocorrelation DiD) = +0.948; r(MMI sts DiD whitened, MMI sts DiD raw) = +0.953; raw MMI sts DiD -0.1031.
Diagnostic on the whitened series (W = 60): observed sts level 0.6682, predicted 0.7097, residual -0.0415; DiD observed -0.0784, predicted -0.0867, residual +0.0084 (negative in 4/14).

## ar1 ts_demean global-bins: sixteen atoms, DMT pre-injection level and primary DiD, MMI and CCS (nats)

| atom | MMI level | MMI DiD (neg/14) | CCS level | CCS DiD (neg/14) |
|---|---|---|---|---|
| rtr | +0.0215 | +0.0079 (5) | +0.0769 | -0.0070 (9) |
| rtx | +0.0107 | +0.0056 (4) | -0.0095 | +0.0015 (10) |
| rty | +0.0117 | -0.0000 (6) | -0.0116 | -0.0012 (7) |
| rts | +0.3622 | -0.0550 (13) | -0.0068 | -0.0086 (10) |
| xtr | +0.0117 | -0.0000 (6) | -0.0116 | -0.0008 (8) |
| xtx | +0.3857 | -0.0713 (13) | +0.3738 | -0.0515 (13) |
| xty | -0.0117 | +0.0000 (8) | -0.0205 | +0.0168 (2) |
| xts | -0.3560 | +0.0543 (3) | +0.0451 | -0.0077 (11) |
| ytr | +0.0107 | +0.0056 (4) | -0.0100 | +0.0015 (9) |
| ytx | -0.0107 | -0.0056 (10) | -0.0253 | +0.0175 (1) |
| yty | +0.3703 | -0.0549 (11) | +0.3588 | -0.0348 (12) |
| yts | -0.3563 | +0.0545 (3) | +0.0475 | -0.0109 (13) |
| str | +0.3624 | -0.0551 (13) | -0.0067 | -0.0088 (10) |
| stx | -0.3564 | +0.0544 (3) | +0.0479 | -0.0109 (13) |
| sty | -0.3566 | +0.0547 (3) | +0.0446 | -0.0076 (11) |
| sts | +0.7648 | -0.0871 (13) | -0.0287 | +0.0204 (1) |
| TDMI (sum) | +0.8640 | -0.0920 | +0.8640 | -0.0920 |

Whitened series: mean lag-1 autocorrelation, DMT pre-injection +0.8631; its DiD -0.2412 (raw series -0.3846); per subject r(MMI sts DiD, whitened autocorrelation DiD) = -0.304; r(MMI sts DiD, raw autocorrelation DiD) = +0.076; r(MMI sts DiD whitened, MMI sts DiD raw) = +0.962; raw MMI sts DiD -0.1035.

Chosen AR orders (ar1 ts_demean), count over 115 regions × 28 runs: p = 1: 3220, p = 2: 0, p = 3: 0, p = 4: 0, p = 5: 0.

## Reading under the rule of the pre-run entry

A remedy check, reported as such: not a finding about DMT, and the primary result (the raw MMI-sts DiD at W = 60) is unchanged by it. The prediction recorded — MMI-sts near zero after whitening and the DMT contrast shrunk to the order of the cross-lag contrast — is read against the tables above in the outcome entry.
done (1262s)
=== 2026-09-26 20:38:53  notes/partB16b_whitened_spectrum.py   -> notes/review_results/partB/whitened_spectrum_run.log
git=c25a310
   ts_gsr: subject 1/14 done (1s)
   ts_gsr: subject 2/14 done (1s)
   ts_gsr: subject 3/14 done (1s)
   ts_gsr: subject 4/14 done (2s)
   ts_gsr: subject 5/14 done (2s)
   ts_gsr: subject 6/14 done (2s)
   ts_gsr: subject 7/14 done (2s)
   ts_gsr: subject 8/14 done (3s)
   ts_gsr: subject 9/14 done (3s)
   ts_gsr: subject 10/14 done (3s)
   ts_gsr: subject 11/14 done (3s)
   ts_gsr: subject 12/14 done (4s)
   ts_gsr: subject 13/14 done (4s)
   ts_gsr: subject 14/14 done (4s)
   ts_demean: subject 1/14 done (4s)
   ts_demean: subject 2/14 done (5s)
   ts_demean: subject 3/14 done (5s)
   ts_demean: subject 4/14 done (5s)
   ts_demean: subject 5/14 done (5s)
   ts_demean: subject 6/14 done (6s)
   ts_demean: subject 7/14 done (6s)
   ts_demean: subject 8/14 done (6s)
   ts_demean: subject 9/14 done (6s)
   ts_demean: subject 10/14 done (7s)
   ts_demean: subject 11/14 done (7s)
   ts_demean: subject 12/14 done (7s)
   ts_demean: subject 13/14 done (7s)
   ts_demean: subject 14/14 done (8s)
# Where the power of the prewhitened series lies (partB16b_whitened_spectrum.py)
git=c25a310

Per region and run: the raw series and the residuals of AR(1), AR(p) with p by BIC over 1–5 (B16's whitening, recomputed), and fixed p = 10 and p = 20 (OLS with intercept; the first p samples dropped). In-band share = periodogram power at 0.01 ≤ f ≤ 0.08 Hz over the total, the run's kept samples pooled over regions, as rev_extra.py (c); run-level r₁ as rev_extra.py's r1_obs; window-level r₁ = rev_series.autocorr_series (window mode, W = 60), DMT windows 1–4, as B16. Reference values: raw in-band share 0.992 and r₁ of ideal flat-spectrum noise on the band at TR 2 s 0.8176 (rev_extra.log); the band's share of the Nyquist range 0.07/0.25 = 0.28. Seed 20261120 (no random draws). Region 20 excluded.

## ts_gsr: power shares and lag-1 autocorrelation of the raw and the whitened series (mean over the 28 runs; SD over runs in brackets)

| series | in-band share (0.01–0.08 Hz) | share below 0.01 Hz | share above 0.08 Hz | run-level r₁ | W = 60 r₁, DMT windows 1–4 | kept samples per run |
|---|---|---|---|---|---|---|
| raw | 0.992 (0.003) | 0.007 (0.003) | 0.001 (0.000) | +0.8661 (0.0076) | +0.8479 (0.0147) | 840.0 |
| ar1 | 0.996 (0.001) | 0.001 (0.000) | 0.003 (0.001) | +0.7572 (0.0055) | +0.7506 (0.0107) | 839.0 |
| arp | 0.655 (0.051) | 0.007 (0.002) | 0.338 (0.050) | +0.2944 (0.0698) | +0.2625 (0.0814) | 835.0 |
| p10 | 0.479 (0.049) | 0.008 (0.002) | 0.512 (0.050) | +0.0943 (0.0794) | +0.1368 (0.0844) | 830.0 |
| p20 | 0.391 (0.015) | 0.012 (0.002) | 0.597 (0.015) | +0.0002 (0.0076) | +0.0524 (0.0429) | 820.0 |

Consistency: BIC orders recomputed (ts_gsr), count over 115 regions × 28 runs: p = 1: 0, p = 2: 0, p = 3: 0, p = 4: 2, p = 5: 3218 (B16: p = 5 for 3,218); raw in-band share 0.992 (rev_extra.log: 0.992); raw W = 60 r₁ of DMT windows 1–4 0.8479 (inference_rows_raw.csv, pre_dmt of 'autocorr ts_gsr W60': 0.8479).

## ts_demean: power shares and lag-1 autocorrelation of the raw and the whitened series (mean over the 28 runs; SD over runs in brackets)

| series | in-band share (0.01–0.08 Hz) | share below 0.01 Hz | share above 0.08 Hz | run-level r₁ | W = 60 r₁, DMT windows 1–4 | kept samples per run |
|---|---|---|---|---|---|---|
| raw | 0.992 (0.003) | 0.007 (0.003) | 0.001 (0.000) | +0.8561 (0.0104) | +0.8382 (0.0165) | 840.0 |
| ar1 | 0.996 (0.002) | 0.001 (0.001) | 0.003 (0.001) | +0.7483 (0.0091) | +0.7426 (0.0131) | 839.0 |
| arp | 0.670 (0.070) | 0.006 (0.002) | 0.324 (0.070) | +0.3011 (0.1061) | +0.2583 (0.1153) | 835.0 |
| p10 | 0.457 (0.042) | 0.008 (0.002) | 0.535 (0.042) | +0.0346 (0.0584) | +0.0739 (0.0855) | 830.0 |
| p20 | 0.387 (0.018) | 0.012 (0.002) | 0.600 (0.017) | -0.0024 (0.0089) | +0.0323 (0.0445) | 820.0 |

Consistency: BIC orders recomputed (ts_demean), count over 115 regions × 28 runs: p = 1: 0, p = 2: 0, p = 3: 0, p = 4: 5, p = 5: 3215 (B16: p = 5 for 3,215); raw in-band share 0.992 (rev_extra.log: 0.992); raw W = 60 r₁ of DMT windows 1–4 0.8382 (inference_rows_raw.csv, pre_dmt of 'autocorr ts_demean W60': 0.8382).

## Prediction and rule of the pre-run entry

Prediction: the AR(1) residual keeps most of its power in band (share above 0.9) with r₁ near 0.75; the AR(p ≤ 5) residual's in-band share falls to about 0.5–0.6 (a mixture of flattened in-band noise at r₁ = 0.82 and amplified above-band residue at r₁ ≈ −0.4 has r₁ = 0.26 at an in-band share of 0.54); at p = 10 and 20 the share falls further toward 0.28 as r₁ approaches zero — the whitened series is increasingly the amplified stop-band residue. Rule: descriptive; quoted in the Remedies paragraph; no atoms are computed at p = 10 or 20. If the prediction fails (the AR(p) share stays above 0.9), the "amplified residue" explanation is dropped from the text and the remaining autocorrelation is reported without it.
done (8s)
=== 2026-09-26 20:39:01  notes/rev_extra.py   -> notes/review_results/logs/rev_extra.log
git=c25a310
(a) per-subject DiD agreement (primary set):
   ts_gsr W60: autocorr vs sts  Pearson r = +0.953 (p = 0.0000), Spearman rho = +0.903 | PhiR vs sts  Pearson r = -0.552 (p = 0.041), Spearman rho = -0.477
      subject DiDs autocorr: [-0.0161 -0.0024 -0.0260 -0.0200  0.0005 -0.0186 -0.0084 -0.0642 -0.0312 -0.0201 -0.0143 -0.0080 -0.0003  0.0242]
      subject DiDs sts     : [-0.0813 -0.0446 -0.1572 -0.1379 -0.0118 -0.0536 -0.0653 -0.2795 -0.1316 -0.1533 -0.0405 -0.0677 -0.0027  0.0949]
   ts_gsr global/bins: autocorr(run-std) vs sts  Pearson r = +0.448 (p = 0.1083), Spearman rho = +0.574
   ts_demean W60: autocorr vs sts  Pearson r = +0.958 (p = 0.0000), Spearman rho = +0.925 | PhiR vs sts  Pearson r = -0.548 (p = 0.043), Spearman rho = -0.701
      subject DiDs autocorr: [-0.0135 -0.0086 -0.0264 -0.0308 -0.0007 -0.0161 -0.0105 -0.0667 -0.0365 -0.0358 -0.0164 -0.0291 -0.0304  0.0196]
      subject DiDs sts     : [-0.0343  0.0040 -0.1578 -0.1458 -0.0292 -0.0305 -0.0863 -0.3111 -0.2125 -0.1967 -0.0683 -0.1544 -0.1141  0.0935]
   ts_demean global/bins: autocorr(run-std) vs sts  Pearson r = +0.070 (p = 0.8112), Spearman rho = +0.143

(b) group-mean window series (W60), autocorr vs sts:
   ts_gsr: r over 28 condition-windows = +0.977; within DMT r = +0.986; within PCB r = +0.945
      DMT autocorr by window: [0.851 0.847 0.843 0.851 0.836 0.823 0.829 0.833 0.835 0.841 0.843 0.841 0.845 0.855]
      DMT sts      by window: [1.163 1.145 1.139 1.176 1.100 1.047 1.069 1.079 1.090 1.101 1.130 1.127 1.140 1.179]
      PCB autocorr by window: [0.844 0.841 0.849 0.848 0.833 0.848 0.844 0.851 0.852 0.851 0.851 0.850 0.853 0.853]
      PCB sts      by window: [1.121 1.128 1.150 1.152 1.088 1.146 1.140 1.174 1.166 1.171 1.181 1.182 1.193 1.178]
   ts_demean: r over 28 condition-windows = +0.938; within DMT r = +0.920; within PCB r = +0.956
      DMT autocorr by window: [0.841 0.839 0.835 0.839 0.840 0.822 0.816 0.819 0.824 0.828 0.828 0.832 0.826 0.847]
      DMT sts      by window: [1.109 1.101 1.084 1.107 1.050 0.996 0.981 1.014 1.020 1.039 1.055 1.057 1.050 1.121]
      PCB autocorr by window: [0.831 0.832 0.838 0.830 0.822 0.835 0.833 0.844 0.845 0.845 0.849 0.845 0.842 0.849]
      PCB sts      by window: [1.054 1.083 1.107 1.084 1.038 1.085 1.079 1.124 1.123 1.123 1.148 1.143 1.135 1.135]

(c) band-pass and the level of r1:
   ideal 0.01–0.08 Hz band-pass, flat in-band spectrum, TR 2 s: implied lag-1 autocorrelation r1 = 0.8176
   ts_gsr: observed run-level r1 (mean over subjects × conditions × regions) = 0.8661; share of power inside 0.01–0.08 Hz = 0.992
      in-band spectral centroid (Hz): DMT pre 0.0369 post 0.0383 | PCB pre 0.0374 post 0.0364 | DiD +0.00231 Hz [+0.00060, +0.00395] sign-flip p = 0.0217, 12/14 positive
   ts_demean: observed run-level r1 (mean over subjects × conditions × regions) = 0.8561; share of power inside 0.01–0.08 Hz = 0.992
      in-band spectral centroid (Hz): DMT pre 0.0385 post 0.0402 | PCB pre 0.0390 post 0.0378 | DiD +0.00292 Hz [+0.00105, +0.00469] sign-flip p = 0.0105, 12/14 positive

(d) variance non-stationarity: window variance / run variance (mean over regions), W60, primary-form DiD:
   raw         ts_gsr   : DMT pre 1.277 post 0.889 | PCB pre 0.936 post 1.062 | DiD -0.5137 [-0.6740, -0.3581] p = 0.0001, 14/14 negative
      DMT group mean by window: [1.138 1.222 1.323 1.425 0.998 0.707 0.755 0.745 0.791 0.911 0.937 0.989 1.067 1.102]
      PCB group mean by window: [0.819 0.953 1.010 0.964 0.798 0.904 0.925 1.011 1.022 1.037 1.094 1.097 1.199 1.273]
   raw         ts_demean: DMT pre 1.207 post 0.907 | PCB pre 0.930 post 1.059 | DiD -0.4278 [-0.6169, -0.2669] p = 0.0004, 13/14 negative
      DMT group mean by window: [1.077 1.129 1.262 1.359 1.127 0.752 0.834 0.719 0.797 0.901 0.959 1.038 1.082 1.086]
      PCB group mean by window: [0.834 0.906 0.971 1.010 0.862 0.854 0.936 1.027 1.036 1.033 1.092 1.089 1.187 1.274]

(e) correlation of each series with the window-variance ratio (raw data):
   ts_gsr global-fit sts per 30-TR bin        : mean r over the 28 runs +0.365 (min -0.533, max +0.747); group-mean series r = +0.662
   ts_gsr run-standardised autocorr per bin   : mean r over the 28 runs +0.995 (min +0.987, max +0.999); group-mean series r = +0.999
   ts_gsr windowed W60 sts                    : mean r over the 28 runs +0.492 (min -0.417, max +0.896); group-mean series r = +0.766
   ts_gsr window-standardised autocorr W60    : mean r over the 28 runs +0.543 (min -0.170, max +0.869); group-mean series r = +0.726
   ts_demean global-fit sts per 30-TR bin        : mean r over the 28 runs +0.115 (min -0.646, max +0.504); group-mean series r = +0.561
   ts_demean run-standardised autocorr per bin   : mean r over the 28 runs +0.993 (min +0.984, max +0.999); group-mean series r = +0.998
   ts_demean windowed W60 sts                    : mean r over the 28 runs +0.246 (min -0.520, max +0.804); group-mean series r = +0.686
   ts_demean window-standardised autocorr W60    : mean r over the 28 runs +0.371 (min -0.283, max +0.770); group-mean series r = +0.698

(f) slopes behind the trend corrections (sts, W60, nats per window, mean over subjects):
   ts_gsr: placebo run over all 14 windows +0.00541; shared slope b of model (b) +0.00681; DMT run over windows 6–14 alone +0.01464
      window-index gap post − pre = 7.50; implied placebo change: placebo line +0.0406, shared slope +0.0511; raw placebo change +0.0324
   ts_demean: placebo run over all 14 windows +0.00657; shared slope b of model (b) +0.00746; DMT run over windows 6–14 alone +0.01376
      window-index gap post − pre = 7.50; implied placebo change: placebo line +0.0493, shared slope +0.0559; raw placebo change +0.0398

(g) rsHRF outputs:
   ts_gsr: deconvolution outputs not present
   ts_demean: deconvolution outputs not present
=== 2026-09-26 20:39:03  notes/rev_sts_matched_null.py f1   -> notes/review_results/logs/sts_matched_null_F1.log
git=c25a310

=== F1-i asym VAR(1): a 0.55->0.50 (both scaled), c compensates
   baseline: a=(0.55, 0.4) c=(0.15, 0.05) q=0.2000 s=(1.0, 1.4) | autocorr (0.605,0.413) corr(x,y) 0.306 | analytic sts 0.0942 rtr 0.0137 xtx 0.1633
   shifted : a=(0.5, 0.3636) c=(0.1072, 0.0357) q=0.2000 s=(1.0, 1.4) | autocorr (0.536,0.371) corr(x,y) 0.268 | analytic sts 0.0942 rtr 0.0080 xtx 0.1319
   W= 30: est sts baseline 0.0563, shifted 0.0515; manufactured difference -0.0048 ± 0.0016  = -6 % of the real |DiD|   (9s)
   W= 60: est sts baseline 0.0780, shifted 0.0706; manufactured difference -0.0075 ± 0.0015  = -9 % of the real |DiD|   (19s)
   W=840: est sts baseline 0.0925, shifted 0.0938; manufactured difference +0.0013 ± 0.0006  = +2 % of the real |DiD|   (33s)

=== F1-ii asym VAR(1): q 0.20->0.60, a compensates
   baseline: a=(0.55, 0.4) c=(0.15, 0.05) q=0.2000 s=(1.0, 1.4) | autocorr (0.605,0.413) corr(x,y) 0.306 | analytic sts 0.0942 rtr 0.0137 xtx 0.1633
   shifted : a=(0.7255, 0.5276) c=(0.15, 0.05) q=0.6000 s=(1.0, 1.4) | autocorr (0.818,0.561) corr(x,y) 0.646 | analytic sts 0.0942 rtr 0.0838 xtx 0.3188
   W= 30: est sts baseline 0.0586, shifted 0.0857; manufactured difference +0.0270 ± 0.0018  = +33 % of the real |DiD|   (42s)
   W= 60: est sts baseline 0.0787, shifted 0.0914; manufactured difference +0.0127 ± 0.0016  = +16 % of the real |DiD|   (52s)
   W=840: est sts baseline 0.0931, shifted 0.0937; manufactured difference +0.0006 ± 0.0005  = +1 % of the real |DiD|   (65s)
done
=== 2026-09-26 20:40:09  notes/rev_sts_matched_null.py f2   -> notes/review_results/logs/sts_matched_null_F2.log
git=c25a310
F2 (c): no sign change: sts difference ranges -0.6933 .. -0.1038 over the stable range 0.001-0.237
F2 (q): no sign change: sts difference ranges -0.6961 .. -0.0963 over the stable range -0.900-0.900

=== F2-ii AR VAR(1) a=0.87: q 0.05 -> 0.30, a compensates
   baseline: a=(0.87, 0.87) c=(0.025, 0.01) q=0.0500 s=(1.0, 1.4) | autocorr (0.877,0.871) corr(x,y) 0.197 | analytic sts 1.3844 rtr 0.0163 xtx 0.7104
   shifted : a=(0.8836, 0.8836) c=(0.025, 0.01) q=0.3000 s=(1.0, 1.4) | autocorr (0.898,0.887) corr(x,y) 0.442 | analytic sts 1.3844 rtr 0.0862 xtx 0.7233
   W= 30: est sts baseline 0.4777, shifted 0.4827; manufactured difference +0.0051 ± 0.0068  = +6 % of the real |DiD|   (10s)
   W= 60: est sts baseline 0.8056, shifted 0.8112; manufactured difference +0.0055 ± 0.0065  = +7 % of the real |DiD|   (19s)
   W=840: est sts baseline 1.3037, shifted 1.3273; manufactured difference +0.0236 ± 0.0023  = +29 % of the real |DiD|   (33s)
done
=== 2026-09-26 20:40:42  notes/rev_sts_matched_null.py f3   -> notes/review_results/logs/sts_matched_null_F3.log
git=c25a310

F3 empirical ACFs (realised after taper/clip): placebo lags 1-6 [ 0.868  0.539  0.172 -0.085 -0.174 -0.145] | DMT post [ 0.858  0.507  0.123 -0.13  -0.194 -0.133]
   analytic sts as a function of lag-1 autocorrelation r1 (rows) and cross-correlation q (cols):
        q=    0.00    0.20    0.40    0.60    0.80
   r1=0.80   1.022   1.009   0.968   0.891   0.758
   r1=0.84   1.223   1.209   1.163   1.076   0.922
   r1=0.86   1.346   1.331   1.283   1.191   1.025
   r1=0.87   1.414   1.399   1.350   1.255   1.083
   r1=0.88   1.489   1.473   1.423   1.326   1.147
   r1=0.90   1.661   1.644   1.591   1.488   1.295
   matching by q: sts difference over q in [0, 0.95] ranges -0.5994 .. -0.0538 -> NO matched pair: the true sts cannot be held fixed while r1 falls, at any cross-correlation

=== F3-b identical S4 (r1 0.8681 vs 0.8681, q = 0.2), DMT-like higher-lag ACF: lags 2-6 placebo [ 0.539  0.172 -0.085 -0.174 -0.145] vs modified-DMT [ 0.539  0.172 -0.085 -0.173 -0.14 ]
   analytic sts baseline 1.3853 vs shifted 1.3853 (difference +0.00000); xtx 0.6850 vs 0.6850
   W= 30: est sts baseline 1.0344, shifted 1.0333; manufactured difference -0.0010 ± 0.0067 = -1 % of the real |DiD|  (11s)
   W= 60: est sts baseline 1.1862, shifted 1.1800; manufactured difference -0.0062 ± 0.0047 = -8 % of the real |DiD|  (22s)
   W=840: est sts baseline 1.3396, shifted 1.3409; manufactured difference +0.0013 ± 0.0013 = +2 % of the real |DiD|  (36s)

=== F3-c reference, unmatched: placebo ACF vs DMT-post ACF at q = 0.2: analytic sts 1.3853 vs 1.3166 (true difference -0.0688; real windowed DiD -0.0809)
   W= 30: est sts baseline 1.0345 (analytic 1.3853), shifted 0.9834 (analytic 1.3166); estimated difference -0.0511 ± 0.0066 vs true -0.0688  (46s)
   W= 60: est sts baseline 1.1837 (analytic 1.3853), shifted 1.1280 (analytic 1.3166); estimated difference -0.0557 ± 0.0046 vs true -0.0688  (57s)
   W=840: est sts baseline 1.3418 (analytic 1.3853), shifted 1.2738 (analytic 1.3166); estimated difference -0.0680 ± 0.0013 vs true -0.0688  (71s)
done
=== 2026-09-26 20:41:54  notes/review_checks.py   -> notes/review_results/logs/review_checks.log
git=c25a310

==============================================================================
1. All 16 atoms: baseline level and DiD (the draft's Table 2 shows 6 of them)
==============================================================================

[windowed W60, ts_gsr]  DMT pre-injection whole-brain means:
   rtr=+0.039  rtx=+0.026  rty=+0.025  rts=+0.567  xtr=+0.025  xtx=+0.627  xty=-0.025  xts=-0.535  ytr=+0.026  ytx=-0.026  yty=+0.613  yts=-0.536  str=+0.567  stx=-0.535  sty=-0.536  sts=+1.155
   DiD per atom:
   rtr=-0.0078  rtx=-0.0012  rty=-0.0012  rts=-0.0407  xtr=-0.0012  xtx=-0.0523  xty=+0.0012  xts=+0.0399  ytr=-0.0012  ytx=+0.0012  yty=-0.0396  yts=+0.0404  str=-0.0408  stx=+0.0401  sty=+0.0403  sts=-0.0809
   TDMI DiD -0.1037 | sts+rts+str+xts+yts+stx+sty -0.0017 | xtx+yty -0.0919 | rtr -0.0078
   PhiR     level +0.0961  DiD +0.0007  p=0.8971  negative 8/14
   xtx+yty  level +1.2398  DiD -0.0919  p=0.0089  negative 12/14

[windowed W60, ts_demean]  DMT pre-injection whole-brain means:
   rtr=+0.044  rtx=+0.029  rty=+0.029  rts=+0.526  xtr=+0.029  xtx=+0.587  xty=-0.029  xts=-0.493  ytr=+0.029  ytx=-0.029  yty=+0.566  yts=-0.494  str=+0.526  stx=-0.493  sty=-0.494  sts=+1.100
   DiD per atom:
   rtr=+0.0005  rtx=+0.0040  rty=+0.0003  rts=-0.0643  xtr=+0.0003  xtx=-0.0823  xty=-0.0002  xts=+0.0621  ytr=+0.0040  ytx=-0.0039  yty=-0.0610  yts=+0.0635  str=-0.0646  stx=+0.0627  sty=+0.0636  sts=-0.1031
   TDMI DiD -0.1186 | sts+rts+str+xts+yts+stx+sty +0.0199 | xtx+yty -0.1433 | rtr +0.0005
   PhiR     level +0.1208  DiD +0.0157  p=0.0853  negative 4/14
   xtx+yty  level +1.1529  DiD -0.1433  p=0.0024  negative 13/14

[global fit, ts_gsr]  DMT pre-injection whole-brain means:
   rtr=+0.025  rtx=+0.008  rty=+0.007  rts=+0.644  xtr=+0.007  xtx=+0.690  xty=-0.007  xts=-0.639  ytr=+0.008  ytx=-0.008  yty=+0.672  yts=-0.639  str=+0.644  stx=-0.639  sty=-0.639  sts=+1.309
   DiD per atom:
   rtr=-0.0060  rtx=-0.0031  rty=-0.0028  rts=-0.0396  xtr=-0.0028  xtx=-0.0544  xty=+0.0028  xts=+0.0367  ytr=-0.0031  ytx=+0.0031  yty=-0.0431  yts=+0.0368  str=-0.0397  stx=+0.0368  sty=+0.0368  sts=-0.0801
   TDMI DiD -0.1216 | sts+rts+str+xts+yts+stx+sty -0.0122 | xtx+yty -0.0975 | rtr -0.0060
   PhiR     level +0.0257  DiD -0.0062  p=0.0953  negative 9/14
   xtx+yty  level +1.3616  DiD -0.0975  p=0.0093  negative 12/14

[global fit, ts_demean]  DMT pre-injection whole-brain means:
   rtr=+0.030  rtx=+0.007  rty=+0.009  rts=+0.598  xtr=+0.009  xtx=+0.652  xty=-0.009  xts=-0.593  ytr=+0.007  ytx=-0.007  yty=+0.624  yts=-0.593  str=+0.598  stx=-0.593  sty=-0.594  sts=+1.240
   DiD per atom:
   rtr=+0.0078  rtx=+0.0017  rty=-0.0022  rts=-0.0644  xtr=-0.0022  xtx=-0.0901  xty=+0.0022  xts=+0.0624  ytr=+0.0017  ytx=-0.0017  yty=-0.0664  yts=+0.0625  str=-0.0648  stx=+0.0626  sty=+0.0628  sts=-0.1035
   TDMI DiD -0.1315 | sts+rts+str+xts+yts+stx+sty +0.0176 | xtx+yty -0.1565 | rtr +0.0078
   PhiR     level +0.0464  DiD +0.0180  p=0.1177  negative 5/14
   xtx+yty  level +1.2758  DiD -0.1565  p=0.0049  negative 11/14

==============================================================================
2. The thresholded tracking statistic (group-mean-series rho vs template) on the PLACEBO run
==============================================================================
   ts_gsr     windows 6-14: DMT -0.9833  PLACEBO -0.8333  (placebo vs plain time index +0.8333)
   ts_gsr     windows 5-14: DMT -0.8667  PLACEBO -0.8788  (placebo vs plain time index +0.8788)
   ts_demean  windows 6-14: DMT -0.9333  PLACEBO -0.7667  (placebo vs plain time index +0.7667)
   ts_demean  windows 5-14: DMT -0.6727  PLACEBO -0.8303  (placebo vs plain time index +0.8303)

==============================================================================
3. Where the DiD comes from: drug-present windows 6-9 vs tail windows 10-14 (W60)
==============================================================================
   ts_gsr     post 6-14   DiD -0.0809 p=0.0038 neg 13/14 | DMT -0.0485 PCB +0.0324 | placebo share 0.40
   ts_gsr     post 6-9    DiD -0.1029 p=0.0009 neg 13/14 | DMT -0.0842 PCB +0.0187 | placebo share 0.18
   ts_gsr     post 10-14  DiD -0.0633 p=0.0337 neg 10/14 | DMT -0.0199 PCB +0.0434 | placebo share 0.69
   ts_gsr     baseline windows 1-3 (bin 8 dropped), post 6-14: DiD -0.0787 p=0.0033
   ts_demean  post 6-14   DiD -0.1031 p=0.0026 neg 12/14 | DMT -0.0633 PCB +0.0398 | placebo share 0.39
   ts_demean  post 6-9    DiD -0.1183 p=0.0012 neg 13/14 | DMT -0.0975 PCB +0.0208 | placebo share 0.18
   ts_demean  post 10-14  DiD -0.0910 p=0.0128 neg 11/14 | DMT -0.0360 PCB +0.0550 | placebo share 0.60
   ts_demean  baseline windows 1-3 (bin 8 dropped), post 6-14: DiD -0.1014 p=0.0016

==============================================================================
4. Mean regional lag-1 autocorrelation per 60-TR window vs the sts contrast (ts_gsr)
==============================================================================
   lag-1 autocorr: DMT pre 0.8632 post 0.8532; PCB pre 0.8603 post 0.8657
   DiD -0.0155 p=0.0056 negative 12/14
   per-subject r(autocorr DiD, sts DiD) = 0.973; across 28 condition x window group means r = 0.984

==============================================================================
5. How independent was the 'pre-specified' windowed test of the global-fit result already in hand?
==============================================================================
   per-subject r(global-fit DiD, windowed DiD) = 0.954
   20-region sanity run (written 12 Sep 10:12, git=nogit): DiD -0.0994, negative 12/14, p=0.0156; r with the primary windowed DiD = 0.791

==============================================================================
6. Robustness C: the pre-drug offset inside contrast (ii)
==============================================================================
   DMT pre-injection (bins 1-8) under the placebo-fitted model: 1.3549
   PCB held-out half (bins 15-28) under the same model:        1.4323   -> pre-drug offset -0.0774
   contrast (ii) DMT - PCB bins 15-28: -0.1110 (p=0.0005);  contrast (i) within-DMT step: -0.0508 [-0.1047, +0.0137] p=0.1338

==============================================================================
7. Redundancy-function dependence: MMI vs CCS on 400 random pairs, global fit (about 2 min)
==============================================================================
   ts_gsr     MMI: sts baseline +1.306; sts DiD -0.0815 (negative 12/14, p=0.0088); xtx+yty DiD -0.0954; TDMI DiD -0.1189
   ts_gsr     CCS: sts baseline -0.033; sts DiD +0.0212 (negative 0/14, p=0.0001); xtx+yty DiD -0.0781; TDMI DiD -0.1189
   ts_demean  MMI: sts baseline +1.242; sts DiD -0.1080 (negative 12/14, p=0.0126); xtx+yty DiD -0.1586; TDMI DiD -0.1312
   ts_demean  CCS: sts baseline -0.029; sts DiD +0.0330 (negative 0/14, p=0.0001); xtx+yty DiD -0.1148; TDMI DiD -0.1312

done
=== skipping the HRF-deconvolution items: notes/review_results/deconv/DMT_clean_mni_continuous_fullPreprocsch116.mat not present (see notes/rev_deconv.py)
=== 2026-09-26 20:43:14  notes/rev_assemble.py
git=c25a310
wrote /home/vilalius/dmt-phiid/notes/review_computations_2026-09-14.md (384 lines); unfilled markers: []
=== 2026-09-26 20:43:15  notes/partB1_scope_map.py   -> notes/review_results/partB/scope_map_run.log
git=c25a310
map computed (0s)
| ts_gsr | PCB | 4 | 6555 | 100.0 % | 0.0 % | 0.0 % | 4.9 % | 0.852 (0.809–0.898) | -0.021 (-0.501–+0.556) | 0.237 | 1.0996 | 1.2702 |
| ts_gsr | PCB | 6 | 6555 | 100.0 % | 0.0 % | 0.0 % | 5.6 % | 0.849 (0.801–0.892) | -0.015 (-0.516–+0.540) | 0.234 | 1.0796 | 1.2447 |
| ts_demean | DMT | 1 | 6555 | 100.0 % | 0.0 % | 0.0 % | 12.5 % | 0.816 (0.775–0.863) | +0.267 (-0.235–+0.707) | 0.294 | 0.9538 | 1.0567 |
| ts_demean | DMT | 2 | 6555 | 100.0 % | 0.0 % | 0.0 % | 21.3 % | 0.835 (0.789–0.878) | +0.350 (-0.222–+0.775) | 0.364 | 0.9927 | 1.1235 |
| ts_demean | DMT | 3 | 6555 | 100.0 % | 0.0 % | 0.0 % | 15.7 % | 0.849 (0.806–0.884) | +0.278 (-0.267–+0.757) | 0.308 | 1.0621 | 1.2044 |
| ts_demean | DMT | 4 | 6555 | 100.0 % | 0.0 % | 0.0 % | 30.2 % | 0.857 (0.807–0.896) | +0.392 (-0.245–+0.859) | 0.410 | 1.0032 | 1.2119 |
| ts_demean | DMT | 6 | 6555 | 100.0 % | 0.0 % | 0.0 % | 13.2 % | 0.860 (0.804–0.910) | +0.289 (-0.240–+0.718) | 0.313 | 1.0562 | 1.2955 |
| ts_demean | PCB | 1 | 6555 | 100.0 % | 0.0 % | 0.0 % | 14.2 % | 0.835 (0.795–0.875) | +0.274 (-0.269–+0.748) | 0.308 | 1.0167 | 1.1399 |
| ts_demean | PCB | 2 | 6555 | 100.0 % | 0.0 % | 0.0 % | 11.9 % | 0.832 (0.785–0.873) | +0.283 (-0.192–+0.707) | 0.297 | 1.0116 | 1.1244 |
| ts_demean | PCB | 3 | 6555 | 100.0 % | 0.0 % | 0.0 % | 7.9 % | 0.832 (0.776–0.883) | +0.182 (-0.315–+0.654) | 0.247 | 1.0064 | 1.1462 |
| ts_demean | PCB | 4 | 6555 | 100.0 % | 0.0 % | 0.0 % | 10.4 % | 0.846 (0.812–0.884) | +0.213 (-0.281–+0.698) | 0.257 | 1.0916 | 1.2183 |
| ts_demean | PCB | 6 | 6555 | 100.0 % | 0.0 % | 0.0 % | 6.8 % | 0.840 (0.788–0.889) | +0.131 (-0.362–+0.631) | 0.228 | 1.0333 | 1.1968 |
wrote /home/vilalius/dmt-phiid/notes/review_results/partB/scope_map.png (2s)
=== 2026-09-26 20:43:17  notes/partB1_overlay_points.py   -> notes/review_results/partB/overlay_points_run.log
git=c25a310
dmt_w6: n = 6555, r1 median 0.840, |q| median 0.225
pcb_w2: n = 6555, r1 median 0.847, |q| median 0.236
pre_w1to4: n = 52440, r1 median 0.855, |q| median 0.249
=== 2026-09-26 20:43:18  notes/partB17_calibration.py   -> notes/review_results/partB/calibration_run.log
git=c25a310
   (i) Δa = −0.015, Δc = 0: replicate 10/50 (67s)
   (i) Δa = −0.015, Δc = 0: replicate 20/50 (137s)
   (i) Δa = −0.015, Δc = 0: replicate 30/50 (207s)
   (i) Δa = −0.015, Δc = 0: replicate 40/50 (279s)
   (i) Δa = −0.015, Δc = 0: replicate 50/50 (362s)
   (ii) Δc = +0.01: replicate 10/50 (445s)
   (ii) Δc = +0.01: replicate 20/50 (529s)
   (ii) Δc = +0.01: replicate 30/50 (599s)
   (ii) Δc = +0.01: replicate 40/50 (675s)
   (ii) Δc = +0.01: replicate 50/50 (745s)
   (ii) Δc = +0.02: replicate 10/50 (817s)
   (ii) Δc = +0.02: replicate 20/50 (902s)
   (ii) Δc = +0.02: replicate 30/50 (974s)
   (ii) Δc = +0.02: replicate 40/50 (1051s)
   (ii) Δc = +0.02: replicate 50/50 (1135s)
   (ii) Δc = +0.03: replicate 10/50 (1206s)
   (ii) Δc = +0.03: replicate 20/50 (1272s)
   (ii) Δc = +0.03: replicate 30/50 (1350s)
   (ii) Δc = +0.03: replicate 40/50 (1427s)
   (ii) Δc = +0.03: replicate 50/50 (1511s)
   (ii) Δc = −0.02: replicate 10/50 (1586s)
   (ii) Δc = −0.02: replicate 20/50 (1667s)
   (ii) Δc = −0.02: replicate 30/50 (1747s)
   (ii) Δc = −0.02: replicate 40/50 (1824s)
   (ii) Δc = −0.02: replicate 50/50 (1895s)
   (iii) Δa = −0.015, Δc = +0.02: replicate 10/50 (1981s)
   (iii) Δa = −0.015, Δc = +0.02: replicate 20/50 (2065s)
   (iii) Δa = −0.015, Δc = +0.02: replicate 30/50 (2133s)
   (iii) Δa = −0.015, Δc = +0.02: replicate 40/50 (2200s)
   (iii) Δa = −0.015, Δc = +0.02: replicate 50/50 (2282s)
   (iv) a_x − a_y = 0.03, Δa = −0.015: replicate 10/50 (2349s)
   (iv) a_x − a_y = 0.03, Δa = −0.015: replicate 20/50 (2430s)
   (iv) a_x − a_y = 0.03, Δa = −0.015: replicate 30/50 (2496s)
   (iv) a_x − a_y = 0.03, Δa = −0.015: replicate 40/50 (2569s)
   (iv) a_x − a_y = 0.03, Δa = −0.015: replicate 50/50 (2638s)
# Ground-truth calibration of the residual diagnostic (partB17_calibration.py)
git=c25a310

N_PAIRS = 300 independent VAR(1) pairs per subject, 14 subjects × 2 runs × 840 samples, burn-in 200; a_x, a_y ~ N(0.85, 0.0125); q from the data's window-level q (scope_map_overlay_points.npz, pre_w1to4_q, 52440 values); change at sample 300 of the DMT run only; W = 60; bins of 30; 50 replicates per condition; bootstrap 1000 draws; sign-flip exact over 2^14; seed 20261120. DiD = windows 6–14 minus 1–4 (bins 11–28 minus 1–8), DMT minus placebo, mean over subjects. At the global fit two predictions are tabulated: the pipeline's run-level prediction (constant across a run's bins, so its DiD is zero and the residual DiD equals the observed DiD, as partB4 records for the data) and a period-level prediction from (a_x, a_y, q) measured on the pre (samples 0–299) and post (samples 300–839) samples of each run separately, which is the reading the recorded prediction (i) refers to.

| condition | estimator | sts level (pre) | sts DiD | predicted DiD | residual DiD | residual p (mean; share < 0.05) | δ_sym DiD | RMS δ_anti DiD |
|---|---|---|---|---|---|---|---|---|
| (i) Δa = −0.015, Δc = 0 | W60 | 0.7152 | -0.0422 ± 0.0034 | -0.0471 ± 0.0036 | +0.0049 ± 0.0017 | 0.056; 0.82 | +0.00014 ± 0.00065 | +0.00130 ± 0.00050 |
| (i) Δa = −0.015, Δc = 0 | global (run-level prediction) | 1.1317 | -0.0675 ± 0.0058 | -0.0000 ± 0.0000 | -0.0675 ± 0.0058 | 0.000; 1.00 | — | — |
| (i) Δa = −0.015, Δc = 0 | global (period-level prediction) | 1.1317 | -0.0675 ± 0.0058 | -0.0764 ± 0.0048 | +0.0089 ± 0.0028 | 0.046; 0.62 | — | — |
| (ii) Δc = +0.01 | W60 | 0.7153 | +0.0010 ± 0.0036 | +0.0020 ± 0.0037 | -0.0010 ± 0.0018 | 0.460; 0.08 | +0.00758 ± 0.00072 | -0.00014 ± 0.00065 |
| (ii) Δc = +0.01 | global (run-level prediction) | 1.1390 | +0.0003 ± 0.0049 | -0.0000 ± 0.0000 | +0.0003 ± 0.0049 | 0.537; 0.04 | — | — |
| (ii) Δc = +0.01 | global (period-level prediction) | 1.1390 | +0.0003 ± 0.0049 | +0.0028 ± 0.0040 | -0.0025 ± 0.0027 | 0.461; 0.12 | — | — |
| (ii) Δc = +0.02 | W60 | 0.7154 | +0.0002 ± 0.0039 | +0.0053 ± 0.0037 | -0.0052 ± 0.0016 | 0.055; 0.76 | +0.01480 ± 0.00069 | -0.00037 ± 0.00063 |
| (ii) Δc = +0.02 | global (run-level prediction) | 1.1446 | -0.0033 ± 0.0050 | -0.0000 ± 0.0000 | -0.0033 ± 0.0050 | 0.403; 0.14 | — | — |
| (ii) Δc = +0.02 | global (period-level prediction) | 1.1446 | -0.0033 ± 0.0050 | +0.0092 ± 0.0039 | -0.0124 ± 0.0029 | 0.010; 0.92 | — | — |
| (ii) Δc = +0.03 | W60 | 0.7152 | +0.0001 ± 0.0031 | +0.0110 ± 0.0034 | -0.0109 ± 0.0017 | 0.001; 1.00 | +0.02210 ± 0.00071 | -0.00083 ± 0.00055 |
| (ii) Δc = +0.03 | global (run-level prediction) | 1.1512 | -0.0080 ± 0.0037 | -0.0000 ± 0.0000 | -0.0080 ± 0.0037 | 0.206; 0.26 | — | — |
| (ii) Δc = +0.03 | global (period-level prediction) | 1.1512 | -0.0080 ± 0.0037 | +0.0198 ± 0.0035 | -0.0278 ± 0.0027 | 0.000; 1.00 | — | — |
| (ii) Δc = −0.02 | W60 | 0.7152 | -0.0002 ± 0.0038 | +0.0053 ± 0.0037 | -0.0055 ± 0.0018 | 0.039; 0.80 | -0.01495 ± 0.00066 | -0.00027 ± 0.00059 |
| (ii) Δc = −0.02 | global (run-level prediction) | 1.1438 | -0.0045 ± 0.0050 | +0.0000 ± 0.0000 | -0.0045 ± 0.0050 | 0.408; 0.14 | — | — |
| (ii) Δc = −0.02 | global (period-level prediction) | 1.1438 | -0.0045 ± 0.0050 | +0.0089 ± 0.0041 | -0.0134 ± 0.0033 | 0.009; 0.94 | — | — |
| (iii) Δa = −0.015, Δc = +0.02 | W60 | 0.7153 | -0.0419 ± 0.0035 | -0.0427 ± 0.0033 | +0.0009 ± 0.0016 | 0.521; 0.00 | +0.01500 ± 0.00080 | +0.00093 ± 0.00056 |
| (iii) Δa = −0.015, Δc = +0.02 | global (run-level prediction) | 1.1364 | -0.0694 ± 0.0049 | -0.0000 ± 0.0000 | -0.0694 ± 0.0049 | 0.000; 1.00 | — | — |
| (iii) Δa = −0.015, Δc = +0.02 | global (period-level prediction) | 1.1364 | -0.0694 ± 0.0049 | -0.0687 ± 0.0040 | -0.0006 ± 0.0035 | 0.525; 0.10 | — | — |
| (iv) a_x − a_y = 0.03, Δa = −0.015 | W60 | 0.7131 | -0.0422 ± 0.0036 | -0.0473 ± 0.0038 | +0.0051 ± 0.0018 | 0.052; 0.72 | +0.00013 ± 0.00071 | +0.00130 ± 0.00056 |
| (iv) a_x − a_y = 0.03, Δa = −0.015 | global (run-level prediction) | 1.1127 | -0.0677 ± 0.0046 | +0.0000 ± 0.0000 | -0.0677 ± 0.0046 | 0.000; 1.00 | — | — |
| (iv) a_x − a_y = 0.03, Δa = −0.015 | global (period-level prediction) | 1.1127 | -0.0677 ± 0.0046 | -0.0746 ± 0.0045 | +0.0069 ± 0.0030 | 0.114; 0.64 | — | — |

Predictions recorded (plan §5, B17): (i) residual ≈ its finite-sample expectation (+0.004 to +0.008 at W = 60; near zero at the global fit); (ii) residual ≈ −1.77 Δc at the global fit (first order), smaller in magnitude at W = 60 through the bias, δ_sym ≈ 0.94 Δc; (iii) additive to first order; (iv) sts level lowered by the asymmetry with the residual near its expectation. Rule: this is the calibration the diagnostic lacked; its table is quoted wherever a residual is interpreted, and the finite-sample null of Results 4 is superseded by it where they overlap. Each condition's row is read against these in the outcome entry.
Note: the diagnostic's prediction uses the measured (a_x, a_y, q); a Δc changes the measured lag-0 q and the lag-1 autocorrelations of the coupled pair as well as the cross-lag entries, so the residual under (ii) is the estimator's response to the part of the change the AR(1) substitution cannot follow.
done (2638s)
=== 2026-09-26 21:27:16  notes/partB17b_calibration_filtered.py   -> notes/review_results/partB/calibration_filtered_run.log
git=c25a310
   filter fitted to the placebo ACF: beta=200 lo=0.0064 hi=0.080; lags 1-6 [ 0.872  0.549  0.179 -0.091 -0.196 -0.168]
   solving the generator's parameters on calibration draws (3,000 pairs × 3,000 samples) ...
   solved: β̄ = 185.4, σ_q = 0.2637, β̄_post = 105.7, δ = 82.6; check draws: pre a = 0.8637, |q| = 0.2844; post a = 0.8483; asymmetry a_x − a_y = 0.0300 (45s)
   (i) Δa (post filter): replicate 10/50 (95s)
   (i) Δa (post filter): replicate 20/50 (159s)
   (i) Δa (post filter): replicate 30/50 (214s)
   (i) Δa (post filter): replicate 40/50 (269s)
   (i) Δa (post filter): replicate 50/50 (316s)
   (ii) Δc = +0.01: replicate 10/50 (371s)
   (ii) Δc = +0.01: replicate 20/50 (427s)
   (ii) Δc = +0.01: replicate 30/50 (478s)
   (ii) Δc = +0.01: replicate 40/50 (526s)
   (ii) Δc = +0.01: replicate 50/50 (574s)
   (ii) Δc = +0.02: replicate 10/50 (627s)
   (ii) Δc = +0.02: replicate 20/50 (696s)
   (ii) Δc = +0.02: replicate 30/50 (761s)
   (ii) Δc = +0.02: replicate 40/50 (830s)
   (ii) Δc = +0.02: replicate 50/50 (881s)
   (ii) Δc = +0.03: replicate 10/50 (938s)
   (ii) Δc = +0.03: replicate 20/50 (989s)
   (ii) Δc = +0.03: replicate 30/50 (1055s)
   (ii) Δc = +0.03: replicate 40/50 (1110s)
   (ii) Δc = +0.03: replicate 50/50 (1162s)
   (ii) Δc = −0.02: replicate 10/50 (1227s)
   (ii) Δc = −0.02: replicate 20/50 (1284s)
   (ii) Δc = −0.02: replicate 30/50 (1332s)
   (ii) Δc = −0.02: replicate 40/50 (1383s)
   (ii) Δc = −0.02: replicate 50/50 (1448s)
   (iii) Δa and Δc = +0.02: replicate 10/50 (1517s)
   (iii) Δa and Δc = +0.02: replicate 20/50 (1585s)
   (iii) Δa and Δc = +0.02: replicate 30/50 (1640s)
   (iii) Δa and Δc = +0.02: replicate 40/50 (1698s)
   (iii) Δa and Δc = +0.02: replicate 50/50 (1763s)
   (iv) a_x − a_y = 0.03 with Δa: replicate 10/50 (1824s)
   (iv) a_x − a_y = 0.03 with Δa: replicate 20/50 (1884s)
   (iv) a_x − a_y = 0.03 with Δa: replicate 30/50 (1933s)
   (iv) a_x − a_y = 0.03 with Δa: replicate 40/50 (1985s)
   (iv) a_x − a_y = 0.03 with Δa: replicate 50/50 (2038s)
# Calibration of the residual diagnostic on the band-passed generator (partB17b_calibration_filtered.py)
git=c25a310

Generator of review_v2_residual_null.py: smooth 0.0064–0.080 Hz band-pass (0.004 Hz cosine edges) with tilt exp(−β f²) applied to two white noises of correlation q, circularly over the run's 840 samples; per pair β ~ N(β̄, 0.5 β̄) (clipped below at 5), q ~ N(0, σ_q) (clipped to ±0.95). Solved once on calibration draws of 3000 pairs × 3000 samples (W = 60): β̄ = 185.4 (window-level mean a 0.8637, target 0.8632), σ_q = 0.2637 (mean |q| 0.2844, target 0.2842), β̄_post = 105.7 (mean a 0.8483, target 0.8482), δ = 82.6 (mean a_x − a_y 0.0300, target 0.03); held fixed. N_PAIRS = 300 pairs per subject, 14 subjects × 2 runs × 840 samples; the DMT run's white noises filtered at the pre and at the post parameters (β scaled by β̄_post/β̄) and spliced at sample 300; (ii): x_t ← x_t + c y_(t−1), y_t ← y_t + c x_(t−1) on the post samples, each post segment rescaled to its SD before the coupling; (iv): x at β + δ, y at β − δ. W = 60; bins of 30; 50 replicates per condition; bootstrap 1000 draws; sign-flip exact over 2^14; seed 20261120. DiD = windows 6–14 minus 1–4 (bins 11–28 minus 1–8), DMT minus placebo, mean over subjects; ± is the SD over replicates. At the global fit the run-level prediction (constant across a run's bins; its DiD is zero and the residual DiD equals the observed DiD) and the period-level prediction ((a_x, a_y, q) measured on the pre and the post samples separately) are both tabulated, as in B17.

| condition | estimator | sts level (pre) | sts DiD | predicted DiD | residual DiD | residual p (mean; share < 0.05) | δ_sym DiD | RMS δ_anti DiD |
|---|---|---|---|---|---|---|---|---|
| (i) Δa (post filter) | W60 | 1.1883 | -0.0940 ± 0.0028 | -0.0966 ± 0.0027 | +0.0027 ± 0.0014 | 0.136; 0.54 | -0.00005 ± 0.00030 | +0.00641 ± 0.00104 |
| (i) Δa (post filter) | global (run-level prediction) | 1.3262 | -0.1046 ± 0.0035 | +0.0000 ± 0.0000 | -0.1046 ± 0.0035 | 0.000; 1.00 | — | — |
| (i) Δa (post filter) | global (period-level prediction) | 1.3262 | -0.1046 ± 0.0035 | -0.1089 ± 0.0030 | +0.0043 ± 0.0020 | 0.116; 0.62 | — | — |
| (ii) Δc = +0.01 | W60 | 1.1878 | +0.0001 ± 0.0029 | -0.0002 ± 0.0025 | +0.0003 ± 0.0011 | 0.464; 0.04 | +0.00025 ± 0.00031 | -0.00021 ± 0.00096 |
| (ii) Δc = +0.01 | global (run-level prediction) | 1.3349 | -0.0003 ± 0.0034 | -0.0000 ± 0.0000 | -0.0003 ± 0.0034 | 0.494; 0.08 | — | — |
| (ii) Δc = +0.01 | global (period-level prediction) | 1.3349 | -0.0003 ± 0.0034 | -0.0002 ± 0.0024 | -0.0002 ± 0.0021 | 0.459; 0.06 | — | — |
| (ii) Δc = +0.02 | W60 | 1.1878 | +0.0002 ± 0.0025 | +0.0004 ± 0.0026 | -0.0002 ± 0.0012 | 0.517; 0.04 | +0.00045 ± 0.00024 | -0.00002 ± 0.00103 |
| (ii) Δc = +0.02 | global (run-level prediction) | 1.3353 | -0.0001 ± 0.0034 | +0.0000 ± 0.0000 | -0.0001 ± 0.0034 | 0.569; 0.02 | — | — |
| (ii) Δc = +0.02 | global (period-level prediction) | 1.3353 | -0.0001 ± 0.0034 | -0.0000 ± 0.0028 | -0.0001 ± 0.0020 | 0.477; 0.04 | — | — |
| (ii) Δc = +0.03 | W60 | 1.1883 | -0.0009 ± 0.0028 | -0.0005 ± 0.0026 | -0.0004 ± 0.0012 | 0.453; 0.06 | +0.00069 ± 0.00024 | -0.00018 ± 0.00096 |
| (ii) Δc = +0.03 | global (run-level prediction) | 1.3361 | -0.0010 ± 0.0041 | -0.0000 ± 0.0000 | -0.0010 ± 0.0041 | 0.440; 0.16 | — | — |
| (ii) Δc = +0.03 | global (period-level prediction) | 1.3361 | -0.0010 ± 0.0041 | -0.0005 ± 0.0028 | -0.0005 ± 0.0022 | 0.390; 0.08 | — | — |
| (ii) Δc = −0.02 | W60 | 1.1879 | -0.0002 ± 0.0026 | +0.0000 ± 0.0024 | -0.0002 ± 0.0012 | 0.469; 0.04 | -0.00044 ± 0.00030 | +0.00019 ± 0.00077 |
| (ii) Δc = −0.02 | global (run-level prediction) | 1.3354 | -0.0004 ± 0.0039 | -0.0000 ± 0.0000 | -0.0004 ± 0.0039 | 0.422; 0.14 | — | — |
| (ii) Δc = −0.02 | global (period-level prediction) | 1.3354 | -0.0004 ± 0.0039 | -0.0004 ± 0.0027 | -0.0000 ± 0.0019 | 0.518; 0.04 | — | — |
| (iii) Δa and Δc = +0.02 | W60 | 1.1875 | -0.0944 ± 0.0026 | -0.0971 ± 0.0026 | +0.0027 ± 0.0011 | 0.115; 0.50 | +0.00060 ± 0.00031 | +0.00645 ± 0.00092 |
| (iii) Δa and Δc = +0.02 | global (run-level prediction) | 1.3255 | -0.1055 ± 0.0028 | +0.0000 ± 0.0000 | -0.1055 ± 0.0028 | 0.000; 1.00 | — | — |
| (iii) Δa and Δc = +0.02 | global (period-level prediction) | 1.3255 | -0.1055 ± 0.0028 | -0.1091 ± 0.0024 | +0.0036 ± 0.0014 | 0.132; 0.44 | — | — |
| (iv) a_x − a_y = 0.03 with Δa | W60 | 1.1668 | -0.0889 ± 0.0026 | -0.0920 ± 0.0027 | +0.0031 ± 0.0012 | 0.064; 0.62 | -0.00002 ± 0.00028 | +0.00592 ± 0.00108 |
| (iv) a_x − a_y = 0.03 with Δa | global (run-level prediction) | 1.2526 | -0.0913 ± 0.0028 | -0.0000 ± 0.0000 | -0.0913 ± 0.0028 | 0.000; 1.00 | — | — |
| (iv) a_x − a_y = 0.03 with Δa | global (period-level prediction) | 1.2526 | -0.0913 ± 0.0028 | -0.1014 ± 0.0028 | +0.0101 ± 0.0016 | 0.001; 1.00 | — | — |

## Population reference for B17's AR(1) conditions (closed form at the drawn (a_x, a_y, q); 20000 draws of B17's distributions and its Q_POOL; post = (a_x − 0.015, a_y − 0.015) with the innovation correlation held as B17 holds it)

| condition | population sts, pre | population sts, post | population change | B17 W60 level (pre) | B17 W60 sts DiD | B17 global level (pre) | B17 global sts DiD |
|---|---|---|---|---|---|---|---|
| (i) | 1.1936 | 1.1121 | -0.0816 | 0.7152 | -0.0422 | 1.1317 | -0.0675 |
| (iv) | 1.1474 | 1.0699 | -0.0775 | 0.7131 | -0.0422 | 1.1127 | -0.0677 |
| (iv) − (i), pre level | -0.0463 | — | — | -0.0021 | — | -0.0190 | — |

Predictions recorded (pre-run entry, B17b): the W = 60 sts level near the null's 1.18 rather than B17's 0.715; under (i) the sts DiD between −0.07 and −0.10 (the data's is −0.0809) and the residual DiD near the data's own null, +0.004 to +0.008; (ii) residual negative for either sign of Δc; (iii) additive; (iv) level lowered, residual near its (i) value; the population reference for B17 (i): a change of about −0.08 (1.19 → 1.11), and for (iv) − (i) a level difference of about −0.045. Rule: where B17 and B17b differ, the main text quotes B17b (the generator closer to the data) and S3 Text carries both; the finite-sample null of Results 4 is superseded by B17b where they overlap; the null's own DiD (+0.0054, review_v2_residual_null.log) is quoted beside B17b's (i). Each condition's row is read against these in the outcome entry.
done (2038s)
=== 2026-09-26 22:01:15  notes/partB2_ccs_verify.py
git=c25a310
== (A) reference MATLAB toolbox pinned by phyid
   (checkout not found)
   phyid.measures.redundancy_ccs docstring: To be implemented.
   phyid.measures.double_redundacy_ccs docstring: To be implemented.

== (B) D ≡ rtr − sts on the lattice; pointwise exclusivity under phyid's CCS
   max |D − (rtr − sts)| over 1,000 random consistent atom vectors: 3.2e-15

== (C1) independent Gaussian CCS vs phyid.calc_PhiID(redundancy='CCS'), 200 random real-data draws (W = 60 windows, ts_gsr)
   max |atom difference| over 200 draws × 16 atoms × all samples: 2.1e-13
   max |single-target CCS redundancy difference| (Ince definition vs phyid), six redundancies: 2.1e-13
   pointwise exclusivity in phyid's output (sts = 0 where signs agree, sts = −D elsewhere): max deviation 1.8e-13
   share of samples with all five signs agreeing: mean 0.283, range 0.017–0.661

== (C2) binary hand case: tabulated joint distribution of (x_t, y_t, x_{t+1}, y_{t+1}), every local MI = log2 of a ratio of table probabilities
   56 samples over 16 cells; local MIs (bits) from the table vs phyid: max |diff| 7.2e-16; six CCS redundancies: 1.8e-15; double redundancy: 1.0e-15; all 16 atoms: 3.3e-15
   sign-agreeing samples: 20/56; mean atoms (bits): rtr +0.0284, sts -0.0706, xtx +0.1401, yty +0.1467; mean D +0.0990
   hand check of the exclusivity: max |sts| at agreeing samples 2.2e-16; max |sts + D| elsewhere 4.4e-16
   sample 0 = (np.int64(0), np.int64(0), np.int64(0), np.int64(0)): p(x_t,x_t+1) = 0.3750, p(x_t) = 0.5179, p(x_t+1) = 0.4821 → i(x_t; x_t+1) = +0.5868 bits (phyid +0.5868)
=== 2026-09-26 22:01:17  notes/partB2_ccs_run.py
git=c25a310
   ts_gsr: subject 1/14 done (11s)
   ts_gsr: subject 2/14 done (21s)
   ts_gsr: subject 3/14 done (31s)
   ts_gsr: subject 4/14 done (41s)
   ts_gsr: subject 5/14 done (51s)
   ts_gsr: subject 6/14 done (61s)
   ts_gsr: subject 7/14 done (72s)
   ts_gsr: subject 8/14 done (82s)
   ts_gsr: subject 9/14 done (92s)
   ts_gsr: subject 10/14 done (102s)
   ts_gsr: subject 11/14 done (112s)
   ts_gsr: subject 12/14 done (122s)
   ts_gsr: subject 13/14 done (133s)
   ts_gsr: subject 14/14 done (143s)
CCS sts ts_gsr W60                 primary                DiD +0.0036 [-0.0001, +0.0072] p=0.0844 neg 4/14 | phase p=0.0160 | DMT +0.0012 (p=0.388) PCB -0.0024 (p=0.063) placebo share 0.67 | FD DiD +0.0143 (p=0.245) | FD-resid +0.0032 [+0.0001, +0.0064] p=0.0841 3/14 SURVIVES
CCS sts ts_gsr W60                 sensitivity            DiD +0.0038 [+0.0005, +0.0071] p=0.0516 neg 4/14 | phase p=0.0110 | DMT +0.0015 (p=0.268) PCB -0.0023 (p=0.062) placebo share 0.61 | FD DiD +0.0191 (p=0.108) | FD-resid +0.0034 [+0.0005, +0.0063] p=0.0481 3/14 SURVIVES
CCS sts ts_gsr W60                 early                  DiD +0.0038 [-0.0002, +0.0080] p=0.0967 neg 5/14 | phase p=0.0290 | DMT +0.0016 (p=0.148) PCB -0.0022 (p=0.169) placebo share 0.57 | FD DiD +0.0366 (p=0.010) | FD-resid +0.0031 [-0.0004, +0.0069] p=0.1270 6/14 does NOT survive
CCS sts ts_gsr W60                 late                   DiD +0.0035 [-0.0008, +0.0075] p=0.1367 neg 3/14 | phase p=0.0360 | DMT +0.0008 (p=0.624) PCB -0.0026 (p=0.065) placebo share 0.76 | FD DiD -0.0034 (p=0.807) | FD-resid +0.0033 [-0.0003, +0.0067] p=0.0995 4/14 does NOT survive
CCS sts ts_gsr W60                 trend_a_placebo_line   DiD +0.0033 [+0.0003, +0.0065] p=0.0684 neg 3/14
CCS sts ts_gsr W60                 trend_b_shared_slope   DiD +0.0033 [+0.0008, +0.0060] p=0.0300 neg 4/14
CCS xtx+yty ts_gsr W60             primary                DiD -0.0909 [-0.1441, -0.0400] p=0.0049 neg 12/14 | phase p=0.0020 | DMT -0.0532 (p=0.030) PCB +0.0377 (p=0.037) placebo share 0.41 | FD DiD +0.0143 (p=0.245) | FD-resid -0.0711 [-0.1087, -0.0293] p=0.0068 13/14 SURVIVES
CCS xtx+yty ts_gsr W60             sensitivity            DiD -0.0811 [-0.1337, -0.0293] p=0.0095 neg 12/14 | phase p=0.0020 | DMT -0.0527 (p=0.028) PCB +0.0284 (p=0.093) placebo share 0.35 | FD DiD +0.0191 (p=0.108) | FD-resid -0.0596 [-0.0962, -0.0193] p=0.0148 13/14 SURVIVES
CCS xtx+yty ts_gsr W60             early                  DiD -0.1129 [-0.1651, -0.0629] p=0.0012 neg 12/14 | phase p=0.0010 | DMT -0.0914 (p=0.001) PCB +0.0214 (p=0.226) placebo share 0.19 | FD DiD +0.0366 (p=0.010) | FD-resid -0.0865 [-0.1279, -0.0454] p=0.0023 11/14 SURVIVES
CCS xtx+yty ts_gsr W60             late                   DiD -0.0734 [-0.1326, -0.0137] p=0.0333 neg 10/14 | phase p=0.0040 | DMT -0.0226 (p=0.388) PCB +0.0508 (p=0.010) placebo share 0.69 | FD DiD -0.0034 (p=0.807) | FD-resid -0.0589 [-0.1033, -0.0068] p=0.0388 11/14 SURVIVES
CCS xtx+yty ts_gsr W60             trend_a_placebo_line   DiD -0.1005 [-0.1530, -0.0514] p=0.0022 neg 13/14
CCS xtx+yty ts_gsr W60             trend_b_shared_slope   DiD -0.1108 [-0.1609, -0.0650] p=0.0009 neg 13/14
CCS rtr ts_gsr W60                 primary                DiD -0.0124 [-0.0215, -0.0028] p=0.0326 neg 10/14 | phase p=0.0050 | DMT -0.0116 (p=0.011) PCB +0.0008 (p=0.781) placebo share 0.06 | FD DiD +0.0143 (p=0.245) | FD-resid -0.0114 [-0.0207, -0.0014] p=0.0452 10/14 SURVIVES
CCS rtr ts_gsr W60                 sensitivity            DiD -0.0115 [-0.0205, -0.0019] p=0.0413 neg 10/14 | phase p=0.0060 | DMT -0.0112 (p=0.014) PCB +0.0003 (p=0.921) placebo share 0.03 | FD DiD +0.0191 (p=0.108) | FD-resid -0.0102 [-0.0190, -0.0011] p=0.0576 10/14 SURVIVES
CCS rtr ts_gsr W60                 early                  DiD -0.0207 [-0.0289, -0.0123] p=0.0010 neg 12/14 | phase p=0.0010 | DMT -0.0184 (p=0.000) PCB +0.0023 (p=0.466) placebo share 0.11 | FD DiD +0.0366 (p=0.010) | FD-resid -0.0177 [-0.0258, -0.0095] p=0.0024 11/14 SURVIVES
CCS rtr ts_gsr W60                 late                   DiD -0.0058 [-0.0168, +0.0063] p=0.3501 neg 9/14 | phase p=0.2617 | DMT -0.0062 (p=0.191) PCB -0.0004 (p=0.896) placebo share -0.08 | FD DiD -0.0034 (p=0.807) | FD-resid -0.0063 [-0.0172, +0.0054] p=0.3065 10/14 does NOT survive
CCS rtr ts_gsr W60                 trend_a_placebo_line   DiD -0.0120 [-0.0215, -0.0022] p=0.0386 neg 9/14
CCS rtr ts_gsr W60                 trend_b_shared_slope   DiD -0.0161 [-0.0247, -0.0071] p=0.0054 neg 12/14
CCS sts ts_gsr global-bins         primary                DiD +0.0210 [+0.0154, +0.0270] p=0.0001 neg 0/14 | phase p=0.0010 | DMT +0.0135 (p=0.000) PCB -0.0076 (p=0.001) placebo share 0.36 | FD DiD +0.0143 (p=0.245) | FD-resid +0.0164 [+0.0119, +0.0213] p=0.0001 0/14 SURVIVES
CCS sts ts_gsr global-bins         sensitivity            DiD +0.0205 [+0.0150, +0.0264] p=0.0001 neg 0/14 | phase p=0.0010 | DMT +0.0137 (p=0.000) PCB -0.0068 (p=0.001) placebo share 0.33 | FD DiD +0.0174 (p=0.155) | FD-resid +0.0161 [+0.0116, +0.0209] p=0.0001 0/14 SURVIVES
CCS sts ts_gsr global-bins         early                  DiD +0.0199 [+0.0144, +0.0258] p=0.0001 neg 0/14 | phase p=0.0010 | DMT +0.0176 (p=0.000) PCB -0.0023 (p=0.118) placebo share 0.11 | FD DiD +0.0366 (p=0.010) | FD-resid +0.0169 [+0.0120, +0.0220] p=0.0001 0/14 SURVIVES
CCS sts ts_gsr global-bins         late                   DiD +0.0219 [+0.0152, +0.0287] p=0.0002 neg 1/14 | phase p=0.0010 | DMT +0.0101 (p=0.003) PCB -0.0118 (p=0.000) placebo share 0.54 | FD DiD -0.0034 (p=0.807) | FD-resid +0.0161 [+0.0111, +0.0209] p=0.0001 0/14 SURVIVES
CCS sts ts_gsr global-bins         trend_a_placebo_line   DiD +0.0242 [+0.0180, +0.0303] p=0.0001 neg 0/14
CCS sts ts_gsr global-bins         trend_b_shared_slope   DiD +0.0242 [+0.0182, +0.0302] p=0.0001 neg 0/14
CCS xtx+yty ts_gsr global-bins     primary                DiD -0.0807 [-0.1424, -0.0215] p=0.0201 neg 13/14 | phase p=0.0010 | DMT -0.0521 (p=0.079) PCB +0.0287 (p=0.072) placebo share 0.36 | FD DiD +0.0143 (p=0.245) | FD-resid -0.0645 [-0.1120, -0.0115] p=0.0315 13/14 SURVIVES
CCS xtx+yty ts_gsr global-bins     sensitivity            DiD -0.0782 [-0.1401, -0.0193] p=0.0232 neg 13/14 | phase p=0.0010 | DMT -0.0535 (p=0.070) PCB +0.0247 (p=0.112) placebo share 0.32 | FD DiD +0.0174 (p=0.155) | FD-resid -0.0610 [-0.1068, -0.0087] p=0.0360 11/14 SURVIVES
CCS xtx+yty ts_gsr global-bins     early                  DiD -0.1038 [-0.1602, -0.0523] p=0.0018 neg 13/14 | phase p=0.0010 | DMT -0.0830 (p=0.005) PCB +0.0208 (p=0.208) placebo share 0.20 | FD DiD +0.0366 (p=0.010) | FD-resid -0.0789 [-0.1221, -0.0338] p=0.0065 11/14 SURVIVES
CCS xtx+yty ts_gsr global-bins     late                   DiD -0.0622 [-0.1343, +0.0102] p=0.1208 neg 11/14 | phase p=0.0330 | DMT -0.0273 (p=0.408) PCB +0.0349 (p=0.052) placebo share 0.56 | FD DiD -0.0034 (p=0.807) | FD-resid -0.0530 [-0.1107, +0.0114] p=0.1284 11/14 does NOT survive
CCS xtx+yty ts_gsr global-bins     trend_a_placebo_line   DiD -0.0829 [-0.1430, -0.0232] p=0.0188 neg 12/14
CCS xtx+yty ts_gsr global-bins     trend_b_shared_slope   DiD -0.0963 [-0.1542, -0.0414] p=0.0050 neg 13/14
CCS rtr ts_gsr global-bins         primary                DiD -0.0223 [-0.0318, -0.0128] p=0.0006 neg 13/14 | phase p=0.0010 | DMT -0.0176 (p=0.002) PCB +0.0047 (p=0.051) placebo share 0.21 | FD DiD +0.0143 (p=0.245) | FD-resid -0.0183 [-0.0272, -0.0094] p=0.0023 12/14 SURVIVES
CCS rtr ts_gsr global-bins         sensitivity            DiD -0.0222 [-0.0316, -0.0130] p=0.0006 neg 13/14 | phase p=0.0010 | DMT -0.0182 (p=0.001) PCB +0.0039 (p=0.092) placebo share 0.18 | FD DiD +0.0174 (p=0.155) | FD-resid -0.0182 [-0.0268, -0.0096] p=0.0021 12/14 SURVIVES
CCS rtr ts_gsr global-bins         early                  DiD -0.0270 [-0.0343, -0.0196] p=0.0002 neg 13/14 | phase p=0.0010 | DMT -0.0250 (p=0.000) PCB +0.0019 (p=0.336) placebo share 0.07 | FD DiD +0.0366 (p=0.010) | FD-resid -0.0227 [-0.0303, -0.0154] p=0.0002 13/14 SURVIVES
CCS rtr ts_gsr global-bins         late                   DiD -0.0186 [-0.0300, -0.0071] p=0.0120 neg 11/14 | phase p=0.0020 | DMT -0.0117 (p=0.049) PCB +0.0069 (p=0.030) placebo share 0.37 | FD DiD -0.0034 (p=0.807) | FD-resid -0.0148 [-0.0252, -0.0042] p=0.0223 11/14 SURVIVES
CCS rtr ts_gsr global-bins         trend_a_placebo_line   DiD -0.0246 [-0.0349, -0.0147] p=0.0007 neg 12/14
CCS rtr ts_gsr global-bins         trend_b_shared_slope   DiD -0.0278 [-0.0373, -0.0185] p=0.0004 neg 13/14
   ts_demean: subject 1/14 done (196s)
   ts_demean: subject 2/14 done (206s)
   ts_demean: subject 3/14 done (217s)
   ts_demean: subject 4/14 done (227s)
   ts_demean: subject 5/14 done (237s)
   ts_demean: subject 6/14 done (247s)
   ts_demean: subject 7/14 done (257s)
   ts_demean: subject 8/14 done (267s)
   ts_demean: subject 9/14 done (277s)
   ts_demean: subject 10/14 done (287s)
   ts_demean: subject 11/14 done (297s)
   ts_demean: subject 12/14 done (308s)
   ts_demean: subject 13/14 done (318s)
   ts_demean: subject 14/14 done (328s)
CCS sts ts_demean W60              primary                DiD +0.0134 [+0.0056, +0.0221] p=0.0052 neg 3/14 | phase p=0.0030 | DMT +0.0063 (p=0.090) PCB -0.0070 (p=0.003) placebo share 0.53 | FD DiD +0.0143 (p=0.245) | FD-resid +0.0128 [+0.0056, +0.0207] p=0.0044 3/14 SURVIVES
CCS sts ts_demean W60              sensitivity            DiD +0.0120 [+0.0046, +0.0204] p=0.0065 neg 3/14 | phase p=0.0050 | DMT +0.0054 (p=0.107) PCB -0.0066 (p=0.004) placebo share 0.55 | FD DiD +0.0191 (p=0.108) | FD-resid +0.0115 [+0.0046, +0.0191] p=0.0068 3/14 SURVIVES
CCS sts ts_demean W60              early                  DiD +0.0102 [+0.0031, +0.0174] p=0.0159 neg 2/14 | phase p=0.0539 | DMT +0.0036 (p=0.285) PCB -0.0066 (p=0.002) placebo share 0.65 | FD DiD +0.0366 (p=0.010) | FD-resid +0.0106 [+0.0054, +0.0165] p=0.0013 1/14 SURVIVES
CCS sts ts_demean W60              late                   DiD +0.0159 [+0.0058, +0.0274] p=0.0100 neg 3/14 | phase p=0.0010 | DMT +0.0085 (p=0.075) PCB -0.0074 (p=0.010) placebo share 0.46 | FD DiD -0.0034 (p=0.807) | FD-resid +0.0145 [+0.0049, +0.0252] p=0.0137 4/14 SURVIVES
CCS sts ts_demean W60              trend_a_placebo_line   DiD +0.0115 [+0.0043, +0.0194] p=0.0093 neg 3/14
CCS sts ts_demean W60              trend_b_shared_slope   DiD +0.0090 [+0.0026, +0.0160] p=0.0219 neg 2/14
CCS xtx+yty ts_demean W60          primary                DiD -0.1305 [-0.1876, -0.0728] p=0.0018 neg 13/14 | phase p=0.0010 | DMT -0.0806 (p=0.022) PCB +0.0499 (p=0.011) placebo share 0.38 | FD DiD +0.0143 (p=0.245) | FD-resid -0.1077 [-0.1549, -0.0566] p=0.0022 13/14 SURVIVES
CCS xtx+yty ts_demean W60          sensitivity            DiD -0.1157 [-0.1698, -0.0581] p=0.0024 neg 12/14 | phase p=0.0010 | DMT -0.0764 (p=0.023) PCB +0.0392 (p=0.029) placebo share 0.34 | FD DiD +0.0191 (p=0.108) | FD-resid -0.0918 [-0.1369, -0.0437] p=0.0040 13/14 SURVIVES
CCS xtx+yty ts_demean W60          early                  DiD -0.1392 [-0.1899, -0.0867] p=0.0006 neg 13/14 | phase p=0.0010 | DMT -0.1113 (p=0.003) PCB +0.0279 (p=0.094) placebo share 0.20 | FD DiD +0.0366 (p=0.010) | FD-resid -0.1147 [-0.1646, -0.0666] p=0.0010 13/14 SURVIVES
CCS xtx+yty ts_demean W60          late                   DiD -0.1235 [-0.1933, -0.0523] p=0.0066 neg 11/14 | phase p=0.0010 | DMT -0.0561 (p=0.124) PCB +0.0674 (p=0.004) placebo share 0.55 | FD DiD -0.0034 (p=0.807) | FD-resid -0.1021 [-0.1632, -0.0374] p=0.0104 11/14 SURVIVES
CCS xtx+yty ts_demean W60          trend_a_placebo_line   DiD -0.1400 [-0.2027, -0.0783] p=0.0013 neg 13/14
CCS xtx+yty ts_demean W60          trend_b_shared_slope   DiD -0.1420 [-0.2023, -0.0829] p=0.0012 neg 13/14
CCS rtr ts_demean W60              primary                DiD +0.0050 [-0.0079, +0.0194] p=0.4977 neg 8/14 | phase p=0.4276 | DMT +0.0085 (p=0.316) PCB +0.0035 (p=0.370) placebo share -0.70 | FD DiD +0.0143 (p=0.245) | FD-resid +0.0071 [-0.0073, +0.0242] p=0.4414 8/14 does NOT survive
CCS rtr ts_demean W60              sensitivity            DiD +0.0070 [-0.0053, +0.0225] p=0.3916 neg 8/14 | phase p=0.2917 | DMT +0.0119 (p=0.233) PCB +0.0050 (p=0.266) placebo share -0.71 | FD DiD +0.0191 (p=0.108) | FD-resid +0.0074 [-0.0060, +0.0246] p=0.4407 8/14 does NOT survive
CCS rtr ts_demean W60              early                  DiD -0.0006 [-0.0153, +0.0170] p=0.9523 neg 8/14 | phase p=0.9471 | DMT +0.0038 (p=0.636) PCB +0.0044 (p=0.361) placebo share 7.40 | FD DiD +0.0366 (p=0.010) | FD-resid -0.0038 [-0.0149, +0.0094] p=0.5969 9/14 does NOT survive
CCS rtr ts_demean W60              late                   DiD +0.0095 [-0.0048, +0.0245] p=0.2526 neg 5/14 | phase p=0.1898 | DMT +0.0123 (p=0.201) PCB +0.0028 (p=0.518) placebo share -0.30 | FD DiD -0.0034 (p=0.807) | FD-resid +0.0158 [-0.0028, +0.0364] p=0.1630 6/14 does NOT survive
CCS rtr ts_demean W60              trend_a_placebo_line   DiD +0.0065 [-0.0053, +0.0206] p=0.3965 neg 6/14
CCS rtr ts_demean W60              trend_b_shared_slope   DiD +0.0030 [-0.0082, +0.0160] p=0.6584 neg 10/14
CCS sts ts_demean global-bins      primary                DiD +0.0321 [+0.0216, +0.0431] p=0.0001 neg 0/14 | phase p=0.0010 | DMT +0.0225 (p=0.001) PCB -0.0096 (p=0.000) placebo share 0.30 | FD DiD +0.0143 (p=0.245) | FD-resid +0.0262 [+0.0164, +0.0374] p=0.0001 0/14 SURVIVES
CCS sts ts_demean global-bins      sensitivity            DiD +0.0317 [+0.0215, +0.0428] p=0.0001 neg 0/14 | phase p=0.0010 | DMT +0.0228 (p=0.000) PCB -0.0089 (p=0.000) placebo share 0.28 | FD DiD +0.0174 (p=0.155) | FD-resid +0.0262 [+0.0163, +0.0373] p=0.0001 0/14 SURVIVES
CCS sts ts_demean global-bins      early                  DiD +0.0294 [+0.0208, +0.0386] p=0.0001 neg 0/14 | phase p=0.0010 | DMT +0.0256 (p=0.000) PCB -0.0038 (p=0.060) placebo share 0.13 | FD DiD +0.0366 (p=0.010) | FD-resid +0.0264 [+0.0172, +0.0369] p=0.0001 0/14 SURVIVES
CCS sts ts_demean global-bins      late                   DiD +0.0343 [+0.0213, +0.0477] p=0.0004 neg 1/14 | phase p=0.0010 | DMT +0.0200 (p=0.004) PCB -0.0143 (p=0.000) placebo share 0.42 | FD DiD -0.0034 (p=0.807) | FD-resid +0.0261 [+0.0152, +0.0381] p=0.0001 0/14 SURVIVES
CCS sts ts_demean global-bins      trend_a_placebo_line   DiD +0.0362 [+0.0248, +0.0485] p=0.0001 neg 0/14
CCS sts ts_demean global-bins      trend_b_shared_slope   DiD +0.0350 [+0.0245, +0.0464] p=0.0001 neg 0/14
CCS xtx+yty ts_demean global-bins  primary                DiD -0.1133 [-0.1810, -0.0422] p=0.0106 neg 12/14 | phase p=0.0010 | DMT -0.0721 (p=0.070) PCB +0.0412 (p=0.033) placebo share 0.36 | FD DiD +0.0143 (p=0.245) | FD-resid -0.0981 [-0.1597, -0.0292] p=0.0178 11/14 SURVIVES
CCS xtx+yty ts_demean global-bins  sensitivity            DiD -0.1100 [-0.1779, -0.0389] p=0.0126 neg 11/14 | phase p=0.0010 | DMT -0.0713 (p=0.069) PCB +0.0386 (p=0.042) placebo share 0.35 | FD DiD +0.0174 (p=0.155) | FD-resid -0.0942 [-0.1543, -0.0250] p=0.0193 11/14 SURVIVES
CCS xtx+yty ts_demean global-bins  early                  DiD -0.1257 [-0.1848, -0.0645] p=0.0024 neg 12/14 | phase p=0.0020 | DMT -0.1008 (p=0.013) PCB +0.0249 (p=0.157) placebo share 0.20 | FD DiD +0.0366 (p=0.010) | FD-resid -0.1063 [-0.1641, -0.0487] p=0.0055 12/14 SURVIVES
CCS xtx+yty ts_demean global-bins  late                   DiD -0.1033 [-0.1866, -0.0157] p=0.0405 neg 11/14 | phase p=0.0040 | DMT -0.0491 (p=0.252) PCB +0.0541 (p=0.018) placebo share 0.52 | FD DiD -0.0034 (p=0.807) | FD-resid -0.0914 [-0.1675, -0.0109] p=0.0549 10/14 SURVIVES
CCS xtx+yty ts_demean global-bins  trend_a_placebo_line   DiD -0.1152 [-0.1864, -0.0411] p=0.0122 neg 12/14
CCS xtx+yty ts_demean global-bins  trend_b_shared_slope   DiD -0.1240 [-0.1956, -0.0511] p=0.0066 neg 12/14
CCS rtr ts_demean global-bins      primary                DiD -0.0183 [-0.0313, -0.0072] p=0.0082 neg 11/14 | phase p=0.0060 | DMT -0.0104 (p=0.112) PCB +0.0078 (p=0.035) placebo share 0.43 | FD DiD +0.0143 (p=0.245) | FD-resid -0.0128 [-0.0245, -0.0015] p=0.0533 11/14 SURVIVES
CCS rtr ts_demean global-bins      sensitivity            DiD -0.0172 [-0.0304, -0.0059] p=0.0128 neg 10/14 | phase p=0.0070 | DMT -0.0106 (p=0.106) PCB +0.0066 (p=0.061) placebo share 0.39 | FD DiD +0.0174 (p=0.155) | FD-resid -0.0127 [-0.0241, -0.0013] p=0.0544 11/14 SURVIVES
CCS rtr ts_demean global-bins      early                  DiD -0.0223 [-0.0338, -0.0106] p=0.0046 neg 10/14 | phase p=0.0030 | DMT -0.0187 (p=0.004) PCB +0.0036 (p=0.276) placebo share 0.16 | FD DiD +0.0366 (p=0.010) | FD-resid -0.0221 [-0.0310, -0.0135] p=0.0005 12/14 SURVIVES
CCS rtr ts_demean global-bins      late                   DiD -0.0151 [-0.0310, -0.0013] p=0.0732 neg 10/14 | phase p=0.0340 | DMT -0.0039 (p=0.604) PCB +0.0112 (p=0.018) placebo share 0.74 | FD DiD -0.0034 (p=0.807) | FD-resid -0.0055 [-0.0211, +0.0104] p=0.5178 9/14 does NOT survive
CCS rtr ts_demean global-bins      trend_a_placebo_line   DiD -0.0209 [-0.0340, -0.0097] p=0.0022 neg 11/14
CCS rtr ts_demean global-bins      trend_b_shared_slope   DiD -0.0244 [-0.0369, -0.0133] p=0.0006 neg 12/14
# CCS tables (partB2_ccs_run.py)
git=c25a310

## ts_gsr W60: 16 atoms, DMT pre-injection level and primary DiD, CCS vs MMI (nats)

| atom | CCS level | MMI level | CCS DiD (mean, neg/14) | MMI DiD |
|---|---|---|---|---|
| rtr | +0.0916 | +0.0388 | -0.0124 (10) | -0.0078 |
| rtx | +0.0008 | +0.0258 | +0.0007 (5) | -0.0012 |
| rty | +0.0001 | +0.0254 | +0.0011 (4) | -0.0012 |
| rts | -0.0038 | +0.5669 | -0.0008 (10) | -0.0407 |
| xtr | +0.0005 | +0.0254 | +0.0008 (4) | -0.0012 |
| xtx | +0.6245 | +0.6273 | -0.0515 (12) | -0.0523 |
| xty | -0.0279 | -0.0254 | +0.0016 (6) | +0.0012 |
| xts | +0.0633 | -0.5352 | -0.0026 (9) | +0.0399 |
| ytr | +0.0004 | +0.0258 | +0.0010 (4) | -0.0012 |
| ytx | -0.0281 | -0.0258 | +0.0018 (7) | +0.0012 |
| yty | +0.6105 | +0.6125 | -0.0394 (12) | -0.0396 |
| yts | +0.0622 | -0.5358 | -0.0020 (10) | +0.0404 |
| str | -0.0039 | +0.5667 | -0.0008 (10) | -0.0408 |
| stx | +0.0634 | -0.5350 | -0.0027 (9) | +0.0401 |
| sty | +0.0623 | -0.5357 | -0.0021 (9) | +0.0403 |
| sts | -0.0387 | +1.1554 | +0.0036 (4) | -0.0809 |
| TDMI (sum) | +1.4772 | +1.4772 | -0.1037 | -0.1037 |

Per-subject CCS sts DiD vs the autocorrelation contrast (W60, window-standardised r1): Pearson r = -0.439 (p = 0.117), Spearman -0.336; vs the MMI sts DiD of the same estimator: r = -0.299; CCS (xtx+yty) DiD vs autocorrelation contrast: r = +0.955
CCS sts level / CCS (xtx + yty) level (DMT pre): -0.0387 / +1.2350; MMI: +1.1554 / +1.2398
share of samples with all five signs agreeing (mean over runs): 0.294
Group-mean window series, CCS sts vs mean r1 (28 condition-windows): r = -0.433; MMI sts vs r1: +0.977; CCS sts vs MMI sts: -0.395
Per-pair, subject 1 DMT window 6: CCS sts vs pair r1 r = -0.011, vs |q| +0.014, vs MMI sts +0.216; MMI sts vs r1 +0.742; CCS sts pair mean -0.0354 (SD 0.0698), CCS xtx+yty +1.1113, MMI sts +1.0314; agree share 0.269
Per-pair, subject 1 PCB window 2: CCS sts vs pair r1 r = +0.003, vs |q| +0.110, vs MMI sts +0.223; MMI sts vs r1 +0.697; CCS sts pair mean -0.0367 (SD 0.0744), CCS xtx+yty +1.1407, MMI sts +1.0669; agree share 0.278

## ts_gsr global-bins: 16 atoms, DMT pre-injection level and primary DiD, CCS vs MMI (nats)

| atom | CCS level | MMI level | CCS DiD (mean, neg/14) | MMI DiD |
|---|---|---|---|---|
| rtr | +0.0665 | +0.0248 | -0.0223 (13) | -0.0060 |
| rtx | +0.0001 | +0.0076 | +0.0013 (4) | -0.0031 |
| rty | -0.0001 | +0.0074 | +0.0008 (3) | -0.0028 |
| rts | -0.0065 | +0.6435 | +0.0027 (5) | -0.0396 |
| xtr | +0.0000 | +0.0074 | +0.0014 (2) | -0.0028 |
| xtx | +0.6629 | +0.6897 | -0.0468 (12) | -0.0544 |
| xty | -0.0342 | -0.0074 | +0.0112 (1) | +0.0028 |
| xts | +0.0456 | -0.6386 | -0.0176 (14) | +0.0367 |
| ytr | +0.0003 | +0.0076 | +0.0004 (6) | -0.0031 |
| ytx | -0.0346 | -0.0076 | +0.0115 (1) | +0.0031 |
| yty | +0.6450 | +0.6719 | -0.0339 (12) | -0.0431 |
| yts | +0.0456 | -0.6388 | -0.0182 (14) | +0.0368 |
| str | -0.0068 | +0.6435 | +0.0029 (5) | -0.0397 |
| stx | +0.0459 | -0.6387 | -0.0177 (14) | +0.0368 |
| sty | +0.0457 | -0.6388 | -0.0184 (14) | +0.0368 |
| sts | -0.0335 | +1.3085 | +0.0210 (0) | -0.0801 |
| TDMI (sum) | +1.4421 | +1.4421 | -0.1216 | -0.1216 |

Per-subject CCS sts DiD vs the autocorrelation contrast (W60, window-standardised r1): Pearson r = -0.253 (p = 0.383), Spearman -0.486; vs the MMI sts DiD of the same estimator: r = -0.250; CCS (xtx+yty) DiD vs autocorrelation contrast: r = +0.961
CCS sts level / CCS (xtx + yty) level (DMT pre): -0.0335 / +1.3078; MMI: +1.3085 / +1.3616
share of samples with all five signs agreeing (mean over runs): 0.304

## ts_demean W60: 16 atoms, DMT pre-injection level and primary DiD, CCS vs MMI (nats)

| atom | CCS level | MMI level | CCS DiD (mean, neg/14) | MMI DiD |
|---|---|---|---|---|
| rtr | +0.1047 | +0.0444 | +0.0050 (8) | +0.0005 |
| rtx | -0.0042 | +0.0293 | -0.0024 (9) | +0.0040 |
| rty | -0.0053 | +0.0288 | -0.0043 (8) | +0.0003 |
| rts | -0.0064 | +0.5265 | -0.0040 (11) | -0.0643 |
| xtr | -0.0046 | +0.0287 | -0.0050 (10) | +0.0003 |
| xtx | +0.5935 | +0.5871 | -0.0751 (13) | -0.0823 |
| xty | -0.0215 | -0.0286 | +0.0051 (4) | -0.0002 |
| xts | +0.0665 | -0.4933 | +0.0010 (7) | +0.0621 |
| ytr | -0.0049 | +0.0292 | -0.0015 (7) | +0.0040 |
| ytx | -0.0219 | -0.0291 | +0.0035 (4) | -0.0039 |
| yty | +0.5738 | +0.5658 | -0.0554 (12) | -0.0610 |
| yts | +0.0648 | -0.4942 | +0.0022 (6) | +0.0635 |
| str | -0.0064 | +0.5264 | -0.0040 (12) | -0.0646 |
| stx | +0.0668 | -0.4929 | +0.0002 (7) | +0.0627 |
| sty | +0.0647 | -0.4943 | +0.0028 (7) | +0.0636 |
| sts | -0.0255 | +1.1004 | +0.0134 (3) | -0.1031 |
| TDMI (sum) | +1.4341 | +1.4341 | -0.1186 | -0.1186 |

Per-subject CCS sts DiD vs the autocorrelation contrast (W60, window-standardised r1): Pearson r = -0.390 (p = 0.168), Spearman -0.398; vs the MMI sts DiD of the same estimator: r = -0.350; CCS (xtx+yty) DiD vs autocorrelation contrast: r = +0.932
CCS sts level / CCS (xtx + yty) level (DMT pre): -0.0255 / +1.1673; MMI: +1.1004 / +1.1529
share of samples with all five signs agreeing (mean over runs): 0.303
Group-mean window series, CCS sts vs mean r1 (28 condition-windows): r = -0.623; MMI sts vs r1: +0.938; CCS sts vs MMI sts: -0.546
Per-pair, subject 1 DMT window 6: CCS sts vs pair r1 r = -0.154, vs |q| +0.019, vs MMI sts +0.109; MMI sts vs r1 +0.518; CCS sts pair mean -0.0452 (SD 0.0700), CCS xtx+yty +1.1647, MMI sts +1.0562; agree share 0.331
Per-pair, subject 1 PCB window 2: CCS sts vs pair r1 r = -0.012, vs |q| +0.276, vs MMI sts +0.259; MMI sts vs r1 +0.628; CCS sts pair mean -0.0128 (SD 0.0885), CCS xtx+yty +1.0240, MMI sts +1.0116; agree share 0.279

## ts_demean global-bins: 16 atoms, DMT pre-injection level and primary DiD, CCS vs MMI (nats)

| atom | CCS level | MMI level | CCS DiD (mean, neg/14) | MMI DiD |
|---|---|---|---|---|
| rtr | +0.0938 | +0.0301 | -0.0183 (11) | +0.0078 |
| rtx | -0.0088 | +0.0074 | +0.0031 (2) | +0.0017 |
| rty | -0.0095 | +0.0085 | +0.0010 (5) | -0.0022 |
| rts | -0.0052 | +0.5979 | -0.0100 (9) | -0.0644 |
| xtr | -0.0094 | +0.0085 | +0.0016 (5) | -0.0022 |
| xtx | +0.6226 | +0.6522 | -0.0692 (12) | -0.0901 |
| xty | -0.0363 | -0.0085 | +0.0213 (0) | +0.0022 |
| xts | +0.0555 | -0.5933 | -0.0144 (12) | +0.0624 |
| ytr | -0.0088 | +0.0074 | +0.0024 (4) | +0.0017 |
| ytx | -0.0387 | -0.0074 | +0.0223 (0) | -0.0017 |
| yty | +0.5941 | +0.6236 | -0.0441 (11) | -0.0664 |
| yts | +0.0571 | -0.5934 | -0.0174 (13) | +0.0625 |
| str | -0.0053 | +0.5979 | -0.0098 (9) | -0.0648 |
| stx | +0.0574 | -0.5934 | -0.0172 (13) | +0.0626 |
| sty | +0.0553 | -0.5937 | -0.0152 (12) | +0.0628 |
| sts | -0.0297 | +1.2403 | +0.0321 (0) | -0.1035 |
| TDMI (sum) | +1.3841 | +1.3841 | -0.1315 | -0.1315 |

Per-subject CCS sts DiD vs the autocorrelation contrast (W60, window-standardised r1): Pearson r = -0.207 (p = 0.477), Spearman -0.301; vs the MMI sts DiD of the same estimator: r = -0.263; CCS (xtx+yty) DiD vs autocorrelation contrast: r = +0.911
CCS sts level / CCS (xtx + yty) level (DMT pre): -0.0297 / +1.2167; MMI: +1.2403 / +1.2758
share of samples with all five signs agreeing (mean over runs): 0.310

done (371s)
=== 2026-09-26 22:07:28  notes/partB3_lag.py
git=c25a310
   τ = 1: subject 1/14 done (9s)
   τ = 1: subject 2/14 done (16s)
   τ = 1: subject 3/14 done (24s)
   τ = 1: subject 4/14 done (32s)
   τ = 1: subject 5/14 done (39s)
   τ = 1: subject 6/14 done (47s)
   τ = 1: subject 7/14 done (55s)
   τ = 1: subject 8/14 done (63s)
   τ = 1: subject 9/14 done (71s)
   τ = 1: subject 10/14 done (79s)
   τ = 1: subject 11/14 done (87s)
   τ = 1: subject 12/14 done (95s)
   τ = 1: subject 13/14 done (102s)
   τ = 1: subject 14/14 done (110s)
autocorr lag1 ts_gsr W60           primary                DiD -0.0146 [-0.0251, -0.0052] p=0.0106 neg 12/14 | phase p=0.0729 | DMT -0.0097 (p=0.043) PCB +0.0050 (p=0.142) placebo share 0.34 | FD DiD +0.0143 (p=0.245) | FD-resid -0.0123 [-0.0199, -0.0041] p=0.0135 12/14 SURVIVES
autocorr lag1 ts_gsr W60           sensitivity            DiD -0.0131 [-0.0231, -0.0032] p=0.0211 neg 10/14 | phase p=0.1229 | DMT -0.0099 (p=0.035) PCB +0.0032 (p=0.313) placebo share 0.24 | FD DiD +0.0191 (p=0.108) | FD-resid -0.0102 [-0.0178, -0.0018] p=0.0369 11/14 SURVIVES
autocorr lag1 ts_gsr W60           early                  DiD -0.0213 [-0.0304, -0.0125] p=0.0006 neg 13/14 | phase p=0.0250 | DMT -0.0180 (p=0.001) PCB +0.0033 (p=0.346) placebo share 0.16 | FD DiD +0.0366 (p=0.010) | FD-resid -0.0170 [-0.0241, -0.0096] p=0.0012 12/14 SURVIVES
autocorr lag1 ts_gsr W60           late                   DiD -0.0093 [-0.0214, +0.0022] p=0.1615 neg 9/14 | phase p=0.3387 | DMT -0.0030 (p=0.555) PCB +0.0063 (p=0.075) placebo share 0.67 | FD DiD -0.0034 (p=0.807) | FD-resid -0.0085 [-0.0178, +0.0018] p=0.1240 10/14 does NOT survive
autocorr lag1 ts_gsr W60           trend_a_placebo_line   DiD -0.0162 [-0.0262, -0.0069] p=0.0049 neg 12/14
autocorr lag1 ts_gsr W60           trend_b_shared_slope   DiD -0.0190 [-0.0282, -0.0103] p=0.0016 neg 13/14
sts tau1 ts_gsr W60                primary                DiD -0.0809 [-0.1261, -0.0377] p=0.0038 neg 13/14 | phase p=0.0020 | DMT -0.0485 (p=0.027) PCB +0.0324 (p=0.042) placebo share 0.40 | FD DiD +0.0143 (p=0.245) | FD-resid -0.0649 [-0.0966, -0.0289] p=0.0048 13/14 SURVIVES
sts tau1 ts_gsr W60                sensitivity            DiD -0.0733 [-0.1180, -0.0291] p=0.0070 neg 12/14 | phase p=0.0020 | DMT -0.0491 (p=0.023) PCB +0.0242 (p=0.104) placebo share 0.33 | FD DiD +0.0191 (p=0.108) | FD-resid -0.0555 [-0.0864, -0.0210] p=0.0100 13/14 SURVIVES
sts tau1 ts_gsr W60                early                  DiD -0.1029 [-0.1464, -0.0601] p=0.0009 neg 13/14 | phase p=0.0010 | DMT -0.0842 (p=0.001) PCB +0.0187 (p=0.221) placebo share 0.18 | FD DiD +0.0366 (p=0.010) | FD-resid -0.0806 [-0.1151, -0.0455] p=0.0018 12/14 SURVIVES
sts tau1 ts_gsr W60                late                   DiD -0.0633 [-0.1147, -0.0118] p=0.0337 neg 10/14 | phase p=0.0060 | DMT -0.0199 (p=0.388) PCB +0.0434 (p=0.014) placebo share 0.69 | FD DiD -0.0034 (p=0.807) | FD-resid -0.0523 [-0.0909, -0.0078] p=0.0345 11/14 SURVIVES
sts tau1 ts_gsr W60                trend_a_placebo_line   DiD -0.0890 [-0.1347, -0.0461] p=0.0021 neg 13/14
sts tau1 ts_gsr W60                trend_b_shared_slope   DiD -0.0995 [-0.1424, -0.0599] p=0.0007 neg 13/14
sts tau1 ts_gsr global-bins        primary                DiD -0.0801 [-0.1310, -0.0315] p=0.0071 neg 12/14 | phase p=0.0010 | DMT -0.0521 (p=0.045) PCB +0.0280 (p=0.047) placebo share 0.35 | FD DiD +0.0143 (p=0.245) | FD-resid -0.0637 [-0.1023, -0.0182] p=0.0161 12/14 SURVIVES
sts tau1 ts_gsr global-bins        sensitivity            DiD -0.0773 [-0.1280, -0.0278] p=0.0085 neg 12/14 | phase p=0.0010 | DMT -0.0538 (p=0.037) PCB +0.0235 (p=0.083) placebo share 0.30 | FD DiD +0.0174 (p=0.155) | FD-resid -0.0605 [-0.0967, -0.0150] p=0.0183 12/14 SURVIVES
sts tau1 ts_gsr global-bins        early                  DiD -0.1063 [-0.1545, -0.0612] p=0.0009 neg 13/14 | phase p=0.0010 | DMT -0.0873 (p=0.002) PCB +0.0190 (p=0.157) placebo share 0.18 | FD DiD +0.0366 (p=0.010) | FD-resid -0.0847 [-0.1209, -0.0450] p=0.0024 11/14 SURVIVES
sts tau1 ts_gsr global-bins        late                   DiD -0.0591 [-0.1194, +0.0019] p=0.0773 neg 10/14 | phase p=0.0320 | DMT -0.0240 (p=0.399) PCB +0.0351 (p=0.032) placebo share 0.59 | FD DiD -0.0034 (p=0.807) | FD-resid -0.0469 [-0.0952, +0.0090] p=0.1147 11/14 does NOT survive
sts tau1 ts_gsr global-bins        trend_a_placebo_line   DiD -0.0830 [-0.1354, -0.0322] p=0.0070 neg 13/14
sts tau1 ts_gsr global-bins        trend_b_shared_slope   DiD -0.0981 [-0.1481, -0.0508] p=0.0020 neg 13/14
   τ = 2: subject 1/14 done (137s)
   τ = 2: subject 2/14 done (145s)
   τ = 2: subject 3/14 done (153s)
   τ = 2: subject 4/14 done (160s)
   τ = 2: subject 5/14 done (168s)
   τ = 2: subject 6/14 done (175s)
   τ = 2: subject 7/14 done (183s)
   τ = 2: subject 8/14 done (191s)
   τ = 2: subject 9/14 done (198s)
   τ = 2: subject 10/14 done (206s)
   τ = 2: subject 11/14 done (213s)
   τ = 2: subject 12/14 done (221s)
   τ = 2: subject 13/14 done (229s)
   τ = 2: subject 14/14 done (236s)
autocorr lag2 ts_gsr W60           primary                DiD -0.0468 [-0.0754, -0.0174] p=0.0090 neg 12/14 | phase p=0.0040 | DMT -0.0310 (p=0.040) PCB +0.0157 (p=0.100) placebo share 0.34 | FD DiD +0.0143 (p=0.245) | FD-resid -0.0383 [-0.0606, -0.0122] p=0.0126 13/14 SURVIVES
autocorr lag2 ts_gsr W60           sensitivity            DiD -0.0415 [-0.0712, -0.0123] p=0.0176 neg 11/14 | phase p=0.0080 | DMT -0.0310 (p=0.036) PCB +0.0105 (p=0.249) placebo share 0.25 | FD DiD +0.0191 (p=0.108) | FD-resid -0.0317 [-0.0540, -0.0056] p=0.0326 13/14 SURVIVES
autocorr lag2 ts_gsr W60           early                  DiD -0.0668 [-0.0944, -0.0412] p=0.0006 neg 13/14 | phase p=0.0010 | DMT -0.0565 (p=0.001) PCB +0.0103 (p=0.305) placebo share 0.15 | FD DiD +0.0366 (p=0.010) | FD-resid -0.0526 [-0.0737, -0.0300] p=0.0011 13/14 SURVIVES
autocorr lag2 ts_gsr W60           late                   DiD -0.0307 [-0.0656, +0.0038] p=0.1198 neg 11/14 | phase p=0.0919 | DMT -0.0106 (p=0.514) PCB +0.0201 (p=0.055) placebo share 0.65 | FD DiD -0.0034 (p=0.807) | FD-resid -0.0268 [-0.0553, +0.0061] p=0.1229 11/14 does NOT survive
autocorr lag2 ts_gsr W60           trend_a_placebo_line   DiD -0.0520 [-0.0800, -0.0231] p=0.0042 neg 12/14
autocorr lag2 ts_gsr W60           trend_b_shared_slope   DiD -0.0608 [-0.0879, -0.0341] p=0.0013 neg 13/14
sts tau2 ts_gsr W60                primary                DiD -0.0429 [-0.0654, -0.0204] p=0.0037 neg 12/14 | phase p=0.0010 | DMT -0.0270 (p=0.016) PCB +0.0159 (p=0.056) placebo share 0.37 | FD DiD +0.0143 (p=0.245) | FD-resid -0.0342 [-0.0500, -0.0164] p=0.0035 13/14 SURVIVES
sts tau2 ts_gsr W60                sensitivity            DiD -0.0388 [-0.0618, -0.0166] p=0.0060 neg 11/14 | phase p=0.0010 | DMT -0.0269 (p=0.014) PCB +0.0119 (p=0.125) placebo share 0.31 | FD DiD +0.0191 (p=0.108) | FD-resid -0.0292 [-0.0449, -0.0117] p=0.0071 12/14 SURVIVES
sts tau2 ts_gsr W60                early                  DiD -0.0543 [-0.0762, -0.0338] p=0.0004 neg 13/14 | phase p=0.0010 | DMT -0.0455 (p=0.000) PCB +0.0087 (p=0.266) placebo share 0.16 | FD DiD +0.0366 (p=0.010) | FD-resid -0.0427 [-0.0587, -0.0262] p=0.0006 13/14 SURVIVES
sts tau2 ts_gsr W60                late                   DiD -0.0338 [-0.0608, -0.0074] p=0.0338 neg 11/14 | phase p=0.0080 | DMT -0.0121 (p=0.305) PCB +0.0217 (p=0.022) placebo share 0.64 | FD DiD -0.0034 (p=0.807) | FD-resid -0.0274 [-0.0472, -0.0047] p=0.0330 11/14 SURVIVES
sts tau2 ts_gsr W60                trend_a_placebo_line   DiD -0.0477 [-0.0708, -0.0252] p=0.0015 neg 13/14
sts tau2 ts_gsr W60                trend_b_shared_slope   DiD -0.0536 [-0.0754, -0.0336] p=0.0005 neg 13/14
sts tau2 ts_gsr global-bins        primary                DiD -0.0485 [-0.0811, -0.0173] p=0.0098 neg 12/14 | phase p=0.0010 | DMT -0.0325 (p=0.047) PCB +0.0160 (p=0.073) placebo share 0.33 | FD DiD +0.0143 (p=0.245) | FD-resid -0.0382 [-0.0627, -0.0087] p=0.0206 12/14 SURVIVES
sts tau2 ts_gsr global-bins        sensitivity            DiD -0.0465 [-0.0792, -0.0158] p=0.0120 neg 12/14 | phase p=0.0010 | DMT -0.0334 (p=0.040) PCB +0.0131 (p=0.138) placebo share 0.28 | FD DiD +0.0174 (p=0.155) | FD-resid -0.0359 [-0.0594, -0.0071] p=0.0247 12/14 SURVIVES
sts tau2 ts_gsr global-bins        early                  DiD -0.0666 [-0.0971, -0.0375] p=0.0011 neg 12/14 | phase p=0.0010 | DMT -0.0552 (p=0.002) PCB +0.0114 (p=0.189) placebo share 0.17 | FD DiD +0.0366 (p=0.010) | FD-resid -0.0526 [-0.0756, -0.0276] p=0.0027 11/14 SURVIVES
sts tau2 ts_gsr global-bins        late                   DiD -0.0341 [-0.0727, +0.0044] p=0.1105 neg 9/14 | phase p=0.0430 | DMT -0.0143 (p=0.417) PCB +0.0198 (p=0.064) placebo share 0.58 | FD DiD -0.0034 (p=0.807) | FD-resid -0.0267 [-0.0572, +0.0081] p=0.1525 11/14 does NOT survive
sts tau2 ts_gsr global-bins        trend_a_placebo_line   DiD -0.0505 [-0.0846, -0.0185] p=0.0103 neg 13/14
sts tau2 ts_gsr global-bins        trend_b_shared_slope   DiD -0.0608 [-0.0931, -0.0304] p=0.0020 neg 13/14
   τ = 3: subject 1/14 done (263s)
   τ = 3: subject 2/14 done (271s)
   τ = 3: subject 3/14 done (279s)
   τ = 3: subject 4/14 done (287s)
   τ = 3: subject 5/14 done (295s)
   τ = 3: subject 6/14 done (302s)
   τ = 3: subject 7/14 done (310s)
   τ = 3: subject 8/14 done (317s)
   τ = 3: subject 9/14 done (325s)
   τ = 3: subject 10/14 done (332s)
   τ = 3: subject 11/14 done (340s)
   τ = 3: subject 12/14 done (347s)
   τ = 3: subject 13/14 done (355s)
   τ = 3: subject 14/14 done (362s)
autocorr lag3 ts_gsr W60           primary                DiD -0.0681 [-0.1120, -0.0213] p=0.0132 neg 11/14 | phase p=0.0020 | DMT -0.0462 (p=0.049) PCB +0.0219 (p=0.132) placebo share 0.32 | FD DiD +0.0143 (p=0.245) | FD-resid -0.0550 [-0.0889, -0.0145] p=0.0173 13/14 SURVIVES
autocorr lag3 ts_gsr W60           sensitivity            DiD -0.0595 [-0.1026, -0.0139] p=0.0258 neg 10/14 | phase p=0.0070 | DMT -0.0452 (p=0.050) PCB +0.0143 (p=0.294) placebo share 0.24 | FD DiD +0.0191 (p=0.108) | FD-resid -0.0446 [-0.0787, -0.0057] p=0.0435 12/14 SURVIVES
autocorr lag3 ts_gsr W60           early                  DiD -0.0985 [-0.1386, -0.0594] p=0.0005 neg 13/14 | phase p=0.0010 | DMT -0.0852 (p=0.001) PCB +0.0134 (p=0.386) placebo share 0.14 | FD DiD +0.0366 (p=0.010) | FD-resid -0.0767 [-0.1089, -0.0442] p=0.0010 13/14 SURVIVES
autocorr lag3 ts_gsr W60           late                   DiD -0.0437 [-0.0959, +0.0119] p=0.1506 neg 10/14 | phase p=0.0769 | DMT -0.0150 (p=0.563) PCB +0.0287 (p=0.074) placebo share 0.66 | FD DiD -0.0034 (p=0.807) | FD-resid -0.0376 [-0.0825, +0.0132] p=0.1636 11/14 does NOT survive
autocorr lag3 ts_gsr W60           trend_a_placebo_line   DiD -0.0771 [-0.1207, -0.0316] p=0.0070 neg 12/14
autocorr lag3 ts_gsr W60           trend_b_shared_slope   DiD -0.0914 [-0.1318, -0.0479] p=0.0017 neg 13/14
sts tau3 ts_gsr W60                primary                DiD -0.0043 [-0.0063, -0.0022] p=0.0018 neg 12/14 | phase p=0.0010 | DMT -0.0027 (p=0.001) PCB +0.0015 (p=0.110) placebo share 0.36 | FD DiD +0.0143 (p=0.245) | FD-resid -0.0033 [-0.0049, -0.0017] p=0.0017 12/14 SURVIVES
sts tau3 ts_gsr W60                sensitivity            DiD -0.0039 [-0.0059, -0.0020] p=0.0023 neg 12/14 | phase p=0.0010 | DMT -0.0026 (p=0.001) PCB +0.0013 (p=0.134) placebo share 0.34 | FD DiD +0.0191 (p=0.108) | FD-resid -0.0029 [-0.0044, -0.0014] p=0.0026 12/14 SURVIVES
sts tau3 ts_gsr W60                early                  DiD -0.0046 [-0.0069, -0.0025] p=0.0005 neg 12/14 | phase p=0.0010 | DMT -0.0037 (p=0.000) PCB +0.0009 (p=0.385) placebo share 0.19 | FD DiD +0.0366 (p=0.010) | FD-resid -0.0035 [-0.0055, -0.0016] p=0.0026 12/14 SURVIVES
sts tau3 ts_gsr W60                late                   DiD -0.0040 [-0.0063, -0.0017] p=0.0078 neg 12/14 | phase p=0.0010 | DMT -0.0019 (p=0.030) PCB +0.0021 (p=0.063) placebo share 0.52 | FD DiD -0.0034 (p=0.807) | FD-resid -0.0031 [-0.0049, -0.0014] p=0.0050 12/14 SURVIVES
sts tau3 ts_gsr W60                trend_a_placebo_line   DiD -0.0045 [-0.0063, -0.0028] p=0.0004 neg 13/14
sts tau3 ts_gsr W60                trend_b_shared_slope   DiD -0.0048 [-0.0064, -0.0032] p=0.0001 neg 14/14
sts tau3 ts_gsr global-bins        primary                DiD -0.0116 [-0.0185, -0.0058] p=0.0012 neg 12/14 | phase p=0.0010 | DMT -0.0081 (p=0.005) PCB +0.0035 (p=0.119) placebo share 0.30 | FD DiD +0.0143 (p=0.245) | FD-resid -0.0091 [-0.0132, -0.0048] p=0.0022 11/14 SURVIVES
sts tau3 ts_gsr global-bins        sensitivity            DiD -0.0110 [-0.0179, -0.0054] p=0.0017 neg 12/14 | phase p=0.0010 | DMT -0.0082 (p=0.004) PCB +0.0028 (p=0.201) placebo share 0.25 | FD DiD +0.0174 (p=0.155) | FD-resid -0.0084 [-0.0123, -0.0042] p=0.0028 11/14 SURVIVES
sts tau3 ts_gsr global-bins        early                  DiD -0.0143 [-0.0209, -0.0084] p=0.0006 neg 13/14 | phase p=0.0010 | DMT -0.0116 (p=0.000) PCB +0.0027 (p=0.241) placebo share 0.19 | FD DiD +0.0366 (p=0.010) | FD-resid -0.0111 [-0.0156, -0.0064] p=0.0015 11/14 SURVIVES
sts tau3 ts_gsr global-bins        late                   DiD -0.0094 [-0.0169, -0.0029] p=0.0150 neg 10/14 | phase p=0.0050 | DMT -0.0053 (p=0.064) PCB +0.0041 (p=0.117) placebo share 0.43 | FD DiD -0.0034 (p=0.807) | FD-resid -0.0074 [-0.0121, -0.0027] p=0.0116 11/14 SURVIVES
sts tau3 ts_gsr global-bins        trend_a_placebo_line   DiD -0.0124 [-0.0195, -0.0064] p=0.0006 neg 13/14
sts tau3 ts_gsr global-bins        trend_b_shared_slope   DiD -0.0138 [-0.0207, -0.0079] p=0.0004 neg 13/14
   τ = 5: subject 1/14 done (387s)
   τ = 5: subject 2/14 done (395s)
   τ = 5: subject 3/14 done (402s)
   τ = 5: subject 4/14 done (410s)
   τ = 5: subject 5/14 done (417s)
   τ = 5: subject 6/14 done (424s)
   τ = 5: subject 7/14 done (431s)
   τ = 5: subject 8/14 done (439s)
   τ = 5: subject 9/14 done (446s)
   τ = 5: subject 10/14 done (454s)
   τ = 5: subject 11/14 done (462s)
   τ = 5: subject 12/14 done (470s)
   τ = 5: subject 13/14 done (478s)
   τ = 5: subject 14/14 done (485s)
autocorr lag5 ts_gsr W60           primary                DiD -0.0108 [-0.0453, +0.0263] p=0.5670 neg 9/14 | phase p=0.5834 | DMT -0.0142 (p=0.401) PCB -0.0034 (p=0.771) placebo share -0.31 | FD DiD +0.0143 (p=0.245) | FD-resid -0.0068 [-0.0346, +0.0228] p=0.6635 9/14 does NOT survive
autocorr lag5 ts_gsr W60           sensitivity            DiD -0.0048 [-0.0388, +0.0314] p=0.7964 neg 9/14 | phase p=0.8022 | DMT -0.0107 (p=0.513) PCB -0.0059 (p=0.615) placebo share -1.22 | FD DiD +0.0191 (p=0.108) | FD-resid +0.0001 [-0.0276, +0.0300] p=0.9944 9/14 does NOT survive
autocorr lag5 ts_gsr W60           early                  DiD -0.0299 [-0.0622, +0.0009] p=0.0972 neg 9/14 | phase p=0.1868 | DMT -0.0385 (p=0.016) PCB -0.0085 (p=0.563) placebo share -0.29 | FD DiD +0.0366 (p=0.010) | FD-resid -0.0201 [-0.0512, +0.0079] p=0.2458 9/14 does NOT survive
autocorr lag5 ts_gsr W60           late                   DiD +0.0044 [-0.0415, +0.0532] p=0.8593 neg 6/14 | phase p=0.8452 | DMT +0.0051 (p=0.818) PCB +0.0007 (p=0.963) placebo share -0.16 | FD DiD -0.0034 (p=0.807) | FD-resid +0.0039 [-0.0348, +0.0462] p=0.8558 7/14 does NOT survive
autocorr lag5 ts_gsr W60           trend_a_placebo_line   DiD -0.0215 [-0.0579, +0.0163] p=0.2922 neg 9/14
autocorr lag5 ts_gsr W60           trend_b_shared_slope   DiD -0.0352 [-0.0679, -0.0008] p=0.0729 neg 11/14
sts tau5 ts_gsr W60                primary                DiD -0.0024 [-0.0073, +0.0022] p=0.3688 neg 6/14 | phase p=0.2607 | DMT -0.0008 (p=0.669) PCB +0.0016 (p=0.331) placebo share 0.67 | FD DiD +0.0143 (p=0.245) | FD-resid -0.0020 [-0.0058, +0.0017] p=0.3260 8/14 does NOT survive
sts tau5 ts_gsr W60                sensitivity            DiD -0.0029 [-0.0078, +0.0017] p=0.2689 neg 6/14 | phase p=0.1708 | DMT -0.0010 (p=0.566) PCB +0.0019 (p=0.231) placebo share 0.65 | FD DiD +0.0191 (p=0.108) | FD-resid -0.0029 [-0.0068, +0.0009] p=0.1873 8/14 does NOT survive
sts tau5 ts_gsr W60                early                  DiD +0.0004 [-0.0046, +0.0058] p=0.8794 neg 9/14 | phase p=0.8432 | DMT +0.0020 (p=0.255) PCB +0.0016 (p=0.384) placebo share -3.67 | FD DiD +0.0366 (p=0.010) | FD-resid -0.0000 [-0.0043, +0.0046] p=0.9875 6/14 does NOT survive
sts tau5 ts_gsr W60                late                   DiD -0.0046 [-0.0111, +0.0011] p=0.1697 neg 6/14 | phase p=0.0569 | DMT -0.0030 (p=0.246) PCB +0.0016 (p=0.387) placebo share 0.35 | FD DiD -0.0034 (p=0.807) | FD-resid -0.0037 [-0.0088, +0.0010] p=0.1857 8/14 does NOT survive
sts tau5 ts_gsr W60                trend_a_placebo_line   DiD -0.0012 [-0.0060, +0.0029] p=0.6401 neg 6/14
sts tau5 ts_gsr W60                trend_b_shared_slope   DiD +0.0003 [-0.0039, +0.0040] p=0.8948 neg 6/14
sts tau5 ts_gsr global-bins        primary                DiD +0.0015 [-0.0098, +0.0113] p=0.7997 neg 4/14 | phase p=0.7692 | DMT +0.0032 (p=0.552) PCB +0.0017 (p=0.532) placebo share -1.10 | FD DiD +0.0143 (p=0.245) | FD-resid +0.0011 [-0.0093, +0.0106] p=0.8411 5/14 does NOT survive
sts tau5 ts_gsr global-bins        sensitivity            DiD +0.0008 [-0.0109, +0.0105] p=0.8910 neg 4/14 | phase p=0.8521 | DMT +0.0030 (p=0.574) PCB +0.0022 (p=0.417) placebo share -2.72 | FD DiD +0.0174 (p=0.155) | FD-resid +0.0002 [-0.0107, +0.0102] p=0.9711 5/14 does NOT survive
sts tau5 ts_gsr global-bins        early                  DiD +0.0102 [+0.0028, +0.0171] p=0.0205 neg 3/14 | phase p=0.0899 | DMT +0.0125 (p=0.010) PCB +0.0022 (p=0.378) placebo share -0.22 | FD DiD +0.0366 (p=0.010) | FD-resid +0.0076 [+0.0007, +0.0150] p=0.0620 3/14 SURVIVES
sts tau5 ts_gsr global-bins        late                   DiD -0.0055 [-0.0212, +0.0081] p=0.5250 neg 8/14 | phase p=0.3437 | DMT -0.0042 (p=0.560) PCB +0.0012 (p=0.725) placebo share 0.22 | FD DiD -0.0034 (p=0.807) | FD-resid -0.0042 [-0.0191, +0.0091] p=0.5995 6/14 does NOT survive
sts tau5 ts_gsr global-bins        trend_a_placebo_line   DiD +0.0034 [-0.0083, +0.0136] p=0.5835 neg 5/14
sts tau5 ts_gsr global-bins        trend_b_shared_slope   DiD +0.0095 [-0.0007, +0.0189] p=0.0945 neg 3/14
# Lag-dependence tables (partB3_lag.py)

## Summary across τ (ts_gsr)

| τ | estimator | DMT pre r_τ (window-std.) | sts level (DMT pre) | xtx+yty level | sts DiD [CI], p, phase p, neg/14 | survives FD | r(sts DiD, lag-1 autocorr DiD) | r(sts DiD, lag-τ autocorr DiD) | r_τ DiD [CI], p | real pairs r-dominated (subj. 1, w1–4 & 6) | pair r_τ median | ∂sts/∂r ÷ ∂sts/∂q at (median r_τ, median \|q\|) |
|---|---|---|---|---|---|---|---|---|---|---|---|---|
| 1 | W60 | 0.848 | 1.1554 | 1.2398 | -0.0809 [-0.1261, -0.0377], 0.0038, 0.0020, 13 | yes | +0.953 | +0.953 | -0.0146, 0.0106 | 100.0 % | +0.853 | 32.1 |
| 1 | global-bins | 0.848 | 1.3085 | 1.3616 | -0.0801 [-0.1310, -0.0315], 0.0071, 0.0010, 12 | yes | +0.967 | +0.967 | -0.0146, 0.0106 | 100.0 % | +0.853 | 32.1 |
| 2 | W60 | 0.513 | 0.1797 | 0.2315 | -0.0429 [-0.0654, -0.0204], 0.0037, 0.0010, 12 | yes | +0.952 | +0.970 | -0.0468, 0.0090 | 100.0 % | +0.486 | 20.7 |
| 2 | global-bins | 0.513 | 0.2805 | 0.3213 | -0.0485 [-0.0811, -0.0173], 0.0098, 0.0010, 12 | yes | +0.962 | +0.963 | -0.0468, 0.0090 | 100.0 % | +0.486 | 20.7 |
| 3 | W60 | 0.139 | 0.0262 | 0.0245 | -0.0043 [-0.0063, -0.0022], 0.0018, 0.0010, 12 | yes | +0.675 | +0.626 | -0.0681, 0.0132 | 97.7 % | +0.076 | 97.5 |
| 3 | global-bins | 0.139 | 0.0156 | 0.0292 | -0.0116 [-0.0185, -0.0058], 0.0012, 0.0010, 12 | yes | +0.911 | +0.885 | -0.0681, 0.0132 | 97.7 % | +0.076 | 97.5 |
| 5 | W60 | -0.202 | 0.0415 | 0.0452 | -0.0024 [-0.0073, +0.0022], 0.3688, 0.2607, 6 | no | -0.371 | -0.832 | -0.0108, 0.5670 | 99.5 % | -0.275 | 30.9 |
| 5 | global-bins | -0.202 | 0.0230 | 0.0328 | +0.0015 [-0.0098, +0.0113], 0.7997, 0.7692, 4 | no | -0.671 | -0.912 | -0.0108, 0.5670 | 99.5 % | -0.275 | 30.9 |

Scope map re-evaluated on r ∈ [−0.95, 0.95] × q ∈ [−0.95, 0.95]: r-dominated 99.5 %, q-dominated 0.0 %, flat 0.5 % of cells; q-dominated cells lie at |r| ≤ 0.00.

| r (lag-τ autocorrelation) | model sts at |q| = 0.25 | ∂sts/∂r | ∂sts/∂q | ratio |
|---|---|---|---|---|
| -0.30 | 0.0915 | -0.640 | -0.023 | 28.3 |
| -0.20 | 0.0396 | -0.404 | -0.010 | 40.3 |
| -0.10 | 0.0097 | -0.196 | -0.003 | 78.3 |
| +0.00 | 0.0000 | +0.000 | +0.000 | inf |
| +0.10 | 0.0097 | +0.196 | -0.003 | 78.3 |
| +0.15 | 0.0221 | +0.298 | -0.006 | 52.8 |
| +0.20 | 0.0396 | +0.404 | -0.010 | 40.3 |
| +0.30 | 0.0915 | +0.640 | -0.023 | 28.3 |
| +0.50 | 0.2798 | +1.302 | -0.063 | 20.5 |
| +0.85 | 1.2588 | +6.071 | -0.189 | 32.1 |

τ = 1: subject-1 pairs (both runs, windows 1–4 and 6): r_τ median +0.853 (5–95 % +0.800–+0.896), |q| median 0.245; r-dominated 100.0 %, q-dominated 0.0 %, flat 0.0 %; ∂sts/∂r = +6.071, ∂sts/∂q = -0.189 at the medians

## τ = 1, W60: 16-atom DMT pre level and primary DiD (τ = 1 MMI in brackets)

| atom | level τ | DiD τ (neg/14) |
|---|---|---|
| rtr | +0.0388 (+0.0388) | -0.0078 (10) [-0.0078] |
| rtx | +0.0258 (+0.0258) | -0.0012 (9) [-0.0012] |
| rty | +0.0254 (+0.0254) | -0.0012 (9) [-0.0012] |
| rts | +0.5669 (+0.5669) | -0.0407 (12) [-0.0407] |
| xtr | +0.0254 (+0.0254) | -0.0012 (9) [-0.0012] |
| xtx | +0.6273 (+0.6273) | -0.0523 (12) [-0.0523] |
| xty | -0.0254 (-0.0254) | +0.0012 (5) [+0.0012] |
| xts | -0.5352 (-0.5352) | +0.0399 (2) [+0.0399] |
| ytr | +0.0258 (+0.0258) | -0.0012 (9) [-0.0012] |
| ytx | -0.0258 (-0.0258) | +0.0012 (5) [+0.0012] |
| yty | +0.6125 (+0.6125) | -0.0396 (13) [-0.0396] |
| yts | -0.5358 (-0.5358) | +0.0404 (2) [+0.0404] |
| str | +0.5667 (+0.5667) | -0.0408 (12) [-0.0408] |
| stx | -0.5350 (-0.5350) | +0.0401 (2) [+0.0401] |
| sty | -0.5357 (-0.5357) | +0.0403 (2) [+0.0403] |
| sts | +1.1554 (+1.1554) | -0.0809 (13) [-0.0809] |
done (503s)
=== 2026-09-26 22:15:52  notes/partB4_diagnostic.py
git=c25a310
   ts_gsr W60: subject 1/14 done (5s)
   ts_gsr W60: subject 2/14 done (11s)
   ts_gsr W60: subject 3/14 done (16s)
   ts_gsr W60: subject 4/14 done (21s)
   ts_gsr W60: subject 5/14 done (26s)
   ts_gsr W60: subject 6/14 done (32s)
   ts_gsr W60: subject 7/14 done (37s)
   ts_gsr W60: subject 8/14 done (42s)
   ts_gsr W60: subject 9/14 done (47s)
   ts_gsr W60: subject 10/14 done (53s)
   ts_gsr W60: subject 11/14 done (58s)
   ts_gsr W60: subject 12/14 done (63s)
   ts_gsr W60: subject 13/14 done (68s)
   ts_gsr W60: subject 14/14 done (73s)
diag observed sts ts_gsr W60       primary                DiD -0.0809 [-0.1261, -0.0377] p=0.0038 neg 13/14 | phase p=0.0020 | DMT -0.0485 (p=0.027) PCB +0.0324 (p=0.042) placebo share 0.40 | FD DiD +0.0143 (p=0.245) | FD-resid -0.0649 [-0.0966, -0.0289] p=0.0048 13/14 SURVIVES
diag observed sts ts_gsr W60       sensitivity            DiD -0.0733 [-0.1180, -0.0291] p=0.0070 neg 12/14 | phase p=0.0020 | DMT -0.0491 (p=0.023) PCB +0.0242 (p=0.104) placebo share 0.33 | FD DiD +0.0191 (p=0.108) | FD-resid -0.0555 [-0.0864, -0.0210] p=0.0100 13/14 SURVIVES
diag observed sts ts_gsr W60       early                  DiD -0.1029 [-0.1464, -0.0601] p=0.0009 neg 13/14 | phase p=0.0010 | DMT -0.0842 (p=0.001) PCB +0.0187 (p=0.221) placebo share 0.18 | FD DiD +0.0366 (p=0.010) | FD-resid -0.0806 [-0.1151, -0.0455] p=0.0018 12/14 SURVIVES
diag observed sts ts_gsr W60       late                   DiD -0.0633 [-0.1147, -0.0118] p=0.0337 neg 10/14 | phase p=0.0060 | DMT -0.0199 (p=0.388) PCB +0.0434 (p=0.014) placebo share 0.69 | FD DiD -0.0034 (p=0.807) | FD-resid -0.0523 [-0.0909, -0.0078] p=0.0345 11/14 SURVIVES
diag observed sts ts_gsr W60       trend_a_placebo_line   DiD -0.0890 [-0.1347, -0.0461] p=0.0021 neg 13/14
diag observed sts ts_gsr W60       trend_b_shared_slope   DiD -0.0995 [-0.1424, -0.0599] p=0.0007 neg 13/14
diag predicted sts ts_gsr W60      primary                DiD -0.0924 [-0.1444, -0.0414] p=0.0037 neg 13/14 | DMT -0.0562 (p=0.030) PCB +0.0362 (p=0.043) placebo share 0.39 | FD DiD +0.0143 (p=0.245) | FD-resid -0.0749 [-0.1113, -0.0323] p=0.0055 13/14 SURVIVES
diag predicted sts ts_gsr W60      sensitivity            DiD -0.0842 [-0.1358, -0.0337] p=0.0068 neg 12/14 | DMT -0.0568 (p=0.026) PCB +0.0274 (p=0.110) placebo share 0.33 | FD DiD +0.0191 (p=0.108) | FD-resid -0.0647 [-0.1015, -0.0217] p=0.0111 13/14 SURVIVES
diag predicted sts ts_gsr W60      early                  DiD -0.1208 [-0.1698, -0.0726] p=0.0006 neg 13/14 | DMT -0.0972 (p=0.001) PCB +0.0236 (p=0.185) placebo share 0.20 | FD DiD +0.0366 (p=0.010) | FD-resid -0.0947 [-0.1321, -0.0551] p=0.0011 13/14 SURVIVES
diag predicted sts ts_gsr W60      late                   DiD -0.0697 [-0.1313, -0.0102] p=0.0476 neg 11/14 | DMT -0.0234 (p=0.399) PCB +0.0463 (p=0.020) placebo share 0.66 | FD DiD -0.0034 (p=0.807) | FD-resid -0.0590 [-0.1055, -0.0061] p=0.0491 11/14 SURVIVES
diag predicted sts ts_gsr W60      trend_a_placebo_line   DiD -0.0997 [-0.1508, -0.0498] p=0.0024 neg 13/14
diag predicted sts ts_gsr W60      trend_b_shared_slope   DiD -0.1130 [-0.1599, -0.0683] p=0.0009 neg 13/14
diag residual sts ts_gsr W60       primary                DiD +0.0115 [+0.0021, +0.0211] p=0.0422 neg 4/14 | phase p=0.0190 | DMT +0.0077 (p=0.080) PCB -0.0038 (p=0.193) placebo share 0.33 | FD DiD +0.0143 (p=0.245) | FD-resid +0.0100 [+0.0008, +0.0185] p=0.0580 3/14 SURVIVES
diag residual sts ts_gsr W60       sensitivity            DiD +0.0108 [+0.0013, +0.0200] p=0.0491 neg 4/14 | phase p=0.0300 | DMT +0.0077 (p=0.081) PCB -0.0032 (p=0.252) placebo share 0.29 | FD DiD +0.0191 (p=0.108) | FD-resid +0.0092 [+0.0002, +0.0172] p=0.0674 4/14 SURVIVES
diag residual sts ts_gsr W60       early                  DiD +0.0179 [+0.0099, +0.0260] p=0.0012 neg 2/14 | phase p=0.0030 | DMT +0.0130 (p=0.003) PCB -0.0049 (p=0.169) placebo share 0.27 | FD DiD +0.0366 (p=0.010) | FD-resid +0.0141 [+0.0063, +0.0212] p=0.0049 2/14 SURVIVES
diag residual sts ts_gsr W60       late                   DiD +0.0064 [-0.0058, +0.0183] p=0.3243 neg 5/14 | phase p=0.2408 | DMT +0.0035 (p=0.484) PCB -0.0030 (p=0.347) placebo share 0.46 | FD DiD -0.0034 (p=0.807) | FD-resid +0.0067 [-0.0050, +0.0174] p=0.2733 4/14 does NOT survive
diag residual sts ts_gsr W60       trend_a_placebo_line   DiD +0.0106 [+0.0015, +0.0200] p=0.0538 neg 5/14
diag residual sts ts_gsr W60       trend_b_shared_slope   DiD +0.0134 [+0.0053, +0.0218] p=0.0089 neg 3/14
   ts_gsr W30: subject 1/14 done (90s)
   ts_gsr W30: subject 2/14 done (98s)
   ts_gsr W30: subject 3/14 done (106s)
   ts_gsr W30: subject 4/14 done (114s)
   ts_gsr W30: subject 5/14 done (122s)
   ts_gsr W30: subject 6/14 done (130s)
   ts_gsr W30: subject 7/14 done (138s)
   ts_gsr W30: subject 8/14 done (146s)
   ts_gsr W30: subject 9/14 done (154s)
   ts_gsr W30: subject 10/14 done (162s)
   ts_gsr W30: subject 11/14 done (169s)
   ts_gsr W30: subject 12/14 done (177s)
   ts_gsr W30: subject 13/14 done (185s)
   ts_gsr W30: subject 14/14 done (193s)
diag observed sts ts_gsr W30       primary                DiD -0.0686 [-0.1084, -0.0293] p=0.0042 neg 13/14 | phase p=0.0010 | DMT -0.0390 (p=0.035) PCB +0.0296 (p=0.027) placebo share 0.43 | FD DiD +0.0143 (p=0.245) | FD-resid -0.0545 [-0.0836, -0.0215] p=0.0065 13/14 SURVIVES
diag observed sts ts_gsr W30       sensitivity            DiD -0.0658 [-0.1072, -0.0261] p=0.0067 neg 12/14 | phase p=0.0010 | DMT -0.0407 (p=0.031) PCB +0.0252 (p=0.049) placebo share 0.38 | FD DiD +0.0174 (p=0.155) | FD-resid -0.0514 [-0.0799, -0.0179] p=0.0109 12/14 SURVIVES
diag observed sts ts_gsr W30       early                  DiD -0.0839 [-0.1267, -0.0451] p=0.0012 neg 13/14 | phase p=0.0010 | DMT -0.0686 (p=0.002) PCB +0.0154 (p=0.236) placebo share 0.18 | FD DiD +0.0366 (p=0.010) | FD-resid -0.0678 [-0.0978, -0.0364] p=0.0020 12/14 SURVIVES
diag observed sts ts_gsr W30       late                   DiD -0.0564 [-0.1024, -0.0118] p=0.0321 neg 11/14 | phase p=0.0080 | DMT -0.0154 (p=0.444) PCB +0.0410 (p=0.005) placebo share 0.73 | FD DiD -0.0034 (p=0.807) | FD-resid -0.0439 [-0.0783, -0.0035] p=0.0474 11/14 SURVIVES
diag observed sts ts_gsr W30       trend_a_placebo_line   DiD -0.0766 [-0.1147, -0.0386] p=0.0021 neg 13/14
diag observed sts ts_gsr W30       trend_b_shared_slope   DiD -0.0849 [-0.1225, -0.0495] p=0.0010 neg 13/14
diag predicted sts ts_gsr W30      primary                DiD -0.0869 [-0.1368, -0.0373] p=0.0046 neg 12/14 | DMT -0.0513 (p=0.032) PCB +0.0356 (p=0.033) placebo share 0.41 | FD DiD +0.0143 (p=0.245) | FD-resid -0.0693 [-0.1062, -0.0262] p=0.0085 13/14 SURVIVES
diag predicted sts ts_gsr W30      sensitivity            DiD -0.0846 [-0.1349, -0.0351] p=0.0062 neg 12/14 | DMT -0.0541 (p=0.025) PCB +0.0306 (p=0.054) placebo share 0.36 | FD DiD +0.0174 (p=0.155) | FD-resid -0.0666 [-0.1032, -0.0232] p=0.0116 12/14 SURVIVES
diag predicted sts ts_gsr W30      early                  DiD -0.1102 [-0.1586, -0.0638] p=0.0007 neg 13/14 | DMT -0.0882 (p=0.002) PCB +0.0220 (p=0.182) placebo share 0.20 | FD DiD +0.0366 (p=0.010) | FD-resid -0.0880 [-0.1245, -0.0494] p=0.0016 12/14 SURVIVES
diag predicted sts ts_gsr W30      late                   DiD -0.0682 [-0.1262, -0.0107] p=0.0424 neg 11/14 | DMT -0.0218 (p=0.403) PCB +0.0465 (p=0.010) placebo share 0.68 | FD DiD -0.0034 (p=0.807) | FD-resid -0.0543 [-0.0990, -0.0026] p=0.0594 11/14 SURVIVES
diag predicted sts ts_gsr W30      trend_a_placebo_line   DiD -0.0939 [-0.1417, -0.0466] p=0.0026 neg 13/14
diag predicted sts ts_gsr W30      trend_b_shared_slope   DiD -0.1058 [-0.1503, -0.0630] p=0.0007 neg 13/14
diag residual sts ts_gsr W30       primary                DiD +0.0182 [+0.0066, +0.0299] p=0.0137 neg 2/14 | phase p=0.0040 | DMT +0.0123 (p=0.036) PCB -0.0060 (p=0.118) placebo share 0.33 | FD DiD +0.0143 (p=0.245) | FD-resid +0.0148 [+0.0028, +0.0258] p=0.0325 3/14 SURVIVES
diag residual sts ts_gsr W30       sensitivity            DiD +0.0188 [+0.0071, +0.0305] p=0.0116 neg 2/14 | phase p=0.0020 | DMT +0.0134 (p=0.024) PCB -0.0054 (p=0.152) placebo share 0.29 | FD DiD +0.0174 (p=0.155) | FD-resid +0.0152 [+0.0035, +0.0259] p=0.0265 3/14 SURVIVES
diag residual sts ts_gsr W30       early                  DiD +0.0263 [+0.0161, +0.0372] p=0.0005 neg 1/14 | phase p=0.0010 | DMT +0.0197 (p=0.001) PCB -0.0066 (p=0.161) placebo share 0.25 | FD DiD +0.0366 (p=0.010) | FD-resid +0.0202 [+0.0092, +0.0305] p=0.0045 2/14 SURVIVES
diag residual sts ts_gsr W30       late                   DiD +0.0118 [-0.0022, +0.0257] p=0.1385 neg 5/14 | phase p=0.0839 | DMT +0.0064 (p=0.317) PCB -0.0055 (p=0.157) placebo share 0.46 | FD DiD -0.0034 (p=0.807) | FD-resid +0.0104 [-0.0040, +0.0232] p=0.1654 4/14 does NOT survive
diag residual sts ts_gsr W30       trend_a_placebo_line   DiD +0.0172 [+0.0057, +0.0285] p=0.0150 neg 3/14
diag residual sts ts_gsr W30       trend_b_shared_slope   DiD +0.0208 [+0.0103, +0.0315] p=0.0031 neg 2/14
   ts_demean W60: subject 1/14 done (214s)
   ts_demean W60: subject 2/14 done (220s)
   ts_demean W60: subject 3/14 done (225s)
   ts_demean W60: subject 4/14 done (230s)
   ts_demean W60: subject 5/14 done (235s)
   ts_demean W60: subject 6/14 done (240s)
   ts_demean W60: subject 7/14 done (246s)
   ts_demean W60: subject 8/14 done (251s)
   ts_demean W60: subject 9/14 done (256s)
   ts_demean W60: subject 10/14 done (261s)
   ts_demean W60: subject 11/14 done (266s)
   ts_demean W60: subject 12/14 done (272s)
   ts_demean W60: subject 13/14 done (277s)
   ts_demean W60: subject 14/14 done (282s)
diag observed sts ts_demean W60    primary                DiD -0.1031 [-0.1558, -0.0522] p=0.0026 neg 12/14 | phase p=0.0010 | DMT -0.0633 (p=0.033) PCB +0.0398 (p=0.031) placebo share 0.39 | FD DiD +0.0143 (p=0.245) | FD-resid -0.0824 [-0.1224, -0.0372] p=0.0048 13/14 SURVIVES
diag observed sts ts_demean W60    sensitivity            DiD -0.0935 [-0.1431, -0.0426] p=0.0039 neg 12/14 | phase p=0.0010 | DMT -0.0621 (p=0.030) PCB +0.0314 (p=0.064) placebo share 0.34 | FD DiD +0.0191 (p=0.108) | FD-resid -0.0714 [-0.1106, -0.0298] p=0.0073 12/14 SURVIVES
diag observed sts ts_demean W60    early                  DiD -0.1183 [-0.1673, -0.0679] p=0.0012 neg 13/14 | phase p=0.0010 | DMT -0.0975 (p=0.003) PCB +0.0208 (p=0.177) placebo share 0.18 | FD DiD +0.0366 (p=0.010) | FD-resid -0.0953 [-0.1394, -0.0518] p=0.0020 13/14 SURVIVES
diag observed sts ts_demean W60    late                   DiD -0.0910 [-0.1522, -0.0319] p=0.0128 neg 11/14 | phase p=0.0030 | DMT -0.0360 (p=0.245) PCB +0.0550 (p=0.012) placebo share 0.60 | FD DiD -0.0034 (p=0.807) | FD-resid -0.0721 [-0.1229, -0.0177] p=0.0233 11/14 SURVIVES
diag observed sts ts_demean W60    trend_a_placebo_line   DiD -0.1126 [-0.1690, -0.0595] p=0.0018 neg 13/14
diag observed sts ts_demean W60    trend_b_shared_slope   DiD -0.1193 [-0.1736, -0.0683] p=0.0012 neg 13/14
diag predicted sts ts_demean W60   primary                DiD -0.1213 [-0.1776, -0.0631] p=0.0022 neg 12/14 | DMT -0.0706 (p=0.039) PCB +0.0508 (p=0.021) placebo share 0.42 | FD DiD +0.0143 (p=0.245) | FD-resid -0.0990 [-0.1434, -0.0473] p=0.0033 13/14 SURVIVES
diag predicted sts ts_demean W60   sensitivity            DiD -0.1071 [-0.1615, -0.0530] p=0.0035 neg 11/14 | DMT -0.0647 (p=0.043) PCB +0.0424 (p=0.038) placebo share 0.40 | FD DiD +0.0191 (p=0.108) | FD-resid -0.0847 [-0.1273, -0.0354] p=0.0065 12/14 SURVIVES
diag predicted sts ts_demean W60   early                  DiD -0.1365 [-0.1865, -0.0847] p=0.0006 neg 13/14 | DMT -0.1050 (p=0.004) PCB +0.0315 (p=0.080) placebo share 0.23 | FD DiD +0.0366 (p=0.010) | FD-resid -0.1162 [-0.1624, -0.0689] p=0.0007 13/14 SURVIVES
diag predicted sts ts_demean W60   late                   DiD -0.1092 [-0.1786, -0.0388] p=0.0118 neg 11/14 | DMT -0.0430 (p=0.235) PCB +0.0662 (p=0.011) placebo share 0.61 | FD DiD -0.0034 (p=0.807) | FD-resid -0.0853 [-0.1443, -0.0207] p=0.0253 11/14 SURVIVES
diag predicted sts ts_demean W60   trend_a_placebo_line   DiD -0.1274 [-0.1889, -0.0671] p=0.0021 neg 12/14
diag predicted sts ts_demean W60   trend_b_shared_slope   DiD -0.1335 [-0.1922, -0.0751] p=0.0013 neg 13/14
diag residual sts ts_demean W60    primary                DiD +0.0182 [+0.0089, +0.0277] p=0.0040 neg 2/14 | phase p=0.0180 | DMT +0.0072 (p=0.243) PCB -0.0110 (p=0.027) placebo share 0.60 | FD DiD +0.0143 (p=0.245) | FD-resid +0.0166 [+0.0070, +0.0255] p=0.0070 2/14 SURVIVES
diag residual sts ts_demean W60    sensitivity            DiD +0.0136 [+0.0041, +0.0231] p=0.0161 neg 2/14 | phase p=0.0939 | DMT +0.0026 (p=0.666) PCB -0.0109 (p=0.033) placebo share 0.81 | FD DiD +0.0191 (p=0.108) | FD-resid +0.0133 [+0.0042, +0.0221] p=0.0170 2/14 SURVIVES
diag residual sts ts_demean W60    early                  DiD +0.0183 [+0.0128, +0.0234] p=0.0001 neg 0/14 | phase p=0.0509 | DMT +0.0075 (p=0.155) PCB -0.0107 (p=0.021) placebo share 0.59 | FD DiD +0.0366 (p=0.010) | FD-resid +0.0208 [+0.0147, +0.0275] p=0.0001 0/14 SURVIVES
diag residual sts ts_demean W60    late                   DiD +0.0182 [+0.0036, +0.0329] p=0.0321 neg 4/14 | phase p=0.0320 | DMT +0.0070 (p=0.344) PCB -0.0112 (p=0.057) placebo share 0.62 | FD DiD -0.0034 (p=0.807) | FD-resid +0.0132 [-0.0008, +0.0270] p=0.0936 3/14 does NOT survive
diag residual sts ts_demean W60    trend_a_placebo_line   DiD +0.0148 [+0.0049, +0.0249] p=0.0164 neg 3/14
diag residual sts ts_demean W60    trend_b_shared_slope   DiD +0.0142 [+0.0049, +0.0238] p=0.0138 neg 3/14
   ts_demean W30: subject 1/14 done (299s)
   ts_demean W30: subject 2/14 done (307s)
   ts_demean W30: subject 3/14 done (314s)
   ts_demean W30: subject 4/14 done (322s)
   ts_demean W30: subject 5/14 done (330s)
   ts_demean W30: subject 6/14 done (337s)
   ts_demean W30: subject 7/14 done (345s)
   ts_demean W30: subject 8/14 done (353s)
   ts_demean W30: subject 9/14 done (361s)
   ts_demean W30: subject 10/14 done (370s)
   ts_demean W30: subject 11/14 done (378s)
   ts_demean W30: subject 12/14 done (386s)
   ts_demean W30: subject 13/14 done (393s)
   ts_demean W30: subject 14/14 done (401s)
diag observed sts ts_demean W30    primary                DiD -0.0877 [-0.1310, -0.0427] p=0.0029 neg 13/14 | phase p=0.0010 | DMT -0.0519 (p=0.031) PCB +0.0358 (p=0.015) placebo share 0.41 | FD DiD +0.0143 (p=0.245) | FD-resid -0.0700 [-0.1060, -0.0294] p=0.0070 13/14 SURVIVES
diag observed sts ts_demean W30    sensitivity            DiD -0.0855 [-0.1307, -0.0402] p=0.0037 neg 12/14 | phase p=0.0010 | DMT -0.0534 (p=0.026) PCB +0.0322 (p=0.024) placebo share 0.38 | FD DiD +0.0174 (p=0.155) | FD-resid -0.0677 [-0.1036, -0.0263] p=0.0078 13/14 SURVIVES
diag observed sts ts_demean W30    early                  DiD -0.0985 [-0.1453, -0.0525] p=0.0018 neg 13/14 | phase p=0.0010 | DMT -0.0791 (p=0.003) PCB +0.0194 (p=0.143) placebo share 0.20 | FD DiD +0.0366 (p=0.010) | FD-resid -0.0793 [-0.1168, -0.0393] p=0.0028 13/14 SURVIVES
diag observed sts ts_demean W30    late                   DiD -0.0790 [-0.1298, -0.0293] p=0.0114 neg 11/14 | phase p=0.0030 | DMT -0.0301 (p=0.237) PCB +0.0489 (p=0.005) placebo share 0.62 | FD DiD -0.0034 (p=0.807) | FD-resid -0.0626 [-0.1071, -0.0130] p=0.0282 11/14 SURVIVES
diag observed sts ts_demean W30    trend_a_placebo_line   DiD -0.0951 [-0.1398, -0.0506] p=0.0016 neg 13/14
diag observed sts ts_demean W30    trend_b_shared_slope   DiD -0.0992 [-0.1434, -0.0559] p=0.0011 neg 13/14
diag predicted sts ts_demean W30   primary                DiD -0.1136 [-0.1648, -0.0596] p=0.0021 neg 12/14 | DMT -0.0653 (p=0.031) PCB +0.0482 (p=0.010) placebo share 0.42 | FD DiD +0.0143 (p=0.245) | FD-resid -0.0932 [-0.1358, -0.0415] p=0.0045 12/14 SURVIVES
diag predicted sts ts_demean W30   sensitivity            DiD -0.1097 [-0.1614, -0.0570] p=0.0026 neg 12/14 | DMT -0.0657 (p=0.031) PCB +0.0440 (p=0.017) placebo share 0.40 | FD DiD +0.0174 (p=0.155) | FD-resid -0.0898 [-0.1325, -0.0382] p=0.0054 12/14 SURVIVES
diag predicted sts ts_demean W30   early                  DiD -0.1257 [-0.1724, -0.0757] p=0.0007 neg 13/14 | DMT -0.0951 (p=0.004) PCB +0.0306 (p=0.051) placebo share 0.24 | FD DiD +0.0366 (p=0.010) | FD-resid -0.1066 [-0.1496, -0.0616] p=0.0011 13/14 SURVIVES
diag predicted sts ts_demean W30   late                   DiD -0.1038 [-0.1659, -0.0393] p=0.0098 neg 11/14 | DMT -0.0415 (p=0.197) PCB +0.0623 (p=0.006) placebo share 0.60 | FD DiD -0.0034 (p=0.807) | FD-resid -0.0824 [-0.1383, -0.0193] p=0.0250 11/14 SURVIVES
diag predicted sts ts_demean W30   trend_a_placebo_line   DiD -0.1183 [-0.1733, -0.0635] p=0.0018 neg 13/14
diag predicted sts ts_demean W30   trend_b_shared_slope   DiD -0.1230 [-0.1751, -0.0701] p=0.0013 neg 13/14
diag residual sts ts_demean W30    primary                DiD +0.0259 [+0.0135, +0.0383] p=0.0020 neg 3/14 | phase p=0.0090 | DMT +0.0134 (p=0.097) PCB -0.0124 (p=0.044) placebo share 0.48 | FD DiD +0.0143 (p=0.245) | FD-resid +0.0231 [+0.0109, +0.0336] p=0.0038 2/14 SURVIVES
diag residual sts ts_demean W30    sensitivity            DiD +0.0242 [+0.0122, +0.0364] p=0.0023 neg 3/14 | phase p=0.0130 | DMT +0.0123 (p=0.122) PCB -0.0119 (p=0.056) placebo share 0.49 | FD DiD +0.0174 (p=0.155) | FD-resid +0.0221 [+0.0102, +0.0324] p=0.0043 2/14 SURVIVES
diag residual sts ts_demean W30    early                  DiD +0.0272 [+0.0190, +0.0351] p=0.0002 neg 1/14 | phase p=0.0180 | DMT +0.0159 (p=0.030) PCB -0.0112 (p=0.063) placebo share 0.41 | FD DiD +0.0366 (p=0.010) | FD-resid +0.0273 [+0.0183, +0.0366] p=0.0004 1/14 SURVIVES
diag residual sts ts_demean W30    late                   DiD +0.0248 [+0.0084, +0.0419] p=0.0171 neg 4/14 | phase p=0.0290 | DMT +0.0114 (p=0.226) PCB -0.0134 (p=0.052) placebo share 0.54 | FD DiD -0.0034 (p=0.807) | FD-resid +0.0198 [+0.0027, +0.0357] p=0.0430 3/14 SURVIVES
diag residual sts ts_demean W30    trend_a_placebo_line   DiD +0.0232 [+0.0101, +0.0364] p=0.0054 neg 3/14
diag residual sts ts_demean W30    trend_b_shared_slope   DiD +0.0238 [+0.0112, +0.0367] p=0.0045 neg 2/14
# Diagnostic tables (partB4_diagnostic.py)
git=c25a310

## ts_gsr, W = 60

Levels (all subjects, runs, windows): observed sts 1.1377, predicted (AR(1) from a_x, a_y, q) 1.1865, residual -0.0489 (-4.3 % of observed); SD of the residual across subject × run × window 0.0161 vs SD of observed 0.0790; symmetric-a prediction 1.3212.
Per-pair R² of predicted vs observed sts within a window: mean 0.796 (min 0.553, max 0.887). AR(1) lag-1 cross-correlation check: mean |corr(x_t, y_(t+1)) − a_y q| = 0.0906; correlation across pairs between observed and model lag-1 cross-correlations, mean 0.933 (min 0.867).
Subject 1 DMT window 2: pair-level r(obs, pred) = +0.885; obs mean 1.0807 SD 0.2250; pred mean 1.1443 SD 0.2037; residual mean -0.0635 SD 0.1050; r(residual, mean a) = -0.244, r(residual, |q|) = -0.522, r(residual, |a_x − a_y|) = +0.111
Subject 1 DMT window 6: pair-level r(obs, pred) = +0.914; obs mean 1.0314 SD 0.2079; pred mean 1.0698 SD 0.1939; residual mean -0.0384 SD 0.0845; r(residual, mean a) = -0.151, r(residual, |q|) = -0.399, r(residual, |a_x − a_y|) = +0.038
Subject 1 PCB window 2: pair-level r(obs, pred) = +0.903; obs mean 1.0669 SD 0.2121; pred mean 1.1047 SD 0.1947; residual mean -0.0378 SD 0.0914; r(residual, mean a) = -0.175, r(residual, |q|) = -0.376, r(residual, |a_x − a_y|) = +0.008
Subject 1 PCB window 6: pair-level r(obs, pred) = +0.893; obs mean 1.0796 SD 0.1992; pred mean 1.1240 SD 0.1761; residual mean -0.0444 SD 0.0897; r(residual, mean a) = -0.133, r(residual, |q|) = -0.428, r(residual, |a_x − a_y|) = +0.010
Primary DiD: observed -0.0809, predicted -0.0924 (114 % of observed), residual +0.0115. Per subject: r(residual DiD, autocorrelation contrast) = -0.780 (Spearman -0.635); r(predicted DiD, autocorrelation contrast) = +0.976; r(observed DiD, autocorrelation contrast) = +0.953; r(predicted DiD, observed DiD) = +0.989; r(residual DiD, observed DiD) = -0.632; residual DiD negative in 4/14.
Per-subject residual DiDs: [ 0.0367 -0.0029  0.0178  0.0116 -0.0076  0.0284  0.0105  0.0474  0.0252 -0.0126  0.0099  0.0064  0.0127 -0.0222]
Group-mean window series: observed DMT [1.163 1.145 1.139 1.176 1.100 1.047 1.069 1.079 1.090 1.101 1.130 1.127 1.140 1.179]; predicted DMT [1.207 1.200 1.192 1.235 1.146 1.081 1.108 1.122 1.134 1.151 1.176 1.175 1.191 1.232]; residual DMT [-0.045 -0.055 -0.053 -0.059 -0.046 -0.034 -0.039 -0.042 -0.045 -0.050 -0.046 -0.048 -0.051 -0.053]; residual PCB [-0.041 -0.043 -0.057 -0.051 -0.045 -0.056 -0.048 -0.051 -0.056 -0.054 -0.051 -0.046 -0.052 -0.050]

## ts_gsr, W = 30

Levels (all subjects, runs, windows): observed sts 1.0082, predicted (AR(1) from a_x, a_y, q) 1.1062, residual -0.0980 (-9.7 % of observed); SD of the residual across subject × run × window 0.0281 vs SD of observed 0.0811; symmetric-a prediction 1.2706.
Per-pair R² of predicted vs observed sts within a window: mean 0.622 (min 0.289, max 0.762). AR(1) lag-1 cross-correlation check: mean |corr(x_t, y_(t+1)) − a_y q| = 0.1283; correlation across pairs between observed and model lag-1 cross-correlations, mean 0.912 (min 0.817).
Subject 1 DMT window 2: pair-level r(obs, pred) = +0.785; obs mean 0.9474 SD 0.2851; pred mean 1.0294 SD 0.2373; residual mean -0.0820 SD 0.1773; r(residual, mean a) = -0.209, r(residual, |q|) = -0.372, r(residual, |a_x − a_y|) = +0.032
Subject 1 DMT window 6: pair-level r(obs, pred) = +0.782; obs mean 0.9852 SD 0.3115; pred mean 1.1143 SD 0.2446; residual mean -0.1290 SD 0.1940; r(residual, mean a) = -0.182, r(residual, |q|) = -0.467, r(residual, |a_x − a_y|) = +0.062
Subject 1 PCB window 2: pair-level r(obs, pred) = +0.806; obs mean 1.0301 SD 0.2952; pred mean 1.0922 SD 0.2495; residual mean -0.0621 SD 0.1753; r(residual, mean a) = -0.174, r(residual, |q|) = -0.352, r(residual, |a_x − a_y|) = +0.058
Subject 1 PCB window 6: pair-level r(obs, pred) = +0.848; obs mean 0.9596 SD 0.3044; pred mean 1.0285 SD 0.2741; residual mean -0.0689 SD 0.1620; r(residual, mean a) = -0.160, r(residual, |q|) = -0.362, r(residual, |a_x − a_y|) = +0.085
Primary DiD: observed -0.0686, predicted -0.0869 (127 % of observed), residual +0.0182. Per subject: r(residual DiD, autocorrelation contrast) = -0.825 (Spearman -0.767); r(predicted DiD, autocorrelation contrast) = +0.975; r(observed DiD, autocorrelation contrast) = +0.958; r(predicted DiD, observed DiD) = +0.987; r(residual DiD, observed DiD) = -0.729; residual DiD negative in 2/14.
Per-subject residual DiDs: [ 0.0516  0.0019  0.0324  0.0230 -0.0122  0.0334  0.0155  0.0569  0.0424  0.0020  0.0148  0.0027  0.0152 -0.0241]
Group-mean window series: observed DMT [1.057 1.001 1.014 1.019 1.008 1.007 1.026 1.046 1.002 0.952 0.917 0.942 0.945 0.958 0.962 0.964 0.960 0.982 0.966 0.988 0.990 1.004 0.998 1.001 1.024 1.005 1.054 1.039]; predicted DMT [1.156 1.090 1.120 1.126 1.101 1.115 1.140 1.159 1.104 1.022 0.988 1.023 1.029 1.042 1.052 1.047 1.050 1.070 1.056 1.091 1.079 1.100 1.093 1.096 1.121 1.106 1.157 1.142]; residual DMT [-0.099 -0.089 -0.106 -0.107 -0.093 -0.109 -0.113 -0.113 -0.102 -0.071 -0.071 -0.081 -0.084 -0.084 -0.089 -0.083 -0.090 -0.088 -0.091 -0.103 -0.088 -0.096 -0.095 -0.095 -0.097 -0.101 -0.103 -0.102]; residual PCB [-0.089 -0.092 -0.085 -0.097 -0.112 -0.106 -0.109 -0.096 -0.092 -0.094 -0.102 -0.106 -0.106 -0.096 -0.103 -0.104 -0.110 -0.111 -0.108 -0.114 -0.105 -0.107 -0.103 -0.095 -0.101 -0.103 -0.096 -0.105]

## ts_demean, W = 60

Levels (all subjects, runs, windows): observed sts 1.0802, predicted (AR(1) from a_x, a_y, q) 1.1181, residual -0.0378 (-3.5 % of observed); SD of the residual across subject × run × window 0.0329 vs SD of observed 0.0987; symmetric-a prediction 1.2484.
Per-pair R² of predicted vs observed sts within a window: mean 0.741 (min 0.263, max 0.874). AR(1) lag-1 cross-correlation check: mean |corr(x_t, y_(t+1)) − a_y q| = 0.0933; correlation across pairs between observed and model lag-1 cross-correlations, mean 0.913 (min 0.730).
Subject 1 DMT window 2: pair-level r(obs, pred) = +0.856; obs mean 0.9927 SD 0.2075; pred mean 1.0099 SD 0.1748; residual mean -0.0172 SD 0.1074; r(residual, mean a) = -0.115, r(residual, |q|) = -0.214, r(residual, |a_x − a_y|) = +0.042
Subject 1 DMT window 6: pair-level r(obs, pred) = +0.817; obs mean 1.0562 SD 0.2167; pred mean 1.1440 SD 0.2037; residual mean -0.0879 SD 0.1277; r(residual, mean a) = -0.431, r(residual, |q|) = -0.615, r(residual, |a_x − a_y|) = +0.092
Subject 1 PCB window 2: pair-level r(obs, pred) = +0.848; obs mean 1.0116 SD 0.1894; pred mean 1.0193 SD 0.1619; residual mean -0.0078 SD 0.1005; r(residual, mean a) = -0.120, r(residual, |q|) = -0.111, r(residual, |a_x − a_y|) = -0.024
Subject 1 PCB window 6: pair-level r(obs, pred) = +0.890; obs mean 1.0333 SD 0.2019; pred mean 1.0689 SD 0.1853; residual mean -0.0357 SD 0.0920; r(residual, mean a) = -0.162, r(residual, |q|) = -0.326, r(residual, |a_x − a_y|) = +0.051
Primary DiD: observed -0.1031, predicted -0.1213 (118 % of observed), residual +0.0182. Per subject: r(residual DiD, autocorrelation contrast) = -0.597 (Spearman -0.525); r(predicted DiD, autocorrelation contrast) = +0.965; r(observed DiD, autocorrelation contrast) = +0.958; r(predicted DiD, observed DiD) = +0.990; r(residual DiD, observed DiD) = -0.513; residual DiD negative in 2/14.
Per-subject residual DiDs: [ 0.0216  0.0025  0.0088  0.0033 -0.0123  0.0257  0.0290  0.0315  0.0207  0.0255  0.0153  0.0399  0.0561 -0.0123]
Group-mean window series: observed DMT [1.109 1.101 1.084 1.107 1.050 0.996 0.981 1.014 1.020 1.039 1.055 1.057 1.050 1.121]; predicted DMT [1.147 1.142 1.121 1.151 1.128 1.037 1.002 1.046 1.056 1.072 1.084 1.091 1.077 1.163]; residual DMT [-0.038 -0.041 -0.037 -0.044 -0.078 -0.041 -0.020 -0.032 -0.036 -0.033 -0.029 -0.034 -0.027 -0.042]; residual PCB [-0.023 -0.031 -0.037 -0.028 -0.040 -0.038 -0.040 -0.043 -0.041 -0.042 -0.045 -0.044 -0.033 -0.042]

## ts_demean, W = 30

Levels (all subjects, runs, windows): observed sts 0.9636, predicted (AR(1) from a_x, a_y, q) 1.0471, residual -0.0835 (-8.7 % of observed); SD of the residual across subject × run × window 0.0509 vs SD of observed 0.0954; symmetric-a prediction 1.2055.
Per-pair R² of predicted vs observed sts within a window: mean 0.571 (min 0.035, max 0.769). AR(1) lag-1 cross-correlation check: mean |corr(x_t, y_(t+1)) − a_y q| = 0.1299; correlation across pairs between observed and model lag-1 cross-correlations, mean 0.892 (min 0.678).
Subject 1 DMT window 2: pair-level r(obs, pred) = +0.711; obs mean 0.8905 SD 0.2522; pred mean 0.9190 SD 0.1974; residual mean -0.0285 SD 0.1783; r(residual, mean a) = -0.154, r(residual, |q|) = -0.097, r(residual, |a_x − a_y|) = +0.004
Subject 1 DMT window 6: pair-level r(obs, pred) = +0.795; obs mean 0.9485 SD 0.2800; pred mean 1.0161 SD 0.2269; residual mean -0.0675 SD 0.1700; r(residual, mean a) = -0.157, r(residual, |q|) = -0.273, r(residual, |a_x − a_y|) = +0.113
Subject 1 PCB window 2: pair-level r(obs, pred) = +0.745; obs mean 0.9606 SD 0.2737; pred mean 1.0349 SD 0.2166; residual mean -0.0743 SD 0.1829; r(residual, mean a) = -0.193, r(residual, |q|) = -0.307, r(residual, |a_x − a_y|) = +0.065
Subject 1 PCB window 6: pair-level r(obs, pred) = +0.754; obs mean 0.8663 SD 0.2764; pred mean 0.8769 SD 0.2384; residual mean -0.0105 SD 0.1842; r(residual, mean a) = -0.227, r(residual, |q|) = -0.107, r(residual, |a_x − a_y|) = +0.005
Primary DiD: observed -0.0877, predicted -0.1136 (129 % of observed), residual +0.0259. Per subject: r(residual DiD, autocorrelation contrast) = -0.604 (Spearman -0.631); r(predicted DiD, autocorrelation contrast) = +0.968; r(observed DiD, autocorrelation contrast) = +0.976; r(predicted DiD, observed DiD) = +0.981; r(residual DiD, observed DiD) = -0.570; residual DiD negative in 3/14.
Per-subject residual DiDs: [ 0.0304 -0.0006  0.0292  0.0009 -0.0104  0.0310  0.0380  0.0394  0.0377  0.0337  0.0254  0.0463  0.0763 -0.0152]
Group-mean window series: observed DMT [1.010 0.965 0.960 1.005 0.967 0.970 0.980 0.990 0.961 0.901 0.888 0.895 0.890 0.873 0.921 0.906 0.925 0.916 0.920 0.949 0.930 0.959 0.936 0.939 0.941 0.946 1.004 0.982]; predicted DMT [1.098 1.044 1.038 1.107 1.046 1.057 1.077 1.081 1.115 0.996 0.963 0.980 0.941 0.942 0.987 0.980 1.015 0.981 0.977 1.042 1.003 1.026 0.999 1.025 0.992 1.030 1.100 1.077]; residual DMT [-0.088 -0.080 -0.078 -0.102 -0.080 -0.087 -0.097 -0.092 -0.154 -0.096 -0.076 -0.084 -0.051 -0.069 -0.066 -0.074 -0.090 -0.066 -0.057 -0.093 -0.073 -0.067 -0.063 -0.087 -0.051 -0.084 -0.096 -0.094]; residual PCB [-0.072 -0.063 -0.074 -0.081 -0.088 -0.085 -0.086 -0.066 -0.083 -0.079 -0.086 -0.077 -0.091 -0.078 -0.097 -0.084 -0.091 -0.101 -0.093 -0.092 -0.096 -0.097 -0.110 -0.084 -0.077 -0.078 -0.082 -0.093]

## Global fit (run-level r1 and q)

ts_gsr: run-level observed sts (whole run, plug-in) 1.2883 vs AR(1) prediction from run-level (a_x, a_y, q) 1.3021 (residual -0.0137, -1.1 %); the prediction is constant across the run's bins, so the bin-level residual DiD equals the observed global-fit DiD (-0.0801); no decomposition is possible at this estimator.
ts_demean: run-level observed sts (whole run, plug-in) 1.2205 vs AR(1) prediction from run-level (a_x, a_y, q) 1.2197 (residual +0.0008, +0.1 %); the prediction is constant across the run's bins, so the bin-level residual DiD equals the observed global-fit DiD (-0.1035); no decomposition is possible at this estimator.
done (419s)
=== 2026-09-26 22:22:51  notes/partB14_family_atoms.py   -> notes/review_results/partB/family_atoms_run.log
git=c25a310
   ts_gsr: subject 1/14 done (1s)
   ts_gsr: subject 2/14 done (2s)
   ts_gsr: subject 3/14 done (3s)
   ts_gsr: subject 4/14 done (4s)
   ts_gsr: subject 5/14 done (5s)
   ts_gsr: subject 6/14 done (5s)
   ts_gsr: subject 7/14 done (6s)
   ts_gsr: subject 8/14 done (7s)
   ts_gsr: subject 9/14 done (8s)
   ts_gsr: subject 10/14 done (9s)
   ts_gsr: subject 11/14 done (10s)
   ts_gsr: subject 12/14 done (11s)
   ts_gsr: subject 13/14 done (11s)
   ts_gsr: subject 14/14 done (12s)
   ts_demean: subject 1/14 done (13s)
   ts_demean: subject 2/14 done (14s)
   ts_demean: subject 3/14 done (15s)
   ts_demean: subject 4/14 done (16s)
   ts_demean: subject 5/14 done (17s)
   ts_demean: subject 6/14 done (18s)
   ts_demean: subject 7/14 done (19s)
   ts_demean: subject 8/14 done (20s)
   ts_demean: subject 9/14 done (21s)
   ts_demean: subject 10/14 done (22s)
   ts_demean: subject 11/14 done (23s)
   ts_demean: subject 12/14 done (24s)
   ts_demean: subject 13/14 done (25s)
   ts_demean: subject 14/14 done (26s)
# Family-predicted sixteen atoms per pair, asymmetric diagonal family (partB14_family_atoms.py)
git=c25a310

Per window and pair: observed MMI atoms (PairPhiID.atoms_mean) and predicted atoms atoms_from_corr(ar1_corr(a_x, a_y, q)) from the window's measured (a_x, a_y, q), averaged over the 6,555 pairs; level = DMT windows 1–4, DiD = windows 6–14 minus 1–4, DMT minus placebo (mean over 14 subjects; in brackets the number of subjects with a negative DiD). W = 60; seed 20261120; region 20 excluded.

## ts_gsr, W = 60: Table 1's columns with the family-predicted atoms

| atom | observed level | predicted level | residual level | observed DiD (neg/14) | predicted DiD (neg/14) | residual DiD (neg/14) |
|---|---|---|---|---|---|---|
| rtr | +0.0388 | +0.0504 | -0.0116 | -0.0078 (10) | -0.0086 (10) | +0.0008 (4) |
| rtx | +0.0258 | +0.0027 | +0.0231 | -0.0012 (9) | -0.0003 (10) | -0.0008 (8) |
| rty | +0.0254 | +0.0024 | +0.0230 | -0.0012 (9) | -0.0000 (10) | -0.0011 (9) |
| rts | +0.5669 | +0.5756 | -0.0087 | -0.0407 (12) | -0.0414 (13) | +0.0008 (4) |
| xtr | +0.0254 | +0.0024 | +0.0230 | -0.0012 (9) | -0.0000 (10) | -0.0011 (9) |
| xtx | +0.6273 | +0.6617 | -0.0345 | -0.0523 (12) | -0.0535 (12) | +0.0012 (5) |
| xty | -0.0254 | -0.0024 | -0.0230 | +0.0012 (5) | +0.0000 (4) | +0.0011 (5) |
| xts | -0.5352 | -0.5747 | +0.0395 | +0.0399 (2) | +0.0413 (2) | -0.0014 (9) |
| ytr | +0.0258 | +0.0027 | +0.0231 | -0.0012 (9) | -0.0003 (10) | -0.0008 (8) |
| ytx | -0.0258 | -0.0027 | -0.0230 | +0.0012 (5) | +0.0003 (4) | +0.0008 (6) |
| yty | +0.6125 | +0.6470 | -0.0345 | -0.0396 (13) | -0.0408 (12) | +0.0012 (5) |
| yts | -0.5358 | -0.5747 | +0.0389 | +0.0404 (2) | +0.0414 (2) | -0.0010 (9) |
| str | +0.5667 | +0.5750 | -0.0082 | -0.0408 (12) | -0.0414 (12) | +0.0006 (5) |
| stx | -0.5350 | -0.5750 | +0.0400 | +0.0401 (2) | +0.0414 (2) | -0.0013 (9) |
| sty | -0.5357 | -0.5750 | +0.0392 | +0.0403 (2) | +0.0414 (2) | -0.0011 (9) |
| sts | +1.1554 | +1.2084 | -0.0530 | -0.0809 (13) | -0.0924 (13) | +0.0115 (4) |
| TDMI (sum) | +1.4772 | +1.4240 | +0.0532 | -0.1037 (12) | -0.1129 (12) | +0.0092 (5) |

Excess sts − (xtx + yty), DMT windows 1–4: observed -0.0844; family-predicted from each pair's (a_x, a_y, q) -0.1003; rtr observed +0.0388, predicted +0.0504.
Ordering rts = str below xtx, yty: predicted yes (rts +0.5756, str +0.5750, xtx +0.6617, yty +0.6470); observed yes (rts +0.5669, str +0.5667, xtx +0.6273, yty +0.6125).
Mirror atoms (xts, yts, stx, sty): predicted [-0.5747 -0.5747 -0.5750 -0.5750] against −rts predicted -0.5756; observed [-0.5352 -0.5358 -0.5350 -0.5357] against −rts observed -0.5669.
sts residual, all subjects, runs and windows: -0.0489 (the diagnostic's, diag_tables.md: −0.0489 on ts_gsr); observed sts level 1.1554, predicted 1.2084; sts DiD observed -0.0809, predicted -0.0924, residual +0.0115.
Largest |residual level| over the sixteen atoms: sts (-0.0530); largest |residual DiD|: sts (+0.0115).

Check against diag_series_ts_gsr_W60.npz: max |sts residual here − diagnostic's res| = 9.99e-15 (identical by construction up to floating point).

## ts_demean, W = 60: Table 1's columns with the family-predicted atoms

| atom | observed level | predicted level | residual level | observed DiD (neg/14) | predicted DiD (neg/14) | residual DiD (neg/14) |
|---|---|---|---|---|---|---|
| rtr | +0.0444 | +0.0593 | -0.0149 | +0.0005 (8) | +0.0030 (8) | -0.0025 (8) |
| rtx | +0.0293 | +0.0035 | +0.0257 | +0.0040 (6) | +0.0002 (7) | +0.0038 (6) |
| rty | +0.0288 | +0.0030 | +0.0258 | +0.0003 (5) | +0.0010 (4) | -0.0007 (7) |
| rts | +0.5265 | +0.5364 | -0.0099 | -0.0643 (12) | -0.0624 (12) | -0.0019 (11) |
| xtr | +0.0287 | +0.0030 | +0.0258 | +0.0003 (5) | +0.0010 (4) | -0.0007 (7) |
| xtx | +0.5871 | +0.6237 | -0.0366 | -0.0823 (13) | -0.0817 (13) | -0.0006 (7) |
| xty | -0.0286 | -0.0030 | -0.0257 | -0.0002 (8) | -0.0010 (10) | +0.0008 (7) |
| xts | -0.4933 | -0.5352 | +0.0419 | +0.0621 (2) | +0.0625 (2) | -0.0003 (7) |
| ytr | +0.0292 | +0.0035 | +0.0257 | +0.0040 (6) | +0.0002 (7) | +0.0038 (6) |
| ytx | -0.0291 | -0.0035 | -0.0256 | -0.0039 (8) | -0.0002 (7) | -0.0037 (8) |
| yty | +0.5658 | +0.6024 | -0.0366 | -0.0610 (12) | -0.0604 (12) | -0.0006 (7) |
| yts | -0.4942 | -0.5353 | +0.0411 | +0.0635 (2) | +0.0626 (2) | +0.0009 (7) |
| str | +0.5264 | +0.5356 | -0.0091 | -0.0646 (13) | -0.0625 (12) | -0.0021 (10) |
| stx | -0.4929 | -0.5356 | +0.0427 | +0.0627 (2) | +0.0625 (2) | +0.0002 (7) |
| sty | -0.4943 | -0.5356 | +0.0412 | +0.0636 (2) | +0.0625 (2) | +0.0010 (6) |
| sts | +1.1004 | +1.1403 | -0.0399 | -0.1031 (12) | -0.1213 (12) | +0.0182 (2) |
| TDMI (sum) | +1.4341 | +1.3625 | +0.0716 | -0.1186 (13) | -0.1341 (12) | +0.0155 (5) |

Excess sts − (xtx + yty), DMT windows 1–4: observed -0.0525; family-predicted from each pair's (a_x, a_y, q) -0.0858; rtr observed +0.0444, predicted +0.0593.
Ordering rts = str below xtx, yty: predicted yes (rts +0.5364, str +0.5356, xtx +0.6237, yty +0.6024); observed yes (rts +0.5265, str +0.5264, xtx +0.5871, yty +0.5658).
Mirror atoms (xts, yts, stx, sty): predicted [-0.5352 -0.5353 -0.5356 -0.5356] against −rts predicted -0.5364; observed [-0.4933 -0.4942 -0.4929 -0.4943] against −rts observed -0.5265.
sts residual, all subjects, runs and windows: -0.0378 (the diagnostic's, diag_tables.md: −0.0489 on ts_gsr); observed sts level 1.1004, predicted 1.1403; sts DiD observed -0.1031, predicted -0.1213, residual +0.0182.
Largest |residual level| over the sixteen atoms: stx (+0.0427); largest |residual DiD|: sts (+0.0182).

Check against diag_series_ts_demean_W60.npz: max |sts residual here − diagnostic's res| = 9.10e-15 (identical by construction up to floating point).

## Global fit (run-level a_x, a_y, q; levels, placebo and DMT pre-injection bins 1–8 of the observed bins; the prediction is constant across a run's bins)

| variant | atom | observed level (bins 1–8, DMT) | predicted level (run-level, DMT) | residual |
|---|---|---|---|---|
| ts_gsr | rtr | +0.0248 | +0.0234 | +0.0014 |
| ts_gsr | rtx | +0.0076 | +0.0006 | +0.0070 |
| ts_gsr | rty | +0.0074 | +0.0005 | +0.0070 |
| ts_gsr | rts | +0.6435 | +0.6306 | +0.0129 |
| ts_gsr | xtr | +0.0074 | +0.0005 | +0.0070 |
| ts_gsr | xtx | +0.6897 | +0.6736 | +0.0160 |
| ts_gsr | xty | -0.0074 | -0.0005 | -0.0070 |
| ts_gsr | xts | -0.6386 | -0.6306 | -0.0080 |
| ts_gsr | ytr | +0.0076 | +0.0006 | +0.0070 |
| ts_gsr | ytx | -0.0076 | -0.0006 | -0.0070 |
| ts_gsr | yty | +0.6719 | +0.6585 | +0.0134 |
| ts_gsr | yts | -0.6388 | -0.6306 | -0.0082 |
| ts_gsr | str | +0.6435 | +0.6306 | +0.0130 |
| ts_gsr | stx | -0.6387 | -0.6306 | -0.0081 |
| ts_gsr | sty | -0.6388 | -0.6306 | -0.0082 |
| ts_gsr | sts | +1.3085 | +1.2858 | +0.0227 |
| ts_gsr | excess sts − (xtx + yty) | -0.0531 | -0.0463 | -0.0067 |
| ts_demean | rtr | +0.0301 | +0.0444 | -0.0144 |
| ts_demean | rtx | +0.0074 | +0.0012 | +0.0062 |
| ts_demean | rty | +0.0085 | +0.0010 | +0.0075 |
| ts_demean | rts | +0.5979 | +0.5740 | +0.0239 |
| ts_demean | xtr | +0.0085 | +0.0010 | +0.0075 |
| ts_demean | xtx | +0.6522 | +0.6199 | +0.0323 |
| ts_demean | xty | -0.0085 | -0.0010 | -0.0075 |
| ts_demean | xts | -0.5933 | -0.5739 | -0.0195 |
| ts_demean | ytr | +0.0074 | +0.0012 | +0.0062 |
| ts_demean | ytx | -0.0074 | -0.0012 | -0.0062 |
| ts_demean | yty | +0.6236 | +0.6010 | +0.0227 |
| ts_demean | yts | -0.5934 | -0.5739 | -0.0195 |
| ts_demean | str | +0.5979 | +0.5739 | +0.0240 |
| ts_demean | stx | -0.5934 | -0.5739 | -0.0195 |
| ts_demean | sty | -0.5937 | -0.5739 | -0.0198 |
| ts_demean | sts | +1.2403 | +1.1948 | +0.0455 |
| ts_demean | excess sts − (xtx + yty) | -0.0355 | -0.0261 | -0.0095 |

## The rule of the pre-run entry

ts_gsr: predicted excess -0.1003 against observed -0.0844 — sign matches; predicted ordering rts = str < xtx, yty holds and the observed ordering holds; sts residual -0.0489.
ts_demean: predicted excess -0.0858 against observed -0.0525 — sign matches; predicted ordering rts = str < xtx, yty holds and the observed ordering holds; sts residual -0.0378.
Reading under the rule: the predicted sign of the excess and the ordering rts < xtx, yty match the data on both variants, so Results 1's "two departures" and their ACF attribution are replaced by the asymmetric-family account and the per-atom residuals (round 14).
done (28s)
=== 2026-09-26 22:23:20  notes/partB15_directed_crosslag.py   -> notes/review_results/partB/directed_crosslag_run.log
git=c25a310
   ts_gsr: subject 1/14 done (1s)
   ts_gsr: subject 2/14 done (1s)
   ts_gsr: subject 3/14 done (2s)
   ts_gsr: subject 4/14 done (2s)
   ts_gsr: subject 5/14 done (3s)
   ts_gsr: subject 6/14 done (3s)
   ts_gsr: subject 7/14 done (4s)
   ts_gsr: subject 8/14 done (4s)
   ts_gsr: subject 9/14 done (4s)
   ts_gsr: subject 10/14 done (5s)
   ts_gsr: subject 11/14 done (5s)
   ts_gsr: subject 12/14 done (6s)
   ts_gsr: subject 13/14 done (6s)
   ts_gsr: subject 14/14 done (7s)
   ts_demean: subject 1/14 done (7s)
   ts_demean: subject 2/14 done (7s)
   ts_demean: subject 3/14 done (8s)
   ts_demean: subject 4/14 done (8s)
   ts_demean: subject 5/14 done (9s)
   ts_demean: subject 6/14 done (9s)
   ts_demean: subject 7/14 done (10s)
   ts_demean: subject 8/14 done (10s)
   ts_demean: subject 9/14 done (11s)
   ts_demean: subject 10/14 done (11s)
   ts_demean: subject 11/14 done (11s)
   ts_demean: subject 12/14 done (12s)
   ts_demean: subject 13/14 done (12s)
   ts_demean: subject 14/14 done (13s)
# The directed (antisymmetric) cross-lag component (partB15_directed_crosslag.py)
git=c25a310

Per pair d_xy = corr(x_t, y_{t+1}) − a_y q and d_yx = corr(y_t, x_{t+1}) − a_x q; δ_sym = (d_xy + d_yx)/2 (partB10's d), δ_anti = (d_xy − d_yx)/2. Run level from the whole-run 4 × 4 matrices; W = 60 from each window's own. Seed 20261120; subject bootstrap 10000 draws; exact sign-flip p over 2^14 assignments. Region 20 excluded.

## ts_gsr, run level (whole-run matrices; 28 runs)

RMS of δ_anti over pairs: mean over runs 0.03783 (DMT 0.03757, placebo 0.03809); per subject (mean of the two runs) min 0.03128, max 0.04489. RMS of δ_sym: 0.00941. For reference, 1/√(kept TRs) ≈ 0.0345.
Mean pair a 0.8666, mean pair |q| 0.1945.
Closed-form response of the pair-mean sts (mean over runs): to δ_anti alone -0.00641 [-0.00692, -0.00586] (subject bootstrap of the per-subject mean of the two runs) — the directed share; to δ_sym alone -0.00712 — the symmetric share; to both -0.01373; run-level residual of the diagnostic (observed − AR(1) prediction) -0.01373 (DMT -0.01418, placebo -0.01328); the responses account for 100 % of the residual (directed alone 47 %, symmetric alone 52 %).
Per-subject directed response (mean of the two runs): [-0.00710 -0.00790 -0.00608 -0.00431 -0.00581 -0.00477 -0.00728 -0.00602 -0.00592 -0.00793 -0.00675 -0.00620 -0.00699 -0.00664]; negative in 14/14; sign-flip p = 0.0001.
DMT − placebo of the run-level RMS of δ_anti: -0.00052, sign-flip p = 0.7313; of the directed response: +0.00044, p = 0.3800.

## ts_gsr, W = 60 (each window's own matrices)

RMS of δ_anti per window, mean over runs and windows 0.10982 (DMT pre 0.10805, DMT post 0.11222, placebo pre 0.10958, placebo post 0.10745); for reference 1/√60 = 0.1291.
DiD of the RMS of δ_anti (windows 6–14 minus 1–4, DMT minus placebo): +0.00631 [+0.00006, +0.01278], sign-flip p = 0.0829, negative in 6/14.
DiD of the sign(q)-weighted mean of δ_sym (partB10's W = 60 statistic, for reference): -0.00119 [-0.00288, +0.00062], p = 0.2233.

## ts_demean, run level (whole-run matrices; 28 runs)

RMS of δ_anti over pairs: mean over runs 0.04013 (DMT 0.03884, placebo 0.04142); per subject (mean of the two runs) min 0.03410, max 0.05350. RMS of δ_sym: 0.01312. For reference, 1/√(kept TRs) ≈ 0.0345.
Mean pair a 0.8567, mean pair |q| 0.2544.
Closed-form response of the pair-mean sts (mean over runs): to δ_anti alone -0.00851 [-0.00991, -0.00720] (subject bootstrap of the per-subject mean of the two runs) — the directed share; to δ_sym alone +0.00920 — the symmetric share; to both +0.00079; run-level residual of the diagnostic (observed − AR(1) prediction) +0.00079 (DMT +0.00163, placebo -0.00005); the responses account for 100 % of the residual (directed alone -1073 %, symmetric alone 1160 %).
Per-subject directed response (mean of the two runs): [-0.00953 -0.00768 -0.00685 -0.00549 -0.00660 -0.00528 -0.00743 -0.00771 -0.01253 -0.00991 -0.00704 -0.01346 -0.01260 -0.00706]; negative in 14/14; sign-flip p = 0.0001.
DMT − placebo of the run-level RMS of δ_anti: -0.00258, sign-flip p = 0.2714; of the directed response: -0.00012, p = 0.8330.

## ts_demean, W = 60 (each window's own matrices)

RMS of δ_anti per window, mean over runs and windows 0.11285 (DMT pre 0.11211, DMT post 0.11471, placebo pre 0.11241, placebo post 0.11150); for reference 1/√60 = 0.1291.
DiD of the RMS of δ_anti (windows 6–14 minus 1–4, DMT minus placebo): +0.00352 [-0.00250, +0.00965], sign-flip p = 0.2977, negative in 5/14.
DiD of the sign(q)-weighted mean of δ_sym (partB10's W = 60 statistic, for reference): -0.00390 [-0.00633, -0.00137], p = 0.0128.

## The finite-sample null with within-pair lead–lag asymmetry (DMT pre operating point, W = 60, 3,000 pairs, T = 3,000)

(0) symmetric filter null, as review_v2_residual_null.py (solved bmean 184, qsd 0.266): window a 0.8629, |q| 0.2824; residual -0.03535 (-2.98 %); RMS δ_anti 0.10389, RMS δ_sym 0.02342; closed-form response to δ_anti -0.03484, to δ_sym -0.00009, to both -0.03575.
(1) y = x delayed by one sample mixed with independent noise at the pair's q (w = q / r₁ of x, clipped to ±0.99): window a 0.8637, |q| 0.2828; residual -0.06505 (-5.59 %); RMS δ_anti 0.12579, RMS δ_sym 0.02347; closed-form response to δ_anti -0.04954, to δ_sym -0.01159, to both -0.06552.
(2) symmetric VAR(1), population a = 0.8632, c_xy = +0.02, c_yx = −0.02, q ~ N(0, 0.266) clipped to the reachable lag-0 range -0.987 to +0.987 (window a and |q| as measured, see the note in the script): window a 0.7987, |q| 0.3126; residual -0.07353 (-9.52 %); RMS δ_anti 0.06488, RMS δ_sym 0.05227; closed-form response to δ_anti -0.01305, to δ_sym -0.05854, to both -0.07386.
(2) symmetric VAR(1), population a = 0.8632, c_xy = +0.04, c_yx = −0.04, q ~ N(0, 0.266) clipped to the reachable lag-0 range -0.949 to +0.949 (window a and |q| as measured, see the note in the script): window a 0.8012, |q| 0.3133; residual -0.07253 (-9.22 %); RMS δ_anti 0.07516, RMS δ_sym 0.05067; closed-form response to δ_anti -0.01860, to δ_sym -0.05166, to both -0.07304.
(2) symmetric VAR(1), population a = 0.8632, c_xy = +0.06, c_yx = −0.06, q ~ N(0, 0.266) clipped to the reachable lag-0 range -0.888 to +0.888 (window a and |q| as measured, see the note in the script): window a 0.8043, |q| 0.3091; residual -0.06842 (-8.47 %); RMS δ_anti 0.08931, RMS δ_sym 0.04900; closed-form response to δ_anti -0.02685, to δ_sym -0.03947, to both -0.06933.

Null residual levels: symmetric -0.03535; delayed-copy -0.06505; antisymmetric VAR(1) c = 0.02: -0.07353, c = 0.04: -0.07253, c = 0.06: -0.06842. These are W = 60 window-level residuals; the data's W = 60 residual is −0.0489 on ts_gsr (diag_tables.md) and its run-level residual −0.0137 (residual_source.log; recomputed in this script's run-level section above). Reported with their sizes; no branch labels (rule of the pre-run entry).

done (47s)
=== 2026-09-26 22:24:07  notes/partB4_residual_source.py
git=c25a310
   subject 1/14 done (2s)
   subject 2/14 done (3s)
   subject 3/14 done (4s)
   subject 4/14 done (5s)
   subject 5/14 done (6s)
   subject 6/14 done (7s)
   subject 7/14 done (9s)
   subject 8/14 done (11s)
   subject 9/14 done (12s)
   subject 10/14 done (14s)
   subject 11/14 done (15s)
   subject 12/14 done (17s)
   subject 13/14 done (19s)
   subject 14/14 done (20s)
# Residual source (partB4_residual_source.py; ts_gsr, W = 60, all subjects, both runs, 14 windows)
git=c25a310

Means over all cells: observed sts 1.1377; AR(1) prediction 1.1865 (residual -0.0489); cross-lag substitution only 1.1866 (residual -0.0489); lag-0 substitution only 1.1372 (residual +0.0005). max |prediction − cross-lag-only| over cells 0.00057.
Cross-lag deviation corr(x_t, y_(t+1)) − a_y q (and the y→x mirror), pooled over pairs: mean signed +0.00014 (per-cell range -0.0004 to +0.0014); mean absolute 0.0906; SD across pairs within a window 0.1128. Mean |lag-0 correlation of the past block − of the future block| 0.0168. Mean pair a 0.860, mean pair |q| 0.277. For reference, 1/sqrt(60) = 0.129.
residual: DMT pre -0.0530 post -0.0453; PCB pre -0.0479 post -0.0517; primary DiD +0.0115 (negative in 4/14)
cross-lag |deviation|: DMT pre +0.0891 post +0.0926; PCB pre +0.0904 post +0.0887; primary DiD +0.0053 (negative in 5/14)
cross-lag deviation SD: DMT pre +0.1110 post +0.1154; PCB pre +0.1127 post +0.1103; primary DiD +0.0068 (negative in 5/14)
cross-lag signed deviation: DMT pre +0.0002 post +0.0001; PCB pre +0.0000 post +0.0002; primary DiD -0.0002 (negative in 9/14)
pair a: DMT pre +0.8632 post +0.8532; PCB pre +0.8603 post +0.8657; primary DiD -0.0155 (negative in 12/14)
pair |q|: DMT pre +0.2842 post +0.2662; PCB pre +0.2839 post +0.2824; primary DiD -0.0164 (negative in 10/14)
Per subject: r(residual DiD, cross-lag |deviation| DiD) = +0.241; r(residual DiD, cross-lag deviation SD DiD) = +0.279; r(residual DiD, pair a DiD) = -0.777; r(residual DiD, pair |q| DiD) = -0.741
Across all 392 subject × run × window cells: r(residual, cross-lag deviation SD) = +0.432; r(residual, pair a) = -0.736; r(residual, pair |q|) = -0.711; r(cross-lag deviation SD, pair a) = -0.789
Joint regression of the cell residual on (pair a, pair |q|, cross-lag deviation SD), standardised: coefficients -0.743, -0.437, -0.262; partial correlations -0.629, -0.601, -0.296; R² 0.744
Group-mean window series of the cross-lag deviation SD: DMT [0.1115 0.1104 0.1125 0.1095 0.1149 0.1196 0.1208 0.1191 0.1157 0.1165 0.1122 0.1125 0.1129 0.1091]; PCB [0.1173 0.1127 0.1113 0.1093 0.1188 0.1103 0.1138 0.1084 0.1087 0.1120 0.1090 0.1078 0.1079 0.1146]

done (21s)
=== 2026-09-26 22:24:28  notes/partB5_family_checks.py
git=c25a310
# Family checks (partB5_family_checks.py)
git=c25a310

(0.85, 0.25): levels sts 1.2588, xtx+yty 1.2357, TDMI 1.2819, rtr 0.0231, rts+str 1.2357, mirrors -2.4715, PhiR 0.0231
   d/dr1: sts +6.071, xtx+yty +6.015, TDMI +6.126, rtr +0.056, rts+str +6.015, mirrors -12.030, PhiR +0.056
   d/dq:  sts -0.189, xtx+yty -0.378, TDMI +0.000, rtr +0.189, rts+str -0.378, mirrors +0.757, PhiR +0.189
   ratio |dsts/dr1| / |dsts/dq| = 32.1; rtr / sts level = 1.84 %
(0.85, 0.5): levels sts 1.1823, xtx+yty 1.0827, TDMI 1.2819, rtr 0.0996, rts+str 1.0827, mirrors -2.1654, PhiR 0.0996
   d/dr1: sts +5.867, xtx+yty +5.608, TDMI +6.126, rtr +0.259, rts+str +5.608, mirrors -11.215, PhiR +0.259
   d/dq:  sts -0.441, xtx+yty -0.882, TDMI +0.000, rtr +0.441, rts+str -0.882, mirrors +1.764, PhiR +0.441
   ratio |dsts/dr1| / |dsts/dq| = 13.3; rtr / sts level = 8.42 %
(0.97, 0.25): levels sts 2.7982, xtx+yty 2.7679, TDMI 2.8285, rtr 0.0303, rts+str 2.7679, mirrors -5.5358, PhiR 0.0303
   d/dr1: sts +32.774, xtx+yty +32.709, TDMI +32.838, rtr +0.064, rts+str +32.709, mirrors -65.418, PhiR +0.064
   d/dq:  sts -0.250, xtx+yty -0.500, TDMI +0.000, rtr +0.250, rts+str -0.500, mirrors +1.000, PhiR +0.250
   ratio |dsts/dr1| / |dsts/dq| = 131.1; rtr / sts level = 1.08 %

Symmetric family, 2,000 draws a ~ U(0, 0.95), q ~ U(−0.9, 0.9), seed 20261120: max |TDMI + ln(1 − a²)| = 3.6e-15; max |rtr + sts − TDMI| = 1.8e-15; max |rtr + ½ ln(1 − a²q²)| = 0.0e+00; max |ΦR − rtr| = 3.6e-15
Unequal a_x, a_y (2,000 draws, same seed stream): ΦR − rtr min -1.362, max +4.585, mean +0.091, share |ΦR − rtr| > 0.01: 0.57

Ratio |dsts/dr1| / |dsts/dq| at the implied operating points:
   r1 = 0.78: |q| = 0.25: 24.9; |q| = 0.6: 7.8
   r1 = 0.85: |q| = 0.25: 32.1; |q| = 0.6: 9.8
   r1 = 0.93: |q| = 0.25: 60.0; |q| = 0.6: 17.6
   r1 = 0.97: |q| = 0.25: 131.1; |q| = 0.6: 37.8

Lag-1 autocorrelation of ideal band-passed white noise, r1 = [sin(2π f_hi TR) − sin(2π f_lo TR)] / [2π (f_hi − f_lo) TR]:
   0.008–0.09 Hz, TR 2 s: 0.781
   0.008–0.09 Hz, TR 0.72 s: 0.970
   0.0025–0.05 Hz, TR 2 s: 0.932
   0.0025–0.05 Hz, TR 3 s: 0.851
   0.01–0.08 Hz, TR 2 s (this repository): 0.817
   0.01–0.08 Hz, TR 3 s: 0.614
   0.01–0.1 Hz, TR 3 s: 0.450

=== 2026-09-26 22:24:28  notes/partB6_ccs_definition.py
git=c25a310
git=c25a310
# CCS definition check (partB6_ccs_definition.py)

## 0. The four masks on identical samples: subject 1, ts_gsr, DMT window 6 and placebo window 2, all 6,555 pairs
subject 1 DMT window 6: share of samples selected — code 0.264, pub 0.320, both 0.261, either 0.324; share where the two masks disagree 0.063
   code: pair-mean sts -0.0354 (SD 0.0698), rtr +0.0682, xtx+yty +1.1113, agree share 0.269
   pub : pair-mean sts -0.0430 (SD 0.0663), rtr +0.0606, xtx+yty +1.0962, agree share 0.325
   pub8: pair-mean sts -0.0419 (SD 0.0665), rtr +0.0616, xtx+yty +1.0983, agree share 0.314
   pubD: pair-mean sts -0.0386 (SD 0.0690), rtr +0.0650, xtx+yty +1.1050, agree share 0.266
   code mask vs saved ccs_atoms_win60_ts_gsr.npy: max|diff| 0.0e+00
subject 1 PCB window 2: share of samples selected — code 0.280, pub 0.337, both 0.275, either 0.341; share where the two masks disagree 0.066
   code: pair-mean sts -0.0367 (SD 0.0744), rtr +0.0795, xtx+yty +1.1407, agree share 0.278
   pub : pair-mean sts -0.0452 (SD 0.0700), rtr +0.0709, xtx+yty +1.1235, agree share 0.335
   pub8: pair-mean sts -0.0441 (SD 0.0702), rtr +0.0721, xtx+yty +1.1259, agree share 0.324
   pubD: pair-mean sts -0.0405 (SD 0.0725), rtr +0.0756, xtx+yty +1.1330, agree share 0.274
   code mask vs saved ccs_atoms_win60_ts_gsr.npy: max|diff| 0.0e+00
   (2s)
   ts_gsr [pub]: subject 1/14 done (12s)
   ts_gsr [pub]: subject 2/14 done (22s)
   ts_gsr [pub]: subject 3/14 done (32s)
   ts_gsr [pub]: subject 4/14 done (43s)
   ts_gsr [pub]: subject 5/14 done (53s)
   ts_gsr [pub]: subject 6/14 done (63s)
   ts_gsr [pub]: subject 7/14 done (73s)
   ts_gsr [pub]: subject 8/14 done (83s)
   ts_gsr [pub]: subject 9/14 done (93s)
   ts_gsr [pub]: subject 10/14 done (103s)
   ts_gsr [pub]: subject 11/14 done (114s)
   ts_gsr [pub]: subject 12/14 done (124s)
   ts_gsr [pub]: subject 13/14 done (134s)
   ts_gsr [pub]: subject 14/14 done (144s)
CCSpub sts ts_gsr W60              primary                DiD +0.0044 [+0.0004, +0.0081] p=0.0559 neg 3/14 | phase p=0.0060 | DMT +0.0021 (p=0.167) PCB -0.0023 (p=0.109) placebo share 0.52 | FD DiD +0.0143 (p=0.245) | FD-resid +0.0039 [+0.0005, +0.0073] p=0.0535 2/14 SURVIVES
CCSpub sts ts_gsr W60              sensitivity            DiD +0.0045 [+0.0008, +0.0080] p=0.0356 neg 3/14 | phase p=0.0050 | DMT +0.0023 (p=0.115) PCB -0.0021 (p=0.108) placebo share 0.48 | FD DiD +0.0191 (p=0.108) | FD-resid +0.0040 [+0.0008, +0.0069] p=0.0326 2/14 SURVIVES
CCSpub sts ts_gsr W60              early                  DiD +0.0052 [+0.0011, +0.0093] p=0.0320 neg 3/14 | phase p=0.0070 | DMT +0.0031 (p=0.018) PCB -0.0021 (p=0.192) placebo share 0.41 | FD DiD +0.0366 (p=0.010) | FD-resid +0.0043 [+0.0008, +0.0079] p=0.0385 3/14 SURVIVES
CCSpub sts ts_gsr W60              late                   DiD +0.0037 [-0.0011, +0.0082] p=0.1505 neg 4/14 | phase p=0.0280 | DMT +0.0013 (p=0.467) PCB -0.0024 (p=0.130) placebo share 0.64 | FD DiD -0.0034 (p=0.807) | FD-resid +0.0036 [-0.0006, +0.0073] p=0.1128 3/14 does NOT survive
CCSpub sts ts_gsr W60              trend_a_placebo_line   DiD +0.0041 [+0.0006, +0.0076] p=0.0486 neg 3/14
CCSpub sts ts_gsr W60              trend_b_shared_slope   DiD +0.0044 [+0.0016, +0.0074] p=0.0107 neg 2/14
CCSpub xtx+yty ts_gsr W60          primary                DiD -0.0894 [-0.1431, -0.0382] p=0.0055 neg 12/14 | phase p=0.0020 | DMT -0.0513 (p=0.031) PCB +0.0381 (p=0.036) placebo share 0.43 | FD DiD +0.0143 (p=0.245) | FD-resid -0.0698 [-0.1076, -0.0281] p=0.0071 12/14 SURVIVES
CCSpub xtx+yty ts_gsr W60          sensitivity            DiD -0.0798 [-0.1327, -0.0277] p=0.0106 neg 12/14 | phase p=0.0020 | DMT -0.0510 (p=0.032) PCB +0.0288 (p=0.090) placebo share 0.36 | FD DiD +0.0191 (p=0.108) | FD-resid -0.0584 [-0.0948, -0.0186] p=0.0155 12/14 SURVIVES
CCSpub xtx+yty ts_gsr W60          early                  DiD -0.1101 [-0.1631, -0.0592] p=0.0016 neg 12/14 | phase p=0.0010 | DMT -0.0886 (p=0.002) PCB +0.0216 (p=0.227) placebo share 0.20 | FD DiD +0.0366 (p=0.010) | FD-resid -0.0841 [-0.1264, -0.0421] p=0.0028 11/14 SURVIVES
CCSpub xtx+yty ts_gsr W60          late                   DiD -0.0728 [-0.1321, -0.0136] p=0.0333 neg 10/14 | phase p=0.0030 | DMT -0.0215 (p=0.402) PCB +0.0513 (p=0.009) placebo share 0.70 | FD DiD -0.0034 (p=0.807) | FD-resid -0.0583 [-0.1019, -0.0072] p=0.0367 12/14 SURVIVES
CCSpub xtx+yty ts_gsr W60          trend_a_placebo_line   DiD -0.0990 [-0.1521, -0.0500] p=0.0023 neg 13/14
CCSpub xtx+yty ts_gsr W60          trend_b_shared_slope   DiD -0.1086 [-0.1589, -0.0626] p=0.0010 neg 13/14
CCSpub rtr ts_gsr W60              primary                DiD -0.0117 [-0.0200, -0.0028] p=0.0295 neg 10/14 | phase p=0.0050 | DMT -0.0107 (p=0.012) PCB +0.0010 (p=0.712) placebo share 0.08 | FD DiD +0.0143 (p=0.245) | FD-resid -0.0107 [-0.0192, -0.0015] p=0.0424 10/14 SURVIVES
CCSpub rtr ts_gsr W60              sensitivity            DiD -0.0108 [-0.0192, -0.0020] p=0.0374 neg 10/14 | phase p=0.0050 | DMT -0.0103 (p=0.014) PCB +0.0005 (p=0.855) placebo share 0.04 | FD DiD +0.0191 (p=0.108) | FD-resid -0.0096 [-0.0177, -0.0012] p=0.0532 10/14 SURVIVES
CCSpub rtr ts_gsr W60              early                  DiD -0.0193 [-0.0268, -0.0118] p=0.0006 neg 13/14 | phase p=0.0010 | DMT -0.0169 (p=0.000) PCB +0.0024 (p=0.407) placebo share 0.12 | FD DiD +0.0366 (p=0.010) | FD-resid -0.0165 [-0.0238, -0.0090] p=0.0020 11/14 SURVIVES
CCSpub rtr ts_gsr W60              late                   DiD -0.0055 [-0.0158, +0.0057] p=0.3385 neg 9/14 | phase p=0.2428 | DMT -0.0057 (p=0.200) PCB -0.0002 (p=0.953) placebo share -0.03 | FD DiD -0.0034 (p=0.807) | FD-resid -0.0060 [-0.0161, +0.0049] p=0.2948 10/14 does NOT survive
CCSpub rtr ts_gsr W60              trend_a_placebo_line   DiD -0.0112 [-0.0201, -0.0023] p=0.0363 neg 9/14
CCSpub rtr ts_gsr W60              trend_b_shared_slope   DiD -0.0150 [-0.0229, -0.0067] p=0.0054 neg 12/14
CCSpub sts ts_gsr global-bins      primary                DiD +0.0197 [+0.0142, +0.0254] p=0.0002 neg 1/14 | phase p=0.0010 | DMT +0.0122 (p=0.000) PCB -0.0075 (p=0.001) placebo share 0.38 | FD DiD +0.0143 (p=0.245) | FD-resid +0.0152 [+0.0108, +0.0198] p=0.0001 0/14 SURVIVES
CCSpub sts ts_gsr global-bins      sensitivity            DiD +0.0191 [+0.0138, +0.0248] p=0.0001 neg 0/14 | phase p=0.0010 | DMT +0.0124 (p=0.000) PCB -0.0067 (p=0.001) placebo share 0.35 | FD DiD +0.0174 (p=0.155) | FD-resid +0.0149 [+0.0106, +0.0194] p=0.0001 0/14 SURVIVES
CCSpub sts ts_gsr global-bins      early                  DiD +0.0184 [+0.0129, +0.0245] p=0.0001 neg 0/14 | phase p=0.0010 | DMT +0.0160 (p=0.000) PCB -0.0024 (p=0.123) placebo share 0.13 | FD DiD +0.0366 (p=0.010) | FD-resid +0.0154 [+0.0105, +0.0203] p=0.0002 1/14 SURVIVES
CCSpub sts ts_gsr global-bins      late                   DiD +0.0206 [+0.0143, +0.0270] p=0.0002 neg 1/14 | phase p=0.0010 | DMT +0.0092 (p=0.003) PCB -0.0115 (p=0.000) placebo share 0.56 | FD DiD -0.0034 (p=0.807) | FD-resid +0.0150 [+0.0104, +0.0196] p=0.0001 0/14 SURVIVES
CCSpub sts ts_gsr global-bins      trend_a_placebo_line   DiD +0.0227 [+0.0168, +0.0284] p=0.0001 neg 0/14
CCSpub sts ts_gsr global-bins      trend_b_shared_slope   DiD +0.0224 [+0.0167, +0.0284] p=0.0001 neg 0/14
CCSpub xtx+yty ts_gsr global-bins  primary                DiD -0.0834 [-0.1451, -0.0245] p=0.0164 neg 13/14 | phase p=0.0010 | DMT -0.0546 (p=0.069) PCB +0.0289 (p=0.069) placebo share 0.35 | FD DiD +0.0143 (p=0.245) | FD-resid -0.0670 [-0.1141, -0.0140] p=0.0271 13/14 SURVIVES
CCSpub xtx+yty ts_gsr global-bins  sensitivity            DiD -0.0809 [-0.1423, -0.0219] p=0.0194 neg 13/14 | phase p=0.0010 | DMT -0.0560 (p=0.059) PCB +0.0249 (p=0.109) placebo share 0.31 | FD DiD +0.0174 (p=0.155) | FD-resid -0.0635 [-0.1091, -0.0113] p=0.0302 12/14 SURVIVES
CCSpub xtx+yty ts_gsr global-bins  early                  DiD -0.1068 [-0.1623, -0.0561] p=0.0015 neg 13/14 | phase p=0.0010 | DMT -0.0862 (p=0.004) PCB +0.0205 (p=0.208) placebo share 0.19 | FD DiD +0.0366 (p=0.010) | FD-resid -0.0817 [-0.1240, -0.0374] p=0.0043 12/14 SURVIVES
CCSpub xtx+yty ts_gsr global-bins  late                   DiD -0.0647 [-0.1369, +0.0080] p=0.1082 neg 11/14 | phase p=0.0280 | DMT -0.0292 (p=0.378) PCB +0.0355 (p=0.047) placebo share 0.55 | FD DiD -0.0034 (p=0.807) | FD-resid -0.0551 [-0.1129, +0.0096] p=0.1165 11/14 does NOT survive
CCSpub xtx+yty ts_gsr global-bins  trend_a_placebo_line   DiD -0.0860 [-0.1459, -0.0265] p=0.0150 neg 12/14
CCSpub xtx+yty ts_gsr global-bins  trend_b_shared_slope   DiD -0.0998 [-0.1574, -0.0452] p=0.0039 neg 13/14
CCSpub rtr ts_gsr global-bins      primary                DiD -0.0237 [-0.0337, -0.0136] p=0.0009 neg 13/14 | phase p=0.0010 | DMT -0.0189 (p=0.002) PCB +0.0048 (p=0.054) placebo share 0.20 | FD DiD +0.0143 (p=0.245) | FD-resid -0.0195 [-0.0290, -0.0103] p=0.0021 12/14 SURVIVES
CCSpub rtr ts_gsr global-bins      sensitivity            DiD -0.0235 [-0.0335, -0.0138] p=0.0009 neg 13/14 | phase p=0.0010 | DMT -0.0195 (p=0.001) PCB +0.0040 (p=0.095) placebo share 0.17 | FD DiD +0.0174 (p=0.155) | FD-resid -0.0194 [-0.0285, -0.0104] p=0.0020 12/14 SURVIVES
CCSpub rtr ts_gsr global-bins      early                  DiD -0.0285 [-0.0363, -0.0204] p=0.0002 neg 13/14 | phase p=0.0010 | DMT -0.0267 (p=0.000) PCB +0.0018 (p=0.378) placebo share 0.06 | FD DiD +0.0366 (p=0.010) | FD-resid -0.0241 [-0.0323, -0.0163] p=0.0002 13/14 SURVIVES
CCSpub rtr ts_gsr global-bins      late                   DiD -0.0198 [-0.0319, -0.0077] p=0.0106 neg 11/14 | phase p=0.0020 | DMT -0.0127 (p=0.042) PCB +0.0072 (p=0.032) placebo share 0.36 | FD DiD -0.0034 (p=0.807) | FD-resid -0.0159 [-0.0268, -0.0048] p=0.0200 11/14 SURVIVES
CCSpub rtr ts_gsr global-bins      trend_a_placebo_line   DiD -0.0262 [-0.0370, -0.0157] p=0.0007 neg 12/14
CCSpub rtr ts_gsr global-bins      trend_b_shared_slope   DiD -0.0295 [-0.0396, -0.0197] p=0.0004 neg 13/14
   ts_demean [pub]: subject 1/14 done (197s)
   ts_demean [pub]: subject 2/14 done (207s)
   ts_demean [pub]: subject 3/14 done (217s)
   ts_demean [pub]: subject 4/14 done (227s)
   ts_demean [pub]: subject 5/14 done (238s)
   ts_demean [pub]: subject 6/14 done (247s)
   ts_demean [pub]: subject 7/14 done (257s)
   ts_demean [pub]: subject 8/14 done (267s)
   ts_demean [pub]: subject 9/14 done (277s)
   ts_demean [pub]: subject 10/14 done (287s)
   ts_demean [pub]: subject 11/14 done (298s)
   ts_demean [pub]: subject 12/14 done (308s)
   ts_demean [pub]: subject 13/14 done (318s)
   ts_demean [pub]: subject 14/14 done (329s)
CCSpub sts ts_demean W60           primary                DiD +0.0120 [+0.0054, +0.0192] p=0.0040 neg 3/14 | phase p=0.0020 | DMT +0.0051 (p=0.098) PCB -0.0069 (p=0.003) placebo share 0.57 | FD DiD +0.0143 (p=0.245) | FD-resid +0.0111 [+0.0051, +0.0175] p=0.0046 3/14 SURVIVES
CCSpub sts ts_demean W60           sensitivity            DiD +0.0107 [+0.0044, +0.0177] p=0.0050 neg 3/14 | phase p=0.0040 | DMT +0.0040 (p=0.170) PCB -0.0067 (p=0.004) placebo share 0.62 | FD DiD +0.0191 (p=0.108) | FD-resid +0.0101 [+0.0042, +0.0163] p=0.0066 2/14 SURVIVES
CCSpub sts ts_demean W60           early                  DiD +0.0094 [+0.0036, +0.0152] p=0.0087 neg 2/14 | phase p=0.0420 | DMT +0.0029 (p=0.298) PCB -0.0065 (p=0.002) placebo share 0.69 | FD DiD +0.0366 (p=0.010) | FD-resid +0.0099 [+0.0055, +0.0145] p=0.0013 1/14 SURVIVES
CCSpub sts ts_demean W60           late                   DiD +0.0140 [+0.0053, +0.0239] p=0.0083 neg 3/14 | phase p=0.0020 | DMT +0.0069 (p=0.085) PCB -0.0071 (p=0.010) placebo share 0.51 | FD DiD -0.0034 (p=0.807) | FD-resid +0.0121 [+0.0039, +0.0208] p=0.0151 3/14 SURVIVES
CCSpub sts ts_demean W60           trend_a_placebo_line   DiD +0.0101 [+0.0039, +0.0167] p=0.0081 neg 2/14
CCSpub sts ts_demean W60           trend_b_shared_slope   DiD +0.0080 [+0.0026, +0.0137] p=0.0145 neg 2/14
CCSpub xtx+yty ts_demean W60       primary                DiD -0.1333 [-0.1917, -0.0741] p=0.0020 neg 13/14 | phase p=0.0010 | DMT -0.0831 (p=0.022) PCB +0.0502 (p=0.011) placebo share 0.38 | FD DiD +0.0143 (p=0.245) | FD-resid -0.1111 [-0.1607, -0.0586] p=0.0021 13/14 SURVIVES
CCSpub xtx+yty ts_demean W60       sensitivity            DiD -0.1182 [-0.1739, -0.0595] p=0.0029 neg 12/14 | phase p=0.0010 | DMT -0.0792 (p=0.023) PCB +0.0391 (p=0.029) placebo share 0.33 | FD DiD +0.0191 (p=0.108) | FD-resid -0.0947 [-0.1418, -0.0457] p=0.0038 13/14 SURVIVES
CCSpub xtx+yty ts_demean W60       early                  DiD -0.1408 [-0.1929, -0.0866] p=0.0006 neg 13/14 | phase p=0.0010 | DMT -0.1127 (p=0.003) PCB +0.0281 (p=0.095) placebo share 0.20 | FD DiD +0.0366 (p=0.010) | FD-resid -0.1161 [-0.1677, -0.0666] p=0.0012 12/14 SURVIVES
CCSpub xtx+yty ts_demean W60       late                   DiD -0.1273 [-0.1990, -0.0549] p=0.0063 neg 11/14 | phase p=0.0010 | DMT -0.0594 (p=0.113) PCB +0.0679 (p=0.003) placebo share 0.53 | FD DiD -0.0034 (p=0.807) | FD-resid -0.1070 [-0.1706, -0.0410] p=0.0090 11/14 SURVIVES
CCSpub xtx+yty ts_demean W60       trend_a_placebo_line   DiD -0.1430 [-0.2068, -0.0799] p=0.0013 neg 13/14
CCSpub xtx+yty ts_demean W60       trend_b_shared_slope   DiD -0.1441 [-0.2054, -0.0835] p=0.0012 neg 13/14
CCSpub rtr ts_demean W60           primary                DiD +0.0036 [-0.0079, +0.0163] p=0.5797 neg 8/14 | phase p=0.5335 | DMT +0.0073 (p=0.347) PCB +0.0037 (p=0.318) placebo share -1.03 | FD DiD +0.0143 (p=0.245) | FD-resid +0.0054 [-0.0074, +0.0205] p=0.5049 8/14 does NOT survive
CCSpub rtr ts_demean W60           sensitivity            DiD +0.0057 [-0.0053, +0.0196] p=0.4448 neg 8/14 | phase p=0.3467 | DMT +0.0106 (p=0.247) PCB +0.0049 (p=0.245) placebo share -0.86 | FD DiD +0.0191 (p=0.108) | FD-resid +0.0060 [-0.0061, +0.0214] p=0.4990 8/14 does NOT survive
CCSpub rtr ts_demean W60           early                  DiD -0.0014 [-0.0144, +0.0141] p=0.8748 neg 8/14 | phase p=0.8442 | DMT +0.0031 (p=0.663) PCB +0.0045 (p=0.318) placebo share 3.23 | FD DiD +0.0366 (p=0.010) | FD-resid -0.0045 [-0.0142, +0.0070] p=0.4628 9/14 does NOT survive
CCSpub rtr ts_demean W60           late                   DiD +0.0076 [-0.0052, +0.0211] p=0.3081 neg 5/14 | phase p=0.2557 | DMT +0.0106 (p=0.226) PCB +0.0030 (p=0.462) placebo share -0.40 | FD DiD -0.0034 (p=0.807) | FD-resid +0.0133 [-0.0035, +0.0318] p=0.1919 7/14 does NOT survive
CCSpub rtr ts_demean W60           trend_a_placebo_line   DiD +0.0051 [-0.0056, +0.0178] p=0.4696 neg 6/14
CCSpub rtr ts_demean W60           trend_b_shared_slope   DiD +0.0020 [-0.0079, +0.0134] p=0.7408 neg 10/14
CCSpub sts ts_demean global-bins   primary                DiD +0.0355 [+0.0231, +0.0485] p=0.0001 neg 0/14 | phase p=0.0010 | DMT +0.0248 (p=0.000) PCB -0.0107 (p=0.000) placebo share 0.30 | FD DiD +0.0143 (p=0.245) | FD-resid +0.0294 [+0.0173, +0.0429] p=0.0001 0/14 SURVIVES
CCSpub sts ts_demean global-bins   sensitivity            DiD +0.0351 [+0.0231, +0.0480] p=0.0001 neg 0/14 | phase p=0.0010 | DMT +0.0251 (p=0.000) PCB -0.0100 (p=0.000) placebo share 0.29 | FD DiD +0.0174 (p=0.155) | FD-resid +0.0293 [+0.0173, +0.0425] p=0.0001 0/14 SURVIVES
CCSpub sts ts_demean global-bins   early                  DiD +0.0326 [+0.0225, +0.0435] p=0.0001 neg 0/14 | phase p=0.0010 | DMT +0.0279 (p=0.000) PCB -0.0047 (p=0.023) placebo share 0.14 | FD DiD +0.0366 (p=0.010) | FD-resid +0.0286 [+0.0179, +0.0404] p=0.0001 0/14 SURVIVES
CCSpub sts ts_demean global-bins   late                   DiD +0.0378 [+0.0232, +0.0529] p=0.0002 neg 1/14 | phase p=0.0010 | DMT +0.0224 (p=0.005) PCB -0.0154 (p=0.000) placebo share 0.41 | FD DiD -0.0034 (p=0.807) | FD-resid +0.0300 [+0.0169, +0.0445] p=0.0001 0/14 SURVIVES
CCSpub sts ts_demean global-bins   trend_a_placebo_line   DiD +0.0390 [+0.0259, +0.0528] p=0.0001 neg 0/14
CCSpub sts ts_demean global-bins   trend_b_shared_slope   DiD +0.0376 [+0.0258, +0.0503] p=0.0001 neg 0/14
CCSpub xtx+yty ts_demean global-bins primary                DiD -0.1065 [-0.1703, -0.0398] p=0.0110 neg 12/14 | phase p=0.0010 | DMT -0.0674 (p=0.073) PCB +0.0391 (p=0.033) placebo share 0.37 | FD DiD +0.0143 (p=0.245) | FD-resid -0.0917 [-0.1479, -0.0266] p=0.0171 12/14 SURVIVES
CCSpub xtx+yty ts_demean global-bins sensitivity            DiD -0.1032 [-0.1678, -0.0366] p=0.0123 neg 12/14 | phase p=0.0010 | DMT -0.0668 (p=0.073) PCB +0.0364 (p=0.045) placebo share 0.35 | FD DiD +0.0174 (p=0.155) | FD-resid -0.0880 [-0.1434, -0.0233] p=0.0186 12/14 SURVIVES
CCSpub xtx+yty ts_demean global-bins early                  DiD -0.1193 [-0.1750, -0.0631] p=0.0022 neg 13/14 | phase p=0.0020 | DMT -0.0962 (p=0.011) PCB +0.0231 (p=0.163) placebo share 0.19 | FD DiD +0.0366 (p=0.010) | FD-resid -0.1019 [-0.1551, -0.0482] p=0.0043 12/14 SURVIVES
CCSpub xtx+yty ts_demean global-bins late                   DiD -0.0963 [-0.1755, -0.0124] p=0.0435 neg 11/14 | phase p=0.0080 | DMT -0.0444 (p=0.275) PCB +0.0519 (p=0.019) placebo share 0.54 | FD DiD -0.0034 (p=0.807) | FD-resid -0.0836 [-0.1546, -0.0067] p=0.0610 10/14 SURVIVES
CCSpub xtx+yty ts_demean global-bins trend_a_placebo_line   DiD -0.1097 [-0.1781, -0.0389] p=0.0120 neg 12/14
CCSpub xtx+yty ts_demean global-bins trend_b_shared_slope   DiD -0.1189 [-0.1879, -0.0500] p=0.0062 neg 12/14
CCSpub rtr ts_demean global-bins   primary                DiD -0.0149 [-0.0305, -0.0011] p=0.0741 neg 9/14 | phase p=0.0310 | DMT -0.0081 (p=0.295) PCB +0.0068 (p=0.067) placebo share 0.46 | FD DiD +0.0143 (p=0.245) | FD-resid -0.0097 [-0.0237, +0.0051] p=0.2335 10/14 does NOT survive
CCSpub rtr ts_demean global-bins   sensitivity            DiD -0.0139 [-0.0295, +0.0001] p=0.1001 neg 9/14 | phase p=0.0460 | DMT -0.0083 (p=0.282) PCB +0.0055 (p=0.121) placebo share 0.40 | FD DiD +0.0174 (p=0.155) | FD-resid -0.0096 [-0.0237, +0.0049] p=0.2365 10/14 does NOT survive
CCSpub rtr ts_demean global-bins   early                  DiD -0.0191 [-0.0335, -0.0037] p=0.0355 neg 10/14 | phase p=0.0250 | DMT -0.0164 (p=0.036) PCB +0.0027 (p=0.458) placebo share 0.14 | FD DiD +0.0366 (p=0.010) | FD-resid -0.0198 [-0.0308, -0.0085] p=0.0045 12/14 SURVIVES
CCSpub rtr ts_demean global-bins   late                   DiD -0.0116 [-0.0302, +0.0049] p=0.2404 neg 9/14 | phase p=0.1518 | DMT -0.0015 (p=0.866) PCB +0.0101 (p=0.030) placebo share 0.87 | FD DiD -0.0034 (p=0.807) | FD-resid -0.0016 [-0.0203, +0.0179] p=0.8794 7/14 does NOT survive
CCSpub rtr ts_demean global-bins   trend_a_placebo_line   DiD -0.0182 [-0.0334, -0.0049] p=0.0253 neg 10/14
CCSpub rtr ts_demean global-bins   trend_b_shared_slope   DiD -0.0219 [-0.0366, -0.0085] p=0.0078 neg 11/14

## 2. Sensitivity masks (ts_gsr, W = 60, whole-brain window means only; decide nothing)
   ts_gsr [pub8]: subject 1/14 done (377s)
   ts_gsr [pub8]: subject 2/14 done (382s)
   ts_gsr [pub8]: subject 3/14 done (388s)
   ts_gsr [pub8]: subject 4/14 done (393s)
   ts_gsr [pub8]: subject 5/14 done (398s)
   ts_gsr [pub8]: subject 6/14 done (403s)
   ts_gsr [pub8]: subject 7/14 done (408s)
   ts_gsr [pub8]: subject 8/14 done (413s)
   ts_gsr [pub8]: subject 9/14 done (418s)
   ts_gsr [pub8]: subject 10/14 done (424s)
   ts_gsr [pub8]: subject 11/14 done (429s)
   ts_gsr [pub8]: subject 12/14 done (434s)
   ts_gsr [pub8]: subject 13/14 done (439s)
   ts_gsr [pub8]: subject 14/14 done (444s)
   pub8: CCS sts level -0.0468, primary DiD +0.0044 (negative in 4/14), selected share 0.340
   ts_gsr [pubD]: subject 1/14 done (449s)
   ts_gsr [pubD]: subject 2/14 done (454s)
   ts_gsr [pubD]: subject 3/14 done (459s)
   ts_gsr [pubD]: subject 4/14 done (464s)
   ts_gsr [pubD]: subject 5/14 done (469s)
   ts_gsr [pubD]: subject 6/14 done (474s)
   ts_gsr [pubD]: subject 7/14 done (479s)
   ts_gsr [pubD]: subject 8/14 done (484s)
   ts_gsr [pubD]: subject 9/14 done (489s)
   ts_gsr [pubD]: subject 10/14 done (494s)
   ts_gsr [pubD]: subject 11/14 done (499s)
   ts_gsr [pubD]: subject 12/14 done (504s)
   ts_gsr [pubD]: subject 13/14 done (510s)
   ts_gsr [pubD]: subject 14/14 done (515s)
   pubD: CCS sts level -0.0425, primary DiD +0.0038 (negative in 4/14), selected share 0.290

## 3. Verdict under the rule recorded in the analysis record (agree = every whole-brain CCS-sts level and primary DiD within 0.001 nats and no sign-flip p crossing 0.05)
   ts_gsr W60: level pub -0.0480 vs code -0.0387 (|Δ| 0.0094); DiD pub +0.0044 vs code +0.0036 (|Δ| 0.0008); p pub 0.0559 vs code 0.0844 → DIFFERS
   ts_gsr global-bins: level pub -0.0358 vs code -0.0335 (|Δ| 0.0023); DiD pub +0.0197 vs code +0.0210 (|Δ| 0.0014); p pub 0.0002 vs code 0.0001 → DIFFERS
   ts_demean W60: level pub -0.0378 vs code -0.0255 (|Δ| 0.0122); DiD pub +0.0120 vs code +0.0134 (|Δ| 0.0014); p pub 0.0040 vs code 0.0052 → DIFFERS
   ts_demean global-bins: level pub -0.0386 vs code -0.0297 (|Δ| 0.0088); DiD pub +0.0355 vs code +0.0321 (|Δ| 0.0034); p pub 0.0001 vs code 0.0001 → DIFFERS
   VERDICT: the definitions differ on these data; every CCS number in the manuscript is replaced by the published-definition value (this file), phyid values reported alongside as the code variant
done (515s)
=== 2026-09-26 22:33:04  notes/partB18_ccs_decomposition.py   -> notes/review_results/partB/ccs_decomposition_run.log
git=c25a310
   ts_gsr: subject 1/14 done (8s)
   ts_gsr: subject 2/14 done (14s)
   ts_gsr: subject 3/14 done (20s)
   ts_gsr: subject 4/14 done (27s)
   ts_gsr: subject 5/14 done (33s)
   ts_gsr: subject 6/14 done (40s)
   ts_gsr: subject 7/14 done (46s)
   ts_gsr: subject 8/14 done (53s)
   ts_gsr: subject 9/14 done (59s)
   ts_gsr: subject 10/14 done (66s)
   ts_gsr: subject 11/14 done (72s)
   ts_gsr: subject 12/14 done (78s)
   ts_gsr: subject 13/14 done (84s)
   ts_gsr: subject 14/14 done (91s)
   ts_demean: subject 1/14 done (98s)
   ts_demean: subject 2/14 done (105s)
   ts_demean: subject 3/14 done (112s)
   ts_demean: subject 4/14 done (118s)
   ts_demean: subject 5/14 done (125s)
   ts_demean: subject 6/14 done (131s)
   ts_demean: subject 7/14 done (138s)
   ts_demean: subject 8/14 done (144s)
   ts_demean: subject 9/14 done (150s)
   ts_demean: subject 10/14 done (157s)
   ts_demean: subject 11/14 done (164s)
   ts_demean: subject 12/14 done (170s)
   ts_demean: subject 13/14 done (177s)
   ts_demean: subject 14/14 done (183s)
# The CCS-sts increase decomposed: mask-selected share and double co-information of the rejected samples (partB18_ccs_decomposition.py)
git=c25a310

Per pair and period CCS-sts = −(1 − s) c̄_rej exactly (samples of the period's windows or bins pooled): s the mask-selected share, c̄_rej the mean double co-information over the rejected samples. Masks: code (phyid's), pub (published). The pre → post change of the pair-mean CCS-sts is split per pair into c̄_pre Δs (share term), −(1 − s_pre) Δc̄ (co-information term) and +Δs Δc̄ (interaction), averaged over pairs. DiD = DMT minus placebo (pre = windows 1–4 / bins 1–8; post = windows 6–14 / bins 11–28). Seed 20261120; bootstrap 10000 draws; exact sign-flip p over 2^14. Region 20 excluded.

## ts_gsr, W60

| mask | quantity | DMT pre | DMT post | PCB pre | PCB post | DMT change | PCB change | DiD [95 % CI], sign-flip p, neg/14 |
|---|---|---|---|---|---|---|---|---|
| code | s (selected share) | 0.2994 | 0.2838 | 0.2957 | 0.3005 | -0.01560 | +0.00479 | -0.02039 [-0.03210, -0.00768], p = 0.0104, 11 |
| code | c̄_rej (nats) | 0.0555 | 0.0524 | 0.0509 | 0.0545 | -0.00314 | +0.00362 | -0.00676 [-0.01227, -0.00111], p = 0.0422, 10 |
| code | CCS-sts (nats) | -0.0387 | -0.0375 | -0.0357 | -0.0382 | +0.00119 | -0.00243 | +0.00362 [-0.00010, +0.00724], p = 0.0845, 4 |
| code | share term c̄_pre Δs | — | — | — | — | -0.00147 | -0.00026 | -0.00122 [-0.00202, -0.00038], p = 0.0188, 11 |
| code | co-information term −(1 − s_pre) Δc̄ | — | — | — | — | +0.00176 | -0.00299 | +0.00475 [+0.00072, +0.00858], p = 0.0432, 4 |
| code | interaction Δs Δc̄ | — | — | — | — | +0.00091 | +0.00082 | +0.00009 [-0.00016, +0.00034], p = 0.5233, 4 |
| code | exactness of the split | — | — | — | — | — | — | max abs(sum of terms − change) = 1.7e-18 |
| pub | s (selected share) | 0.3569 | 0.3405 | 0.3545 | 0.3591 | -0.01637 | +0.00459 | -0.02096 [-0.03262, -0.00829], p = 0.0089, 11 |
| pub | c̄_rej (nats) | 0.0755 | 0.0700 | 0.0709 | 0.0749 | -0.00546 | +0.00398 | -0.00944 [-0.01613, -0.00236], p = 0.0256, 11 |
| pub | CCS-sts (nats) | -0.0480 | -0.0459 | -0.0454 | -0.0477 | +0.00212 | -0.00226 | +0.00438 [+0.00033, +0.00820], p = 0.0562, 3 |
| pub | share term c̄_pre Δs | — | — | — | — | -0.00176 | +0.00003 | -0.00179 [-0.00287, -0.00066], p = 0.0127, 11 |
| pub | co-information term −(1 − s_pre) Δc̄ | — | — | — | — | +0.00311 | -0.00282 | +0.00593 [+0.00143, +0.01018], p = 0.0272, 2 |
| pub | interaction Δs Δc̄ | — | — | — | — | +0.00077 | +0.00053 | +0.00024 [-0.00003, +0.00052], p = 0.1178, 4 |
| pub | exactness of the split | — | — | — | — | — | — | max abs(sum of terms − change) = 1.7e-18 |

## ts_gsr, global

| mask | quantity | DMT pre | DMT post | PCB pre | PCB post | DMT change | PCB change | DiD [95 % CI], sign-flip p, neg/14 |
|---|---|---|---|---|---|---|---|---|
| code | s (selected share) | 0.2872 | 0.3077 | 0.3099 | 0.3024 | +0.02055 | -0.00751 | +0.02806 [+0.01339, +0.04222], p = 0.0035, 2 |
| code | c̄_rej (nats) | 0.0491 | 0.0310 | 0.0287 | 0.0406 | -0.01813 | +0.01195 | -0.03008 [-0.03868, -0.02219], p = 0.0001, 14 |
| code | CCS-sts (nats) | -0.0335 | -0.0200 | -0.0191 | -0.0267 | +0.01347 | -0.00755 | +0.02102 [+0.01533, +0.02693], p = 0.0001, 0 |
| code | share term c̄_pre Δs | — | — | — | — | +0.00212 | +0.00046 | +0.00165 [+0.00080, +0.00254], p = 0.0033, 2 |
| code | co-information term −(1 − s_pre) Δc̄ | — | — | — | — | +0.01295 | -0.00686 | +0.01981 [+0.01468, +0.02530], p = 0.0001, 0 |
| code | interaction Δs Δc̄ | — | — | — | — | -0.00160 | -0.00115 | -0.00045 [-0.00086, -0.00006], p = 0.0588, 11 |
| code | exactness of the split | — | — | — | — | — | — | max abs(sum of terms − change) = 6.9e-18 |
| pub | s (selected share) | 0.3405 | 0.3717 | 0.3740 | 0.3630 | +0.03120 | -0.01097 | +0.04217 [+0.02551, +0.05845], p = 0.0007, 2 |
| pub | c̄_rej (nats) | 0.0570 | 0.0408 | 0.0385 | 0.0515 | -0.01622 | +0.01299 | -0.02921 [-0.03811, -0.02105], p = 0.0001, 14 |
| pub | CCS-sts (nats) | -0.0358 | -0.0236 | -0.0230 | -0.0305 | +0.01221 | -0.00745 | +0.01966 [+0.01416, +0.02540], p = 0.0002, 1 |
| pub | share term c̄_pre Δs | — | — | — | — | +0.00314 | +0.00039 | +0.00275 [+0.00160, +0.00395], p = 0.0010, 1 |
| pub | co-information term −(1 − s_pre) Δc̄ | — | — | — | — | +0.01102 | -0.00640 | +0.01741 [+0.01270, +0.02243], p = 0.0001, 0 |
| pub | interaction Δs Δc̄ | — | — | — | — | -0.00195 | -0.00145 | -0.00050 [-0.00099, -0.00005], p = 0.0618, 9 |
| pub | exactness of the split | — | — | — | — | — | — | max abs(sum of terms − change) = 3.5e-18 |

## ts_demean, W60

| mask | quantity | DMT pre | DMT post | PCB pre | PCB post | DMT change | PCB change | DiD [95 % CI], sign-flip p, neg/14 |
|---|---|---|---|---|---|---|---|---|
| code | s (selected share) | 0.3003 | 0.3042 | 0.2950 | 0.3024 | +0.00394 | +0.00746 | -0.00352 [-0.01521, +0.00762], p = 0.5747, 8 |
| code | c̄_rej (nats) | 0.0351 | 0.0250 | 0.0276 | 0.0379 | -0.01010 | +0.01031 | -0.02041 [-0.03321, -0.00891], p = 0.0042, 12 |
| code | CCS-sts (nats) | -0.0255 | -0.0192 | -0.0206 | -0.0277 | +0.00633 | -0.00704 | +0.01337 [+0.00545, +0.02229], p = 0.0052, 3 |
| code | share term c̄_pre Δs | — | — | — | — | -0.00049 | -0.00030 | -0.00019 [-0.00097, +0.00054], p = 0.6429, 7 |
| code | co-information term −(1 − s_pre) Δc̄ | — | — | — | — | +0.00651 | -0.00745 | +0.01396 [+0.00572, +0.02311], p = 0.0046, 3 |
| code | interaction Δs Δc̄ | — | — | — | — | +0.00030 | +0.00071 | -0.00040 [-0.00109, +0.00028], p = 0.2893, 9 |
| code | exactness of the split | — | — | — | — | — | — | max abs(sum of terms − change) = 6.9e-18 |
| pub | s (selected share) | 0.3624 | 0.3664 | 0.3587 | 0.3643 | +0.00395 | +0.00566 | -0.00171 [-0.01433, +0.01052], p = 0.8014, 8 |
| pub | c̄_rej (nats) | 0.0586 | 0.0497 | 0.0502 | 0.0618 | -0.00891 | +0.01160 | -0.02052 [-0.03217, -0.00993], p = 0.0028, 12 |
| pub | CCS-sts (nats) | -0.0378 | -0.0327 | -0.0331 | -0.0400 | +0.00510 | -0.00687 | +0.01197 [+0.00522, +0.01944], p = 0.0040, 3 |
| pub | share term c̄_pre Δs | — | — | — | — | -0.00021 | +0.00014 | -0.00035 [-0.00138, +0.00063], p = 0.5240, 8 |
| pub | co-information term −(1 − s_pre) Δc̄ | — | — | — | — | +0.00517 | -0.00727 | +0.01245 [+0.00560, +0.01982], p = 0.0033, 2 |
| pub | interaction Δs Δc̄ | — | — | — | — | +0.00014 | +0.00027 | -0.00012 [-0.00075, +0.00048], p = 0.6893, 7 |
| pub | exactness of the split | — | — | — | — | — | — | max abs(sum of terms − change) = 6.9e-18 |

## ts_demean, global

| mask | quantity | DMT pre | DMT post | PCB pre | PCB post | DMT change | PCB change | DiD [95 % CI], sign-flip p, neg/14 |
|---|---|---|---|---|---|---|---|---|
| code | s (selected share) | 0.2905 | 0.3240 | 0.3076 | 0.3003 | +0.03351 | -0.00726 | +0.04077 [+0.02350, +0.05883], p = 0.0004, 1 |
| code | c̄_rej (nats) | 0.0426 | 0.0103 | 0.0129 | 0.0287 | -0.03231 | +0.01572 | -0.04803 [-0.06454, -0.03194], p = 0.0001, 14 |
| code | CCS-sts (nats) | -0.0297 | -0.0072 | -0.0096 | -0.0192 | +0.02252 | -0.00964 | +0.03216 [+0.02145, +0.04336], p = 0.0001, 0 |
| code | share term c̄_pre Δs | — | — | — | — | +0.00300 | +0.00084 | +0.00217 [+0.00106, +0.00335], p = 0.0017, 2 |
| code | co-information term −(1 − s_pre) Δc̄ | — | — | — | — | +0.02299 | -0.00898 | +0.03197 [+0.02115, +0.04348], p = 0.0001, 0 |
| code | interaction Δs Δc̄ | — | — | — | — | -0.00348 | -0.00150 | -0.00198 [-0.00376, -0.00048], p = 0.0233, 10 |
| code | exactness of the split | — | — | — | — | — | — | max abs(sum of terms − change) = 6.9e-18 |
| pub | s (selected share) | 0.3584 | 0.4049 | 0.3833 | 0.3712 | +0.04649 | -0.01214 | +0.05864 [+0.03652, +0.08176], p = 0.0004, 1 |
| pub | c̄_rej (nats) | 0.0624 | 0.0235 | 0.0247 | 0.0445 | -0.03887 | +0.01974 | -0.05862 [-0.08014, -0.03753], p = 0.0001, 14 |
| pub | CCS-sts (nats) | -0.0386 | -0.0137 | -0.0156 | -0.0262 | +0.02485 | -0.01067 | +0.03552 [+0.02295, +0.04858], p = 0.0001, 0 |
| pub | share term c̄_pre Δs | — | — | — | — | +0.00537 | +0.00094 | +0.00443 [+0.00238, +0.00680], p = 0.0005, 1 |
| pub | co-information term −(1 − s_pre) Δc̄ | — | — | — | — | +0.02487 | -0.00946 | +0.03432 [+0.02168, +0.04778], p = 0.0001, 0 |
| pub | interaction Δs Δc̄ | — | — | — | — | -0.00538 | -0.00215 | -0.00324 [-0.00626, -0.00084], p = 0.0210, 9 |
| pub | exactness of the split | — | — | — | — | — | — | max abs(sum of terms − change) = 1.4e-17 |

Check of the identity CCS-sts = −(1 − s) c̄_rej against PairPhiID.atoms_ccs (phyid's mask; subject 1 DMT windows 1 and 6, per pair): max |difference| = 2.2e-16.

Rule of the pre-run entry: the plain reading (which of the share and the co-information terms carries the CCS-sts change) replaces "no established reading"; it does not make the CCS increase a finding about DMT. No prediction was recorded.
done (183s)
=== 2026-09-26 22:36:07  notes/partB7_splithalf.py
git=c25a310
git=c25a310
# ts_gsr, W = 60
full-set check: r(res, pub CCS) = +0.799 (p = 0.001; ρ +0.736); r(res, code CCS) = +0.729 (p = 0.003; ρ +0.710); r(res, autocorr) = -0.780 (p = 0.001; ρ -0.635)
split-half reliability (odd vs even) — residual DiD: +0.494 (p = 0.072; ρ +0.446); pub CCS-sts DiD: +0.302 (p = 0.294; ρ +0.174); code CCS-sts DiD: +0.196 (p = 0.501; ρ +0.042); autocorrelation DiD: +0.741 (p = 0.002; ρ +0.538); MMI sts DiD: +0.717 (p = 0.004; ρ +0.525)
group means — residual DiD odd +0.0067, even +0.0164; pub CCS-sts DiD odd +0.0033, even +0.0054; code CCS-sts DiD odd +0.0027, even +0.0046
[pub] within-half: r(CCS_odd, res_odd) = +0.847 (p = 0.000; ρ +0.780), r(CCS_even, res_even) = +0.783 (p = 0.001; ρ +0.802) (mean +0.815)
[pub] cross-half:  r(CCS_odd, res_even) = +0.160 (p = 0.585; ρ +0.191), r(CCS_even, res_odd) = +0.478 (p = 0.084; ρ +0.367) (mean +0.319); cross/within = 0.39
[pub] partial on the same-half autocorrelation DiD: within +0.814, +0.816 (mean +0.815); cross +0.132, +0.176 (mean +0.154)
[code] within-half: r(CCS_odd, res_odd) = +0.773 (p = 0.001; ρ +0.648), r(CCS_even, res_even) = +0.752 (p = 0.002; ρ +0.793) (mean +0.763)
[code] cross-half:  r(CCS_odd, res_even) = +0.075 (p = 0.800; ρ +0.042), r(CCS_even, res_odd) = +0.385 (p = 0.174; ρ +0.292) (mean +0.230); cross/within = 0.30
[code] partial on the same-half autocorrelation DiD: within +0.711, +0.718 (mean +0.714); cross +0.003, +0.023 (mean +0.013)
context — r(res_odd, ac_odd) = -0.758 (p = 0.002; ρ -0.776); r(res_even, ac_even) = -0.777 (p = 0.001; ρ -0.732); r(pubCCS_odd, ac_odd) = -0.518 (p = 0.058; ρ -0.556); r(pubCCS_even, ac_even) = -0.402 (p = 0.154; ρ -0.341); cross r(res_odd, ac_even) = -0.385 (p = 0.174; ρ -0.389); r(res_even, ac_odd) = -0.700 (p = 0.005; ρ -0.547)

# ts_demean, W = 60
full-set check: r(res, pub CCS) = +0.875 (p = 0.000; ρ +0.793); r(res, code CCS) = +0.838 (p = 0.000; ρ +0.736); r(res, autocorr) = -0.597 (p = 0.024; ρ -0.525)
split-half reliability (odd vs even) — residual DiD: +0.216 (p = 0.459; ρ +0.143); pub CCS-sts DiD: +0.417 (p = 0.138; ρ +0.398); code CCS-sts DiD: +0.518 (p = 0.058; ρ +0.495); autocorrelation DiD: +0.712 (p = 0.004; ρ +0.565); MMI sts DiD: +0.686 (p = 0.007; ρ +0.684)
group means — residual DiD odd +0.0193, even +0.0179; pub CCS-sts DiD odd +0.0137, even +0.0106; code CCS-sts DiD odd +0.0153, even +0.0118
[pub] within-half: r(CCS_odd, res_odd) = +0.884 (p = 0.000; ρ +0.829), r(CCS_even, res_even) = +0.878 (p = 0.000; ρ +0.670) (mean +0.881)
[pub] cross-half:  r(CCS_odd, res_even) = +0.274 (p = 0.344; ρ +0.196), r(CCS_even, res_odd) = +0.292 (p = 0.311; ρ +0.327) (mean +0.283); cross/within = 0.32
[pub] partial on the same-half autocorrelation DiD: within +0.823, +0.874 (mean +0.849); cross +0.247, +0.327 (mean +0.287)
[code] within-half: r(CCS_odd, res_odd) = +0.856 (p = 0.000; ρ +0.798), r(CCS_even, res_even) = +0.821 (p = 0.000; ρ +0.582) (mean +0.838)
[code] cross-half:  r(CCS_odd, res_even) = +0.323 (p = 0.260; ρ +0.244), r(CCS_even, res_odd) = +0.313 (p = 0.276; ρ +0.310) (mean +0.318); cross/within = 0.38
[code] partial on the same-half autocorrelation DiD: within +0.796, +0.814 (mean +0.805); cross +0.289, +0.365 (mean +0.327)
context — r(res_odd, ac_odd) = -0.688 (p = 0.007; ρ -0.600); r(res_even, ac_even) = -0.386 (p = 0.173; ρ -0.424); r(pubCCS_odd, ac_odd) = -0.575 (p = 0.031; ρ -0.508); r(pubCCS_even, ac_even) = -0.250 (p = 0.388; ρ -0.174); cross r(res_odd, ac_even) = -0.598 (p = 0.024; ρ -0.508); r(res_even, ac_odd) = -0.052 (p = 0.860; ρ -0.059)

RULE BRANCH (rule of the record B7 applied as recorded, ts_gsr, published CCS; the reading is in the ceiling block below): within-half mean +0.815, cross-half mean +0.319 (+0.160, +0.478) → shared component is estimation noise: both reported as null with this test as the evidence
CEILING [ts_gsr, pub]: rule branch = estimation noise; threshold 0.407 > ceiling 0.386 (rel_res +0.494, rel_CCS +0.302); mean cross-half +0.319, disattenuated +0.82 → reading UNDETERMINED (pass branch unreachable)
CEILING [ts_gsr, code]: rule branch = estimation noise; threshold 0.381 > ceiling 0.311 (rel_res +0.494, rel_CCS +0.196); mean cross-half +0.230, disattenuated +0.74 → reading UNDETERMINED (pass branch unreachable)
CEILING [ts_demean, pub]: rule branch = estimation noise; threshold 0.440 > ceiling 0.300 (rel_res +0.216, rel_CCS +0.417); mean cross-half +0.283, disattenuated +0.94 → reading UNDETERMINED (pass branch unreachable)
CEILING [ts_demean, code]: rule branch = estimation noise; threshold 0.419 > ceiling 0.335 (rel_res +0.216, rel_CCS +0.518); mean cross-half +0.318, disattenuated +0.95 → reading UNDETERMINED (pass branch unreachable)
=== 2026-09-26 22:36:08  notes/partB11_regional_sts_r1.py   -> notes/review_results/partB/regional_sts_r1_run.log
# Regional MMI-sts against regional lag-1 autocorrelation, placebo run, pre-injection (partB11_regional_sts_r1.py; git=c25a310; seed=20261120)

Regional sts = mean over the region's 114 pairs of the global-fit local sts (scripts/11 atoms), placebo run, bins 1–8, mean over subjects; regional r₁ = windowed lag-1 autocorrelation (W = 60, windows 1–4, standardised within window), mean over windows and subjects; ts_gsr; 115 regions. Prediction recorded before the run (analysis_record.md, pre-run entry of 15 Sep 2026): positive correlation of regional sts with regional r₁ if the spatial-map exposure is real on these data. Spin test: Vasa rotations of the 100 Schaefer parcels (10,000, both directions), region 20 NaN, two-sided p and Vasa one-sided-average p.

Regional r₁: mean 0.8455, min 0.8118, max 0.8742 (windowed); whole-span TRs 0–239: mean 0.8618, r(windowed, span) across regions +0.9633. Regional sts: mean 1.2893, min 1.1248, max 1.3635; regional rtr: mean 0.0225, min 0.0033, max 0.0416.

| map | against | Pearson r (115) | Spearman ρ (115) | Spearman ρ (99 cortical) | spin p two-sided | Vasa p | null SD |
|---|---|---|---|---|---|---|---|
| sts | r₁ windowed | +0.863 | +0.835 | +0.771 | 0.0000 | 0.0000 | 0.131 |
| sts | r₁ whole-span | +0.908 | +0.887 | +0.827 | 0.0000 | 0.0000 | 0.133 |
| rtr | r₁ windowed | +0.638 | +0.635 | +0.504 | 0.0002 | 0.0002 | 0.137 |
| rtr | r₁ whole-span | +0.661 | +0.640 | +0.494 | 0.0003 | 0.0003 | 0.141 |
| sts − rtr | r₁ windowed | +0.792 | +0.729 | +0.618 | 0.0000 | 0.0000 | 0.115 |
| sts − rtr | r₁ whole-span | +0.837 | +0.780 | +0.672 | 0.0000 | 0.0000 | 0.116 |

Per-subject Pearson r(regional sts, regional r₁) across the 115 regions: mean +0.756 [+0.715, +0.790] (subject bootstrap), min +0.563, max +0.867, positive in 14/14.
Per-subject Pearson r(regional sts − rtr, regional r₁): mean +0.711, positive in 14/14.
Share of the between-region variance of sts carried by regional r₁ (r² of the 115-region Pearson): 0.745. SD across regions: sts 0.0447, rtr 0.0098, r₁ 0.0125.
Cortical (99) vs subcortical (16) means: sts 1.3015 vs 1.2143; r₁ 0.8482 vs 0.8288.
Reading under the pre-run entry: the pre-specified correlation (regional sts vs windowed regional r₁, Pearson) is positive (+0.863; spin p = 0.0000 on the 99 cortical parcels).

done in 23 s; wrote /home/vilalius/dmt-phiid/notes/review_results/partB/regional_sts_r1_tables.md and regional_sts_r1.csv
=== 2026-09-26 22:36:32  notes/partB19_exchange_rates.py   -> notes/review_results/partB/exchange_rates_run.log
git=c25a310
   (b) ts_gsr: subject 1/14 done (1s)
   (b) ts_gsr: subject 2/14 done (2s)
   (b) ts_gsr: subject 3/14 done (3s)
   (b) ts_gsr: subject 4/14 done (4s)
   (b) ts_gsr: subject 5/14 done (5s)
   (b) ts_gsr: subject 6/14 done (6s)
   (b) ts_gsr: subject 7/14 done (6s)
   (b) ts_gsr: subject 8/14 done (7s)
   (b) ts_gsr: subject 9/14 done (8s)
   (b) ts_gsr: subject 10/14 done (9s)
   (b) ts_gsr: subject 11/14 done (10s)
   (b) ts_gsr: subject 12/14 done (11s)
   (b) ts_gsr: subject 13/14 done (12s)
   (b) ts_gsr: subject 14/14 done (12s)
   (b) ts_demean: subject 1/14 done (13s)
   (b) ts_demean: subject 2/14 done (14s)
   (b) ts_demean: subject 3/14 done (15s)
   (b) ts_demean: subject 4/14 done (16s)
   (b) ts_demean: subject 5/14 done (16s)
   (b) ts_demean: subject 6/14 done (17s)
   (b) ts_demean: subject 7/14 done (18s)
   (b) ts_demean: subject 8/14 done (19s)
   (b) ts_demean: subject 9/14 done (20s)
   (b) ts_demean: subject 10/14 done (21s)
   (b) ts_demean: subject 11/14 done (21s)
   (b) ts_demean: subject 12/14 done (22s)
   (b) ts_demean: subject 13/14 done (23s)
   (b) ts_demean: subject 14/14 done (24s)
# Exchange rates in data units, the within-window regression, the cross-half correlation and BCa intervals (partB19_exchange_rates.py)
git=c25a310

## (a) Exchange rates at the operating point (r₁, q) = (0.85, 0.25), closed form, central differences h = 1e-4

| input | ∂sts/∂input (nats per unit) | sts change per step in data units | per SD of the data's variation |
|---|---|---|---|
| r₁ (both members) | +6.0705 | +0.0607 per 0.01 of r₁ | +0.0758 per regional SD 0.0125 (regional_sts_r1.csv); +0.1821 per window-level scatter 0.03 |
| q (lag-0 correlation) | -0.1892 | -0.0189 per 0.1 of \|q\| | -0.0370 per SD of pair \|q\| 0.1957 (SD of q 0.3424; scope_map_overlay_points.npz) |
| c (symmetric VAR(1) coupling), measured r₁ and q held at (0.85, 0.25) — partB8's matched view, the coupling map's convention | -1.7402 | -0.0174 per 0.01 of c | — (no data value of c) |
| c (symmetric VAR(1) coupling), a held at 0.85 and q at 0.25 (r₁ then moves with c) | -0.2225 | -0.0022 per 0.01 of c | — |
| \|a_x − a_y\| at fixed mean 0.85 (one-sided at 0) | -3.0897 | -0.0309 per 0.01 of \|a_x − a_y\| | -0.0927 per 0.03 (the window-level scatter of one member's a; see the next line) |

sts against the within-pair asymmetry a_x − a_y at fixed mean 0.85 and q = 0.25: 0.00 → 1.2588; 0.01 → 1.2285; 0.02 → 1.1993; 0.03 → 1.1711; 0.05 → 1.1176; 0.10 → 0.9988 (the response is first-order in the asymmetry because MMI takes the minimum of the two self-informations: sts ≈ 2 min(S_x, S_y) − C).
Ratio |∂sts/∂r₁| / |∂sts/∂q| per unit: 32.1; per SD of the data's variation (regional r₁ SD against pair |q| SD): 2.05; with the window-level scatter of a (0.03) in place of the regional SD: 4.92.
Coupled family check: sts at c = 0 through the Lyapunov construction 1.258831 against the diagonal closed form 1.258831.

Identity at q = 0 with unequal coefficients (sts = 2 min(S_x, S_y), rtr = 0):
  (a_x, a_y) = (0.83, 0.87): sts 1.167641, 2 min(S_x, S_y) 1.167641, difference -2.2e-16; rtr 0.0e+00.
  (a_x, a_y) = (0.85, 0.85): sts 1.281934, 2 min(S_x, S_y) 1.281934, difference -2.2e-16; rtr 0.0e+00.
  (a_x, a_y) = (0.8, 0.9): sts 1.021651, 2 min(S_x, S_y) 1.021651, difference -2.2e-16; rtr 0.0e+00.
  (a_x, a_y) = (0.95, 0.6): sts 0.446287, 2 min(S_x, S_y) 0.446287, difference -5.6e-17; rtr 0.0e+00.

## (b) Within-window regression of pair sts on (mean r₁, |q|, |a_x − a_y|), W = 60, all 392 windows per variant

| variant | mean R² (3 regressors) | mean r² (r₁ alone) | mean R² of the full AR(1) prediction | mean standardised coefficients (r₁, \|q\|, \|a_x − a_y\|) |
|---|---|---|---|---|
| ts_gsr | 0.808 (min 0.677, max 0.882) | 0.462 | 0.796 | +0.661, -0.463, -0.426 |
| ts_demean | 0.741 (min 0.249, max 0.869) | 0.398 | 0.741 | +0.594, -0.476, -0.413 |

Prediction recorded (b): R² close to 0.80 with |a_x − a_y| carrying the difference between 0.55 and 0.80.

## (c) Cross-half correlation of the MMI-sts DiD and the r₁ DiD (halves of partB7; per-subject half DiDs recomputed)

| variant | r(sts_odd, r₁_even) | r(sts_even, r₁_odd) | mean | rel(sts) odd/even | rel(r₁) odd/even | ceiling √(rel × rel) | disattenuated mean / ceiling | full-set r |
|---|---|---|---|---|---|---|---|---|
| ts_gsr | +0.742 | +0.645 | +0.694 | +0.717 | +0.741 | 0.729 | +0.95 | +0.953 |
| ts_demean | +0.707 | +0.674 | +0.690 | +0.686 | +0.712 | 0.699 | +0.99 | +0.958 |

Prediction recorded (c): below 0.953 and near the ceiling 0.729 (√(0.717 × 0.741), the split-half reliabilities of splithalf_tables.md).

## (d) BCa intervals beside the percentile intervals, per-subject DiDs (N = 14), 10,000 draws, seed 20261120

| quantity | DiD | sign-flip p | committed percentile CI | percentile CI recomputed | BCa CI | z₀ | a | width ratio BCa/percentile | differ by > 10 % of width |
|---|---|---|---|---|---|---|---|---|---|
| sts ts_gsr W60 [primary] | -0.0809 | 0.0038 | [-0.1261, -0.0377] | [-0.1253, -0.0365] | [-0.1280, -0.0384] | -0.025 | -0.013 | 1.01 | no |
| sts ts_demean W60 [primary] | -0.1031 | 0.0026 | [-0.1558, -0.0522] | [-0.1544, -0.0502] | [-0.1554, -0.0513] | -0.011 | -0.005 | 1.00 | no |
| sts ts_gsr global-bins [primary] | -0.0801 | 0.0071 | [-0.1310, -0.0315] | [-0.1304, -0.0298] | [-0.1327, -0.0318] | -0.015 | -0.010 | 1.00 | no |
| sts ts_demean global-bins [primary] | -0.1035 | 0.0132 | [-0.1687, -0.0365] | [-0.1669, -0.0354] | [-0.1643, -0.0316] | +0.017 | +0.014 | 1.01 | no |
| autocorr ts_gsr W60 [primary] | -0.0146 | 0.0106 | [-0.0251, -0.0052] | [-0.0248, -0.0049] | [-0.0259, -0.0057] | -0.037 | -0.028 | 1.01 | no |
| autocorr ts_demean W60 [primary] | -0.0216 | 0.0017 | [-0.0319, -0.0116] | [-0.0316, -0.0112] | [-0.0319, -0.0115] | -0.010 | -0.008 | 1.00 | no |
| autocorr ts_gsr run-standardised bins [primary] | -0.4580 | 0.0001 | [-0.6018, -0.3200] | [-0.5973, -0.3181] | [-0.6052, -0.3227] | -0.016 | -0.010 | 1.01 | no |
| PhiR ts_gsr W60 [primary] | +0.0007 | 0.8971 | [-0.0078, +0.0100] | [-0.0079, +0.0099] | [-0.0071, +0.0113] | +0.038 | +0.036 | 1.04 | no |
| diag observed sts ts_gsr W60 [primary] | -0.0809 | 0.0038 | [-0.1261, -0.0377] | [-0.1253, -0.0365] | [-0.1280, -0.0384] | -0.025 | -0.013 | 1.01 | no |
| diag predicted sts ts_gsr W60 [primary] | -0.0924 | 0.0037 | [-0.1444, -0.0414] | [-0.1434, -0.0409] | [-0.1460, -0.0431] | -0.017 | -0.012 | 1.00 | no |
| diag residual sts ts_gsr W60 [primary] | +0.0115 | 0.0422 | [+0.0021, +0.0211] | [+0.0018, +0.0211] | [+0.0020, +0.0212] | +0.011 | +0.004 | 1.00 | no |
| diag residual sts ts_gsr W60 [early] | +0.0179 | 0.0012 | [+0.0099, +0.0260] | [+0.0098, +0.0262] | [+0.0101, +0.0264] | +0.014 | +0.010 | 1.00 | no |
| diag residual sts ts_gsr W60 [late] | +0.0064 | 0.3243 | [-0.0058, +0.0183] | [-0.0056, +0.0180] | [-0.0056, +0.0180] | +0.002 | -0.002 | 1.00 | no |
| diag residual sts ts_demean W60 [primary] | +0.0182 | 0.0040 | [+0.0089, +0.0277] | [+0.0085, +0.0276] | [+0.0085, +0.0276] | -0.004 | +0.002 | 1.00 | no |
| diag residual sts ts_gsr W30 [primary] | +0.0182 | 0.0137 | [+0.0066, +0.0299] | [+0.0062, +0.0298] | [+0.0063, +0.0299] | +0.009 | -0.000 | 1.00 | no |
| CCSpub sts ts_gsr W60 [primary] | +0.0044 | 0.0559 | [+0.0004, +0.0081] | [+0.0003, +0.0083] | [+0.0002, +0.0081] | -0.009 | -0.014 | 1.00 | no |
| CCSpub sts ts_gsr global-bins [primary] | +0.0197 | 0.0002 | [+0.0142, +0.0254] | [+0.0141, +0.0252] | [+0.0144, +0.0256] | +0.023 | +0.013 | 1.01 | no |
| CCSpub sts ts_demean W60 [primary] | +0.0120 | 0.0040 | [+0.0054, +0.0192] | [+0.0050, +0.0193] | [+0.0056, +0.0200] | +0.026 | +0.033 | 1.01 | no |
| CCSpub sts ts_demean global-bins [primary] | +0.0355 | 0.0001 | [+0.0231, +0.0485] | [+0.0232, +0.0484] | [+0.0238, +0.0492] | +0.026 | +0.016 | 1.01 | no |
| sts tau1 ts_gsr W60 [primary] | -0.0809 | 0.0038 | [-0.1261, -0.0377] | [-0.1253, -0.0365] | [-0.1280, -0.0384] | -0.025 | -0.013 | 1.01 | no |
| sts tau2 ts_gsr W60 [primary] | -0.0429 | 0.0037 | [-0.0654, -0.0204] | [-0.0657, -0.0200] | [-0.0670, -0.0210] | -0.025 | -0.014 | 1.01 | no |
| sts tau3 ts_gsr W60 [primary] | -0.0043 | 0.0018 | [-0.0063, -0.0022] | [-0.0063, -0.0022] | [-0.0063, -0.0023] | -0.023 | -0.009 | 1.00 | no |
| sts tau5 ts_gsr W60 [primary] | -0.0024 | 0.3688 | [-0.0073, +0.0022] | [-0.0072, +0.0023] | [-0.0074, +0.0022] | -0.005 | -0.014 | 1.00 | no |
| autocorr lag1 ts_gsr W60 [primary] | -0.0146 | 0.0106 | [-0.0251, -0.0052] | [-0.0248, -0.0049] | [-0.0259, -0.0057] | -0.037 | -0.028 | 1.01 | no |
| autocorr lag2 ts_gsr W60 [primary] | -0.0468 | 0.0090 | [-0.0754, -0.0174] | [-0.0756, -0.0172] | [-0.0760, -0.0177] | -0.011 | -0.003 | 1.00 | no |
| autocorr lag3 ts_gsr W60 [primary] | -0.0681 | 0.0132 | [-0.1120, -0.0213] | [-0.1110, -0.0227] | [-0.1102, -0.0221] | +0.002 | +0.009 | 1.00 | no |
| autocorr lag5 ts_gsr W60 [primary] | -0.0108 | 0.5670 | [-0.0453, +0.0263] | [-0.0455, +0.0252] | [-0.0438, +0.0270] | +0.019 | +0.016 | 1.00 | no |
| Table 2 primary sts DiD ts_gsr W60 (from results/atoms_win60) | -0.0809 | 0.0038 | — | [-0.1253, -0.0365] | [-0.1280, -0.0384] | -0.025 | -0.013 | 1.01 | no |
| Table 2 primary sts DiD ts_demean W60 (from results/atoms_win60) | -0.1031 | 0.0026 | — | [-0.1544, -0.0502] | [-0.1554, -0.0513] | -0.011 | -0.005 | 1.00 | no |

Rule recorded (d): point estimates and sign-flip p values unchanged (they do not depend on the interval); both interval types tabulated where they differ by more than 10 % of the interval width. Prediction: BCa intervals wider at N = 14. The committed percentile interval was drawn in the writing script's own generator order; the recomputed one uses a fresh generator (seed 20261120) per quantity, so the two percentile intervals differ by Monte-Carlo error only.
done (24s)
=== 2026-09-26 22:36:57  notes/partB8_coupling_map.py   -> notes/review_results/partB/coupling_map_run.log
git=c25a310
# Lagged coupling on the symmetric VAR(1) family (partB8_coupling_map.py)
git=c25a310

## (r1, q) held at (0.85, 0.25) — the data's operating point; a and q_ε re-solved for each c (matched view)

| c | a | q_ε | corr(x_t, y_t+1) | a_y q (AR(1)) | sts | xtx + yty | sts − (xtx+yty) | rtr | six cross atoms | TDMI | ΦR | sts_pred (B4) | residual = sts − sts_pred |
|---|---|---|---|---|---|---|---|---|---|---|---|---|---|
| -0.10 | 0.8750 | +0.8619 | +0.1188 | +0.2125 | 1.9216 | 1.2677 | +0.6539 | 0.0071 | +0.0000 | 1.9631 | 0.6882 | 1.2588 | +0.6628 |
| -0.05 | 0.8625 | +0.5439 | +0.1656 | +0.2125 | 1.4111 | 1.2541 | +0.1570 | 0.0139 | +0.0000 | 1.4335 | 0.1655 | 1.2588 | +0.1523 |
| -0.02 | 0.8550 | +0.3657 | +0.1937 | +0.2125 | 1.3023 | 1.2437 | +0.0586 | 0.0191 | +0.0000 | 1.3228 | 0.0600 | 1.2588 | +0.0435 |
| +0.00 | 0.8500 | +0.2500 | +0.2125 | +0.2125 | 1.2588 | 1.2357 | +0.0231 | 0.0231 | +0.0000 | 1.2819 | 0.0231 | 1.2588 | +0.0000 |
| +0.02 | 0.8450 | +0.1357 | +0.2313 | +0.2125 | 1.2315 | 1.2270 | +0.0045 | 0.0275 | +0.0000 | 1.2603 | 0.0058 | 1.2588 | -0.0274 |
| +0.05 | 0.8375 | -0.0353 | +0.2594 | +0.2125 | 1.2155 | 1.2123 | +0.0032 | 0.0348 | +0.0000 | 1.2588 | 0.0117 | 1.2588 | -0.0434 |
| +0.10 | 0.8250 | -0.3269 | +0.3062 | +0.2125 | 1.2569 | 1.1835 | +0.0735 | 0.0492 | +0.0000 | 1.3405 | 0.1079 | 1.2588 | -0.0019 |

Residual at c = 0: +0.00000; first derivative in c at 0: -1.7711 nats per unit c; second derivative: +40.318 nats per unit c². A spread of pair-specific coupling with zero mean and SD σ_c gives an expected residual of ½·+40.318·σ_c² at fixed (r1, q); σ_c = 0.022 gives −0.01 nats (sign of curvature positive: coupling would raise the residual, not lower it).

### Raw view at the same point: a = 0.8500, q_ε = +0.2500 fixed, c varied (r1 and q move with c)

| c | r1 | q | sts | xtx + yty | ∂sts/∂c ≈ Δsts/Δc | for comparison ∂sts/∂r1 |
|---|---|---|---|---|---|---|
| -0.10 | 0.8958 | -0.4583 | 1.3995 | 1.3481 |  | +8.846 |
| -0.05 | 0.8532 | -0.0640 | 1.3265 | 1.2908 | -1.459 | +6.269 |
| -0.02 | 0.8474 | +0.1313 | 1.2854 | 1.2576 | -1.372 | +5.996 |
| +0.00 | 0.8500 | +0.2500 | 1.2588 | 1.2357 | -1.326 | +6.070 |
| +0.02 | 0.8572 | +0.3616 | 1.2330 | 1.2141 | -1.293 | +6.342 |
| +0.05 | 0.8759 | +0.5190 | 1.1953 | 1.1819 | -1.256 | +7.231 |
| +0.10 | 0.9264 | +0.7641 | 1.1350 | 1.1287 | -1.205 | +11.986 |

## (r1, q) held at (0.85, 0.0) — no instantaneous correlation; a and q_ε re-solved for each c (matched view)

| c | a | q_ε | corr(x_t, y_t+1) | a_y q (AR(1)) | sts | xtx + yty | sts − (xtx+yty) | rtr | six cross atoms | TDMI | ΦR | sts_pred (B4) | residual = sts − sts_pred |
|---|---|---|---|---|---|---|---|---|---|---|---|---|---|
| -0.10 | 0.8500 | +0.6355 | -0.1000 | -0.0000 | 1.5356 | 1.2719 | +0.2637 | 0.0050 | +0.0000 | 1.5773 | 0.3004 | 1.2819 | +0.2536 |
| -0.05 | 0.8500 | +0.3091 | -0.0500 | -0.0000 | 1.3309 | 1.2794 | +0.0515 | 0.0013 | +0.0000 | 1.3412 | 0.0605 | 1.2819 | +0.0490 |
| -0.02 | 0.8500 | +0.1227 | -0.0200 | -0.0000 | 1.2893 | 1.2815 | +0.0078 | 0.0002 | +0.0000 | 1.2910 | 0.0092 | 1.2819 | +0.0074 |
| +0.00 | 0.8500 | +0.0000 | +0.0000 | +0.0000 | 1.2819 | 1.2819 | +0.0000 | 0.0000 | +0.0000 | 1.2819 | 0.0000 | 1.2819 | +0.0000 |
| +0.02 | 0.8500 | -0.1227 | +0.0200 | +0.0000 | 1.2893 | 1.2815 | +0.0078 | 0.0002 | +0.0000 | 1.2910 | 0.0092 | 1.2819 | +0.0074 |
| +0.05 | 0.8500 | -0.3091 | +0.0500 | +0.0000 | 1.3309 | 1.2794 | +0.0515 | 0.0013 | +0.0000 | 1.3412 | 0.0605 | 1.2819 | +0.0490 |
| +0.10 | 0.8500 | -0.6355 | +0.1000 | +0.0000 | 1.5356 | 1.2719 | +0.2637 | 0.0050 | +0.0000 | 1.5773 | 0.3004 | 1.2819 | +0.2536 |

Residual at c = 0: +0.00000; first derivative in c at 0: +0.0000 nats per unit c; second derivative: +36.924 nats per unit c². A spread of pair-specific coupling with zero mean and SD σ_c gives an expected residual of ½·+36.924·σ_c² at fixed (r1, q); σ_c = 0.023 gives −0.01 nats (sign of curvature positive: coupling would raise the residual, not lower it).

### Raw view at the same point: a = 0.8500, q_ε = +0.0000 fixed, c varied (r1 and q move with c)

| c | r1 | q | sts | xtx + yty | ∂sts/∂c ≈ Δsts/Δc | for comparison ∂sts/∂r1 |
|---|---|---|---|---|---|---|
| -0.10 | 0.9136 | -0.6355 | 1.2769 | 1.2719 |  | +10.488 |
| -0.05 | 0.8655 | -0.3091 | 1.2807 | 1.2794 | +0.075 | +6.807 |
| -0.02 | 0.8525 | -0.1227 | 1.2817 | 1.2815 | +0.035 | +6.225 |
| +0.00 | 0.8500 | +0.0000 | 1.2819 | 1.2819 | +0.010 | +6.126 |
| +0.02 | 0.8525 | +0.1227 | 1.2817 | 1.2815 | -0.010 | +6.225 |
| +0.05 | 0.8655 | +0.3091 | 1.2807 | 1.2794 | -0.035 | +6.807 |
| +0.10 | 0.9136 | +0.6355 | 1.2769 | 1.2719 | -0.075 | +10.488 |

## (r1, q) held at (0.6, 0.25) — lower autocorrelation; a and q_ε re-solved for each c (matched view)

| c | a | q_ε | corr(x_t, y_t+1) | a_y q (AR(1)) | sts | xtx + yty | sts − (xtx+yty) | rtr | six cross atoms | TDMI | ΦR | sts_pred (B4) | residual = sts − sts_pred |
|---|---|---|---|---|---|---|---|---|---|---|---|---|---|
| -0.14 | 0.6350 | +0.5181 | +0.0187 | +0.1500 | 0.5702 | 0.4459 | +0.1242 | 0.0002 | +0.0000 | 0.5995 | 0.1534 | 0.4349 | +0.1352 |
| -0.10 | 0.6250 | +0.4358 | +0.0562 | +0.1500 | 0.5178 | 0.4431 | +0.0746 | 0.0016 | +0.0000 | 0.5341 | 0.0894 | 0.4349 | +0.0829 |
| -0.05 | 0.6125 | +0.3401 | +0.1031 | +0.1500 | 0.4701 | 0.4356 | +0.0345 | 0.0053 | +0.0000 | 0.4791 | 0.0382 | 0.4349 | +0.0352 |
| -0.02 | 0.6050 | +0.2855 | +0.1312 | +0.1500 | 0.4478 | 0.4289 | +0.0189 | 0.0087 | +0.0000 | 0.4571 | 0.0195 | 0.4349 | +0.0129 |
| +0.00 | 0.6000 | +0.2500 | +0.1500 | +0.1500 | 0.4349 | 0.4235 | +0.0114 | 0.0114 | +0.0000 | 0.4463 | 0.0114 | 0.4349 | +0.0000 |
| +0.02 | 0.5950 | +0.2151 | +0.1688 | +0.1500 | 0.4233 | 0.4174 | +0.0059 | 0.0144 | +0.0000 | 0.4383 | 0.0065 | 0.4349 | -0.0116 |
| +0.05 | 0.5875 | +0.1636 | +0.1969 | +0.1500 | 0.4078 | 0.4068 | +0.0011 | 0.0198 | +0.0000 | 0.4313 | 0.0047 | 0.4349 | -0.0271 |
| +0.10 | 0.5750 | +0.0790 | +0.2438 | +0.1500 | 0.3865 | 0.3850 | +0.0015 | 0.0306 | +0.0000 | 0.4319 | 0.0162 | 0.4349 | -0.0484 |
| +0.14 | 0.5650 | +0.0114 | +0.2813 | +0.1500 | 0.3729 | 0.3639 | +0.0090 | 0.0412 | +0.0000 | 0.4432 | 0.0381 | 0.4349 | -0.0620 |

Residual at c = 0: +0.00000; first derivative in c at 0: -0.6142 nats per unit c; second derivative: +3.195 nats per unit c². A spread of pair-specific coupling with zero mean and SD σ_c gives an expected residual of ½·+3.195·σ_c² at fixed (r1, q); σ_c = 0.079 gives −0.01 nats (sign of curvature positive: coupling would raise the residual, not lower it).

### Raw view at the same point: a = 0.6000, q_ε = +0.2500 fixed, c varied (r1 and q move with c)

| c | r1 | q | sts | xtx + yty | ∂sts/∂c ≈ Δsts/Δc | for comparison ∂sts/∂r1 |
|---|---|---|---|---|---|---|
| -0.14 | 0.6031 | -0.0223 | 0.4723 | 0.4284 |  | +1.896 |
| -0.10 | 0.5938 | +0.0625 | 0.4631 | 0.4308 | -0.231 | +1.832 |
| -0.05 | 0.5920 | +0.1596 | 0.4498 | 0.4294 | -0.264 | +1.808 |
| -0.02 | 0.5957 | +0.2145 | 0.4411 | 0.4264 | -0.292 | +1.819 |
| +0.00 | 0.6000 | +0.2500 | 0.4349 | 0.4235 | -0.309 | +1.837 |
| +0.02 | 0.6057 | +0.2849 | 0.4285 | 0.4200 | -0.322 | +1.863 |
| +0.05 | 0.6168 | +0.3362 | 0.4183 | 0.4133 | -0.338 | +1.918 |
| +0.10 | 0.6420 | +0.4205 | 0.4002 | 0.3989 | -0.363 | +2.062 |
| +0.14 | 0.6683 | +0.4878 | 0.3845 | 0.3844 | -0.392 | +2.237 |

=== 2026-09-26 22:36:57  notes/review_v2_residual_null.py   -> notes/review_results/logs/review_v2_residual_null.log
git=c25a310
filter fitted to the placebo ACF: beta=200 lo=0.0064 hi=0.080; lags 1-6 [ 0.872  0.549  0.179 -0.091 -0.196 -0.168] (target [0.868, 0.539, 0.172, -0.085, -0.174, -0.145])
filter fitted to the DMTpost ACF: beta=100 lo=0.0030 hi=0.080; lags 1-6 [ 0.858  0.508  0.124 -0.127 -0.182 -0.099] (target [0.858, 0.507, 0.123, -0.13, -0.194, -0.133])

== residual level under the null, homogeneous filter (placebo ACF), by window length ==
W= 30: a=0.856 |q|=0.354 residual=-0.0886 (-8.52 %)   [data: W30 -9.7 %, W60 -4.3 %, run-level -1.1 %]
W= 60: a=0.866 |q|=0.291 residual=-0.0373 (-3.10 %)   [data: W30 -9.7 %, W60 -4.3 %, run-level -1.1 %]
W=840: a=0.870 |q|=0.222 residual=-0.0045 (-0.34 %)   [data: W30 -9.7 %, W60 -4.3 %, run-level -1.1 %]

== residual at the four operating points of residual_source.log (W = 60) ==
DMT pre  : window a=0.8625 (SD 0.031) |q|=0.2803  obs sts=1.1835  AR(1) pred=1.2189  residual=-0.0353 (-3.0 %)
DMT post : window a=0.8532 (SD 0.030) |q|=0.2679  obs sts=1.1279  AR(1) pred=1.1592  residual=-0.0313 (-2.8 %)
PCB pre  : window a=0.8602 (SD 0.031) |q|=0.2854  obs sts=1.1670  AR(1) pred=1.2020  residual=-0.0350 (-3.0 %)
PCB post : window a=0.8655 (SD 0.032) |q|=0.2833  obs sts=1.2024  AR(1) pred=1.2387  residual=-0.0364 (-3.0 %)

null residual change: DMT +0.0041, PCB -0.0013, DiD +0.0054
data (residual_source.log): DMT +0.0077, PCB -0.0038, DiD +0.0115 [+0.0021, +0.0211]
=== 2026-09-26 22:38:25  notes/partB9_leave_two_out.py
git=c25a310
git=c25a310
# Leave-two-out on r(MMI-sts DiD, lag-1 autocorrelation DiD), ts_gsr, W = 60, primary set (partB9_leave_two_out.py)
full set (N = 14): Pearson r = +0.953, Spearman ρ = +0.903
leave-two-out (91 refits, N = 12 each): Pearson r range +0.846 to +0.973, median +0.954; minimum +0.846 without subjects 8 and 14; maximum +0.973 without subjects 6 and 10
Spearman ρ range +0.846 to +0.944, median +0.902; minimum without subjects 8 and 14
refits with r below 0.90: 1 of 91; below 0.85: 1
  pairs containing subject  1: r range +0.921 to +0.964
  pairs containing subject  2: r range +0.923 to +0.966
  pairs containing subject  3: r range +0.913 to +0.968
  pairs containing subject  4: r range +0.923 to +0.971
  pairs containing subject  5: r range +0.916 to +0.963
  pairs containing subject  6: r range +0.943 to +0.973
  pairs containing subject  7: r range +0.922 to +0.965
  pairs containing subject  8: r range +0.846 to +0.943
  pairs containing subject  9: r range +0.923 to +0.966
  pairs containing subject 10: r range +0.932 to +0.973
  pairs containing subject 11: r range +0.937 to +0.973
  pairs containing subject 12: r range +0.923 to +0.966
  pairs containing subject 13: r range +0.917 to +0.963
  pairs containing subject 14: r range +0.846 to +0.947
wrote /home/vilalius/dmt-phiid/notes/review_results/partB/leave_two_out.csv and /home/vilalius/dmt-phiid/notes/review_results/partB/leave_two_out.log
=== 2026-09-26 22:38:26  notes/partB10_crosslag_deviation.py   -> notes/review_results/partB/crosslag_deviation_run.log
Per-subject signed mean deviation (two runs): [ 3.75264e-05  7.15375e-05  2.19891e-05  2.66087e-04  9.34147e-05  1.57059e-04 -1.70303e-05  1.25757e-04  2.05576e-04  7.91719e-05  3.42781e-05  1.53955e-04  3.10311e-05  8.60420e-06]
Reading under the pre-run entry of 15:35 UTC: positive.

Share of pairs with q < 0: 0.545 (DMT 0.543, PCB 0.546); mean deviation among the q > 0 pairs +0.00384, among the q < 0 pairs -0.00304 (descriptive).
Sign(q)-weighted mean cross-lag deviation: DMT +0.00381, PCB +0.00299; grand mean +0.00340 [+0.00300, +0.00380] (subject bootstrap, 10000 draws), exact sign-flip p = 0.0001, positive in 14/14 subjects; r(statistic, run-level residual) across the 28 runs -0.767.
Per-subject sign(q)-weighted mean deviation (two runs): [0.00337 0.00200 0.00316 0.00440 0.00279 0.00453 0.00350 0.00386 0.00459 0.00245 0.00258 0.00372 0.00304 0.00361]
Reading under the pre-run entry for this statistic: positive and of the order required (within a factor of two of +0.006): consistent with pooling as the source of the run-level residual.
Slope of the deviation on q across pairs (OLS, per run): DMT +0.0184, PCB +0.0142; grand mean +0.0163 [+0.0141, +0.0187] (subject bootstrap, 10000 draws), exact sign-flip p = 0.0001, positive in 14/14 subjects; r(statistic, run-level residual) across the 28 runs -0.545.
Per-subject slope (two runs): [0.0163 0.0095 0.0144 0.0244 0.0137 0.0248 0.0151 0.0180 0.0209 0.0101 0.0131 0.0174 0.0141 0.0166]
Reading: positive.

Per-subject signed mean deviation (two runs): [-0.00890 -0.00631 -0.00775 -0.00567 -0.00676 -0.00454 -0.00484 -0.00705 -0.00863 -0.01276 -0.00414 -0.00889 -0.01393 -0.00316]
Reading under the pre-run entry of 15:35 UTC: negative.

Share of pairs with q < 0: 0.196 (DMT 0.162, PCB 0.230); mean deviation among the q > 0 pairs -0.00582, among the q < 0 pairs -0.01441 (descriptive).
Sign(q)-weighted mean cross-lag deviation: DMT -0.00324, PCB -0.00199; grand mean -0.00262 [-0.00495, -0.00037] (subject bootstrap, 10000 draws), exact sign-flip p = 0.0532, positive in 5/14 subjects; r(statistic, run-level residual) across the 28 runs -0.969.
Per-subject sign(q)-weighted mean deviation (two runs): [-0.00559 -0.00065 -0.00046 -0.00090  0.00046  0.00245  0.00035 -0.00172 -0.00725 -0.00902  0.00188 -0.00828 -0.01042  0.00253]
Reading under the pre-run entry for this statistic: negative (CI excludes zero): the mechanism's signature is absent and the deviation has the sign that raises sts above the prediction.
Slope of the deviation on q across pairs (OLS, per run): DMT +0.0228, PCB +0.0193; grand mean +0.0211 [+0.0194, +0.0227] (subject bootstrap, 10000 draws), exact sign-flip p = 0.0001, positive in 14/14 subjects; r(statistic, run-level residual) across the 28 runs -0.289.
Per-subject slope (two runs): [0.0216 0.0161 0.0207 0.0238 0.0192 0.0256 0.0204 0.0232 0.0274 0.0171 0.0183 0.0221 0.0169 0.0223]
Reading: positive.

run-level section done in 2 s
### ts_gsr (W = 60; 392 windows checked against diag_series xcorr_dev)

Share of pairs with q < 0 (window q): 0.515; mean deviation among the q > 0 pairs +0.00643, among the q < 0 pairs -0.00581; mean pair a 0.8596, mean pair |q| 0.2774; W = 60 residual of the diagnostic -0.0489 (descriptive).
W = 60 signed mean cross-lag deviation: DMT +0.00013, PCB +0.00014; grand mean +0.00014 [+0.00010, +0.00018] (subject bootstrap, 10000 draws), exact sign-flip p = 0.0001, positive in 14/14 subjects; r(statistic, W = 60 residual of the diagnostic, mean over the run's windows) across the 28 runs -0.283.
W = 60 sign(q)-weighted mean cross-lag deviation: DMT +0.00615, PCB +0.00608; grand mean +0.00611 [+0.00563, +0.00665] (subject bootstrap, 10000 draws), exact sign-flip p = 0.0001, positive in 14/14 subjects; r(statistic, W = 60 residual of the diagnostic, mean over the run's windows) across the 28 runs -0.635.
Per-subject W = 60 sign(q)-weighted mean deviation (two runs): [0.00573 0.00539 0.00524 0.00819 0.00614 0.00746 0.00527 0.00717 0.00694 0.00557 0.00514 0.00684 0.00544 0.00505]
Reading under the rule of 16 Sep 2026: comparable to the run-level +0.00340 (ratio 1.80, within a factor of two): a stationary mechanism is indicated and pooling is not distinguished by run length.
W = 60 slope of the deviation on q across pairs (OLS per window, mean over windows): DMT +0.0205, PCB +0.0198; grand mean +0.0201 [+0.0184, +0.0222] (subject bootstrap, 10000 draws), exact sign-flip p = 0.0001, positive in 14/14 subjects; r(statistic, W = 60 residual of the diagnostic, mean over the run's windows) across the 28 runs -0.416.

### ts_demean (W = 60; 392 windows checked against diag_series xcorr_dev)

Share of pairs with q < 0 (window q): 0.275; mean deviation among the q > 0 pairs -0.00303, among the q < 0 pairs -0.01649; mean pair a 0.8504, mean pair |q| 0.3229; W = 60 residual of the diagnostic -0.0378 (descriptive).
W = 60 signed mean cross-lag deviation: DMT -0.00651, PCB -0.00696; grand mean -0.00674 [-0.00820, -0.00537] (subject bootstrap, 10000 draws), exact sign-flip p = 0.0001, positive in 0/14 subjects; r(statistic, W = 60 residual of the diagnostic, mean over the run's windows) across the 28 runs -0.888.
W = 60 sign(q)-weighted mean cross-lag deviation: DMT +0.00108, PCB +0.00212; grand mean +0.00160 [-0.00019, +0.00326] (subject bootstrap, 10000 draws), exact sign-flip p = 0.1061, positive in 9/14 subjects; r(statistic, W = 60 residual of the diagnostic, mean over the run's windows) across the 28 runs -0.779.
Per-subject W = 60 sign(q)-weighted mean deviation (two runs): [-0.00151  0.00345  0.00330  0.00458  0.00463  0.00566  0.00301  0.00270 -0.00063 -0.00328  0.00435 -0.00402 -0.00361  0.00377]
Ratio to the run-level value -0.00262: -0.61 (no rule for this variant).
W = 60 slope of the deviation on q across pairs (OLS per window, mean over windows): DMT +0.0236, PCB +0.0238; grand mean +0.0237 [+0.0219, +0.0255] (subject bootstrap, 10000 draws), exact sign-flip p = 0.0001, positive in 14/14 subjects; r(statistic, W = 60 residual of the diagnostic, mean over the run's windows) across the 28 runs +0.029.

W = 60 section done in 10 s
W = 30: residual -0.0886 (-8.52 %); share of pair-windows with q < 0 0.503, mean |q| 0.354; sign(q)-weighted mean deviation +0.00662 ± 0.00008 (SE; 95 % [+0.00647, +0.00677]); signed mean +0.00000 ± 0.00005; slope on q +0.0169 ± 0.0001 over 280 window indices (4 s)
W = 60: residual -0.0373 (-3.10 %); share of pair-windows with q < 0 0.505, mean |q| 0.291; sign(q)-weighted mean deviation +0.00348 ± 0.00007 (SE; 95 % [+0.00335, +0.00361]); signed mean +0.00000 ± 0.00005; slope on q +0.0107 ± 0.0001 over 140 window indices (6 s)
W = 840: residual -0.0045 (-0.34 %); share of pair-windows with q < 0 0.516, mean |q| 0.222; sign(q)-weighted mean deviation +0.00025 ± 0.00005 (SE; 95 % [+0.00015, +0.00034]); signed mean +0.00000 ± 0.00005; slope on q +0.0012 ± 0.0001 over 10 window indices (8 s)
DMT pre: residual -0.0353 (-2.99 %); share of pair-windows with q < 0 0.496, mean |q| 0.280; sign(q)-weighted mean deviation +0.00344 ± 0.00007 (SE; 95 % [+0.00330, +0.00357]); signed mean -0.00015 ± 0.00006; slope on q +0.0112 ± 0.0002 over 50 window indices (26 s)
DMT post: residual -0.0313 (-2.77 %); share of pair-windows with q < 0 0.507, mean |q| 0.268; sign(q)-weighted mean deviation +0.00311 ± 0.00007 (SE; 95 % [+0.00297, +0.00325]); signed mean -0.00007 ± 0.00007; slope on q +0.0106 ± 0.0002 over 50 window indices (51 s)
PCB pre: residual -0.0350 (-3.00 %); share of pair-windows with q < 0 0.502, mean |q| 0.285; sign(q)-weighted mean deviation +0.00325 ± 0.00007 (SE; 95 % [+0.00311, +0.00339]); signed mean -0.00006 ± 0.00006; slope on q +0.0102 ± 0.0001 over 50 window indices (70 s)
PCB post: residual -0.0364 (-3.02 %); share of pair-windows with q < 0 0.499, mean |q| 0.283; sign(q)-weighted mean deviation +0.00356 ± 0.00007 (SE; 95 % [+0.00342, +0.00369]); signed mean -0.00001 ± 0.00006; slope on q +0.0114 ± 0.0002 over 50 window indices (87 s)

Reading under the rule of 16 Sep 2026 (W = 840 against the run-level ts_gsr value): near zero (|+0.00025| below a tenth of the run-level +0.00340; share +0.073): finite sampling is removed as a source of the signature.
At W = 60 (descriptive, no rule): null +0.00348 (homogeneous filter) and +0.00334 (four cells) against the data's ts_gsr W = 60 value +0.00611.

done in 97 s
wrote /home/vilalius/dmt-phiid/notes/review_results/partB/crosslag_deviation_tables.md and crosslag_deviation.csv
=== 2026-09-26 22:40:04  notes/partB12_crosslag_budget.py   -> notes/review_results/partB/crosslag_budget_run.log
# The cross-lag budget on the data (partB12_crosslag_budget.py; git=c25a310; seed=20261120)

Per subject and run, over the 6,555 pairs: δ_run = s·d at the run level (s = sign of the run-level q; d = mean of the two directions of corr(x_t, y_(t+1)) − a_y q), δ_wd = the same after removing each region's mean within each W = 60 window, δ_means = δ_run − δ_wd, δ_within = s·Σ_w π_w d_w, δ_pool = s·Σ_w π_w (a_(y,w) − ā_y) q_w, ε = δ_wd − δ_within − δ_pool (definitions and weights: notes/rev_crosslag_budget.py); beside them δ_60 = s·mean_w d_w and partB10's window-sign value mean_w sign(q_w) d_w. Mean over pairs per run; per subject the mean of the two runs; grand mean with subject-bootstrap 95 % CI (10,000 draws, seed 20261120, one set of draws per variant), exact sign-flip p, count positive; per run type. Rules recorded before the run: analysis_record.md, "The cross-lag budget: pre-run entry, 16 Sep 2026"; the null-corrected budget and the reading under those rules are in crosslag_budget_null_tables.md (partB13).

Population checks (no data):
  shared slow component λ_x = 0.25, λ_y = 0.25, a_s = 0.95, a_n = 0.8, loading +1: q = +0.2500, a_x = 0.8375, a_y = 0.8375, cross-lag +0.23750; d(x→y) = +0.028125 = q(1 − λ_y)(a_s − a_n) = +0.028125; d(y→x) = +0.028125 = q(1 − λ_x)(a_s − a_n) = +0.028125
  shared slow component λ_x = 0.25, λ_y = 0.25, a_s = 0.95, a_n = 0.8, loading -1: q = -0.2500, a_x = 0.8375, a_y = 0.8375, cross-lag -0.23750; d(x→y) = -0.028125 = q(1 − λ_y)(a_s − a_n) = -0.028125; d(y→x) = -0.028125 = q(1 − λ_x)(a_s − a_n) = -0.028125
  shared slow component λ_x = 0.3, λ_y = 0.2, a_s = 0.95, a_n = 0.8, loading +1: q = +0.2449, a_x = 0.8450, a_y = 0.8300, cross-lag +0.23270; d(x→y) = +0.029394 = q(1 − λ_y)(a_s − a_n) = +0.029394; d(y→x) = +0.025720 = q(1 − λ_x)(a_s − a_n) = +0.025720
  shared slow component λ_x = 0.1, λ_y = 0.4, a_s = 0.9, a_n = 0.85, loading -1: q = -0.2000, a_x = 0.8550, a_y = 0.8700, cross-lag -0.18000; d(x→y) = -0.006000 = q(1 − λ_y)(a_s − a_n) = -0.006000; d(y→x) = -0.009000 = q(1 − λ_x)(a_s − a_n) = -0.009000
  τ = 1 equivalence, worked example λ = 0.25, a_s = 0.95, a_n = 0.80: a = 0.8375, q = 0.2500, cross-lag 0.2375, d = +0.028125; A = Γ₁Γ₀⁻¹ = [[0.8300, 0.0300], [0.0300, 0.8300]], innovation correlation q_ε = 0.0932, c(1 − q²) = +0.028125; the VAR(1) with this A and Σ has the same Γ₀ and Γ₁ (Lyapunov check passed), so the same 4 × 4 matrix and the same sixteen τ = 1 atoms (sts = 1.15173, rtr = 0.02903).

   ts_gsr subject 1 DMT: run +0.00412 within +0.00363 pool +0.00052 means +0.00004 eps -0.000071 d60 +0.00333 winsign +0.00620 (1 s)
   ts_gsr subject 1 PCB: run +0.00263 within +0.00261 pool +0.00012 means -0.00003 eps -0.000065 d60 +0.00229 winsign +0.00526 (1 s)
   ts_gsr subject 2 DMT: run +0.00325 within +0.00273 pool +0.00060 means +0.00001 eps -0.000090 d60 +0.00219 winsign +0.00539 (1 s)
   ts_gsr subject 2 PCB: run +0.00075 within +0.00061 pool +0.00014 means -0.00001 eps -0.000003 d60 +0.00038 winsign +0.00539 (1 s)
   ts_gsr subject 3 DMT: run +0.00335 within +0.00282 pool +0.00055 means -0.00001 eps -0.000005 d60 +0.00198 winsign +0.00510 (2 s)
   ts_gsr subject 3 PCB: run +0.00298 within +0.00282 pool +0.00008 means +0.00006 eps +0.000015 d60 +0.00269 winsign +0.00538 (2 s)
   ts_gsr subject 4 DMT: run +0.00389 within +0.00350 pool +0.00037 means +0.00005 eps -0.000036 d60 +0.00313 winsign +0.00806 (2 s)
   ts_gsr subject 4 PCB: run +0.00492 within +0.00442 pool +0.00050 means +0.00003 eps -0.000029 d60 +0.00407 winsign +0.00833 (2 s)
   ts_gsr subject 5 DMT: run +0.00294 within +0.00260 pool +0.00025 means +0.00001 eps +0.000081 d60 +0.00215 winsign +0.00632 (2 s)
   ts_gsr subject 5 PCB: run +0.00264 within +0.00238 pool +0.00035 means -0.00005 eps -0.000042 d60 +0.00200 winsign +0.00595 (3 s)
   ts_gsr subject 6 DMT: run +0.00463 within +0.00388 pool +0.00076 means +0.00000 eps -0.000022 d60 +0.00359 winsign +0.00731 (3 s)
   ts_gsr subject 6 PCB: run +0.00444 within +0.00412 pool +0.00031 means +0.00000 eps +0.000001 d60 +0.00377 winsign +0.00760 (3 s)
   ts_gsr subject 7 DMT: run +0.00520 within +0.00384 pool +0.00113 means +0.00004 eps +0.000191 d60 +0.00345 winsign +0.00667 (3 s)
   ts_gsr subject 7 PCB: run +0.00179 within +0.00138 pool +0.00038 means +0.00006 eps -0.000035 d60 +0.00081 winsign +0.00386 (4 s)
   ts_gsr subject 8 DMT: run +0.00313 within +0.00210 pool +0.00108 means -0.00004 eps -0.000007 d60 +0.00132 winsign +0.00563 (4 s)
   ts_gsr subject 8 PCB: run +0.00459 within +0.00390 pool +0.00076 means +0.00000 eps -0.000073 d60 +0.00300 winsign +0.00870 (4 s)
   ts_gsr subject 9 DMT: run +0.00490 within +0.00391 pool +0.00105 means +0.00013 eps -0.000196 d60 +0.00322 winsign +0.00646 (4 s)
   ts_gsr subject 9 PCB: run +0.00428 within +0.00366 pool +0.00066 means +0.00000 eps -0.000047 d60 +0.00305 winsign +0.00741 (4 s)
   ts_gsr subject 10 DMT: run +0.00321 within +0.00269 pool +0.00041 means +0.00008 eps +0.000030 d60 +0.00216 winsign +0.00589 (5 s)
   ts_gsr subject 10 PCB: run +0.00170 within +0.00179 pool -0.00003 means +0.00001 eps -0.000070 d60 +0.00130 winsign +0.00526 (5 s)
   ts_gsr subject 11 DMT: run +0.00345 within +0.00298 pool +0.00048 means +0.00003 eps -0.000033 d60 +0.00285 winsign +0.00560 (5 s)
   ts_gsr subject 11 PCB: run +0.00171 within +0.00168 pool +0.00009 means -0.00007 eps +0.000014 d60 +0.00104 winsign +0.00468 (5 s)
   ts_gsr subject 12 DMT: run +0.00396 within +0.00329 pool +0.00066 means -0.00002 eps +0.000016 d60 +0.00287 winsign +0.00657 (5 s)
   ts_gsr subject 12 PCB: run +0.00348 within +0.00314 pool +0.00042 means +0.00001 eps -0.000101 d60 +0.00266 winsign +0.00711 (6 s)
   ts_gsr subject 13 DMT: run +0.00245 within +0.00196 pool +0.00048 means -0.00001 eps +0.000018 d60 +0.00162 winsign +0.00527 (6 s)
   ts_gsr subject 13 PCB: run +0.00363 within +0.00329 pool +0.00028 means +0.00004 eps +0.000014 d60 +0.00261 winsign +0.00561 (6 s)
   ts_gsr subject 14 DMT: run +0.00484 within +0.00349 pool +0.00128 means -0.00001 eps +0.000083 d60 +0.00316 winsign +0.00556 (6 s)
   ts_gsr subject 14 PCB: run +0.00238 within +0.00223 pool +0.00019 means -0.00002 eps -0.000020 d60 +0.00191 winsign +0.00454 (7 s)
δ_run: DMT +0.00381 [+0.00339, +0.00424], PCB +0.00299 [+0.00235, +0.00363]; grand mean +0.00340 [+0.00300, +0.00380] (subject bootstrap, 10000 draws), exact sign-flip p = 0.0001, positive in 14/14 subjects
δ_wd: DMT +0.00379 [+0.00338, +0.00421], PCB +0.00299 [+0.00235, +0.00363]; grand mean +0.00339 [+0.00299, +0.00378] (subject bootstrap, 10000 draws), exact sign-flip p = 0.0001, positive in 14/14 subjects
δ_means: DMT +0.00002 [-0.00000, +0.00004], PCB +0.00000 [-0.00002, +0.00002]; grand mean +0.00001 [-0.00000, +0.00003] (subject bootstrap, 10000 draws), exact sign-flip p = 0.1365, positive in 8/14 subjects
δ_within: DMT +0.00310 [+0.00277, +0.00343], PCB +0.00272 [+0.00215, +0.00327]; grand mean +0.00291 [+0.00257, +0.00325] (subject bootstrap, 10000 draws), exact sign-flip p = 0.0001, positive in 14/14 subjects
δ_pool: DMT +0.00069 [+0.00053, +0.00086], PCB +0.00030 [+0.00019, +0.00042]; grand mean +0.00050 [+0.00038, +0.00062] (subject bootstrap, 10000 draws), exact sign-flip p = 0.0001, positive in 14/14 subjects
δ_eps: DMT -0.00000 [-0.00005, +0.00004], PCB -0.00003 [-0.00005, -0.00001]; grand mean -0.00002 [-0.00004, +0.00001] (subject bootstrap, 10000 draws), exact sign-flip p = 0.2068, positive in 5/14 subjects
δ_60 (run-level sign): DMT +0.00264 [+0.00227, +0.00301], PCB +0.00226 [+0.00170, +0.00280]; grand mean +0.00245 [+0.00212, +0.00281] (subject bootstrap, 10000 draws), exact sign-flip p = 0.0001, positive in 14/14 subjects
window-sign value (partB10): DMT +0.00615 [+0.00575, +0.00660], PCB +0.00608 [+0.00535, +0.00685]; grand mean +0.00611 [+0.00563, +0.00665] (subject bootstrap, 10000 draws), exact sign-flip p = 0.0001, positive in 14/14 subjects
Shares of δ_run (grand means): δ_within +0.856, δ_pool +0.146, δ_means +0.004, δ_eps -0.005
Per-subject δ_run (mean of the two runs): [0.00337 0.00200 0.00316 0.00440 0.00279 0.00453 0.00350 0.00386 0.00459 0.00245 0.00258 0.00372 0.00304 0.00361]
Per-subject δ_within: [0.00312 0.00167 0.00282 0.00396 0.00249 0.00400 0.00261 0.00300 0.00379 0.00224 0.00233 0.00322 0.00263 0.00286]
Per-subject δ_pool: [0.00032 0.00037 0.00032 0.00044 0.00030 0.00054 0.00076 0.00092 0.00086 0.00019 0.00028 0.00054 0.00038 0.00074]
Per-subject δ_means: [ 2.84342e-06 -1.43874e-06  2.27692e-05  4.24604e-05 -1.92625e-05  2.39385e-06  5.04457e-05 -1.99602e-05  6.76595e-05  4.34749e-05 -2.10285e-05 -1.69346e-06  1.71125e-05 -1.73262e-05]

   ts_demean subject 1 DMT: run -0.00670 within -0.00623 pool -0.00036 means +0.00006 eps -0.000169 d60 -0.00717 winsign -0.00233 (7 s)
   ts_demean subject 1 PCB: run -0.00448 within -0.00434 pool -0.00028 means +0.00002 eps +0.000116 d60 -0.00486 winsign -0.00068 (7 s)
   ts_demean subject 2 DMT: run +0.00005 within +0.00001 pool +0.00009 means -0.00000 eps -0.000058 d60 -0.00009 winsign +0.00389 (7 s)
   ts_demean subject 2 PCB: run -0.00135 within -0.00138 pool +0.00001 means -0.00000 eps +0.000019 d60 -0.00149 winsign +0.00301 (7 s)
   ts_demean subject 3 DMT: run -0.00396 within -0.00285 pool -0.00077 means -0.00004 eps -0.000304 d60 -0.00321 winsign +0.00114 (8 s)
   ts_demean subject 3 PCB: run +0.00303 within +0.00291 pool +0.00004 means +0.00005 eps +0.000026 d60 +0.00264 winsign +0.00547 (8 s)
   ts_demean subject 4 DMT: run -0.00081 within -0.00082 pool -0.00007 means +0.00003 eps +0.000050 d60 -0.00125 winsign +0.00415 (8 s)
   ts_demean subject 4 PCB: run -0.00100 within -0.00102 pool -0.00012 means +0.00001 eps +0.000138 d60 -0.00156 winsign +0.00501 (8 s)
   ts_demean subject 5 DMT: run -0.00051 within -0.00044 pool -0.00016 means -0.00000 eps +0.000088 d60 -0.00085 winsign +0.00448 (8 s)
   ts_demean subject 5 PCB: run +0.00143 within +0.00127 pool +0.00027 means -0.00005 eps -0.000058 d60 +0.00070 winsign +0.00478 (9 s)
   ts_demean subject 6 DMT: run +0.00172 within +0.00123 pool +0.00048 means -0.00002 eps +0.000026 d60 +0.00077 winsign +0.00505 (9 s)
   ts_demean subject 6 PCB: run +0.00318 within +0.00297 pool +0.00021 means +0.00001 eps -0.000007 d60 +0.00265 winsign +0.00628 (9 s)
   ts_demean subject 7 DMT: run +0.00116 within +0.00106 pool +0.00025 means -0.00007 eps -0.000082 d60 +0.00086 winsign +0.00461 (9 s)
   ts_demean subject 7 PCB: run -0.00046 within -0.00058 pool +0.00003 means +0.00004 eps +0.000048 d60 -0.00121 winsign +0.00142 (10 s)
   ts_demean subject 8 DMT: run -0.00247 within -0.00200 pool -0.00037 means -0.00006 eps -0.000031 d60 -0.00332 winsign +0.00170 (10 s)
   ts_demean subject 8 PCB: run -0.00098 within -0.00076 pool -0.00020 means +0.00002 eps -0.000031 d60 -0.00154 winsign +0.00370 (10 s)
   ts_demean subject 9 DMT: run -0.00771 within -0.00491 pool -0.00285 means +0.00001 eps +0.000043 d60 -0.00433 winsign -0.00080 (10 s)
   ts_demean subject 9 PCB: run -0.00679 within -0.00653 pool +0.00027 means -0.00007 eps -0.000463 d60 -0.00711 winsign -0.00046 (10 s)
   ts_demean subject 10 DMT: run -0.00766 within -0.00717 pool -0.00050 means +0.00018 eps -0.000169 d60 -0.00778 winsign -0.00209 (11 s)
   ts_demean subject 10 PCB: run -0.01037 within -0.00886 pool -0.00104 means -0.00005 eps -0.000419 d60 -0.00927 winsign -0.00447 (11 s)
   ts_demean subject 11 DMT: run +0.00103 within +0.00090 pool +0.00023 means +0.00001 eps -0.000102 d60 +0.00069 winsign +0.00336 (11 s)
   ts_demean subject 11 PCB: run +0.00272 within +0.00252 pool +0.00022 means +0.00003 eps -0.000047 d60 +0.00201 winsign +0.00533 (11 s)
   ts_demean subject 12 DMT: run -0.00399 within -0.00446 pool +0.00074 means -0.00007 eps -0.000207 d60 -0.00529 winsign -0.00222 (11 s)
   ts_demean subject 12 PCB: run -0.01257 within -0.01116 pool -0.00127 means -0.00001 eps -0.000127 d60 -0.01201 winsign -0.00582 (12 s)
   ts_demean subject 13 DMT: run -0.01763 within -0.01354 pool -0.00390 means -0.00003 eps -0.000159 d60 -0.01412 winsign -0.00808 (12 s)
   ts_demean subject 13 PCB: run -0.00320 within -0.00294 pool -0.00039 means +0.00004 eps +0.000080 d60 -0.00306 winsign +0.00086 (12 s)
   ts_demean subject 14 DMT: run +0.00209 within +0.00142 pool +0.00061 means -0.00002 eps +0.000087 d60 +0.00125 winsign +0.00230 (12 s)
   ts_demean subject 14 PCB: run +0.00296 within +0.00242 pool +0.00033 means -0.00000 eps +0.000213 d60 +0.00129 winsign +0.00523 (13 s)
δ_run: DMT -0.00324 [-0.00614, -0.00079], PCB -0.00199 [-0.00465, +0.00041]; grand mean -0.00262 [-0.00495, -0.00037] (subject bootstrap, 10000 draws), exact sign-flip p = 0.0532, positive in 5/14 subjects
δ_wd: DMT -0.00324 [-0.00615, -0.00078], PCB -0.00199 [-0.00465, +0.00040]; grand mean -0.00262 [-0.00495, -0.00037] (subject bootstrap, 10000 draws), exact sign-flip p = 0.0536, positive in 5/14 subjects
δ_means: DMT -0.00000 [-0.00003, +0.00003], PCB +0.00000 [-0.00002, +0.00002]; grand mean +0.00000 [-0.00001, +0.00002] (subject bootstrap, 10000 draws), exact sign-flip p = 0.9149, positive in 6/14 subjects
δ_within: DMT -0.00270 [-0.00498, -0.00073], PCB -0.00182 [-0.00418, +0.00036]; grand mean -0.00226 [-0.00428, -0.00034] (subject bootstrap, 10000 draws), exact sign-flip p = 0.0537, positive in 6/14 subjects
δ_pool: DMT -0.00047 [-0.00120, +0.00011], PCB -0.00014 [-0.00041, +0.00009]; grand mean -0.00030 [-0.00069, +0.00001] (subject bootstrap, 10000 draws), exact sign-flip p = 0.1296, positive in 6/14 subjects
δ_eps: DMT -0.00007 [-0.00013, -0.00001], PCB -0.00004 [-0.00014, +0.00005]; grand mean -0.00005 [-0.00011, +0.00000] (subject bootstrap, 10000 draws), exact sign-flip p = 0.1117, positive in 4/14 subjects
δ_60 (run-level sign): DMT -0.00313 [-0.00549, -0.00109], PCB -0.00235 [-0.00472, -0.00017]; grand mean -0.00274 [-0.00478, -0.00079] (subject bootstrap, 10000 draws), exact sign-flip p = 0.0270, positive in 3/14 subjects
window-sign value (partB10): DMT +0.00108 [-0.00090, +0.00285], PCB +0.00212 [+0.00010, +0.00393]; grand mean +0.00160 [-0.00019, +0.00326] (subject bootstrap, 10000 draws), exact sign-flip p = 0.1061, positive in 9/14 subjects
Shares of δ_run (grand means): δ_within +0.864, δ_pool +0.116, δ_means -0.000, δ_eps +0.020
Per-subject δ_run (mean of the two runs): [-0.00559 -0.00065 -0.00046 -0.00090  0.00046  0.00245  0.00035 -0.00172 -0.00725 -0.00902  0.00188 -0.00828 -0.01042  0.00253]
Per-subject δ_within: [-5.28493e-03 -6.81841e-04  2.99972e-05 -9.22317e-04  4.14634e-04  2.10184e-03  2.40307e-04 -1.38265e-03 -5.72414e-03 -8.01739e-03  1.71123e-03 -7.80996e-03 -8.23768e-03  1.91994e-03]
Per-subject δ_pool: [-3.18937e-04  4.97321e-05 -3.62001e-04 -9.63657e-05  5.32312e-05  3.46460e-04  1.38382e-04 -2.84217e-04 -1.29174e-03 -7.69849e-04  2.21743e-04 -2.64544e-04 -2.14365e-03  4.68918e-04]
Per-subject δ_means: [ 4.13964e-05 -1.82712e-06  7.94587e-06  1.99351e-05 -2.59160e-05 -3.68599e-06 -1.35827e-05 -2.33879e-05 -2.78091e-05  6.54788e-05  1.70373e-05 -3.74814e-05  5.46367e-06 -1.17876e-05]

done in 13 s
wrote /home/vilalius/dmt-phiid/notes/review_results/partB/crosslag_budget_tables.md and crosslag_budget.csv
=== 2026-09-26 22:40:17  notes/partB13_crosslag_budget_null.py   -> notes/review_results/partB/crosslag_budget_null_run.log
# The cross-lag budget on the finite-sample null, the controls, and the null-corrected budget of the data (partB13_crosslag_budget_null.py; git=c25a310; seed=20261120)

Data targets (ts_gsr), computed here: DMT run level: mean a 0.8638, mean |q̂| 0.1904, fraction q̂ < 0 0.543, |q̂| < 0.05 0.174, |q̂| < 0.10 0.337; DMT window level: mean a 0.8561, mean |q̂| 0.2721, fraction q̂ < 0 0.515, |q̂| < 0.05 0.111, |q̂| < 0.10 0.219; PCB run level: mean a 0.8694, mean |q̂| 0.1987, fraction q̂ < 0 0.546, |q̂| < 0.05 0.162, |q̂| < 0.10 0.319; PCB window level: mean a 0.8631, mean |q̂| 0.2828, fraction q̂ < 0 0.516, |q̂| < 0.05 0.106, |q̂| < 0.10 0.210

   DMT terms (mean ± Monte-Carlo SE): run +0.00031 ± 0.00004  wd +0.00035 ± 0.00004  means -0.00004 ± 0.00001  within +0.00034 ± 0.00004  pool +0.00003 ± 0.00001  eps -0.00002 ± 0.00000  d60 +0.00013 ± 0.00004  d60_winsign +0.00330 ± 0.00004
   solved PCB (k = 0, targets at the run level: a 0.8694, |q̂| 0.1987, fraction |q̂| < 0.05 0.162): beta = 197.4144, w = 0.0741, sig2 = 0.2530; achieved on the solver batch a 0.8694, |q̂| 0.1987, fraction 0.162
   PCB (25000 pair-runs): null run-level mean a 0.8698 (data 0.8694), mean |q̂| 0.1982 (data 0.1987), fraction q̂ < 0 0.506 (data 0.546), |q̂| < 0.05 0.176 (data 0.162), |q̂| < 0.10 0.337 (data 0.319)
   PCB terms (mean ± Monte-Carlo SE): run +0.00047 ± 0.00004  wd +0.00048 ± 0.00004  means -0.00001 ± 0.00000  within +0.00047 ± 0.00004  pool +0.00004 ± 0.00001  eps -0.00002 ± 0.00000  d60 +0.00022 ± 0.00004  d60_winsign +0.00373 ± 0.00004
   null value (mean over the two run types): run +0.00039 ± 0.00003  wd +0.00042 ± 0.00003  means -0.00002 ± 0.00000  within +0.00040 ± 0.00003  pool +0.00003 ± 0.00001  eps -0.00002 ± 0.00000  d60 +0.00017 ± 0.00003  d60_winsign +0.00352 ± 0.00003
 (57 s)
   DMT terms (mean ± Monte-Carlo SE): run +0.00029 ± 0.00004  wd +0.00032 ± 0.00004  means -0.00003 ± 0.00001  within +0.00031 ± 0.00004  pool +0.00003 ± 0.00001  eps -0.00002 ± 0.00000  d60 +0.00009 ± 0.00004  d60_winsign +0.00351 ± 0.00004
   solved PCB (k = 1, targets at the run level: a 0.8694, |q̂| 0.1987, fraction |q̂| < 0.05 0.162): beta = 190.9599, w = 0.0062, sig2 = 0.2438; achieved on the solver batch a 0.8694, |q̂| 0.1987, fraction 0.162
   PCB (25000 pair-runs): null run-level mean a 0.8693 (data 0.8694), mean |q̂| 0.1994 (data 0.1987), fraction q̂ < 0 0.500 (data 0.546), |q̂| < 0.05 0.160 (data 0.162), |q̂| < 0.10 0.314 (data 0.319)
   PCB terms (mean ± Monte-Carlo SE): run +0.00029 ± 0.00004  wd +0.00030 ± 0.00004  means -0.00001 ± 0.00000  within +0.00030 ± 0.00004  pool +0.00002 ± 0.00001  eps -0.00002 ± 0.00000  d60 +0.00004 ± 0.00004  d60_winsign +0.00378 ± 0.00004
   null value (mean over the two run types): run +0.00029 ± 0.00003  wd +0.00031 ± 0.00003  means -0.00002 ± 0.00000  within +0.00031 ± 0.00003  pool +0.00002 ± 0.00001  eps -0.00002 ± 0.00000  d60 +0.00007 ± 0.00003  d60_winsign +0.00364 ± 0.00003
 (107 s)
   DMT terms (mean ± Monte-Carlo SE): run +0.00026 ± 0.00004  wd +0.00028 ± 0.00004  means -0.00002 ± 0.00001  within +0.00028 ± 0.00004  pool +0.00003 ± 0.00001  eps -0.00003 ± 0.00000  d60 +0.00008 ± 0.00004  d60_winsign +0.00322 ± 0.00004
   solved PCB (k = 2, targets at the run level: a 0.8694, |q̂| 0.1987, fraction |q̂| < 0.05 0.162): beta = 198.5249, w = 0.0478, sig2 = 0.2486; achieved on the solver batch a 0.8694, |q̂| 0.1987, fraction 0.162
   PCB (25000 pair-runs): null run-level mean a 0.8704 (data 0.8694), mean |q̂| 0.1986 (data 0.1987), fraction q̂ < 0 0.510 (data 0.546), |q̂| < 0.05 0.167 (data 0.162), |q̂| < 0.10 0.318 (data 0.319)
   PCB terms (mean ± Monte-Carlo SE): run +0.00037 ± 0.00004  wd +0.00038 ± 0.00004  means -0.00001 ± 0.00000  within +0.00037 ± 0.00004  pool +0.00003 ± 0.00001  eps -0.00002 ± 0.00000  d60 +0.00012 ± 0.00004  d60_winsign +0.00341 ± 0.00004
   null value (mean over the two run types): run +0.00031 ± 0.00003  wd +0.00033 ± 0.00003  means -0.00001 ± 0.00000  within +0.00033 ± 0.00003  pool +0.00003 ± 0.00001  eps -0.00002 ± 0.00000  d60 +0.00010 ± 0.00003  d60_winsign +0.00332 ± 0.00003
 (155 s)
   DMT terms (mean ± Monte-Carlo SE): run +0.00045 ± 0.00004  wd +0.00046 ± 0.00004  means -0.00001 ± 0.00000  within +0.00045 ± 0.00004  pool +0.00003 ± 0.00001  eps -0.00002 ± 0.00000  d60 +0.00022 ± 0.00004  d60_winsign +0.00354 ± 0.00004
   solved PCB (k = 3, targets at the run level: a 0.8694, |q̂| 0.1987, fraction |q̂| < 0.05 0.162): beta = 196.9044, w = 0.0566, sig2 = 0.2555; achieved on the solver batch a 0.8694, |q̂| 0.1987, fraction 0.162
   PCB (25000 pair-runs): null run-level mean a 0.8694 (data 0.8694), mean |q̂| 0.1995 (data 0.1987), fraction q̂ < 0 0.504 (data 0.546), |q̂| < 0.05 0.172 (data 0.162), |q̂| < 0.10 0.331 (data 0.319)
   PCB terms (mean ± Monte-Carlo SE): run +0.00047 ± 0.00004  wd +0.00048 ± 0.00004  means -0.00001 ± 0.00000  within +0.00043 ± 0.00004  pool +0.00006 ± 0.00001  eps -0.00002 ± 0.00000  d60 +0.00019 ± 0.00004  d60_winsign +0.00371 ± 0.00004
   null value (mean over the two run types): run +0.00046 ± 0.00003  wd +0.00047 ± 0.00003  means -0.00001 ± 0.00000  within +0.00044 ± 0.00003  pool +0.00005 ± 0.00001  eps -0.00002 ± 0.00000  d60 +0.00021 ± 0.00003  d60_winsign +0.00363 ± 0.00003
 (207 s)
   DMT terms (mean ± Monte-Carlo SE): run +0.00032 ± 0.00004  wd +0.00034 ± 0.00004  means -0.00001 ± 0.00001  within +0.00033 ± 0.00004  pool +0.00002 ± 0.00001  eps -0.00002 ± 0.00000  d60 +0.00012 ± 0.00004  d60_winsign +0.00349 ± 0.00004
   solved PCB (k = 4, targets at the run level: a 0.8694, |q̂| 0.1987, fraction |q̂| < 0.05 0.162): beta = 197.1746, sigq = 0.2394; achieved on the solver batch a 0.8694, |q̂| 0.1987, fraction 0.156
   PCB (25000 pair-runs): null run-level mean a 0.8697 (data 0.8694), mean |q̂| 0.1971 (data 0.1987), fraction q̂ < 0 0.501 (data 0.546), |q̂| < 0.05 0.158 (data 0.162), |q̂| < 0.10 0.312 (data 0.319)
   PCB terms (mean ± Monte-Carlo SE): run +0.00032 ± 0.00004  wd +0.00032 ± 0.00004  means -0.00000 ± 0.00000  within +0.00033 ± 0.00004  pool +0.00001 ± 0.00001  eps -0.00001 ± 0.00000  d60 +0.00007 ± 0.00004  d60_winsign +0.00368 ± 0.00004
   null value (mean over the two run types): run +0.00032 ± 0.00003  wd +0.00033 ± 0.00003  means -0.00001 ± 0.00000  within +0.00033 ± 0.00003  pool +0.00002 ± 0.00001  eps -0.00002 ± 0.00000  d60 +0.00009 ± 0.00003  d60_winsign +0.00359 ± 0.00003
 (223 s)
   DMT terms (mean ± Monte-Carlo SE): run +0.00027 ± 0.00004  wd +0.00030 ± 0.00004  means -0.00003 ± 0.00001  within +0.00031 ± 0.00004  pool +0.00002 ± 0.00001  eps -0.00003 ± 0.00000  d60 +0.00009 ± 0.00004  d60_winsign +0.00319 ± 0.00004
   solved PCB (k = 5, targets at the window level: a 0.8631, |q̂| 0.2828, fraction |q̂| < 0.05 0.106): beta = 186.0153, w = 0.1258, sig2 = 0.2809; achieved on the solver batch a 0.8631, |q̂| 0.2828, fraction 0.106
   PCB (25000 pair-runs): null run-level mean a 0.8674 (data 0.8694), mean |q̂| 0.2094 (data 0.1987), fraction q̂ < 0 0.504 (data 0.546), |q̂| < 0.05 0.188 (data 0.162), |q̂| < 0.10 0.341 (data 0.319)
   PCB terms (mean ± Monte-Carlo SE): run +0.00045 ± 0.00004  wd +0.00045 ± 0.00004  means -0.00001 ± 0.00000  within +0.00044 ± 0.00004  pool +0.00003 ± 0.00001  eps -0.00002 ± 0.00000  d60 +0.00019 ± 0.00004  d60_winsign +0.00353 ± 0.00004
   null value (mean over the two run types): run +0.00036 ± 0.00003  wd +0.00038 ± 0.00003  means -0.00002 ± 0.00000  within +0.00038 ± 0.00003  pool +0.00003 ± 0.00001  eps -0.00002 ± 0.00000  d60 +0.00014 ± 0.00003  d60_winsign +0.00336 ± 0.00003
 (292 s)
   (i) common drive, DMT: λ = 0.2, regional parts at β̄ = 129.2 (population lag-1 a_n = 0.8650), shared part at β_s = 1258.6 (a_s = 0.9650); population d = λ(1 − λ)(a_s − a_n) = +0.01600; empirical/analytic variance ratios 1.0021 (regional), 0.9997 (shared); realised run-level mean a 0.8823, |q̂| 0.1998; 25000 pair-runs
      terms: run +0.01428 ± 0.00005  wd +0.01387 ± 0.00005  means +0.00041 ± 0.00001  within +0.01275 ± 0.00005  pool +0.00127 ± 0.00001  eps -0.00015 ± 0.00000  d60 +0.01231 ± 0.00005  d60_winsign +0.01147 ± 0.00005; shares of δ_run: within +0.893, pool +0.089, means +0.029, eps -0.010
   (ii) pooling, DMT: TRs 0–239 at β₁ ~ N(6.0 β̄, h·6.0 β̄) (population lag-1 0.9461) with q₁ from the primary mixture; TRs 240–839 at β₂ ~ N(β̄/5, h·β̄/5) (population lag-1 0.8402) with q₂ = q₁(1 − g), g ~ U(0.5, 1.0); last batch's segment means: a 0.9350, |q̂| 0.2214 before TR 240 and a 0.8400, |q̂| 0.0777 after; realised run-level mean a 0.8522, |q̂| 0.0875; 25000 pair-runs
      terms: run +0.00133 ± 0.00005  wd +0.00136 ± 0.00006  means -0.00003 ± 0.00001  within +0.00037 ± 0.00005  pool +0.00101 ± 0.00002  eps -0.00002 ± 0.00001  d60 +0.00031 ± 0.00004  d60_winsign +0.00299 ± 0.00004; shares of δ_run: within +0.280, pool +0.757, means -0.025, eps -0.013; δ_pool = 49.1 Monte-Carlo SEs (303 s)
   (i) common drive, PCB: λ = 0.2, regional parts at β̄ = 197.4 (population lag-1 a_n = 0.8713), shared part at β_s = 1923.9 (a_s = 0.9713); population d = λ(1 − λ)(a_s − a_n) = +0.01600; empirical/analytic variance ratios 0.9983 (regional), 0.9977 (shared); realised run-level mean a 0.8878, |q̂| 0.1989; 25000 pair-runs
      terms: run +0.01449 ± 0.00005  wd +0.01435 ± 0.00005  means +0.00014 ± 0.00000  within +0.01307 ± 0.00005  pool +0.00132 ± 0.00001  eps -0.00004 ± 0.00000  d60 +0.01265 ± 0.00005  d60_winsign +0.01195 ± 0.00004; shares of δ_run: within +0.902, pool +0.091, means +0.009, eps -0.003
   (ii) pooling, PCB: TRs 0–239 at β₁ ~ N(6.0 β̄, h·6.0 β̄) (population lag-1 0.9571) with q₁ from the primary mixture; TRs 240–839 at β₂ ~ N(β̄/5, h·β̄/5) (population lag-1 0.8359) with q₂ = q₁(1 − g), g ~ U(0.5, 1.0); last batch's segment means: a 0.9457, |q̂| 0.2321 before TR 240 and a 0.8358, |q̂| 0.0804 after; realised run-level mean a 0.8465, |q̂| 0.0861; 25000 pair-runs
      terms: run +0.00130 ± 0.00006  wd +0.00130 ± 0.00006  means -0.00001 ± 0.00000  within +0.00042 ± 0.00005  pool +0.00089 ± 0.00002  eps -0.00001 ± 0.00001  d60 +0.00032 ± 0.00004  d60_winsign +0.00269 ± 0.00004; shares of δ_run: within +0.326, pool +0.688, means -0.005, eps -0.009; δ_pool = 43.7 Monte-Carlo SEs (314 s)
k = 2, null-corrected: δ_run,c +0.00309 [+0.00269, +0.00348]  δ_within,c +0.00258 [+0.00225, +0.00293]  δ_pool,c +0.00047 [+0.00036, +0.00059]  δ_means,c +0.00003 [+0.00001, +0.00004]  δ_eps,c +0.00001 [-0.00002, +0.00003]; shares within +0.837, pool +0.152, means +0.009, eps +0.002; labels within: most, pool: a minor part, means: a minor part
k = 3, null-corrected: δ_run,c +0.00294 [+0.00254, +0.00334]  δ_within,c +0.00247 [+0.00213, +0.00281]  δ_pool,c +0.00045 [+0.00034, +0.00057]  δ_means,c +0.00002 [+0.00001, +0.00004]  δ_eps,c +0.00000 [-0.00002, +0.00003]; shares within +0.839, pool +0.153, means +0.007, eps +0.001; labels within: most, pool: a minor part, means: a minor part
k = 4, null-corrected: δ_run,c +0.00308 [+0.00268, +0.00348]  δ_within,c +0.00258 [+0.00224, +0.00292]  δ_pool,c +0.00048 [+0.00036, +0.00060]  δ_means,c +0.00002 [+0.00001, +0.00004]  δ_eps,c -0.00000 [-0.00002, +0.00002]; shares within +0.838, pool +0.155, means +0.007, eps -0.000; labels within: most, pool: a minor part, means: a minor part
k = 5, null-corrected: δ_run,c +0.00304 [+0.00264, +0.00344]  δ_within,c +0.00253 [+0.00220, +0.00288]  δ_pool,c +0.00047 [+0.00036, +0.00059]  δ_means,c +0.00003 [+0.00002, +0.00005]  δ_eps,c +0.00001 [-0.00002, +0.00003]; shares within +0.833, pool +0.155, means +0.011, eps +0.002; labels within: most, pool: a minor part, means: a minor part
(b) Apportioning. gate passed: the CI of δ_run,c lies above zero in every configuration; ε check passed in every configuration (|ε_c| ≤ δ_run,c / 10); validity from the controls: control (i) shares pool +0.090, means +0.019; control (ii) share within +0.303. Read: δ_within: most; δ_pool: a minor part; δ_means: a minor part.

(c) Reading: δ_within most: the signature is present inside 2-minute windows, where pooling across windows cannot act. The candidates are common slow drive or lagged coupling (not separable at τ = 1), non-stationarity faster than 2 minutes, or a within-window finite-sample effect that the null as specified does not reproduce. Pooling is not the principal account.

(d) δ_60 with the run-level sign, data +0.00245 [+0.00212, +0.00281], null (primary) +0.00017 ± 0.00003; partB10's window-sign value, data +0.00611, null (primary) +0.00352 ± 0.00003. The 10:32 UTC W = 60 reading, as recorded: "comparable to the run-level +0.00340 (ratio 1.80, within a factor of two): a stationary mechanism is indicated and pooling is not distinguished by run length"; superseded for the reasons of the correction note of 16 Sep 2026 (the window's sign selects on the same samples; the null's W = 60 value was read at a different q̂ density; the ratio compares two differently biased statistics).

(e) Run type (rule applied at the primary configuration k = 0; the others reported). k = 0: DMT − placebo per subject, null-corrected: δ_pool,c +0.00039 (sign-flip p = 0.0006, positive in 12/14) → pooling is larger on the DMT run: +0.00039, 0.11 of the DMT-run δ_run,c (+0.00349); δ_within,c +0.00052 (p = 0.1368), δ_means,c +0.00005 (p = 0.0112) (no rule) | k = 1: DMT − placebo per subject, null-corrected: δ_pool,c +0.00037 (sign-flip p = 0.0007, positive in 12/14) → pooling is larger on the DMT run: +0.00037, 0.11 of the DMT-run δ_run,c (+0.00352); δ_within,c +0.00037 (p = 0.2710), δ_means,c +0.00004 (p = 0.0189) (no rule) | k = 2: DMT − placebo per subject, null-corrected: δ_pool,c +0.00039 (sign-flip p = 0.0006, positive in 12/14) → pooling is larger on the DMT run: +0.00039, 0.11 of the DMT-run δ_run,c (+0.00355); δ_within,c +0.00047 (p = 0.1764), δ_means,c +0.00003 (p = 0.0795) (no rule) | k = 3: DMT − placebo per subject, null-corrected: δ_pool,c +0.00041 (sign-flip p = 0.0005, positive in 12/14) → pooling is larger on the DMT run: +0.00041, 0.12 of the DMT-run δ_run,c (+0.00336); δ_within,c +0.00037 (p = 0.2738), δ_means,c +0.00002 (p = 0.2560) (no rule) | k = 4: DMT − placebo per subject, null-corrected: δ_pool,c +0.00037 (sign-flip p = 0.0007, positive in 12/14) → pooling is larger on the DMT run: +0.00037, 0.11 of the DMT-run δ_run,c (+0.00349); δ_within,c +0.00038 (p = 0.2678), δ_means,c +0.00003 (p = 0.1044) (no rule) | k = 5: DMT − placebo per subject, null-corrected: δ_pool,c +0.00040 (sign-flip p = 0.0005, positive in 12/14) → pooling is larger on the DMT run: +0.00040, 0.11 of the DMT-run δ_run,c (+0.00354); δ_within,c +0.00052 (p = 0.1389), δ_means,c +0.00004 (p = 0.0157) (no rule)

(f) ts_demean, data only (no null; not read): δ_run -0.00262 [-0.00495, -0.00037]  δ_wd -0.00262 [-0.00495, -0.00037]  δ_means +0.00000 [-0.00001, +0.00002]  δ_within -0.00226 [-0.00428, -0.00034]  δ_pool -0.00030 [-0.00069, +0.00001]  δ_eps -0.00005 [-0.00011, +0.00000]  δ_d60 -0.00274 [-0.00478, -0.00079]  δ_d60_winsign +0.00160 [-0.00019, +0.00326]

done in 314 s
wrote /home/vilalius/dmt-phiid/notes/review_results/partB/crosslag_budget_null_tables.md and crosslag_budget_null.csv
=== 2026-09-26 22:45:31  notes/partB20_regional_partial.py   -> notes/review_results/partB/regional_partial_run.log
git=c25a310
# The regional sts and sts − rtr maps with regional r₁ partialled out (partB20_regional_partial.py)
git=c25a310

Group maps from regional_sts_r1.csv (partB11: placebo run, pre-injection; ts_gsr; 115 regions); OLS with intercept on regional r₁ (windowed W = 60 windows 1–4; whole-span TRs 0–239 as a sensitivity); Yeo-7 networks from the parcel names, the 16 subcortical parcels as one class; sensory = Vis + SomMot (31 parcels), association = Default + Cont (37 parcels). No spin test (the maps are algebraically linked). Seed 20261120.

## sts map on regional r₁ (windowed)

Slope +3.0887 nats per unit r₁ (r² = 0.745); SD across regions of the map 0.0447, of the residual map 0.0226.
Sensory − association contrast: before partialling -0.0202 nats (-0.45 map SD); after partialling +0.0037 nats (+0.16 residual-map SD); the same contrast of r₁ itself -0.0078.

| network | n | map mean | residual mean | r₁ mean |
|---|---|---|---|---|
| Vis | 17 | +1.2837 | +0.0102 | 0.8403 |
| SomMot | 14 | +1.2931 | -0.0082 | 0.8493 |
| DorsAttn | 14 | +1.3082 | +0.0207 | 0.8449 |
| SalVentAttn | 12 | +1.3003 | -0.0000 | 0.8490 |
| Limbic | 5 | +1.3194 | +0.0191 | 0.8490 |
| Cont | 13 | +1.3238 | -0.0078 | 0.8591 |
| Default | 24 | +1.2998 | +0.0015 | 0.8484 |
| Subcortex | 16 | +1.2143 | -0.0235 | 0.8288 |

## sts map on regional r₁ (whole-span)

Slope +2.9095 nats per unit r₁ (r² = 0.825); SD across regions of the map 0.0447, of the residual map 0.0187.
Sensory − association contrast: before partialling -0.0202 nats (-0.45 map SD); after partialling +0.0060 nats (+0.32 residual-map SD); the same contrast of r₁ itself -0.0090.

| network | n | map mean | residual mean | r₁ mean |
|---|---|---|---|---|
| Vis | 17 | +1.2837 | +0.0094 | 0.8566 |
| SomMot | 14 | +1.2931 | -0.0069 | 0.8655 |
| DorsAttn | 14 | +1.3082 | +0.0107 | 0.8646 |
| SalVentAttn | 12 | +1.3003 | +0.0014 | 0.8651 |
| Limbic | 5 | +1.3194 | +0.0236 | 0.8640 |
| Cont | 13 | +1.3238 | -0.0107 | 0.8773 |
| Default | 24 | +1.2998 | -0.0003 | 0.8655 |
| Subcortex | 16 | +1.2143 | -0.0126 | 0.8404 |

## sts − rtr map on regional r₁ (windowed)

Slope +2.5906 nats per unit r₁ (r² = 0.628); SD across regions of the map 0.0408, of the residual map 0.0249.
Sensory − association contrast: before partialling -0.0215 nats (-0.53 map SD); after partialling -0.0014 nats (-0.06 residual-map SD); the same contrast of r₁ itself -0.0078.

| network | n | map mean | residual mean | r₁ mean |
|---|---|---|---|---|
| Vis | 17 | +1.2593 | +0.0058 | 0.8403 |
| SomMot | 14 | +1.2618 | -0.0150 | 0.8493 |
| DorsAttn | 14 | +1.2871 | +0.0218 | 0.8449 |
| SalVentAttn | 12 | +1.2790 | +0.0030 | 0.8490 |
| Limbic | 5 | +1.3086 | +0.0325 | 0.8490 |
| Cont | 13 | +1.2944 | -0.0078 | 0.8591 |
| Default | 24 | +1.2752 | +0.0009 | 0.8484 |
| Subcortex | 16 | +1.2042 | -0.0195 | 0.8288 |

## sts − rtr map on regional r₁ (whole-span)

Slope +2.4479 nats per unit r₁ (r² = 0.700); SD across regions of the map 0.0408, of the residual map 0.0224.
Sensory − association contrast: before partialling -0.0215 nats (-0.53 map SD); after partialling +0.0006 nats (+0.02 residual-map SD); the same contrast of r₁ itself -0.0090.

| network | n | map mean | residual mean | r₁ mean |
|---|---|---|---|---|
| Vis | 17 | +1.2593 | +0.0051 | 0.8566 |
| SomMot | 14 | +1.2618 | -0.0140 | 0.8655 |
| DorsAttn | 14 | +1.2871 | +0.0134 | 0.8646 |
| SalVentAttn | 12 | +1.2790 | +0.0042 | 0.8651 |
| Limbic | 5 | +1.3086 | +0.0363 | 0.8640 |
| Cont | 13 | +1.2944 | -0.0103 | 0.8773 |
| Default | 24 | +1.2752 | -0.0006 | 0.8655 |
| Subcortex | 16 | +1.2042 | -0.0101 | 0.8404 |

## Per-subject version (regional sts from results/regional_atoms_bins, placebo bins 1–8; regional r₁ recomputed as partB11, placebo windows 1–4)

| map | contrast before partialling (mean ± SD over subjects; sign-flip p) | contrast after partialling (mean ± SD; p) | mean slope | mean r² |
|---|---|---|---|---|
| sts | -0.0202 ± 0.0243; p = 0.0062 | +0.0007 ± 0.0203; p = 0.8992 | +2.6450 | 0.576 |
| sts − rtr | -0.0215 ± 0.0233; p = 0.0035 | -0.0021 ± 0.0207; p = 0.7135 | +2.4267 | 0.511 |

Prediction recorded (plan §5, B20): the residual map's sensory–association contrast is reduced; its sign is not predicted. Rule: reported as the partialled map; no spin test.
done (1s)
=== 2026-09-26 22:45:32  notes/partB21_inference_revision.py   -> notes/review_results/partB/inference_revision_run.log
git=c25a310
   (a)(i): 738 pickle rows (132s)
   (a)(ii): Engine recomputations done (138s)
   (a)(iii): saved per-subject quantities done (167s)
   (b)–(d) done (169s)
# Inverted sign-flip intervals, the residual against its calibrated expectations, the per-subject regressions and the correlation intervals (partB21_inference_revision.py)
git=c25a310

Exploratory (decision D1): effect sizes and intervals; no threshold language. N = 14 subjects; the exact sign-flip test over 2^14 assignments, two-sided; the inverted interval {μ : p(μ) > 0.05} of notes/rev_inference_inverted.py (relative tolerance 1e-12; bounds bisected to 1e-7 after a 2,001-point monotonicity grid); the t interval mean ± t(0.975, 13)·SD/√14; the percentile interval as committed. Seed 20261120.

Checks: 1025 run, 0 failed.
Mode: full (the .mat and FDlong.mat present).

## (a) Summary

Quantities: 932 (738 pickle rows, 36 Engine recomputations, 158 other saved per-subject quantities); 10 of them matched to an interval quoted in draft_v2.md, S1–S5 Text or supplementary.md.
Width of the inverted interval over the committed percentile interval (932 quantities with a committed interval): median 1.143, quartiles 1.127–1.156, range 1.039–1.288; share with a ratio in 1.05–1.20: 0.997, below 1.05: 0.001, above 1.20: 0.002.
   checks: 1025 run, 0 failed
done (169s)
=== 2026-09-26 22:48:22  notes/partB22_aligned_directed.py   -> notes/review_results/partB/aligned_directed_run.log
git=c25a310
   ts_gsr: subject 1/14 done (2s)
   ts_gsr: subject 2/14 done (3s)
   ts_gsr: subject 3/14 done (5s)
   ts_gsr: subject 4/14 done (6s)
   ts_gsr: subject 5/14 done (7s)
   ts_gsr: subject 6/14 done (9s)
   ts_gsr: subject 7/14 done (10s)
   ts_gsr: subject 8/14 done (11s)
   ts_gsr: subject 9/14 done (13s)
   ts_gsr: subject 10/14 done (14s)
   ts_gsr: subject 11/14 done (16s)
   ts_gsr: subject 12/14 done (17s)
   ts_gsr: subject 13/14 done (19s)
   ts_gsr: subject 14/14 done (22s)
   ts_demean: subject 1/14 done (31s)
   ts_demean: subject 2/14 done (33s)
   ts_demean: subject 3/14 done (35s)
   ts_demean: subject 4/14 done (37s)
   ts_demean: subject 5/14 done (40s)
   ts_demean: subject 6/14 done (42s)
   ts_demean: subject 7/14 done (44s)
   ts_demean: subject 8/14 done (46s)
   ts_demean: subject 9/14 done (48s)
   ts_demean: subject 10/14 done (50s)
   ts_demean: subject 11/14 done (52s)
   ts_demean: subject 12/14 done (53s)
   ts_demean: subject 13/14 done (55s)
   ts_demean: subject 14/14 done (56s)
# The aligned and directed cross-lag statistics without selection, the per-SD exchange rate and the network spin test (partB22_aligned_directed.py)
git=c25a310

Exploratory; no threshold language. Per subject, run and W = 60 window, over the 6,555 pairs (region 20 excluded; non-finite TRs dropped as scripts/01): partB15's deviations of the window's 4 × 4 matrix. A_other = mean of sign(q̄_other)·δ_sym, q̄_other the pair's lag-0 correlation over the whole other run of the same subject; A_same with the whole same run's q̄; the window-sign statistic takes the sign of the window's own q (partB15, selected on the same samples). B = OLS slope of δ_sym on q across pairs. D and Sym = the closed-form response of the pair-mean sts to δ_anti alone and to δ_sym alone (partB15's response). Level = DMT windows 1–4; change = windows 6–14 minus 1–4; DiD = DMT minus placebo. Each cell: mean over subjects [inverted sign-flip 95 % interval], exact sign-flip p, negative/14.

## ts_gsr: (a)–(c) the per-window statistics

Pairs whose sign of q̄ differs between the two runs: mean share over subjects 0.209 (min 0.161, max 0.287).

| statistic | DMT pre-injection level | DMT post − pre | placebo post − pre | DiD |
|---|---|---|---|---|
| A_other (sign from the other run) | +0.00196 [+0.00124, +0.00268], p = 0.0002, 1 | -0.00028 [-0.00132, +0.00076], p = 0.5717, 7 | +0.00032 [-0.00037, +0.00101], p = 0.3280, 6 | -0.00059 [-0.00166, +0.00041], p = 0.2679, 9 |
| A_same (sign from the same run) | +0.00265 [+0.00181, +0.00349], p = 0.0001, 0 | +0.00002 [-0.00124, +0.00128], p = 0.9779, 7 | +0.00092 [-0.00005, +0.00189], p = 0.0612, 4 | -0.00090 [-0.00238, +0.00052], p = 0.2144, 10 |
| window-sign statistic (selected; partB15) | +0.00642 [+0.00505, +0.00770], p = 0.0001, 0 | -0.00044 [-0.00199, +0.00120], p = 0.5699, 10 | +0.00075 [-0.00052, +0.00204], p = 0.2231, 6 | -0.00119 [-0.00314, +0.00083], p = 0.2233, 10 |
| B, slope of δ_sym on q | +0.02019 [+0.01616, +0.02394], p = 0.0001, 0 | +0.00022 [-0.00421, +0.00486], p = 0.9198, 8 | +0.00255 [-0.00117, +0.00629], p = 0.1589, 6 | -0.00233 [-0.00837, +0.00387], p = 0.4226, 7 |
| D, response to δ_anti alone | -0.03823 [-0.04012, -0.03659], p = 0.0001, 14 | +0.00127 [-0.00062, +0.00335], p = 0.2274, 4 | +0.00016 [-0.00266, +0.00316], p = 0.9081, 9 | +0.00111 [-0.00332, +0.00518], p = 0.6143, 4 |
| Sym, response to δ_sym alone | -0.01338 [-0.01921, -0.00744], p = 0.0007, 12 | +0.00635 [-0.00114, +0.01368], p = 0.0869, 3 | -0.00398 [-0.00971, +0.00170], p = 0.1547, 10 | +0.01034 [+0.00138, +0.01943], p = 0.0266, 3 |
| D + Sym | -0.05161 [-0.05727, -0.04586], p = 0.0001, 14 | +0.00762 [-0.00065, +0.01578], p = 0.0670, 4 | -0.00383 [-0.00947, +0.00182], p = 0.1638, 10 | +0.01145 [+0.00101, +0.02192], p = 0.0342, 4 |
| response to both (reference) | -0.05357 [-0.05964, -0.04745], p = 0.0001, 14 | +0.00789 [-0.00095, +0.01658], p = 0.0735, 4 | -0.00408 [-0.01008, +0.00191], p = 0.1625, 10 | +0.01197 [+0.00091, +0.02309], p = 0.0360, 4 |
| RMS δ_anti | +0.10805 [+0.10271, +0.11348], p = 0.0001, 0 | +0.00417 [-0.00076, +0.00905], p = 0.0873, 4 | -0.00213 [-0.00723, +0.00295], p = 0.3828, 9 | +0.00631 [-0.00091, +0.01365], p = 0.0829, 6 |
| residual (observed − AR(1)-substituted sts) | -0.05302 [-0.05911, -0.04686], p = 0.0001, 14 | +0.00771 [-0.00112, +0.01643], p = 0.0797, 4 | -0.00382 [-0.00986, +0.00220], p = 0.1929, 10 | +0.01153 [+0.00046, +0.02265], p = 0.0422, 4 |

The residual DiD +0.01153 beside the DiD of D + Sym +0.01145 (their difference +0.00008: the lag-0 substitution and the non-additivity of the two responses).

## ts_gsr: (d) the per-SD exchange rate and the within-window regression

Within windows (the 112 pre-injection windows, windows 1–4 of both runs): mean between-pair SD of r₁ 0.0284, of |q| 0.1957; ratio (6.0705 × SD_r₁)/(0.1892 × SD_|q|) 4.66 (mean of the per-window ratios 4.69).
Group level (each pair averaged over the 14 subjects × 8 pre windows first; 112 windows): SD over the 6,555 pairs of r₁ 0.0082, of |q| 0.0799; ratio 3.28.
Within-window OLS of pair sts on (r₁, |q|, |a_x − a_y|) over 392 windows: mean unstandardised partial slopes +5.126 per unit r₁, -0.528 per unit |q|, -2.707 per unit |a_x − a_y|; mean standardised coefficients +0.661, -0.463, -0.426 (exchange_rates_tables.md (b): +0.661, -0.463, -0.426).

## ts_demean: (a)–(c) the per-window statistics

Pairs whose sign of q̄ differs between the two runs: mean share over subjects 0.186 (min 0.024, max 0.295).

| statistic | DMT pre-injection level | DMT post − pre | placebo post − pre | DiD |
|---|---|---|---|---|
| A_other (sign from the other run) | -0.00251 [-0.00458, -0.00047], p = 0.0221, 10 | -0.00019 [-0.00223, +0.00187], p = 0.8475, 8 | +0.00230 [+0.00031, +0.00436], p = 0.0245, 3 | -0.00249 [-0.00474, -0.00026], p = 0.0282, 11 |
| A_same (sign from the same run) | -0.00355 [-0.00604, -0.00106], p = 0.0043, 12 | +0.00006 [-0.00217, +0.00227], p = 0.9564, 7 | +0.00218 [+0.00020, +0.00417], p = 0.0289, 5 | -0.00212 [-0.00425, -0.00004], p = 0.0453, 10 |
| window-sign statistic (selected; partB15) | +0.00200 [-0.00025, +0.00424], p = 0.0760, 4 | -0.00176 [-0.00478, +0.00138], p = 0.2561, 9 | +0.00214 [+0.00022, +0.00407], p = 0.0321, 4 | -0.00390 [-0.00677, -0.00101], p = 0.0128, 12 |
| B, slope of δ_sym on q | +0.02441 [+0.01898, +0.02937], p = 0.0002, 1 | -0.00074 [-0.00674, +0.00536], p = 0.7946, 8 | -0.00037 [-0.00418, +0.00345], p = 0.8351, 9 | -0.00037 [-0.00814, +0.00747], p = 0.9203, 6 |
| D, response to δ_anti alone | -0.04231 [-0.04533, -0.03947], p = 0.0001, 14 | -0.00239 [-0.00608, +0.00123], p = 0.1887, 9 | -0.00096 [-0.00349, +0.00155], p = 0.4235, 8 | -0.00143 [-0.00613, +0.00327], p = 0.5184, 7 |
| Sym, response to δ_sym alone | +0.00252 [-0.00658, +0.01099], p = 0.5665, 5 | +0.00904 [-0.00317, +0.02124], p = 0.1382, 4 | -0.00956 [-0.01918, -0.00010], p = 0.0485, 10 | +0.01860 [+0.00698, +0.03041], p = 0.0048, 3 |
| D + Sym | -0.03979 [-0.04760, -0.03263], p = 0.0001, 14 | +0.00665 [-0.00509, +0.01836], p = 0.2458, 4 | -0.01052 [-0.01962, -0.00154], p = 0.0243, 11 | +0.01717 [+0.00696, +0.02744], p = 0.0038, 2 |
| response to both (reference) | -0.04047 [-0.04884, -0.03272], p = 0.0001, 14 | +0.00729 [-0.00541, +0.02000], p = 0.2410, 4 | -0.01127 [-0.02103, -0.00166], p = 0.0245, 11 | +0.01856 [+0.00750, +0.02964], p = 0.0034, 2 |
| RMS δ_anti | +0.11211 [+0.10687, +0.11727], p = 0.0001, 0 | +0.00261 [-0.00207, +0.00731], p = 0.2451, 6 | -0.00091 [-0.00652, +0.00471], p = 0.7211, 7 | +0.00352 [-0.00356, +0.01064], p = 0.2977, 5 |
| residual (observed − AR(1)-substituted sts) | -0.03987 [-0.04814, -0.03221], p = 0.0001, 14 | +0.00723 [-0.00543, +0.01987], p = 0.2426, 5 | -0.01100 [-0.02072, -0.00144], p = 0.0269, 11 | +0.01823 [+0.00716, +0.02932], p = 0.0040, 2 |

The residual DiD +0.01823 beside the DiD of D + Sym +0.01717 (their difference +0.00106: the lag-0 substitution and the non-additivity of the two responses).

## ts_demean: (d) the per-SD exchange rate and the within-window regression

Within windows (the 112 pre-injection windows, windows 1–4 of both runs): mean between-pair SD of r₁ 0.0294, of |q| 0.2087; ratio (6.0705 × SD_r₁)/(0.1892 × SD_|q|) 4.52 (mean of the per-window ratios 4.56).
Group level (each pair averaged over the 14 subjects × 8 pre windows first; 112 windows): SD over the 6,555 pairs of r₁ 0.0081, of |q| 0.1039; ratio 2.51.
Within-window OLS of pair sts on (r₁, |q|, |a_x − a_y|) over 392 windows: mean unstandardised partial slopes +4.523 per unit r₁, -0.506 per unit |q|, -2.583 per unit |a_x − a_y|; mean standardised coefficients +0.594, -0.476, -0.413 (exchange_rates_tables.md (b): +0.594, -0.476, -0.413).

## (e) Spin test of the network structure of the regional maps (regional_partial.csv; eight classes: the seven Yeo networks and the subcortex)

| map | one-way F (8 classes) | spin p (F_spin ≥ F_obs) | SomMot − Default | spin p, two-sided | Vis − Default | spin p, two-sided | rotations | regions |
|---|---|---|---|---|---|---|---|---|
| sts (unpartialled) | 16.933 | 0.0564 | -0.00665 | 0.6107 | -0.01606 | 0.1990 | 10000 | 115 |
| sts with regional r₁ partialled out (sts_resid_win) | 8.146 | 0.0009 | -0.00965 | 0.2240 | +0.00875 | 0.3089 | 10000 | 115 |

Rotations: perm_id of the Schaefer-100 rotation file, one direction (the classes are fixed labels); region 20's missing value moves with its parcel and is dropped wherever it lands; the 16 subcortical values are not rotated.

## Checks

22 checks run, 0 failed.
- ok: the copy of notes/partB15_directed_crosslag.py l. 70–92 is verbatim (|difference| 0, tolerance 0)
- ok: (d) ∂sts/∂r₁ at (0.85, 0.25) = 6.0705 (|difference| 0, tolerance 1e-09)
- ok: (d) ∂sts/∂q at (0.85, 0.25) = −0.1892 (|difference| 0, tolerance 1e-09)
- ok: ts_gsr residual per window = diag_series res (|difference| 0, tolerance 1e-10)
- ok: ts_gsr winsign run means = crosslag_deviation.csv w60_signq_weighted_mean_deviation (|difference| 1.73e-18, tolerance 1e-10)
- ok: ts_gsr B run means = crosslag_deviation.csv w60_slope_deviation_on_q (|difference| 1.39e-17, tolerance 1e-10)
- ok: ts_gsr winsign DiD = directed_crosslag_tables.md (5 decimals) (|difference| 6.65e-07, tolerance 5e-06)
- ok: ts_gsr winsign DiD sign-flip p = directed_crosslag_tables.md (4 decimals) (|difference| 3.34e-05, tolerance 5e-05)
- ok: ts_gsr rms_anti DiD = directed_crosslag_tables.md (5 decimals) (|difference| 3.09e-06, tolerance 5e-06)
- ok: ts_gsr rms_anti DiD sign-flip p = directed_crosslag_tables.md (4 decimals) (|difference| 1.43e-05, tolerance 5e-05)
- ok: ts_gsr (d) mean standardised coefficients = exchange_rates_tables.md (b) (3 decimals) (|difference| 0.000404, tolerance 0.0005)
- ok: ts_demean residual per window = diag_series res (|difference| 0, tolerance 1e-10)
- ok: ts_demean winsign run means = crosslag_deviation.csv w60_signq_weighted_mean_deviation (|difference| 1.73e-18, tolerance 1e-10)
- ok: ts_demean B run means = crosslag_deviation.csv w60_slope_deviation_on_q (|difference| 2.08e-17, tolerance 1e-10)
- ok: ts_demean winsign DiD = directed_crosslag_tables.md (5 decimals) (|difference| 2.77e-06, tolerance 5e-06)
- ok: ts_demean winsign DiD sign-flip p = directed_crosslag_tables.md (4 decimals) (|difference| 1.74e-05, tolerance 5e-05)
- ok: ts_demean rms_anti DiD = directed_crosslag_tables.md (5 decimals) (|difference| 2.6e-07, tolerance 5e-06)
- ok: ts_demean rms_anti DiD sign-flip p = directed_crosslag_tables.md (4 decimals) (|difference| 2.95e-05, tolerance 5e-05)
- ok: ts_demean (d) mean standardised coefficients = exchange_rates_tables.md (b) (3 decimals) (|difference| 0.000444, tolerance 0.0005)
- ok: (e) the network column of regional_partial.csv = the LUT class of each cortical parcel (|difference| 0, tolerance 0)
- ok: (e) identity rotation = the direct class means (|difference| 2.22e-16, tolerance 1e-12)
- ok: (e) identity rotation = the direct class means (|difference| 2.6e-18, tolerance 1e-12)

## Predictions and rule (pre-run entry, B22)

Predictions: (a) ts_gsr A_other level +0.001 to +0.004, DiD −0.003 to +0.001; ts_demean level −0.001 to −0.004, DiD −0.005 to 0; A_same near A_other; ts_gsr level below the window-sign +0.0061 and near the run-sign +0.00245; ts_demean level of the sign of δ_run (−0.0026). (b) B level about +0.020 (ts_gsr) and +0.024 (ts_demean); the DiD negative if a shared slow structure weakened, near B24's expectation if not. (c) D DiD −0.002 to −0.006 on ts_gsr; the directed part lowers the residual DiD; Sym's DiD exceeds the residual DiD. (d) within windows SD r₁ 0.025–0.035, SD |q| 0.18–0.22, ratio 4–6; group level 0.010–0.016, 0.12–0.18, 2–4; unstandardised slopes +5 to +6 per r₁, −0.40 to −0.55 per |q|, −3 to −5 per asymmetry. (e) spin p < 0.05 for the unpartialled F; 0.01–0.3 for the residual F; > 0.05 for both contrasts (the last two uncertain).
Rule: A_other reported, A_same and B beside it; the DiDs read against B24's (quoted) and B23 (b)'s expectations and converted to residual-DiD equivalents with B23's two aligned conversions, in the outcome entry; (d) replaces the per-SD ratio of the abstract and Results 1; (e) decides the network-structure statement.
   checks: 22 run, 0 failed
done (64s)
=== 2026-09-26 22:49:26  notes/partB23_diagnostic_alternatives.py   -> notes/review_results/partB/diagnostic_alternatives_run.log
git=c25a310
/home/vilalius/dmt-phiid/notes/partB23_diagnostic_alternatives.py:174: RuntimeWarning: The iteration is not making good progress, as measured by the 
 improvement from the last ten iterations.
  x2 = fsolve(f, x, xtol=1e-14)
/home/vilalius/dmt-phiid/notes/partB23_diagnostic_alternatives.py:174: RuntimeWarning: xtol=0.000000 is too small, no further improvement in the approximate
 solution is possible.
  x2 = fsolve(f, x, xtol=1e-14)
   (a) done (27s)
   (b) (i) Δa = −0.015 done (38s)
   (b) (a1) δ = +0.02 done (39s)
   (b) (a1) δ = −0.02 done (40s)
   (b) (a2) δ = +0.01 × sign(q) done (41s)
   (b) (a2) δ = −0.01 × sign(q) done (42s)
   (b) (a3) c = +0.02, r₁ and q held done (43s)
   (b) (a4) c = +0.02, B17's construction done (44s)
   (b) (a4) c = -0.02, B17's construction done (45s)
   (b) done (48s)
   (c) done (57s)
   (e) done (58s)
# The residual's response to the alternatives of the direction argument, CCS-sts against autocorrelation, exposure across datasets and the unequal-coefficient grid (partB23_diagnostic_alternatives.py)
git=c25a310

No data. Seed 20261120, one generator, parts (a)–(f) in order; scale 1/1. residual = pool mean of sts(true matrix) − sts(AR(1) matrix of the measured a_x, a_y and q) (partB4's substitution). q pool: 20000 draws of N(0, 0.3424) clipped to ±0.8.
Checks: 63 run, 0 failed.


## (a) Population residual changes, closed form (pool means; the unperturbed residual is 0 on the AR(1) family)

### a = 0.85

| alternative | perturbation | residual change | share excluded (not positive definite) | notes |
|---|---|---|---|---|
| (a1) δ at fixed (a, q) | δ = +0.005 | +0.00105 | 0.0000 | |
| (a1) δ at fixed (a, q) | δ = -0.005 | +0.00073 | 0.0000 | |
| (a1) δ at fixed (a, q) | δ = +0.010 | +0.00393 | 0.0000 | |
| (a1) δ at fixed (a, q) | δ = -0.010 | +0.00329 | 0.0000 | |
| (a1) δ at fixed (a, q) | δ = +0.020 | +0.01609 | 0.0000 | |
| (a1) δ at fixed (a, q) | δ = -0.020 | +0.01482 | 0.0000 | |
| (a2) δ·sign(q) | δ = +0.005 × sign(q) | -0.01201 | 0.0000 | |
| (a2) δ·sign(q) | δ = -0.005 × sign(q) | +0.01379 | 0.0000 | |
| (a2) δ·sign(q) | δ = +0.010 × sign(q) | -0.02245 | 0.0000 | |
| (a2) δ·sign(q) | δ = -0.010 × sign(q) | +0.02968 | 0.0000 | |
| (a2) δ·sign(q) | δ = +0.020 × sign(q) | -0.03925 | 0.0000 | |
| (a2) δ·sign(q) | δ = -0.020 × sign(q) | +0.07015 | 0.0000 | |
| (a3) coupled family, r₁ and q held | c = +0.01 | +0.00237 | 0.0000 | grid step 0.001; step doubled: +0.00237 (difference 1.6e-16) |
| (a3) coupled family, r₁ and q held | c = +0.01 × sign(q) | -0.01671 | 0.0000 | grid step 0.001; step doubled: -0.01671 (difference 5.1e-15) |
| (a3) coupled family, r₁ and q held | c = -0.01 | +0.00188 | 0.0000 | grid step 0.001; step doubled: +0.00188 (difference 2.9e-16) |
| (a3) coupled family, r₁ and q held | c = -0.01 × sign(q) | +0.02097 | 0.0000 | grid step 0.001; step doubled: +0.02097 (difference 4.9e-15) |
| (a3) coupled family, r₁ and q held | c = +0.02 | +0.00912 | 0.0000 | grid step 0.001; step doubled: +0.00912 (difference 1.2e-16) |
| (a3) coupled family, r₁ and q held | c = +0.02 × sign(q) | -0.02960 | 0.0000 | grid step 0.001; step doubled: -0.02960 (difference 1.0e-14) |
| (a3) coupled family, r₁ and q held | c = -0.02 | +0.00813 | 0.0000 | grid step 0.001; step doubled: +0.00813 (difference 7.5e-16) |
| (a3) coupled family, r₁ and q held | c = -0.02 × sign(q) | +0.04684 | 0.0000 | grid step 0.001; step doubled: +0.04684 (difference 9.7e-15) |

(a4) B17's construction at a = 0.85: A = [[a, c], [c, a]], unit innovations with correlation q (the c = 0 lag-0 correlation).

| c | Δr₁ | Δ mean q | Δ mean \|q\| | mean δ_sym | residual change | residual / (mean δ_sym)² |
|---|---|---|---|---|---|---|
| +0.01 | +0.00051 | +0.05437 | +0.00320 | +0.00885 | -0.00190 | -24.28 |
| +0.02 | +0.00211 | +0.10899 | +0.01320 | +0.01755 | -0.00815 | -26.45 |
| +0.03 | +0.00482 | +0.16409 | +0.03016 | +0.02597 | -0.01893 | -28.08 |
| -0.02 | +0.00225 | -0.10891 | +0.01488 | -0.01753 | -0.00913 | -29.71 |

(a5) shared slow component at a = 0.85 (λ = |q|, a_n = a − 0.06λ, a_s = a_n + 0.06): base residual -0.02724, base mean(sign(q)·δ_sym) +0.00950.

| change | Δr₁ | Δ mean(sign(q)·δ_sym) | residual change | residual change / Δr₁ | share excluded |
|---|---|---|---|---|---|
| Δa_s = −0.01 | -0.00272 | -0.00158 | +0.00466 | -1.716 | 0.0000 |
| Δa_s = −0.02 | -0.00543 | -0.00317 | +0.00928 | -1.708 | 0.0000 |
| Δa_s = −0.03 | -0.00815 | -0.00475 | +0.01385 | -1.700 | 0.0000 |
| λ → 0.9λ | -0.00163 | -0.00034 | +0.00471 | -2.892 | 0.0000 |

(a6) pure Δa = −0.015 at a = 0.85: largest |residual| over the pool 0.0e+00.

### a = 0.8632

| alternative | perturbation | residual change | share excluded (not positive definite) | notes |
|---|---|---|---|---|
| (a1) δ at fixed (a, q) | δ = +0.005 | +0.00126 | 0.0000 | |
| (a1) δ at fixed (a, q) | δ = -0.005 | +0.00091 | 0.0000 | |
| (a1) δ at fixed (a, q) | δ = +0.010 | +0.00476 | 0.0000 | |
| (a1) δ at fixed (a, q) | δ = -0.010 | +0.00407 | 0.0000 | |
| (a1) δ at fixed (a, q) | δ = +0.020 | +0.01994 | 0.0000 | |
| (a1) δ at fixed (a, q) | δ = -0.020 | +0.01856 | 0.0000 | |
| (a2) δ·sign(q) | δ = +0.005 × sign(q) | -0.01307 | 0.0000 | |
| (a2) δ·sign(q) | δ = -0.005 × sign(q) | +0.01524 | 0.0000 | |
| (a2) δ·sign(q) | δ = +0.010 × sign(q) | -0.02425 | 0.0000 | |
| (a2) δ·sign(q) | δ = -0.010 × sign(q) | +0.03308 | 0.0000 | |
| (a2) δ·sign(q) | δ = +0.020 × sign(q) | -0.04170 | 0.0000 | |
| (a2) δ·sign(q) | δ = -0.020 × sign(q) | +0.08019 | 0.0000 | |
| (a3) coupled family, r₁ and q held | c = +0.01 | +0.00287 | 0.0000 | grid step 0.001; step doubled: +0.00287 (difference 1.8e-16) |
| (a3) coupled family, r₁ and q held | c = +0.01 × sign(q) | -0.01807 | 0.0000 | grid step 0.001; step doubled: -0.01807 (difference 5.3e-15) |
| (a3) coupled family, r₁ and q held | c = -0.01 | +0.00234 | 0.0000 | grid step 0.001; step doubled: +0.00234 (difference 2.9e-16) |
| (a3) coupled family, r₁ and q held | c = -0.01 × sign(q) | +0.02328 | 0.0000 | grid step 0.001; step doubled: +0.02328 (difference 5.2e-15) |
| (a3) coupled family, r₁ and q held | c = +0.02 | +0.01112 | 0.0000 | grid step 0.001; step doubled: +0.01112 (difference 1.8e-16) |
| (a3) coupled family, r₁ and q held | c = +0.02 × sign(q) | -0.03149 | 0.0000 | grid step 0.001; step doubled: -0.03149 (difference 1.1e-14) |
| (a3) coupled family, r₁ and q held | c = -0.02 | +0.01002 | 0.0000 | grid step 0.001; step doubled: +0.01002 (difference 7.4e-16) |
| (a3) coupled family, r₁ and q held | c = -0.02 × sign(q) | +0.05263 | 0.0000 | grid step 0.001; step doubled: +0.05263 (difference 1.0e-14) |

(a4) B17's construction at a = 0.8632: A = [[a, c], [c, a]], unit innovations with correlation q (the c = 0 lag-0 correlation).

| c | Δr₁ | Δ mean q | Δ mean \|q\| | mean δ_sym | residual change | residual / (mean δ_sym)² |
|---|---|---|---|---|---|---|
| +0.01 | +0.00057 | +0.06012 | +0.00393 | +0.00884 | -0.00230 | -29.48 |
| +0.02 | +0.00234 | +0.12056 | +0.01623 | +0.01751 | -0.00984 | -32.09 |
| +0.03 | +0.00534 | +0.18162 | +0.03698 | +0.02582 | -0.02287 | -34.31 |
| -0.02 | +0.00248 | -0.12046 | +0.01809 | -0.01748 | -0.01091 | -35.70 |

(a5) shared slow component at a = 0.8632 (λ = |q|, a_n = a − 0.06λ, a_s = a_n + 0.06): base residual -0.02942, base mean(sign(q)·δ_sym) +0.00950.

| change | Δr₁ | Δ mean(sign(q)·δ_sym) | residual change | residual change / Δr₁ | share excluded |
|---|---|---|---|---|---|
| Δa_s = −0.01 | -0.00272 | -0.00158 | +0.00502 | -1.850 | 0.0000 |
| Δa_s = −0.02 | -0.00543 | -0.00317 | +0.01001 | -1.842 | 0.0000 |
| Δa_s = −0.03 | -0.00815 | -0.00475 | +0.01495 | -1.834 | 0.0000 |
| λ → 0.9λ | -0.00163 | -0.00034 | +0.00514 | -3.152 | 0.0000 |

(a6) pure Δa = −0.015 at a = 0.8632: largest |residual| over the pool 0.0e+00.

## (b) W = 60 simulation: changes against the unperturbed pairs (common random numbers; mean ± SE)

3000 pairs, q ~ N(0, 0.3424) clipped to ±0.8, a = 0.85; runs of 840 samples after a burn-in of 200; 14 windows of 60; the other run an independent realisation. SE over pairs of each pair's 14-window mean; B's SE over the 14 windows.

Unperturbed AR(1) pairs, levels: observed sts +0.71753; AR(1)-substituted sts +0.78780; residual -0.07027; r₁ +0.78638; A_other -0.00291; A_same -0.00117; D -0.01137; B +0.06122.

| condition | pairs excluded | Δ observed sts | Δ AR(1)-substituted sts | Δ residual | Δ r₁ | Δ A_other | Δ A_same | Δ D | Δ B | residual change / Δr₁ |
|---|---|---|---|---|---|---|---|---|---|---|
| (i) Δa = −0.015 | 0 | -0.04240 ± 0.00011 | -0.04777 ± 0.00012 | +0.00537 ± 0.00009 | -0.01377 ± 0.00002 | +0.00001 ± 0.00004 | +0.00001 ± 0.00005 | +0.00015 ± 0.00007 | +0.00034 ± 0.00004 | -0.390 |
| (a1) δ = +0.02 | 0 | +0.00521 ± 0.00078 | -0.00457 ± 0.00035 | +0.00978 ± 0.00093 | -0.00092 ± 0.00004 | +0.00041 ± 0.00034 | +0.00017 ± 0.00034 | +0.00032 ± 0.00014 | +0.00045 ± 0.00010 | -10.628 |
| (a1) δ = −0.02 | 0 | +0.00608 ± 0.00079 | -0.00409 ± 0.00037 | +0.01016 ± 0.00095 | -0.00089 ± 0.00004 | +0.00059 ± 0.00034 | +0.00070 ± 0.00034 | +0.00041 ± 0.00013 | +0.00032 ± 0.00011 | -11.358 |
| (a2) δ = +0.01 × sign(q) | 0 | -0.01064 ± 0.00028 | +0.00290 ± 0.00015 | -0.01354 ± 0.00030 | -0.00023 ± 0.00002 | +0.00782 ± 0.00011 | +0.00781 ± 0.00010 | -0.00007 ± 0.00006 | +0.01661 ± 0.00010 | +58.914 |
| (a2) δ = −0.01 × sign(q) | 0 | +0.01339 ± 0.00033 | -0.00511 ± 0.00020 | +0.01850 ± 0.00038 | -0.00021 ± 0.00002 | -0.00748 ± 0.00010 | -0.00762 ± 0.00010 | +0.00039 ± 0.00014 | -0.01680 ± 0.00009 | -87.358 |
| (a3) c = +0.02, r₁ and q held | 0 | +0.00335 ± 0.00047 | -0.00342 ± 0.00028 | +0.00677 ± 0.00055 | -0.00069 ± 0.00004 | +0.00014 ± 0.00031 | -0.00008 ± 0.00031 | +0.00010 ± 0.00009 | -0.00004 ± 0.00008 | -9.879 |
| (a4) c = +0.02, B17's construction | 0 | -0.00011 ± 0.00040 | +0.00468 ± 0.00036 | -0.00479 ± 0.00065 | +0.00129 ± 0.00012 | +0.00387 ± 0.00034 | +0.00401 ± 0.00035 | +0.00003 ± 0.00007 | -0.00165 ± 0.00012 | -3.722 |
| (a4) c = -0.02, B17's construction | 0 | +0.00006 ± 0.00040 | +0.00552 ± 0.00038 | -0.00546 ± 0.00066 | +0.00134 ± 0.00012 | +0.00405 ± 0.00033 | +0.00440 ± 0.00034 | -0.00010 ± 0.00012 | -0.00191 ± 0.00010 | -4.074 |
| (a5) base, against the unperturbed AR(1) pairs (levels differ by construction) | 0 | -0.01423 | +0.00041 | -0.01464 | -0.00170 | +0.00793 | +0.00802 | -0.00027 | +0.02031 | — |
| (a5) Δa_s = −0.03 (against the (a5) base) | 0 | -0.01470 ± 0.00020 | -0.02489 ± 0.00038 | +0.01020 ± 0.00023 | -0.00642 ± 0.00010 | -0.00371 ± 0.00006 | -0.00377 ± 0.00006 | +0.00008 ± 0.00005 | -0.01066 ± 0.00007 | -1.587 |
| (a5) λ → 0.9λ (against the (a5) base) | 0 | +0.00354 ± 0.00016 | -0.00037 ± 0.00013 | +0.00391 ± 0.00012 | -0.00143 ± 0.00003 | -0.00010 ± 0.00005 | -0.00003 ± 0.00005 | +0.00019 ± 0.00008 | +0.01095 ± 0.00007 | -2.727 |

Predictions (pre-run entry): (a4) within 2 SE of Table 7's AR(1) rows (the review's −0.0049 and −0.0052 at c = +0.02 and −0.02); (a1) ±0.02 +0.0066 and +0.0064; (a2) +0.01 −0.0102 and −0.01 +0.0135; (i) +0.003 to +0.007.

## (c) Population CCS-sts (published mask) and MMI-sts on the symmetric AR(1) family

One series of 1000000 samples per point, fitted globally; the same two standard-normal streams at every point.

| r₁ | q | CCS-sts | MMI-sts (the fit) | MMI-sts (closed form) |
|---|---|---|---|---|
| 0.80 | 0.10 | -0.01535 | +1.01701 | +1.01844 |
| 0.83 | 0.10 | -0.01577 | +1.16230 | +1.16418 |
| 0.85 | 0.10 | -0.01597 | +1.27600 | +1.27831 |
| 0.87 | 0.10 | -0.01607 | +1.40763 | +1.41048 |
| 0.90 | 0.10 | -0.01585 | +1.65264 | +1.65666 |
| 0.80 | 0.25 | -0.03041 | +1.00004 | +1.00124 |
| 0.83 | 0.25 | -0.03135 | +1.14405 | +1.14564 |
| 0.85 | 0.25 | -0.03175 | +1.25689 | +1.25883 |
| 0.87 | 0.25 | -0.03189 | +1.38766 | +1.39005 |
| 0.90 | 0.25 | -0.03130 | +1.63141 | +1.63476 |
| 0.80 | 0.40 | -0.03412 | +0.96672 | +0.96764 |
| 0.83 | 0.40 | -0.03558 | +1.10804 | +1.10925 |
| 0.85 | 0.40 | -0.03613 | +1.21904 | +1.22051 |
| 0.87 | 0.40 | -0.03637 | +1.34795 | +1.34974 |
| 0.90 | 0.40 | -0.03547 | +1.58889 | +1.59133 |

Central-difference slope of CCS-sts in r₁ at q = 0.25 (0.83 to 0.87): -0.0134 per unit r₁ (MMI-sts from the same fits: +6.0903). Change of CCS-sts from Δa = −0.015 at (0.85, 0.25): +0.00034 (MMI-sts: -0.08607).

## (d) Exposure per unit of spectral difference: a flat band against the same band tilted by exp(−βf²), q = 0.25

| band | TR (s) | r₁ flat | β | Δr₁ | Δsts | Δsts / Δr₁ |
|---|---|---|---|---|---|---|
| 0.008–0.09 Hz | 2 | 0.7807 | 100 | +0.03759 | +0.1652 | +4.39 |
| 0.008–0.09 Hz | 2 | 0.7807 | 200 | +0.06887 | +0.3353 | +4.87 |
| 0.008–0.09 Hz | 2 | 0.7807 | 400 | +0.11319 | +0.6581 | +5.81 |
| 0.008–0.09 Hz | 1.838 | 0.8129 | 100 | +0.03221 | +0.1696 | +5.27 |
| 0.008–0.09 Hz | 1.838 | 0.8129 | 200 | +0.05900 | +0.3436 | +5.82 |
| 0.008–0.09 Hz | 1.838 | 0.8129 | 400 | +0.09690 | +0.6722 | +6.94 |
| 0.008–0.09 Hz | 0.72 | 0.9699 | 100 | +0.00528 | +0.1904 | +36.02 |
| 0.008–0.09 Hz | 0.72 | 0.9699 | 200 | +0.00966 | +0.3822 | +39.57 |
| 0.008–0.09 Hz | 0.72 | 0.9699 | 400 | +0.01581 | +0.7379 | +46.66 |
| 0.0025–0.05 Hz | 2 | 0.9321 | 100 | +0.00410 | +0.0599 | +14.61 |
| 0.0025–0.05 Hz | 2 | 0.9321 | 200 | +0.00800 | +0.1208 | +15.09 |
| 0.0025–0.05 Hz | 2 | 0.9321 | 400 | +0.01517 | +0.2440 | +16.09 |
| 0.0025–0.05 Hz | 2.4 | 0.9031 | 100 | +0.00583 | +0.0586 | +10.06 |
| 0.0025–0.05 Hz | 2.4 | 0.9031 | 200 | +0.01138 | +0.1182 | +10.39 |
| 0.0025–0.05 Hz | 2.4 | 0.9031 | 400 | +0.02157 | +0.2392 | +11.09 |
| 0.0025–0.05 Hz | 2.6 | 0.8868 | 100 | +0.00679 | +0.0579 | +8.52 |
| 0.0025–0.05 Hz | 2.6 | 0.8868 | 200 | +0.01326 | +0.1168 | +8.81 |
| 0.0025–0.05 Hz | 2.6 | 0.8868 | 400 | +0.02514 | +0.2364 | +9.40 |
| 0.0025–0.05 Hz | 3 | 0.8510 | 100 | +0.00890 | +0.0563 | +6.32 |
| 0.0025–0.05 Hz | 3 | 0.8510 | 200 | +0.01737 | +0.1136 | +6.54 |
| 0.0025–0.05 Hz | 3 | 0.8510 | 400 | +0.03295 | +0.2303 | +6.99 |
| 0.0025–0.05 Hz | 1.25 | 0.9732 | 100 | +0.00163 | +0.0617 | +37.86 |
| 0.0025–0.05 Hz | 1.25 | 0.9732 | 200 | +0.00318 | +0.1243 | +39.08 |
| 0.0025–0.05 Hz | 1.25 | 0.9732 | 400 | +0.00603 | +0.2508 | +41.62 |
| 0.01–0.1 Hz | 2 | 0.7301 | 100 | +0.05468 | +0.1926 | +3.52 |
| 0.01–0.1 Hz | 2 | 0.7301 | 200 | +0.09796 | +0.3908 | +3.99 |
| 0.01–0.1 Hz | 2 | 0.7301 | 400 | +0.15397 | +0.7517 | +4.88 |
| 0.01–0.1 Hz | 1 | 0.9284 | 100 | +0.01491 | +0.2249 | +15.08 |
| 0.01–0.1 Hz | 1 | 0.9284 | 200 | +0.02663 | +0.4497 | +16.89 |
| 0.01–0.1 Hz | 1 | 0.9284 | 400 | +0.04166 | +0.8477 | +20.35 |
| 0.01–0.1 Hz | 1.2 | 0.8978 | 100 | +0.02120 | +0.2201 | +10.38 |
| 0.01–0.1 Hz | 1.2 | 0.8978 | 200 | +0.03789 | +0.4410 | +11.64 |
| 0.01–0.1 Hz | 1.2 | 0.8978 | 400 | +0.05930 | +0.8334 | +14.05 |
| 0.01–0.08 Hz (this study) | 2 | 0.8174 | 100 | +0.02387 | +0.1257 | +5.27 |
| 0.01–0.08 Hz (this study) | 2 | 0.8174 | 200 | +0.04484 | +0.2549 | +5.68 |
| 0.01–0.08 Hz (this study) | 2 | 0.8174 | 400 | +0.07761 | +0.5071 | +6.53 |

## (e) Population Δr₁ and Δsts under condition (i)

Band-passed generator (B17b; β̄ = 185.4, σ_q = 0.2637, β̄_post = 105.7 from calibration_filtered_tables.md; filter edges 0.0064–0.080 Hz; 20000 pairs; exact circular lag-1 autocorrelation on the 840-sample grid): population r₁ 0.8678 → 0.8515 (Δr₁ -0.01629); population sts 1.3795 → 1.2669 (Δsts -0.11263).
AR(1) generator (B17's (i), simulated: calibration.csv holds no window-level r₁; 3000 pairs): population Δr₁ −0.015 by construction; window-level Δr₁ DiD (windows 6–14 minus 1–4, DMT minus placebo) -0.01243 ± 0.00101 (SE over pairs).

## (f) Unequal coefficients: mean a × q × |a_x − a_y| (0 to 0.10 in steps of 0.0005)

| mean a | q | max \|str − min(xtx, yty)\| | min(rts − str) | max(sts − (xtx + yty + rtr)) | asymmetry at which sts − (xtx + yty) first turns negative |
|---|---|---|---|---|---|
| 0.80 | 0.05 | 3.3e-16 | +0.0e+00 | -2.2e-16 | 0.0005 |
| 0.80 | 0.10 | 3.3e-16 | +1.1e-16 | +2.2e-16 | 0.0015 |
| 0.80 | 0.25 | 2.8e-16 | +0.0e+00 | +0.0e+00 | 0.0095 |
| 0.80 | 0.40 | 3.3e-16 | +0.0e+00 | -1.1e-16 | 0.0255 |
| 0.80 | 0.50 | 3.3e-16 | +0.0e+00 | +3.3e-16 | 0.0420 |
| 0.80 | 0.70 | 2.2e-16 | -1.1e-16 | +1.1e-16 | none |
| 0.85 | 0.05 | 4.4e-16 | +2.2e-16 | +0.0e+00 | 0.0005 |
| 0.85 | 0.10 | 4.4e-16 | +0.0e+00 | +0.0e+00 | 0.0015 |
| 0.85 | 0.25 | 4.4e-16 | +0.0e+00 | +0.0e+00 | 0.0080 |
| 0.85 | 0.40 | 4.4e-16 | +0.0e+00 | +0.0e+00 | 0.0210 |
| 0.85 | 0.50 | 3.3e-16 | +0.0e+00 | -2.2e-16 | 0.0345 |
| 0.85 | 0.70 | 3.3e-16 | -1.1e-16 | -2.2e-16 | 0.0915 |
| 0.90 | 0.05 | 5.6e-16 | +0.0e+00 | +2.2e-16 | 0.0005 |
| 0.90 | 0.10 | 5.6e-16 | +0.0e+00 | -6.7e-16 | 0.0010 |
| 0.90 | 0.25 | 5.6e-16 | +0.0e+00 | +0.0e+00 | 0.0060 |
| 0.90 | 0.40 | 5.6e-16 | -1.1e-16 | +4.4e-16 | 0.0150 |
| 0.90 | 0.50 | 5.6e-16 | +0.0e+00 | -2.2e-16 | 0.0250 |
| 0.90 | 0.70 | 4.4e-16 | -2.2e-16 | -4.4e-16 | 0.0680 |

## Checks

- ok: the copy of notes/partB19_exchange_rates.py l. 75–79 is verbatim (|difference| 0, tolerance 0)
- ok: the copy of notes/partB15_directed_crosslag.py l. 70–92 is verbatim (|difference| 0, tolerance 0)
- ok: the copy of notes/partB6_ccs_definition.py l. 51–80 is verbatim (|difference| 0, tolerance 0)
- ok: the copy of notes/partB17_calibration.py l. 67–86 is verbatim (|difference| 0, tolerance 0)
- ok: (a3) a = 0.85, c = 0.01: every grid solve holds r₁ and q to 1e-10 (|difference| 9.9e-13, tolerance 1e-10)
- ok: (a3) a = 0.85: residual(−0.01, −q) = residual(0.01, q) at q = -0.800 (|difference| 0, tolerance 1e-08)
- ok: (a3) a = 0.85: residual(−0.01, −q) = residual(0.01, q) at q = -0.400 (|difference| 0, tolerance 1e-08)
- ok: (a3) a = 0.85: residual(−0.01, −q) = residual(0.01, q) at q = +0.000 (|difference| 2.22e-15, tolerance 1e-08)
- ok: (a3) a = 0.85: residual(−0.01, −q) = residual(0.01, q) at q = +0.400 (|difference| 0, tolerance 1e-08)
- ok: (a3) a = 0.85: residual(−0.01, −q) = residual(0.01, q) at q = +0.800 (|difference| 0, tolerance 1e-08)
- ok: (a3) a = 0.85, c = +0.01 uniform: pool mean stable when the grid step is doubled (|difference| 1.55e-16, tolerance 1e-05)
- ok: (a3) a = 0.85, c = +0.01 aligned: pool mean stable when the grid step is doubled (|difference| 5.07e-15, tolerance 1e-05)
- ok: (a3) a = 0.85, c = -0.01 uniform: pool mean stable when the grid step is doubled (|difference| 2.87e-16, tolerance 1e-05)
- ok: (a3) a = 0.85, c = -0.01 aligned: pool mean stable when the grid step is doubled (|difference| 4.94e-15, tolerance 1e-05)
- ok: (a3) a = 0.85, c = 0.02: every grid solve holds r₁ and q to 1e-10 (|difference| 9.93e-13, tolerance 1e-10)
- ok: (a3) a = 0.85: residual(−0.02, −q) = residual(0.02, q) at q = -0.800 (|difference| 0, tolerance 1e-08)
- ok: (a3) a = 0.85: residual(−0.02, −q) = residual(0.02, q) at q = -0.400 (|difference| 0, tolerance 1e-08)
- ok: (a3) a = 0.85: residual(−0.02, −q) = residual(0.02, q) at q = +0.000 (|difference| 0, tolerance 1e-08)
- ok: (a3) a = 0.85: residual(−0.02, −q) = residual(0.02, q) at q = +0.400 (|difference| 0, tolerance 1e-08)
- ok: (a3) a = 0.85: residual(−0.02, −q) = residual(0.02, q) at q = +0.800 (|difference| 0, tolerance 1e-08)
- ok: (a3) a = 0.85, c = +0.02 uniform: pool mean stable when the grid step is doubled (|difference| 1.16e-16, tolerance 1e-05)
- ok: (a3) a = 0.85, c = +0.02 aligned: pool mean stable when the grid step is doubled (|difference| 1.03e-14, tolerance 1e-05)
- ok: (a3) a = 0.85, c = -0.02 uniform: pool mean stable when the grid step is doubled (|difference| 7.48e-16, tolerance 1e-05)
- ok: (a3) a = 0.85, c = -0.02 aligned: pool mean stable when the grid step is doubled (|difference| 9.7e-15, tolerance 1e-05)
- ok: (a4) a = 0.85: the batched Lyapunov matrix = coupled_corr4 (|difference| 3.33e-16, tolerance 1e-10)
- ok: (a5) a = 0.85: base r₁ = a (|difference| 1.11e-16, tolerance 1e-12)
- ok: (a6) a = 0.85: the residual of a pure Δa = −0.015 is zero (|difference| 0, tolerance 1e-12)
- ok: (a3) a = 0.8632, c = 0.01: every grid solve holds r₁ and q to 1e-10 (|difference| 9.95e-13, tolerance 1e-10)
- ok: (a3) a = 0.8632: residual(−0.01, −q) = residual(0.01, q) at q = -0.800 (|difference| 0, tolerance 1e-08)
- ok: (a3) a = 0.8632: residual(−0.01, −q) = residual(0.01, q) at q = -0.400 (|difference| 1.11e-15, tolerance 1e-08)
- ok: (a3) a = 0.8632: residual(−0.01, −q) = residual(0.01, q) at q = +0.000 (|difference| 0, tolerance 1e-08)
- ok: (a3) a = 0.8632: residual(−0.01, −q) = residual(0.01, q) at q = +0.400 (|difference| 0, tolerance 1e-08)
- ok: (a3) a = 0.8632: residual(−0.01, −q) = residual(0.01, q) at q = +0.800 (|difference| 0, tolerance 1e-08)
- ok: (a3) a = 0.8632, c = +0.01 uniform: pool mean stable when the grid step is doubled (|difference| 1.83e-16, tolerance 1e-05)
- ok: (a3) a = 0.8632, c = +0.01 aligned: pool mean stable when the grid step is doubled (|difference| 5.27e-15, tolerance 1e-05)
- ok: (a3) a = 0.8632, c = -0.01 uniform: pool mean stable when the grid step is doubled (|difference| 2.87e-16, tolerance 1e-05)
- ok: (a3) a = 0.8632, c = -0.01 aligned: pool mean stable when the grid step is doubled (|difference| 5.17e-15, tolerance 1e-05)
- ok: (a3) a = 0.8632, c = 0.02: every grid solve holds r₁ and q to 1e-10 (|difference| 9.88e-13, tolerance 1e-10)
- ok: (a3) a = 0.8632: residual(−0.02, −q) = residual(0.02, q) at q = -0.800 (|difference| 0, tolerance 1e-08)
- ok: (a3) a = 0.8632: residual(−0.02, −q) = residual(0.02, q) at q = -0.400 (|difference| 0, tolerance 1e-08)
- ok: (a3) a = 0.8632: residual(−0.02, −q) = residual(0.02, q) at q = +0.000 (|difference| 0, tolerance 1e-08)
- ok: (a3) a = 0.8632: residual(−0.02, −q) = residual(0.02, q) at q = +0.400 (|difference| 0, tolerance 1e-08)
- ok: (a3) a = 0.8632: residual(−0.02, −q) = residual(0.02, q) at q = +0.800 (|difference| 0, tolerance 1e-08)
- ok: (a3) a = 0.8632, c = +0.02 uniform: pool mean stable when the grid step is doubled (|difference| 1.82e-16, tolerance 1e-05)
- ok: (a3) a = 0.8632, c = +0.02 aligned: pool mean stable when the grid step is doubled (|difference| 1.06e-14, tolerance 1e-05)
- ok: (a3) a = 0.8632, c = -0.02 uniform: pool mean stable when the grid step is doubled (|difference| 7.37e-16, tolerance 1e-05)
- ok: (a3) a = 0.8632, c = -0.02 aligned: pool mean stable when the grid step is doubled (|difference| 1e-14, tolerance 1e-05)
- ok: (a4) a = 0.8632: the batched Lyapunov matrix = coupled_corr4 (|difference| 3.33e-16, tolerance 1e-10)
- ok: (a5) a = 0.8632: base r₁ = a (|difference| 2.22e-16, tolerance 1e-12)
- ok: (a6) a = 0.8632: the residual of a pure Δa = −0.015 is zero (|difference| 0, tolerance 1e-12)
- ok: (b) (a3) every per-pair solve holds r₁ and q to 1e-10 (|difference| 9.93e-13, tolerance 1e-10)
- ok: (d) 0.008–0.09 Hz TR 2.0: flat r₁ by quadrature = the closed formula (|difference| 0, tolerance 1e-10)
- ok: (d) 0.008–0.09 Hz TR 1.838: flat r₁ by quadrature = the closed formula (|difference| 2.22e-16, tolerance 1e-10)
- ok: (d) 0.008–0.09 Hz TR 0.72: flat r₁ by quadrature = the closed formula (|difference| 4.44e-16, tolerance 1e-10)
- ok: (d) 0.0025–0.05 Hz TR 2.0: flat r₁ by quadrature = the closed formula (|difference| 2.22e-16, tolerance 1e-10)
- ok: (d) 0.0025–0.05 Hz TR 2.4: flat r₁ by quadrature = the closed formula (|difference| 0, tolerance 1e-10)
- ok: (d) 0.0025–0.05 Hz TR 2.6: flat r₁ by quadrature = the closed formula (|difference| 3.33e-16, tolerance 1e-10)
- ok: (d) 0.0025–0.05 Hz TR 3.0: flat r₁ by quadrature = the closed formula (|difference| 0, tolerance 1e-10)
- ok: (d) 0.0025–0.05 Hz TR 1.25: flat r₁ by quadrature = the closed formula (|difference| 1.11e-16, tolerance 1e-10)
- ok: (d) 0.01–0.1 Hz TR 2.0: flat r₁ by quadrature = the closed formula (|difference| 1.11e-16, tolerance 1e-10)
- ok: (d) 0.01–0.1 Hz TR 1.0: flat r₁ by quadrature = the closed formula (|difference| 0, tolerance 1e-10)
- ok: (d) 0.01–0.1 Hz TR 1.2: flat r₁ by quadrature = the closed formula (|difference| 1.11e-16, tolerance 1e-10)
- ok: (d) 0.01–0.08 Hz (this study) TR 2.0: flat r₁ by quadrature = the closed formula (|difference| 1.11e-16, tolerance 1e-10)

## Predictions and rule (pre-run entry, B23)

Predictions: (a1) +0.0036 and +0.0037 at ±0.01, +0.0154 and +0.0158 at ±0.02; (a2) −0.0224 at +0.01 and +0.0297 at −0.01; (a3) +0.0029 at +0.01, +0.0102 at +0.02, +0.0070 at −0.02 (a 400-draw pool), the aligned version at first order; (a4) negative for either sign, about −22 δ_sym²; (a5) the residual rises as the shared component weakens, about −1.2 per unit Δr₁. (b) (a4) within 2 SE of Table 7's AR(1) rows; (a1) ±0.02 +0.0066 and +0.0064; (a2) +0.01 −0.0102, −0.01 +0.0135; (i) +0.003 to +0.007. (c) CCS-sts falls as r₁ rises at fixed q, slope at (0.85, 0.25) between −2 and −0.1. (d) Δsts within ±15 % across TR 0.72–2 s while Δr₁ varies about sevenfold (0.008–0.09 Hz: β = 100 +0.190/+0.165; 200 +0.382/+0.335; 400 +0.738/+0.658). (e) population Δr₁ −0.010 to −0.020, Δsts −0.08 to −0.15. (f) extremes zero to rounding; at a = 0.85 the sign change at about 0.008 (q 0.25), 0.035 (0.5), 0.09 (0.7); none within 0.10 at (0.80, 0.70). Several are values already computed on 22 Sep on other pools or designs (the pre-run entry lists them).
Rule: (a) and (b) replace the direction argument; (c) replaces "does not follow autocorrelation"; (d) replaces "most exposed dataset"; (e) completes Table 5's Δr₁ column; (f) replaces Results 1's two wrong statements (Finding 12).
   checks: 63 run, 0 failed
done (58s)
=== 2026-09-26 22:50:24  notes/partB24_bandpassed_expectations.py   -> notes/review_results/partB/bandpassed_expectations_run.log
git=c25a310
   generator: β̄ = 185.4, σ_q = 0.2637, β̄_post = 105.7; filter 0.0064–0.080 Hz
   replicate 1/20 (9s)
   replicate 2/20 (17s)
   replicate 3/20 (27s)
   replicate 4/20 (40s)
   replicate 5/20 (52s)
   replicate 6/20 (65s)
   replicate 7/20 (77s)
   replicate 8/20 (89s)
   replicate 9/20 (100s)
   replicate 10/20 (112s)
   replicate 11/20 (124s)
   replicate 12/20 (136s)
   replicate 13/20 (149s)
   replicate 14/20 (158s)
   replicate 15/20 (167s)
   replicate 16/20 (176s)
   replicate 17/20 (188s)
   replicate 18/20 (200s)
   replicate 19/20 (214s)
   replicate 20/20 (226s)
# The pure-autocorrelation expectations of the new statistics on the band-passed generator (partB24_bandpassed_expectations.py)
git=c25a310

B17b's generator at its solved parameters (β̄ = 185.4, σ_q = 0.2637, β̄_post = 105.7, read from calibration_filtered_tables.md; filter 0.0064–0.080 Hz), condition (i) only: 20 replicates × 14 subjects × 2 runs × 840 samples × 300 pairs, the DMT run spliced at sample 300. Seed 20261120. ± is the SD over replicates. DiD = windows 6–14 minus 1–4 (bins 11–28 minus 1–8), DMT minus placebo; level = the DMT pre-injection mean.

Checks: 10 run, 0 failed.

## The check against B17b's condition (i), W = 60

| DiD | B24 (mean ± SD) | B17b (committed) | within one of B17b's SDs |
|---|---|---|---|
| observed sts | -0.09441 ± 0.00222 | -0.09400 ± 0.00280 | yes |
| AR(1)-substituted sts | -0.09719 ± 0.00205 | -0.09660 ± 0.00270 | yes |
| residual | +0.00279 ± 0.00122 | +0.00270 ± 0.00140 | yes |
| RMS δ_anti | +0.00669 ± 0.00100 | +0.00641 ± 0.00104 | yes |

## B17b's statistics, condition (i)

| estimator | sts level (pre) | sts DiD | predicted DiD | residual DiD | residual p (mean; share < 0.05) | δ_sym DiD | RMS δ_anti DiD |
|---|---|---|---|---|---|---|---|
| W60 | 1.1881 | -0.0944 ± 0.0022 | -0.0972 ± 0.0020 | +0.0028 ± 0.0012 | 0.121; 0.70 | -0.00008 ± 0.00032 | +0.00669 ± 0.00100 |
| global (run-level prediction) | 1.3261 | -0.1050 ± 0.0031 | +0.0000 ± 0.0000 | -0.1050 ± 0.0031 | 0.000; 1.00 | — | — |
| global (period-level prediction) | 1.3261 | -0.1050 ± 0.0031 | -0.1091 ± 0.0028 | +0.0041 ± 0.0016 | 0.112; 0.50 | — | — |

## B22's statistics under a pure autocorrelation change (W = 60)

| statistic | DMT pre-injection level | DiD |
|---|---|---|
| A_other (sign from the other run) | -0.00028 ± 0.00019 | +0.00001 ± 0.00031 |
| A_same (sign from the same run) | -0.00001 ± 0.00018 | +0.00004 ± 0.00037 |
| window-sign statistic (selected) | +0.00340 ± 0.00015 | -0.00087 ± 0.00033 |
| B, slope of δ_sym on q | +0.01092 ± 0.00045 | -0.00263 ± 0.00077 |
| D, response to δ_anti alone | -0.03508 ± 0.00030 | -0.00100 ± 0.00041 |
| Sym, response to δ_sym alone | -0.00030 ± 0.00049 | +0.00373 ± 0.00092 |
| D + Sym | -0.03538 ± 0.00056 | +0.00273 ± 0.00114 |
| window-level mean pair r₁ | +0.86339 ± 0.00028 | -0.01540 ± 0.00035 |

Sym's DiD minus (the residual DiD − D's DiD): -0.00006 ± 0.00017.

## Checks

- ok: the filter edges = those in calibration_filtered_tables.md (printed precision) (|difference| 0, tolerance 1e-12)
- ok: the copy of notes/partB17b_calibration_filtered.py l. 81–88 is verbatim (|difference| 0, tolerance 0)
- ok: the copy of notes/partB17b_calibration_filtered.py l. 97–112 is verbatim (|difference| 0, tolerance 0)
- ok: the copy of notes/partB17b_calibration_filtered.py l. 135–150 is verbatim (|difference| 0, tolerance 0)
- ok: the copy of notes/partB17b_calibration_filtered.py l. 154–186 is verbatim (|difference| 0, tolerance 0)
- ok: the copy of notes/partB15_directed_crosslag.py l. 78–92 is verbatim (|difference| 0, tolerance 0)
- ok: (i) W60 sts DiD within one of B17b's replicate SDs of B17b's mean (-0.09400 ± 0.00280) (|difference| 0.000408, tolerance 0.003)
- ok: (i) W60 pred DiD within one of B17b's replicate SDs of B17b's mean (-0.09660 ± 0.00270) (|difference| 0.000595, tolerance 0.003)
- ok: (i) W60 res DiD within one of B17b's replicate SDs of B17b's mean (+0.00270 ± 0.00140) (|difference| 8.73e-05, tolerance 0.001)
- ok: (i) W60 anti DiD within one of B17b's replicate SDs of B17b's mean (+0.00641 ± 0.00104) (|difference| 0.000275, tolerance 0.001)

## Prediction and rule (pre-run entry, B24)

Prediction: the check passes; the A_other DiD within ±0.0005, the A_same DiD within ±0.001, the B DiD within ±0.003; the D DiD −0.002 to −0.006; Sym's DiD equal to the residual DiD minus D's within 0.001.
Rule: these are the pure-autocorrelation expectations against which B22's DiDs are read.
   checks: 10 run, 0 failed
done (226s)
=== 2026-09-26 22:54:10  scripts/15_figures_v2.py   -> results/run_15_figures_v2.log
wrote /home/vilalius/dmt-phiid/manuscript/figures/fig1_v2_scope_map.png
wrote /home/vilalius/dmt-phiid/manuscript/figures/fig2_v2_atoms_observed_substituted.png
wrote /home/vilalius/dmt-phiid/manuscript/figures/fig3_v2_per_subject.png
wrote /home/vilalius/dmt-phiid/manuscript/figures/fig4_v2_regional.png
wrote /home/vilalius/dmt-phiid/manuscript/figures/fig5_v2_residual_diagnostic.png
wrote /home/vilalius/dmt-phiid/manuscript/figures/fig6_v2_lag_dependence.png
wrote /home/vilalius/dmt-phiid/manuscript/figures/captions_v2.md
=== all done in 475 min
=== unit exit 0
